ts_code,trade_date,open,high,low,close,vol,amount
000001.SZ,20181206,10.36,10.37,10.23,10.25,578866.48,594649.682
000002.SZ,20181206,24.91,25.47,24.9,25.1,243022.82,611204.445
000004.SZ,20181206,16.76,17.1,16.64,16.77,6194.21,10434.145
000005.SZ,20181206,3.0,3.06,2.95,3.01,82415.01,24852.884
000006.SZ,20181206,5.59,5.77,5.55,5.64,198712.86,112413.806
000007.SZ,20181206,7.9,8.55,7.76,8.37,392170.78,320496.713
000008.SZ,20181206,3.98,4.0,3.91,3.91,138691.19,54509.776
000009.SZ,20181206,4.88,4.89,4.75,4.77,191582.28,92111.103
000010.SZ,20181206,4.06,4.08,4.02,4.06,50748.0,20534.466
000011.SZ,20181206,10.22,10.65,10.15,10.54,122358.65,128207.714
000012.SZ,20181206,4.26,4.26,4.19,4.19,67496.69,28429.204
000014.SZ,20181206,9.5,10.13,9.5,9.9,89889.51,88740.691
000016.SZ,20181206,3.74,3.77,3.67,3.7,64596.31,23995.048
000017.SZ,20181206,5.3,5.5,5.18,5.34,271513.96,145485.1
000018.SZ,20181206,2.6,2.6,2.47,2.48,289008.0,72853.739
000019.SZ,20181206,7.51,7.76,7.45,7.62,79768.2,60708.374
000020.SZ,20181206,11.2,12.32,11.12,12.32,70781.82,85667.119
000021.SZ,20181206,6.26,6.26,5.98,6.03,113607.38,68984.181
000022.SZ,20181206,17.18,17.44,17.05,17.06,17894.24,30686.181
000023.SZ,20181206,12.94,13.5,12.85,13.4,68386.23,90123.852
000025.SZ,20181206,27.14,28.69,26.84,27.91,77219.1,216652.178
000026.SZ,20181206,7.64,7.64,7.43,7.48,17792.53,13384.933
000027.SZ,20181206,5.32,5.34,5.27,5.31,47769.31,25324.34
000028.SZ,20181206,46.1,46.32,44.57,44.85,12122.92,54927.675
000030.SZ,20181206,4.1,4.1,4.01,4.05,68205.48,27684.378
000031.SZ,20181206,5.42,5.55,5.34,5.37,237981.89,129236.798
000032.SZ,20181206,7.44,7.57,7.31,7.4,23452.4,17418.257
000034.SZ,20181206,15.27,15.48,14.81,15.03,40573.25,61197.982
000035.SZ,20181206,4.76,4.83,4.68,4.69,56580.0,26775.982
000036.SZ,20181206,5.84,5.86,5.64,5.68,77748.05,44436.69
000037.SZ,20181206,5.02,5.09,4.98,5.03,18867.3,9496.215
000038.SZ,20181206,13.68,14.45,13.49,14.2,114006.82,159503.324
000039.SZ,20181206,11.41,11.43,11.03,11.07,62486.8,69893.199
000040.SZ,20181206,9.08,9.45,8.99,9.15,332810.73,306028.644
000042.SZ,20181206,12.23,12.26,12.02,12.11,14659.0,17790.764
000043.SZ,20181206,7.9,7.9,7.5,7.6,37154.27,28510.892
000045.SZ,20181206,6.07,6.3,6.0,6.07,54440.0,33357.661
000046.SZ,20181206,5.19,5.19,5.04,5.05,43417.73,22127.331
000048.SZ,20181206,20.25,20.4,19.55,19.58,10886.2,21469.238
000049.SZ,20181206,29.41,29.55,28.7,28.95,26897.87,78425.18
000050.SZ,20181206,10.6,10.68,10.34,10.35,150294.0,157843.033
000055.SZ,20181206,4.38,4.39,4.28,4.32,58043.24,25177.854
000056.SZ,20181206,5.68,5.72,5.59,5.59,83467.0,47083.011
000058.SZ,20181206,5.42,5.46,5.31,5.33,130979.07,70379.525
000059.SZ,20181206,6.27,6.27,6.17,6.18,71744.0,44524.604
000060.SZ,20181206,4.2,4.22,4.13,4.14,193611.48,80877.843
000061.SZ,20181206,4.98,5.03,4.93,4.95,47882.69,23832.251
000062.SZ,20181206,18.31,18.54,18.2,18.22,14907.66,27334.098
000063.SZ,20181206,19.88,20.29,19.5,19.89,2075563.61,4130673.33
000065.SZ,20181206,8.79,8.86,8.62,8.65,28417.58,24769.091
000066.SZ,20181206,5.45,5.48,5.36,5.39,223306.43,120957.816
000068.SZ,20181206,3.61,3.66,3.45,3.5,238404.38,84764.02
000069.SZ,20181206,6.05,6.05,5.93,5.97,123845.0,74033.22
000070.SZ,20181206,7.33,7.41,7.14,7.14,63069.22,45754.785
000078.SZ,20181206,3.4,3.43,3.29,3.3,262355.76,87656.807
000088.SZ,20181206,5.24,5.24,5.12,5.12,51016.78,26311.292
000089.SZ,20181206,7.92,7.95,7.8,7.84,31540.38,24750.38
000090.SZ,20181206,5.15,5.17,5.06,5.08,49603.9,25324.893
000096.SZ,20181206,9.35,9.42,9.23,9.32,5374.0,5013.874
000099.SZ,20181206,6.05,6.07,5.91,5.97,32142.66,19238.148
000100.SZ,20181206,2.51,2.52,2.48,2.49,475421.93,118721.391
000150.SZ,20181206,13.82,14.1,13.71,14.0,118570.02,165003.95
000151.SZ,20181206,11.39,11.51,11.23,11.4,69033.36,78600.414
000153.SZ,20181206,6.13,6.15,5.86,5.87,38474.89,22933.717
000155.SZ,20181206,4.03,4.05,3.94,3.98,71574.0,28588.016
000156.SZ,20181206,9.02,9.08,8.81,8.83,72792.24,64950.751
000157.SZ,20181206,3.73,3.73,3.65,3.65,206127.41,75817.813
000158.SZ,20181206,5.56,5.65,5.32,5.38,57844.4,31472.687
000159.SZ,20181206,4.46,4.56,4.37,4.52,83588.4,37284.993
000166.SZ,20181206,4.5,4.5,4.42,4.43,184040.88,81819.425
000301.SZ,20181206,5.48,5.54,5.43,5.49,44130.84,24169.993
000333.SZ,20181206,39.21,39.72,38.88,38.96,212691.18,833847.745
000338.SZ,20181206,7.66,7.68,7.59,7.6,218262.7,166528.464
000400.SZ,20181206,8.94,8.94,8.7,8.73,58209.0,51141.646
000401.SZ,20181206,12.99,13.37,12.76,12.8,463212.52,600598.647
000402.SZ,20181206,6.89,6.92,6.76,6.77,38424.94,26146.206
000403.SZ,20181206,26.39,26.45,25.8,26.08,5814.12,15195.298
000404.SZ,20181206,4.17,4.19,4.06,4.07,45179.26,18546.139
000407.SZ,20181206,4.02,4.06,3.95,3.97,82806.31,33106.125
000408.SZ,20181206,11.45,11.45,11.19,11.2,24713.0,27925.939
000409.SZ,20181206,5.13,5.2,5.1,5.12,20878.53,10717.855
000410.SZ,20181206,6.63,6.8,6.57,6.6,66314.03,44165.558
000411.SZ,20181206,12.93,13.13,12.74,13.05,16450.1,21296.077
000413.SZ,20181206,4.79,4.8,4.72,4.73,323617.94,153866.332
000415.SZ,20181206,3.91,3.91,3.77,3.78,254521.0,97514.931
000416.SZ,20181206,4.53,4.65,4.49,4.51,82402.08,37504.626
000417.SZ,20181206,4.86,4.86,4.78,4.78,16920.0,8123.398
000418.SZ,20181206,46.75,46.95,45.33,45.75,18248.52,83765.615
000419.SZ,20181206,4.58,4.6,4.48,4.52,29401.49,13316.598
000420.SZ,20181206,2.02,2.03,1.99,2.0,68070.03,13651.348
000421.SZ,20181206,4.76,4.79,4.71,4.73,37264.88,17720.234
000422.SZ,20181206,2.82,2.89,2.8,2.82,91800.9,26057.61
000423.SZ,20181206,45.75,46.0,44.7,44.7,25304.05,114361.731
000425.SZ,20181206,3.38,3.38,3.33,3.34,237567.4,79599.96
000426.SZ,20181206,5.11,5.16,5.04,5.04,134090.01,68173.41
000428.SZ,20181206,2.83,2.83,2.77,2.77,17406.0,4857.871
000429.SZ,20181206,7.68,7.73,7.61,7.67,14045.31,10764.753
000430.SZ,20181206,5.81,5.82,5.58,5.6,33636.0,19076.097
000488.SZ,20181206,6.18,6.22,6.08,6.08,204524.15,125442.104
000498.SZ,20181206,4.92,5.05,4.92,4.94,93931.19,46652.069
000501.SZ,20181206,10.13,10.13,9.94,10.02,36375.19,36472.812
000502.SZ,20181206,7.92,7.96,7.77,7.79,10276.97,8080.137
000503.SZ,20181206,18.51,18.65,17.11,17.58,216639.2,386895.533
000504.SZ,20181206,13.36,13.36,12.75,12.9,12040.06,15666.213
000505.SZ,20181206,6.96,6.96,6.57,6.62,180648.77,121508.634
000506.SZ,20181206,3.79,3.82,3.67,3.77,292610.78,109558.464
000507.SZ,20181206,7.26,7.26,7.14,7.15,100562.68,72218.01
000509.SZ,20181206,3.11,3.12,3.04,3.08,141140.0,43359.335
000510.SZ,20181206,4.49,4.63,4.44,4.46,68675.7,30916.558
000513.SZ,20181206,33.68,33.79,30.66,31.18,102414.87,327643.442
000514.SZ,20181206,3.98,4.15,3.95,4.01,38298.42,15450.795
000516.SZ,20181206,5.13,5.18,5.08,5.08,87311.82,44675.473
000517.SZ,20181206,2.42,2.43,2.36,2.38,82072.27,19631.774
000518.SZ,20181206,3.8,3.82,3.73,3.75,24126.86,9113.123
000519.SZ,20181206,6.89,7.03,6.84,6.99,215324.86,149499.46
000520.SZ,20181206,3.07,3.12,3.05,3.06,62462.66,19212.351
000521.SZ,20181206,3.4,3.44,3.25,3.28,273437.05,90936.874
000523.SZ,20181206,4.37,4.38,4.25,4.27,26879.57,11569.596
000524.SZ,20181206,7.57,7.62,7.47,7.47,6373.0,4805.371
000525.SZ,20181206,14.57,14.57,14.33,14.37,14253.0,20520.586
000526.SZ,20181206,20.38,20.77,19.98,20.0,17102.84,34855.971
000528.SZ,20181206,6.89,6.91,6.74,6.78,192058.38,130875.08
000529.SZ,20181206,4.9,5.15,4.85,5.03,41984.02,21112.885
000530.SZ,20181206,3.65,3.71,3.57,3.6,377538.79,137012.686
000531.SZ,20181206,5.23,5.24,5.11,5.16,9131.61,4718.521
000532.SZ,20181206,10.14,10.25,10.01,10.08,123017.41,124547.148
000533.SZ,20181206,3.27,3.3,3.21,3.24,179911.0,58467.428
000534.SZ,20181206,10.38,10.43,10.31,10.32,4080.0,4231.709
000536.SZ,20181206,2.25,2.25,2.2,2.2,228046.2,50531.023
000537.SZ,20181206,7.78,7.78,7.53,7.54,60574.84,46273.23
000538.SZ,20181206,75.8,77.5,74.33,75.02,56694.69,429926.983
000539.SZ,20181206,4.11,4.13,4.06,4.08,38565.33,15787.254
000541.SZ,20181206,5.46,5.47,5.37,5.4,34364.06,18619.667
000543.SZ,20181206,4.81,4.88,4.78,4.84,150128.63,72620.561
000544.SZ,20181206,5.37,5.45,5.27,5.28,50245.08,26899.696
000545.SZ,20181206,3.77,3.77,3.63,3.65,62157.5,22969.269
000546.SZ,20181206,8.7,8.81,8.64,8.72,12478.4,10865.468
000547.SZ,20181206,8.29,8.36,8.13,8.14,89158.11,73271.444
000548.SZ,20181206,4.68,4.73,4.59,4.59,66967.03,31104.837
000550.SZ,20181206,10.98,11.18,10.9,11.1,24689.45,27245.246
000551.SZ,20181206,5.87,5.87,5.72,5.76,24051.96,13916.955
000552.SZ,20181206,2.78,2.78,2.74,2.75,69722.0,19249.263
000553.SZ,20181206,10.38,10.4,10.07,10.12,28364.0,28883.239
000554.SZ,20181206,5.22,5.22,5.08,5.09,42680.36,21930.931
000555.SZ,20181206,10.4,10.45,10.16,10.2,79697.92,81980.282
000557.SZ,20181206,3.8,3.83,3.73,3.74,81471.88,30705.423
000558.SZ,20181206,3.17,3.21,3.11,3.11,89763.85,28330.837
000559.SZ,20181206,5.69,5.69,5.56,5.58,57478.68,32167.177
000560.SZ,20181206,5.49,5.52,5.41,5.45,33079.54,18077.801
000561.SZ,20181206,6.11,6.14,5.9,6.0,55548.32,33490.409
000563.SZ,20181206,2.92,2.93,2.87,2.87,122475.54,35373.644
000564.SZ,20181206,2.9,2.94,2.84,2.84,248342.6,71747.279
000565.SZ,20181206,4.77,4.8,4.68,4.74,27948.13,13238.082
000566.SZ,20181206,6.25,6.36,6.11,6.13,149353.48,92810.852
000567.SZ,20181206,12.3,12.38,12.07,12.13,29656.0,36179.511
000568.SZ,20181206,43.0,43.5,42.26,42.28,93892.94,401717.104
000570.SZ,20181206,4.06,4.07,4.01,4.02,17321.0,6997.054
000571.SZ,20181206,3.64,3.97,3.61,3.94,748306.1,284292.695
000572.SZ,20181206,2.59,2.63,2.48,2.48,312520.97,79256.399
000573.SZ,20181206,3.27,3.28,3.23,3.26,26688.46,8686.495
000576.SZ,20181206,7.37,7.5,7.15,7.18,217315.25,158417.847
000581.SZ,20181206,18.88,18.88,18.55,18.56,31038.07,57880.326
000582.SZ,20181206,9.01,9.16,8.89,9.04,76791.42,69314.529
000584.SZ,20181206,7.33,7.42,7.14,7.15,50198.9,36441.579
000585.SZ,20181206,2.19,2.24,2.17,2.19,106600.67,23441.67
000586.SZ,20181206,8.5,8.51,8.12,8.13,38217.0,31673.835
000587.SZ,20181206,2.72,2.77,2.71,2.72,240212.0,65796.455
000589.SZ,20181206,3.67,3.68,3.58,3.62,58584.86,21262.253
000590.SZ,20181206,7.83,7.9,7.72,7.89,15792.79,12355.372
000591.SZ,20181206,3.32,3.41,3.3,3.33,272532.82,91564.632
000592.SZ,20181206,3.02,3.06,2.96,2.96,267209.2,80014.6
000593.SZ,20181206,7.81,8.1,7.81,7.93,86581.7,68864.35
000595.SZ,20181206,3.05,3.14,3.03,3.04,65288.28,20057.523
000596.SZ,20181206,59.01,59.88,58.07,58.39,27036.22,158688.617
000597.SZ,20181206,11.49,11.71,11.33,11.4,20203.92,23205.351
000598.SZ,20181206,4.25,4.29,4.18,4.2,153509.1,65018.338
000599.SZ,20181206,4.07,4.07,3.97,3.97,23703.0,9509.967
000600.SZ,20181206,5.1,5.2,5.06,5.06,99756.86,50988.265
000601.SZ,20181206,4.06,4.07,3.96,3.99,35157.01,14075.376
000603.SZ,20181206,9.07,9.2,8.86,8.94,110893.33,99854.036
000605.SZ,20181206,9.06,9.45,8.96,9.21,79828.95,73485.94
000606.SZ,20181206,6.74,7.24,6.74,7.06,184289.62,130302.283
000607.SZ,20181206,5.55,5.55,4.99,5.0,498618.76,262731.194
000608.SZ,20181206,5.06,5.07,4.93,4.99,28844.77,14425.524
000609.SZ,20181206,5.54,5.57,5.4,5.42,51151.0,27959.437
000610.SZ,20181206,7.08,7.13,6.85,6.93,180082.22,126564.283
000611.SZ,20181206,6.92,7.05,6.68,6.68,10200.0,6924.669
000612.SZ,20181206,4.24,4.26,4.16,4.2,31941.61,13460.349
000613.SZ,20181206,7.87,8.19,7.74,7.9,243704.43,193851.076
000615.SZ,20181206,5.75,5.91,5.69,5.86,343148.31,199287.965
000616.SZ,20181206,2.91,2.93,2.86,2.88,144359.0,41729.895
000617.SZ,20181206,11.08,11.1,10.93,11.03,11086.04,12222.668
000619.SZ,20181206,5.75,5.77,5.65,5.66,16877.0,9648.184
000620.SZ,20181206,4.13,4.15,4.05,4.09,44579.2,18210.432
000622.SZ,20181206,7.26,7.55,7.05,7.23,581943.8,426866.905
000623.SZ,20181206,15.49,15.51,14.95,15.08,109439.36,166012.416
000625.SZ,20181206,6.32,6.35,6.24,6.25,82086.16,51586.235
000626.SZ,20181206,7.21,7.21,6.94,7.04,30095.07,21299.644
000627.SZ,20181206,6.11,6.17,6.05,6.12,55343.45,33760.453
000628.SZ,20181206,10.28,10.56,10.1,10.13,76523.2,78749.418
000629.SZ,20181206,3.41,3.42,3.35,3.35,636231.23,215048.872
000630.SZ,20181206,2.07,2.07,2.04,2.05,272098.66,55916.177
000631.SZ,20181206,3.1,3.11,3.05,3.07,47181.87,14533.064
000632.SZ,20181206,4.32,4.43,4.28,4.3,122524.12,53376.374
000633.SZ,20181206,4.69,4.73,4.54,4.6,59603.0,27648.206
000635.SZ,20181206,9.02,9.2,8.93,9.0,34718.0,31411.362
000636.SZ,20181206,11.92,12.65,11.74,12.32,764427.52,941166.23
000637.SZ,20181206,4.13,4.29,4.09,4.11,51122.45,21383.302
000638.SZ,20181206,5.52,5.9,5.46,5.77,110401.02,63070.598
000639.SZ,20181206,7.38,7.5,7.33,7.36,40053.6,29652.828
000650.SZ,20181206,6.93,6.97,6.62,6.65,250874.57,169806.1
000651.SZ,20181206,36.95,36.97,36.41,36.5,637737.79,2334525.957
000652.SZ,20181206,3.59,3.76,3.37,3.42,648524.56,230877.544
000655.SZ,20181206,3.51,3.54,3.44,3.47,32087.6,11204.129
000656.SZ,20181206,5.92,6.05,5.86,5.97,194174.16,115603.024
000657.SZ,20181206,5.84,5.95,5.8,5.81,61187.84,35848.686
000659.SZ,20181206,4.26,4.31,4.19,4.24,163387.5,69278.677
000661.SZ,20181206,204.99,208.0,194.21,197.2,22539.78,449321.922
000662.SZ,20181206,7.35,7.44,7.16,7.19,62904.86,45866.782
000663.SZ,20181206,6.77,6.77,6.58,6.6,11318.36,7528.744
000665.SZ,20181206,7.82,7.87,7.6,7.66,62667.0,48260.383
000666.SZ,20181206,12.31,12.39,12.03,12.16,96533.58,117811.58
000667.SZ,20181206,2.52,2.53,2.49,2.5,111246.57,27788.512
000668.SZ,20181206,10.98,10.98,10.55,10.65,8697.69,9309.406
000669.SZ,20181206,7.3,7.55,7.2,7.39,357013.92,263928.984
000670.SZ,20181206,3.63,3.93,3.62,3.83,498535.74,189274.198
000671.SZ,20181206,5.6,5.63,5.55,5.6,106810.44,59738.812
000672.SZ,20181206,9.0,9.03,8.89,8.89,63486.31,56762.242
000673.SZ,20181206,5.63,5.68,5.36,5.36,262969.0,144352.512
000676.SZ,20181206,10.1,10.13,9.86,9.96,33336.17,33261.0
000677.SZ,20181206,3.0,3.16,2.94,2.95,146063.03,44486.774
000678.SZ,20181206,5.52,5.55,5.4,5.4,16826.11,9155.527
000679.SZ,20181206,4.43,4.43,4.26,4.27,24253.0,10485.498
000680.SZ,20181206,3.49,3.51,3.45,3.45,56988.0,19779.188
000681.SZ,20181206,26.5,26.77,25.99,26.15,32124.05,84475.784
000682.SZ,20181206,3.55,3.66,3.54,3.59,57378.96,20657.921
000683.SZ,20181206,2.46,2.46,2.42,2.42,149549.23,36413.875
000685.SZ,20181206,7.21,7.22,7.14,7.14,37323.51,26797.765
000686.SZ,20181206,6.95,7.03,6.87,6.88,101664.22,70440.785
000687.SZ,20181206,7.2,7.25,7.0,7.03,47929.0,34025.528
000688.SZ,20181206,11.72,11.79,11.62,11.76,25673.15,30048.433
000690.SZ,20181206,7.01,7.04,6.89,6.89,56563.0,39267.72
000691.SZ,20181206,4.33,4.34,4.19,4.22,62961.61,26829.747
000692.SZ,20181206,2.96,2.99,2.91,2.92,25565.4,7526.904
000695.SZ,20181206,9.56,9.72,9.44,9.44,5218.62,4975.411
000697.SZ,20181206,12.92,13.15,12.77,12.9,40609.54,52535.32
000698.SZ,20181206,4.06,4.06,3.97,3.97,25291.82,10150.653
000700.SZ,20181206,3.42,3.44,3.34,3.35,40098.0,13559.082
000701.SZ,20181206,6.75,6.77,6.55,6.61,45759.24,30351.051
000702.SZ,20181206,5.73,5.79,5.54,5.59,14913.02,8429.368
000703.SZ,20181206,12.34,12.34,11.96,12.0,113491.7,137046.847
000705.SZ,20181206,6.58,6.6,6.42,6.43,23776.02,15408.437
000707.SZ,20181206,3.01,3.16,2.98,3.05,125625.01,38583.93
000708.SZ,20181206,9.43,9.43,9.14,9.15,26581.95,24566.036
000709.SZ,20181206,3.0,3.0,2.95,2.95,293642.36,87317.387
000710.SZ,20181206,36.3,36.49,34.71,34.88,14386.81,50966.65
000712.SZ,20181206,10.16,10.21,9.91,9.97,77844.01,78082.098
000713.SZ,20181206,5.07,5.07,4.92,4.95,35037.16,17437.167
000715.SZ,20181206,6.42,6.42,6.24,6.25,11928.0,7528.739
000716.SZ,20181206,3.23,3.26,3.15,3.16,52220.0,16735.236
000717.SZ,20181206,5.2,5.23,5.11,5.12,258855.39,133603.505
000718.SZ,20181206,3.17,3.19,3.14,3.15,72722.37,23016.854
000719.SZ,20181206,7.92,7.92,7.7,7.8,18006.2,13991.654
000720.SZ,20181206,3.52,3.56,3.5,3.53,22709.0,8010.035
000721.SZ,20181206,4.31,4.34,4.21,4.22,50577.0,21548.028
000722.SZ,20181206,6.57,6.76,6.4,6.4,391771.16,254028.571
000723.SZ,20181206,3.62,3.66,3.59,3.59,147656.85,53415.302
000725.SZ,20181206,2.77,2.79,2.73,2.74,2654656.2,731499.374
000726.SZ,20181206,9.6,9.61,9.43,9.43,18374.1,17447.102
000727.SZ,20181206,1.6,1.61,1.56,1.56,240185.62,37920.371
000728.SZ,20181206,7.9,7.9,7.67,7.74,242686.18,188337.419
000729.SZ,20181206,5.75,5.75,5.65,5.66,39199.56,22326.779
000731.SZ,20181206,5.45,5.48,5.34,5.37,50326.04,27179.202
000732.SZ,20181206,15.55,15.55,15.22,15.33,53977.03,82772.523
000733.SZ,20181206,11.96,12.25,11.85,12.06,84535.43,102497.605
000735.SZ,20181206,9.68,10.26,9.51,9.95,2317326.59,2287715.321
000736.SZ,20181206,8.23,8.23,8.1,8.11,27659.86,22520.013
000737.SZ,20181206,2.97,3.08,2.94,2.97,31038.0,9295.965
000738.SZ,20181206,12.51,12.67,12.33,12.33,49573.65,61890.936
000739.SZ,20181206,9.13,9.13,8.24,8.24,210784.0,180921.644
000750.SZ,20181206,4.28,4.3,4.17,4.23,872195.13,369269.737
000751.SZ,20181206,3.04,3.04,2.99,3.0,83258.96,25107.751
000752.SZ,20181206,7.43,7.49,7.32,7.34,28832.04,21344.93
000753.SZ,20181206,3.14,3.16,3.08,3.08,128858.39,40095.932
000755.SZ,20181206,4.24,4.29,4.2,4.22,19586.0,8300.923
000756.SZ,20181206,6.55,6.57,6.36,6.42,26873.81,17350.176
000757.SZ,20181206,5.2,5.31,5.19,5.23,55066.83,28974.297
000758.SZ,20181206,3.96,3.98,3.91,3.93,73625.07,28999.481
000759.SZ,20181206,5.74,5.76,5.62,5.63,34760.41,19704.234
000760.SZ,20181206,3.87,3.9,3.76,3.76,189339.08,72396.615
000761.SZ,20181206,3.76,3.79,3.66,3.67,34654.34,12866.395
000762.SZ,20181206,7.93,8.0,7.82,7.84,46767.13,36925.176
000766.SZ,20181206,8.18,8.35,8.07,8.14,63874.01,52320.851
000767.SZ,20181206,2.7,2.7,2.63,2.66,73071.22,19424.331
000768.SZ,20181206,14.81,15.1,14.75,14.79,114924.13,171489.499
000776.SZ,20181206,13.71,13.71,13.35,13.39,199160.0,268830.875
000777.SZ,20181206,11.17,11.32,11.1,11.18,34639.55,38764.773
000778.SZ,20181206,4.51,4.52,4.45,4.46,114963.41,51459.354
000779.SZ,20181206,9.45,9.53,9.28,9.28,18377.27,17246.89
000780.SZ,20181206,3.3,3.31,3.25,3.26,15741.86,5160.534
000782.SZ,20181206,4.84,4.84,4.67,4.7,24714.73,11724.943
000783.SZ,20181206,5.75,5.78,5.57,5.6,318140.38,180076.225
000785.SZ,20181206,7.18,7.35,7.06,7.18,37317.46,26876.431
000786.SZ,20181206,15.78,15.88,15.43,15.5,94558.47,147634.569
000788.SZ,20181206,5.76,6.0,5.7,5.75,91432.68,53446.436
000789.SZ,20181206,11.81,11.96,11.72,11.8,87912.09,104185.402
000790.SZ,20181206,4.93,5.08,4.81,4.84,190285.99,94126.734
000791.SZ,20181206,5.1,5.15,5.05,5.06,66937.7,34049.518
000792.SZ,20181206,8.35,8.58,8.27,8.33,143708.54,120843.801
000793.SZ,20181206,3.55,3.61,3.44,3.46,403934.85,141918.667
000795.SZ,20181206,4.04,4.11,3.96,3.98,116903.0,46926.583
000796.SZ,20181206,7.81,8.1,7.8,7.91,89435.13,71190.573
000797.SZ,20181206,4.75,4.78,4.68,4.76,37477.36,17694.575
000798.SZ,20181206,5.74,5.74,5.58,5.63,13521.0,7649.114
000799.SZ,20181206,17.82,18.06,17.5,17.65,102145.97,181212.147
000800.SZ,20181206,7.5,7.64,7.4,7.44,86626.64,64911.141
000801.SZ,20181206,4.6,4.75,4.55,4.72,177978.53,83264.502
000802.SZ,20181206,10.89,11.17,10.81,10.9,73614.52,80771.056
000803.SZ,20181206,14.04,14.14,13.86,13.94,3916.0,5454.66
000806.SZ,20181206,4.95,5.05,4.67,4.68,598948.58,288525.336
000807.SZ,20181206,4.25,4.26,4.15,4.17,298673.97,125451.987
000809.SZ,20181206,2.61,2.61,2.55,2.55,28261.49,7281.607
000810.SZ,20181206,6.41,6.44,6.15,6.25,90624.39,56954.398
000811.SZ,20181206,5.48,5.53,5.37,5.38,63815.41,34626.986
000812.SZ,20181206,3.98,4.01,3.92,3.99,106341.08,42217.08
000813.SZ,20181206,9.49,9.57,9.29,9.48,65723.0,62185.388
000815.SZ,20181206,7.37,7.37,7.18,7.24,19006.0,13809.937
000816.SZ,20181206,1.54,1.63,1.5,1.57,475874.61,74670.771
000818.SZ,20181206,9.89,10.22,9.82,9.95,110346.0,110776.338
000819.SZ,20181206,10.02,10.15,9.92,10.02,31974.52,32034.686
000820.SZ,20181206,6.95,6.96,6.64,6.68,96943.23,65900.22
000821.SZ,20181206,8.8,8.94,8.72,8.75,65675.98,57823.303
000822.SZ,20181206,5.39,5.39,5.22,5.29,112557.88,59540.747
000823.SZ,20181206,7.53,7.63,7.37,7.39,113992.64,85226.642
000825.SZ,20181206,4.66,4.66,4.58,4.58,235091.85,108396.955
000826.SZ,20181206,11.06,11.06,10.7,10.72,83695.21,91096.125
000828.SZ,20181206,7.59,7.61,7.45,7.52,16647.59,12516.389
000829.SZ,20181206,6.28,6.28,5.94,5.96,94296.75,57091.644
000830.SZ,20181206,11.15,11.2,11.01,11.02,210052.03,232911.581
000831.SZ,20181206,9.4,9.49,9.28,9.28,75300.03,70437.34
000833.SZ,20181206,5.03,5.04,4.95,4.96,21091.04,10533.538
000835.SZ,20181206,4.61,4.69,4.56,4.6,51533.0,23858.244
000836.SZ,20181206,4.28,4.29,4.06,4.1,148140.79,61512.545
000837.SZ,20181206,4.25,4.31,4.2,4.2,37136.37,15735.465
000838.SZ,20181206,3.18,3.21,3.12,3.13,35784.0,11288.09
000839.SZ,20181206,3.8,3.83,3.69,3.69,397879.25,148259.448
000848.SZ,20181206,8.16,8.18,8.01,8.09,39301.2,31763.174
000850.SZ,20181206,3.55,3.56,3.41,3.47,46279.01,16124.398
000851.SZ,20181206,4.63,4.7,4.46,4.5,124604.43,57128.671
000852.SZ,20181206,8.59,8.79,8.38,8.42,79160.61,67744.842
000856.SZ,20181206,15.7,16.55,15.5,15.67,304413.55,487139.322
000858.SZ,20181206,54.05,54.46,52.73,53.0,299608.36,1601536.564
000859.SZ,20181206,3.2,3.2,3.08,3.09,43744.7,13627.662
000860.SZ,20181206,35.8,36.4,35.16,35.38,54733.09,194862.424
000861.SZ,20181206,2.65,2.65,2.61,2.62,22253.38,5830.058
000862.SZ,20181206,3.38,3.39,3.31,3.34,54171.94,18124.817
000863.SZ,20181206,4.07,4.13,3.99,4.02,20406.0,8270.427
000868.SZ,20181206,4.02,4.02,3.9,3.93,104844.42,41385.412
000869.SZ,20181206,27.7,27.79,27.3,27.42,13351.66,36724.522
000875.SZ,20181206,2.64,2.65,2.61,2.62,60580.0,15910.951
000876.SZ,20181206,7.47,7.47,7.25,7.27,238883.25,175279.688
000877.SZ,20181206,7.76,7.86,7.62,7.68,102308.15,79266.868
000878.SZ,20181206,8.34,8.36,8.25,8.26,60013.08,49738.628
000880.SZ,20181206,7.49,7.62,7.44,7.47,5731.72,4301.604
000881.SZ,20181206,7.4,7.46,7.27,7.3,23248.0,17086.815
000882.SZ,20181206,2.44,2.44,2.37,2.38,118797.94,28522.538
000883.SZ,20181206,3.67,3.68,3.63,3.64,53181.56,19466.371
000885.SZ,20181206,8.09,8.19,8.04,8.05,23467.0,19032.482
000886.SZ,20181206,4.09,4.21,4.03,4.1,200008.08,82397.172
000887.SZ,20181206,10.85,10.98,10.7,10.76,53476.07,57867.378
000888.SZ,20181206,6.04,6.05,5.88,5.91,41647.63,24802.656
000889.SZ,20181206,11.78,11.86,11.51,11.75,5999.0,7012.244
000890.SZ,20181206,4.96,4.98,4.79,4.81,16339.0,7969.862
000892.SZ,20181206,4.98,5.02,4.8,4.85,30221.0,14746.057
000893.SZ,20181206,4.17,4.3,4.13,4.17,27936.98,11749.625
000895.SZ,20181206,23.8,23.99,23.13,23.49,100284.58,236116.126
000897.SZ,20181206,2.59,2.64,2.57,2.58,116175.44,30306.643
000898.SZ,20181206,5.58,5.58,5.48,5.51,198563.73,109702.377
000899.SZ,20181206,4.44,4.45,4.35,4.37,18720.17,8229.551
000900.SZ,20181206,4.23,4.24,4.15,4.16,99100.5,41386.138
000901.SZ,20181206,10.15,10.21,9.9,9.93,82631.19,83060.143
000902.SZ,20181206,9.42,9.47,9.27,9.36,44834.1,41982.367
000903.SZ,20181206,2.68,2.71,2.65,2.66,69736.0,18654.194
000905.SZ,20181206,6.71,6.77,6.6,6.61,34356.0,22886.478
000906.SZ,20181206,5.34,5.39,5.23,5.25,23725.3,12637.004
000908.SZ,20181206,4.92,5.24,4.83,4.88,271779.47,135435.863
000909.SZ,20181206,7.37,7.38,7.13,7.15,34964.0,25238.463
000910.SZ,20181206,10.96,11.38,10.83,11.05,33842.52,37133.461
000911.SZ,20181206,6.31,6.36,6.18,6.18,36769.0,23010.152
000913.SZ,20181206,9.88,9.99,9.7,9.75,20632.0,20263.922
000915.SZ,20181206,16.8,16.93,16.36,16.62,64989.22,108431.533
000917.SZ,20181206,6.72,6.89,6.53,6.63,635921.0,425212.56
000918.SZ,20181206,8.44,8.59,8.3,8.31,100759.0,84601.095
000919.SZ,20181206,6.87,6.88,6.64,6.69,24067.0,16258.022
000920.SZ,20181206,5.79,5.81,5.58,5.62,22952.0,12997.219
000921.SZ,20181206,7.44,7.48,7.34,7.39,60739.25,45055.759
000922.SZ,20181206,6.84,6.93,6.76,6.76,28184.8,19291.237
000923.SZ,20181206,14.12,14.4,13.82,13.95,42349.01,59685.525
000925.SZ,20181206,5.33,5.35,5.15,5.26,69097.8,36288.666
000926.SZ,20181206,6.65,6.66,6.51,6.52,81450.65,53535.118
000927.SZ,20181206,3.51,3.6,3.47,3.52,72150.0,25411.594
000928.SZ,20181206,4.41,4.45,4.36,4.38,59433.8,26145.635
000929.SZ,20181206,6.78,6.83,6.74,6.79,16485.54,11188.993
000930.SZ,20181206,8.19,8.22,8.05,8.07,83368.32,67750.867
000931.SZ,20181206,7.2,7.48,7.18,7.3,226462.42,166044.585
000933.SZ,20181206,4.29,4.31,4.2,4.21,273965.72,116259.009
000935.SZ,20181206,16.18,16.51,16.08,16.2,71813.15,117088.298
000936.SZ,20181206,6.9,7.14,6.57,6.71,482083.18,329069.701
000937.SZ,20181206,3.92,3.92,3.88,3.88,58201.02,22682.954
000938.SZ,20181206,35.5,35.68,34.6,34.63,34831.73,122314.764
000939.SZ,20181206,1.29,1.33,1.25,1.26,499424.4,64194.136
000948.SZ,20181206,9.93,9.95,9.64,9.7,30982.64,30288.745
000949.SZ,20181206,2.85,2.85,2.76,2.78,40462.47,11305.216
000950.SZ,20181206,5.88,5.98,5.71,5.76,169686.62,99265.482
000951.SZ,20181206,11.57,11.74,11.48,11.69,31122.2,36230.465
000952.SZ,20181206,10.7,10.87,10.5,10.51,54625.54,58400.349
000953.SZ,20181206,4.18,4.35,4.11,4.13,44613.0,18773.054
000955.SZ,20181206,4.52,4.68,4.51,4.57,261050.91,120021.815
000957.SZ,20181206,5.05,5.07,4.92,4.92,48063.0,23963.651
000958.SZ,20181206,3.54,3.59,3.48,3.49,119349.0,42146.44
000959.SZ,20181206,3.84,3.84,3.78,3.78,43988.76,16752.139
000960.SZ,20181206,10.15,10.18,9.95,9.96,128464.68,129237.477
000961.SZ,20181206,6.37,6.44,6.19,6.27,123332.97,77821.871
000962.SZ,20181206,7.41,7.5,7.25,7.27,88639.51,65161.898
000963.SZ,20181206,36.39,37.34,33.13,33.2,322389.64,1110027.454
000965.SZ,20181206,4.15,4.15,4.04,4.06,69339.58,28285.275
000966.SZ,20181206,3.17,3.24,3.17,3.24,137047.46,43947.98
000967.SZ,20181206,5.64,5.69,5.56,5.59,37698.28,21205.678
000968.SZ,20181206,11.89,11.89,11.62,11.63,25597.55,29968.387
000969.SZ,20181206,5.18,5.2,5.09,5.11,48446.11,24861.138
000970.SZ,20181206,8.12,8.23,8.08,8.11,106368.97,86550.668
000971.SZ,20181206,3.98,4.02,3.84,3.86,153595.84,60175.136
000972.SZ,20181206,3.15,3.26,2.98,3.0,110485.63,34093.1
000973.SZ,20181206,3.72,3.72,3.61,3.65,95756.41,34954.284
000975.SZ,20181206,8.51,8.73,8.44,8.46,150222.8,128576.871
000976.SZ,20181206,4.7,4.84,4.54,4.55,100556.79,46844.95
000977.SZ,20181206,17.77,18.12,17.57,17.77,305836.75,544040.155
000978.SZ,20181206,5.75,5.83,5.64,5.66,30314.99,17396.354
000979.SZ,20181206,0.26,0.26,0.25,0.26,666295.27,16965.262
000980.SZ,20181206,5.05,5.05,4.9,4.91,80157.27,39916.066
000981.SZ,20181206,3.9,4.06,3.85,3.96,601752.01,238312.471
000982.SZ,20181206,1.43,1.44,1.39,1.4,96632.96,13648.298
000983.SZ,20181206,6.1,6.15,6.07,6.08,135184.87,82457.688
000985.SZ,20181206,13.8,13.8,13.54,13.58,3905.0,5324.281
000987.SZ,20181206,8.23,8.24,7.98,8.03,29667.26,23996.719
000988.SZ,20181206,12.08,12.08,11.76,11.81,128162.0,152186.828
000989.SZ,20181206,12.01,12.12,11.67,11.71,183062.27,217400.538
000990.SZ,20181206,14.15,14.37,14.09,14.13,34397.18,48881.032
000993.SZ,20181206,5.12,5.13,4.96,5.0,28284.95,14228.781
000995.SZ,20181206,6.49,6.49,6.17,6.18,22074.01,13982.444
000996.SZ,20181206,10.35,10.43,9.95,9.95,213577.59,216105.503
000997.SZ,20181206,15.45,15.48,15.0,15.12,41059.19,62392.902
000998.SZ,20181206,14.74,14.95,14.51,14.55,85718.66,126240.011
000999.SZ,20181206,25.1,25.13,23.73,23.9,30164.67,72948.693
001696.SZ,20181206,5.04,5.04,4.89,4.93,49564.71,24479.101
001896.SZ,20181206,3.32,3.33,3.26,3.28,44584.63,14665.163
001965.SZ,20181206,8.26,8.27,8.15,8.21,22316.72,18303.007
001979.SZ,20181206,18.11,18.4,18.06,18.19,116061.44,210808.358
002001.SZ,20181206,16.8,17.35,16.68,16.72,461255.9,784151.267
002002.SZ,20181206,3.17,3.23,3.12,3.12,224384.68,70847.508
002003.SZ,20181206,7.27,7.28,7.17,7.19,16192.53,11690.472
002004.SZ,20181206,5.22,5.23,5.13,5.18,49134.76,25458.551
002005.SZ,20181206,2.67,2.67,2.56,2.57,110502.59,28668.797
002006.SZ,20181206,5.33,5.37,5.22,5.25,54256.34,28673.708
002007.SZ,20181206,39.92,40.51,38.26,38.43,213282.65,836698.028
002008.SZ,20181206,33.75,33.75,32.64,32.89,153189.45,507360.306
002009.SZ,20181206,7.92,7.95,7.68,7.7,37842.0,29457.318
002010.SZ,20181206,8.13,8.19,7.99,8.01,33696.0,27161.342
002011.SZ,20181206,5.42,5.57,5.26,5.28,198271.5,106914.848
002012.SZ,20181206,4.69,4.75,4.52,4.6,113754.0,52588.452
002013.SZ,20181206,7.66,7.74,7.59,7.62,106658.8,81730.554
002014.SZ,20181206,6.09,6.14,6.02,6.08,26297.5,15972.182
002015.SZ,20181206,5.3,5.34,5.18,5.23,58574.45,30824.467
002016.SZ,20181206,9.46,9.57,9.22,9.27,82328.61,77085.052
002017.SZ,20181206,6.9,6.9,6.42,6.49,178337.06,118069.495
002018.SZ,20181206,1.34,1.36,1.31,1.32,223112.66,29826.122
002019.SZ,20181206,13.35,13.75,12.56,12.72,278214.74,363961.267
002020.SZ,20181206,9.89,10.68,9.5,10.0,146827.32,146435.194
002021.SZ,20181206,3.1,3.15,3.0,3.04,220752.85,67572.546
002022.SZ,20181206,10.75,10.85,10.43,10.48,58553.82,62157.378
002023.SZ,20181206,8.89,9.66,8.85,9.33,420656.3,391384.505
002024.SZ,20181206,10.67,10.7,10.51,10.53,241253.35,255373.624
002025.SZ,20181206,24.78,25.15,24.37,24.39,30423.71,75326.642
002026.SZ,20181206,5.94,6.02,5.87,5.89,56311.28,33394.036
002027.SZ,20181206,5.98,6.02,5.83,5.86,1293516.46,763462.467
002028.SZ,20181206,10.7,10.87,10.53,10.53,86972.93,92990.904
002029.SZ,20181206,6.73,6.79,6.61,6.61,33809.08,22557.929
002030.SZ,20181206,12.1,12.38,11.84,11.88,102838.11,123991.908
002031.SZ,20181206,2.06,2.06,2.02,2.03,79409.31,16182.26
002032.SZ,20181206,54.53,54.98,53.6,54.59,13476.08,73149.427
002033.SZ,20181206,6.02,6.03,5.91,5.92,38112.8,22737.601
002034.SZ,20181206,13.32,13.57,13.14,13.22,23646.4,31512.72
002035.SZ,20181206,9.18,9.31,9.11,9.12,48552.15,44539.756
002036.SZ,20181206,9.43,9.49,9.05,9.1,50608.74,46621.541
002037.SZ,20181206,8.8,8.84,8.48,8.48,23553.0,20229.913
002038.SZ,20181206,31.91,32.23,30.58,30.8,99397.14,310228.691
002039.SZ,20181206,12.95,13.03,12.92,13.0,9504.39,12311.71
002040.SZ,20181206,8.43,8.43,8.23,8.26,17885.42,14873.702
002041.SZ,20181206,5.89,5.98,5.77,5.83,64417.96,37806.552
002042.SZ,20181206,5.76,5.76,5.61,5.65,70629.63,40146.966
002043.SZ,20181206,5.62,5.65,5.52,5.53,122069.5,68026.694
002044.SZ,20181206,16.5,16.58,16.13,16.22,89899.97,146937.016
002045.SZ,20181206,5.66,5.77,5.49,5.5,199443.73,112190.397
002046.SZ,20181206,6.83,7.18,6.77,6.9,75437.36,52592.869
002047.SZ,20181206,6.85,7.04,6.81,7.03,195966.19,136556.382
002048.SZ,20181206,11.43,11.49,11.15,11.23,36695.59,41288.214
002049.SZ,20181206,32.86,33.33,32.48,32.85,125501.46,413255.849
002050.SZ,20181206,14.21,14.36,14.03,14.17,62268.6,88331.581
002051.SZ,20181206,12.18,12.3,11.81,11.82,132951.1,159534.553
002052.SZ,20181206,3.76,3.94,3.65,3.77,280571.31,105253.781
002053.SZ,20181206,7.34,7.45,7.3,7.34,7030.0,5171.996
002054.SZ,20181206,5.97,6.12,5.91,6.06,271162.99,163458.828
002055.SZ,20181206,11.28,11.31,10.84,10.9,59651.57,65755.891
002056.SZ,20181206,5.96,5.98,5.81,5.81,174825.99,102898.513
002057.SZ,20181206,6.44,6.52,6.32,6.35,46424.16,29703.532
002058.SZ,20181206,11.55,11.75,11.33,11.39,26394.84,30514.489
002059.SZ,20181206,5.89,5.89,5.72,5.76,14930.0,8619.085
002060.SZ,20181206,2.9,2.91,2.86,2.88,26109.2,7523.071
002061.SZ,20181206,11.25,11.33,11.13,11.26,40658.0,45541.86
002062.SZ,20181206,4.07,4.08,4.03,4.05,9178.94,3721.856
002063.SZ,20181206,6.12,6.15,6.03,6.08,86934.31,52950.984
002064.SZ,20181206,4.09,4.13,4.07,4.11,38358.12,15741.108
002065.SZ,20181206,7.22,7.25,7.09,7.13,147626.85,105644.829
002066.SZ,20181206,8.03,8.2,7.96,8.15,76836.2,62167.762
002067.SZ,20181206,3.82,3.85,3.73,3.77,175713.46,66430.251
002068.SZ,20181206,6.76,6.78,6.67,6.69,35179.83,23625.17
002069.SZ,20181206,3.59,3.62,3.55,3.55,35046.0,12538.995
002071.SZ,20181206,5.8,5.99,5.68,5.7,240362.23,140853.854
002072.SZ,20181206,8.09,8.09,7.73,7.82,113406.42,89299.393
002073.SZ,20181206,5.09,5.29,5.02,5.1,200753.16,103501.035
002074.SZ,20181206,12.54,12.72,12.08,12.13,134426.39,166333.577
002075.SZ,20181206,9.37,9.96,9.27,9.7,887161.52,851301.339
002076.SZ,20181206,3.74,3.75,3.51,3.62,118461.81,42994.368
002077.SZ,20181206,4.67,4.67,4.4,4.4,146613.4,66329.068
002078.SZ,20181206,6.28,6.28,6.08,6.13,280155.93,172903.065
002079.SZ,20181206,5.19,5.24,5.14,5.16,64642.08,33522.782
002080.SZ,20181206,8.16,8.45,8.14,8.27,58999.89,48935.479
002081.SZ,20181206,9.15,9.15,8.78,8.82,92443.34,82388.232
002082.SZ,20181206,8.51,8.51,8.26,8.3,15573.0,13051.191
002083.SZ,20181206,5.13,5.13,5.07,5.07,20232.58,10293.84
002084.SZ,20181206,4.5,4.55,4.43,4.49,39739.63,17811.382
002085.SZ,20181206,7.51,7.52,7.38,7.52,49879.1,37157.784
002086.SZ,20181206,5.03,5.11,4.89,4.91,195108.04,97625.896
002087.SZ,20181206,3.77,3.8,3.74,3.76,120602.37,45472.841
002088.SZ,20181206,9.98,10.0,9.74,9.83,24392.0,24128.435
002089.SZ,20181206,4.48,4.71,4.47,4.47,1143918.74,520354.026
002090.SZ,20181206,17.69,17.95,17.2,17.61,10622.78,18652.805
002091.SZ,20181206,5.51,5.52,5.31,5.32,151856.8,81911.146
002092.SZ,20181206,7.81,7.84,7.72,7.77,177864.18,138532.164
002093.SZ,20181206,6.9,6.9,6.63,6.64,70671.69,47549.648
002094.SZ,20181206,5.95,5.99,5.74,5.75,158339.9,92396.274
002095.SZ,20181206,22.38,22.7,22.16,22.3,29937.21,67041.865
002096.SZ,20181206,5.79,5.81,5.67,5.69,13326.0,7630.876
002097.SZ,20181206,5.98,6.11,5.93,6.01,94170.6,56870.267
002098.SZ,20181206,7.07,7.67,7.07,7.67,392266.26,292826.133
002099.SZ,20181206,4.81,4.95,4.8,4.85,180079.85,87855.504
002100.SZ,20181206,5.0,5.26,4.85,4.97,175923.32,88269.23
002101.SZ,20181206,8.42,8.51,8.24,8.29,34802.21,29053.152
002102.SZ,20181206,2.12,2.14,2.06,2.07,378910.0,79593.673
002103.SZ,20181206,5.18,5.28,4.89,4.89,542995.57,272335.123
002104.SZ,20181206,6.04,6.04,5.81,5.83,170909.92,100963.262
002105.SZ,20181206,4.26,4.35,4.22,4.27,26353.8,11308.181
002106.SZ,20181206,6.27,6.33,6.13,6.17,74776.41,46453.063
002107.SZ,20181206,7.35,7.48,7.27,7.27,15495.0,11387.508
002108.SZ,20181206,4.84,4.95,4.71,4.74,388088.88,186803.264
002109.SZ,20181206,3.82,3.87,3.78,3.78,73145.5,27901.129
002110.SZ,20181206,13.8,13.9,13.44,13.45,271778.6,370531.097
002111.SZ,20181206,10.5,10.66,10.38,10.46,24241.8,25532.542
002112.SZ,20181206,6.97,7.13,6.91,6.92,41726.0,29258.856
002113.SZ,20181206,4.82,4.83,4.53,4.56,381182.1,177480.17
002114.SZ,20181206,8.08,8.08,7.85,7.85,24218.19,19203.158
002115.SZ,20181206,9.2,9.23,8.88,8.93,159935.35,144131.235
002116.SZ,20181206,7.45,7.45,7.24,7.27,10741.27,7838.972
002117.SZ,20181206,14.63,14.68,14.41,14.52,15654.18,22698.553
002118.SZ,20181206,5.02,5.03,4.87,4.9,98366.86,48633.782
002119.SZ,20181206,9.55,9.63,9.3,9.52,21191.84,20079.067
002120.SZ,20181206,29.2,29.2,28.73,28.88,8865.91,25649.011
002121.SZ,20181206,4.98,4.99,4.87,4.88,45532.5,22410.68
002122.SZ,20181206,1.99,2.01,1.91,1.93,253957.0,49781.314
002123.SZ,20181206,7.48,7.53,7.4,7.48,41719.69,31131.212
002124.SZ,20181206,6.69,7.02,6.64,6.68,167681.74,114674.735
002125.SZ,20181206,7.39,7.45,7.27,7.33,23798.0,17488.499
002126.SZ,20181206,7.63,7.63,7.43,7.47,61298.0,46047.43
002127.SZ,20181206,7.75,7.81,7.48,7.5,116873.57,88806.651
002128.SZ,20181206,7.77,7.78,7.67,7.68,58826.37,45402.197
002129.SZ,20181206,6.95,7.19,6.87,6.91,488652.82,343138.536
002130.SZ,20181206,3.77,3.8,3.73,3.73,80062.38,30091.331
002131.SZ,20181206,1.59,1.59,1.56,1.56,564338.53,88642.321
002132.SZ,20181206,2.85,2.9,2.81,2.87,102952.6,29368.373
002133.SZ,20181206,3.79,3.79,3.74,3.74,31803.0,11958.773
002134.SZ,20181206,6.57,6.57,6.36,6.36,26896.0,17363.67
002135.SZ,20181206,5.16,5.25,5.15,5.16,19625.0,10190.1
002136.SZ,20181206,8.82,8.87,8.66,8.67,77260.64,67509.291
002137.SZ,20181206,7.84,8.59,7.76,7.98,249536.35,203241.934
002138.SZ,20181206,14.53,14.72,14.21,14.26,62377.7,90048.665
002139.SZ,20181206,4.33,4.36,4.26,4.28,102769.58,44273.799
002140.SZ,20181206,6.4,6.45,6.31,6.34,16660.14,10612.897
002141.SZ,20181206,4.29,4.4,4.12,4.31,202353.5,86675.031
002142.SZ,20181206,16.98,16.98,16.74,16.76,127183.2,213580.595
002143.SZ,20181206,3.45,3.55,3.38,3.4,203221.8,69982.982
002144.SZ,20181206,10.62,10.66,10.43,10.49,6251.0,6580.961
002145.SZ,20181206,3.49,3.49,3.42,3.42,90393.0,31142.721
002146.SZ,20181206,8.18,8.25,8.1,8.14,125314.64,102489.24
002147.SZ,20181206,4.53,4.53,4.53,4.53,7599.0,3442.347
002148.SZ,20181206,5.88,5.88,5.72,5.73,87331.84,50449.291
002149.SZ,20181206,6.06,6.13,5.93,5.97,165364.3,99526.418
002150.SZ,20181206,6.74,7.02,6.74,6.84,42081.47,28875.71
002151.SZ,20181206,21.69,22.08,21.69,21.72,50291.2,109984.772
002152.SZ,20181206,5.86,5.86,5.67,5.71,137241.18,78906.034
002153.SZ,20181206,29.72,29.72,28.5,28.96,56671.85,164792.225
002154.SZ,20181206,3.21,3.26,3.16,3.17,55208.96,17644.245
002155.SZ,20181206,7.16,7.41,7.08,7.09,319480.78,231159.526
002156.SZ,20181206,7.98,8.04,7.84,7.84,89024.47,70524.474
002157.SZ,20181206,5.52,5.64,5.32,5.48,507364.48,277719.016
002158.SZ,20181206,7.95,8.13,7.85,7.88,62059.26,49390.456
002159.SZ,20181206,19.81,21.35,18.81,20.0,19078.0,37134.267
002160.SZ,20181206,4.07,4.16,4.05,4.06,45957.0,18808.715
002161.SZ,20181206,6.39,6.41,6.16,6.18,138933.62,87180.004
002162.SZ,20181206,3.24,3.24,3.12,3.16,72845.21,23073.604
002163.SZ,20181206,4.53,4.53,4.39,4.44,39689.0,17637.766
002164.SZ,20181206,3.03,3.1,2.99,3.01,78930.22,23976.317
002165.SZ,20181206,3.9,3.93,3.83,3.85,24323.0,9441.528
002166.SZ,20181206,6.79,6.95,6.79,6.88,35366.98,24301.739
002167.SZ,20181206,5.95,5.96,5.83,5.84,55845.89,32816.776
002168.SZ,20181206,10.7,10.7,10.36,10.39,97476.32,102357.066
002169.SZ,20181206,4.19,4.4,4.11,4.28,283487.17,120108.905
002170.SZ,20181206,3.19,3.3,3.11,3.12,144264.97,45985.96
002171.SZ,20181206,5.28,5.34,5.15,5.18,56532.56,29499.786
002172.SZ,20181206,4.03,4.04,3.94,3.96,25446.0,10145.455
002173.SZ,20181206,8.74,8.76,8.43,8.48,36206.49,31079.923
002174.SZ,20181206,17.36,17.69,17.12,17.2,73269.59,127477.029
002175.SZ,20181206,3.89,3.93,3.7,3.71,225905.0,85450.148
002176.SZ,20181206,6.42,6.45,6.26,6.32,237399.45,150847.201
002177.SZ,20181206,3.48,3.51,3.4,3.4,85440.0,29464.989
002178.SZ,20181206,4.28,4.32,4.18,4.2,110493.46,46867.619
002180.SZ,20181206,24.66,24.86,24.05,24.43,16705.55,40897.826
002181.SZ,20181206,4.1,4.47,3.99,4.47,600262.51,259420.313
002182.SZ,20181206,6.93,7.02,6.85,6.94,83396.01,57926.808
002183.SZ,20181206,5.25,5.27,5.11,5.13,170925.2,88503.89
002184.SZ,20181206,10.76,11.0,10.47,10.56,90862.13,97085.875
002185.SZ,20181206,4.1,4.12,4.05,4.05,151370.2,61679.845
002186.SZ,20181206,12.14,12.22,12.0,12.08,6219.15,7529.694
002187.SZ,20181206,8.24,8.29,8.1,8.1,17907.2,14658.841
002188.SZ,20181206,4.27,4.31,4.18,4.31,40578.0,17401.594
002189.SZ,20181206,11.61,11.9,11.52,11.55,23560.41,27572.744
002190.SZ,20181206,17.17,17.19,16.63,16.67,21226.4,35794.116
002191.SZ,20181206,7.46,7.55,7.35,7.39,50914.58,37815.928
002192.SZ,20181206,21.3,21.47,20.03,20.09,59349.93,122099.339
002193.SZ,20181206,9.98,10.24,9.92,10.16,58829.6,59506.015
002194.SZ,20181206,6.12,6.12,6.12,6.12,25937.0,15873.444
002195.SZ,20181206,3.87,3.88,3.81,3.82,554757.29,212980.132
002196.SZ,20181206,5.65,5.67,5.48,5.52,29072.0,16138.763
002197.SZ,20181206,7.4,7.45,7.29,7.3,50396.69,37083.222
002198.SZ,20181206,6.15,6.16,6.0,6.04,42892.24,26068.897
002199.SZ,20181206,8.03,8.07,7.91,7.93,12772.0,10203.326
002200.SZ,20181206,6.17,6.39,6.09,6.19,29562.09,18464.242
002201.SZ,20181206,6.82,6.88,6.67,6.67,11189.0,7560.102
002202.SZ,20181206,11.19,11.52,11.13,11.31,240748.99,273327.473
002203.SZ,20181206,7.91,7.97,7.81,7.9,26969.94,21274.435
002204.SZ,20181206,3.35,3.35,3.27,3.27,11779.0,3889.422
002205.SZ,20181206,12.88,13.69,12.88,13.46,40541.51,54253.006
002206.SZ,20181206,4.12,4.14,3.98,4.0,51297.5,20625.272
002207.SZ,20181206,5.12,5.19,5.02,5.02,23795.0,12133.132
002208.SZ,20181206,10.59,10.98,10.41,10.6,55924.59,59700.235
002209.SZ,20181206,7.28,7.31,7.14,7.16,20379.0,14678.563
002210.SZ,20181206,4.69,4.82,4.66,4.76,459904.4,218066.635
002211.SZ,20181206,5.04,5.11,4.98,5.0,29020.5,14554.931
002212.SZ,20181206,11.0,11.24,10.91,11.07,36893.83,41037.364
002213.SZ,20181206,9.06,9.18,8.73,8.81,68897.31,61698.834
002214.SZ,20181206,5.78,5.78,5.56,5.68,44211.15,25059.835
002215.SZ,20181206,6.88,6.92,6.74,6.78,40756.0,27837.486
002216.SZ,20181206,6.23,6.25,6.12,6.18,22754.24,14062.631
002217.SZ,20181206,5.5,5.55,5.3,5.35,747986.45,404126.261
002218.SZ,20181206,3.21,3.51,3.16,3.27,1250200.47,415671.671
002219.SZ,20181206,4.15,4.19,4.03,4.07,250424.25,102525.623
002220.SZ,20181206,3.09,3.09,2.95,2.96,234532.52,70377.407
002221.SZ,20181206,8.26,8.26,8.09,8.19,62981.0,51337.603
002222.SZ,20181206,10.6,10.6,10.3,10.38,38262.5,39980.645
002223.SZ,20181206,19.89,20.11,19.34,19.54,102583.08,202007.643
002224.SZ,20181206,6.07,6.07,5.93,5.93,50096.0,29984.425
002225.SZ,20181206,4.92,4.98,4.83,4.84,37343.1,18256.59
002226.SZ,20181206,6.01,6.12,5.9,5.91,242417.62,145616.778
002227.SZ,20181206,10.28,10.5,10.23,10.25,6716.0,6936.464
002228.SZ,20181206,4.86,4.96,4.78,4.81,106976.42,52007.535
002229.SZ,20181206,6.75,6.93,6.63,6.65,215509.91,145269.392
002230.SZ,20181206,25.02,25.09,24.45,24.5,225647.2,557688.52
002231.SZ,20181206,6.88,6.88,6.56,6.66,113755.04,76163.39
002232.SZ,20181206,7.37,7.41,7.21,7.28,17056.01,12466.874
002233.SZ,20181206,10.62,10.68,10.55,10.61,60865.33,64615.879
002234.SZ,20181206,11.96,12.35,11.85,11.9,91874.89,111049.639
002235.SZ,20181206,6.75,6.75,6.29,6.29,955233.69,615523.656
002236.SZ,20181206,13.12,13.15,12.52,12.67,940542.21,1202693.021
002237.SZ,20181206,8.27,8.5,8.2,8.31,323545.28,270364.688
002238.SZ,20181206,7.34,7.45,6.91,6.98,197940.47,142752.781
002239.SZ,20181206,2.32,2.33,2.25,2.26,275651.2,62880.352
002240.SZ,20181206,8.8,8.82,8.51,8.52,45600.01,39455.175
002241.SZ,20181206,7.4,7.45,7.25,7.28,188427.2,138610.663
002242.SZ,20181206,14.75,14.92,14.6,14.68,21662.22,32007.644
002244.SZ,20181206,4.03,4.05,3.95,3.97,72950.0,29138.212
002245.SZ,20181206,4.53,4.53,4.36,4.37,119630.0,52964.675
002246.SZ,20181206,7.32,7.47,7.27,7.35,27958.0,20662.811
002247.SZ,20181206,5.38,5.43,5.19,5.41,124560.04,66231.233
002248.SZ,20181206,8.76,8.83,8.68,8.75,9862.0,8629.002
002249.SZ,20181206,3.78,3.78,3.63,3.67,102395.44,37703.934
002250.SZ,20181206,9.46,9.47,9.25,9.31,46320.91,43408.067
002251.SZ,20181206,8.02,8.03,7.88,7.89,27259.2,21636.902
002253.SZ,20181206,14.38,14.78,14.24,14.66,49417.12,71942.443
002254.SZ,20181206,10.64,10.76,10.58,10.69,47802.9,51049.817
002255.SZ,20181206,4.46,4.47,4.36,4.36,39810.42,17537.577
002256.SZ,20181206,3.01,3.07,2.94,2.95,170354.15,51182.21
002258.SZ,20181206,14.9,15.08,14.54,14.67,79042.18,117046.685
002259.SZ,20181206,2.7,2.73,2.67,2.67,161678.04,43469.55
002260.SZ,20181206,4.24,4.43,4.07,4.12,191081.07,81180.168
002261.SZ,20181206,4.75,4.75,4.5,4.54,237492.35,109031.856
002262.SZ,20181206,11.92,12.16,10.9,11.21,290928.27,333132.738
002263.SZ,20181206,1.72,1.72,1.66,1.66,191299.0,32256.177
002264.SZ,20181206,6.65,6.67,6.46,6.46,96646.0,63353.681
002265.SZ,20181206,9.1,9.38,9.08,9.27,32641.1,30182.206
002266.SZ,20181206,4.14,4.16,4.09,4.1,57395.37,23632.962
002267.SZ,20181206,7.77,7.89,7.68,7.75,117643.63,91554.525
002268.SZ,20181206,19.02,19.3,18.89,18.9,55324.76,105715.695
002269.SZ,20181206,2.56,2.56,2.48,2.48,37455.5,9401.524
002270.SZ,20181206,4.45,4.58,4.39,4.47,40670.96,18170.669
002271.SZ,20181206,14.54,14.54,14.17,14.34,63704.23,91660.776
002272.SZ,20181206,4.4,4.52,4.34,4.34,42962.59,19011.379
002273.SZ,20181206,10.31,10.33,10.05,10.09,103411.97,105205.767
002274.SZ,20181206,5.56,5.62,5.47,5.58,23286.17,12906.069
002275.SZ,20181206,13.69,13.69,13.34,13.36,12726.03,17188.42
002276.SZ,20181206,5.59,5.6,5.46,5.46,122603.53,67854.088
002277.SZ,20181206,3.53,3.53,3.44,3.45,100161.0,34831.827
002278.SZ,20181206,7.14,7.23,6.95,6.99,49585.24,35065.405
002279.SZ,20181206,7.62,7.62,7.42,7.46,57006.4,42798.08
002280.SZ,20181206,4.33,4.33,4.23,4.26,148843.0,63602.64
002281.SZ,20181206,26.49,26.49,24.87,25.14,242341.43,617567.826
002282.SZ,20181206,9.52,9.71,9.35,9.46,44250.0,42017.536
002283.SZ,20181206,3.65,3.65,3.58,3.59,39235.0,14109.764
002284.SZ,20181206,4.9,5.26,4.87,5.07,155212.48,78924.891
002285.SZ,20181206,5.12,5.2,5.1,5.13,84489.45,43404.885
002286.SZ,20181206,6.38,6.39,6.1,6.13,53302.91,33190.626
002287.SZ,20181206,27.3,27.3,26.53,26.66,5615.95,15083.552
002288.SZ,20181206,5.4,5.5,5.07,5.07,1270219.83,657215.328
002289.SZ,20181206,5.74,5.76,5.58,5.6,34812.0,19696.443
002290.SZ,20181206,10.07,10.13,9.76,9.87,14273.0,14165.999
002292.SZ,20181206,6.43,6.72,6.41,6.5,163825.83,107791.79
002293.SZ,20181206,9.25,9.33,9.12,9.17,31446.5,28981.644
002294.SZ,20181206,26.8,27.2,25.7,25.71,148999.4,392523.222
002295.SZ,20181206,7.7,7.8,7.55,7.64,23984.1,18408.845
002296.SZ,20181206,5.67,5.67,5.5,5.52,40976.25,22753.362
002297.SZ,20181206,6.43,6.72,6.31,6.55,172094.77,112678.156
002298.SZ,20181206,6.7,6.78,6.64,6.69,38287.68,25638.0
002299.SZ,20181206,17.27,17.55,16.88,16.89,107282.79,184504.16
002300.SZ,20181206,5.72,5.9,5.69,5.89,53599.81,31064.574
002301.SZ,20181206,8.42,8.81,8.38,8.8,135937.17,117650.495
002302.SZ,20181206,11.68,11.8,11.56,11.58,75427.0,88233.002
002303.SZ,20181206,5.14,5.14,4.94,4.98,53357.76,26827.086
002304.SZ,20181206,101.94,103.3,99.6,99.92,40633.67,410191.9
002305.SZ,20181206,2.54,2.7,2.48,2.7,201708.57,53340.792
002306.SZ,20181206,3.48,3.48,3.37,3.41,13563.0,4632.33
002307.SZ,20181206,5.75,5.85,5.72,5.76,183727.43,106304.815
002308.SZ,20181206,5.27,5.34,5.23,5.26,246921.75,130437.853
002309.SZ,20181206,9.0,9.03,8.78,8.83,43551.0,38652.476
002310.SZ,20181206,8.3,8.34,8.07,8.08,408548.15,334816.733
002311.SZ,20181206,24.02,24.48,23.45,23.6,37262.13,88378.139
002312.SZ,20181206,3.34,3.35,3.27,3.28,149137.73,49268.375
002313.SZ,20181206,20.55,20.55,19.33,19.4,57431.45,113690.853
002314.SZ,20181206,3.24,3.24,3.16,3.16,63622.47,20296.38
002315.SZ,20181206,13.27,13.27,12.85,12.88,17627.0,22970.693
002316.SZ,20181206,7.0,7.03,6.52,6.54,111345.33,75639.56
002317.SZ,20181206,9.35,9.41,9.06,9.11,44122.83,40638.754
002318.SZ,20181206,6.55,6.58,6.35,6.36,46948.87,30305.139
002319.SZ,20181206,15.25,15.26,15.09,15.13,11253.0,17049.497
002320.SZ,20181206,14.03,14.6,13.75,14.24,144931.99,206750.379
002321.SZ,20181206,5.7,5.81,5.63,5.66,117823.48,67206.268
002322.SZ,20181206,9.65,9.79,9.52,9.57,11362.37,10932.048
002324.SZ,20181206,10.05,10.08,9.82,9.83,24561.48,24416.521
002325.SZ,20181206,3.22,3.23,3.14,3.16,64355.78,20464.726
002326.SZ,20181206,8.18,8.18,7.94,8.09,66782.4,53703.017
002327.SZ,20181206,7.72,7.87,7.71,7.73,35470.14,27593.937
002328.SZ,20181206,5.6,5.7,5.55,5.59,101237.97,56934.715
002329.SZ,20181206,4.16,4.22,3.89,3.92,180019.26,72439.322
002330.SZ,20181206,4.52,4.66,4.46,4.55,99909.89,45444.937
002331.SZ,20181206,8.84,8.92,8.6,8.62,43050.2,37623.485
002332.SZ,20181206,7.52,7.52,6.8,7.04,154635.08,109872.53
002333.SZ,20181206,6.58,6.75,6.41,6.41,95198.02,62396.414
002334.SZ,20181206,4.88,4.88,4.73,4.78,61877.16,29652.426
002335.SZ,20181206,14.88,15.03,14.55,14.59,12655.99,18753.77
002336.SZ,20181206,7.19,7.24,7.03,7.03,19704.0,13994.312
002337.SZ,20181206,4.05,4.06,3.9,3.91,233693.8,92792.146
002338.SZ,20181206,12.05,12.8,11.97,12.48,66683.34,82609.993
002339.SZ,20181206,6.66,6.66,6.45,6.45,21829.0,14236.411
002340.SZ,20181206,4.18,4.23,4.15,4.15,418183.94,174651.015
002341.SZ,20181206,13.75,13.88,12.9,13.2,230225.2,307793.354
002342.SZ,20181206,3.93,4.02,3.81,3.87,306957.53,119546.285
002343.SZ,20181206,10.45,10.61,10.18,10.18,98151.5,101854.598
002344.SZ,20181206,4.86,4.86,4.71,4.72,59253.23,28314.186
002345.SZ,20181206,4.94,4.98,4.84,4.84,76061.62,37320.372
002346.SZ,20181206,12.51,12.82,11.92,11.96,115019.77,141829.019
002347.SZ,20181206,4.07,4.12,4.0,4.03,36699.0,14831.641
002348.SZ,20181206,3.43,3.46,3.27,3.32,140956.3,47127.802
002349.SZ,20181206,6.19,6.3,6.11,6.17,10923.78,6774.364
002350.SZ,20181206,6.46,6.66,6.36,6.38,60749.99,39545.327
002351.SZ,20181206,5.81,6.22,5.71,6.0,86924.1,52111.837
002352.SZ,20181206,35.21,35.9,35.21,35.34,30798.0,109026.568
002353.SZ,20181206,18.04,18.35,17.71,17.95,81510.54,146932.991
002354.SZ,20181206,6.26,6.36,6.11,6.14,164899.21,102305.165
002355.SZ,20181206,7.6,7.73,7.56,7.58,15598.0,11895.804
002356.SZ,20181206,9.04,9.28,8.92,8.94,87389.35,79595.564
002357.SZ,20181206,6.15,6.15,5.94,5.96,39626.4,23921.416
002358.SZ,20181206,17.17,17.17,16.9,17.0,38166.41,64909.42
002359.SZ,20181206,9.14,9.29,8.66,8.7,392842.0,349647.698
002360.SZ,20181206,5.83,5.86,5.73,5.75,29281.26,16933.904
002361.SZ,20181206,3.89,3.9,3.82,3.83,18081.0,6962.463
002362.SZ,20181206,15.08,15.8,14.77,15.21,43095.04,66097.918
002363.SZ,20181206,5.49,5.49,5.28,5.31,43037.31,23049.492
002364.SZ,20181206,11.63,11.66,11.5,11.62,26329.0,30468.679
002365.SZ,20181206,12.09,12.46,11.93,12.01,72267.06,88078.76
002366.SZ,20181206,11.76,11.95,11.3,11.48,192141.15,222553.446
002367.SZ,20181206,6.02,6.14,5.74,5.87,227766.47,135383.98
002368.SZ,20181206,24.5,24.8,23.55,24.13,64848.9,156544.242
002369.SZ,20181206,7.61,7.87,7.54,7.79,170986.36,132132.34
002370.SZ,20181206,17.27,17.43,16.41,16.7,32402.79,54568.818
002371.SZ,20181206,43.63,45.43,43.28,43.37,95192.95,421992.429
002372.SZ,20181206,14.79,14.92,14.55,14.66,17957.25,26483.888
002373.SZ,20181206,12.58,12.58,12.03,12.04,79014.33,96545.576
002374.SZ,20181206,3.3,3.33,3.26,3.27,90149.8,29685.016
002375.SZ,20181206,5.36,5.39,5.27,5.3,59141.17,31514.84
002376.SZ,20181206,18.09,18.12,17.55,17.55,71712.54,127622.989
002377.SZ,20181206,4.74,4.76,4.58,4.6,87086.36,40492.612
002378.SZ,20181206,5.45,5.46,5.25,5.27,85654.0,45655.664
002379.SZ,20181206,3.1,3.11,3.03,3.05,37513.0,11475.32
002380.SZ,20181206,11.25,11.27,11.07,11.1,9066.49,10099.268
002381.SZ,20181206,7.11,7.28,6.98,7.06,42771.09,30356.161
002382.SZ,20181206,17.99,18.07,17.4,17.59,34618.3,61502.784
002383.SZ,20181206,13.3,13.44,12.92,12.95,56046.41,73549.112
002384.SZ,20181206,12.85,12.86,12.07,12.14,427511.43,530957.047
002385.SZ,20181206,3.59,3.61,3.51,3.54,123852.88,44021.218
002386.SZ,20181206,5.94,5.94,5.83,5.83,41769.21,24492.248
002387.SZ,20181206,8.52,8.52,8.29,8.31,20273.0,17011.505
002388.SZ,20181206,5.8,5.88,5.65,5.66,23977.0,13821.996
002389.SZ,20181206,12.17,12.32,12.04,12.06,32772.51,39835.909
002390.SZ,20181206,4.78,4.8,4.66,4.68,118230.13,55600.278
002391.SZ,20181206,11.45,11.54,11.35,11.45,9908.51,11309.069
002392.SZ,20181206,3.44,3.47,3.41,3.41,48610.58,16713.095
002393.SZ,20181206,22.72,22.84,22.16,22.3,6969.6,15623.733
002394.SZ,20181206,10.09,10.12,9.99,10.02,11678.24,11719.439
002395.SZ,20181206,11.6,12.0,11.51,11.76,13956.67,16473.062
002396.SZ,20181206,17.9,17.9,17.11,17.26,106367.47,186388.222
002397.SZ,20181206,4.52,4.52,4.43,4.43,30418.0,13628.525
002398.SZ,20181206,5.0,5.01,4.88,4.92,25710.23,12679.282
002399.SZ,20181206,21.32,21.66,20.91,20.99,78994.73,167830.945
002400.SZ,20181206,3.03,3.13,3.03,3.06,360873.45,111321.112
002401.SZ,20181206,9.51,9.67,9.42,9.54,33399.57,31888.687
002402.SZ,20181206,6.89,6.93,6.76,6.77,69762.02,47693.032
002403.SZ,20181206,8.68,8.74,8.46,8.5,25583.25,21925.06
002404.SZ,20181206,6.01,6.06,5.97,6.06,8781.0,5286.902
002405.SZ,20181206,15.61,15.61,15.11,15.28,144086.23,221083.567
002406.SZ,20181206,5.76,5.77,5.69,5.71,19734.0,11288.821
002407.SZ,20181206,12.25,12.45,12.05,12.18,116617.28,142445.03
002408.SZ,20181206,8.09,8.29,8.07,8.1,414594.23,338930.764
002409.SZ,20181206,16.05,16.33,15.75,15.82,18083.32,28903.935
002410.SZ,20181206,23.02,23.21,22.56,22.9,54583.38,125030.327
002411.SZ,20181206,24.9,25.62,21.99,25.4,231966.44,558125.518
002412.SZ,20181206,14.93,15.25,14.87,15.01,35296.76,53223.899
002413.SZ,20181206,5.53,5.59,5.44,5.46,90939.03,50060.684
002414.SZ,20181206,17.73,18.36,17.45,18.34,94241.85,168401.552
002415.SZ,20181206,27.32,27.73,26.88,27.15,623794.07,1699252.406
002416.SZ,20181206,6.35,6.35,6.13,6.28,60230.52,37497.745
002417.SZ,20181206,7.59,7.65,7.27,7.35,43315.47,32268.43
002418.SZ,20181206,3.41,3.58,3.21,3.26,772001.38,263600.792
002419.SZ,20181206,11.56,11.67,11.38,11.51,61213.63,70505.822
002420.SZ,20181206,3.77,3.77,3.64,3.75,35483.01,13175.941
002421.SZ,20181206,3.88,3.96,3.84,3.91,286719.22,112313.914
002422.SZ,20181206,25.58,25.96,23.51,24.09,228643.98,559875.112
002423.SZ,20181206,9.44,9.62,9.28,9.39,36308.63,34324.581
002424.SZ,20181206,9.16,9.16,9.01,9.02,42757.0,38805.657
002425.SZ,20181206,5.94,6.03,5.86,5.88,57108.71,33866.666
002426.SZ,20181206,2.83,2.9,2.72,2.74,325622.57,90770.78
002427.SZ,20181206,15.38,15.75,15.15,15.75,110274.48,171827.945
002428.SZ,20181206,5.67,5.68,5.5,5.52,147439.81,82146.865
002429.SZ,20181206,2.08,2.08,2.04,2.04,140512.38,28869.052
002430.SZ,20181206,10.32,10.4,10.14,10.22,31540.0,32342.424
002431.SZ,20181206,4.08,4.09,3.95,3.97,146157.75,58617.854
002432.SZ,20181206,6.12,6.22,5.96,5.97,66223.0,40211.01
002433.SZ,20181206,5.34,5.36,5.2,5.24,59278.02,31224.426
002434.SZ,20181206,7.05,7.05,6.87,6.89,51374.22,35630.891
002435.SZ,20181206,5.85,5.93,5.78,5.85,53749.04,31456.707
002436.SZ,20181206,4.23,4.31,4.14,4.16,135234.0,56777.937
002437.SZ,20181206,3.58,3.64,3.51,3.55,199590.47,71427.49
002438.SZ,20181206,6.0,6.06,5.96,5.96,33174.0,19900.18
002439.SZ,20181206,21.3,21.62,20.79,21.39,69143.55,147150.384
002440.SZ,20181206,9.19,9.23,9.09,9.1,64992.93,59473.312
002441.SZ,20181206,7.65,7.76,7.5,7.51,78589.5,59766.352
002442.SZ,20181206,8.64,8.72,8.56,8.7,10829.4,9383.152
002443.SZ,20181206,5.76,5.76,5.56,5.59,38833.33,21915.896
002444.SZ,20181206,10.06,10.19,10.04,10.07,64439.26,65245.559
002445.SZ,20181206,2.34,2.46,2.31,2.35,496895.54,118143.011
002446.SZ,20181206,6.45,6.45,6.13,6.13,201012.6,125652.58
002447.SZ,20181206,3.09,3.11,3.0,3.03,200549.0,61127.908
002448.SZ,20181206,5.85,5.94,5.74,5.78,72480.54,42343.653
002449.SZ,20181206,10.75,10.75,10.49,10.56,45406.66,48034.971
002450.SZ,20181206,10.08,10.15,9.9,9.91,791774.25,792469.979
002451.SZ,20181206,9.37,9.55,9.01,9.16,345135.88,318540.615
002452.SZ,20181206,3.8,3.8,3.66,3.66,42091.32,15671.5
002453.SZ,20181206,5.15,5.4,5.08,5.16,49664.02,25710.352
002454.SZ,20181206,4.6,4.64,4.52,4.55,26181.5,11966.483
002455.SZ,20181206,5.36,5.37,5.28,5.32,21170.24,11269.509
002456.SZ,20181206,10.84,10.89,10.48,10.7,926701.39,988646.668
002457.SZ,20181206,8.41,8.63,8.3,8.51,228336.84,193277.827
002458.SZ,20181206,16.37,16.8,15.3,15.44,112954.03,180375.303
002459.SZ,20181206,9.71,9.87,9.53,9.55,118126.0,114445.785
002460.SZ,20181206,26.17,26.58,25.88,26.07,413074.32,1080679.972
002461.SZ,20181206,4.69,4.77,4.6,4.62,48629.0,22740.0
002462.SZ,20181206,16.98,16.98,16.32,16.37,26243.0,43593.78
002463.SZ,20181206,7.3,7.3,6.89,6.89,1168717.38,825522.755
002464.SZ,20181206,10.5,11.19,10.35,10.77,163827.18,175846.306
002465.SZ,20181206,7.69,7.75,7.51,7.6,152155.69,115908.722
002466.SZ,20181206,33.8,34.79,33.6,34.2,335929.29,1147520.675
002467.SZ,20181206,5.31,5.37,5.15,5.16,106857.47,56195.001
002468.SZ,20181206,17.35,17.35,16.95,17.05,35635.27,60859.854
002469.SZ,20181206,4.28,4.29,4.16,4.22,47920.51,20283.13
002470.SZ,20181206,6.36,6.36,6.15,6.15,78373.82,48653.79
002471.SZ,20181206,3.04,3.06,2.96,2.96,82295.0,24642.038
002472.SZ,20181206,6.65,6.75,6.3,6.34,187562.01,122199.659
002473.SZ,20181206,7.14,7.35,6.85,6.85,28887.0,20465.086
002474.SZ,20181206,6.88,6.89,6.63,6.72,89007.7,60217.044
002475.SZ,20181206,15.25,15.3,15.03,15.04,289368.43,438458.44
002476.SZ,20181206,5.18,5.18,5.01,5.01,89789.29,45601.171
002477.SZ,20181206,1.76,1.77,1.73,1.74,328753.5,57520.273
002478.SZ,20181206,5.1,5.14,4.99,5.02,40720.58,20591.288
002479.SZ,20181206,4.88,4.9,4.78,4.79,40825.05,19730.651
002480.SZ,20181206,5.18,5.2,5.08,5.08,47127.16,24168.745
002481.SZ,20181206,3.1,3.16,3.06,3.06,81481.49,25301.64
002482.SZ,20181206,5.65,5.72,5.53,5.67,89807.06,50541.707
002483.SZ,20181206,4.08,4.08,4.0,4.07,27268.19,11026.061
002484.SZ,20181206,5.62,5.68,5.57,5.61,22423.08,12590.826
002485.SZ,20181206,9.37,9.58,9.32,9.37,107600.12,101679.139
002486.SZ,20181206,4.01,4.04,3.81,3.82,261801.08,102369.744
002487.SZ,20181206,3.79,3.8,3.72,3.73,23958.58,8982.93
002488.SZ,20181206,7.47,7.48,7.21,7.25,127068.0,92866.05
002489.SZ,20181206,2.89,2.9,2.84,2.84,62596.11,17916.283
002490.SZ,20181206,4.46,4.58,4.46,4.54,76319.95,34640.502
002491.SZ,20181206,8.31,8.31,8.04,8.05,215844.58,176163.159
002492.SZ,20181206,5.75,6.09,5.75,5.8,133794.25,78696.61
002493.SZ,20181206,10.34,10.34,10.16,10.2,67289.93,68805.638
002494.SZ,20181206,5.54,5.58,5.4,5.41,37179.0,20404.971
002495.SZ,20181206,3.28,3.31,3.18,3.19,103150.29,33305.542
002496.SZ,20181206,2.11,2.13,2.09,2.1,85079.36,17893.85
002497.SZ,20181206,7.96,8.15,7.83,7.88,397956.58,316564.28
002498.SZ,20181206,2.18,2.25,2.17,2.2,86059.71,18968.544
002499.SZ,20181206,8.31,8.4,8.16,8.17,24599.6,20302.797
002500.SZ,20181206,6.43,6.47,6.33,6.34,172145.83,109961.355
002501.SZ,20181206,3.34,3.35,3.24,3.25,146440.26,48104.392
002502.SZ,20181206,4.32,4.71,4.32,4.71,341328.74,157103.039
002503.SZ,20181206,2.54,2.54,2.49,2.51,177665.09,44572.199
002504.SZ,20181206,3.83,3.9,3.77,3.83,173066.64,66264.0
002505.SZ,20181206,1.57,1.57,1.52,1.53,163298.47,25196.101
002506.SZ,20181206,4.93,5.02,4.92,5.0,210169.06,104778.672
002507.SZ,20181206,22.75,23.08,22.13,22.32,74446.89,168271.063
002508.SZ,20181206,21.43,21.48,20.88,21.05,51604.99,108957.007
002509.SZ,20181206,2.77,2.78,2.7,2.72,252689.86,68956.79
002510.SZ,20181206,4.1,4.15,4.03,4.03,127016.0,51827.448
002511.SZ,20181206,8.72,8.84,8.67,8.71,67086.46,58635.779
002512.SZ,20181206,6.62,6.8,6.42,6.54,359793.06,239566.899
002513.SZ,20181206,7.05,7.18,6.88,6.97,13631.19,9537.252
002514.SZ,20181206,6.7,7.38,6.65,7.05,191629.34,136318.952
002515.SZ,20181206,4.47,4.48,4.38,4.41,71083.36,31475.17
002516.SZ,20181206,3.01,3.06,2.97,2.97,77106.0,23189.038
002517.SZ,20181206,4.34,4.39,4.21,4.23,304744.02,130870.432
002518.SZ,20181206,7.31,8.11,7.31,8.11,394670.07,315553.163
002519.SZ,20181206,4.11,4.2,4.03,4.19,287853.19,117999.781
002520.SZ,20181206,7.45,7.74,7.22,7.22,23068.02,16963.834
002521.SZ,20181206,5.92,5.92,5.77,5.8,21762.0,12659.243
002522.SZ,20181206,5.32,5.63,5.2,5.45,224513.33,121278.176
002523.SZ,20181206,3.11,3.12,3.04,3.05,46451.8,14255.295
002524.SZ,20181206,5.04,5.15,4.96,5.1,121551.12,61597.638
002526.SZ,20181206,2.08,2.1,2.04,2.06,231182.65,47844.212
002527.SZ,20181206,6.28,6.34,6.06,6.09,59974.36,37210.71
002528.SZ,20181206,3.92,3.93,3.8,3.81,95461.7,36703.638
002529.SZ,20181206,8.1,8.17,7.76,7.76,98851.7,78504.52
002530.SZ,20181206,8.28,8.29,8.1,8.15,43553.2,35665.413
002531.SZ,20181206,4.32,4.38,4.22,4.26,95858.04,40989.007
002532.SZ,20181206,5.18,5.26,5.17,5.23,23893.97,12464.596
002533.SZ,20181206,4.72,4.73,4.62,4.62,29182.87,13637.164
002534.SZ,20181206,6.06,6.14,5.91,5.95,47954.31,28817.754
002535.SZ,20181206,3.5,3.54,3.46,3.46,38832.6,13556.429
002536.SZ,20181206,10.85,10.92,10.72,10.87,24457.9,26408.487
002537.SZ,20181206,10.38,10.38,10.12,10.22,21811.83,22300.444
002538.SZ,20181206,5.1,5.17,5.04,5.08,97272.28,49549.902
002539.SZ,20181206,4.65,4.68,4.56,4.59,47337.12,21783.458
002540.SZ,20181206,4.74,4.9,4.67,4.88,65833.12,31869.751
002541.SZ,20181206,7.56,7.56,7.33,7.36,48731.0,36216.383
002542.SZ,20181206,4.98,5.0,4.82,4.88,101431.09,49791.904
002543.SZ,20181206,12.33,12.44,12.15,12.2,11094.29,13596.994
002544.SZ,20181206,11.3,11.3,10.86,10.92,56390.92,62075.133
002545.SZ,20181206,5.8,6.04,5.78,5.97,70457.52,41798.911
002546.SZ,20181206,4.01,4.03,3.91,3.91,46096.0,18249.411
002547.SZ,20181206,4.01,4.01,3.85,3.86,394280.11,154670.694
002548.SZ,20181206,7.77,7.99,7.75,7.97,54780.53,43171.173
002549.SZ,20181206,5.96,6.0,5.84,5.94,199746.03,117864.776
002550.SZ,20181206,4.2,4.2,4.13,4.14,34214.66,14231.216
002551.SZ,20181206,5.16,5.23,5.02,5.05,47580.71,24378.584
002552.SZ,20181206,4.88,4.99,4.81,4.84,25157.72,12283.771
002553.SZ,20181206,5.88,5.94,5.8,5.8,17421.81,10194.229
002554.SZ,20181206,3.05,3.06,3.0,3.0,125966.12,38070.232
002555.SZ,20181206,11.91,11.95,11.37,11.46,96791.71,111689.92
002556.SZ,20181206,4.87,4.91,4.78,4.8,61437.53,29757.512
002557.SZ,20181206,19.39,19.85,19.03,19.65,38950.98,75852.99
002558.SZ,20181206,19.42,19.42,19.06,19.15,34495.9,66332.86
002559.SZ,20181206,7.05,7.06,6.85,6.9,24039.43,16708.074
002560.SZ,20181206,4.82,5.28,4.79,5.28,146557.35,76108.794
002561.SZ,20181206,8.19,8.24,8.1,8.12,13198.57,10770.548
002562.SZ,20181206,5.4,5.55,5.26,5.3,296682.12,160253.343
002563.SZ,20181206,9.1,9.21,8.96,8.96,52172.09,47091.238
002564.SZ,20181206,5.41,5.43,5.27,5.28,134156.28,71545.11
002565.SZ,20181206,4.16,4.23,4.09,4.14,15425.0,6416.744
002566.SZ,20181206,6.47,6.53,6.35,6.37,17454.82,11208.757
002567.SZ,20181206,5.7,5.98,5.64,5.78,188124.49,108981.848
002568.SZ,20181206,9.68,9.73,9.4,9.49,24679.15,23524.689
002569.SZ,20181206,11.05,11.13,10.66,10.71,26921.09,29224.72
002570.SZ,20181206,5.4,5.4,5.19,5.19,145630.5,76606.547
002571.SZ,20181206,4.95,4.97,4.83,4.84,33756.0,16558.345
002572.SZ,20181206,19.16,19.39,18.46,18.6,40762.44,76456.231
002573.SZ,20181206,8.52,8.53,8.3,8.32,79869.38,67006.35
002574.SZ,20181206,5.27,5.3,5.19,5.21,37933.95,19859.725
002575.SZ,20181206,6.82,6.94,6.57,6.69,322896.3,218235.435
002576.SZ,20181206,10.14,10.15,9.88,9.9,20765.99,20711.948
002577.SZ,20181206,11.1,11.12,10.75,10.88,28584.0,31128.597
002578.SZ,20181206,3.42,3.44,3.39,3.41,35256.0,12044.479
002579.SZ,20181206,8.89,9.08,8.8,8.87,32397.09,28908.345
002580.SZ,20181206,5.55,5.79,5.53,5.6,105348.74,59427.628
002581.SZ,20181206,7.66,7.69,7.42,7.47,46649.0,35158.075
002582.SZ,20181206,8.09,8.13,8.02,8.07,27112.0,21880.002
002583.SZ,20181206,8.46,8.46,8.15,8.3,95524.3,79265.075
002584.SZ,20181206,6.56,6.61,6.26,6.28,192260.56,122991.363
002585.SZ,20181206,5.18,5.27,5.18,5.24,202376.52,105873.754
002586.SZ,20181206,5.03,5.13,4.97,5.08,108346.27,54767.083
002587.SZ,20181206,5.23,5.27,5.14,5.16,28162.0,14639.138
002588.SZ,20181206,4.26,4.27,4.17,4.2,32749.71,13794.208
002589.SZ,20181206,8.54,8.59,8.02,8.29,142414.27,118805.076
002590.SZ,20181206,7.25,7.41,7.15,7.18,48430.64,35205.803
002591.SZ,20181206,7.35,7.41,7.03,7.04,80184.1,57624.99
002592.SZ,20181206,15.28,16.73,15.25,16.73,76529.87,125220.206
002593.SZ,20181206,3.37,3.37,3.29,3.3,19989.02,6653.259
002594.SZ,20181206,57.51,57.8,54.88,55.35,135824.84,759428.435
002595.SZ,20181206,16.69,16.85,16.31,16.67,11719.52,19430.593
002596.SZ,20181206,6.45,6.84,6.39,6.62,603670.84,399027.668
002597.SZ,20181206,16.38,16.54,16.21,16.28,48490.59,79241.236
002598.SZ,20181206,7.58,7.77,7.47,7.53,20398.0,15556.084
002599.SZ,20181206,9.84,9.86,9.62,9.69,11796.0,11458.817
002600.SZ,20181206,2.84,2.86,2.8,2.81,185404.93,52343.926
002601.SZ,20181206,13.04,13.14,12.97,12.97,29929.75,38986.582
002602.SZ,20181206,21.3,21.5,20.85,20.95,39023.8,81971.808
002603.SZ,20181206,11.2,11.28,10.83,10.95,81157.46,89679.541
002604.SZ,20181206,2.03,2.05,1.94,1.94,146689.89,28945.49
002605.SZ,20181206,8.6,8.89,8.4,8.5,131031.71,113041.857
002606.SZ,20181206,5.48,5.83,5.39,5.61,392055.25,221066.352
002607.SZ,20181206,7.86,8.02,7.58,7.73,240496.0,186763.88
002608.SZ,20181206,7.62,7.96,7.61,7.9,66775.0,52020.314
002609.SZ,20181206,6.3,6.39,6.18,6.26,38986.0,24480.879
002610.SZ,20181206,1.69,1.71,1.67,1.68,298782.08,50359.729
002611.SZ,20181206,4.45,4.47,4.36,4.38,151131.77,66636.457
002612.SZ,20181206,9.48,9.48,9.23,9.25,16628.62,15521.286
002613.SZ,20181206,3.0,3.07,2.97,3.01,65084.4,19714.808
002614.SZ,20181206,16.74,17.14,16.31,16.55,22570.78,37624.975
002615.SZ,20181206,5.46,5.55,5.41,5.44,12280.27,6706.285
002616.SZ,20181206,6.81,6.81,6.64,6.69,21276.0,14233.512
002617.SZ,20181206,5.05,5.11,5.01,5.03,209748.15,105906.209
002618.SZ,20181206,16.25,16.25,15.67,15.78,35052.15,55636.899
002619.SZ,20181206,3.86,3.93,3.8,3.8,196945.76,75774.939
002620.SZ,20181206,6.35,6.36,6.2,6.23,26522.5,16603.111
002621.SZ,20181206,18.67,18.85,18.47,18.61,11641.0,21702.087
002622.SZ,20181206,3.28,3.35,3.27,3.3,259311.48,85805.442
002623.SZ,20181206,16.05,16.2,15.93,16.05,12185.93,19585.439
002624.SZ,20181206,25.65,26.16,24.3,25.8,48573.66,123062.678
002625.SZ,20181206,9.22,9.48,8.84,8.84,66318.5,60369.326
002626.SZ,20181206,14.18,14.66,13.86,13.9,94637.77,134784.708
002627.SZ,20181206,7.19,7.23,7.11,7.14,13475.9,9663.399
002628.SZ,20181206,4.79,4.96,4.71,4.8,134611.13,65128.235
002629.SZ,20181206,4.48,4.49,4.29,4.31,84898.0,37106.224
002630.SZ,20181206,3.25,3.29,3.18,3.19,311343.81,100487.185
002631.SZ,20181206,7.14,7.24,7.06,7.18,44628.8,31921.715
002632.SZ,20181206,7.33,7.74,7.31,7.59,112686.55,85630.692
002633.SZ,20181206,9.07,9.07,8.77,8.78,8609.0,7660.135
002634.SZ,20181206,4.63,4.74,4.56,4.62,29932.85,13923.067
002635.SZ,20181206,12.48,12.48,11.8,11.82,168139.72,203344.543
002636.SZ,20181206,7.8,7.88,7.63,7.65,58108.6,45132.586
002637.SZ,20181206,7.38,7.65,7.28,7.46,64324.0,48150.743
002638.SZ,20181206,3.12,3.13,3.03,3.04,264287.91,81287.145
002639.SZ,20181206,5.82,5.82,5.71,5.71,67912.06,39140.87
002640.SZ,20181206,12.38,12.49,12.0,12.09,82335.05,100050.467
002641.SZ,20181206,3.44,3.46,3.41,3.43,14348.3,4928.527
002642.SZ,20181206,7.2,7.21,6.94,6.96,108685.35,76749.262
002643.SZ,20181206,9.63,9.69,9.46,9.58,30035.74,28810.158
002644.SZ,20181206,8.56,8.61,8.38,8.41,14843.55,12584.717
002645.SZ,20181206,8.3,8.3,8.0,8.07,20280.3,16465.151
002646.SZ,20181206,11.53,11.6,11.35,11.42,10972.22,12542.161
002647.SZ,20181206,14.43,14.55,14.29,14.35,21693.27,31257.417
002648.SZ,20181206,10.35,10.47,10.23,10.25,38592.87,39865.219
002649.SZ,20181206,8.1,8.26,8.03,8.06,84727.87,68780.851
002650.SZ,20181206,4.01,4.02,3.91,3.95,156952.5,62050.559
002651.SZ,20181206,4.56,4.77,4.52,4.58,69512.7,32430.499
002652.SZ,20181206,4.65,4.65,4.48,4.5,41432.96,18889.382
002653.SZ,20181206,13.18,13.38,12.73,12.9,30382.0,39500.807
002654.SZ,20181206,4.44,4.5,4.34,4.34,45718.6,20125.349
002655.SZ,20181206,7.43,7.47,6.94,6.95,128385.0,91878.88
002656.SZ,20181206,10.5,10.56,10.3,10.45,63537.6,66101.309
002657.SZ,20181206,13.77,13.79,13.38,13.54,51075.56,69104.611
002658.SZ,20181206,7.85,7.92,7.65,7.65,12643.58,9790.449
002659.SZ,20181206,8.01,8.03,7.89,7.95,13701.95,10884.286
002660.SZ,20181206,6.12,6.15,6.06,6.12,32925.9,20097.609
002661.SZ,20181206,12.66,12.78,12.6,12.63,15377.0,19476.071
002662.SZ,20181206,3.98,4.01,3.87,3.87,132750.46,52163.079
002663.SZ,20181206,2.74,2.74,2.68,2.68,107364.59,29029.617
002664.SZ,20181206,13.01,13.15,12.62,12.74,100540.11,128991.227
002665.SZ,20181206,3.33,3.36,3.25,3.26,424589.53,139757.224
002666.SZ,20181206,4.55,4.64,4.31,4.31,397586.65,177487.786
002667.SZ,20181206,7.0,7.12,6.9,6.93,28458.9,19870.605
002668.SZ,20181206,5.75,5.82,5.67,5.67,438084.48,251657.992
002669.SZ,20181206,11.81,12.07,11.67,11.74,40942.31,48489.94
002670.SZ,20181206,11.2,11.28,10.92,11.1,106044.06,117959.924
002671.SZ,20181206,4.55,4.57,4.45,4.47,20953.0,9431.658
002672.SZ,20181206,11.66,11.85,11.5,11.73,31988.01,37268.473
002673.SZ,20181206,8.52,8.56,8.33,8.35,179039.3,150735.844
002674.SZ,20181206,7.91,8.03,7.86,7.87,7073.28,5606.09
002675.SZ,20181206,9.28,9.29,8.59,8.85,81581.05,72886.403
002676.SZ,20181206,3.32,3.41,3.29,3.31,124800.8,41912.935
002677.SZ,20181206,10.56,10.62,10.25,10.33,59196.1,61493.719
002678.SZ,20181206,6.16,6.22,6.08,6.11,10401.6,6372.068
002679.SZ,20181206,17.79,17.79,17.13,17.31,20055.92,34904.896
002681.SZ,20181206,4.07,4.16,3.96,4.1,138100.89,56038.842
002682.SZ,20181206,4.83,4.87,4.77,4.78,21568.55,10362.397
002683.SZ,20181206,8.98,9.11,8.88,8.96,27474.55,24668.28
002684.SZ,20181206,6.64,6.8,6.47,6.5,83788.12,55421.961
002685.SZ,20181206,5.71,5.74,5.6,5.62,27601.39,15617.863
002686.SZ,20181206,7.25,7.38,7.17,7.36,24637.0,17989.689
002687.SZ,20181206,6.19,6.29,6.05,6.28,106343.5,65728.043
002688.SZ,20181206,5.1,5.14,5.02,5.04,21379.5,10843.505
002689.SZ,20181206,3.58,3.59,3.52,3.52,18033.7,6397.326
002690.SZ,20181206,21.87,21.97,21.21,21.27,27737.06,59700.173
002691.SZ,20181206,7.03,7.03,6.83,6.91,42964.19,29805.102
002692.SZ,20181206,3.96,4.04,3.91,3.92,107307.28,42567.863
002693.SZ,20181206,4.64,4.66,4.44,4.48,99051.24,45090.58
002694.SZ,20181206,5.2,5.34,5.09,5.09,169779.08,88232.02
002695.SZ,20181206,10.53,10.75,10.43,10.64,49030.68,52132.695
002696.SZ,20181206,9.76,10.01,9.68,9.92,26274.97,25971.314
002697.SZ,20181206,5.35,5.41,5.29,5.33,46819.44,25026.279
002698.SZ,20181206,10.1,10.1,9.58,9.63,42222.08,41298.148
002699.SZ,20181206,6.77,7.15,6.66,6.77,764147.25,526263.272
002700.SZ,20181206,11.86,12.28,11.8,12.09,138158.41,166770.11
002701.SZ,20181206,5.01,5.05,4.89,5.05,231651.39,115116.277
002702.SZ,20181206,4.26,4.38,4.22,4.29,85229.59,36764.087
002703.SZ,20181206,4.28,4.69,4.27,4.69,307231.84,141512.997
002705.SZ,20181206,9.09,9.25,9.0,9.02,12268.22,11172.537
002706.SZ,20181206,6.04,6.06,5.93,5.95,19762.77,11828.297
002707.SZ,20181206,6.84,6.87,6.71,6.72,43412.96,29392.205
002708.SZ,20181206,8.55,8.69,8.29,8.29,539718.11,455958.565
002709.SZ,20181206,23.85,24.79,23.81,24.52,105615.41,257701.125
002711.SZ,20181206,4.32,4.43,4.25,4.29,239093.24,103727.017
002712.SZ,20181206,7.21,7.43,7.07,7.08,151098.0,108716.979
002713.SZ,20181206,16.4,17.5,16.11,17.43,24833.23,41882.308
002714.SZ,20181206,30.23,30.48,29.4,30.12,122663.86,367339.734
002715.SZ,20181206,17.2,18.72,16.51,18.72,76438.71,134746.019
002716.SZ,20181206,6.97,7.12,6.92,6.95,430087.3,301922.465
002717.SZ,20181206,9.22,9.26,9.11,9.14,32257.89,29642.899
002718.SZ,20181206,29.29,29.48,28.5,28.62,5512.76,15922.3
002719.SZ,20181206,12.92,14.3,12.76,14.3,226536.97,315956.972
002721.SZ,20181206,6.27,6.27,6.02,6.04,117478.0,71938.664
002722.SZ,20181206,15.48,15.62,15.06,15.18,30283.06,46329.48
002723.SZ,20181206,9.25,9.25,8.94,8.94,36393.27,33061.622
002724.SZ,20181206,5.73,5.78,5.53,5.55,11652.0,6558.679
002725.SZ,20181206,9.07,9.09,8.64,8.85,85816.87,75659.861
002726.SZ,20181206,8.49,8.49,8.32,8.36,14412.93,12102.829
002727.SZ,20181206,24.08,24.56,23.01,23.37,55878.81,132802.789
002728.SZ,20181206,14.53,14.53,14.05,14.05,5861.42,8342.186
002729.SZ,20181206,22.12,22.35,21.73,21.8,5577.0,12265.611
002730.SZ,20181206,7.2,7.24,7.0,7.0,26387.22,18745.826
002731.SZ,20181206,18.03,18.03,17.68,17.71,4875.0,8676.294
002732.SZ,20181206,16.8,17.18,16.6,16.68,7104.48,11993.497
002733.SZ,20181206,9.18,9.25,9.03,9.06,24822.5,22663.828
002734.SZ,20181206,10.62,10.71,10.53,10.55,5539.7,5873.599
002735.SZ,20181206,22.4,22.82,22.14,22.48,4263.0,9602.005
002736.SZ,20181206,9.09,9.09,8.77,8.82,99518.81,88417.706
002737.SZ,20181206,17.6,17.74,16.71,16.78,36055.0,61969.395
002738.SZ,20181206,15.86,16.05,15.62,15.7,9733.33,15377.662
002739.SZ,20181206,22.2,22.87,22.13,22.24,205607.91,463697.916
002740.SZ,20181206,6.32,6.39,5.94,5.95,52367.8,32164.03
002741.SZ,20181206,17.36,17.5,17.06,17.39,26701.74,46249.323
002742.SZ,20181206,8.18,8.27,8.14,8.16,42329.38,34669.584
002743.SZ,20181206,6.25,6.41,6.18,6.32,105507.19,66555.365
002745.SZ,20181206,12.78,13.12,12.75,13.02,110108.31,142902.293
002746.SZ,20181206,14.6,14.98,14.6,14.64,46853.9,69302.346
002747.SZ,20181206,9.46,9.85,9.46,9.73,98466.21,95846.354
002748.SZ,20181206,8.15,8.15,7.83,7.83,29546.0,23526.973
002749.SZ,20181206,18.7,18.7,18.08,18.2,3757.38,6858.923
002750.SZ,20181206,6.01,6.03,5.86,5.91,11636.0,6908.713
002751.SZ,20181206,22.28,22.32,21.8,21.81,21901.18,48233.643
002752.SZ,20181206,6.98,6.99,6.89,6.94,10092.98,7000.838
002753.SZ,20181206,9.98,10.04,9.8,9.81,10566.77,10465.593
002755.SZ,20181206,14.97,15.22,14.41,14.57,55128.88,81348.977
002756.SZ,20181206,13.13,13.25,12.95,12.98,15012.2,19622.366
002757.SZ,20181206,29.0,29.47,28.62,29.28,5853.31,17018.58
002758.SZ,20181206,8.19,8.32,8.03,8.08,12957.91,10541.445
002759.SZ,20181206,8.0,8.12,7.94,8.0,23064.95,18511.868
002760.SZ,20181206,15.85,15.9,15.3,15.4,10807.0,16837.615
002762.SZ,20181206,5.84,5.87,5.66,5.69,23963.13,13794.875
002763.SZ,20181206,8.75,8.75,8.48,8.56,18360.82,15715.502
002765.SZ,20181206,6.23,6.5,6.2,6.31,35897.0,22916.174
002766.SZ,20181206,6.43,6.48,6.23,6.26,111993.0,71093.562
002767.SZ,20181206,13.43,13.48,12.89,13.47,14895.28,19623.359
002768.SZ,20181206,27.2,27.34,26.21,26.45,17306.0,46072.123
002769.SZ,20181206,8.99,9.11,8.72,8.73,83098.08,73820.374
002770.SZ,20181206,3.03,3.05,2.97,2.97,69333.53,20806.867
002771.SZ,20181206,12.1,12.1,11.6,11.65,23440.0,27685.556
002772.SZ,20181206,7.13,7.22,7.13,7.19,34385.49,24663.916
002773.SZ,20181206,40.08,40.41,37.02,37.83,35014.32,135134.619
002774.SZ,20181206,8.76,8.77,8.56,8.59,15125.0,13059.963
002775.SZ,20181206,6.34,6.36,6.25,6.26,22308.12,14039.782
002776.SZ,20181206,15.91,16.04,15.71,15.84,24786.51,39395.088
002777.SZ,20181206,24.32,24.32,23.31,23.43,6645.91,15760.929
002778.SZ,20181206,17.3,17.85,17.02,17.61,38127.51,66941.561
002779.SZ,20181206,16.28,17.29,16.09,16.52,8823.61,14812.152
002780.SZ,20181206,13.29,13.5,12.95,12.95,14481.08,19074.868
002781.SZ,20181206,15.23,16.75,15.05,16.5,42002.23,67157.597
002782.SZ,20181206,12.15,12.35,12.09,12.21,34289.5,41847.968
002783.SZ,20181206,7.05,7.07,6.81,6.83,21152.45,14635.654
002785.SZ,20181206,9.47,9.64,9.45,9.54,17153.0,16354.397
002786.SZ,20181206,6.87,6.96,6.55,6.63,71473.92,47995.602
002787.SZ,20181206,7.46,7.63,7.38,7.48,26404.0,19864.888
002788.SZ,20181206,14.52,14.52,13.84,13.93,19869.86,28029.787
002789.SZ,20181206,17.68,17.98,17.33,17.53,16800.7,29681.336
002790.SZ,20181206,10.99,11.18,10.55,10.8,39093.86,42149.242
002791.SZ,20181206,10.88,10.88,10.58,10.65,10807.5,11515.579
002792.SZ,20181206,27.52,28.0,26.2,26.55,88805.31,241330.779
002793.SZ,20181206,10.57,10.7,10.51,10.56,9037.0,9583.814
002795.SZ,20181206,15.43,15.95,15.4,15.47,45942.24,71738.869
002796.SZ,20181206,33.3,33.8,31.75,32.45,34801.0,113578.836
002797.SZ,20181206,5.5,5.52,5.37,5.39,514967.8,279933.079
002798.SZ,20181206,13.6,13.73,13.42,13.69,17079.05,23256.363
002799.SZ,20181206,12.58,12.71,12.34,12.34,12259.5,15367.25
002800.SZ,20181206,18.13,18.28,17.8,17.9,8973.0,16164.296
002801.SZ,20181206,24.45,24.86,23.79,23.79,10833.0,26440.9
002802.SZ,20181206,21.0,21.35,20.72,20.97,4983.52,10468.028
002803.SZ,20181206,32.8,33.28,31.97,32.09,18974.9,61427.89
002805.SZ,20181206,15.34,15.36,14.9,14.96,12637.53,19060.115
002806.SZ,20181206,18.78,19.27,18.68,18.68,24839.0,46947.801
002807.SZ,20181206,5.36,5.39,5.27,5.29,85012.7,45244.053
002808.SZ,20181206,12.6,12.68,12.32,12.33,8050.6,10059.94
002809.SZ,20181206,16.33,16.5,16.01,16.04,9135.63,14823.505
002810.SZ,20181206,15.86,15.86,15.22,15.54,25882.44,40184.098
002811.SZ,20181206,14.76,14.89,14.55,14.7,7319.08,10787.457
002812.SZ,20181206,53.38,55.7,52.2,52.7,29487.01,159232.74
002813.SZ,20181206,25.4,25.9,25.08,25.2,10778.0,27352.926
002815.SZ,20181206,14.75,14.9,14.41,14.42,33554.58,49049.372
002816.SZ,20181206,15.88,16.11,15.67,15.92,7259.98,11541.816
002817.SZ,20181206,18.15,18.15,17.54,17.61,8195.0,14541.571
002818.SZ,20181206,21.77,21.79,21.43,21.53,6889.92,14858.527
002819.SZ,20181206,20.81,21.14,20.51,21.02,5485.78,11430.501
002820.SZ,20181206,12.44,12.45,12.15,12.18,10808.41,13246.326
002821.SZ,20181206,75.08,77.55,73.0,74.36,26623.43,200452.579
002822.SZ,20181206,5.47,5.53,5.39,5.4,28170.81,15331.35
002823.SZ,20181206,10.52,10.52,10.22,10.4,14756.41,15294.403
002824.SZ,20181206,10.1,10.3,10.06,10.07,15516.96,15749.928
002825.SZ,20181206,15.68,16.35,15.4,15.81,29934.48,47967.217
002826.SZ,20181206,11.65,11.99,11.31,11.34,73937.69,85301.713
002827.SZ,20181206,14.7,14.78,14.27,14.4,16072.0,23421.763
002828.SZ,20181206,13.1,13.25,12.66,12.7,40708.5,52618.225
002829.SZ,20181206,18.65,18.97,18.19,18.96,20254.0,37745.182
002830.SZ,20181206,16.99,17.05,16.53,16.58,12329.0,20591.05
002831.SZ,20181206,43.35,43.67,42.03,42.4,4531.39,19328.029
002832.SZ,20181206,33.23,33.23,32.3,32.55,3587.99,11741.19
002833.SZ,20181206,37.65,37.81,36.6,36.7,5319.8,19769.944
002835.SZ,20181206,7.5,7.6,7.32,7.38,16803.42,12511.072
002836.SZ,20181206,17.9,17.9,14.78,14.78,107730.86,173089.139
002837.SZ,20181206,15.8,16.0,15.15,15.37,42548.39,66129.477
002838.SZ,20181206,18.05,18.66,17.85,18.24,7479.0,13679.803
002839.SZ,20181206,5.88,5.91,5.82,5.83,163676.84,95752.749
002840.SZ,20181206,14.63,15.4,14.29,14.35,60335.0,89412.455
002841.SZ,20181206,59.49,59.49,57.8,58.03,13216.93,76927.108
002842.SZ,20181206,18.31,18.57,17.7,17.8,21266.97,38456.896
002843.SZ,20181206,12.56,12.62,12.35,12.51,16428.0,20463.056
002845.SZ,20181206,14.55,14.7,14.29,14.35,14040.0,20316.1
002846.SZ,20181206,11.23,11.32,11.02,11.03,16470.34,18367.792
002847.SZ,20181206,22.43,22.57,22.13,22.16,11932.0,26626.442
002848.SZ,20181206,11.48,11.5,10.65,10.72,124256.3,136681.289
002849.SZ,20181206,15.87,16.17,15.69,15.7,25820.91,41112.235
002850.SZ,20181206,17.64,18.1,17.44,17.85,16395.0,29250.975
002851.SZ,20181206,22.11,22.34,21.72,21.99,9917.75,21899.794
002852.SZ,20181206,12.71,12.85,12.55,12.56,16432.73,20833.862
002853.SZ,20181206,17.92,18.27,17.9,17.9,8048.0,14510.074
002855.SZ,20181206,8.95,8.99,8.78,8.79,7034.33,6231.901
002856.SZ,20181206,26.85,27.61,26.29,26.38,95124.36,256532.421
002857.SZ,20181206,11.92,12.0,11.58,11.6,15409.2,18096.211
002858.SZ,20181206,15.0,15.15,14.77,14.89,8995.11,13480.495
002859.SZ,20181206,33.55,33.59,33.03,33.15,15711.89,52203.55
002860.SZ,20181206,17.41,17.41,17.08,17.1,6533.0,11237.649
002861.SZ,20181206,20.75,20.75,19.02,19.15,25715.94,50900.778
002862.SZ,20181206,19.22,19.34,18.82,18.85,12619.0,23989.643
002863.SZ,20181206,7.04,7.26,6.91,6.95,80281.16,56774.618
002864.SZ,20181206,35.2,35.59,33.8,33.95,19229.0,66462.958
002865.SZ,20181206,21.46,22.35,21.23,21.66,64379.0,140181.446
002866.SZ,20181206,11.4,11.43,10.96,10.96,29457.0,32827.25
002867.SZ,20181206,30.81,31.05,30.0,30.23,12585.19,38538.217
002868.SZ,20181206,16.3,16.3,15.71,15.79,7454.55,11892.693
002869.SZ,20181206,16.8,18.29,16.62,18.29,24569.99,44428.622
002870.SZ,20181206,15.95,15.95,15.61,15.71,4737.0,7448.705
002871.SZ,20181206,21.53,21.72,21.2,21.32,7132.3,15295.71
002872.SZ,20181206,9.67,9.73,9.36,9.41,61469.0,58556.486
002873.SZ,20181206,16.87,16.95,16.48,16.49,9445.6,15755.328
002875.SZ,20181206,15.8,15.81,15.26,15.26,19816.8,30638.744
002876.SZ,20181206,34.86,34.86,32.85,33.5,5844.0,19615.872
002877.SZ,20181206,16.54,17.31,16.51,16.55,44716.65,75077.189
002878.SZ,20181206,26.36,26.5,25.81,25.9,13706.29,35745.33
002879.SZ,20181206,13.48,13.52,13.12,13.17,16040.63,21338.373
002880.SZ,20181206,45.25,45.25,43.5,43.88,3952.79,17529.65
002881.SZ,20181206,17.64,17.66,16.7,16.87,35573.5,60811.323
002882.SZ,20181206,10.0,10.14,9.8,9.8,27365.93,27224.629
002883.SZ,20181206,21.56,21.63,20.63,20.77,15700.34,33055.126
002884.SZ,20181206,22.6,22.6,21.73,21.95,15778.01,34893.951
002885.SZ,20181206,17.81,18.08,17.6,17.63,10687.0,19040.309
002886.SZ,20181206,17.72,17.73,17.1,17.15,32279.02,55924.243
002887.SZ,20181206,17.02,17.31,16.71,16.71,12831.39,21776.484
002888.SZ,20181206,21.2,21.58,20.0,20.13,37801.92,78576.161
002889.SZ,20181206,25.25,25.53,24.64,24.69,16237.0,40631.72
002890.SZ,20181206,19.49,19.58,19.07,19.26,8014.21,15440.173
002891.SZ,20181206,33.8,33.9,32.8,32.83,6225.23,20731.01
002892.SZ,20181206,26.86,27.29,26.58,26.6,10225.06,27490.633
002893.SZ,20181206,17.35,17.65,17.19,17.36,17613.96,30674.205
002895.SZ,20181206,13.31,13.42,12.83,12.84,125464.53,164058.434
002896.SZ,20181206,32.56,32.56,31.4,31.55,9807.0,31234.059
002897.SZ,20181206,18.6,18.6,17.68,17.7,45485.49,81997.1
002898.SZ,20181206,16.29,16.36,15.77,15.81,28046.35,44856.563
002899.SZ,20181206,16.86,17.38,16.69,16.71,19814.0,33692.932
002900.SZ,20181206,12.13,12.13,11.72,11.96,26196.2,31147.943
002901.SZ,20181206,35.18,35.48,32.33,33.72,16034.58,54809.648
002902.SZ,20181206,21.45,21.78,19.51,19.96,53829.0,112279.997
002903.SZ,20181206,18.6,18.6,18.02,18.08,23345.5,42652.082
002905.SZ,20181206,13.72,13.84,13.3,13.49,10051.33,13666.108
002906.SZ,20181206,11.78,11.96,11.41,11.46,70176.47,81437.207
002907.SZ,20181206,18.3,18.3,17.79,17.8,18653.7,33537.469
002908.SZ,20181206,18.78,18.8,18.16,18.19,18789.01,34718.289
002909.SZ,20181206,12.67,12.67,11.83,11.85,83629.71,101326.211
002910.SZ,20181206,13.8,13.93,13.41,13.42,48372.8,65873.796
002911.SZ,20181206,18.79,18.97,18.5,18.56,12700.0,23793.789
002912.SZ,20181206,80.1,80.93,78.24,79.51,7339.93,58658.356
002913.SZ,20181206,44.5,44.52,42.6,43.17,36917.55,160472.987
002915.SZ,20181206,24.98,25.54,24.54,24.9,19489.04,48788.273
002916.SZ,20181206,81.0,81.0,74.72,75.0,92401.95,703600.315
002917.SZ,20181206,23.3,23.62,23.06,23.13,19147.56,44519.464
002918.SZ,20181206,18.08,18.19,17.8,17.84,12653.55,22696.87
002919.SZ,20181206,23.19,23.19,22.57,22.72,11123.24,25405.633
002920.SZ,20181206,20.35,20.54,19.91,19.98,30012.12,60331.087
002921.SZ,20181206,28.88,29.21,28.29,28.3,14772.0,42250.404
002922.SZ,20181206,16.8,17.09,16.6,16.64,12868.79,21579.157
002923.SZ,20181206,25.54,25.6,24.39,24.48,21186.43,52642.578
002925.SZ,20181206,49.01,49.01,46.6,47.04,37848.9,179727.203
002926.SZ,20181206,9.16,9.25,9.03,9.1,138755.88,126719.063
002927.SZ,20181206,23.36,23.69,22.95,22.98,14390.4,33501.253
002928.SZ,20181206,21.01,21.15,20.21,20.26,38962.94,80336.856
002929.SZ,20181206,29.94,30.3,29.11,29.23,46928.85,139213.519
002930.SZ,20181206,27.18,27.59,26.71,26.74,38613.54,104609.405
002931.SZ,20181206,32.77,33.39,31.8,32.93,25631.14,83799.356
002932.SZ,20181206,46.45,47.25,46.02,46.3,10663.0,49730.115
002933.SZ,20181206,41.76,43.05,41.76,41.95,21822.12,92433.16
002935.SZ,20181206,40.84,41.98,40.55,40.98,30752.06,127012.182
002936.SZ,20181206,5.3,5.33,5.25,5.26,199197.43,105252.716
002937.SZ,20181206,22.2,22.89,22.1,22.24,58927.07,132589.514
002938.SZ,20181206,18.19,18.29,17.93,17.93,91126.89,164787.248
002939.SZ,20181206,10.43,10.58,10.26,10.33,226252.17,235612.251
002940.SZ,20181206,40.18,41.0,39.8,39.82,20816.73,83768.32
002941.SZ,20181206,18.32,18.32,18.32,18.32,5141.68,9419.557
002942.SZ,20181206,22.7,22.7,22.7,22.7,140.11,318.049
002943.SZ,20181206,40.85,40.85,40.85,40.85,7999.37,32677.426
300001.SZ,20181206,17.27,17.28,16.82,17.02,67254.2,114663.863
300002.SZ,20181206,3.69,3.69,3.56,3.57,206229.39,74458.437
300003.SZ,20181206,32.95,33.54,29.87,29.87,144457.01,461833.503
300004.SZ,20181206,4.51,4.52,4.36,4.36,156819.8,69213.194
300005.SZ,20181206,3.56,3.58,3.48,3.49,98003.08,34525.39
300006.SZ,20181206,4.92,4.92,4.41,4.42,859592.88,405864.452
300007.SZ,20181206,10.84,10.85,10.51,10.56,57981.0,61708.954
300008.SZ,20181206,3.07,3.14,3.02,3.03,270727.55,83243.731
300009.SZ,20181206,16.22,16.53,15.7,15.88,97111.61,156110.436
300010.SZ,20181206,8.69,8.81,8.52,8.58,75005.5,64935.573
300011.SZ,20181206,6.53,6.59,6.28,6.35,66247.0,42285.681
300012.SZ,20181206,6.62,6.68,6.49,6.53,141367.7,92896.789
300013.SZ,20181206,10.9,10.9,10.45,10.45,23158.0,24580.024
300014.SZ,20181206,15.6,16.24,15.52,15.88,267258.77,424041.219
300015.SZ,20181206,30.45,30.75,29.43,30.0,143097.84,430846.924
300016.SZ,20181206,7.78,7.88,7.34,7.34,112363.63,85184.953
300017.SZ,20181206,7.95,7.98,7.77,7.8,212572.38,167043.16
300018.SZ,20181206,4.53,4.6,4.46,4.46,100051.0,45231.436
300019.SZ,20181206,6.2,6.2,6.05,6.14,21640.0,13239.507
300020.SZ,20181206,7.09,7.15,6.9,7.02,122136.4,85822.727
300021.SZ,20181206,4.28,4.45,4.25,4.42,179964.15,78944.801
300022.SZ,20181206,4.0,4.03,3.91,3.98,62070.21,24629.218
300023.SZ,20181206,7.03,7.07,6.55,6.63,107779.21,72948.311
300024.SZ,20181206,13.93,13.94,13.62,13.66,94385.01,129786.925
300025.SZ,20181206,4.81,4.88,4.53,4.55,263880.98,123537.709
300026.SZ,20181206,3.37,3.39,3.34,3.34,113593.39,38225.264
300027.SZ,20181206,5.02,5.15,4.99,5.0,241080.4,122200.63
300029.SZ,20181206,5.36,5.45,5.29,5.31,20404.19,10929.133
300030.SZ,20181206,5.81,5.94,5.72,5.73,27147.41,15807.973
300031.SZ,20181206,13.69,13.76,13.26,13.32,26939.0,36090.03
300032.SZ,20181206,3.42,3.46,3.3,3.31,143787.8,48230.852
300033.SZ,20181206,42.75,42.75,40.65,41.25,34194.18,142199.346
300034.SZ,20181206,10.25,10.44,10.19,10.27,43109.1,44439.89
300035.SZ,20181206,5.01,5.01,4.9,4.91,53885.16,26643.73
300036.SZ,20181206,18.82,18.98,18.32,18.41,44018.88,81902.402
300037.SZ,20181206,26.62,27.56,25.94,26.56,77247.12,206546.738
300038.SZ,20181206,9.7,9.75,9.42,9.47,128751.07,123050.156
300039.SZ,20181206,4.7,4.7,4.54,4.57,71300.2,32875.271
300040.SZ,20181206,5.52,5.62,5.41,5.43,24086.53,13275.509
300041.SZ,20181206,7.09,7.09,6.93,6.96,32260.0,22565.896
300042.SZ,20181206,16.0,16.0,15.06,15.15,43901.0,67476.028
300043.SZ,20181206,3.65,3.71,3.62,3.64,166714.1,61046.332
300044.SZ,20181206,6.39,6.41,6.16,6.2,100162.26,62757.689
300045.SZ,20181206,7.78,7.87,7.55,7.56,45070.2,34601.204
300046.SZ,20181206,12.74,12.78,12.41,12.48,44217.31,55533.077
300047.SZ,20181206,11.8,11.8,11.47,11.62,32743.37,38054.602
300048.SZ,20181206,2.62,2.84,2.59,2.64,222695.2,60170.972
300049.SZ,20181206,10.63,10.68,10.36,10.46,39354.19,41302.15
300050.SZ,20181206,7.2,7.36,6.46,6.46,541524.28,359234.872
300051.SZ,20181206,6.8,6.84,6.6,6.62,58560.0,39299.898
300052.SZ,20181206,9.89,9.9,9.55,9.63,58756.88,57057.592
300053.SZ,20181206,9.4,9.41,9.04,9.1,67097.59,61797.371
300054.SZ,20181206,7.0,7.07,6.83,6.86,71063.23,49285.719
300055.SZ,20181206,8.53,8.53,8.25,8.26,50492.63,42275.844
300056.SZ,20181206,5.17,5.19,5.1,5.1,33547.7,17199.336
300057.SZ,20181206,6.46,6.74,6.46,6.6,17809.0,11786.235
300058.SZ,20181206,4.71,4.73,4.55,4.55,142586.6,65717.423
300059.SZ,20181206,13.09,13.09,12.74,12.78,1000985.76,1289865.432
300061.SZ,20181206,7.0,7.03,6.64,6.76,43010.72,29146.978
300062.SZ,20181206,5.4,5.41,5.25,5.26,30763.0,16399.663
300063.SZ,20181206,3.41,3.7,3.39,3.46,184362.57,64682.949
300064.SZ,20181206,5.02,5.02,4.9,4.91,61971.1,30646.146
300065.SZ,20181206,11.69,11.76,11.45,11.51,30906.93,35823.758
300066.SZ,20181206,3.61,3.63,3.52,3.55,39202.5,14011.94
300067.SZ,20181206,5.33,5.33,5.14,5.16,172940.75,90108.461
300068.SZ,20181206,13.4,13.41,13.17,13.33,104183.89,138462.713
300069.SZ,20181206,10.3,10.33,9.94,10.01,30670.5,31114.144
300070.SZ,20181206,9.04,9.07,8.83,8.86,204203.71,182268.172
300071.SZ,20181206,3.46,3.83,3.44,3.6,404118.85,148081.379
300072.SZ,20181206,11.18,11.18,10.99,11.01,85857.47,94977.834
300073.SZ,20181206,28.79,29.54,28.52,28.69,95977.5,277847.044
300074.SZ,20181206,3.91,3.97,3.83,3.87,160676.01,62545.735
300075.SZ,20181206,12.05,12.2,11.74,11.76,145900.65,173772.664
300076.SZ,20181206,4.63,4.64,4.43,4.52,109372.16,49173.556
300077.SZ,20181206,8.72,9.03,8.65,8.87,302820.0,267497.282
300078.SZ,20181206,10.39,10.44,10.07,10.07,85205.18,87171.214
300079.SZ,20181206,3.66,3.68,3.45,3.47,636334.07,225526.821
300081.SZ,20181206,9.25,9.25,8.83,8.83,133072.79,120108.965
300082.SZ,20181206,6.09,6.09,5.93,6.02,39193.16,23481.351
300083.SZ,20181206,2.85,2.87,2.73,2.75,289384.0,80670.352
300084.SZ,20181206,5.71,5.98,5.55,5.59,436070.69,250164.817
300085.SZ,20181206,9.14,9.17,8.98,8.98,47780.6,43336.173
300086.SZ,20181206,6.59,6.63,6.41,6.42,45416.5,29454.793
300087.SZ,20181206,9.61,9.62,9.49,9.6,6134.71,5857.767
300088.SZ,20181206,4.9,4.92,4.79,4.8,262817.49,127732.691
300089.SZ,20181206,5.94,5.97,5.7,5.75,99548.38,57784.47
300090.SZ,20181206,2.56,2.6,2.5,2.52,281474.94,71512.413
300091.SZ,20181206,3.9,3.98,3.8,3.8,229599.47,88951.685
300092.SZ,20181206,6.63,6.72,6.4,6.47,49675.68,32531.2
300093.SZ,20181206,6.75,6.79,6.59,6.63,26570.0,17759.534
300094.SZ,20181206,5.53,5.58,5.38,5.46,60866.87,33459.442
300095.SZ,20181206,5.3,5.37,5.18,5.24,22867.16,12039.341
300096.SZ,20181206,7.85,8.01,7.74,7.74,29140.0,22871.747
300097.SZ,20181206,11.72,11.95,11.53,11.82,47425.85,55588.543
300098.SZ,20181206,6.25,6.25,6.08,6.11,111700.05,68648.808
300099.SZ,20181206,4.58,4.58,4.45,4.46,82631.98,37120.418
300100.SZ,20181206,11.72,11.8,10.98,10.98,232527.21,262910.564
300101.SZ,20181206,11.0,11.13,10.86,10.95,76359.0,83833.982
300102.SZ,20181206,6.02,6.13,5.96,6.08,62817.16,37957.904
300103.SZ,20181206,8.53,8.53,8.28,8.41,47709.0,39993.222
300104.SZ,20181206,2.9,2.94,2.84,2.86,918320.74,264834.265
300105.SZ,20181206,4.19,4.22,4.07,4.11,29700.0,12312.921
300106.SZ,20181206,5.92,5.96,5.81,5.83,44208.67,25951.843
300107.SZ,20181206,10.49,10.59,10.31,10.33,66914.72,69710.275
300108.SZ,20181206,6.06,6.09,5.94,5.97,17300.0,10379.649
300109.SZ,20181206,15.77,16.1,15.25,15.39,81532.65,127636.317
300110.SZ,20181206,3.69,3.72,3.59,3.61,179610.2,65533.948
300111.SZ,20181206,2.29,2.31,2.26,2.26,59425.5,13526.036
300112.SZ,20181206,7.22,7.22,6.97,6.97,17476.0,12332.958
300113.SZ,20181206,14.73,14.76,14.3,14.4,66549.68,96233.645
300114.SZ,20181206,8.83,8.89,8.63,8.66,26469.72,23138.516
300115.SZ,20181206,8.63,8.63,8.36,8.38,73056.05,61609.851
300116.SZ,20181206,1.69,1.7,1.63,1.64,471670.0,78192.148
300117.SZ,20181206,4.0,4.13,3.9,3.95,134531.8,53757.658
300118.SZ,20181206,6.36,6.39,6.16,6.2,100154.16,62791.016
300119.SZ,20181206,7.5,7.55,7.4,7.45,13345.82,9975.206
300120.SZ,20181206,6.42,6.5,6.32,6.39,23238.59,14895.332
300121.SZ,20181206,9.63,9.73,9.48,9.5,31122.1,29826.8
300122.SZ,20181206,44.31,44.85,42.38,42.38,148020.09,642626.077
300123.SZ,20181206,8.79,8.91,8.59,8.59,34414.53,30079.496
300124.SZ,20181206,21.88,21.97,21.24,21.32,67092.7,144152.64
300125.SZ,20181206,13.36,13.36,13.11,13.25,6156.0,8138.419
300126.SZ,20181206,5.42,5.46,5.24,5.37,106721.0,57039.884
300127.SZ,20181206,11.85,11.85,11.57,11.63,17444.1,20382.843
300128.SZ,20181206,3.49,3.81,3.47,3.63,736698.25,272247.33
300129.SZ,20181206,3.25,3.31,3.17,3.2,62047.53,20080.498
300130.SZ,20181206,12.73,13.09,12.66,12.73,29843.35,38543.679
300131.SZ,20181206,4.72,4.77,4.63,4.63,96407.04,45089.357
300132.SZ,20181206,12.38,12.38,12.05,12.14,50494.8,61553.43
300133.SZ,20181206,8.67,8.89,8.6,8.85,169771.07,148670.679
300134.SZ,20181206,9.53,9.6,9.26,9.3,184890.43,173845.967
300135.SZ,20181206,2.91,2.99,2.9,2.95,132597.0,39001.693
300136.SZ,20181206,25.5,25.79,24.32,24.45,526934.54,1314094.955
300137.SZ,20181206,8.98,9.25,8.83,8.9,204906.92,184958.63
300138.SZ,20181206,5.61,5.65,5.5,5.56,21658.68,12078.282
300139.SZ,20181206,7.91,8.2,7.87,8.12,137891.0,111057.419
300140.SZ,20181206,8.15,8.57,8.09,8.35,85393.91,71054.933
300141.SZ,20181206,6.67,6.78,6.51,6.54,17559.63,11601.583
300142.SZ,20181206,19.58,20.0,19.42,19.76,103064.76,203038.312
300143.SZ,20181206,8.95,9.45,8.92,9.29,45810.64,42417.309
300144.SZ,20181206,21.99,22.17,21.72,21.92,41734.29,91515.694
300145.SZ,20181206,3.7,3.73,3.63,3.64,129157.0,47365.696
300146.SZ,20181206,20.7,21.13,20.1,20.2,130169.48,267304.666
300147.SZ,20181206,6.95,7.0,6.73,6.75,60003.0,41060.046
300148.SZ,20181206,4.84,4.93,4.72,4.84,478715.06,230542.472
300149.SZ,20181206,15.1,15.17,14.79,14.85,13799.07,20601.002
300150.SZ,20181206,4.63,4.65,4.46,4.5,47074.0,21517.106
300151.SZ,20181206,5.66,5.7,5.55,5.56,18499.5,10407.699
300152.SZ,20181206,2.71,2.82,2.65,2.75,213033.29,58390.228
300153.SZ,20181206,7.5,7.76,7.4,7.46,48846.0,36807.924
300154.SZ,20181206,5.52,5.53,5.33,5.37,20896.0,11253.766
300155.SZ,20181206,4.84,4.84,4.6,4.64,88800.21,41732.341
300156.SZ,20181206,4.39,4.41,4.22,4.23,172442.86,74164.823
300157.SZ,20181206,5.11,5.15,4.87,4.92,251620.22,125919.348
300158.SZ,20181206,4.1,4.16,4.06,4.09,46254.56,18963.867
300159.SZ,20181206,5.71,5.79,5.61,5.61,92715.87,52728.148
300160.SZ,20181206,3.78,3.85,3.71,3.77,39929.74,15143.901
300161.SZ,20181206,10.93,10.98,10.62,10.68,21865.57,23580.857
300162.SZ,20181206,5.4,5.65,5.4,5.47,112637.04,62424.076
300163.SZ,20181206,3.71,3.71,3.54,3.62,81453.49,29410.155
300164.SZ,20181206,7.33,7.57,7.26,7.29,123404.53,91182.407
300165.SZ,20181206,4.58,4.58,4.36,4.39,61748.91,27463.805
300166.SZ,20181206,12.1,12.15,11.83,11.85,72245.26,86252.905
300167.SZ,20181206,5.74,5.77,5.36,5.4,129767.26,72182.97
300168.SZ,20181206,12.67,12.69,12.33,12.34,132417.27,164964.943
300169.SZ,20181206,5.17,5.4,5.09,5.13,42637.0,22175.195
300170.SZ,20181206,10.56,10.74,10.43,10.52,112717.07,118981.201
300171.SZ,20181206,7.23,7.34,6.98,7.05,195772.1,139573.908
300172.SZ,20181206,5.8,5.85,5.72,5.74,17716.55,10230.747
300173.SZ,20181206,5.26,5.34,5.03,5.09,160634.02,83089.778
300174.SZ,20181206,14.25,14.25,13.38,13.49,30767.32,42412.136
300175.SZ,20181206,4.86,4.86,4.72,4.86,314584.06,152832.933
300176.SZ,20181206,37.6,37.8,36.82,37.5,37114.18,137707.015
300177.SZ,20181206,10.79,10.91,10.61,10.71,70002.62,75193.306
300178.SZ,20181206,10.64,10.64,9.96,9.99,119353.98,121675.297
300179.SZ,20181206,4.39,4.43,4.28,4.28,28840.0,12526.298
300180.SZ,20181206,11.16,11.8,11.09,11.61,86530.89,99474.236
300181.SZ,20181206,5.52,5.79,5.45,5.64,399522.25,226741.484
300182.SZ,20181206,5.2,5.2,4.98,5.0,513972.04,260454.545
300183.SZ,20181206,13.36,13.38,12.91,13.09,108973.52,143208.687
300184.SZ,20181206,8.52,8.52,8.31,8.36,49902.47,41947.613
300185.SZ,20181206,1.68,1.69,1.66,1.66,90269.47,15066.946
300187.SZ,20181206,6.41,6.53,6.17,6.18,50526.11,31996.638
300188.SZ,20181206,14.31,14.35,13.88,13.91,74119.19,104335.076
300189.SZ,20181206,2.81,2.82,2.75,2.8,42395.75,11816.693
300190.SZ,20181206,4.96,5.01,4.92,4.94,22971.48,11391.706
300191.SZ,20181206,16.59,16.89,16.42,16.45,24782.27,41185.61
300192.SZ,20181206,9.54,9.54,9.28,9.31,12384.35,11582.613
300193.SZ,20181206,7.15,7.15,7.03,7.06,16423.74,11604.38
300194.SZ,20181206,3.64,3.65,3.5,3.5,96259.5,34298.353
300195.SZ,20181206,8.3,8.3,8.07,8.1,19942.0,16307.648
300196.SZ,20181206,9.19,9.19,8.92,8.95,14962.35,13469.934
300198.SZ,20181206,3.22,3.22,3.08,3.09,350134.7,109840.914
300199.SZ,20181206,11.21,11.27,10.63,10.7,109159.67,118737.931
300200.SZ,20181206,7.81,7.84,7.69,7.71,11505.0,8910.741
300201.SZ,20181206,4.7,4.7,4.51,4.52,51866.06,23943.703
300202.SZ,20181206,7.73,7.9,7.33,7.4,144836.7,108555.753
300203.SZ,20181206,25.8,25.93,25.3,25.6,40107.96,102690.645
300204.SZ,20181206,11.6,11.6,11.28,11.28,9664.41,11058.318
300205.SZ,20181206,8.56,8.65,8.4,8.57,57555.16,48989.745
300206.SZ,20181206,6.45,6.52,6.26,6.35,23976.0,15287.828
300207.SZ,20181206,9.37,9.44,8.99,9.15,168999.41,155177.234
300208.SZ,20181206,6.51,6.53,6.35,6.37,33798.22,21711.73
300209.SZ,20181206,11.53,11.66,11.23,11.28,21427.29,24458.571
300210.SZ,20181206,6.26,6.29,6.01,6.29,496163.76,309477.875
300211.SZ,20181206,5.1,5.15,4.99,4.99,45823.0,23183.509
300212.SZ,20181206,21.69,21.69,20.97,21.0,34494.4,73229.516
300213.SZ,20181206,6.31,7.02,6.31,6.78,953346.3,658332.051
300214.SZ,20181206,5.47,5.49,5.35,5.35,26175.85,14177.721
300215.SZ,20181206,5.87,5.94,5.73,5.76,49707.54,28916.299
300216.SZ,20181206,4.56,4.68,4.5,4.51,147522.0,67658.602
300217.SZ,20181206,2.54,2.55,2.5,2.5,88451.07,22246.05
300218.SZ,20181206,6.85,6.87,6.61,6.69,16442.47,11036.125
300219.SZ,20181206,8.88,8.91,8.58,8.59,31809.72,27615.501
300220.SZ,20181206,10.82,10.99,10.47,10.63,11012.0,11804.695
300221.SZ,20181206,6.54,7.14,6.54,6.83,409779.09,284247.075
300222.SZ,20181206,15.28,15.35,15.02,15.07,17964.5,27309.829
300223.SZ,20181206,20.94,22.5,20.6,21.48,74786.35,162489.219
300224.SZ,20181206,6.52,6.65,6.5,6.6,49800.5,32743.642
300225.SZ,20181206,5.1,5.22,5.01,5.04,122751.0,62562.095
300226.SZ,20181206,50.01,50.7,49.61,49.63,12018.17,60127.378
300227.SZ,20181206,10.38,10.47,10.2,10.3,19623.94,20258.361
300228.SZ,20181206,6.19,6.19,5.41,5.5,683522.47,404548.7
300229.SZ,20181206,9.76,9.83,9.47,9.62,91586.86,88046.113
300230.SZ,20181206,5.18,5.2,5.0,5.02,108612.93,55140.886
300231.SZ,20181206,7.27,7.55,7.17,7.18,172710.16,126282.842
300232.SZ,20181206,9.29,9.32,9.0,9.12,48137.5,43988.115
300233.SZ,20181206,14.54,14.59,14.32,14.39,7715.02,11148.349
300234.SZ,20181206,6.28,6.31,6.08,6.12,30851.97,19018.098
300235.SZ,20181206,9.3,9.55,9.18,9.18,28289.06,26414.706
300236.SZ,20181206,25.8,27.15,25.69,26.19,105967.93,280425.978
300237.SZ,20181206,4.28,4.31,4.18,4.2,105232.95,44555.923
300238.SZ,20181206,11.5,11.8,11.22,11.28,50149.49,57735.5
300239.SZ,20181206,4.28,4.3,4.15,4.16,23988.14,10113.969
300240.SZ,20181206,8.73,8.73,8.37,8.67,94379.96,80879.194
300241.SZ,20181206,5.07,5.07,4.84,4.89,97933.17,48437.746
300242.SZ,20181206,5.0,5.61,4.9,5.17,1147795.17,623079.025
300243.SZ,20181206,8.55,8.59,8.34,8.42,10044.14,8502.5
300244.SZ,20181206,17.43,17.73,17.1,17.39,63962.87,111420.973
300245.SZ,20181206,8.82,8.85,8.6,8.69,15791.5,13723.062
300246.SZ,20181206,12.58,12.65,12.12,12.37,16385.0,20205.184
300247.SZ,20181206,4.17,4.18,3.93,3.93,142353.09,57079.838
300248.SZ,20181206,6.33,6.33,6.17,6.29,25847.41,16111.034
300249.SZ,20181206,6.36,6.42,6.2,6.21,28260.62,17809.716
300250.SZ,20181206,12.51,12.51,11.91,11.92,34579.83,42002.315
300251.SZ,20181206,7.44,7.54,7.33,7.36,163799.63,121858.899
300252.SZ,20181206,9.23,9.25,8.94,9.0,83006.0,74950.198
300253.SZ,20181206,12.24,12.27,11.97,12.08,196930.77,238656.934
300254.SZ,20181206,7.41,7.53,7.19,7.25,21506.79,15738.564
300255.SZ,20181206,4.7,4.73,4.5,4.57,133115.93,61227.649
300256.SZ,20181206,3.64,3.71,3.53,3.57,402658.99,145041.367
300257.SZ,20181206,10.5,10.54,10.24,10.28,24219.75,25057.054
300258.SZ,20181206,12.47,12.55,12.31,12.51,6039.53,7500.042
300259.SZ,20181206,2.97,3.02,2.86,2.91,141764.2,41608.998
300260.SZ,20181206,9.7,9.77,9.44,9.5,18323.04,17540.714
300261.SZ,20181206,5.47,5.49,5.3,5.36,45943.32,24758.133
300262.SZ,20181206,5.48,5.63,5.22,5.31,153345.62,82823.827
300263.SZ,20181206,4.53,4.56,4.41,4.41,77905.75,34911.806
300264.SZ,20181206,5.02,5.1,4.9,4.98,36587.24,18337.956
300265.SZ,20181206,6.74,6.74,6.35,6.37,38206.0,24860.742
300266.SZ,20181206,3.95,3.97,3.82,3.86,309569.75,120321.623
300267.SZ,20181206,4.45,4.45,4.22,4.24,108735.82,46967.847
300268.SZ,20181206,11.41,11.41,10.98,11.04,14160.91,15791.47
300269.SZ,20181206,6.19,6.19,6.01,6.04,45556.28,27767.929
300270.SZ,20181206,7.1,7.29,7.06,7.15,39810.0,28524.778
300271.SZ,20181206,15.65,16.05,15.45,15.5,100282.4,157158.149
300272.SZ,20181206,7.6,7.63,7.45,7.51,62808.06,47318.493
300273.SZ,20181206,5.54,5.56,5.37,5.44,127663.0,69702.858
300274.SZ,20181206,9.3,9.95,9.2,9.56,745328.63,711925.18
300275.SZ,20181206,8.39,8.39,7.93,7.97,45787.0,36999.197
300276.SZ,20181206,11.28,11.44,11.26,11.34,17000.0,19281.637
300277.SZ,20181206,6.67,6.67,6.32,6.37,38620.0,24853.809
300278.SZ,20181206,6.69,6.92,6.64,6.75,158612.89,107756.976
300279.SZ,20181206,5.23,5.26,5.12,5.13,67272.0,34904.588
300280.SZ,20181206,31.81,31.9,31.42,31.8,3354.0,10609.933
300281.SZ,20181206,5.19,5.24,5.06,5.06,32352.5,16640.669
300282.SZ,20181206,11.81,11.81,11.6,11.63,17597.2,20553.006
300283.SZ,20181206,4.77,4.79,4.64,4.69,41763.05,19689.178
300284.SZ,20181206,10.1,10.23,9.89,9.89,41455.93,41434.48
300285.SZ,20181206,17.41,17.65,17.23,17.48,22957.18,40046.405
300286.SZ,20181206,8.54,8.73,8.49,8.59,9060.23,7788.452
300287.SZ,20181206,4.45,4.65,4.42,4.51,462891.99,209901.797
300288.SZ,20181206,13.3,13.35,13.0,13.01,31905.0,41871.425
300289.SZ,20181206,6.71,6.76,6.48,6.55,38748.76,25473.38
300290.SZ,20181206,6.06,6.09,5.7,5.7,81475.33,47422.303
300291.SZ,20181206,5.26,5.28,5.07,5.13,84159.94,43443.868
300292.SZ,20181206,3.78,3.81,3.65,3.66,324035.0,120237.015
300293.SZ,20181206,7.52,7.61,7.38,7.38,12278.77,9188.845
300294.SZ,20181206,32.0,32.45,31.1,31.3,11960.0,37874.648
300295.SZ,20181206,12.69,12.98,12.41,12.46,57282.64,72438.547
300296.SZ,20181206,7.94,8.0,7.8,7.83,233158.48,183787.456
300297.SZ,20181206,5.96,5.99,5.72,5.72,287627.3,167424.932
300298.SZ,20181206,12.18,12.39,12.02,12.12,33385.18,40779.775
300299.SZ,20181206,5.05,5.12,4.83,4.95,304000.97,150438.644
300300.SZ,20181206,11.2,11.3,10.77,10.98,45929.56,50379.237
300301.SZ,20181206,3.78,3.81,3.68,3.68,30728.0,11431.991
300302.SZ,20181206,8.4,8.68,8.4,8.68,84080.13,72861.789
300303.SZ,20181206,2.72,2.75,2.68,2.69,167834.57,45387.106
300304.SZ,20181206,4.01,4.11,3.96,3.96,188686.79,75994.56
300305.SZ,20181206,7.09,7.29,7.05,7.18,23541.0,16868.063
300306.SZ,20181206,7.48,7.48,7.15,7.25,24257.0,17674.364
300307.SZ,20181206,5.25,5.29,5.14,5.14,37976.0,19804.244
300308.SZ,20181206,43.3,43.68,42.01,42.3,93711.67,402738.052
300309.SZ,20181206,8.82,8.93,8.62,8.81,42105.08,36849.506
300310.SZ,20181206,4.93,4.95,4.69,4.69,457775.94,220215.435
300311.SZ,20181206,6.63,6.93,6.5,6.72,250926.18,168767.415
300312.SZ,20181206,7.06,7.14,6.86,6.9,72230.23,50476.173
300313.SZ,20181206,9.07,9.12,8.72,8.72,21092.22,18824.133
300314.SZ,20181206,8.47,8.56,8.31,8.34,11355.32,9550.856
300315.SZ,20181206,3.86,3.87,3.81,3.83,250123.01,95914.926
300316.SZ,20181206,10.85,11.36,10.78,10.97,293540.88,326735.134
300317.SZ,20181206,5.62,5.66,5.51,5.52,84585.0,47220.331
300318.SZ,20181206,4.17,4.17,4.02,4.03,31417.72,12828.397
300320.SZ,20181206,4.94,4.94,4.73,4.76,43507.4,20888.345
300321.SZ,20181206,13.78,14.33,13.5,13.93,19735.02,27599.658
300322.SZ,20181206,9.76,9.77,8.93,8.93,142863.0,131513.816
300323.SZ,20181206,9.0,9.0,8.67,8.77,77989.82,68883.367
300324.SZ,20181206,6.88,7.16,6.8,7.09,761107.95,533128.82
300325.SZ,20181206,3.7,3.7,3.33,3.33,616310.01,211389.982
300326.SZ,20181206,10.15,10.37,9.98,10.03,74558.7,75844.619
300327.SZ,20181206,20.2,20.5,20.07,20.1,20159.25,40829.321
300328.SZ,20181206,6.7,6.72,6.53,6.58,33169.18,21885.448
300329.SZ,20181206,7.42,7.42,7.25,7.26,19053.09,13922.301
300330.SZ,20181206,7.74,7.75,7.62,7.62,14305.42,10988.706
300331.SZ,20181206,11.52,11.78,11.39,11.43,17444.0,20204.593
300332.SZ,20181206,3.93,3.98,3.85,3.87,64802.22,25324.764
300333.SZ,20181206,7.58,7.88,7.51,7.67,128042.54,98666.146
300334.SZ,20181206,7.53,7.68,7.33,7.49,61360.89,46083.963
300335.SZ,20181206,7.3,7.34,7.05,7.06,113878.23,81594.574
300336.SZ,20181206,4.78,4.79,4.63,4.69,152175.63,71658.785
300337.SZ,20181206,4.04,4.06,3.91,3.96,95923.46,38201.232
300338.SZ,20181206,7.87,7.93,7.72,7.77,15827.64,12367.536
300339.SZ,20181206,10.21,10.27,10.01,10.24,67473.04,68465.357
300340.SZ,20181206,15.31,15.66,14.95,15.04,96364.34,147335.484
300341.SZ,20181206,5.13,5.19,5.09,5.12,22540.04,11569.938
300342.SZ,20181206,7.58,7.67,7.48,7.54,43389.85,32863.494
300343.SZ,20181206,7.79,7.8,7.41,7.44,340656.2,257134.234
300344.SZ,20181206,6.86,7.39,6.75,6.97,184603.63,130149.343
300345.SZ,20181206,4.09,4.2,4.09,4.17,116116.45,48236.546
300346.SZ,20181206,10.86,10.91,10.42,10.52,24595.9,26157.212
300347.SZ,20181206,51.0,51.15,46.22,46.46,82920.69,395412.08
300348.SZ,20181206,21.0,21.04,20.57,20.58,24342.2,50478.88
300349.SZ,20181206,16.7,17.07,16.45,16.59,36802.72,61550.947
300350.SZ,20181206,6.02,6.24,5.92,5.98,82501.38,50060.739
300351.SZ,20181206,9.23,9.32,9.13,9.17,15762.29,14520.218
300352.SZ,20181206,3.36,3.47,3.31,3.36,262426.05,89077.054
300353.SZ,20181206,9.43,9.43,9.13,9.15,83818.0,77497.196
300354.SZ,20181206,9.16,9.16,8.8,8.89,9362.0,8362.556
300355.SZ,20181206,4.5,4.63,4.43,4.46,269862.92,121928.291
300356.SZ,20181206,8.2,8.2,7.54,7.54,520505.8,401635.567
300357.SZ,20181206,38.77,39.32,37.99,38.15,16089.02,62352.981
300358.SZ,20181206,8.47,8.53,8.21,8.21,44193.0,36886.747
300359.SZ,20181206,6.3,6.68,6.23,6.29,152312.93,97580.285
300360.SZ,20181206,7.33,7.36,7.19,7.21,11099.0,8057.568
300363.SZ,20181206,10.0,10.01,9.63,9.64,23181.09,22690.078
300364.SZ,20181206,5.87,6.4,5.71,6.07,658795.94,402764.464
300365.SZ,20181206,21.04,21.39,20.31,20.85,18509.0,38336.69
300366.SZ,20181206,7.6,7.6,7.21,7.21,103445.34,75689.961
300367.SZ,20181206,10.25,10.55,10.11,10.26,233458.51,240462.392
300368.SZ,20181206,6.04,6.18,5.95,6.05,46916.4,28516.103
300369.SZ,20181206,9.13,9.26,9.0,9.01,43701.0,39806.639
300370.SZ,20181206,3.03,3.06,2.93,3.04,493424.86,148297.452
300371.SZ,20181206,13.82,13.83,13.4,13.43,7036.03,9557.322
300373.SZ,20181206,17.5,17.87,16.91,16.97,69835.98,121241.2
300374.SZ,20181206,8.6,8.87,8.52,8.66,26209.23,22712.318
300375.SZ,20181206,5.9,5.9,5.76,5.85,21126.61,12305.531
300376.SZ,20181206,4.62,4.67,4.59,4.6,54280.0,25074.341
300377.SZ,20181206,12.06,12.06,11.7,11.75,101471.68,120294.441
300378.SZ,20181206,10.48,10.55,10.15,10.21,44755.2,46232.635
300379.SZ,20181206,15.84,15.84,15.4,15.47,31612.0,49092.721
300380.SZ,20181206,16.66,16.78,16.39,16.43,9583.0,15887.861
300381.SZ,20181206,8.7,8.8,8.4,8.49,16573.21,14256.339
300382.SZ,20181206,5.95,6.0,5.9,5.91,31745.6,18812.834
300383.SZ,20181206,12.93,12.97,12.49,12.65,170446.05,215719.363
300384.SZ,20181206,13.42,13.57,13.28,13.34,27331.68,36677.729
300385.SZ,20181206,14.56,14.64,14.13,14.3,4491.49,6458.634
300386.SZ,20181206,11.79,11.8,11.31,11.32,99710.6,114526.642
300387.SZ,20181206,6.1,6.1,5.99,6.01,19505.39,11801.653
300388.SZ,20181206,9.21,9.21,9.03,9.05,27033.12,24525.78
300389.SZ,20181206,16.59,16.59,16.12,16.22,5757.06,9406.512
300390.SZ,20181206,8.41,8.6,8.31,8.37,53063.0,44868.244
300391.SZ,20181206,9.81,9.82,9.6,9.68,14524.68,14081.771
300392.SZ,20181206,7.6,7.71,7.14,7.33,323988.83,239807.767
300393.SZ,20181206,14.98,15.45,14.98,15.05,9349.91,14171.233
300394.SZ,20181206,25.5,25.5,23.45,23.59,61117.72,148265.281
300395.SZ,20181206,15.6,16.39,15.5,15.73,38860.18,62129.818
300396.SZ,20181206,13.69,13.74,13.2,13.2,18426.37,24889.342
300397.SZ,20181206,10.43,10.56,10.2,10.23,16693.0,17286.497
300398.SZ,20181206,16.82,17.05,16.6,16.63,30552.99,51285.925
300399.SZ,20181206,9.75,9.81,9.45,9.48,14975.1,14394.494
300400.SZ,20181206,14.2,14.3,14.04,14.28,13668.99,19414.719
300401.SZ,20181206,12.98,13.19,12.46,12.5,78200.33,100264.848
300402.SZ,20181206,8.35,8.43,8.11,8.15,28674.64,23726.939
300403.SZ,20181206,5.22,5.26,5.15,5.15,15743.0,8182.798
300404.SZ,20181206,13.07,13.23,12.61,12.8,20570.0,26621.054
300405.SZ,20181206,8.09,8.21,7.94,7.98,10217.55,8245.572
300406.SZ,20181206,11.28,11.45,10.92,11.02,26271.42,29395.065
300407.SZ,20181206,6.87,7.14,6.75,6.99,51922.0,36317.348
300408.SZ,20181206,17.3,17.49,16.99,17.1,104486.6,179761.547
300409.SZ,20181206,16.0,16.05,15.3,15.52,98966.91,155384.998
300410.SZ,20181206,25.02,25.1,24.2,24.27,64986.99,159445.314
300411.SZ,20181206,8.75,8.88,8.5,8.52,68517.82,59649.997
300412.SZ,20181206,7.54,7.54,7.2,7.28,18248.0,13364.709
300413.SZ,20181206,38.28,39.1,37.2,38.55,19973.61,77339.813
300414.SZ,20181206,15.01,15.01,14.4,14.56,9046.81,13283.587
300415.SZ,20181206,6.59,6.59,6.38,6.45,23899.66,15478.986
300416.SZ,20181206,19.4,19.4,18.58,18.68,4426.0,8397.861
300417.SZ,20181206,16.27,16.27,15.85,15.85,4905.06,7851.562
300418.SZ,20181206,14.14,14.18,13.7,13.84,88584.58,123228.994
300419.SZ,20181206,5.91,5.91,5.71,5.8,44881.0,26061.583
300420.SZ,20181206,4.38,4.42,4.32,4.37,35383.0,15464.748
300421.SZ,20181206,13.67,13.67,13.28,13.3,6469.95,8688.939
300422.SZ,20181206,11.38,11.38,10.99,11.05,38523.91,42984.533
300423.SZ,20181206,18.79,18.79,18.04,18.45,25386.26,46733.511
300424.SZ,20181206,17.15,17.26,16.62,16.73,11507.09,19475.166
300425.SZ,20181206,4.65,4.65,4.51,4.53,55378.53,25307.594
300426.SZ,20181206,7.83,7.85,7.6,7.61,41127.23,31758.823
300427.SZ,20181206,11.17,11.6,11.02,11.48,32800.06,37553.435
300428.SZ,20181206,12.5,13.06,12.5,13.06,90350.2,116515.148
300429.SZ,20181206,27.1,28.78,27.1,28.07,27812.6,78947.7
300430.SZ,20181206,8.57,8.64,8.39,8.5,17413.8,14772.519
300431.SZ,20181206,10.35,10.46,10.06,10.43,96133.03,98786.748
300432.SZ,20181206,7.19,7.19,6.98,7.0,33635.0,23751.263
300433.SZ,20181206,7.88,7.88,7.58,7.65,248031.71,190804.652
300434.SZ,20181206,10.37,10.37,9.83,9.89,24465.4,24558.189
300435.SZ,20181206,10.56,10.8,10.18,10.45,12638.0,13175.226
300436.SZ,20181206,26.33,27.01,25.66,25.76,13866.07,36451.738
300437.SZ,20181206,12.68,12.68,12.42,12.46,11220.8,14067.6
300438.SZ,20181206,17.71,17.9,17.4,17.63,42934.05,75692.497
300439.SZ,20181206,15.48,15.59,14.98,15.0,26271.26,40114.786
300440.SZ,20181206,5.96,5.98,5.78,5.83,41145.8,24207.334
300441.SZ,20181206,7.4,7.51,7.28,7.28,37892.6,27975.619
300442.SZ,20181206,14.25,14.36,13.98,14.01,4568.0,6461.832
300443.SZ,20181206,10.31,10.47,10.11,10.35,23113.35,23814.646
300444.SZ,20181206,6.82,7.09,6.82,6.87,90829.3,63023.185
300445.SZ,20181206,10.97,11.06,10.57,10.58,7457.2,8007.319
300446.SZ,20181206,15.59,15.62,15.26,15.27,7393.52,11412.137
300447.SZ,20181206,10.48,10.49,10.16,10.2,21778.37,22448.12
300448.SZ,20181206,11.28,11.4,11.05,11.2,18264.51,20431.843
300449.SZ,20181206,18.17,18.2,17.32,17.36,96827.66,170909.478
300450.SZ,20181206,28.6,30.1,28.52,28.85,99596.1,293594.823
300451.SZ,20181206,17.5,17.5,16.48,16.48,115075.0,194139.089
300452.SZ,20181206,15.83,16.18,15.21,15.22,37494.13,58647.145
300453.SZ,20181206,9.49,9.58,9.24,9.24,8222.67,7700.828
300454.SZ,20181206,84.1,84.86,83.05,83.12,7507.0,62810.14
300455.SZ,20181206,6.57,6.68,6.42,6.45,22623.15,14765.544
300456.SZ,20181206,23.51,24.12,23.41,23.88,32602.04,77740.554
300457.SZ,20181206,28.88,28.88,28.01,28.01,14918.2,42257.773
300458.SZ,20181206,22.48,23.84,22.33,23.15,118663.01,276136.395
300459.SZ,20181206,7.37,7.62,7.26,7.55,96328.92,72316.934
300460.SZ,20181206,9.34,9.38,9.1,9.12,10253.0,9457.155
300461.SZ,20181206,20.92,21.0,20.1,20.35,10002.26,20514.226
300462.SZ,20181206,14.56,14.68,14.17,14.24,22273.0,32037.039
300463.SZ,20181206,18.55,18.82,17.95,17.99,32592.76,59823.224
300464.SZ,20181206,7.55,7.55,7.21,7.22,22431.0,16408.727
300465.SZ,20181206,6.77,6.9,6.66,6.71,73918.43,50032.66
300466.SZ,20181206,6.13,6.18,5.87,5.87,69738.55,41889.944
300467.SZ,20181206,26.85,26.97,25.46,25.67,30952.14,79835.739
300468.SZ,20181206,13.11,13.39,12.82,12.87,20473.46,26800.203
300469.SZ,20181206,19.8,19.88,18.85,18.93,14454.6,27725.907
300470.SZ,20181206,23.72,24.37,23.44,23.6,12166.24,29215.878
300471.SZ,20181206,7.02,7.28,6.72,6.82,252091.27,177474.615
300472.SZ,20181206,15.94,16.5,15.94,15.95,7084.5,11473.982
300473.SZ,20181206,37.7,37.7,36.25,36.43,8480.2,31241.878
300474.SZ,20181206,39.43,39.43,38.38,38.61,14613.6,56614.243
300475.SZ,20181206,9.11,9.12,8.83,8.96,9215.0,8245.314
300476.SZ,20181206,12.86,12.99,12.6,12.63,32722.27,41733.406
300477.SZ,20181206,10.69,10.78,10.4,10.6,90082.99,95350.89
300478.SZ,20181206,18.2,18.2,17.85,17.93,7585.5,13629.262
300479.SZ,20181206,14.4,14.69,13.88,13.94,43758.01,62089.837
300480.SZ,20181206,10.18,10.18,9.88,9.89,13809.0,13771.258
300481.SZ,20181206,12.02,12.02,11.6,11.65,13565.0,15952.331
300482.SZ,20181206,31.71,32.88,30.71,30.8,53345.95,169729.236
300483.SZ,20181206,34.1,34.1,30.08,30.45,13969.96,44628.69
300484.SZ,20181206,11.48,11.6,11.13,11.22,38938.0,44104.216
300485.SZ,20181206,11.22,11.36,10.99,11.03,20390.0,22726.348
300486.SZ,20181206,12.81,12.89,12.66,12.73,12390.0,15806.217
300487.SZ,20181206,26.79,26.8,25.45,25.45,23155.0,60199.791
300488.SZ,20181206,25.0,25.0,24.56,24.71,2923.49,7227.133
300489.SZ,20181206,12.97,12.97,12.62,12.64,6812.11,8714.257
300490.SZ,20181206,11.3,11.55,11.15,11.38,59523.01,67810.917
300491.SZ,20181206,14.42,14.75,14.26,14.37,15611.21,22567.137
300492.SZ,20181206,20.42,20.49,20.02,20.19,6703.0,13550.97
300493.SZ,20181206,9.22,9.46,9.14,9.18,32777.5,30401.147
300494.SZ,20181206,10.65,10.7,10.14,10.3,63151.06,65444.385
300495.SZ,20181206,13.31,13.45,13.15,13.27,136010.22,180395.784
300496.SZ,20181206,24.5,24.5,23.66,23.9,44661.84,107493.997
300497.SZ,20181206,16.82,17.09,16.82,16.85,11387.0,19312.432
300498.SZ,20181206,26.9,27.18,26.22,26.69,133610.94,356206.829
300499.SZ,20181206,14.77,14.86,14.31,14.56,8365.2,12190.081
300500.SZ,20181206,21.45,21.9,21.21,21.42,11981.0,25742.492
300501.SZ,20181206,18.25,18.55,18.14,18.2,4704.18,8617.314
300502.SZ,20181206,17.58,17.89,16.88,17.07,41552.22,71689.122
300503.SZ,20181206,9.58,9.61,9.36,9.47,13826.0,13108.256
300504.SZ,20181206,23.01,23.3,22.21,22.23,46314.62,105016.077
300505.SZ,20181206,24.48,24.8,24.04,24.16,19519.01,47568.357
300506.SZ,20181206,15.12,15.37,15.05,15.1,13638.13,20717.41
300507.SZ,20181206,18.49,18.55,18.0,18.0,5516.6,10088.887
300508.SZ,20181206,24.37,24.83,23.57,23.97,14095.57,34076.102
300509.SZ,20181206,13.3,13.55,13.11,13.12,15245.5,20251.009
300510.SZ,20181206,11.61,11.9,11.54,11.71,122610.47,144195.344
300511.SZ,20181206,6.59,6.71,6.43,6.68,74952.73,49324.686
300512.SZ,20181206,12.8,13.0,12.66,12.73,8734.99,11173.38
300513.SZ,20181206,23.76,23.96,22.55,22.93,28991.97,67087.245
300514.SZ,20181206,12.34,12.52,12.04,12.35,29823.0,36595.471
300515.SZ,20181206,9.05,9.08,8.85,8.9,13289.0,11888.255
300516.SZ,20181206,31.94,31.94,30.9,30.9,2233.0,6976.831
300517.SZ,20181206,14.37,14.8,13.9,14.03,44332.19,63461.598
300518.SZ,20181206,26.58,26.98,25.8,25.82,17746.7,46699.999
300519.SZ,20181206,14.59,14.75,14.4,14.49,9383.2,13662.329
300520.SZ,20181206,16.26,16.88,15.81,16.63,52650.79,86677.989
300521.SZ,20181206,9.35,9.39,9.19,9.25,10697.2,9934.006
300522.SZ,20181206,17.68,17.68,17.18,17.25,9777.35,17027.895
300523.SZ,20181206,59.88,60.41,58.6,58.82,6390.03,37807.321
300525.SZ,20181206,25.1,25.78,24.06,24.31,11060.6,27310.269
300526.SZ,20181206,11.83,11.87,11.51,11.69,11401.0,13277.313
300527.SZ,20181206,6.87,7.17,6.84,6.98,156030.06,109373.674
300528.SZ,20181206,8.9,8.98,8.75,8.8,29696.6,26264.916
300529.SZ,20181206,47.53,47.98,46.22,47.18,20616.06,97163.866
300530.SZ,20181206,34.5,34.5,33.54,33.67,3366.29,11412.816
300531.SZ,20181206,18.04,18.21,17.25,17.43,40750.37,72318.015
300532.SZ,20181206,10.32,10.42,10.08,10.17,21660.97,22139.838
300533.SZ,20181206,32.96,33.05,31.95,32.1,6014.38,19450.432
300534.SZ,20181206,6.57,6.63,6.32,6.39,36755.31,23722.058
300535.SZ,20181206,13.83,14.38,13.82,13.93,9720.54,13622.401
300536.SZ,20181206,9.28,9.32,9.01,9.09,10541.6,9672.191
300537.SZ,20181206,10.3,10.68,10.11,10.11,21348.52,21839.641
300538.SZ,20181206,20.19,20.31,19.55,19.69,11362.58,22542.627
300539.SZ,20181206,8.09,8.11,7.92,7.99,5867.8,4699.324
300540.SZ,20181206,15.1,15.4,14.64,14.72,41115.14,61289.124
300541.SZ,20181206,13.89,13.96,13.08,13.23,26317.94,35444.999
300542.SZ,20181206,14.2,14.46,13.94,13.94,13018.79,18435.918
300543.SZ,20181206,18.49,18.51,17.45,17.55,43020.0,77059.482
300545.SZ,20181206,17.8,17.8,17.0,17.12,30236.0,52374.689
300546.SZ,20181206,25.44,25.94,25.03,25.31,19564.01,49787.215
300547.SZ,20181206,18.99,18.99,18.05,18.12,15922.45,29280.718
300548.SZ,20181206,35.78,35.78,34.42,34.48,6647.7,23137.976
300549.SZ,20181206,12.6,12.69,12.15,12.15,11682.0,14471.549
300550.SZ,20181206,47.81,48.7,46.02,46.93,5329.0,25240.732
300551.SZ,20181206,12.21,12.27,11.95,12.01,6756.5,8169.373
300552.SZ,20181206,15.85,16.4,15.35,15.46,10938.58,17491.853
300553.SZ,20181206,33.0,33.67,32.4,32.4,3572.0,11765.54
300554.SZ,20181206,21.02,21.55,20.82,20.91,19684.36,41648.157
300555.SZ,20181206,8.31,8.35,7.9,7.9,42941.5,34730.359
300556.SZ,20181206,17.92,18.25,17.67,17.72,24965.3,44805.049
300557.SZ,20181206,24.08,24.09,23.26,23.67,3778.0,8924.893
300558.SZ,20181206,42.59,43.47,38.25,38.26,74463.33,298842.001
300559.SZ,20181206,35.7,37.08,35.7,36.39,3926.9,14239.757
300560.SZ,20181206,17.75,17.75,16.91,17.01,35900.0,61946.113
300561.SZ,20181206,14.3,14.52,14.15,14.4,18835.43,27012.22
300562.SZ,20181206,11.15,11.44,11.0,11.0,18891.0,21211.057
300563.SZ,20181206,23.8,23.98,23.05,23.08,12242.0,28646.119
300565.SZ,20181206,13.46,13.5,12.75,12.95,59459.4,77573.908
300566.SZ,20181206,15.43,15.43,13.77,14.89,8647.8,12973.507
300567.SZ,20181206,52.49,52.49,51.18,51.21,7433.25,38384.853
300568.SZ,20181206,25.54,26.39,25.28,26.16,82576.89,214582.705
300569.SZ,20181206,13.73,13.83,13.45,13.48,12047.04,16340.606
300570.SZ,20181206,17.5,17.5,16.65,16.82,89433.44,152524.273
300571.SZ,20181206,39.98,41.46,39.98,40.58,26831.75,108757.407
300572.SZ,20181206,46.6,47.66,45.74,47.35,7275.6,34363.053
300573.SZ,20181206,18.3,18.41,17.51,17.54,8432.0,14939.084
300575.SZ,20181206,41.98,41.98,39.86,40.43,15357.8,62610.472
300576.SZ,20181206,13.49,13.57,13.22,13.26,6658.5,8881.054
300577.SZ,20181206,34.75,34.75,33.88,34.05,1490.8,5104.401
300578.SZ,20181206,16.5,16.5,15.04,15.62,42429.8,67583.356
300579.SZ,20181206,25.98,25.98,24.03,24.2,46714.01,116094.63
300580.SZ,20181206,14.04,14.2,13.6,13.65,19008.0,26368.31
300581.SZ,20181206,12.96,13.52,12.83,13.2,36401.6,48302.811
300582.SZ,20181206,10.84,10.84,10.35,10.51,10969.0,11632.84
300583.SZ,20181206,35.79,35.79,34.71,34.77,8603.0,30233.331
300584.SZ,20181206,31.34,32.47,29.29,29.86,22593.93,69015.737
300585.SZ,20181206,9.79,10.21,9.66,9.72,59517.98,59061.033
300586.SZ,20181206,11.37,11.44,10.99,11.01,38017.99,42336.807
300587.SZ,20181206,16.17,16.45,15.92,16.12,8298.96,13455.603
300588.SZ,20181206,12.68,12.98,12.4,12.41,42262.2,53552.882
300589.SZ,20181206,11.32,11.85,11.22,11.48,53839.6,62371.178
300590.SZ,20181206,24.71,24.71,23.36,23.59,36631.93,87645.63
300591.SZ,20181206,5.98,6.0,5.87,5.91,13332.3,7908.966
300592.SZ,20181206,9.9,9.92,9.67,9.67,17268.23,16903.41
300593.SZ,20181206,15.74,15.74,15.27,15.39,10215.0,15790.755
300595.SZ,20181206,40.35,41.95,39.74,39.97,40648.1,166436.845
300596.SZ,20181206,29.8,30.1,29.26,29.56,11662.5,34860.096
300597.SZ,20181206,16.07,16.24,14.62,14.62,159000.66,238622.877
300598.SZ,20181206,22.0,22.9,21.45,22.31,26040.68,57559.866
300599.SZ,20181206,10.39,10.49,10.22,10.25,18124.21,18727.142
300600.SZ,20181206,19.29,19.57,18.46,18.57,37754.22,72170.272
300601.SZ,20181206,42.3,44.3,41.85,42.7,106981.85,462686.362
300602.SZ,20181206,36.5,36.6,34.22,34.22,67364.49,235307.095
300603.SZ,20181206,27.34,27.34,26.33,26.34,42448.89,113410.35
300604.SZ,20181206,33.3,34.18,32.72,32.9,19607.66,65262.933
300605.SZ,20181206,16.6,16.95,16.39,16.68,21914.01,36565.732
300606.SZ,20181206,19.75,19.89,18.66,18.86,35317.93,68128.205
300607.SZ,20181206,34.95,35.16,33.39,33.46,15213.13,51896.712
300608.SZ,20181206,17.09,17.66,17.06,17.12,12944.36,22497.52
300609.SZ,20181206,26.85,27.76,26.46,27.06,17976.96,48548.965
300610.SZ,20181206,12.34,12.47,12.11,12.21,21578.05,26431.171
300611.SZ,20181206,9.29,9.39,9.14,9.21,10833.0,10027.918
300612.SZ,20181206,16.9,17.62,16.1,17.6,60442.63,104058.156
300613.SZ,20181206,98.98,99.8,96.6,96.62,3322.0,32500.389
300615.SZ,20181206,15.0,15.32,14.86,14.9,23759.58,35740.286
300616.SZ,20181206,65.0,65.45,62.08,62.86,5848.73,37041.151
300617.SZ,20181206,21.0,21.13,20.3,20.32,6835.68,14087.325
300618.SZ,20181206,81.65,83.32,81.01,82.29,52884.15,434499.889
300619.SZ,20181206,25.18,25.7,25.11,25.21,6681.0,16976.771
300620.SZ,20181206,43.84,43.84,41.52,41.92,20648.34,87582.292
300621.SZ,20181206,9.82,9.9,9.6,9.76,8779.0,8561.414
300622.SZ,20181206,18.51,18.65,18.15,18.18,5807.0,10672.087
300623.SZ,20181206,25.0,25.1,24.4,24.53,28412.02,70153.595
300624.SZ,20181206,59.5,60.18,58.38,58.6,11112.27,65780.138
300625.SZ,20181206,14.15,14.35,13.92,13.98,10460.07,14728.543
300626.SZ,20181206,9.53,9.57,9.2,9.33,9089.2,8479.162
300627.SZ,20181206,18.23,18.55,18.01,18.09,14347.31,26206.81
300628.SZ,20181206,71.58,71.9,69.75,70.52,11895.45,83930.035
300629.SZ,20181206,16.83,18.51,16.65,17.26,20687.43,36276.155
300630.SZ,20181206,57.55,59.32,54.87,56.46,15487.69,88261.792
300631.SZ,20181206,16.65,16.71,16.26,16.26,6452.59,10605.842
300632.SZ,20181206,12.66,13.0,12.55,12.69,11720.35,14998.019
300633.SZ,20181206,33.06,33.33,32.18,32.89,25522.84,83654.612
300634.SZ,20181206,25.49,25.79,24.69,24.92,59959.29,151068.419
300635.SZ,20181206,12.21,12.21,11.83,11.86,16040.74,19197.43
300636.SZ,20181206,18.61,18.73,18.34,18.44,4235.0,7858.231
300637.SZ,20181206,23.65,24.62,23.65,24.25,24518.15,59607.885
300638.SZ,20181206,27.8,27.88,25.9,26.0,37865.0,100984.501
300639.SZ,20181206,15.07,15.2,14.78,14.88,9165.6,13719.809
300640.SZ,20181206,10.22,10.24,9.96,9.99,12696.8,12810.184
300641.SZ,20181206,5.38,5.38,5.22,5.24,21132.32,11185.027
300642.SZ,20181206,47.0,47.34,45.3,46.7,13246.51,61651.317
300643.SZ,20181206,9.98,10.09,9.98,9.98,65663.43,65541.21
300644.SZ,20181206,34.13,37.18,34.13,37.18,55370.28,198989.642
300645.SZ,20181206,37.6,37.66,35.8,35.81,58309.93,212882.408
300647.SZ,20181206,15.19,15.36,14.8,14.82,68126.98,102588.052
300648.SZ,20181206,16.39,16.94,16.11,16.45,18591.02,30816.518
300649.SZ,20181206,22.88,23.48,22.7,23.23,19736.0,45579.542
300650.SZ,20181206,14.14,14.27,13.71,13.83,9156.0,12823.917
300651.SZ,20181206,45.66,45.88,45.22,45.51,2711.0,12331.003
300652.SZ,20181206,21.76,22.1,21.09,21.3,6508.0,13991.672
300653.SZ,20181206,58.52,58.88,55.56,56.53,18509.81,105784.898
300654.SZ,20181206,13.37,13.37,12.95,13.0,19486.38,25529.477
300655.SZ,20181206,14.18,14.33,13.82,13.93,18900.11,26589.239
300656.SZ,20181206,21.38,21.84,21.1,21.25,5576.8,11953.556
300657.SZ,20181206,29.36,29.82,28.35,28.35,12249.55,35444.105
300658.SZ,20181206,12.2,12.34,11.89,11.9,12398.74,14908.127
300659.SZ,20181206,22.99,24.0,22.5,22.53,24076.52,55569.335
300660.SZ,20181206,20.35,20.35,19.6,19.78,11145.7,22216.63
300661.SZ,20181206,80.61,80.62,78.11,78.6,4646.82,36812.766
300662.SZ,20181206,29.7,29.75,27.36,27.64,29023.0,82319.67
300663.SZ,20181206,15.6,15.72,15.0,15.03,25779.51,39541.19
300664.SZ,20181206,12.47,12.64,12.13,12.15,34230.0,42266.221
300665.SZ,20181206,10.27,10.27,10.02,10.05,13050.1,13214.024
300666.SZ,20181206,46.55,48.5,46.0,46.9,55332.99,262816.415
300667.SZ,20181206,25.3,27.5,24.6,26.2,37742.15,97987.299
300668.SZ,20181206,18.3,18.57,17.91,17.95,16508.02,30161.729
300669.SZ,20181206,19.13,19.13,18.22,18.25,3292.33,6111.185
300670.SZ,20181206,19.4,20.2,19.39,19.39,102898.89,201705.819
300671.SZ,20181206,18.46,18.7,18.04,18.07,23710.99,43432.071
300672.SZ,20181206,41.0,41.3,40.01,40.28,8006.31,32472.323
300673.SZ,20181206,43.49,44.7,43.05,43.07,9322.45,40953.46
300674.SZ,20181206,31.0,31.65,29.66,30.22,150010.38,460828.383
300675.SZ,20181206,22.38,23.18,22.18,22.55,29478.17,66620.942
300676.SZ,20181206,57.98,58.14,55.41,55.62,47431.48,268659.296
300677.SZ,20181206,17.83,17.9,17.32,17.44,29615.12,52136.966
300678.SZ,20181206,19.5,19.77,19.24,19.4,22215.14,43355.698
300679.SZ,20181206,25.14,25.74,24.63,24.9,15690.41,39232.789
300680.SZ,20181206,17.56,17.83,17.32,17.36,10036.97,17602.779
300681.SZ,20181206,35.32,35.87,35.11,35.3,7403.16,26229.765
300682.SZ,20181206,16.61,16.7,16.01,16.01,20897.06,34012.081
300683.SZ,20181206,29.52,29.7,28.73,28.85,10290.0,29928.575
300684.SZ,20181206,30.81,31.37,30.0,30.11,23063.59,70579.263
300685.SZ,20181206,48.8,49.25,47.3,47.78,7143.98,34592.6
300686.SZ,20181206,11.26,11.45,11.06,11.08,39652.81,44523.751
300687.SZ,20181206,19.01,19.01,18.33,18.45,17808.39,33164.622
300688.SZ,20181206,46.36,46.36,44.5,44.5,26656.67,120081.956
300689.SZ,20181206,32.1,32.5,31.51,31.67,7699.0,24576.92
300690.SZ,20181206,18.93,19.19,18.28,18.57,8422.4,15835.451
300691.SZ,20181206,21.78,21.98,21.35,21.42,5126.35,11074.2
300692.SZ,20181206,14.72,14.82,14.35,14.37,20790.5,30290.608
300693.SZ,20181206,15.4,15.46,14.51,14.69,22002.54,32729.284
300694.SZ,20181206,19.29,19.58,18.82,18.82,74633.24,143236.219
300695.SZ,20181206,60.16,60.7,59.31,59.43,4986.0,29835.45
300696.SZ,20181206,22.85,24.04,22.71,23.28,20193.2,47432.653
300697.SZ,20181206,11.57,11.68,11.21,11.29,64835.23,74103.142
300698.SZ,20181206,16.79,16.89,15.61,15.89,81163.49,129692.233
300699.SZ,20181206,37.8,38.05,37.52,37.6,11169.0,42189.245
300700.SZ,20181206,23.88,24.78,23.7,24.36,19077.41,46191.777
300701.SZ,20181206,33.43,33.6,32.5,32.54,9265.78,30537.199
300702.SZ,20181206,23.43,24.8,22.34,22.74,30996.4,72932.27
300703.SZ,20181206,14.82,15.1,14.68,14.75,20732.0,30769.716
300705.SZ,20181206,13.56,13.95,13.21,13.29,36657.0,49543.395
300706.SZ,20181206,28.55,28.9,28.06,28.06,24071.04,68411.185
300707.SZ,20181206,17.56,17.81,17.24,17.24,17060.0,29830.442
300708.SZ,20181206,12.37,12.64,12.18,12.23,57085.0,70744.529
300709.SZ,20181206,27.93,28.34,27.51,27.51,4698.0,13075.829
300710.SZ,20181206,24.01,24.07,23.22,23.26,12327.58,28988.921
300711.SZ,20181206,17.04,17.3,16.47,16.53,29027.0,49043.938
300712.SZ,20181206,14.55,14.61,14.26,14.26,7080.0,10194.383
300713.SZ,20181206,21.85,21.87,21.07,21.21,8332.82,17881.034
300715.SZ,20181206,20.69,20.79,20.29,20.33,9228.0,18873.04
300716.SZ,20181206,11.89,11.97,11.66,11.68,13819.5,16278.218
300717.SZ,20181206,15.58,15.63,15.28,15.29,9907.6,15316.274
300718.SZ,20181206,14.57,14.72,14.37,14.38,12429.48,18027.214
300719.SZ,20181206,11.15,12.13,11.1,11.63,111668.29,131699.341
300720.SZ,20181206,25.45,25.47,24.96,24.98,8828.0,22282.255
300721.SZ,20181206,21.05,21.07,20.55,20.55,9889.0,20508.175
300722.SZ,20181206,30.49,31.45,30.11,30.28,10730.0,32972.714
300723.SZ,20181206,29.45,29.69,28.7,28.78,5637.13,16410.966
300724.SZ,20181206,29.5,30.28,29.28,29.4,51090.24,151785.206
300725.SZ,20181206,58.55,58.97,57.3,57.3,18931.89,110270.494
300726.SZ,20181206,17.9,18.25,17.62,17.86,31523.72,56529.216
300727.SZ,20181206,19.64,19.71,19.2,19.23,9795.39,19019.795
300729.SZ,20181206,22.67,22.7,22.16,22.23,6028.61,13504.436
300730.SZ,20181206,20.15,21.0,20.0,20.57,75883.66,156291.514
300731.SZ,20181206,25.81,26.14,25.4,25.67,13279.05,34203.519
300732.SZ,20181206,33.6,33.6,31.25,31.43,24793.75,80008.596
300733.SZ,20181206,15.0,15.47,14.88,15.29,24170.24,36905.599
300735.SZ,20181206,14.72,14.84,14.41,14.42,27333.23,39899.024
300736.SZ,20181206,20.9,21.08,20.6,20.73,12726.9,26494.456
300737.SZ,20181206,9.51,9.67,9.41,9.41,38000.83,36252.68
300738.SZ,20181206,42.51,43.18,41.82,42.07,5900.0,25067.406
300739.SZ,20181206,19.22,19.33,18.9,18.96,15664.36,29911.909
300740.SZ,20181206,20.59,21.68,20.59,21.26,74408.94,158737.838
300741.SZ,20181206,30.99,30.99,30.42,30.55,9033.25,27646.1
300742.SZ,20181206,42.5,43.58,41.9,41.9,13633.5,58097.919
300743.SZ,20181206,40.78,41.28,39.87,39.89,7666.0,31024.601
300745.SZ,20181206,35.15,35.7,34.42,34.54,22551.29,78984.859
300746.SZ,20181206,17.0,17.44,17.0,17.0,23283.18,39993.797
300747.SZ,20181206,146.0,147.5,140.21,140.21,22656.88,323701.164
300748.SZ,20181206,22.5,23.0,21.84,21.87,59528.17,132789.195
300749.SZ,20181206,23.31,24.22,23.17,23.37,36598.16,86763.716
300750.SZ,20181206,80.8,82.28,79.0,79.01,113853.99,917634.576
300751.SZ,20181206,129.6,132.55,126.58,127.8,20297.6,263422.134
300752.SZ,20181206,44.01,44.01,44.01,44.01,434.0,1910.034
300760.SZ,20181206,119.89,121.11,114.0,115.33,82338.14,964296.665
600000.SH,20181206,10.82,10.93,10.82,10.9,235979.97,256533.148
600004.SH,20181206,10.46,10.46,10.2,10.24,89769.84,92249.586
600006.SH,20181206,3.86,3.87,3.82,3.83,53654.07,20591.91
600007.SH,20181206,14.28,14.28,14.05,14.07,4744.93,6702.399
600008.SH,20181206,3.67,3.72,3.59,3.59,284811.86,103704.897
600009.SH,20181206,51.51,51.8,50.1,50.5,30892.68,156915.471
600010.SH,20181206,1.56,1.57,1.53,1.54,1321907.07,204751.823
600011.SH,20181206,7.28,7.4,7.13,7.16,195279.93,141184.849
600012.SH,20181206,5.72,5.78,5.62,5.64,38650.13,21934.846
600015.SH,20181206,7.77,7.78,7.7,7.71,147675.51,114070.558
600016.SH,20181206,6.07,6.1,6.04,6.07,512921.07,311281.706
600017.SH,20181206,2.94,2.96,2.91,2.93,166070.4,48699.321
600018.SH,20181206,5.53,5.58,5.47,5.47,71365.64,39347.031
600019.SH,20181206,6.87,6.92,6.84,6.88,254476.97,175037.31
600020.SH,20181206,3.89,3.94,3.82,3.83,224651.28,87104.486
600021.SH,20181206,7.68,7.85,7.63,7.71,49602.4,38170.656
600022.SH,20181206,1.68,1.68,1.66,1.66,341296.88,56885.722
600023.SH,20181206,4.58,4.61,4.54,4.56,75341.87,34396.026
600025.SH,20181206,2.97,2.98,2.95,2.96,133802.86,39605.428
600026.SH,20181206,5.51,5.53,5.12,5.19,381381.65,201760.282
600027.SH,20181206,4.76,4.78,4.68,4.77,202727.27,95878.703
600028.SH,20181206,5.93,5.94,5.84,5.87,923740.03,542337.399
600029.SH,20181206,7.44,7.49,7.3,7.32,611265.33,450415.782
600030.SH,20181206,17.25,17.27,16.95,17.01,918608.2,1568942.012
600031.SH,20181206,8.14,8.17,8.05,8.09,329201.0,266638.109
600033.SH,20181206,3.04,3.04,2.98,3.0,50478.08,15169.325
600035.SH,20181206,3.09,3.1,3.05,3.07,45222.0,13902.766
600036.SH,20181206,28.9,29.15,28.78,28.9,373380.23,1079103.636
600037.SH,20181206,9.23,9.27,8.98,9.02,67396.6,61337.121
600038.SH,20181206,39.3,41.1,39.3,40.13,68300.47,276608.067
600039.SH,20181206,3.37,3.45,3.36,3.39,192432.94,65460.002
600048.SH,20181206,12.53,12.78,12.53,12.68,428102.19,541810.949
600050.SH,20181206,5.29,5.29,5.22,5.24,916864.64,481020.302
600051.SH,20181206,5.98,5.99,5.88,5.91,20925.92,12436.118
600052.SH,20181206,3.28,3.31,3.2,3.23,36020.1,11743.191
600053.SH,20181206,18.7,19.0,18.3,18.5,64971.17,120666.721
600054.SH,20181206,10.09,10.09,9.87,9.94,19577.0,19503.658
600055.SH,20181206,9.96,10.05,9.56,9.67,61205.34,60031.27
600056.SH,20181206,14.8,14.88,14.22,14.24,141828.73,205213.426
600057.SH,20181206,4.56,4.56,4.4,4.43,128334.05,57212.238
600058.SH,20181206,7.12,7.12,6.94,6.95,23971.5,16753.62
600059.SH,20181206,6.98,7.0,6.9,6.91,26198.86,18220.263
600060.SH,20181206,9.44,9.44,9.24,9.25,30655.0,28561.722
600061.SH,20181206,10.4,10.75,10.35,10.48,133977.48,141475.782
600062.SH,20181206,15.55,15.59,14.8,14.82,68059.72,102450.212
600063.SH,20181206,2.63,2.63,2.58,2.6,69623.6,18162.571
600064.SH,20181206,7.88,7.93,7.66,7.67,145213.41,113031.672
600066.SH,20181206,11.91,12.0,11.76,11.79,93770.48,111315.738
600067.SH,20181206,3.91,3.93,3.86,3.91,35565.91,13866.48
600068.SH,20181206,6.64,6.66,6.54,6.55,207188.93,136526.208
600069.SH,20181206,3.34,3.37,3.27,3.3,106349.11,35248.432
600070.SH,20181206,7.02,7.12,6.89,7.02,49893.73,34859.184
600071.SH,20181206,8.87,9.01,8.65,8.88,18373.13,16243.367
600072.SH,20181206,7.8,7.94,7.66,7.68,42931.01,33372.804
600073.SH,20181206,6.61,6.76,6.58,6.62,117019.72,78001.712
600074.SH,20181206,1.38,1.4,1.34,1.35,120263.18,16558.539
600075.SH,20181206,4.97,4.97,4.88,4.89,28333.76,13928.181
600076.SH,20181206,4.48,4.51,4.41,4.41,135381.0,60305.308
600077.SH,20181206,2.9,2.92,2.81,2.83,128068.9,36565.061
600078.SH,20181206,3.48,3.51,3.37,3.38,106714.0,36721.885
600079.SH,20181206,11.32,11.38,11.09,11.12,91946.03,102962.325
600080.SH,20181206,9.1,9.21,8.9,8.94,259064.42,234295.054
600081.SH,20181206,7.98,8.01,7.84,7.88,9204.0,7274.677
600082.SH,20181206,4.67,4.74,4.61,4.66,183324.35,85712.888
600083.SH,20181206,17.28,17.39,17.15,17.2,6458.53,11109.947
600084.SH,20181206,3.4,3.4,3.27,3.29,118035.82,39286.44
600085.SH,20181206,29.75,29.93,28.8,28.83,48975.34,143216.42
600086.SH,20181206,5.28,5.48,5.24,5.29,504900.92,269265.543
600088.SH,20181206,8.8,8.86,8.58,8.58,19520.21,16967.492
600089.SH,20181206,6.99,7.11,6.96,7.02,223403.85,157197.985
600090.SH,20181206,5.89,5.94,5.86,5.87,55386.0,32637.202
600091.SH,20181206,3.92,4.03,3.85,3.88,13215.73,5195.494
600093.SH,20181206,8.63,8.63,8.3,8.4,84966.0,71575.946
600094.SH,20181206,3.97,3.98,3.9,3.95,89807.75,35393.269
600095.SH,20181206,4.22,4.27,4.16,4.16,51470.6,21679.017
600096.SH,20181206,5.63,5.75,5.27,5.29,129271.48,70988.76
600097.SH,20181206,10.54,10.63,10.32,10.33,12585.01,13166.193
600098.SH,20181206,5.56,5.56,5.49,5.5,50218.74,27698.291
600099.SH,20181206,6.55,6.56,6.39,6.43,18208.0,11738.277
600100.SH,20181206,10.1,10.32,10.06,10.1,49334.39,50230.608
600101.SH,20181206,7.05,7.07,6.9,6.91,23525.01,16403.321
600103.SH,20181206,2.8,2.82,2.76,2.77,59376.42,16539.737
600104.SH,20181206,24.52,24.85,24.51,24.7,163404.36,403070.508
600105.SH,20181206,4.0,4.05,3.87,3.91,191503.6,75121.078
600106.SH,20181206,3.14,3.4,3.13,3.22,183493.91,59579.86
600107.SH,20181206,6.8,6.8,6.37,6.4,165337.25,108468.515
600108.SH,20181206,2.89,2.89,2.83,2.83,127666.92,36454.83
600109.SH,20181206,7.79,7.79,7.6,7.63,217005.35,166788.854
600110.SH,20181206,4.46,4.51,4.33,4.33,133096.32,58629.244
600111.SH,20181206,9.84,9.93,9.75,9.78,168909.47,165996.586
600112.SH,20181206,4.12,4.22,4.08,4.11,88812.12,36719.62
600113.SH,20181206,7.48,7.6,7.27,7.41,45586.79,33755.921
600114.SH,20181206,6.96,7.0,6.84,6.87,48581.83,33573.523
600115.SH,20181206,5.36,5.41,5.26,5.28,527083.4,279851.044
600116.SH,20181206,7.97,8.04,7.89,7.99,24356.96,19396.049
600117.SH,20181206,3.87,3.89,3.78,3.79,47871.46,18270.889
600118.SH,20181206,17.6,18.05,17.5,17.65,87495.58,155419.153
600119.SH,20181206,8.15,8.23,7.98,8.0,75994.5,61350.258
600120.SH,20181206,13.91,14.15,13.55,13.55,70642.35,97734.557
600121.SH,20181206,3.17,3.19,3.12,3.14,41343.2,13029.197
600122.SH,20181206,4.42,4.45,4.34,4.35,255065.54,111925.745
600123.SH,20181206,6.95,7.01,6.89,6.9,46274.27,32112.459
600125.SH,20181206,7.32,7.34,7.21,7.24,85706.99,62256.64
600126.SH,20181206,4.62,4.67,4.58,4.59,22342.28,10284.394
600127.SH,20181206,3.21,3.23,3.09,3.11,62089.8,19483.368
600128.SH,20181206,8.55,8.76,8.55,8.61,246905.2,212995.708
600129.SH,20181206,10.0,10.07,9.8,9.86,38022.0,37796.223
600130.SH,20181206,3.92,3.95,3.78,3.78,390473.25,150436.426
600131.SH,20181206,7.07,7.14,6.99,7.11,94373.56,66775.063
600132.SH,20181206,27.01,27.27,26.75,27.02,11097.54,29940.147
600133.SH,20181206,6.11,6.17,5.86,5.87,149238.01,89008.673
600135.SH,20181206,6.32,6.33,6.13,6.14,36036.51,22381.113
600136.SH,20181206,10.17,10.2,9.85,9.88,18851.06,18799.438
600137.SH,20181206,14.22,14.29,13.94,13.96,6558.04,9229.984
600138.SH,20181206,14.5,14.62,14.32,14.4,42838.54,61935.938
600139.SH,20181206,3.53,3.57,3.46,3.46,80290.69,28055.834
600141.SH,20181206,11.25,11.33,11.03,11.04,110519.42,123311.813
600143.SH,20181206,4.77,4.77,4.65,4.67,98532.51,46286.908
600146.SH,20181206,8.28,8.33,7.82,7.91,147128.49,118052.188
600148.SH,20181206,15.57,15.88,15.4,15.53,13029.0,20334.491
600149.SH,20181206,5.36,5.4,5.29,5.31,21041.01,11243.026
600150.SH,20181206,13.31,13.55,13.24,13.24,54829.3,73356.742
600151.SH,20181206,4.38,4.51,4.29,4.32,125054.9,54933.424
600152.SH,20181206,6.11,6.33,6.05,6.2,127488.8,78944.097
600153.SH,20181206,7.57,7.6,7.46,7.47,73485.65,55256.995
600155.SH,20181206,8.65,8.76,8.53,8.57,96000.57,82768.721
600156.SH,20181206,4.18,4.18,4.0,4.03,60089.6,24464.29
600158.SH,20181206,8.65,8.78,8.47,8.47,120571.67,103840.0
600159.SH,20181206,2.66,2.68,2.62,2.63,22697.0,6007.765
600160.SH,20181206,7.11,7.16,7.01,7.01,108970.45,77033.083
600161.SH,20181206,22.73,23.2,22.34,22.57,61652.18,140452.764
600162.SH,20181206,2.22,2.22,2.18,2.19,62406.38,13708.875
600163.SH,20181206,3.29,3.29,3.19,3.23,28307.0,9137.721
600165.SH,20181206,5.47,5.67,5.28,5.49,478406.68,261576.019
600166.SH,20181206,1.82,1.83,1.8,1.8,220958.2,40077.398
600167.SH,20181206,9.12,9.28,9.12,9.18,17631.2,16246.656
600168.SH,20181206,6.06,6.11,5.97,6.01,20510.89,12387.604
600169.SH,20181206,2.37,2.37,2.33,2.35,63489.02,14904.764
600170.SH,20181206,3.0,3.01,2.96,2.97,117322.03,34956.436
600171.SH,20181206,10.4,10.77,10.11,10.58,366669.1,387073.892
600172.SH,20181206,3.85,3.9,3.76,3.77,227298.39,86850.223
600173.SH,20181206,4.01,4.03,3.94,3.95,26768.0,10667.448
600175.SH,20181206,2.5,2.53,2.43,2.45,495575.63,122642.866
600176.SH,20181206,10.25,10.29,10.04,10.07,215321.07,218271.619
600177.SH,20181206,7.82,7.83,7.71,7.71,57385.01,44555.565
600178.SH,20181206,4.82,4.83,4.66,4.67,39945.35,18867.944
600179.SH,20181206,7.0,7.05,6.9,6.9,34197.77,23765.301
600180.SH,20181206,7.83,7.86,7.7,7.73,11814.87,9173.645
600182.SH,20181206,16.68,16.92,16.63,16.81,11224.26,18833.593
600183.SH,20181206,9.04,9.19,8.9,8.95,123934.3,111397.125
600184.SH,20181206,11.38,11.53,11.19,11.49,17791.88,20264.36
600185.SH,20181206,3.85,3.86,3.81,3.81,37660.37,14404.843
600186.SH,20181206,2.1,2.1,2.06,2.06,86390.86,17929.921
600187.SH,20181206,2.96,3.11,2.94,2.96,313138.92,94002.187
600188.SH,20181206,9.87,9.94,9.72,9.73,114391.9,112163.487
600189.SH,20181206,4.18,4.27,4.16,4.18,40279.19,16955.248
600190.SH,20181206,2.94,2.94,2.87,2.88,17220.06,4980.399
600191.SH,20181206,4.57,4.63,4.48,4.5,30307.0,13769.722
600192.SH,20181206,4.79,4.79,4.65,4.7,23772.98,11196.987
600193.SH,20181206,3.09,3.27,3.05,3.12,55102.92,17532.157
600195.SH,20181206,11.06,11.13,10.93,10.96,36917.23,40685.514
600196.SH,20181206,30.13,30.14,27.48,27.81,469342.96,1343630.557
600197.SH,20181206,14.4,14.43,13.95,14.09,110198.25,155953.265
600198.SH,20181206,6.87,6.94,6.61,6.64,114361.71,77348.642
600199.SH,20181206,5.12,5.18,5.03,5.05,69918.0,35521.415
600200.SH,20181206,6.9,6.95,6.7,6.77,57891.23,39439.313
600201.SH,20181206,18.31,18.55,17.94,18.09,67606.37,123268.262
600202.SH,20181206,3.92,3.92,3.82,3.84,30692.22,11859.93
600203.SH,20181206,4.8,4.83,4.65,4.68,69750.45,32995.489
600206.SH,20181206,7.23,7.53,7.23,7.35,292421.01,215708.568
600207.SH,20181206,5.0,5.06,4.95,5.03,57930.03,29000.784
600208.SH,20181206,3.08,3.09,3.01,3.04,212033.97,64642.839
600209.SH,20181206,3.75,3.9,3.69,3.9,111617.62,43143.206
600210.SH,20181206,3.83,3.85,3.73,3.77,288218.43,109454.082
600211.SH,20181206,32.57,32.57,30.6,30.98,18025.23,56773.308
600212.SH,20181206,3.99,4.09,3.92,3.96,109574.32,43931.818
600213.SH,20181206,6.62,6.75,6.53,6.54,21278.22,14081.42
600215.SH,20181206,7.38,7.56,7.31,7.36,15795.0,11716.006
600216.SH,20181206,9.92,10.23,9.86,9.95,420959.83,422902.277
600217.SH,20181206,4.66,4.68,4.59,4.62,17326.0,8037.107
600218.SH,20181206,5.1,5.13,5.02,5.04,18459.35,9352.633
600219.SH,20181206,2.32,2.32,2.28,2.29,353851.41,81336.107
600220.SH,20181206,2.3,2.3,2.22,2.22,162202.12,36756.01
600221.SH,20181206,2.06,2.07,2.02,2.02,624449.18,126978.572
600222.SH,20181206,3.95,4.0,3.84,3.85,49622.0,19391.768
600223.SH,20181206,3.56,3.64,3.42,3.53,121650.44,42536.267
600225.SH,20181206,3.48,3.53,3.36,3.36,93735.16,32091.327
600226.SH,20181206,3.33,3.35,3.21,3.22,525515.74,172007.676
600227.SH,20181206,3.19,3.25,3.16,3.17,110739.0,35420.233
600228.SH,20181206,7.92,8.18,7.73,7.95,16312.57,12928.487
600229.SH,20181206,7.45,7.5,7.26,7.28,57379.94,42261.419
600230.SH,20181206,18.81,19.19,18.68,18.76,95509.42,180751.994
600231.SH,20181206,3.03,3.03,2.98,2.99,82625.6,24807.655
600232.SH,20181206,5.4,5.51,5.32,5.34,28521.1,15437.328
600233.SH,20181206,10.54,10.54,10.22,10.24,29660.63,30569.159
600234.SH,20181206,7.98,8.06,7.7,7.7,9299.0,7275.542
600235.SH,20181206,6.32,6.56,6.23,6.32,540876.45,341438.43
600236.SH,20181206,5.13,5.13,5.02,5.04,59819.65,30325.432
600237.SH,20181206,3.73,3.73,3.58,3.6,66090.46,24020.211
600238.SH,20181206,4.97,4.97,4.86,4.89,11736.0,5759.219
600239.SH,20181206,3.39,3.4,3.31,3.32,61905.82,20692.834
600240.SH,20181206,3.0,3.02,2.9,2.91,571645.59,168710.726
600241.SH,20181206,6.6,6.6,6.28,6.33,23851.9,15299.999
600242.SH,20181206,13.01,13.08,12.96,13.07,7735.01,10059.591
600243.SH,20181206,4.45,4.87,4.38,4.87,59003.75,28572.773
600246.SH,20181206,3.57,3.57,3.51,3.56,14944.4,5287.886
600247.SH,20181206,6.13,6.29,5.88,6.08,34318.0,20861.345
600248.SH,20181206,4.31,4.34,4.21,4.22,19172.12,8152.89
600249.SH,20181206,4.25,4.3,4.12,4.14,71639.5,30011.055
600250.SH,20181206,7.02,7.17,6.82,7.15,39808.68,27915.027
600251.SH,20181206,5.35,5.43,5.23,5.25,54595.08,29081.819
600252.SH,20181206,2.78,2.8,2.76,2.77,87176.0,24228.57
600255.SH,20181206,2.08,2.09,2.0,2.01,285578.08,58169.663
600256.SH,20181206,4.1,4.11,4.02,4.04,313919.9,127419.961
600257.SH,20181206,4.6,4.61,4.48,4.5,32036.82,14542.894
600258.SH,20181206,17.83,17.92,17.38,17.55,33163.77,58439.587
600259.SH,20181206,24.81,24.99,24.5,24.52,20747.3,51287.561
600260.SH,20181206,19.15,19.29,18.52,18.72,182533.66,344076.534
600261.SH,20181206,3.4,3.43,3.35,3.41,70889.78,24022.368
600262.SH,20181206,18.52,18.75,18.2,18.32,3719.0,6860.034
600265.SH,20181206,26.88,27.08,26.67,26.67,2514.0,6751.357
600266.SH,20181206,8.16,8.17,7.97,7.99,69390.05,55920.483
600267.SH,20181206,12.47,12.62,11.6,11.78,250625.75,299809.108
600268.SH,20181206,4.16,4.16,4.04,4.06,28989.0,11815.189
600269.SH,20181206,4.08,4.1,4.02,4.04,68530.06,27734.663
600270.SH,20181206,20.9,21.08,20.73,20.88,87198.16,182330.916
600271.SH,20181206,23.16,23.32,22.7,22.92,163019.41,375569.436
600272.SH,20181206,7.73,7.85,7.58,7.59,8895.0,6855.846
600273.SH,20181206,9.51,9.62,9.41,9.52,173813.9,165489.957
600275.SH,20181206,3.05,3.22,3.03,3.22,125801.53,40272.27
600276.SH,20181206,65.81,66.39,60.5,62.65,343875.69,2178521.502
600277.SH,20181206,4.9,4.93,4.85,4.91,248787.6,121960.446
600278.SH,20181206,9.26,9.31,9.03,9.03,65194.55,59503.335
600279.SH,20181206,4.17,4.24,4.14,4.15,31310.88,13079.269
600280.SH,20181206,3.82,3.82,3.71,3.71,83932.0,31472.762
600281.SH,20181206,4.34,4.37,3.99,4.0,151630.75,62562.33
600282.SH,20181206,3.54,3.56,3.47,3.47,250562.0,87843.744
600283.SH,20181206,11.13,11.31,11.1,11.19,57033.82,63936.644
600284.SH,20181206,5.27,5.27,5.16,5.17,43729.79,22770.391
600285.SH,20181206,8.3,8.36,8.06,8.2,69804.65,57350.793
600287.SH,20181206,5.35,5.35,5.21,5.24,24174.0,12721.096
600288.SH,20181206,7.45,7.45,7.24,7.24,74198.0,54348.429
600289.SH,20181206,2.93,2.99,2.76,2.83,128199.91,37062.783
600290.SH,20181206,4.57,4.75,4.47,4.75,399157.24,184566.267
600291.SH,20181206,11.42,11.46,11.15,11.21,74265.33,83827.882
600292.SH,20181206,5.59,5.6,5.44,5.45,32963.55,18146.341
600293.SH,20181206,4.36,4.41,4.28,4.32,49551.65,21479.78
600295.SH,20181206,8.06,8.13,7.96,7.97,32770.0,26340.923
600297.SH,20181206,4.43,4.43,4.33,4.34,131251.27,57320.414
600298.SH,20181206,25.0,25.0,24.25,24.38,80477.71,197782.78
600299.SH,20181206,11.78,12.04,11.54,11.55,30683.0,36254.49
600300.SH,20181206,3.02,3.02,2.96,2.97,79098.41,23606.714
600301.SH,20181206,6.24,6.3,6.12,6.17,7275.01,4500.303
600302.SH,20181206,4.4,4.4,4.32,4.33,13896.71,6057.405
600303.SH,20181206,4.74,4.79,4.44,4.44,196816.73,89880.03
600305.SH,20181206,9.81,9.93,9.71,9.76,77984.84,76466.711
600306.SH,20181206,7.21,7.39,7.04,7.1,17563.0,12641.014
600307.SH,20181206,2.04,2.04,2.0,2.01,169692.79,34312.724
600308.SH,20181206,4.77,4.78,4.64,4.67,116147.8,54640.86
600309.SH,20181206,32.2,32.68,31.21,31.32,438701.18,1393939.582
600310.SH,20181206,4.11,4.17,4.06,4.08,53027.03,21743.538
600311.SH,20181206,3.98,4.24,3.98,4.11,859503.56,353215.809
600312.SH,20181206,8.18,8.18,7.76,7.81,172043.25,136261.412
600313.SH,20181206,2.35,2.4,2.35,2.35,75851.91,17984.058
600315.SH,20181206,27.65,27.99,27.5,27.5,34727.65,96262.739
600316.SH,20181206,11.01,11.25,10.83,10.9,129022.75,142466.592
600317.SH,20181206,2.45,2.47,2.42,2.47,70277.57,17177.79
600318.SH,20181206,7.74,7.83,7.25,7.28,74959.22,55987.655
600319.SH,20181206,4.86,4.86,4.66,4.69,81476.0,38669.622
600320.SH,20181206,3.32,3.35,3.3,3.31,54297.0,18079.632
600321.SH,20181206,1.9,1.95,1.89,1.9,38718.51,7421.268
600322.SH,20181206,3.82,3.82,3.73,3.74,31535.86,11828.666
600323.SH,20181206,14.05,14.05,13.79,13.81,30891.86,42872.083
600325.SH,20181206,6.15,6.18,6.11,6.11,108608.2,66565.485
600326.SH,20181206,7.03,7.11,6.96,7.0,140610.05,98872.602
600327.SH,20181206,4.39,4.39,4.31,4.32,22772.4,9898.432
600328.SH,20181206,7.43,7.43,7.23,7.25,47274.16,34545.299
600329.SH,20181206,14.6,14.67,14.04,14.19,50039.19,71614.949
600330.SH,20181206,6.15,6.2,6.04,6.05,110895.6,67610.385
600331.SH,20181206,2.43,2.45,2.38,2.38,85229.03,20552.787
600332.SH,20181206,39.0,39.3,37.53,37.95,182733.96,700717.394
600333.SH,20181206,6.31,6.59,6.29,6.42,234763.6,151743.47
600335.SH,20181206,7.88,7.97,7.55,7.55,364989.2,281858.015
600336.SH,20181206,3.75,3.76,3.64,3.65,37407.0,13787.82
600337.SH,20181206,4.18,4.2,4.08,4.08,90225.9,37239.81
600338.SH,20181206,22.63,22.63,22.22,22.37,17218.98,38590.341
600339.SH,20181206,4.06,4.07,3.96,3.97,121996.0,48849.353
600340.SH,20181206,27.18,27.6,27.0,27.3,164334.11,448497.867
600343.SH,20181206,8.57,8.78,8.46,8.52,82805.2,71337.963
600345.SH,20181206,20.75,20.78,20.13,20.23,54602.89,111688.349
600346.SH,20181206,13.8,13.84,13.58,13.66,47441.85,64966.529
600348.SH,20181206,5.46,5.52,5.42,5.44,100534.32,54802.512
600350.SH,20181206,4.35,4.35,4.26,4.29,63100.21,27143.097
600351.SH,20181206,6.51,6.54,6.37,6.4,62781.01,40502.338
600352.SH,20181206,9.21,9.27,9.13,9.14,215796.1,198260.881
600353.SH,20181206,4.68,4.69,4.51,4.51,26997.56,12310.419
600354.SH,20181206,4.15,4.16,4.06,4.06,54337.67,22338.148
600355.SH,20181206,3.77,3.77,3.58,3.61,172086.98,63030.092
600356.SH,20181206,5.94,5.98,5.9,5.92,13977.0,8305.739
600358.SH,20181206,4.01,4.04,3.81,3.83,58921.75,23013.029
600359.SH,20181206,4.73,4.8,4.6,4.63,118933.54,55945.163
600360.SH,20181206,5.65,5.8,5.53,5.8,184563.34,104933.553
600361.SH,20181206,3.97,3.97,3.8,3.83,55466.66,21427.574
600362.SH,20181206,13.36,13.43,13.27,13.28,76508.4,101948.445
600363.SH,20181206,8.61,8.75,8.42,8.5,50747.01,43485.762
600365.SH,20181206,4.18,4.21,4.05,4.1,66279.4,27282.615
600366.SH,20181206,5.5,5.5,5.31,5.38,112618.64,60844.234
600367.SH,20181206,7.87,7.89,7.72,7.79,23517.99,18362.148
600368.SH,20181206,3.63,3.7,3.55,3.57,154634.3,55737.466
600369.SH,20181206,3.86,3.87,3.75,3.81,238882.95,90903.548
600370.SH,20181206,2.94,2.94,2.84,2.85,17741.0,5105.686
600371.SH,20181206,6.91,6.94,6.72,6.77,26576.67,18064.854
600372.SH,20181206,14.69,15.07,14.61,14.77,47536.18,70485.605
600373.SH,20181206,12.38,12.89,12.25,12.59,140893.5,178223.005
600375.SH,20181206,3.9,3.92,3.84,3.88,21771.0,8440.76
600376.SH,20181206,6.79,6.79,6.66,6.73,42105.32,28309.759
600377.SH,20181206,9.39,9.43,9.29,9.39,26484.42,24795.965
600378.SH,20181206,10.29,10.55,10.29,10.34,17000.95,17714.451
600379.SH,20181206,7.01,7.27,6.89,7.25,25587.97,18037.792
600380.SH,20181206,8.39,8.41,8.04,8.05,159031.78,129945.051
600381.SH,20181206,6.49,6.57,6.33,6.41,38081.14,24541.872
600382.SH,20181206,8.91,8.93,8.65,8.66,23736.18,20759.806
600383.SH,20181206,9.49,9.53,9.35,9.41,163434.26,154070.165
600385.SH,20181206,10.66,11.02,10.56,10.69,16906.27,18226.537
600386.SH,20181206,3.65,3.68,3.5,3.59,116367.31,41568.46
600387.SH,20181206,9.28,9.42,9.1,9.12,43801.52,40399.967
600388.SH,20181206,10.1,10.1,9.92,9.96,54393.77,54374.2
600389.SH,20181206,18.38,18.55,18.15,18.16,6121.02,11180.838
600390.SH,20181206,7.88,7.89,7.66,7.66,63564.89,49247.745
600391.SH,20181206,12.29,12.74,12.12,12.19,66142.01,82211.444
600392.SH,20181206,9.65,9.84,9.47,9.53,246452.37,237710.583
600393.SH,20181206,2.32,2.34,2.28,2.29,275541.36,63551.172
600395.SH,20181206,5.37,5.4,5.32,5.4,40457.0,21671.848
600396.SH,20181206,2.08,2.09,2.04,2.04,31397.0,6470.424
600397.SH,20181206,2.24,2.31,2.23,2.25,51493.68,11669.498
600398.SH,20181206,8.71,8.85,8.53,8.53,135192.5,117222.313
600400.SH,20181206,4.05,4.17,4.02,4.17,119663.08,48998.44
600403.SH,20181206,3.83,3.85,3.77,3.8,9132.96,3475.352
600405.SH,20181206,4.3,4.45,4.26,4.31,51502.32,22356.508
600406.SH,20181206,18.24,18.46,17.98,18.01,162188.75,295482.411
600408.SH,20181206,2.74,2.81,2.73,2.77,63486.7,17588.732
600409.SH,20181206,6.11,6.14,6.02,6.06,170689.17,103444.864
600410.SH,20181206,6.84,6.93,6.71,6.71,180545.2,122701.745
600415.SH,20181206,3.65,3.65,3.6,3.62,64410.71,23314.589
600416.SH,20181206,6.11,6.33,6.04,6.08,63944.4,39198.962
600418.SH,20181206,5.35,5.53,5.33,5.37,223516.64,120985.615
600419.SH,20181206,14.53,14.53,14.15,14.15,16431.2,23490.592
600420.SH,20181206,10.89,10.89,10.26,10.3,59347.88,62118.72
600421.SH,20181206,7.21,7.5,7.06,7.41,6983.96,5116.137
600422.SH,20181206,7.15,7.23,7.1,7.16,62473.05,44785.982
600425.SH,20181206,3.16,3.18,3.11,3.12,103420.0,32531.459
600426.SH,20181206,13.05,13.09,12.82,12.95,115466.99,149453.533
600428.SH,20181206,3.55,3.55,3.46,3.47,75390.33,26334.813
600429.SH,20181206,5.03,5.05,4.95,4.95,8083.0,4023.997
600433.SH,20181206,3.85,3.9,3.79,3.82,39271.0,15061.242
600435.SH,20181206,7.76,7.9,7.71,7.77,121389.78,94707.071
600436.SH,20181206,88.02,89.99,86.25,87.3,59267.71,521567.397
600438.SH,20181206,9.22,9.83,9.18,9.35,688082.43,647666.477
600439.SH,20181206,2.98,2.98,2.91,2.92,105736.27,31032.468
600444.SH,20181206,10.09,10.19,9.93,9.94,3536.0,3552.978
600446.SH,20181206,10.39,10.4,10.12,10.2,116291.43,119110.039
600448.SH,20181206,4.25,4.38,4.22,4.34,109444.45,47023.899
600449.SH,20181206,7.98,7.99,7.84,7.86,28449.67,22471.542
600452.SH,20181206,17.01,17.03,16.52,16.6,8518.46,14191.588
600455.SH,20181206,24.98,24.98,24.04,24.23,2870.55,7020.948
600456.SH,20181206,16.08,16.77,16.02,16.43,82673.69,134972.765
600458.SH,20181206,7.34,7.34,7.2,7.22,24435.02,17680.457
600459.SH,20181206,12.63,13.08,12.57,12.69,241939.46,309425.609
600460.SH,20181206,9.29,9.41,9.1,9.11,224597.06,207559.245
600461.SH,20181206,5.76,5.8,5.69,5.73,20994.0,12046.662
600462.SH,20181206,3.55,3.84,3.5,3.65,794150.04,293042.753
600463.SH,20181206,7.05,7.3,7.01,7.06,29335.27,20872.2
600466.SH,20181206,5.23,5.23,5.08,5.14,103626.38,53385.78
600467.SH,20181206,2.63,2.66,2.62,2.63,65698.6,17335.048
600468.SH,20181206,5.48,5.48,5.25,5.31,55223.0,29512.589
600469.SH,20181206,3.98,3.99,3.87,3.88,40504.5,15879.095
600470.SH,20181206,4.23,4.32,4.1,4.14,282137.42,118153.618
600475.SH,20181206,9.15,9.16,9.02,9.03,9379.0,8495.243
600476.SH,20181206,13.07,13.13,12.69,12.91,23118.08,29844.592
600477.SH,20181206,4.07,4.07,4.01,4.02,72561.3,29295.444
600478.SH,20181206,4.1,4.16,4.07,4.11,65566.06,26941.684
600479.SH,20181206,8.82,8.94,8.63,8.71,22481.29,19725.62
600480.SH,20181206,8.53,8.53,8.25,8.4,35136.14,29457.194
600481.SH,20181206,3.62,3.7,3.58,3.63,51408.46,18718.902
600482.SH,20181206,22.68,22.94,22.39,22.62,25713.42,58419.765
600483.SH,20181206,8.41,8.49,8.34,8.37,29832.0,25085.815
600486.SH,20181206,41.31,41.31,39.41,39.46,24571.64,98968.916
600487.SH,20181206,17.4,17.49,17.02,17.08,370593.61,639235.344
600488.SH,20181206,4.02,4.12,3.99,4.0,43407.0,17602.38
600489.SH,20181206,8.12,8.18,8.02,8.03,446861.67,362196.544
600490.SH,20181206,5.17,5.23,5.08,5.1,212920.36,109653.369
600491.SH,20181206,7.49,7.55,7.24,7.28,63769.34,46911.679
600493.SH,20181206,5.8,5.9,5.76,5.84,28895.0,16835.21
600495.SH,20181206,4.75,4.75,4.61,4.61,143764.57,66972.892
600496.SH,20181206,2.86,2.87,2.82,2.83,54354.0,15447.349
600497.SH,20181206,4.34,4.36,4.28,4.28,156027.63,67286.544
600498.SH,20181206,28.1,28.1,26.56,27.33,469359.84,1285080.644
600499.SH,20181206,4.91,4.96,4.83,4.87,93674.7,45689.999
600500.SH,20181206,6.95,6.99,6.88,6.88,41278.0,28594.023
600501.SH,20181206,6.8,6.88,6.63,6.72,41626.06,28185.27
600502.SH,20181206,3.86,3.9,3.82,3.83,76262.95,29377.527
600503.SH,20181206,3.59,3.63,3.55,3.57,125082.9,44972.209
600505.SH,20181206,5.22,5.29,5.11,5.11,24620.62,12735.45
600506.SH,20181206,10.58,11.35,10.21,10.41,60010.85,64289.242
600507.SH,20181206,10.32,10.34,10.08,10.11,94746.82,96711.524
600508.SH,20181206,10.17,10.22,10.12,10.12,20188.0,20495.113
600509.SH,20181206,4.0,4.01,3.95,3.95,32590.98,12953.189
600510.SH,20181206,6.36,6.4,6.21,6.25,16396.01,10317.669
600511.SH,20181206,27.05,27.06,24.94,25.74,61298.94,157236.694
600512.SH,20181206,2.35,2.36,2.31,2.33,182913.0,42744.074
600513.SH,20181206,6.86,7.01,6.78,6.79,27542.08,19020.685
600515.SH,20181206,5.36,5.5,5.32,5.41,144360.0,78327.922
600516.SH,20181206,18.56,19.49,18.43,18.89,377907.76,716179.416
600517.SH,20181206,3.7,3.73,3.62,3.65,45607.94,16755.528
600518.SH,20181206,11.45,11.59,11.16,11.23,760384.54,862865.131
600519.SH,20181206,600.0,605.98,590.36,591.8,37758.07,2250440.655
600520.SH,20181206,13.46,14.88,13.35,14.88,64836.68,93407.996
600521.SH,20181206,14.31,15.94,13.36,14.93,526104.76,754735.962
600522.SH,20181206,7.91,7.91,7.76,7.77,332879.94,260150.766
600523.SH,20181206,9.09,9.16,8.93,8.98,17981.76,16246.288
600525.SH,20181206,6.42,6.43,6.21,6.28,304699.36,192155.558
600526.SH,20181206,5.01,5.03,4.9,4.92,28996.92,14381.131
600527.SH,20181206,2.17,2.2,2.15,2.15,78150.0,16969.428
600528.SH,20181206,10.1,10.12,9.93,9.96,51284.29,51408.391
600529.SH,20181206,19.76,19.94,19.01,19.4,78155.99,152583.421
600530.SH,20181206,5.06,5.17,5.04,5.06,25336.43,12896.722
600531.SH,20181206,3.92,4.0,3.88,3.91,103441.0,40724.118
600532.SH,20181206,5.04,5.05,4.86,4.87,165112.0,81360.149
600533.SH,20181206,3.29,3.32,3.25,3.26,57107.0,18739.083
600535.SH,20181206,22.05,22.2,20.75,21.13,116951.06,249779.567
600536.SH,20181206,24.6,25.8,24.31,25.2,283673.97,712755.021
600537.SH,20181206,3.07,3.12,3.03,3.07,118398.78,36345.184
600538.SH,20181206,4.32,4.39,4.18,4.22,130311.27,55704.12
600539.SH,20181206,6.91,7.07,6.82,6.88,11341.1,7869.735
600540.SH,20181206,3.92,3.94,3.83,3.83,62028.09,24075.649
600543.SH,20181206,7.22,7.26,7.1,7.1,11422.14,8185.046
600545.SH,20181206,7.6,7.62,7.52,7.52,33265.93,25187.266
600546.SH,20181206,3.55,3.55,3.47,3.48,40593.0,14225.923
600547.SH,20181206,28.31,28.86,28.14,28.24,262211.33,747687.77
600548.SH,20181206,8.54,8.68,8.47,8.49,38114.23,32595.94
600549.SH,20181206,13.46,13.55,13.33,13.33,53947.06,72355.362
600550.SH,20181206,4.12,4.16,4.02,4.04,74093.17,30239.287
600551.SH,20181206,8.7,8.81,8.61,8.69,45030.06,39267.007
600552.SH,20181206,3.98,4.02,3.85,3.87,142450.12,55886.302
600555.SH,20181206,3.14,3.25,3.07,3.16,431966.44,136870.391
600556.SH,20181206,4.44,4.44,4.44,4.44,1874.0,832.056
600557.SH,20181206,11.38,11.58,11.17,11.21,34480.54,39117.253
600558.SH,20181206,3.6,3.6,3.51,3.51,64963.25,23017.454
600559.SH,20181206,14.4,14.58,14.21,14.29,39477.01,56714.971
600560.SH,20181206,8.04,8.19,7.89,7.91,47440.0,38106.904
600561.SH,20181206,6.12,6.12,5.9,5.9,22024.0,13136.632
600562.SH,20181206,14.74,14.74,13.96,14.03,51349.03,73429.871
600563.SH,20181206,40.72,41.6,40.21,40.23,13913.44,56847.762
600565.SH,20181206,2.82,2.82,2.76,2.76,85486.0,23775.951
600566.SH,20181206,39.35,39.99,37.0,37.42,60146.35,228979.031
600568.SH,20181206,2.71,2.77,2.66,2.67,488750.0,132387.978
600569.SH,20181206,3.36,3.36,3.3,3.3,165640.0,55049.719
600570.SH,20181206,55.4,55.4,53.91,54.15,78021.23,425731.085
600571.SH,20181206,7.18,7.32,7.1,7.26,62545.94,45191.297
600572.SH,20181206,6.21,6.29,6.18,6.21,137380.13,85685.848
600573.SH,20181206,6.84,6.97,6.75,6.77,16548.2,11328.943
600575.SH,20181206,2.5,2.51,2.47,2.49,212115.0,52819.061
600576.SH,20181206,4.65,4.88,4.63,4.67,57028.18,27008.845
600577.SH,20181206,3.12,3.12,3.05,3.07,138255.81,42621.798
600578.SH,20181206,3.06,3.08,3.01,3.02,57424.46,17424.501
600579.SH,20181206,8.4,8.45,8.22,8.26,8788.01,7326.304
600580.SH,20181206,6.77,6.8,6.64,6.7,42117.35,28270.779
600581.SH,20181206,4.0,4.02,3.94,3.95,198160.76,78728.821
600582.SH,20181206,3.8,3.81,3.67,3.71,107676.32,40083.094
600583.SH,20181206,5.43,5.45,5.33,5.33,110602.26,59378.739
600584.SH,20181206,10.18,10.18,9.86,9.95,151571.04,151509.878
600585.SH,20181206,31.05,31.35,31.0,31.04,216829.01,674400.668
600586.SH,20181206,3.18,3.21,3.14,3.15,81397.02,25839.974
600587.SH,20181206,14.71,15.12,14.25,14.35,47433.86,69621.263
600588.SH,20181206,24.14,24.68,23.6,23.85,133292.8,320478.573
600589.SH,20181206,4.39,4.46,4.29,4.32,51596.5,22583.843
600590.SH,20181206,5.93,5.93,5.8,5.83,34234.16,20082.003
600592.SH,20181206,5.94,5.95,5.78,5.8,58005.0,33978.547
600593.SH,20181206,29.35,29.52,29.21,29.34,8885.4,26107.264
600594.SH,20181206,6.25,6.25,6.01,6.07,72275.0,44124.87
600595.SH,20181206,2.18,2.19,2.13,2.14,76469.87,16453.692
600596.SH,20181206,12.14,12.4,12.04,12.15,190743.82,233205.461
600597.SH,20181206,8.2,8.25,8.01,8.02,60011.42,48552.083
600598.SH,20181206,8.75,8.9,8.71,8.79,140732.18,124129.619
600599.SH,20181206,11.1,11.35,10.95,11.08,8504.51,9423.011
600600.SH,20181206,31.7,31.77,31.05,31.09,24869.19,77934.51
600601.SH,20181206,2.76,3.0,2.76,2.87,727762.77,213407.444
600602.SH,20181206,5.46,5.65,5.28,5.44,52805.0,28592.835
600603.SH,20181206,4.54,4.55,4.4,4.41,69315.4,30928.114
600604.SH,20181206,7.07,7.34,6.92,7.01,1869270.48,1328638.625
600605.SH,20181206,9.5,9.5,9.23,9.38,6723.7,6276.406
600606.SH,20181206,6.25,6.25,6.14,6.15,213403.49,131904.508
600608.SH,20181206,4.49,4.53,4.37,4.44,12220.0,5465.735
600609.SH,20181206,3.64,3.64,3.45,3.45,40540.61,14228.115
600610.SH,20181206,1.81,1.85,1.71,1.73,140009.86,24869.086
600611.SH,20181206,4.09,4.09,3.98,4.0,90036.18,36264.349
600612.SH,20181206,38.81,40.35,38.81,39.7,28207.22,112564.929
600613.SH,20181206,5.56,5.6,5.42,5.49,25550.91,14062.642
600614.SH,20181206,3.7,3.8,3.65,3.72,212549.84,79038.271
600615.SH,20181206,9.65,9.77,9.58,9.64,9524.13,9239.829
600616.SH,20181206,5.21,5.24,5.11,5.12,15309.48,7902.751
600617.SH,20181206,5.3,5.33,5.22,5.24,29210.0,15362.203
600618.SH,20181206,7.04,7.05,6.86,6.88,20965.79,14518.634
600619.SH,20181206,9.76,9.8,9.66,9.69,12983.0,12604.671
600620.SH,20181206,6.08,6.24,6.03,6.13,37417.0,23002.169
600621.SH,20181206,9.71,9.88,9.51,9.57,166717.52,161162.035
600622.SH,20181206,5.97,5.99,5.88,5.88,46846.93,27752.834
600623.SH,20181206,8.68,8.68,8.48,8.51,110084.53,94310.335
600624.SH,20181206,5.81,5.9,5.75,5.8,246295.12,143548.604
600626.SH,20181206,5.56,5.56,5.37,5.42,37851.35,20537.321
600628.SH,20181206,6.81,6.83,6.75,6.76,14649.64,9941.49
600629.SH,20181206,11.56,11.61,11.39,11.39,6241.0,7167.939
600630.SH,20181206,7.4,7.5,7.35,7.36,50521.01,37429.065
600633.SH,20181206,8.63,8.68,8.44,8.49,45240.0,38607.422
600634.SH,20181206,3.4,3.49,3.35,3.44,100678.0,34386.824
600635.SH,20181206,5.09,5.22,5.02,5.12,1376448.17,706127.695
600636.SH,20181206,11.75,11.89,11.57,11.61,22945.54,26866.083
600637.SH,20181206,10.24,10.3,10.05,10.1,79962.82,81376.821
600638.SH,20181206,9.42,9.47,9.31,9.38,8109.6,7602.886
600639.SH,20181206,12.02,12.04,11.83,11.88,22590.47,26930.926
600640.SH,20181206,9.91,10.09,9.8,9.89,50273.04,50109.86
600641.SH,20181206,9.49,9.58,9.33,9.36,28071.49,26508.955
600642.SH,20181206,5.0,5.01,4.93,4.96,41135.76,20416.39
600643.SH,20181206,9.0,9.03,8.81,8.86,103028.32,91677.756
600644.SH,20181206,4.85,4.87,4.76,4.83,10818.01,5217.997
600645.SH,20181206,17.69,17.79,17.05,17.1,64790.27,112714.868
600647.SH,20181206,12.15,12.15,11.74,11.74,10355.0,12305.413
600648.SH,20181206,14.24,14.24,13.61,13.75,43748.26,60660.687
600649.SH,20181206,5.93,6.01,5.91,5.93,107361.47,63910.239
600650.SH,20181206,10.35,10.44,10.18,10.26,14993.67,15436.91
600651.SH,20181206,3.67,3.68,3.59,3.6,73384.0,26566.644
600652.SH,20181206,4.32,4.32,4.13,4.2,72601.76,30647.033
600653.SH,20181206,2.03,2.03,2.01,2.01,103267.22,20833.809
600654.SH,20181206,2.19,2.27,2.17,2.19,145550.1,32340.954
600655.SH,20181206,7.29,7.34,7.18,7.22,43823.22,31823.363
600657.SH,20181206,4.2,4.25,4.17,4.23,102820.88,43405.08
600658.SH,20181206,5.49,5.49,5.33,5.34,50466.0,27248.535
600660.SH,20181206,22.1,22.32,21.9,21.96,63642.22,140374.043
600661.SH,20181206,22.53,23.41,22.26,23.21,15771.61,36414.59
600662.SH,20181206,4.4,4.4,4.3,4.31,65520.31,28410.101
600663.SH,20181206,14.45,14.45,14.15,14.18,27419.91,39134.625
600664.SH,20181206,3.8,3.81,3.72,3.74,72002.11,27021.953
600665.SH,20181206,3.69,3.69,3.61,3.63,31268.41,11380.742
600666.SH,20181206,3.36,3.37,3.27,3.28,227272.47,75272.373
600667.SH,20181206,5.9,5.98,5.78,5.8,189346.01,110805.029
600668.SH,20181206,13.29,13.4,12.94,13.03,58838.19,77330.437
600671.SH,20181206,16.91,16.91,16.11,16.38,3552.0,5848.303
600673.SH,20181206,7.95,7.99,7.67,7.75,124509.7,97481.396
600674.SH,20181206,8.2,8.21,8.1,8.11,57059.86,46424.526
600675.SH,20181206,5.8,5.86,5.73,5.82,35308.56,20538.253
600676.SH,20181206,4.67,4.69,4.63,4.65,28378.57,13240.111
600677.SH,20181206,9.06,9.23,8.98,9.01,97028.49,88186.794
600678.SH,20181206,6.59,6.69,6.4,6.4,196809.47,128530.111
600679.SH,20181206,11.45,11.53,11.17,11.22,15809.75,17868.464
600681.SH,20181206,12.86,12.91,12.67,12.67,16522.0,21105.621
600682.SH,20181206,10.52,10.59,10.05,10.17,129474.86,133479.975
600683.SH,20181206,4.34,4.36,4.23,4.24,23748.74,10185.325
600684.SH,20181206,4.1,4.13,4.02,4.04,104276.79,42352.805
600685.SH,20181206,10.6,10.76,10.47,10.55,39403.1,41723.635
600686.SH,20181206,8.05,8.28,7.96,8.01,47295.49,38406.427
600687.SH,20181206,5.2,5.39,5.15,5.21,496215.11,261418.638
600688.SH,20181206,5.04,5.04,5.0,5.01,44491.55,22320.446
600689.SH,20181206,10.13,10.18,9.93,10.0,83214.01,83807.846
600690.SH,20181206,14.25,14.31,13.89,13.92,294436.14,413009.455
600691.SH,20181206,2.63,2.63,2.59,2.6,45405.92,11836.927
600692.SH,20181206,6.95,7.0,6.71,6.75,35794.1,24547.338
600693.SH,20181206,5.26,5.26,5.2,5.24,15164.3,7921.159
600694.SH,20181206,26.19,26.19,25.33,25.44,31381.91,80343.361
600695.SH,20181206,5.19,5.22,5.01,5.11,202876.2,103330.257
600696.SH,20181206,4.38,4.48,4.35,4.38,17320.42,7661.622
600697.SH,20181206,19.65,19.72,19.26,19.32,7544.0,14647.425
600698.SH,20181206,4.6,4.88,4.58,4.74,171251.0,80630.713
600699.SH,20181206,23.32,23.57,22.98,23.0,33974.63,78742.045
600701.SH,20181206,2.98,3.04,2.86,2.86,210679.68,61623.832
600702.SH,20181206,25.55,25.85,25.15,25.71,154368.93,393230.314
600703.SH,20181206,14.58,14.64,14.05,14.17,259782.49,370379.771
600704.SH,20181206,5.06,5.1,5.0,5.08,110742.53,56063.896
600705.SH,20181206,4.6,4.62,4.52,4.53,209554.16,95574.954
600706.SH,20181206,11.22,11.33,11.0,11.08,15960.06,17842.131
600707.SH,20181206,4.64,4.64,4.48,4.48,52370.01,23723.402
600708.SH,20181206,3.86,3.88,3.78,3.79,81135.93,30966.302
600710.SH,20181206,4.01,4.05,3.94,3.94,37502.89,14971.592
600711.SH,20181206,5.41,5.5,5.38,5.39,525905.86,285405.64
600712.SH,20181206,4.24,4.24,3.96,4.03,96866.0,39898.492
600713.SH,20181206,4.6,4.62,4.51,4.53,19894.91,9046.984
600714.SH,20181206,6.49,6.7,6.49,6.52,22602.52,14901.094
600715.SH,20181206,5.49,5.66,5.48,5.51,76715.0,42551.376
600716.SH,20181206,3.62,3.62,3.54,3.55,23252.0,8301.64
600717.SH,20181206,7.45,7.45,7.27,7.3,40102.0,29482.423
600718.SH,20181206,11.2,11.33,11.1,11.18,53417.86,59921.656
600719.SH,20181206,4.11,4.16,4.08,4.11,19701.0,8088.498
600720.SH,20181206,6.83,6.9,6.75,6.76,75523.03,51385.039
600721.SH,20181206,6.13,6.16,5.78,5.85,39314.2,23286.135
600722.SH,20181206,5.02,5.05,4.9,4.92,92851.07,46020.962
600723.SH,20181206,6.68,6.68,6.53,6.54,13737.98,9036.465
600724.SH,20181206,3.4,3.4,3.27,3.28,19179.0,6372.886
600725.SH,20181206,2.37,2.51,2.37,2.47,80148.21,19763.874
600726.SH,20181206,2.42,2.42,2.37,2.38,24136.0,5781.832
600727.SH,20181206,6.59,6.9,6.47,6.52,146943.39,98527.258
600728.SH,20181206,7.84,8.01,7.76,7.81,309962.58,244418.241
600729.SH,20181206,30.49,30.49,29.55,29.9,35188.86,105128.9
600730.SH,20181206,4.91,5.09,4.9,4.91,56320.73,28055.207
600731.SH,20181206,4.82,4.82,4.65,4.68,25419.01,11981.634
600732.SH,20181206,4.58,4.83,4.53,4.55,38580.63,18148.02
600733.SH,20181206,10.03,10.27,9.7,9.75,260808.23,259539.257
600734.SH,20181206,6.81,7.28,6.76,7.13,414292.24,292337.138
600735.SH,20181206,6.17,6.6,6.17,6.17,505867.36,315258.043
600736.SH,20181206,5.71,5.76,5.6,5.63,107126.05,60676.561
600737.SH,20181206,7.29,7.35,7.13,7.19,91048.41,65781.396
600738.SH,20181206,5.7,5.76,5.58,5.63,46009.02,26048.515
600739.SH,20181206,11.91,11.94,11.56,11.63,74328.11,87083.592
600740.SH,20181206,8.85,9.1,8.85,8.97,233111.05,209997.822
600741.SH,20181206,17.97,18.28,17.66,17.7,75111.01,134364.688
600742.SH,20181206,11.41,12.06,11.25,11.53,140072.77,163407.584
600743.SH,20181206,2.57,2.57,2.52,2.52,66933.4,17000.323
600744.SH,20181206,2.95,2.96,2.87,2.88,42238.68,12250.54
600745.SH,20181206,30.0,30.0,27.61,27.61,160298.74,458957.399
600746.SH,20181206,5.83,5.92,5.7,5.72,18101.07,10431.299
600747.SH,20181206,1.43,1.46,1.42,1.43,125101.31,18001.039
600748.SH,20181206,5.2,5.34,5.14,5.22,107540.82,56211.116
600749.SH,20181206,9.71,9.88,9.71,9.73,3778.0,3697.06
600750.SH,20181206,16.84,16.93,16.77,16.82,33918.53,57100.912
600751.SH,20181206,3.15,3.15,3.04,3.05,194329.74,60226.048
600753.SH,20181206,15.88,16.26,15.61,16.15,24987.11,39724.717
600754.SH,20181206,23.32,23.32,22.76,22.88,22867.0,52552.164
600755.SH,20181206,7.18,7.19,7.01,7.01,261767.79,184938.673
600756.SH,20181206,16.19,16.6,16.05,16.29,88497.32,144575.201
600757.SH,20181206,6.71,6.73,6.48,6.5,117773.72,77233.406
600758.SH,20181206,3.69,3.76,3.65,3.69,56987.3,21083.185
600759.SH,20181206,2.83,2.85,2.76,2.77,244095.51,68479.958
600760.SH,20181206,31.6,31.93,31.04,31.3,41730.0,131680.28
600761.SH,20181206,9.36,9.41,9.12,9.2,96910.26,89453.33
600763.SH,20181206,53.3,54.44,51.22,52.7,35016.06,186554.925
600764.SH,20181206,23.78,25.67,23.5,24.25,36557.22,89794.913
600765.SH,20181206,8.28,8.42,8.14,8.25,59481.22,49160.306
600766.SH,20181206,8.27,8.95,8.27,8.65,415483.11,357588.812
600767.SH,20181206,4.84,4.85,4.62,4.7,8838.0,4175.184
600768.SH,20181206,10.32,10.35,10.12,10.2,7868.0,8045.911
600769.SH,20181206,4.45,4.59,4.4,4.53,28143.25,12622.82
600770.SH,20181206,5.33,5.42,5.28,5.28,103404.0,55163.776
600771.SH,20181206,31.04,32.04,30.69,31.11,46922.0,147450.896
600773.SH,20181206,6.88,6.92,6.72,6.74,58327.39,39717.342
600774.SH,20181206,14.9,15.07,14.63,14.65,17787.62,26258.372
600775.SH,20181206,5.67,5.67,5.45,5.45,49253.0,27224.335
600776.SH,20181206,6.02,6.09,5.73,5.78,368341.15,216541.643
600777.SH,20181206,2.31,2.32,2.28,2.29,195691.2,44956.223
600778.SH,20181206,4.77,4.84,4.73,4.78,15666.0,7494.608
600779.SH,20181206,31.69,32.35,30.9,31.36,60419.36,190539.983
600780.SH,20181206,3.42,3.46,3.4,3.43,27027.27,9272.193
600781.SH,20181206,16.79,16.96,16.38,16.6,62719.6,104567.869
600782.SH,20181206,5.12,5.14,5.03,5.03,330192.0,167567.91
600783.SH,20181206,15.88,16.26,15.6,15.88,500548.43,795348.371
600784.SH,20181206,5.49,5.5,5.27,5.31,48677.47,26164.99
600785.SH,20181206,18.21,18.26,17.81,17.96,3979.4,7172.86
600787.SH,20181206,5.64,5.7,5.47,5.49,80094.22,44451.621
600789.SH,20181206,9.57,9.77,9.35,9.37,213750.4,203491.331
600790.SH,20181206,3.8,3.83,3.76,3.79,94572.42,35888.334
600791.SH,20181206,4.05,4.06,3.97,3.99,39488.0,15873.852
600792.SH,20181206,3.02,3.04,2.97,2.97,33202.0,9969.93
600793.SH,20181206,16.23,16.73,16.21,16.27,16961.82,27848.466
600794.SH,20181206,2.87,2.88,2.82,2.84,51386.2,14607.272
600795.SH,20181206,2.53,2.54,2.51,2.51,288524.42,72845.777
600796.SH,20181206,5.64,5.67,5.54,5.55,43925.02,24582.777
600797.SH,20181206,8.11,8.16,7.94,7.96,94733.53,76092.782
600798.SH,20181206,3.49,3.5,3.44,3.45,48234.61,16720.691
600800.SH,20181206,5.79,5.84,5.7,5.73,33073.01,19067.686
600801.SH,20181206,17.8,18.05,17.74,17.82,63520.53,113427.013
600802.SH,20181206,8.1,8.13,7.93,7.93,56934.6,45743.122
600803.SH,20181206,11.06,11.06,10.69,10.73,133065.08,144186.856
600804.SH,20181206,8.19,8.22,7.97,7.98,178910.12,144179.534
600805.SH,20181206,5.14,5.19,5.09,5.1,27870.23,14289.01
600807.SH,20181206,3.71,3.95,3.71,3.87,271658.8,104874.986
600808.SH,20181206,3.75,3.75,3.61,3.61,372210.02,136768.505
600809.SH,20181206,39.0,39.8,38.12,38.66,83324.92,323903.743
600810.SH,20181206,11.62,12.14,11.62,11.77,160704.06,190891.881
600811.SH,20181206,3.86,3.86,3.79,3.8,73840.42,28195.969
600812.SH,20181206,4.48,4.61,4.4,4.44,87758.39,39640.053
600814.SH,20181206,5.34,5.4,5.26,5.27,17169.3,9107.452
600815.SH,20181206,3.3,3.31,3.19,3.21,22226.0,7203.459
600816.SH,20181206,4.86,4.89,4.76,4.78,175346.27,84412.227
600817.SH,20181206,8.61,8.65,8.49,8.6,10393.67,8865.488
600818.SH,20181206,14.52,14.52,13.16,13.48,172645.36,242060.954
600819.SH,20181206,4.44,4.55,4.38,4.41,21398.7,9492.17
600820.SH,20181206,5.91,5.92,5.82,5.83,83976.61,49242.135
600821.SH,20181206,4.47,4.51,4.37,4.37,38935.47,17240.144
600822.SH,20181206,9.65,9.74,9.55,9.62,34495.9,33254.772
600823.SH,20181206,4.01,4.02,3.93,3.96,60386.77,23963.999
600824.SH,20181206,3.62,3.63,3.56,3.56,43571.24,15678.889
600825.SH,20181206,5.0,5.13,4.96,5.02,408928.67,206288.439
600826.SH,20181206,10.42,10.42,10.03,10.13,61130.36,62373.675
600827.SH,20181206,8.87,8.92,8.79,8.8,29218.0,25827.008
600828.SH,20181206,5.03,5.03,4.98,5.0,24449.62,12222.951
600829.SH,20181206,6.28,6.36,6.23,6.33,11201.0,7051.735
600830.SH,20181206,5.46,5.48,5.27,5.28,44606.29,23938.82
600831.SH,20181206,7.14,7.22,6.66,6.66,449996.01,308111.186
600833.SH,20181206,9.04,9.04,8.8,8.81,7652.0,6808.844
600834.SH,20181206,6.9,6.9,6.7,6.82,7674.48,5206.117
600835.SH,20181206,15.62,15.66,15.25,15.36,25088.0,38783.459
600836.SH,20181206,4.03,4.08,4.0,4.03,28337.93,11450.983
600837.SH,20181206,9.65,9.68,9.49,9.51,385246.15,368671.261
600838.SH,20181206,6.61,6.66,6.5,6.55,28844.77,18894.317
600839.SH,20181206,2.52,2.54,2.48,2.51,214549.29,53711.375
600841.SH,20181206,7.5,7.54,7.37,7.43,11477.0,8530.691
600843.SH,20181206,7.57,7.59,7.41,7.47,19320.0,14520.447
600844.SH,20181206,3.78,3.79,3.66,3.69,47204.54,17465.641
600845.SH,20181206,21.21,21.53,20.7,21.28,52669.56,111345.528
600846.SH,20181206,7.23,7.31,7.08,7.1,131290.77,94189.242
600847.SH,20181206,11.68,11.68,11.35,11.59,2856.01,3295.209
600848.SH,20181206,21.2,21.21,20.7,20.74,62495.81,130551.737
600850.SH,20181206,17.5,17.6,17.02,17.25,25861.53,44716.012
600851.SH,20181206,7.51,7.58,7.47,7.51,8900.0,6696.915
600853.SH,20181206,3.88,3.88,3.81,3.84,27389.95,10538.193
600854.SH,20181206,3.94,3.97,3.87,3.89,25908.97,10160.282
600855.SH,20181206,10.09,10.24,9.91,9.91,54423.0,54709.599
600856.SH,20181206,4.93,4.98,4.81,4.84,155873.02,76290.36
600857.SH,20181206,9.04,9.06,8.81,8.88,5960.4,5306.682
600858.SH,20181206,5.11,5.11,4.99,5.02,12294.0,6179.024
600859.SH,20181206,14.92,14.92,14.54,14.58,64883.43,95592.562
600860.SH,20181206,5.61,5.61,5.58,5.61,70085.17,39311.411
600861.SH,20181206,7.35,7.4,7.26,7.3,10214.0,7472.867
600862.SH,20181206,6.12,6.17,5.98,6.0,51273.5,31066.339
600863.SH,20181206,2.24,2.24,2.2,2.2,80878.03,17886.642
600864.SH,20181206,4.73,4.83,4.65,4.68,262016.45,123703.571
600865.SH,20181206,6.08,6.13,6.04,6.05,10229.07,6212.351
600866.SH,20181206,3.54,3.6,3.49,3.5,17346.83,6118.371
600867.SH,20181206,16.5,16.82,15.65,15.95,214636.82,346750.125
600868.SH,20181206,3.02,3.04,2.97,2.98,175626.0,52661.195
600869.SH,20181206,4.58,4.75,4.58,4.68,131986.49,61542.919
600870.SH,20181206,3.53,3.79,3.52,3.59,61240.21,22662.81
600871.SH,20181206,1.92,1.93,1.91,1.91,49919.0,9553.245
600872.SH,20181206,29.35,29.85,28.66,29.0,38883.75,113084.952
600873.SH,20181206,4.22,4.27,4.16,4.18,146615.06,61683.52
600874.SH,20181206,9.07,9.68,9.04,9.38,437651.13,411464.018
600875.SH,20181206,8.06,8.06,7.81,7.82,77962.76,61599.616
600876.SH,20181206,12.25,12.35,12.15,12.17,14306.57,17537.51
600877.SH,20181206,4.48,4.48,4.43,4.45,21815.0,9721.597
600879.SH,20181206,6.02,6.07,5.92,5.94,140167.66,83883.008
600880.SH,20181206,4.32,4.32,4.18,4.18,78437.47,33130.494
600881.SH,20181206,3.47,3.49,3.43,3.44,64602.56,22375.45
600882.SH,20181206,7.75,7.77,7.62,7.62,4264.0,3271.714
600883.SH,20181206,6.81,7.08,6.72,6.72,24796.05,17095.25
600884.SH,20181206,15.51,15.83,15.26,15.34,169417.35,262199.211
600885.SH,20181206,23.88,24.42,23.52,23.75,16637.68,39781.295
600886.SH,20181206,7.52,7.56,7.4,7.44,150387.18,112433.611
600887.SH,20181206,23.51,23.79,22.85,23.0,634751.73,1470679.093
600888.SH,20181206,4.53,4.62,4.5,4.62,93190.15,42461.899
600889.SH,20181206,5.25,5.27,4.95,5.02,50533.88,25466.233
600890.SH,20181206,9.29,9.29,8.97,9.06,29782.64,27133.332
600891.SH,20181206,6.08,6.1,5.92,5.99,24598.0,14725.662
600892.SH,20181206,8.98,8.98,8.9,8.9,15570.96,13889.176
600893.SH,20181206,23.63,24.18,23.45,23.65,71417.07,170311.637
600894.SH,20181206,6.05,6.08,5.93,5.98,30190.08,18098.17
600895.SH,20181206,14.15,14.33,14.05,14.12,360023.5,511075.558
600896.SH,20181206,4.03,4.06,3.95,3.96,17311.5,6917.264
600897.SH,20181206,21.55,21.75,21.18,21.3,12345.37,26522.738
600898.SH,20181206,8.98,9.05,8.75,8.77,30290.45,26790.316
600900.SH,20181206,14.5,14.57,14.13,14.22,316605.0,452073.059
600901.SH,20181206,6.08,6.08,5.98,5.99,117482.0,70686.736
600903.SH,20181206,24.0,24.49,23.87,24.04,100199.0,242012.017
600908.SH,20181206,5.66,5.68,5.6,5.62,52702.0,29669.908
600909.SH,20181206,5.1,5.1,4.96,4.99,155216.0,77845.351
600917.SH,20181206,7.5,7.61,7.42,7.53,36172.32,27184.786
600919.SH,20181206,6.39,6.39,6.29,6.3,361332.45,228723.603
600926.SH,20181206,7.77,7.77,7.7,7.71,84773.58,65468.526
600929.SH,20181206,8.39,8.54,8.35,8.35,52208.02,43995.951
600933.SH,20181206,8.68,8.68,8.38,8.41,38390.03,32650.473
600936.SH,20181206,4.26,4.28,4.14,4.16,99009.0,41489.732
600939.SH,20181206,4.93,5.06,4.89,4.95,48700.48,24186.021
600958.SH,20181206,9.05,9.08,8.86,8.95,156045.71,139960.711
600959.SH,20181206,4.68,4.69,4.52,4.59,160186.2,73517.028
600960.SH,20181206,4.26,4.26,4.14,4.16,55115.02,23055.792
600961.SH,20181206,7.63,7.87,7.52,7.73,15769.33,12204.166
600962.SH,20181206,8.39,8.52,8.3,8.36,25798.0,21659.252
600963.SH,20181206,4.34,4.37,4.3,4.31,107955.43,46783.491
600965.SH,20181206,10.02,10.02,9.85,9.92,6783.91,6734.184
600966.SH,20181206,3.42,3.42,3.33,3.35,103002.51,34671.271
600967.SH,20181206,11.59,11.66,11.35,11.4,86943.78,99873.734
600969.SH,20181206,6.29,6.35,6.2,6.27,37204.4,23343.953
600970.SH,20181206,5.82,5.85,5.67,5.71,134939.04,77738.724
600971.SH,20181206,6.11,6.12,6.0,6.04,44604.92,27002.48
600973.SH,20181206,3.87,3.91,3.81,3.83,26902.87,10375.086
600975.SH,20181206,3.96,4.09,3.9,3.92,121277.17,48373.508
600976.SH,20181206,15.96,16.25,15.55,15.63,10975.87,17416.015
600977.SH,20181206,13.71,13.82,13.22,13.35,73536.13,99071.676
600978.SH,20181206,4.76,4.83,4.68,4.68,245469.63,116236.997
600979.SH,20181206,4.23,4.29,4.2,4.2,38452.0,16299.85
600980.SH,20181206,10.86,10.87,10.61,10.64,9718.0,10424.071
600981.SH,20181206,4.11,4.13,3.95,3.97,172897.17,69520.743
600982.SH,20181206,3.38,3.38,3.3,3.32,31715.0,10578.589
600983.SH,20181206,5.62,5.63,5.48,5.51,16126.64,8929.683
600984.SH,20181206,5.32,5.41,5.29,5.29,19810.9,10549.746
600985.SH,20181206,9.4,9.56,9.33,9.37,19137.41,18008.495
600986.SH,20181206,4.9,4.94,4.59,4.67,474562.67,225399.097
600987.SH,20181206,8.9,8.9,8.72,8.73,17864.75,15677.186
600988.SH,20181206,4.54,4.63,4.49,4.5,417421.02,190264.101
600990.SH,20181206,36.9,37.37,36.3,36.75,10078.1,37066.051
600992.SH,20181206,7.31,7.44,7.26,7.3,8871.0,6506.582
600993.SH,20181206,13.9,14.23,13.71,13.76,42606.2,59590.714
600995.SH,20181206,6.92,6.96,6.8,6.81,22117.52,15155.413
600996.SH,20181206,6.72,6.8,6.56,6.58,72200.37,48030.125
600997.SH,20181206,5.82,5.9,5.72,5.75,75953.8,44131.708
600998.SH,20181206,15.21,15.21,14.66,14.91,26534.05,39507.856
600999.SH,20181206,14.13,14.13,13.9,13.93,76193.61,106564.709
601000.SH,20181206,2.44,2.46,2.42,2.42,207602.33,50491.307
601001.SH,20181206,4.68,4.69,4.6,4.62,38944.71,18058.541
601002.SH,20181206,5.97,6.0,5.8,5.87,115152.53,67730.75
601003.SH,20181206,7.08,7.18,6.91,6.91,239731.21,168533.511
601005.SH,20181206,1.93,1.95,1.91,1.92,171648.0,33178.145
601006.SH,20181206,7.9,7.92,7.8,7.83,248069.35,194776.651
601007.SH,20181206,8.96,8.96,8.75,8.79,7744.0,6845.638
601008.SH,20181206,3.24,3.24,3.18,3.19,28742.0,9207.651
601009.SH,20181206,6.98,6.99,6.94,6.95,262337.11,182586.466
601010.SH,20181206,3.04,3.06,3.01,3.03,32946.0,9977.593
601011.SH,20181206,6.01,6.12,5.92,6.02,173934.0,104771.035
601012.SH,20181206,18.95,19.82,18.76,19.05,410986.51,793071.213
601015.SH,20181206,5.9,5.95,5.88,5.89,29206.9,17257.593
601016.SH,20181206,2.55,2.55,2.51,2.52,129500.1,32742.594
601018.SH,20181206,3.69,3.69,3.63,3.65,88979.25,32558.95
601019.SH,20181206,7.68,7.75,7.55,7.58,51401.13,39244.704
601020.SH,20181206,9.49,9.5,9.25,9.35,75670.44,70984.864
601021.SH,20181206,34.94,35.0,34.19,34.2,21223.57,73270.146
601028.SH,20181206,5.06,5.11,5.01,5.01,21091.01,10653.348
601038.SH,20181206,4.85,4.9,4.81,4.9,34784.35,16861.827
601058.SH,20181206,2.43,2.43,2.39,2.4,92287.2,22206.573
601066.SH,20181206,10.4,10.89,10.15,10.65,643924.68,672745.961
601068.SH,20181206,5.68,5.7,5.55,5.57,179811.65,100998.295
601069.SH,20181206,15.86,16.1,15.75,15.78,165166.99,263076.516
601086.SH,20181206,5.65,5.68,5.51,5.52,37978.99,21185.583
601088.SH,20181206,18.91,19.04,18.66,18.67,113907.69,214217.278
601098.SH,20181206,11.85,12.0,11.6,11.84,44262.08,52335.783
601099.SH,20181206,2.74,2.75,2.68,2.69,918984.79,248521.271
601100.SH,20181206,19.86,19.94,19.56,19.8,22943.46,45350.23
601101.SH,20181206,6.45,6.49,6.3,6.35,54375.59,34703.767
601106.SH,20181206,2.79,2.79,2.75,2.75,88368.0,24439.314
601107.SH,20181206,3.5,3.52,3.4,3.44,109964.41,37951.251
601108.SH,20181206,8.08,8.14,7.92,7.98,345075.41,276937.098
601111.SH,20181206,8.55,8.59,8.27,8.28,595636.05,499343.316
601113.SH,20181206,8.0,8.16,7.87,7.96,94977.85,75675.271
601116.SH,20181206,11.9,12.0,11.63,11.7,19705.0,23270.984
601117.SH,20181206,5.71,5.72,5.65,5.66,180139.24,102371.968
601118.SH,20181206,4.97,5.08,4.93,4.97,384922.62,192652.386
601126.SH,20181206,5.5,5.53,5.37,5.39,53631.93,29089.196
601127.SH,20181206,16.31,16.47,16.1,16.33,14053.82,22888.294
601128.SH,20181206,6.7,6.76,6.66,6.73,124266.97,83280.43
601137.SH,20181206,7.52,7.52,7.31,7.36,16904.0,12532.464
601138.SH,20181206,12.15,12.16,11.94,11.96,269619.72,324379.016
601139.SH,20181206,5.72,5.81,5.69,5.71,77495.09,44443.547
601155.SH,20181206,26.0,26.42,25.9,26.0,74275.33,194006.741
601158.SH,20181206,5.55,5.57,5.5,5.54,17439.0,9652.092
601162.SH,20181206,6.14,6.37,6.12,6.21,702770.3,439624.68
601163.SH,20181206,12.04,12.13,11.97,11.97,18136.38,21843.36
601166.SH,20181206,16.01,16.1,15.91,16.03,437013.83,699250.877
601168.SH,20181206,6.09,6.1,6.0,6.01,110540.51,66827.968
601169.SH,20181206,6.01,6.04,5.97,6.01,266537.28,159991.926
601177.SH,20181206,8.69,8.8,8.62,8.78,14006.21,12193.653
601179.SH,20181206,3.53,3.61,3.49,3.56,120731.16,42863.337
601186.SH,20181206,10.97,11.12,10.92,11.01,371932.86,409521.741
601188.SH,20181206,3.14,3.14,3.08,3.1,11817.0,3666.219
601198.SH,20181206,10.4,10.45,10.15,10.2,127075.55,130441.505
601199.SH,20181206,3.83,3.85,3.81,3.83,24817.0,9496.242
601200.SH,20181206,13.55,13.68,13.32,13.36,26934.51,36261.235
601208.SH,20181206,3.89,3.92,3.86,3.88,27355.25,10624.584
601211.SH,20181206,16.4,16.45,16.15,16.24,181626.13,295511.432
601212.SH,20181206,3.35,3.37,3.29,3.33,130493.92,43447.611
601216.SH,20181206,2.85,2.89,2.82,2.82,170753.66,48655.576
601218.SH,20181206,2.56,2.57,2.47,2.49,73438.0,18422.113
601222.SH,20181206,5.09,5.49,5.06,5.34,552865.28,291388.376
601225.SH,20181206,7.75,7.81,7.67,7.67,255774.68,198142.265
601226.SH,20181206,4.09,4.09,4.0,4.01,21852.0,8809.19
601228.SH,20181206,4.21,4.21,4.14,4.14,49394.0,20598.302
601229.SH,20181206,11.48,11.59,11.46,11.52,148674.1,170835.776
601231.SH,20181206,9.59,9.74,9.42,9.55,70077.79,67302.546
601233.SH,20181206,11.16,11.18,10.88,10.9,196315.39,215944.693
601238.SH,20181206,10.49,10.58,10.41,10.42,33863.16,35447.732
601258.SH,20181206,1.51,1.52,1.49,1.5,374585.42,56402.745
601288.SH,20181206,3.59,3.6,3.56,3.57,2335345.73,835142.007
601311.SH,20181206,9.65,10.06,9.62,9.85,63742.81,63127.087
601318.SH,20181206,63.66,63.88,62.89,63.0,585865.13,3710782.048
601319.SH,20181206,6.36,6.66,6.32,6.45,1172015.98,761658.25
601326.SH,20181206,3.25,3.29,3.21,3.24,59798.0,19368.314
601328.SH,20181206,5.85,5.87,5.81,5.83,512987.19,299364.668
601330.SH,20181206,13.49,13.61,13.3,13.39,63443.0,85154.266
601333.SH,20181206,3.24,3.25,3.2,3.2,193132.0,62195.025
601336.SH,20181206,44.0,44.09,43.52,43.54,90282.98,395044.58
601339.SH,20181206,5.37,5.4,5.3,5.33,15065.0,8051.866
601360.SH,20181206,22.55,22.59,22.01,22.04,51304.65,114047.086
601366.SH,20181206,6.93,6.98,6.87,6.88,27665.26,19107.183
601368.SH,20181206,6.25,6.25,6.1,6.15,27218.13,16859.8
601369.SH,20181206,6.21,6.36,6.16,6.17,47270.0,29504.029
601375.SH,20181206,4.59,4.6,4.48,4.51,130545.89,59119.313
601377.SH,20181206,5.16,5.17,5.02,5.02,465230.3,236184.579
601388.SH,20181206,2.16,2.2,2.1,2.12,277596.43,59309.069
601390.SH,20181206,7.1,7.15,7.08,7.1,307865.63,218883.634
601398.SH,20181206,5.35,5.39,5.33,5.35,1126755.87,602594.757
601500.SH,20181206,7.15,7.21,7.08,7.16,11801.0,8424.854
601515.SH,20181206,7.43,7.58,7.42,7.45,7706.25,5759.162
601518.SH,20181206,2.8,2.8,2.75,2.78,23220.0,6432.572
601519.SH,20181206,3.65,3.66,3.61,3.62,56447.24,20502.088
601555.SH,20181206,7.12,7.13,6.98,6.99,150691.49,106016.966
601558.SH,20181206,1.16,1.17,1.14,1.14,202689.0,23354.237
601566.SH,20181206,12.98,13.02,12.74,12.86,5720.0,7361.85
601567.SH,20181206,6.24,6.26,6.13,6.22,30707.96,19024.61
601577.SH,20181206,8.88,8.92,8.84,8.85,118391.58,105046.882
601579.SH,20181206,9.17,9.22,8.96,9.04,7588.6,6892.393
601588.SH,20181206,2.96,2.98,2.91,2.92,107519.83,31528.465
601595.SH,20181206,13.2,13.2,12.97,13.03,7882.0,10304.125
601599.SH,20181206,3.29,3.35,3.26,3.29,91992.0,30461.781
601600.SH,20181206,3.67,3.69,3.62,3.62,369654.0,134931.895
601601.SH,20181206,31.08,31.25,30.86,30.87,207919.23,646121.814
601606.SH,20181206,12.29,12.7,12.29,12.33,138661.13,173090.48
601607.SH,20181206,20.46,20.65,19.33,19.52,124003.71,244448.53
601608.SH,20181206,2.73,2.73,2.69,2.7,62249.01,16821.098
601611.SH,20181206,7.48,7.53,7.33,7.36,77513.2,57467.126
601616.SH,20181206,3.42,3.47,3.38,3.42,42074.93,14412.224
601618.SH,20181206,3.12,3.13,3.09,3.09,172624.58,53559.508
601619.SH,20181206,4.58,4.62,4.51,4.52,81341.0,37011.054
601628.SH,20181206,21.71,21.9,21.52,21.59,50558.33,109337.004
601633.SH,20181206,6.13,6.13,6.04,6.04,165484.35,100340.31
601636.SH,20181206,3.7,3.7,3.63,3.64,112114.0,40987.414
601666.SH,20181206,3.79,3.8,3.75,3.75,53590.33,20188.444
601668.SH,20181206,5.93,5.99,5.86,5.88,1381426.35,817248.856
601669.SH,20181206,4.75,4.77,4.67,4.7,185496.17,87472.3
601677.SH,20181206,9.7,9.7,9.33,9.38,15462.11,14590.796
601678.SH,20181206,4.62,4.62,4.49,4.52,76980.39,34926.234
601688.SH,20181206,17.8,17.85,17.1,17.34,692375.32,1207215.446
601689.SH,20181206,14.76,14.98,14.61,14.69,13490.99,19922.725
601699.SH,20181206,7.6,7.66,7.51,7.55,99796.87,75552.216
601700.SH,20181206,3.13,3.17,3.06,3.09,58522.53,18214.526
601717.SH,20181206,5.96,5.96,5.82,5.85,68887.44,40525.243
601718.SH,20181206,3.6,3.63,3.56,3.56,101408.98,36462.667
601727.SH,20181206,5.1,5.1,5.03,5.04,87184.27,44019.619
601766.SH,20181206,8.81,8.87,8.7,8.75,391487.64,343893.903
601777.SH,20181206,4.4,4.54,4.32,4.45,225008.44,99964.499
601788.SH,20181206,10.15,10.15,9.8,9.87,187058.79,185861.554
601789.SH,20181206,3.39,3.39,3.3,3.31,99028.0,33034.628
601798.SH,20181206,4.84,4.9,4.73,4.86,21192.84,10145.788
601799.SH,20181206,49.67,50.25,48.98,49.23,5088.54,25246.099
601800.SH,20181206,11.78,11.91,11.71,11.74,115456.0,136045.428
601801.SH,20181206,6.88,6.92,6.69,6.7,54798.42,37243.655
601808.SH,20181206,9.49,9.5,9.36,9.38,22413.0,21108.473
601811.SH,20181206,12.88,13.15,11.26,11.26,263871.19,320290.951
601818.SH,20181206,3.87,3.9,3.83,3.87,664552.33,256457.213
601828.SH,20181206,11.71,11.71,11.45,11.51,57738.77,66752.279
601838.SH,20181206,8.39,8.52,8.35,8.45,112663.15,95010.792
601857.SH,20181206,7.62,7.65,7.55,7.6,320097.39,243010.592
601858.SH,20181206,10.3,10.38,9.55,9.65,162121.48,159308.62
601866.SH,20181206,2.37,2.37,2.31,2.32,131515.05,30671.426
601869.SH,20181206,38.13,38.13,36.85,37.01,54382.49,203890.411
601872.SH,20181206,4.14,4.2,4.05,4.06,169200.07,69532.565
601877.SH,20181206,23.19,23.69,23.1,23.28,82373.35,192945.796
601878.SH,20181206,8.13,8.19,7.95,8.03,384012.0,309762.434
601880.SH,20181206,1.97,1.98,1.93,1.94,142896.44,27934.776
601881.SH,20181206,7.73,7.77,7.56,7.57,138062.16,105413.117
601882.SH,20181206,7.7,7.71,7.58,7.66,10449.54,8002.393
601886.SH,20181206,7.09,7.13,7.03,7.08,45514.0,32218.688
601888.SH,20181206,58.99,59.5,57.71,58.23,70059.11,411072.597
601890.SH,20181206,3.84,3.92,3.81,3.81,41573.0,16030.918
601898.SH,20181206,4.92,4.94,4.88,4.88,62701.31,30700.889
601899.SH,20181206,3.42,3.45,3.39,3.4,972948.09,332574.589
601900.SH,20181206,8.58,8.58,8.01,8.29,20229.0,16907.042
601901.SH,20181206,5.53,5.55,5.41,5.44,134517.78,73705.002
601908.SH,20181206,3.43,3.44,3.35,3.37,66704.04,22609.885
601918.SH,20181206,3.12,3.19,3.11,3.15,214766.41,67665.491
601919.SH,20181206,4.19,4.2,4.02,4.05,258195.08,105528.11
601928.SH,20181206,7.66,7.76,7.45,7.67,68234.57,51805.601
601929.SH,20181206,2.22,2.23,2.16,2.17,236194.99,51640.773
601933.SH,20181206,7.54,7.65,7.43,7.46,469054.77,353465.408
601939.SH,20181206,6.67,6.69,6.63,6.64,767072.81,510134.919
601949.SH,20181206,4.77,4.77,4.56,4.56,83190.0,38613.039
601952.SH,20181206,6.64,6.8,6.57,6.59,121405.86,81205.288
601958.SH,20181206,6.08,6.1,6.02,6.04,54847.63,33203.461
601965.SH,20181206,6.75,6.97,6.73,6.9,33797.91,23303.677
601966.SH,20181206,13.85,13.91,13.66,13.67,15958.11,21970.445
601968.SH,20181206,4.13,4.13,4.06,4.08,22293.0,9101.772
601969.SH,20181206,4.8,4.84,4.7,4.73,28233.85,13428.907
601985.SH,20181206,5.35,5.36,5.31,5.31,91878.43,48979.534
601988.SH,20181206,3.63,3.64,3.59,3.61,702069.07,253166.601
601989.SH,20181206,4.25,4.29,4.23,4.24,406605.0,172960.075
601990.SH,20181206,9.22,9.31,9.02,9.09,192647.0,176428.729
601991.SH,20181206,3.18,3.2,3.15,3.17,89616.01,28491.213
601992.SH,20181206,3.74,3.8,3.69,3.7,653503.9,244129.266
601996.SH,20181206,3.17,3.17,3.08,3.1,45620.06,14234.012
601997.SH,20181206,11.16,11.16,11.05,11.1,75822.08,84038.986
601998.SH,20181206,5.66,5.68,5.62,5.62,165737.89,93428.843
601999.SH,20181206,5.73,5.76,5.51,5.59,34389.41,19290.12
603000.SH,20181206,8.24,8.24,7.97,8.04,95801.35,77301.792
603001.SH,20181206,10.6,10.66,10.51,10.51,7456.0,7891.145
603002.SH,20181206,3.92,3.97,3.86,3.88,57229.5,22381.352
603003.SH,20181206,7.6,7.67,7.45,7.45,28722.0,21682.682
603005.SH,20181206,16.2,16.64,16.13,16.58,43930.0,72091.586
603006.SH,20181206,9.95,9.96,9.65,9.72,11425.0,11162.685
603007.SH,20181206,8.85,8.9,8.6,8.6,21393.0,18628.432
603008.SH,20181206,10.15,10.29,10.09,10.25,43041.32,43892.452
603009.SH,20181206,6.7,6.98,6.65,6.65,94448.36,64210.074
603010.SH,20181206,14.48,14.56,14.16,14.34,12319.83,17685.578
603011.SH,20181206,5.03,5.05,4.85,4.93,69211.0,34301.921
603012.SH,20181206,7.92,7.96,7.83,7.89,19546.64,15430.944
603013.SH,20181206,17.49,18.2,17.38,17.64,42098.68,75083.289
603015.SH,20181206,6.62,6.65,6.48,6.51,16577.0,10886.562
603016.SH,20181206,16.98,17.15,16.62,16.65,13831.17,23359.867
603017.SH,20181206,10.57,10.96,10.46,10.72,54740.18,58509.476
603018.SH,20181206,16.95,17.13,16.72,16.77,9940.22,16773.91
603019.SH,20181206,40.49,40.49,39.1,39.3,165929.78,658727.109
603020.SH,20181206,7.9,7.95,7.8,7.85,10591.0,8333.386
603021.SH,20181206,7.4,7.4,6.72,6.77,58147.92,41010.705
603022.SH,20181206,7.82,7.85,7.59,7.61,14091.03,10825.783
603023.SH,20181206,5.25,5.45,5.23,5.38,31943.41,17113.826
603025.SH,20181206,11.39,11.39,11.17,11.2,11214.09,12608.446
603026.SH,20181206,19.35,20.35,19.23,19.88,71952.09,142916.538
603027.SH,20181206,16.25,16.32,15.87,16.0,31009.1,49906.461
603028.SH,20181206,7.55,7.57,7.35,7.39,11085.09,8284.658
603029.SH,20181206,14.52,14.97,14.31,14.8,13610.0,20069.905
603030.SH,20181206,5.71,5.71,5.54,5.56,22045.0,12332.238
603031.SH,20181206,12.76,12.79,12.43,12.64,13515.03,17037.372
603032.SH,20181206,28.91,29.19,27.81,27.87,66223.91,186979.232
603033.SH,20181206,20.09,20.3,19.62,19.62,3335.76,6643.664
603035.SH,20181206,12.96,12.97,12.73,12.77,14046.99,18032.058
603036.SH,20181206,12.47,12.54,12.16,12.21,14365.0,17725.608
603037.SH,20181206,18.3,18.3,17.81,17.85,3866.0,6948.238
603038.SH,20181206,18.5,18.53,17.83,18.11,6710.8,12201.882
603039.SH,20181206,69.1,70.12,67.5,67.95,2840.0,19433.791
603040.SH,20181206,26.74,26.74,26.01,26.08,6625.92,17411.505
603041.SH,20181206,15.32,15.45,15.08,15.24,5252.32,7992.504
603042.SH,20181206,14.48,14.48,13.88,14.06,27369.65,38619.695
603043.SH,20181206,25.66,26.25,25.2,25.68,13648.86,35223.128
603045.SH,20181206,29.9,30.23,29.03,29.39,13534.41,40181.435
603050.SH,20181206,11.31,11.34,11.0,11.08,16667.89,18648.408
603055.SH,20181206,11.71,11.87,11.39,11.56,6246.27,7273.688
603056.SH,20181206,18.64,18.76,18.46,18.54,23631.68,44031.153
603058.SH,20181206,10.55,10.72,10.38,10.43,26874.0,28278.864
603059.SH,20181206,34.07,34.15,32.71,32.75,15192.0,50690.622
603060.SH,20181206,19.7,20.17,19.58,19.87,18693.0,37240.043
603063.SH,20181206,6.79,7.1,6.73,6.94,108580.32,75273.929
603066.SH,20181206,8.75,9.06,8.68,8.89,44655.29,39804.101
603067.SH,20181206,8.46,8.65,8.39,8.49,41878.2,35601.142
603069.SH,20181206,7.55,7.79,7.41,7.46,84357.73,64023.769
603076.SH,20181206,25.3,25.88,25.2,25.42,8857.0,22652.695
603077.SH,20181206,1.71,1.71,1.69,1.7,173679.54,29464.78
603078.SH,20181206,28.1,28.45,27.6,27.68,2688.6,7511.417
603079.SH,20181206,18.25,18.39,17.81,17.88,9001.19,16384.453
603080.SH,20181206,25.0,25.55,24.8,24.9,20796.35,52303.852
603081.SH,20181206,13.12,13.25,12.56,12.7,46074.5,59272.726
603083.SH,20181206,22.31,22.33,21.45,21.59,29418.49,64128.045
603085.SH,20181206,8.89,9.29,8.88,9.0,104013.78,94245.443
603086.SH,20181206,24.38,24.43,23.54,23.58,16599.37,39636.565
603088.SH,20181206,12.45,12.65,12.16,12.19,17740.8,21971.482
603089.SH,20181206,18.34,18.48,17.7,17.85,23485.0,42365.779
603090.SH,20181206,13.92,14.02,13.63,13.64,6150.0,8476.484
603096.SH,20181206,58.26,59.2,54.82,55.05,7814.64,43895.439
603098.SH,20181206,11.53,11.53,11.18,11.29,10774.54,12238.374
603099.SH,20181206,9.22,9.38,9.08,9.12,5950.24,5444.187
603100.SH,20181206,8.36,8.41,8.17,8.24,11606.0,9581.171
603101.SH,20181206,17.01,17.1,16.46,16.49,32903.52,54980.236
603103.SH,20181206,21.8,21.88,21.39,21.4,10901.0,23467.189
603105.SH,20181206,13.6,13.75,13.34,13.48,58695.86,79352.301
603106.SH,20181206,11.72,12.28,11.54,12.1,95983.11,115172.925
603108.SH,20181206,9.12,9.26,8.84,9.09,45829.55,41600.129
603110.SH,20181206,12.12,12.15,11.63,11.65,31048.0,36718.848
603111.SH,20181206,4.37,4.4,4.28,4.29,56369.5,24445.23
603113.SH,20181206,11.93,11.97,11.6,11.67,50974.03,60012.47
603116.SH,20181206,7.39,7.41,7.27,7.28,12153.4,8898.299
603117.SH,20181206,3.98,3.99,3.88,3.9,92582.2,36418.917
603118.SH,20181206,6.2,6.27,6.13,6.16,67942.81,42101.791
603123.SH,20181206,6.25,6.26,6.07,6.07,15295.32,9420.068
603126.SH,20181206,5.45,5.45,5.3,5.31,20523.21,10996.346
603127.SH,20181206,52.24,54.33,50.4,50.5,13046.2,68208.72
603128.SH,20181206,5.8,5.9,5.69,5.84,110183.14,64010.836
603129.SH,20181206,18.08,18.2,17.65,17.72,13887.1,24900.479
603131.SH,20181206,14.95,15.15,14.82,15.09,7143.0,10708.544
603133.SH,20181206,16.8,17.38,16.62,17.22,60303.73,103181.89
603136.SH,20181206,29.96,30.06,28.99,29.13,5329.0,15687.162
603138.SH,20181206,18.58,18.71,18.18,18.24,12257.2,22520.939
603139.SH,20181206,16.59,16.6,16.12,16.13,8385.0,13682.531
603156.SH,20181206,42.88,42.88,42.1,42.21,8061.85,34180.817
603157.SH,20181206,9.67,9.75,9.46,9.48,24079.0,23059.882
603158.SH,20181206,16.48,16.6,16.27,16.59,5042.0,8283.107
603159.SH,20181206,18.3,18.44,18.12,18.14,3679.0,6708.63
603160.SH,20181206,78.01,78.39,73.85,74.62,19212.81,144189.484
603161.SH,20181206,16.61,16.77,16.4,16.4,7676.58,12742.622
603165.SH,20181206,16.83,17.16,16.42,16.7,18102.01,30294.656
603166.SH,20181206,5.84,5.85,5.77,5.79,17972.6,10433.162
603167.SH,20181206,8.6,8.64,8.52,8.55,14522.05,12458.898
603168.SH,20181206,7.58,7.62,7.4,7.48,13721.05,10296.508
603169.SH,20181206,4.39,4.47,4.31,4.36,33213.21,14508.756
603177.SH,20181206,10.03,10.11,9.71,9.78,24564.0,24218.85
603178.SH,20181206,11.14,11.22,11.11,11.15,10164.04,11343.417
603179.SH,20181206,17.0,17.47,16.62,17.28,27899.1,48162.343
603180.SH,20181206,64.99,64.99,62.13,62.8,12758.31,80771.623
603181.SH,20181206,16.06,16.08,15.55,15.66,17544.59,27692.275
603183.SH,20181206,18.58,18.67,18.28,18.28,22018.44,40616.21
603186.SH,20181206,15.72,15.92,15.0,15.02,21234.0,32673.651
603187.SH,20181206,61.6,62.8,59.98,60.3,75386.79,461179.023
603188.SH,20181206,8.37,8.72,8.21,8.55,60363.04,50830.789
603189.SH,20181206,12.17,12.49,12.0,12.12,41259.55,50442.554
603192.SH,20181206,30.71,31.28,30.45,30.49,20281.34,62544.938
603196.SH,20181206,10.22,10.83,10.11,10.83,169497.77,177671.749
603197.SH,20181206,20.8,22.6,20.53,22.05,42827.52,92712.407
603198.SH,20181206,15.27,15.5,14.98,15.16,35270.33,53578.162
603199.SH,20181206,20.51,20.67,20.21,20.56,3680.0,7522.514
603200.SH,20181206,30.66,30.95,30.15,30.2,4429.99,13496.562
603203.SH,20181206,21.2,22.15,21.03,21.86,10888.99,23502.668
603208.SH,20181206,27.89,27.89,26.78,26.87,6769.21,18399.208
603214.SH,20181206,39.46,39.55,38.58,38.66,11963.13,46568.702
603218.SH,20181206,16.99,17.77,16.99,17.2,10268.98,17891.509
603220.SH,20181206,21.0,21.03,19.43,19.43,331093.8,661572.698
603222.SH,20181206,12.43,13.05,12.42,12.88,91633.09,117740.373
603223.SH,20181206,11.75,11.9,11.2,11.31,53036.6,61146.965
603225.SH,20181206,19.57,19.58,19.16,19.19,15809.4,30492.471
603226.SH,20181206,16.85,17.39,16.6,16.74,12599.3,21364.799
603227.SH,20181206,4.0,4.0,3.9,3.93,23943.0,9447.441
603228.SH,20181206,53.01,53.1,51.3,52.2,9187.59,47825.117
603229.SH,20181206,12.78,12.87,12.33,12.36,8608.49,10821.646
603232.SH,20181206,24.8,24.8,23.8,24.39,6812.4,16473.089
603233.SH,20181206,47.3,47.65,46.61,46.88,7762.0,36487.277
603238.SH,20181206,17.76,18.24,17.43,17.63,16733.0,29745.406
603239.SH,20181206,11.87,11.96,11.68,11.68,12009.05,14215.523
603258.SH,20181206,15.83,15.92,15.5,15.56,6693.0,10499.099
603259.SH,20181206,84.5,84.5,79.5,79.99,84501.27,691553.869
603260.SH,20181206,46.75,47.37,46.21,46.67,17681.27,82962.26
603266.SH,20181206,14.2,14.28,13.92,14.02,9681.34,13647.711
603268.SH,20181206,15.62,15.81,15.52,15.58,7462.0,11699.191
603269.SH,20181206,15.24,15.3,14.88,14.9,8187.57,12347.055
603277.SH,20181206,9.7,9.77,9.5,9.53,8162.27,7816.162
603278.SH,20181206,14.68,14.68,14.52,14.52,9926.55,14454.746
603283.SH,20181206,18.19,18.19,17.51,17.97,20106.41,35965.075
603286.SH,20181206,15.22,15.22,14.83,14.88,6887.09,10362.939
603288.SH,20181206,66.8,68.0,65.86,66.13,24931.02,165807.817
603289.SH,20181206,8.23,8.31,8.08,8.11,21785.8,17794.454
603297.SH,20181206,45.15,46.23,45.0,45.23,25124.73,114370.72
603298.SH,20181206,12.0,12.19,11.89,11.94,11878.95,14235.709
603299.SH,20181206,5.83,5.87,5.7,5.72,23147.0,13359.184
603300.SH,20181206,5.55,5.56,5.4,5.54,47832.48,26189.463
603301.SH,20181206,35.44,35.44,34.21,34.38,12444.75,43200.671
603303.SH,20181206,11.67,11.68,11.46,11.52,6027.7,6963.771
603305.SH,20181206,33.62,34.6,32.86,33.43,26335.48,88626.268
603306.SH,20181206,15.25,15.25,14.89,14.9,5370.14,8037.631
603308.SH,20181206,9.31,9.32,9.02,9.03,25681.15,23571.651
603309.SH,20181206,11.17,11.17,10.81,10.86,12204.2,13392.369
603311.SH,20181206,10.93,11.03,10.85,10.85,3746.0,4092.814
603313.SH,20181206,19.71,20.13,19.51,19.57,5622.0,11093.092
603315.SH,20181206,11.65,12.01,11.65,11.74,16097.67,19079.082
603316.SH,20181206,8.42,8.77,8.35,8.66,47730.94,41049.322
603318.SH,20181206,13.02,13.08,12.97,13.02,4562.0,5931.098
603319.SH,20181206,20.98,20.98,20.4,20.41,5867.66,12086.239
603320.SH,20181206,18.0,18.02,17.61,17.7,6864.0,12206.058
603321.SH,20181206,7.28,7.35,7.18,7.18,14457.0,10482.647
603322.SH,20181206,24.27,24.27,23.51,23.58,14221.8,33883.678
603323.SH,20181206,6.44,6.44,6.29,6.32,100194.44,63587.099
603326.SH,20181206,10.8,10.97,10.76,10.8,12225.4,13262.756
603328.SH,20181206,9.42,9.63,9.25,9.35,35824.53,33856.158
603329.SH,20181206,20.1,20.22,19.8,19.88,12192.0,24371.293
603330.SH,20181206,21.05,21.87,21.05,21.36,10000.67,21499.29
603331.SH,20181206,14.94,15.05,14.6,14.72,8403.75,12462.277
603333.SH,20181206,5.2,5.2,5.08,5.11,10703.0,5488.872
603335.SH,20181206,6.59,6.65,6.3,6.34,214803.03,138781.591
603336.SH,20181206,18.26,18.93,18.15,18.2,114091.16,210804.862
603337.SH,20181206,37.68,38.35,36.68,36.7,7292.11,27260.456
603338.SH,20181206,57.64,58.17,57.11,57.8,16079.73,92655.814
603339.SH,20181206,17.19,17.4,16.95,17.12,13673.71,23499.74
603345.SH,20181206,38.4,38.4,37.3,37.95,13930.87,52655.551
603348.SH,20181206,21.77,22.3,21.56,21.75,33720.0,74105.23
603355.SH,20181206,23.23,23.33,22.78,22.81,9450.1,21740.167
603356.SH,20181206,16.34,16.34,15.78,15.81,17587.0,28195.959
603357.SH,20181206,20.96,20.96,20.0,20.12,40057.77,81448.958
603358.SH,20181206,11.63,11.78,11.28,11.54,17923.37,20703.88
603359.SH,20181206,15.9,15.98,15.7,15.94,10322.55,16347.656
603360.SH,20181206,13.22,13.45,13.0,13.14,5416.8,7164.513
603363.SH,20181206,9.7,10.15,9.47,9.71,174534.51,171078.636
603365.SH,20181206,13.55,13.69,13.27,13.6,39037.81,52624.566
603366.SH,20181206,4.5,4.65,4.3,4.37,273650.94,121699.584
603367.SH,20181206,18.72,18.78,17.4,17.59,122822.99,220293.786
603368.SH,20181206,29.91,30.2,28.19,29.09,47678.55,138157.553
603369.SH,20181206,15.84,15.98,15.6,15.73,56571.8,89201.272
603377.SH,20181206,13.0,13.1,12.93,13.0,11132.74,14448.427
603378.SH,20181206,12.22,12.44,11.89,11.89,18358.0,22255.72
603380.SH,20181206,14.62,14.84,14.59,14.69,10057.0,14778.543
603383.SH,20181206,31.5,31.55,30.14,30.23,12143.2,37210.572
603385.SH,20181206,9.05,9.08,8.82,8.82,17820.08,15974.438
603386.SH,20181206,18.21,18.36,17.75,17.89,44126.0,79532.361
603387.SH,20181206,31.4,31.55,30.71,30.76,35024.98,108712.133
603388.SH,20181206,10.96,10.96,10.64,10.74,5846.0,6273.76
603389.SH,20181206,10.7,10.8,10.36,10.41,126189.7,133201.169
603393.SH,20181206,34.7,34.95,34.28,34.44,16233.49,56316.927
603396.SH,20181206,27.5,27.75,27.03,27.1,6423.0,17584.242
603398.SH,20181206,11.4,11.4,10.86,10.91,31744.68,35116.434
603399.SH,20181206,10.61,10.71,10.41,10.48,43313.47,45874.915
603416.SH,20181206,22.17,22.6,21.93,22.38,4607.38,10293.377
603421.SH,20181206,19.9,20.96,18.92,19.73,27720.35,55159.566
603429.SH,20181206,25.91,26.34,25.75,25.95,5416.0,14110.157
603444.SH,20181206,138.9,141.2,136.0,138.16,8471.68,117494.404
603456.SH,20181206,7.41,7.41,7.05,7.26,35229.6,25360.548
603458.SH,20181206,31.63,31.88,30.8,30.97,9986.3,31194.113
603466.SH,20181206,14.17,14.37,13.96,13.97,22995.88,32515.449
603477.SH,20181206,9.07,9.09,8.83,8.86,25849.77,23115.372
603486.SH,20181206,53.01,53.88,52.41,52.48,12185.32,64528.118
603488.SH,20181206,8.22,8.23,8.05,8.1,13051.0,10593.132
603496.SH,20181206,25.21,25.4,24.55,24.84,11046.91,27485.584
603499.SH,20181206,21.5,21.77,21.17,21.18,16943.0,36332.382
603500.SH,20181206,10.81,10.98,10.7,10.71,8704.67,9404.899
603501.SH,20181206,35.08,35.7,33.9,33.97,44161.43,153218.052
603505.SH,20181206,13.89,14.18,13.73,13.9,24728.0,34472.104
603506.SH,20181206,24.3,24.3,23.7,24.15,10575.8,25327.695
603507.SH,20181206,16.85,16.97,16.5,16.61,5874.18,9822.824
603508.SH,20181206,40.79,40.79,39.23,39.57,12857.41,51161.952
603515.SH,20181206,28.82,29.2,28.2,28.41,7954.31,22662.468
603516.SH,20181206,22.6,22.67,22.0,22.06,9232.99,20638.626
603517.SH,20181206,35.69,35.93,35.06,35.4,9974.0,35362.721
603518.SH,20181206,15.38,15.38,14.83,14.9,16835.28,25263.221
603519.SH,20181206,9.13,10.1,9.13,9.94,52574.98,51323.971
603520.SH,20181206,27.46,28.21,26.86,27.86,37872.74,105352.449
603527.SH,20181206,12.8,12.99,12.33,12.55,106015.64,134038.855
603528.SH,20181206,6.31,6.31,6.16,6.17,23320.0,14511.121
603533.SH,20181206,22.0,23.22,21.68,21.9,135889.72,303510.705
603535.SH,20181206,18.49,18.73,18.32,18.39,12963.0,23961.417
603536.SH,20181206,8.91,9.08,8.71,8.8,18961.8,16858.687
603538.SH,20181206,22.62,23.56,21.0,21.96,52607.87,117301.232
603555.SH,20181206,7.12,7.25,6.93,6.97,67417.96,47630.917
603556.SH,20181206,12.85,13.05,12.77,12.86,11403.09,14693.552
603557.SH,20181206,8.36,8.36,8.02,8.04,21060.08,17100.888
603558.SH,20181206,10.16,10.48,10.12,10.4,16472.78,17101.328
603559.SH,20181206,22.09,22.09,21.1,21.27,49525.29,106515.778
603566.SH,20181206,13.44,13.74,13.31,13.32,8166.46,11053.319
603567.SH,20181206,12.29,12.29,11.93,12.05,7153.0,8655.472
603568.SH,20181206,23.78,24.3,23.6,23.88,15207.45,36475.706
603569.SH,20181206,12.3,12.4,11.92,12.05,9213.3,11164.665
603577.SH,20181206,9.35,9.35,9.12,9.17,7180.0,6625.359
603578.SH,20181206,21.04,21.42,20.7,21.0,18974.91,40115.83
603579.SH,20181206,32.4,33.35,32.05,32.16,10190.3,33152.422
603580.SH,20181206,16.35,16.5,16.02,16.03,8243.0,13369.395
603583.SH,20181206,41.95,42.47,41.3,41.48,15661.25,65411.818
603585.SH,20181206,22.14,22.15,21.42,21.42,9735.72,21105.579
603586.SH,20181206,14.75,15.19,14.5,15.16,42945.93,64391.637
603587.SH,20181206,23.23,23.95,23.0,23.69,56991.09,134567.367
603588.SH,20181206,8.85,8.92,8.51,8.54,46314.0,40147.769
603589.SH,20181206,37.01,37.29,36.2,36.49,27229.22,100007.078
603590.SH,20181206,36.38,37.34,35.53,35.56,34231.47,124841.079
603595.SH,20181206,31.13,32.74,31.0,31.22,15746.18,50058.976
603596.SH,20181206,20.72,23.05,20.72,21.89,103065.2,230901.313
603598.SH,20181206,9.53,9.66,9.27,9.28,27301.19,25726.877
603599.SH,20181206,11.9,11.94,11.72,11.75,16024.0,18929.145
603600.SH,20181206,7.58,7.66,7.46,7.56,6036.1,4552.599
603601.SH,20181206,7.86,7.93,7.68,7.82,14065.2,10943.815
603602.SH,20181206,24.7,24.82,24.01,24.15,24157.41,58855.098
603603.SH,20181206,14.09,14.34,14.06,14.34,35036.21,49822.253
603605.SH,20181206,44.8,46.29,44.4,44.9,12074.28,54761.321
603606.SH,20181206,9.07,9.13,8.82,8.89,29821.38,26649.172
603607.SH,20181206,20.7,20.7,19.66,19.78,45091.36,90660.781
603608.SH,20181206,10.5,10.7,10.33,10.37,16917.6,17774.671
603609.SH,20181206,7.82,7.83,7.65,7.71,19682.83,15213.959
603611.SH,20181206,12.84,13.09,12.8,12.89,9682.96,12518.216
603612.SH,20181206,12.28,12.43,12.18,12.3,47901.2,58884.438
603615.SH,20181206,9.08,9.16,8.91,8.94,12477.0,11291.681
603616.SH,20181206,12.1,12.68,12.0,12.48,169154.0,210505.554
603617.SH,20181206,18.7,18.75,17.93,17.99,47037.09,86125.404
603618.SH,20181206,5.07,5.34,5.06,5.15,75154.22,39083.258
603619.SH,20181206,21.8,21.95,20.94,21.14,47195.0,100648.614
603628.SH,20181206,8.02,8.11,7.87,7.89,13295.0,10559.179
603630.SH,20181206,15.22,15.8,15.08,15.68,43288.97,67060.58
603633.SH,20181206,10.52,10.65,10.43,10.56,10263.76,10836.447
603636.SH,20181206,9.49,9.5,9.18,9.21,56198.47,52279.921
603637.SH,20181206,14.4,14.86,14.11,14.86,17769.62,25986.2
603638.SH,20181206,24.8,24.8,24.28,24.5,5129.0,12550.584
603639.SH,20181206,29.8,29.8,28.7,28.72,16692.42,48567.353
603648.SH,20181206,11.55,11.59,11.32,11.33,28891.0,33047.115
603650.SH,20181206,20.55,20.86,20.29,20.41,34177.76,70404.332
603655.SH,20181206,16.9,16.96,16.35,16.36,8415.0,13989.457
603656.SH,20181206,14.96,15.09,14.64,14.65,3580.32,5297.925
603657.SH,20181206,30.23,30.66,29.81,29.88,19045.5,57518.961
603658.SH,20181206,61.93,63.18,59.33,60.4,16918.74,103887.677
603659.SH,20181206,50.69,52.19,49.71,50.52,14250.93,72724.768
603660.SH,20181206,19.32,19.32,18.71,18.97,15236.6,28839.454
603661.SH,20181206,31.9,31.9,31.2,31.25,5540.88,17457.632
603663.SH,20181206,15.92,16.1,15.69,15.7,3935.1,6223.107
603665.SH,20181206,25.4,25.45,24.9,25.19,2547.0,6415.567
603666.SH,20181206,48.05,49.6,47.4,48.6,12392.57,60091.531
603667.SH,20181206,8.6,8.65,8.44,8.53,23786.45,20341.397
603668.SH,20181206,7.6,7.7,7.54,7.61,17538.54,13354.409
603669.SH,20181206,11.25,11.25,10.86,10.88,9954.4,10943.596
603676.SH,20181206,12.63,12.78,12.29,12.36,25852.0,32357.1
603677.SH,20181206,14.11,14.48,14.11,14.18,7102.23,10133.329
603678.SH,20181206,17.55,18.1,17.28,18.05,54836.63,97056.89
603679.SH,20181206,26.05,26.05,25.22,25.69,7786.0,19841.899
603680.SH,20181206,14.6,14.65,14.23,14.31,12869.97,18550.781
603683.SH,20181206,14.21,14.35,14.02,14.08,10336.02,14653.331
603685.SH,20181206,15.09,15.16,14.78,14.83,6777.0,10117.267
603686.SH,20181206,12.2,12.27,11.82,11.97,40374.91,48531.728
603688.SH,20181206,10.4,10.69,10.36,10.52,27932.0,29443.799
603689.SH,20181206,11.62,11.81,11.53,11.6,39179.25,45717.388
603690.SH,20181206,19.0,19.14,18.0,18.19,34074.23,63016.194
603693.SH,20181206,13.97,14.59,13.8,14.51,129113.0,184739.153
603696.SH,20181206,10.96,11.09,10.85,10.9,15454.8,16931.911
603698.SH,20181206,15.09,15.12,14.85,14.85,6335.0,9475.77
603699.SH,20181206,11.69,11.69,11.45,11.48,8328.0,9626.816
603701.SH,20181206,12.31,12.38,12.03,12.04,14555.65,17719.601
603703.SH,20181206,8.58,8.66,8.31,8.41,57773.63,48722.526
603706.SH,20181206,28.93,29.86,28.55,29.09,53310.1,155654.362
603707.SH,20181206,22.75,22.88,21.65,22.19,19680.57,43781.18
603708.SH,20181206,21.3,21.65,21.28,21.47,12742.99,27400.325
603709.SH,20181206,23.58,23.64,22.81,22.83,8738.0,20257.486
603711.SH,20181206,19.1,20.16,18.88,19.33,35554.33,69128.516
603712.SH,20181206,16.78,17.08,16.56,16.77,46787.71,78813.636
603713.SH,20181206,28.9,29.75,28.42,28.49,62771.86,182616.402
603716.SH,20181206,17.54,18.45,17.08,18.06,40242.17,71283.316
603717.SH,20181206,8.96,9.18,8.84,8.86,20652.2,18647.727
603718.SH,20181206,13.67,13.88,12.61,12.73,100240.4,131889.977
603721.SH,20181206,16.65,16.69,16.11,16.16,16840.02,27558.488
603722.SH,20181206,24.7,24.8,23.89,24.0,13053.03,31752.089
603725.SH,20181206,11.87,11.95,11.68,11.71,7001.39,8251.165
603726.SH,20181206,26.73,26.73,26.73,26.73,1597.0,4268.781
603727.SH,20181206,13.51,13.66,13.16,13.39,17815.0,23848.315
603728.SH,20181206,13.61,13.72,13.27,13.29,10008.08,13416.28
603729.SH,20181206,17.05,17.27,16.67,16.73,29557.98,50186.485
603730.SH,20181206,21.51,21.85,21.45,21.57,9584.13,20802.202
603733.SH,20181206,15.44,15.76,15.3,15.32,28960.79,44832.528
603737.SH,20181206,41.64,41.9,40.54,40.8,5398.84,22169.916
603738.SH,20181206,13.32,13.48,13.15,13.28,8059.6,10751.822
603757.SH,20181206,21.89,21.95,20.81,21.1,12385.8,26513.793
603758.SH,20181206,6.32,6.34,6.21,6.3,12301.0,7741.955
603766.SH,20181206,4.38,4.42,4.34,4.39,57290.51,25083.848
603767.SH,20181206,7.32,7.44,7.06,7.06,26320.12,18966.682
603768.SH,20181206,11.57,11.67,11.36,11.6,13211.0,15298.547
603773.SH,20181206,52.84,53.57,52.36,52.5,8879.66,47001.128
603776.SH,20181206,21.88,22.27,21.3,21.34,22249.07,48455.31
603777.SH,20181206,10.94,10.94,10.61,10.69,28047.15,30200.92
603778.SH,20181206,4.7,4.7,4.61,4.63,16109.29,7500.313
603779.SH,20181206,13.35,13.44,13.28,13.31,4258.0,5684.129
603787.SH,20181206,9.77,9.92,9.65,9.67,27697.46,27091.949
603788.SH,20181206,16.4,16.44,15.78,15.87,49991.14,80678.737
603789.SH,20181206,12.2,12.28,12.15,12.24,14386.0,17553.545
603790.SH,20181206,21.63,22.27,21.53,21.78,37294.08,81704.044
603797.SH,20181206,12.73,12.82,12.56,12.58,7620.86,9652.97
603798.SH,20181206,11.09,11.23,11.03,11.15,8746.0,9723.901
603799.SH,20181206,35.59,36.6,35.4,36.24,362401.28,1306675.254
603800.SH,20181206,13.1,13.3,12.68,12.71,59490.56,76509.179
603801.SH,20181206,25.99,26.26,25.21,25.34,12511.54,32099.637
603803.SH,20181206,10.0,10.0,9.66,9.68,84347.0,82463.165
603806.SH,20181206,26.85,27.19,25.9,26.52,9318.69,24820.262
603808.SH,20181206,16.45,16.66,16.45,16.61,13539.76,22396.541
603809.SH,20181206,15.9,15.98,15.77,15.78,5120.21,8112.341
603810.SH,20181206,40.09,40.66,39.82,39.91,19703.0,79231.544
603811.SH,20181206,18.0,18.04,17.66,17.74,8644.6,15395.891
603813.SH,20181206,19.8,19.99,19.46,19.48,9761.0,19208.855
603816.SH,20181206,49.95,50.64,49.1,49.6,14912.53,74360.023
603817.SH,20181206,6.78,6.84,6.65,6.66,23496.0,15762.972
603818.SH,20181206,7.0,7.14,6.94,7.13,18925.0,13352.257
603819.SH,20181206,16.81,17.07,16.75,16.78,4972.71,8365.25
603822.SH,20181206,23.67,23.8,23.23,23.24,2702.0,6344.165
603823.SH,20181206,15.38,15.62,15.35,15.52,7933.77,12289.302
603825.SH,20181206,14.14,14.38,14.01,14.29,29685.62,42186.429
603826.SH,20181206,15.33,15.61,14.94,15.02,52739.0,80329.695
603828.SH,20181206,7.78,7.85,7.63,7.65,14715.08,11364.2
603829.SH,20181206,10.1,10.2,10.01,10.01,9644.01,9734.043
603833.SH,20181206,83.74,85.05,82.0,82.89,4186.74,35078.175
603838.SH,20181206,10.84,10.86,10.51,10.52,15673.0,16611.391
603839.SH,20181206,11.82,11.85,11.31,11.52,37358.46,43027.886
603843.SH,20181206,8.4,8.44,8.22,8.25,68047.0,56559.448
603848.SH,20181206,14.52,14.67,14.19,14.31,8633.54,12442.762
603855.SH,20181206,8.58,8.58,8.37,8.38,7720.0,6503.638
603856.SH,20181206,14.05,14.26,13.76,14.0,32326.41,45281.124
603858.SH,20181206,28.57,29.06,28.13,28.21,84784.94,241912.279
603859.SH,20181206,18.43,18.5,18.21,18.4,12363.4,22694.748
603860.SH,20181206,24.56,24.56,24.0,24.0,1716.0,4151.183
603861.SH,20181206,11.26,11.47,11.22,11.27,12738.0,14438.455
603866.SH,20181206,48.6,49.1,47.75,47.99,2259.0,10882.513
603868.SH,20181206,38.94,38.94,37.9,38.06,7477.19,28583.08
603869.SH,20181206,15.9,15.96,15.6,15.6,11294.28,17778.689
603871.SH,20181206,36.37,36.49,35.69,35.84,6194.72,22283.583
603876.SH,20181206,17.72,17.78,17.33,17.33,30637.23,53777.484
603877.SH,20181206,17.9,18.02,17.63,17.9,10285.08,18359.578
603878.SH,20181206,12.45,12.52,12.15,12.2,15237.03,18835.912
603879.SH,20181206,10.0,10.03,9.8,9.83,14195.0,14069.052
603880.SH,20181206,13.49,13.74,13.02,13.05,23426.3,31344.642
603881.SH,20181206,27.5,27.73,26.5,26.55,21656.74,58417.254
603882.SH,20181206,22.9,23.5,22.6,22.66,21378.0,49022.67
603883.SH,20181206,59.7,60.6,58.0,59.5,9066.82,53883.727
603885.SH,20181206,13.48,13.48,13.04,13.12,52281.59,69219.241
603886.SH,20181206,17.57,17.75,17.31,17.57,9540.24,16693.529
603887.SH,20181206,15.23,15.38,14.88,14.92,5738.4,8633.93
603888.SH,20181206,14.14,14.23,13.85,13.86,20360.0,28544.431
603889.SH,20181206,9.19,9.27,9.12,9.2,14737.6,13523.881
603890.SH,20181206,13.33,13.4,13.02,13.1,12520.2,16551.333
603895.SH,20181206,27.3,27.68,26.62,26.76,16665.91,45190.319
603896.SH,20181206,28.69,28.7,27.81,27.86,11131.79,31317.2
603897.SH,20181206,22.68,23.04,22.27,22.29,20511.25,46281.838
603898.SH,20181206,17.14,17.18,16.9,16.98,8379.16,14262.913
603899.SH,20181206,28.05,28.21,27.68,27.85,11192.39,31309.009
603900.SH,20181206,12.8,12.86,12.25,12.26,16857.85,21072.708
603901.SH,20181206,7.13,7.15,6.93,6.96,20410.0,14349.062
603903.SH,20181206,22.0,22.2,21.29,21.5,17742.36,38356.256
603906.SH,20181206,9.76,9.8,9.32,9.4,40342.4,38313.206
603908.SH,20181206,24.0,24.12,23.33,23.61,4426.0,10448.809
603909.SH,20181206,23.4,23.76,23.35,23.5,11972.07,28172.49
603912.SH,20181206,12.53,12.6,12.05,12.13,33429.96,41145.79
603916.SH,20181206,11.7,11.76,11.43,11.53,17692.0,20486.498
603917.SH,20181206,12.8,12.84,12.6,12.7,15163.8,19257.742
603918.SH,20181206,13.21,13.42,13.05,13.06,7051.0,9266.213
603919.SH,20181206,13.48,13.5,13.2,13.23,16753.5,22374.575
603920.SH,20181206,12.1,12.2,11.94,11.98,15269.0,18396.268
603922.SH,20181206,17.86,19.2,17.86,19.0,48136.07,89954.032
603926.SH,20181206,14.93,15.06,14.67,14.7,4009.0,5938.911
603928.SH,20181206,16.1,16.1,15.26,15.39,36347.96,56334.36
603929.SH,20181206,15.85,16.15,15.68,15.93,25054.81,39856.237
603933.SH,20181206,21.7,23.0,20.61,21.0,61005.86,130438.614
603936.SH,20181206,15.62,15.92,15.23,15.27,15577.0,24191.24
603937.SH,20181206,12.01,12.05,11.74,11.76,38575.0,45774.54
603938.SH,20181206,17.8,17.8,17.48,17.54,13273.93,23325.567
603939.SH,20181206,53.5,53.5,51.3,52.24,9963.21,52414.134
603955.SH,20181206,15.7,15.87,15.48,15.48,5807.9,9061.329
603958.SH,20181206,9.15,9.5,8.91,8.95,58524.71,53761.561
603959.SH,20181206,16.15,16.5,15.52,16.15,25273.01,40674.149
603960.SH,20181206,29.4,29.5,28.3,28.42,5285.18,15167.67
603963.SH,20181206,13.5,13.51,13.02,13.25,17311.9,22871.918
603966.SH,20181206,9.23,9.7,9.02,9.12,26319.19,24479.37
603968.SH,20181206,13.84,14.08,13.73,13.86,13793.35,19113.753
603969.SH,20181206,4.84,4.93,4.73,4.83,118767.85,57227.538
603970.SH,20181206,15.58,15.65,15.24,15.26,16520.46,25452.747
603976.SH,20181206,16.96,18.33,16.75,17.56,98366.87,171998.07
603977.SH,20181206,7.83,7.9,7.44,7.82,34505.59,26333.336
603978.SH,20181206,22.2,22.45,21.65,21.65,15229.51,33533.021
603979.SH,20181206,7.92,7.99,7.83,7.83,15040.88,11868.056
603980.SH,20181206,12.79,12.79,12.5,12.52,29043.56,36644.568
603985.SH,20181206,20.51,20.51,19.92,20.09,13091.98,26365.138
603986.SH,20181206,76.58,76.58,74.68,75.2,54394.31,410712.58
603987.SH,20181206,6.83,6.93,6.66,6.71,56961.07,38744.182
603988.SH,20181206,10.67,10.86,10.38,10.41,35593.2,37609.607
603989.SH,20181206,21.9,22.01,21.46,21.65,5771.3,12518.131
603990.SH,20181206,33.05,33.15,32.42,32.92,1732.0,5695.828
603991.SH,20181206,19.0,19.18,18.5,18.62,3334.0,6286.249
603993.SH,20181206,4.1,4.12,4.05,4.06,832440.41,338919.507
603996.SH,20181206,8.37,8.45,8.18,8.23,28226.61,23464.829
603997.SH,20181206,8.11,8.2,8.1,8.1,11526.0,9373.916
603998.SH,20181206,5.56,5.56,5.3,5.3,61013.14,32913.657
603999.SH,20181206,6.21,6.52,5.8,5.81,389083.15,239129.61
603626.SH,20181206,8.98,8.99,8.6,8.69,37398.16,32825.575
600567.SH,20181206,3.23,3.24,3.18,3.18,341229.0,109345.666
002179.SZ,20181206,39.75,40.1,38.82,38.91,29268.78,115083.006
001872.SZ,20181206,17.18,17.44,17.05,17.06,17894.24,30686.181
001914.SZ,20181206,7.9,7.9,7.5,7.6,37154.27,28510.892
920405.BJ,20181206,12.42,12.64,12.16,12.21,220.0,271.38
920185.BJ,20181206,9.16,9.42,9.0,9.12,1350.0,1242.21
920832.BJ,20181206,3.1,3.1,3.1,3.1,40.0,12.4
920039.BJ,20181206,1.79,1.79,1.79,1.79,40.0,7.16
920149.BJ,20181206,4.7,5.32,4.7,5.32,30.0,15.34
920489.BJ,20181206,5.25,5.37,5.23,5.28,290.0,152.84
920263.BJ,20181206,8.4,8.4,8.31,8.35,60.0,50.12
920491.BJ,20181206,4.97,4.97,4.97,4.97,100.0,49.7
920139.BJ,20181206,2.54,2.63,2.53,2.59,1550.0,398.13
920415.BJ,20181206,3.84,3.84,3.84,3.84,10.0,3.84
920566.BJ,20181206,6.49,6.6,6.39,6.39,120.0,77.68
920062.BJ,20181206,1.88,1.88,1.88,1.88,10.0,1.88
832317.BJ,20181206,4.13,4.15,4.06,4.1,170.0,69.61
920021.BJ,20181206,1.89,1.89,1.78,1.78,200.0,36.54
920682.BJ,20181206,3.0,3.0,3.0,3.0,10.0,3.0
920445.BJ,20181206,4.5,4.5,4.5,4.5,50.0,22.5
920476.BJ,20181206,2.25,2.31,2.11,2.21,470.0,104.22
920418.BJ,20181206,6.43,6.5,6.43,6.45,733.0,473.312
920729.BJ,20181206,19.5,19.5,19.5,19.5,20.0,39.0
920639.BJ,20181206,1.68,1.68,1.68,1.68,10.0,1.68
920879.BJ,20181206,1.63,1.63,1.63,1.63,20.0,3.26
920110.BJ,20181206,4.37,4.5,4.37,4.46,30.0,13.37
920023.BJ,20181206,1.61,1.61,1.61,1.61,50.0,8.05
920261.BJ,20181206,9.51,9.51,9.51,9.51,10.0,9.51
920556.BJ,20181206,1.52,1.52,1.52,1.52,10.0,1.52
920592.BJ,20181206,15.0,15.0,15.0,15.0,230.0,345.0
920175.BJ,20181206,3.04,3.14,3.04,3.11,80.0,24.9
920786.BJ,20181206,1.84,1.84,1.84,1.84,10.0,1.84
920522.BJ,20181206,3.36,3.54,3.22,3.49,1930.0,660.69
920496.BJ,20181206,4.05,4.05,4.05,4.05,10.0,4.05
302132.SZ,20181206,8.83,8.89,8.63,8.66,26469.72,23138.516
