ts_code,trade_date,open,high,low,close,vol,amount
000001.SZ,20251017,11.5,11.58,11.38,11.4,1039666.32,1193518.555
000002.SZ,20251017,6.39,6.43,6.31,6.32,1429013.29,909191.87
000004.SZ,20251017,12.61,12.79,12.24,12.24,88721.0,109968.575
000006.SZ,20251017,11.72,12.6,11.72,12.24,1623856.95,2017193.667
000007.SZ,20251017,7.19,7.29,7.02,7.04,50553.0,36050.873
000008.SZ,20251017,2.86,2.88,2.8,2.8,530177.91,150102.129
000009.SZ,20251017,11.45,11.5,10.75,10.8,536537.15,593094.956
000010.SZ,20251017,3.94,3.95,3.87,3.87,164616.0,64378.805
000011.SZ,20251017,10.05,10.08,9.73,9.76,277012.24,274464.025
000012.SZ,20251017,4.66,4.69,4.61,4.63,128072.84,59447.235
000014.SZ,20251017,22.92,24.56,21.71,23.53,358025.1,818933.126
000016.SZ,20251017,5.08,5.11,4.96,4.97,301704.11,151332.726
000017.SZ,20251017,7.39,7.39,7.21,7.22,344165.0,250888.29
000019.SZ,20251017,6.78,6.9,6.78,6.85,84186.8,57657.374
000020.SZ,20251017,14.28,14.36,13.87,13.87,71791.05,101042.845
000021.SZ,20251017,29.45,29.92,27.4,27.4,2016146.32,5681892.656
000025.SZ,20251017,17.9,18.25,17.57,17.6,97947.26,175510.36
000026.SZ,20251017,16.74,16.74,16.08,16.21,43456.45,70931.518
000027.SZ,20251017,6.83,6.85,6.69,6.71,285570.68,193056.369
000028.SZ,20251017,25.39,25.47,25.12,25.16,24274.6,61382.744
000029.SZ,20251017,29.0,29.38,28.55,28.6,33397.47,96362.778
000030.SZ,20251017,5.48,5.49,5.36,5.37,119682.16,64822.402
000031.SZ,20251017,3.25,3.38,3.21,3.22,345462.51,113334.278
000032.SZ,20251017,20.74,20.84,19.89,19.96,142893.6,289505.197
000034.SZ,20251017,39.29,39.29,37.68,37.83,174576.35,670012.496
000035.SZ,20251017,6.03,6.05,5.86,5.91,447122.98,265714.748
000036.SZ,20251017,4.08,4.11,3.95,3.96,231354.68,92622.731
000037.SZ,20251017,8.85,8.88,8.73,8.73,58743.5,51701.06
000039.SZ,20251017,8.24,8.27,8.1,8.11,326410.49,266941.808
000042.SZ,20251017,7.93,8.0,7.75,7.77,54869.02,43053.383
000045.SZ,20251017,13.99,14.85,13.81,13.92,466903.34,665749.736
000048.SZ,20251017,16.84,16.9,16.62,16.81,124824.45,209470.855
000049.SZ,20251017,27.78,27.78,26.0,26.06,112388.88,299634.463
000050.SZ,20251017,9.47,9.48,9.05,9.07,286008.58,263837.841
000055.SZ,20251017,4.25,4.39,4.21,4.22,153777.1,65986.502
000056.SZ,20251017,2.41,2.43,2.31,2.31,403818.96,95293.363
000058.SZ,20251017,10.5,10.76,10.3,10.32,180055.71,189240.125
000059.SZ,20251017,5.12,5.16,5.01,5.02,178409.0,90717.517
000060.SZ,20251017,5.83,5.94,5.65,5.67,1148764.53,663697.399
000061.SZ,20251017,8.54,8.64,8.16,8.2,208434.47,173634.469
000062.SZ,20251017,27.72,27.86,26.72,26.86,139113.42,380089.656
000063.SZ,20251017,53.4,53.88,48.63,48.63,3195952.74,16078399.369
000065.SZ,20251017,11.02,11.22,10.86,10.88,154497.42,170300.91
000066.SZ,20251017,16.31,16.37,15.84,15.96,719904.54,1156469.631
000068.SZ,20251017,3.61,3.65,3.58,3.58,116405.38,42023.438
000069.SZ,20251017,2.47,2.51,2.39,2.41,954100.31,233182.538
000070.SZ,20251017,9.61,9.63,9.15,9.18,254953.67,237569.239
000078.SZ,20251017,2.48,2.52,2.47,2.48,257953.53,64428.309
000088.SZ,20251017,4.48,4.52,4.47,4.47,301987.66,135779.977
000089.SZ,20251017,7.12,7.16,7.08,7.1,117908.43,83906.949
000090.SZ,20251017,3.72,3.77,3.7,3.71,385102.79,143895.883
000096.SZ,20251017,11.29,11.33,11.13,11.13,47355.0,53183.546
000099.SZ,20251017,22.11,22.5,21.41,21.48,165954.5,363293.389
000100.SZ,20251017,4.2,4.21,4.1,4.11,4102483.49,1700238.607
000151.SZ,20251017,11.97,12.02,11.77,11.79,27735.0,32999.629
000153.SZ,20251017,6.63,6.65,6.54,6.55,63220.4,41732.237
000155.SZ,20251017,10.46,10.71,10.34,10.37,280819.13,294771.404
000156.SZ,20251017,7.75,7.76,7.62,7.62,128326.0,98580.608
000157.SZ,20251017,8.23,8.25,7.89,7.94,1194209.94,959370.892
000158.SZ,20251017,24.29,26.48,23.82,24.4,2646384.55,6650930.345
000159.SZ,20251017,5.82,5.89,5.78,5.81,124623.02,72794.787
000166.SZ,20251017,5.44,5.48,5.32,5.34,1142723.57,617032.055
000301.SZ,20251017,9.28,9.42,9.0,9.04,147293.01,135046.765
000333.SZ,20251017,72.7,73.59,72.64,72.8,276491.08,2017092.908
000338.SZ,20251017,14.66,14.67,14.37,14.4,576446.79,835993.451
000400.SZ,20251017,26.4,26.4,24.7,24.7,596781.88,1514000.936
000401.SZ,20251017,5.04,5.07,4.98,4.99,109911.33,55137.134
000402.SZ,20251017,3.0,3.18,2.99,3.01,949325.34,292870.291
000403.SZ,20251017,16.45,16.58,16.28,16.34,94504.42,155301.415
000404.SZ,20251017,7.16,7.18,7.04,7.06,110160.17,78314.721
000407.SZ,20251017,3.67,3.74,3.66,3.7,333293.83,123440.85
000408.SZ,20251017,57.35,57.77,54.36,54.69,213194.14,1186473.079
000409.SZ,20251017,11.15,11.2,10.91,10.91,75929.66,83962.978
000410.SZ,20251017,7.34,7.35,7.03,7.05,281036.78,200992.667
000411.SZ,20251017,11.49,11.53,11.29,11.31,50139.97,57251.172
000415.SZ,20251017,3.39,3.58,3.38,3.44,1292587.88,448052.888
000417.SZ,20251017,7.42,7.83,7.31,7.31,987611.78,742085.697
000419.SZ,20251017,5.9,5.97,5.86,5.88,65217.25,38620.061
000420.SZ,20251017,4.11,4.14,4.01,4.02,582485.0,237056.324
000421.SZ,20251017,6.65,6.79,6.59,6.67,246676.01,164883.972
000422.SZ,20251017,13.38,13.47,12.99,12.99,487592.59,644676.286
000423.SZ,20251017,48.04,48.27,47.73,47.89,68953.35,331194.591
000425.SZ,20251017,11.61,11.73,11.03,11.15,1097201.34,1238121.727
000426.SZ,20251017,34.96,35.05,32.36,32.45,963402.01,3217608.088
000428.SZ,20251017,3.17,3.19,3.14,3.14,207701.19,65746.778
000429.SZ,20251017,11.52,11.68,11.44,11.64,161036.65,186855.667
000430.SZ,20251017,7.32,7.44,7.26,7.32,80630.5,59301.947
000488.SZ,20251017,2.08,2.09,2.05,2.06,179294.31,37006.875
000498.SZ,20251017,6.28,6.33,6.22,6.22,136886.0,85899.982
000501.SZ,20251017,9.9,10.19,9.81,9.85,180118.73,180249.07
000503.SZ,20251017,10.0,10.02,9.81,9.82,105682.12,104478.239
000504.SZ,20251017,8.89,9.05,8.82,9.01,21293.0,18977.01
000505.SZ,20251017,6.49,6.83,6.48,6.73,298117.36,199644.717
000506.SZ,20251017,14.99,15.12,14.01,14.65,814074.14,1173718.546
000507.SZ,20251017,5.47,5.52,5.43,5.44,137866.1,75548.631
000509.SZ,20251017,3.13,3.16,3.06,3.06,137290.0,42613.185
000510.SZ,20251017,5.65,5.71,5.51,5.51,295415.0,165424.497
000513.SZ,20251017,37.88,38.1,37.37,37.37,49551.7,186730.958
000514.SZ,20251017,5.4,5.47,5.28,5.29,156025.34,83884.361
000516.SZ,20251017,4.91,4.93,4.83,4.83,123766.0,60354.442
000517.SZ,20251017,2.06,2.1,2.03,2.04,356227.38,73585.562
000518.SZ,20251017,2.42,2.46,2.4,2.41,110849.0,26863.668
000519.SZ,20251017,18.8,18.95,18.12,18.27,361021.4,668945.153
000520.SZ,20251017,4.48,4.55,4.43,4.46,171797.02,77114.004
000521.SZ,20251017,7.12,7.14,7.01,7.04,103480.99,73379.518
000523.SZ,20251017,3.15,3.19,3.13,3.15,172232.67,54429.479
000524.SZ,20251017,13.75,14.08,13.65,13.83,212156.18,294169.615
000525.SZ,20251017,6.39,6.46,6.31,6.32,140543.04,89581.768
000526.SZ,20251017,44.97,44.97,43.28,43.37,20366.0,89498.726
000528.SZ,20251017,11.8,11.88,11.55,11.62,692977.91,809208.807
000529.SZ,20251017,6.0,6.04,5.98,5.99,56458.93,33953.371
000530.SZ,20251017,6.27,6.32,6.11,6.13,151706.0,94209.155
000531.SZ,20251017,6.79,6.97,6.75,6.91,451240.25,310998.768
000532.SZ,20251017,13.91,13.94,13.56,13.57,77041.0,105787.981
000533.SZ,20251017,7.4,7.45,6.9,6.94,458552.81,326397.79
000534.SZ,20251017,16.12,16.26,15.77,15.79,79535.0,126601.588
000536.SZ,20251017,4.73,4.77,4.58,4.59,579512.74,270392.071
000537.SZ,20251017,8.84,8.93,8.78,8.85,238893.59,211329.761
000538.SZ,20251017,57.66,57.95,57.0,57.06,89557.81,514518.491
000539.SZ,20251017,4.74,4.76,4.68,4.68,195659.53,92414.325
000541.SZ,20251017,6.32,6.33,6.17,6.17,100709.1,62813.47
000543.SZ,20251017,7.76,7.86,7.68,7.71,429839.95,333918.946
000544.SZ,20251017,8.74,8.74,8.63,8.64,51711.02,44894.146
000545.SZ,20251017,2.66,2.7,2.63,2.63,305200.94,81162.389
000546.SZ,20251017,5.01,5.12,4.94,4.95,135897.0,68207.908
000547.SZ,20251017,7.62,7.72,7.47,7.48,162246.05,122714.898
000548.SZ,20251017,5.36,5.44,5.35,5.36,64261.89,34645.255
000550.SZ,20251017,21.57,21.71,20.8,20.83,89750.0,190063.894
000551.SZ,20251017,11.3,11.33,10.84,10.86,100736.2,111202.497
000552.SZ,20251017,2.62,2.67,2.61,2.63,987859.15,261032.415
000553.SZ,20251017,6.48,6.58,6.37,6.4,47417.0,30605.385
000554.SZ,20251017,6.76,6.87,6.75,6.78,165653.71,112940.527
000555.SZ,20251017,13.19,13.23,12.69,12.72,165861.05,214082.84
000557.SZ,20251017,5.09,5.14,5.06,5.07,127775.12,65116.473
000558.SZ,20251017,5.24,5.28,5.16,5.16,423559.17,221193.175
000559.SZ,20251017,11.36,11.43,10.9,10.9,1120873.51,1252670.2
000560.SZ,20251017,2.95,2.97,2.89,2.89,908068.32,265738.872
000561.SZ,20251017,10.94,11.04,10.64,10.65,148781.74,160663.935
000563.SZ,20251017,3.6,3.63,3.55,3.56,619554.0,222365.693
000564.SZ,20251017,2.69,2.78,2.68,2.7,6026856.69,1638452.304
000565.SZ,20251017,8.1,8.2,8.01,8.01,91663.0,74339.35
000566.SZ,20251017,5.83,6.1,5.73,5.89,689840.98,406075.739
000567.SZ,20251017,7.06,7.23,6.98,7.13,591486.04,420613.292
000568.SZ,20251017,136.55,137.64,134.85,135.0,78753.2,1071871.669
000570.SZ,20251017,5.69,5.73,5.59,5.61,62904.48,35541.26
000571.SZ,20251017,5.88,6.05,5.73,5.73,401048.97,234856.331
000572.SZ,20251017,7.13,7.75,6.69,6.83,3669200.17,2608147.399
000573.SZ,20251017,4.24,4.29,4.17,4.18,187167.66,79266.133
000576.SZ,20251017,10.45,10.52,10.17,10.18,102918.01,106027.244
000581.SZ,20251017,21.41,21.45,20.6,20.72,149151.15,312835.082
000582.SZ,20251017,8.75,8.86,8.71,8.74,231031.35,202640.824
000586.SZ,20251017,13.33,13.54,12.69,12.72,71411.0,92718.525
000589.SZ,20251017,4.69,4.71,4.59,4.61,292497.6,135887.061
000590.SZ,20251017,11.24,11.4,11.14,11.24,47665.0,53690.858
000591.SZ,20251017,4.67,4.68,4.55,4.57,547494.12,251857.751
000592.SZ,20251017,3.42,3.71,3.39,3.71,2970350.22,1084697.026
000593.SZ,20251017,6.92,7.07,6.83,6.98,122881.0,85621.791
000595.SZ,20251017,5.09,5.1,4.98,4.99,102968.0,51778.254
000596.SZ,20251017,157.66,159.41,155.76,155.8,22099.34,347630.277
000597.SZ,20251017,5.62,5.67,5.59,5.6,169387.69,95302.083
000598.SZ,20251017,6.92,6.96,6.89,6.9,239687.35,165940.462
000599.SZ,20251017,5.55,5.58,5.4,5.43,204884.0,112425.254
000600.SZ,20251017,9.0,9.45,8.88,9.43,984890.31,915651.447
000601.SZ,20251017,5.14,5.16,5.05,5.05,203899.37,103711.321
000603.SZ,20251017,27.0,27.32,25.65,26.37,307710.4,814032.361
000605.SZ,20251017,6.87,6.96,6.86,6.89,55488.39,38407.089
000607.SZ,20251017,4.24,4.29,4.2,4.2,139881.0,59321.843
000608.SZ,20251017,1.92,1.92,1.88,1.89,75578.32,14349.869
000609.SZ,20251017,4.15,4.45,4.12,4.45,84644.0,36386.129
000610.SZ,20251017,12.05,12.12,11.95,11.98,68886.01,82997.56
000612.SZ,20251017,9.24,9.44,8.96,8.99,518481.26,472730.385
000615.SZ,20251017,3.49,3.54,3.39,3.46,153347.0,52802.628
000617.SZ,20251017,11.01,11.3,10.35,10.5,2027200.06,2207319.682
000619.SZ,20251017,5.92,6.02,5.87,5.88,66141.0,39375.166
000620.SZ,20251017,1.68,1.72,1.64,1.64,730045.17,122348.377
000623.SZ,20251017,20.8,21.05,20.2,20.23,226516.02,464927.643
000625.SZ,20251017,13.06,13.12,12.43,12.48,3701961.97,4710596.753
000626.SZ,20251017,9.34,9.76,9.34,9.76,542915.71,524887.547
000628.SZ,20251017,50.7,52.15,48.77,48.78,105143.54,528892.488
000629.SZ,20251017,3.03,3.09,2.96,2.97,1313850.58,396932.48
000630.SZ,20251017,5.45,5.48,5.2,5.22,3588845.74,1905521.785
000631.SZ,20251017,3.25,3.28,3.18,3.18,175516.96,56516.775
000632.SZ,20251017,3.87,4.04,3.87,3.91,249991.0,98732.352
000633.SZ,20251017,6.77,6.84,6.64,6.64,80376.2,54031.551
000635.SZ,20251017,8.35,8.44,8.28,8.32,26819.0,22415.678
000636.SZ,20251017,15.84,15.84,14.83,14.88,426110.02,647236.5
000637.SZ,20251017,4.2,4.27,4.17,4.2,127808.83,54001.242
000638.SZ,20251017,4.52,4.72,4.34,4.65,371936.32,167113.488
000639.SZ,20251017,3.07,3.1,3.03,3.05,169432.0,52007.354
000650.SZ,20251017,6.23,6.27,6.13,6.16,199105.29,123439.188
000651.SZ,20251017,40.73,41.05,40.17,40.22,451803.83,1833060.233
000652.SZ,20251017,4.18,4.2,4.13,4.15,103976.61,43304.377
000655.SZ,20251017,9.56,10.35,9.53,9.92,394982.85,390756.81
000656.SZ,20251017,1.38,1.42,1.38,1.39,861950.79,120464.301
000657.SZ,20251017,16.87,17.06,16.3,16.32,585898.99,969657.225
000659.SZ,20251017,2.79,2.88,2.76,2.77,267077.9,75306.379
000661.SZ,20251017,125.06,125.32,121.11,121.27,61419.92,753952.541
000663.SZ,20251017,6.59,6.9,6.57,6.67,97286.0,65127.007
000665.SZ,20251017,5.81,5.81,5.65,5.66,222599.33,127295.464
000668.SZ,20251017,9.17,9.28,9.12,9.18,8782.0,8084.768
000669.SZ,20251017,3.17,3.22,3.11,3.12,91435.2,28894.775
000670.SZ,20251017,8.2,8.29,7.8,7.81,378459.0,302931.03
000672.SZ,20251017,10.96,11.14,10.61,10.7,401774.6,435739.671
000676.SZ,20251017,9.24,9.29,8.91,8.91,328264.4,297659.529
000677.SZ,20251017,5.21,5.26,5.06,5.07,165072.51,85048.906
000678.SZ,20251017,13.38,13.43,13.04,13.06,90661.0,119837.152
000679.SZ,20251017,7.7,7.85,7.68,7.75,62560.0,48740.071
000680.SZ,20251017,11.81,11.94,11.4,11.49,519477.1,599843.796
000681.SZ,20251017,24.31,25.1,22.29,22.29,787465.4,1832194.859
000682.SZ,20251017,12.47,12.52,11.6,11.64,395426.63,471833.899
000683.SZ,20251017,6.12,6.28,6.09,6.09,550134.13,338463.966
000685.SZ,20251017,12.87,13.05,12.63,12.7,386020.63,494656.971
000686.SZ,20251017,8.62,8.69,8.45,8.48,271258.62,232430.956
000688.SZ,20251017,14.53,15.04,14.35,14.46,190310.51,278906.527
000690.SZ,20251017,4.72,4.76,4.66,4.68,346397.52,162761.983
000691.SZ,20251017,11.15,11.28,11.13,11.13,95952.0,106878.402
000692.SZ,20251017,3.62,3.7,3.59,3.63,163231.0,59477.823
000695.SZ,20251017,10.93,11.17,10.78,10.86,53754.0,58838.413
000697.SZ,20251017,8.52,8.59,8.3,8.41,61867.01,52129.739
000698.SZ,20251017,3.52,3.53,3.45,3.48,284084.78,98869.777
000700.SZ,20251017,9.62,9.66,9.19,9.21,260151.38,243742.97
000701.SZ,20251017,5.46,5.68,5.43,5.5,254265.1,141923.842
000702.SZ,20251017,7.08,7.17,7.02,7.02,75992.6,53862.339
000703.SZ,20251017,6.54,6.6,6.35,6.36,150059.02,96663.378
000705.SZ,20251017,9.46,9.53,9.31,9.33,81517.0,76665.151
000707.SZ,20251017,6.31,6.34,6.24,6.27,37425.66,23516.763
000708.SZ,20251017,13.69,13.88,13.51,13.59,132619.8,181357.478
000709.SZ,20251017,2.58,2.64,2.55,2.55,1006532.19,260564.064
000710.SZ,20251017,12.87,12.99,12.6,12.6,61486.94,78596.487
000711.SZ,20251017,1.72,1.73,1.71,1.71,164037.0,28207.051
000712.SZ,20251017,14.02,14.13,13.65,13.66,235292.04,326559.74
000713.SZ,20251017,6.97,7.0,6.92,6.94,88510.75,61579.452
000715.SZ,20251017,5.66,5.7,5.62,5.65,62317.64,35319.483
000716.SZ,20251017,6.21,6.24,6.09,6.1,135260.0,83445.375
000717.SZ,20251017,2.76,2.83,2.72,2.73,348859.0,96727.471
000718.SZ,20251017,2.7,2.75,2.63,2.64,1038622.28,277773.433
000719.SZ,20251017,12.18,12.49,12.18,12.39,96356.88,119192.456
000720.SZ,20251017,3.32,3.36,3.24,3.25,125741.0,41422.68
000721.SZ,20251017,8.56,8.69,8.51,8.51,125595.99,108079.709
000722.SZ,20251017,12.23,12.39,12.11,12.12,62262.96,76207.418
000723.SZ,20251017,4.99,5.05,4.86,4.86,902022.88,445700.654
000725.SZ,20251017,4.07,4.09,4.0,4.0,6538105.72,2638604.172
000726.SZ,20251017,6.97,7.03,6.93,6.96,123741.31,86475.877
000727.SZ,20251017,2.61,2.62,2.53,2.54,794907.12,204090.866
000728.SZ,20251017,9.32,9.44,9.11,9.13,661325.68,612342.106
000729.SZ,20251017,12.76,12.86,12.64,12.68,163793.7,208288.279
000731.SZ,20251017,6.81,6.85,6.78,6.79,49178.01,33500.044
000733.SZ,20251017,49.51,49.54,46.78,46.85,154798.35,740629.797
000735.SZ,20251017,6.61,6.79,6.6,6.62,544686.27,364381.399
000736.SZ,20251017,5.02,5.03,4.88,4.88,70388.0,34762.863
000737.SZ,20251017,16.74,16.76,15.69,15.69,916090.38,1478103.48
000738.SZ,20251017,19.81,19.99,19.35,19.44,85671.41,168230.395
000739.SZ,20251017,16.22,16.33,15.86,15.93,74045.0,118960.111
000750.SZ,20251017,4.52,4.56,4.42,4.43,1030478.05,463656.683
000751.SZ,20251017,3.98,4.12,3.92,3.93,725823.26,290707.699
000752.SZ,20251017,11.23,11.49,11.08,11.22,31545.0,35332.678
000753.SZ,20251017,7.59,7.88,7.49,7.49,496871.19,381075.861
000755.SZ,20251017,5.0,5.02,4.95,4.96,58778.02,29333.724
000756.SZ,20251017,16.2,16.34,15.9,15.92,167090.33,269952.434
000757.SZ,20251017,5.56,5.56,5.35,5.37,251739.0,136450.971
000758.SZ,20251017,7.11,7.25,6.88,6.9,753255.82,529994.831
000759.SZ,20251017,7.15,7.27,7.07,7.08,145415.38,104041.825
000761.SZ,20251017,3.58,3.67,3.55,3.56,140560.0,50532.826
000762.SZ,20251017,24.24,25.22,23.5,23.78,227986.75,552844.629
000766.SZ,20251017,25.38,26.09,25.13,25.25,344523.82,881143.211
000767.SZ,20251017,2.92,2.94,2.88,2.9,302634.37,88051.905
000768.SZ,20251017,26.06,26.33,25.47,25.52,258249.97,667390.549
000776.SZ,20251017,24.26,24.5,23.22,23.37,1208232.78,2874869.429
000777.SZ,20251017,21.28,21.33,20.4,20.46,180237.07,376314.459
000778.SZ,20251017,3.9,3.98,3.88,3.89,533619.35,209567.955
000779.SZ,20251017,9.15,9.2,9.01,9.03,55531.32,50561.429
000782.SZ,20251017,5.82,5.89,5.63,5.65,178856.04,102288.718
000783.SZ,20251017,8.45,8.53,8.19,8.21,857190.82,715748.355
000785.SZ,20251017,2.86,2.91,2.83,2.83,613144.42,175875.169
000786.SZ,20251017,24.62,24.71,23.92,23.99,122056.17,296634.746
000788.SZ,20251017,6.2,6.23,6.13,6.13,91855.72,56765.325
000789.SZ,20251017,5.96,5.99,5.89,5.9,54840.9,32611.225
000790.SZ,20251017,3.8,3.87,3.79,3.8,114093.17,43670.17
000791.SZ,20251017,7.06,7.06,6.95,6.97,260655.81,182203.929
000792.SZ,20251017,22.5,22.87,22.05,22.1,860522.54,1922817.689
000793.SZ,20251017,3.06,3.09,2.98,3.03,471369.01,143065.301
000795.SZ,20251017,10.91,11.05,10.65,10.72,262706.48,284052.533
000796.SZ,20251017,6.17,6.45,6.11,6.24,1434967.49,904365.812
000797.SZ,20251017,2.74,2.81,2.73,2.74,373075.02,103263.705
000798.SZ,20251017,7.96,8.06,7.91,7.92,40939.0,32698.928
000799.SZ,20251017,63.79,63.82,62.21,62.22,106566.81,670734.655
000800.SZ,20251017,7.1,7.1,6.97,6.97,172110.48,120790.515
000801.SZ,20251017,15.87,16.25,15.15,15.22,304235.09,474990.878
000802.SZ,20251017,4.4,4.45,4.32,4.32,109144.02,47879.394
000803.SZ,20251017,6.58,6.69,6.51,6.53,105580.91,69649.825
000807.SZ,20251017,21.12,21.54,20.58,20.68,595413.12,1252736.501
000809.SZ,20251017,3.15,3.2,3.13,3.13,172476.0,54525.626
000810.SZ,20251017,13.45,13.48,12.85,12.85,226996.98,296976.241
000811.SZ,20251017,13.91,13.94,12.85,12.9,371237.74,491540.282
000812.SZ,20251017,4.56,4.59,4.5,4.51,109351.99,49693.723
000813.SZ,20251017,4.06,4.25,4.05,4.07,635046.27,263003.597
000815.SZ,20251017,12.3,12.33,11.85,11.86,149544.78,179770.81
000816.SZ,20251017,3.25,3.3,3.19,3.2,366743.0,118839.911
000818.SZ,20251017,21.81,21.91,21.1,21.11,155368.54,333366.216
000819.SZ,20251017,18.08,18.3,17.7,17.75,106032.61,190192.09
000820.SZ,20251017,2.5,2.55,2.49,2.51,23698.0,5955.51
000821.SZ,20251017,12.42,12.52,11.96,11.97,185705.32,225581.663
000822.SZ,20251017,5.55,5.6,5.49,5.5,81148.23,45033.277
000823.SZ,20251017,12.67,12.72,12.02,12.04,254279.15,312216.316
000825.SZ,20251017,4.07,4.15,4.02,4.03,453251.34,184765.325
000826.SZ,20251017,2.2,2.28,2.16,2.18,846752.41,186651.128
000828.SZ,20251017,11.96,12.02,11.84,11.88,77679.05,92679.615
000829.SZ,20251017,9.7,9.76,9.49,9.52,166320.53,159239.692
000830.SZ,20251017,12.87,13.09,12.73,12.81,192416.9,248137.761
000831.SZ,20251017,57.4,58.84,56.11,56.2,564500.09,3239895.135
000833.SZ,20251017,14.5,15.08,14.3,14.35,602876.69,882123.961
000837.SZ,20251017,13.02,13.05,12.52,12.53,248204.28,316469.755
000838.SZ,20251017,2.86,2.93,2.66,2.75,766815.0,210579.047
000839.SZ,20251017,2.6,2.63,2.56,2.56,338613.98,87555.902
000848.SZ,20251017,9.0,9.01,8.86,8.86,170314.8,151862.035
000850.SZ,20251017,4.5,4.53,4.44,4.46,114270.06,51310.832
000852.SZ,20251017,6.48,6.5,6.38,6.38,80940.83,52093.71
000856.SZ,20251017,10.68,10.75,10.5,10.51,41764.0,44294.65
000858.SZ,20251017,122.0,122.96,121.06,121.07,180407.98,2197211.376
000859.SZ,20251017,6.34,6.45,6.27,6.31,130977.0,82841.262
000860.SZ,20251017,15.69,15.73,15.49,15.53,75927.37,118319.591
000862.SZ,20251017,5.85,5.87,5.75,5.76,113263.0,65648.062
000863.SZ,20251017,3.62,3.68,3.56,3.58,217764.02,78930.024
000868.SZ,20251017,5.68,5.7,5.45,5.45,224748.5,124931.664
000869.SZ,20251017,21.86,21.96,21.6,21.6,12174.9,26477.144
000875.SZ,20251017,6.05,6.07,5.82,5.84,719056.94,426196.438
000876.SZ,20251017,9.73,9.81,9.64,9.68,303163.0,294760.929
000877.SZ,20251017,6.44,6.56,6.34,6.37,444796.05,286906.03
000878.SZ,20251017,18.6,18.71,17.77,17.82,890813.41,1619385.647
000880.SZ,20251017,30.56,30.66,29.36,29.39,148426.75,442453.965
000881.SZ,20251017,7.91,7.96,7.69,7.73,146377.0,114298.671
000882.SZ,20251017,1.97,2.0,1.95,1.95,794967.98,156935.681
000883.SZ,20251017,4.68,4.7,4.65,4.65,258415.09,120793.165
000885.SZ,20251017,15.21,15.34,15.08,15.11,61154.12,93047.538
000886.SZ,20251017,6.96,7.35,6.91,7.08,886158.2,630256.044
000887.SZ,20251017,21.97,22.03,20.91,21.02,400580.6,855068.752
000888.SZ,20251017,12.39,12.46,12.2,12.2,62766.54,77455.846
000889.SZ,20251017,3.9,3.95,3.85,3.85,331559.0,129100.565
000890.SZ,20251017,5.1,5.14,4.74,4.79,392013.0,192041.863
000892.SZ,20251017,5.84,5.92,5.69,5.72,295983.41,171318.711
000893.SZ,20251017,40.71,40.81,39.52,39.62,84926.19,339134.509
000895.SZ,20251017,25.35,25.57,25.22,25.36,107169.98,272711.656
000897.SZ,20251017,2.29,2.32,2.25,2.27,436514.81,99852.565
000898.SZ,20251017,2.73,2.8,2.69,2.7,510118.37,140089.746
000899.SZ,20251017,10.47,10.68,10.37,10.52,238566.07,251252.742
000900.SZ,20251017,4.21,4.23,4.17,4.18,129005.1,54314.964
000901.SZ,20251017,16.75,16.98,16.21,16.32,293540.45,483957.424
000902.SZ,20251017,14.45,14.59,14.23,14.31,100019.55,143880.745
000903.SZ,20251017,2.8,2.81,2.75,2.75,345112.0,95885.423
000905.SZ,20251017,8.5,9.36,8.45,9.36,638017.31,584434.784
000906.SZ,20251017,6.18,6.22,6.12,6.13,60687.0,37476.178
000908.SZ,20251017,6.48,6.54,6.26,6.28,448145.1,288133.204
000909.SZ,20251017,5.5,5.56,5.42,5.43,19803.0,10864.635
000910.SZ,20251017,8.14,8.15,7.96,7.97,94147.31,75810.091
000911.SZ,20251017,7.5,7.55,7.43,7.43,93614.45,70128.798
000912.SZ,20251017,4.28,4.32,4.24,4.25,59795.0,25557.563
000913.SZ,20251017,17.44,17.45,16.56,16.56,119454.11,202086.096
000915.SZ,20251017,32.09,32.29,31.95,31.96,37324.0,119850.583
000917.SZ,20251017,8.16,8.2,7.83,7.85,381241.43,304596.307
000919.SZ,20251017,6.96,7.03,6.93,6.94,75604.0,52743.078
000920.SZ,20251017,13.0,13.06,12.56,12.61,101670.0,130241.599
000921.SZ,20251017,25.8,25.94,25.12,25.18,95498.33,243319.329
000922.SZ,20251017,12.67,12.73,12.08,12.09,174772.4,215317.969
000923.SZ,20251017,17.81,18.12,17.39,17.43,180192.92,319463.218
000925.SZ,20251017,7.61,7.63,7.3,7.3,187735.0,139580.745
000926.SZ,20251017,2.54,2.57,2.5,2.5,286015.4,72443.234
000927.SZ,20251017,2.69,2.71,2.65,2.66,454626.0,121696.227
000928.SZ,20251017,6.44,6.47,6.34,6.34,177646.44,113666.734
000929.SZ,20251017,8.08,8.24,8.08,8.1,14538.78,11857.591
000930.SZ,20251017,6.05,6.11,5.99,6.01,145824.01,88306.881
000931.SZ,20251017,5.25,5.31,5.21,5.21,71877.44,37799.623
000932.SZ,20251017,5.95,6.13,5.89,5.9,897864.85,538300.359
000933.SZ,20251017,22.86,23.8,22.3,22.48,812598.56,1860227.332
000935.SZ,20251017,21.07,21.28,19.82,19.89,106451.38,216632.482
000936.SZ,20251017,7.28,7.31,7.06,7.07,203745.04,146251.181
000937.SZ,20251017,6.15,6.2,6.08,6.1,213731.13,131251.717
000938.SZ,20251017,28.62,28.84,27.05,27.09,889013.26,2459033.002
000948.SZ,20251017,18.02,18.1,17.58,17.6,52206.12,92899.159
000949.SZ,20251017,4.21,4.25,4.08,4.09,414573.39,171939.66
000950.SZ,20251017,5.28,5.32,5.24,5.24,191160.82,100994.842
000951.SZ,20251017,18.24,18.44,17.61,17.66,138082.01,247579.808
000952.SZ,20251017,6.41,6.46,6.3,6.33,50489.6,32223.795
000953.SZ,20251017,7.31,7.39,7.2,7.26,116456.0,84975.451
000955.SZ,20251017,5.48,5.64,5.43,5.53,278449.0,154876.946
000957.SZ,20251017,12.5,12.59,12.2,12.24,398779.99,492305.83
000958.SZ,20251017,6.37,6.41,6.27,6.27,249376.04,157846.033
000959.SZ,20251017,4.16,4.25,4.07,4.09,519609.45,215239.96
000960.SZ,20251017,23.26,23.52,22.06,22.16,409812.38,926991.149
000962.SZ,20251017,27.57,28.18,26.3,26.45,193075.39,518509.854
000963.SZ,20251017,40.99,41.62,40.07,40.2,76396.83,310882.802
000965.SZ,20251017,4.31,4.37,4.25,4.27,283330.86,122117.3
000966.SZ,20251017,4.45,4.47,4.4,4.4,204398.62,90544.062
000967.SZ,20251017,6.99,7.01,6.7,6.72,330813.19,226041.044
000968.SZ,20251017,7.17,7.3,7.11,7.22,248757.27,179821.543
000969.SZ,20251017,19.96,21.7,19.46,19.56,2517433.01,5138780.341
000970.SZ,20251017,14.27,14.6,13.81,13.83,352892.75,498800.82
000972.SZ,20251017,3.84,3.88,3.72,3.79,154612.0,58551.616
000973.SZ,20251017,7.8,7.89,7.4,7.42,461072.97,348941.063
000975.SZ,20251017,24.34,24.59,23.77,23.96,397246.9,958115.718
000977.SZ,20251017,67.51,67.81,64.27,64.41,562373.53,3681258.353
000978.SZ,20251017,6.23,6.31,6.17,6.17,114859.0,71739.242
000980.SZ,20251017,3.45,3.58,3.37,3.38,2385382.6,821680.199
000981.SZ,20251017,4.38,4.38,3.99,4.0,14240694.53,5838780.474
000983.SZ,20251017,7.39,7.55,7.26,7.26,1094980.03,807777.367
000985.SZ,20251017,17.24,17.59,17.19,17.33,36169.0,62997.418
000987.SZ,20251017,8.13,8.26,7.95,8.0,498853.41,403507.364
000988.SZ,20251017,81.27,81.5,77.34,77.5,491307.69,3850053.104
000989.SZ,20251017,10.09,10.15,9.86,9.88,163862.76,163498.252
000990.SZ,20251017,7.37,7.41,7.24,7.26,89654.62,65696.623
000993.SZ,20251017,10.26,10.28,10.1,10.13,65910.61,67030.068
000995.SZ,20251017,13.84,13.85,13.42,13.47,38309.0,52253.901
000997.SZ,20251017,26.6,26.78,26.1,26.25,85907.03,227363.463
000998.SZ,20251017,9.78,9.8,9.69,9.7,119479.0,116460.626
000999.SZ,20251017,28.77,28.78,28.33,28.36,92227.61,263383.385
001201.SZ,20251017,15.66,15.78,15.5,15.5,19477.0,30508.584
001202.SZ,20251017,16.14,16.17,15.76,15.81,49851.0,79410.327
001203.SZ,20251017,12.83,13.32,12.83,13.1,259206.85,340996.376
001205.SZ,20251017,15.96,16.05,15.82,15.85,20068.35,32004.005
001207.SZ,20251017,22.99,23.02,22.16,22.19,34470.0,77687.849
001208.SZ,20251017,12.85,12.86,12.2,12.22,175878.0,219008.868
001209.SZ,20251017,17.18,17.58,17.01,17.22,40414.0,70052.908
001210.SZ,20251017,17.96,18.14,17.62,17.68,55237.67,98499.036
001211.SZ,20251017,25.36,25.83,24.8,25.46,24649.0,62509.293
001212.SZ,20251017,52.8,53.02,50.59,50.68,52766.08,272406.304
001213.SZ,20251017,4.22,4.23,4.17,4.19,128770.0,54128.912
001215.SZ,20251017,37.6,37.87,36.4,36.88,27930.0,103350.088
001216.SZ,20251017,15.66,15.83,15.45,15.53,32086.0,50147.445
001217.SZ,20251017,12.28,12.3,12.1,12.19,47443.0,57804.397
001218.SZ,20251017,20.72,20.85,20.54,20.66,18520.56,38274.296
001219.SZ,20251017,13.99,14.08,13.87,13.87,19747.7,27610.087
001221.SZ,20251017,68.95,69.33,65.0,65.59,34549.5,231968.155
001222.SZ,20251017,24.33,24.92,24.02,24.31,49658.98,121098.82
001223.SZ,20251017,50.0,50.25,48.62,48.89,5406.6,26706.433
001225.SZ,20251017,57.38,58.22,55.28,55.41,31667.79,179006.316
001226.SZ,20251017,39.0,39.28,37.25,37.43,18933.6,71996.282
001227.SZ,20251017,2.41,2.43,2.4,2.4,655697.0,158409.802
001228.SZ,20251017,23.55,23.89,23.44,23.8,12469.0,29559.093
001229.SZ,20251017,35.52,35.78,34.0,34.56,22114.0,77458.503
001230.SZ,20251017,22.24,22.5,21.88,21.92,13700.32,30339.487
001231.SZ,20251017,20.47,20.8,20.24,20.37,11959.0,24546.33
001234.SZ,20251017,27.54,30.0,27.54,29.04,119168.73,342625.842
001236.SZ,20251017,10.88,10.98,10.67,10.69,91951.0,99614.334
001238.SZ,20251017,49.81,50.01,48.84,49.21,2554.0,12583.022
001239.SZ,20251017,18.43,18.59,17.43,17.45,106953.21,191296.266
001255.SZ,20251017,31.58,34.91,30.96,31.34,28382.38,91161.84
001256.SZ,20251017,21.97,22.0,21.1,21.25,15483.34,33295.519
001258.SZ,20251017,7.43,7.45,7.27,7.28,166108.0,122154.85
001259.SZ,20251017,25.47,25.93,25.22,25.35,7315.0,18633.4
001260.SZ,20251017,19.58,19.89,19.48,19.6,13318.06,26214.301
001266.SZ,20251017,28.05,28.17,27.16,27.16,10981.0,30257.835
001267.SZ,20251017,14.75,15.19,14.66,14.77,248476.5,370221.884
001268.SZ,20251017,30.05,30.31,29.52,29.53,12327.2,36765.092
001269.SZ,20251017,26.15,26.46,25.16,25.21,21928.2,56252.879
001270.SZ,20251017,45.98,46.1,43.83,43.95,41932.89,187423.323
001277.SZ,20251017,38.2,38.35,37.73,37.81,6963.93,26465.046
001278.SZ,20251017,18.3,18.66,18.14,18.39,26245.5,48428.276
001279.SZ,20251017,37.83,38.01,37.48,37.55,6284.62,23698.542
001282.SZ,20251017,21.34,23.61,20.5,23.61,261931.88,597986.762
001283.SZ,20251017,70.27,71.33,68.81,68.88,33912.91,237079.864
001285.SZ,20251017,52.7,53.9,52.3,52.61,57124.65,303977.468
001286.SZ,20251017,9.26,9.32,9.18,9.21,125463.0,115968.473
001287.SZ,20251017,22.89,23.2,21.73,21.77,515488.82,1146869.696
001288.SZ,20251017,24.49,24.54,23.73,23.87,24180.8,58231.035
001289.SZ,20251017,18.16,18.21,17.74,17.77,52173.44,93516.011
001296.SZ,20251017,22.75,23.03,22.3,22.3,30109.57,68113.186
001298.SZ,20251017,33.08,33.08,31.88,31.9,85433.68,276349.276
001299.SZ,20251017,12.35,12.53,12.2,12.37,33129.55,41046.437
001300.SZ,20251017,15.8,15.94,15.39,15.49,74000.99,116038.95
001301.SZ,20251017,82.62,89.77,82.4,82.99,135729.0,1162467.408
001306.SZ,20251017,91.67,91.68,88.55,88.68,8293.11,74534.794
001308.SZ,20251017,22.36,22.47,21.8,21.86,26682.46,58838.46
001309.SZ,20251017,191.11,194.86,181.7,183.03,205752.85,3843619.019
001311.SZ,20251017,24.03,24.14,23.16,23.17,38370.16,90604.894
001313.SZ,20251017,7.1,7.12,7.01,7.03,42897.0,30306.332
001316.SZ,20251017,31.88,32.19,31.1,31.18,14063.0,44449.715
001317.SZ,20251017,50.58,52.0,49.5,50.02,52997.51,267038.589
001318.SZ,20251017,13.86,14.24,13.84,14.22,81629.99,115041.646
001319.SZ,20251017,24.77,24.77,23.92,23.94,30530.0,74149.06
001322.SZ,20251017,8.24,8.27,8.11,8.11,26724.89,21887.677
001323.SZ,20251017,27.65,27.74,27.19,27.25,6391.3,17518.411
001324.SZ,20251017,19.89,19.94,19.55,19.58,19413.0,38308.58
001326.SZ,20251017,54.02,54.74,52.12,52.42,14377.2,76746.947
001328.SZ,20251017,40.3,41.55,39.95,40.87,24703.67,101060.963
001330.SZ,20251017,5.53,5.72,5.53,5.57,353865.99,198490.877
001331.SZ,20251017,13.83,14.18,13.74,13.82,61618.4,86102.31
001332.SZ,20251017,62.87,65.13,61.01,62.74,35211.0,220957.916
001333.SZ,20251017,25.84,25.96,24.96,25.19,32041.08,81383.846
001335.SZ,20251017,36.93,37.58,36.88,36.91,9038.3,33590.546
001336.SZ,20251017,22.47,22.85,22.2,22.28,11528.37,25890.591
001337.SZ,20251017,30.69,30.85,29.45,29.68,240913.61,726066.293
001338.SZ,20251017,11.76,11.88,11.62,11.63,87977.99,103181.788
001339.SZ,20251017,53.62,53.83,51.91,51.97,41183.0,217378.485
001356.SZ,20251017,14.32,14.41,14.21,14.21,39861.15,57092.92
001358.SZ,20251017,31.08,31.19,29.88,30.1,15180.0,46164.698
001359.SZ,20251017,48.25,48.5,46.3,46.5,19011.0,89748.476
001360.SZ,20251017,16.5,16.68,16.18,16.38,72891.57,119530.567
001366.SZ,20251017,12.34,12.48,12.22,12.25,19918.92,24594.066
001367.SZ,20251017,24.03,24.27,23.71,23.74,11914.79,28557.069
001368.SZ,20251017,24.07,24.37,23.86,24.0,8055.8,19412.664
001373.SZ,20251017,29.43,29.6,28.8,29.0,8842.0,25795.215
001376.SZ,20251017,12.8,13.06,12.69,12.96,126287.0,162754.989
001378.SZ,20251017,22.67,22.69,22.37,22.41,9834.03,22154.58
001379.SZ,20251017,22.4,22.47,21.68,21.68,92387.48,202428.971
001380.SZ,20251017,27.99,28.06,26.51,26.52,51642.11,140872.542
001382.SZ,20251017,21.67,21.79,20.9,20.91,62356.75,133125.547
001387.SZ,20251017,13.36,13.45,13.2,13.27,22787.29,30426.024
001388.SZ,20251017,46.35,46.38,44.96,44.96,15042.66,68604.785
001389.SZ,20251017,72.94,73.0,69.25,69.46,44102.0,311323.473
001390.SZ,20251017,25.22,25.9,25.06,25.78,49496.97,126768.567
001391.SZ,20251017,6.55,6.57,6.47,6.48,196922.39,128365.97
001395.SZ,20251017,47.7,47.9,46.18,46.2,9717.8,45587.389
001400.SZ,20251017,64.4,64.8,63.39,63.71,5409.1,34540.439
001696.SZ,20251017,24.02,24.22,23.61,23.62,219518.68,524068.414
001872.SZ,20251017,20.65,20.81,20.51,20.54,38486.5,79577.62
001896.SZ,20251017,5.94,5.96,5.73,5.76,417217.53,243096.686
001914.SZ,20251017,11.33,11.44,11.22,11.25,60376.72,68297.217
001965.SZ,20251017,10.18,10.41,10.18,10.34,284365.43,294359.4
001979.SZ,20251017,10.22,10.44,10.16,10.17,496159.49,509759.968
002001.SZ,20251017,23.8,23.94,23.3,23.36,190548.15,448879.491
002003.SZ,20251017,10.48,10.55,10.36,10.38,68483.69,71536.902
002004.SZ,20251017,4.84,5.01,4.76,5.01,1562216.94,776631.294
002005.SZ,20251017,2.37,2.43,2.35,2.35,125953.0,30102.668
002006.SZ,20251017,20.44,20.61,19.35,19.42,163734.0,324885.204
002007.SZ,20251017,16.38,16.57,16.31,16.34,209917.24,344828.598
002008.SZ,20251017,36.01,36.06,34.43,34.55,278437.28,977032.362
002009.SZ,20251017,16.05,16.09,15.32,15.35,147818.18,231002.356
002010.SZ,20251017,6.6,6.65,6.44,6.49,755806.34,493871.833
002011.SZ,20251017,13.65,13.7,13.08,13.1,218927.0,291123.588
002012.SZ,20251017,5.45,5.52,5.37,5.4,74871.0,40780.793
002014.SZ,20251017,11.35,11.38,11.23,11.23,19202.4,21701.428
002015.SZ,20251017,11.14,11.18,10.78,10.78,267668.4,292884.785
002016.SZ,20251017,6.12,6.49,6.12,6.25,246970.0,155474.008
002017.SZ,20251017,24.1,26.36,23.81,26.36,575741.96,1482419.236
002019.SZ,20251017,14.08,14.09,13.6,13.72,122222.53,168536.791
002020.SZ,20251017,18.8,19.3,18.4,18.54,157689.33,297628.26
002021.SZ,20251017,2.92,2.95,2.82,2.82,432980.64,124213.016
002022.SZ,20251017,6.41,6.47,6.35,6.38,45946.0,29489.193
002023.SZ,20251017,12.21,12.39,11.64,11.65,263887.81,315050.127
002024.SZ,20251017,1.72,1.73,1.7,1.7,176192.73,30175.272
002025.SZ,20251017,46.36,46.64,45.75,45.92,50455.96,232762.936
002026.SZ,20251017,15.9,15.9,14.92,14.99,290765.21,445596.514
002027.SZ,20251017,7.45,7.69,7.43,7.47,1320923.96,999718.625
002028.SZ,20251017,110.41,111.49,106.1,106.3,79932.39,861070.032
002029.SZ,20251017,9.2,9.28,8.63,8.65,531426.72,474334.238
002030.SZ,20251017,6.35,6.39,6.24,6.25,141384.35,89194.859
002031.SZ,20251017,7.87,7.91,7.66,7.68,578884.72,449667.244
002032.SZ,20251017,48.4,48.75,48.31,48.45,18689.58,90780.847
002033.SZ,20251017,8.5,8.54,8.43,8.45,80428.29,68245.436
002034.SZ,20251017,17.06,17.24,16.96,17.0,30822.18,52668.015
002035.SZ,20251017,6.35,6.35,6.23,6.25,59727.06,37585.572
002036.SZ,20251017,10.38,10.47,9.99,10.0,449937.0,455877.81
002037.SZ,20251017,10.65,10.78,10.4,10.41,95196.48,100641.298
002038.SZ,20251017,7.36,7.45,7.27,7.29,157568.47,115965.461
002039.SZ,20251017,17.89,17.92,17.4,17.45,97928.6,172438.43
002040.SZ,20251017,12.15,13.62,12.09,12.69,1015029.95,1311118.532
002041.SZ,20251017,9.42,9.47,9.36,9.37,65272.7,61457.843
002042.SZ,20251017,4.83,4.85,4.7,4.7,282070.46,134644.628
002043.SZ,20251017,12.22,12.29,12.0,12.06,105633.7,128118.916
002044.SZ,20251017,5.2,5.21,5.08,5.09,692364.43,355350.928
002045.SZ,20251017,16.9,16.97,15.66,15.67,475708.97,767245.431
002046.SZ,20251017,27.06,27.7,26.87,27.02,212158.82,578436.297
002047.SZ,20251017,2.31,2.43,2.28,2.41,281816.9,66897.093
002048.SZ,20251017,32.84,32.97,31.3,31.37,298547.97,951673.764
002049.SZ,20251017,84.11,84.3,79.23,79.44,292556.1,2373807.431
002050.SZ,20251017,43.68,44.89,42.01,43.32,2367881.84,10307481.528
002051.SZ,20251017,8.43,8.49,8.33,8.34,72332.0,60771.57
002052.SZ,20251017,15.9,16.3,15.77,15.79,260876.0,417284.549
002053.SZ,20251017,12.54,12.72,12.09,12.12,99586.99,122902.41
002054.SZ,20251017,7.56,7.56,7.21,7.24,751677.44,549025.185
002055.SZ,20251017,7.19,7.22,6.97,6.98,241487.0,171008.732
002056.SZ,20251017,21.4,21.48,20.03,20.06,613513.77,1259648.117
002057.SZ,20251017,11.18,11.36,10.76,10.8,306115.75,336678.573
002058.SZ,20251017,27.0,27.47,25.99,25.99,35691.75,94452.647
002059.SZ,20251017,5.53,5.56,5.43,5.43,318365.93,175240.568
002060.SZ,20251017,3.79,3.85,3.71,3.71,350788.15,131868.738
002061.SZ,20251017,4.28,4.31,4.2,4.21,300604.9,127608.827
002062.SZ,20251017,10.11,10.28,9.86,9.93,287128.14,288436.577
002063.SZ,20251017,6.49,6.5,6.21,6.23,530845.56,336017.782
002064.SZ,20251017,8.74,8.87,8.64,8.74,162290.4,141586.539
002065.SZ,20251017,10.35,10.36,9.92,9.93,1253010.83,1266098.424
002066.SZ,20251017,15.68,15.74,14.88,14.96,67102.75,102178.193
002067.SZ,20251017,6.31,6.5,6.08,6.09,1641229.32,1021252.34
002068.SZ,20251017,9.88,9.98,9.78,9.81,118335.62,116449.74
002069.SZ,20251017,3.76,3.79,3.68,3.71,195855.81,73385.166
002072.SZ,20251017,7.15,7.2,6.99,6.99,48364.0,34296.303
002073.SZ,20251017,8.6,8.63,8.03,8.04,565242.0,466017.526
002074.SZ,20251017,42.05,42.64,40.4,40.52,498502.27,2049487.142
002075.SZ,20251017,5.58,5.68,5.49,5.53,307254.31,170886.285
002076.SZ,20251017,1.86,1.88,1.83,1.83,180996.0,33528.312
002077.SZ,20251017,16.37,17.25,16.36,16.73,463959.85,786295.681
002078.SZ,20251017,14.1,14.38,14.06,14.23,160649.54,229108.188
002079.SZ,20251017,10.37,10.58,9.94,9.97,334045.14,339769.525
002080.SZ,20251017,29.81,30.37,29.12,29.25,214376.81,634977.342
002081.SZ,20251017,3.59,3.62,3.53,3.54,263346.98,93954.856
002082.SZ,20251017,15.48,16.66,15.03,15.25,363434.45,571048.86
002083.SZ,20251017,5.11,5.6,5.07,5.6,932068.79,507703.523
002084.SZ,20251017,4.02,4.39,3.85,4.15,1031785.33,422634.46
002085.SZ,20251017,17.43,17.61,16.64,16.66,594164.76,1011009.632
002086.SZ,20251017,2.59,2.6,2.54,2.57,369654.0,94899.771
002088.SZ,20251017,12.04,12.1,11.76,11.78,29515.0,35180.471
002090.SZ,20251017,12.16,12.16,11.2,11.28,343357.2,394878.911
002091.SZ,20251017,8.66,8.82,8.44,8.47,235024.9,201127.315
002092.SZ,20251017,4.62,4.68,4.55,4.55,325963.0,150163.235
002093.SZ,20251017,11.16,11.21,10.87,10.87,137564.33,151423.207
002094.SZ,20251017,7.76,7.84,7.61,7.61,172473.71,133189.099
002095.SZ,20251017,19.21,19.41,18.92,18.93,29710.87,56836.048
002096.SZ,20251017,13.25,13.47,13.08,13.11,72192.44,95545.692
002097.SZ,20251017,12.63,12.95,12.42,12.42,396689.35,503637.902
002098.SZ,20251017,8.76,8.79,8.61,8.62,32718.0,28450.905
002099.SZ,20251017,5.7,5.76,5.59,5.6,85866.0,48676.836
002100.SZ,20251017,7.62,7.92,7.6,7.78,576908.25,449341.854
002101.SZ,20251017,12.98,13.05,12.45,12.45,112822.43,143144.592
002102.SZ,20251017,3.85,3.93,3.83,3.87,373026.15,144629.208
002103.SZ,20251017,9.24,9.25,9.02,9.02,78797.99,71820.176
002104.SZ,20251017,20.6,21.5,20.57,20.75,615900.23,1300358.254
002105.SZ,20251017,6.64,6.71,6.51,6.54,54466.58,36058.969
002106.SZ,20251017,11.57,11.67,10.94,11.0,211650.64,237878.769
002107.SZ,20251017,6.66,6.7,6.56,6.65,126376.58,83865.102
002108.SZ,20251017,4.26,4.26,4.19,4.26,1407915.68,599372.454
002109.SZ,20251017,3.66,3.76,3.65,3.75,181011.03,67235.707
002110.SZ,20251017,4.2,4.41,4.2,4.3,349262.0,151269.302
002111.SZ,20251017,9.78,9.82,9.53,9.55,68924.74,66563.725
002112.SZ,20251017,13.64,13.72,12.85,12.87,193239.13,253824.134
002114.SZ,20251017,7.87,7.98,7.56,7.59,141211.0,109099.202
002115.SZ,20251017,11.38,12.28,11.32,11.59,1485948.83,1759867.797
002116.SZ,20251017,10.37,10.43,10.26,10.26,46850.0,48457.423
002117.SZ,20251017,11.26,11.29,10.96,10.96,76136.04,84581.2
002119.SZ,20251017,17.87,18.04,17.41,17.41,165412.01,291897.3
002120.SZ,20251017,7.24,7.3,7.19,7.2,315816.39,228388.564
002121.SZ,20251017,9.7,9.77,8.76,8.76,1142933.05,1028064.945
002122.SZ,20251017,3.68,3.69,3.57,3.58,371247.0,134469.209
002123.SZ,20251017,12.51,12.55,12.2,12.2,150373.51,185709.27
002124.SZ,20251017,2.85,2.86,2.81,2.81,343204.52,97236.908
002125.SZ,20251017,14.8,15.14,14.0,14.08,301660.0,436786.94
002126.SZ,20251017,36.97,37.0,35.48,35.57,192867.02,693193.04
002127.SZ,20251017,3.51,3.54,3.44,3.44,286119.66,99675.417
002128.SZ,20251017,24.4,24.74,24.0,24.11,173961.52,422490.702
002129.SZ,20251017,9.41,9.49,8.89,8.95,1480243.82,1350999.115
002130.SZ,20251017,28.61,28.65,27.31,27.4,753733.86,2100743.803
002131.SZ,20251017,5.09,5.15,4.82,4.84,4891041.04,2416391.777
002132.SZ,20251017,4.08,4.18,4.01,4.06,615233.22,251839.714
002133.SZ,20251017,3.53,3.67,3.53,3.57,235214.2,84624.608
002134.SZ,20251017,18.95,19.01,17.98,18.0,74418.01,136397.091
002135.SZ,20251017,4.7,4.72,4.62,4.62,214642.0,99823.401
002136.SZ,20251017,11.05,11.33,11.04,11.06,46144.01,51530.22
002137.SZ,20251017,8.07,8.07,7.84,7.86,121362.61,96397.293
002138.SZ,20251017,36.16,36.36,33.35,33.45,407546.04,1393259.606
002139.SZ,20251017,14.33,14.35,13.82,13.84,279856.08,393021.91
002140.SZ,20251017,12.15,12.22,11.79,11.82,179678.35,215140.073
002141.SZ,20251017,3.79,4.08,3.78,3.85,428962.33,168120.856
002142.SZ,20251017,27.28,27.85,27.25,27.45,453323.43,1250890.114
002144.SZ,20251017,12.89,13.1,12.67,12.96,48255.31,62454.386
002145.SZ,20251017,5.81,5.98,5.58,5.6,987767.65,567449.884
002146.SZ,20251017,1.58,1.61,1.54,1.55,1843191.0,290122.483
002148.SZ,20251017,9.31,9.37,9.09,9.1,142389.34,131239.217
002149.SZ,20251017,17.73,17.9,17.23,17.24,132950.91,232472.045
002150.SZ,20251017,19.65,19.74,17.87,17.87,348769.98,643823.506
002151.SZ,20251017,29.9,30.4,29.04,29.08,166564.29,495614.137
002152.SZ,20251017,12.82,12.84,12.35,12.38,310048.15,389197.775
002153.SZ,20251017,10.2,10.24,9.66,9.67,259817.12,257491.683
002154.SZ,20251017,4.03,4.05,4.0,4.0,401173.39,161327.916
002155.SZ,20251017,23.79,23.88,22.75,22.86,831591.01,1938123.127
002156.SZ,20251017,41.18,41.5,38.68,38.77,1722298.9,6874061.388
002157.SZ,20251017,2.97,2.99,2.95,2.96,902560.58,267730.462
002158.SZ,20251017,26.4,26.65,25.35,25.42,146283.48,378639.824
002159.SZ,20251017,14.62,14.77,14.5,14.51,20902.05,30610.156
002160.SZ,20251017,4.43,4.5,4.33,4.35,184738.0,81204.818
002161.SZ,20251017,7.52,7.57,7.31,7.33,143461.46,106453.177
002162.SZ,20251017,4.27,4.29,4.19,4.19,99335.37,42125.857
002163.SZ,20251017,10.56,11.22,10.45,10.89,886892.77,966993.182
002164.SZ,20251017,13.83,13.89,13.3,13.35,189826.91,256904.041
002165.SZ,20251017,8.52,8.6,8.34,8.34,193822.34,164046.25
002166.SZ,20251017,7.78,7.82,7.65,7.68,52687.5,40801.113
002167.SZ,20251017,13.74,13.98,12.88,12.96,392059.26,523890.998
002168.SZ,20251017,4.11,4.11,3.98,4.0,58149.0,23361.181
002169.SZ,20251017,8.83,8.83,7.6,7.62,1087474.17,891474.345
002170.SZ,20251017,10.65,10.83,10.48,10.48,349890.46,372423.047
002171.SZ,20251017,12.35,12.4,11.57,11.91,2720028.02,3257060.214
002172.SZ,20251017,4.06,4.12,4.03,4.04,183491.01,74675.779
002173.SZ,20251017,22.4,23.02,21.51,21.75,523617.01,1164284.019
002174.SZ,20251017,11.12,11.29,11.03,11.06,283742.37,316860.963
002175.SZ,20251017,4.48,4.52,4.39,4.4,333722.99,148499.328
002176.SZ,20251017,10.5,10.65,9.98,9.99,1864852.9,1906306.972
002177.SZ,20251017,7.74,8.5,7.68,8.2,1538254.24,1251184.147
002178.SZ,20251017,6.53,6.55,6.32,6.33,147906.0,95125.958
002179.SZ,20251017,39.14,39.17,38.16,38.27,202325.62,780041.36
002180.SZ,20251017,22.1,22.16,21.17,21.27,219858.49,473588.308
002181.SZ,20251017,8.39,8.88,8.34,8.64,975953.7,844438.098
002182.SZ,20251017,14.54,14.65,13.9,13.93,297491.36,421266.061
002183.SZ,20251017,5.03,5.13,4.88,4.91,642018.33,319587.528
002184.SZ,20251017,15.32,15.9,14.77,15.24,340013.51,521719.666
002185.SZ,20251017,12.96,12.96,12.66,12.96,1789196.72,2317589.088
002186.SZ,20251017,11.2,11.34,11.11,11.13,64703.86,72784.09
002187.SZ,20251017,6.36,6.41,6.28,6.3,77018.8,48935.279
002188.SZ,20251017,5.8,5.9,5.73,5.77,99528.01,57856.292
002189.SZ,20251017,23.5,23.5,22.5,22.5,75599.53,173752.131
002190.SZ,20251017,47.25,47.33,43.89,44.49,436823.22,1987516.067
002191.SZ,20251017,4.64,4.66,4.39,4.4,469382.56,211144.833
002192.SZ,20251017,40.35,42.59,39.95,39.95,156426.11,640606.992
002193.SZ,20251017,5.19,5.23,5.06,5.06,144207.0,74132.69
002194.SZ,20251017,13.14,13.2,12.9,12.91,107906.82,140848.244
002195.SZ,20251017,7.31,7.34,6.99,7.0,2465322.01,1756949.386
002196.SZ,20251017,9.1,9.28,8.62,8.62,532255.0,468294.196
002197.SZ,20251017,9.45,9.47,9.35,9.36,63487.0,59665.517
002198.SZ,20251017,6.5,6.54,6.4,6.4,69149.0,44642.88
002199.SZ,20251017,10.45,10.68,10.24,10.27,37963.0,39573.688
002200.SZ,20251017,7.29,7.43,7.25,7.27,22462.0,16456.812
002201.SZ,20251017,7.8,7.91,7.69,7.72,103698.32,80346.989
002202.SZ,20251017,16.0,16.05,14.85,14.9,1880088.06,2870807.231
002203.SZ,20251017,12.48,12.69,12.13,12.18,338748.91,417433.541
002204.SZ,20251017,6.57,6.64,6.42,6.44,420752.0,274136.554
002205.SZ,20251017,13.7,14.02,13.5,13.59,60762.0,83631.098
002206.SZ,20251017,6.11,6.16,5.93,5.93,188612.78,113536.139
002207.SZ,20251017,8.03,8.63,8.0,8.42,550014.0,458773.782
002208.SZ,20251017,11.59,12.99,11.3,12.99,1716013.37,2109848.505
002209.SZ,20251017,14.65,14.77,14.41,14.41,49117.0,71402.045
002210.SZ,20251017,4.12,4.24,3.99,4.07,2569713.32,1055183.831
002211.SZ,20251017,3.4,3.42,3.32,3.33,67395.0,22720.403
002212.SZ,20251017,9.4,9.48,9.06,9.07,456032.5,420060.657
002213.SZ,20251017,20.49,22.05,20.21,20.28,349157.0,725666.82
002214.SZ,20251017,13.5,13.74,13.3,13.5,57756.0,77995.436
002215.SZ,20251017,11.55,11.68,10.95,10.99,326082.66,366334.6
002216.SZ,20251017,10.94,11.02,10.86,10.9,47103.96,51570.319
002217.SZ,20251017,3.15,3.19,3.04,3.06,1206439.88,373157.892
002218.SZ,20251017,3.68,3.71,3.48,3.5,365974.85,130771.403
002219.SZ,20251017,2.41,2.43,2.32,2.34,3188283.76,750662.704
002221.SZ,20251017,8.18,8.22,8.1,8.13,84841.03,69119.892
002222.SZ,20251017,45.06,45.38,43.6,43.8,169308.1,752630.259
002223.SZ,20251017,38.01,38.28,36.95,37.11,127076.47,474169.514
002224.SZ,20251017,4.35,4.37,4.27,4.27,131355.23,56833.908
002225.SZ,20251017,5.73,5.78,5.5,5.53,252511.37,142257.722
002226.SZ,20251017,6.7,6.78,6.55,6.56,322117.0,213304.479
002227.SZ,20251017,14.68,14.68,13.93,14.14,308438.65,439201.424
002228.SZ,20251017,3.4,3.44,3.39,3.4,123332.23,42089.28
002229.SZ,20251017,16.7,17.02,16.47,16.48,176548.15,294481.749
002230.SZ,20251017,53.72,53.72,51.27,51.34,628998.97,3272441.723
002231.SZ,20251017,3.06,3.09,2.91,2.91,293731.04,87999.745
002232.SZ,20251017,20.78,21.0,20.36,20.42,113211.0,233801.201
002233.SZ,20251017,9.06,9.17,9.02,9.08,107370.64,97594.322
002234.SZ,20251017,8.51,8.54,8.41,8.42,35867.02,30362.66
002235.SZ,20251017,7.23,7.36,7.14,7.15,172018.03,124743.205
002236.SZ,20251017,19.46,19.53,18.62,18.65,774851.1,1466261.969
002237.SZ,20251017,15.14,15.35,14.72,14.78,500549.05,750402.877
002238.SZ,20251017,8.92,9.12,8.8,8.85,217460.35,195008.42
002239.SZ,20251017,3.19,3.2,3.05,3.06,1125833.48,350490.795
002240.SZ,20251017,19.4,21.04,19.31,19.6,786253.64,1600134.087
002241.SZ,20251017,32.8,32.8,31.06,31.2,1091846.46,3458498.062
002242.SZ,20251017,9.46,9.49,9.32,9.32,42303.68,39850.876
002243.SZ,20251017,9.11,9.16,8.7,8.7,214732.43,190861.452
002244.SZ,20251017,11.67,11.82,11.48,11.53,157691.0,182800.237
002245.SZ,20251017,18.0,18.26,17.31,17.31,504741.18,892285.847
002246.SZ,20251017,20.15,20.26,19.43,19.5,127290.0,252084.771
002247.SZ,20251017,2.75,2.8,2.73,2.73,203349.0,56137.435
002248.SZ,20251017,10.54,10.72,10.35,10.37,233006.0,245332.931
002249.SZ,20251017,10.7,10.78,10.13,10.14,1032817.41,1069480.884
002250.SZ,20251017,11.45,11.68,11.42,11.48,322672.96,371986.023
002251.SZ,20251017,5.61,6.1,5.61,5.74,2759286.56,1619928.822
002252.SZ,20251017,6.7,6.74,6.65,6.66,329819.76,220565.424
002253.SZ,20251017,10.17,10.23,10.0,10.06,35004.0,35329.128
002254.SZ,20251017,10.0,10.02,9.76,9.8,86456.09,85422.728
002255.SZ,20251017,9.05,9.05,8.39,8.43,641213.4,553756.571
002256.SZ,20251017,3.02,3.14,2.91,2.92,1147161.0,345885.326
002258.SZ,20251017,12.2,12.35,12.01,12.14,122940.25,149456.935
002259.SZ,20251017,4.17,4.27,4.12,4.17,118679.0,49644.294
002261.SZ,20251017,35.38,36.66,34.38,34.39,859917.28,3047500.725
002262.SZ,20251017,26.08,26.2,25.6,25.6,49781.55,128399.286
002263.SZ,20251017,3.57,3.62,3.48,3.49,490742.32,173571.816
002264.SZ,20251017,6.85,6.91,6.61,6.62,206747.0,139255.926
002265.SZ,20251017,29.5,29.6,28.0,28.07,214385.74,614408.338
002266.SZ,20251017,4.41,4.45,4.2,4.23,1293939.43,556439.505
002267.SZ,20251017,8.37,8.68,8.34,8.57,353594.2,301894.229
002268.SZ,20251017,17.1,17.23,16.7,16.82,101145.66,170868.641
002269.SZ,20251017,2.3,2.34,2.27,2.27,861772.0,198604.212
002270.SZ,20251017,24.51,24.67,22.68,22.68,305663.45,705801.139
002271.SZ,20251017,13.19,13.3,12.88,12.92,328598.59,429014.35
002272.SZ,20251017,16.03,16.15,15.21,15.22,294078.16,457005.642
002273.SZ,20251017,24.89,24.93,23.5,23.55,405464.23,970903.366
002274.SZ,20251017,6.31,6.34,6.22,6.23,79025.68,49586.164
002275.SZ,20251017,15.07,15.19,14.92,14.92,37845.52,56996.777
002276.SZ,20251017,18.42,18.5,16.82,16.99,1095106.17,1920164.003
002277.SZ,20251017,6.5,6.55,6.32,6.32,227041.01,145912.823
002278.SZ,20251017,9.5,9.56,9.21,9.26,150330.11,141356.738
002279.SZ,20251017,7.22,7.61,7.11,7.37,1186904.84,867544.824
002281.SZ,20251017,61.33,61.46,58.4,58.6,261247.11,1559760.668
002282.SZ,20251017,7.27,7.3,7.17,7.19,53178.02,38490.953
002283.SZ,20251017,6.4,6.41,6.15,6.15,243141.0,152120.511
002284.SZ,20251017,13.42,13.46,12.43,12.45,303654.5,386267.437
002285.SZ,20251017,2.31,2.33,2.25,2.26,334184.0,76634.421
002286.SZ,20251017,9.98,10.18,9.89,10.03,97803.0,98161.415
002287.SZ,20251017,26.8,27.08,26.49,26.52,51642.52,138334.224
002289.SZ,20251017,38.49,38.98,37.4,37.74,24262.08,92780.391
002290.SZ,20251017,39.2,39.32,37.89,38.1,58399.0,224407.83
002291.SZ,20251017,6.95,7.15,6.81,6.81,608242.92,423149.221
002292.SZ,20251017,8.6,8.61,8.3,8.31,270915.39,228718.588
002293.SZ,20251017,8.85,8.91,8.72,8.82,109961.44,97093.258
002294.SZ,20251017,56.41,58.26,55.88,56.7,82688.78,471075.052
002295.SZ,20251017,12.78,13.77,12.78,13.1,261423.09,346545.739
002296.SZ,20251017,10.98,11.0,10.7,10.7,81642.0,88469.45
002297.SZ,20251017,8.57,8.71,8.41,8.42,161654.37,138592.283
002298.SZ,20251017,13.3,13.39,12.05,12.05,1628172.95,2025165.894
002299.SZ,20251017,17.04,17.18,16.69,16.75,109309.35,184686.662
002300.SZ,20251017,6.31,6.34,6.12,6.15,96724.95,60073.654
002301.SZ,20251017,6.26,6.27,6.15,6.16,70942.31,44053.422
002302.SZ,20251017,6.98,7.07,6.89,6.89,204557.92,142634.31
002303.SZ,20251017,4.43,4.46,4.31,4.32,229959.99,100408.4
002304.SZ,20251017,70.46,70.65,69.78,70.0,48661.1,341815.054
002305.SZ,20251017,2.47,2.47,2.35,2.47,1847908.2,450137.911
002306.SZ,20251017,1.79,1.82,1.77,1.78,196570.02,35216.62
002307.SZ,20251017,4.97,5.08,4.89,4.89,546831.95,271249.817
002309.SZ,20251017,3.02,3.02,2.86,2.88,269563.26,78583.21
002310.SZ,20251017,2.68,2.69,2.58,2.58,864614.0,227363.018
002311.SZ,20251017,60.4,61.35,59.39,61.09,55919.5,339489.988
002312.SZ,20251017,10.67,10.8,10.44,10.45,227781.6,240843.05
002313.SZ,20251017,11.22,11.28,10.79,10.82,130494.05,143634.582
002314.SZ,20251017,2.86,2.89,2.8,2.8,358310.7,102133.838
002315.SZ,20251017,45.3,45.5,43.38,43.46,53279.0,235127.556
002316.SZ,20251017,5.22,5.31,5.17,5.18,118845.0,62224.458
002317.SZ,20251017,17.18,18.08,17.15,17.45,706324.8,1243743.196
002318.SZ,20251017,25.62,25.74,24.7,24.76,124407.2,311904.423
002319.SZ,20251017,11.97,12.15,11.7,11.74,37627.0,44654.179
002320.SZ,20251017,12.99,14.0,12.58,14.0,1612067.22,2185794.173
002321.SZ,20251017,2.88,2.9,2.82,2.82,302558.0,86413.387
002322.SZ,20251017,12.87,12.93,12.51,12.52,57807.0,73300.261
002323.SZ,20251017,1.71,1.73,1.68,1.69,543144.52,92169.75
002324.SZ,20251017,13.31,13.44,12.75,12.79,178273.87,231867.841
002326.SZ,20251017,16.95,17.2,16.01,16.01,424055.55,695675.687
002327.SZ,20251017,7.15,7.19,7.11,7.13,45705.6,32682.041
002328.SZ,20251017,6.17,6.17,5.95,5.96,162092.9,97929.915
002329.SZ,20251017,3.59,3.59,3.51,3.53,119006.04,42249.223
002330.SZ,20251017,4.78,4.81,4.73,4.74,124416.01,59353.968
002331.SZ,20251017,8.47,8.48,8.25,8.32,116761.2,97512.159
002332.SZ,20251017,9.84,9.96,9.75,9.76,158758.44,156517.73
002333.SZ,20251017,5.49,5.51,5.39,5.4,85947.0,46831.253
002334.SZ,20251017,9.74,9.77,9.0,9.02,600515.62,556894.73
002335.SZ,20251017,65.28,65.42,60.52,60.8,247001.95,1538922.412
002337.SZ,20251017,5.69,5.71,5.53,5.54,103645.0,58149.275
002338.SZ,20251017,58.0,58.39,55.1,55.38,123779.71,699605.196
002339.SZ,20251017,8.21,8.25,7.75,7.78,216234.9,172027.545
002340.SZ,20251017,8.54,8.71,8.13,8.16,2604442.49,2173196.015
002342.SZ,20251017,8.18,8.47,8.01,8.12,805447.15,662708.305
002343.SZ,20251017,7.86,8.05,7.82,7.83,203514.2,162155.652
002344.SZ,20251017,4.41,4.46,4.37,4.37,129667.81,57274.635
002345.SZ,20251017,15.3,15.76,14.4,14.43,306072.27,459740.364
002346.SZ,20251017,17.9,17.96,16.78,16.82,79094.6,135550.084
002347.SZ,20251017,7.24,7.29,7.04,7.06,186673.02,133427.82
002348.SZ,20251017,4.09,4.12,4.0,4.04,233202.04,94608.623
002349.SZ,20251017,7.33,7.4,7.24,7.26,89384.0,65492.039
002350.SZ,20251017,7.55,7.55,7.13,7.14,192481.72,140257.652
002351.SZ,20251017,13.15,13.19,12.68,12.71,180160.64,232291.442
002352.SZ,20251017,40.7,40.91,40.06,40.09,305643.65,1234556.433
002353.SZ,20251017,53.05,53.29,49.5,49.77,136784.2,690780.806
002354.SZ,20251017,6.6,6.63,6.38,6.39,597123.04,386944.733
002355.SZ,20251017,5.65,5.65,5.53,5.55,114286.8,63697.389
002356.SZ,20251017,3.46,3.61,3.4,3.4,393073.7,137825.179
002357.SZ,20251017,9.75,9.83,9.58,9.58,49633.0,48028.292
002358.SZ,20251017,5.19,5.22,4.95,4.98,354231.18,179355.149
002360.SZ,20251017,5.09,5.17,5.06,5.07,59814.16,30580.362
002361.SZ,20251017,6.49,6.55,6.45,6.47,164860.23,107042.204
002362.SZ,20251017,23.14,23.19,22.05,22.08,67187.0,151255.156
002363.SZ,20251017,7.47,7.82,7.42,7.59,155025.0,118350.848
002364.SZ,20251017,30.91,31.25,27.74,27.74,693643.07,1974669.639
002365.SZ,20251017,18.63,18.75,18.15,18.18,173843.02,318114.963
002366.SZ,20251017,8.35,8.4,7.74,7.81,1744160.24,1397213.115
002367.SZ,20251017,6.68,6.73,6.58,6.61,70309.92,46752.663
002368.SZ,20251017,27.0,27.11,25.71,25.73,149701.53,393024.863
002369.SZ,20251017,8.75,9.1,8.65,8.68,347313.67,307618.724
002370.SZ,20251017,7.55,8.31,7.13,7.75,2828304.15,2195835.784
002371.SZ,20251017,408.0,409.8,398.08,399.43,72357.8,2912106.841
002372.SZ,20251017,10.2,10.27,10.05,10.06,66681.49,67539.676
002373.SZ,20251017,11.14,11.18,10.63,10.64,307272.06,333173.066
002374.SZ,20251017,2.75,2.78,2.69,2.7,145394.6,39782.032
002375.SZ,20251017,3.9,3.92,3.86,3.86,100727.95,39190.886
002376.SZ,20251017,7.6,7.62,7.41,7.41,128949.98,96740.625
002377.SZ,20251017,2.91,2.95,2.9,2.9,98771.0,28845.651
002378.SZ,20251017,12.08,12.23,11.5,11.54,366636.59,432070.689
002379.SZ,20251017,19.0,19.01,18.1,18.22,206126.0,380183.425
002380.SZ,20251017,27.95,27.95,26.64,26.71,52939.0,143427.939
002381.SZ,20251017,6.68,6.74,6.58,6.59,53498.0,35566.352
002382.SZ,20251017,5.58,5.61,5.49,5.5,74139.95,41148.243
002383.SZ,20251017,8.83,8.89,8.57,8.58,92213.0,80359.946
002384.SZ,20251017,63.0,63.0,59.0,59.53,488944.23,2944149.409
002385.SZ,20251017,4.12,4.14,4.08,4.09,636484.22,261856.103
002386.SZ,20251017,5.3,5.4,5.22,5.23,226423.2,119865.539
002387.SZ,20251017,8.61,8.63,8.4,8.41,99996.52,84951.241
002388.SZ,20251017,5.32,5.34,5.16,5.2,101804.0,53615.376
002389.SZ,20251017,22.35,22.54,21.81,21.95,162393.06,359428.943
002390.SZ,20251017,3.82,3.87,3.79,3.81,619312.28,237246.284
002391.SZ,20251017,6.07,6.13,6.0,6.02,57064.48,34576.653
002392.SZ,20251017,9.17,9.25,8.8,8.88,342075.89,308844.906
002393.SZ,20251017,23.85,24.09,23.47,23.47,33824.21,80335.306
002394.SZ,20251017,11.86,11.9,11.43,11.45,163466.0,189848.471
002395.SZ,20251017,18.24,18.5,18.08,18.08,31728.75,57933.005
002396.SZ,20251017,29.16,29.18,26.67,26.92,412303.31,1134487.292
002397.SZ,20251017,3.76,3.92,3.72,3.86,434706.77,167769.94
002398.SZ,20251017,5.07,5.14,5.03,5.03,87572.99,44501.531
002399.SZ,20251017,11.79,11.9,11.62,11.64,33612.66,39538.583
002400.SZ,20251017,8.08,8.15,7.78,7.78,852713.41,678495.528
002401.SZ,20251017,17.2,17.28,16.74,16.79,54963.6,93473.365
002402.SZ,20251017,49.8,51.38,48.25,50.46,910899.78,4565948.473
002403.SZ,20251017,14.19,14.37,14.09,14.1,58257.18,82781.59
002404.SZ,20251017,6.35,6.42,6.28,6.3,67277.0,42745.852
002405.SZ,20251017,9.67,9.86,9.33,9.56,1236560.32,1177802.185
002406.SZ,20251017,7.5,7.53,7.27,7.29,194086.07,143239.892
002407.SZ,20251017,20.02,21.4,20.02,20.27,1285053.08,2649242.784
002408.SZ,20251017,4.9,4.95,4.81,4.83,145618.69,70829.443
002409.SZ,20251017,76.54,76.6,72.53,72.75,190555.94,1411775.207
002410.SZ,20251017,14.32,14.38,13.83,13.85,365622.07,513695.248
002412.SZ,20251017,6.5,6.54,6.44,6.46,49616.9,32240.469
002413.SZ,20251017,5.44,5.5,5.28,5.29,282398.57,151607.908
002414.SZ,20251017,12.45,12.63,12.15,12.32,440254.06,543916.415
002415.SZ,20251017,33.35,34.1,32.63,33.06,1161803.06,3857658.497
002416.SZ,20251017,12.33,12.42,11.89,11.91,255353.58,309217.117
002418.SZ,20251017,4.34,4.38,4.14,4.14,606376.77,256447.04
002419.SZ,20251017,5.56,5.61,5.44,5.45,136673.01,75648.622
002420.SZ,20251017,7.8,7.89,7.54,7.57,136307.01,105063.086
002421.SZ,20251017,3.28,3.29,3.19,3.2,355196.23,114762.344
002422.SZ,20251017,35.12,35.51,34.68,34.88,108532.95,381109.342
002423.SZ,20251017,13.28,13.39,12.71,12.78,422661.71,552146.975
002424.SZ,20251017,6.11,6.43,5.95,6.06,1385103.69,852014.381
002425.SZ,20251017,3.82,3.86,3.69,3.72,115637.0,43567.966
002426.SZ,20251017,3.23,3.25,3.13,3.13,1017842.77,323188.697
002427.SZ,20251017,6.89,6.94,6.73,6.74,94830.63,64721.377
002428.SZ,20251017,28.0,28.46,26.58,26.82,307344.29,845645.399
002429.SZ,20251017,6.13,6.15,5.88,5.88,816238.96,487368.752
002430.SZ,20251017,25.69,25.87,24.19,24.26,149219.32,370255.015
002431.SZ,20251017,2.37,2.41,2.36,2.37,366582.52,87513.866
002432.SZ,20251017,40.7,40.8,40.08,40.12,91334.04,368609.35
002434.SZ,20251017,9.99,10.11,9.57,9.6,337890.0,330032.423
002436.SZ,20251017,20.77,20.87,19.43,19.53,885418.92,1762257.785
002437.SZ,20251017,3.23,3.31,3.22,3.25,692943.0,226223.847
002438.SZ,20251017,14.13,14.47,13.57,13.6,176773.18,246842.027
002439.SZ,20251017,15.3,15.42,15.03,15.06,125699.01,190843.46
002440.SZ,20251017,7.24,7.26,7.11,7.16,93097.5,66797.447
002441.SZ,20251017,9.44,9.45,8.96,8.98,119158.0,108958.1
002442.SZ,20251017,6.15,6.2,6.05,6.05,52068.0,31772.886
002443.SZ,20251017,7.98,8.08,7.8,7.86,153221.0,121964.788
002444.SZ,20251017,29.0,29.11,28.47,29.11,125907.0,362680.973
002445.SZ,20251017,2.49,2.52,2.47,2.47,519597.8,129425.163
002446.SZ,20251017,8.63,8.74,8.09,8.1,508883.13,424312.812
002448.SZ,20251017,10.55,10.87,10.03,10.05,242470.0,249925.915
002449.SZ,20251017,8.82,8.83,8.54,8.55,96997.0,84183.384
002451.SZ,20251017,6.85,6.89,6.55,6.58,159104.95,106161.915
002452.SZ,20251017,7.81,7.85,7.54,7.57,246467.73,188684.377
002453.SZ,20251017,6.73,7.05,6.67,6.79,587144.47,401371.093
002454.SZ,20251017,8.33,8.33,8.0,8.01,102928.52,83713.479
002455.SZ,20251017,6.96,7.2,6.83,6.87,356729.63,250203.954
002456.SZ,20251017,12.0,12.02,11.6,11.62,1020120.28,1199637.469
002457.SZ,20251017,11.12,11.18,10.97,10.98,51606.0,57036.414
002458.SZ,20251017,8.4,8.43,8.34,8.34,57783.5,48375.572
002459.SZ,20251017,14.24,14.3,13.48,13.6,746416.97,1029469.345
002460.SZ,20251017,65.0,66.3,60.75,60.96,1000318.73,6265262.246
002461.SZ,20251017,10.33,10.42,10.28,10.29,51288.0,53127.105
002462.SZ,20251017,13.67,13.8,13.52,13.52,30691.15,41947.02
002463.SZ,20251017,66.8,66.91,64.0,64.17,465956.94,3024043.306
002465.SZ,20251017,12.19,12.35,11.63,11.65,624857.85,745817.163
002466.SZ,20251017,47.99,49.15,46.3,46.55,531111.51,2533433.291
002467.SZ,20251017,6.13,6.16,5.98,6.0,444181.22,268813.522
002468.SZ,20251017,16.23,16.47,15.93,15.95,255582.98,412810.068
002469.SZ,20251017,8.95,9.03,8.74,8.76,94148.0,83486.301
002470.SZ,20251017,1.75,1.77,1.72,1.73,658845.0,115082.727
002471.SZ,20251017,5.26,5.27,4.79,4.8,1579637.71,780866.322
002472.SZ,20251017,42.94,43.02,41.1,41.2,207706.43,867997.169
002474.SZ,20251017,7.77,7.89,7.47,7.6,965227.83,738584.305
002475.SZ,20251017,59.25,59.25,55.4,55.49,1792402.3,10165620.025
002476.SZ,20251017,6.0,6.0,5.83,5.85,196243.28,115578.242
002478.SZ,20251017,6.14,6.22,6.04,6.08,177305.87,108820.006
002479.SZ,20251017,5.33,5.36,5.29,5.31,139463.0,74334.574
002480.SZ,20251017,6.88,6.92,6.78,6.83,98884.0,67490.344
002481.SZ,20251017,5.84,5.93,5.75,5.77,211857.75,123720.874
002482.SZ,20251017,1.76,1.79,1.74,1.75,495387.26,87274.436
002483.SZ,20251017,7.17,7.17,6.86,6.87,161617.66,112831.483
002484.SZ,20251017,30.8,30.8,28.45,28.64,327615.93,958717.705
002485.SZ,20251017,3.58,3.58,3.47,3.49,15271.66,5353.001
002486.SZ,20251017,2.72,2.76,2.69,2.71,174513.0,47580.092
002487.SZ,20251017,48.8,49.3,46.17,46.27,319844.66,1510239.581
002488.SZ,20251017,9.96,10.04,9.82,9.85,132010.49,130891.417
002489.SZ,20251017,3.58,3.6,3.5,3.5,267171.0,94741.627
002490.SZ,20251017,6.16,6.78,6.06,6.78,1047973.14,683813.285
002491.SZ,20251017,5.34,5.38,5.03,5.03,401558.46,207039.12
002492.SZ,20251017,7.88,7.95,7.69,7.69,110687.99,86264.122
002493.SZ,20251017,9.56,9.68,9.31,9.34,215781.0,204315.183
002494.SZ,20251017,4.96,5.03,4.92,4.96,62244.0,30919.83
002495.SZ,20251017,2.64,2.68,2.62,2.62,230414.4,61137.922
002496.SZ,20251017,1.54,1.61,1.53,1.58,289642.77,45567.117
002497.SZ,20251017,15.91,16.62,15.78,15.85,571009.51,920834.76
002498.SZ,20251017,3.73,3.75,3.53,3.54,568881.54,205660.766
002500.SZ,20251017,6.53,6.57,6.39,6.41,303143.3,196259.822
002501.SZ,20251017,2.42,2.49,2.39,2.39,976699.37,238597.796
002506.SZ,20251017,2.56,2.6,2.45,2.47,1342887.34,335300.422
002507.SZ,20251017,12.97,13.0,12.84,12.85,77028.67,99499.14
002508.SZ,20251017,18.82,18.91,18.66,18.68,73362.91,137799.09
002510.SZ,20251017,6.84,6.86,6.63,6.63,374286.11,252154.704
002511.SZ,20251017,8.47,8.53,8.39,8.4,84791.9,71651.464
002512.SZ,20251017,3.61,3.62,3.5,3.51,222602.66,79249.751
002513.SZ,20251017,7.81,8.9,7.76,8.44,1108157.14,927610.659
002514.SZ,20251017,6.93,6.95,6.61,6.62,314887.0,212882.48
002515.SZ,20251017,6.98,7.05,6.4,6.42,848931.52,562731.028
002516.SZ,20251017,5.93,5.95,5.76,5.82,192722.0,112654.267
002517.SZ,20251017,23.58,23.8,22.71,22.8,336744.37,778176.253
002518.SZ,20251017,43.0,43.19,39.36,39.36,186616.94,759424.208
002519.SZ,20251017,4.61,4.65,4.53,4.54,168624.8,77261.63
002520.SZ,20251017,5.91,5.92,5.71,5.72,189657.08,110027.903
002521.SZ,20251017,9.39,9.5,9.18,9.19,38867.0,36219.311
002522.SZ,20251017,4.7,4.73,4.6,4.6,164529.62,76843.397
002523.SZ,20251017,4.0,4.0,3.85,3.86,317007.0,124073.4
002524.SZ,20251017,4.32,4.36,4.24,4.25,104023.39,44687.985
002526.SZ,20251017,3.74,3.76,3.64,3.64,379419.28,140228.447
002527.SZ,20251017,17.55,17.65,17.03,17.13,213349.08,368272.748
002528.SZ,20251017,2.93,3.09,2.9,2.93,413110.03,124466.96
002529.SZ,20251017,7.66,7.72,7.58,7.58,54776.0,41952.149
002530.SZ,20251017,10.84,10.92,10.38,10.43,303705.19,322850.004
002531.SZ,20251017,8.21,8.25,7.72,7.79,483691.46,382848.941
002532.SZ,20251017,12.01,12.22,11.74,11.86,499465.29,595629.678
002533.SZ,20251017,12.7,12.74,11.77,11.82,448327.13,543938.005
002534.SZ,20251017,17.21,17.33,16.11,16.16,260853.1,433201.544
002535.SZ,20251017,3.88,3.9,3.82,3.82,147344.1,56713.711
002536.SZ,20251017,23.11,23.24,22.11,22.15,195670.15,440279.396
002537.SZ,20251017,8.66,8.78,8.47,8.48,306653.91,265098.461
002538.SZ,20251017,5.38,5.42,5.32,5.34,95919.0,51503.653
002539.SZ,20251017,10.14,10.29,9.97,9.99,169336.0,170619.835
002540.SZ,20251017,6.57,6.67,6.41,6.43,131140.0,85302.379
002541.SZ,20251017,19.53,20.05,19.37,19.45,55530.42,109270.111
002542.SZ,20251017,3.56,3.58,3.5,3.51,247341.5,87352.437
002543.SZ,20251017,12.19,12.25,11.82,11.84,43256.9,51864.309
002544.SZ,20251017,24.7,24.97,23.93,23.96,161238.18,393013.803
002545.SZ,20251017,14.25,14.48,13.95,14.0,127342.42,180533.007
002546.SZ,20251017,6.08,6.11,5.85,5.88,246545.0,146689.13
002547.SZ,20251017,5.18,5.19,5.01,5.01,406330.0,206687.01
002548.SZ,20251017,4.75,4.87,4.69,4.73,308108.3,147301.564
002549.SZ,20251017,25.71,27.1,24.45,24.82,1138865.23,2935929.012
002550.SZ,20251017,9.05,9.37,9.05,9.13,556745.48,512319.643
002551.SZ,20251017,4.0,4.04,3.93,3.94,146531.01,58479.902
002552.SZ,20251017,18.7,18.7,18.23,18.7,159922.89,298883.25
002553.SZ,20251017,28.72,28.75,27.18,27.25,129147.19,359651.048
002554.SZ,20251017,3.08,3.11,3.05,3.06,222939.0,68588.708
002555.SZ,20251017,20.0,20.09,19.33,19.37,524140.68,1029470.316
002556.SZ,20251017,5.52,5.74,5.51,5.6,287390.29,162087.589
002557.SZ,20251017,21.22,21.4,21.04,21.1,42812.84,90834.143
002558.SZ,20251017,39.2,40.16,38.3,38.54,342436.46,1340430.08
002559.SZ,20251017,10.42,10.44,9.97,9.97,243076.0,246435.417
002560.SZ,20251017,9.0,9.0,8.39,8.42,1560794.25,1339122.667
002561.SZ,20251017,8.64,8.72,8.55,8.55,76101.36,65798.927
002562.SZ,20251017,7.7,7.76,7.23,7.26,888357.0,659028.29
002563.SZ,20251017,5.66,5.69,5.47,5.49,441557.29,245575.915
002564.SZ,20251017,8.41,8.49,8.0,8.01,238288.09,194996.01
002565.SZ,20251017,7.11,7.16,6.77,6.82,231811.9,160655.818
002566.SZ,20251017,7.96,8.05,7.9,7.92,32744.99,26098.311
002567.SZ,20251017,4.8,4.82,4.76,4.77,221520.67,106090.209
002568.SZ,20251017,26.92,26.99,26.22,26.49,91698.31,242767.992
002569.SZ,20251017,9.14,9.19,9.06,9.08,9922.1,9030.88
002570.SZ,20251017,6.32,6.46,6.31,6.33,489879.48,312620.65
002571.SZ,20251017,10.06,10.07,8.24,9.43,860618.2,772360.803
002572.SZ,20251017,12.65,12.7,12.49,12.52,78998.06,99400.796
002573.SZ,20251017,3.93,3.96,3.9,3.9,102249.21,40132.872
002574.SZ,20251017,5.9,6.1,5.85,5.87,202695.05,120927.02
002575.SZ,20251017,7.23,7.24,6.96,6.96,143016.8,101249.934
002576.SZ,20251017,17.6,17.75,16.99,17.01,45952.0,79423.222
002577.SZ,20251017,18.96,19.1,18.6,18.62,21592.08,40608.275
002578.SZ,20251017,3.58,3.6,3.51,3.51,244994.04,87068.614
002579.SZ,20251017,11.35,11.39,11.03,11.04,169124.5,189192.313
002580.SZ,20251017,13.4,13.53,13.05,13.05,134145.4,177356.412
002581.SZ,20251017,7.32,7.7,7.32,7.65,124968.0,95240.714
002582.SZ,20251017,9.11,9.23,9.06,9.08,84811.0,77582.548
002583.SZ,20251017,11.14,11.24,10.91,10.92,331766.2,367192.918
002584.SZ,20251017,8.97,9.08,8.65,8.66,271513.0,239772.014
002585.SZ,20251017,5.62,5.72,5.46,5.47,157494.13,87650.025
002586.SZ,20251017,3.92,3.97,3.85,3.87,117229.56,45694.6
002587.SZ,20251017,5.96,6.01,5.85,5.86,84374.52,49985.449
002588.SZ,20251017,9.1,9.22,8.99,8.99,91702.0,83319.582
002589.SZ,20251017,2.86,2.89,2.84,2.85,197312.52,56496.671
002590.SZ,20251017,14.2,14.2,13.3,13.3,227458.84,311061.986
002591.SZ,20251017,6.26,6.55,5.99,5.99,165267.0,101319.812
002592.SZ,20251017,7.42,7.44,7.31,7.44,198618.07,147322.36
002593.SZ,20251017,5.16,5.19,5.04,5.04,143900.0,73594.032
002594.SZ,20251017,106.6,106.63,104.26,104.43,625724.94,6576614.911
002595.SZ,20251017,56.39,57.0,55.7,55.9,27703.46,155404.32
002596.SZ,20251017,3.97,4.1,3.97,4.03,1061668.95,429842.859
002597.SZ,20251017,20.9,21.0,20.7,20.74,44411.5,92402.881
002598.SZ,20251017,11.36,11.46,11.08,11.09,68424.0,76800.266
002599.SZ,20251017,7.95,7.95,7.68,7.69,105911.0,82656.914
002600.SZ,20251017,15.02,15.08,14.1,14.13,2506890.06,3632142.938
002601.SZ,20251017,19.91,20.23,19.4,19.52,357226.9,709411.664
002602.SZ,20251017,18.98,19.17,18.22,18.22,1504828.24,2768288.51
002603.SZ,20251017,16.9,17.4,16.8,16.94,387709.9,663505.872
002605.SZ,20251017,26.15,26.4,25.71,25.77,56324.0,146512.222
002606.SZ,20251017,8.9,8.92,8.65,8.66,83989.63,73532.022
002607.SZ,20251017,2.75,2.77,2.71,2.72,1273202.89,348324.722
002608.SZ,20251017,8.38,8.44,8.2,8.2,262139.99,217549.591
002609.SZ,20251017,9.46,9.51,9.22,9.22,83633.0,78315.926
002611.SZ,20251017,18.0,18.0,17.23,17.26,538647.74,949413.449
002612.SZ,20251017,17.44,17.52,17.09,17.15,56311.11,97367.082
002613.SZ,20251017,4.11,4.16,4.02,4.03,167108.48,68251.029
002614.SZ,20251017,6.6,6.68,6.54,6.55,60922.0,40178.625
002615.SZ,20251017,7.8,7.81,7.67,7.67,62559.07,48427.24
002616.SZ,20251017,5.83,5.96,5.77,5.8,284462.87,166303.143
002617.SZ,20251017,8.65,8.68,8.22,8.23,927914.49,779046.828
002620.SZ,20251017,6.0,6.18,5.93,6.06,40120.0,24313.35
002622.SZ,20251017,3.21,3.23,3.11,3.15,270038.2,85181.433
002623.SZ,20251017,19.99,20.13,19.5,19.61,28244.0,55788.311
002624.SZ,20251017,16.87,17.09,16.55,16.58,287105.42,478879.177
002625.SZ,20251017,48.34,49.1,46.3,46.3,380237.72,1796022.717
002626.SZ,20251017,21.85,22.05,21.46,21.61,123827.16,269034.463
002627.SZ,20251017,5.84,5.91,5.77,5.77,145144.1,84789.682
002628.SZ,20251017,5.02,5.15,4.94,4.94,184970.0,92995.506
002629.SZ,20251017,8.26,8.29,7.92,7.95,215931.0,175102.621
002630.SZ,20251017,2.86,2.97,2.83,2.89,420044.38,121688.113
002631.SZ,20251017,5.63,5.75,5.47,5.5,444696.2,248988.307
002632.SZ,20251017,10.16,10.23,9.77,9.8,168303.34,167265.583
002633.SZ,20251017,16.67,16.67,16.0,16.01,28705.0,46756.516
002634.SZ,20251017,5.23,5.27,4.95,4.97,173627.2,88592.578
002635.SZ,20251017,13.66,13.71,13.26,13.27,80929.0,108811.582
002636.SZ,20251017,13.65,13.68,12.95,13.04,371981.41,492193.479
002637.SZ,20251017,11.35,11.55,11.25,11.26,252511.02,287415.524
002638.SZ,20251017,2.7,2.75,2.65,2.67,363598.81,97833.935
002639.SZ,20251017,10.95,10.97,10.54,10.54,366741.05,392473.642
002640.SZ,20251017,4.9,4.95,4.78,4.79,666775.28,323196.147
002641.SZ,20251017,4.28,4.32,4.24,4.24,213307.65,91332.011
002642.SZ,20251017,8.89,8.94,8.67,8.67,210322.52,184723.897
002643.SZ,20251017,13.16,13.31,12.42,12.44,250792.28,320363.6
002644.SZ,20251017,8.89,9.05,8.87,8.95,88646.17,79478.009
002645.SZ,20251017,15.94,16.45,14.9,14.96,470654.72,733314.149
002646.SZ,20251017,9.73,9.74,9.58,9.62,37196.79,35918.449
002647.SZ,20251017,6.62,6.95,6.61,6.91,258764.7,177977.172
002648.SZ,20251017,18.13,18.25,17.7,17.74,402683.68,722390.636
002649.SZ,20251017,13.48,13.55,13.09,13.11,114467.2,151832.924
002650.SZ,20251017,7.16,7.16,6.94,6.97,54062.08,37989.092
002651.SZ,20251017,11.7,11.79,11.32,11.33,294944.3,339758.78
002652.SZ,20251017,3.7,3.73,3.63,3.63,117614.0,43236.503
002653.SZ,20251017,52.81,53.76,51.93,52.5,42841.43,227077.807
002654.SZ,20251017,14.47,16.08,14.25,15.67,1585823.11,2452806.453
002655.SZ,20251017,12.5,12.54,12.04,12.06,129444.0,158442.63
002656.SZ,20251017,2.3,2.41,2.29,2.37,145882.0,34536.313
002657.SZ,20251017,31.35,32.59,31.12,31.25,303509.97,966509.46
002658.SZ,20251017,8.2,8.88,8.2,8.55,530092.11,451010.835
002659.SZ,20251017,5.62,5.63,5.38,5.39,200002.0,109966.492
002660.SZ,20251017,9.63,9.65,9.06,9.12,166494.0,155196.201
002661.SZ,20251017,9.51,9.53,9.37,9.38,26452.0,25016.26
002662.SZ,20251017,3.79,3.8,3.66,3.66,286704.0,106645.384
002663.SZ,20251017,2.05,2.22,2.05,2.12,606062.79,129488.867
002664.SZ,20251017,30.97,32.5,30.0,30.4,203412.03,633185.429
002666.SZ,20251017,5.3,5.34,5.19,5.19,114885.0,60515.634
002667.SZ,20251017,11.61,12.06,11.35,11.37,89527.0,103841.908
002668.SZ,20251017,9.61,9.66,9.48,9.53,104007.31,99469.44
002669.SZ,20251017,13.22,13.33,12.87,12.89,78106.45,102194.357
002670.SZ,20251017,21.45,22.4,21.17,21.26,1343756.2,2937517.801
002671.SZ,20251017,4.99,5.06,4.98,5.03,126875.04,63759.846
002672.SZ,20251017,4.77,4.79,4.68,4.68,62194.87,29434.709
002673.SZ,20251017,8.55,8.64,8.37,8.38,484913.58,411505.729
002674.SZ,20251017,14.26,14.27,13.59,13.64,65976.0,91445.336
002675.SZ,20251017,14.78,14.86,14.41,14.5,77160.28,112896.639
002676.SZ,20251017,9.17,9.26,8.95,9.0,150190.98,136096.752
002677.SZ,20251017,7.19,7.28,7.15,7.17,82102.0,59103.096
002678.SZ,20251017,4.63,5.12,4.58,5.12,876303.59,442272.801
002679.SZ,20251017,10.77,11.73,10.66,11.17,226986.6,255009.112
002681.SZ,20251017,6.68,6.71,6.51,6.54,399174.1,264466.861
002682.SZ,20251017,4.47,4.59,4.46,4.49,199821.75,90560.307
002683.SZ,20251017,39.9,40.18,38.48,38.75,116087.0,454232.537
002685.SZ,20251017,7.56,7.58,7.25,7.26,221087.4,163490.623
002686.SZ,20251017,6.64,6.73,6.54,6.54,77195.0,51133.595
002687.SZ,20251017,4.53,4.61,4.51,4.54,66325.26,30245.754
002688.SZ,20251017,6.81,6.84,6.66,6.66,148662.0,100084.917
002689.SZ,20251017,4.35,4.47,4.24,4.3,913197.82,393508.422
002690.SZ,20251017,20.02,20.26,19.72,19.73,53102.05,105943.262
002691.SZ,20251017,8.0,8.07,7.76,7.77,90086.34,71161.637
002692.SZ,20251017,5.39,5.41,5.2,5.2,142351.0,75165.631
002693.SZ,20251017,7.49,7.5,7.35,7.35,39778.0,29505.411
002694.SZ,20251017,4.13,4.17,4.03,4.04,64052.0,26200.506
002695.SZ,20251017,12.51,12.79,12.48,12.52,79282.12,100070.742
002696.SZ,20251017,6.57,6.58,6.45,6.46,178937.2,116448.012
002697.SZ,20251017,5.65,5.73,5.57,5.58,233792.4,131854.574
002698.SZ,20251017,16.38,16.41,15.8,15.84,146176.59,234501.154
002700.SZ,20251017,7.1,7.43,7.01,7.31,196830.0,142809.58
002701.SZ,20251017,6.41,6.5,6.27,6.31,703614.82,447990.884
002702.SZ,20251017,4.35,4.45,4.34,4.38,186286.6,82064.969
002703.SZ,20251017,14.13,14.18,13.36,13.39,385413.41,525455.163
002705.SZ,20251017,15.1,15.18,14.95,14.95,49574.07,74730.586
002706.SZ,20251017,12.26,12.31,11.03,11.03,813040.05,923787.873
002707.SZ,20251017,6.97,7.01,6.83,6.83,176477.3,122368.399
002708.SZ,20251017,13.38,13.44,12.8,12.85,183008.0,238726.196
002709.SZ,20251017,35.07,36.6,34.2,34.35,811458.47,2851055.391
002712.SZ,20251017,5.26,5.33,5.19,5.2,75852.0,39846.281
002713.SZ,20251017,8.0,8.02,7.28,7.94,1076745.69,842117.039
002714.SZ,20251017,51.1,51.48,50.38,50.62,321613.87,1635658.059
002715.SZ,20251017,22.92,23.47,22.0,22.13,40681.5,91358.92
002716.SZ,20251017,7.82,8.27,7.64,8.04,3385494.26,2690211.701
002717.SZ,20251017,1.56,1.58,1.54,1.55,548706.0,85475.775
002718.SZ,20251017,24.49,24.8,23.59,24.17,27060.71,66047.284
002719.SZ,20251017,9.7,9.83,9.53,9.6,60926.2,59235.423
002721.SZ,20251017,3.47,3.55,3.41,3.41,404864.03,140865.487
002722.SZ,20251017,15.58,15.84,15.34,15.34,51413.42,80294.536
002723.SZ,20251017,8.05,8.05,7.78,7.84,103973.2,81923.639
002724.SZ,20251017,7.6,7.67,7.34,7.35,128105.4,95983.814
002725.SZ,20251017,16.09,16.74,15.74,16.14,295333.24,482311.35
002726.SZ,20251017,4.88,4.9,4.85,4.86,151899.68,74108.383
002727.SZ,20251017,14.02,14.1,13.82,13.86,70869.17,98981.27
002728.SZ,20251017,8.94,9.0,8.85,8.87,124205.84,110993.606
002729.SZ,20251017,14.31,14.31,13.75,13.77,41612.23,58244.546
002730.SZ,20251017,15.86,15.9,15.33,15.34,60561.0,94332.817
002731.SZ,20251017,14.5,15.19,14.1,14.39,475966.4,702872.432
002732.SZ,20251017,16.64,16.85,16.64,16.68,11892.0,19922.586
002733.SZ,20251017,21.62,21.77,19.39,19.39,304184.43,609432.48
002734.SZ,20251017,18.87,19.28,18.5,18.65,250548.97,474734.802
002735.SZ,20251017,16.52,16.59,15.8,15.85,319027.21,513453.347
002736.SZ,20251017,14.14,14.26,13.76,13.79,602072.51,841659.665
002737.SZ,20251017,15.54,15.59,15.36,15.37,32658.99,50482.164
002738.SZ,20251017,48.43,49.1,46.43,46.6,202489.73,955419.8
002739.SZ,20251017,10.89,10.95,10.64,10.67,388392.84,418277.715
002741.SZ,20251017,21.8,22.0,20.87,20.88,256466.21,547111.911
002742.SZ,20251017,4.75,4.75,4.62,4.64,41036.0,19171.006
002743.SZ,20251017,5.37,5.47,5.3,5.31,100873.0,54215.202
002745.SZ,20251017,8.92,8.97,8.44,8.46,378807.13,328135.79
002746.SZ,20251017,6.16,6.19,6.11,6.12,79928.61,49175.064
002747.SZ,20251017,23.66,23.73,22.5,22.52,251176.11,575677.847
002748.SZ,20251017,10.26,10.49,10.26,10.3,120296.0,124751.492
002749.SZ,20251017,14.9,15.08,14.85,14.85,13339.48,19934.474
002752.SZ,20251017,5.71,5.72,5.58,5.6,86191.65,48609.261
002753.SZ,20251017,6.98,7.07,6.93,6.93,30781.37,21517.146
002755.SZ,20251017,20.35,20.75,19.4,19.47,233134.4,464701.684
002756.SZ,20251017,38.68,39.8,37.86,37.88,123938.46,477964.465
002757.SZ,20251017,17.13,17.18,16.69,16.71,50103.0,84742.779
002758.SZ,20251017,9.04,9.14,8.96,8.99,61602.0,55773.537
002759.SZ,20251017,23.28,24.81,22.8,24.16,1597057.5,3842732.493
002760.SZ,20251017,20.21,20.33,19.9,19.92,19295.0,38748.984
002761.SZ,20251017,9.2,9.27,9.03,9.06,129328.73,118258.815
002762.SZ,20251017,8.48,8.69,8.48,8.52,82629.85,70220.514
002763.SZ,20251017,7.31,7.36,7.24,7.26,59819.6,43561.302
002765.SZ,20251017,14.15,14.2,13.4,13.4,538949.29,738983.417
002766.SZ,20251017,6.0,6.01,5.79,5.8,481396.06,282334.828
002767.SZ,20251017,18.81,20.68,18.57,20.68,76746.5,155025.135
002768.SZ,20251017,46.95,47.66,46.5,46.5,16996.52,79928.801
002769.SZ,20251017,8.85,8.87,8.53,8.68,94112.5,81562.712
002771.SZ,20251017,15.8,15.83,15.3,15.31,44717.87,69468.984
002772.SZ,20251017,10.06,10.15,9.72,10.0,189704.98,188767.579
002773.SZ,20251017,35.24,35.77,34.59,34.86,64574.28,226337.775
002774.SZ,20251017,9.52,10.44,9.38,9.8,174128.23,174886.265
002775.SZ,20251017,4.62,4.82,4.58,4.59,403380.25,188104.242
002777.SZ,20251017,18.61,18.87,18.35,18.65,77567.18,144360.62
002778.SZ,20251017,20.01,20.25,19.67,19.69,38215.4,76054.876
002779.SZ,20251017,135.05,136.0,127.52,127.82,42644.3,558182.979
002780.SZ,20251017,13.41,13.56,13.29,13.32,35657.55,47875.491
002782.SZ,20251017,17.87,18.13,16.8,16.89,275839.84,477809.648
002783.SZ,20251017,9.94,10.09,9.78,9.81,103761.44,102949.413
002785.SZ,20251017,36.0,36.36,34.34,34.58,89400.0,313936.387
002786.SZ,20251017,9.29,9.29,8.97,8.98,90516.0,82398.713
002787.SZ,20251017,9.55,9.69,9.32,9.43,201572.06,190481.516
002788.SZ,20251017,8.3,8.32,8.2,8.22,34239.05,28305.651
002789.SZ,20251017,10.0,10.22,9.71,9.73,30621.3,30383.761
002790.SZ,20251017,7.76,7.93,7.73,7.9,76752.32,60414.227
002791.SZ,20251017,22.54,22.66,21.89,21.91,69458.0,154248.165
002792.SZ,20251017,18.24,18.55,17.6,18.06,262562.71,474431.54
002793.SZ,20251017,5.45,5.84,5.38,5.62,1092603.57,609390.296
002795.SZ,20251017,4.97,5.0,4.9,4.94,106379.84,52666.789
002796.SZ,20251017,16.97,16.98,16.11,16.3,139404.5,229888.079
002797.SZ,20251017,7.83,7.9,7.65,7.66,803112.8,623972.726
002798.SZ,20251017,6.16,6.22,6.04,6.05,87716.14,53663.156
002799.SZ,20251017,8.15,8.2,8.01,8.03,37092.08,30074.98
002800.SZ,20251017,14.95,15.35,14.9,14.91,72612.78,109645.342
002801.SZ,20251017,33.56,33.68,32.26,32.27,22890.75,75040.284
002802.SZ,20251017,12.65,12.75,12.56,12.64,16122.72,20390.721
002803.SZ,20251017,18.04,18.34,17.53,17.54,90385.71,161085.416
002805.SZ,20251017,14.44,14.8,13.86,13.86,129931.35,185250.024
002806.SZ,20251017,11.79,11.87,11.56,11.6,43444.22,50871.447
002807.SZ,20251017,4.77,4.88,4.76,4.87,520167.24,252057.401
002808.SZ,20251017,5.47,5.6,5.28,5.28,143370.24,77592.608
002809.SZ,20251017,11.39,11.55,11.34,11.34,43456.18,49774.248
002810.SZ,20251017,12.81,12.84,12.5,12.51,35404.62,44753.281
002811.SZ,20251017,13.52,14.16,13.43,13.73,211765.3,293083.598
002812.SZ,20251017,42.57,43.7,41.34,41.35,224574.16,943542.613
002813.SZ,20251017,28.81,28.81,27.05,27.78,129649.42,358797.618
002815.SZ,20251017,13.76,13.8,13.2,13.25,270823.32,362946.65
002816.SZ,20251017,22.82,23.24,21.65,21.7,38908.0,86334.09
002817.SZ,20251017,7.62,7.78,7.62,7.67,60728.4,46733.842
002818.SZ,20251017,11.9,11.93,11.77,11.78,16632.4,19695.983
002819.SZ,20251017,28.88,28.88,27.59,27.68,49939.2,141033.412
002820.SZ,20251017,12.29,13.2,12.21,12.86,263404.04,336928.122
002821.SZ,20251017,105.8,106.45,102.88,103.0,37239.41,386541.607
002822.SZ,20251017,3.62,3.62,3.5,3.54,134262.25,47527.669
002823.SZ,20251017,17.43,17.7,15.76,15.78,279150.78,457338.805
002824.SZ,20251017,18.28,18.49,17.68,17.7,39617.03,71284.325
002825.SZ,20251017,13.08,13.08,12.3,13.08,432490.24,555164.702
002826.SZ,20251017,18.69,19.1,18.35,18.38,59336.9,111010.629
002827.SZ,20251017,38.62,39.74,38.05,38.1,44891.0,174074.364
002828.SZ,20251017,10.39,10.8,10.37,10.75,276303.7,293640.397
002829.SZ,20251017,23.9,24.54,23.25,23.28,84656.4,201408.538
002830.SZ,20251017,16.82,17.05,16.7,16.85,17177.42,28914.994
002831.SZ,20251017,26.16,26.39,25.6,25.62,35490.44,91919.555
002832.SZ,20251017,15.94,16.05,15.69,15.72,75446.47,119730.536
002833.SZ,20251017,16.48,16.6,16.03,16.08,44640.64,72592.715
002835.SZ,20251017,16.69,16.75,16.3,16.31,23512.0,38789.365
002836.SZ,20251017,10.51,10.57,10.25,10.35,55913.36,58029.952
002837.SZ,20251017,76.0,76.23,68.87,68.87,656136.27,4618860.248
002838.SZ,20251017,27.5,27.94,26.7,26.72,40965.99,111011.896
002839.SZ,20251017,4.43,4.49,4.41,4.46,560495.33,249770.94
002840.SZ,20251017,10.65,10.78,10.58,10.65,76329.72,81332.847
002841.SZ,20251017,37.04,37.29,36.22,36.38,34286.44,125383.158
002842.SZ,20251017,10.54,10.83,10.11,10.14,124273.39,128496.777
002843.SZ,20251017,20.65,20.89,19.36,19.37,146010.44,292281.589
002845.SZ,20251017,13.68,13.75,13.37,13.4,46487.0,62996.741
002846.SZ,20251017,16.93,17.14,16.74,16.85,104189.6,176459.802
002847.SZ,20251017,73.03,74.86,72.1,74.0,42321.89,311864.548
002848.SZ,20251017,8.4,8.65,8.32,8.47,36155.0,30681.062
002849.SZ,20251017,14.23,14.27,13.84,13.89,72119.22,100818.854
002850.SZ,20251017,168.52,168.86,160.5,161.0,44187.53,718386.278
002851.SZ,20251017,76.04,76.83,70.33,70.58,245815.83,1786206.069
002852.SZ,20251017,11.45,11.61,11.38,11.42,69071.06,79319.724
002853.SZ,20251017,11.98,12.1,11.83,11.93,23717.0,28354.117
002855.SZ,20251017,16.64,16.73,16.19,16.19,25456.0,41787.378
002856.SZ,20251017,10.51,10.68,10.3,10.44,39516.0,41507.465
002857.SZ,20251017,24.78,25.13,23.63,23.7,37961.0,91533.448
002858.SZ,20251017,14.64,14.96,14.5,14.53,44478.0,65350.389
002859.SZ,20251017,30.83,31.1,29.9,29.96,23614.24,71660.405
002860.SZ,20251017,14.43,14.61,13.78,13.85,134325.66,190195.836
002861.SZ,20251017,17.5,17.63,16.94,16.96,60488.6,104635.136
002862.SZ,20251017,18.58,18.7,18.05,18.06,32677.4,59839.53
002863.SZ,20251017,5.27,5.29,5.07,5.09,147120.0,76007.563
002864.SZ,20251017,30.35,30.54,29.9,29.91,29514.0,89193.626
002865.SZ,20251017,42.21,42.76,40.38,40.41,72326.52,297806.036
002866.SZ,20251017,17.53,17.72,16.91,16.91,54063.0,93013.208
002867.SZ,20251017,14.0,14.19,13.77,13.92,112515.4,157421.784
002868.SZ,20251017,27.99,27.99,26.88,27.01,10988.29,29957.068
002869.SZ,20251017,28.93,28.98,27.03,27.14,48142.0,133992.796
002870.SZ,20251017,38.3,41.7,38.16,39.8,181408.86,726640.104
002871.SZ,20251017,15.74,15.89,14.92,14.98,49566.5,75722.377
002872.SZ,20251017,4.9,4.93,4.84,4.86,30750.5,15008.723
002873.SZ,20251017,10.86,10.96,10.6,10.63,88967.48,95896.966
002875.SZ,20251017,19.06,19.26,18.12,18.22,96168.0,178976.611
002876.SZ,20251017,23.68,23.89,23.02,23.02,32134.0,75072.5
002877.SZ,20251017,8.55,8.56,8.32,8.33,42064.84,35408.059
002878.SZ,20251017,17.4,17.44,17.05,17.06,48096.0,82897.961
002879.SZ,20251017,18.28,18.3,16.88,16.9,87081.72,151688.98
002880.SZ,20251017,26.97,27.09,26.64,26.78,6957.8,18713.117
002881.SZ,20251017,46.2,46.48,45.0,45.06,42319.89,192484.664
002882.SZ,20251017,30.33,30.61,28.8,28.88,69952.6,207470.115
002883.SZ,20251017,11.48,11.63,11.37,11.38,30872.28,35528.983
002884.SZ,20251017,17.23,17.25,16.81,16.82,37591.2,63858.35
002885.SZ,20251017,25.99,26.78,24.13,24.38,706536.25,1787112.296
002886.SZ,20251017,21.88,22.12,21.05,21.05,65759.9,141508.748
002887.SZ,20251017,9.55,9.69,9.48,9.52,48951.25,46821.428
002888.SZ,20251017,18.12,18.31,17.67,17.67,26942.0,48365.849
002889.SZ,20251017,14.94,15.03,14.7,14.7,20736.11,30807.393
002890.SZ,20251017,14.68,14.79,14.43,14.47,13280.87,19335.699
002891.SZ,20251017,56.3,57.12,55.39,55.52,69216.68,387707.977
002892.SZ,20251017,13.71,13.79,13.35,13.37,144282.25,195459.732
002893.SZ,20251017,11.68,12.0,11.59,11.7,189329.66,222944.126
002895.SZ,20251017,29.07,29.37,28.46,28.51,105461.57,303495.861
002896.SZ,20251017,88.89,90.5,87.5,87.51,67020.68,595705.379
002897.SZ,20251017,44.48,44.7,41.92,42.12,71405.42,305516.846
002898.SZ,20251017,12.95,12.95,12.48,12.51,14808.2,18797.404
002899.SZ,20251017,23.39,23.52,22.59,22.95,63489.71,146329.901
002900.SZ,20251017,13.46,13.54,13.05,13.11,54110.5,71656.069
002901.SZ,20251017,55.08,55.34,51.69,51.85,30995.41,164003.069
002902.SZ,20251017,22.8,22.8,21.04,21.05,122350.07,265716.657
002903.SZ,20251017,21.04,21.4,20.21,20.25,37350.5,76959.496
002905.SZ,20251017,10.11,10.22,9.94,9.98,70817.0,71512.409
002906.SZ,20251017,32.79,32.9,30.34,30.41,242594.73,754513.774
002907.SZ,20251017,16.84,16.87,16.42,16.7,38339.0,63909.454
002908.SZ,20251017,10.07,10.14,9.85,9.85,59704.2,59666.629
002909.SZ,20251017,6.35,6.43,6.25,6.26,52095.0,32958.303
002910.SZ,20251017,10.1,10.35,9.96,10.27,186315.88,189813.595
002911.SZ,20251017,13.08,13.15,12.42,12.44,265003.06,336241.72
002912.SZ,20251017,28.8,28.87,28.08,28.29,32758.63,93040.139
002913.SZ,20251017,39.8,39.8,36.9,37.07,56638.26,214170.748
002915.SZ,20251017,25.08,25.4,24.51,24.55,97660.76,243075.752
002916.SZ,20251017,200.87,201.88,193.0,196.35,68326.8,1351504.216
002917.SZ,20251017,13.8,13.87,13.36,13.38,56534.5,76839.331
002918.SZ,20251017,17.08,17.24,16.6,16.82,104227.79,176891.807
002919.SZ,20251017,17.5,18.0,17.35,17.41,90009.28,158754.815
002920.SZ,20251017,137.0,137.97,124.86,124.92,192978.11,2468647.317
002921.SZ,20251017,15.05,15.11,14.75,14.75,31742.02,47277.55
002922.SZ,20251017,24.43,24.84,22.3,22.3,407755.17,929921.813
002923.SZ,20251017,13.5,13.61,13.01,13.09,50264.15,66829.772
002925.SZ,20251017,19.24,19.29,18.43,18.46,145648.2,273944.635
002926.SZ,20251017,9.88,9.98,9.72,9.74,246200.98,242580.527
002927.SZ,20251017,16.23,16.36,15.21,15.25,104939.28,162823.42
002928.SZ,20251017,10.7,11.04,10.52,10.68,390799.83,419510.17
002929.SZ,20251017,45.53,45.85,44.78,45.18,77290.61,350284.363
002930.SZ,20251017,10.52,10.54,10.33,10.34,30619.62,31875.693
002931.SZ,20251017,15.1,15.29,14.99,15.01,37654.01,56964.468
002932.SZ,20251017,19.39,19.95,19.25,19.6,43998.07,86007.61
002933.SZ,20251017,32.62,32.89,31.49,31.67,20782.01,66634.41
002935.SZ,20251017,15.54,15.65,15.0,15.0,75979.13,116215.198
002936.SZ,20251017,2.03,2.05,2.01,2.02,1753942.71,356889.595
002937.SZ,20251017,18.27,18.3,17.67,17.68,37790.62,67810.273
002938.SZ,20251017,48.68,48.77,46.6,46.75,225558.33,1065043.839
002939.SZ,20251017,11.3,11.48,11.04,11.05,469495.56,527327.293
002940.SZ,20251017,43.35,46.68,42.08,44.82,276778.33,1235068.013
002941.SZ,20251017,19.35,20.7,18.77,19.8,1087202.19,2150963.977
002942.SZ,20251017,27.0,27.5,23.81,23.81,229903.11,569142.807
002943.SZ,20251017,35.88,36.19,34.5,34.63,33421.14,117432.766
002945.SZ,20251017,17.03,17.11,16.44,16.46,174287.56,292094.736
002946.SZ,20251017,17.74,18.04,17.6,17.88,72598.03,129584.015
002947.SZ,20251017,44.77,44.91,41.85,41.95,88382.35,379117.217
002948.SZ,20251017,5.0,5.14,4.97,5.1,621712.67,316360.355
002949.SZ,20251017,15.13,15.49,14.83,14.84,44349.5,66947.141
002950.SZ,20251017,9.83,9.97,9.78,9.79,82135.12,81024.164
002951.SZ,20251017,14.79,14.79,14.2,14.2,41767.0,60117.479
002952.SZ,20251017,20.45,21.3,20.18,21.19,123317.06,256705.554
002953.SZ,20251017,13.6,13.63,12.42,12.51,215601.7,277986.238
002955.SZ,20251017,26.33,26.33,25.61,25.7,27634.0,71768.34
002956.SZ,20251017,19.37,19.51,19.15,19.24,20913.8,40408.771
002957.SZ,20251017,20.0,20.26,19.1,19.15,167473.01,327718.116
002958.SZ,20251017,3.25,3.28,3.22,3.24,615712.85,200419.706
002959.SZ,20251017,48.77,49.21,47.75,48.08,13343.52,64466.266
002960.SZ,20251017,12.45,12.58,12.09,12.14,108487.01,133387.16
002961.SZ,20251017,20.71,21.27,20.29,20.33,40861.0,84737.566
002962.SZ,20251017,15.77,15.9,15.43,15.46,102100.48,160270.496
002963.SZ,20251017,16.02,16.27,15.78,15.92,70141.03,112171.004
002965.SZ,20251017,40.45,40.6,38.6,38.69,100174.63,395502.99
002966.SZ,20251017,8.58,8.63,8.52,8.55,390856.01,335013.317
002967.SZ,20251017,21.05,21.2,20.53,20.58,127557.79,264795.339
002968.SZ,20251017,12.2,12.3,11.93,12.04,84468.95,102163.559
002969.SZ,20251017,3.6,3.68,3.59,3.63,158483.0,57690.01
002970.SZ,20251017,46.26,46.49,44.8,44.8,36331.0,165534.126
002971.SZ,20251017,37.0,37.6,35.0,37.35,60264.31,221319.218
002972.SZ,20251017,12.5,12.57,12.28,12.35,19370.0,24023.62
002973.SZ,20251017,15.49,16.25,15.38,15.83,126394.0,200786.576
002975.SZ,20251017,56.34,56.48,53.41,53.48,36203.79,196856.036
002976.SZ,20251017,24.9,25.0,23.73,23.81,79661.22,192776.032
002977.SZ,20251017,34.31,34.83,33.58,33.6,16482.4,56225.521
002978.SZ,20251017,33.3,33.79,32.22,32.23,51675.34,169543.618
002979.SZ,20251017,42.28,42.38,41.4,41.5,48480.6,202667.916
002980.SZ,20251017,23.99,24.16,22.68,22.79,29896.2,69545.781
002981.SZ,20251017,29.8,29.99,29.31,29.33,12952.2,38333.493
002982.SZ,20251017,14.57,14.64,14.42,14.42,18620.92,27055.908
002983.SZ,20251017,20.45,20.53,19.91,19.93,19166.9,38684.784
002984.SZ,20251017,18.91,18.96,18.61,18.64,93495.85,175634.987
002985.SZ,20251017,30.94,31.19,30.1,30.16,90117.81,275841.375
002986.SZ,20251017,11.11,11.11,10.85,10.85,30060.0,33028.204
002987.SZ,20251017,20.76,21.23,20.45,20.47,155337.95,324220.112
002988.SZ,20251017,41.71,41.71,39.61,39.74,33329.51,134659.185
002989.SZ,20251017,28.32,28.62,27.36,27.36,37108.98,103482.593
002990.SZ,20251017,27.67,28.97,27.2,28.62,65063.76,184871.855
002991.SZ,20251017,54.43,54.7,53.8,53.82,6673.0,36152.482
002992.SZ,20251017,53.4,53.67,51.25,51.32,20552.1,107457.893
002993.SZ,20251017,43.03,43.36,41.55,41.65,29764.0,125457.566
002995.SZ,20251017,16.94,17.04,16.64,16.67,24190.6,40761.339
002996.SZ,20251017,7.7,7.82,7.46,7.5,178850.7,136274.666
002997.SZ,20251017,37.61,37.88,36.61,36.71,42051.29,156200.51
002998.SZ,20251017,9.13,9.13,8.85,8.89,131319.4,117380.876
002999.SZ,20251017,6.67,6.71,6.58,6.59,73134.0,48660.986
003000.SZ,20251017,12.1,12.14,11.99,12.0,34702.98,41890.873
003001.SZ,20251017,23.62,23.86,23.3,23.35,29833.93,70292.169
003002.SZ,20251017,25.38,25.51,24.66,24.68,44228.0,110476.688
003003.SZ,20251017,12.17,12.31,12.09,12.15,32093.0,39099.596
003004.SZ,20251017,19.12,19.66,19.03,19.04,9251.0,17821.777
003005.SZ,20251017,22.58,23.18,22.26,22.64,102726.3,233714.293
003006.SZ,20251017,24.4,24.4,22.82,23.06,102434.5,239627.274
003007.SZ,20251017,33.79,34.11,32.8,32.8,12993.0,43367.298
003008.SZ,20251017,21.77,21.77,21.35,21.43,11656.3,25145.424
003009.SZ,20251017,49.07,49.95,47.88,48.11,22067.51,107593.131
003010.SZ,20251017,48.0,48.75,43.31,44.49,185790.09,836420.781
003011.SZ,20251017,20.59,20.99,20.38,20.49,18313.4,37794.139
003012.SZ,20251017,8.0,8.03,7.59,7.65,464257.9,359565.601
003013.SZ,20251017,15.58,15.89,15.51,15.74,39651.0,62571.036
003015.SZ,20251017,16.5,16.59,16.02,16.03,62162.78,100977.784
003016.SZ,20251017,8.13,8.93,8.09,8.93,244982.4,211895.715
003017.SZ,20251017,34.38,35.85,34.03,34.66,31103.6,108396.354
003018.SZ,20251017,11.56,11.69,11.45,11.45,9842.0,11350.48
003019.SZ,20251017,33.63,33.79,32.4,32.45,32563.33,106987.972
003020.SZ,20251017,28.98,29.28,28.23,28.24,51348.42,147328.286
003021.SZ,20251017,119.57,119.57,113.0,113.37,61250.61,705370.079
003022.SZ,20251017,20.35,20.53,19.56,19.56,117970.0,235514.347
003023.SZ,20251017,21.9,24.0,21.7,24.0,103020.95,239873.199
003025.SZ,20251017,13.36,13.41,12.95,13.0,33583.0,44165.757
003026.SZ,20251017,36.53,36.97,34.9,34.98,37708.15,134696.674
003027.SZ,20251017,19.35,19.45,19.07,19.11,25146.0,48292.857
003028.SZ,20251017,31.22,31.3,30.45,30.5,9249.3,28519.699
003029.SZ,20251017,25.0,25.04,24.15,24.15,46589.0,114645.399
003030.SZ,20251017,19.2,19.22,18.76,18.97,24037.0,45744.099
003031.SZ,20251017,56.03,56.32,53.3,53.36,31415.67,170987.639
003032.SZ,20251017,6.33,6.36,6.23,6.23,40428.0,25468.491
003033.SZ,20251017,78.64,79.27,72.82,73.75,44654.34,334802.904
003035.SZ,20251017,5.01,5.13,4.91,4.92,589499.66,294411.996
003036.SZ,20251017,16.41,16.44,16.08,16.09,22058.15,35797.152
003037.SZ,20251017,7.98,8.04,7.87,7.87,60831.92,48383.95
003038.SZ,20251017,16.5,16.61,16.03,16.04,35762.68,58148.594
003039.SZ,20251017,13.49,13.59,13.38,13.39,28635.0,38636.978
003040.SZ,20251017,20.65,21.08,20.29,20.32,140574.85,290785.57
003041.SZ,20251017,25.18,25.99,24.3,25.26,72513.42,183265.792
003042.SZ,20251017,16.56,18.22,16.27,16.41,120975.96,207450.902
003043.SZ,20251017,48.4,50.34,48.35,48.65,26565.6,130231.355
003816.SZ,20251017,4.02,4.03,3.94,3.96,1806712.0,719199.31
300001.SZ,20251017,29.59,29.8,27.71,27.81,871833.42,2487383.063
300002.SZ,20251017,12.39,12.5,12.17,12.19,480468.32,590822.253
300003.SZ,20251017,17.89,18.08,17.2,17.28,280001.79,492693.079
300004.SZ,20251017,11.6,11.61,10.91,10.98,208118.02,231478.337
300005.SZ,20251017,8.5,8.54,8.29,8.3,126890.45,106753.233
300006.SZ,20251017,4.76,4.77,4.6,4.65,446782.48,209656.079
300007.SZ,20251017,54.56,55.24,52.35,52.51,139553.3,744612.755
300008.SZ,20251017,6.36,6.42,6.23,6.24,472199.79,298362.774
300009.SZ,20251017,10.24,10.34,9.98,9.98,248476.56,251325.672
300010.SZ,20251017,7.4,7.47,7.16,7.18,551684.65,402442.248
300011.SZ,20251017,7.92,7.96,7.62,7.63,87139.0,67356.154
300012.SZ,20251017,14.14,14.95,14.13,14.33,774955.01,1129735.715
300013.SZ,20251017,4.28,4.34,4.21,4.21,232110.53,99205.985
300014.SZ,20251017,82.58,83.0,76.28,76.29,726552.34,5685654.456
300015.SZ,20251017,12.47,12.68,12.37,12.55,871043.63,1092205.645
300016.SZ,20251017,8.89,8.89,8.54,8.57,160662.0,139685.52
300017.SZ,20251017,11.5,11.54,10.85,10.89,1033756.85,1150455.87
300018.SZ,20251017,10.34,10.55,9.92,10.05,356239.18,361140.035
300019.SZ,20251017,21.17,21.53,20.37,20.39,76441.89,159088.301
300020.SZ,20251017,3.52,3.53,3.45,3.46,99324.84,34687.389
300021.SZ,20251017,4.83,4.87,4.75,4.75,201796.04,97063.044
300022.SZ,20251017,8.95,8.95,8.68,8.76,164018.84,144296.684
300024.SZ,20251017,18.4,18.5,17.72,17.78,383399.91,692224.147
300025.SZ,20251017,5.94,5.97,5.8,5.82,104639.02,61588.129
300026.SZ,20251017,3.81,3.85,3.73,3.73,524362.11,199123.297
300027.SZ,20251017,2.4,2.44,2.36,2.37,697972.41,167401.479
300029.SZ,20251017,5.99,5.99,5.78,5.78,20508.0,12022.144
300030.SZ,20251017,7.57,7.73,7.5,7.52,53494.0,40707.834
300031.SZ,20251017,22.94,23.1,22.2,22.2,100497.96,226556.381
300032.SZ,20251017,4.82,4.84,4.66,4.66,216112.0,102295.19
300033.SZ,20251017,354.0,358.34,339.1,340.15,74284.56,2579128.73
300034.SZ,20251017,16.3,16.43,15.86,15.86,100679.5,161634.178
300035.SZ,20251017,22.55,24.15,22.49,22.49,761909.61,1773704.56
300036.SZ,20251017,16.71,16.75,16.11,16.12,117999.23,192696.5
300037.SZ,20251017,46.0,47.59,44.68,44.8,150656.97,690459.774
300039.SZ,20251017,6.13,6.17,6.06,6.06,180878.94,110681.545
300040.SZ,20251017,6.84,6.85,6.52,6.53,198952.42,132342.575
300041.SZ,20251017,11.75,11.84,11.15,11.17,301963.19,343586.654
300042.SZ,20251017,29.3,30.41,28.18,28.73,209094.89,605716.232
300043.SZ,20251017,6.4,6.49,6.14,6.17,559945.05,352597.181
300044.SZ,20251017,4.32,4.33,4.18,4.18,230891.72,98132.719
300045.SZ,20251017,21.85,22.37,21.02,21.12,192932.43,415720.063
300046.SZ,20251017,38.66,38.95,37.0,37.02,91843.07,347146.823
300047.SZ,20251017,16.0,16.0,15.43,15.44,251390.71,394800.628
300048.SZ,20251017,6.85,6.86,6.3,6.3,685559.73,445223.943
300049.SZ,20251017,67.99,68.68,66.51,66.51,57815.47,390819.486
300050.SZ,20251017,5.75,5.77,5.57,5.57,165910.0,94005.781
300051.SZ,20251017,6.4,6.41,6.18,6.19,92229.02,57789.808
300052.SZ,20251017,11.38,11.73,11.36,11.5,96081.0,110779.137
300053.SZ,20251017,12.91,13.04,12.4,12.41,153019.74,193829.002
300054.SZ,20251017,33.96,34.34,33.12,33.21,177263.01,594733.566
300055.SZ,20251017,7.05,7.33,6.92,6.94,262390.21,185617.78
300056.SZ,20251017,10.69,10.75,10.53,10.64,93140.81,99057.537
300057.SZ,20251017,5.74,5.78,5.48,5.48,286026.24,159857.871
300058.SZ,20251017,6.2,6.26,6.08,6.09,751720.72,464053.209
300059.SZ,20251017,25.4,25.62,24.81,24.86,3095666.27,7789935.983
300061.SZ,20251017,10.9,12.26,10.84,11.66,421273.46,488959.369
300062.SZ,20251017,6.1,6.17,5.68,5.7,528394.43,309079.843
300063.SZ,20251017,8.25,8.33,7.98,7.98,204412.5,166057.79
300065.SZ,20251017,19.11,19.2,18.33,18.39,356131.35,668848.645
300066.SZ,20251017,7.16,7.37,6.82,6.82,660259.78,468243.614
300067.SZ,20251017,4.46,4.5,4.36,4.36,174422.56,77064.096
300068.SZ,20251017,17.97,18.13,16.78,16.81,466268.44,805404.737
300069.SZ,20251017,20.1,20.14,19.2,19.25,46758.95,91638.645
300070.SZ,20251017,4.32,4.35,4.28,4.31,225333.32,97206.103
300071.SZ,20251017,4.17,4.23,4.1,4.1,152166.0,63344.416
300072.SZ,20251017,3.68,3.83,3.62,3.63,432264.55,161020.041
300073.SZ,20251017,67.33,68.44,65.31,65.83,330965.51,2204711.561
300074.SZ,20251017,4.61,4.66,4.51,4.53,130856.0,59998.538
300075.SZ,20251017,15.66,15.74,15.09,15.15,109036.79,167351.926
300076.SZ,20251017,6.21,6.68,6.16,6.53,429828.3,279020.188
300077.SZ,20251017,23.02,23.27,22.26,22.26,178020.7,404529.149
300078.SZ,20251017,3.42,3.44,3.36,3.36,210391.81,71375.616
300079.SZ,20251017,5.68,5.72,5.49,5.51,305646.07,170803.043
300080.SZ,20251017,5.09,5.29,4.87,4.87,549788.02,274527.982
300081.SZ,20251017,4.85,4.89,4.75,4.76,127050.86,61203.783
300082.SZ,20251017,7.92,8.9,7.92,8.33,478576.91,400986.452
300083.SZ,20251017,9.16,9.19,8.77,8.79,610950.36,545678.604
300084.SZ,20251017,9.17,9.18,8.93,8.96,137253.0,124024.846
300085.SZ,20251017,48.58,49.42,46.83,46.87,247289.32,1193009.316
300086.SZ,20251017,7.44,8.39,7.4,7.85,977793.39,767140.923
300087.SZ,20251017,9.07,9.13,9.0,9.01,224096.89,202968.195
300088.SZ,20251017,6.23,6.27,6.06,6.08,517634.29,318816.87
300091.SZ,20251017,2.85,2.86,2.79,2.8,245808.97,69446.202
300092.SZ,20251017,16.67,17.42,16.2,16.3,134772.0,225318.292
300093.SZ,20251017,13.3,14.01,13.06,13.8,57394.7,78148.272
300094.SZ,20251017,3.63,3.66,3.58,3.58,225100.0,81485.913
300095.SZ,20251017,9.4,9.45,9.1,9.1,134547.22,125028.08
300096.SZ,20251017,8.12,8.88,8.12,8.5,250592.0,211771.83
300097.SZ,20251017,5.65,5.69,5.59,5.6,28195.0,15904.98
300098.SZ,20251017,5.51,5.53,5.3,5.31,488498.35,263519.017
300099.SZ,20251017,6.72,6.77,6.59,6.59,83710.25,55845.695
300100.SZ,20251017,39.6,39.81,38.25,38.28,118766.89,462644.595
300101.SZ,20251017,23.9,24.13,22.97,23.03,89223.02,208977.841
300102.SZ,20251017,11.64,11.75,11.32,11.46,202322.0,232241.127
300103.SZ,20251017,7.0,7.41,6.92,7.25,143807.62,103558.916
300105.SZ,20251017,7.56,7.57,7.35,7.37,110853.0,82541.656
300106.SZ,20251017,10.96,11.14,10.89,10.91,58290.47,64306.556
300107.SZ,20251017,6.95,7.07,6.83,6.85,58774.0,40831.827
300109.SZ,20251017,16.54,16.64,16.08,16.1,69717.59,113662.049
300110.SZ,20251017,3.26,3.3,3.22,3.24,222421.05,72728.871
300111.SZ,20251017,8.83,9.38,8.38,8.49,3106955.26,2728097.301
300112.SZ,20251017,8.53,8.61,8.34,8.37,62572.02,52739.413
300113.SZ,20251017,25.32,25.98,24.2,24.2,174904.1,436014.94
300115.SZ,20251017,37.74,38.04,36.32,36.47,809716.05,2986710.773
300118.SZ,20251017,10.9,11.04,10.33,10.33,507519.86,538055.311
300119.SZ,20251017,22.23,22.36,21.57,21.69,109094.18,238827.036
300120.SZ,20251017,10.46,10.53,9.7,10.27,502594.75,508354.217
300121.SZ,20251017,15.5,15.6,14.86,14.89,124812.0,189435.332
300122.SZ,20251017,20.52,20.73,20.03,20.05,227782.43,462880.607
300123.SZ,20251017,5.78,5.83,5.61,5.61,169035.0,96555.246
300124.SZ,20251017,80.79,80.88,77.47,77.59,374768.79,2946924.677
300125.SZ,20251017,10.98,10.98,9.46,9.58,229985.82,232777.668
300126.SZ,20251017,10.13,10.18,9.47,9.55,143692.0,139656.098
300127.SZ,20251017,38.5,39.45,36.12,36.56,260843.47,980117.54
300128.SZ,20251017,6.24,6.27,5.85,5.88,493379.39,297428.71
300129.SZ,20251017,8.04,8.09,7.57,7.59,411901.14,320015.189
300130.SZ,20251017,26.6,27.1,26.25,26.63,104108.62,277058.656
300131.SZ,20251017,9.86,9.98,9.39,9.44,416834.07,401015.947
300132.SZ,20251017,6.25,6.27,6.11,6.14,145566.0,90368.702
300133.SZ,20251017,7.44,7.5,7.24,7.25,558204.65,410425.146
300134.SZ,20251017,11.24,11.26,10.85,10.86,97367.0,107413.02
300135.SZ,20251017,4.32,4.35,4.2,4.21,214375.03,91584.728
300136.SZ,20251017,29.19,29.48,27.6,27.68,694439.21,1958331.202
300137.SZ,20251017,7.22,7.39,7.18,7.24,101280.63,73843.729
300138.SZ,20251017,14.47,14.79,14.29,14.41,180654.06,263508.339
300139.SZ,20251017,29.4,29.93,28.51,28.78,617583.62,1803187.764
300140.SZ,20251017,6.09,6.13,5.92,5.96,137559.92,82492.137
300141.SZ,20251017,13.7,14.26,12.5,12.7,529810.53,697917.015
300142.SZ,20251017,11.51,11.62,11.32,11.33,184119.39,211169.702
300143.SZ,20251017,10.92,11.0,10.58,10.58,82979.23,88973.385
300144.SZ,20251017,8.26,8.3,8.09,8.09,383600.94,314122.641
300145.SZ,20251017,4.5,4.52,4.28,4.29,621815.07,271698.714
300146.SZ,20251017,12.37,12.56,12.26,12.26,296087.08,367244.547
300147.SZ,20251017,10.89,11.2,10.71,10.93,179591.63,196410.428
300148.SZ,20251017,4.48,4.51,4.38,4.39,203011.36,90326.473
300149.SZ,20251017,11.58,11.8,11.23,11.23,140671.59,162055.893
300150.SZ,20251017,5.79,6.01,5.72,5.92,502232.62,296512.255
300151.SZ,20251017,13.64,13.71,12.91,12.95,130940.0,173280.157
300152.SZ,20251017,2.13,2.15,2.08,2.09,306673.0,64609.955
300153.SZ,20251017,34.6,34.68,32.31,32.32,150854.16,498862.406
300154.SZ,20251017,8.25,8.25,8.02,8.02,41846.0,34013.803
300155.SZ,20251017,4.69,4.76,4.64,4.64,70650.0,33179.699
300157.SZ,20251017,4.57,4.63,4.53,4.53,182418.95,83576.282
300158.SZ,20251017,7.15,7.41,7.05,7.06,784717.15,566235.583
300159.SZ,20251017,2.9,3.0,2.86,2.91,476942.0,139734.075
300160.SZ,20251017,5.87,5.9,5.75,5.75,81890.0,47773.642
300161.SZ,20251017,28.66,28.66,27.79,27.94,32861.0,92298.147
300162.SZ,20251017,7.11,7.16,6.93,6.94,98365.7,69265.183
300163.SZ,20251017,3.51,3.56,3.48,3.49,173614.0,61051.075
300164.SZ,20251017,5.78,6.06,5.77,5.99,1853249.5,1098242.271
300165.SZ,20251017,4.42,4.44,4.3,4.31,57442.0,25086.476
300166.SZ,20251017,10.99,11.04,10.35,10.37,348356.78,370905.881
300167.SZ,20251017,6.33,6.44,6.1,6.2,155008.08,96780.032
300168.SZ,20251017,6.73,7.01,6.68,6.72,314932.09,214883.701
300169.SZ,20251017,6.93,7.02,6.78,6.79,71534.0,49364.801
300170.SZ,20251017,17.01,17.13,16.39,16.4,341161.53,570232.083
300171.SZ,20251017,14.8,14.83,14.31,14.41,89336.0,129747.829
300172.SZ,20251017,5.39,5.44,5.36,5.36,116307.25,62762.591
300173.SZ,20251017,5.58,5.67,5.43,5.43,172368.0,95198.087
300174.SZ,20251017,16.05,16.24,15.76,15.79,68363.0,108781.715
300175.SZ,20251017,6.02,6.09,5.93,5.93,50941.0,30673.606
300176.SZ,20251017,7.05,7.08,6.89,6.89,70836.61,49405.57
300177.SZ,20251017,9.27,9.33,8.98,8.98,138456.89,126308.378
300179.SZ,20251017,12.48,12.49,11.67,11.71,580642.5,696402.916
300180.SZ,20251017,7.31,7.41,7.15,7.19,347497.15,253651.428
300181.SZ,20251017,19.06,19.2,18.58,18.65,174138.93,328502.33
300182.SZ,20251017,6.04,6.05,5.79,5.8,685825.92,404423.056
300183.SZ,20251017,15.71,15.81,15.12,15.14,77072.82,118813.695
300184.SZ,20251017,10.97,11.03,10.31,10.35,608179.6,648376.906
300185.SZ,20251017,3.06,3.08,2.91,2.92,1438664.84,429493.048
300187.SZ,20251017,5.04,5.08,5.0,5.03,51663.0,26037.854
300188.SZ,20251017,14.95,15.02,14.46,14.5,127891.0,187220.232
300189.SZ,20251017,4.65,4.92,4.61,4.71,1466026.86,694797.391
300190.SZ,20251017,4.2,4.27,4.15,4.18,107092.21,45181.344
300191.SZ,20251017,19.5,19.76,19.27,19.3,39677.82,77381.841
300192.SZ,20251017,17.93,17.99,17.1,17.1,190127.08,331643.448
300193.SZ,20251017,8.84,8.9,8.76,8.76,71333.2,62926.648
300194.SZ,20251017,4.41,4.42,4.32,4.32,148843.8,65013.973
300195.SZ,20251017,7.59,7.63,7.3,7.31,116711.56,86806.108
300196.SZ,20251017,14.33,14.43,13.92,13.95,55873.0,78921.473
300197.SZ,20251017,2.11,2.14,2.09,2.1,461429.91,97665.456
300198.SZ,20251017,2.21,2.23,2.17,2.17,133974.25,29423.313
300199.SZ,20251017,21.87,22.28,21.3,21.34,520855.1,1134128.054
300200.SZ,20251017,10.68,10.8,10.3,10.3,140847.29,149154.991
300201.SZ,20251017,5.46,5.49,5.29,5.3,264964.99,142096.387
300203.SZ,20251017,17.7,17.84,17.43,17.44,80420.86,141490.886
300204.SZ,20251017,37.83,42.65,37.55,39.9,655097.67,2632752.455
300205.SZ,20251017,4.45,4.47,4.28,4.35,37986.0,16695.131
300206.SZ,20251017,11.83,11.94,11.7,11.7,47753.0,56391.975
300207.SZ,20251017,30.4,31.0,28.85,28.86,607718.01,1792516.6
300209.SZ,20251017,6.4,6.41,6.13,6.15,238995.6,148780.816
300210.SZ,20251017,9.49,9.57,9.05,9.13,99641.62,92308.068
300211.SZ,20251017,9.63,9.69,9.31,9.42,39219.0,37193.21
300212.SZ,20251017,20.6,20.64,19.9,19.96,104633.16,211202.663
300213.SZ,20251017,8.96,9.06,8.61,8.64,181636.56,159163.838
300214.SZ,20251017,7.69,7.75,7.44,7.5,110262.77,83354.445
300215.SZ,20251017,6.02,6.06,5.86,5.86,61260.45,36348.499
300217.SZ,20251017,5.31,5.33,5.12,5.12,404987.43,210789.645
300218.SZ,20251017,17.35,17.6,16.97,17.0,71271.0,123044.508
300219.SZ,20251017,7.07,7.12,6.91,6.92,158927.24,111338.721
300220.SZ,20251017,14.93,15.05,14.59,14.59,21866.0,32387.898
300221.SZ,20251017,8.09,8.19,8.01,8.03,114254.45,92367.866
300222.SZ,20251017,13.62,13.69,12.6,12.62,534000.12,694460.893
300223.SZ,20251017,90.04,91.15,84.0,84.3,331564.31,2880494.57
300224.SZ,20251017,17.56,17.84,16.68,16.7,434869.28,747309.709
300225.SZ,20251017,5.17,5.25,5.09,5.1,85256.0,43835.77
300226.SZ,20251017,25.86,26.12,25.21,25.27,108225.8,277563.605
300227.SZ,20251017,8.58,8.62,8.25,8.26,139380.3,116944.077
300228.SZ,20251017,7.42,7.46,7.2,7.2,104578.73,76494.497
300229.SZ,20251017,20.13,20.22,19.21,19.22,280655.96,551114.31
300230.SZ,20251017,5.12,5.14,5.0,5.0,155394.0,78630.347
300231.SZ,20251017,10.99,11.05,10.67,10.69,91118.33,98742.632
300232.SZ,20251017,7.21,7.28,7.0,7.02,231584.5,165054.839
300233.SZ,20251017,17.3,17.43,16.51,16.61,108271.94,182498.64
300234.SZ,20251017,5.35,5.4,5.26,5.27,51236.0,27275.331
300235.SZ,20251017,12.81,13.13,12.68,12.92,162033.5,208758.311
300236.SZ,20251017,57.51,58.26,54.69,56.13,114253.64,638127.389
300237.SZ,20251017,2.4,2.65,2.35,2.5,1388926.27,346842.374
300238.SZ,20251017,15.6,15.73,15.27,15.33,40440.15,62663.474
300239.SZ,20251017,5.58,5.6,5.46,5.46,54416.0,30071.304
300240.SZ,20251017,8.05,8.13,7.83,7.88,163479.75,130335.748
300241.SZ,20251017,5.54,5.57,5.4,5.4,122570.93,67066.115
300242.SZ,20251017,4.08,4.14,4.04,4.05,128747.0,52603.628
300243.SZ,20251017,10.66,10.76,10.4,10.4,43405.71,45869.494
300244.SZ,20251017,15.4,15.6,14.95,14.96,114006.27,173176.972
300245.SZ,20251017,14.17,14.28,13.8,13.83,63485.01,89114.017
300246.SZ,20251017,8.38,8.49,8.3,8.3,39679.56,33325.164
300247.SZ,20251017,4.4,4.53,4.37,4.4,305088.58,135400.744
300248.SZ,20251017,12.18,12.18,11.72,11.72,72436.0,86344.915
300249.SZ,20251017,15.27,15.39,14.53,14.56,156518.32,232431.854
300250.SZ,20251017,23.92,24.58,23.0,23.11,324119.92,771314.925
300251.SZ,20251017,16.52,16.53,16.12,16.16,375374.87,611521.334
300252.SZ,20251017,13.28,13.28,12.4,12.48,320436.8,408383.351
300253.SZ,20251017,8.85,8.88,8.65,8.69,254219.2,222589.475
300254.SZ,20251017,10.93,11.02,10.77,10.77,71900.8,78066.014
300255.SZ,20251017,48.55,50.09,48.12,48.74,175643.39,862353.158
300256.SZ,20251017,4.05,4.07,3.92,3.93,420755.0,167486.0
300257.SZ,20251017,15.42,16.1,15.21,15.26,115025.45,178956.322
300258.SZ,20251017,13.86,13.91,13.35,13.38,154849.03,210482.917
300259.SZ,20251017,3.87,3.88,3.76,3.77,170410.0,64827.199
300260.SZ,20251017,62.6,63.69,59.0,59.32,545675.19,3331722.662
300261.SZ,20251017,7.18,7.24,6.97,7.0,137639.04,97675.474
300263.SZ,20251017,8.6,8.76,8.27,8.28,399935.99,338910.038
300264.SZ,20251017,5.39,5.45,5.29,5.29,114464.0,61274.504
300265.SZ,20251017,9.6,9.8,9.31,9.33,152972.72,145296.603
300266.SZ,20251017,2.59,2.59,2.52,2.53,159060.82,40585.361
300267.SZ,20251017,3.47,3.51,3.41,3.42,384106.66,133184.85
300268.SZ,20251017,10.12,10.3,10.02,10.07,12967.6,13190.408
300269.SZ,20251017,4.85,4.91,4.82,4.85,154733.02,75217.172
300270.SZ,20251017,10.86,11.48,10.35,10.35,279714.22,303216.217
300271.SZ,20251017,7.88,7.88,7.66,7.71,131776.64,102174.133
300272.SZ,20251017,6.48,6.53,6.36,6.37,88622.0,57063.828
300274.SZ,20251017,160.18,160.93,144.98,145.21,1211394.74,18269278.561
300275.SZ,20251017,12.17,12.21,11.8,11.8,64063.59,76854.479
300276.SZ,20251017,9.11,9.14,8.77,8.79,348553.94,310914.021
300277.SZ,20251017,14.01,14.03,13.4,13.4,110857.58,151192.249
300278.SZ,20251017,5.37,5.41,5.22,5.25,214837.55,114066.117
300279.SZ,20251017,7.21,7.27,7.0,7.03,77190.0,55007.549
300281.SZ,20251017,7.3,7.37,7.12,7.14,56847.0,40940.904
300283.SZ,20251017,6.68,6.72,6.46,6.46,132740.79,87045.005
300284.SZ,20251017,8.55,8.65,8.4,8.43,94679.55,80555.937
300285.SZ,20251017,22.18,22.3,21.1,21.17,185073.21,398573.927
300286.SZ,20251017,25.71,25.87,24.0,24.01,116025.79,284657.245
300287.SZ,20251017,5.34,5.38,5.19,5.2,340483.18,179867.541
300288.SZ,20251017,13.73,13.88,13.48,13.48,43710.5,59691.436
300289.SZ,20251017,7.63,7.93,7.55,7.57,233193.5,179284.51
300290.SZ,20251017,22.06,22.8,21.5,22.19,291751.33,647989.372
300291.SZ,20251017,6.13,6.49,6.04,6.18,443739.0,278242.191
300292.SZ,20251017,4.57,4.58,4.42,4.42,298126.25,133878.797
300293.SZ,20251017,24.7,24.78,23.1,23.25,131590.0,314352.241
300294.SZ,20251017,24.53,24.63,24.37,24.42,32818.83,80402.857
300295.SZ,20251017,12.36,12.47,12.07,12.1,40989.51,50349.974
300296.SZ,20251017,6.79,6.81,6.44,6.47,908414.35,597459.771
300298.SZ,20251017,19.5,19.59,19.05,19.11,62591.17,120622.195
300299.SZ,20251017,6.23,6.27,6.08,6.09,115373.9,71090.99
300300.SZ,20251017,4.83,5.83,4.81,5.83,1226076.59,692365.024
300301.SZ,20251017,2.11,2.11,2.07,2.07,100995.0,21100.489
300302.SZ,20251017,21.3,23.03,21.01,22.51,750174.79,1657473.185
300303.SZ,20251017,6.61,6.65,6.41,6.42,315056.29,205225.211
300304.SZ,20251017,12.65,12.68,11.93,11.96,239388.87,292722.397
300305.SZ,20251017,6.1,6.15,6.02,6.07,63449.97,38552.515
300306.SZ,20251017,12.62,12.64,12.05,12.05,60702.0,74812.773
300307.SZ,20251017,6.98,7.0,6.82,6.83,87482.53,60420.941
300308.SZ,20251017,367.17,381.91,360.0,373.6,467636.44,17358864.503
300310.SZ,20251017,5.6,5.64,5.43,5.43,169302.0,93734.426
300311.SZ,20251017,4.66,4.7,4.6,4.6,105043.53,48894.76
300313.SZ,20251017,8.45,8.45,8.15,8.15,33230.0,27627.013
300314.SZ,20251017,13.85,14.02,13.64,13.65,46544.0,64399.177
300315.SZ,20251017,5.13,5.15,5.0,5.0,539120.96,273172.026
300316.SZ,20251017,40.78,40.78,37.71,37.71,459125.24,1779178.416
300317.SZ,20251017,4.13,4.15,3.92,3.93,369249.0,148286.568
300318.SZ,20251017,5.6,5.65,5.53,5.55,54031.9,30183.417
300319.SZ,20251017,11.82,11.86,11.17,11.21,282517.76,323229.741
300320.SZ,20251017,10.03,10.17,9.76,9.76,114115.0,113267.252
300321.SZ,20251017,41.12,41.38,39.91,40.59,14354.0,58129.82
300322.SZ,20251017,24.42,24.6,22.7,22.72,296081.4,693686.889
300323.SZ,20251017,8.37,8.48,7.87,7.89,305288.31,247475.651
300324.SZ,20251017,5.76,5.79,5.5,5.51,949830.74,533323.474
300326.SZ,20251017,5.87,5.9,5.74,5.74,59798.0,34884.721
300327.SZ,20251017,25.86,27.22,25.77,26.12,227078.13,601651.767
300328.SZ,20251017,15.12,15.2,14.58,14.64,251128.38,371702.02
300329.SZ,20251017,15.15,15.15,14.65,14.7,76142.0,112921.611
300331.SZ,20251017,32.5,32.77,31.26,31.28,128561.07,408179.82
300332.SZ,20251017,5.96,6.68,5.88,6.33,947807.05,594220.627
300333.SZ,20251017,12.21,12.28,11.87,11.89,75723.01,91339.972
300334.SZ,20251017,6.91,7.0,6.83,6.85,37341.01,25782.272
300335.SZ,20251017,5.92,5.95,5.83,5.83,105996.75,62443.985
300337.SZ,20251017,10.12,10.18,9.8,9.83,122055.37,121447.561
300338.SZ,20251017,4.03,4.03,3.95,3.97,47649.0,19007.429
300339.SZ,20251017,59.8,62.15,57.66,58.07,563003.41,3383919.622
300340.SZ,20251017,13.65,14.56,13.5,13.51,132633.2,184729.588
300341.SZ,20251017,17.6,17.65,16.78,16.8,95942.73,164567.108
300342.SZ,20251017,17.5,17.82,16.95,17.01,130854.0,227478.846
300343.SZ,20251017,4.85,4.89,4.73,4.73,112827.8,54139.11
300344.SZ,20251017,4.36,4.36,4.15,4.18,161340.04,68176.426
300345.SZ,20251017,6.5,6.52,6.28,6.28,118662.0,75758.555
300346.SZ,20251017,39.88,40.19,38.0,38.03,395393.46,1532842.821
300347.SZ,20251017,54.63,55.55,53.52,53.57,85234.51,463989.675
300348.SZ,20251017,14.43,14.63,14.01,14.02,160310.17,229022.649
300349.SZ,20251017,13.5,13.5,13.04,13.13,180778.5,238087.489
300350.SZ,20251017,6.47,6.52,6.28,6.3,240187.24,153069.943
300351.SZ,20251017,18.61,18.79,17.3,17.3,253421.59,454104.45
300352.SZ,20251017,5.7,5.74,5.54,5.54,264260.26,148597.365
300353.SZ,20251017,24.3,24.58,23.72,24.01,201054.4,485352.581
300354.SZ,20251017,47.8,48.75,44.8,45.33,67953.0,311881.187
300355.SZ,20251017,4.06,4.09,3.98,3.99,356855.41,143765.325
300357.SZ,20251017,30.78,31.1,29.5,29.89,94757.37,285633.594
300358.SZ,20251017,9.44,9.54,8.96,8.97,298096.82,274058.139
300359.SZ,20251017,5.44,5.49,5.31,5.32,59748.44,32202.772
300360.SZ,20251017,16.1,16.23,15.52,15.54,153828.89,242207.579
300363.SZ,20251017,25.03,25.21,23.95,23.98,169946.85,414635.546
300364.SZ,20251017,25.11,25.22,24.38,24.42,211928.64,525303.755
300365.SZ,20251017,6.28,6.32,6.13,6.13,107539.0,66731.857
300366.SZ,20251017,6.6,6.83,6.51,6.64,235975.11,157945.743
300368.SZ,20251017,17.87,18.99,17.87,18.31,938405.97,1739954.606
300369.SZ,20251017,7.49,7.51,7.25,7.25,131342.85,96519.847
300370.SZ,20251017,2.85,2.87,2.8,2.81,210463.0,59487.86
300371.SZ,20251017,12.86,12.88,12.55,12.56,33328.76,42370.345
300373.SZ,20251017,77.9,81.45,75.57,75.8,252066.05,1957342.187
300374.SZ,20251017,16.27,16.46,16.0,16.01,52128.0,84825.22
300375.SZ,20251017,4.88,4.91,4.75,4.75,143820.23,69385.683
300376.SZ,20251017,5.25,5.34,5.16,5.17,203423.0,106246.314
300377.SZ,20251017,20.5,20.77,19.93,19.96,157123.87,318787.235
300378.SZ,20251017,49.4,50.0,47.43,47.44,129991.39,630576.753
300379.SZ,20251017,2.33,2.47,2.27,2.32,794244.15,188025.007
300380.SZ,20251017,46.5,47.1,45.53,45.82,28808.04,133443.542
300381.SZ,20251017,6.8,6.84,6.66,6.67,52182.0,35204.66
300382.SZ,20251017,14.75,14.87,14.19,14.23,178778.08,259279.317
300383.SZ,20251017,14.01,14.01,13.22,13.27,494415.05,667893.69
300384.SZ,20251017,16.67,16.75,16.15,16.19,29354.63,48168.536
300385.SZ,20251017,5.17,5.2,5.06,5.07,63060.42,32357.44
300386.SZ,20251017,16.92,16.97,16.37,16.37,47249.88,78756.59
300387.SZ,20251017,9.07,9.16,8.96,8.97,51424.0,46603.7
300388.SZ,20251017,9.73,9.97,9.55,9.77,170946.2,167809.4
300389.SZ,20251017,17.11,20.1,16.8,20.1,268258.13,510887.478
300390.SZ,20251017,24.95,25.58,23.86,23.88,243463.37,596192.008
300391.SZ,20251017,3.92,3.95,3.76,3.78,96473.0,36996.261
300393.SZ,20251017,6.6,6.69,6.31,6.34,290987.12,187272.21
300394.SZ,20251017,151.37,151.7,146.2,146.59,162906.62,2412123.516
300395.SZ,20251017,71.46,71.67,68.79,69.15,114844.8,803699.453
300396.SZ,20251017,13.53,13.63,13.21,13.22,36118.0,48309.233
300397.SZ,20251017,12.2,12.26,11.75,11.77,109118.34,130431.077
300398.SZ,20251017,23.6,23.72,22.28,22.3,276230.8,630497.606
300399.SZ,20251017,28.7,29.25,27.43,28.29,92720.14,262446.365
300400.SZ,20251017,22.35,22.35,21.31,21.38,62637.0,135689.829
300401.SZ,20251017,14.02,14.05,13.83,14.01,77548.36,108161.143
300402.SZ,20251017,18.23,18.35,17.52,17.52,44043.0,78637.326
300403.SZ,20251017,14.02,14.14,13.63,13.64,135162.9,187820.157
300404.SZ,20251017,9.81,9.92,9.7,9.72,82046.4,80379.823
300405.SZ,20251017,6.15,6.25,6.07,6.09,88932.6,54703.83
300406.SZ,20251017,13.32,13.4,13.05,13.13,51505.43,67900.272
300407.SZ,20251017,10.75,10.84,10.4,10.43,61700.0,65328.534
300408.SZ,20251017,51.5,51.5,48.01,48.52,346876.43,1691332.153
300409.SZ,20251017,24.8,24.97,22.85,22.86,572739.3,1350124.879
300410.SZ,20251017,9.0,9.07,8.61,8.61,174354.42,152729.088
300411.SZ,20251017,12.87,13.03,12.63,12.67,86445.0,111096.732
300412.SZ,20251017,5.16,5.22,5.05,5.06,123762.36,63515.052
300413.SZ,20251017,30.66,30.97,29.39,29.46,144069.42,431445.923
300414.SZ,20251017,12.75,13.44,12.52,13.2,422166.73,555897.227
300415.SZ,20251017,24.0,24.08,23.01,23.05,104201.98,243430.675
300416.SZ,20251017,17.09,17.15,16.23,16.24,174199.26,288331.834
300417.SZ,20251017,12.85,12.96,12.51,12.55,18750.8,23802.949
300418.SZ,20251017,42.2,42.44,40.45,40.57,495915.27,2043351.884
300419.SZ,20251017,7.08,7.1,6.89,6.89,101994.89,71096.62
300420.SZ,20251017,3.99,4.02,3.88,3.89,279040.09,109868.653
300421.SZ,20251017,19.79,19.99,18.82,18.96,327029.28,626095.781
300422.SZ,20251017,5.09,5.11,4.86,4.91,195401.96,96713.483
300423.SZ,20251017,7.65,7.7,7.33,7.36,141498.1,105624.095
300424.SZ,20251017,16.8,17.14,16.44,16.52,120468.97,202267.259
300425.SZ,20251017,5.15,5.19,5.1,5.1,75077.65,38587.194
300426.SZ,20251017,9.12,9.15,8.9,8.9,65441.0,59118.203
300427.SZ,20251017,5.84,5.88,5.62,5.64,131337.0,75490.419
300428.SZ,20251017,22.87,22.99,21.98,22.01,115803.42,258660.829
300429.SZ,20251017,13.81,13.98,13.2,13.21,243306.3,328882.154
300430.SZ,20251017,19.96,20.0,19.14,19.14,84308.0,165173.298
300432.SZ,20251017,18.6,18.89,17.71,17.76,891799.38,1623334.869
300433.SZ,20251017,28.49,28.64,27.2,27.35,666224.94,1847489.878
300434.SZ,20251017,9.99,10.0,9.75,9.76,79568.0,78542.13
300435.SZ,20251017,21.06,21.45,20.49,20.51,121698.23,252788.519
300436.SZ,20251017,124.9,130.9,120.8,121.0,201015.52,2520909.779
300437.SZ,20251017,9.34,9.71,9.28,9.57,132631.02,126668.545
300438.SZ,20251017,35.6,36.56,33.52,33.62,267012.49,918465.92
300439.SZ,20251017,10.31,10.38,10.15,10.19,37589.0,38650.891
300440.SZ,20251017,12.88,13.2,12.81,12.93,59862.0,77648.346
300441.SZ,20251017,8.04,8.08,7.85,7.87,69684.0,55434.521
300442.SZ,20251017,47.21,47.33,45.45,45.45,185227.22,853986.012
300443.SZ,20251017,28.9,29.03,27.0,27.5,137210.77,379939.853
300444.SZ,20251017,9.11,9.16,8.44,8.48,763352.28,664018.493
300445.SZ,20251017,17.9,17.93,17.2,17.22,28923.0,50471.264
300446.SZ,20251017,17.25,17.58,17.06,17.07,159949.66,276344.239
300447.SZ,20251017,14.5,14.55,13.87,13.88,41955.1,59318.618
300448.SZ,20251017,7.73,7.9,7.3,7.33,585798.11,437951.603
300449.SZ,20251017,6.9,6.94,6.75,6.77,63051.6,43293.416
300450.SZ,20251017,54.24,55.24,52.17,52.3,813087.57,4320845.537
300451.SZ,20251017,4.57,4.6,4.49,4.5,230819.0,104649.618
300452.SZ,20251017,13.3,13.4,13.14,13.15,42567.99,56482.856
300453.SZ,20251017,9.14,9.26,9.06,9.06,72616.99,66430.312
300454.SZ,20251017,105.8,106.5,103.0,103.55,44686.4,466333.489
300455.SZ,20251017,17.36,17.86,16.81,16.84,111137.96,191674.388
300456.SZ,20251017,23.52,23.78,22.08,22.14,278171.31,628499.339
300457.SZ,20251017,30.64,31.44,29.7,29.75,182377.34,550928.826
300458.SZ,20251017,49.26,49.3,46.31,46.31,399686.54,1904491.476
300459.SZ,20251017,4.55,4.59,4.41,4.41,856934.35,384176.983
300460.SZ,20251017,9.17,9.22,8.9,8.91,62810.0,56775.775
300461.SZ,20251017,18.22,18.22,17.61,17.61,17139.0,30619.161
300462.SZ,20251017,10.35,10.58,10.31,10.35,36245.0,37846.929
300463.SZ,20251017,11.6,11.65,11.45,11.47,56212.0,64962.285
300464.SZ,20251017,7.64,8.16,7.13,7.14,540455.76,409146.437
300465.SZ,20251017,22.21,22.46,21.3,21.4,135367.8,295278.958
300466.SZ,20251017,9.41,9.46,9.1,9.1,89271.2,82691.737
300467.SZ,20251017,23.86,24.18,22.8,22.83,47272.0,110425.636
300468.SZ,20251017,37.61,39.08,37.33,37.55,308133.09,1182481.568
300469.SZ,20251017,80.65,81.2,78.35,79.16,88887.42,707483.518
300470.SZ,20251017,36.88,36.91,35.82,35.95,30883.0,111944.118
300471.SZ,20251017,11.32,11.32,10.84,10.87,80202.92,88586.844
300472.SZ,20251017,6.98,7.14,6.4,6.8,206590.8,141218.274
300473.SZ,20251017,30.41,30.9,29.46,29.46,30800.0,92615.106
300474.SZ,20251017,74.0,74.45,71.5,71.51,119799.2,869344.062
300475.SZ,20251017,107.11,107.8,100.21,100.55,505246.13,5251909.871
300476.SZ,20251017,264.0,267.49,253.4,259.36,345442.55,8983982.081
300477.SZ,20251017,1.98,2.0,1.95,1.95,326003.96,64219.889
300478.SZ,20251017,24.6,25.23,23.83,23.99,77232.3,189954.093
300479.SZ,20251017,18.89,18.92,18.41,18.41,40880.51,76123.164
300480.SZ,20251017,17.05,17.19,16.02,16.05,113176.26,186295.376
300481.SZ,20251017,15.1,15.41,14.65,14.74,86682.0,129504.854
300482.SZ,20251017,21.44,21.53,21.09,21.15,34977.75,74472.897
300483.SZ,20251017,13.89,16.16,13.72,15.15,535318.1,795547.719
300484.SZ,20251017,20.3,20.55,19.46,19.46,74794.79,148529.812
300485.SZ,20251017,12.41,12.68,12.23,12.29,213881.0,265639.159
300486.SZ,20251017,20.42,21.82,20.18,21.0,361226.29,763304.144
300487.SZ,20251017,57.68,59.11,56.73,56.95,44299.42,255749.372
300488.SZ,20251017,33.96,34.1,32.5,32.56,17005.0,56325.365
300489.SZ,20251017,44.71,45.66,43.01,43.08,25325.0,111576.954
300490.SZ,20251017,13.51,13.83,12.51,12.87,449364.08,585919.8
300491.SZ,20251017,30.46,35.7,30.46,33.2,441752.5,1491754.908
300492.SZ,20251017,67.51,68.91,66.49,66.51,15036.22,101371.434
300493.SZ,20251017,20.28,20.43,19.5,19.51,197203.25,391852.848
300494.SZ,20251017,13.15,13.25,12.7,12.73,182903.0,236494.376
300496.SZ,20251017,69.11,69.49,66.22,66.24,154036.58,1039517.69
300497.SZ,20251017,9.98,10.3,9.85,9.94,148299.83,149517.499
300498.SZ,20251017,18.67,18.9,18.52,18.58,338268.68,632279.834
300499.SZ,20251017,30.2,30.5,28.15,28.45,325411.58,937657.622
300500.SZ,20251017,13.33,13.5,13.24,13.35,34230.0,45873.286
300501.SZ,20251017,15.91,16.14,15.44,15.46,28118.0,44178.401
300502.SZ,20251017,322.5,326.66,314.22,316.31,306535.61,9784350.868
300503.SZ,20251017,27.95,28.09,26.71,26.77,69416.5,189034.791
300504.SZ,20251017,13.98,14.0,13.65,13.65,30914.0,42791.531
300505.SZ,20251017,21.75,22.35,21.39,21.44,146948.35,319359.018
300506.SZ,20251017,3.97,4.04,3.91,3.94,64832.5,25674.254
300507.SZ,20251017,10.1,10.1,9.72,9.8,341445.85,336679.325
300508.SZ,20251017,28.11,28.11,27.1,27.11,15065.24,41357.508
300509.SZ,20251017,11.07,11.17,10.71,10.71,103226.7,112629.465
300510.SZ,20251017,4.58,4.62,4.33,4.34,471103.95,208444.967
300511.SZ,20251017,7.0,7.02,6.67,6.7,258228.8,175888.499
300512.SZ,20251017,9.42,10.28,9.09,10.01,403964.0,398376.4
300513.SZ,20251017,9.75,9.77,9.33,9.36,107950.88,102718.143
300514.SZ,20251017,14.8,14.83,14.15,14.2,63244.0,90965.431
300515.SZ,20251017,21.31,21.32,20.58,20.64,80095.0,167514.06
300516.SZ,20251017,36.91,37.49,35.69,35.78,19126.5,69546.435
300517.SZ,20251017,11.38,11.61,11.13,11.5,90251.07,102940.981
300518.SZ,20251017,12.01,12.16,11.9,11.95,58272.82,70040.065
300519.SZ,20251017,15.72,15.92,15.53,15.53,25116.0,39527.162
300520.SZ,20251017,27.12,27.34,25.96,26.0,232461.57,617664.414
300521.SZ,20251017,27.18,27.79,26.75,26.79,43349.0,117875.057
300522.SZ,20251017,13.09,13.2,12.7,12.71,53935.49,69802.376
300523.SZ,20251017,25.0,25.6,24.81,25.13,52189.75,131749.989
300525.SZ,20251017,13.58,13.67,13.3,13.34,100330.12,134934.787
300527.SZ,20251017,8.13,8.17,8.03,8.05,122788.71,99322.261
300528.SZ,20251017,19.15,19.32,18.71,18.81,110290.6,209235.679
300529.SZ,20251017,21.68,21.74,21.21,21.24,51288.16,109850.08
300530.SZ,20251017,32.7,32.8,31.1,31.1,25575.0,81296.417
300531.SZ,20251017,17.85,17.99,17.36,17.36,54948.01,97077.532
300532.SZ,20251017,12.73,12.82,12.28,12.31,93107.26,116519.054
300533.SZ,20251017,37.97,38.9,37.38,37.4,99097.5,378284.159
300534.SZ,20251017,10.01,10.09,9.86,9.87,87648.5,87460.343
300535.SZ,20251017,18.6,18.98,18.4,18.42,16382.68,30496.88
300536.SZ,20251017,8.8,8.94,8.72,8.75,47603.0,41877.528
300537.SZ,20251017,27.25,27.72,26.43,26.6,111868.2,302636.545
300538.SZ,20251017,15.4,15.53,15.01,15.02,36474.7,55490.134
300539.SZ,20251017,50.01,56.38,50.01,54.97,265438.32,1432725.423
300540.SZ,20251017,19.69,19.76,18.51,18.51,65729.7,124232.112
300541.SZ,20251017,16.77,16.82,15.93,15.93,305442.72,497589.225
300542.SZ,20251017,19.05,19.21,18.57,18.63,45474.0,85737.689
300543.SZ,20251017,11.66,11.72,11.23,11.26,83333.97,95286.448
300545.SZ,20251017,29.75,29.88,28.63,28.66,42699.73,124558.283
300546.SZ,20251017,26.27,27.0,25.44,25.44,69122.5,181305.9
300547.SZ,20251017,38.38,38.66,36.47,36.51,90305.51,336082.784
300548.SZ,20251017,97.9,99.38,95.02,95.7,129664.04,1256510.307
300549.SZ,20251017,18.56,18.69,18.11,18.11,19428.0,35606.29
300550.SZ,20251017,12.12,12.15,11.73,11.73,45567.72,54358.444
300551.SZ,20251017,11.97,12.0,11.35,11.35,116800.2,135653.211
300552.SZ,20251017,25.6,25.8,24.59,24.59,81755.05,204088.338
300553.SZ,20251017,37.31,37.82,36.0,36.11,32375.54,119775.769
300554.SZ,20251017,26.35,26.35,24.29,24.39,93705.0,234470.342
300555.SZ,20251017,10.89,10.94,10.73,10.92,32145.0,34835.221
300556.SZ,20251017,19.17,19.46,18.91,18.91,35729.74,68414.156
300557.SZ,20251017,25.77,25.82,25.03,25.1,15227.95,38690.848
300558.SZ,20251017,59.15,59.3,56.16,56.34,66563.61,381349.463
300559.SZ,20251017,15.07,15.14,14.55,14.7,77503.88,114341.562
300560.SZ,20251017,12.88,13.01,12.65,12.67,38674.96,49583.64
300561.SZ,20251017,15.42,15.63,15.03,15.07,67863.0,104305.37
300562.SZ,20251017,13.88,13.99,13.64,13.7,42232.91,58391.9
300563.SZ,20251017,39.17,39.38,36.79,36.79,82248.54,311350.624
300564.SZ,20251017,16.2,16.35,15.8,15.82,27304.3,43839.709
300565.SZ,20251017,11.31,11.42,11.01,11.04,87161.5,97519.725
300566.SZ,20251017,17.82,17.94,17.26,17.3,53296.08,93496.439
300567.SZ,20251017,73.24,73.41,69.37,69.56,89230.18,633512.824
300568.SZ,20251017,13.32,13.78,12.78,12.79,684929.08,903537.084
300569.SZ,20251017,6.33,6.34,5.99,6.04,431884.81,263327.511
300570.SZ,20251017,97.65,98.17,94.66,94.99,77654.81,746077.3
300571.SZ,20251017,33.9,34.99,33.1,33.11,59870.0,202846.045
300572.SZ,20251017,30.01,30.32,28.88,28.88,77777.0,229946.546
300573.SZ,20251017,71.0,71.93,69.7,71.35,129531.08,916147.416
300575.SZ,20251017,6.43,6.52,6.32,6.33,118569.9,76212.659
300576.SZ,20251017,37.52,37.6,36.02,36.02,92138.58,337393.989
300577.SZ,20251017,22.48,22.75,22.25,22.3,17438.5,39121.955
300578.SZ,20251017,18.05,18.09,17.57,17.58,30519.0,54295.769
300579.SZ,20251017,33.48,33.48,32.71,32.95,38297.95,126880.523
300580.SZ,20251017,26.05,26.16,24.91,24.95,83342.44,211391.495
300581.SZ,20251017,16.98,17.15,16.46,16.47,227062.68,381692.206
300582.SZ,20251017,16.74,16.79,15.46,15.47,93956.65,149408.831
300583.SZ,20251017,14.57,14.77,14.35,14.35,26052.2,37837.389
300584.SZ,20251017,58.54,60.5,55.0,55.14,80490.17,463443.137
300585.SZ,20251017,18.18,18.65,17.75,17.83,109631.0,198442.461
300586.SZ,20251017,9.9,10.0,9.42,9.44,146774.96,141690.893
300587.SZ,20251017,7.83,7.88,7.35,7.43,248819.33,188362.93
300588.SZ,20251017,28.49,29.4,26.5,27.71,398838.0,1107509.168
300589.SZ,20251017,12.95,12.99,12.38,12.4,90572.09,114697.496
300590.SZ,20251017,11.62,11.73,11.26,11.27,72639.88,83148.394
300591.SZ,20251017,10.45,10.46,9.9,9.91,343026.8,347969.637
300592.SZ,20251017,10.58,10.7,10.32,10.33,54263.8,56774.355
300593.SZ,20251017,20.1,20.21,18.58,18.64,239403.3,459013.151
300594.SZ,20251017,17.49,17.66,17.18,17.25,22301.0,38788.241
300595.SZ,20251017,16.41,16.53,16.01,16.02,88001.84,142561.607
300596.SZ,20251017,38.84,39.02,37.87,38.01,42608.76,163747.23
300597.SZ,20251017,8.91,9.02,8.82,8.83,51988.0,46327.383
300598.SZ,20251017,55.0,55.55,52.78,53.0,125171.51,678503.098
300599.SZ,20251017,7.58,7.68,7.41,7.41,45811.0,34573.824
300600.SZ,20251017,15.5,16.15,15.28,15.28,95706.04,149729.324
300601.SZ,20251017,16.65,16.85,16.2,16.25,133569.27,220319.049
300602.SZ,20251017,33.15,33.28,30.9,30.96,343661.37,1092380.506
300603.SZ,20251017,10.86,11.02,10.5,10.54,147694.02,159096.685
300604.SZ,20251017,85.0,85.51,82.44,82.83,363988.59,3043133.269
300605.SZ,20251017,14.9,15.15,14.65,14.65,35876.0,53412.787
300606.SZ,20251017,24.97,25.04,23.52,23.58,84565.0,203483.713
300607.SZ,20251017,32.25,32.47,30.9,30.94,139364.9,439277.271
300608.SZ,20251017,12.48,12.9,12.43,12.71,131873.72,167060.528
300609.SZ,20251017,37.14,37.22,35.84,36.07,45740.0,166632.073
300610.SZ,20251017,11.83,11.93,11.68,11.68,31046.0,36584.019
300611.SZ,20251017,33.98,36.4,33.27,34.98,414084.38,1442755.625
300612.SZ,20251017,13.48,13.68,13.35,13.37,41068.0,55503.27
300613.SZ,20251017,48.0,48.43,45.34,45.4,56562.9,262892.814
300614.SZ,20251017,14.5,14.6,14.02,14.3,25098.44,35884.598
300615.SZ,20251017,13.45,13.5,13.09,13.09,37371.0,49512.3
300616.SZ,20251017,12.19,12.3,12.0,12.0,21134.0,25657.265
300617.SZ,20251017,38.31,38.35,36.01,36.17,69929.2,258009.309
300618.SZ,20251017,49.99,50.68,47.27,47.44,158116.07,765931.905
300619.SZ,20251017,38.61,41.2,38.33,38.7,150494.96,591664.351
300620.SZ,20251017,102.7,108.81,99.13,104.75,259130.59,2692272.975
300621.SZ,20251017,8.93,9.03,8.84,8.84,43027.0,38470.955
300622.SZ,20251017,30.11,30.47,29.3,29.43,90033.74,270133.755
300623.SZ,20251017,31.73,32.68,30.03,30.08,259669.66,807426.773
300624.SZ,20251017,68.3,68.98,66.0,66.2,72853.49,490538.317
300625.SZ,20251017,11.72,11.86,11.62,11.65,13812.0,16193.063
300626.SZ,20251017,10.71,10.87,10.51,10.55,41269.0,43986.867
300627.SZ,20251017,32.33,32.56,31.61,31.7,85048.0,272316.491
300628.SZ,20251017,35.76,36.34,34.89,34.92,80423.23,284875.894
300629.SZ,20251017,19.65,19.7,19.1,19.13,51200.8,99226.506
300631.SZ,20251017,31.35,32.22,30.47,30.51,47851.04,149793.803
300632.SZ,20251017,12.97,13.1,12.45,12.45,62733.0,80121.747
300633.SZ,20251017,34.0,34.15,32.98,33.05,37209.73,123925.661
300634.SZ,20251017,25.26,25.45,24.18,24.25,113234.07,280191.232
300635.SZ,20251017,14.07,14.13,13.73,13.75,24357.0,33970.124
300636.SZ,20251017,8.48,8.68,8.35,8.35,80817.37,68547.21
300637.SZ,20251017,12.77,12.83,12.31,12.31,81017.78,101288.44
300638.SZ,20251017,30.02,30.38,28.24,28.25,300284.64,870354.324
300639.SZ,20251017,5.63,5.67,5.54,5.55,60079.12,33718.656
300640.SZ,20251017,6.36,6.44,6.28,6.28,55360.48,35189.098
300641.SZ,20251017,21.77,22.86,21.44,22.6,187934.64,417922.008
300642.SZ,20251017,27.53,30.0,27.3,28.18,262447.3,759147.95
300643.SZ,20251017,21.43,21.59,20.86,20.86,29904.0,63131.881
300644.SZ,20251017,32.36,32.62,31.8,31.87,24612.05,79181.158
300645.SZ,20251017,17.29,17.41,16.82,16.82,34400.0,58884.223
300647.SZ,20251017,6.47,6.52,6.25,6.26,124822.81,79414.286
300648.SZ,20251017,42.33,42.62,39.95,40.02,47863.0,195692.169
300649.SZ,20251017,16.05,16.28,15.81,15.9,21891.0,35166.104
300650.SZ,20251017,17.3,17.81,16.69,16.79,150042.4,256043.988
300651.SZ,20251017,21.82,22.37,21.76,21.88,61469.19,135609.266
300652.SZ,20251017,66.53,67.95,64.0,64.1,81823.98,537727.349
300653.SZ,20251017,19.91,19.97,19.57,19.58,18334.0,36179.327
300654.SZ,20251017,9.65,9.73,9.49,9.5,43296.73,41497.061
300655.SZ,20251017,15.19,15.55,13.61,13.7,942686.99,1363310.502
300656.SZ,20251017,24.0,24.25,23.21,23.23,24920.1,58968.339
300657.SZ,20251017,30.75,30.75,28.97,29.04,181079.43,535923.575
300658.SZ,20251017,8.1,8.35,7.99,8.18,161656.7,132059.039
300659.SZ,20251017,15.59,15.59,15.0,15.04,63742.0,97129.843
300660.SZ,20251017,55.12,55.58,52.81,52.95,77757.71,421209.737
300661.SZ,20251017,79.0,79.48,74.3,74.48,211692.95,1617172.502
300662.SZ,20251017,28.07,28.73,27.71,27.79,61502.99,173330.185
300663.SZ,20251017,17.55,17.59,16.9,16.9,85405.0,147241.057
300664.SZ,20251017,5.38,5.42,5.33,5.34,67717.5,36369.76
300665.SZ,20251017,9.24,9.31,9.01,9.01,92949.93,84858.709
300666.SZ,20251017,99.59,99.7,93.85,94.54,196247.19,1888599.401
300667.SZ,20251017,15.67,15.81,14.87,14.91,99027.19,151696.298
300668.SZ,20251017,17.44,17.85,17.35,17.65,16638.0,29324.272
300669.SZ,20251017,31.09,31.23,30.4,30.6,7049.0,21638.29
300670.SZ,20251017,9.1,9.11,8.67,8.7,211251.5,186805.898
300671.SZ,20251017,35.6,35.93,34.0,34.1,57024.01,198487.08
300672.SZ,20251017,90.22,94.2,88.18,88.41,56364.69,510647.367
300673.SZ,20251017,18.59,19.08,18.21,18.68,98297.0,183625.416
300674.SZ,20251017,24.33,24.53,23.8,23.84,120682.27,291932.199
300675.SZ,20251017,15.5,16.48,15.38,16.02,125294.34,201525.351
300676.SZ,20251017,47.9,48.18,46.53,46.57,51056.84,241561.671
300677.SZ,20251017,45.05,48.79,41.69,42.96,477881.89,2143003.83
300678.SZ,20251017,33.39,33.59,32.33,32.38,62869.53,206074.251
300679.SZ,20251017,50.06,50.07,48.11,48.18,72394.68,353652.33
300680.SZ,20251017,54.74,55.23,52.18,52.29,81966.6,434587.957
300681.SZ,20251017,30.57,30.74,28.8,28.82,108661.27,320854.416
300682.SZ,20251017,18.58,18.69,17.94,18.02,126045.64,229826.107
300683.SZ,20251017,34.57,38.8,34.4,36.47,232127.3,850294.791
300684.SZ,20251017,44.04,44.64,41.1,41.22,256538.9,1084391.736
300685.SZ,20251017,22.59,22.92,22.35,22.67,74275.7,168164.976
300686.SZ,20251017,15.51,15.62,14.83,14.9,135191.72,204297.384
300687.SZ,20251017,26.22,26.22,25.07,25.17,99823.76,254862.323
300688.SZ,20251017,29.38,29.4,27.6,27.61,87245.6,247322.337
300689.SZ,20251017,50.91,52.5,50.4,50.58,17146.5,88024.047
300690.SZ,20251017,37.38,40.51,36.38,39.59,246590.1,955472.912
300691.SZ,20251017,17.64,17.7,17.06,17.1,52944.91,91477.395
300692.SZ,20251017,8.54,8.94,8.4,8.71,401807.14,349762.97
300693.SZ,20251017,42.94,43.1,37.48,37.56,352286.71,1394302.788
300694.SZ,20251017,11.77,11.82,11.43,11.47,42318.0,49207.096
300695.SZ,20251017,118.14,118.14,101.02,102.53,32891.14,351825.234
300696.SZ,20251017,25.83,26.2,24.94,25.05,80499.67,206009.518
300697.SZ,20251017,17.35,17.63,16.5,16.53,163118.33,276114.352
300698.SZ,20251017,49.92,50.09,46.4,46.65,141114.79,671163.426
300699.SZ,20251017,29.36,29.56,28.5,28.5,112756.44,326683.457
300700.SZ,20251017,11.78,11.96,11.38,11.38,53760.43,62289.577
300701.SZ,20251017,12.51,12.68,12.14,12.16,71813.57,89122.572
300702.SZ,20251017,24.68,24.98,24.41,24.5,22050.68,54367.202
300703.SZ,20251017,29.6,29.89,28.88,28.95,52085.32,152510.697
300705.SZ,20251017,17.12,17.33,16.81,16.82,88767.2,151113.336
300706.SZ,20251017,37.03,37.59,35.5,35.67,55263.79,201011.953
300707.SZ,20251017,15.24,15.48,14.76,14.76,75468.0,113554.895
300708.SZ,20251017,8.99,9.55,8.99,9.39,1375489.64,1288230.571
300709.SZ,20251017,46.52,46.88,44.28,44.33,59764.22,269979.018
300710.SZ,20251017,22.0,22.09,21.27,21.61,51592.99,111814.778
300711.SZ,20251017,20.51,20.68,19.98,20.0,29984.0,60887.231
300712.SZ,20251017,25.66,25.8,24.48,24.55,37452.22,93632.193
300713.SZ,20251017,18.99,19.34,17.32,17.35,184504.49,335074.602
300715.SZ,20251017,12.16,12.27,11.91,12.13,47036.71,56790.786
300716.SZ,20251017,14.55,14.55,13.91,13.99,18043.5,25529.708
300717.SZ,20251017,19.41,19.65,19.13,19.17,24204.6,46851.306
300718.SZ,20251017,84.0,84.49,81.47,81.52,51715.39,428585.472
300719.SZ,20251017,15.98,16.22,15.7,15.73,34344.64,54769.82
300720.SZ,20251017,23.01,23.45,22.6,22.65,30221.0,69481.408
300721.SZ,20251017,13.58,13.78,13.37,13.37,31576.8,42833.938
300722.SZ,20251017,31.08,31.44,30.03,30.03,41691.6,128015.918
300723.SZ,20251017,54.7,58.99,54.46,55.55,142524.94,811570.437
300724.SZ,20251017,95.84,96.12,90.02,90.5,190014.88,1748548.601
300725.SZ,20251017,40.46,40.97,39.71,39.8,53175.25,214406.909
300726.SZ,20251017,40.53,40.98,37.5,37.55,109269.32,424559.182
300727.SZ,20251017,36.83,37.2,35.26,35.42,30415.51,109152.936
300729.SZ,20251017,15.48,15.51,14.7,14.79,97621.09,146667.577
300730.SZ,20251017,16.79,16.83,16.21,16.21,62576.83,103084.063
300731.SZ,20251017,42.7,42.7,40.2,40.32,62638.42,257644.113
300732.SZ,20251017,8.34,8.42,8.19,8.19,92461.52,76874.936
300733.SZ,20251017,18.47,18.73,18.0,18.14,44506.0,81577.577
300735.SZ,20251017,27.47,27.56,26.36,26.38,112733.04,302624.336
300736.SZ,20251017,13.02,13.09,12.54,12.62,44969.0,57762.29
300737.SZ,20251017,5.09,5.14,4.98,5.0,88956.39,45000.189
300738.SZ,20251017,19.9,19.9,18.81,18.84,352778.74,677437.216
300739.SZ,20251017,15.29,15.3,14.6,14.62,111928.92,166887.549
300740.SZ,20251017,24.05,24.14,22.91,23.03,207829.62,487694.057
300741.SZ,20251017,17.76,17.77,17.23,17.25,24634.0,43054.473
300743.SZ,20251017,18.03,18.07,17.55,17.6,23074.49,41013.457
300745.SZ,20251017,23.63,24.06,22.98,23.13,76367.06,178809.161
300746.SZ,20251017,13.6,13.8,13.4,13.4,32911.0,44793.246
300747.SZ,20251017,26.1,26.19,25.01,25.04,121842.1,311438.526
300748.SZ,20251017,41.0,42.42,39.86,40.0,888889.81,3673027.179
300749.SZ,20251017,8.88,9.02,8.82,8.82,47812.2,42616.888
300750.SZ,20251017,367.5,375.0,356.99,358.14,319057.61,11588825.855
300751.SZ,20251017,105.86,107.0,96.96,97.07,80836.51,806950.44
300752.SZ,20251017,20.69,20.7,19.87,19.94,55771.0,112936.901
300753.SZ,20251017,29.77,30.31,28.5,28.57,94423.05,277927.403
300755.SZ,20251017,19.7,19.89,18.55,18.6,55727.58,106485.646
300756.SZ,20251017,57.0,57.42,52.58,52.9,84742.0,462280.781
300757.SZ,20251017,219.99,220.8,207.0,208.25,52336.75,1111368.689
300758.SZ,20251017,13.78,13.79,13.27,13.35,93837.78,126977.941
300759.SZ,20251017,31.01,31.27,29.92,30.03,251180.12,764445.557
300760.SZ,20251017,230.03,231.49,225.28,225.5,74637.3,1696692.464
300761.SZ,20251017,22.59,22.99,22.23,22.24,91923.55,206879.507
300762.SZ,20251017,25.0,25.86,24.68,24.74,383411.84,970148.15
300763.SZ,20251017,78.76,79.64,75.15,75.29,208005.19,1595159.792
300765.SZ,20251017,44.01,44.78,43.22,43.9,61873.16,271328.192
300766.SZ,20251017,37.93,38.19,36.51,36.51,164186.3,613445.857
300767.SZ,20251017,22.55,23.32,20.51,20.78,194875.79,423850.535
300768.SZ,20251017,20.81,22.98,20.39,21.86,368907.02,800388.77
300769.SZ,20251017,41.19,42.9,39.01,39.17,186571.8,758989.704
300770.SZ,20251017,46.66,47.1,45.59,45.81,38919.22,180158.185
300771.SZ,20251017,12.26,12.35,11.92,11.93,53483.0,64842.083
300772.SZ,20251017,19.0,19.09,17.18,17.5,409587.25,727528.428
300773.SZ,20251017,23.69,24.09,23.04,23.08,202921.71,478277.755
300774.SZ,20251017,15.19,16.93,14.62,14.66,302724.0,472760.402
300775.SZ,20251017,24.66,24.91,24.07,24.11,77165.02,188308.121
300776.SZ,20251017,68.08,70.15,66.0,66.0,33461.96,224955.16
300777.SZ,20251017,33.46,33.69,31.9,31.95,102604.23,334827.471
300778.SZ,20251017,12.7,12.84,12.48,12.5,39672.25,50220.727
300779.SZ,20251017,175.0,175.97,167.8,171.0,40096.53,688050.707
300780.SZ,20251017,17.25,17.33,16.8,16.85,41257.0,70347.405
300781.SZ,20251017,37.68,38.16,36.85,36.86,25597.43,96126.327
300782.SZ,20251017,76.3,76.73,73.45,73.5,85685.47,638803.072
300783.SZ,20251017,24.38,24.58,24.09,24.11,50806.0,123455.835
300784.SZ,20251017,52.8,53.16,52.01,52.01,5470.66,28770.044
300785.SZ,20251017,34.08,34.3,32.63,32.71,66042.83,220094.459
300786.SZ,20251017,18.69,18.75,17.64,17.76,193598.01,350204.366
300787.SZ,20251017,13.54,13.6,13.17,13.18,52472.48,69970.688
300788.SZ,20251017,28.41,28.5,27.93,27.94,13236.0,37292.287
300789.SZ,20251017,26.77,26.87,26.0,26.11,13393.38,35354.809
300790.SZ,20251017,30.89,30.94,29.7,29.8,104525.85,314355.359
300791.SZ,20251017,23.62,23.77,23.0,23.02,23550.95,54798.789
300792.SZ,20251017,33.86,35.0,32.5,32.7,132039.25,444428.908
300793.SZ,20251017,16.26,16.39,15.7,15.71,77938.4,124446.816
300795.SZ,20251017,14.21,14.3,13.91,13.93,20473.2,28814.505
300796.SZ,20251017,9.7,9.76,9.45,9.45,54994.04,52747.536
300797.SZ,20251017,18.01,18.32,17.35,17.38,135118.0,239170.027
300798.SZ,20251017,7.84,7.95,7.73,7.75,74553.0,58349.731
300800.SZ,20251017,11.65,11.65,11.33,11.37,28237.5,32385.009
300801.SZ,20251017,25.51,26.15,24.62,24.62,61054.0,153625.71
300802.SZ,20251017,20.05,20.19,19.21,19.28,35179.64,68988.975
300803.SZ,20251017,148.47,150.45,141.18,142.01,270959.04,3955819.133
300804.SZ,20251017,38.1,38.38,37.13,37.16,13725.25,51724.978
300805.SZ,20251017,10.94,11.11,10.72,10.73,52848.0,57588.05
300806.SZ,20251017,28.58,29.94,27.93,28.42,266028.18,765887.576
300807.SZ,20251017,39.28,39.48,37.61,37.61,13347.0,51046.279
300808.SZ,20251017,30.29,30.37,28.4,28.61,41197.05,121218.688
300809.SZ,20251017,38.41,38.58,37.07,37.26,43746.67,164894.892
300810.SZ,20251017,49.0,50.39,45.0,45.35,99548.48,478139.367
300811.SZ,20251017,73.0,73.43,68.59,69.03,82302.17,580585.811
300812.SZ,20251017,23.0,23.13,21.99,22.0,38475.4,86246.859
300813.SZ,20251017,32.27,32.48,31.26,31.49,20634.43,65466.254
300814.SZ,20251017,53.8,53.92,47.15,47.67,152968.38,756260.678
300815.SZ,20251017,25.54,25.84,24.5,24.6,102322.72,255890.292
300816.SZ,20251017,36.78,36.88,35.2,35.37,17904.0,64090.824
300817.SZ,20251017,19.96,19.97,19.3,19.34,23726.0,46447.748
300818.SZ,20251017,30.81,31.24,29.44,29.66,43185.92,130322.834
300819.SZ,20251017,24.75,25.9,24.64,25.15,49048.68,124430.307
300820.SZ,20251017,54.32,54.55,50.51,50.86,70688.75,368374.752
300821.SZ,20251017,8.98,9.14,8.64,8.67,151319.71,133555.33
300822.SZ,20251017,16.67,16.78,16.21,16.21,26218.0,43221.073
300823.SZ,20251017,15.2,15.35,14.88,14.95,17904.4,26999.221
300824.SZ,20251017,11.83,11.84,11.54,11.55,39178.0,45720.179
300825.SZ,20251017,10.67,10.69,10.26,10.27,86496.5,90423.698
300826.SZ,20251017,17.39,17.72,17.23,17.44,35967.12,63052.411
300827.SZ,20251017,31.58,31.6,29.08,29.18,345276.77,1032045.221
300828.SZ,20251017,15.66,15.78,15.3,15.3,21526.98,33418.9
300829.SZ,20251017,17.75,17.84,17.46,17.47,32487.16,57333.078
300830.SZ,20251017,10.57,10.63,10.25,10.26,96269.49,100055.486
300831.SZ,20251017,14.28,14.4,13.7,13.7,65462.85,91473.138
300832.SZ,20251017,62.25,62.51,59.91,60.94,40500.14,246698.709
300833.SZ,20251017,40.28,40.54,39.31,39.94,14876.92,59403.461
300834.SZ,20251017,22.43,22.62,22.03,22.03,9587.6,21329.964
300835.SZ,20251017,65.1,66.33,60.9,60.93,49793.3,314028.378
300836.SZ,20251017,52.78,52.88,49.5,49.55,33191.85,168610.366
300837.SZ,20251017,24.82,25.12,24.4,24.52,9209.0,22767.708
300838.SZ,20251017,14.38,14.54,14.1,14.23,17101.0,24448.663
300839.SZ,20251017,13.1,13.19,12.88,12.93,39852.36,51783.103
300840.SZ,20251017,18.77,18.82,18.14,18.14,43379.0,80244.682
300841.SZ,20251017,78.0,79.07,75.01,75.29,33820.58,259956.326
300842.SZ,20251017,64.61,65.6,60.03,61.9,114616.01,707013.934
300843.SZ,20251017,50.1,50.41,47.31,47.41,63635.43,308304.032
300844.SZ,20251017,49.83,51.18,48.34,50.33,28992.07,145276.758
300845.SZ,20251017,10.75,10.95,10.63,10.65,49916.5,53900.782
300846.SZ,20251017,23.42,23.58,21.66,21.71,383655.83,856203.941
300847.SZ,20251017,17.39,17.55,17.07,17.08,35895.98,62044.23
300848.SZ,20251017,15.51,15.72,15.25,15.3,16726.0,25867.485
300849.SZ,20251017,13.44,14.2,13.2,13.88,64728.0,89115.01
300850.SZ,20251017,43.35,43.49,41.49,41.66,168592.33,710740.67
300851.SZ,20251017,26.3,26.47,25.9,25.93,8335.0,21789.02
300852.SZ,20251017,39.3,40.4,37.51,37.53,55183.4,212425.245
300853.SZ,20251017,22.3,22.52,21.7,21.71,27817.56,61266.046
300854.SZ,20251017,19.6,19.93,18.87,18.92,35740.72,69239.446
300855.SZ,20251017,28.6,28.6,27.3,27.48,56734.9,158011.489
300856.SZ,20251017,13.87,13.92,13.57,13.59,49263.04,67739.523
300857.SZ,20251017,155.64,157.0,147.8,148.35,104612.36,1575302.902
300858.SZ,20251017,16.8,17.02,16.61,16.61,32461.0,54701.368
300859.SZ,20251017,39.96,40.66,39.0,39.1,79318.0,316871.843
300860.SZ,20251017,26.74,26.85,26.15,26.16,15765.34,41657.871
300861.SZ,20251017,16.45,16.56,15.74,15.78,71147.42,113975.016
300862.SZ,20251017,22.43,22.5,21.65,21.72,21987.0,48429.733
300863.SZ,20251017,48.0,51.12,47.25,49.56,129932.6,642936.382
300864.SZ,20251017,20.12,20.19,19.8,19.84,10849.19,21684.332
300865.SZ,20251017,32.05,32.3,31.0,31.0,35087.73,110814.518
300866.SZ,20251017,118.93,119.88,114.51,114.77,32814.66,380352.228
300867.SZ,20251017,19.88,20.26,19.5,19.58,120583.72,239610.792
300868.SZ,20251017,27.4,27.4,26.85,26.85,13603.0,36902.517
300869.SZ,20251017,16.15,16.32,15.85,15.86,41677.0,66823.474
300870.SZ,20251017,198.07,198.5,181.02,181.26,49364.6,918348.057
300871.SZ,20251017,21.05,21.29,20.56,20.69,40301.18,84227.906
300872.SZ,20251017,22.43,22.76,21.9,21.9,97526.32,218005.828
300873.SZ,20251017,23.99,24.07,23.08,23.08,38711.8,90946.915
300875.SZ,20251017,47.07,48.5,46.13,46.75,66479.61,315323.088
300876.SZ,20251017,27.01,27.29,26.51,26.73,14334.55,38433.067
300877.SZ,20251017,33.78,34.11,32.2,33.12,59504.77,196619.817
300878.SZ,20251017,22.44,24.49,22.33,23.39,84095.57,198866.271
300879.SZ,20251017,33.4,33.55,32.19,32.19,37012.34,121139.478
300880.SZ,20251017,19.75,19.77,19.02,19.06,26446.28,51072.85
300881.SZ,20251017,33.8,35.88,33.8,33.93,22902.05,79318.292
300882.SZ,20251017,20.0,20.0,18.49,18.5,127014.4,241284.804
300883.SZ,20251017,6.74,6.81,6.65,6.7,66624.43,44828.74
300884.SZ,20251017,12.83,12.9,12.35,12.37,50396.9,63366.806
300885.SZ,20251017,22.63,22.63,21.88,21.96,51817.19,114875.436
300886.SZ,20251017,28.53,28.98,28.22,28.22,13210.0,37716.928
300887.SZ,20251017,7.92,8.02,7.72,7.72,72024.08,56495.788
300888.SZ,20251017,39.77,39.83,38.68,38.77,43851.3,171597.512
300889.SZ,20251017,19.88,20.25,19.48,19.78,50476.86,100029.189
300890.SZ,20251017,31.68,35.48,31.68,32.75,204729.41,688952.915
300891.SZ,20251017,9.47,9.66,9.17,9.17,92142.0,86392.147
300892.SZ,20251017,34.88,35.19,34.23,34.25,35288.71,122487.068
300893.SZ,20251017,36.41,37.98,36.2,36.57,77285.66,285427.005
300894.SZ,20251017,12.22,12.32,11.91,11.91,42637.82,51582.097
300895.SZ,20251017,43.98,44.16,41.82,41.86,30881.92,131996.303
300896.SZ,20251017,174.21,174.43,169.55,169.55,31080.31,532741.65
300897.SZ,20251017,32.4,32.4,29.61,29.68,39238.27,120180.989
300898.SZ,20251017,26.91,26.92,26.0,26.0,34424.0,90923.728
300899.SZ,20251017,27.69,28.08,27.2,27.6,5085.0,14038.766
300900.SZ,20251017,18.01,18.24,17.71,17.74,61272.94,110007.118
300901.SZ,20251017,15.67,15.99,15.3,15.66,37936.82,59402.779
300902.SZ,20251017,20.62,20.72,20.01,20.12,40646.06,82716.079
300903.SZ,20251017,12.96,12.98,12.08,12.12,247552.15,308255.4
300904.SZ,20251017,79.88,80.5,76.19,76.4,21303.14,165674.689
300905.SZ,20251017,34.28,34.59,32.78,32.82,60224.41,202489.652
300906.SZ,20251017,28.63,28.8,28.25,28.28,9830.0,27971.97
300907.SZ,20251017,32.6,32.97,31.34,31.41,26027.0,83030.065
300908.SZ,20251017,29.02,29.16,28.8,28.82,9386.46,27199.464
300909.SZ,20251017,34.39,34.74,33.55,33.71,50542.5,172092.688
300910.SZ,20251017,53.25,54.83,53.05,54.39,39464.0,214051.82
300911.SZ,20251017,52.38,54.98,49.88,50.2,48829.9,253972.625
300912.SZ,20251017,17.49,17.51,16.7,16.88,68495.0,117092.947
300913.SZ,20251017,52.5,52.8,49.49,49.68,50836.06,257908.489
300915.SZ,20251017,25.19,25.24,24.75,24.78,6373.32,15936.937
300916.SZ,20251017,36.23,36.67,35.13,35.25,12305.5,44005.702
300917.SZ,20251017,42.78,43.25,41.66,41.66,36231.98,153443.646
300918.SZ,20251017,20.69,20.85,20.2,20.2,68594.0,140193.102
300919.SZ,20251017,45.02,46.03,43.0,43.08,144631.92,636324.36
300920.SZ,20251017,40.59,41.38,40.19,40.71,21955.91,89554.294
300921.SZ,20251017,22.59,22.98,21.7,21.7,38216.4,84954.032
300922.SZ,20251017,26.36,27.05,25.78,25.85,41693.8,109813.695
300923.SZ,20251017,25.34,25.61,25.14,25.16,10412.0,26423.308
300925.SZ,20251017,24.5,24.64,23.38,23.4,141614.0,338296.357
300926.SZ,20251017,31.81,31.81,30.65,30.9,66947.68,208161.645
300927.SZ,20251017,25.46,25.5,24.73,24.73,16792.43,42111.588
300928.SZ,20251017,31.69,31.88,30.78,30.8,12374.93,38604.807
300929.SZ,20251017,10.94,11.06,10.78,10.86,30033.8,32759.561
300930.SZ,20251017,32.07,32.08,30.2,30.28,20932.15,65191.363
300931.SZ,20251017,9.9,10.29,9.82,9.83,57230.0,57173.856
300932.SZ,20251017,11.37,11.46,11.05,11.1,43844.0,49315.116
300933.SZ,20251017,9.82,9.95,9.45,9.48,330106.43,319602.577
300935.SZ,20251017,30.59,31.6,29.08,29.42,56282.95,170550.421
300936.SZ,20251017,36.69,37.08,35.5,35.51,11417.0,41163.898
300937.SZ,20251017,26.7,26.98,26.21,26.21,10595.2,28233.775
300938.SZ,20251017,25.5,26.44,25.5,25.87,134176.78,347076.94
300939.SZ,20251017,33.62,33.9,32.45,32.54,19604.0,64802.143
300940.SZ,20251017,25.53,25.98,25.1,25.15,39856.5,101346.603
300941.SZ,20251017,23.34,23.55,22.84,22.86,21059.5,48884.907
300942.SZ,20251017,10.16,10.49,10.08,10.08,61485.51,63139.856
300943.SZ,20251017,18.36,18.5,17.42,17.57,119844.82,214457.32
300945.SZ,20251017,22.1,22.68,20.76,20.99,281951.19,618444.274
300946.SZ,20251017,52.15,52.9,51.08,51.5,20659.08,107435.116
300947.SZ,20251017,19.43,19.54,19.0,19.07,18803.05,36187.344
300948.SZ,20251017,19.99,20.53,18.86,19.09,273869.42,538831.346
300949.SZ,20251017,39.17,39.49,38.21,38.25,7749.0,30076.437
300950.SZ,20251017,36.72,37.08,35.29,35.38,106568.58,382424.556
300951.SZ,20251017,36.83,37.07,35.71,35.72,20561.11,74632.664
300952.SZ,20251017,35.1,39.52,34.21,37.94,223806.69,831290.289
300953.SZ,20251017,171.66,171.97,164.83,164.99,47339.88,796028.325
300955.SZ,20251017,28.6,28.98,27.36,27.48,32900.44,92156.892
300956.SZ,20251017,17.27,17.27,16.34,16.37,63414.14,106103.287
300957.SZ,20251017,47.45,47.63,45.76,45.85,51698.25,240414.96
300958.SZ,20251017,13.16,13.37,13.02,13.12,38351.83,50779.706
300959.SZ,20251017,78.41,84.98,76.29,80.43,107973.77,868664.32
300960.SZ,20251017,26.01,26.28,25.43,25.5,12411.4,31942.383
300961.SZ,20251017,17.52,17.85,17.17,17.26,112724.63,196808.496
300962.SZ,20251017,16.93,17.21,16.76,16.76,21588.73,36665.715
300963.SZ,20251017,22.51,22.99,21.29,21.38,442855.96,971802.391
300964.SZ,20251017,43.08,43.19,41.3,41.47,15824.25,66729.354
300965.SZ,20251017,60.85,62.58,59.56,59.57,11403.61,69232.516
300966.SZ,20251017,22.34,22.77,21.79,21.83,31184.83,69194.508
300967.SZ,20251017,20.79,20.98,20.3,20.37,88266.52,181401.429
300968.SZ,20251017,13.83,13.85,13.23,13.24,64550.24,86841.014
300969.SZ,20251017,110.5,110.78,104.97,105.01,21548.63,230558.825
300970.SZ,20251017,15.12,15.22,14.86,14.99,36470.0,54886.487
300971.SZ,20251017,23.73,23.76,22.8,22.83,43088.83,99858.746
300972.SZ,20251017,195.0,201.2,190.59,195.54,25237.75,493903.367
300973.SZ,20251017,43.86,44.65,43.48,43.81,21479.02,94792.76
300975.SZ,20251017,13.0,13.56,12.88,13.21,652153.49,862916.054
300976.SZ,20251017,64.5,66.84,64.5,66.2,19503.44,128605.54
300977.SZ,20251017,18.31,18.61,18.09,18.25,15169.07,27900.876
300978.SZ,20251017,11.18,11.18,10.73,10.73,82743.24,90173.07
300979.SZ,20251017,50.87,51.15,50.08,50.08,17630.99,89018.49
300980.SZ,20251017,30.37,30.45,29.3,29.46,140146.59,416506.595
300981.SZ,20251017,13.46,13.5,13.1,13.12,30775.76,40894.808
300982.SZ,20251017,19.59,19.67,18.55,18.58,50416.05,95947.259
300983.SZ,20251017,23.38,24.68,23.16,24.51,51055.39,123085.974
300984.SZ,20251017,68.72,69.25,65.5,65.75,21713.4,145879.235
300985.SZ,20251017,17.56,17.68,17.22,17.24,18881.5,32849.957
300986.SZ,20251017,11.64,11.68,11.25,11.25,87336.98,99767.061
300987.SZ,20251017,16.91,17.14,16.7,16.7,20290.12,34289.216
300988.SZ,20251017,22.89,23.24,22.02,22.02,34920.97,78214.359
300989.SZ,20251017,16.79,16.79,16.3,16.34,23537.9,38730.222
300990.SZ,20251017,73.81,74.07,69.73,69.9,23049.6,163657.288
300991.SZ,20251017,42.06,42.38,39.69,39.69,42423.02,171525.714
300992.SZ,20251017,25.34,25.48,24.77,24.79,13583.09,34034.391
300993.SZ,20251017,19.21,19.31,18.17,18.24,178341.61,332274.404
300994.SZ,20251017,18.15,18.47,17.8,17.83,32342.8,58659.265
300995.SZ,20251017,47.09,47.46,44.11,44.11,24829.0,112739.993
300996.SZ,20251017,17.22,17.35,16.79,16.81,55740.94,94885.252
300997.SZ,20251017,16.85,16.98,16.28,16.28,51955.43,86217.589
300998.SZ,20251017,23.26,23.41,22.61,22.8,16509.71,37764.395
300999.SZ,20251017,31.1,31.28,30.71,30.71,87068.15,269575.481
301000.SZ,20251017,45.63,45.63,44.0,44.01,35468.59,158463.864
301001.SZ,20251017,31.02,31.28,29.63,29.66,18888.0,57204.401
301002.SZ,20251017,34.23,35.16,34.03,34.16,27039.09,93600.513
301003.SZ,20251017,37.53,37.92,36.7,36.8,17120.5,63672.913
301004.SZ,20251017,58.0,58.04,57.0,57.25,6675.66,38274.524
301005.SZ,20251017,53.76,54.6,50.27,50.9,86189.5,455203.351
301006.SZ,20251017,16.1,16.3,15.92,16.0,17347.0,27917.853
301007.SZ,20251017,42.11,42.8,40.01,40.11,63945.94,262529.333
301008.SZ,20251017,39.6,39.9,37.81,37.95,47672.86,183691.928
301009.SZ,20251017,13.72,13.89,13.57,13.59,38208.42,52481.804
301010.SZ,20251017,20.25,22.1,19.96,21.3,95261.26,201520.09
301011.SZ,20251017,27.95,28.01,26.55,26.55,36405.31,98759.789
301012.SZ,20251017,23.67,23.89,22.19,22.24,107276.92,243688.534
301013.SZ,20251017,33.28,33.4,30.5,30.7,429115.5,1361066.495
301015.SZ,20251017,26.58,26.72,25.6,25.75,33655.0,87605.159
301016.SZ,20251017,21.45,21.86,20.98,20.99,41748.32,89058.029
301017.SZ,20251017,10.94,11.07,10.8,10.85,32594.0,35633.881
301018.SZ,20251017,65.06,65.9,60.8,61.2,87638.21,545264.504
301019.SZ,20251017,19.55,20.2,19.15,19.58,68425.46,134108.548
301020.SZ,20251017,22.43,22.51,21.84,21.84,13400.44,29674.166
301021.SZ,20251017,37.89,38.33,35.79,35.79,60323.65,222346.894
301022.SZ,20251017,34.23,34.6,33.54,33.57,22959.97,77890.533
301023.SZ,20251017,38.86,39.06,37.3,37.32,12110.96,46087.422
301024.SZ,20251017,40.22,40.4,39.28,39.28,5948.84,23606.683
301025.SZ,20251017,9.36,9.49,9.24,9.26,40869.81,38234.408
301026.SZ,20251017,28.89,29.8,28.41,28.43,45761.71,132554.651
301027.SZ,20251017,18.86,19.8,18.75,19.23,138438.73,267583.831
301028.SZ,20251017,12.79,12.88,12.46,12.49,28790.79,36373.568
301029.SZ,20251017,28.52,28.64,27.18,27.22,93815.52,259863.302
301030.SZ,20251017,14.88,15.02,14.53,14.53,43549.8,64047.498
301031.SZ,20251017,107.0,107.06,99.79,100.0,32530.68,331970.127
301032.SZ,20251017,13.06,13.15,12.46,12.48,42727.7,54374.119
301033.SZ,20251017,71.02,73.4,68.0,68.3,9453.0,66966.753
301035.SZ,20251017,80.0,80.87,78.16,78.31,8982.0,70954.202
301036.SZ,20251017,33.05,33.15,31.6,31.62,18560.33,59582.701
301037.SZ,20251017,14.55,14.6,14.18,14.21,20126.64,28906.244
301038.SZ,20251017,24.76,25.25,24.62,24.65,38587.69,96244.956
301039.SZ,20251017,9.8,9.95,9.64,9.65,145046.2,141439.671
301040.SZ,20251017,23.31,23.46,22.68,22.7,33266.11,76329.414
301041.SZ,20251017,26.24,26.25,25.27,25.29,21011.0,53974.593
301042.SZ,20251017,64.0,65.38,63.1,64.45,22501.15,144609.722
301043.SZ,20251017,46.55,46.77,44.17,44.32,21574.18,97310.948
301045.SZ,20251017,25.38,25.66,24.72,24.79,18570.69,46625.862
301046.SZ,20251017,25.3,25.58,24.56,24.56,22876.0,57049.74
301047.SZ,20251017,72.89,73.07,70.76,70.96,8467.13,60948.414
301048.SZ,20251017,11.78,11.8,11.48,11.48,48306.01,56145.749
301049.SZ,20251017,21.3,24.3,21.09,22.32,68732.72,155640.405
301050.SZ,20251017,46.83,47.38,45.71,45.8,38694.38,179299.498
301051.SZ,20251017,21.54,21.58,20.78,20.79,20408.08,43028.514
301052.SZ,20251017,45.28,46.19,44.78,44.85,85099.07,387690.057
301053.SZ,20251017,36.28,36.33,34.83,34.86,10039.87,35595.366
301055.SZ,20251017,20.88,21.41,20.01,20.1,25142.0,51932.271
301056.SZ,20251017,12.9,12.9,12.21,12.28,44348.0,55260.064
301057.SZ,20251017,23.05,23.45,22.63,22.64,17677.0,40506.446
301058.SZ,20251017,11.16,11.27,11.07,11.08,78504.0,87766.62
301059.SZ,20251017,10.95,11.06,10.81,10.88,21801.6,23820.794
301060.SZ,20251017,9.23,9.29,9.13,9.13,25538.33,23502.182
301061.SZ,20251017,92.4,92.4,89.56,90.16,7770.48,70278.001
301062.SZ,20251017,8.9,8.9,8.58,8.61,112447.57,98076.236
301063.SZ,20251017,25.16,25.34,24.6,24.61,19599.0,48863.901
301065.SZ,20251017,23.09,23.17,22.68,22.68,12444.59,28471.896
301066.SZ,20251017,15.22,15.71,14.95,14.95,64042.99,98067.942
301067.SZ,20251017,33.89,33.9,33.02,33.32,36082.08,120297.423
301068.SZ,20251017,26.15,26.99,25.91,26.37,12773.77,33922.073
301069.SZ,20251017,23.1,24.47,22.4,23.98,346636.12,817352.68
301070.SZ,20251017,59.69,59.69,56.1,56.16,28135.8,161698.597
301071.SZ,20251017,42.49,42.52,39.63,40.62,263667.08,1085812.441
301072.SZ,20251017,23.77,23.8,23.13,23.18,11360.0,26602.602
301073.SZ,20251017,21.82,21.97,21.31,21.31,34330.66,74157.993
301075.SZ,20251017,50.91,53.81,50.08,51.64,57193.72,296760.797
301076.SZ,20251017,52.87,53.86,51.07,51.35,89940.63,468776.457
301077.SZ,20251017,28.23,28.64,27.05,27.06,44335.64,122597.789
301078.SZ,20251017,11.08,11.46,11.0,11.24,567571.19,640209.836
301079.SZ,20251017,27.8,27.89,26.4,26.41,46634.66,125519.277
301080.SZ,20251017,57.51,57.9,56.08,56.2,13917.9,79204.517
301081.SZ,20251017,10.18,10.4,10.09,10.22,28726.64,29462.755
301082.SZ,20251017,19.99,20.16,18.26,18.31,187770.82,354813.516
301083.SZ,20251017,17.57,17.8,17.13,17.17,43530.0,75877.55
301085.SZ,20251017,53.0,53.25,50.8,50.86,11578.41,59970.634
301086.SZ,20251017,76.36,77.16,73.25,73.45,18899.15,142484.271
301087.SZ,20251017,41.42,41.84,40.47,40.98,23209.65,95622.637
301088.SZ,20251017,13.93,14.07,13.82,13.85,10405.0,14478.324
301089.SZ,20251017,31.48,31.68,30.52,30.58,20244.53,63003.041
301090.SZ,20251017,7.46,7.56,7.3,7.33,58603.56,43441.692
301091.SZ,20251017,33.12,33.56,32.08,32.32,74920.68,245851.057
301092.SZ,20251017,30.7,31.69,30.05,30.07,17928.0,55025.28
301093.SZ,20251017,36.82,36.82,33.9,34.31,48998.77,171036.534
301095.SZ,20251017,80.3,80.41,76.0,76.27,51814.85,401894.076
301096.SZ,20251017,58.72,59.98,57.5,58.39,33857.99,198218.106
301097.SZ,20251017,43.0,43.63,42.82,42.86,4244.0,18333.139
301098.SZ,20251017,9.0,9.1,8.93,9.03,47656.86,43054.209
301099.SZ,20251017,51.48,55.6,50.0,52.29,248048.11,1316412.199
301100.SZ,20251017,20.3,21.35,20.15,20.95,40244.0,84213.304
301101.SZ,20251017,41.05,41.2,38.99,39.05,33731.5,134466.041
301102.SZ,20251017,10.97,11.05,10.86,10.86,19259.95,21097.393
301103.SZ,20251017,20.78,20.9,20.35,20.36,13788.51,28371.93
301105.SZ,20251017,48.42,49.96,46.12,46.56,28142.92,132789.75
301106.SZ,20251017,29.33,29.62,28.83,28.96,10998.87,32076.364
301107.SZ,20251017,29.48,29.56,27.56,27.56,29735.34,84461.124
301108.SZ,20251017,33.4,34.89,33.2,33.44,17868.44,60552.987
301109.SZ,20251017,14.8,14.89,14.63,14.66,42718.7,62996.93
301110.SZ,20251017,79.41,80.0,72.84,73.25,45424.09,342124.607
301111.SZ,20251017,16.39,16.58,16.22,16.29,22711.0,37201.454
301112.SZ,20251017,48.5,49.68,46.5,47.95,31447.0,152013.631
301113.SZ,20251017,21.61,22.04,21.44,21.56,11144.3,24194.599
301115.SZ,20251017,16.21,16.47,16.07,16.42,43264.25,70740.919
301116.SZ,20251017,10.68,10.74,10.58,10.59,24146.5,25733.903
301117.SZ,20251017,38.97,39.42,37.9,38.12,109157.9,422821.456
301118.SZ,20251017,25.63,26.07,25.26,25.42,37460.19,95850.773
301119.SZ,20251017,38.39,38.84,36.56,36.6,21482.81,80554.171
301120.SZ,20251017,19.81,20.37,17.65,17.82,574349.47,1069625.501
301121.SZ,20251017,45.2,45.56,42.56,42.67,31868.95,139321.371
301122.SZ,20251017,24.87,25.75,24.21,24.55,36056.79,90046.547
301123.SZ,20251017,45.65,46.51,42.58,42.74,93960.0,416934.867
301125.SZ,20251017,19.42,19.49,18.65,18.65,39214.86,74192.701
301126.SZ,20251017,11.31,11.55,11.31,11.4,40493.4,46307.81
301127.SZ,20251017,13.16,13.24,12.87,12.9,69519.2,90504.999
301128.SZ,20251017,81.75,82.7,80.31,82.29,24477.93,199628.631
301129.SZ,20251017,27.04,27.33,26.04,26.16,19871.36,52709.288
301130.SZ,20251017,30.2,31.25,30.2,30.88,16337.7,50447.041
301131.SZ,20251017,46.53,47.25,45.73,45.78,7816.0,36180.952
301132.SZ,20251017,34.1,34.28,32.89,32.93,19236.76,64323.97
301133.SZ,20251017,27.68,27.68,26.53,26.61,15837.08,42652.667
301135.SZ,20251017,27.09,27.09,26.2,26.21,18629.75,49475.817
301136.SZ,20251017,11.19,11.49,11.12,11.29,55183.0,62654.367
301137.SZ,20251017,46.4,47.3,42.78,42.99,161969.19,717951.199
301138.SZ,20251017,34.3,34.72,32.88,32.99,14843.85,49893.892
301139.SZ,20251017,20.62,21.6,20.26,20.88,93908.44,196434.877
301141.SZ,20251017,63.78,64.99,60.88,61.13,48151.97,303092.317
301148.SZ,20251017,32.29,35.95,32.01,34.49,56019.0,191853.782
301149.SZ,20251017,10.62,10.7,10.45,10.45,33142.86,35050.099
301150.SZ,20251017,38.16,38.9,35.67,35.8,92567.58,341421.813
301151.SZ,20251017,20.44,20.45,19.91,19.92,18560.0,37397.71
301152.SZ,20251017,28.85,30.74,28.04,28.16,67752.34,197744.772
301153.SZ,20251017,22.12,22.16,21.41,21.41,29153.63,63380.808
301155.SZ,20251017,92.02,92.15,85.0,86.49,44960.19,394791.103
301156.SZ,20251017,18.04,18.04,17.55,17.59,31173.0,55387.431
301157.SZ,20251017,47.2,47.96,45.61,45.66,8319.0,38622.456
301158.SZ,20251017,18.05,18.18,17.81,17.82,21392.74,38474.38
301159.SZ,20251017,34.08,34.48,33.3,33.3,11537.52,39036.453
301160.SZ,20251017,57.56,58.38,57.0,57.42,21549.02,124381.265
301161.SZ,20251017,34.8,35.45,33.96,34.03,25770.75,89234.851
301162.SZ,20251017,56.09,56.42,54.5,54.81,17758.86,97983.848
301163.SZ,20251017,27.65,27.93,27.1,27.5,20118.0,55351.619
301165.SZ,20251017,84.9,87.08,82.63,84.5,90715.1,770088.061
301166.SZ,20251017,30.66,31.12,30.46,30.47,7437.07,22844.316
301167.SZ,20251017,16.15,16.25,15.9,15.91,17803.4,28570.354
301168.SZ,20251017,38.9,39.18,38.0,38.17,16681.94,63967.807
301169.SZ,20251017,41.18,41.78,40.1,40.18,10889.0,44420.492
301170.SZ,20251017,26.81,26.81,26.13,26.17,10764.49,28419.179
301171.SZ,20251017,29.88,29.98,28.7,28.88,177939.83,521573.095
301172.SZ,20251017,22.5,22.63,21.61,21.71,23491.0,51931.68
301173.SZ,20251017,46.51,46.66,45.19,45.3,6816.08,31181.552
301175.SZ,20251017,5.37,5.39,5.29,5.29,137244.5,73171.456
301176.SZ,20251017,26.12,26.3,25.0,25.28,19962.0,51359.076
301177.SZ,20251017,32.94,33.45,32.33,32.36,19830.25,65148.253
301178.SZ,20251017,67.78,69.55,66.0,66.3,30599.96,206099.758
301179.SZ,20251017,17.18,17.2,16.42,16.52,67549.62,113227.468
301180.SZ,20251017,14.71,14.74,14.23,14.25,27075.0,39058.255
301181.SZ,20251017,34.9,37.88,34.01,36.22,83538.5,306075.896
301182.SZ,20251017,36.9,37.2,35.31,35.47,28820.09,104002.289
301183.SZ,20251017,94.58,95.2,90.23,91.0,45849.34,422517.96
301185.SZ,20251017,18.72,18.89,18.32,18.32,28945.74,53833.039
301186.SZ,20251017,42.98,43.29,41.62,41.71,8447.0,35648.397
301187.SZ,20251017,25.89,26.05,24.9,24.93,32251.2,81627.304
301188.SZ,20251017,16.66,17.29,16.62,16.85,64405.48,109566.696
301189.SZ,20251017,32.52,32.98,31.6,31.76,11123.0,35704.436
301190.SZ,20251017,28.1,28.5,27.57,27.58,14771.71,41162.05
301191.SZ,20251017,96.04,97.1,90.49,90.76,26095.69,242302.678
301192.SZ,20251017,35.33,35.6,33.25,33.37,15334.97,52300.217
301193.SZ,20251017,18.53,18.72,18.0,18.04,16237.64,29594.441
301195.SZ,20251017,33.93,34.06,32.88,32.88,15576.5,51948.896
301196.SZ,20251017,85.74,86.2,82.51,82.54,21115.37,177509.13
301197.SZ,20251017,19.31,19.52,19.01,19.01,16608.44,32006.508
301198.SZ,20251017,11.48,11.69,11.38,11.38,24609.41,28287.406
301199.SZ,20251017,25.15,25.27,24.11,24.16,32647.11,80164.853
301200.SZ,20251017,91.3,94.34,90.22,91.37,47610.01,439855.091
301201.SZ,20251017,32.0,33.49,31.62,32.78,60974.0,200014.082
301202.SZ,20251017,41.78,42.05,39.69,39.69,24362.0,98913.844
301203.SZ,20251017,33.91,35.43,33.75,35.1,27168.0,94650.329
301205.SZ,20251017,91.5,91.65,86.2,86.45,51183.72,452020.974
301206.SZ,20251017,28.13,28.3,27.78,27.81,10494.69,29383.825
301207.SZ,20251017,18.3,19.98,18.26,19.49,182620.06,348712.956
301208.SZ,20251017,39.59,39.78,38.3,38.3,17453.76,68190.4
301209.SZ,20251017,86.49,89.8,82.46,86.95,64241.02,543002.061
301210.SZ,20251017,41.68,41.74,39.94,39.94,29421.99,119545.884
301211.SZ,20251017,12.1,12.2,11.96,12.0,40354.15,48812.504
301212.SZ,20251017,25.55,25.8,25.03,25.1,8929.97,22654.476
301213.SZ,20251017,54.8,54.8,52.1,52.28,15846.48,84583.865
301215.SZ,20251017,6.5,6.5,6.24,6.25,272115.67,173004.8
301216.SZ,20251017,20.38,21.1,19.98,20.16,163901.81,335580.719
301217.SZ,20251017,27.9,28.16,26.88,26.92,139226.51,380706.799
301218.SZ,20251017,20.18,20.35,19.85,19.85,22757.0,45762.376
301219.SZ,20251017,68.05,69.3,64.9,65.49,79958.51,532133.884
301220.SZ,20251017,40.34,40.48,39.17,39.17,14239.6,56512.166
301221.SZ,20251017,57.5,57.98,52.58,52.72,63100.96,344241.962
301222.SZ,20251017,29.8,29.93,28.7,28.72,16327.06,47738.819
301223.SZ,20251017,17.79,17.84,17.48,17.48,11600.0,20428.241
301225.SZ,20251017,81.76,81.76,79.28,79.32,8717.0,70004.966
301226.SZ,20251017,31.95,32.17,30.85,31.29,23539.27,73788.156
301227.SZ,20251017,46.88,46.99,44.33,44.55,20280.09,92278.64
301228.SZ,20251017,27.51,27.88,26.27,26.32,29431.0,79274.978
301229.SZ,20251017,20.97,21.18,20.27,20.27,58039.77,119678.259
301230.SZ,20251017,32.85,33.55,32.23,32.23,19027.8,62465.125
301231.SZ,20251017,23.84,24.93,23.65,24.71,51552.93,126066.645
301232.SZ,20251017,39.98,40.24,37.87,38.15,39161.82,151776.367
301233.SZ,20251017,54.63,54.66,52.88,52.88,8593.72,46210.97
301234.SZ,20251017,45.99,46.79,42.9,43.15,18852.83,83558.927
301235.SZ,20251017,34.18,34.75,33.55,34.07,34588.32,118126.453
301236.SZ,20251017,53.0,53.04,50.8,50.96,206429.61,1069025.831
301237.SZ,20251017,45.14,45.45,44.45,44.98,6438.26,28940.468
301238.SZ,20251017,20.58,21.14,19.82,19.84,118430.08,241109.042
301239.SZ,20251017,36.73,36.88,36.3,36.31,8540.0,31240.077
301246.SZ,20251017,17.02,17.4,16.62,16.62,210318.41,355316.037
301248.SZ,20251017,25.74,25.74,24.67,24.71,47333.5,118796.648
301251.SZ,20251017,56.88,57.1,53.5,53.65,49789.71,271386.964
301252.SZ,20251017,27.14,27.38,26.32,26.34,23303.96,62374.027
301255.SZ,20251017,30.66,30.72,29.25,29.29,21149.02,63038.149
301256.SZ,20251017,10.93,11.5,10.72,10.76,148076.11,163162.094
301257.SZ,20251017,44.3,45.5,42.91,43.18,14405.5,63539.126
301258.SZ,20251017,34.3,34.57,33.79,33.8,13137.23,44925.142
301259.SZ,20251017,37.92,38.37,36.1,36.1,60307.27,222938.568
301260.SZ,20251017,19.5,19.6,18.86,18.88,40587.96,77595.284
301261.SZ,20251017,79.1,80.3,77.01,77.01,18713.55,146711.972
301262.SZ,20251017,23.4,23.61,23.01,23.05,12064.85,28063.773
301263.SZ,20251017,31.45,31.78,30.73,30.86,44845.82,140113.445
301265.SZ,20251017,11.77,12.12,11.65,11.65,42702.0,50408.627
301266.SZ,20251017,36.65,36.81,35.83,35.85,28913.74,104649.874
301267.SZ,20251017,19.46,19.56,19.17,19.18,38834.0,75063.15
301268.SZ,20251017,22.34,22.56,21.12,21.17,34749.15,75147.467
301269.SZ,20251017,128.53,130.0,123.79,123.81,125309.12,1567593.937
301270.SZ,20251017,36.89,37.18,35.71,35.77,17257.67,62742.836
301272.SZ,20251017,48.0,48.1,46.0,46.17,7959.93,37165.84
301273.SZ,20251017,26.18,26.57,25.92,26.09,9897.0,26001.463
301275.SZ,20251017,53.8,54.51,53.35,53.68,15517.55,83579.464
301276.SZ,20251017,20.95,21.04,20.51,20.55,14434.38,29974.087
301277.SZ,20251017,13.14,13.3,12.96,12.98,27642.78,36291.182
301278.SZ,20251017,35.5,35.57,33.56,33.66,18467.5,63437.356
301279.SZ,20251017,22.55,22.74,22.0,22.04,13387.1,29772.578
301280.SZ,20251017,51.74,52.49,50.18,50.22,17192.18,87496.057
301281.SZ,20251017,32.9,33.24,32.4,32.4,7267.8,23830.047
301282.SZ,20251017,26.03,26.46,25.2,25.25,36339.95,93404.88
301283.SZ,20251017,41.36,42.0,40.91,41.0,8360.0,34557.83
301285.SZ,20251017,48.35,48.9,46.3,46.7,26798.23,126429.505
301286.SZ,20251017,27.22,27.44,26.38,26.59,18303.0,49059.844
301287.SZ,20251017,38.87,39.28,38.53,38.53,5050.0,19647.299
301288.SZ,20251017,17.09,17.11,16.2,16.35,5564.0,9181.661
301289.SZ,20251017,54.11,54.19,52.3,52.45,11377.97,60346.654
301290.SZ,20251017,26.93,27.3,26.34,26.45,21298.0,57121.574
301291.SZ,20251017,50.41,51.0,47.79,47.97,134997.88,658315.612
301292.SZ,20251017,26.01,27.48,25.97,26.02,219385.31,586082.5
301293.SZ,20251017,62.87,63.18,58.51,58.96,142721.95,866929.367
301295.SZ,20251017,28.81,28.81,27.26,27.68,14721.0,41057.61
301296.SZ,20251017,9.05,9.1,8.93,8.93,30701.0,27621.447
301297.SZ,20251017,40.24,40.46,38.8,38.92,49330.76,194835.197
301298.SZ,20251017,16.62,16.73,16.27,16.32,22646.0,37370.314
301299.SZ,20251017,54.12,54.79,52.71,52.71,8450.0,45500.687
301300.SZ,20251017,37.77,38.19,37.07,37.07,9559.02,35876.515
301301.SZ,20251017,11.01,11.05,10.82,10.83,89764.99,97944.126
301302.SZ,20251017,22.38,22.78,22.0,22.0,20778.63,46404.642
301303.SZ,20251017,15.46,15.58,15.08,15.17,20009.31,30590.862
301305.SZ,20251017,20.04,20.15,19.35,19.54,30827.99,60827.47
301306.SZ,20251017,54.5,55.86,52.66,52.96,23618.58,127952.357
301307.SZ,20251017,32.19,32.45,30.61,30.64,89218.0,279241.999
301308.SZ,20251017,180.0,189.52,177.02,177.9,209321.67,3802117.825
301309.SZ,20251017,30.25,30.25,29.5,29.5,7296.17,21761.11
301310.SZ,20251017,45.81,46.11,44.18,45.11,20900.43,94566.111
301311.SZ,20251017,19.82,19.91,19.0,19.02,52176.09,101715.496
301312.SZ,20251017,47.56,47.7,45.8,45.8,17272.25,80448.296
301313.SZ,20251017,24.28,24.29,23.64,23.66,14304.0,34224.481
301314.SZ,20251017,41.0,41.39,40.45,40.58,6020.0,24586.739
301315.SZ,20251017,47.77,48.18,46.43,46.43,8407.26,39627.176
301316.SZ,20251017,53.45,55.38,53.43,53.62,99946.19,543663.747
301317.SZ,20251017,31.86,32.09,30.85,30.85,14135.0,44712.1
301318.SZ,20251017,29.61,29.78,29.01,29.01,11726.61,34433.853
301319.SZ,20251017,43.01,43.42,41.28,41.4,35401.17,148731.428
301320.SZ,20251017,17.69,17.7,17.08,17.1,21219.57,36762.871
301321.SZ,20251017,16.44,16.44,15.77,15.87,32309.0,51802.998
301322.SZ,20251017,30.6,30.7,29.17,29.18,23826.27,71038.151
301323.SZ,20251017,73.42,83.12,72.66,79.19,147185.31,1156228.119
301325.SZ,20251017,56.61,57.35,54.21,54.42,31671.72,175685.731
301326.SZ,20251017,125.5,127.07,122.0,122.0,17144.31,213303.935
301327.SZ,20251017,67.66,67.8,64.71,64.92,21862.89,143774.165
301328.SZ,20251017,44.16,44.38,42.37,42.49,15080.99,65226.931
301329.SZ,20251017,19.6,19.73,19.18,19.18,22369.0,43357.446
301330.SZ,20251017,30.93,31.32,29.85,29.86,36265.9,110591.119
301331.SZ,20251017,30.81,32.94,30.3,31.4,24668.91,78620.524
301332.SZ,20251017,9.73,9.77,9.55,9.55,43182.0,41675.636
301333.SZ,20251017,51.69,51.97,50.03,50.1,10937.0,55831.221
301335.SZ,20251017,30.94,31.26,30.42,30.46,23288.77,71778.807
301336.SZ,20251017,49.9,50.13,48.6,48.87,6649.96,32894.233
301337.SZ,20251017,27.14,27.26,26.5,26.5,10609.77,28466.424
301338.SZ,20251017,61.63,62.03,58.65,58.82,23014.13,138019.658
301339.SZ,20251017,14.87,14.95,14.45,14.45,56820.8,83310.464
301345.SZ,20251017,245.59,248.22,236.0,237.81,15522.45,375879.631
301348.SZ,20251017,24.06,25.1,23.6,24.69,382766.15,938078.605
301349.SZ,20251017,37.55,39.5,36.87,36.87,32631.5,123929.79
301353.SZ,20251017,26.67,26.93,26.23,26.33,14737.4,39073.991
301355.SZ,20251017,11.63,11.85,11.63,11.65,27658.71,32461.685
301356.SZ,20251017,23.16,23.55,22.63,22.67,24998.67,57563.735
301357.SZ,20251017,146.69,151.89,138.58,143.8,75843.44,1094667.846
301358.SZ,20251017,57.58,59.0,53.22,53.51,216199.95,1196803.98
301359.SZ,20251017,19.58,19.78,19.3,19.3,15536.8,30302.176
301360.SZ,20251017,84.51,88.81,76.77,82.5,64598.2,526236.405
301361.SZ,20251017,32.38,32.38,30.22,30.25,17519.0,54138.948
301362.SZ,20251017,43.57,44.0,42.27,42.34,9690.06,41987.39
301363.SZ,20251017,23.05,23.29,22.0,22.19,52424.81,118590.269
301365.SZ,20251017,23.81,27.99,23.22,26.03,231359.69,581893.796
301366.SZ,20251017,37.0,37.27,35.77,35.85,32706.42,119126.758
301367.SZ,20251017,85.83,91.3,84.65,86.84,22112.72,194752.631
301368.SZ,20251017,64.66,65.58,62.51,62.71,23323.39,149113.183
301369.SZ,20251017,87.61,88.4,84.01,84.37,14755.35,126140.834
301370.SZ,20251017,10.57,10.67,10.39,10.4,31411.95,33057.548
301371.SZ,20251017,24.61,24.94,24.26,24.3,13017.4,31911.338
301372.SZ,20251017,26.31,26.31,25.77,25.77,11722.0,30476.381
301373.SZ,20251017,31.87,31.93,31.32,31.39,8537.03,26936.335
301376.SZ,20251017,19.29,19.45,18.71,18.83,20252.0,38589.659
301377.SZ,20251017,71.12,71.8,68.0,69.13,55079.0,384187.989
301378.SZ,20251017,28.89,29.23,28.24,28.29,16320.79,46800.714
301379.SZ,20251017,30.59,32.0,29.21,30.79,200326.61,614637.929
301380.SZ,20251017,35.37,35.4,34.39,34.44,15003.13,52290.593
301381.SZ,20251017,22.73,23.1,21.93,22.0,35793.03,79974.859
301382.SZ,20251017,33.41,33.42,31.77,31.79,62163.23,201390.794
301383.SZ,20251017,34.41,34.58,33.54,33.54,15903.21,54149.484
301386.SZ,20251017,25.37,26.09,24.36,24.36,74373.6,186094.55
301387.SZ,20251017,39.13,39.38,38.15,38.15,12472.4,48284.764
301388.SZ,20251017,33.5,33.88,32.32,32.59,52850.35,173980.494
301389.SZ,20251017,53.37,53.67,51.72,51.8,41874.13,219173.478
301390.SZ,20251017,35.1,35.16,34.56,34.56,7677.0,26734.244
301391.SZ,20251017,86.37,89.3,85.0,85.28,29387.53,255700.756
301392.SZ,20251017,146.1,147.06,139.44,139.8,26654.99,381440.906
301393.SZ,20251017,51.11,51.53,50.23,50.29,7171.0,36457.116
301395.SZ,20251017,10.91,10.97,10.71,10.71,19198.17,20789.707
301396.SZ,20251017,70.29,70.8,67.37,67.42,44123.12,302596.936
301397.SZ,20251017,37.32,37.53,35.47,35.6,30905.5,111824.634
301398.SZ,20251017,49.26,49.93,48.44,48.55,17845.57,87908.096
301399.SZ,20251017,18.94,18.94,18.27,18.31,22618.89,41924.651
301408.SZ,20251017,12.88,13.02,12.67,12.69,43652.0,56079.632
301413.SZ,20251017,145.15,145.15,137.21,137.27,27489.1,385380.686
301418.SZ,20251017,35.89,36.15,35.33,35.34,8063.82,28749.238
301419.SZ,20251017,32.99,33.17,32.08,32.2,18270.51,59592.295
301421.SZ,20251017,110.99,111.18,102.2,102.51,82854.97,870454.596
301428.SZ,20251017,34.78,34.8,33.88,33.88,20352.87,69968.766
301429.SZ,20251017,18.85,19.27,18.81,18.89,11247.02,21427.976
301439.SZ,20251017,15.23,15.26,14.6,14.64,51145.13,76167.755
301446.SZ,20251017,30.22,31.8,29.66,30.9,41830.53,128823.498
301448.SZ,20251017,62.11,63.2,59.26,60.49,35195.15,214656.768
301456.SZ,20251017,33.08,33.95,31.3,31.66,65010.25,210349.797
301458.SZ,20251017,34.58,34.88,33.0,33.03,34206.05,115279.421
301459.SZ,20251017,40.76,40.98,39.45,39.74,8718.8,34916.462
301468.SZ,20251017,26.7,28.3,26.6,27.72,81370.72,226458.675
301469.SZ,20251017,27.6,27.75,27.12,27.13,6836.0,18721.911
301479.SZ,20251017,90.61,90.63,86.98,86.98,8657.2,76602.875
301486.SZ,20251017,82.83,83.59,79.84,79.84,22852.91,186496.877
301487.SZ,20251017,25.08,25.78,24.07,24.18,163212.75,402781.894
301488.SZ,20251017,153.3,154.99,149.33,149.9,23996.34,362899.85
301489.SZ,20251017,220.0,220.25,190.38,192.8,76962.62,1534657.488
301491.SZ,20251017,64.66,65.38,62.82,62.86,19417.54,124542.624
301498.SZ,20251017,92.7,93.0,90.5,90.66,19564.09,178683.362
301499.SZ,20251017,26.3,26.39,25.1,25.26,35075.62,89983.935
301500.SZ,20251017,18.13,18.44,17.6,17.62,111062.56,199557.321
301501.SZ,20251017,50.39,51.19,48.84,49.04,20760.36,104199.83
301502.SZ,20251017,47.2,47.58,45.66,45.81,6544.74,30363.683
301503.SZ,20251017,37.86,37.96,36.75,36.82,8068.0,30075.491
301505.SZ,20251017,23.23,23.77,21.85,21.89,58344.68,132167.003
301507.SZ,20251017,14.06,14.06,13.8,13.81,28247.25,39387.886
301508.SZ,20251017,31.41,31.53,30.7,30.7,17119.0,53102.402
301509.SZ,20251017,36.37,36.67,35.12,35.18,15927.96,57020.142
301510.SZ,20251017,31.4,31.63,30.0,30.0,65313.06,199897.5
301511.SZ,20251017,30.93,31.26,29.0,29.07,207475.69,617103.182
301512.SZ,20251017,45.01,45.39,44.17,44.26,8784.1,39324.795
301515.SZ,20251017,21.18,21.34,21.01,21.05,8058.69,17054.427
301516.SZ,20251017,17.17,17.2,16.29,16.34,32961.0,54919.37
301517.SZ,20251017,42.42,44.1,42.0,42.27,42484.66,182945.95
301518.SZ,20251017,34.92,34.98,33.61,33.71,43841.4,149384.592
301519.SZ,20251017,13.73,13.89,13.59,13.6,20150.38,27665.552
301520.SZ,20251017,41.47,41.9,40.82,40.99,6669.0,27560.982
301522.SZ,20251017,31.54,31.54,30.19,30.46,37065.93,113865.438
301525.SZ,20251017,94.4,94.77,90.0,90.1,12585.54,115451.281
301526.SZ,20251017,5.95,6.0,5.77,5.78,391834.79,229738.746
301528.SZ,20251017,60.78,62.19,59.7,60.0,8263.0,50167.712
301529.SZ,20251017,65.91,66.0,63.41,64.2,18873.97,121538.568
301533.SZ,20251017,41.99,42.77,40.02,40.49,44171.94,182477.934
301535.SZ,20251017,19.69,19.72,19.06,19.09,28357.3,55090.449
301536.SZ,20251017,59.1,59.27,56.16,56.17,45453.33,261197.418
301538.SZ,20251017,85.5,86.16,81.95,82.0,13336.15,111337.78
301539.SZ,20251017,18.52,18.58,18.11,18.15,13798.0,25267.714
301548.SZ,20251017,51.5,51.78,49.4,50.09,19654.8,98449.108
301550.SZ,20251017,108.62,109.6,105.98,106.48,26572.02,285213.658
301551.SZ,20251017,34.86,35.63,34.79,35.17,60685.69,214064.501
301552.SZ,20251017,38.36,38.47,37.51,37.68,13645.53,51755.775
301555.SZ,20251017,30.06,30.88,29.58,29.63,22794.64,68684.195
301556.SZ,20251017,96.86,97.29,93.51,94.77,13215.93,126051.269
301557.SZ,20251017,90.16,90.88,86.0,87.0,13400.43,117882.932
301558.SZ,20251017,8.5,8.6,8.34,8.34,79384.0,67093.933
301559.SZ,20251017,17.25,17.38,16.76,16.76,32171.5,54648.692
301560.SZ,20251017,35.5,36.27,35.36,35.53,12931.4,46370.997
301563.SZ,20251017,152.99,177.97,152.08,166.0,93129.49,1559487.925
301565.SZ,20251017,23.64,23.92,22.84,22.84,36794.8,85643.863
301566.SZ,20251017,16.64,16.65,15.96,15.96,82356.02,133969.9
301567.SZ,20251017,38.76,38.95,37.77,37.8,9961.94,38089.956
301568.SZ,20251017,44.69,44.74,42.8,42.8,23721.0,103119.536
301571.SZ,20251017,42.95,44.44,42.57,42.57,31024.31,135115.28
301575.SZ,20251017,55.08,56.63,55.08,55.4,21251.95,118568.762
301577.SZ,20251017,62.93,63.0,59.3,59.4,31789.47,193895.203
301578.SZ,20251017,35.36,35.48,34.81,34.81,8556.69,30021.131
301580.SZ,20251017,44.11,44.45,43.15,43.25,8989.4,39264.663
301581.SZ,20251017,52.3,52.31,50.11,50.12,10001.29,51101.192
301584.SZ,20251017,26.55,28.99,26.5,28.05,194103.03,546848.001
301585.SZ,20251017,31.91,32.25,31.53,31.55,7986.08,25489.282
301586.SZ,20251017,50.59,50.85,48.51,48.63,13631.34,67612.984
301587.SZ,20251017,23.6,23.86,22.78,22.82,21184.93,49229.568
301588.SZ,20251017,19.75,19.83,19.31,19.4,12317.57,24086.173
301589.SZ,20251017,164.35,166.66,162.88,163.68,4119.65,67682.056
301590.SZ,20251017,206.0,208.5,193.46,194.38,14948.57,299660.526
301591.SZ,20251017,40.69,40.84,39.66,39.66,12036.0,48324.29
301592.SZ,20251017,130.0,130.25,125.44,125.45,7802.72,99164.346
301595.SZ,20251017,39.68,39.7,38.9,38.9,5965.47,23385.144
301596.SZ,20251017,80.4,80.51,77.03,77.11,11625.56,91525.92
301598.SZ,20251017,68.3,68.39,65.93,66.0,13137.0,88019.909
301600.SZ,20251017,125.3,125.36,117.82,117.98,16005.3,193595.97
301601.SZ,20251017,32.14,32.3,31.28,31.29,10670.43,33789.467
301602.SZ,20251017,24.64,24.64,24.03,24.09,18447.22,44885.85
301603.SZ,20251017,71.05,71.66,69.12,69.22,18509.23,129516.176
301606.SZ,20251017,60.69,61.29,58.57,58.86,11847.0,70866.599
301607.SZ,20251017,44.82,46.3,42.6,42.81,125308.15,551751.89
301608.SZ,20251017,86.52,86.98,83.22,83.25,9962.01,84292.699
301609.SZ,20251017,51.2,51.88,48.8,48.88,46886.26,235611.061
301611.SZ,20251017,56.89,57.42,53.65,54.08,65026.24,359281.799
301613.SZ,20251017,50.99,51.16,49.3,49.36,17904.51,89761.733
301616.SZ,20251017,51.09,51.43,49.54,49.55,8427.0,42441.901
301617.SZ,20251017,87.79,97.95,85.6,94.5,110733.38,996066.587
301618.SZ,20251017,57.47,57.73,56.3,56.68,6196.7,35279.643
301622.SZ,20251017,81.0,81.68,78.8,78.9,14689.71,117781.694
301626.SZ,20251017,121.51,123.25,117.1,117.78,13138.78,155790.78
301628.SZ,20251017,81.29,81.77,77.9,77.99,9611.0,76388.857
301629.SZ,20251017,192.77,193.1,186.08,188.1,11459.34,216640.945
301630.SZ,20251017,185.89,187.67,179.67,179.67,7962.52,145711.867
301631.SZ,20251017,91.85,91.85,88.3,88.39,12772.24,114560.84
301632.SZ,20251017,27.7,28.51,27.65,27.77,32926.83,92186.462
301633.SZ,20251017,74.21,75.46,74.0,74.04,3306.57,24608.772
301636.SZ,20251017,55.11,55.33,54.48,54.48,6459.36,35418.282
301656.SZ,20251017,28.09,29.17,27.64,27.89,171973.94,490020.963
301658.SZ,20251017,33.47,33.55,30.73,30.78,55299.05,175502.74
301662.SZ,20251017,114.4,116.16,111.5,111.54,17638.28,199577.399
301665.SZ,20251017,28.53,28.58,27.61,27.62,31833.14,88775.107
301668.SZ,20251017,52.92,61.0,52.8,54.3,115382.7,658403.99
301678.SZ,20251017,77.69,80.78,76.3,76.71,35435.28,278969.817
302132.SZ,20251017,87.99,89.0,85.9,86.0,197792.64,1730249.66
600000.SH,20251017,13.29,13.44,13.11,13.32,816932.18,1084436.74
600004.SH,20251017,9.61,9.62,9.47,9.47,175377.57,167389.554
600006.SH,20251017,7.65,7.68,7.41,7.41,461780.49,348174.709
600007.SH,20251017,20.46,20.57,20.36,20.42,23308.64,47693.704
600008.SH,20251017,3.33,3.34,3.29,3.31,906825.75,300656.667
600009.SH,20251017,31.64,31.82,31.3,31.32,95066.51,299831.435
600010.SH,20251017,2.73,2.89,2.7,2.71,22302192.01,6212598.233
600011.SH,20251017,7.5,7.58,7.45,7.48,809825.49,608008.819
600012.SH,20251017,14.56,15.0,14.45,14.86,144571.49,214673.778
600015.SH,20251017,6.85,6.89,6.78,6.8,1031748.39,706155.518
600016.SH,20251017,4.06,4.08,4.0,4.01,4640672.79,1876242.901
600017.SH,20251017,3.18,3.21,3.16,3.17,336553.77,107216.356
600018.SH,20251017,5.6,5.64,5.56,5.57,346432.46,194015.907
600019.SH,20251017,7.18,7.27,7.12,7.15,926587.15,665674.792
600020.SH,20251017,4.41,4.46,4.39,4.41,197711.93,87580.453
600021.SH,20251017,24.05,25.2,23.06,23.55,1486567.88,3562198.001
600022.SH,20251017,1.6,1.65,1.59,1.6,1384048.88,224736.306
600023.SH,20251017,5.2,5.24,5.17,5.18,750907.75,390354.736
600025.SH,20251017,10.0,10.05,9.89,9.94,321552.83,321159.88
600026.SH,20251017,12.47,12.57,12.07,12.12,407605.01,500606.769
600027.SH,20251017,5.3,5.32,5.24,5.25,741582.03,391638.435
600028.SH,20251017,5.44,5.49,5.41,5.41,1512704.75,823841.176
600029.SH,20251017,6.26,6.34,6.2,6.21,553154.1,346133.14
600030.SH,20251017,29.66,29.93,29.05,29.09,1739898.9,5124858.639
600031.SH,20251017,23.45,23.45,22.43,22.5,759272.8,1731924.431
600032.SH,20251017,7.52,7.55,7.39,7.41,66473.83,49476.394
600033.SH,20251017,3.44,3.5,3.43,3.48,362582.25,126028.083
600035.SH,20251017,4.05,4.09,4.04,4.05,225818.25,91723.244
600036.SH,20251017,41.88,42.22,41.38,41.59,829827.05,3470670.301
600037.SH,20251017,8.17,8.25,8.07,8.18,258922.84,211504.889
600038.SH,20251017,36.61,37.5,36.27,36.35,139309.69,513287.531
600039.SH,20251017,8.54,8.72,8.46,8.64,300906.72,260180.607
600048.SH,20251017,7.81,7.91,7.74,7.75,1797608.04,1408988.197
600050.SH,20251017,5.5,5.54,5.43,5.44,2969984.22,1631142.325
600051.SH,20251017,7.15,7.26,7.12,7.14,43431.0,31246.193
600052.SH,20251017,5.19,5.21,5.08,5.1,193010.79,99150.107
600053.SH,20251017,16.55,16.75,16.15,16.24,39384.0,64806.641
600054.SH,20251017,11.33,11.36,11.2,11.21,53346.66,60174.546
600055.SH,20251017,17.4,17.45,16.81,16.82,84226.24,143398.748
600056.SH,20251017,11.11,11.24,10.92,10.94,231771.74,256693.165
600057.SH,20251017,7.73,7.89,7.68,7.76,244284.0,190309.461
600058.SH,20251017,9.01,9.16,8.79,8.8,97908.51,87429.264
600059.SH,20251017,10.32,10.44,10.15,10.15,244062.04,250635.409
600060.SH,20251017,24.49,24.69,24.13,24.18,135674.02,330350.596
600061.SH,20251017,7.87,7.91,7.64,7.64,751524.16,584400.983
600062.SH,20251017,19.19,19.23,18.83,18.87,111155.16,211462.075
600063.SH,20251017,6.33,6.42,6.2,6.22,481059.21,302195.482
600064.SH,20251017,8.42,8.53,8.36,8.38,244965.57,206820.438
600066.SH,20251017,29.61,29.75,28.86,28.98,139141.69,406185.412
600067.SH,20251017,3.67,3.68,3.46,3.5,1298252.68,461641.516
600071.SH,20251017,22.58,22.58,21.2,21.3,81008.41,176294.524
600072.SH,20251017,12.03,12.15,11.91,11.93,109402.48,131224.096
600073.SH,20251017,7.0,7.03,6.93,6.94,113282.84,79110.667
600075.SH,20251017,4.69,4.74,4.65,4.66,169092.0,79258.224
600076.SH,20251017,2.77,2.8,2.72,2.73,203509.5,56201.422
600078.SH,20251017,8.73,10.26,8.71,10.26,1576616.93,1534614.723
600079.SH,20251017,21.02,21.16,20.6,20.63,230053.86,478241.42
600080.SH,20251017,7.45,7.68,7.43,7.48,89214.54,67107.846
600081.SH,20251017,12.56,12.59,12.2,12.21,42900.67,53049.897
600082.SH,20251017,4.36,4.41,4.31,4.32,142536.0,62028.027
600084.SH,20251017,5.52,5.56,5.48,5.5,44150.0,24392.909
600085.SH,20251017,34.53,34.61,34.25,34.27,76174.71,261954.395
600088.SH,20251017,16.24,16.31,15.98,15.99,26227.04,42262.722
600089.SH,20251017,20.3,20.4,18.87,18.89,2755528.28,5332485.183
600094.SH,20251017,5.32,5.5,5.21,5.3,470328.18,250395.259
600095.SH,20251017,12.75,12.81,12.26,12.28,597440.22,748635.157
600096.SH,20251017,28.08,28.39,27.44,27.5,327284.09,910660.296
600097.SH,20251017,11.15,11.27,11.08,11.1,36811.0,41138.936
600098.SH,20251017,6.96,7.01,6.88,6.9,234526.13,162675.299
600099.SH,20251017,10.45,10.58,10.34,10.39,30599.0,32016.805
600100.SH,20251017,7.9,7.95,7.65,7.66,541322.13,419946.808
600101.SH,20251017,9.67,9.68,9.46,9.49,104435.57,99916.8
600103.SH,20251017,3.5,3.57,3.35,3.35,1655423.08,567259.694
600104.SH,20251017,16.72,16.84,16.35,16.35,482266.9,796841.306
600105.SH,20251017,14.1,14.25,13.15,13.21,1842717.67,2491481.975
600106.SH,20251017,6.16,6.2,6.08,6.09,165382.09,101400.977
600107.SH,20251017,8.17,8.79,7.95,8.79,135536.03,113191.711
600108.SH,20251017,3.06,3.1,3.04,3.06,413740.1,127060.721
600109.SH,20251017,10.45,10.52,10.03,10.05,784616.63,802970.251
600110.SH,20251017,6.4,6.52,6.14,6.17,505260.0,317186.573
600111.SH,20251017,53.16,54.9,52.63,53.0,1749068.71,9380893.003
600113.SH,20251017,52.1,52.53,50.05,50.16,60754.53,310981.941
600114.SH,20251017,31.69,31.69,29.3,29.54,200441.17,604188.429
600115.SH,20251017,4.45,4.51,4.41,4.48,1365200.67,611074.996
600116.SH,20251017,6.64,6.66,6.6,6.62,72279.58,47886.48
600117.SH,20251017,3.23,3.31,3.19,3.2,339337.0,110082.252
600118.SH,20251017,37.45,38.5,36.63,36.73,448365.42,1679846.922
600119.SH,20251017,8.4,8.63,8.33,8.49,101844.1,86757.402
600120.SH,20251017,6.09,6.13,5.98,5.99,554098.48,334148.618
600121.SH,20251017,4.8,5.32,4.76,4.95,1824171.08,923350.697
600123.SH,20251017,6.86,6.92,6.75,6.76,510107.19,348734.946
600125.SH,20251017,6.25,6.35,6.23,6.24,206114.31,129503.281
600126.SH,20251017,9.15,9.19,8.91,8.92,571963.0,517574.268
600127.SH,20251017,6.78,6.84,6.74,6.74,123597.01,83905.443
600128.SH,20251017,10.61,10.67,10.45,10.47,43969.09,46449.982
600129.SH,20251017,22.24,22.44,21.65,21.67,105434.0,232352.278
600130.SH,20251017,3.79,3.82,3.73,3.76,123118.0,46382.47
600131.SH,20251017,18.43,18.49,17.78,17.8,122536.53,221054.524
600132.SH,20251017,53.93,54.07,53.34,53.38,20858.64,111858.018
600133.SH,20251017,9.86,10.15,9.78,9.85,576852.33,573945.646
600135.SH,20251017,7.18,7.24,7.08,7.11,48310.0,34558.739
600136.SH,20251017,1.78,1.8,1.77,1.79,79114.0,14128.732
600137.SH,20251017,18.35,18.56,18.17,18.28,13232.01,24314.023
600138.SH,20251017,9.7,9.74,9.57,9.58,104429.8,100727.63
600141.SH,20251017,27.3,27.46,26.56,26.63,221407.76,596752.461
600143.SH,20251017,19.61,19.77,18.75,18.76,1127820.75,2160824.132
600148.SH,20251017,19.95,19.96,19.39,19.43,19326.52,37992.323
600149.SH,20251017,5.26,5.65,5.22,5.41,204838.25,110914.423
600150.SH,20251017,35.26,35.61,34.6,34.66,800893.08,2817009.251
600151.SH,20251017,7.77,7.86,7.49,7.51,232888.93,176934.128
600152.SH,20251017,6.69,6.74,6.38,6.4,226325.0,147707.347
600153.SH,20251017,10.25,10.4,10.24,10.38,176308.93,182353.243
600155.SH,20251017,7.47,7.51,7.31,7.31,214018.16,158628.222
600156.SH,20251017,8.5,8.5,8.14,8.17,101880.41,84451.736
600157.SH,20251017,1.66,1.69,1.62,1.63,8535749.51,1412634.71
600158.SH,20251017,9.23,9.36,9.19,9.22,237401.32,220450.409
600159.SH,20251017,2.99,3.02,2.94,2.95,305394.0,90891.552
600160.SH,20251017,36.58,36.72,35.25,35.3,324378.88,1157334.887
600161.SH,20251017,19.12,19.22,19.01,19.03,90523.03,172964.905
600162.SH,20251017,2.25,2.34,2.18,2.18,2086866.12,470577.942
600163.SH,20251017,5.12,5.16,5.1,5.1,90913.0,46624.426
600165.SH,20251017,3.52,3.74,3.52,3.55,91135.0,32931.183
600166.SH,20251017,2.77,2.77,2.64,2.65,2142152.67,576461.096
600167.SH,20251017,8.73,8.78,8.43,8.48,274001.22,234815.03
600168.SH,20251017,5.07,5.11,5.04,5.05,86326.4,43816.248
600169.SH,20251017,2.65,2.67,2.58,2.6,546765.54,143469.193
600170.SH,20251017,2.91,2.94,2.83,2.84,3393050.41,977965.027
600171.SH,20251017,34.97,35.12,33.88,33.91,190204.57,653166.502
600172.SH,20251017,6.15,6.2,5.8,5.8,2204545.33,1315261.488
600173.SH,20251017,9.88,10.09,9.0,9.0,784675.3,739726.043
600176.SH,20251017,15.84,15.86,15.2,15.27,518627.71,802187.192
600177.SH,20251017,7.64,7.67,7.57,7.59,230791.01,175807.072
600178.SH,20251017,13.68,13.68,13.19,13.2,161023.0,215269.337
600179.SH,20251017,4.1,4.44,4.02,4.28,2331607.21,994192.659
600180.SH,20251017,4.68,4.74,4.62,4.63,151534.21,70802.148
600182.SH,20251017,15.33,15.38,15.03,15.07,24742.32,37580.246
600183.SH,20251017,60.0,60.2,54.29,54.29,556608.87,3095167.844
600184.SH,20251017,17.73,17.76,17.01,17.06,92510.17,160426.411
600185.SH,20251017,6.1,6.26,6.07,6.08,383034.0,235174.757
600186.SH,20251017,5.76,5.79,5.64,5.65,391543.49,222985.145
600187.SH,20251017,2.81,2.83,2.78,2.79,195619.0,54837.176
600188.SH,20251017,14.8,15.41,14.65,15.03,1254679.3,1899561.368
600189.SH,20251017,7.08,7.11,6.98,6.99,82052.0,57777.405
600191.SH,20251017,7.54,7.7,7.42,7.45,75970.89,57328.306
600192.SH,20251017,9.35,9.4,8.97,8.99,121261.42,110689.194
600193.SH,20251017,4.4,4.47,4.25,4.27,123868.0,53711.898
600195.SH,20251017,7.36,7.4,7.3,7.33,79282.55,58338.838
600196.SH,20251017,28.96,29.49,28.63,28.72,262916.75,762153.164
600197.SH,20251017,15.38,15.5,15.2,15.22,44523.27,68222.504
600198.SH,20251017,7.92,7.93,7.71,7.72,141694.0,110609.882
600199.SH,20251017,10.42,10.42,10.2,10.2,66857.3,68797.957
600200.SH,20251017,0.99,1.0,0.97,0.97,248967.0,24338.434
600201.SH,20251017,10.77,11.28,10.74,10.79,704778.96,773188.601
600202.SH,20251017,5.86,5.92,5.78,5.79,63858.54,37240.274
600203.SH,20251017,13.23,13.28,12.82,12.83,213257.5,277914.233
600206.SH,20251017,22.99,23.66,22.14,22.3,658592.63,1512532.597
600207.SH,20251017,5.34,5.39,5.05,5.07,274133.79,141739.179
600208.SH,20251017,4.59,4.6,4.42,4.46,1183310.6,529603.427
600210.SH,20251017,7.49,7.63,7.29,7.32,482743.22,359471.717
600211.SH,20251017,48.9,49.45,47.86,48.67,66182.52,322239.38
600212.SH,20251017,8.42,8.46,8.05,8.11,322191.06,264859.18
600215.SH,20251017,8.01,8.01,7.63,7.65,160174.0,124380.795
600216.SH,20251017,14.4,14.45,14.2,14.22,105787.61,151265.676
600217.SH,20251017,4.36,4.37,4.25,4.28,190393.6,81986.251
600218.SH,20251017,9.24,9.27,8.98,9.01,79151.09,72011.667
600219.SH,20251017,4.1,4.19,4.04,4.06,2180878.88,893840.586
600221.SH,20251017,1.69,1.73,1.67,1.68,8077685.77,1369868.279
600222.SH,20251017,6.59,6.6,6.3,6.45,200999.26,130047.365
600223.SH,20251017,7.87,7.97,7.8,7.83,112824.62,89057.182
600226.SH,20251017,4.49,4.58,4.27,4.29,1288388.78,565478.649
600227.SH,20251017,2.36,2.42,2.36,2.37,206265.63,49179.792
600228.SH,20251017,6.07,6.24,6.0,6.02,130641.22,79915.382
600229.SH,20251017,6.6,6.64,6.54,6.57,29751.41,19619.91
600230.SH,20251017,12.08,12.25,11.91,11.93,61531.2,74187.165
600231.SH,20251017,2.24,2.42,2.2,2.42,596440.52,142224.569
600232.SH,20251017,6.3,6.39,6.25,6.27,61089.0,38570.271
600233.SH,20251017,16.6,16.99,16.45,16.5,272251.66,455206.848
600234.SH,20251017,13.05,13.2,12.18,12.27,146716.31,184952.603
600235.SH,20251017,7.15,7.16,6.98,7.02,86821.01,61256.376
600236.SH,20251017,7.15,7.2,7.07,7.17,171161.55,122275.555
600237.SH,20251017,7.23,7.3,7.03,7.03,155011.0,110485.842
600238.SH,20251017,5.99,6.12,5.93,5.97,54652.6,32773.854
600239.SH,20251017,2.57,2.6,2.5,2.52,296274.5,75728.202
600241.SH,20251017,8.23,8.33,8.12,8.17,56177.0,46286.659
600246.SH,20251017,12.1,12.23,11.43,11.46,768722.18,901987.288
600248.SH,20251017,3.9,3.94,3.86,3.87,172344.4,67109.655
600249.SH,20251017,6.0,6.05,5.91,5.92,118787.5,70967.545
600250.SH,20251017,10.45,10.53,10.3,10.32,62830.0,65541.64
600251.SH,20251017,8.89,9.02,8.76,8.8,86942.52,76990.098
600252.SH,20251017,2.82,2.85,2.77,2.78,604784.0,170029.964
600255.SH,20251017,3.89,3.92,3.77,3.77,699215.0,267931.038
600256.SH,20251017,5.3,5.35,5.24,5.25,903406.25,477711.413
600257.SH,20251017,5.6,5.62,5.47,5.51,175060.48,97017.7
600258.SH,20251017,14.53,14.6,14.22,14.25,73366.73,105500.984
600259.SH,20251017,58.25,62.4,58.23,58.8,184834.91,1112070.374
600261.SH,20251017,3.58,3.6,3.51,3.52,156099.88,55494.457
600262.SH,20251017,22.96,23.12,22.46,22.46,34420.0,78391.387
600265.SH,20251017,20.45,20.73,20.21,20.46,4912.05,10017.019
600266.SH,20251017,5.36,5.4,5.24,5.26,361149.92,191753.715
600267.SH,20251017,10.55,10.61,10.26,10.3,149608.41,156044.163
600268.SH,20251017,12.94,13.0,11.7,11.72,1156799.09,1391661.74
600269.SH,20251017,5.0,5.11,4.98,5.1,454674.22,230492.47
600271.SH,20251017,8.26,8.3,8.13,8.14,134875.9,110675.46
600272.SH,20251017,12.83,12.88,12.72,12.72,17571.52,22477.8
600273.SH,20251017,8.45,8.48,8.33,8.34,113169.74,95036.702
600276.SH,20251017,66.85,67.4,65.0,65.1,349507.34,2298728.245
600278.SH,20251017,7.5,7.55,7.39,7.42,68308.25,51013.607
600279.SH,20251017,5.35,5.43,5.33,5.34,102232.5,55024.886
600280.SH,20251017,3.34,3.37,3.28,3.3,128586.0,42763.203
600281.SH,20251017,6.16,6.25,6.1,6.1,91266.05,56201.712
600282.SH,20251017,5.26,5.31,5.14,5.17,355585.59,185172.535
600283.SH,20251017,9.69,9.69,9.43,9.51,65991.19,63151.376
600284.SH,20251017,8.9,8.9,8.08,8.12,507039.0,423512.553
600285.SH,20251017,22.94,23.15,22.83,22.92,60890.26,139917.053
600287.SH,20251017,5.48,5.52,5.41,5.46,49580.0,27178.34
600288.SH,20251017,14.17,14.89,14.01,14.03,161709.17,230893.696
600289.SH,20251017,6.25,6.35,6.1,6.18,28022.0,17357.768
600292.SH,20251017,12.2,12.3,12.0,12.05,116904.55,141763.131
600293.SH,20251017,3.1,3.12,3.04,3.05,167643.0,51621.499
600295.SH,20251017,10.86,10.89,10.62,10.68,94870.78,101965.522
600298.SH,20251017,41.45,41.6,40.32,40.69,94180.95,384447.487
600299.SH,20251017,9.47,9.51,9.33,9.35,54791.48,51562.258
600300.SH,20251017,3.39,3.41,3.35,3.37,196723.22,66587.586
600301.SH,20251017,29.3,29.79,27.72,27.82,167679.0,477683.567
600302.SH,20251017,7.34,7.37,7.15,7.15,84063.01,60738.718
600303.SH,20251017,3.9,3.9,3.76,3.77,223829.0,85577.935
600305.SH,20251017,8.12,8.14,8.05,8.06,81873.82,66178.69
600307.SH,20251017,1.68,1.73,1.66,1.66,599448.34,101549.962
600308.SH,20251017,3.73,3.78,3.69,3.69,225482.32,84078.57
600309.SH,20251017,62.96,63.65,61.5,61.51,301345.79,1881115.7
600310.SH,20251017,3.96,3.98,3.91,3.91,145310.0,57294.884
600312.SH,20251017,17.45,17.45,16.31,16.31,495004.49,825123.768
600313.SH,20251017,6.42,6.5,6.39,6.41,199067.56,128059.626
600315.SH,20251017,29.06,29.38,27.82,27.99,149912.48,427025.027
600316.SH,20251017,35.95,36.29,34.95,34.96,96825.35,343466.768
600318.SH,20251017,9.48,9.56,9.23,9.25,148531.91,139604.237
600319.SH,20251017,8.08,8.12,7.8,7.98,65294.01,51801.347
600320.SH,20251017,4.66,4.68,4.55,4.55,621654.29,285808.513
600322.SH,20251017,2.58,2.61,2.52,2.53,292981.5,75113.887
600323.SH,20251017,28.32,28.72,28.3,28.39,47241.39,134557.213
600325.SH,20251017,5.14,5.18,5.07,5.08,322235.02,164877.656
600326.SH,20251017,12.28,12.77,12.0,12.07,755089.42,936877.704
600327.SH,20251017,4.7,4.73,4.65,4.66,86788.32,40705.952
600328.SH,20251017,7.84,7.9,7.71,7.75,134117.3,104578.206
600329.SH,20251017,46.01,46.98,45.87,46.12,119426.55,553264.726
600330.SH,20251017,10.38,10.47,9.88,9.91,716116.18,724265.507
600331.SH,20251017,10.13,10.29,9.84,9.89,334337.43,333870.145
600332.SH,20251017,25.74,25.76,25.45,25.5,92441.9,236476.534
600333.SH,20251017,6.62,7.47,6.56,7.25,1036455.92,743418.425
600335.SH,20251017,6.06,6.09,5.96,5.97,132833.16,79913.36
600336.SH,20251017,6.91,6.94,6.8,6.81,131471.34,90401.039
600337.SH,20251017,2.27,2.28,2.19,2.2,497568.0,110460.85
600338.SH,20251017,13.52,13.96,12.93,13.06,617009.33,826931.753
600339.SH,20251017,3.58,3.62,3.54,3.55,401708.25,143882.238
600340.SH,20251017,2.11,2.13,2.08,2.09,693713.6,145656.345
600343.SH,20251017,14.95,15.27,14.3,14.35,153280.04,226502.423
600345.SH,20251017,25.96,26.9,25.66,25.66,52245.46,136760.567
600346.SH,20251017,16.68,16.85,16.38,16.41,131010.77,217406.764
600348.SH,20251017,7.8,7.94,7.7,7.72,691247.84,538271.713
600350.SH,20251017,9.14,9.35,9.08,9.23,249351.15,230330.991
600351.SH,20251017,6.85,6.91,6.74,6.75,194305.29,132687.492
600352.SH,20251017,10.15,10.23,9.97,10.0,258844.71,260071.781
600353.SH,20251017,17.96,17.97,16.6,16.68,473593.22,804471.151
600354.SH,20251017,6.38,6.44,6.31,6.34,221646.0,141524.686
600355.SH,20251017,3.41,3.44,3.28,3.31,147834.0,49408.039
600356.SH,20251017,9.6,9.66,9.5,9.55,29916.0,28684.324
600358.SH,20251017,5.63,5.64,5.52,5.53,63798.0,35416.952
600359.SH,20251017,6.94,7.0,6.88,6.88,70375.0,48845.329
600360.SH,20251017,8.21,8.25,8.02,8.04,168338.81,136824.145
600361.SH,20251017,4.21,4.26,4.11,4.12,338577.0,141349.012
600362.SH,20251017,38.8,39.27,37.0,37.32,681953.67,2593966.492
600363.SH,20251017,62.62,62.88,60.45,61.63,150742.47,929523.138
600365.SH,20251017,3.16,3.2,3.13,3.15,31615.0,10008.824
600366.SH,20251017,14.8,15.06,14.1,14.13,444606.41,646178.907
600367.SH,20251017,17.08,17.62,16.55,16.55,137689.85,234115.093
600368.SH,20251017,4.24,4.26,4.21,4.22,205751.39,87273.559
600369.SH,20251017,4.74,4.78,4.64,4.65,345988.46,162788.139
600370.SH,20251017,2.04,2.06,1.99,2.0,269861.0,54565.193
600371.SH,20251017,9.24,9.35,9.1,9.13,113917.28,104905.75
600372.SH,20251017,12.66,12.75,12.26,12.28,430707.99,537081.609
600373.SH,20251017,10.33,10.35,10.18,10.2,121858.0,124925.965
600375.SH,20251017,8.55,8.74,8.11,8.11,965430.87,807210.148
600376.SH,20251017,6.0,6.11,5.81,5.81,1404083.11,837276.79
600377.SH,20251017,13.35,13.61,13.29,13.45,116717.02,157242.511
600378.SH,20251017,29.59,29.7,28.29,28.35,83489.71,240614.876
600379.SH,20251017,13.16,13.16,11.74,11.91,106400.47,130834.65
600380.SH,20251017,12.25,12.38,12.05,12.06,151094.2,184162.672
600381.SH,20251017,4.98,5.12,4.92,4.96,148564.73,74696.722
600382.SH,20251017,6.82,7.47,6.81,7.47,458008.51,332402.224
600383.SH,20251017,4.18,4.27,4.09,4.1,750408.0,312631.57
600386.SH,20251017,4.53,4.61,4.5,4.51,133663.0,60689.83
600388.SH,20251017,15.43,15.44,15.07,15.11,126843.83,192675.007
600389.SH,20251017,25.0,25.29,24.28,24.36,56702.18,140001.096
600390.SH,20251017,5.92,5.96,5.83,5.83,374488.36,220311.889
600391.SH,20251017,28.44,28.76,27.04,27.19,129139.46,358578.829
600392.SH,20251017,24.0,24.8,23.5,23.62,1145390.45,2761407.882
600395.SH,20251017,5.64,5.7,5.54,5.59,228431.64,128248.978
600396.SH,20251017,3.24,3.28,3.23,3.26,190912.0,62242.634
600397.SH,20251017,7.58,7.84,7.3,7.35,344004.0,258440.687
600398.SH,20251017,6.53,6.68,6.51,6.56,450903.13,297747.797
600399.SH,20251017,5.23,5.28,5.12,5.13,290620.02,150947.272
600400.SH,20251017,2.88,2.91,2.75,2.76,1091038.67,307263.057
600403.SH,20251017,6.5,6.6,6.41,6.6,480654.8,315679.592
600405.SH,20251017,5.9,6.0,5.7,5.74,440555.61,255659.486
600406.SH,20251017,23.73,23.83,23.0,23.01,736496.97,1713302.152
600408.SH,20251017,2.84,2.97,2.81,2.97,1985079.26,583475.537
600409.SH,20251017,5.57,5.66,5.47,5.47,188307.84,104691.005
600410.SH,20251017,18.55,18.62,17.97,17.99,900900.83,1641051.838
600415.SH,20251017,19.98,20.12,19.1,19.18,748089.48,1462179.724
600416.SH,20251017,14.91,15.06,14.08,14.2,346365.43,501114.909
600418.SH,20251017,50.5,50.5,48.17,48.3,479304.39,2348517.999
600419.SH,20251017,10.31,10.4,10.24,10.24,36579.1,37702.42
600420.SH,20251017,10.78,10.84,10.64,10.67,94467.0,101343.28
600421.SH,20251017,7.57,7.57,7.35,7.41,22250.0,16515.546
600422.SH,20251017,14.13,14.46,14.08,14.24,279059.86,400129.842
600423.SH,20251017,3.72,3.74,3.66,3.68,113889.0,42164.263
600425.SH,20251017,4.76,4.77,4.66,4.67,454033.15,213990.146
600426.SH,20251017,25.07,25.37,24.43,24.63,180723.29,446881.28
600428.SH,20251017,7.06,7.2,7.03,7.05,348397.44,247582.866
600429.SH,20251017,4.77,4.8,4.74,4.75,80457.0,38412.414
600433.SH,20251017,3.36,3.38,3.31,3.32,328060.26,109955.589
600435.SH,20251017,14.63,14.78,14.18,14.24,268437.74,387628.772
600436.SH,20251017,197.35,197.55,195.6,196.34,20028.08,392957.571
600438.SH,20251017,24.8,25.24,23.5,23.6,1176763.86,2843272.523
600439.SH,20251017,2.8,2.83,2.78,2.78,149681.8,41975.094
600444.SH,20251017,18.72,18.82,18.35,18.41,51302.02,95070.679
600446.SH,20251017,17.31,17.48,16.79,16.83,180034.65,307459.0
600448.SH,20251017,3.49,3.53,3.44,3.45,241588.94,84027.792
600449.SH,20251017,13.37,13.49,13.3,13.4,63444.56,84920.737
600452.SH,20251017,9.51,9.53,9.34,9.36,195000.0,183418.887
600455.SH,20251017,25.99,26.26,25.66,25.96,10568.0,27426.378
600456.SH,20251017,32.3,32.78,31.24,31.34,83450.33,266229.31
600458.SH,20251017,15.56,15.59,14.37,14.52,281143.9,415111.401
600459.SH,20251017,17.54,17.79,16.85,16.93,284793.83,490823.132
600460.SH,20251017,31.44,32.13,29.94,29.94,640128.22,1974469.47
600461.SH,20251017,9.11,9.18,9.08,9.1,131615.89,120226.586
600463.SH,20251017,11.21,11.66,11.16,11.19,58568.0,66679.582
600467.SH,20251017,2.38,2.41,2.36,2.37,301202.29,71863.217
600468.SH,20251017,6.94,7.0,6.56,6.56,725071.22,488738.502
600469.SH,20251017,6.29,6.3,6.11,6.3,106921.78,66185.996
600470.SH,20251017,5.89,5.98,5.81,5.85,128285.0,75499.074
600475.SH,20251017,15.98,16.38,15.78,15.84,157323.2,251819.089
600476.SH,20251017,17.09,17.18,16.81,16.83,24977.0,42402.803
600477.SH,20251017,2.77,2.79,2.72,2.73,311468.85,85630.251
600478.SH,20251017,6.32,6.43,5.9,5.92,541093.62,330055.016
600479.SH,20251017,10.59,10.64,10.5,10.51,50010.0,52874.53
600480.SH,20251017,12.7,12.79,12.28,12.33,181916.1,227376.524
600481.SH,20251017,6.87,6.93,6.54,6.57,909920.42,606779.775
600482.SH,20251017,22.65,22.82,21.77,21.83,184476.03,409978.129
600483.SH,20251017,9.98,10.02,9.78,9.8,207452.45,205354.989
600486.SH,20251017,68.21,70.63,68.05,68.8,28650.51,197974.643
600487.SH,20251017,21.79,21.87,20.32,20.4,708253.97,1476060.793
600488.SH,20251017,4.15,4.21,4.13,4.16,84953.48,35430.538
600489.SH,20251017,25.22,25.5,24.57,24.96,1254660.64,3139653.092
600490.SH,20251017,9.51,9.74,8.77,8.82,1812793.69,1648028.028
600491.SH,20251017,3.44,3.47,3.38,3.39,219790.0,75368.379
600493.SH,20251017,6.59,6.69,6.52,6.61,54539.01,36127.75
600495.SH,20251017,5.08,5.08,4.95,4.96,150194.19,75100.176
600496.SH,20251017,4.13,4.37,4.1,4.24,1646328.17,701536.577
600497.SH,20251017,6.82,6.91,6.6,6.64,1393557.56,939071.783
600498.SH,20251017,27.15,27.29,25.51,25.55,470607.19,1235458.191
600499.SH,20251017,11.59,11.92,11.37,11.41,179315.02,208804.299
600500.SH,20251017,4.15,4.19,4.09,4.1,216542.1,89604.359
600501.SH,20251017,23.9,24.1,22.22,22.22,240515.96,554427.076
600502.SH,20251017,4.69,4.71,4.65,4.65,140082.64,65507.327
600503.SH,20251017,3.28,3.37,3.25,3.35,817704.54,271046.584
600505.SH,20251017,13.71,13.79,13.51,13.55,54334.73,74231.386
600506.SH,20251017,20.14,21.0,19.91,20.52,181225.08,374250.331
600507.SH,20251017,5.35,5.52,5.35,5.39,202552.29,109726.929
600508.SH,20251017,12.85,12.98,12.68,12.74,86464.02,110780.428
600509.SH,20251017,8.86,8.97,8.44,8.48,717070.99,620116.602
600510.SH,20251017,7.81,7.93,7.6,7.6,104312.0,80938.466
600511.SH,20251017,28.85,29.0,28.58,28.63,37544.0,108122.711
600512.SH,20251017,2.52,2.56,2.51,2.51,271022.9,68636.837
600513.SH,20251017,21.15,21.72,20.5,20.54,313905.45,660621.224
600515.SH,20251017,4.23,4.62,4.21,4.5,4236993.95,1881249.942
600516.SH,20251017,5.3,5.35,5.15,5.18,448630.79,235080.328
600517.SH,20251017,5.87,5.87,5.57,5.59,410228.54,233921.632
600518.SH,20251017,2.04,2.07,2.02,2.02,2979980.03,608648.329
600519.SH,20251017,1483.1,1488.0,1454.03,1455.0,38085.89,5594724.9
600520.SH,20251017,27.52,27.94,27.15,27.37,33130.0,90745.837
600521.SH,20251017,19.9,20.11,19.23,19.27,310922.06,609767.936
600522.SH,20251017,18.12,18.15,16.84,16.9,1331166.8,2297718.849
600523.SH,20251017,15.2,15.2,14.3,14.3,154753.96,227110.494
600525.SH,20251017,3.37,3.42,3.33,3.34,134725.41,45310.161
600526.SH,20251017,5.32,5.34,5.26,5.29,102706.34,54342.218
600527.SH,20251017,2.29,2.37,2.27,2.28,590644.4,135880.17
600528.SH,20251017,8.51,8.53,8.35,8.36,180761.99,152417.333
600529.SH,20251017,21.16,21.24,21.0,21.02,72390.0,152582.432
600530.SH,20251017,8.45,8.54,8.15,8.4,154130.75,128681.897
600531.SH,20251017,15.28,15.41,14.14,14.18,1103272.8,1616764.997
600533.SH,20251017,2.74,2.8,2.72,2.73,250399.16,69129.639
600535.SH,20251017,16.0,16.09,15.89,15.9,190113.39,303951.673
600536.SH,20251017,51.5,52.74,50.35,52.01,452797.42,2334474.016
600537.SH,20251017,4.09,4.16,3.92,3.92,1091063.48,440010.67
600538.SH,20251017,5.61,5.68,5.54,5.63,76505.0,42965.195
600539.SH,20251017,10.88,10.88,10.6,10.64,40045.99,42864.316
600540.SH,20251017,4.8,4.84,4.75,4.75,112435.7,53889.081
600543.SH,20251017,5.91,6.0,5.75,5.8,111174.9,65324.188
600545.SH,20251017,3.06,3.29,3.03,3.17,1404758.18,445814.249
600546.SH,20251017,11.2,11.65,10.89,10.96,860446.94,968067.335
600547.SH,20251017,41.08,42.11,40.0,40.51,892760.95,3652695.894
600548.SH,20251017,10.25,10.27,10.17,10.18,42660.0,43589.731
600549.SH,20251017,30.91,31.58,29.83,29.97,409142.12,1249213.453
600550.SH,20251017,8.54,8.55,8.16,8.16,386761.96,320127.696
600551.SH,20251017,8.7,8.82,8.66,8.69,64100.2,55947.589
600552.SH,20251017,11.72,11.74,11.16,11.21,240657.0,273837.2
600556.SH,20251017,5.81,6.01,5.66,5.88,1789135.55,1050063.283
600557.SH,20251017,15.96,16.24,15.7,15.77,177980.32,284057.548
600558.SH,20251017,5.6,5.6,5.38,5.39,269395.0,146918.669
600559.SH,20251017,17.17,17.17,16.86,16.89,115979.36,197075.543
600560.SH,20251017,16.23,16.3,15.68,15.71,32715.0,52216.55
600561.SH,20251017,6.75,6.82,6.67,6.74,69498.62,46978.086
600562.SH,20251017,31.5,31.66,29.6,29.67,151318.65,461012.053
600563.SH,20251017,128.28,128.89,120.88,121.32,51183.73,627518.753
600566.SH,20251017,25.48,25.85,25.23,25.26,48125.58,122464.913
600567.SH,20251017,1.81,1.82,1.78,1.79,1035692.0,186541.731
600568.SH,20251017,1.83,1.87,1.83,1.86,180203.88,33485.828
600569.SH,20251017,2.3,2.37,2.27,2.29,334102.62,77656.736
600570.SH,20251017,32.18,32.37,31.02,31.14,354864.27,1122400.622
600571.SH,20251017,16.26,16.65,16.03,16.07,122908.46,200591.957
600572.SH,20251017,4.48,4.5,4.44,4.46,269344.83,120422.662
600573.SH,20251017,11.66,11.73,11.5,11.65,26818.28,31267.693
600575.SH,20251017,3.43,3.47,3.41,3.44,354585.0,121921.064
600576.SH,20251017,7.33,7.36,7.03,7.05,142650.76,102347.818
600577.SH,20251017,10.05,10.31,9.5,9.53,2033810.78,2004933.361
600578.SH,20251017,4.57,4.64,4.57,4.62,613141.8,282597.235
600579.SH,20251017,8.47,8.51,8.2,8.23,60931.0,50813.126
600580.SH,20251017,45.58,47.0,44.98,45.17,1047556.94,4808847.978
600581.SH,20251017,4.58,4.7,4.5,4.51,535835.0,246444.45
600582.SH,20251017,6.1,6.12,5.99,6.0,331698.62,200553.206
600583.SH,20251017,5.46,5.48,5.37,5.39,349220.3,188995.107
600584.SH,20251017,41.05,41.58,39.47,39.5,836492.6,3363928.719
600585.SH,20251017,23.91,24.24,23.7,23.74,416017.15,995795.488
600586.SH,20251017,4.95,4.99,4.87,4.87,162120.54,79705.96
600587.SH,20251017,16.77,16.83,16.2,16.2,130549.16,215534.018
600588.SH,20251017,14.76,14.82,14.23,14.26,545023.12,788794.466
600589.SH,20251017,7.12,7.21,6.95,6.99,475666.29,337344.257
600590.SH,20251017,9.52,9.56,9.13,9.15,287465.6,267522.734
600592.SH,20251017,24.76,24.83,23.46,23.53,143762.54,344430.772
600593.SH,20251017,36.9,38.35,36.76,37.98,87801.45,332691.637
600594.SH,20251017,4.24,4.27,4.19,4.21,163642.5,69203.212
600595.SH,20251017,5.99,6.35,5.83,6.06,1898168.14,1156365.807
600596.SH,20251017,10.14,10.35,9.97,9.98,138239.34,139819.6
600597.SH,20251017,8.57,8.61,8.5,8.51,83745.0,71657.865
600598.SH,20251017,14.7,14.88,14.65,14.77,293896.43,434182.961
600599.SH,20251017,8.02,8.13,7.91,7.93,17254.0,13780.802
600600.SH,20251017,68.14,68.5,67.5,67.6,52922.77,359732.654
600601.SH,20251017,9.94,10.02,9.52,9.57,1150374.12,1109786.774
600602.SH,20251017,19.9,19.9,19.11,19.15,191674.95,371686.233
600603.SH,20251017,8.48,8.53,8.26,8.31,97036.68,81438.359
600604.SH,20251017,6.1,6.12,5.88,5.89,327999.23,195764.062
600605.SH,20251017,32.75,33.95,32.41,33.35,35932.53,120143.567
600606.SH,20251017,1.79,1.81,1.75,1.76,1141382.63,203561.498
600608.SH,20251017,3.79,3.81,3.7,3.71,10406.0,3890.882
600609.SH,20251017,4.77,4.77,4.61,4.62,244357.07,114614.279
600610.SH,20251017,11.36,11.48,11.12,11.12,154800.01,174251.335
600611.SH,20251017,6.03,6.04,5.88,5.9,346419.97,206280.217
600612.SH,20251017,50.21,51.29,50.06,50.19,36216.12,183866.229
600613.SH,20251017,6.33,6.37,6.24,6.26,69620.0,43910.369
600615.SH,20251017,12.47,12.53,12.09,12.09,38385.0,46947.457
600616.SH,20251017,5.51,5.56,5.48,5.51,95437.2,52610.805
600617.SH,20251017,3.57,4.0,3.52,4.0,2250048.44,858809.724
600618.SH,20251017,11.25,11.47,11.05,11.09,161944.01,181521.829
600619.SH,20251017,22.39,22.6,21.25,21.29,378367.68,818323.936
600620.SH,20251017,6.28,6.31,6.07,6.1,80720.04,49746.766
600621.SH,20251017,16.74,16.84,16.17,16.17,208400.31,344186.408
600622.SH,20251017,2.79,2.84,2.76,2.77,341138.92,95382.272
600623.SH,20251017,8.98,9.26,8.88,8.93,208200.16,189125.567
600624.SH,20251017,5.02,5.25,5.01,5.25,245040.51,125862.465
600626.SH,20251017,5.05,5.09,4.82,4.86,627564.06,309592.869
600628.SH,20251017,7.39,7.42,7.31,7.32,56817.51,41845.458
600629.SH,20251017,37.77,39.8,37.04,38.1,920075.59,3542704.146
600630.SH,20251017,9.25,9.37,9.09,9.29,213700.66,197605.583
600633.SH,20251017,13.66,13.75,13.23,13.3,181413.77,244531.16
600635.SH,20251017,6.58,6.65,6.24,6.24,2605362.47,1671008.475
600636.SH,20251017,8.07,8.07,7.87,7.87,34997.23,27931.166
600637.SH,20251017,9.18,9.23,8.9,8.91,543781.49,491729.215
600638.SH,20251017,6.06,6.25,6.03,6.15,288148.05,177732.085
600639.SH,20251017,10.97,11.02,10.76,10.79,59071.0,64162.742
600640.SH,20251017,13.68,13.78,13.35,13.5,111054.33,150310.088
600641.SH,20251017,21.53,22.08,20.79,20.9,366096.87,779662.145
600642.SH,20251017,8.14,8.15,8.07,8.07,147263.09,119359.37
600643.SH,20251017,5.57,5.59,5.44,5.45,135310.0,74727.366
600644.SH,20251017,11.37,11.43,11.1,11.13,167244.9,188336.542
600645.SH,20251017,24.91,25.07,24.0,24.08,73911.79,180763.206
600648.SH,20251017,11.2,11.24,11.1,11.16,38414.92,42850.778
600649.SH,20251017,4.7,4.75,4.62,4.64,234178.88,109600.771
600650.SH,20251017,15.94,16.05,15.5,15.56,63494.0,100124.877
600651.SH,20251017,9.09,9.12,8.63,8.63,713437.6,629693.16
600653.SH,20251017,2.05,2.07,2.01,2.02,304153.0,62101.673
600654.SH,20251017,3.17,3.19,3.1,3.1,311618.23,97705.079
600655.SH,20251017,5.89,6.06,5.82,5.85,196825.22,116562.601
600657.SH,20251017,3.86,3.92,3.82,3.83,201515.96,77807.214
600658.SH,20251017,5.51,5.6,5.37,5.4,216541.0,118488.27
600660.SH,20251017,64.87,65.06,63.3,63.48,283307.0,1819619.741
600661.SH,20251017,10.16,10.48,10.1,10.1,40760.0,41712.939
600662.SH,20251017,5.39,5.41,5.33,5.36,93624.0,50242.506
600663.SH,20251017,8.63,8.68,8.53,8.56,85754.0,73777.114
600664.SH,20251017,3.64,3.68,3.63,3.64,340717.93,124624.861
600665.SH,20251017,3.4,3.46,3.38,3.4,147735.25,50575.215
600666.SH,20251017,3.34,3.53,3.31,3.45,1150468.66,392454.68
600667.SH,20251017,8.27,8.33,7.84,7.86,1159973.36,930643.325
600668.SH,20251017,11.89,11.97,11.68,11.7,55628.18,65632.803
600671.SH,20251017,19.44,19.7,17.5,18.4,120091.9,219676.85
600673.SH,20251017,21.47,21.47,20.22,20.34,524799.21,1083862.579
600674.SH,20251017,14.93,15.0,14.77,14.84,259394.96,386196.072
600675.SH,20251017,2.95,2.99,2.91,2.93,386606.31,114225.766
600676.SH,20251017,6.46,6.46,6.28,6.34,234602.1,149186.925
600678.SH,20251017,9.28,9.33,9.08,9.08,89053.01,81935.176
600679.SH,20251017,12.38,12.5,12.24,12.25,35307.0,43555.232
600681.SH,20251017,3.95,4.23,3.95,4.15,566671.14,233625.829
600682.SH,20251017,7.7,7.72,7.45,7.49,166016.98,126088.85
600683.SH,20251017,4.13,4.21,4.11,4.15,105786.0,44110.463
600684.SH,20251017,5.85,6.12,5.65,5.68,346459.82,202224.427
600685.SH,20251017,26.75,27.03,25.97,26.02,126594.47,334341.639
600686.SH,20251017,13.18,13.34,12.48,12.49,451685.33,578118.658
600688.SH,20251017,2.74,2.76,2.71,2.72,394394.75,108066.957
600689.SH,20251017,13.78,13.92,13.58,13.59,32752.0,44856.234
600690.SH,20251017,25.18,25.5,25.01,25.02,442199.23,1114095.268
600691.SH,20251017,2.88,2.94,2.85,2.86,290050.32,83998.174
600692.SH,20251017,7.89,8.08,7.8,8.02,121511.0,96750.413
600693.SH,20251017,5.85,5.95,5.82,5.82,155588.44,91577.532
600694.SH,20251017,17.63,17.8,17.52,17.54,34800.18,61529.619
600696.SH,20251017,5.65,5.69,5.47,5.5,37634.0,20843.162
600697.SH,20251017,13.1,13.29,13.04,13.11,78852.0,103905.224
600698.SH,20251017,10.27,10.3,9.84,9.86,340060.0,340575.57
600699.SH,20251017,31.1,31.1,29.06,29.2,443707.54,1320912.536
600702.SH,20251017,63.0,63.19,61.84,61.87,74246.49,462899.547
600703.SH,20251017,14.56,14.61,13.91,13.95,886004.59,1258373.049
600704.SH,20251017,5.97,6.13,5.86,5.87,1040937.39,622788.154
600706.SH,20251017,9.98,10.07,9.84,9.85,102748.6,102449.901
600707.SH,20251017,5.83,5.87,5.76,5.77,180490.74,104876.842
600708.SH,20251017,3.64,3.74,3.63,3.65,358082.65,131969.723
600710.SH,20251017,10.26,10.34,10.02,10.02,112494.0,114130.445
600711.SH,20251017,10.99,11.22,10.44,10.45,2199900.35,2384954.238
600712.SH,20251017,6.92,7.36,6.85,7.11,329398.8,234084.043
600713.SH,20251017,5.01,5.03,4.97,4.97,80073.53,40046.215
600714.SH,20251017,12.32,12.38,11.91,11.94,55500.0,67304.244
600715.SH,20251017,2.51,2.54,2.46,2.47,495014.0,123563.316
600716.SH,20251017,3.9,3.94,3.87,3.89,106620.17,41619.377
600717.SH,20251017,4.77,4.8,4.72,4.73,252970.83,120640.301
600718.SH,20251017,10.73,10.79,10.38,10.41,280405.11,295547.258
600719.SH,20251017,6.24,6.45,6.24,6.35,157964.6,100171.601
600720.SH,20251017,7.68,7.7,7.58,7.6,69287.92,52911.359
600721.SH,20251017,9.22,9.22,8.95,8.96,103140.0,93532.81
600722.SH,20251017,6.31,6.38,6.23,6.24,115477.0,72729.194
600724.SH,20251017,5.24,5.31,5.2,5.22,128602.0,67588.222
600725.SH,20251017,3.61,3.76,3.59,3.65,325696.02,119227.058
600726.SH,20251017,2.54,2.57,2.51,2.52,412246.0,104872.338
600727.SH,20251017,7.42,7.49,7.35,7.36,45863.0,34036.176
600728.SH,20251017,6.63,6.66,6.4,6.42,499704.04,325469.295
600729.SH,20251017,27.2,27.79,27.01,27.08,44684.05,122208.596
600730.SH,20251017,8.93,9.24,8.72,9.0,286580.74,257160.547
600731.SH,20251017,7.43,7.54,7.4,7.49,150522.03,112618.406
600732.SH,20251017,17.43,17.78,16.63,16.66,564678.71,960978.206
600733.SH,20251017,7.95,7.97,7.63,7.65,1522493.03,1182116.498
600734.SH,20251017,3.57,3.58,3.42,3.44,351880.01,123280.177
600735.SH,20251017,5.04,5.04,5.04,5.04,21495.0,10833.48
600736.SH,20251017,5.83,5.89,5.7,5.72,193969.21,112329.204
600737.SH,20251017,15.3,15.49,14.88,14.91,323743.33,489115.943
600738.SH,20251017,5.01,5.03,4.96,4.97,95680.01,47852.028
600739.SH,20251017,12.45,12.55,12.01,12.04,166683.4,204157.736
600740.SH,20251017,4.15,4.25,4.14,4.15,475800.21,199881.081
600741.SH,20251017,19.8,20.33,19.44,19.51,249599.99,493862.533
600742.SH,20251017,9.65,9.7,9.33,9.35,104029.45,98750.833
600743.SH,20251017,2.09,2.12,2.06,2.06,208670.18,43619.256
600744.SH,20251017,6.64,6.79,6.57,6.62,719863.51,479512.133
600745.SH,20251017,36.99,39.5,36.6,38.5,1666301.56,6417753.249
600746.SH,20251017,7.18,7.22,7.09,7.1,43038.0,30728.169
600748.SH,20251017,6.36,6.36,6.1,6.25,1657285.41,1048142.236
600749.SH,20251017,18.08,18.35,17.85,17.85,112539.01,203829.89
600750.SH,20251017,21.82,21.88,21.63,21.69,45076.24,98131.502
600751.SH,20251017,4.64,4.69,4.49,4.55,536155.97,244267.456
600753.SH,20251017,6.94,7.0,6.91,6.93,9570.0,6642.458
600754.SH,20251017,22.2,22.25,21.8,21.8,86428.08,190237.331
600755.SH,20251017,6.25,6.3,6.21,6.21,239530.9,149945.922
600756.SH,20251017,16.14,16.47,15.9,16.19,243981.89,394065.635
600757.SH,20251017,8.51,8.59,8.49,8.54,161811.89,138137.72
600758.SH,20251017,4.13,4.28,4.13,4.16,527500.51,222016.105
600759.SH,20251017,2.32,2.37,2.31,2.34,1969268.0,462203.407
600760.SH,20251017,66.8,67.99,64.42,64.57,324573.41,2139511.987
600761.SH,20251017,20.51,20.64,20.01,20.08,77047.77,156066.098
600763.SH,20251017,43.12,43.33,41.95,41.95,69856.6,296962.391
600764.SH,20251017,31.75,31.92,30.75,30.87,59528.4,185826.393
600765.SH,20251017,16.11,16.22,15.78,15.78,161999.09,258769.656
600768.SH,20251017,12.39,12.48,12.21,12.33,25977.0,32071.638
600769.SH,20251017,13.28,14.36,13.0,13.56,261873.25,359033.745
600770.SH,20251017,5.57,5.61,5.34,5.36,283339.03,154785.003
600771.SH,20251017,19.33,19.5,18.94,19.01,74350.91,142896.318
600773.SH,20251017,10.95,11.47,10.94,11.02,212992.23,237993.481
600774.SH,20251017,9.59,9.7,9.48,9.52,47851.0,45923.994
600775.SH,20251017,11.8,11.89,11.38,11.4,378409.03,440241.252
600776.SH,20251017,12.33,12.43,11.95,11.96,183813.06,223333.055
600777.SH,20251017,4.12,4.33,4.03,4.18,516288.54,218219.904
600778.SH,20251017,6.54,6.64,6.47,6.49,88296.5,57914.641
600779.SH,20251017,42.78,42.96,42.1,42.1,20706.58,87967.679
600780.SH,20251017,5.99,6.02,5.93,5.94,122229.0,73088.959
600782.SH,20251017,4.05,4.17,4.04,4.05,491218.0,201509.66
600783.SH,20251017,13.81,13.98,13.25,13.27,139191.95,188874.934
600784.SH,20251017,6.48,6.69,6.46,6.58,172569.81,113658.597
600785.SH,20251017,13.1,13.31,13.01,13.07,86500.0,113959.137
600787.SH,20251017,5.9,5.94,5.82,5.82,243758.96,142968.949
600789.SH,20251017,10.1,10.34,9.97,9.99,512586.33,519717.285
600790.SH,20251017,3.99,4.04,3.96,3.97,115437.93,46135.207
600791.SH,20251017,4.76,4.85,4.69,4.7,68760.01,32727.126
600792.SH,20251017,4.13,4.49,4.07,4.23,856755.02,367535.103
600793.SH,20251017,23.7,24.03,23.5,23.84,44755.01,106472.373
600794.SH,20251017,4.16,4.2,4.12,4.12,165757.9,68942.636
600795.SH,20251017,5.15,5.18,5.09,5.12,1117510.49,574645.938
600796.SH,20251017,5.86,5.91,5.81,5.85,67583.1,39575.107
600797.SH,20251017,10.59,10.59,10.08,10.1,435798.99,448825.04
600798.SH,20251017,4.14,4.31,4.1,4.1,1319205.4,551786.286
600800.SH,20251017,4.0,4.01,3.89,3.89,126437.0,49825.709
600801.SH,20251017,20.33,20.82,20.1,20.23,211921.56,433412.298
600802.SH,20251017,5.54,5.9,5.51,5.65,241108.44,137230.483
600803.SH,20251017,18.5,18.62,18.38,18.42,56277.0,103949.856
600805.SH,20251017,5.18,5.2,5.07,5.1,117319.0,60285.123
600807.SH,20251017,3.08,3.12,3.04,3.05,134737.0,41440.937
600808.SH,20251017,4.11,4.26,3.98,3.98,1143686.92,466694.576
600809.SH,20251017,198.0,199.98,195.52,195.9,46559.37,918586.918
600810.SH,20251017,10.64,10.64,10.1,10.12,622774.89,643007.832
600812.SH,20251017,5.95,6.01,5.91,5.92,165316.43,98603.953
600814.SH,20251017,7.47,7.5,7.36,7.39,41091.23,30538.935
600815.SH,20251017,2.75,2.92,2.74,2.84,756589.16,215177.573
600816.SH,20251017,2.98,3.01,2.93,2.94,708071.0,210030.901
600817.SH,20251017,11.59,11.6,11.31,11.32,36865.99,42110.307
600818.SH,20251017,10.08,10.18,9.98,9.99,37675.0,37881.122
600819.SH,20251017,8.61,8.68,7.97,8.03,572557.66,470180.851
600820.SH,20251017,6.52,6.56,6.47,6.48,276913.53,180485.099
600821.SH,20251017,5.82,5.84,5.7,5.72,316347.91,181827.867
600822.SH,20251017,11.13,11.13,10.9,10.94,64869.9,71431.62
600824.SH,20251017,4.23,4.28,4.2,4.22,132906.01,56444.954
600825.SH,20251017,6.6,6.62,6.43,6.44,108471.0,70786.139
600826.SH,20251017,10.36,10.49,10.2,10.22,81415.99,84178.571
600827.SH,20251017,9.15,9.2,9.01,9.04,91834.34,83508.135
600828.SH,20251017,3.97,4.06,3.95,3.96,154439.23,61740.445
600829.SH,20251017,8.13,8.15,8.01,8.01,49166.31,39732.142
600830.SH,20251017,9.63,9.76,9.46,9.5,73819.32,70868.076
600831.SH,20251017,4.88,4.98,4.86,4.88,102064.49,50071.8
600833.SH,20251017,13.26,13.39,13.12,13.13,35046.0,46470.2
600834.SH,20251017,8.9,8.94,8.79,8.79,54650.18,48381.322
600835.SH,20251017,25.3,25.33,24.2,24.29,115795.74,284963.599
600838.SH,20251017,8.29,8.37,8.21,8.21,46211.08,38325.544
600839.SH,20251017,10.12,10.16,9.92,9.92,1338761.88,1339379.733
600841.SH,20251017,6.31,6.31,6.09,6.1,144919.0,89343.188
600843.SH,20251017,13.09,13.32,12.48,12.49,501995.85,646254.115
600844.SH,20251017,2.97,3.0,2.91,2.94,115987.0,34270.093
600845.SH,20251017,23.15,23.28,22.78,22.8,150512.86,345678.14
600846.SH,20251017,13.65,14.0,13.4,13.88,111223.88,153039.015
600847.SH,20251017,11.37,11.37,10.99,11.15,31498.0,35223.386
600848.SH,20251017,11.89,12.06,11.36,11.41,366920.29,426143.239
600850.SH,20251017,27.81,27.87,26.61,26.7,121391.59,327917.03
600851.SH,20251017,6.73,6.78,6.6,6.61,44459.13,29756.71
600853.SH,20251017,4.11,4.16,4.1,4.11,222077.04,91722.683
600854.SH,20251017,5.23,5.26,5.17,5.18,72097.89,37572.545
600855.SH,20251017,14.14,14.26,13.63,13.65,88733.31,123356.934
600857.SH,20251017,17.8,17.85,16.54,17.06,141494.01,241831.62
600858.SH,20251017,5.6,5.66,5.55,5.56,106405.02,59752.192
600859.SH,20251017,14.08,14.23,13.91,13.92,207187.09,291936.218
600860.SH,20251017,11.95,11.95,11.5,11.5,47159.06,55096.33
600861.SH,20251017,19.39,19.54,19.18,19.28,22550.25,43573.682
600862.SH,20251017,23.16,23.32,22.56,22.63,140469.86,321681.617
600863.SH,20251017,4.27,4.31,4.23,4.24,528473.79,225838.942
600864.SH,20251017,7.48,7.57,7.29,7.3,464216.35,344479.052
600865.SH,20251017,9.3,9.41,9.24,9.24,45754.57,42657.385
600866.SH,20251017,7.64,7.72,7.5,7.52,237389.37,180445.847
600867.SH,20251017,8.9,8.97,8.78,8.8,223410.18,198197.651
600868.SH,20251017,3.17,3.32,3.07,3.08,2525230.11,802558.957
600869.SH,20251017,7.62,7.63,7.17,7.2,668787.21,489180.682
600871.SH,20251017,2.08,2.1,2.05,2.06,1146485.0,238354.155
600872.SH,20251017,18.61,18.66,18.38,18.4,65064.17,120352.725
600873.SH,20251017,10.9,10.97,10.8,10.82,152069.0,165420.721
600874.SH,20251017,6.2,6.24,6.16,6.18,135366.46,83952.197
600875.SH,20251017,20.82,20.9,19.72,19.74,600121.41,1207814.103
600876.SH,20251017,10.82,10.87,10.44,10.49,29269.43,31027.72
600877.SH,20251017,13.68,13.71,13.18,13.23,142891.13,190864.101
600879.SH,20251017,11.57,11.67,11.04,11.06,612831.79,691304.378
600880.SH,20251017,4.78,4.79,4.68,4.68,111238.79,52621.494
600881.SH,20251017,1.85,1.87,1.82,1.84,712325.76,131511.017
600882.SH,20251017,26.5,27.2,26.3,26.61,79187.04,211123.322
600883.SH,20251017,8.16,8.27,8.1,8.16,29182.0,23915.97
600884.SH,20251017,13.08,13.2,12.38,12.4,1130900.66,1427797.203
600885.SH,20251017,28.6,29.23,26.68,26.78,585889.31,1624615.228
600886.SH,20251017,14.32,14.39,14.17,14.22,291538.05,416326.577
600887.SH,20251017,27.81,27.96,27.31,27.35,429520.0,1185057.313
600888.SH,20251017,8.22,8.32,7.95,7.98,391782.55,317410.949
600889.SH,20251017,15.62,15.72,15.13,15.15,73022.4,112500.109
600892.SH,20251017,4.1,4.16,3.9,3.94,175792.0,70114.146
600893.SH,20251017,41.85,42.43,39.99,40.34,313454.69,1286519.271
600894.SH,20251017,10.1,10.12,9.92,9.94,32433.0,32425.292
600895.SH,20251017,46.5,46.68,43.5,43.61,645234.26,2878194.022
600897.SH,20251017,14.64,15.34,14.58,15.33,140093.47,211245.361
600900.SH,20251017,28.13,28.38,28.06,28.11,1147021.54,3235603.482
600901.SH,20251017,5.79,5.95,5.79,5.89,515705.71,303421.066
600903.SH,20251017,7.08,7.23,7.05,7.11,313941.91,224201.712
600905.SH,20251017,4.31,4.35,4.29,4.3,1776198.59,766581.679
600906.SH,20251017,7.25,7.31,7.12,7.13,224712.68,162066.102
600908.SH,20251017,6.15,6.22,6.14,6.16,204937.35,126737.986
600909.SH,20251017,6.43,6.49,6.29,6.31,558461.7,355737.968
600916.SH,20251017,8.79,8.92,8.68,8.7,533418.24,468251.417
600917.SH,20251017,5.97,6.07,5.92,5.98,126908.07,76101.795
600918.SH,20251017,7.02,7.06,6.84,6.86,304532.6,211509.31
600919.SH,20251017,11.02,11.17,10.95,10.99,1543692.34,1708159.204
600925.SH,20251017,4.91,4.93,4.85,4.86,174190.0,85269.916
600926.SH,20251017,16.28,16.57,16.26,16.4,722245.14,1186637.441
600927.SH,20251017,14.76,14.82,14.36,14.38,50862.0,74115.403
600928.SH,20251017,4.02,4.08,4.01,4.02,392545.49,158704.166
600929.SH,20251017,5.95,6.05,5.88,5.89,160124.4,95583.165
600930.SH,20251017,6.42,6.43,6.35,6.35,1017571.47,649343.367
600933.SH,20251017,20.68,20.68,19.87,20.09,188204.0,380103.217
600935.SH,20251017,2.48,2.55,2.47,2.49,338943.0,85188.411
600936.SH,20251017,3.56,3.59,3.53,3.54,82448.0,29329.142
600938.SH,20251017,25.85,25.92,25.56,25.59,430294.48,1107977.398
600939.SH,20251017,3.28,3.31,3.24,3.24,100016.0,32751.656
600941.SH,20251017,107.61,108.36,107.47,107.93,122736.83,1325774.639
600955.SH,20251017,14.35,14.45,14.15,14.15,15191.0,21668.121
600956.SH,20251017,7.94,8.01,7.89,7.91,83876.02,66645.998
600958.SH,20251017,11.55,11.74,11.32,11.35,1367152.07,1573722.167
600959.SH,20251017,3.55,3.57,3.48,3.49,428677.69,150866.126
600960.SH,20251017,6.12,6.28,5.57,5.74,1288301.43,763477.628
600961.SH,20251017,16.75,16.84,15.66,15.73,325357.74,524979.679
600962.SH,20251017,21.36,21.37,20.39,20.39,42037.0,87337.591
600963.SH,20251017,4.56,4.59,4.51,4.52,174583.72,79354.174
600965.SH,20251017,4.94,4.99,4.92,4.94,90657.13,44923.631
600966.SH,20251017,5.04,5.04,4.93,4.95,90496.0,45038.49
600967.SH,20251017,19.47,19.49,18.55,18.59,562361.02,1068262.639
600968.SH,20251017,3.97,3.98,3.91,3.92,338126.0,133358.281
600969.SH,20251017,7.28,7.32,7.22,7.23,43410.6,31570.099
600970.SH,20251017,9.44,9.5,9.36,9.38,287931.23,271560.82
600971.SH,20251017,7.13,7.2,7.03,7.05,179428.09,127548.125
600973.SH,20251017,5.55,5.56,5.09,5.11,616136.62,323849.061
600975.SH,20251017,6.32,6.36,6.27,6.28,174389.3,110239.342
600976.SH,20251017,40.34,40.67,40.0,40.02,12323.0,49637.99
600977.SH,20251017,13.5,13.58,13.2,13.24,259970.86,347573.091
600979.SH,20251017,4.84,4.84,4.75,4.75,237297.58,113540.823
600980.SH,20251017,25.43,25.84,24.55,24.64,99089.23,248805.494
600981.SH,20251017,2.87,2.91,2.82,2.82,208928.28,59718.662
600982.SH,20251017,4.67,4.69,4.62,4.64,163498.0,76023.261
600983.SH,20251017,10.41,10.53,10.3,10.31,26923.0,27980.065
600984.SH,20251017,3.68,3.72,3.54,3.56,179078.6,64756.847
600985.SH,20251017,13.26,13.5,13.18,13.36,320983.87,429889.591
600986.SH,20251017,8.02,8.11,7.91,7.95,283877.46,226858.999
600987.SH,20251017,7.38,7.46,7.3,7.35,109209.74,80444.868
600988.SH,20251017,32.4,32.6,30.84,31.0,802830.72,2538511.531
600989.SH,20251017,17.09,17.23,16.88,16.92,294356.32,500058.611
600990.SH,20251017,28.07,29.43,26.66,26.96,163578.16,460187.405
600992.SH,20251017,13.9,13.92,13.63,13.65,35265.0,48377.412
600993.SH,20251017,28.82,28.93,28.28,28.4,84599.05,241414.187
600995.SH,20251017,12.9,12.9,12.4,12.69,296543.03,372254.234
600996.SH,20251017,9.69,9.73,9.37,9.38,283759.13,269755.995
600997.SH,20251017,7.21,7.24,7.12,7.17,130559.03,93742.347
600998.SH,20251017,4.93,4.95,4.87,4.88,308750.44,151761.242
600999.SH,20251017,17.28,17.45,16.98,16.99,751103.21,1290488.478
601000.SH,20251017,3.9,3.95,3.89,3.92,433510.44,170312.557
601001.SH,20251017,15.4,15.71,15.05,15.17,458284.77,702366.524
601002.SH,20251017,5.3,5.33,5.15,5.15,105353.31,54992.881
601003.SH,20251017,5.21,5.64,5.2,5.28,621194.28,334040.718
601005.SH,20251017,1.51,1.54,1.49,1.5,1932644.1,292531.374
601006.SH,20251017,5.9,5.95,5.89,5.9,1054964.2,625127.758
601007.SH,20251017,7.27,7.29,7.15,7.16,68419.75,49542.437
601008.SH,20251017,5.95,6.13,5.85,5.86,714293.12,428376.877
601009.SH,20251017,11.65,11.8,11.64,11.68,415774.85,486658.453
601010.SH,20251017,2.68,2.7,2.63,2.64,250213.0,66608.52
601011.SH,20251017,3.88,4.34,3.8,4.0,4763925.05,1944243.781
601012.SH,20251017,20.09,20.74,19.52,19.7,3394179.02,6805387.264
601015.SH,20251017,3.87,3.99,3.83,3.85,762749.67,298016.667
601016.SH,20251017,3.22,3.22,3.13,3.14,908513.36,287668.415
601018.SH,20251017,3.83,3.84,3.78,3.78,818030.0,311212.751
601019.SH,20251017,7.66,7.69,7.61,7.62,113319.84,86771.237
601020.SH,20251017,29.44,29.66,27.35,27.43,492989.89,1396633.12
601021.SH,20251017,52.69,54.24,52.47,53.71,103692.14,557579.208
601022.SH,20251017,10.57,10.93,10.42,10.45,569276.14,605613.032
601026.SH,20251017,24.77,30.0,24.06,29.68,853285.88,2301298.492
601033.SH,20251017,16.25,16.37,16.12,16.13,38561.4,62608.778
601038.SH,20251017,12.92,12.92,12.53,12.55,51134.0,64866.878
601058.SH,20251017,14.24,14.24,13.74,13.76,256638.7,357724.972
601059.SH,20251017,20.21,20.79,20.0,20.0,748756.21,1522291.589
601061.SH,20251017,10.82,10.82,10.25,10.28,294412.61,307608.447
601065.SH,20251017,8.35,8.41,8.35,8.37,44235.9,37077.053
601066.SH,20251017,26.78,26.96,26.04,26.15,144402.0,382620.194
601068.SH,20251017,5.24,5.36,5.14,5.16,215736.0,112616.973
601069.SH,20251017,33.6,34.66,32.8,33.26,516784.65,1738502.888
601077.SH,20251017,7.28,7.42,7.22,7.28,596516.78,435412.992
601083.SH,20251017,12.19,12.32,12.05,12.08,198623.09,242206.002
601086.SH,20251017,11.01,11.33,10.79,10.8,213203.6,234508.387
601088.SH,20251017,41.97,42.66,41.65,41.9,454770.45,1916397.491
601089.SH,20251017,23.02,24.18,22.7,23.35,150664.81,355431.907
601096.SH,20251017,4.44,4.46,4.32,4.35,253499.85,110872.144
601098.SH,20251017,12.36,12.47,12.26,12.31,126836.57,156886.777
601099.SH,20251017,4.48,4.52,4.37,4.38,1818562.53,810265.152
601100.SH,20251017,93.26,93.7,89.03,89.28,89719.0,811686.003
601101.SH,20251017,7.8,7.95,7.72,7.75,228274.78,178701.285
601106.SH,20251017,3.1,3.11,3.0,3.01,620777.53,188727.707
601107.SH,20251017,5.78,5.86,5.75,5.82,317190.7,184371.969
601108.SH,20251017,8.5,8.58,8.33,8.33,383001.65,323777.102
601111.SH,20251017,8.33,8.52,8.26,8.46,1235838.79,1043501.243
601113.SH,20251017,4.25,4.28,4.11,4.11,345795.0,144327.54
601116.SH,20251017,14.85,15.48,14.43,14.44,374168.77,557494.948
601117.SH,20251017,7.55,7.59,7.42,7.44,579318.01,434757.537
601118.SH,20251017,5.45,5.52,5.38,5.41,498659.2,271574.519
601121.SH,20251017,6.99,7.23,6.99,7.14,207587.92,148159.199
601126.SH,20251017,26.47,28.48,26.1,27.14,1160703.67,3161493.191
601127.SH,20251017,159.0,159.84,155.01,155.08,279698.58,4393135.462
601128.SH,20251017,7.11,7.2,7.08,7.13,417644.93,298516.608
601133.SH,20251017,13.18,13.25,12.65,12.69,70125.0,90451.582
601136.SH,20251017,22.05,22.37,21.85,21.86,322109.38,712561.534
601137.SH,20251017,24.48,24.68,22.52,22.68,343936.54,803989.309
601138.SH,20251017,63.0,63.27,59.9,60.01,1378794.85,8413468.1
601139.SH,20251017,6.77,6.86,6.73,6.75,235017.94,159568.709
601155.SH,20251017,14.88,15.17,14.53,14.59,123123.21,182398.59
601156.SH,20251017,15.44,15.56,15.28,15.31,77872.96,119797.865
601158.SH,20251017,4.77,4.79,4.73,4.75,107390.01,51159.842
601162.SH,20251017,5.18,5.22,5.07,5.09,1879848.63,970631.934
601163.SH,20251017,14.26,14.36,14.13,14.13,44736.23,63675.444
601166.SH,20251017,20.43,20.62,20.15,20.19,1026704.97,2092372.211
601168.SH,20251017,23.0,23.16,22.1,22.18,397046.33,894786.313
601169.SH,20251017,5.75,5.8,5.72,5.73,2449013.68,1411136.995
601177.SH,20251017,17.51,17.68,17.05,17.05,73794.01,127666.244
601179.SH,20251017,7.28,7.33,6.9,6.92,1771467.95,1247767.675
601186.SH,20251017,8.04,8.08,7.98,7.99,442531.95,355069.066
601187.SH,20251017,6.74,6.93,6.71,6.91,335894.54,230222.0
601188.SH,20251017,3.48,3.51,3.46,3.46,158117.6,55115.372
601198.SH,20251017,11.93,12.45,11.88,12.04,942693.71,1146639.967
601199.SH,20251017,5.69,5.73,5.62,5.65,58212.4,33067.391
601200.SH,20251017,8.17,8.22,8.09,8.1,84218.08,68636.708
601208.SH,20251017,18.42,18.55,17.48,17.53,291916.18,522160.348
601211.SH,20251017,19.12,19.24,18.7,18.7,1046462.17,1985446.883
601212.SH,20251017,6.03,6.53,6.03,6.53,6746033.61,4249198.963
601216.SH,20251017,5.19,5.23,5.11,5.12,678965.58,350847.207
601218.SH,20251017,5.81,5.84,5.51,5.57,1279460.26,719351.104
601222.SH,20251017,6.14,6.16,5.94,5.96,416427.66,250677.071
601225.SH,20251017,22.55,22.8,22.28,22.45,578275.92,1302960.668
601226.SH,20251017,7.45,7.53,7.18,7.19,206461.74,150483.796
601228.SH,20251017,3.43,3.45,3.38,3.39,249292.0,85114.22
601229.SH,20251017,9.56,9.66,9.45,9.49,768894.29,733807.211
601231.SH,20251017,20.2,20.21,18.86,18.94,211162.38,406754.573
601233.SH,20251017,13.48,13.7,13.06,13.09,195587.07,259784.971
601236.SH,20251017,9.04,9.13,8.85,8.85,303681.27,273250.247
601238.SH,20251017,7.97,7.97,7.7,7.71,582873.4,454626.483
601279.SH,20251017,4.43,4.46,4.25,4.26,364593.0,157580.806
601288.SH,20251017,7.49,7.69,7.47,7.62,6031330.88,4575465.343
601298.SH,20251017,8.59,8.72,8.59,8.66,163152.64,141199.104
601311.SH,20251017,11.0,11.09,10.4,10.44,401793.15,427744.966
601318.SH,20251017,58.0,58.48,57.17,57.28,677492.81,3916934.527
601319.SH,20251017,8.53,8.68,8.46,8.5,1085459.83,929806.163
601326.SH,20251017,3.52,3.55,3.48,3.48,280329.85,98631.216
601328.SH,20251017,7.0,7.11,6.95,6.98,2601888.31,1829178.381
601330.SH,20251017,7.07,7.14,7.06,7.08,61929.0,43946.253
601333.SH,20251017,3.35,3.44,3.35,3.38,1009240.2,342502.824
601336.SH,20251017,68.64,69.21,66.79,66.96,325297.8,2211241.443
601339.SH,20251017,5.62,5.63,5.55,5.55,92426.0,51616.448
601360.SH,20251017,10.62,10.62,10.21,10.24,1017299.75,1058491.9
601366.SH,20251017,4.55,4.59,4.55,4.56,80303.0,36652.401
601368.SH,20251017,4.96,4.98,4.92,4.94,38649.0,19148.012
601369.SH,20251017,8.57,8.57,8.43,8.46,94325.0,80018.926
601375.SH,20251017,4.54,4.59,4.45,4.46,513866.49,232069.016
601377.SH,20251017,6.59,6.65,6.45,6.45,899873.99,588268.403
601388.SH,20251017,2.96,3.03,2.89,2.89,525108.0,155030.952
601390.SH,20251017,5.75,5.77,5.65,5.67,1298194.25,741032.576
601398.SH,20251017,7.63,7.72,7.57,7.62,4087002.46,3125404.222
601399.SH,20251017,3.49,3.51,3.36,3.37,1086570.2,371938.325
601456.SH,20251017,11.16,11.26,10.9,10.9,396418.65,438854.743
601500.SH,20251017,4.43,4.44,4.37,4.38,140538.34,61862.569
601512.SH,20251017,9.68,9.72,9.31,9.36,74213.0,70278.19
601515.SH,20251017,4.55,4.56,4.38,4.4,297440.6,132312.637
601518.SH,20251017,2.8,2.82,2.78,2.79,151115.4,42291.879
601519.SH,20251017,14.55,14.7,13.74,13.79,565087.89,803235.473
601528.SH,20251017,5.5,5.56,5.47,5.53,196514.77,108340.95
601555.SH,20251017,9.71,9.88,9.58,9.61,860645.71,836627.775
601566.SH,20251017,8.8,8.86,8.72,8.74,27874.1,24492.16
601567.SH,20251017,25.53,25.54,23.86,24.0,211093.99,516025.883
601568.SH,20251017,3.95,3.99,3.94,3.94,172085.73,68216.445
601577.SH,20251017,9.33,9.44,9.31,9.35,224924.65,210909.488
601579.SH,20251017,24.01,24.16,23.05,23.05,244649.37,574199.311
601588.SH,20251017,1.93,1.96,1.88,1.89,385887.0,73930.552
601595.SH,20251017,27.56,27.83,27.28,27.3,41202.21,113500.061
601598.SH,20251017,6.29,6.32,6.24,6.26,197831.86,124152.575
601599.SH,20251017,3.51,3.53,3.46,3.46,119215.0,41568.417
601600.SH,20251017,8.72,8.86,8.45,8.47,2798475.93,2408065.628
601601.SH,20251017,37.61,38.0,36.65,36.75,408852.41,1525177.722
601606.SH,20251017,50.56,51.93,49.5,49.57,673720.29,3398805.031
601607.SH,20251017,18.35,18.41,18.12,18.15,153520.11,280564.281
601608.SH,20251017,5.71,5.87,5.68,5.7,740967.24,426632.959
601609.SH,20251017,12.06,12.28,12.06,12.11,478026.88,580544.989
601611.SH,20251017,11.5,11.58,10.67,10.77,1732368.77,1899526.118
601615.SH,20251017,16.0,16.29,15.26,15.3,904156.31,1404676.358
601616.SH,20251017,4.29,4.35,4.08,4.1,526826.81,219471.447
601618.SH,20251017,3.83,3.83,3.7,3.71,1995126.65,746243.072
601619.SH,20251017,5.12,5.12,4.79,4.8,1245167.15,611271.362
601628.SH,20251017,42.52,42.75,40.68,40.81,342939.13,1424512.112
601633.SH,20251017,23.52,23.6,22.8,22.85,221771.14,512083.914
601636.SH,20251017,7.14,7.23,7.06,7.09,283208.56,201475.597
601658.SH,20251017,5.75,5.79,5.69,5.72,1735108.43,996397.302
601665.SH,20251017,6.11,6.22,6.09,6.18,723960.4,446389.948
601666.SH,20251017,8.4,8.58,8.34,8.35,768738.44,649431.921
601668.SH,20251017,5.65,5.68,5.58,5.59,2366117.7,1334159.579
601669.SH,20251017,5.77,5.82,5.66,5.68,2020325.27,1158368.093
601677.SH,20251017,14.5,14.81,14.31,14.35,352054.0,510958.505
601678.SH,20251017,4.25,4.32,4.2,4.21,257830.88,109568.165
601686.SH,20251017,6.22,6.28,6.14,6.18,76415.0,47350.888
601688.SH,20251017,22.02,22.32,21.56,21.56,1274177.32,2788967.58
601689.SH,20251017,67.8,68.2,65.38,65.68,322403.98,2139934.162
601696.SH,20251017,14.12,14.45,14.0,14.03,552950.28,787417.706
601698.SH,20251017,21.08,21.43,20.59,20.63,334934.75,702493.672
601699.SH,20251017,15.7,16.27,15.32,15.35,625907.89,988439.272
601700.SH,20251017,4.82,4.82,4.63,4.65,152778.5,71905.239
601702.SH,20251017,16.91,17.26,16.5,16.61,99588.2,166480.233
601717.SH,20251017,23.71,24.1,23.2,23.22,246076.94,577162.717
601718.SH,20251017,3.52,3.86,3.52,3.86,2118128.94,803067.015
601727.SH,20251017,9.59,9.62,9.1,9.13,3896758.18,3626496.811
601728.SH,20251017,6.83,6.95,6.82,6.91,1913335.3,1319751.05
601766.SH,20251017,7.89,7.9,7.7,7.71,1137658.91,885154.228
601777.SH,20251017,12.05,12.05,11.34,11.39,539133.01,621715.746
601778.SH,20251017,3.65,3.67,3.52,3.53,755083.53,270262.358
601788.SH,20251017,18.88,19.25,18.58,18.65,685229.47,1300349.313
601789.SH,20251017,5.41,5.46,5.33,5.34,301223.49,162377.98
601798.SH,20251017,9.56,9.67,9.07,9.1,117157.0,109049.767
601799.SH,20251017,132.6,133.0,128.05,128.18,19470.06,252948.662
601800.SH,20251017,8.87,8.91,8.72,8.74,318522.46,280915.75
601801.SH,20251017,6.52,6.54,6.44,6.45,72402.0,46967.55
601808.SH,20251017,13.81,13.84,13.62,13.63,80102.2,109873.517
601811.SH,20251017,14.9,15.05,14.77,14.79,25803.06,38503.186
601816.SH,20251017,5.17,5.22,5.14,5.16,1987183.58,1030022.92
601818.SH,20251017,3.46,3.49,3.43,3.43,3755716.44,1299624.664
601825.SH,20251017,8.8,8.89,8.79,8.86,296029.97,262036.349
601827.SH,20251017,8.33,8.35,8.26,8.26,39644.0,32900.036
601828.SH,20251017,2.78,2.81,2.74,2.75,213958.4,59403.273
601838.SH,20251017,18.6,18.83,18.45,18.51,266563.32,496342.992
601857.SH,20251017,8.41,8.5,8.36,8.41,1498353.43,1264055.684
601858.SH,20251017,19.15,19.21,18.75,18.79,37458.0,71027.548
601860.SH,20251017,2.91,2.94,2.89,2.9,628349.85,183393.773
601865.SH,20251017,17.41,17.76,16.83,16.93,322525.31,556286.439
601866.SH,20251017,2.61,2.64,2.56,2.57,1065778.01,277213.604
601868.SH,20251017,2.48,2.5,2.44,2.45,3456378.1,852718.589
601869.SH,20251017,90.0,90.0,82.23,82.6,144263.59,1214712.054
601872.SH,20251017,8.92,8.97,8.66,8.69,539096.68,473207.991
601877.SH,20251017,30.39,30.39,28.5,28.68,352766.7,1030116.217
601878.SH,20251017,11.64,11.71,11.36,11.36,470597.02,542075.548
601880.SH,20251017,1.78,1.8,1.74,1.75,1349962.79,238714.158
601881.SH,20251017,18.18,18.4,17.85,17.87,624945.48,1131377.02
601882.SH,20251017,20.2,20.28,19.59,19.59,46588.71,92717.711
601886.SH,20251017,7.75,7.83,7.7,7.71,52585.0,40785.998
601888.SH,20251017,70.01,71.29,69.39,70.02,345325.95,2428476.191
601890.SH,20251017,9.66,9.77,9.4,9.44,235513.02,225765.353
601898.SH,20251017,13.25,13.59,13.11,13.29,702968.22,939354.227
601899.SH,20251017,31.12,31.3,30.03,30.17,3044437.34,9293026.129
601900.SH,20251017,12.94,13.34,12.9,13.19,161518.73,212407.719
601901.SH,20251017,8.17,8.25,8.05,8.07,1113824.81,907515.425
601908.SH,20251017,4.4,4.5,4.13,4.14,1165993.0,497043.99
601916.SH,20251017,3.08,3.1,3.06,3.07,2228999.85,687140.451
601918.SH,20251017,6.83,6.96,6.77,6.78,736454.13,504520.439
601919.SH,20251017,15.02,15.1,14.9,14.96,930057.42,1393718.134
601921.SH,20251017,8.12,8.21,8.01,8.1,151974.0,123293.249
601928.SH,20251017,10.61,10.71,10.55,10.58,200536.28,212851.979
601929.SH,20251017,3.64,3.69,3.48,3.5,2323762.0,828313.412
601933.SH,20251017,4.76,4.84,4.71,4.71,1173608.05,558057.855
601939.SH,20251017,9.18,9.34,9.14,9.22,1701796.95,1575897.499
601949.SH,20251017,6.66,6.69,6.61,6.62,62788.0,41675.217
601952.SH,20251017,9.4,9.41,9.28,9.3,102636.72,96064.345
601956.SH,20251017,7.4,8.14,7.28,8.14,787556.46,628996.375
601958.SH,20251017,14.8,14.98,14.4,14.53,346563.74,509258.796
601963.SH,20251017,10.32,10.43,10.24,10.3,271149.04,279626.703
601965.SH,20251017,17.5,17.55,17.2,17.21,75479.74,130884.733
601966.SH,20251017,15.31,15.35,15.01,15.02,224500.07,339972.291
601968.SH,20251017,5.43,5.47,5.27,5.29,162643.0,87196.766
601969.SH,20251017,8.9,9.56,8.85,9.15,879339.19,811767.553
601975.SH,20251017,3.14,3.2,3.13,3.16,1341995.16,425745.764
601985.SH,20251017,9.21,9.21,9.01,9.04,1191457.84,1084498.091
601988.SH,20251017,5.38,5.43,5.33,5.34,3096181.25,1667212.88
601990.SH,20251017,8.46,8.52,8.29,8.31,254066.73,213361.933
601991.SH,20251017,3.63,3.67,3.58,3.6,1083442.96,392188.212
601992.SH,20251017,1.77,1.79,1.72,1.72,848778.0,148406.296
601995.SH,20251017,38.06,38.45,37.3,37.37,258975.1,979011.898
601996.SH,20251017,2.3,2.34,2.28,2.29,225784.67,52230.096
601997.SH,20251017,5.98,6.04,5.93,5.95,446851.19,267818.907
601998.SH,20251017,7.85,7.9,7.77,7.79,860328.08,673473.286
601999.SH,20251017,6.87,6.95,6.84,6.84,41597.03,28674.616
603000.SH,20251017,19.31,19.39,19.11,19.11,67056.32,128863.201
603001.SH,20251017,8.43,8.43,8.15,8.22,48373.0,39810.202
603002.SH,20251017,7.06,7.07,6.77,6.77,219795.83,151041.351
603004.SH,20251017,23.13,23.57,22.6,22.6,23941.45,54911.938
603005.SH,20251017,29.45,29.45,27.94,28.04,331997.47,948638.789
603006.SH,20251017,14.0,14.1,13.53,13.53,32631.0,44935.155
603007.SH,20251017,6.2,6.53,6.16,6.23,296193.2,187864.976
603008.SH,20251017,17.68,17.85,17.48,17.6,58907.53,104182.109
603009.SH,20251017,48.5,48.5,46.95,46.99,65166.5,309656.955
603010.SH,20251017,10.46,10.79,10.41,10.45,62230.8,65596.853
603011.SH,20251017,24.56,24.61,22.41,22.53,1110573.29,2594709.023
603012.SH,20251017,6.23,6.26,6.09,6.12,107690.0,66475.228
603013.SH,20251017,23.98,23.98,22.94,23.05,54522.21,127680.538
603014.SH,20251017,39.38,39.68,38.36,38.61,20919.0,81578.185
603015.SH,20251017,12.19,12.27,11.7,11.71,92965.0,111011.453
603016.SH,20251017,25.6,25.69,24.2,24.25,34118.0,84762.526
603017.SH,20251017,10.2,11.21,10.17,10.66,323950.5,347675.273
603018.SH,20251017,7.63,7.67,7.56,7.57,76415.49,58084.045
603019.SH,20251017,107.57,108.19,103.7,104.75,444106.82,4701601.667
603020.SH,20251017,10.28,10.29,10.04,10.06,63234.99,64245.093
603021.SH,20251017,4.5,4.55,4.35,4.37,48478.2,21487.548
603022.SH,20251017,10.0,10.12,9.91,9.93,28902.0,28905.168
603023.SH,20251017,4.11,4.12,4.04,4.05,69307.6,28234.149
603025.SH,20251017,16.26,16.36,15.81,15.85,60023.27,96060.553
603026.SH,20251017,57.0,60.14,57.0,57.98,155279.26,910132.671
603027.SH,20251017,11.65,11.78,11.62,11.66,109741.11,128369.049
603028.SH,20251017,7.98,8.44,7.89,7.89,151878.3,122784.612
603029.SH,20251017,18.25,18.47,18.02,18.03,19554.98,35697.049
603030.SH,20251017,3.56,3.61,3.41,3.41,785860.54,274635.263
603031.SH,20251017,37.9,38.1,36.03,36.13,53846.91,198410.256
603032.SH,20251017,21.8,23.09,21.48,21.55,190578.92,424554.173
603033.SH,20251017,11.33,11.42,11.0,11.08,58371.3,65261.743
603035.SH,20251017,17.66,17.84,16.72,16.94,144053.0,245997.454
603036.SH,20251017,21.82,22.08,21.3,22.01,71178.5,153845.08
603037.SH,20251017,14.7,14.87,14.03,14.09,123823.19,177575.136
603038.SH,20251017,20.29,20.89,20.01,20.73,218752.5,449162.213
603039.SH,20251017,57.5,57.88,55.88,56.02,28039.8,158702.602
603040.SH,20251017,72.8,73.79,69.69,70.1,22333.05,159032.873
603041.SH,20251017,12.29,12.42,12.24,12.32,21764.0,26831.294
603042.SH,20251017,15.6,15.98,15.6,15.98,178478.71,284736.065
603043.SH,20251017,16.0,16.12,15.95,16.06,35120.8,56376.608
603045.SH,20251017,19.78,19.86,18.9,18.96,44902.5,86375.594
603048.SH,20251017,19.5,19.66,18.91,18.91,21958.0,42186.429
603049.SH,20251017,49.0,49.3,48.26,48.55,35917.99,174813.659
603050.SH,20251017,18.5,18.55,17.65,17.77,84232.03,151126.951
603051.SH,20251017,21.7,21.87,20.98,21.0,50524.16,107606.063
603052.SH,20251017,28.5,29.2,27.75,27.81,33142.24,93439.846
603053.SH,20251017,10.85,11.6,10.77,11.4,231952.34,261425.932
603055.SH,20251017,8.83,8.83,8.68,8.69,42505.0,37181.428
603056.SH,20251017,15.2,15.36,14.96,15.01,77359.57,117225.027
603057.SH,20251017,18.97,19.05,18.66,18.72,25684.99,48335.677
603058.SH,20251017,9.01,9.07,8.73,8.75,84921.0,75285.676
603059.SH,20251017,33.8,34.3,33.4,34.1,32106.5,108895.15
603060.SH,20251017,6.46,6.5,6.4,6.41,33753.76,21767.811
603061.SH,20251017,139.5,146.0,137.52,138.35,23694.0,332252.684
603062.SH,20251017,54.62,55.03,52.0,52.21,14170.0,75143.388
603063.SH,20251017,33.85,34.21,31.98,32.03,300772.47,988363.214
603065.SH,20251017,8.45,8.54,8.41,8.42,49875.0,42311.534
603066.SH,20251017,10.77,10.88,10.68,10.69,24341.98,26225.846
603067.SH,20251017,17.58,17.6,16.41,16.43,201997.64,339214.291
603068.SH,20251017,39.58,40.06,38.14,38.22,42679.0,166038.86
603069.SH,20251017,23.55,25.71,23.51,24.3,265746.03,652320.33
603070.SH,20251017,13.58,13.89,13.03,13.06,39880.0,53060.994
603071.SH,20251017,14.55,14.67,14.43,14.43,35012.0,50852.833
603072.SH,20251017,49.56,50.2,47.95,48.06,38862.47,191130.865
603073.SH,20251017,17.25,17.52,17.15,17.19,13817.0,23902.077
603075.SH,20251017,22.02,22.28,21.72,21.84,10920.0,23926.277
603076.SH,20251017,25.59,25.59,24.36,24.36,29688.3,73897.705
603077.SH,20251017,2.19,2.26,2.15,2.16,2196036.17,481616.3
603078.SH,20251017,19.7,19.8,18.68,18.68,150796.69,289226.415
603079.SH,20251017,17.3,18.07,17.3,17.73,51656.51,92235.993
603080.SH,20251017,24.97,26.0,24.17,24.29,125984.0,313445.617
603081.SH,20251017,13.25,13.27,12.79,12.81,108497.62,140778.699
603082.SH,20251017,37.75,38.09,37.0,37.1,13973.97,52383.897
603083.SH,20251017,104.0,104.54,98.25,98.41,248859.19,2495410.384
603085.SH,20251017,10.0,10.08,9.83,9.88,53017.45,52849.508
603086.SH,20251017,9.7,10.28,9.61,10.14,663404.16,667399.854
603087.SH,20251017,70.77,71.25,69.0,69.38,87925.32,615288.032
603088.SH,20251017,11.24,11.26,10.53,10.6,191558.13,207284.783
603089.SH,20251017,15.63,15.72,15.22,15.45,54706.9,84525.275
603090.SH,20251017,47.68,47.88,44.0,44.21,54490.26,249105.193
603091.SH,20251017,71.99,71.99,69.6,69.8,3729.61,26270.635
603093.SH,20251017,20.56,20.8,20.11,20.2,59150.0,120849.44
603095.SH,20251017,16.4,16.52,15.96,16.19,45840.16,74276.262
603096.SH,20251017,18.1,18.15,17.78,17.78,17153.2,30809.307
603097.SH,20251017,24.42,24.49,23.33,23.37,69640.41,166044.536
603098.SH,20251017,14.28,14.33,13.83,14.06,94538.34,132469.959
603099.SH,20251017,47.65,48.68,47.5,47.68,119859.28,576719.497
603100.SH,20251017,23.2,23.41,22.41,22.48,57122.3,130308.83
603101.SH,20251017,10.89,11.86,10.78,11.86,368184.86,432910.537
603102.SH,20251017,41.97,42.41,41.61,41.64,9553.0,40071.529
603103.SH,20251017,14.92,15.04,14.76,14.77,41825.88,62217.323
603105.SH,20251017,9.39,9.39,9.01,9.03,116579.0,106569.581
603106.SH,20251017,10.0,10.19,9.87,9.89,100684.95,101092.078
603107.SH,20251017,15.61,15.64,15.29,15.29,38767.0,59836.735
603108.SH,20251017,15.04,15.18,14.81,14.86,88682.11,132550.015
603109.SH,20251017,29.44,29.88,29.12,29.74,49557.0,146448.127
603110.SH,20251017,17.56,17.72,16.74,17.23,249957.6,429142.236
603111.SH,20251017,8.12,8.16,7.78,7.79,158841.0,125517.056
603112.SH,20251017,16.65,16.65,16.03,16.03,79256.0,128811.196
603113.SH,20251017,6.51,6.61,6.46,6.46,94098.88,61461.85
603115.SH,20251017,18.7,18.7,17.67,17.7,36778.0,66137.176
603116.SH,20251017,5.76,5.79,5.68,5.72,37718.0,21625.383
603117.SH,20251017,5.2,5.21,5.12,5.13,54347.94,28062.726
603118.SH,20251017,11.9,12.04,11.06,11.11,357844.06,408282.398
603119.SH,20251017,92.38,93.88,90.5,90.6,86997.45,799062.21
603120.SH,20251017,39.76,40.17,39.38,39.49,11519.35,45613.439
603121.SH,20251017,16.3,16.3,15.73,15.86,60243.0,96010.116
603122.SH,20251017,6.35,6.43,6.28,6.28,51378.0,32643.9
603123.SH,20251017,11.88,12.12,11.76,11.78,111590.07,133414.073
603124.SH,20251017,83.06,83.14,76.5,76.71,32623.91,259277.275
603125.SH,20251017,16.7,16.79,16.3,16.3,37009.13,61126.022
603126.SH,20251017,6.84,6.88,6.74,6.76,75666.0,51442.446
603127.SH,20251017,33.13,33.6,32.34,32.5,147005.39,485280.517
603128.SH,20251017,6.11,6.16,6.07,6.07,207368.14,126852.546
603129.SH,20251017,239.94,247.9,232.67,233.09,40098.32,955163.823
603130.SH,20251017,46.51,46.98,44.18,44.66,47681.05,216078.498
603131.SH,20251017,21.48,22.28,21.22,21.3,121336.59,262624.844
603132.SH,20251017,14.18,14.45,13.95,13.98,47608.35,67290.601
603135.SH,20251017,10.73,10.85,10.5,10.51,62207.07,66184.697
603136.SH,20251017,11.3,11.38,11.13,11.14,38615.55,43536.451
603137.SH,20251017,14.0,14.12,13.84,13.98,15762.0,22054.921
603138.SH,20251017,16.11,16.12,15.46,15.47,68753.04,107985.087
603139.SH,20251017,21.17,21.68,21.17,21.29,13883.0,29781.082
603150.SH,20251017,39.83,40.05,38.4,38.8,27291.0,106333.391
603151.SH,20251017,25.38,25.98,25.22,25.37,19058.57,48771.955
603153.SH,20251017,18.35,18.8,18.24,18.34,27784.0,51220.256
603155.SH,20251017,15.7,15.9,15.36,15.37,24427.13,37967.972
603156.SH,20251017,28.95,29.73,28.63,28.72,169412.8,492785.634
603158.SH,20251017,10.32,10.38,9.98,10.0,184114.0,186192.337
603159.SH,20251017,23.32,23.45,22.14,22.22,27376.6,61685.496
603160.SH,20251017,79.39,79.58,75.82,75.99,87518.88,675907.811
603161.SH,20251017,13.17,13.23,12.74,12.78,34258.08,44386.87
603162.SH,20251017,10.48,11.22,10.4,11.22,544281.09,595856.192
603163.SH,20251017,43.19,44.77,42.8,43.25,26319.25,115657.184
603165.SH,20251017,12.85,13.06,12.73,12.76,32214.0,41482.996
603166.SH,20251017,17.39,17.4,15.89,15.98,308538.0,508778.297
603167.SH,20251017,9.61,9.69,9.56,9.57,46754.16,45036.757
603168.SH,20251017,7.78,7.89,7.68,7.71,77140.82,60118.509
603169.SH,20251017,8.46,8.48,7.93,7.97,536789.0,437832.993
603170.SH,20251017,14.5,14.76,14.4,14.46,36953.16,53952.763
603171.SH,20251017,46.79,47.38,45.88,46.11,21169.0,98630.061
603172.SH,20251017,18.03,18.32,17.89,18.1,20376.92,36935.858
603173.SH,20251017,49.26,49.8,44.96,45.27,48357.01,225804.311
603176.SH,20251017,6.05,6.09,5.95,5.97,36337.55,21865.083
603177.SH,20251017,11.52,11.68,11.42,11.49,60608.0,69959.572
603178.SH,20251017,21.5,21.89,20.61,20.79,250626.05,529960.624
603179.SH,20251017,70.15,70.45,65.53,66.19,200727.75,1343022.307
603180.SH,20251017,19.92,19.99,19.8,19.8,8137.68,16190.848
603181.SH,20251017,18.5,18.54,17.39,17.43,248115.62,443063.425
603182.SH,20251017,14.16,14.35,14.1,14.18,17783.0,25308.248
603183.SH,20251017,4.57,4.66,4.54,4.57,142644.94,65488.732
603185.SH,20251017,22.64,23.0,21.9,21.91,124186.99,278685.202
603186.SH,20251017,45.0,45.28,40.95,40.95,107045.0,447070.951
603187.SH,20251017,15.29,15.41,14.63,14.64,104410.49,155333.835
603188.SH,20251017,4.13,4.21,4.08,4.08,172419.0,71479.201
603189.SH,20251017,21.3,22.8,21.15,22.23,250470.01,553878.986
603190.SH,20251017,23.99,23.99,22.33,22.35,32209.0,73605.263
603191.SH,20251017,17.11,17.15,15.42,15.47,251691.52,403383.336
603192.SH,20251017,25.31,26.5,25.06,25.49,73407.4,188771.615
603193.SH,20251017,27.45,27.88,27.1,27.27,38764.32,106530.572
603194.SH,20251017,39.63,39.86,38.35,38.54,29549.91,115231.524
603195.SH,20251017,44.62,44.76,44.2,44.21,28500.02,126494.131
603196.SH,20251017,23.46,23.66,22.82,23.04,34037.0,78869.438
603197.SH,20251017,39.95,40.04,38.5,38.53,90131.0,351105.653
603198.SH,20251017,40.95,40.95,40.3,40.39,38535.87,156536.984
603199.SH,20251017,35.49,35.54,34.96,34.98,14547.0,51267.013
603200.SH,20251017,83.8,85.36,81.93,82.13,60662.49,504860.799
603201.SH,20251017,18.42,18.42,18.07,18.2,17411.51,31737.041
603202.SH,20251017,95.31,95.34,93.73,93.74,9794.47,92389.597
603203.SH,20251017,30.11,30.49,28.88,28.96,38090.8,111904.115
603205.SH,20251017,28.21,28.46,27.83,27.83,8111.0,22792.762
603206.SH,20251017,16.61,16.77,16.26,16.28,24003.0,39482.104
603207.SH,20251017,33.88,34.05,33.33,33.48,22473.64,75571.554
603208.SH,20251017,14.84,14.84,14.21,14.4,32885.0,47817.658
603209.SH,20251017,14.85,15.01,14.7,14.73,29631.61,44068.738
603210.SH,20251017,21.11,21.2,20.62,20.63,36000.9,74897.671
603211.SH,20251017,17.6,17.6,17.24,17.26,27002.0,46942.78
603212.SH,20251017,11.45,11.62,10.95,10.99,121251.17,135971.363
603213.SH,20251017,14.02,14.42,14.02,14.21,84621.37,120644.523
603214.SH,20251017,18.01,18.22,17.83,17.98,28863.8,52129.645
603215.SH,20251017,20.71,20.79,19.2,19.41,88498.0,176062.98
603216.SH,20251017,16.7,16.78,16.11,16.15,50818.02,83275.466
603217.SH,20251017,24.5,25.68,24.29,25.19,72648.94,182066.287
603218.SH,20251017,14.34,14.4,13.55,13.55,319933.98,444064.12
603219.SH,20251017,17.03,17.13,16.35,16.42,67407.37,112680.731
603220.SH,20251017,23.5,23.52,22.74,22.77,106536.35,245631.631
603221.SH,20251017,12.4,12.45,12.0,12.04,45493.0,55534.836
603222.SH,20251017,11.12,11.28,10.45,10.47,527974.98,570076.909
603223.SH,20251017,9.8,9.94,9.64,9.65,56434.45,55204.171
603225.SH,20251017,15.37,15.72,14.92,14.97,102635.57,156384.022
603226.SH,20251017,41.54,42.62,39.29,40.31,103173.49,415894.543
603227.SH,20251017,9.41,9.54,9.25,9.26,217253.41,204172.91
603228.SH,20251017,56.66,56.8,54.21,54.33,141645.53,780144.056
603229.SH,20251017,10.22,10.48,10.15,10.21,119167.47,122646.041
603230.SH,20251017,12.23,12.27,12.04,12.1,35168.0,42736.809
603231.SH,20251017,18.57,18.94,18.47,18.5,25344.0,47172.713
603232.SH,20251017,16.04,16.74,15.78,16.56,300519.3,489303.229
603233.SH,20251017,17.28,17.57,17.27,17.5,53453.02,93405.368
603235.SH,20251017,27.22,27.56,27.1,27.36,12199.0,33384.091
603236.SH,20251017,100.25,100.25,93.72,93.77,109150.5,1046241.671
603237.SH,20251017,17.27,17.43,17.12,17.2,18356.08,31732.221
603238.SH,20251017,18.88,19.09,18.52,18.55,15753.45,29570.456
603239.SH,20251017,18.9,18.98,18.27,18.3,64243.0,118657.219
603255.SH,20251017,36.34,38.68,36.08,36.32,12586.0,46523.058
603256.SH,20251017,32.65,32.85,31.61,31.69,72244.0,231926.646
603257.SH,20251017,74.0,74.77,69.95,70.39,42350.27,304287.806
603258.SH,20251017,19.67,19.76,19.3,19.31,24966.97,48821.726
603259.SH,20251017,100.8,101.26,96.46,96.6,396418.54,3886666.751
603260.SH,20251017,49.67,50.11,48.2,48.55,44080.76,215743.685
603261.SH,20251017,19.86,19.96,19.61,19.66,4445.0,8801.463
603262.SH,20251017,29.8,29.96,29.4,29.42,15839.24,46903.152
603266.SH,20251017,23.11,23.13,21.8,21.8,53598.0,119080.39
603267.SH,20251017,56.62,56.96,52.01,52.25,87447.16,470320.393
603268.SH,20251017,51.19,51.23,49.21,49.55,19105.2,95760.453
603269.SH,20251017,12.98,13.98,12.98,13.5,252244.76,343437.521
603270.SH,20251017,24.46,24.56,23.86,23.9,24906.49,60167.983
603271.SH,20251017,38.96,39.19,37.6,37.66,33106.41,126012.254
603272.SH,20251017,18.38,18.95,18.24,18.78,18182.0,33860.989
603273.SH,20251017,18.5,18.52,17.95,18.0,17345.0,31544.19
603275.SH,20251017,47.06,47.06,44.64,44.72,21075.68,95967.822
603276.SH,20251017,16.45,16.78,16.38,16.62,15951.61,26436.387
603277.SH,20251017,18.66,18.66,17.94,18.03,24581.45,44678.12
603278.SH,20251017,10.35,10.39,10.01,10.02,73038.8,74200.026
603279.SH,20251017,15.89,15.95,15.62,15.65,41917.68,66023.428
603280.SH,20251017,37.0,37.08,35.92,35.95,24294.28,88375.148
603281.SH,20251017,25.11,25.15,24.6,24.64,10227.2,25404.231
603282.SH,20251017,18.01,18.1,17.77,17.83,16036.0,28740.856
603283.SH,20251017,46.19,46.65,43.0,43.68,187274.2,826195.357
603285.SH,20251017,25.59,25.99,24.95,25.06,37540.0,95866.651
603286.SH,20251017,44.67,45.0,43.17,43.2,60558.0,265193.766
603288.SH,20251017,39.69,39.97,39.08,39.08,117997.63,465960.85
603289.SH,20251017,10.5,10.61,10.08,10.1,62676.2,64073.903
603290.SH,20251017,116.28,119.63,111.72,112.11,116894.58,1348833.979
603291.SH,20251017,10.76,11.16,10.61,10.64,70407.65,76220.682
603296.SH,20251017,94.68,95.48,91.07,91.31,87438.73,812544.233
603297.SH,20251017,104.5,104.58,99.89,100.62,21932.79,221905.826
603298.SH,20251017,26.28,26.59,25.8,25.89,62310.7,162691.084
603299.SH,20251017,10.82,10.9,10.63,10.66,40947.24,43987.269
603300.SH,20251017,6.86,7.3,6.86,7.09,3574435.55,2501689.344
603301.SH,20251017,66.65,68.58,63.6,67.93,148882.84,999716.873
603303.SH,20251017,13.41,13.58,13.25,13.38,18647.83,25060.201
603305.SH,20251017,15.4,15.47,14.64,14.78,473593.17,710168.467
603306.SH,20251017,48.1,48.8,46.83,46.88,71355.5,338626.889
603307.SH,20251017,45.99,48.44,45.3,46.48,39605.99,186074.218
603308.SH,20251017,37.72,37.8,34.11,34.11,264905.97,953841.757
603309.SH,20251017,13.36,13.46,13.16,13.21,29092.2,38687.543
603310.SH,20251017,17.6,17.63,17.2,17.23,18233.05,31740.559
603311.SH,20251017,11.13,11.2,11.0,11.0,23287.0,25826.528
603312.SH,20251017,46.03,46.66,43.95,43.99,19095.84,86097.97
603313.SH,20251017,8.48,9.33,8.47,9.33,269148.94,246304.778
603315.SH,20251017,13.38,13.43,13.11,13.4,41987.0,55744.38
603316.SH,20251017,12.59,12.91,11.66,11.81,212591.6,256725.004
603317.SH,20251017,11.6,11.69,11.5,11.54,43847.96,50791.721
603318.SH,20251017,6.73,6.95,6.7,6.86,154074.32,105423.069
603319.SH,20251017,37.0,37.14,35.74,35.74,94602.72,342730.196
603320.SH,20251017,20.55,21.8,19.93,21.29,108716.58,228162.113
603321.SH,20251017,7.94,8.03,7.76,7.78,44798.0,35264.556
603322.SH,20251017,53.1,53.9,52.0,52.23,127486.0,675667.165
603323.SH,20251017,5.27,5.31,5.23,5.25,284408.24,150107.978
603324.SH,20251017,27.2,27.2,26.01,26.04,24423.04,64521.196
603325.SH,20251017,83.29,83.48,79.49,79.84,12901.74,104712.63
603326.SH,20251017,8.75,8.9,8.65,8.65,119372.85,104688.601
603327.SH,20251017,8.95,8.97,8.71,8.74,59726.32,52639.928
603328.SH,20251017,10.79,10.79,10.22,10.26,208028.0,216770.862
603329.SH,20251017,11.18,11.35,11.15,11.2,32683.39,36786.569
603330.SH,20251017,7.95,7.97,7.6,7.63,136674.67,105750.412
603331.SH,20251017,11.1,11.18,10.94,10.98,44609.0,49201.568
603332.SH,20251017,13.08,13.2,12.88,12.89,35580.3,46211.872
603333.SH,20251017,8.03,8.05,7.87,7.88,106006.0,83944.622
603335.SH,20251017,5.42,5.42,5.26,5.27,113614.43,60336.211
603336.SH,20251017,9.73,9.78,9.55,9.58,125269.1,121104.302
603337.SH,20251017,43.97,44.29,42.41,42.72,31698.26,136534.521
603338.SH,20251017,49.51,49.51,48.07,48.19,73571.09,356491.338
603339.SH,20251017,13.51,13.69,13.18,13.19,40925.48,54681.553
603341.SH,20251017,45.6,45.6,42.45,42.58,122023.96,531352.001
603344.SH,20251017,28.0,28.05,26.3,26.41,45449.15,122386.236
603345.SH,20251017,70.8,71.48,69.94,70.18,49981.94,353901.248
603348.SH,20251017,22.85,22.85,21.8,21.92,92702.46,206133.769
603350.SH,20251017,38.36,38.5,37.26,37.28,13409.0,50634.847
603351.SH,20251017,27.2,28.38,27.2,28.08,20467.91,57268.53
603353.SH,20251017,16.9,18.76,16.88,17.9,141365.74,256505.725
603355.SH,20251017,21.98,22.33,21.78,21.78,29536.95,65074.451
603356.SH,20251017,13.09,13.57,12.99,13.02,43672.0,57744.428
603357.SH,20251017,8.43,8.46,8.35,8.35,35119.68,29541.436
603358.SH,20251017,41.1,41.6,40.28,40.95,40334.29,166010.608
603359.SH,20251017,8.63,8.85,8.49,8.55,146395.05,126674.372
603360.SH,20251017,26.3,26.58,25.28,25.41,113922.06,293439.217
603363.SH,20251017,5.27,5.41,5.05,5.06,852557.36,441762.519
603365.SH,20251017,18.42,18.5,18.07,18.24,32075.24,58749.417
603366.SH,20251017,9.43,9.45,9.18,9.19,106539.0,98981.814
603367.SH,20251017,21.45,23.27,21.33,23.27,551176.25,1248421.548
603368.SH,20251017,18.83,18.99,18.51,18.55,65313.6,122307.638
603369.SH,20251017,40.12,40.16,39.52,39.58,55826.44,222360.099
603370.SH,20251017,50.1,50.48,48.8,48.86,27633.12,137409.65
603373.SH,20251017,49.2,50.29,49.1,49.15,12829.88,63606.337
603375.SH,20251017,40.85,41.21,39.62,39.8,23159.44,93011.953
603377.SH,20251017,3.46,3.59,3.38,3.52,144201.21,50357.034
603378.SH,20251017,6.06,6.28,5.93,5.93,137562.36,83319.663
603379.SH,20251017,55.01,55.12,53.56,53.96,83838.0,453406.901
603380.SH,20251017,41.84,42.36,40.66,40.78,23962.0,99196.796
603381.SH,20251017,23.82,24.38,22.51,22.55,78036.05,181887.644
603382.SH,20251017,34.87,35.14,32.69,32.76,31072.33,104888.687
603383.SH,20251017,40.6,40.85,38.68,38.88,51315.2,203061.303
603385.SH,20251017,6.69,6.77,6.61,6.68,33138.6,22191.863
603386.SH,20251017,13.63,13.68,13.11,13.11,50209.0,67028.147
603387.SH,20251017,8.12,8.12,7.95,7.98,51591.64,41454.181
603388.SH,20251017,1.28,1.28,1.28,1.28,4216.0,539.648
603389.SH,20251017,40.83,40.83,40.83,40.83,10931.0,44631.273
603390.SH,20251017,12.66,12.72,12.15,12.16,59624.34,73511.078
603391.SH,20251017,51.64,51.64,48.61,49.96,20446.6,102002.351
603392.SH,20251017,55.9,56.18,54.9,55.08,28554.22,158118.896
603393.SH,20251017,29.56,29.97,29.34,29.57,70325.26,208300.561
603395.SH,20251017,33.8,34.1,33.61,33.61,17173.32,58107.692
603396.SH,20251017,29.12,29.12,27.48,27.56,37430.9,105366.471
603398.SH,20251017,7.45,7.64,7.34,7.64,275545.26,208438.423
603399.SH,20251017,9.66,10.21,9.35,9.36,190559.0,184269.109
603400.SH,20251017,59.75,60.21,57.45,57.47,11598.24,67714.903
603406.SH,20251017,49.53,50.6,47.52,48.06,58683.85,287964.911
603408.SH,20251017,11.48,11.58,11.42,11.42,19462.0,22393.536
603409.SH,20251017,34.5,34.52,33.7,33.77,9793.96,33392.453
603416.SH,20251017,57.72,58.33,55.4,55.41,17674.0,99666.303
603418.SH,20251017,60.8,61.15,59.85,59.87,40750.09,246644.298
603421.SH,20251017,7.94,7.94,7.59,7.59,223618.42,172945.204
603429.SH,20251017,10.46,10.5,9.95,9.96,95892.8,97717.801
603439.SH,20251017,12.66,12.77,12.45,12.45,41911.8,52760.113
603444.SH,20251017,475.0,475.21,451.22,452.33,20140.07,924489.053
603456.SH,20251017,19.7,19.86,18.8,18.85,324417.17,623312.028
603458.SH,20251017,8.55,8.75,8.44,8.64,68218.46,58689.502
603466.SH,20251017,9.14,9.23,8.95,8.95,102267.66,92785.641
603477.SH,20251017,19.91,19.99,19.21,19.27,126910.56,248727.893
603486.SH,20251017,94.04,94.47,90.5,90.75,46746.63,430624.871
603488.SH,20251017,7.8,7.98,7.8,7.84,36176.22,28614.148
603489.SH,20251017,25.1,25.14,24.24,24.26,19931.43,49051.563
603496.SH,20251017,30.0,30.0,28.51,28.56,109817.43,321394.02
603499.SH,20251017,16.74,16.78,16.32,16.32,44578.91,73746.838
603500.SH,20251017,12.41,12.54,11.78,11.82,137806.96,165808.211
603501.SH,20251017,132.62,132.62,127.2,127.27,202072.11,2608140.832
603505.SH,20251017,18.17,18.89,17.8,17.8,205661.36,375887.957
603506.SH,20251017,13.25,13.32,12.72,12.74,58192.0,75228.979
603507.SH,20251017,24.75,24.78,23.52,23.55,89886.49,215792.312
603508.SH,20251017,32.68,32.82,31.33,31.42,54191.4,172628.793
603511.SH,20251017,15.47,15.67,15.33,15.51,33002.0,51214.88
603515.SH,20251017,17.49,17.6,17.23,17.29,9351.3,16266.339
603516.SH,20251017,154.9,155.8,147.81,147.81,87241.92,1315548.733
603517.SH,20251017,13.89,13.9,13.47,13.5,110459.0,151027.158
603518.SH,20251017,9.78,10.11,9.64,9.64,168457.0,165798.664
603519.SH,20251017,12.04,12.16,11.93,12.0,26811.0,32282.941
603520.SH,20251017,11.05,11.09,10.7,10.72,67170.8,72901.006
603527.SH,20251017,11.74,11.98,11.41,11.45,126645.32,147886.389
603528.SH,20251017,8.62,8.68,8.39,8.39,74489.0,63294.66
603529.SH,20251017,33.33,33.36,32.71,32.72,53445.61,176223.861
603530.SH,20251017,39.5,44.0,39.07,40.68,153082.48,634254.235
603533.SH,20251017,18.4,18.53,18.14,18.18,50254.13,92103.292
603535.SH,20251017,10.74,10.81,10.6,10.63,42365.37,45280.256
603536.SH,20251017,10.66,10.8,10.57,10.58,102443.6,109570.259
603538.SH,20251017,22.05,22.77,21.63,21.72,86630.99,191471.082
603551.SH,20251017,11.73,12.05,11.73,11.89,30556.0,36425.837
603556.SH,20251017,29.55,29.56,28.2,28.22,64070.96,184201.121
603557.SH,20251017,2.33,2.34,2.28,2.29,99253.0,22903.516
603558.SH,20251017,10.49,10.74,10.4,10.65,73549.72,78039.054
603559.SH,20251017,8.02,8.31,7.86,8.21,19116.0,15515.291
603565.SH,20251017,10.63,10.83,10.62,10.64,126557.95,135445.027
603566.SH,20251017,14.06,14.14,13.86,13.88,36799.01,51548.093
603567.SH,20251017,12.03,12.13,11.71,11.77,119607.0,142539.715
603568.SH,20251017,21.86,22.09,21.59,21.6,79533.79,173075.438
603569.SH,20251017,8.58,8.7,8.45,8.49,68556.51,58675.471
603577.SH,20251017,9.61,9.65,9.17,9.2,78036.9,72937.095
603578.SH,20251017,12.49,12.66,12.38,12.4,17110.1,21387.021
603579.SH,20251017,33.13,33.27,31.68,31.88,30555.36,98210.865
603580.SH,20251017,14.63,14.77,14.26,14.56,10885.76,15841.739
603583.SH,20251017,37.68,38.07,36.15,36.25,76443.0,282144.951
603585.SH,20251017,18.09,18.22,17.94,17.98,12634.29,22812.736
603586.SH,20251017,19.18,19.31,18.55,18.6,34088.8,64294.1
603587.SH,20251017,12.57,12.66,12.37,12.49,20980.59,26274.601
603588.SH,20251017,8.07,8.11,7.58,7.65,821731.47,643031.189
603589.SH,20251017,33.33,33.38,32.83,32.84,41439.47,136902.124
603590.SH,20251017,51.93,54.86,49.09,49.22,55188.86,284585.684
603595.SH,20251017,22.2,22.43,21.05,21.05,66804.01,144028.103
603596.SH,20251017,48.5,48.82,46.5,46.83,153200.21,720092.935
603598.SH,20251017,15.72,15.86,15.45,15.45,38043.02,59574.733
603599.SH,20251017,11.8,11.91,11.7,11.78,70273.4,82862.651
603600.SH,20251017,11.2,11.36,11.1,11.11,42556.0,47779.706
603601.SH,20251017,4.86,4.92,4.72,4.73,221065.74,105929.604
603602.SH,20251017,14.66,14.67,14.22,14.24,56056.35,80961.455
603605.SH,20251017,79.5,79.5,78.0,78.02,48886.01,383400.017
603606.SH,20251017,67.01,67.1,62.74,62.8,117107.28,747806.718
603607.SH,20251017,23.56,23.68,23.1,23.2,46708.0,108997.334
603608.SH,20251017,7.82,7.96,7.65,7.69,88968.05,69364.911
603609.SH,20251017,7.97,8.01,7.92,7.93,46371.24,36936.737
603610.SH,20251017,18.0,18.0,16.65,16.84,128290.42,219060.352
603611.SH,20251017,23.88,23.97,23.1,23.18,49032.0,114829.626
603612.SH,20251017,26.88,27.88,25.21,25.33,400165.7,1057556.213
603613.SH,20251017,30.87,31.2,29.79,29.86,146482.26,444332.814
603615.SH,20251017,24.63,24.7,23.8,23.85,26220.0,63446.912
603616.SH,20251017,5.18,5.26,5.14,5.17,91383.0,47416.527
603617.SH,20251017,7.65,7.7,7.39,7.41,108520.79,81371.955
603618.SH,20251017,8.8,8.82,8.36,8.38,462177.29,392689.458
603619.SH,20251017,19.67,20.14,19.6,19.7,154826.65,307279.578
603626.SH,20251017,13.37,13.44,12.63,12.64,403982.88,520436.044
603628.SH,20251017,13.43,13.48,12.92,12.98,69439.03,91368.634
603629.SH,20251017,23.43,23.47,22.6,22.69,77918.0,178369.346
603630.SH,20251017,25.05,25.14,23.53,23.53,46373.6,111758.61
603633.SH,20251017,10.7,10.72,10.09,10.15,133419.45,137922.469
603636.SH,20251017,11.91,12.05,11.83,11.9,139330.12,166582.828
603637.SH,20251017,11.47,11.58,11.3,11.3,63303.78,72206.403
603638.SH,20251017,17.92,17.96,17.23,17.27,57375.75,100361.522
603639.SH,20251017,14.8,14.8,14.46,14.5,18439.36,26871.485
603648.SH,20251017,10.91,11.02,10.87,10.94,33274.79,36481.776
603650.SH,20251017,42.07,42.4,40.4,40.51,142616.09,587243.747
603655.SH,20251017,37.0,37.0,35.0,35.29,18195.0,65076.05
603656.SH,20251017,22.38,22.43,21.34,21.45,41292.0,89701.672
603657.SH,20251017,36.13,36.2,35.08,35.18,14852.0,52795.585
603658.SH,20251017,38.71,38.87,38.22,38.32,22574.7,86882.038
603659.SH,20251017,26.96,28.15,26.35,26.38,495394.69,1342894.609
603660.SH,20251017,8.02,8.09,7.7,7.75,156059.25,123044.341
603661.SH,20251017,32.3,32.36,31.44,31.52,6070.0,19309.339
603662.SH,20251017,66.13,66.4,63.81,63.86,62664.8,406901.395
603663.SH,20251017,26.0,26.33,25.01,25.03,75839.81,193742.77
603665.SH,20251017,26.3,26.88,25.47,25.5,26794.32,69415.214
603666.SH,20251017,30.76,31.0,29.01,29.06,71969.33,213770.04
603667.SH,20251017,43.0,43.07,41.3,41.43,184378.39,774456.128
603668.SH,20251017,15.12,15.75,14.9,14.94,222840.66,341550.167
603669.SH,20251017,5.43,5.56,5.35,5.36,106534.32,57891.865
603676.SH,20251017,11.86,11.95,11.76,11.79,22807.0,27033.747
603677.SH,20251017,19.15,19.24,18.71,18.75,18877.06,35863.437
603678.SH,20251017,39.01,39.6,36.7,36.74,184271.58,698259.573
603679.SH,20251017,16.09,16.41,15.6,15.7,55655.0,88697.557
603680.SH,20251017,11.85,12.05,11.51,11.76,51621.84,61137.539
603681.SH,20251017,16.83,16.96,16.18,16.21,49238.0,80989.761
603682.SH,20251017,5.69,5.77,5.66,5.67,62605.0,35812.692
603683.SH,20251017,32.02,33.18,31.1,31.8,62808.99,201819.296
603685.SH,20251017,17.67,17.83,17.1,17.14,36725.12,63641.169
603686.SH,20251017,24.04,25.07,23.25,23.41,557791.79,1334729.118
603687.SH,20251017,8.94,9.02,8.36,8.42,197018.05,170339.281
603688.SH,20251017,40.83,41.11,38.13,38.21,199340.59,779198.391
603689.SH,20251017,8.83,8.97,8.75,8.88,78867.2,69978.713
603690.SH,20251017,34.3,36.49,34.05,35.06,772431.69,2727695.115
603693.SH,20251017,13.06,13.12,12.77,12.8,47688.9,61568.544
603696.SH,20251017,11.95,12.12,11.8,11.88,60410.0,72450.608
603697.SH,20251017,12.02,12.02,11.83,11.98,47975.8,57233.013
603698.SH,20251017,21.32,21.52,20.91,20.91,89290.65,189441.619
603699.SH,20251017,42.85,43.33,42.02,42.5,26502.0,112838.493
603700.SH,20251017,11.83,11.87,11.61,11.64,29202.0,34308.071
603701.SH,20251017,20.7,20.7,19.65,19.7,25058.74,50176.563
603703.SH,20251017,11.6,11.6,11.0,11.0,143031.36,160596.178
603706.SH,20251017,21.86,22.4,21.6,21.92,35269.0,77831.547
603707.SH,20251017,10.44,10.47,10.26,10.27,113544.04,117579.211
603708.SH,20251017,10.58,10.62,10.46,10.52,30686.69,32363.228
603709.SH,20251017,14.66,14.81,14.45,14.48,18538.2,27036.061
603711.SH,20251017,12.93,13.01,12.79,12.79,15234.25,19632.732
603712.SH,20251017,21.15,21.25,19.82,20.05,137131.08,280671.026
603713.SH,20251017,59.8,59.98,58.1,58.23,13828.68,81351.779
603716.SH,20251017,25.5,26.65,25.22,25.73,174031.47,451792.054
603717.SH,20251017,8.74,8.89,8.66,8.66,85378.57,74581.868
603718.SH,20251017,7.05,7.05,6.96,6.97,68373.0,47852.302
603719.SH,20251017,12.5,12.65,12.36,12.38,57975.0,72459.043
603721.SH,20251017,20.19,20.19,19.87,20.05,9355.0,18747.491
603722.SH,20251017,41.86,41.9,39.59,39.65,26441.0,107254.77
603725.SH,20251017,10.79,10.89,10.37,10.39,178785.96,189952.716
603726.SH,20251017,25.5,25.86,24.0,25.2,130042.84,322411.013
603727.SH,20251017,13.47,13.63,13.43,13.44,14567.0,19667.036
603728.SH,20251017,69.64,69.78,67.0,67.04,77507.19,527435.004
603729.SH,20251017,16.43,16.65,16.22,16.25,16315.0,26816.998
603730.SH,20251017,7.07,7.09,6.64,6.76,629171.94,427119.729
603733.SH,20251017,22.18,22.3,21.72,21.88,20798.0,45591.604
603737.SH,20251017,47.91,48.12,46.28,46.28,30975.41,145213.661
603738.SH,20251017,14.76,14.8,14.15,14.17,102783.46,148002.303
603739.SH,20251017,13.65,13.7,13.43,13.44,26051.0,35261.012
603755.SH,20251017,31.08,32.22,30.99,31.0,19069.0,60368.228
603757.SH,20251017,43.15,43.51,41.47,41.54,61583.23,259482.648
603758.SH,20251017,14.99,15.45,14.34,14.41,132322.06,193896.489
603759.SH,20251017,8.42,8.6,8.4,8.56,97720.04,83173.587
603766.SH,20251017,13.99,14.08,13.71,13.76,325601.5,451398.006
603767.SH,20251017,26.99,26.99,24.35,24.36,175718.58,443536.522
603768.SH,20251017,11.88,11.89,11.6,11.6,24475.0,28742.85
603773.SH,20251017,31.5,31.75,30.53,30.58,49621.1,153593.332
603776.SH,20251017,19.8,19.97,19.16,19.22,38070.8,74482.628
603777.SH,20251017,12.98,13.06,12.79,12.79,36612.9,47316.678
603778.SH,20251017,4.31,4.64,4.26,4.39,2041609.34,906995.528
603779.SH,20251017,6.92,6.97,6.85,6.86,38972.7,26961.413
603786.SH,20251017,91.33,91.33,84.69,86.47,49652.83,436409.295
603787.SH,20251017,12.25,12.37,12.05,12.09,31415.77,38239.513
603788.SH,20251017,17.13,17.16,16.8,16.8,29835.0,50565.91
603789.SH,20251017,5.6,5.76,5.56,5.57,35162.0,19898.516
603790.SH,20251017,21.17,21.61,20.55,20.63,19725.9,41439.627
603797.SH,20251017,4.56,4.6,4.53,4.56,47543.76,21677.565
603798.SH,20251017,15.5,15.5,14.68,15.14,52656.5,79279.841
603799.SH,20251017,64.85,65.37,60.98,61.46,1059143.86,6580808.201
603800.SH,20251017,50.4,50.52,48.33,48.39,44108.9,217319.278
603801.SH,20251017,9.43,9.46,9.23,9.27,50373.53,47037.994
603803.SH,20251017,8.28,8.32,8.08,8.11,74955.0,61287.892
603806.SH,20251017,15.9,16.23,15.37,15.38,258019.16,405095.345
603808.SH,20251017,8.16,8.24,8.08,8.17,59880.6,48867.619
603809.SH,20251017,14.25,14.25,13.64,13.64,307977.71,427433.823
603810.SH,20251017,17.5,17.62,16.52,16.74,132932.76,224715.827
603811.SH,20251017,12.81,13.09,12.73,12.75,100770.0,129298.78
603813.SH,20251017,26.08,28.14,25.91,27.72,18182.0,49469.521
603815.SH,20251017,13.2,13.4,12.28,12.38,214299.31,272521.148
603816.SH,20251017,30.19,30.77,30.11,30.22,32337.33,98192.925
603817.SH,20251017,6.47,6.65,6.45,6.52,173940.62,113965.658
603818.SH,20251017,3.81,3.85,3.76,3.76,107221.82,40799.977
603819.SH,20251017,11.34,11.34,11.02,11.05,38812.0,43265.228
603822.SH,20251017,84.43,86.03,81.98,83.53,17268.0,144482.693
603823.SH,20251017,16.22,16.39,15.16,15.42,106107.4,166473.379
603825.SH,20251017,9.14,9.21,9.05,9.05,38841.32,35424.74
603826.SH,20251017,18.76,18.86,18.36,18.37,33596.52,62404.054
603828.SH,20251017,5.35,5.47,5.2,5.2,55049.52,29173.232
603829.SH,20251017,19.58,20.01,18.84,18.88,35953.54,69158.791
603833.SH,20251017,53.77,54.48,53.25,53.27,16945.95,91016.946
603836.SH,20251017,14.13,14.24,14.05,14.14,35221.49,49829.504
603838.SH,20251017,7.39,7.54,7.27,7.32,12356.0,9110.298
603839.SH,20251017,9.81,9.82,9.03,9.04,257374.4,238526.228
603843.SH,20251017,5.99,5.99,5.43,5.83,889776.28,517133.988
603848.SH,20251017,22.32,23.34,22.3,22.38,103474.82,235664.619
603855.SH,20251017,20.15,20.18,19.71,19.73,45812.0,91123.321
603856.SH,20251017,11.95,12.49,11.92,12.06,118853.07,144498.44
603858.SH,20251017,18.04,18.2,17.82,17.84,47358.01,85141.135
603859.SH,20251017,43.88,44.15,41.79,41.83,97574.19,416483.254
603860.SH,20251017,30.45,30.69,30.15,30.18,9323.0,28354.937
603861.SH,20251017,11.9,12.8,11.54,12.22,782907.4,946762.424
603863.SH,20251017,20.5,20.99,19.31,19.31,181824.0,362560.139
603866.SH,20251017,5.48,5.48,5.42,5.44,111087.62,60570.777
603867.SH,20251017,29.7,29.88,28.5,28.55,49411.73,143432.247
603868.SH,20251017,36.86,36.86,35.92,35.95,6263.0,22723.329
603869.SH,20251017,8.98,8.98,8.85,8.88,7656.2,6804.462
603871.SH,20251017,13.68,13.8,13.3,13.39,134774.45,181860.599
603876.SH,20251017,11.08,11.54,10.88,10.91,316619.6,352787.831
603877.SH,20251017,14.28,14.29,14.11,14.15,11023.0,15630.086
603878.SH,20251017,10.64,10.98,10.02,10.17,699047.57,723177.208
603879.SH,20251017,6.12,6.14,6.02,6.05,46307.4,28154.569
603880.SH,20251017,6.12,6.19,6.02,6.11,41818.1,25499.658
603881.SH,20251017,33.79,33.79,31.96,32.01,255845.06,833092.641
603882.SH,20251017,28.52,28.73,27.97,27.99,37855.0,107114.099
603883.SH,20251017,16.5,16.62,16.3,16.31,73725.0,121179.947
603885.SH,20251017,13.65,14.3,13.55,14.1,287632.61,404787.548
603886.SH,20251017,12.19,12.39,12.06,12.2,20921.6,25551.972
603887.SH,20251017,15.82,15.93,15.3,15.39,128785.0,200662.375
603888.SH,20251017,19.32,19.43,18.9,18.95,74517.6,142314.137
603889.SH,20251017,7.58,7.85,7.45,7.64,297004.4,227244.532
603890.SH,20251017,12.72,12.82,12.03,12.07,192701.62,237486.992
603893.SH,20251017,190.67,191.94,183.7,183.76,92505.9,1726760.644
603895.SH,20251017,27.94,28.24,27.37,27.37,9561.2,26460.516
603896.SH,20251017,20.85,20.95,20.59,20.6,15670.19,32557.918
603897.SH,20251017,26.33,26.36,25.26,25.32,53229.0,136662.509
603898.SH,20251017,9.83,9.88,9.25,9.65,33766.57,32829.594
603899.SH,20251017,27.43,27.7,27.23,27.44,49567.35,135865.237
603900.SH,20251017,10.68,10.92,10.52,10.63,232294.0,249147.594
603901.SH,20251017,12.34,12.6,12.0,12.03,289071.35,352181.217
603903.SH,20251017,14.77,15.02,14.04,14.22,275606.0,398069.905
603906.SH,20251017,16.29,17.13,15.6,15.6,319782.6,518917.685
603908.SH,20251017,24.24,24.46,24.06,24.17,16892.8,40982.171
603909.SH,20251017,11.05,11.2,10.84,11.08,39569.3,43760.274
603912.SH,20251017,8.93,8.94,8.57,8.58,101645.32,88482.271
603915.SH,20251017,15.96,16.0,15.29,15.3,116621.0,181818.761
603916.SH,20251017,10.56,10.74,10.45,10.48,46884.6,49577.317
603917.SH,20251017,14.79,15.0,14.58,14.66,220570.0,325872.015
603918.SH,20251017,16.53,16.64,15.99,16.02,129382.35,210256.273
603919.SH,20251017,20.55,20.64,20.15,20.3,45217.0,91965.301
603920.SH,20251017,40.93,41.05,39.12,39.18,175750.46,700193.148
603922.SH,20251017,21.5,21.74,20.75,20.76,38780.8,81514.973
603926.SH,20251017,16.86,16.99,16.59,16.73,25550.72,42816.248
603927.SH,20251017,21.2,21.2,20.72,20.86,170431.09,356646.902
603928.SH,20251017,16.0,16.05,15.28,15.3,81060.26,125733.799
603929.SH,20251017,40.02,40.02,38.01,38.07,19906.0,76908.659
603931.SH,20251017,30.39,32.72,29.77,31.25,162806.32,506463.518
603933.SH,20251017,19.57,19.98,18.52,19.98,178923.57,346779.765
603936.SH,20251017,11.99,11.99,11.15,11.17,346886.54,399119.735
603937.SH,20251017,11.87,11.91,11.5,11.5,47158.0,54799.46
603938.SH,20251017,19.35,19.35,18.17,19.35,573424.74,1090892.943
603939.SH,20251017,24.31,24.82,24.26,24.7,81297.5,200581.534
603948.SH,20251017,25.18,25.48,24.67,24.76,28016.0,69896.243
603949.SH,20251017,19.54,19.68,18.95,18.96,28822.0,55365.484
603950.SH,20251017,37.2,37.2,34.58,35.08,61997.8,220327.724
603955.SH,20251017,35.07,35.22,33.5,33.5,24703.0,85036.662
603956.SH,20251017,6.5,6.53,6.35,6.35,118368.18,76134.202
603958.SH,20251017,16.4,16.42,15.74,15.79,30569.0,48979.707
603959.SH,20251017,7.53,7.64,6.81,7.21,832087.16,592773.031
603960.SH,20251017,20.73,20.76,19.61,19.64,112114.67,224893.342
603966.SH,20251017,11.38,11.5,11.26,11.32,81988.09,93241.767
603967.SH,20251017,11.9,12.0,11.8,11.8,45513.5,54262.03
603968.SH,20251017,11.9,12.03,11.78,11.83,21581.0,25661.115
603969.SH,20251017,9.95,10.5,9.74,10.39,372513.69,379034.533
603970.SH,20251017,13.61,13.74,13.48,13.48,21297.05,28989.07
603976.SH,20251017,19.33,19.51,19.08,19.08,9325.0,17957.3
603977.SH,20251017,12.78,13.03,12.34,12.37,137606.74,173711.594
603978.SH,20251017,22.0,22.33,21.08,21.13,77099.0,166462.131
603979.SH,20251017,63.93,64.5,61.88,62.32,104470.69,654794.402
603980.SH,20251017,5.39,5.65,5.32,5.41,315549.37,173262.872
603982.SH,20251017,9.0,9.0,8.6,8.62,106570.96,93389.495
603983.SH,20251017,37.86,38.46,37.61,37.81,11859.0,45001.967
603985.SH,20251017,17.2,17.2,16.0,16.06,186869.47,307968.158
603986.SH,20251017,208.12,211.5,201.0,201.21,329357.84,6777034.048
603987.SH,20251017,9.24,9.24,9.04,9.05,56965.7,51943.276
603988.SH,20251017,31.58,31.8,30.0,30.11,139153.76,430152.284
603989.SH,20251017,17.99,18.48,17.4,17.49,63118.84,112266.8
603990.SH,20251017,14.82,14.96,14.57,14.59,73561.0,108492.095
603991.SH,20251017,64.99,65.3,62.8,63.26,14678.0,93915.345
603992.SH,20251017,28.01,28.15,27.19,27.29,14710.0,40720.631
603993.SH,20251017,15.73,15.85,15.0,15.04,2939693.79,4488875.183
603995.SH,20251017,18.11,18.32,17.91,17.92,52419.42,94802.042
603997.SH,20251017,13.05,13.05,12.55,12.61,127832.87,162985.704
603998.SH,20251017,12.31,12.58,12.13,12.19,196374.0,241679.738
603999.SH,20251017,6.47,6.5,6.31,6.33,71418.74,45786.242
605001.SH,20251017,7.8,7.81,7.58,7.59,76079.9,58437.914
605003.SH,20251017,24.77,24.82,23.8,23.8,17693.0,42597.568
605005.SH,20251017,18.28,18.39,17.94,17.95,14026.45,25394.26
605006.SH,20251017,7.6,7.63,7.4,7.41,63014.6,47329.838
605007.SH,20251017,11.59,11.64,11.45,11.46,10938.0,12598.926
605008.SH,20251017,17.8,18.22,17.32,17.43,73838.8,130342.355
605009.SH,20251017,33.8,33.8,33.14,33.18,17787.3,59341.879
605011.SH,20251017,21.66,22.4,21.55,21.89,60269.58,132415.171
605016.SH,20251017,19.9,20.1,19.04,19.06,75424.46,147049.397
605018.SH,20251017,11.32,11.33,11.04,11.06,28991.0,32372.254
605020.SH,20251017,28.65,28.88,27.59,27.61,125959.15,354112.55
605028.SH,20251017,27.98,27.98,26.82,26.83,34430.53,93501.384
605033.SH,20251017,21.64,21.92,21.0,21.01,21738.0,46431.832
605050.SH,20251017,14.26,14.41,13.7,13.78,156114.0,218944.821
605055.SH,20251017,11.13,11.24,10.36,10.36,213755.0,224256.681
605056.SH,20251017,16.47,16.77,16.13,16.17,50687.96,83351.465
605058.SH,20251017,28.01,28.35,27.3,27.32,23609.5,65613.334
605060.SH,20251017,26.7,26.7,26.02,26.65,20945.0,55219.835
605066.SH,20251017,7.65,7.75,7.35,7.35,157250.5,117998.659
605068.SH,20251017,25.03,25.24,24.2,24.28,29566.5,72931.932
605069.SH,20251017,10.21,10.27,10.06,10.07,21572.6,21957.376
605077.SH,20251017,18.38,18.5,17.72,17.8,33838.58,60941.575
605080.SH,20251017,25.81,25.83,25.13,25.17,15733.2,40092.633
605081.SH,20251017,11.7,11.82,11.51,11.56,6304.85,7355.035
605086.SH,20251017,24.53,24.75,23.99,24.3,19636.0,47900.556
605088.SH,20251017,39.15,39.27,36.61,36.69,80652.41,302946.977
605089.SH,20251017,25.51,25.75,25.18,25.25,10168.54,25834.754
605090.SH,20251017,34.05,34.17,33.21,33.4,57276.17,192732.59
605098.SH,20251017,39.48,40.5,39.35,39.85,23795.3,94687.229
605099.SH,20251017,30.21,31.96,30.16,31.37,51458.66,161141.581
605100.SH,20251017,28.97,28.97,27.67,27.77,39682.0,111228.364
605108.SH,20251017,19.3,19.47,19.03,19.05,19112.4,36790.993
605111.SH,20251017,40.03,41.59,38.8,39.0,540964.56,2159949.99
605116.SH,20251017,22.3,22.4,21.9,22.08,20351.0,44956.516
605117.SH,20251017,73.98,74.71,71.33,71.55,190746.68,1376323.796
605118.SH,20251017,28.08,28.08,27.34,27.35,14739.01,40740.816
605122.SH,20251017,13.19,13.39,13.09,13.24,23480.2,31087.069
605123.SH,20251017,71.54,72.3,67.6,67.8,36465.8,251986.345
605128.SH,20251017,42.12,42.12,40.38,40.55,30243.4,123828.174
605133.SH,20251017,38.9,39.19,37.5,37.76,81810.4,312483.676
605136.SH,20251017,10.02,10.16,9.7,9.75,129877.0,128477.63
605138.SH,20251017,7.43,7.49,7.33,7.35,26801.0,19867.527
605151.SH,20251017,19.3,19.45,18.8,18.94,19131.0,36551.746
605155.SH,20251017,15.73,15.76,15.12,15.17,38205.12,58474.271
605158.SH,20251017,8.42,8.65,8.38,8.41,41156.79,34972.184
605162.SH,20251017,8.86,8.92,8.77,8.79,36316.0,32142.181
605166.SH,20251017,11.28,11.35,10.92,10.93,62080.72,68806.852
605167.SH,20251017,10.94,11.0,10.33,10.38,106845.97,113019.884
605168.SH,20251017,29.33,29.64,29.0,29.0,27745.38,81191.078
605169.SH,20251017,16.4,17.47,16.28,16.75,190100.41,320105.275
605177.SH,20251017,19.22,19.27,18.9,19.04,11969.0,22873.818
605179.SH,20251017,20.44,20.76,20.3,20.31,42898.0,87931.686
605180.SH,20251017,15.39,15.51,15.16,15.32,23115.18,35421.654
605183.SH,20251017,19.92,20.15,19.32,19.33,19635.0,38537.772
605186.SH,20251017,19.5,19.62,19.02,19.04,16441.0,31685.965
605188.SH,20251017,21.34,21.8,18.86,19.09,496346.69,1003847.991
605189.SH,20251017,17.08,18.3,17.08,17.6,75104.14,134362.288
605196.SH,20251017,27.02,27.02,26.0,26.05,89778.0,236877.048
605198.SH,20251017,44.45,45.6,44.34,44.55,21907.0,98787.513
605199.SH,20251017,8.76,9.13,8.76,8.96,58699.0,52585.129
605208.SH,20251017,14.27,14.38,13.61,13.67,102303.24,142383.38
605218.SH,20251017,20.28,20.31,19.71,19.74,23566.0,47118.387
605222.SH,20251017,19.69,19.72,18.81,18.83,67590.69,128924.42
605228.SH,20251017,17.91,18.13,17.5,17.88,132401.79,236777.669
605255.SH,20251017,90.14,90.14,90.14,90.14,4966.0,44763.524
605258.SH,20251017,31.69,31.84,30.8,30.83,13150.0,40996.009
605259.SH,20251017,25.43,25.43,24.64,25.0,18868.2,47064.827
605266.SH,20251017,20.77,20.93,20.55,20.58,14777.07,30649.606
605268.SH,20251017,10.21,10.23,9.98,9.99,31544.0,31840.142
605277.SH,20251017,23.31,23.47,22.3,22.36,102734.44,234541.098
605286.SH,20251017,40.29,40.29,38.5,38.51,21077.5,82660.6
605287.SH,20251017,26.2,26.2,25.4,25.66,40093.0,103336.109
605288.SH,20251017,85.87,85.87,82.0,82.2,8267.8,69135.294
605289.SH,20251017,75.42,75.42,71.3,71.35,31825.25,230366.722
605296.SH,20251017,30.68,30.98,30.11,30.23,21649.9,65801.126
605298.SH,20251017,39.93,40.49,38.4,38.5,25126.99,98549.198
605299.SH,20251017,8.96,9.04,8.85,8.85,27586.67,24679.018
605300.SH,20251017,11.7,11.7,11.45,11.47,44244.63,51154.963
605303.SH,20251017,17.2,18.87,16.81,18.87,153062.0,274369.087
605305.SH,20251017,38.28,38.3,35.5,35.55,105342.49,384357.604
605318.SH,20251017,56.97,58.87,54.09,54.31,77106.5,433055.019
605319.SH,20251017,23.5,23.5,22.12,22.28,54591.2,123634.33
605333.SH,20251017,35.56,35.6,34.46,34.51,35524.0,123673.004
605336.SH,20251017,15.32,15.4,15.15,15.17,15659.0,23889.14
605337.SH,20251017,12.5,12.52,12.27,12.29,36449.2,45178.777
605338.SH,20251017,25.58,25.8,25.0,25.08,29754.67,75262.765
605339.SH,20251017,17.82,18.09,17.54,17.7,50955.07,90903.945
605358.SH,20251017,32.02,33.64,31.7,31.92,374162.21,1217878.218
605365.SH,20251017,15.55,16.1,15.05,15.17,42165.0,64736.357
605366.SH,20251017,6.07,6.13,6.02,6.03,56296.4,34119.653
605368.SH,20251017,9.82,9.94,9.71,9.72,115048.2,113053.933
605369.SH,20251017,19.18,19.48,18.91,19.01,14896.76,28464.274
605376.SH,20251017,57.73,58.81,55.34,55.55,63711.32,362302.008
605377.SH,20251017,9.33,9.46,9.23,9.24,96452.85,90062.719
605378.SH,20251017,26.28,26.35,23.94,23.94,111372.7,274680.565
605388.SH,20251017,7.3,7.39,7.28,7.28,74195.6,54430.831
605389.SH,20251017,64.3,64.48,62.5,62.66,17957.8,113597.438
605398.SH,20251017,29.99,30.14,29.31,29.38,22965.6,68232.651
605399.SH,20251017,12.64,12.82,12.39,12.43,25353.27,31810.417
605488.SH,20251017,31.6,31.6,30.6,30.76,55622.21,172745.939
605499.SH,20251017,298.0,309.0,296.1,303.0,23442.6,712181.575
605500.SH,20251017,9.1,9.19,9.03,9.08,31751.18,28892.234
605507.SH,20251017,23.37,23.37,22.2,22.47,94086.7,213576.437
605555.SH,20251017,17.03,17.6,17.02,17.25,101344.41,175362.313
605566.SH,20251017,28.18,28.43,27.5,28.23,41438.0,116091.413
605567.SH,20251017,10.1,10.16,9.98,9.98,36276.29,36576.429
605577.SH,20251017,13.31,13.57,13.18,13.4,53984.0,72408.731
605580.SH,20251017,27.6,28.2,27.0,27.3,38111.2,104400.023
605588.SH,20251017,57.67,58.32,54.81,55.21,31020.0,174582.467
605589.SH,20251017,28.84,28.84,27.34,27.44,169048.99,472232.358
605598.SH,20251017,30.89,30.89,30.12,30.56,63987.4,195143.001
605599.SH,20251017,15.19,15.57,15.06,15.22,105041.0,161643.264
688001.SH,20251017,29.05,29.12,27.85,27.87,37049.24,104865.166
688002.SH,20251017,79.68,80.4,76.11,76.38,52927.24,411230.582
688003.SH,20251017,52.45,52.45,50.49,50.8,20966.2,107222.411
688004.SH,20251017,27.07,27.07,25.51,25.64,18308.85,47586.406
688005.SH,20251017,28.01,28.97,27.28,27.35,205091.99,570806.938
688006.SH,20251017,32.88,33.57,31.65,31.71,75036.87,242181.322
688007.SH,20251017,18.02,18.26,17.23,17.25,116537.22,206094.721
688008.SH,20251017,143.15,145.45,137.81,138.0,382019.18,5365666.868
688009.SH,20251017,5.42,5.45,5.27,5.29,375605.89,200638.245
688010.SH,20251017,27.91,28.2,27.38,27.38,23336.61,64655.251
688011.SH,20251017,39.8,41.91,39.8,40.22,27686.65,112562.403
688012.SH,20251017,272.4,276.0,260.28,261.91,166910.69,4429001.964
688013.SH,20251017,55.82,56.65,54.06,54.46,11099.93,61868.605
688015.SH,20251017,23.46,23.81,23.11,23.11,22943.11,53757.635
688016.SH,20251017,104.99,105.26,101.68,101.74,15286.64,157035.438
688017.SH,20251017,156.0,158.26,151.95,152.6,38358.29,594035.849
688018.SH,20251017,181.35,184.12,173.75,174.0,39176.63,698215.808
688019.SH,20251017,210.12,210.12,200.2,200.68,36435.46,740340.801
688020.SH,20251017,57.39,57.39,54.55,55.35,21093.27,117222.335
688021.SH,20251017,17.78,18.34,17.78,18.12,11501.15,20835.214
688022.SH,20251017,14.8,14.95,14.1,14.13,43777.5,63006.133
688023.SH,20251017,50.82,51.01,48.95,48.97,26034.21,129783.842
688025.SH,20251017,134.06,136.8,131.55,132.17,12040.31,160759.173
688026.SH,20251017,18.2,18.56,17.9,17.93,20677.99,37643.51
688027.SH,20251017,399.5,399.5,373.0,376.78,40255.23,1539350.79
688028.SH,20251017,43.83,44.29,41.61,41.81,46550.04,198649.32
688029.SH,20251017,90.86,91.3,85.87,86.21,27434.23,241062.182
688030.SH,20251017,19.46,19.55,19.03,19.08,18612.1,35753.639
688031.SH,20251017,52.16,52.38,50.1,50.35,23300.85,119731.599
688032.SH,20251017,111.2,111.93,105.81,107.07,16363.29,176753.226
688033.SH,20251017,7.22,7.31,6.96,6.98,214913.66,153602.008
688035.SH,20251017,52.82,53.44,49.0,49.03,56869.18,288548.619
688036.SH,20251017,80.59,80.88,76.53,76.61,130234.56,1016906.812
688037.SH,20251017,133.0,133.88,127.28,127.79,52574.76,679493.834
688038.SH,20251017,19.67,21.25,19.11,21.06,121234.73,246588.818
688039.SH,20251017,51.97,52.16,49.0,49.0,41398.25,207399.023
688041.SH,20251017,233.29,234.89,223.0,228.25,293853.59,6748460.642
688045.SH,20251017,43.52,43.65,41.59,41.59,13957.5,59218.095
688046.SH,20251017,16.35,16.45,16.08,16.1,14843.0,24097.367
688047.SH,20251017,142.84,143.19,135.15,135.35,56617.43,783286.328
688048.SH,20251017,67.16,67.4,63.57,63.7,44972.79,292090.971
688049.SH,20251017,58.34,60.88,56.32,56.5,92896.75,541373.611
688050.SH,20251017,70.74,71.16,69.01,69.33,26820.96,186988.118
688051.SH,20251017,44.04,44.98,41.94,42.79,11150.21,47953.852
688052.SH,20251017,198.0,199.98,183.0,183.5,23725.32,448215.442
688053.SH,20251017,27.6,27.96,26.78,27.0,20107.97,54919.931
688055.SH,20251017,3.8,3.82,3.67,3.67,84967.22,31753.584
688056.SH,20251017,34.9,35.27,34.26,34.37,6977.33,24192.657
688057.SH,20251017,12.31,12.4,12.14,12.17,10862.72,13298.233
688058.SH,20251017,33.91,35.8,33.6,34.41,29317.83,101739.974
688059.SH,20251017,76.48,78.95,74.85,76.01,31443.76,242689.36
688060.SH,20251017,41.98,41.98,40.31,40.33,4896.06,19986.752
688061.SH,20251017,35.4,35.63,34.35,34.77,12044.63,41949.428
688062.SH,20251017,47.5,47.66,44.84,45.05,71492.39,328606.616
688063.SH,20251017,67.5,68.16,62.56,62.7,127232.81,818655.259
688065.SH,20251017,48.52,48.99,47.4,47.45,38324.33,183595.798
688066.SH,20251017,30.3,30.8,29.02,29.08,111472.3,331884.974
688067.SH,20251017,25.67,25.84,25.12,25.2,9432.49,23966.058
688068.SH,20251017,180.08,188.88,180.03,182.28,38143.57,704448.496
688069.SH,20251017,22.19,22.2,21.54,21.97,5340.35,11665.509
688070.SH,20251017,50.43,51.3,48.2,48.3,13308.82,66198.709
688071.SH,20251017,35.6,35.6,34.0,34.01,17122.81,59424.734
688072.SH,20251017,249.95,251.34,241.6,241.6,58297.05,1428588.01
688073.SH,20251017,66.66,67.33,64.5,64.77,6124.92,40160.741
688075.SH,20251017,38.29,38.51,37.77,37.89,4645.97,17717.286
688076.SH,20251017,36.6,36.78,36.07,36.11,39478.32,143436.355
688077.SH,20251017,36.0,36.99,35.42,35.45,41298.07,150244.998
688078.SH,20251017,29.65,30.13,29.0,29.07,9463.71,27825.124
688079.SH,20251017,13.5,13.5,12.74,12.78,63430.42,82474.377
688080.SH,20251017,50.16,50.63,48.1,48.11,28159.32,138026.666
688081.SH,20251017,29.53,29.53,27.3,27.5,25829.05,72440.397
688082.SH,20251017,178.18,183.76,173.97,176.0,37939.9,675135.261
688083.SH,20251017,78.87,79.94,76.92,77.77,46484.78,362041.54
688084.SH,20251017,92.36,92.36,83.68,84.06,17462.47,150891.983
688085.SH,20251017,19.53,19.96,19.35,19.42,32394.47,63610.78
688087.SH,20251017,26.93,27.14,26.66,26.84,17642.44,47462.673
688088.SH,20251017,50.52,51.19,48.58,48.81,71714.83,355037.777
688089.SH,20251017,25.02,25.16,23.73,23.83,45369.63,110131.809
688090.SH,20251017,36.3,36.59,34.4,34.49,24677.76,86905.513
688091.SH,20251017,58.16,58.44,55.77,56.1,30395.3,173046.481
688092.SH,20251017,24.78,24.78,24.13,24.29,11621.03,28305.948
688093.SH,20251017,37.2,37.49,35.44,35.5,33429.5,121128.521
688095.SH,20251017,74.48,75.39,72.42,72.5,12391.1,91391.786
688096.SH,20251017,8.0,8.06,7.82,7.82,35983.46,28514.35
688097.SH,20251017,31.81,32.07,30.97,31.04,42979.86,135422.838
688098.SH,20251017,10.56,12.36,10.55,11.43,319605.22,367515.225
688099.SH,20251017,98.0,98.43,92.88,93.05,97027.03,919024.145
688100.SH,20251017,35.8,36.0,34.15,34.19,39885.12,138564.284
688101.SH,20251017,16.64,16.79,16.2,16.24,25983.8,42724.697
688102.SH,20251017,17.1,17.3,16.1,16.16,148863.06,246946.072
688103.SH,20251017,72.38,73.23,68.83,69.02,15630.17,109870.645
688105.SH,20251017,22.27,22.85,22.0,22.77,31501.11,70704.198
688106.SH,20251017,20.65,20.81,19.9,20.1,98796.48,199584.974
688107.SH,20251017,29.35,29.62,27.26,27.45,96274.25,270807.024
688108.SH,20251017,30.2,30.28,28.11,28.19,276997.59,804358.286
688109.SH,20251017,125.86,129.5,118.8,125.0,37553.59,467783.408
688110.SH,20251017,104.0,104.09,99.22,100.61,229868.89,2334910.271
688111.SH,20251017,303.11,306.8,296.23,297.59,70219.78,2105868.26
688112.SH,20251017,39.0,39.0,36.68,36.7,26845.5,101466.731
688113.SH,20251017,37.39,37.9,36.8,36.8,7078.5,26379.312
688114.SH,20251017,67.77,68.37,66.73,66.77,29519.95,199159.204
688115.SH,20251017,50.49,50.49,48.08,48.16,6081.89,29689.322
688116.SH,20251017,57.15,57.9,53.12,53.28,130138.04,713065.299
688117.SH,20251017,38.7,39.28,38.5,39.1,23644.74,91993.375
688118.SH,20251017,27.08,27.33,25.99,26.04,26880.1,71075.742
688119.SH,20251017,4.43,4.46,4.29,4.3,127925.29,55924.961
688120.SH,20251017,148.79,149.0,142.0,142.1,87920.88,1270365.283
688121.SH,20251017,12.73,12.75,12.27,12.28,29275.39,36587.334
688122.SH,20251017,71.31,72.62,67.9,67.9,256622.93,1794639.974
688123.SH,20251017,150.85,152.8,144.31,144.8,122655.04,1808307.313
688125.SH,20251017,53.65,55.04,52.25,52.63,10959.93,58266.148
688126.SH,20251017,26.1,26.11,24.63,24.65,560137.83,1410675.128
688127.SH,20251017,29.61,30.35,28.4,28.55,76002.78,221698.64
688128.SH,20251017,33.21,33.74,31.29,31.39,79374.03,255408.652
688129.SH,20251017,21.91,22.01,21.41,21.6,14881.19,32236.052
688130.SH,20251017,22.65,22.94,21.97,22.01,13429.57,29882.852
688131.SH,20251017,77.5,78.93,74.63,75.33,37507.32,286019.986
688132.SH,20251017,18.25,18.35,17.73,17.76,13869.3,24999.175
688133.SH,20251017,24.01,24.58,23.4,23.4,38099.68,91367.147
688135.SH,20251017,31.06,31.1,29.44,29.48,80764.92,243755.76
688136.SH,20251017,39.2,39.5,37.02,37.02,35426.5,135031.986
688137.SH,20251017,41.14,41.24,40.4,40.4,2488.49,10149.998
688138.SH,20251017,31.5,31.51,28.71,28.85,50095.54,149151.246
688139.SH,20251017,33.4,34.3,33.08,33.2,55361.87,186450.208
688141.SH,20251017,55.95,56.77,52.85,52.85,105194.07,570804.843
688143.SH,20251017,42.06,43.0,39.8,39.97,37137.14,152514.114
688146.SH,20251017,40.92,41.25,39.3,39.42,36710.29,146414.077
688147.SH,20251017,51.42,52.07,47.92,48.05,88899.16,437318.462
688148.SH,20251017,6.11,6.24,5.92,5.94,171677.39,103945.103
688150.SH,20251017,24.7,25.36,24.24,24.3,50608.3,125219.042
688151.SH,20251017,21.75,22.05,21.1,21.22,29162.7,62498.849
688152.SH,20251017,55.55,55.55,51.12,51.13,41977.19,221899.528
688153.SH,20251017,34.25,36.3,34.09,35.13,124023.68,439035.374
688155.SH,20251017,64.5,65.8,61.96,61.99,28860.85,182419.905
688156.SH,20251017,19.49,19.49,18.91,19.29,17178.91,32926.479
688157.SH,20251017,32.82,33.38,32.42,32.45,12642.74,41406.62
688158.SH,20251017,24.5,24.71,23.3,23.31,135517.83,323757.232
688159.SH,20251017,59.41,59.9,57.82,57.87,24837.99,145691.198
688160.SH,20251017,85.43,86.0,81.91,81.97,11444.5,95787.307
688161.SH,20251017,30.11,30.5,29.32,29.32,17693.96,52652.962
688162.SH,20251017,34.84,34.89,32.66,32.91,24551.87,82286.5
688163.SH,20251017,23.15,23.15,22.48,22.51,7013.69,15960.915
688165.SH,20251017,22.3,22.51,21.28,21.38,91804.08,199770.78
688166.SH,20251017,53.67,54.06,51.08,51.3,82669.87,433704.716
688167.SH,20251017,151.05,152.5,140.77,141.12,34844.79,505613.234
688168.SH,20251017,81.47,81.97,77.81,77.96,13970.77,111137.341
688169.SH,20251017,179.07,180.5,172.56,173.0,35962.36,632111.526
688170.SH,20251017,33.1,34.02,31.33,31.72,39996.8,128711.079
688171.SH,20251017,50.38,50.7,48.45,48.54,9309.29,45881.783
688172.SH,20251017,26.49,26.73,24.97,25.04,185389.51,475778.492
688173.SH,20251017,16.1,16.2,15.14,15.15,94947.09,147535.732
688175.SH,20251017,23.58,23.66,22.72,22.99,17597.04,40720.279
688176.SH,20251017,10.22,10.38,9.92,9.94,62479.76,63262.826
688177.SH,20251017,27.56,27.7,26.52,26.55,21547.51,57989.035
688178.SH,20251017,25.34,25.95,24.93,25.39,12179.58,31103.397
688179.SH,20251017,12.5,12.51,11.96,11.99,53992.95,65743.757
688180.SH,20251017,40.5,40.97,38.8,38.8,129954.39,512995.784
688181.SH,20251017,36.21,36.42,34.2,34.35,39242.43,137253.049
688182.SH,20251017,25.3,25.3,23.7,23.82,62928.75,153250.109
688183.SH,20251017,71.6,72.66,68.51,68.76,108105.23,753412.047
688184.SH,20251017,9.73,9.88,9.63,9.63,10741.1,10453.468
688185.SH,20251017,74.09,74.87,72.49,72.7,11985.2,87904.431
688186.SH,20251017,24.4,25.01,23.88,24.39,207818.84,507724.293
688187.SH,20251017,57.6,58.28,54.77,54.77,104149.72,581592.429
688188.SH,20251017,145.0,145.99,137.5,137.98,23238.38,326764.995
688189.SH,20251017,8.29,8.3,7.91,7.95,117593.85,94945.854
688190.SH,20251017,118.89,119.69,111.0,111.09,10006.81,114498.236
688191.SH,20251017,30.35,30.35,28.3,28.39,38741.26,112251.485
688192.SH,20251017,67.47,68.32,65.08,65.45,35104.85,233511.878
688193.SH,20251017,47.15,47.96,46.53,46.53,3844.35,18131.064
688195.SH,20251017,99.2,102.5,94.0,95.63,161807.72,1582373.694
688196.SH,20251017,43.9,44.09,42.79,42.8,10949.8,47468.221
688197.SH,20251017,41.98,41.98,39.84,39.93,9051.74,36785.208
688198.SH,20251017,108.0,111.0,107.34,109.0,10718.64,117322.799
688199.SH,20251017,24.14,24.34,23.28,23.32,35087.86,83096.342
688200.SH,20251017,186.1,188.71,180.01,180.06,17736.29,324537.11
688201.SH,20251017,14.19,14.45,13.62,13.64,96548.97,134244.127
688202.SH,20251017,61.6,63.2,60.0,60.81,46311.47,285200.288
688203.SH,20251017,13.2,13.38,12.9,12.96,20656.63,27096.182
688205.SH,20251017,103.58,105.73,98.21,98.79,131719.35,1338192.007
688206.SH,20251017,42.09,42.35,39.86,39.86,68788.52,280864.774
688207.SH,20251017,15.49,15.58,14.82,14.83,63626.56,96458.333
688208.SH,20251017,37.58,37.84,34.98,35.0,196696.38,704650.888
688209.SH,20251017,23.43,24.24,22.43,22.49,286211.69,662164.61
688210.SH,20251017,49.26,49.26,46.21,46.98,65512.63,307602.254
688211.SH,20251017,31.55,31.57,30.7,30.7,7669.28,23829.777
688212.SH,20251017,47.13,47.65,46.11,46.35,11899.78,55554.683
688213.SH,20251017,106.0,106.44,101.13,101.47,63906.39,659579.856
688215.SH,20251017,78.8,83.97,78.28,82.34,15560.77,127281.224
688216.SH,20251017,24.38,24.49,22.97,23.12,32301.73,75790.395
688217.SH,20251017,27.74,27.89,27.35,27.36,8126.94,22421.105
688218.SH,20251017,25.65,25.7,24.97,25.05,24198.86,61085.502
688219.SH,20251017,12.32,12.34,11.82,11.84,112361.94,135090.574
688220.SH,20251017,96.2,96.87,91.18,91.42,80720.21,751522.893
688221.SH,20251017,14.66,15.3,14.52,14.59,199767.32,297273.53
688222.SH,20251017,22.92,23.28,22.01,22.1,85145.56,191180.108
688223.SH,20251017,5.77,5.88,5.48,5.5,1470781.43,827262.431
688225.SH,20251017,20.4,20.4,19.29,19.33,55871.9,110124.21
688226.SH,20251017,49.49,49.85,45.09,45.48,46286.29,217257.364
688227.SH,20251017,35.07,35.37,33.79,33.95,25206.12,87044.068
688228.SH,20251017,207.0,207.88,181.2,184.4,51183.04,988878.425
688229.SH,20251017,58.66,59.14,56.75,56.82,7682.01,44335.418
688230.SH,20251017,76.63,76.8,71.47,71.47,10897.61,80344.635
688231.SH,20251017,19.6,19.73,18.62,18.7,27829.82,53083.272
688232.SH,20251017,27.61,27.97,26.75,26.8,23985.0,65120.634
688233.SH,20251017,49.5,49.56,45.39,45.39,111932.28,522286.555
688234.SH,20251017,75.2,75.36,71.5,71.65,82230.15,598309.58
688235.SH,20251017,285.0,285.0,271.99,273.67,36783.58,1018642.92
688236.SH,20251017,24.42,25.14,23.36,24.85,44196.25,107703.662
688237.SH,20251017,53.46,53.46,51.0,52.92,18494.82,96482.398
688238.SH,20251017,7.63,7.69,7.21,7.21,144055.67,106913.73
688239.SH,20251017,43.48,44.38,39.42,40.13,65718.8,272325.089
688244.SH,20251017,21.03,21.41,20.85,20.87,16155.45,34085.278
688246.SH,20251017,27.34,27.67,26.39,26.39,21626.48,58065.939
688247.SH,20251017,10.68,10.75,10.45,10.47,26354.58,27933.738
688248.SH,20251017,56.65,56.77,54.06,54.43,33581.03,184512.559
688249.SH,20251017,38.0,38.38,35.5,35.5,533840.32,1954407.945
688251.SH,20251017,26.32,26.32,25.18,25.19,20739.2,53109.526
688252.SH,20251017,26.58,26.77,25.2,25.22,81355.92,208854.094
688253.SH,20251017,30.21,30.39,30.0,30.08,15806.16,47640.508
688255.SH,20251017,37.02,37.02,34.86,34.94,18001.78,64177.254
688256.SH,20251017,1254.95,1289.28,1218.23,1247.68,84813.74,10607162.139
688257.SH,20251017,22.01,22.4,21.52,21.62,34789.99,76149.084
688258.SH,20251017,61.18,61.78,58.5,59.66,53040.81,316926.793
688259.SH,20251017,43.01,43.55,40.5,40.59,33328.86,138997.973
688260.SH,20251017,32.74,32.74,29.8,29.89,47061.17,145780.628
688261.SH,20251017,73.64,74.59,70.28,70.5,36919.18,264850.684
688262.SH,20251017,28.72,28.99,27.0,27.08,123652.36,342548.146
688265.SH,20251017,47.54,47.97,46.81,46.86,6805.99,32092.178
688266.SH,20251017,104.44,104.85,100.0,101.49,27862.04,284050.762
688267.SH,20251017,26.49,26.49,25.91,25.94,13901.85,36309.111
688268.SH,20251017,66.59,66.63,62.88,62.98,38031.63,244361.221
688269.SH,20251017,42.95,43.5,41.75,41.75,21335.68,90526.02
688270.SH,20251017,65.33,66.18,62.55,62.56,73382.72,469023.661
688271.SH,20251017,146.77,148.88,143.2,143.89,48037.09,695787.684
688272.SH,20251017,24.07,24.2,23.42,23.42,11178.05,26513.493
688273.SH,20251017,43.5,43.77,40.37,40.62,29403.5,122862.039
688275.SH,20251017,61.0,63.15,58.4,58.53,43594.51,262994.358
688276.SH,20251017,21.71,22.58,21.66,21.92,40563.11,89777.971
688277.SH,20251017,17.85,18.12,17.47,17.53,52509.54,93009.777
688278.SH,20251017,78.98,79.39,77.42,77.65,15207.77,118852.817
688279.SH,20251017,200.88,203.59,193.78,193.8,12592.28,250133.1
688280.SH,20251017,7.8,7.83,7.48,7.49,102628.9,78273.578
688281.SH,20251017,70.76,72.27,65.86,65.96,22004.47,149897.01
688282.SH,20251017,60.83,62.0,58.53,59.4,13059.14,78334.082
688283.SH,20251017,31.73,31.73,30.3,30.59,10036.04,30855.444
688285.SH,20251017,8.61,8.7,8.46,8.46,26109.19,22310.361
688286.SH,20251017,91.83,93.81,90.11,90.37,23693.32,217492.152
688287.SH,20251017,4.88,4.89,4.8,4.8,17845.09,8632.312
688288.SH,20251017,28.31,28.35,27.18,27.19,20590.42,56885.089
688289.SH,20251017,20.78,20.91,20.16,20.18,58736.99,120555.804
688290.SH,20251017,65.96,67.15,64.0,65.88,24752.15,162670.361
688291.SH,20251017,32.56,32.89,31.5,31.63,11040.84,35277.651
688292.SH,20251017,22.31,22.31,21.0,21.02,27966.82,59743.968
688293.SH,20251017,57.0,58.16,54.41,55.17,13484.12,75077.381
688295.SH,20251017,26.54,27.02,25.9,26.0,30191.42,79391.235
688296.SH,20251017,14.35,14.51,14.11,14.22,22337.68,31856.676
688297.SH,20251017,49.49,49.79,47.19,47.42,90148.28,434684.34
688298.SH,20251017,25.34,25.6,24.87,24.94,15395.07,38846.519
688299.SH,20251017,21.1,21.84,20.77,20.98,101109.33,214563.552
688300.SH,20251017,56.3,56.79,53.11,53.56,51586.87,281484.753
688301.SH,20251017,115.89,116.55,111.9,112.25,17685.93,200886.408
688302.SH,20251017,50.75,51.45,48.8,48.8,10634.61,53100.851
688303.SH,20251017,29.6,30.2,28.35,28.39,175196.26,510750.859
688305.SH,20251017,64.95,65.0,62.51,62.55,30876.51,195795.046
688306.SH,20251017,13.13,13.47,12.11,12.14,340526.97,429385.884
688307.SH,20251017,36.91,38.29,35.34,35.48,43623.25,160352.11
688308.SH,20251017,23.55,24.55,23.19,23.98,55190.57,132798.601
688309.SH,20251017,23.93,24.1,23.54,23.55,8848.07,21047.676
688310.SH,20251017,21.0,21.06,20.0,20.07,34179.76,69850.644
688311.SH,20251017,34.01,34.62,33.16,33.18,21724.27,73600.246
688312.SH,20251017,27.77,28.08,27.07,27.1,29081.34,80111.453
688313.SH,20251017,57.21,59.48,53.88,54.44,504134.66,2838589.632
688314.SH,20251017,34.5,34.81,34.0,34.0,6105.7,20984.48
688315.SH,20251017,14.77,14.84,14.22,14.23,41915.1,60595.106
688316.SH,20251017,63.96,63.96,60.3,60.6,19484.44,120625.566
688317.SH,20251017,22.98,24.33,22.74,22.78,32545.74,75623.7
688318.SH,20251017,147.98,150.28,139.88,140.24,41618.38,601459.636
688319.SH,20251017,24.42,24.82,22.81,22.91,68731.86,161212.728
688320.SH,20251017,40.55,41.6,39.79,39.8,35109.78,141827.136
688321.SH,20251017,30.36,30.92,29.78,29.84,108019.49,328213.225
688322.SH,20251017,82.31,84.5,80.81,81.02,113021.95,932714.856
688323.SH,20251017,14.54,14.72,14.19,14.22,24164.27,34797.417
688325.SH,20251017,93.57,94.97,88.51,92.0,21078.26,190994.167
688326.SH,20251017,125.0,126.25,114.25,114.85,24986.91,295217.389
688327.SH,20251017,15.23,15.38,14.52,14.61,277920.79,413093.859
688328.SH,20251017,27.47,27.75,25.8,25.91,34928.8,92471.704
688329.SH,20251017,20.03,20.11,19.51,19.7,14638.9,29030.645
688330.SH,20251017,36.67,36.98,35.52,35.58,26416.97,95175.931
688331.SH,20251017,100.0,101.2,96.64,97.38,47606.45,467471.192
688332.SH,20251017,142.0,144.49,138.55,142.33,31469.98,446613.798
688333.SH,20251017,70.1,70.49,66.4,66.65,52739.62,358179.637
688334.SH,20251017,21.5,21.64,20.7,20.79,69354.62,145882.411
688335.SH,20251017,25.95,27.57,25.1,25.21,125064.38,328640.782
688336.SH,20251017,60.0,61.01,58.75,59.09,105076.92,627842.745
688337.SH,20251017,40.58,40.79,37.78,38.11,55713.9,216169.724
688338.SH,20251017,26.26,26.39,25.7,25.79,8581.94,22345.083
688339.SH,20251017,28.5,28.68,26.76,26.89,74663.17,204357.533
688343.SH,20251017,76.98,77.99,75.4,75.9,82870.89,633351.502
688345.SH,20251017,36.48,37.6,34.55,34.65,14877.52,52723.515
688347.SH,20251017,121.14,124.5,117.37,117.74,320943.45,3878646.344
688348.SH,20251017,56.32,56.86,52.8,52.84,29842.37,161251.662
688349.SH,20251017,30.17,30.31,28.9,29.21,56665.18,166464.334
688350.SH,20251017,22.14,22.28,21.65,21.77,17152.39,37672.7
688351.SH,20251017,20.87,21.04,20.36,20.4,31303.21,64442.424
688352.SH,20251017,13.44,13.53,12.84,12.89,158753.73,207532.16
688353.SH,20251017,43.04,47.19,43.04,43.28,101415.08,452580.225
688355.SH,20251017,19.58,19.84,19.23,19.3,18795.8,36630.255
688356.SH,20251017,89.0,89.66,86.78,86.78,3769.19,33087.091
688357.SH,20251017,37.6,37.88,35.06,35.08,26284.15,94574.37
688358.SH,20251017,33.51,33.66,31.89,32.62,20300.36,66302.988
688359.SH,20251017,58.88,59.71,54.71,55.06,21279.95,120862.429
688360.SH,20251017,22.3,22.3,20.92,21.0,64379.59,138350.907
688361.SH,20251017,121.98,121.99,114.68,117.65,94681.25,1116441.468
688362.SH,20251017,31.73,32.19,29.95,30.17,117222.64,361568.925
688363.SH,20251017,54.5,55.17,53.18,53.23,26840.17,145059.362
688365.SH,20251017,14.52,14.59,13.85,13.87,74802.14,105578.497
688366.SH,20251017,51.27,51.37,50.0,50.02,7831.19,39615.508
688367.SH,20251017,22.43,22.43,21.03,21.19,38544.35,83207.796
688368.SH,20251017,105.1,106.85,100.46,101.35,19585.44,200463.975
688369.SH,20251017,23.99,24.26,23.0,23.08,48189.35,113603.367
688370.SH,20251017,27.06,27.56,26.68,26.7,11073.93,29973.008
688371.SH,20251017,23.8,24.19,22.89,23.1,32855.35,76504.204
688372.SH,20251017,77.5,78.68,74.7,74.95,50046.89,380654.806
688373.SH,20251017,8.17,8.37,7.92,7.97,172940.04,140242.609
688375.SH,20251017,74.27,75.68,71.51,71.58,18485.55,135063.553
688376.SH,20251017,45.6,45.69,43.6,43.6,23406.17,103771.309
688377.SH,20251017,36.31,37.34,36.31,36.7,12800.16,47225.507
688378.SH,20251017,23.86,24.47,23.35,23.42,64492.66,154351.721
688379.SH,20251017,51.1,51.41,48.23,48.38,31337.51,154084.584
688380.SH,20251017,36.06,36.34,33.74,33.96,108645.93,377197.913
688382.SH,20251017,29.0,29.7,28.12,28.27,210190.44,604491.228
688383.SH,20251017,62.67,62.67,59.48,59.59,12829.82,77623.274
688385.SH,20251017,60.8,61.3,57.42,57.56,124098.35,731926.198
688386.SH,20251017,77.0,79.87,75.58,77.06,17595.17,137102.169
688387.SH,20251017,6.72,6.76,6.4,6.41,354311.68,231931.687
688388.SH,20251017,39.04,39.04,36.91,37.03,240221.41,907312.184
688389.SH,20251017,14.16,14.29,13.7,13.74,58008.53,80836.039
688390.SH,20251017,58.21,58.88,53.5,53.51,97381.39,539290.114
688391.SH,20251017,31.5,32.06,30.33,30.47,18112.89,56142.173
688392.SH,20251017,108.01,112.86,104.91,107.01,63949.82,696857.667
688393.SH,20251017,25.84,26.13,25.1,25.1,9408.47,24035.514
688395.SH,20251017,24.83,24.83,24.06,24.14,7332.65,17853.502
688396.SH,20251017,53.72,53.95,50.93,51.11,136248.05,710310.704
688398.SH,20251017,20.36,21.19,19.82,20.67,52005.96,107512.864
688399.SH,20251017,70.02,70.11,68.5,68.5,11057.59,76472.28
688400.SH,20251017,40.68,40.93,38.99,39.0,102859.95,407653.951
688401.SH,20251017,49.8,49.89,45.94,46.1,97476.15,462386.344
688403.SH,20251017,16.62,16.97,15.7,15.81,417560.99,673820.96
688408.SH,20251017,45.39,45.5,43.1,43.39,66587.69,292807.776
688409.SH,20251017,78.6,78.91,74.05,74.05,72854.0,550994.209
688410.SH,20251017,15.15,15.15,14.26,14.26,48188.72,70424.849
688411.SH,20251017,293.48,299.0,270.11,272.58,31102.02,862749.941
688416.SH,20251017,58.9,60.79,55.8,55.8,83963.9,484902.647
688418.SH,20251017,29.64,29.96,28.6,28.69,50921.53,147915.815
688419.SH,20251017,29.85,29.85,27.84,27.89,26880.02,76958.858
688420.SH,20251017,24.68,24.92,24.41,24.41,7061.27,17372.672
688425.SH,20251017,5.47,5.48,5.28,5.29,399892.46,214486.237
688426.SH,20251017,28.0,28.45,27.65,27.85,9542.54,26713.616
688428.SH,20251017,24.7,24.8,23.6,23.75,61279.74,147571.795
688429.SH,20251017,16.0,16.15,15.2,15.29,18616.51,28918.23
688432.SH,20251017,13.03,13.08,12.3,12.31,139173.3,174844.442
688433.SH,20251017,54.47,54.47,51.88,52.0,32617.9,173695.943
688435.SH,20251017,33.66,33.77,32.41,32.46,12029.9,39692.321
688439.SH,20251017,56.87,57.49,54.31,54.49,42741.55,237456.633
688443.SH,20251017,29.46,30.07,28.66,28.78,31920.15,93376.375
688448.SH,20251017,38.5,38.6,37.0,37.06,16462.71,61858.75
688449.SH,20251017,58.02,59.41,56.56,57.1,66870.46,386443.134
688450.SH,20251017,27.39,27.85,27.0,27.29,7859.89,21586.829
688455.SH,20251017,14.65,14.73,14.3,14.32,17315.11,25035.004
688456.SH,20251017,46.16,46.61,44.6,44.64,18570.95,84372.586
688458.SH,20251017,42.85,43.29,40.83,40.98,28528.85,119324.217
688459.SH,20251017,10.19,10.19,10.0,10.01,21797.79,21984.905
688466.SH,20251017,19.99,20.08,19.54,19.54,9210.38,18222.492
688468.SH,20251017,7.66,7.74,7.56,7.58,36054.39,27510.965
688469.SH,20251017,6.63,6.68,6.29,6.32,1536700.61,988119.306
688472.SH,20251017,13.37,13.52,12.15,12.24,835820.15,1051246.551
688475.SH,20251017,32.45,32.58,31.28,31.45,54529.07,173469.238
688478.SH,20251017,36.8,37.15,34.54,34.68,29560.01,104554.582
688479.SH,20251017,19.29,19.34,18.98,19.02,12759.74,24505.696
688480.SH,20251017,56.0,57.49,50.99,52.1,30558.45,163722.694
688484.SH,20251017,47.55,47.92,45.01,45.6,70481.06,325846.573
688485.SH,20251017,13.32,13.34,13.0,13.02,15324.05,20109.173
688486.SH,20251017,68.0,68.7,64.97,65.0,25309.34,166698.687
688488.SH,20251017,14.95,15.05,14.2,14.3,65258.74,95018.733
688489.SH,20251017,50.95,51.0,48.26,48.3,10691.74,52557.806
688496.SH,20251017,8.73,8.88,8.69,8.69,36934.05,32426.295
688498.SH,20251017,360.46,375.0,343.0,361.6,36399.65,1301237.554
688499.SH,20251017,60.36,61.6,57.8,57.84,48685.23,286631.149
688500.SH,20251017,66.88,69.2,66.61,66.78,23884.36,162438.964
688501.SH,20251017,29.3,29.4,27.89,28.1,22648.83,64530.793
688502.SH,20251017,370.0,373.88,358.25,358.36,7884.57,288349.252
688503.SH,20251017,63.19,64.18,59.38,59.62,123095.45,751637.472
688505.SH,20251017,9.13,9.22,8.91,8.94,51962.31,47033.203
688506.SH,20251017,352.99,353.58,340.1,344.05,8202.33,284515.089
688507.SH,20251017,97.4,99.9,93.03,93.42,21289.74,202375.167
688508.SH,20251017,65.64,66.12,61.77,61.89,46729.59,296548.245
688509.SH,20251017,4.28,4.31,4.18,4.18,100111.21,42441.486
688510.SH,20251017,25.84,26.22,24.09,24.1,47607.93,118183.379
688511.SH,20251017,23.8,24.1,23.02,23.09,9197.25,21625.341
688512.SH,20251017,11.53,11.58,11.0,11.02,101841.14,113997.498
688513.SH,20251017,55.85,57.45,53.5,53.88,30072.16,167879.831
688515.SH,20251017,112.5,114.5,104.94,105.51,22596.54,243294.034
688516.SH,20251017,44.25,44.71,41.6,42.0,85583.91,364554.33
688517.SH,20251017,16.1,16.19,15.26,15.26,44684.71,70040.403
688518.SH,20251017,23.15,23.54,22.67,23.03,124019.42,284700.846
688519.SH,20251017,75.48,76.1,63.7,66.45,109754.46,739920.573
688520.SH,20251017,55.6,55.68,52.8,52.89,29985.77,161878.58
688521.SH,20251017,170.33,171.0,159.02,159.02,180152.6,2941846.794
688522.SH,20251017,41.0,41.5,38.51,38.56,63241.31,250216.325
688523.SH,20251017,23.0,23.45,22.29,22.35,29036.78,66088.094
688525.SH,20251017,111.98,113.5,104.0,104.4,308335.23,3325781.538
688526.SH,20251017,17.4,17.4,17.08,17.13,24277.11,41870.379
688528.SH,20251017,11.88,11.93,11.5,11.56,38385.92,44987.459
688529.SH,20251017,19.22,19.31,18.46,18.57,24617.03,46249.9
688530.SH,20251017,17.43,17.46,16.65,16.7,24621.37,41903.897
688531.SH,20251017,68.36,68.7,65.52,65.68,38143.19,253560.89
688533.SH,20251017,27.56,27.75,26.91,27.0,15235.46,41540.195
688535.SH,20251017,108.31,110.1,101.0,101.35,49687.37,516094.567
688536.SH,20251017,163.0,164.26,151.68,152.1,38491.62,601365.074
688538.SH,20251017,2.75,2.77,2.68,2.69,886363.57,241120.14
688539.SH,20251017,35.11,35.58,33.2,33.3,37812.59,129598.871
688543.SH,20251017,48.67,49.2,47.12,47.35,39070.51,187169.925
688545.SH,20251017,36.23,36.23,34.23,34.28,69002.46,241561.08
688548.SH,20251017,12.15,12.57,12.11,12.19,203243.68,250928.154
688549.SH,20251017,10.29,10.34,9.7,9.7,462939.0,459522.396
688550.SH,20251017,47.06,47.86,46.33,46.35,28601.24,134708.032
688551.SH,20251017,40.75,41.68,38.7,38.8,15037.76,59648.782
688552.SH,20251017,40.53,41.17,38.53,38.74,36819.41,145650.25
688553.SH,20251017,21.58,22.23,20.8,20.93,50941.46,109256.043
688556.SH,20251017,12.04,12.04,11.15,11.17,439813.4,504890.034
688557.SH,20251017,39.0,39.01,35.5,35.62,48475.62,176614.412
688558.SH,20251017,29.84,30.32,29.29,29.4,17429.47,51843.552
688559.SH,20251017,39.22,40.5,37.72,37.72,82840.38,321086.474
688560.SH,20251017,14.26,14.42,13.64,13.68,37321.91,52023.657
688561.SH,20251017,34.13,34.42,32.93,32.96,77111.48,258195.932
688562.SH,20251017,18.06,18.22,17.34,17.4,47362.0,83808.18
688563.SH,20251017,53.1,53.35,51.96,52.09,21187.51,111246.267
688565.SH,20251017,10.06,10.1,9.8,9.86,19875.15,19705.33
688566.SH,20251017,33.23,33.28,31.83,31.99,18925.92,61379.643
688567.SH,20251017,17.61,17.93,16.65,16.75,239385.86,408837.117
688568.SH,20251017,42.41,42.68,40.15,40.31,106055.66,436644.956
688569.SH,20251017,21.43,21.43,21.08,21.1,8629.65,18305.065
688570.SH,20251017,19.68,19.68,19.12,19.12,10647.37,20590.613
688571.SH,20251017,7.99,7.99,7.77,7.85,36330.05,28569.851
688573.SH,20251017,26.21,27.0,25.1,25.3,26614.81,68534.285
688575.SH,20251017,14.5,14.53,14.28,14.34,28875.33,41532.73
688576.SH,20251017,65.83,65.86,64.3,64.38,3589.83,23346.036
688577.SH,20251017,114.99,116.8,112.01,115.99,20303.97,233685.373
688578.SH,20251017,106.66,106.99,104.01,104.07,28660.99,301404.483
688579.SH,20251017,11.2,11.3,10.79,10.81,51871.11,56930.929
688580.SH,20251017,49.23,49.3,46.58,46.58,17051.24,81181.607
688581.SH,20251017,66.99,67.18,64.81,64.81,11030.59,72595.572
688582.SH,20251017,67.68,68.11,64.8,65.05,57614.31,380492.2
688583.SH,20251017,87.67,88.18,85.9,86.68,5070.33,44077.542
688584.SH,20251017,23.46,23.58,22.17,22.25,55675.67,126325.073
688585.SH,20251017,84.2,95.58,84.2,88.85,139426.59,1250074.782
688586.SH,20251017,11.19,11.3,10.91,10.93,54863.79,60656.302
688588.SH,20251017,16.98,17.12,15.92,15.97,106236.18,174258.614
688589.SH,20251017,25.04,25.04,23.41,23.5,51291.8,123387.774
688590.SH,20251017,20.8,20.96,20.06,20.08,40937.17,83647.78
688591.SH,20251017,51.0,51.7,48.9,48.9,103714.4,520380.369
688592.SH,20251017,44.8,45.02,43.7,44.35,10099.8,44601.733
688593.SH,20251017,19.7,19.78,18.28,18.31,82313.54,155460.454
688595.SH,20251017,35.02,35.33,33.7,33.86,38588.22,132643.992
688596.SH,20251017,42.99,43.48,41.45,41.5,127477.94,534896.588
688597.SH,20251017,8.62,8.75,8.35,8.42,61402.77,52130.658
688598.SH,20251017,32.95,33.64,31.37,31.38,73636.51,236396.421
688599.SH,20251017,19.36,19.64,18.03,18.07,591671.37,1100264.488
688600.SH,20251017,22.18,22.43,21.3,21.4,18734.92,40699.127
688601.SH,20251017,40.49,40.87,38.53,38.53,38337.88,150809.732
688602.SH,20251017,8.3,8.35,8.04,8.05,77474.59,63325.58
688603.SH,20251017,68.43,68.76,64.72,65.21,14657.67,96868.224
688605.SH,20251017,68.8,69.4,64.98,65.3,46370.41,307761.666
688606.SH,20251017,66.49,66.6,65.49,65.55,3632.89,23961.98
688607.SH,20251017,27.86,28.25,26.65,27.06,24433.91,66869.686
688608.SH,20251017,264.35,264.8,251.25,252.01,32239.22,827583.52
688609.SH,20251017,9.45,9.51,9.15,9.15,142814.1,132415.88
688610.SH,20251017,70.56,74.98,70.05,72.44,11094.11,80484.541
688611.SH,20251017,39.25,39.49,36.68,37.0,18822.16,70924.056
688612.SH,20251017,40.0,40.76,38.6,39.01,27120.19,106376.277
688613.SH,20251017,24.0,24.23,22.9,23.12,26457.27,61868.888
688615.SH,20251017,175.93,178.58,168.69,169.2,39288.86,675365.02
688616.SH,20251017,12.72,12.79,12.41,12.44,20669.95,25934.823
688617.SH,20251017,309.0,312.78,307.29,307.71,9502.6,293971.72
688618.SH,20251017,25.06,25.06,23.56,23.62,10565.42,25353.925
688619.SH,20251017,16.35,16.95,15.33,15.64,39137.64,62987.005
688620.SH,20251017,12.24,13.06,12.13,12.53,211086.49,265993.808
688621.SH,20251017,63.61,63.91,59.48,60.1,37688.03,230726.543
688622.SH,20251017,132.07,132.07,124.12,125.85,17040.36,216002.753
688623.SH,20251017,67.7,68.0,67.34,67.65,3233.95,21867.317
688625.SH,20251017,38.19,38.21,36.58,36.73,23728.9,88202.845
688626.SH,20251017,51.7,51.8,49.48,49.48,18310.18,92499.643
688627.SH,20251017,153.58,154.14,145.0,146.57,40081.36,593166.248
688628.SH,20251017,35.93,36.18,33.88,33.99,24794.13,86311.742
688629.SH,20251017,84.39,84.39,80.8,81.05,85444.94,699807.904
688630.SH,20251017,125.0,126.0,120.0,120.45,39112.79,478158.991
688631.SH,20251017,82.0,82.95,77.9,78.15,32567.14,259512.586
688633.SH,20251017,25.49,25.65,25.17,25.17,10077.25,25570.083
688636.SH,20251017,33.77,36.0,32.89,33.2,52384.53,179627.293
688638.SH,20251017,41.24,42.08,40.31,40.44,5863.25,24043.316
688639.SH,20251017,32.43,32.78,31.0,31.1,51165.68,161986.107
688646.SH,20251017,30.57,31.03,29.94,29.98,9336.93,28448.93
688648.SH,20251017,60.99,61.48,57.2,57.22,33665.0,197396.526
688651.SH,20251017,37.54,38.12,36.11,36.18,17128.65,63325.201
688652.SH,20251017,90.13,92.1,86.53,86.76,43895.03,387174.574
688653.SH,20251017,13.43,13.58,12.75,12.81,155369.1,202517.994
688655.SH,20251017,19.69,19.75,18.91,19.01,22999.79,44281.645
688656.SH,20251017,159.99,164.79,155.0,155.31,8397.17,133698.352
688657.SH,20251017,56.9,56.9,53.3,53.3,33293.5,181522.269
688658.SH,20251017,22.16,23.23,21.46,21.62,65863.99,145633.677
688659.SH,20251017,10.53,10.55,10.25,10.28,20442.2,21239.726
688660.SH,20251017,20.75,20.89,19.29,19.34,302380.69,599581.831
688661.SH,20251017,48.0,49.55,47.2,47.64,60897.0,293709.661
688662.SH,20251017,43.73,43.99,41.31,41.4,20871.11,88395.521
688663.SH,20251017,42.75,42.75,40.18,40.77,37697.15,154444.224
688665.SH,20251017,56.87,57.93,55.8,55.92,10620.27,60237.258
688667.SH,20251017,61.61,61.91,59.0,59.72,5574.14,33744.728
688668.SH,20251017,90.55,90.91,86.18,86.42,51544.49,452977.045
688669.SH,20251017,22.68,22.79,21.41,22.06,24882.25,54434.466
688670.SH,20251017,15.13,15.63,15.1,15.22,12531.36,19200.221
688671.SH,20251017,21.86,21.87,21.31,21.56,8033.95,17340.278
688676.SH,20251017,71.83,72.29,62.3,62.82,363768.68,2375091.491
688677.SH,20251017,54.75,55.38,52.61,52.75,23045.26,123439.98
688678.SH,20251017,28.9,28.97,27.61,27.61,83008.81,233384.487
688679.SH,20251017,24.18,24.59,22.86,23.25,31816.58,74205.642
688680.SH,20251017,46.75,46.99,41.69,41.75,50151.57,218764.721
688681.SH,20251017,17.73,17.9,17.31,17.31,20193.43,35461.515
688682.SH,20251017,31.4,32.28,30.3,30.5,30121.25,93942.017
688683.SH,20251017,32.88,33.13,31.9,31.93,7935.33,25687.391
688685.SH,20251017,61.0,61.35,57.58,57.91,25781.87,152538.185
688686.SH,20251017,134.26,134.26,128.51,129.26,8409.62,109800.772
688687.SH,20251017,28.7,29.14,27.41,27.55,56039.44,157153.662
688689.SH,20251017,27.02,27.47,25.45,25.54,28834.01,75671.243
688690.SH,20251017,27.51,27.87,26.54,26.65,47915.61,129565.211
688691.SH,20251017,141.0,148.55,130.07,131.1,131798.14,1819525.9
688692.SH,20251017,251.47,252.98,242.0,242.01,13780.98,339452.099
688693.SH,20251017,41.5,45.0,41.34,41.66,39010.69,167228.541
688695.SH,20251017,30.4,30.5,29.41,29.41,13694.57,40857.512
688696.SH,20251017,109.0,109.89,105.66,106.03,8829.35,94640.743
688697.SH,20251017,16.17,16.34,15.73,15.79,125927.47,201451.069
688698.SH,20251017,79.0,79.5,74.07,74.29,45690.13,346355.016
688699.SH,20251017,35.55,36.06,34.0,34.22,16607.52,57671.157
688700.SH,20251017,36.47,36.47,34.11,34.22,64117.63,224373.222
688701.SH,20251017,8.84,8.9,8.63,8.68,20910.4,18336.389
688702.SH,20251017,116.38,117.2,112.03,112.03,26949.15,308025.466
688707.SH,20251017,14.33,14.6,13.65,13.67,84618.54,118941.324
688708.SH,20251017,72.0,75.2,71.55,73.62,26191.91,193043.896
688709.SH,20251017,49.0,49.35,45.0,45.25,116549.95,543076.364
688710.SH,20251017,41.03,43.21,41.03,41.35,10164.42,42630.981
688711.SH,20251017,28.5,29.44,25.61,25.71,190505.59,517200.806
688716.SH,20251017,41.79,41.79,39.88,39.89,31053.7,126131.089
688717.SH,20251017,72.45,73.96,66.8,67.05,58568.43,405895.111
688718.SH,20251017,14.05,14.29,13.66,13.74,19702.48,27324.553
688719.SH,20251017,41.9,42.65,38.96,39.39,34159.0,138013.14
688720.SH,20251017,48.3,48.59,45.56,45.68,25268.93,118487.752
688721.SH,20251017,51.08,51.8,48.61,48.68,21406.18,106810.929
688722.SH,20251017,18.7,18.7,17.66,17.66,52049.1,94111.239
688726.SH,20251017,45.51,45.85,43.55,43.6,19646.36,86989.555
688728.SH,20251017,16.64,16.71,15.83,15.88,161663.46,260710.916
688729.SH,20251017,27.34,27.71,26.59,26.6,100018.69,269859.378
688733.SH,20251017,25.9,26.25,24.7,24.73,50298.76,126989.21
688737.SH,20251017,22.25,22.3,21.07,21.12,31698.25,68575.17
688739.SH,20251017,27.07,27.26,26.69,26.69,20278.28,54621.671
688750.SH,20251017,21.09,21.2,20.36,20.37,27675.99,57313.171
688755.SH,20251017,45.2,45.44,44.64,44.65,6027.96,27088.957
688757.SH,20251017,27.83,28.48,26.82,26.86,24722.28,67804.928
688758.SH,20251017,18.62,19.67,18.59,18.85,104786.64,199811.382
688766.SH,20251017,115.0,118.88,112.0,112.6,106066.16,1220643.713
688767.SH,20251017,40.33,40.78,39.0,39.01,10511.38,41682.188
688768.SH,20251017,49.8,51.65,49.02,49.21,51339.4,258463.998
688772.SH,20251017,23.84,24.5,22.25,22.41,454563.46,1057017.646
688775.SH,20251017,281.47,282.42,268.88,269.74,22000.04,597748.765
688776.SH,20251017,91.8,91.92,83.65,84.0,44197.16,382497.468
688777.SH,20251017,54.6,54.6,52.74,52.74,177400.26,948189.177
688778.SH,20251017,75.2,76.71,72.9,72.9,67689.48,503127.981
688779.SH,20251017,7.06,7.25,6.82,6.86,415123.35,290675.504
688786.SH,20251017,30.89,31.82,30.52,31.66,34788.37,108380.374
688787.SH,20251017,111.99,114.94,109.0,111.22,19207.06,215677.027
688788.SH,20251017,64.86,67.85,62.71,63.35,54236.26,354575.978
688789.SH,20251017,81.52,82.88,78.1,79.43,21727.4,173119.33
688793.SH,20251017,28.7,28.7,27.91,27.96,7062.57,19944.439
688798.SH,20251017,83.06,83.79,77.52,77.87,34871.65,278601.24
688799.SH,20251017,55.76,55.76,50.0,51.48,57145.28,299085.67
688800.SH,20251017,70.99,70.99,65.6,65.6,73084.1,491418.959
688819.SH,20251017,30.52,30.92,29.15,29.19,49399.87,147446.156
688981.SH,20251017,126.85,127.32,120.87,121.98,820528.98,10097285.54
689009.SH,20251017,64.5,66.3,62.55,62.87,131811.2,845958.671
920000.BJ,20251017,20.28,20.28,19.42,19.5,22860.01,45382.981
920001.BJ,20251017,20.99,21.1,20.26,20.26,15065.31,31266.399
920002.BJ,20251017,105.1,106.22,101.87,102.12,6738.89,70003.258
920005.BJ,20251017,45.53,47.25,45.06,45.24,11454.75,53102.612
920006.BJ,20251017,27.6,28.2,26.97,27.0,14141.33,39096.47
920007.BJ,20251017,71.61,72.49,70.55,70.55,2802.1,19995.601
920008.BJ,20251017,30.48,31.03,29.47,29.5,13131.19,39662.016
920010.BJ,20251017,13.98,15.48,13.86,14.28,180489.58,264327.129
920014.BJ,20251017,13.13,13.57,12.86,13.1,16274.62,21451.988
920015.BJ,20251017,47.8,50.61,46.88,47.0,81406.6,395195.475
920016.BJ,20251017,21.51,21.94,21.0,21.31,9771.11,20994.831
920017.BJ,20251017,19.38,19.85,18.89,18.98,27620.67,53688.71
920018.BJ,20251017,32.47,33.79,32.0,33.09,46732.33,153756.275
920019.BJ,20251017,21.24,21.28,20.58,20.67,17539.28,36764.546
920021.BJ,20251017,6.58,6.58,6.33,6.34,62549.91,40309.315
920022.BJ,20251017,31.8,34.6,31.8,32.24,44086.32,146264.014
920023.BJ,20251017,4.33,4.33,4.2,4.22,66610.52,28504.543
920026.BJ,20251017,40.35,41.36,39.31,39.8,19262.04,77522.133
920027.BJ,20251017,26.56,26.83,26.22,26.36,10187.66,27022.865
920029.BJ,20251017,93.11,93.5,90.88,91.02,7826.08,71906.414
920030.BJ,20251017,7.3,7.38,7.18,7.2,44153.02,32012.263
920033.BJ,20251017,18.61,18.77,18.11,18.2,9280.0,17131.542
920037.BJ,20251017,92.49,92.49,84.8,85.24,17542.2,153735.017
920039.BJ,20251017,12.65,12.78,12.55,12.55,15212.41,19252.721
920046.BJ,20251017,14.75,14.75,13.9,14.03,22390.53,31886.186
920047.BJ,20251017,25.68,25.95,24.12,24.2,44167.07,110617.933
920056.BJ,20251017,26.72,27.12,26.4,26.44,15552.2,41693.086
920057.BJ,20251017,7.11,7.15,6.97,6.97,29916.06,21153.479
920058.BJ,20251017,36.6,37.13,35.95,36.04,6747.88,24640.411
920060.BJ,20251017,32.78,33.01,31.89,31.9,26378.6,85263.942
920061.BJ,20251017,36.0,36.42,34.67,34.74,12264.52,43562.833
920062.BJ,20251017,11.49,11.69,11.0,11.05,173461.09,196033.873
920066.BJ,20251017,28.52,28.62,27.91,28.0,6052.58,17086.455
920068.BJ,20251017,18.75,18.87,18.06,18.14,22208.93,40880.58
920075.BJ,20251017,31.0,31.0,29.63,29.86,10316.09,31087.251
920077.BJ,20251017,13.94,14.07,13.45,13.47,42091.67,57716.381
920080.BJ,20251017,30.22,30.97,29.75,30.39,35962.81,109538.839
920082.BJ,20251017,19.4,19.58,18.57,18.57,21316.98,40492.353
920087.BJ,20251017,17.12,17.77,16.8,17.19,85776.84,147763.877
920088.BJ,20251017,33.65,34.65,33.36,33.87,25849.84,88153.961
920089.BJ,20251017,18.18,18.33,17.78,17.99,22429.06,40517.981
920090.BJ,20251017,7.0,7.0,6.66,6.66,57217.37,38917.288
920092.BJ,20251017,36.6,36.6,34.7,34.75,7021.28,24924.672
920098.BJ,20251017,30.19,30.4,29.43,29.64,6928.62,20759.928
920099.BJ,20251017,30.48,30.48,29.75,29.9,6643.58,19929.482
920100.BJ,20251017,67.5,68.8,67.0,67.24,12212.91,82824.045
920101.BJ,20251017,44.88,45.74,44.69,44.7,6250.69,28192.233
920106.BJ,20251017,88.99,88.99,83.88,84.08,8685.34,74537.606
920108.BJ,20251017,15.78,15.92,15.19,15.19,11799.39,18431.744
920110.BJ,20251017,38.6,38.82,37.62,37.69,2940.67,11234.347
920111.BJ,20251017,27.5,27.83,26.66,26.8,16374.48,44485.767
920112.BJ,20251017,39.82,40.31,39.38,39.45,6806.64,27119.672
920116.BJ,20251017,67.36,67.65,65.24,65.31,11189.24,74081.024
920118.BJ,20251017,26.51,26.51,25.75,25.97,4526.64,11811.325
920122.BJ,20251017,38.97,39.26,37.77,37.78,4837.07,18592.615
920123.BJ,20251017,17.87,18.1,17.55,17.59,14507.58,25752.491
920128.BJ,20251017,30.81,30.84,29.86,29.86,7006.32,21171.204
920130.BJ,20251017,25.7,26.07,24.26,24.28,15660.26,39171.059
920132.BJ,20251017,21.65,21.66,21.08,21.08,3467.81,7404.291
920139.BJ,20251017,23.13,23.34,22.0,22.04,51247.63,116363.291
920145.BJ,20251017,25.57,27.21,25.26,26.65,20237.55,53338.614
920146.BJ,20251017,9.84,9.84,9.4,9.45,40165.79,38382.506
920149.BJ,20251017,13.87,13.87,13.39,13.58,10675.36,14595.15
920152.BJ,20251017,22.08,22.7,21.63,22.39,38028.02,84716.942
920158.BJ,20251017,17.77,19.88,17.12,18.49,162746.21,302231.333
920163.BJ,20251017,16.35,16.35,15.74,15.8,8423.68,13539.713
920167.BJ,20251017,19.02,19.08,18.13,18.16,17002.39,31449.369
920169.BJ,20251017,32.46,32.81,31.11,31.3,55642.66,176794.385
920171.BJ,20251017,25.0,25.25,24.11,24.34,15568.49,38593.504
920174.BJ,20251017,53.83,54.54,51.99,52.33,21716.99,115394.057
920175.BJ,20251017,12.37,12.49,12.03,12.06,32328.04,39547.874
920179.BJ,20251017,36.95,37.36,35.66,35.78,17387.36,63504.347
920184.BJ,20251017,21.65,22.07,21.01,21.16,39062.06,84408.563
920185.BJ,20251017,30.03,31.58,29.33,29.72,116364.72,355140.537
920190.BJ,20251017,27.08,27.22,26.16,26.16,13558.57,36222.545
920195.BJ,20251017,18.29,18.38,17.7,17.71,12363.18,22165.282
920198.BJ,20251017,9.96,10.12,9.83,9.88,17279.57,17161.59
920199.BJ,20251017,37.9,39.4,35.58,35.72,24558.74,90777.447
920204.BJ,20251017,20.0,20.19,19.14,19.16,8766.76,17144.144
920207.BJ,20251017,24.55,24.63,22.99,23.6,24951.14,59714.733
920208.BJ,20251017,26.21,26.49,25.56,25.66,11047.97,28805.419
920212.BJ,20251017,14.8,14.8,14.14,14.16,12629.66,18187.171
920221.BJ,20251017,19.24,19.58,18.38,18.39,23625.6,44165.174
920223.BJ,20251017,17.18,17.24,16.58,16.64,35544.39,59968.721
920225.BJ,20251017,26.58,31.5,26.58,31.0,166089.77,485720.042
920227.BJ,20251017,59.56,59.96,57.56,57.82,2601.25,15271.845
920230.BJ,20251017,14.53,14.73,14.28,14.31,9220.32,13352.655
920237.BJ,20251017,26.5,26.5,24.8,24.94,19571.16,50093.17
920239.BJ,20251017,34.84,34.95,32.92,33.03,31477.41,106054.509
920242.BJ,20251017,32.88,33.18,31.76,31.78,5334.43,17203.802
920245.BJ,20251017,30.49,30.74,29.09,29.09,7032.81,21010.086
920247.BJ,20251017,29.09,29.6,28.02,28.26,24874.14,71415.493
920249.BJ,20251017,14.66,14.83,14.08,14.08,56073.64,80880.663
920252.BJ,20251017,29.01,30.28,28.0,28.15,46036.74,133211.566
920260.BJ,20251017,12.58,12.71,12.4,12.41,8660.84,10862.276
920261.BJ,20251017,15.1,15.2,14.7,14.71,13605.79,20289.164
920262.BJ,20251017,27.12,27.13,26.16,26.73,14705.82,39084.516
920263.BJ,20251017,14.75,14.82,14.01,14.1,24227.22,34835.949
920266.BJ,20251017,10.25,10.31,9.97,10.0,13736.72,13903.295
920267.BJ,20251017,28.05,28.47,27.23,27.4,15673.22,43649.399
920270.BJ,20251017,19.01,19.16,18.0,18.2,10877.79,20178.737
920271.BJ,20251017,16.53,16.55,15.71,15.83,11917.26,19147.719
920273.BJ,20251017,36.67,36.8,35.4,35.58,14498.2,52356.809
920274.BJ,20251017,32.09,32.3,31.0,31.27,14087.58,44573.629
920275.BJ,20251017,9.18,9.41,9.11,9.37,19063.51,17694.929
920278.BJ,20251017,9.97,10.06,9.75,9.83,12670.0,12549.314
920284.BJ,20251017,44.99,47.77,40.6,40.6,87857.78,385614.384
920299.BJ,20251017,18.0,18.23,17.5,17.51,14043.56,24886.716
920300.BJ,20251017,16.11,16.26,15.62,15.65,26615.41,42243.648
920304.BJ,20251017,13.11,13.16,12.56,12.6,19589.18,25125.135
920305.BJ,20251017,11.65,11.82,11.14,11.14,24248.7,27416.684
920339.BJ,20251017,10.2,10.2,9.82,9.84,9690.99,9696.885
920344.BJ,20251017,27.01,27.1,25.9,26.18,11716.8,30858.088
920346.BJ,20251017,27.8,27.8,26.33,26.55,15666.02,42405.149
920351.BJ,20251017,27.2,28.77,26.02,26.58,36262.04,100051.542
920357.BJ,20251017,26.4,26.9,26.08,26.15,24299.85,64404.819
920363.BJ,20251017,18.95,19.04,18.15,18.3,9437.28,17471.005
920367.BJ,20251017,22.12,22.32,21.0,21.05,10177.23,21958.958
920368.BJ,20251017,29.76,30.2,28.81,28.81,32442.9,94988.25
920370.BJ,20251017,4.73,4.76,4.61,4.62,39529.59,18504.697
920371.BJ,20251017,10.6,10.71,10.41,10.42,12621.6,13309.617
920374.BJ,20251017,26.19,26.74,25.5,25.51,7618.5,19880.88
920375.BJ,20251017,16.15,16.46,15.88,15.94,43202.39,69881.597
920378.BJ,20251017,10.68,10.68,10.08,10.08,22017.3,22703.822
920392.BJ,20251017,31.7,31.99,30.8,31.49,3975.82,12421.697
920394.BJ,20251017,40.06,40.92,38.92,39.19,25755.34,102107.599
920395.BJ,20251017,13.96,13.99,13.42,13.49,13084.73,17881.011
920396.BJ,20251017,33.9,34.09,31.31,31.4,55674.61,180854.455
920402.BJ,20251017,10.79,10.88,10.33,10.33,53621.4,56675.549
920403.BJ,20251017,25.06,25.44,24.55,24.64,33165.66,82603.667
920405.BJ,20251017,21.5,21.85,20.92,21.39,15070.52,32143.698
920407.BJ,20251017,20.61,20.69,19.75,19.75,13175.21,26458.173
920414.BJ,20251017,14.3,14.4,13.81,13.81,16921.19,23831.124
920415.BJ,20251017,16.72,16.73,15.63,15.64,31163.39,49993.43
920418.BJ,20251017,29.2,29.48,28.16,28.16,24658.84,71289.607
920419.BJ,20251017,18.04,18.17,17.58,17.59,11825.27,21118.038
920422.BJ,20251017,14.08,14.13,13.47,13.59,19883.23,27429.289
920425.BJ,20251017,23.1,23.33,22.56,22.64,12594.79,28947.073
920427.BJ,20251017,14.86,14.91,14.44,14.45,11541.57,16913.843
920429.BJ,20251017,17.6,17.61,16.66,16.69,27390.81,46393.029
920433.BJ,20251017,6.62,6.69,6.52,6.56,20598.95,13616.149
920436.BJ,20251017,17.78,17.78,17.03,17.14,13471.73,23419.838
920438.BJ,20251017,41.28,41.4,38.42,38.44,35309.53,139550.857
920445.BJ,20251017,10.98,13.72,10.91,11.97,84784.41,103502.384
920454.BJ,20251017,17.9,18.05,17.01,17.05,16887.16,29493.594
920455.BJ,20251017,9.42,9.48,9.25,9.33,11501.98,10755.184
920469.BJ,20251017,13.95,13.99,13.26,13.33,32766.37,44369.005
920471.BJ,20251017,14.52,14.52,13.97,14.16,7603.61,10783.882
920475.BJ,20251017,19.5,19.6,18.14,18.26,15850.89,29797.442
920476.BJ,20251017,25.38,25.45,24.28,24.4,14032.79,34956.963
920478.BJ,20251017,22.34,22.45,21.57,21.79,15983.97,35368.356
920489.BJ,20251017,20.88,21.1,19.77,19.77,40452.66,82445.225
920491.BJ,20251017,31.2,31.42,29.66,29.68,36530.65,110776.874
920493.BJ,20251017,144.6,145.6,139.29,139.48,9321.18,132438.743
920496.BJ,20251017,11.21,11.21,10.58,10.63,39840.67,43271.417
920504.BJ,20251017,26.96,26.96,26.31,26.38,3896.72,10356.602
920505.BJ,20251017,58.0,60.88,57.76,58.6,38780.35,230558.319
920508.BJ,20251017,26.24,26.72,25.52,25.64,6551.86,17049.236
920509.BJ,20251017,40.04,42.3,39.1,39.3,112322.14,453713.739
920510.BJ,20251017,19.38,19.47,18.58,18.6,14555.48,27619.609
920519.BJ,20251017,13.46,13.48,13.03,13.07,7212.41,9546.59
920522.BJ,20251017,60.1,61.61,57.36,57.51,21400.64,126262.203
920523.BJ,20251017,28.52,28.79,27.73,27.75,20060.33,56640.311
920526.BJ,20251017,26.65,26.65,25.12,25.29,10930.7,28219.158
920527.BJ,20251017,18.86,18.9,18.47,18.55,5295.68,9866.759
920533.BJ,20251017,32.75,32.85,30.22,30.22,38980.49,121390.139
920541.BJ,20251017,15.75,15.75,15.4,15.54,13089.52,20338.0
920547.BJ,20251017,26.49,26.76,25.18,25.18,12112.27,31373.973
920553.BJ,20251017,10.95,11.0,10.51,10.53,24901.53,26662.045
920556.BJ,20251017,11.03,11.5,10.96,11.15,69661.06,77981.511
920564.BJ,20251017,22.4,22.5,21.61,21.61,9932.37,21906.556
920566.BJ,20251017,12.21,12.32,11.91,11.97,21391.34,25889.214
920570.BJ,20251017,38.71,38.71,36.0,36.5,7402.61,27719.572
920571.BJ,20251017,10.32,10.95,10.3,10.32,266347.25,283943.898
920575.BJ,20251017,12.91,12.96,12.66,12.76,23574.01,30244.952
920576.BJ,20251017,30.28,30.28,28.63,28.67,17511.27,51456.675
920578.BJ,20251017,27.87,27.93,26.14,26.35,10133.82,27583.007
920579.BJ,20251017,25.15,25.29,24.23,24.29,10701.36,26540.378
920580.BJ,20251017,15.5,15.86,15.33,15.4,25114.3,39044.139
920592.BJ,20251017,41.3,41.59,39.22,39.28,11917.58,48144.229
920593.BJ,20251017,34.99,35.2,33.25,33.3,38020.35,129188.008
920599.BJ,20251017,19.41,19.48,18.75,18.8,36166.36,69003.776
920608.BJ,20251017,23.33,23.51,22.12,22.2,7894.67,17896.273
920627.BJ,20251017,26.9,27.24,25.8,25.8,18394.86,48638.746
920634.BJ,20251017,29.26,29.36,27.78,27.8,17738.45,50460.053
920639.BJ,20251017,8.36,8.4,8.15,8.18,23146.67,19190.26
920640.BJ,20251017,27.03,27.3,25.7,25.82,39400.73,104143.379
920641.BJ,20251017,21.73,21.73,19.99,20.19,48275.34,99552.006
920642.BJ,20251017,14.61,15.09,14.52,14.52,30427.46,45081.673
920651.BJ,20251017,38.0,43.57,37.38,41.1,34065.06,140646.004
920656.BJ,20251017,18.35,18.35,17.87,17.9,10214.24,18437.515
920662.BJ,20251017,30.2,30.61,28.87,29.0,14211.04,42129.715
920663.BJ,20251017,21.38,21.39,20.2,20.29,10443.37,21602.005
920665.BJ,20251017,13.2,13.38,12.88,12.94,6494.53,8524.939
920670.BJ,20251017,14.1,14.19,13.68,13.68,16244.12,22546.653
920675.BJ,20251017,11.22,11.28,11.01,11.01,10725.18,11932.8
920679.BJ,20251017,22.14,22.65,21.6,21.95,6233.92,13859.947
920682.BJ,20251017,9.86,10.02,9.64,9.72,41242.54,40381.813
920685.BJ,20251017,15.13,15.25,14.73,14.73,7815.57,11734.189
920689.BJ,20251017,36.65,36.88,34.94,35.03,15040.73,54022.667
920690.BJ,20251017,30.93,30.93,29.67,29.7,12649.91,38218.366
920693.BJ,20251017,44.42,44.85,43.06,43.2,8783.42,38486.933
920694.BJ,20251017,19.2,19.34,18.71,18.97,8293.45,15747.331
920699.BJ,20251017,58.0,58.27,54.02,54.19,4444.88,24661.333
920701.BJ,20251017,19.17,19.37,18.52,18.57,10930.15,20576.624
920703.BJ,20251017,14.81,15.0,14.57,14.57,10538.34,15556.681
920706.BJ,20251017,21.16,22.8,21.16,21.58,29674.65,65640.529
920717.BJ,20251017,12.2,12.55,11.72,11.76,27417.98,33263.322
920718.BJ,20251017,18.45,18.45,17.63,17.84,10970.46,19788.14
920719.BJ,20251017,14.97,15.28,14.4,14.46,27750.82,41027.333
920720.BJ,20251017,15.77,15.81,15.22,15.26,30659.65,47417.146
920725.BJ,20251017,31.5,31.9,29.83,30.25,65290.75,200290.655
920726.BJ,20251017,18.82,18.9,18.21,18.28,8409.79,15613.196
920729.BJ,20251017,9.76,10.08,9.71,9.79,62700.49,61924.959
920735.BJ,20251017,37.37,37.9,35.7,35.7,19598.12,71959.624
920748.BJ,20251017,34.85,34.98,32.85,32.99,17489.66,59032.415
920751.BJ,20251017,21.1,21.4,20.62,20.66,15345.27,32139.645
920753.BJ,20251017,24.39,24.5,23.93,24.05,4850.71,11741.218
920765.BJ,20251017,23.71,23.99,22.0,22.26,36170.9,82324.488
920768.BJ,20251017,13.01,13.01,12.59,12.7,23974.43,30650.002
920770.BJ,20251017,20.5,20.65,19.01,19.2,81574.42,160117.275
920779.BJ,20251017,40.0,40.98,39.12,39.15,8344.23,33257.933
920781.BJ,20251017,10.01,10.04,9.85,9.85,22266.53,22138.514
920786.BJ,20251017,10.0,10.11,9.82,9.82,68110.01,67919.758
920790.BJ,20251017,40.53,40.87,39.4,39.4,7974.13,32003.63
920792.BJ,20251017,13.12,13.34,12.88,12.89,16328.02,21250.402
920799.BJ,20251017,52.31,52.57,49.53,49.53,30555.48,155163.296
920802.BJ,20251017,17.29,17.35,16.5,16.72,9572.91,16276.863
920806.BJ,20251017,14.56,14.59,13.75,13.8,54156.19,76375.607
920807.BJ,20251017,18.58,19.31,18.38,18.42,72702.98,136669.523
920808.BJ,20251017,88.51,88.51,83.12,84.98,16263.88,139066.044
920809.BJ,20251017,5.91,6.05,5.79,5.8,157942.41,93487.572
920810.BJ,20251017,15.27,15.27,14.33,14.36,14338.27,21140.285
920819.BJ,20251017,4.2,4.24,4.14,4.15,75494.65,31624.707
920821.BJ,20251017,27.9,28.1,26.66,26.71,13770.59,37665.537
920826.BJ,20251017,12.8,13.0,12.54,12.62,32570.7,41473.967
920832.BJ,20251017,8.11,8.23,8.07,8.08,25609.42,20872.088
920833.BJ,20251017,20.0,20.0,19.0,19.08,11341.65,22080.772
920834.BJ,20251017,15.1,15.1,14.58,14.59,29612.5,43752.861
920837.BJ,20251017,16.08,16.18,15.58,15.61,11480.66,18158.521
920839.BJ,20251017,53.55,56.6,50.0,51.3,45061.32,239896.555
920855.BJ,20251017,19.68,19.9,19.31,19.42,6974.79,13595.123
920856.BJ,20251017,18.78,18.78,18.02,18.02,9177.17,16896.547
920857.BJ,20251017,26.52,29.1,26.0,26.7,32530.23,90068.252
920866.BJ,20251017,9.03,9.13,8.9,8.9,21690.49,19635.879
920870.BJ,20251017,19.21,19.21,18.51,18.52,16384.35,30751.331
920871.BJ,20251017,17.5,17.5,16.7,17.01,9924.3,16834.48
920873.BJ,20251017,7.68,7.87,7.61,7.71,41525.71,32224.561
920876.BJ,20251017,29.98,30.47,28.57,28.57,20212.31,59618.146
920879.BJ,20251017,23.7,23.7,22.8,22.9,17093.04,39613.131
920885.BJ,20251017,19.84,20.06,18.94,19.01,29653.3,57638.385
920892.BJ,20251017,17.2,17.39,16.8,17.1,20185.79,34554.122
920895.BJ,20251017,23.46,23.58,22.61,22.7,4920.83,11354.688
920896.BJ,20251017,21.46,21.46,20.2,20.2,13223.45,27323.075
920906.BJ,20251017,28.7,28.72,27.44,27.48,15748.79,44153.08
920914.BJ,20251017,31.23,31.79,28.91,29.08,24129.94,72454.316
920924.BJ,20251017,24.18,24.58,23.03,23.32,10969.14,26215.726
920925.BJ,20251017,32.7,33.46,32.19,32.73,10823.21,35612.588
920926.BJ,20251017,19.07,19.5,18.8,18.95,16204.91,31197.138
920931.BJ,20251017,16.81,16.96,16.39,16.42,3779.53,6290.513
920932.BJ,20251017,24.5,24.54,23.2,23.3,21024.59,50390.951
920942.BJ,20251017,37.66,38.6,36.82,36.95,11357.04,42614.194
920943.BJ,20251017,24.24,24.3,23.22,23.23,8084.1,19144.385
920946.BJ,20251017,11.0,11.15,10.78,10.79,26485.73,29148.894
920950.BJ,20251017,21.5,21.54,20.04,20.59,6933.69,14317.787
920953.BJ,20251017,38.52,38.99,36.7,36.82,28298.0,106580.05
920957.BJ,20251017,14.21,14.29,13.69,13.72,8127.61,11403.303
920961.BJ,20251017,25.68,26.3,25.18,25.24,46293.71,119145.411
920964.BJ,20251017,7.64,7.68,7.45,7.49,26489.12,20070.426
920970.BJ,20251017,9.4,9.45,9.23,9.24,18404.15,17178.98
920971.BJ,20251017,39.91,40.27,36.24,36.72,56709.15,218593.32
920974.BJ,20251017,8.37,8.39,8.21,8.23,20141.94,16686.851
920976.BJ,20251017,25.79,25.81,24.78,25.35,6397.38,16118.506
920978.BJ,20251017,43.28,43.44,40.59,40.65,41322.53,171381.298
920981.BJ,20251017,35.19,35.58,34.0,34.0,10458.98,36127.777
920982.BJ,20251017,284.0,284.09,268.33,270.32,11059.04,302855.268
920985.BJ,20251017,9.22,9.35,8.85,8.89,37580.89,34023.056
920992.BJ,20251017,20.98,21.16,20.2,20.2,10805.87,22203.963
