ts_code,trade_date,open,high,low,close,vol,amount
000001.SZ,20241121,11.62,11.65,11.56,11.59,883408.06,1023998.432
000002.SZ,20241121,8.73,8.79,8.62,8.68,1011826.59,878347.767
000004.SZ,20241121,18.03,18.69,17.76,18.16,81907.48,148650.206
000006.SZ,20241121,7.98,8.29,7.91,8.07,569340.57,460144.343
000007.SZ,20241121,7.01,7.05,6.93,7.05,46569.02,32614.294
000008.SZ,20241121,2.6,2.6,2.56,2.59,367873.0,94815.18
000009.SZ,20241121,9.73,9.85,9.58,9.7,292345.5,283487.245
000010.SZ,20241121,2.85,2.9,2.76,2.8,329472.0,92556.959
000011.SZ,20241121,9.52,9.95,9.51,9.68,80417.3,78098.17
000012.SZ,20241121,5.48,5.49,5.42,5.47,124092.97,67695.091
000014.SZ,20241121,11.32,11.59,11.23,11.42,107975.6,123534.65
000016.SZ,20241121,5.35,5.86,5.29,5.55,1884266.41,1050250.856
000017.SZ,20241121,6.65,6.88,6.56,6.73,219027.0,146854.319
000019.SZ,20241121,6.8,6.86,6.74,6.84,64473.01,43885.498
000020.SZ,20241121,14.28,14.45,14.03,14.23,33091.0,47130.984
000021.SZ,20241121,20.22,21.77,20.02,21.15,1089285.11,2270259.42
000025.SZ,20241121,18.14,18.48,17.95,18.22,75867.05,138067.621
000026.SZ,20241121,10.41,10.55,10.39,10.5,72457.0,75801.978
000027.SZ,20241121,6.79,6.83,6.7,6.74,192832.69,129837.346
000028.SZ,20241121,31.21,31.34,30.8,31.13,42042.21,130353.899
000029.SZ,20241121,15.68,15.79,15.45,15.65,52073.15,81302.669
000030.SZ,20241121,5.5,5.54,5.44,5.5,110955.95,60966.835
000031.SZ,20241121,3.16,3.19,3.12,3.15,173359.13,54564.761
000032.SZ,20241121,19.08,19.35,18.68,19.1,250162.76,475347.31
000034.SZ,20241121,35.11,35.74,34.78,35.28,169727.58,598562.895
000035.SZ,20241121,5.12,5.14,5.02,5.07,300984.4,152630.833
000036.SZ,20241121,5.95,6.09,5.88,6.0,495188.44,297538.38
000037.SZ,20241121,9.26,9.65,9.26,9.57,115953.01,109997.558
000039.SZ,20241121,8.52,8.65,8.49,8.51,264973.9,226742.84
000040.SZ,20241121,1.57,1.62,1.52,1.55,632184.22,98249.565
000042.SZ,20241121,5.05,5.3,5.05,5.18,129203.0,66789.472
000045.SZ,20241121,11.23,11.55,11.06,11.55,186959.28,212257.074
000048.SZ,20241121,16.1,16.28,16.01,16.12,26302.26,42405.246
000049.SZ,20241121,26.3,26.79,25.9,26.21,111383.44,293262.77
000050.SZ,20241121,9.36,9.37,9.0,9.12,380024.0,348151.683
000055.SZ,20241121,4.25,4.27,4.2,4.24,110650.85,46858.793
000056.SZ,20241121,2.74,2.85,2.68,2.74,664608.38,182868.955
000058.SZ,20241121,8.68,8.83,8.58,8.72,204390.07,177775.424
000059.SZ,20241121,5.83,5.88,5.62,5.67,324208.94,185472.735
000060.SZ,20241121,4.91,4.98,4.86,4.91,398085.96,195768.292
000061.SZ,20241121,6.98,7.06,6.86,6.98,168853.61,117745.792
000062.SZ,20241121,28.51,29.59,28.41,29.0,360310.15,1047923.093
000063.SZ,20241121,32.26,32.68,32.0,32.29,868293.08,2808178.999
000065.SZ,20241121,11.06,11.61,11.01,11.22,230816.1,261381.826
000066.SZ,20241121,19.39,20.39,19.0,19.46,4563372.02,8974522.429
000068.SZ,20241121,3.75,3.77,3.69,3.73,173632.0,64701.882
000069.SZ,20241121,2.92,2.94,2.88,2.91,622556.14,180934.816
000070.SZ,20241121,5.73,5.73,5.64,5.69,141740.66,80591.588
000078.SZ,20241121,2.93,2.93,2.85,2.9,207380.55,59691.491
000088.SZ,20241121,5.04,5.05,4.98,5.0,107350.06,53744.27
000089.SZ,20241121,7.07,7.08,7.03,7.05,65364.05,46086.185
000090.SZ,20241121,4.4,4.49,4.35,4.42,283161.74,124883.659
000096.SZ,20241121,12.86,13.06,12.77,12.95,66514.02,86000.859
000099.SZ,20241121,29.51,30.47,29.09,29.38,903682.08,2688255.574
000100.SZ,20241121,4.8,4.88,4.76,4.81,5615149.2,2698548.731
000151.SZ,20241121,15.9,16.93,15.86,16.73,233724.0,384220.686
000153.SZ,20241121,6.52,6.53,6.44,6.52,90698.22,58889.237
000155.SZ,20241121,11.5,11.59,11.26,11.39,148433.9,169054.469
000156.SZ,20241121,7.55,7.73,7.53,7.65,172879.0,132198.207
000157.SZ,20241121,7.06,7.12,7.03,7.09,340015.29,240295.206
000158.SZ,20241121,27.69,30.5,27.3,28.8,2980589.29,8686848.245
000159.SZ,20241121,7.85,8.13,7.72,8.0,208602.1,166553.474
000166.SZ,20241121,5.49,5.54,5.45,5.52,852590.1,468768.714
000301.SZ,20241121,9.16,9.28,8.92,9.0,382025.75,345098.849
000333.SZ,20241121,71.37,71.39,70.55,70.84,216528.45,1534662.636
000338.SZ,20241121,13.83,14.22,13.81,14.09,1311097.52,1848999.99
000400.SZ,20241121,27.92,28.68,27.78,28.3,187067.34,529878.149
000401.SZ,20241121,5.84,5.87,5.76,5.81,84161.58,48793.348
000402.SZ,20241121,3.82,3.96,3.75,3.93,1097759.47,423008.512
000403.SZ,20241121,22.45,22.52,22.13,22.29,53917.7,120278.921
000404.SZ,20241121,7.46,7.48,7.31,7.37,102719.44,76012.59
000407.SZ,20241121,3.36,3.4,3.34,3.4,195970.03,66314.147
000408.SZ,20241121,29.31,29.67,29.1,29.39,57556.1,168821.098
000409.SZ,20241121,8.97,9.89,8.9,9.53,530156.01,505247.548
000410.SZ,20241121,7.58,7.64,7.53,7.61,135877.0,103069.467
000411.SZ,20241121,10.94,10.99,10.81,10.94,27981.81,30526.265
000415.SZ,20241121,4.11,4.24,4.05,4.1,3118186.01,1284245.849
000417.SZ,20241121,5.47,5.56,5.42,5.51,169632.18,93154.182
000419.SZ,20241121,5.47,5.54,5.43,5.5,110445.24,60599.25
000420.SZ,20241121,4.03,4.03,3.86,3.93,1083685.79,424185.004
000421.SZ,20241121,6.3,6.56,6.24,6.39,430414.51,275095.799
000422.SZ,20241121,14.26,14.66,14.21,14.3,423483.24,610579.057
000423.SZ,20241121,58.45,58.69,57.9,58.25,46501.8,271192.19
000425.SZ,20241121,7.75,7.78,7.65,7.69,458792.5,353723.202
000426.SZ,20241121,13.13,13.41,13.13,13.39,216707.72,288029.494
000428.SZ,20241121,3.36,3.38,3.31,3.34,195347.49,65283.893
000429.SZ,20241121,11.82,11.91,11.68,11.8,121430.93,143178.834
000430.SZ,20241121,6.66,7.07,6.65,7.0,275858.18,190394.062
000488.SZ,20241121,3.36,3.51,3.34,3.47,2125357.38,726305.753
000498.SZ,20241121,6.46,6.49,6.28,6.34,249974.0,158981.461
000501.SZ,20241121,8.59,8.66,8.54,8.61,67703.0,58194.581
000503.SZ,20241121,14.0,14.89,13.9,14.2,1473015.87,2156554.257
000504.SZ,20241121,9.42,10.39,9.37,10.16,116353.01,115781.375
000505.SZ,20241121,6.49,6.62,6.41,6.55,80366.0,52371.147
000506.SZ,20241121,3.42,3.47,3.42,3.42,470590.43,161029.011
000507.SZ,20241121,5.2,5.23,5.15,5.19,178542.07,92484.703
000509.SZ,20241121,3.58,3.94,3.58,3.76,411213.27,155375.403
000510.SZ,20241121,3.98,4.05,3.95,4.05,110875.48,44313.996
000513.SZ,20241121,38.04,38.33,37.8,38.03,55291.48,210111.039
000514.SZ,20241121,4.89,4.92,4.8,4.83,209753.46,101734.195
000516.SZ,20241121,5.99,6.08,5.89,5.94,410889.47,244548.714
000517.SZ,20241121,2.45,2.47,2.42,2.46,254449.39,62151.82
000518.SZ,20241121,3.23,3.54,3.2,3.38,1003773.75,339878.216
000519.SZ,20241121,15.1,15.22,14.95,15.07,225861.72,340531.213
000520.SZ,20241121,5.37,5.57,5.27,5.36,538010.45,290731.202
000521.SZ,20241121,8.62,8.67,8.52,8.6,181586.08,156216.552
000523.SZ,20241121,3.23,3.26,3.17,3.22,174353.46,55887.868
000524.SZ,20241121,9.79,9.9,9.72,9.82,66387.87,65050.466
000526.SZ,20241121,43.08,43.76,42.61,43.33,34401.26,148244.211
000528.SZ,20241121,11.73,11.73,11.57,11.66,129946.68,151248.247
000529.SZ,20241121,6.06,6.1,5.99,6.09,79822.77,48264.397
000530.SZ,20241121,5.27,5.4,5.24,5.35,287148.63,152990.493
000531.SZ,20241121,6.0,6.01,5.91,5.96,52414.63,31193.335
000532.SZ,20241121,13.93,14.37,13.88,14.07,98820.0,139659.981
000533.SZ,20241121,4.13,4.22,4.11,4.21,128963.0,53880.396
000534.SZ,20241121,11.7,12.86,11.62,12.86,177571.38,222740.855
000536.SZ,20241121,6.24,6.88,6.2,6.39,3796095.01,2469676.609
000537.SZ,20241121,9.73,9.79,9.53,9.62,170529.45,164456.939
000538.SZ,20241121,59.48,59.75,58.83,59.53,82792.71,490837.892
000539.SZ,20241121,4.77,4.82,4.73,4.76,225064.78,107143.448
000541.SZ,20241121,5.75,5.85,5.7,5.78,158124.83,91325.437
000543.SZ,20241121,7.74,7.98,7.7,7.91,432239.03,340296.695
000544.SZ,20241121,8.99,9.06,8.93,9.03,53509.09,48190.958
000545.SZ,20241121,2.63,2.71,2.61,2.66,245965.12,65385.399
000546.SZ,20241121,5.69,6.31,5.61,6.31,644585.93,392608.805
000547.SZ,20241121,8.43,8.67,8.33,8.45,447862.51,380573.91
000548.SZ,20241121,5.21,5.31,5.18,5.28,121020.56,63564.511
000550.SZ,20241121,25.89,26.52,25.68,25.95,124297.39,324717.986
000551.SZ,20241121,12.43,13.67,12.43,12.9,260554.49,338525.045
000552.SZ,20241121,2.86,2.88,2.83,2.84,506848.73,144495.745
000553.SZ,20241121,6.77,6.95,6.7,6.79,67937.01,46092.058
000554.SZ,20241121,6.09,6.13,6.02,6.1,121111.01,73577.908
000555.SZ,20241121,12.18,12.45,11.91,12.12,220039.93,266601.435
000557.SZ,20241121,6.15,6.28,6.07,6.11,413052.44,254556.403
000558.SZ,20241121,2.93,2.99,2.89,2.96,311198.01,91435.279
000559.SZ,20241121,6.76,6.83,6.67,6.74,391778.79,263988.344
000560.SZ,20241121,3.49,3.51,3.43,3.46,1409183.63,487219.469
000561.SZ,20241121,9.28,9.5,9.22,9.36,123941.18,115807.145
000563.SZ,20241121,4.04,4.04,3.96,4.0,1151263.2,459843.486
000564.SZ,20241121,2.99,2.99,2.81,2.99,6859004.42,2029526.364
000565.SZ,20241121,5.96,6.1,5.9,6.09,74303.5,44542.261
000566.SZ,20241121,5.32,5.58,5.25,5.42,773427.56,417765.137
000567.SZ,20241121,7.91,7.95,7.69,7.77,196247.74,153000.654
000568.SZ,20241121,141.92,143.18,140.73,141.68,76316.38,1079161.64
000570.SZ,20241121,5.36,5.48,5.32,5.48,179122.02,97299.929
000571.SZ,20241121,3.77,3.98,3.73,3.93,261393.62,101521.827
000572.SZ,20241121,4.66,4.79,4.65,4.75,740380.0,349758.72
000573.SZ,20241121,2.91,3.22,2.91,3.22,639888.59,198817.902
000576.SZ,20241121,7.55,7.75,7.49,7.56,80975.0,61532.67
000581.SZ,20241121,18.32,18.48,18.25,18.42,82255.94,151257.01
000582.SZ,20241121,7.88,7.89,7.8,7.83,170458.85,133489.08
000584.SZ,20241121,3.23,3.25,3.14,3.14,325583.72,103021.825
000586.SZ,20241121,10.07,10.32,9.9,10.04,70398.13,71120.314
000589.SZ,20241121,5.02,5.08,5.01,5.04,354263.27,178707.102
000590.SZ,20241121,9.22,9.77,9.17,9.43,137741.0,130370.754
000591.SZ,20241121,5.11,5.19,5.08,5.11,428110.98,219011.165
000592.SZ,20241121,2.53,2.56,2.48,2.52,644375.33,162347.452
000593.SZ,20241121,5.88,6.0,5.81,5.88,75093.3,44164.356
000595.SZ,20241121,8.3,8.55,8.25,8.36,345239.0,289169.807
000596.SZ,20241121,195.52,196.69,192.6,194.51,15024.84,291823.712
000597.SZ,20241121,5.36,5.45,5.32,5.37,280320.02,150602.752
000598.SZ,20241121,7.5,7.55,7.38,7.43,159198.3,118614.035
000599.SZ,20241121,5.06,5.11,4.97,5.02,155522.0,78237.797
000600.SZ,20241121,5.25,5.31,5.22,5.28,194688.53,102178.263
000601.SZ,20241121,4.18,4.26,4.18,4.25,146107.02,61624.822
000603.SZ,20241121,12.98,13.19,12.9,13.16,103456.95,134689.961
000605.SZ,20241121,12.3,12.3,10.58,12.3,935428.17,1106206.047
000607.SZ,20241121,3.97,4.05,3.96,4.0,173369.86,69440.678
000608.SZ,20241121,2.58,2.62,2.52,2.55,433839.4,110966.896
000609.SZ,20241121,2.5,2.61,2.45,2.61,90448.0,22834.549
000610.SZ,20241121,12.5,12.85,12.47,12.71,79002.15,100025.005
000612.SZ,20241121,6.88,6.95,6.81,6.89,231698.82,159477.133
000615.SZ,20241121,2.94,2.94,2.94,2.94,17425.0,5122.95
000617.SZ,20241121,7.84,7.85,7.69,7.8,1373580.28,1067439.408
000619.SZ,20241121,5.42,5.49,5.34,5.44,65124.01,35400.611
000620.SZ,20241121,2.1,2.14,2.08,2.1,835126.19,175185.632
000622.SZ,20241121,2.45,2.52,2.34,2.38,283228.33,67805.34
000623.SZ,20241121,19.07,19.42,19.04,19.26,212407.65,408251.957
000625.SZ,20241121,14.71,15.09,14.66,14.81,2211914.38,3285987.413
000626.SZ,20241121,6.89,6.89,6.89,6.89,56839.0,39162.071
000627.SZ,20241121,4.26,4.3,4.13,4.19,1584012.93,663131.118
000628.SZ,20241121,58.0,63.08,57.85,60.73,276821.31,1693176.792
000629.SZ,20241121,2.96,3.0,2.94,2.97,671752.95,199116.204
000630.SZ,20241121,3.39,3.42,3.37,3.39,1405846.87,476110.211
000631.SZ,20241121,2.96,3.12,2.91,3.02,297548.47,89586.022
000632.SZ,20241121,3.96,4.11,3.95,4.04,117910.0,47451.412
000633.SZ,20241121,5.14,5.31,5.1,5.21,137481.0,71552.964
000635.SZ,20241121,8.8,9.05,8.4,8.54,137439.74,118814.013
000636.SZ,20241121,15.97,15.98,15.7,15.87,154859.0,245061.596
000637.SZ,20241121,3.97,4.02,3.9,3.94,76867.75,30337.948
000638.SZ,20241121,5.44,5.61,5.39,5.55,140329.4,77331.058
000639.SZ,20241121,3.88,4.05,3.83,3.99,766107.34,302029.914
000650.SZ,20241121,6.01,6.09,5.95,6.05,361646.19,217616.818
000651.SZ,20241121,42.66,42.69,42.0,42.31,396281.21,1672811.222
000652.SZ,20241121,4.54,4.55,4.44,4.48,331957.0,148949.336
000655.SZ,20241121,6.55,6.78,6.45,6.67,133842.42,88951.862
000656.SZ,20241121,1.62,1.71,1.6,1.7,1901442.57,314481.185
000657.SZ,20241121,10.45,11.01,10.45,10.8,491187.25,529426.478
000659.SZ,20241121,2.95,2.99,2.85,2.89,313205.65,90898.951
000661.SZ,20241121,113.5,114.23,112.25,113.01,42194.01,477671.286
000663.SZ,20241121,6.17,6.33,6.12,6.24,73938.0,45982.183
000665.SZ,20241121,4.26,4.31,4.22,4.28,212016.15,90576.955
000668.SZ,20241121,8.93,9.06,8.77,8.89,32202.96,28653.026
000669.SZ,20241121,1.84,1.93,1.84,1.93,192177.2,36910.814
000670.SZ,20241121,7.39,7.58,7.26,7.45,874431.67,647968.936
000672.SZ,20241121,8.26,8.3,8.12,8.19,62489.83,51035.263
000676.SZ,20241121,10.0,10.65,9.95,10.3,1015674.6,1041870.515
000677.SZ,20241121,4.91,5.08,4.84,4.91,450336.83,222605.597
000678.SZ,20241121,6.1,6.2,6.06,6.13,107488.0,65825.344
000679.SZ,20241121,4.81,5.34,4.65,5.34,497600.99,248763.789
000680.SZ,20241121,9.63,9.93,9.5,9.9,337521.39,330274.701
000681.SZ,20241121,14.1,14.3,13.93,14.15,221096.8,312321.69
000682.SZ,20241121,11.27,11.75,11.26,11.67,445286.2,516292.178
000683.SZ,20241121,5.97,6.03,5.85,5.91,494720.97,292975.58
000685.SZ,20241121,8.99,9.03,8.96,9.0,160831.07,144670.361
000686.SZ,20241121,8.25,8.4,8.2,8.37,309613.7,257302.765
000688.SZ,20241121,15.17,15.8,14.32,14.61,270909.6,404267.098
000690.SZ,20241121,4.75,4.78,4.7,4.73,277776.24,131405.848
000691.SZ,20241121,4.48,4.5,4.4,4.45,93974.0,41797.88
000692.SZ,20241121,3.68,3.74,3.59,3.63,94153.1,34318.591
000695.SZ,20241121,13.18,14.5,12.56,13.97,363409.33,488629.001
000697.SZ,20241121,8.48,8.51,8.25,8.37,123444.06,103155.94
000698.SZ,20241121,3.76,4.03,3.71,3.85,768717.53,296787.376
000700.SZ,20241121,7.75,7.82,7.6,7.72,286100.05,220861.012
000701.SZ,20241121,4.99,5.03,4.88,5.01,159396.0,79197.253
000702.SZ,20241121,8.08,8.23,8.06,8.16,106450.44,86681.809
000703.SZ,20241121,6.45,6.51,6.35,6.45,189815.14,121639.719
000705.SZ,20241121,8.21,8.53,8.17,8.41,191204.29,160158.023
000707.SZ,20241121,8.13,8.21,8.03,8.15,136276.11,110704.066
000708.SZ,20241121,12.24,12.33,12.19,12.26,91971.68,112743.397
000709.SZ,20241121,2.25,2.27,2.23,2.25,787318.84,177129.914
000710.SZ,20241121,9.51,10.0,9.38,9.79,176068.3,170757.551
000711.SZ,20241121,1.74,1.75,1.71,1.74,245806.91,42513.469
000712.SZ,20241121,13.85,14.16,13.68,14.0,461547.51,642004.808
000713.SZ,20241121,7.33,7.41,7.26,7.38,93678.52,68765.031
000715.SZ,20241121,6.25,6.41,6.22,6.37,116321.41,73678.621
000716.SZ,20241121,6.1,6.55,6.06,6.21,1556024.52,979702.861
000717.SZ,20241121,2.93,2.93,2.83,2.85,838952.09,239762.79
000718.SZ,20241121,2.51,2.53,2.47,2.52,358251.18,89785.473
000719.SZ,20241121,11.45,11.55,11.2,11.34,220914.04,250440.643
000720.SZ,20241121,4.0,4.22,3.99,4.17,160608.35,66549.226
000721.SZ,20241121,9.15,9.58,9.09,9.33,352454.88,328249.963
000722.SZ,20241121,10.41,10.53,10.37,10.48,66956.07,70031.348
000723.SZ,20241121,4.95,5.22,4.9,5.09,1364836.8,691569.031
000725.SZ,20241121,4.41,4.42,4.35,4.37,4365905.23,1911660.569
000726.SZ,20241121,6.64,6.66,6.55,6.62,96427.01,63540.355
000727.SZ,20241121,2.81,2.82,2.74,2.77,1123482.35,311603.543
000728.SZ,20241121,8.37,8.5,8.34,8.43,461282.04,387710.462
000729.SZ,20241121,10.34,10.38,10.23,10.28,117554.65,120860.386
000731.SZ,20241121,7.7,7.76,7.63,7.7,141737.02,108892.142
000733.SZ,20241121,47.3,47.84,46.84,47.42,71448.32,338656.406
000735.SZ,20241121,5.98,6.02,5.89,5.95,212954.26,126754.08
000736.SZ,20241121,10.25,10.37,10.17,10.27,187401.51,192736.499
000737.SZ,20241121,9.44,9.46,9.23,9.38,398893.83,372869.915
000738.SZ,20241121,22.42,22.58,22.15,22.29,83178.0,185988.938
000739.SZ,20241121,16.4,16.5,16.17,16.29,61952.0,100931.908
000750.SZ,20241121,4.66,4.76,4.64,4.69,1970038.37,923256.859
000751.SZ,20241121,3.05,3.09,3.01,3.06,158662.75,48434.726
000752.SZ,20241121,8.15,8.53,8.15,8.28,107886.55,90747.851
000753.SZ,20241121,3.47,3.51,3.44,3.51,136014.99,47333.362
000755.SZ,20241121,4.93,4.98,4.88,4.92,109889.21,54052.558
000756.SZ,20241121,16.6,16.69,16.32,16.52,78825.25,130141.814
000757.SZ,20241121,4.3,4.45,4.25,4.35,181577.92,78847.907
000758.SZ,20241121,5.16,5.2,5.09,5.16,301485.42,155282.085
000759.SZ,20241121,3.89,3.96,3.82,3.9,167811.1,65043.425
000761.SZ,20241121,3.55,3.56,3.44,3.48,104227.52,36259.18
000762.SZ,20241121,24.9,25.22,24.5,24.82,180751.16,448043.92
000766.SZ,20241121,14.41,14.45,14.22,14.38,121907.09,174724.942
000767.SZ,20241121,2.71,2.74,2.67,2.7,332262.91,89637.286
000768.SZ,20241121,27.88,28.04,27.4,27.65,169283.66,468856.594
000776.SZ,20241121,16.78,16.91,16.63,16.81,401365.76,673419.665
000777.SZ,20241121,17.5,18.66,17.47,18.34,239564.97,437723.805
000778.SZ,20241121,4.04,4.06,4.0,4.02,401752.68,161387.723
000779.SZ,20241121,8.57,8.68,8.5,8.61,87474.0,75179.686
000782.SZ,20241121,5.11,5.22,5.02,5.17,364092.0,186103.811
000783.SZ,20241121,7.0,7.08,6.97,7.04,587862.65,412486.555
000785.SZ,20241121,2.92,3.03,2.86,2.96,998251.47,292808.347
000786.SZ,20241121,29.21,29.68,29.07,29.42,68803.16,202056.279
000788.SZ,20241121,6.42,6.57,6.36,6.45,107807.51,69581.947
000789.SZ,20241121,5.46,5.48,5.4,5.46,62554.86,34033.883
000790.SZ,20241121,4.3,4.41,4.27,4.35,207542.13,89999.025
000791.SZ,20241121,6.19,6.21,6.11,6.14,165974.77,102048.454
000792.SZ,20241121,18.96,19.15,18.83,18.98,312371.11,593122.871
000793.SZ,20241121,2.7,2.74,2.66,2.68,1170423.1,314335.094
000795.SZ,20241121,10.86,11.28,10.53,10.89,1418898.94,1540411.303
000796.SZ,20241121,4.29,4.41,4.26,4.36,196254.32,85130.673
000797.SZ,20241121,2.99,3.02,2.97,3.0,295456.5,88414.8
000798.SZ,20241121,7.77,7.92,7.69,7.78,83872.07,65185.792
000799.SZ,20241121,58.51,59.12,57.58,58.29,74749.85,435372.592
000800.SZ,20241121,8.82,9.07,8.78,8.9,201801.55,180217.023
000801.SZ,20241121,17.71,17.71,17.4,17.71,398340.02,704767.479
000802.SZ,20241121,7.1,7.34,7.08,7.3,159192.01,115482.183
000803.SZ,20241121,5.03,5.17,4.97,5.06,260014.83,131185.869
000807.SZ,20241121,14.15,14.39,14.05,14.22,274159.27,390131.68
000809.SZ,20241121,2.59,2.64,2.59,2.64,44326.5,11632.525
000810.SZ,20241121,12.83,13.15,12.69,12.86,376292.48,486145.732
000811.SZ,20241121,11.07,11.14,10.89,11.12,127720.06,140894.5
000812.SZ,20241121,5.41,6.06,5.41,6.06,1110447.97,656215.786
000813.SZ,20241121,2.95,3.26,2.93,3.26,1269346.25,401954.505
000815.SZ,20241121,12.0,12.69,11.68,11.74,1201567.57,1450545.384
000816.SZ,20241121,2.66,2.71,2.65,2.69,267858.01,71799.296
000818.SZ,20241121,21.19,22.62,20.99,22.57,517438.54,1136473.685
000819.SZ,20241121,19.52,19.67,18.68,18.9,85284.88,162870.24
000820.SZ,20241121,3.87,3.98,3.82,3.86,93208.04,36124.58
000821.SZ,20241121,14.32,14.55,13.96,14.15,285959.33,406303.75
000822.SZ,20241121,6.06,6.17,6.0,6.08,394651.3,240122.587
000823.SZ,20241121,9.7,9.78,9.55,9.69,80358.02,77828.188
000825.SZ,20241121,3.73,3.76,3.7,3.73,256229.65,95372.275
000826.SZ,20241121,2.83,2.99,2.74,2.78,1064993.71,303694.139
000828.SZ,20241121,11.13,11.17,11.0,11.1,89073.07,98707.427
000829.SZ,20241121,13.52,14.86,13.34,14.31,871816.52,1240317.877
000830.SZ,20241121,12.61,12.82,12.38,12.43,560407.02,702747.865
000831.SZ,20241121,31.6,32.67,31.37,31.77,308872.41,985100.758
000833.SZ,20241121,16.89,16.89,16.89,16.89,35749.7,60381.243
000837.SZ,20241121,9.48,9.61,9.31,9.45,210467.06,198752.672
000838.SZ,20241121,2.87,2.9,2.84,2.88,176345.04,50634.619
000839.SZ,20241121,3.44,3.5,3.38,3.42,806856.55,276591.457
000848.SZ,20241121,8.94,9.0,8.88,8.95,61151.22,54625.574
000850.SZ,20241121,4.45,4.46,4.35,4.39,151036.15,66324.438
000851.SZ,20241121,3.76,3.94,3.71,3.9,460875.86,176757.395
000852.SZ,20241121,6.11,6.14,6.02,6.09,96543.79,58790.545
000856.SZ,20241121,7.93,7.99,7.81,7.9,32736.0,25869.869
000858.SZ,20241121,149.0,150.1,148.16,149.5,114460.54,1706377.342
000859.SZ,20241121,5.53,5.62,5.39,5.5,299859.02,164474.029
000860.SZ,20241121,19.09,19.19,18.87,19.09,162762.3,309578.037
000862.SZ,20241121,5.54,5.6,5.38,5.44,155525.2,84937.894
000863.SZ,20241121,3.68,3.79,3.68,3.77,226072.0,84604.954
000868.SZ,20241121,5.54,6.08,5.49,5.85,718825.09,417174.73
000869.SZ,20241121,23.73,23.76,23.49,23.72,12713.7,30046.01
000875.SZ,20241121,5.73,5.76,5.68,5.72,325910.37,185965.715
000876.SZ,20241121,9.8,9.88,9.7,9.8,216189.88,211613.81
000877.SZ,20241121,6.34,6.46,6.25,6.29,107414.0,67798.783
000878.SZ,20241121,13.0,13.1,12.9,13.02,238241.56,309238.415
000880.SZ,20241121,13.17,13.42,12.5,12.78,365624.88,468834.075
000881.SZ,20241121,7.96,8.33,7.96,8.12,199582.05,162613.16
000882.SZ,20241121,1.85,1.88,1.8,1.81,1153292.95,210465.669
000883.SZ,20241121,5.02,5.06,5.0,5.05,283054.42,142518.857
000885.SZ,20241121,14.07,14.78,14.07,14.67,144526.63,209767.674
000886.SZ,20241121,6.14,6.35,6.11,6.18,224704.99,139678.484
000887.SZ,20241121,13.18,13.3,13.07,13.16,179076.0,235550.248
000888.SZ,20241121,12.72,12.86,12.67,12.78,82826.12,105665.45
000889.SZ,20241121,2.12,2.24,2.12,2.24,305552.93,67248.512
000890.SZ,20241121,3.63,3.99,3.63,3.82,621602.11,240401.28
000892.SZ,20241121,3.21,3.5,3.18,3.5,463935.26,159051.791
000893.SZ,20241121,22.0,22.31,21.77,21.99,85348.16,187702.193
000895.SZ,20241121,24.8,25.0,24.73,24.96,99156.63,246581.893
000897.SZ,20241121,2.56,2.66,2.55,2.59,492506.61,127701.54
000898.SZ,20241121,2.46,2.47,2.43,2.45,336543.5,82322.289
000899.SZ,20241121,8.83,8.9,8.72,8.8,82904.18,72904.118
000900.SZ,20241121,4.55,4.7,4.49,4.57,482988.36,220054.373
000901.SZ,20241121,12.57,12.75,12.26,12.41,288560.09,359468.449
000902.SZ,20241121,13.45,13.83,13.39,13.62,171904.71,233954.262
000903.SZ,20241121,3.08,3.4,3.03,3.25,1559626.81,500004.644
000905.SZ,20241121,6.65,6.68,6.59,6.65,92376.02,61288.656
000906.SZ,20241121,7.2,7.21,6.96,6.98,499113.66,351164.734
000908.SZ,20241121,5.91,6.36,5.83,5.83,750012.6,448439.603
000909.SZ,20241121,5.33,5.58,5.32,5.53,79886.36,43873.086
000910.SZ,20241121,7.62,7.69,7.5,7.57,61817.02,46834.137
000911.SZ,20241121,7.88,8.26,7.75,7.99,305429.05,244304.776
000912.SZ,20241121,4.5,4.56,4.45,4.52,130186.11,58475.255
000913.SZ,20241121,17.27,17.48,16.97,17.2,70877.99,122149.511
000915.SZ,20241121,26.18,26.84,26.0,26.64,57824.08,152712.308
000917.SZ,20241121,7.93,8.09,7.84,7.97,732533.1,584933.638
000919.SZ,20241121,6.94,7.19,6.9,7.15,264678.2,186594.581
000920.SZ,20241121,9.17,9.32,9.13,9.23,73999.46,68192.815
000921.SZ,20241121,29.61,29.9,29.35,29.64,83872.59,248741.014
000922.SZ,20241121,11.87,12.49,11.87,12.28,239198.92,292841.277
000923.SZ,20241121,15.3,15.42,15.2,15.31,72134.05,110306.699
000925.SZ,20241121,7.63,7.69,7.45,7.58,474753.45,357448.988
000926.SZ,20241121,2.82,2.86,2.79,2.82,589641.49,166477.522
000927.SZ,20241121,2.85,2.88,2.8,2.83,450014.54,127553.967
000928.SZ,20241121,6.95,7.25,6.93,7.03,362873.79,257363.391
000929.SZ,20241121,8.14,8.35,8.13,8.29,64430.67,53062.844
000930.SZ,20241121,5.92,5.95,5.87,5.94,103820.02,61419.161
000931.SZ,20241121,5.12,5.21,5.07,5.19,102208.12,52674.234
000932.SZ,20241121,4.55,4.58,4.51,4.57,550527.66,250337.048
000933.SZ,20241121,17.04,17.04,16.63,16.78,350739.22,587245.616
000935.SZ,20241121,16.29,16.29,15.98,16.13,51352.0,82865.459
000936.SZ,20241121,7.26,7.31,7.17,7.27,163667.88,118608.22
000937.SZ,20241121,6.32,6.47,6.31,6.46,409378.47,262069.706
000938.SZ,20241121,25.88,26.35,25.69,25.98,623061.26,1622962.7
000948.SZ,20241121,18.66,19.19,18.62,18.96,173735.24,328839.892
000949.SZ,20241121,5.2,5.47,4.72,4.9,3413719.88,1720052.759
000950.SZ,20241121,5.77,5.78,5.68,5.75,210383.59,120407.532
000951.SZ,20241121,16.75,18.06,16.7,17.5,391670.77,686424.106
000952.SZ,20241121,6.66,6.83,6.5,6.59,237673.36,157189.478
000953.SZ,20241121,5.33,5.39,5.21,5.31,93755.0,49502.273
000955.SZ,20241121,4.45,4.54,4.39,4.47,75493.8,33582.96
000957.SZ,20241121,11.58,12.8,11.53,12.8,701857.55,878444.316
000958.SZ,20241121,7.62,8.06,7.48,7.56,1658643.58,1276270.963
000959.SZ,20241121,3.25,3.26,3.22,3.25,183901.87,59512.47
000960.SZ,20241121,15.1,15.22,15.01,15.17,175836.1,265899.835
000962.SZ,20241121,14.07,15.23,14.07,14.62,390634.79,573486.113
000963.SZ,20241121,36.25,37.07,36.25,36.58,128207.22,470392.935
000965.SZ,20241121,3.3,3.36,3.28,3.34,270680.21,89984.444
000966.SZ,20241121,4.94,4.97,4.88,4.93,170605.51,83941.281
000967.SZ,20241121,4.96,5.04,4.93,4.96,131002.4,65088.513
000968.SZ,20241121,7.07,7.14,6.93,7.01,132452.83,92976.436
000969.SZ,20241121,11.09,12.19,11.03,12.19,1030621.35,1227617.985
000970.SZ,20241121,10.91,11.0,10.82,10.99,251883.31,275325.917
000972.SZ,20241121,3.0,3.04,2.95,3.04,148209.0,44547.846
000973.SZ,20241121,9.19,9.19,9.19,9.19,222582.99,204553.768
000975.SZ,20241121,16.87,17.3,16.86,17.26,272507.4,465318.963
000977.SZ,20241121,48.78,50.05,48.5,49.26,865561.28,4269970.58
000978.SZ,20241121,6.28,6.33,6.23,6.32,60595.0,38115.692
000980.SZ,20241121,2.67,2.85,2.66,2.73,2332312.5,642336.252
000981.SZ,20241121,1.81,1.9,1.78,1.79,5709323.28,1038223.031
000983.SZ,20241121,8.48,8.69,8.46,8.54,426716.86,365347.154
000985.SZ,20241121,20.31,20.72,20.1,20.56,18097.0,36912.238
000987.SZ,20241121,7.79,7.8,7.63,7.72,364212.74,280887.334
000988.SZ,20241121,37.42,37.71,36.85,37.29,282333.1,1054197.571
000989.SZ,20241121,7.88,7.89,7.76,7.81,113221.5,88344.776
000990.SZ,20241121,9.13,9.21,8.85,8.97,449552.85,404770.652
000993.SZ,20241121,9.15,9.28,9.13,9.22,60182.1,55422.476
000995.SZ,20241121,13.81,14.07,13.68,13.84,56875.0,78726.546
000997.SZ,20241121,20.6,20.8,20.28,20.52,134183.27,275322.782
000998.SZ,20241121,11.24,11.33,11.11,11.19,185144.87,207551.074
000999.SZ,20241121,47.66,47.7,46.53,47.47,99977.23,470583.157
001201.SZ,20241121,16.47,16.79,16.39,16.54,22448.8,37224.099
001202.SZ,20241121,14.08,14.17,13.79,13.97,30026.0,41714.963
001203.SZ,20241121,10.11,10.53,9.99,10.05,256760.0,260056.001
001205.SZ,20241121,21.16,22.68,20.83,22.6,131559.46,286050.914
001206.SZ,20241121,15.9,16.58,15.82,16.39,54450.59,88197.7
001207.SZ,20241121,19.78,20.2,19.62,19.95,41178.37,81928.181
001208.SZ,20241121,9.4,9.6,9.4,9.54,83417.45,79436.089
001209.SZ,20241121,14.25,14.48,14.11,14.41,19342.25,27726.442
001210.SZ,20241121,14.78,14.78,14.31,14.46,38071.66,55426.391
001211.SZ,20241121,19.09,19.34,18.95,19.18,13917.0,26668.913
001212.SZ,20241121,25.65,26.0,25.05,25.09,54894.73,139266.6
001213.SZ,20241121,4.33,4.34,4.29,4.32,171002.62,73712.964
001215.SZ,20241121,34.38,34.77,33.91,34.18,24550.9,84106.622
001216.SZ,20241121,13.8,13.98,13.71,13.88,33809.0,46834.35
001217.SZ,20241121,10.77,11.57,10.77,11.03,123978.38,137079.068
001218.SZ,20241121,16.82,17.97,16.82,17.58,33484.42,58461.164
001219.SZ,20241121,14.21,14.36,14.06,14.21,44473.77,63101.988
001222.SZ,20241121,14.15,14.29,13.86,14.18,32188.28,45353.97
001223.SZ,20241121,38.57,39.09,38.2,38.73,8601.0,33179.54
001225.SZ,20241121,32.9,33.17,32.56,33.05,3364.0,11086.299
001226.SZ,20241121,25.5,26.47,25.21,25.8,19606.0,50760.667
001227.SZ,20241121,2.59,2.6,2.56,2.58,813388.63,209497.47
001228.SZ,20241121,22.22,22.35,21.85,22.27,33536.0,74307.78
001229.SZ,20241121,35.64,35.64,35.64,35.64,7821.3,27875.113
001230.SZ,20241121,17.74,18.02,17.64,17.85,9127.6,16273.406
001231.SZ,20241121,17.22,17.41,17.03,17.32,11385.06,19622.006
001234.SZ,20241121,17.96,17.96,17.65,17.83,14374.9,25610.661
001236.SZ,20241121,10.96,11.05,10.85,11.03,110647.11,121257.324
001238.SZ,20241121,26.63,26.69,26.25,26.55,4279.0,11336.129
001239.SZ,20241121,16.73,16.8,16.42,16.71,33076.47,54988.813
001255.SZ,20241121,40.52,40.9,36.42,36.42,89030.64,341477.461
001256.SZ,20241121,17.39,18.35,17.04,18.25,64739.96,115697.368
001258.SZ,20241121,6.68,6.75,6.65,6.72,43656.81,29231.298
001259.SZ,20241121,23.78,25.06,23.34,24.86,44682.0,108881.885
001260.SZ,20241121,16.32,16.48,16.18,16.39,13506.03,22049.757
001266.SZ,20241121,22.7,23.18,22.4,22.83,48895.18,111523.37
001267.SZ,20241121,7.39,7.63,7.27,7.55,159389.66,118957.488
001268.SZ,20241121,19.15,19.42,18.91,19.27,30523.0,58632.063
001269.SZ,20241121,30.75,33.62,30.32,32.67,179761.44,574688.763
001270.SZ,20241121,46.53,47.53,45.25,45.66,37256.42,171792.247
001277.SZ,20241121,36.76,36.98,36.39,36.8,12635.0,46415.139
001278.SZ,20241121,16.78,17.01,16.68,16.92,18361.0,31035.299
001279.SZ,20241121,49.0,49.3,48.56,49.05,29666.92,145130.388
001282.SZ,20241121,20.84,21.34,20.65,20.92,38218.22,80045.221
001283.SZ,20241121,48.9,49.99,48.28,48.92,10036.87,49219.866
001286.SZ,20241121,9.8,9.85,9.77,9.81,168536.14,165263.594
001287.SZ,20241121,20.52,20.9,20.2,20.38,123093.04,252690.655
001288.SZ,20241121,30.4,31.07,30.2,30.44,11199.05,34219.798
001289.SZ,20241121,17.8,18.0,17.7,17.76,39523.91,70374.181
001296.SZ,20241121,20.0,20.86,18.65,19.1,197631.85,390778.4
001298.SZ,20241121,27.21,27.36,26.91,27.22,42992.37,116680.807
001299.SZ,20241121,13.73,13.85,13.5,13.67,28859.89,39529.2
001300.SZ,20241121,13.42,13.45,12.99,13.18,239283.64,314727.422
001301.SZ,20241121,71.58,73.69,71.01,72.31,25588.6,185284.274
001306.SZ,20241121,65.6,66.31,62.9,63.91,53105.63,339112.414
001308.SZ,20241121,22.37,22.37,21.76,22.01,37372.96,82370.59
001309.SZ,20241121,81.71,81.71,80.0,80.7,27476.27,222327.662
001311.SZ,20241121,27.88,27.96,27.35,27.66,20349.12,56360.452
001313.SZ,20241121,7.39,7.76,7.31,7.52,81711.03,61201.66
001314.SZ,20241121,45.0,46.49,44.2,45.48,87943.8,397429.863
001316.SZ,20241121,31.34,31.63,30.91,31.5,10742.26,33640.713
001317.SZ,20241121,28.02,28.34,27.72,28.01,14481.0,40591.765
001318.SZ,20241121,11.47,11.6,11.36,11.55,26420.87,30351.395
001319.SZ,20241121,24.75,24.75,23.85,24.29,50919.0,123822.631
001322.SZ,20241121,8.43,8.49,8.33,8.41,23521.43,19774.741
001323.SZ,20241121,35.5,37.27,35.2,36.97,17080.52,62324.314
001324.SZ,20241121,18.59,19.55,18.25,18.82,164499.56,307559.532
001326.SZ,20241121,37.44,37.44,36.37,36.73,7394.0,27250.907
001328.SZ,20241121,30.05,30.8,29.92,30.39,9352.75,28346.223
001330.SZ,20241121,6.32,6.47,6.24,6.39,185933.26,118036.025
001331.SZ,20241121,11.66,11.83,11.57,11.8,24012.0,28095.614
001332.SZ,20241121,34.67,35.45,34.38,35.06,11328.25,39744.531
001333.SZ,20241121,18.59,18.79,18.52,18.76,10289.28,19245.204
001336.SZ,20241121,19.45,19.95,19.3,19.58,11368.0,22265.032
001337.SZ,20241121,22.99,23.9,22.85,23.9,119270.74,278391.754
001338.SZ,20241121,10.55,10.58,10.36,10.49,55060.3,57642.51
001339.SZ,20241121,36.0,39.66,35.65,39.66,203551.8,785757.758
001358.SZ,20241121,23.51,24.15,23.5,23.89,23597.01,56335.379
001359.SZ,20241121,24.74,25.05,24.43,24.72,18232.98,45137.376
001360.SZ,20241121,14.64,14.72,14.45,14.6,14447.82,21090.951
001366.SZ,20241121,11.72,11.78,11.58,11.72,20763.0,24282.973
001367.SZ,20241121,28.42,28.55,27.98,28.3,10955.1,30881.395
001368.SZ,20241121,20.67,21.7,20.54,21.29,38331.99,81046.795
001373.SZ,20241121,28.25,28.55,27.91,28.39,16755.0,47366.997
001376.SZ,20241121,14.58,14.6,14.32,14.44,83824.55,121264.819
001378.SZ,20241121,24.68,25.07,24.28,24.6,23825.23,58834.557
001379.SZ,20241121,28.53,28.75,26.8,27.67,118963.58,330110.564
001380.SZ,20241121,22.63,22.87,22.35,22.57,13959.19,31603.458
001387.SZ,20241121,15.5,15.61,15.31,15.49,30999.72,47960.654
001389.SZ,20241121,42.91,42.97,42.12,42.65,14824.01,63205.359
001696.SZ,20241121,27.08,28.5,26.8,27.32,1493944.21,4148231.73
001872.SZ,20241121,20.74,20.85,20.5,20.76,95665.63,197911.732
001896.SZ,20241121,4.28,4.32,4.2,4.25,133697.0,56778.904
001914.SZ,20241121,10.98,11.07,10.82,10.89,60417.62,65946.217
001965.SZ,20241121,11.6,11.82,11.58,11.73,170093.53,199649.613
001979.SZ,20241121,10.96,11.05,10.84,10.9,551616.37,602579.244
002001.SZ,20241121,22.4,22.4,22.22,22.36,111861.92,249592.988
002003.SZ,20241121,13.24,13.3,13.08,13.3,69887.74,92445.457
002004.SZ,20241121,4.75,4.77,4.68,4.73,171098.86,80612.359
002005.SZ,20241121,1.67,1.74,1.67,1.74,171765.0,29727.159
002006.SZ,20241121,18.0,18.23,16.36,16.59,877922.97,1516304.486
002007.SZ,20241121,17.17,17.49,17.0,17.39,154501.99,266558.131
002008.SZ,20241121,28.2,28.9,27.65,27.98,670030.75,1881527.362
002009.SZ,20241121,14.02,14.5,13.9,14.32,372391.68,532725.635
002010.SZ,20241121,4.99,5.04,4.92,4.95,404352.4,201046.104
002011.SZ,20241121,11.47,11.58,11.28,11.4,114878.0,131271.472
002012.SZ,20241121,5.52,5.7,5.5,5.64,107031.51,59938.172
002014.SZ,20241121,10.29,10.31,10.14,10.19,21197.0,21664.618
002015.SZ,20241121,8.69,8.75,8.48,8.59,282208.15,242162.062
002016.SZ,20241121,8.2,8.61,8.14,8.18,206890.96,171046.313
002017.SZ,20241121,10.38,10.56,10.19,10.4,133922.09,139139.57
002019.SZ,20241121,12.4,12.52,12.19,12.26,65814.0,80998.852
002020.SZ,20241121,12.98,12.99,12.72,12.81,139296.01,178515.688
002021.SZ,20241121,2.59,2.63,2.54,2.58,555452.26,142773.942
002022.SZ,20241121,6.85,6.9,6.72,6.85,67738.0,46135.553
002023.SZ,20241121,11.32,11.42,11.14,11.3,165197.8,186380.727
002024.SZ,20241121,2.09,2.13,2.04,2.06,722652.03,150592.878
002025.SZ,20241121,55.11,55.5,53.8,54.2,38943.54,212447.183
002026.SZ,20241121,9.88,10.2,9.81,10.11,213631.53,213856.445
002027.SZ,20241121,7.16,7.23,7.13,7.2,577196.32,414304.274
002028.SZ,20241121,76.42,77.99,76.17,77.5,46136.87,356763.962
002029.SZ,20241121,6.36,6.4,6.25,6.39,103820.0,65690.302
002030.SZ,20241121,6.62,6.75,6.53,6.68,338804.57,225111.159
002031.SZ,20241121,4.54,4.65,4.43,4.49,4397250.19,1994043.769
002032.SZ,20241121,52.25,52.95,52.2,52.22,9021.88,47384.345
002033.SZ,20241121,8.75,8.83,8.72,8.8,92242.01,80908.673
002034.SZ,20241121,15.44,15.72,15.4,15.7,58623.46,91271.652
002035.SZ,20241121,7.88,7.98,7.8,7.87,91828.0,72387.762
002036.SZ,20241121,11.1,11.19,10.78,10.87,785988.26,861712.715
002037.SZ,20241121,8.99,9.52,8.91,9.25,251699.0,233293.287
002038.SZ,20241121,7.42,7.46,7.35,7.41,97576.33,72257.491
002039.SZ,20241121,15.39,15.7,15.34,15.66,67009.2,104324.833
002040.SZ,20241121,7.01,7.15,6.92,7.02,315711.88,221131.453
002041.SZ,20241121,10.09,10.15,9.97,10.08,109133.99,109794.218
002042.SZ,20241121,4.07,4.52,4.07,4.52,1347285.87,590138.693
002043.SZ,20241121,11.66,11.72,11.47,11.59,77130.39,89318.047
002044.SZ,20241121,5.12,5.14,5.02,5.12,492176.84,249575.509
002045.SZ,20241121,22.0,22.97,20.64,20.78,2673504.95,5927909.681
002046.SZ,20241121,13.79,14.38,13.29,13.87,908841.79,1256351.986
002047.SZ,20241121,2.93,2.95,2.83,2.89,703675.47,203302.851
002048.SZ,20241121,13.64,13.93,13.57,13.87,206290.05,285057.971
002049.SZ,20241121,67.29,68.44,66.8,67.53,165145.08,1116783.405
002050.SZ,20241121,24.8,24.93,24.34,24.6,500777.13,1234000.093
002051.SZ,20241121,8.77,8.98,8.63,8.71,225615.06,197515.467
002052.SZ,20241121,4.48,4.48,4.48,4.48,21205.93,9500.257
002053.SZ,20241121,11.91,11.98,11.66,11.8,59584.06,70255.889
002054.SZ,20241121,5.71,5.77,5.65,5.72,55651.03,31809.311
002055.SZ,20241121,7.53,7.87,7.37,7.63,402993.01,303938.534
002056.SZ,20241121,14.18,14.23,13.8,13.89,155711.37,217162.31
002057.SZ,20241121,7.9,8.17,7.9,8.09,166553.0,134216.572
002058.SZ,20241121,13.17,13.59,12.98,13.35,38677.0,51225.272
002059.SZ,20241121,5.47,5.55,5.41,5.53,132530.02,72764.831
002060.SZ,20241121,3.89,3.9,3.81,3.84,193755.17,74586.002
002061.SZ,20241121,4.42,4.47,4.32,4.37,463117.8,202803.71
002062.SZ,20241121,4.54,4.64,4.45,4.5,106950.81,48290.428
002063.SZ,20241121,6.4,6.49,6.33,6.44,494023.34,317171.29
002064.SZ,20241121,8.67,9.15,8.58,8.92,847008.13,751129.262
002065.SZ,20241121,7.98,8.37,7.91,8.17,1989408.38,1627181.821
002066.SZ,20241121,11.26,11.35,11.15,11.35,21837.16,24592.433
002067.SZ,20241121,3.77,3.79,3.65,3.7,494571.03,182986.247
002068.SZ,20241121,8.62,8.84,8.38,8.48,376282.66,322121.185
002069.SZ,20241121,3.33,3.45,3.33,3.4,157623.51,53641.777
002072.SZ,20241121,5.07,5.2,5.02,5.17,95029.0,48387.078
002073.SZ,20241121,8.33,8.51,8.28,8.41,364301.94,304847.836
002074.SZ,20241121,24.15,24.18,23.43,23.75,300897.86,717432.687
002075.SZ,20241121,6.57,6.91,6.5,6.78,890171.52,600901.843
002076.SZ,20241121,2.16,2.18,2.12,2.13,369498.0,79204.477
002077.SZ,20241121,16.11,16.79,16.02,16.51,496148.81,813131.686
002078.SZ,20241121,15.1,15.28,14.91,15.03,327350.48,492976.778
002079.SZ,20241121,11.9,13.04,11.37,12.53,1552817.16,1940307.57
002080.SZ,20241121,13.22,13.52,13.06,13.29,160714.74,212818.357
002081.SZ,20241121,3.66,3.67,3.6,3.64,185655.68,67391.812
002082.SZ,20241121,6.25,6.38,6.2,6.29,121595.85,76237.193
002083.SZ,20241121,4.89,4.95,4.86,4.94,238188.77,117061.586
002084.SZ,20241121,3.15,3.27,3.11,3.24,197155.87,63085.959
002085.SZ,20241121,20.4,20.89,20.2,20.31,1308033.56,2683533.69
002086.SZ,20241121,3.12,3.21,3.03,3.15,663291.0,205134.504
002088.SZ,20241121,12.39,12.54,12.32,12.5,25761.62,32061.29
002090.SZ,20241121,9.27,9.84,9.17,9.73,407557.27,390788.668
002091.SZ,20241121,8.0,8.13,7.95,8.06,407763.49,328010.043
002092.SZ,20241121,4.67,4.87,4.64,4.87,637632.13,307923.991
002093.SZ,20241121,7.9,8.08,7.86,7.99,167256.02,133445.606
002094.SZ,20241121,7.59,8.27,7.44,7.69,2318222.54,1814445.859
002095.SZ,20241121,19.51,19.51,19.51,19.51,25084.61,48940.074
002096.SZ,20241121,12.88,12.98,12.65,12.8,87385.85,111793.409
002097.SZ,20241121,7.56,7.59,7.36,7.49,274335.2,205374.184
002098.SZ,20241121,8.18,8.54,8.12,8.5,42940.87,35726.451
002099.SZ,20241121,6.02,6.04,5.92,6.04,99897.19,59781.08
002100.SZ,20241121,6.74,6.84,6.73,6.8,264987.7,179857.325
002101.SZ,20241121,13.85,14.03,13.56,13.77,155714.72,215018.444
002102.SZ,20241121,2.74,2.76,2.69,2.71,257531.0,70081.506
002103.SZ,20241121,8.01,8.76,7.81,8.76,1003984.55,847253.638
002104.SZ,20241121,7.38,7.46,7.27,7.4,165476.0,121619.015
002105.SZ,20241121,5.17,5.27,5.16,5.22,41850.75,21810.892
002106.SZ,20241121,12.0,12.13,11.75,11.91,273433.96,325528.742
002107.SZ,20241121,5.03,5.06,4.97,5.03,34593.31,17330.931
002108.SZ,20241121,3.62,3.67,3.61,3.66,188205.43,68675.902
002109.SZ,20241121,3.41,3.76,3.41,3.76,288438.34,105746.486
002110.SZ,20241121,3.7,3.75,3.63,3.65,340070.02,125082.878
002111.SZ,20241121,11.26,11.58,11.16,11.28,85941.32,97436.814
002112.SZ,20241121,11.6,11.96,11.48,11.82,200066.99,234945.752
002114.SZ,20241121,6.15,6.27,6.05,6.16,145787.86,89597.398
002115.SZ,20241121,6.18,6.51,6.11,6.25,987425.55,624948.382
002116.SZ,20241121,10.9,11.2,10.72,10.88,97513.5,106376.405
002117.SZ,20241121,8.39,8.84,8.35,8.58,165062.02,142180.833
002119.SZ,20241121,15.55,15.67,15.2,15.4,392880.9,606175.313
002120.SZ,20241121,8.08,8.09,7.97,8.06,282416.87,226742.207
002121.SZ,20241121,4.58,4.8,4.53,4.68,1411227.88,662005.048
002122.SZ,20241121,3.0,3.04,2.95,3.01,505737.01,151577.21
002123.SZ,20241121,11.32,11.74,11.09,11.55,868317.08,997274.109
002124.SZ,20241121,3.25,3.31,3.22,3.27,277347.57,90430.983
002125.SZ,20241121,11.3,12.2,11.21,11.83,558552.52,662037.575
002126.SZ,20241121,18.69,19.2,18.63,18.81,90926.93,172146.5
002127.SZ,20241121,3.62,3.89,3.62,3.89,963011.75,364978.209
002128.SZ,20241121,20.8,21.44,20.76,21.37,143490.47,303653.84
002129.SZ,20241121,11.16,11.25,10.62,10.78,1038062.52,1125603.565
002130.SZ,20241121,18.4,18.83,17.88,18.36,802252.49,1473280.489
002131.SZ,20241121,2.53,2.77,2.45,2.47,12157418.78,3172673.685
002132.SZ,20241121,2.9,2.93,2.85,2.89,172273.52,49778.205
002133.SZ,20241121,2.69,2.76,2.65,2.74,176374.2,47716.088
002134.SZ,20241121,17.53,17.54,16.49,16.63,517306.5,870128.466
002135.SZ,20241121,4.65,4.69,4.61,4.66,93338.11,43475.314
002136.SZ,20241121,10.75,11.4,10.75,10.93,85550.01,94334.786
002137.SZ,20241121,6.33,7.0,6.28,6.72,677899.63,456671.973
002138.SZ,20241121,31.23,31.88,30.8,31.51,125351.04,391996.766
002139.SZ,20241121,12.99,13.28,12.66,12.94,956957.72,1238434.338
002140.SZ,20241121,11.12,11.4,10.54,10.58,508101.42,557704.301
002141.SZ,20241121,1.5,1.51,1.46,1.47,173855.5,25712.499
002142.SZ,20241121,24.82,24.87,24.56,24.7,168415.53,415232.423
002144.SZ,20241121,10.73,11.18,10.73,10.9,63916.74,69819.72
002145.SZ,20241121,4.65,4.78,4.62,4.74,698877.6,330424.297
002146.SZ,20241121,2.1,2.15,2.07,2.09,2470398.38,518617.379
002148.SZ,20241121,5.98,6.35,5.94,6.16,315417.57,192688.722
002149.SZ,20241121,16.27,18.01,16.16,17.4,245067.87,428625.369
002150.SZ,20241121,13.47,13.5,13.07,13.21,86509.47,114578.842
002151.SZ,20241121,29.39,30.68,29.31,30.36,203866.88,617750.655
002152.SZ,20241121,12.8,13.05,12.65,12.98,745067.77,957188.371
002153.SZ,20241121,7.75,7.86,7.69,7.77,195014.12,151556.964
002154.SZ,20241121,4.06,4.08,4.02,4.04,227651.03,91987.336
002155.SZ,20241121,15.28,16.73,15.16,16.73,880156.61,1407423.982
002156.SZ,20241121,31.12,32.6,31.04,31.89,1533340.27,4890681.703
002157.SZ,20241121,3.17,3.21,3.15,3.18,708739.87,224959.469
002158.SZ,20241121,18.85,18.96,18.52,18.69,40390.0,75784.141
002159.SZ,20241121,15.8,16.09,15.77,15.94,23080.0,36810.743
002160.SZ,20241121,4.02,4.06,3.94,4.01,163831.0,65388.413
002161.SZ,20241121,6.6,6.93,6.36,6.93,1581686.06,1053477.319
002162.SZ,20241121,3.52,3.58,3.48,3.56,196799.53,69461.104
002163.SZ,20241121,8.55,9.39,8.53,8.97,425759.54,386485.291
002164.SZ,20241121,5.19,5.28,5.17,5.24,143197.0,74856.676
002165.SZ,20241121,4.75,4.8,4.65,4.7,857073.94,403510.073
002166.SZ,20241121,8.02,8.1,7.94,8.04,97729.07,78325.806
002167.SZ,20241121,9.31,9.49,8.84,8.86,1927263.05,1765913.281
002168.SZ,20241121,2.64,2.69,2.62,2.66,108673.52,28845.606
002169.SZ,20241121,6.64,7.14,6.62,6.95,289606.88,199363.259
002170.SZ,20241121,8.3,8.42,8.1,8.39,312458.02,258828.519
002171.SZ,20241121,7.73,8.17,7.72,8.02,558543.35,443261.106
002172.SZ,20241121,3.19,3.28,3.17,3.26,197635.5,63930.275
002173.SZ,20241121,8.46,8.88,8.37,8.64,408722.0,350590.214
002174.SZ,20241121,9.62,9.84,9.5,9.6,310937.33,299619.67
002175.SZ,20241121,3.59,3.73,3.5,3.73,1197384.56,439654.402
002176.SZ,20241121,9.0,9.28,8.98,9.11,1171137.6,1066446.228
002177.SZ,20241121,4.6,4.89,4.57,4.79,857923.58,403931.7
002178.SZ,20241121,7.51,7.61,7.31,7.38,644080.27,478755.221
002179.SZ,20241121,41.5,41.7,40.9,41.23,77162.93,318402.89
002180.SZ,20241121,27.53,28.3,27.46,27.79,121519.12,337920.581
002181.SZ,20241121,4.72,5.05,4.59,4.84,1378759.47,664786.526
002182.SZ,20241121,11.76,12.05,11.38,11.49,691466.43,808540.149
002183.SZ,20241121,5.16,5.19,5.03,5.08,630835.14,320635.993
002184.SZ,20241121,12.15,13.22,12.01,13.22,527936.54,655982.957
002185.SZ,20241121,12.38,12.44,12.21,12.33,889563.8,1097676.875
002186.SZ,20241121,10.16,10.31,10.11,10.23,45260.93,46230.299
002187.SZ,20241121,5.43,5.53,5.42,5.47,67754.87,36997.867
002188.SZ,20241121,4.92,5.0,4.87,4.98,94437.0,46744.467
002189.SZ,20241121,21.49,21.89,21.22,21.53,70094.0,151350.738
002190.SZ,20241121,18.04,18.08,17.71,17.93,41119.83,73659.142
002191.SZ,20241121,4.57,4.6,4.54,4.58,167323.94,76415.832
002192.SZ,20241121,39.67,40.88,39.39,40.18,159200.24,639143.618
002193.SZ,20241121,5.05,5.08,4.94,5.04,70225.0,35200.653
002194.SZ,20241121,17.55,17.73,15.24,15.49,2326183.88,3906518.675
002195.SZ,20241121,3.15,3.33,3.08,3.24,2983699.11,955762.261
002196.SZ,20241121,5.85,5.9,5.72,5.88,190631.24,110959.471
002197.SZ,20241121,4.44,4.46,4.35,4.4,128951.26,56717.291
002198.SZ,20241121,7.92,8.25,7.91,8.12,268586.19,218213.176
002199.SZ,20241121,10.63,10.83,10.51,10.71,227761.5,242683.627
002200.SZ,20241121,6.34,6.48,6.3,6.42,14254.0,9104.04
002201.SZ,20241121,5.58,6.17,5.56,6.17,445338.48,266929.994
002202.SZ,20241121,10.49,10.52,10.3,10.36,353209.49,365844.557
002203.SZ,20241121,9.66,9.77,9.48,9.57,110676.99,106109.265
002204.SZ,20241121,4.88,5.07,4.86,4.97,335774.54,166147.493
002205.SZ,20241121,9.09,9.28,8.95,9.09,79642.2,72449.699
002206.SZ,20241121,4.54,4.57,4.51,4.55,200782.0,91290.005
002207.SZ,20241121,5.79,5.88,5.67,5.75,62311.0,35850.888
002208.SZ,20241121,8.98,9.77,8.6,9.76,984266.17,924825.14
002209.SZ,20241121,9.55,10.22,9.42,9.79,192788.81,191064.865
002210.SZ,20241121,2.27,2.28,2.21,2.24,678515.85,152192.569
002211.SZ,20241121,3.76,4.16,3.75,4.16,157362.95,64729.29
002212.SZ,20241121,7.1,7.23,7.03,7.13,405469.38,288450.003
002213.SZ,20241121,12.06,12.15,11.76,12.0,104677.0,124841.805
002214.SZ,20241121,12.75,12.86,12.48,12.64,50383.54,63772.748
002215.SZ,20241121,9.63,9.71,9.5,9.67,132318.33,127495.53
002216.SZ,20241121,11.66,11.86,11.53,11.72,87418.02,102053.641
002217.SZ,20241121,2.58,2.59,2.52,2.59,741245.84,189880.456
002218.SZ,20241121,3.73,3.82,3.71,3.76,191752.89,71953.077
002219.SZ,20241121,2.83,2.84,2.72,2.76,613243.99,169340.528
002221.SZ,20241121,10.12,10.38,9.92,9.99,281085.64,284802.657
002222.SZ,20241121,32.4,33.17,32.4,32.87,189467.48,621240.614
002223.SZ,20241121,36.5,36.67,35.81,36.4,48211.62,174564.135
002224.SZ,20241121,4.58,4.61,4.53,4.59,58587.08,26785.229
002225.SZ,20241121,4.22,4.33,4.19,4.24,222977.26,94821.947
002226.SZ,20241121,5.49,5.57,5.42,5.52,312576.2,171521.988
002227.SZ,20241121,14.13,14.96,13.29,14.96,590635.57,858120.22
002228.SZ,20241121,3.01,3.03,2.98,3.02,117083.52,35229.434
002229.SZ,20241121,14.79,15.15,14.56,14.73,453855.97,675401.286
002230.SZ,20241121,49.0,51.18,48.19,50.05,1012767.37,5056707.844
002231.SZ,20241121,5.98,6.07,5.93,6.05,121190.0,72859.47
002232.SZ,20241121,22.2,23.01,21.96,22.39,423086.48,951860.365
002233.SZ,20241121,7.84,7.86,7.74,7.79,64315.32,50082.484
002234.SZ,20241121,9.11,9.56,9.11,9.5,158550.01,148474.781
002235.SZ,20241121,5.56,5.87,5.52,5.79,413868.3,237435.982
002236.SZ,20241121,17.07,17.18,16.82,16.99,333675.19,567329.524
002237.SZ,20241121,10.89,11.06,10.75,10.99,157157.0,171440.183
002238.SZ,20241121,9.36,9.53,9.19,9.3,286160.36,268177.296
002239.SZ,20241121,3.05,3.07,3.0,3.04,810627.46,245807.939
002240.SZ,20241121,16.5,16.89,16.32,16.61,262098.6,433289.189
002241.SZ,20241121,24.75,25.14,24.5,24.81,1115766.2,2761980.924
002242.SZ,20241121,11.16,11.45,11.09,11.21,113039.54,127191.321
002243.SZ,20241121,8.65,8.91,8.6,8.77,285442.0,250330.347
002244.SZ,20241121,9.26,9.29,9.1,9.15,237506.0,218015.849
002245.SZ,20241121,11.2,11.89,11.1,11.89,1472286.86,1722498.108
002246.SZ,20241121,12.58,12.98,12.46,12.76,288102.5,366466.155
002247.SZ,20241121,3.01,3.12,2.95,3.04,805477.98,244810.525
002248.SZ,20241121,9.05,9.1,8.89,9.07,182213.0,164005.522
002249.SZ,20241121,5.67,5.68,5.6,5.67,291763.19,164679.122
002250.SZ,20241121,6.27,6.38,6.18,6.23,214596.78,134048.722
002251.SZ,20241121,3.69,3.84,3.68,3.76,264234.45,99134.24
002252.SZ,20241121,7.64,7.77,7.64,7.71,321397.31,247123.727
002253.SZ,20241121,17.45,18.74,17.1,18.49,384869.42,697567.753
002254.SZ,20241121,10.53,10.58,10.28,10.41,123020.17,128219.846
002255.SZ,20241121,5.69,6.26,5.67,6.26,828996.21,513992.409
002256.SZ,20241121,2.62,2.64,2.57,2.59,539682.0,139915.524
002258.SZ,20241121,8.81,8.99,8.71,8.8,113139.2,99604.896
002259.SZ,20241121,2.53,2.56,2.51,2.54,38322.0,9725.624
002261.SZ,20241121,22.25,23.0,21.88,22.45,1263691.63,2850153.947
002262.SZ,20241121,26.78,27.5,26.63,27.19,78753.22,214262.012
002263.SZ,20241121,2.68,2.9,2.66,2.81,1122625.58,313911.242
002264.SZ,20241121,5.96,6.37,5.94,6.22,388187.0,240890.155
002265.SZ,20241121,11.85,12.02,11.69,11.85,49998.1,59399.61
002266.SZ,20241121,3.43,3.48,3.4,3.43,263946.9,90649.693
002267.SZ,20241121,8.19,8.27,8.16,8.23,132801.79,109152.672
002268.SZ,20241121,18.4,18.65,18.21,18.38,132743.73,244695.566
002269.SZ,20241121,1.77,1.8,1.74,1.75,987417.82,174182.111
002270.SZ,20241121,17.63,17.87,17.43,17.58,58937.55,103964.524
002271.SZ,20241121,14.01,14.05,13.8,13.88,330428.53,459626.789
002272.SZ,20241121,10.79,11.98,10.67,11.98,1070819.04,1225014.464
002273.SZ,20241121,21.89,21.96,20.96,21.22,774961.1,1648388.56
002274.SZ,20241121,8.01,8.05,7.95,8.01,182476.9,145793.871
002275.SZ,20241121,15.27,15.3,15.11,15.26,23179.92,35270.34
002276.SZ,20241121,8.1,8.2,8.0,8.1,220961.07,179036.808
002277.SZ,20241121,3.58,3.65,3.46,3.5,1128515.0,398751.216
002278.SZ,20241121,5.59,5.65,5.49,5.58,94893.18,52784.844
002279.SZ,20241121,6.33,6.51,6.3,6.44,393093.3,251738.389
002281.SZ,20241121,45.14,46.11,44.14,45.21,250889.5,1139022.456
002282.SZ,20241121,7.16,7.23,7.12,7.21,66581.5,47802.497
002283.SZ,20241121,5.1,5.15,5.05,5.11,185460.65,94680.573
002284.SZ,20241121,8.28,8.35,8.17,8.28,134668.0,111357.227
002285.SZ,20241121,3.19,3.33,3.14,3.2,889524.15,284768.469
002286.SZ,20241121,7.25,7.27,7.14,7.26,47537.07,34260.854
002287.SZ,20241121,23.08,23.18,22.84,23.03,13213.37,30368.335
002289.SZ,20241121,3.94,3.94,3.84,3.89,27416.0,10641.527
002290.SZ,20241121,17.57,18.14,17.31,17.65,53250.71,94307.552
002291.SZ,20241121,6.33,6.4,6.18,6.25,523769.7,329173.927
002292.SZ,20241121,7.28,8.1,7.28,7.61,1694668.1,1291188.33
002293.SZ,20241121,7.92,7.99,7.8,7.91,62511.55,49263.636
002294.SZ,20241121,32.55,34.01,32.54,33.05,131158.04,437689.274
002295.SZ,20241121,7.03,7.12,7.0,7.09,33372.0,23585.385
002296.SZ,20241121,9.89,10.46,9.61,10.03,867109.57,861354.673
002297.SZ,20241121,7.08,7.4,7.04,7.26,169444.72,122930.406
002298.SZ,20241121,5.48,5.61,5.39,5.57,445507.4,244571.127
002299.SZ,20241121,14.59,14.71,14.36,14.52,76688.0,111100.536
002300.SZ,20241121,5.54,5.75,5.52,5.62,137839.86,77609.745
002301.SZ,20241121,6.14,6.21,6.05,6.19,97584.5,59893.913
002302.SZ,20241121,7.31,7.37,7.17,7.24,182212.31,132118.055
002303.SZ,20241121,3.38,3.72,3.32,3.72,1347319.76,489914.582
002304.SZ,20241121,86.9,87.56,86.6,87.16,36522.9,317840.478
002305.SZ,20241121,2.12,2.21,2.1,2.17,886158.01,191819.816
002306.SZ,20241121,3.39,3.45,3.35,3.4,167706.6,56964.21
002307.SZ,20241121,4.04,4.08,4.01,4.04,188562.62,76066.443
002310.SZ,20241121,2.63,2.63,2.51,2.56,1232395.56,317955.812
002311.SZ,20241121,46.69,48.06,46.62,47.13,52966.45,251316.453
002312.SZ,20241121,17.24,18.8,16.99,17.9,3995114.04,7091247.525
002313.SZ,20241121,8.32,8.56,8.3,8.51,89260.2,75392.748
002314.SZ,20241121,2.61,2.64,2.57,2.6,268895.42,69763.704
002315.SZ,20241121,37.24,37.29,35.7,36.27,163153.19,594754.281
002316.SZ,20241121,3.2,3.33,3.18,3.3,134772.0,44094.273
002317.SZ,20241121,13.84,14.06,13.4,13.59,374153.51,512004.672
002318.SZ,20241121,23.17,24.08,23.08,24.0,78330.57,185843.531
002319.SZ,20241121,11.95,12.11,11.77,11.93,24686.0,29514.555
002320.SZ,20241121,6.0,6.02,5.89,5.93,171239.34,101824.172
002321.SZ,20241121,2.2,2.23,2.15,2.21,288443.73,63413.602
002322.SZ,20241121,13.75,13.99,13.68,13.84,53660.01,74385.366
002323.SZ,20241121,1.77,1.79,1.74,1.76,741472.0,130523.755
002324.SZ,20241121,11.18,11.18,10.6,11.18,668895.43,742207.465
002326.SZ,20241121,10.29,10.55,10.23,10.47,202380.29,210737.162
002327.SZ,20241121,8.88,8.91,8.75,8.8,65953.0,58071.335
002328.SZ,20241121,5.76,6.03,5.73,5.9,154122.85,90747.596
002329.SZ,20241121,3.55,3.72,3.53,3.58,288345.71,103876.122
002330.SZ,20241121,4.54,4.66,4.52,4.65,132910.0,61057.122
002331.SZ,20241121,7.99,8.8,7.9,8.8,332018.64,284031.838
002332.SZ,20241121,12.88,13.03,12.67,12.75,141451.58,181569.6
002333.SZ,20241121,5.58,5.68,5.56,5.64,49271.56,27688.57
002334.SZ,20241121,7.17,7.25,7.15,7.22,148082.46,106608.779
002335.SZ,20241121,24.42,24.81,24.15,24.47,85565.97,208963.194
002336.SZ,20241121,4.3,4.38,4.16,4.25,119826.9,50873.914
002337.SZ,20241121,4.81,5.01,4.81,4.95,221921.3,109253.673
002338.SZ,20241121,42.89,46.0,42.5,44.76,146753.28,650613.881
002339.SZ,20241121,7.16,7.38,7.14,7.33,318322.63,232374.063
002340.SZ,20241121,7.11,7.22,7.08,7.15,812738.8,581100.363
002342.SZ,20241121,3.61,3.66,3.56,3.64,160061.09,57884.543
002343.SZ,20241121,6.87,7.06,6.76,6.89,253200.2,174774.203
002344.SZ,20241121,6.2,6.34,6.0,6.34,2796076.09,1752080.041
002345.SZ,20241121,5.25,5.29,5.13,5.2,154294.0,80189.281
002346.SZ,20241121,9.9,10.06,9.8,9.93,28299.0,28111.31
002347.SZ,20241121,5.05,5.09,4.96,5.06,200385.01,100643.765
002348.SZ,20241121,3.7,3.98,3.61,3.77,962492.18,361930.837
002349.SZ,20241121,7.99,8.11,7.97,8.11,199353.99,160679.612
002350.SZ,20241121,6.26,6.65,6.19,6.47,244022.3,157464.827
002351.SZ,20241121,16.47,17.0,15.93,16.06,375454.65,612308.71
002352.SZ,20241121,42.21,42.26,41.6,42.11,185737.3,778720.138
002353.SZ,20241121,38.02,38.8,37.22,37.42,84929.0,322284.566
002354.SZ,20241121,5.05,5.36,4.94,5.36,3333924.99,1709988.344
002355.SZ,20241121,6.93,7.32,6.86,7.16,454950.82,325340.275
002356.SZ,20241121,3.75,4.01,3.65,4.0,978311.41,374004.362
002357.SZ,20241121,6.66,6.76,6.6,6.7,81844.2,54822.673
002358.SZ,20241121,4.65,4.75,4.63,4.69,188916.49,88557.596
002360.SZ,20241121,5.39,5.64,5.37,5.51,140509.31,77457.367
002361.SZ,20241121,4.06,4.11,4.03,4.1,194709.0,79469.32
002362.SZ,20241121,20.51,21.86,20.34,21.25,175767.0,372449.843
002363.SZ,20241121,7.02,7.07,6.95,7.05,76219.7,53604.163
002364.SZ,20241121,7.32,7.55,7.32,7.51,157882.6,117985.679
002365.SZ,20241121,8.5,8.82,8.48,8.63,75154.32,64746.099
002366.SZ,20241121,4.99,5.53,4.97,5.53,1122550.48,608688.903
002367.SZ,20241121,6.89,6.97,6.84,6.92,89673.58,61812.522
002368.SZ,20241121,27.6,29.5,27.3,28.81,330498.35,943711.411
002369.SZ,20241121,6.53,6.53,6.36,6.45,291902.0,188108.18
002370.SZ,20241121,3.49,3.53,3.43,3.5,382492.64,133115.008
002371.SZ,20241121,433.66,439.68,430.03,433.91,59407.7,2581739.123
002372.SZ,20241121,13.39,13.4,13.13,13.18,97782.59,129408.982
002373.SZ,20241121,10.36,10.49,10.19,10.33,231694.0,239738.897
002374.SZ,20241121,3.17,3.18,3.1,3.15,225351.48,70716.641
002375.SZ,20241121,4.16,4.18,4.09,4.17,135298.72,55951.454
002376.SZ,20241121,6.91,7.02,6.87,6.96,136266.79,94774.983
002377.SZ,20241121,2.97,3.23,2.95,3.13,789958.0,246583.122
002378.SZ,20241121,7.07,7.57,7.03,7.2,502781.39,366132.192
002379.SZ,20241121,7.15,7.25,6.94,6.97,208990.0,147570.69
002380.SZ,20241121,19.4,19.89,19.19,19.51,56765.0,111056.593
002381.SZ,20241121,6.8,6.87,6.78,6.86,61636.04,42109.801
002382.SZ,20241121,5.63,5.68,5.55,5.62,84858.0,47489.376
002383.SZ,20241121,9.2,9.49,9.0,9.09,478144.1,441362.653
002384.SZ,20241121,27.39,27.39,26.53,26.8,1122318.53,3008221.421
002385.SZ,20241121,4.53,4.57,4.5,4.53,413857.26,187501.975
002386.SZ,20241121,4.72,4.87,4.69,4.74,211204.28,100286.044
002387.SZ,20241121,13.5,13.86,12.6,12.6,1285447.73,1674824.01
002388.SZ,20241121,4.45,4.47,4.29,4.33,785542.12,341787.199
002389.SZ,20241121,19.8,19.92,19.44,19.74,230532.33,453808.11
002390.SZ,20241121,3.9,4.02,3.87,3.98,505390.72,199726.931
002391.SZ,20241121,5.3,5.4,5.29,5.4,78851.11,42235.146
002392.SZ,20241121,4.8,4.98,4.61,4.75,1567271.63,740367.226
002393.SZ,20241121,18.33,19.21,18.15,18.65,83659.08,156632.39
002394.SZ,20241121,7.78,7.86,7.74,7.81,87814.2,68425.787
002395.SZ,20241121,15.8,16.6,15.8,16.34,86976.75,141353.402
002396.SZ,20241121,18.27,18.28,17.78,18.0,93855.42,169456.737
002397.SZ,20241121,2.72,2.75,2.69,2.75,101148.0,27562.093
002398.SZ,20241121,4.65,4.69,4.52,4.56,626055.79,286228.039
002399.SZ,20241121,11.5,11.51,11.27,11.38,30734.6,34968.232
002400.SZ,20241121,7.31,7.73,7.31,7.42,3136436.01,2360165.474
002401.SZ,20241121,18.15,18.3,17.58,17.75,422458.66,755119.855
002402.SZ,20241121,21.91,23.24,21.4,23.24,3964851.42,9000635.185
002403.SZ,20241121,13.94,13.94,12.22,13.94,784443.87,1031052.367
002404.SZ,20241121,6.29,6.35,6.22,6.3,112806.5,70804.417
002405.SZ,20241121,10.07,10.35,9.97,10.09,832236.59,840328.47
002406.SZ,20241121,6.65,7.08,6.55,6.93,404895.02,272773.885
002407.SZ,20241121,13.7,14.97,13.67,14.55,1023166.32,1484873.976
002408.SZ,20241121,5.61,5.64,5.49,5.55,189296.74,104875.153
002409.SZ,20241121,64.1,64.7,63.56,64.48,86870.74,558028.114
002410.SZ,20241121,13.65,13.78,13.43,13.58,320309.14,436074.038
002412.SZ,20241121,6.29,6.62,6.24,6.42,159186.7,102464.023
002413.SZ,20241121,4.81,4.94,4.78,4.89,360988.68,176280.614
002414.SZ,20241121,8.31,8.36,8.14,8.22,350513.61,288545.759
002415.SZ,20241121,31.11,31.11,30.72,30.89,257343.3,795014.851
002416.SZ,20241121,16.0,16.64,15.4,15.64,1106719.38,1755587.23
002418.SZ,20241121,2.57,2.59,2.5,2.55,298498.0,75799.183
002419.SZ,20241121,5.26,5.3,5.21,5.26,98610.0,51858.872
002420.SZ,20241121,6.04,6.08,5.94,6.03,70982.0,42778.434
002421.SZ,20241121,3.36,3.47,3.34,3.42,666211.19,227866.917
002422.SZ,20241121,31.6,32.37,31.44,31.62,145222.65,462312.112
002423.SZ,20241121,16.28,16.6,16.16,16.4,708826.05,1158587.362
002424.SZ,20241121,4.08,4.11,4.0,4.06,341599.29,138303.93
002425.SZ,20241121,2.34,2.36,2.3,2.33,358258.48,83428.697
002426.SZ,20241121,2.62,2.62,2.52,2.55,1136278.0,290393.733
002427.SZ,20241121,3.98,4.14,3.91,4.1,161446.76,64968.779
002428.SZ,20241121,21.6,22.09,21.22,21.58,587257.0,1274044.999
002429.SZ,20241121,5.17,5.17,5.09,5.13,510920.63,262099.48
002430.SZ,20241121,24.79,25.16,24.38,24.68,69828.51,172861.263
002431.SZ,20241121,2.35,2.43,2.31,2.35,370867.99,87561.848
002432.SZ,20241121,45.5,45.91,45.18,45.59,58042.0,263920.673
002434.SZ,20241121,6.81,7.02,6.76,6.89,304097.0,208722.193
002436.SZ,20241121,12.3,12.43,11.95,12.32,877066.06,1070975.516
002437.SZ,20241121,2.55,2.56,2.5,2.54,479207.0,121147.772
002438.SZ,20241121,13.59,14.22,13.49,14.08,152272.63,212662.54
002439.SZ,20241121,17.45,17.73,17.33,17.56,175969.19,308996.533
002440.SZ,20241121,6.88,6.96,6.83,6.89,49491.64,33997.4
002441.SZ,20241121,7.82,8.3,7.82,8.3,232579.27,188353.538
002442.SZ,20241121,5.73,5.88,5.49,5.55,635368.7,356337.743
002443.SZ,20241121,6.32,6.44,6.3,6.38,97514.74,62036.84
002444.SZ,20241121,27.82,28.49,27.76,28.07,114533.79,322179.611
002445.SZ,20241121,2.36,2.41,2.32,2.35,331247.1,77951.533
002446.SZ,20241121,7.35,7.43,7.25,7.36,261661.87,192137.096
002448.SZ,20241121,6.48,6.53,6.4,6.5,210051.24,135876.715
002449.SZ,20241121,8.37,8.78,8.3,8.55,242725.12,207088.632
002451.SZ,20241121,6.78,6.9,6.77,6.82,113613.87,77616.176
002452.SZ,20241121,7.64,8.2,7.57,8.14,633255.46,503118.823
002453.SZ,20241121,6.0,6.32,5.98,6.15,329096.02,201837.407
002454.SZ,20241121,7.01,7.12,6.95,7.06,92339.0,65121.53
002455.SZ,20241121,8.69,9.02,8.66,8.83,332123.4,292775.65
002456.SZ,20241121,15.52,16.97,15.52,16.09,5144132.08,8356243.537
002457.SZ,20241121,12.39,12.98,12.35,12.75,259798.0,329901.0
002458.SZ,20241121,9.85,10.15,9.8,9.99,329574.29,328661.084
002459.SZ,20241121,17.48,17.66,16.91,17.06,601673.97,1033480.896
002460.SZ,20241121,42.78,43.6,42.11,42.79,732057.36,3124473.523
002461.SZ,20241121,8.96,9.05,8.91,9.02,77772.33,69904.248
002462.SZ,20241121,13.77,14.25,13.57,14.05,125778.9,174989.285
002463.SZ,20241121,38.62,38.88,38.0,38.44,326117.1,1251605.392
002465.SZ,20241121,12.57,12.82,12.38,12.57,475841.67,597675.128
002466.SZ,20241121,40.8,42.38,40.42,41.5,571710.24,2352243.931
002467.SZ,20241121,5.52,5.52,5.21,5.52,3038409.85,1635717.884
002468.SZ,20241121,10.37,10.39,10.15,10.21,184480.99,188464.912
002469.SZ,20241121,11.04,11.04,11.04,11.04,90288.0,99677.952
002470.SZ,20241121,1.91,1.93,1.85,1.87,890903.0,167696.58
002471.SZ,20241121,2.6,2.72,2.6,2.66,407246.84,108045.721
002472.SZ,20241121,29.71,29.83,29.25,29.5,81767.11,241391.164
002474.SZ,20241121,6.46,6.64,6.42,6.54,262734.0,171260.903
002475.SZ,20241121,38.51,39.63,38.0,39.23,970588.82,3767308.387
002476.SZ,20241121,4.68,4.74,4.54,4.61,196038.18,90702.982
002478.SZ,20241121,5.33,5.43,5.31,5.38,169748.9,91014.341
002479.SZ,20241121,4.75,4.79,4.71,4.78,101350.32,48218.31
002480.SZ,20241121,4.73,4.78,4.65,4.72,96725.0,45575.107
002481.SZ,20241121,4.98,5.05,4.91,4.98,176467.0,87860.327
002482.SZ,20241121,1.95,1.98,1.9,1.91,423532.6,81402.771
002483.SZ,20241121,5.25,5.32,5.23,5.3,104970.4,55401.887
002484.SZ,20241121,18.74,20.7,18.48,19.39,1143780.57,2220293.8
002485.SZ,20241121,3.32,3.38,3.28,3.3,14390.0,4773.164
002486.SZ,20241121,2.34,2.34,2.26,2.3,150812.0,34634.422
002487.SZ,20241121,22.7,23.02,22.4,22.62,88253.03,200322.825
002488.SZ,20241121,10.34,10.73,10.23,10.71,346987.6,366696.679
002489.SZ,20241121,3.25,3.26,3.19,3.22,237677.43,76416.844
002490.SZ,20241121,2.75,2.78,2.69,2.76,113179.0,30878.588
002491.SZ,20241121,4.4,4.78,4.38,4.62,411607.89,189019.489
002492.SZ,20241121,5.15,5.19,5.11,5.18,53380.0,27506.738
002493.SZ,20241121,9.95,10.04,9.82,9.89,251239.46,248720.954
002494.SZ,20241121,4.12,4.17,4.08,4.15,84711.0,34999.82
002495.SZ,20241121,2.29,2.32,2.25,2.28,298077.82,68028.282
002496.SZ,20241121,2.23,2.31,2.22,2.27,835312.49,189244.441
002497.SZ,20241121,11.8,12.03,11.76,11.92,241384.33,287380.321
002498.SZ,20241121,3.44,3.49,3.43,3.46,214322.38,74227.005
002500.SZ,20241121,6.53,6.61,6.5,6.56,464233.4,304070.498
002501.SZ,20241121,1.72,1.77,1.68,1.7,1423882.04,244930.025
002506.SZ,20241121,2.85,3.03,2.84,2.99,3604537.14,1060281.329
002507.SZ,20241121,14.8,14.89,14.68,14.86,133886.66,197829.116
002508.SZ,20241121,22.48,22.64,22.27,22.44,64680.27,145142.066
002510.SZ,20241121,6.5,7.1,6.41,6.89,2189165.39,1478582.137
002511.SZ,20241121,7.26,7.3,7.17,7.24,99563.03,71913.958
002512.SZ,20241121,4.66,4.85,4.65,4.71,502409.0,237345.681
002513.SZ,20241121,6.01,6.12,5.83,6.04,242618.5,145027.801
002514.SZ,20241121,7.74,7.84,7.5,7.56,389585.0,296536.755
002515.SZ,20241121,4.7,5.09,4.67,4.98,418783.8,204493.461
002516.SZ,20241121,5.33,5.64,5.3,5.52,338661.0,186499.291
002517.SZ,20241121,13.72,13.98,13.6,13.77,353007.0,486383.015
002518.SZ,20241121,20.06,20.35,19.68,20.01,75214.8,150963.263
002519.SZ,20241121,5.92,6.06,5.85,5.96,319931.89,190554.896
002520.SZ,20241121,5.3,5.45,5.24,5.32,288495.53,153682.679
002521.SZ,20241121,10.39,10.53,10.27,10.33,65991.03,68412.206
002522.SZ,20241121,4.21,4.29,4.18,4.28,141106.47,59986.477
002523.SZ,20241121,2.97,2.99,2.93,2.97,232997.23,68885.937
002524.SZ,20241121,4.22,4.26,4.13,4.21,205910.96,86475.002
002526.SZ,20241121,2.82,2.82,2.77,2.8,429089.1,119745.312
002527.SZ,20241121,8.43,8.74,8.37,8.52,303748.67,260128.86
002528.SZ,20241121,3.09,3.09,2.96,2.98,326077.18,97723.884
002529.SZ,20241121,9.01,9.18,8.56,8.69,137221.87,121143.317
002530.SZ,20241121,9.4,9.97,8.96,9.12,1888592.35,1793354.347
002531.SZ,20241121,8.81,8.87,8.61,8.7,220321.03,192170.427
002532.SZ,20241121,8.5,8.64,8.48,8.56,320401.6,273751.023
002533.SZ,20241121,9.66,10.03,9.64,9.93,216789.83,215263.503
002534.SZ,20241121,12.05,12.26,11.98,12.13,45564.59,55305.434
002535.SZ,20241121,3.88,4.01,3.86,4.01,282115.4,111295.256
002536.SZ,20241121,11.29,11.43,11.15,11.31,135200.0,152584.82
002537.SZ,20241121,6.68,6.83,6.65,6.73,282923.17,191398.039
002538.SZ,20241121,7.2,7.43,7.01,7.28,1208993.45,870567.951
002539.SZ,20241121,8.36,8.65,8.36,8.58,478351.19,407689.395
002540.SZ,20241121,5.84,6.0,5.84,5.94,148587.02,88104.821
002541.SZ,20241121,16.24,16.39,15.94,16.11,40872.0,65664.08
002542.SZ,20241121,4.78,5.19,4.7,4.88,3543122.1,1756190.78
002543.SZ,20241121,9.91,10.07,9.82,9.92,48307.74,47966.527
002544.SZ,20241121,22.52,23.0,22.15,22.45,80599.27,181876.65
002545.SZ,20241121,7.5,7.8,7.33,7.42,203383.26,152253.056
002546.SZ,20241121,4.29,4.31,4.24,4.3,112341.0,48059.784
002547.SZ,20241121,4.82,5.14,4.75,4.99,1783370.01,891024.957
002548.SZ,20241121,4.27,4.33,4.25,4.3,155998.05,66906.01
002549.SZ,20241121,7.23,7.43,7.15,7.24,137623.18,100275.691
002550.SZ,20241121,6.4,6.41,6.3,6.36,121591.48,77181.497
002551.SZ,20241121,3.36,3.41,3.3,3.39,186262.95,62516.287
002552.SZ,20241121,12.43,12.5,12.25,12.46,24384.0,30266.764
002553.SZ,20241121,16.19,17.16,15.97,17.16,955271.59,1609978.369
002554.SZ,20241121,2.81,2.85,2.72,2.75,340750.02,94685.623
002555.SZ,20241121,16.55,16.89,16.41,16.57,721253.53,1199070.053
002556.SZ,20241121,6.83,7.01,6.4,7.01,1132618.13,768919.261
002557.SZ,20241121,30.45,31.17,29.95,30.74,58808.5,179165.945
002558.SZ,20241121,12.99,13.26,12.75,12.96,354954.42,461599.955
002559.SZ,20241121,9.36,9.49,9.22,9.39,171293.0,160167.4
002560.SZ,20241121,6.5,6.63,6.49,6.6,96076.03,63271.243
002561.SZ,20241121,9.36,9.88,9.22,9.58,269509.8,256157.43
002562.SZ,20241121,4.44,4.58,4.41,4.52,266306.58,119416.67
002563.SZ,20241121,6.33,6.36,6.15,6.31,126733.21,79343.465
002564.SZ,20241121,4.22,4.43,4.16,4.36,186616.4,80275.861
002565.SZ,20241121,3.6,3.71,3.53,3.65,407456.68,147781.899
002566.SZ,20241121,7.38,7.92,7.32,7.56,140146.61,106458.317
002567.SZ,20241121,5.34,5.45,5.32,5.37,500915.61,269519.575
002568.SZ,20241121,23.8,24.12,23.71,23.89,118138.59,282585.397
002569.SZ,20241121,10.1,10.2,9.6,9.6,29276.0,28491.736
002570.SZ,20241121,4.66,4.78,4.47,4.66,1231727.57,568703.124
002571.SZ,20241121,4.71,4.83,4.68,4.8,91406.0,43442.408
002572.SZ,20241121,16.78,17.07,16.61,17.04,144504.62,243882.531
002573.SZ,20241121,4.3,4.36,4.26,4.32,73047.0,31461.225
002574.SZ,20241121,4.99,5.06,4.97,5.05,64627.0,32444.874
002575.SZ,20241121,6.25,6.93,6.16,6.58,417194.19,275504.253
002576.SZ,20241121,14.0,14.25,13.96,14.15,60634.01,85724.432
002577.SZ,20241121,16.09,16.25,15.7,16.0,38132.0,61047.426
002578.SZ,20241121,3.27,3.31,3.22,3.28,139435.0,45449.726
002579.SZ,20241121,8.41,8.5,8.29,8.45,158766.74,133504.355
002580.SZ,20241121,8.51,8.95,8.42,8.75,340643.73,298062.656
002581.SZ,20241121,12.78,12.78,12.41,12.59,63165.61,79244.402
002582.SZ,20241121,6.73,6.8,6.57,6.63,298684.0,198768.763
002583.SZ,20241121,26.3,26.36,25.0,25.0,6783473.63,17620498.074
002584.SZ,20241121,8.27,8.74,8.13,8.46,1394508.27,1173188.54
002585.SZ,20241121,6.05,6.29,6.01,6.2,402832.94,247864.03
002586.SZ,20241121,2.02,2.03,1.98,2.0,60034.0,12027.59
002587.SZ,20241121,6.53,7.19,6.44,6.86,1112439.62,778907.021
002588.SZ,20241121,8.03,8.15,7.9,8.02,524572.53,419656.944
002589.SZ,20241121,3.29,3.34,3.22,3.32,572979.22,187543.864
002590.SZ,20241121,14.87,15.18,14.64,14.9,189875.58,282784.639
002591.SZ,20241121,5.49,5.62,5.45,5.57,162782.0,90068.688
002592.SZ,20241121,4.9,5.04,4.84,4.98,54144.0,26654.747
002593.SZ,20241121,3.32,3.36,3.3,3.35,132829.0,44284.267
002594.SZ,20241121,288.47,288.49,284.0,286.0,95532.94,2727230.001
002595.SZ,20241121,44.02,45.2,43.78,44.56,28091.0,125302.684
002596.SZ,20241121,2.69,2.82,2.69,2.78,506926.99,139515.073
002597.SZ,20241121,25.65,25.75,25.1,25.18,69771.94,176718.409
002598.SZ,20241121,9.06,9.28,8.99,9.11,78415.96,71330.974
002599.SZ,20241121,7.4,7.68,7.38,7.48,260357.0,195488.922
002600.SZ,20241121,8.3,8.44,8.21,8.28,1413493.63,1173907.002
002601.SZ,20241121,19.09,19.16,18.88,18.99,100440.19,190560.273
002602.SZ,20241121,4.33,4.35,4.22,4.24,1357411.87,578373.468
002603.SZ,20241121,17.53,17.66,17.35,17.53,110649.38,193511.457
002605.SZ,20241121,31.75,32.35,30.07,30.77,273816.33,845901.727
002606.SZ,20241121,9.83,10.08,9.76,9.96,73500.0,73002.458
002607.SZ,20241121,3.2,3.21,3.12,3.15,2972568.36,939317.578
002608.SZ,20241121,7.6,7.64,7.55,7.61,107602.7,81693.188
002609.SZ,20241121,8.32,8.43,8.26,8.38,83324.0,69693.33
002611.SZ,20241121,12.87,12.87,12.87,12.87,51790.11,66653.872
002612.SZ,20241121,17.46,17.7,17.16,17.46,87769.85,152572.897
002613.SZ,20241121,4.15,4.18,4.11,4.18,134796.55,56020.052
002614.SZ,20241121,6.76,6.78,6.62,6.69,137662.84,91824.948
002615.SZ,20241121,8.08,8.15,8.0,8.1,119763.05,96825.631
002616.SZ,20241121,4.61,4.64,4.56,4.64,56229.0,25937.008
002617.SZ,20241121,7.06,7.11,6.88,6.97,632927.59,441028.997
002620.SZ,20241121,3.73,3.84,3.68,3.81,123847.0,46751.512
002622.SZ,20241121,3.1,3.18,3.0,3.04,461708.0,142252.322
002623.SZ,20241121,17.62,17.93,17.25,17.59,18194.41,31946.496
002624.SZ,20241121,12.16,12.25,11.91,12.1,464023.62,560799.658
002625.SZ,20241121,39.89,40.89,39.2,39.96,613184.78,2463462.548
002626.SZ,20241121,16.32,16.47,16.13,16.36,62420.0,101736.075
002627.SZ,20241121,5.19,5.27,5.17,5.25,71604.59,37382.556
002628.SZ,20241121,5.3,5.64,5.19,5.43,1080013.86,587067.867
002629.SZ,20241121,3.33,3.41,3.27,3.32,208357.5,69248.653
002630.SZ,20241121,3.25,3.3,3.21,3.27,421018.0,137541.6
002631.SZ,20241121,4.83,4.95,4.74,4.88,263934.52,127381.34
002632.SZ,20241121,8.4,8.63,8.4,8.58,152205.0,129609.413
002633.SZ,20241121,13.18,13.53,12.67,12.78,65719.86,86020.4
002634.SZ,20241121,3.98,4.06,3.87,3.97,143631.0,56792.093
002635.SZ,20241121,16.5,16.69,16.19,16.4,150564.28,246879.285
002636.SZ,20241121,8.37,8.42,8.19,8.32,62920.61,52342.401
002637.SZ,20241121,10.61,11.18,10.25,11.18,511147.56,559626.743
002638.SZ,20241121,2.23,2.29,2.21,2.28,257457.0,58035.086
002639.SZ,20241121,6.89,7.38,6.85,7.27,597513.11,429401.73
002640.SZ,20241121,3.08,3.25,3.04,3.16,1713533.0,537945.227
002641.SZ,20241121,4.5,4.56,4.49,4.55,106174.92,48131.35
002642.SZ,20241121,7.7,7.84,7.59,7.76,250194.31,192578.148
002643.SZ,20241121,10.84,10.95,10.66,10.83,132050.41,143006.017
002644.SZ,20241121,8.59,9.16,8.47,9.16,183797.88,162200.022
002645.SZ,20241121,7.99,8.2,7.85,7.95,105799.2,84785.527
002646.SZ,20241121,10.88,11.01,10.73,10.9,66638.7,72380.864
002647.SZ,20241121,7.37,7.38,7.15,7.24,203535.0,148118.038
002648.SZ,20241121,18.36,18.47,18.13,18.19,168678.08,307434.898
002649.SZ,20241121,12.3,12.47,12.17,12.4,193668.11,239394.865
002650.SZ,20241121,4.5,4.64,4.37,4.38,218862.38,96926.378
002651.SZ,20241121,7.15,7.3,7.09,7.16,191838.0,137477.431
002652.SZ,20241121,3.36,3.42,3.3,3.35,201281.81,67527.324
002653.SZ,20241121,35.7,37.47,35.5,36.2,102357.45,375668.235
002654.SZ,20241121,13.94,14.33,13.86,14.03,440565.99,620434.417
002655.SZ,20241121,13.75,13.95,13.58,13.9,98551.0,135898.969
002657.SZ,20241121,26.0,27.38,25.03,25.05,1455461.63,3761313.292
002658.SZ,20241121,6.51,6.75,6.46,6.54,66307.0,43489.16
002659.SZ,20241121,5.18,5.24,5.0,5.09,319858.0,162498.016
002660.SZ,20241121,8.96,9.39,8.9,9.34,277776.4,256814.219
002661.SZ,20241121,9.45,9.66,9.37,9.54,52212.22,49580.688
002662.SZ,20241121,3.98,3.98,3.85,3.92,428009.62,167902.183
002663.SZ,20241121,1.96,2.0,1.93,1.96,322464.0,63075.567
002664.SZ,20241121,14.31,14.55,14.23,14.39,70280.0,100982.659
002666.SZ,20241121,4.7,4.79,4.67,4.79,112241.0,53124.933
002667.SZ,20241121,11.78,12.24,11.0,11.23,526061.24,600841.11
002668.SZ,20241121,10.44,10.64,10.37,10.49,142816.86,149843.508
002669.SZ,20241121,9.83,10.17,9.82,10.02,115577.0,116090.57
002670.SZ,20241121,11.4,11.59,11.39,11.55,339572.38,390147.133
002671.SZ,20241121,4.65,4.68,4.6,4.68,135303.59,62957.569
002672.SZ,20241121,4.91,4.96,4.82,4.88,52437.68,25647.401
002673.SZ,20241121,9.1,9.92,9.06,9.71,3309877.23,3187802.963
002674.SZ,20241121,10.02,10.39,9.93,10.16,44606.61,45333.655
002675.SZ,20241121,13.59,13.64,13.3,13.43,57140.74,76928.82
002676.SZ,20241121,6.49,6.66,6.4,6.5,370363.37,241399.512
002677.SZ,20241121,7.63,7.69,7.57,7.63,40996.0,31237.628
002678.SZ,20241121,4.83,4.88,4.8,4.84,59072.8,28595.478
002679.SZ,20241121,9.3,9.55,9.19,9.32,55527.51,51946.626
002681.SZ,20241121,5.73,5.74,5.58,5.71,1057983.94,598687.828
002682.SZ,20241121,4.64,4.67,4.56,4.62,249901.16,115210.57
002683.SZ,20241121,28.4,28.88,28.01,28.2,72436.36,205549.999
002685.SZ,20241121,6.96,7.24,6.9,7.07,913096.48,646950.626
002686.SZ,20241121,6.0,6.09,5.9,5.99,92876.5,55757.61
002687.SZ,20241121,4.72,4.77,4.67,4.73,132915.07,62625.074
002688.SZ,20241121,4.47,4.56,4.46,4.54,93940.5,42418.917
002689.SZ,20241121,3.73,3.81,3.67,3.72,394116.79,146261.121
002690.SZ,20241121,15.65,15.72,15.29,15.41,66095.0,102258.615
002691.SZ,20241121,5.85,6.07,5.83,5.94,77131.78,45728.611
002692.SZ,20241121,4.37,4.49,4.3,4.41,111972.25,49063.107
002693.SZ,20241121,29.99,29.99,29.2,29.99,697282.44,2089188.247
002694.SZ,20241121,5.67,6.25,5.62,6.25,191794.63,115312.323
002695.SZ,20241121,7.88,8.02,7.82,7.95,55849.05,44201.273
002696.SZ,20241121,5.35,5.42,5.28,5.4,64210.22,34360.055
002697.SZ,20241121,5.73,5.77,5.58,5.63,325243.84,183432.436
002698.SZ,20241121,15.31,15.97,15.11,15.52,296450.0,462622.125
002700.SZ,20241121,10.59,10.78,10.16,10.24,85731.0,89281.215
002701.SZ,20241121,5.45,5.48,5.36,5.38,255945.93,138268.941
002702.SZ,20241121,4.16,4.31,4.13,4.24,239551.19,101066.642
002703.SZ,20241121,13.2,13.79,13.14,13.36,247590.0,332167.952
002705.SZ,20241121,14.98,15.0,14.53,14.71,88957.2,130801.241
002706.SZ,20241121,7.18,7.35,7.12,7.19,211057.89,152387.821
002707.SZ,20241121,7.29,7.47,7.27,7.35,276267.11,203399.025
002708.SZ,20241121,9.48,9.62,9.39,9.53,230375.6,219505.098
002709.SZ,20241121,23.14,25.0,23.06,24.4,1043312.97,2531179.744
002712.SZ,20241121,5.72,5.92,5.64,5.71,443086.09,254765.504
002713.SZ,20241121,4.31,4.76,4.27,4.76,675324.29,317607.474
002714.SZ,20241121,42.0,42.45,41.91,42.36,222087.99,937949.937
002715.SZ,20241121,16.12,16.3,15.59,16.02,34528.5,54995.78
002716.SZ,20241121,3.46,3.6,3.46,3.59,893506.2,315407.418
002717.SZ,20241121,3.44,3.51,3.24,3.33,3859378.49,1305595.412
002718.SZ,20241121,13.02,13.49,13.02,13.47,23133.18,30840.142
002719.SZ,20241121,8.18,8.33,8.06,8.13,90587.23,73843.876
002721.SZ,20241121,2.77,2.78,2.65,2.69,208716.48,56796.071
002722.SZ,20241121,15.38,15.75,15.21,15.6,143503.21,223058.676
002723.SZ,20241121,6.45,6.72,6.38,6.63,194971.0,128116.027
002724.SZ,20241121,5.64,5.73,5.58,5.7,52155.0,29621.475
002725.SZ,20241121,12.5,12.6,12.26,12.46,134430.28,167321.98
002726.SZ,20241121,6.77,6.96,6.73,6.86,186389.91,127301.846
002727.SZ,20241121,14.29,14.31,14.03,14.18,92367.95,130732.623
002728.SZ,20241121,9.01,9.1,8.88,9.04,164317.13,147600.287
002729.SZ,20241121,13.13,13.22,12.9,13.1,61621.6,80281.16
002730.SZ,20241121,8.04,8.12,7.98,8.12,63690.0,51392.199
002731.SZ,20241121,8.9,9.37,8.9,9.15,132119.4,121338.303
002732.SZ,20241121,16.15,16.25,16.05,16.25,14934.6,24175.614
002733.SZ,20241121,13.22,13.63,13.22,13.57,82330.28,111059.624
002734.SZ,20241121,7.78,8.46,7.78,8.46,113358.81,94905.215
002735.SZ,20241121,10.15,10.23,10.05,10.2,146961.37,149302.454
002736.SZ,20241121,11.78,11.9,11.67,11.84,281081.2,331421.078
002737.SZ,20241121,20.64,20.8,20.45,20.69,74717.1,154015.183
002738.SZ,20241121,38.91,40.25,38.7,39.94,245386.99,972247.556
002739.SZ,20241121,12.13,12.25,12.03,12.12,166132.36,201768.839
002741.SZ,20241121,17.63,17.63,17.63,17.63,47971.88,84574.424
002742.SZ,20241121,4.49,4.65,4.29,4.34,158798.5,70720.907
002743.SZ,20241121,5.77,5.88,5.71,5.8,133744.0,77410.755
002745.SZ,20241121,8.66,8.7,8.54,8.66,161518.0,139461.595
002746.SZ,20241121,6.19,6.24,6.15,6.21,81461.52,50461.791
002747.SZ,20241121,17.99,18.28,17.58,17.84,419600.59,749081.452
002748.SZ,20241121,6.8,7.12,6.75,7.12,84770.0,59539.286
002749.SZ,20241121,14.22,14.79,14.16,14.68,100582.77,145632.774
002750.SZ,20241121,2.61,2.64,2.51,2.56,158963.0,40502.831
002752.SZ,20241121,5.62,5.66,5.57,5.66,89082.6,50060.704
002753.SZ,20241121,6.75,6.83,6.72,6.8,66303.5,44949.251
002755.SZ,20241121,13.61,13.84,13.49,13.71,52273.86,71364.913
002756.SZ,20241121,46.44,48.65,46.3,48.11,155564.8,742424.57
002757.SZ,20241121,19.8,20.4,18.41,19.0,1002029.91,1909296.441
002758.SZ,20241121,9.0,9.03,8.84,8.97,34943.0,31338.506
002759.SZ,20241121,9.8,10.88,9.72,10.88,670510.82,720796.583
002760.SZ,20241121,19.98,21.1,19.9,20.78,26113.63,53843.958
002761.SZ,20241121,11.47,11.47,11.47,11.47,35044.8,40196.386
002762.SZ,20241121,7.01,7.21,6.9,7.0,97419.53,68308.763
002763.SZ,20241121,6.9,7.12,6.89,7.02,61794.56,43222.402
002765.SZ,20241121,9.09,9.21,8.93,9.1,1046629.6,948275.128
002766.SZ,20241121,5.87,5.92,5.8,5.88,177063.0,103768.818
002767.SZ,20241121,14.25,14.96,14.08,14.59,67725.0,98086.992
002768.SZ,20241121,22.7,22.85,22.52,22.74,19928.0,45317.5
002769.SZ,20241121,7.2,7.61,7.07,7.5,269218.0,198632.182
002771.SZ,20241121,19.07,19.37,18.8,19.17,71149.64,136037.394
002772.SZ,20241121,7.2,7.24,7.14,7.22,84935.0,61134.469
002773.SZ,20241121,19.93,20.34,19.8,20.05,120250.31,241551.782
002774.SZ,20241121,7.36,7.49,7.12,7.32,110414.5,80442.565
002775.SZ,20241121,3.3,3.45,3.28,3.4,104433.36,35431.313
002777.SZ,20241121,22.14,23.3,21.94,22.02,377121.29,852568.791
002778.SZ,20241121,17.74,18.51,17.74,18.12,47338.6,86022.421
002779.SZ,20241121,52.04,57.5,51.5,54.49,57900.5,317085.472
002780.SZ,20241121,12.45,12.63,12.33,12.49,45154.71,56284.947
002782.SZ,20241121,13.58,14.3,13.48,13.84,295231.3,411751.588
002783.SZ,20241121,8.7,8.8,8.49,8.66,113023.66,97711.982
002785.SZ,20241121,34.5,37.6,33.6,36.17,146355.4,523058.791
002786.SZ,20241121,11.33,11.42,11.09,11.21,222587.74,250008.678
002787.SZ,20241121,11.18,11.88,11.02,11.7,124901.44,143219.485
002788.SZ,20241121,8.8,8.84,8.7,8.81,54167.38,47520.837
002789.SZ,20241121,11.9,12.02,11.64,11.77,18840.3,22221.61
002790.SZ,20241121,7.96,8.05,7.86,7.95,34134.0,27069.268
002791.SZ,20241121,28.28,28.5,27.82,28.03,30832.0,86651.301
002792.SZ,20241121,17.39,18.43,16.9,18.43,844988.64,1482324.133
002793.SZ,20241121,4.33,4.51,4.33,4.43,216024.9,95663.465
002795.SZ,20241121,4.63,4.8,4.6,4.78,228101.12,107295.821
002796.SZ,20241121,11.93,12.14,11.73,12.0,129275.78,153989.316
002797.SZ,20241121,8.75,9.29,8.73,9.14,4294629.43,3868740.939
002798.SZ,20241121,4.24,4.32,4.2,4.3,77007.32,32799.362
002799.SZ,20241121,8.12,8.24,8.04,8.19,56726.2,46234.655
002800.SZ,20241121,12.48,12.6,12.16,12.29,32793.6,40583.97
002801.SZ,20241121,23.5,23.8,23.18,23.43,21957.42,51563.652
002802.SZ,20241121,12.6,13.03,12.56,12.73,57403.8,73197.286
002803.SZ,20241121,15.45,15.82,15.13,15.55,243864.29,376537.497
002805.SZ,20241121,15.1,15.5,14.81,14.98,145591.7,220532.033
002806.SZ,20241121,14.11,14.29,13.5,14.04,227269.23,313059.006
002807.SZ,20241121,4.24,4.26,4.19,4.25,376298.27,159079.964
002808.SZ,20241121,3.47,3.62,3.36,3.62,99432.76,34907.078
002809.SZ,20241121,8.58,8.68,8.52,8.65,30314.6,26112.315
002810.SZ,20241121,14.08,14.21,13.73,13.88,63946.36,88928.282
002811.SZ,20241121,8.7,8.79,8.61,8.73,29424.5,25605.003
002812.SZ,20241121,39.16,40.88,39.15,39.72,221319.01,884563.256
002813.SZ,20241121,27.34,28.09,26.88,27.33,18883.0,51840.449
002815.SZ,20241121,10.62,11.57,10.62,10.94,1136288.75,1252476.613
002816.SZ,20241121,22.0,23.83,21.88,23.83,76674.09,178332.662
002817.SZ,20241121,6.47,6.68,6.47,6.6,75965.38,49942.575
002818.SZ,20241121,13.26,13.37,13.2,13.36,20998.4,27900.561
002819.SZ,20241121,30.9,32.19,30.41,31.41,137190.9,429130.625
002820.SZ,20241121,8.74,8.99,8.69,8.96,98482.1,87612.0
002821.SZ,20241121,88.06,90.0,87.64,88.5,30174.06,267817.034
002822.SZ,20241121,3.43,3.61,3.4,3.61,216252.69,77293.769
002823.SZ,20241121,15.22,15.32,14.95,15.18,94346.78,142683.97
002824.SZ,20241121,22.55,24.25,22.5,22.65,472228.02,1102725.535
002825.SZ,20241121,7.97,8.15,7.9,8.01,71833.76,57710.083
002826.SZ,20241121,11.04,11.36,10.9,11.26,58281.6,65062.223
002827.SZ,20241121,28.93,29.54,28.86,29.21,67563.0,196798.658
002828.SZ,20241121,9.89,10.03,9.58,9.67,187151.7,182444.324
002829.SZ,20241121,21.68,23.17,21.68,22.2,373090.72,836570.15
002830.SZ,20241121,13.39,13.5,13.19,13.4,19150.0,25580.782
002831.SZ,20241121,26.0,26.14,25.69,25.79,33723.0,87081.632
002832.SZ,20241121,19.58,19.6,19.3,19.41,72536.85,141130.54
002833.SZ,20241121,19.16,19.16,18.45,18.67,83411.44,156197.7
002835.SZ,20241121,17.77,17.96,17.61,17.8,47647.0,84927.607
002836.SZ,20241121,7.96,8.09,7.93,8.06,29174.88,23410.799
002837.SZ,20241121,35.0,36.24,34.27,36.11,353623.38,1253254.546
002838.SZ,20241121,13.55,13.65,13.18,13.28,85356.74,113893.149
002839.SZ,20241121,4.48,4.5,4.43,4.48,404921.03,180620.495
002840.SZ,20241121,12.3,13.01,12.0,13.01,579411.42,741587.444
002841.SZ,20241121,39.22,39.7,38.4,38.73,48406.43,188019.611
002842.SZ,20241121,6.98,7.32,6.98,7.13,215973.33,154482.503
002843.SZ,20241121,17.67,19.44,17.32,19.44,155576.5,284618.67
002845.SZ,20241121,16.2,16.39,15.91,16.13,139087.05,224444.327
002846.SZ,20241121,9.15,9.44,8.99,9.06,249773.17,229420.202
002847.SZ,20241121,53.67,53.9,52.61,53.44,11422.28,60819.981
002848.SZ,20241121,10.13,10.4,9.81,10.06,293671.63,297328.52
002849.SZ,20241121,18.6,19.27,18.5,18.72,116798.4,220021.275
002850.SZ,20241121,109.64,112.28,107.77,108.96,20514.17,224894.851
002851.SZ,20241121,44.1,44.1,42.5,43.75,271302.66,1177202.872
002852.SZ,20241121,8.16,8.2,8.04,8.14,39103.51,31770.67
002853.SZ,20241121,9.98,10.28,9.95,10.24,50385.0,50947.586
002855.SZ,20241121,27.5,27.78,27.01,27.2,113816.7,310667.428
002856.SZ,20241121,10.25,11.33,10.25,10.67,117918.1,127737.697
002857.SZ,20241121,12.9,13.15,12.69,12.92,64446.0,83349.707
002858.SZ,20241121,12.42,12.99,12.41,12.9,129281.0,164471.231
002859.SZ,20241121,22.1,22.13,21.76,22.06,44486.04,97548.666
002860.SZ,20241121,9.39,9.5,9.27,9.39,41091.69,38680.076
002861.SZ,20241121,13.2,13.27,12.73,13.01,120602.83,157044.236
002862.SZ,20241121,27.09,27.09,27.09,27.09,6633.0,17968.797
002863.SZ,20241121,4.63,4.68,4.6,4.67,104648.79,48563.52
002864.SZ,20241121,28.3,28.73,27.98,28.57,38219.0,108255.715
002865.SZ,20241121,66.14,66.96,62.55,64.04,126559.62,816310.317
002866.SZ,20241121,20.75,21.16,20.0,20.01,336687.52,688455.209
002867.SZ,20241121,12.35,12.46,12.23,12.34,102442.51,126498.27
002868.SZ,20241121,16.51,17.7,16.28,17.2,50163.6,85897.959
002869.SZ,20241121,29.5,30.31,29.4,29.79,67742.0,202380.02
002870.SZ,20241121,32.66,33.0,32.36,32.64,12181.0,39896.514
002871.SZ,20241121,9.76,9.95,9.73,9.87,24216.3,23822.875
002872.SZ,20241121,4.71,4.89,4.68,4.85,48889.28,23353.555
002873.SZ,20241121,10.37,10.91,10.36,10.68,92162.69,98546.44
002875.SZ,20241121,13.79,13.97,13.63,13.76,130084.0,179871.927
002876.SZ,20241121,28.65,29.78,28.53,29.3,42128.5,122308.852
002877.SZ,20241121,7.95,8.07,7.88,8.06,73819.36,58978.058
002878.SZ,20241121,14.5,15.68,14.31,15.68,684196.09,1027780.259
002879.SZ,20241121,14.21,14.66,14.21,14.62,27583.46,39926.245
002880.SZ,20241121,29.22,29.41,28.88,29.11,10636.0,30923.607
002881.SZ,20241121,25.2,25.48,24.61,25.0,31901.0,79981.286
002882.SZ,20241121,18.2,18.57,17.75,17.92,162136.44,292948.208
002883.SZ,20241121,11.05,11.17,10.82,10.98,61303.12,67394.794
002884.SZ,20241121,18.27,18.36,18.11,18.33,23658.48,43141.792
002885.SZ,20241121,13.53,13.72,13.4,13.59,53193.23,72203.042
002886.SZ,20241121,16.2,16.38,15.9,16.19,64096.3,103478.558
002887.SZ,20241121,7.36,7.48,7.32,7.42,47409.75,35065.734
002888.SZ,20241121,19.83,19.99,19.13,19.43,60887.8,118653.34
002889.SZ,20241121,24.0,24.42,23.01,23.62,172867.46,407607.376
002890.SZ,20241121,11.18,11.28,11.04,11.18,9197.2,10280.247
002891.SZ,20241121,32.4,32.88,31.76,32.12,40763.63,131906.206
002892.SZ,20241121,16.0,16.32,15.39,15.63,697598.76,1099585.072
002893.SZ,20241121,11.85,12.5,11.74,12.31,205706.72,252090.753
002895.SZ,20241121,21.3,22.49,21.2,22.12,175879.44,387801.095
002896.SZ,20241121,32.87,33.26,32.28,32.68,58081.82,190481.306
002897.SZ,20241121,41.85,43.86,41.2,43.59,168884.45,717072.919
002898.SZ,20241121,11.37,11.37,11.04,11.26,32645.0,36568.763
002899.SZ,20241121,20.1,20.74,20.06,20.45,31291.0,63840.349
002900.SZ,20241121,10.7,10.77,10.55,10.69,44224.5,47081.38
002901.SZ,20241121,33.96,34.15,33.12,33.35,11477.74,38510.713
002902.SZ,20241121,23.55,23.86,23.21,23.72,112443.92,265539.525
002903.SZ,20241121,18.01,18.22,17.8,18.16,44809.44,81028.081
002905.SZ,20241121,7.61,8.28,7.48,8.0,372012.13,292172.384
002906.SZ,20241121,32.35,32.38,31.4,31.72,63970.14,203912.49
002907.SZ,20241121,13.99,14.17,13.92,14.07,24871.82,34907.321
002908.SZ,20241121,9.49,9.5,9.25,9.4,92521.0,86853.972
002909.SZ,20241121,5.56,5.58,5.46,5.56,101906.56,56366.041
002910.SZ,20241121,8.38,8.66,8.34,8.5,54473.0,46330.273
002911.SZ,20241121,12.19,12.32,12.04,12.15,92269.97,112106.589
002912.SZ,20241121,27.87,28.16,27.2,27.47,82511.91,227812.047
002913.SZ,20241121,25.29,25.48,24.88,25.14,34907.0,87932.225
002915.SZ,20241121,13.01,13.01,12.34,12.44,449347.11,566506.201
002916.SZ,20241121,103.02,103.51,101.88,102.84,41974.86,431042.99
002917.SZ,20241121,9.31,9.43,9.21,9.34,60338.0,56320.741
002918.SZ,20241121,8.66,8.71,8.52,8.62,50452.0,43459.147
002919.SZ,20241121,15.07,15.25,14.82,15.11,59598.14,89687.051
002920.SZ,20241121,133.78,135.3,130.51,132.9,44460.87,588199.596
002921.SZ,20241121,12.02,12.13,11.85,12.02,29659.1,35478.162
002922.SZ,20241121,17.03,17.55,16.92,17.31,201805.45,347685.264
002923.SZ,20241121,10.07,10.13,9.99,10.11,15872.1,15979.859
002925.SZ,20241121,14.2,14.23,13.91,14.11,69045.0,97332.918
002926.SZ,20241121,8.53,8.65,8.44,8.58,308705.41,263636.564
002927.SZ,20241121,12.76,13.04,12.7,12.93,71850.66,92725.418
002928.SZ,20241121,8.54,8.6,8.41,8.58,97910.67,83145.711
002929.SZ,20241121,30.33,30.6,29.75,30.19,48271.0,145997.071
002930.SZ,20241121,12.29,12.48,11.98,12.13,64505.04,78365.746
002931.SZ,20241121,13.0,13.65,12.95,13.29,72773.38,96927.923
002932.SZ,20241121,20.3,20.78,19.61,19.86,75497.49,151323.057
002933.SZ,20241121,30.01,30.58,29.86,30.27,27940.0,84618.401
002935.SZ,20241121,16.05,16.2,15.8,15.95,44772.38,71654.477
002936.SZ,20241121,2.2,2.22,2.15,2.18,2096235.46,455118.982
002937.SZ,20241121,18.0,18.0,17.7,17.94,46773.0,83538.596
002938.SZ,20241121,32.73,32.75,31.71,32.14,228397.77,733804.558
002939.SZ,20241121,8.56,8.65,8.52,8.6,389154.46,333888.07
002940.SZ,20241121,14.14,14.45,14.06,14.15,33900.57,48197.006
002941.SZ,20241121,12.58,12.73,12.38,12.53,146971.98,184403.627
002942.SZ,20241121,14.68,14.84,14.58,14.81,13502.5,19880.207
002943.SZ,20241121,20.52,20.68,20.21,20.42,31478.1,64288.664
002945.SZ,20241121,14.71,15.19,14.71,14.9,343989.0,513302.534
002946.SZ,20241121,12.58,12.87,12.45,12.75,55784.93,70831.916
002947.SZ,20241121,33.92,33.99,33.2,33.51,38429.45,129122.401
002948.SZ,20241121,3.77,3.78,3.71,3.74,433838.24,162095.805
002949.SZ,20241121,14.9,15.11,14.67,14.88,33963.0,50450.937
002950.SZ,20241121,8.69,9.56,8.52,9.56,179901.44,166417.376
002951.SZ,20241121,7.03,7.15,7.0,7.06,6954.0,4906.959
002952.SZ,20241121,26.01,27.39,25.83,26.15,54232.55,143901.876
002953.SZ,20241121,8.9,9.03,8.81,8.98,133115.97,119147.714
002955.SZ,20241121,27.89,27.89,27.09,27.3,119318.13,326331.667
002956.SZ,20241121,13.46,14.81,13.27,14.18,175867.69,253307.213
002957.SZ,20241121,17.15,17.2,16.59,16.9,135605.34,229038.931
002958.SZ,20241121,3.18,3.19,3.11,3.14,1174364.6,368653.613
002959.SZ,20241121,44.27,44.28,43.54,43.79,15377.88,67523.894
002960.SZ,20241121,11.34,11.37,11.14,11.28,61697.48,69410.47
002961.SZ,20241121,15.43,15.56,15.21,15.48,35399.56,54547.486
002962.SZ,20241121,17.24,18.92,16.86,17.77,718043.48,1281768.743
002963.SZ,20241121,12.17,12.29,12.11,12.24,25020.0,30536.723
002965.SZ,20241121,31.36,31.66,30.78,31.19,47262.48,147306.119
002966.SZ,20241121,7.77,7.85,7.71,7.84,411676.78,321120.912
002967.SZ,20241121,17.32,17.6,17.27,17.46,52218.4,91139.006
002968.SZ,20241121,9.84,9.91,9.77,9.86,36198.9,35638.132
002969.SZ,20241121,3.34,3.37,3.28,3.36,155729.0,51804.591
002970.SZ,20241121,45.51,46.1,44.96,45.81,26814.89,122561.84
002971.SZ,20241121,22.1,22.41,21.6,21.91,22485.9,49487.856
002972.SZ,20241121,10.62,10.71,10.46,10.66,18946.0,20126.328
002973.SZ,20241121,10.18,10.22,9.97,10.07,29519.0,29779.165
002975.SZ,20241121,35.2,35.3,34.0,34.42,81818.64,283184.472
002976.SZ,20241121,27.18,27.38,25.98,26.05,96116.8,256118.885
002977.SZ,20241121,30.65,31.25,30.35,30.76,19920.68,61286.58
002978.SZ,20241121,29.93,30.08,29.77,29.91,12869.16,38493.913
002979.SZ,20241121,28.98,29.68,28.41,28.83,122560.28,353668.534
002980.SZ,20241121,27.99,28.38,27.73,28.13,9266.5,26053.541
002981.SZ,20241121,26.69,29.67,26.29,27.54,160198.88,441137.705
002982.SZ,20241121,18.8,19.25,18.8,19.06,28353.97,53966.883
002983.SZ,20241121,20.5,20.65,20.2,20.51,24261.93,49584.016
002984.SZ,20241121,25.26,25.65,25.2,25.36,84992.17,215760.721
002985.SZ,20241121,24.1,24.3,23.63,23.88,34036.17,81464.701
002986.SZ,20241121,12.3,12.47,12.22,12.35,43102.83,53122.981
002987.SZ,20241121,15.08,15.3,14.91,15.11,122449.15,184803.137
002988.SZ,20241121,19.86,20.1,19.12,19.48,43835.63,85949.256
002989.SZ,20241121,22.41,23.39,22.16,22.84,44212.73,100289.367
002990.SZ,20241121,23.82,24.01,23.38,23.7,24174.94,57318.977
002991.SZ,20241121,72.8,74.8,72.59,74.5,7388.22,54750.563
002992.SZ,20241121,66.02,68.98,65.5,66.81,31752.87,214622.89
002993.SZ,20241121,35.0,35.45,33.82,34.97,116324.26,402652.772
002995.SZ,20241121,22.39,23.75,21.0,21.1,241432.98,534505.93
002996.SZ,20241121,6.83,6.92,6.75,6.84,92441.7,63319.334
002997.SZ,20241121,34.0,34.22,33.19,33.61,35610.18,120080.73
002998.SZ,20241121,6.72,6.85,6.68,6.84,88306.2,59915.712
002999.SZ,20241121,6.4,6.64,6.39,6.55,185447.8,121254.006
003000.SZ,20241121,12.36,12.95,12.29,12.95,134580.26,170870.881
003001.SZ,20241121,37.91,40.88,37.91,40.58,38050.22,151636.778
003002.SZ,20241121,21.13,21.89,20.75,21.25,45285.0,96505.634
003003.SZ,20241121,9.78,9.94,9.7,9.91,28567.0,28218.879
003004.SZ,20241121,25.17,27.67,25.12,26.2,67377.4,178383.022
003005.SZ,20241121,27.88,29.29,27.84,28.77,58349.4,167223.179
003006.SZ,20241121,26.97,27.32,26.42,27.05,27576.54,74235.146
003007.SZ,20241121,29.5,30.47,29.04,29.71,31041.5,92665.106
003008.SZ,20241121,18.8,19.09,18.7,18.99,16108.0,30486.222
003009.SZ,20241121,43.7,45.4,43.51,44.74,31204.09,139201.954
003010.SZ,20241121,20.99,21.1,19.49,19.98,138353.8,276262.866
003011.SZ,20241121,17.0,17.8,16.89,17.41,47864.6,83169.841
003012.SZ,20241121,6.28,6.37,6.22,6.33,108462.69,68277.297
003013.SZ,20241121,15.41,15.97,15.41,15.63,37906.07,59303.717
003015.SZ,20241121,14.65,14.97,14.56,14.8,111987.0,165202.969
003016.SZ,20241121,8.52,9.12,8.39,8.47,207062.64,178758.206
003017.SZ,20241121,19.64,20.0,19.55,19.85,15529.6,30773.215
003018.SZ,20241121,9.17,9.43,9.14,9.34,39780.65,36912.482
003019.SZ,20241121,25.88,26.8,25.67,26.28,95539.27,250271.462
003020.SZ,20241121,20.26,20.4,20.01,20.15,21794.76,44042.521
003021.SZ,20241121,70.13,70.18,65.21,66.3,172782.53,1156158.844
003022.SZ,20241121,16.61,16.81,16.41,16.55,58067.0,96225.635
003023.SZ,20241121,21.21,21.61,20.51,20.74,101001.29,211829.193
003025.SZ,20241121,15.58,15.74,15.31,15.53,63061.3,98101.563
003026.SZ,20241121,38.0,38.37,37.5,37.94,31994.2,121209.723
003027.SZ,20241121,15.84,16.77,15.42,15.79,151390.11,241948.619
003028.SZ,20241121,35.42,36.68,35.19,35.71,31222.0,111545.598
003029.SZ,20241121,24.43,25.11,23.78,24.25,89242.74,216812.087
003030.SZ,20241121,15.49,15.71,15.13,15.32,41908.09,64329.273
003031.SZ,20241121,54.33,56.28,53.81,56.14,37911.32,207862.124
003032.SZ,20241121,11.25,12.1,11.12,11.61,539246.98,625546.551
003033.SZ,20241121,27.06,27.32,26.62,27.13,8634.34,23354.516
003035.SZ,20241121,4.69,4.73,4.62,4.66,113170.0,52805.745
003036.SZ,20241121,10.57,11.25,10.57,11.25,60654.0,66678.048
003037.SZ,20241121,6.27,6.33,6.2,6.3,52390.0,32799.911
003038.SZ,20241121,21.47,21.48,20.21,20.51,62027.56,128768.307
003039.SZ,20241121,14.39,14.44,14.14,14.24,34640.47,49379.467
003040.SZ,20241121,12.46,13.57,12.34,13.57,150981.0,196475.041
003041.SZ,20241121,13.53,15.2,13.53,15.2,70604.3,103629.953
003042.SZ,20241121,15.04,15.31,14.92,15.09,36754.14,55613.382
003043.SZ,20241121,49.68,49.69,48.1,48.67,14641.0,71726.766
003816.SZ,20241121,4.14,4.21,4.13,4.18,1906518.13,797466.608
300001.SZ,20241121,23.14,23.97,23.14,23.62,262751.22,620452.939
300002.SZ,20241121,12.6,12.94,12.1,12.72,1647546.77,2068492.049
300003.SZ,20241121,12.5,12.56,12.29,12.41,210983.4,261604.619
300004.SZ,20241121,6.97,7.39,6.88,7.22,278528.81,201302.456
300005.SZ,20241121,8.08,8.22,7.9,8.0,208071.56,167109.748
300006.SZ,20241121,4.77,4.93,4.73,4.88,201618.0,97791.232
300007.SZ,20241121,18.28,18.45,17.74,18.06,147481.41,266950.009
300008.SZ,20241121,5.27,5.33,5.19,5.27,634678.37,332892.754
300009.SZ,20241121,9.2,9.21,8.96,9.11,416220.57,376343.682
300010.SZ,20241121,10.57,11.03,10.21,10.56,2790116.61,2958757.443
300011.SZ,20241121,8.02,8.06,7.82,7.97,132394.0,105300.316
300012.SZ,20241121,13.81,13.98,13.7,13.77,260823.18,360838.457
300013.SZ,20241121,3.67,3.75,3.62,3.67,142358.5,52519.553
300014.SZ,20241121,49.8,50.62,49.43,50.01,239292.16,1196617.659
300015.SZ,20241121,15.04,15.13,14.86,15.01,959661.22,1436080.82
300016.SZ,20241121,6.93,6.96,6.81,6.9,94085.5,64769.913
300017.SZ,20241121,9.41,9.67,9.32,9.46,946860.02,898906.98
300018.SZ,20241121,7.0,7.51,6.92,7.4,529657.05,385906.892
300019.SZ,20241121,19.95,20.6,18.9,19.15,610645.53,1199611.902
300020.SZ,20241121,2.55,2.55,2.48,2.5,409423.0,102806.688
300021.SZ,20241121,4.36,4.5,4.33,4.4,210910.04,92601.396
300022.SZ,20241121,4.71,4.78,4.67,4.75,86430.01,40899.473
300024.SZ,20241121,20.33,20.78,19.43,19.75,1971438.52,3927645.336
300025.SZ,20241121,10.5,10.67,10.38,10.51,245673.01,258893.092
300026.SZ,20241121,4.14,4.16,4.07,4.12,524470.76,215279.822
300027.SZ,20241121,3.02,3.18,2.99,3.1,1765961.09,545826.933
300029.SZ,20241121,5.98,6.38,5.98,6.12,38615.0,23794.538
300030.SZ,20241121,6.56,6.85,6.42,6.73,145188.0,96661.928
300031.SZ,20241121,20.72,21.89,20.3,20.9,521805.9,1095746.861
300032.SZ,20241121,5.52,5.59,5.38,5.49,415049.02,227235.028
300033.SZ,20241121,280.1,300.25,279.98,293.2,228074.51,6649824.882
300034.SZ,20241121,17.2,17.23,16.91,17.11,116357.27,198755.029
300035.SZ,20241121,16.02,16.45,15.95,16.36,318013.91,516837.506
300036.SZ,20241121,18.9,19.04,18.58,18.9,129308.0,244000.877
300037.SZ,20241121,42.58,45.8,42.58,44.75,153850.53,682581.871
300039.SZ,20241121,6.7,6.75,6.62,6.71,186664.68,124728.609
300040.SZ,20241121,6.7,6.84,6.65,6.78,237316.67,160384.347
300041.SZ,20241121,9.04,9.22,8.92,9.07,135748.31,123031.777
300042.SZ,20241121,22.5,22.85,21.65,21.93,111811.62,246578.92
300043.SZ,20241121,3.48,3.78,3.41,3.59,1572825.8,565133.213
300044.SZ,20241121,7.68,7.97,7.44,7.54,982099.01,748324.993
300045.SZ,20241121,25.8,26.98,25.67,26.65,467316.58,1226327.077
300046.SZ,20241121,41.62,43.5,41.01,41.61,296176.75,1250208.129
300047.SZ,20241121,15.02,15.2,14.55,14.86,642422.55,958546.757
300048.SZ,20241121,5.39,5.47,5.33,5.4,157350.4,84904.885
300049.SZ,20241121,39.7,40.56,38.51,39.17,122180.23,479908.214
300050.SZ,20241121,7.0,7.25,6.77,7.06,676398.04,471701.044
300051.SZ,20241121,9.12,9.95,9.08,9.3,151640.62,142165.558
300052.SZ,20241121,20.44,21.29,19.91,20.4,257134.98,529300.033
300053.SZ,20241121,15.75,16.0,15.4,15.64,343530.55,540970.443
300054.SZ,20241121,27.3,27.99,27.0,27.72,172238.0,474226.848
300055.SZ,20241121,5.73,5.85,5.62,5.69,134359.92,76679.533
300056.SZ,20241121,14.01,14.33,14.01,14.26,168647.18,238935.348
300057.SZ,20241121,5.86,6.17,5.79,5.97,388932.27,232083.735
300058.SZ,20241121,10.54,11.58,10.54,10.74,7951842.64,8721004.385
300059.SZ,20241121,26.5,27.95,26.46,27.39,9635015.59,26191780.553
300061.SZ,20241121,14.8,15.2,14.7,14.83,419123.77,624554.751
300062.SZ,20241121,6.16,6.25,6.05,6.16,256348.4,157548.465
300063.SZ,20241121,9.78,10.87,9.77,10.32,1212116.34,1248570.051
300065.SZ,20241121,9.43,9.52,9.23,9.4,227715.59,213213.661
300066.SZ,20241121,4.47,4.52,4.41,4.48,252740.35,112923.818
300067.SZ,20241121,5.67,5.73,5.53,5.61,488099.32,274314.588
300068.SZ,20241121,18.71,18.95,18.4,18.65,615551.26,1150920.448
300069.SZ,20241121,15.79,16.15,15.0,15.26,44807.0,69442.937
300070.SZ,20241121,5.98,6.17,5.91,5.97,736391.94,441139.112
300071.SZ,20241121,5.21,5.39,4.95,4.97,1649531.96,846362.82
300072.SZ,20241121,4.08,4.11,3.94,4.01,605093.6,242794.122
300073.SZ,20241121,49.1,49.83,48.11,48.89,228734.78,1120887.512
300074.SZ,20241121,4.7,5.11,4.61,4.87,629323.13,304191.761
300075.SZ,20241121,18.46,18.64,18.09,18.5,214320.8,395383.874
300076.SZ,20241121,6.05,6.65,6.04,6.38,461727.64,293252.558
300077.SZ,20241121,29.43,30.84,29.08,29.73,787925.49,2354991.625
300078.SZ,20241121,3.65,3.7,3.57,3.63,515271.67,186731.834
300079.SZ,20241121,6.06,6.15,5.98,6.12,570833.09,346380.353
300080.SZ,20241121,5.06,5.22,4.93,5.0,261180.92,131242.499
300081.SZ,20241121,8.88,9.27,8.17,8.34,1931218.58,1669525.935
300082.SZ,20241121,7.02,7.49,7.02,7.18,247054.2,179243.679
300083.SZ,20241121,7.61,7.61,7.38,7.49,384646.4,288198.456
300084.SZ,20241121,6.4,6.44,6.27,6.38,73524.6,46699.732
300085.SZ,20241121,45.1,53.1,44.88,51.98,1314293.79,6532564.359
300086.SZ,20241121,5.17,5.23,5.1,5.19,117666.02,60810.083
300087.SZ,20241121,11.2,11.3,10.94,11.13,456403.58,507340.673
300088.SZ,20241121,7.38,7.38,7.15,7.29,954019.36,694429.16
300091.SZ,20241121,2.94,3.0,2.86,2.9,497582.46,144961.621
300092.SZ,20241121,12.26,12.88,12.2,12.71,183555.53,233318.941
300093.SZ,20241121,19.88,20.35,18.9,19.02,232266.59,456329.964
300094.SZ,20241121,4.34,4.42,4.28,4.36,765173.94,332475.469
300095.SZ,20241121,7.16,7.28,7.09,7.19,57801.0,41602.409
300096.SZ,20241121,3.59,3.6,3.5,3.56,102910.0,36514.308
300097.SZ,20241121,7.58,7.79,7.51,7.7,126289.98,96523.741
300098.SZ,20241121,6.5,6.88,6.37,6.43,1773386.43,1162912.249
300099.SZ,20241121,6.44,6.57,6.33,6.5,155559.15,100200.166
300100.SZ,20241121,21.84,22.09,21.21,21.49,137419.09,297354.228
300101.SZ,20241121,25.43,25.75,24.44,25.34,384033.39,961383.557
300102.SZ,20241121,12.0,12.07,11.66,11.85,368174.67,438232.89
300103.SZ,20241121,7.22,7.33,7.14,7.25,81870.5,59125.401
300105.SZ,20241121,7.27,7.42,7.22,7.31,82180.0,60300.783
300106.SZ,20241121,9.69,10.11,9.57,9.79,116840.0,114583.599
300107.SZ,20241121,11.4,11.54,11.2,11.37,270192.0,306891.364
300108.SZ,20241121,2.86,2.89,2.8,2.82,210767.5,59517.278
300109.SZ,20241121,15.39,16.19,15.26,15.53,466574.27,730794.802
300110.SZ,20241121,3.88,3.97,3.85,3.93,221592.2,86515.586
300111.SZ,20241121,3.21,3.23,3.14,3.18,285928.0,90776.86
300112.SZ,20241121,9.3,9.39,9.16,9.31,104560.17,97075.233
300113.SZ,20241121,14.85,15.25,14.57,14.89,238779.06,355690.041
300114.SZ,20241121,70.58,70.58,69.0,69.72,129649.04,904685.048
300115.SZ,20241121,17.4,17.4,16.88,17.15,450940.93,772565.872
300117.SZ,20241121,1.38,1.39,1.28,1.31,1069589.86,141638.525
300118.SZ,20241121,15.45,16.5,14.75,14.82,1176749.6,1808167.512
300119.SZ,20241121,19.58,20.0,19.2,19.3,59888.0,116861.933
300120.SZ,20241121,11.9,12.07,11.52,11.74,424718.14,500506.619
300121.SZ,20241121,15.3,15.75,14.81,14.98,387660.29,588365.769
300122.SZ,20241121,29.99,30.1,29.46,29.77,238237.64,709246.259
300123.SZ,20241121,7.01,7.23,6.96,7.07,372796.9,264092.291
300124.SZ,20241121,59.65,61.93,59.65,60.88,320684.93,1958076.583
300125.SZ,20241121,5.9,6.27,5.73,6.07,251718.61,152446.988
300126.SZ,20241121,6.01,6.12,5.95,6.09,96391.91,58312.574
300127.SZ,20241121,28.02,29.18,27.8,28.33,188939.0,536708.431
300128.SZ,20241121,5.8,5.85,5.6,5.67,666913.48,379514.625
300129.SZ,20241121,7.86,7.93,7.74,7.86,122041.1,95804.051
300130.SZ,20241121,25.02,25.18,24.39,24.77,251399.04,622687.063
300132.SZ,20241121,5.05,5.1,4.97,5.05,65885.0,33122.473
300133.SZ,20241121,7.61,8.03,7.57,7.73,1123272.59,872088.819
300134.SZ,20241121,13.9,14.25,13.77,13.98,199567.11,279708.85
300135.SZ,20241121,5.51,6.09,5.24,5.33,2295614.83,1292153.238
300136.SZ,20241121,27.63,27.93,26.8,27.26,419197.09,1145769.184
300137.SZ,20241121,5.49,5.72,5.44,5.69,155035.79,87440.934
300138.SZ,20241121,8.98,9.02,8.83,8.96,57619.61,51439.627
300139.SZ,20241121,17.16,18.37,17.16,18.22,384280.25,679340.535
300140.SZ,20241121,6.61,6.75,6.5,6.59,152648.23,100819.628
300141.SZ,20241121,9.91,10.34,9.91,10.12,136652.0,138603.544
300142.SZ,20241121,15.41,15.57,15.16,15.32,199774.13,306464.62
300143.SZ,20241121,10.08,10.36,9.9,10.1,78305.78,79220.6
300144.SZ,20241121,9.44,9.47,9.34,9.42,275299.7,258851.12
300145.SZ,20241121,3.43,3.49,3.38,3.43,468510.02,160991.899
300146.SZ,20241121,12.93,12.99,12.82,12.93,136647.29,176327.223
300147.SZ,20241121,12.45,13.03,12.19,12.71,611385.99,767192.977
300148.SZ,20241121,4.15,4.4,4.11,4.27,922975.77,392782.813
300149.SZ,20241121,6.86,6.94,6.74,6.83,113052.02,77270.708
300150.SZ,20241121,4.66,4.71,4.57,4.69,137020.0,63674.643
300151.SZ,20241121,22.01,23.28,21.79,22.71,180887.98,411551.582
300152.SZ,20241121,7.98,8.16,7.63,7.64,1326396.87,1041687.106
300153.SZ,20241121,8.23,8.46,8.16,8.38,132366.3,110259.032
300154.SZ,20241121,7.11,7.18,7.04,7.16,53752.0,38254.189
300155.SZ,20241121,5.04,5.19,5.03,5.13,122653.0,62591.505
300157.SZ,20241121,3.29,3.33,3.23,3.29,241468.79,79150.485
300158.SZ,20241121,5.04,5.06,4.93,5.0,252145.99,125705.699
300159.SZ,20241121,3.65,3.93,3.62,3.83,1588578.94,607621.943
300160.SZ,20241121,5.95,5.98,5.85,5.92,110792.4,65660.688
300161.SZ,20241121,29.17,29.56,28.4,28.88,59196.2,171238.948
300162.SZ,20241121,8.1,8.35,7.97,8.09,332930.06,270681.755
300163.SZ,20241121,2.24,2.27,2.21,2.22,131528.0,29398.26
300164.SZ,20241121,4.71,4.79,4.65,4.72,309740.0,145909.551
300165.SZ,20241121,3.92,4.02,3.84,3.93,164888.0,64829.819
300166.SZ,20241121,10.11,10.98,10.01,10.88,1603097.11,1701128.078
300167.SZ,20241121,2.19,2.19,2.09,2.12,194215.0,41387.287
300168.SZ,20241121,9.18,9.85,9.11,9.5,1900798.99,1801320.51
300169.SZ,20241121,9.31,9.56,9.25,9.43,279149.9,262284.338
300170.SZ,20241121,9.64,9.7,9.46,9.67,482154.89,462579.159
300171.SZ,20241121,13.36,13.51,13.1,13.27,84302.7,112056.777
300172.SZ,20241121,5.53,5.74,5.52,5.65,347716.75,196787.28
300173.SZ,20241121,8.65,9.14,8.1,8.17,2112368.35,1800747.206
300174.SZ,20241121,18.9,19.97,18.74,19.44,263231.41,511477.239
300175.SZ,20241121,7.11,7.12,6.9,6.98,202018.99,141458.416
300176.SZ,20241121,8.12,9.58,8.03,8.96,837876.14,766270.359
300177.SZ,20241121,12.97,13.1,12.77,13.04,916335.62,1183992.328
300179.SZ,20241121,8.38,8.62,8.3,8.57,97411.71,82617.969
300180.SZ,20241121,8.0,8.12,7.85,7.92,947875.95,757159.455
300181.SZ,20241121,17.3,17.98,17.26,17.42,267981.62,472073.64
300182.SZ,20241121,6.18,6.44,6.13,6.25,2981136.99,1868865.438
300183.SZ,20241121,17.33,17.44,16.88,17.15,92131.35,158427.933
300184.SZ,20241121,11.31,11.56,11.11,11.25,818368.0,928036.543
300185.SZ,20241121,2.88,2.89,2.82,2.86,814119.46,231926.479
300187.SZ,20241121,5.34,6.37,5.34,5.8,401642.78,238758.416
300188.SZ,20241121,16.0,16.03,15.56,15.89,273961.0,433223.135
300189.SZ,20241121,3.51,3.8,3.48,3.63,1098032.75,397637.599
300190.SZ,20241121,4.08,4.18,4.0,4.05,195741.0,79556.513
300191.SZ,20241121,14.78,14.89,14.32,14.45,52288.0,75895.956
300192.SZ,20241121,14.3,14.71,14.0,14.45,204873.0,294334.107
300193.SZ,20241121,9.32,9.71,9.21,9.52,183828.38,174790.277
300194.SZ,20241121,4.96,5.05,4.92,5.01,301703.68,150303.841
300195.SZ,20241121,7.0,7.09,6.6,6.73,739657.02,500704.431
300196.SZ,20241121,11.56,11.61,11.38,11.49,63440.0,72742.927
300197.SZ,20241121,2.51,2.51,2.4,2.43,1020195.86,249380.988
300198.SZ,20241121,2.64,2.64,2.54,2.56,503186.83,129604.926
300199.SZ,20241121,12.4,12.73,12.27,12.58,410409.2,513343.094
300200.SZ,20241121,9.22,9.3,9.1,9.25,86386.0,79678.838
300201.SZ,20241121,6.0,6.09,5.81,5.89,742055.25,440761.654
300203.SZ,20241121,18.01,18.05,17.3,17.53,82259.55,145246.687
300204.SZ,20241121,8.06,8.13,7.92,8.08,67885.07,54623.537
300205.SZ,20241121,5.51,5.53,5.43,5.49,75689.47,41459.39
300206.SZ,20241121,11.95,12.86,11.39,11.75,352506.32,420545.222
300207.SZ,20241121,23.9,24.07,23.42,23.77,362360.25,861351.786
300208.SZ,20241121,2.8,2.82,2.71,2.73,121002.82,33372.134
300209.SZ,20241121,5.87,5.94,5.79,5.84,96100.43,56313.982
300210.SZ,20241121,12.53,12.69,12.13,12.31,175690.86,217626.012
300211.SZ,20241121,7.65,7.65,7.31,7.44,90150.0,67341.403
300212.SZ,20241121,27.48,27.81,26.9,27.44,280319.52,767875.206
300213.SZ,20241121,8.35,8.44,8.2,8.32,238218.0,198066.686
300214.SZ,20241121,6.25,6.64,6.2,6.43,453874.16,291030.058
300215.SZ,20241121,6.4,6.58,6.35,6.53,286255.0,185643.292
300217.SZ,20241121,5.79,6.01,5.7,5.72,1268266.59,737324.954
300218.SZ,20241121,15.99,16.02,15.66,15.85,39353.0,62412.158
300219.SZ,20241121,7.61,7.71,7.52,7.69,183414.0,139919.196
300220.SZ,20241121,12.0,12.98,11.84,12.43,144765.86,179761.804
300221.SZ,20241121,6.24,6.59,6.23,6.46,361340.43,231480.152
300222.SZ,20241121,13.53,14.99,13.28,13.62,2841752.47,3975153.479
300223.SZ,20241121,74.48,75.37,71.0,72.07,152681.64,1121909.45
300224.SZ,20241121,13.08,13.29,12.82,12.97,305781.74,398934.186
300225.SZ,20241121,7.3,7.35,7.18,7.29,67707.0,49224.529
300226.SZ,20241121,25.99,26.25,25.44,25.84,183413.89,471823.135
300227.SZ,20241121,9.57,9.58,9.32,9.48,233236.32,220737.92
300228.SZ,20241121,7.63,7.8,7.52,7.62,413353.0,317010.519
300229.SZ,20241121,17.5,17.97,17.26,17.6,407572.34,716980.393
300230.SZ,20241121,4.96,5.18,4.9,4.97,477367.16,239936.917
300231.SZ,20241121,13.6,13.99,13.0,13.82,967897.59,1308322.651
300232.SZ,20241121,6.93,6.97,6.79,6.92,191809.92,132180.614
300233.SZ,20241121,13.69,13.78,13.47,13.62,54398.2,74149.79
300234.SZ,20241121,5.18,5.35,5.12,5.32,146793.01,77121.188
300235.SZ,20241121,11.22,11.37,10.95,11.15,101303.0,112715.027
300236.SZ,20241121,39.72,40.19,39.03,39.66,53143.96,211241.166
300237.SZ,20241121,2.51,2.54,2.46,2.5,707755.0,176795.013
300238.SZ,20241121,13.37,13.65,13.28,13.57,66326.02,89326.917
300239.SZ,20241121,5.55,5.59,5.45,5.55,102219.0,56462.039
300240.SZ,20241121,7.15,7.46,7.12,7.35,233697.25,170913.305
300241.SZ,20241121,5.66,5.73,5.59,5.7,217874.14,123468.449
300242.SZ,20241121,4.68,4.81,4.55,4.65,648882.69,303292.074
300243.SZ,20241121,12.07,12.46,11.96,12.19,187095.45,228751.158
300244.SZ,20241121,13.39,13.46,13.08,13.25,102054.85,135294.19
300245.SZ,20241121,13.95,14.25,13.52,13.56,546089.27,754511.503
300246.SZ,20241121,7.4,7.49,7.32,7.46,61578.0,45628.797
300247.SZ,20241121,4.03,4.08,3.95,4.0,197011.0,78968.453
300248.SZ,20241121,11.94,12.02,11.34,11.64,481670.2,560870.313
300249.SZ,20241121,9.21,11.16,9.15,11.16,591265.87,642796.164
300250.SZ,20241121,16.27,17.06,15.95,16.7,210370.22,349684.761
300251.SZ,20241121,8.69,8.95,8.65,8.74,353550.06,310910.214
300252.SZ,20241121,9.49,9.75,9.32,9.53,303164.67,288873.959
300253.SZ,20241121,8.08,8.1,7.92,8.05,533971.25,427882.908
300254.SZ,20241121,9.33,9.54,9.25,9.42,77922.54,73112.264
300255.SZ,20241121,20.4,21.2,19.81,21.1,423258.42,870389.916
300256.SZ,20241121,4.86,4.96,4.75,4.85,1060312.38,513911.382
300257.SZ,20241121,9.7,9.75,9.55,9.68,78956.12,76298.596
300258.SZ,20241121,9.52,9.57,9.31,9.45,98514.0,92993.297
300259.SZ,20241121,3.74,3.79,3.7,3.77,156626.97,58702.109
300260.SZ,20241121,27.08,27.36,26.46,26.78,104259.24,280242.606
300261.SZ,20241121,8.17,8.29,8.06,8.18,270587.0,220594.912
300263.SZ,20241121,7.45,7.74,7.34,7.62,366045.46,276499.469
300264.SZ,20241121,7.17,7.9,7.01,7.21,1418800.78,1053182.134
300265.SZ,20241121,8.46,8.74,8.4,8.58,187110.94,161081.383
300266.SZ,20241121,3.38,3.55,3.3,3.33,886335.41,300737.191
300267.SZ,20241121,3.12,3.21,3.1,3.16,501495.78,157307.925
300268.SZ,20241121,8.18,8.33,8.09,8.22,9170.2,7516.194
300269.SZ,20241121,4.84,5.0,4.72,4.92,458886.0,222471.636
300270.SZ,20241121,7.68,8.0,7.53,7.72,161348.0,124779.263
300271.SZ,20241121,8.07,8.18,7.97,8.09,253012.6,204371.009
300272.SZ,20241121,6.6,6.66,6.5,6.59,94680.61,62217.08
300274.SZ,20241121,83.7,84.0,82.0,82.21,262533.85,2172107.543
300275.SZ,20241121,16.5,16.5,15.77,16.12,186622.27,299379.011
300276.SZ,20241121,6.0,6.11,5.88,5.95,1545249.95,924286.584
300277.SZ,20241121,13.85,13.97,13.4,13.45,383831.0,523758.773
300278.SZ,20241121,6.64,6.66,6.33,6.4,985386.47,638383.399
300279.SZ,20241121,6.68,6.79,6.61,6.74,150204.0,100888.837
300280.SZ,20241121,18.51,18.51,17.54,17.99,319315.85,576456.559
300281.SZ,20241121,6.42,6.63,6.37,6.51,184159.0,119210.847
300283.SZ,20241121,6.52,6.77,6.42,6.6,200960.56,133090.743
300284.SZ,20241121,11.8,13.4,11.6,12.24,1102485.75,1361984.21
300285.SZ,20241121,19.38,19.82,19.22,19.5,146659.55,285938.5
300286.SZ,20241121,19.8,19.96,19.41,19.72,41592.12,81952.72
300287.SZ,20241121,5.23,5.27,5.07,5.14,1301527.53,671932.904
300288.SZ,20241121,15.5,15.75,15.21,15.5,142026.0,220390.296
300289.SZ,20241121,5.39,5.55,5.37,5.46,122658.0,66846.191
300290.SZ,20241121,23.01,23.68,22.8,23.15,436959.23,1014756.354
300291.SZ,20241121,5.58,5.72,5.53,5.65,398143.87,223995.904
300292.SZ,20241121,5.32,5.36,5.21,5.3,535135.12,283257.366
300293.SZ,20241121,28.6,29.06,27.73,28.21,210123.0,599767.038
300294.SZ,20241121,32.1,33.17,31.9,32.63,122130.76,397953.237
300295.SZ,20241121,18.81,19.25,18.32,18.84,108874.0,203596.575
300296.SZ,20241121,5.52,5.58,5.41,5.48,548239.17,301500.847
300298.SZ,20241121,25.33,25.5,24.41,24.66,47134.41,117167.014
300299.SZ,20241121,5.6,5.92,5.59,5.71,577153.14,331512.477
300300.SZ,20241121,3.04,3.05,2.97,3.03,230761.87,69531.004
300301.SZ,20241121,1.74,1.76,1.7,1.72,150420.74,25965.242
300302.SZ,20241121,16.33,16.47,16.01,16.29,150822.6,245842.392
300303.SZ,20241121,7.12,7.15,7.02,7.14,465579.23,330626.161
300304.SZ,20241121,8.47,8.72,8.37,8.55,349712.57,298749.528
300305.SZ,20241121,6.45,6.57,6.31,6.46,91204.0,58786.716
300306.SZ,20241121,12.18,12.26,11.97,12.18,40055.42,48656.814
300307.SZ,20241121,7.78,7.98,7.69,7.92,254383.79,199459.571
300308.SZ,20241121,136.01,138.3,131.25,133.8,323285.05,4349951.088
300310.SZ,20241121,11.48,11.86,10.9,11.16,3435555.39,3922958.725
300311.SZ,20241121,7.09,7.5,7.0,7.31,428775.63,310890.64
300313.SZ,20241121,6.64,6.69,6.58,6.6,47239.14,31298.804
300314.SZ,20241121,12.26,12.57,12.2,12.36,33955.0,41931.34
300315.SZ,20241121,5.79,6.15,5.73,5.97,2637449.04,1576517.713
300316.SZ,20241121,36.3,36.95,35.53,35.88,192726.58,699550.936
300317.SZ,20241121,4.41,4.49,4.34,4.43,238214.19,105437.016
300318.SZ,20241121,6.58,6.88,6.58,6.68,326949.43,219503.857
300319.SZ,20241121,13.02,13.05,12.61,12.92,332783.0,428153.933
300320.SZ,20241121,11.1,11.38,10.91,11.1,163089.48,181366.039
300321.SZ,20241121,19.57,19.87,19.03,19.38,24101.0,46859.266
300322.SZ,20241121,16.85,16.96,16.01,16.38,383775.84,632527.568
300323.SZ,20241121,6.45,6.5,6.3,6.4,171544.24,109922.42
300324.SZ,20241121,3.99,4.01,3.88,3.95,772806.12,304518.425
300326.SZ,20241121,6.11,6.13,5.99,6.1,108045.0,65518.786
300327.SZ,20241121,25.88,26.01,25.21,25.72,102221.47,262596.614
300328.SZ,20241121,8.07,8.26,7.91,8.05,215295.91,174500.579
300329.SZ,20241121,6.16,6.35,6.11,6.31,84106.92,52575.884
300331.SZ,20241121,23.86,24.68,23.4,24.12,109710.0,264912.229
300332.SZ,20241121,6.61,6.79,6.43,6.52,232064.23,152830.286
300333.SZ,20241121,11.97,12.01,11.59,11.8,348086.0,409824.523
300334.SZ,20241121,6.83,7.03,6.72,6.82,67842.07,46461.681
300335.SZ,20241121,5.29,5.44,5.25,5.42,281215.0,150664.689
300337.SZ,20241121,15.02,15.54,13.89,14.69,877061.79,1307859.595
300338.SZ,20241121,4.59,4.78,4.46,4.74,287233.02,132004.445
300339.SZ,20241121,63.32,67.01,63.08,64.91,1010083.96,6601450.173
300340.SZ,20241121,12.46,14.74,12.34,13.39,581678.43,807648.346
300341.SZ,20241121,22.0,22.86,21.6,22.22,225274.31,498809.465
300342.SZ,20241121,19.4,19.43,18.69,19.0,344416.53,657078.631
300343.SZ,20241121,7.55,8.26,7.46,7.98,2726426.18,2148377.807
300344.SZ,20241121,5.42,5.6,5.24,5.34,806763.87,433706.718
300345.SZ,20241121,6.79,6.96,6.63,6.72,92562.0,62765.392
300346.SZ,20241121,39.88,40.49,39.41,40.04,236006.24,945559.821
300347.SZ,20241121,65.25,67.33,64.38,64.9,118985.67,776905.566
300348.SZ,20241121,16.43,16.53,15.97,16.12,490198.02,795216.136
300349.SZ,20241121,13.9,14.05,13.6,13.85,112617.67,155732.078
300350.SZ,20241121,6.1,6.26,6.04,6.18,232579.2,142853.042
300351.SZ,20241121,18.49,19.16,18.28,18.9,275933.99,518772.611
300352.SZ,20241121,6.17,6.2,6.02,6.15,640595.65,391570.789
300353.SZ,20241121,13.49,13.72,13.17,13.35,245462.55,329502.681
300354.SZ,20241121,35.11,35.68,34.37,35.06,27140.0,94992.827
300355.SZ,20241121,6.82,7.03,6.53,6.62,1640220.37,1110527.109
300357.SZ,20241121,23.52,23.66,23.13,23.3,59338.75,138720.476
300358.SZ,20241121,8.03,8.19,7.91,8.01,148037.26,119006.142
300359.SZ,20241121,6.26,6.41,6.15,6.31,210312.0,131877.195
300360.SZ,20241121,17.55,17.89,17.36,17.65,104991.95,185241.451
300363.SZ,20241121,18.4,18.58,17.96,18.16,96183.73,175267.083
300364.SZ,20241121,27.4,29.1,27.05,28.07,957152.41,2695834.083
300365.SZ,20241121,6.54,6.72,6.49,6.68,224568.0,148762.462
300366.SZ,20241121,11.7,12.18,11.59,11.93,707871.43,844673.534
300368.SZ,20241121,4.38,4.43,4.35,4.38,130462.0,57182.767
300369.SZ,20241121,8.65,8.9,8.47,8.67,275791.65,238660.611
300370.SZ,20241121,3.07,3.08,2.98,3.03,439408.46,133027.746
300371.SZ,20241121,10.58,10.81,10.54,10.67,42307.1,45177.397
300373.SZ,20241121,46.56,46.92,45.7,46.37,100362.28,466186.464
300374.SZ,20241121,23.12,23.8,22.35,22.86,282775.6,650056.631
300375.SZ,20241121,5.1,5.14,5.03,5.11,173798.5,88605.613
300376.SZ,20241121,3.73,3.75,3.68,3.7,171203.0,63570.658
300377.SZ,20241121,27.7,31.66,27.45,30.55,2084481.71,6233915.741
300378.SZ,20241121,29.78,30.25,28.44,28.68,455168.77,1334151.903
300379.SZ,20241121,19.09,19.17,18.6,18.9,518160.74,977468.117
300380.SZ,20241121,56.71,59.98,56.0,58.0,242454.72,1404568.411
300381.SZ,20241121,7.66,7.78,7.57,7.65,72008.0,55241.107
300382.SZ,20241121,10.18,10.39,9.91,10.16,200855.99,203796.103
300383.SZ,20241121,11.43,11.59,11.26,11.46,451449.71,517277.15
300384.SZ,20241121,17.09,17.09,16.39,16.64,95772.0,160002.094
300385.SZ,20241121,5.35,6.37,5.35,5.94,511611.3,310242.237
300386.SZ,20241121,16.99,18.12,16.55,17.72,527641.08,909577.899
300387.SZ,20241121,8.36,8.57,8.28,8.57,188956.94,159464.069
300388.SZ,20241121,7.35,7.65,7.33,7.53,136858.0,102671.191
300389.SZ,20241121,11.98,12.04,11.73,11.94,46963.0,55933.958
300390.SZ,20241121,28.6,29.33,28.46,28.8,344435.76,993802.227
300391.SZ,20241121,6.65,7.26,6.52,6.98,385364.26,263713.672
300393.SZ,20241121,7.57,7.75,7.37,7.47,206439.02,155317.9
300394.SZ,20241121,118.22,120.29,113.34,114.35,198139.01,2300122.452
300395.SZ,20241121,40.02,40.3,38.83,39.81,63953.0,253778.524
300396.SZ,20241121,16.51,16.74,16.36,16.55,61990.0,102671.113
300397.SZ,20241121,13.02,13.29,12.71,12.96,187678.14,243465.837
300398.SZ,20241121,17.86,17.99,17.33,17.68,256245.93,453266.685
300399.SZ,20241121,21.91,22.16,21.22,21.46,159789.71,344873.396
300400.SZ,20241121,18.23,18.35,17.7,18.08,93592.12,169089.096
300401.SZ,20241121,15.12,15.14,14.77,14.94,156463.0,234032.556
300402.SZ,20241121,16.3,17.0,16.28,16.62,95698.0,160259.536
300403.SZ,20241121,9.26,9.88,9.16,9.53,521085.46,498110.554
300404.SZ,20241121,9.33,9.45,9.16,9.26,79126.8,73401.701
300405.SZ,20241121,5.45,6.47,5.23,5.93,668947.37,379446.772
300406.SZ,20241121,14.86,15.09,14.7,14.85,70018.26,104083.847
300407.SZ,20241121,11.77,12.55,11.67,12.22,149941.03,182373.391
300408.SZ,20241121,36.9,37.13,36.33,36.46,136171.94,497654.186
300409.SZ,20241121,16.68,17.44,16.45,16.82,791648.44,1330649.398
300410.SZ,20241121,6.75,6.84,6.62,6.74,113906.61,76666.559
300411.SZ,20241121,15.61,15.85,15.4,15.53,201550.8,314428.631
300412.SZ,20241121,4.49,4.54,4.41,4.5,134713.6,60344.556
300413.SZ,20241121,28.17,29.05,27.91,28.3,146478.34,415884.82
300414.SZ,20241121,8.73,8.86,8.59,8.74,65216.2,57014.815
300415.SZ,20241121,22.7,23.03,22.48,22.75,51928.65,118247.091
300416.SZ,20241121,12.99,13.66,12.93,13.49,267456.05,358369.737
300417.SZ,20241121,12.43,12.48,12.18,12.3,34161.9,42066.029
300418.SZ,20241121,43.01,45.58,42.57,43.87,936995.74,4112878.829
300419.SZ,20241121,5.47,5.51,5.36,5.43,184623.61,100335.678
300420.SZ,20241121,3.35,3.36,3.22,3.26,418263.95,137156.272
300421.SZ,20241121,11.58,11.69,11.33,11.62,224211.2,258311.812
300422.SZ,20241121,5.12,5.32,5.1,5.2,113376.85,58834.947
300423.SZ,20241121,8.1,8.68,7.98,8.6,288791.74,242448.206
300424.SZ,20241121,18.3,18.62,18.05,18.29,124881.89,229153.843
300425.SZ,20241121,5.63,5.72,5.55,5.65,159616.32,90195.009
300426.SZ,20241121,10.12,11.05,10.03,10.67,293181.5,311500.501
300427.SZ,20241121,7.32,7.41,7.15,7.23,267653.01,194072.026
300428.SZ,20241121,19.0,19.1,18.52,18.75,63226.21,118899.439
300429.SZ,20241121,14.99,15.09,14.62,14.88,263531.37,391660.9
300430.SZ,20241121,15.72,16.11,15.38,15.67,165508.84,260326.48
300432.SZ,20241121,15.11,15.55,14.76,15.3,508543.82,777520.817
300433.SZ,20241121,21.26,21.35,20.73,21.08,422422.8,886603.03
300434.SZ,20241121,9.33,9.37,9.13,9.32,124564.68,115124.579
300435.SZ,20241121,13.56,14.33,13.3,13.57,318797.8,438167.139
300436.SZ,20241121,28.88,28.98,27.89,28.53,42594.0,121160.885
300437.SZ,20241121,12.88,13.98,12.42,12.81,530604.48,697099.045
300438.SZ,20241121,34.6,36.48,34.34,35.42,284391.03,1003249.812
300439.SZ,20241121,11.43,11.53,11.28,11.42,48814.0,55552.142
300440.SZ,20241121,7.4,7.46,7.3,7.45,113315.0,83931.683
300441.SZ,20241121,8.76,8.78,8.58,8.67,117471.81,101775.497
300442.SZ,20241121,32.5,33.08,32.13,32.57,139805.0,456484.676
300443.SZ,20241121,23.99,24.07,23.63,23.84,44084.99,105035.668
300444.SZ,20241121,7.58,7.78,7.5,7.68,358025.17,274092.349
300445.SZ,20241121,17.01,17.09,16.67,16.9,27326.4,46134.151
300446.SZ,20241121,18.08,18.28,17.69,17.98,133662.01,240671.875
300447.SZ,20241121,14.43,14.57,14.16,14.38,37108.4,53432.08
300448.SZ,20241121,6.6,6.64,6.43,6.59,323590.21,211537.197
300449.SZ,20241121,7.38,7.46,7.25,7.4,78186.34,57580.2
300450.SZ,20241121,26.02,26.86,25.43,25.96,987285.4,2569438.935
300451.SZ,20241121,5.34,5.37,5.21,5.3,605912.78,320495.185
300452.SZ,20241121,12.79,12.88,12.7,12.83,32572.32,41695.634
300453.SZ,20241121,8.41,8.49,8.25,8.42,64967.21,54379.124
300454.SZ,20241121,65.81,66.97,64.88,65.77,46011.98,303147.361
300455.SZ,20241121,14.54,14.63,14.11,14.35,126507.3,181867.747
300456.SZ,20241121,20.4,20.4,19.7,19.98,277840.27,555411.667
300457.SZ,20241121,23.87,24.25,23.35,23.72,151257.57,360366.899
300458.SZ,20241121,36.12,36.49,35.4,35.96,205116.13,740021.552
300459.SZ,20241121,5.7,6.91,5.6,6.51,11394571.36,7316397.558
300460.SZ,20241121,15.2,15.61,14.75,15.06,179982.82,273939.265
300461.SZ,20241121,22.18,22.45,21.58,21.77,34607.0,75976.724
300462.SZ,20241121,11.3,11.56,11.16,11.54,180913.88,205714.79
300463.SZ,20241121,14.6,14.71,14.39,14.56,69509.28,100962.614
300464.SZ,20241121,5.66,6.12,5.54,5.8,569115.88,332482.875
300465.SZ,20241121,15.26,15.49,14.86,15.22,383871.5,580084.879
300466.SZ,20241121,8.81,9.01,8.65,8.86,192430.2,169311.092
300467.SZ,20241121,17.8,18.38,17.47,17.77,119178.87,213329.143
300468.SZ,20241121,20.14,21.16,19.88,20.44,444079.09,905597.975
300469.SZ,20241121,32.0,32.12,30.02,30.64,358225.13,1109500.595
300470.SZ,20241121,36.63,36.86,36.23,36.46,21017.23,76764.892
300471.SZ,20241121,10.66,11.47,10.66,11.04,180398.54,199833.115
300472.SZ,20241121,7.98,8.35,7.92,8.16,143663.0,117258.761
300473.SZ,20241121,27.93,27.93,25.63,25.89,331550.86,879956.625
300474.SZ,20241121,87.54,91.85,87.0,89.22,166903.63,1499652.349
300475.SZ,20241121,31.06,31.3,30.31,30.65,147224.87,452985.392
300476.SZ,20241121,41.5,41.69,40.0,40.58,296222.81,1208129.193
300477.SZ,20241121,3.48,3.62,3.46,3.53,407721.72,144423.33
300478.SZ,20241121,10.94,11.29,10.85,10.97,49539.2,54918.54
300479.SZ,20241121,19.22,19.94,19.15,19.8,95101.0,186503.519
300480.SZ,20241121,15.2,15.3,14.7,15.17,71003.31,106798.644
300481.SZ,20241121,16.78,17.06,16.42,16.68,97390.46,163336.639
300482.SZ,20241121,25.67,25.98,25.5,25.9,61782.76,159097.021
300483.SZ,20241121,11.36,11.92,10.91,11.06,207749.86,234843.256
300484.SZ,20241121,27.86,27.86,26.5,27.16,539395.6,1461261.989
300485.SZ,20241121,8.02,8.1,7.87,8.0,35692.0,28436.737
300486.SZ,20241121,7.52,7.52,7.18,7.31,455104.2,333528.336
300487.SZ,20241121,54.1,54.88,53.19,53.62,57363.87,309692.824
300488.SZ,20241121,24.67,25.0,24.15,24.53,22458.09,55055.408
300489.SZ,20241121,74.01,75.9,71.48,72.43,144946.72,1064214.258
300490.SZ,20241121,9.91,10.1,9.6,9.92,283845.86,279884.835
300491.SZ,20241121,16.44,17.76,16.41,17.45,176438.2,305058.86
300492.SZ,20241121,75.52,75.52,73.8,74.58,5648.27,42082.54
300493.SZ,20241121,15.26,15.81,15.15,15.27,474667.28,734248.909
300494.SZ,20241121,12.9,13.83,12.8,13.1,765538.06,1014299.6
300496.SZ,20241121,57.89,58.17,56.25,57.13,129951.49,744909.052
300497.SZ,20241121,11.81,12.04,11.43,11.56,92639.1,108175.515
300498.SZ,20241121,17.89,18.12,17.83,18.0,339431.62,610060.042
300499.SZ,20241121,17.3,17.88,16.84,17.7,352849.83,615128.545
300500.SZ,20241121,12.24,12.75,12.1,12.55,59004.8,73675.382
300501.SZ,20241121,15.01,15.22,14.88,15.11,39705.84,59824.594
300502.SZ,20241121,123.9,127.68,121.81,123.65,299904.55,3725171.046
300503.SZ,20241121,18.68,19.45,18.5,18.89,256646.49,485385.453
300504.SZ,20241121,17.22,17.43,16.66,17.08,59296.0,101262.063
300505.SZ,20241121,19.01,19.09,17.72,18.09,692894.08,1260211.977
300506.SZ,20241121,3.98,4.17,3.91,4.16,130250.51,53012.296
300507.SZ,20241121,6.9,7.32,6.84,7.12,471926.28,333971.393
300508.SZ,20241121,29.18,29.64,28.8,29.27,21238.4,62111.176
300509.SZ,20241121,6.8,6.86,6.7,6.8,56933.58,38657.951
300510.SZ,20241121,4.85,5.0,4.82,4.98,350625.0,172812.434
300511.SZ,20241121,4.01,4.05,3.94,4.01,125670.35,50254.662
300512.SZ,20241121,7.59,7.68,7.47,7.59,34805.5,26388.72
300513.SZ,20241121,9.64,9.92,9.59,9.8,82303.1,80305.654
300514.SZ,20241121,15.09,15.32,14.8,15.07,51944.0,78369.898
300515.SZ,20241121,12.36,12.4,12.03,12.27,37920.0,46436.442
300516.SZ,20241121,36.3,36.79,35.77,36.39,18076.0,65653.372
300517.SZ,20241121,9.55,9.66,9.43,9.59,42317.0,40385.64
300518.SZ,20241121,13.35,13.64,13.06,13.44,58310.4,78310.455
300519.SZ,20241121,14.68,14.84,14.5,14.75,24852.0,36507.232
300520.SZ,20241121,23.99,24.74,23.61,24.03,293405.84,704088.989
300521.SZ,20241121,17.16,20.0,17.08,19.32,161296.44,300958.1
300522.SZ,20241121,12.3,12.41,11.97,12.2,67210.52,81858.827
300523.SZ,20241121,24.34,25.29,24.04,24.5,53403.63,131977.849
300525.SZ,20241121,17.3,17.79,17.15,17.7,151369.76,264884.528
300527.SZ,20241121,9.18,9.19,9.0,9.1,199694.9,181654.712
300528.SZ,20241121,9.42,9.86,9.4,9.54,150255.9,145595.882
300529.SZ,20241121,31.3,31.45,30.85,31.3,46176.0,143890.817
300530.SZ,20241121,22.05,22.98,21.51,21.66,57393.5,126329.432
300531.SZ,20241121,17.05,17.3,16.68,16.9,182323.36,309674.649
300532.SZ,20241121,11.98,12.5,11.85,12.45,382837.73,469138.684
300533.SZ,20241121,21.78,22.78,21.61,21.81,158066.53,349312.452
300534.SZ,20241121,9.49,9.69,9.39,9.56,113059.5,107561.603
300535.SZ,20241121,15.15,15.28,15.02,15.25,20527.67,31166.515
300536.SZ,20241121,7.36,7.41,7.17,7.23,64394.0,46679.798
300537.SZ,20241121,23.45,24.3,22.6,23.03,469996.65,1089210.529
300538.SZ,20241121,17.52,17.72,17.06,17.33,49929.61,86919.953
300539.SZ,20241121,12.98,13.37,12.6,12.8,125914.01,161649.511
300540.SZ,20241121,25.2,26.26,25.09,25.66,47740.5,123130.723
300541.SZ,20241121,13.0,13.18,12.72,12.95,260963.97,337779.362
300542.SZ,20241121,25.4,25.76,25.11,25.49,127297.81,324236.746
300543.SZ,20241121,10.2,10.37,10.05,10.37,100136.34,102535.63
300545.SZ,20241121,36.28,36.53,35.58,36.2,88500.02,318713.566
300546.SZ,20241121,18.62,19.45,18.16,19.13,204582.3,384587.36
300547.SZ,20241121,21.08,21.57,20.61,20.92,119746.25,252323.51
300548.SZ,20241121,23.59,24.0,23.1,23.59,88556.7,209078.301
300549.SZ,20241121,18.04,18.68,17.78,18.48,70955.0,130133.043
300550.SZ,20241121,15.21,15.28,14.65,14.79,60923.43,90809.279
300551.SZ,20241121,13.55,13.66,13.1,13.26,262411.07,350960.816
300552.SZ,20241121,35.81,37.58,35.75,36.97,98299.4,363344.182
300553.SZ,20241121,28.62,29.1,28.11,28.69,14570.3,41731.625
300554.SZ,20241121,25.2,25.47,24.44,24.83,59122.0,147489.821
300555.SZ,20241121,7.23,7.42,7.16,7.27,41668.0,30229.07
300556.SZ,20241121,20.56,20.8,20.13,20.4,75721.32,155266.607
300557.SZ,20241121,29.93,30.3,29.41,29.95,15555.8,46532.988
300558.SZ,20241121,52.36,55.08,51.36,53.1,144475.43,776234.18
300559.SZ,20241121,11.9,12.2,11.7,12.0,86847.71,103408.636
300560.SZ,20241121,15.86,16.16,15.51,15.76,74956.3,118646.976
300561.SZ,20241121,29.58,33.88,29.03,31.85,800371.4,2484643.577
300562.SZ,20241121,14.77,15.42,14.57,15.04,291700.85,438362.716
300563.SZ,20241121,50.0,51.51,49.3,50.65,127380.0,641373.391
300564.SZ,20241121,17.24,18.13,17.02,17.4,67110.57,117638.149
300565.SZ,20241121,14.46,14.64,14.0,14.25,107828.17,154506.323
300566.SZ,20241121,18.3,18.44,17.83,18.13,90149.26,163536.608
300567.SZ,20241121,72.5,75.58,71.72,72.88,76853.38,566790.525
300568.SZ,20241121,11.89,12.42,11.85,11.95,644330.54,780686.246
300569.SZ,20241121,5.4,5.44,5.3,5.36,122912.09,66018.247
300570.SZ,20241121,70.3,71.57,68.5,69.6,116155.11,810928.139
300571.SZ,20241121,27.0,27.21,26.4,26.94,35731.85,96073.12
300572.SZ,20241121,18.9,19.16,18.3,18.46,92129.68,171496.803
300573.SZ,20241121,85.08,85.68,84.07,84.84,43256.05,366873.506
300575.SZ,20241121,6.94,7.37,6.83,7.27,407854.33,288207.695
300576.SZ,20241121,52.07,52.43,50.61,51.62,135283.18,699722.342
300577.SZ,20241121,21.77,21.95,21.5,21.64,8907.0,19294.076
300578.SZ,20241121,21.75,22.15,21.56,21.83,79835.0,174710.322
300579.SZ,20241121,28.43,28.78,28.18,28.56,42158.7,120059.828
300580.SZ,20241121,21.01,22.14,20.79,21.03,310206.6,663824.911
300581.SZ,20241121,13.07,13.18,12.75,13.05,240467.19,311585.326
300582.SZ,20241121,11.77,13.59,11.74,12.84,300613.15,384753.536
300583.SZ,20241121,25.9,26.05,24.48,24.71,76711.0,192645.911
300584.SZ,20241121,23.78,24.23,23.41,23.83,61945.0,147037.899
300585.SZ,20241121,15.18,15.37,14.88,15.22,52133.0,79103.008
300586.SZ,20241121,8.8,9.0,8.55,8.62,292344.14,254599.207
300587.SZ,20241121,4.89,4.97,4.81,4.89,170185.45,82887.352
300588.SZ,20241121,15.0,16.23,14.73,15.78,166979.8,261155.618
300589.SZ,20241121,13.26,13.34,13.0,13.16,46566.2,61415.068
300590.SZ,20241121,14.79,14.79,14.39,14.69,131397.93,192016.583
300591.SZ,20241121,5.05,5.12,4.95,5.08,226356.0,113891.947
300592.SZ,20241121,14.01,15.0,14.0,14.23,408133.34,593557.834
300593.SZ,20241121,12.52,12.67,12.24,12.44,81091.59,100985.055
300594.SZ,20241121,19.38,19.6,19.09,19.45,32284.0,62491.204
300595.SZ,20241121,19.59,19.71,19.22,19.43,75117.25,145933.856
300596.SZ,20241121,29.23,29.54,28.83,29.06,37200.83,108624.758
300597.SZ,20241121,9.41,9.45,9.17,9.38,111540.0,104241.753
300598.SZ,20241121,58.38,60.47,57.71,58.93,127446.56,755865.473
300599.SZ,20241121,7.7,7.85,7.49,7.6,47007.0,35870.686
300600.SZ,20241121,7.32,7.4,7.15,7.21,43252.0,31501.085
300601.SZ,20241121,19.05,19.41,18.84,19.05,114871.05,219544.643
300602.SZ,20241121,19.75,20.24,19.3,20.0,196683.33,388948.349
300603.SZ,20241121,9.76,11.48,9.65,10.45,500579.41,526916.476
300604.SZ,20241121,48.18,50.0,47.91,49.05,324361.12,1596151.225
300605.SZ,20241121,13.01,13.28,12.92,13.17,34407.74,45150.286
300606.SZ,20241121,22.44,22.47,21.85,22.22,56149.15,124458.432
300607.SZ,20241121,30.53,32.95,28.93,32.08,1582416.52,4926407.338
300608.SZ,20241121,12.7,12.94,12.4,12.61,174372.01,220076.199
300609.SZ,20241121,27.67,28.63,27.39,27.89,49416.0,138947.511
300610.SZ,20241121,10.77,10.92,10.59,10.69,121690.59,130611.913
300611.SZ,20241121,11.01,11.09,10.8,10.96,43422.0,47688.645
300612.SZ,20241121,17.31,18.07,17.28,17.5,183262.3,323047.514
300613.SZ,20241121,47.96,48.85,47.01,47.8,47350.93,227327.89
300614.SZ,20241121,12.02,12.29,11.64,11.9,95849.57,114413.029
300615.SZ,20241121,12.43,12.51,12.15,12.36,39742.0,49059.04
300616.SZ,20241121,13.82,13.97,13.55,13.76,63875.99,88015.261
300617.SZ,20241121,29.01,29.55,28.53,28.94,20693.46,60130.658
300618.SZ,20241121,39.89,40.39,39.14,39.89,94229.65,374881.806
300619.SZ,20241121,28.72,29.22,27.96,28.45,26800.3,76745.958
300620.SZ,20241121,47.59,48.18,46.85,47.63,49732.07,237008.518
300621.SZ,20241121,11.11,11.17,10.8,10.97,74740.0,82100.672
300622.SZ,20241121,43.0,43.24,40.2,41.11,257900.45,1064987.423
300623.SZ,20241121,36.27,36.96,36.04,36.39,261598.82,955231.712
300624.SZ,20241121,61.0,62.92,60.22,61.28,175211.91,1077715.361
300625.SZ,20241121,12.3,12.3,11.86,12.22,17381.0,21205.455
300626.SZ,20241121,10.12,10.22,9.92,10.02,48550.0,48787.821
300627.SZ,20241121,38.29,38.49,37.16,37.73,92140.69,348744.717
300628.SZ,20241121,38.86,39.05,38.42,38.72,61992.64,240200.617
300629.SZ,20241121,22.88,23.15,22.59,22.82,80240.9,183221.779
300630.SZ,20241121,10.87,10.95,10.68,10.83,184852.0,199320.431
300631.SZ,20241121,24.0,25.05,23.96,24.32,32486.0,79693.829
300632.SZ,20241121,12.46,12.58,12.31,12.49,47315.0,58934.019
300633.SZ,20241121,36.99,37.9,35.92,36.28,48297.0,177848.68
300634.SZ,20241121,22.41,22.67,21.75,22.2,341684.56,758883.654
300635.SZ,20241121,11.49,11.77,11.3,11.38,101071.0,116021.402
300636.SZ,20241121,8.63,8.88,8.54,8.73,88444.54,77090.689
300637.SZ,20241121,11.47,11.68,11.19,11.35,100532.0,114980.394
300638.SZ,20241121,17.91,18.09,17.52,17.8,224485.75,400052.218
300639.SZ,20241121,7.05,7.24,6.88,6.96,371103.32,260557.469
300640.SZ,20241121,5.57,5.87,5.5,5.78,232756.44,133195.721
300641.SZ,20241121,25.0,25.8,24.64,25.15,229948.34,576706.685
300642.SZ,20241121,16.8,17.23,16.45,16.65,100019.92,167368.529
300643.SZ,20241121,13.62,13.9,13.36,13.52,59460.0,80833.516
300644.SZ,20241121,23.32,24.28,23.3,24.01,108894.91,259395.337
300645.SZ,20241121,17.05,17.16,16.5,16.78,87750.86,148029.277
300647.SZ,20241121,7.51,7.74,7.43,7.54,271479.91,206265.94
300648.SZ,20241121,28.4,28.87,27.7,28.1,41607.0,117489.889
300649.SZ,20241121,12.59,12.77,12.38,12.58,32233.0,40618.055
300650.SZ,20241121,12.28,12.46,12.07,12.33,78725.39,96932.397
300651.SZ,20241121,14.17,14.32,14.04,14.21,19934.1,28290.003
300652.SZ,20241121,31.0,31.06,29.01,29.2,100287.66,298188.236
300653.SZ,20241121,22.76,22.77,22.26,22.5,19049.75,42897.975
300654.SZ,20241121,11.85,12.29,11.69,11.95,554590.35,664322.206
300655.SZ,20241121,10.89,11.09,10.7,10.88,495605.81,540872.446
300656.SZ,20241121,29.51,30.06,28.55,29.2,57399.21,167971.981
300657.SZ,20241121,21.43,23.5,21.37,22.28,532830.02,1197772.198
300658.SZ,20241121,5.63,5.96,5.62,5.85,155019.2,89485.602
300659.SZ,20241121,20.44,21.56,20.14,20.99,141312.99,295686.474
300660.SZ,20241121,32.78,32.79,31.69,32.27,143986.52,464454.552
300661.SZ,20241121,88.9,91.29,88.71,89.67,42955.04,386433.254
300662.SZ,20241121,23.1,23.15,22.06,22.39,64967.65,146315.989
300663.SZ,20241121,21.13,21.74,20.96,21.24,272310.33,581074.403
300664.SZ,20241121,5.28,5.39,5.25,5.31,217823.02,116017.622
300665.SZ,20241121,6.93,7.05,6.8,6.91,45867.1,31750.861
300666.SZ,20241121,74.0,76.8,73.5,75.74,117406.59,885001.106
300667.SZ,20241121,19.73,19.98,19.02,19.43,49425.9,96587.046
300668.SZ,20241121,21.75,22.29,21.45,21.81,24745.0,53893.717
300669.SZ,20241121,21.5,21.79,21.14,21.41,12615.5,27027.702
300670.SZ,20241121,6.78,6.93,6.7,6.87,97749.5,66805.312
300671.SZ,20241121,39.2,39.58,38.29,38.97,57638.18,225136.175
300672.SZ,20241121,67.84,68.66,66.73,67.99,50086.03,340391.727
300673.SZ,20241121,15.5,15.72,15.4,15.5,36986.16,57494.987
300674.SZ,20241121,22.21,22.35,21.83,22.07,270207.78,597533.54
300675.SZ,20241121,15.3,15.44,15.09,15.29,38446.0,58639.332
300676.SZ,20241121,46.9,47.17,46.15,46.78,33189.93,154795.794
300677.SZ,20241121,28.08,28.2,27.42,27.71,159763.85,443603.396
300678.SZ,20241121,40.0,40.48,39.07,39.66,179715.5,718815.88
300679.SZ,20241121,51.47,51.83,49.8,51.5,85445.56,435885.364
300680.SZ,20241121,25.95,26.72,25.32,26.41,110102.95,286406.104
300681.SZ,20241121,23.5,23.89,22.8,23.13,111111.55,258858.49
300682.SZ,20241121,14.16,14.43,13.89,14.28,184045.7,260997.503
300683.SZ,20241121,28.43,28.46,27.82,28.13,11559.0,32495.99
300684.SZ,20241121,22.6,22.96,21.68,22.2,226832.48,503737.672
300685.SZ,20241121,26.37,26.56,25.75,26.0,36287.48,94765.724
300686.SZ,20241121,9.54,9.83,9.45,9.72,100176.88,96886.704
300687.SZ,20241121,19.54,19.55,18.88,19.09,195658.84,375735.95
300688.SZ,20241121,29.9,30.78,29.54,30.08,95408.96,286502.659
300689.SZ,20241121,27.93,29.5,27.82,28.72,17872.7,51433.768
300690.SZ,20241121,24.66,24.85,24.05,24.44,55139.79,135098.717
300691.SZ,20241121,20.27,21.3,19.95,20.85,152075.54,312884.315
300692.SZ,20241121,6.52,6.74,6.37,6.46,114841.35,75319.996
300693.SZ,20241121,24.91,25.38,24.72,24.93,80683.87,202293.702
300694.SZ,20241121,18.0,21.39,17.5,18.9,770679.17,1499051.727
300695.SZ,20241121,43.56,44.99,42.96,43.36,10251.86,45194.658
300696.SZ,20241121,17.18,17.43,16.88,17.11,51132.93,87702.22
300697.SZ,20241121,12.05,12.4,11.97,12.18,53312.68,64989.273
300698.SZ,20241121,39.57,39.57,38.09,38.59,26766.0,103871.6
300699.SZ,20241121,35.47,35.67,34.81,35.47,86401.65,304950.563
300700.SZ,20241121,8.57,8.65,8.4,8.54,83411.9,71144.365
300701.SZ,20241121,10.16,10.25,9.93,10.15,44615.0,45065.059
300702.SZ,20241121,17.24,17.39,17.07,17.24,30481.63,52465.354
300703.SZ,20241121,9.99,10.8,9.99,10.3,168791.75,174444.801
300705.SZ,20241121,24.87,25.35,24.44,24.77,46226.48,115014.291
300706.SZ,20241121,24.78,25.98,24.52,25.28,80461.0,205184.066
300707.SZ,20241121,16.21,16.39,15.99,16.11,117070.0,188958.058
300708.SZ,20241121,11.8,12.38,11.6,12.23,416150.81,503628.512
300709.SZ,20241121,41.0,41.27,39.95,40.74,79064.32,321134.143
300710.SZ,20241121,20.05,20.23,19.57,19.96,25801.9,51437.349
300711.SZ,20241121,20.19,20.56,19.7,20.05,70612.2,142049.197
300712.SZ,20241121,28.0,28.87,27.63,28.0,75426.03,212946.417
300713.SZ,20241121,18.83,22.7,18.8,19.91,261692.3,533804.307
300715.SZ,20241121,7.51,7.61,7.41,7.54,22970.0,17290.233
300716.SZ,20241121,13.05,13.3,12.65,12.95,68517.2,89084.917
300717.SZ,20241121,15.8,16.04,15.78,16.01,17764.91,28318.024
300718.SZ,20241121,18.56,19.55,18.4,18.91,95545.02,181449.368
300719.SZ,20241121,20.02,20.12,19.48,19.8,74709.01,148067.321
300720.SZ,20241121,18.66,18.94,18.22,18.6,43245.59,80101.504
300721.SZ,20241121,14.65,15.24,14.62,14.89,83012.24,123593.552
300722.SZ,20241121,29.76,30.43,29.41,29.87,56698.46,169845.267
300723.SZ,20241121,17.85,18.04,17.46,17.66,87468.75,154710.245
300724.SZ,20241121,72.72,73.89,70.67,71.57,125711.76,907977.272
300725.SZ,20241121,36.27,36.89,35.88,36.35,47498.42,172726.454
300726.SZ,20241121,32.15,32.47,31.4,31.91,42377.01,135466.164
300727.SZ,20241121,27.79,28.59,27.68,28.2,34019.6,95496.756
300729.SZ,20241121,16.95,17.0,16.51,16.69,69116.78,115666.802
300730.SZ,20241121,13.75,13.92,13.54,13.8,101416.25,139307.452
300731.SZ,20241121,20.92,22.0,20.5,21.83,105727.63,224855.091
300732.SZ,20241121,7.99,8.16,7.83,7.94,136367.64,108970.312
300733.SZ,20241121,12.02,12.11,11.71,11.9,51248.2,61183.623
300735.SZ,20241121,35.78,36.99,34.68,34.9,490562.36,1753458.053
300736.SZ,20241121,10.69,10.8,10.34,10.52,65983.58,69456.643
300737.SZ,20241121,5.52,5.57,5.39,5.43,151802.78,82830.883
300738.SZ,20241121,13.0,13.26,12.63,13.26,779617.48,1012632.181
300739.SZ,20241121,14.29,14.51,14.1,14.34,80306.5,115180.428
300740.SZ,20241121,12.92,13.03,12.72,12.86,50892.33,65575.701
300741.SZ,20241121,18.07,18.26,17.95,18.11,16378.0,29655.926
300743.SZ,20241121,16.55,16.7,16.11,16.4,54496.57,89666.775
300745.SZ,20241121,18.27,18.85,18.17,18.38,39625.71,73173.511
300746.SZ,20241121,14.2,14.35,14.05,14.25,56845.0,80785.532
300747.SZ,20241121,21.32,21.75,21.08,21.47,135085.77,288883.481
300748.SZ,20241121,19.65,19.87,19.19,19.44,287027.31,560371.437
300749.SZ,20241121,6.85,6.94,6.77,6.86,37119.0,25450.547
300750.SZ,20241121,265.66,271.43,263.66,268.26,205508.27,5510533.65
300751.SZ,20241121,139.14,140.14,130.31,131.96,35126.9,471249.883
300752.SZ,20241121,20.72,21.0,19.92,20.4,135440.0,277342.089
300753.SZ,20241121,14.66,14.77,14.32,14.62,28248.39,41176.968
300755.SZ,20241121,18.22,18.7,17.97,18.18,62725.2,114295.35
300756.SZ,20241121,15.35,15.88,15.28,15.56,30257.0,47098.131
300757.SZ,20241121,188.0,210.5,187.0,208.0,93451.31,1868733.004
300758.SZ,20241121,13.15,13.73,13.03,13.19,124685.85,166785.122
300759.SZ,20241121,28.56,28.78,28.05,28.38,223644.58,633278.045
300760.SZ,20241121,274.03,275.61,270.57,272.01,31823.09,867622.565
300761.SZ,20241121,20.98,21.35,20.69,20.85,71035.18,148538.918
300762.SZ,20241121,28.0,28.08,26.58,27.4,735999.55,2007279.053
300763.SZ,20241121,72.01,72.65,69.8,70.49,78692.5,558481.87
300765.SZ,20241121,28.0,28.7,27.46,27.74,143416.84,402045.995
300766.SZ,20241121,15.21,15.65,14.91,15.33,268466.07,410021.087
300767.SZ,20241121,11.22,11.43,11.11,11.22,59247.82,66851.774
300768.SZ,20241121,19.75,19.75,19.12,19.5,72775.08,141699.372
300769.SZ,20241121,44.11,45.28,43.59,44.25,141318.96,627998.009
300770.SZ,20241121,43.7,44.0,42.97,43.46,39720.98,172537.398
300771.SZ,20241121,11.39,11.5,11.25,11.47,56456.98,64360.651
300772.SZ,20241121,13.37,13.44,13.06,13.23,98483.27,130518.778
300773.SZ,20241121,20.59,20.81,20.25,20.55,203211.37,417553.513
300774.SZ,20241121,9.44,9.85,9.34,9.51,59922.0,57342.949
300775.SZ,20241121,25.55,25.89,25.3,25.65,96400.46,246716.685
300776.SZ,20241121,77.88,79.4,74.54,75.49,54691.72,418351.551
300777.SZ,20241121,29.12,29.5,28.78,29.06,52191.11,152012.253
300778.SZ,20241121,12.24,12.48,12.01,12.26,60337.11,74122.424
300779.SZ,20241121,92.92,93.0,89.0,89.5,24330.08,221169.771
300780.SZ,20241121,18.96,19.1,18.11,18.53,166878.89,308524.046
300781.SZ,20241121,65.46,68.29,65.4,66.02,85655.73,570414.823
300782.SZ,20241121,95.44,96.19,94.32,95.25,66846.92,638366.149
300783.SZ,20241121,30.43,31.14,30.28,30.63,101193.4,310170.926
300784.SZ,20241121,61.5,69.5,60.5,66.94,35502.0,234401.117
300785.SZ,20241121,29.7,31.14,28.92,29.98,248133.78,743648.7
300786.SZ,20241121,16.18,16.5,15.65,16.25,134276.1,216017.213
300787.SZ,20241121,15.3,15.36,14.68,15.13,185566.27,278900.006
300788.SZ,20241121,31.32,32.11,30.81,31.39,69648.52,219426.24
300789.SZ,20241121,16.02,16.31,15.93,16.2,28847.77,46593.388
300790.SZ,20241121,17.26,17.26,16.56,16.96,175567.58,297069.377
300791.SZ,20241121,27.31,27.31,26.82,27.14,19655.42,53247.556
300792.SZ,20241121,21.29,22.05,21.08,21.65,74415.55,160797.701
300793.SZ,20241121,17.45,17.48,16.77,17.15,234206.36,401053.34
300795.SZ,20241121,17.53,17.83,17.35,17.64,21593.25,38024.408
300796.SZ,20241121,11.36,11.36,10.91,10.98,129902.52,144072.297
300797.SZ,20241121,12.99,13.15,12.77,12.92,46255.0,59821.294
300798.SZ,20241121,7.31,7.8,7.22,7.49,163713.91,123062.306
300800.SZ,20241121,11.25,11.74,11.08,11.23,36602.5,41348.971
300801.SZ,20241121,19.28,20.4,19.16,20.14,166396.94,327893.02
300802.SZ,20241121,18.35,18.6,18.01,18.48,59897.07,110099.018
300803.SZ,20241121,92.91,98.38,92.5,95.16,277780.65,2649103.071
300804.SZ,20241121,25.35,26.92,25.18,26.06,22671.45,59235.38
300805.SZ,20241121,9.15,9.68,9.15,9.36,206196.0,193824.012
300806.SZ,20241121,13.02,13.66,12.8,13.22,123655.66,162910.655
300807.SZ,20241121,34.77,36.3,34.3,35.52,45388.08,160391.639
300808.SZ,20241121,24.9,25.39,24.31,25.32,27796.0,69188.445
300809.SZ,20241121,24.5,25.28,24.24,24.61,45507.72,112259.758
300810.SZ,20241121,21.35,21.81,21.1,21.5,17145.5,36849.938
300811.SZ,20241121,49.1,50.71,48.51,49.57,56010.12,278013.488
300812.SZ,20241121,26.15,26.93,25.77,26.26,46533.7,122678.694
300813.SZ,20241121,22.77,22.99,22.36,22.62,16499.29,37365.353
300814.SZ,20241121,31.57,31.99,30.9,31.57,25020.31,79006.582
300815.SZ,20241121,16.16,16.5,15.95,16.15,58023.04,93987.159
300816.SZ,20241121,24.42,24.64,23.81,24.23,11873.0,28882.398
300817.SZ,20241121,13.75,13.86,13.55,13.73,33111.17,45430.38
300818.SZ,20241121,28.31,29.36,28.15,29.2,16445.88,47223.618
300819.SZ,20241121,14.12,14.21,13.83,14.03,39067.98,54575.456
300820.SZ,20241121,60.0,61.49,58.88,58.94,66672.24,402059.903
300821.SZ,20241121,8.91,9.13,8.81,8.94,191671.0,172077.898
300822.SZ,20241121,13.13,15.82,13.12,15.82,222370.06,342425.968
300823.SZ,20241121,15.75,16.6,15.48,16.01,145197.48,230608.927
300824.SZ,20241121,10.24,10.69,10.03,10.09,198627.45,204402.702
300825.SZ,20241121,13.62,14.2,13.31,13.38,523482.18,713890.447
300826.SZ,20241121,17.4,17.95,17.17,17.45,72620.19,128016.144
300827.SZ,20241121,49.2,50.0,47.37,48.84,84061.14,410919.147
300828.SZ,20241121,14.16,14.28,14.0,14.26,31832.5,45110.079
300829.SZ,20241121,16.75,16.99,16.6,16.82,18747.3,31488.888
300830.SZ,20241121,7.99,8.49,7.91,8.19,143373.23,116916.114
300831.SZ,20241121,15.98,17.0,15.92,16.69,274746.03,455734.285
300832.SZ,20241121,63.48,64.23,62.77,63.37,61099.99,387960.205
300833.SZ,20241121,43.97,45.14,43.01,43.59,42885.28,188177.442
300834.SZ,20241121,20.8,20.94,20.64,20.93,8754.0,18262.708
300835.SZ,20241121,32.56,33.0,31.9,32.49,37083.1,120475.94
300836.SZ,20241121,50.0,53.77,49.31,52.22,23375.16,122260.883
300837.SZ,20241121,22.3,22.46,22.11,22.36,7774.0,17349.815
300838.SZ,20241121,13.25,13.43,13.15,13.37,22964.0,30550.032
300839.SZ,20241121,7.72,7.77,7.45,7.57,56572.29,42922.147
300840.SZ,20241121,24.0,24.92,20.85,20.85,942506.78,2100149.537
300841.SZ,20241121,57.99,58.35,57.11,57.69,24935.37,143929.368
300842.SZ,20241121,48.2,51.5,47.91,49.5,107700.09,531799.412
300843.SZ,20241121,31.0,31.28,30.1,30.78,59478.83,182703.363
300844.SZ,20241121,31.59,33.14,31.49,32.98,25716.46,83247.508
300845.SZ,20241121,14.32,14.39,14.05,14.29,39663.14,56510.158
300846.SZ,20241121,14.0,14.51,13.8,14.16,484342.51,684011.852
300847.SZ,20241121,18.55,18.55,18.04,18.34,59079.23,108379.565
300848.SZ,20241121,20.17,20.2,19.58,19.88,35020.65,69688.288
300849.SZ,20241121,12.94,13.09,12.88,13.02,22695.5,29524.443
300850.SZ,20241121,25.3,25.37,24.34,24.61,58977.4,146017.641
300851.SZ,20241121,29.0,29.13,28.55,28.8,11453.0,33083.444
300852.SZ,20241121,26.81,26.86,26.06,26.47,19560.84,51861.787
300853.SZ,20241121,18.95,19.19,18.19,18.49,72398.2,134615.863
300854.SZ,20241121,13.67,13.87,13.5,13.73,19892.0,27207.275
300855.SZ,20241121,25.12,25.47,24.86,25.17,36751.92,92207.147
300856.SZ,20241121,26.96,26.97,26.65,26.82,36005.61,96595.662
300857.SZ,20241121,87.65,90.49,86.81,88.36,90313.35,800954.115
300858.SZ,20241121,15.4,15.58,15.3,15.47,19803.59,30599.178
300859.SZ,20241121,40.0,40.88,39.62,39.9,41240.0,164775.3
300860.SZ,20241121,25.33,26.49,25.24,26.17,55605.4,143414.146
300861.SZ,20241121,25.07,26.03,24.91,25.17,87492.23,223137.8
300862.SZ,20241121,31.01,32.25,30.4,31.45,71119.5,221828.427
300863.SZ,20241121,44.49,44.88,43.88,43.97,29611.72,131220.638
300864.SZ,20241121,22.45,23.16,22.31,22.79,18971.17,43157.368
300865.SZ,20241121,29.2,29.87,29.01,29.4,26500.68,78015.676
300866.SZ,20241121,83.3,85.58,83.0,84.8,36808.09,311947.733
300867.SZ,20241121,14.17,14.38,14.1,14.23,29357.5,41807.343
300868.SZ,20241121,30.12,30.3,29.42,29.59,27859.0,82997.088
300869.SZ,20241121,16.03,16.08,15.72,15.89,41113.88,65329.8
300870.SZ,20241121,73.66,75.45,71.01,75.45,73135.24,534186.956
300871.SZ,20241121,11.71,11.84,11.5,11.61,16690.0,19477.132
300872.SZ,20241121,15.62,15.83,15.36,15.61,124874.9,195373.097
300873.SZ,20241121,17.69,17.87,17.55,17.76,26267.2,46463.266
300875.SZ,20241121,35.0,37.58,35.0,36.33,109126.8,397963.283
300876.SZ,20241121,24.4,25.47,24.0,25.28,39517.65,98163.717
300877.SZ,20241121,15.44,15.8,15.28,15.8,16264.5,25238.576
300878.SZ,20241121,19.46,19.67,19.02,19.26,41799.54,80467.276
300879.SZ,20241121,15.23,15.6,15.12,15.41,66869.86,102696.222
300880.SZ,20241121,22.33,23.8,22.22,23.46,104528.8,242378.009
300881.SZ,20241121,32.95,34.15,32.8,33.38,24037.88,80564.512
300882.SZ,20241121,15.76,16.26,15.68,15.96,64141.05,102428.246
300883.SZ,20241121,5.5,5.63,5.49,5.6,63607.9,35372.613
300884.SZ,20241121,11.17,11.41,10.98,11.22,69494.5,77773.38
300885.SZ,20241121,11.8,12.25,11.7,11.94,82836.39,99276.294
300886.SZ,20241121,21.49,21.78,21.09,21.5,8198.27,17629.069
300887.SZ,20241121,9.41,10.43,9.4,9.56,674385.02,659510.897
300888.SZ,20241121,35.45,35.65,34.71,35.21,46708.2,164063.498
300889.SZ,20241121,13.79,14.35,13.72,13.99,56230.08,79047.172
300890.SZ,20241121,37.39,38.19,36.3,37.13,182031.06,675003.255
300891.SZ,20241121,9.54,9.83,9.4,9.53,94452.0,90569.936
300892.SZ,20241121,39.72,43.18,38.8,40.81,88975.18,362619.77
300893.SZ,20241121,32.0,32.0,31.18,31.49,11409.77,36005.231
300894.SZ,20241121,14.14,14.53,13.98,14.15,102278.21,145433.471
300895.SZ,20241121,34.34,35.51,34.04,34.69,46219.24,160425.888
300896.SZ,20241121,213.13,215.47,210.31,213.7,27506.43,586023.852
300897.SZ,20241121,23.0,23.55,22.89,23.18,13243.32,30720.502
300898.SZ,20241121,22.11,22.76,21.9,22.2,39773.52,88749.816
300899.SZ,20241121,24.0,24.68,23.9,24.31,30684.28,74498.141
300900.SZ,20241121,22.8,23.23,22.44,23.0,99526.99,228830.288
300901.SZ,20241121,12.58,13.24,12.2,12.89,69060.0,88857.932
300902.SZ,20241121,19.15,19.31,18.65,18.92,34066.81,64651.329
300903.SZ,20241121,8.96,9.07,8.76,8.93,110048.31,98338.557
300904.SZ,20241121,63.44,72.72,62.0,72.72,110114.46,765672.33
300905.SZ,20241121,30.76,31.4,29.78,30.16,84927.72,259615.605
300906.SZ,20241121,23.99,24.51,23.99,24.3,12281.0,29776.812
300907.SZ,20241121,23.0,23.14,22.45,22.98,34052.15,77635.289
300908.SZ,20241121,32.09,32.87,31.48,32.3,27823.98,89492.085
300909.SZ,20241121,25.58,25.58,24.86,25.22,50604.88,127262.92
300910.SZ,20241121,46.07,48.78,45.81,47.88,53638.1,255831.849
300911.SZ,20241121,26.9,27.7,26.33,26.49,28490.37,76513.321
300912.SZ,20241121,13.39,13.45,13.02,13.3,53004.14,70248.607
300913.SZ,20241121,33.8,34.11,33.06,33.76,35615.97,120067.834
300915.SZ,20241121,32.51,33.4,32.1,32.63,9593.48,31295.791
300916.SZ,20241121,30.73,30.73,29.98,30.23,34012.27,102873.756
300917.SZ,20241121,59.18,60.44,58.68,59.6,85767.01,509145.482
300918.SZ,20241121,11.61,11.82,11.36,11.5,25967.32,29924.589
300919.SZ,20241121,41.34,42.0,40.88,41.34,67743.92,280394.046
300920.SZ,20241121,18.82,20.49,18.61,19.49,23361.03,45428.253
300921.SZ,20241121,23.61,24.9,23.31,24.53,119936.87,292913.645
300922.SZ,20241121,15.65,15.84,15.4,15.78,34186.6,53729.971
300923.SZ,20241121,22.3,22.55,22.02,22.47,18849.0,42092.845
300925.SZ,20241121,26.3,26.8,25.81,26.04,343107.73,898710.179
300926.SZ,20241121,22.44,22.7,22.16,22.41,54062.18,121464.733
300927.SZ,20241121,19.34,20.11,19.33,19.53,37871.4,74570.92
300928.SZ,20241121,37.63,38.16,36.47,37.01,25705.0,95678.937
300929.SZ,20241121,9.82,10.05,9.7,9.81,27967.6,27554.527
300930.SZ,20241121,32.4,32.8,29.71,30.29,84151.05,258905.452
300931.SZ,20241121,7.1,7.14,6.97,7.08,31461.0,22212.778
300932.SZ,20241121,14.12,14.8,14.01,14.8,99953.95,143782.201
300933.SZ,20241121,6.94,7.14,6.91,7.13,142053.68,99913.419
300935.SZ,20241121,21.96,22.36,21.66,22.08,19338.35,42566.841
300936.SZ,20241121,46.0,49.5,46.0,48.26,41226.55,197924.942
300937.SZ,20241121,29.45,30.3,28.8,29.15,63848.99,186988.399
300938.SZ,20241121,22.18,22.83,22.02,22.54,24939.93,56143.748
300939.SZ,20241121,32.9,33.77,32.33,32.91,36402.5,120293.506
300940.SZ,20241121,15.41,15.41,14.92,15.14,60997.2,92596.631
300941.SZ,20241121,22.68,23.62,22.3,23.15,100454.0,229812.371
300942.SZ,20241121,8.97,9.18,8.86,8.98,58544.0,52724.646
300943.SZ,20241121,13.59,14.13,13.49,13.85,69323.62,96178.104
300945.SZ,20241121,10.09,10.35,10.02,10.29,92036.0,93771.588
300946.SZ,20241121,28.91,29.01,28.13,28.53,8804.0,25168.442
300947.SZ,20241121,17.46,17.69,17.19,17.37,41715.21,72805.276
300948.SZ,20241121,11.4,11.58,11.11,11.28,51154.0,57822.462
300949.SZ,20241121,32.72,33.18,32.04,32.64,11616.0,37984.751
300950.SZ,20241121,17.04,17.33,16.91,17.16,19634.5,33727.001
300951.SZ,20241121,31.15,31.43,30.32,30.91,20930.1,64759.195
300952.SZ,20241121,22.2,24.01,21.72,22.7,91326.67,209465.199
300953.SZ,20241121,71.05,71.47,68.56,69.55,20039.97,140074.929
300955.SZ,20241121,15.76,15.98,15.61,15.85,9366.0,14821.154
300956.SZ,20241121,18.74,18.88,18.2,18.4,66825.82,123889.673
300957.SZ,20241121,50.6,51.08,50.1,50.64,31446.39,159146.727
300958.SZ,20241121,12.92,13.29,12.79,13.0,39609.0,51712.593
300959.SZ,20241121,40.12,40.7,37.98,39.19,78362.99,305463.989
300960.SZ,20241121,24.28,24.28,23.24,23.5,28406.99,67223.008
300961.SZ,20241121,10.69,11.06,10.56,10.81,112914.92,122136.713
300962.SZ,20241121,16.62,17.84,16.62,17.7,112564.54,195175.04
300963.SZ,20241121,9.3,9.55,9.2,9.36,56481.65,52898.168
300964.SZ,20241121,40.22,40.55,38.82,39.7,20431.0,81164.348
300965.SZ,20241121,33.69,34.0,33.3,33.6,3505.0,11777.254
300966.SZ,20241121,18.64,18.88,18.48,18.72,20844.0,38918.914
300967.SZ,20241121,12.35,13.14,12.28,12.91,92900.0,119322.689
300968.SZ,20241121,21.05,21.21,20.05,20.38,295924.35,613055.785
300969.SZ,20241121,84.75,86.83,82.5,83.72,18014.0,152094.747
300970.SZ,20241121,13.51,13.64,13.31,13.49,22752.0,30710.483
300971.SZ,20241121,22.43,23.0,22.1,22.52,48898.0,109979.463
300972.SZ,20241121,68.03,69.85,66.76,68.35,18567.0,127411.879
300973.SZ,20241121,36.23,36.25,35.38,35.82,14572.01,52169.907
300975.SZ,20241121,12.85,13.07,12.55,12.77,305842.8,390781.371
300976.SZ,20241121,60.96,60.96,59.28,60.43,10490.96,63228.664
300977.SZ,20241121,23.21,23.22,21.56,21.85,105833.35,235189.411
300978.SZ,20241121,12.15,12.24,11.95,12.13,55260.0,67024.77
300979.SZ,20241121,66.75,69.88,66.18,69.06,26883.74,184843.357
300980.SZ,20241121,23.02,23.9,23.0,23.16,78199.94,183215.804
300981.SZ,20241121,16.0,16.03,15.3,15.66,256582.34,400780.631
300982.SZ,20241121,19.02,19.45,18.81,19.11,33763.2,64644.827
300983.SZ,20241121,19.16,19.28,18.91,19.09,6763.53,12914.503
300984.SZ,20241121,26.06,26.32,25.36,25.64,4442.0,11463.727
300985.SZ,20241121,19.77,21.12,19.6,20.42,66440.4,136211.984
300986.SZ,20241121,12.63,12.9,12.57,12.82,26854.0,34228.545
300987.SZ,20241121,16.05,16.87,15.91,16.22,69524.67,113779.032
300988.SZ,20241121,19.6,19.95,19.19,19.62,44826.8,88089.449
300989.SZ,20241121,14.36,15.11,14.22,14.79,166991.96,245577.636
300990.SZ,20241121,35.46,35.46,34.37,34.9,23991.59,83801.76
300991.SZ,20241121,20.58,21.57,20.18,21.51,138960.32,291417.268
300992.SZ,20241121,21.58,21.88,21.0,21.45,7678.11,16506.8
300993.SZ,20241121,10.0,10.2,9.95,10.06,42638.1,42896.456
300994.SZ,20241121,11.56,11.85,11.4,11.7,31427.37,36445.729
300995.SZ,20241121,17.72,18.0,17.55,17.83,17493.0,31169.78
300996.SZ,20241121,19.57,20.03,19.41,19.88,50719.36,100229.811
300997.SZ,20241121,13.16,13.25,12.9,13.03,30512.98,39898.255
300998.SZ,20241121,15.95,16.19,15.62,15.84,26178.21,41689.769
300999.SZ,20241121,34.76,34.83,34.27,34.48,62748.1,216565.882
301000.SZ,20241121,18.25,18.49,17.9,18.42,78121.12,142500.11
301001.SZ,20241121,25.95,30.74,25.71,30.74,174381.37,512267.055
301002.SZ,20241121,18.1,18.85,17.97,18.43,21688.89,39860.605
301003.SZ,20241121,23.15,23.55,23.03,23.4,8960.8,20910.338
301004.SZ,20241121,103.99,105.21,102.37,103.75,4592.0,47567.002
301005.SZ,20241121,30.59,30.59,29.48,29.88,41994.94,126086.319
301006.SZ,20241121,15.22,15.42,15.03,15.29,17667.89,26972.068
301007.SZ,20241121,17.0,17.18,16.69,16.99,90063.0,152442.164
301008.SZ,20241121,21.09,21.11,20.48,20.81,16573.4,34518.089
301009.SZ,20241121,9.27,9.95,9.21,9.95,94125.0,90440.489
301010.SZ,20241121,14.31,14.75,14.29,14.61,18593.0,27103.964
301011.SZ,20241121,20.04,22.2,19.94,21.63,100046.17,213307.389
301012.SZ,20241121,23.49,24.12,23.36,23.75,46893.8,111614.18
301013.SZ,20241121,13.64,14.08,13.36,13.81,91824.5,125476.095
301015.SZ,20241121,28.3,28.52,27.69,27.92,25962.0,72599.781
301016.SZ,20241121,24.34,25.0,23.96,24.59,56870.51,139568.665
301017.SZ,20241121,14.29,14.58,13.93,14.28,93714.36,132889.763
301018.SZ,20241121,24.5,25.0,24.0,24.9,69311.84,170793.242
301019.SZ,20241121,15.52,15.74,15.43,15.68,10533.08,16432.69
301020.SZ,20241121,20.53,20.92,20.26,20.67,18306.73,37709.511
301021.SZ,20241121,36.6,37.0,34.0,34.21,194662.02,686132.027
301022.SZ,20241121,23.59,23.78,23.0,23.33,14280.0,33447.137
301023.SZ,20241121,53.02,53.6,51.57,52.45,11175.0,58806.561
301024.SZ,20241121,26.84,27.27,26.13,26.62,11621.0,31000.487
301025.SZ,20241121,10.76,11.14,10.65,10.88,102132.0,111143.631
301026.SZ,20241121,29.71,30.15,29.1,29.64,13642.0,40460.353
301027.SZ,20241121,12.85,12.9,12.44,12.72,51888.28,65581.421
301028.SZ,20241121,11.23,11.26,10.92,11.11,27155.0,30169.123
301029.SZ,20241121,25.45,25.59,24.75,24.95,43409.4,109244.25
301030.SZ,20241121,32.74,33.62,30.01,30.26,198330.08,625496.706
301031.SZ,20241121,115.65,118.46,110.78,111.72,10640.12,120932.706
301032.SZ,20241121,10.71,10.91,10.45,10.61,56325.51,60244.96
301033.SZ,20241121,48.99,49.35,48.2,48.76,5427.08,26417.295
301035.SZ,20241121,51.08,51.78,50.44,50.72,10880.5,55608.175
301036.SZ,20241121,46.58,46.66,44.7,45.35,54908.0,250864.315
301037.SZ,20241121,11.45,11.67,11.3,11.47,32969.41,37872.651
301038.SZ,20241121,20.91,21.43,20.8,21.07,31247.9,65922.389
301039.SZ,20241121,10.2,10.4,10.13,10.23,173945.47,178663.021
301040.SZ,20241121,15.99,16.44,15.81,16.18,27839.24,45027.203
301041.SZ,20241121,25.93,26.65,25.61,26.65,52267.9,137155.015
301042.SZ,20241121,38.88,40.73,38.32,39.48,31720.91,125909.158
301043.SZ,20241121,28.73,29.29,28.55,28.98,6639.0,19225.722
301045.SZ,20241121,22.36,22.55,21.61,21.98,18087.25,39786.254
301046.SZ,20241121,22.09,22.63,21.99,22.26,23064.01,51511.352
301047.SZ,20241121,69.66,69.85,67.88,68.56,8595.23,59099.215
301048.SZ,20241121,10.33,10.37,10.06,10.19,103671.0,105540.819
301049.SZ,20241121,26.95,28.75,26.89,27.71,36991.0,103098.005
301050.SZ,20241121,55.27,55.85,54.2,55.17,73442.76,404563.912
301051.SZ,20241121,33.74,33.74,32.0,32.31,60142.34,196809.021
301052.SZ,20241121,27.6,28.4,27.06,27.8,61726.28,171853.138
301053.SZ,20241121,22.18,22.6,21.61,22.3,11526.88,25542.332
301055.SZ,20241121,14.47,14.5,14.05,14.27,21588.0,30753.123
301056.SZ,20241121,8.86,9.0,8.81,8.95,35382.89,31485.778
301057.SZ,20241121,14.41,14.77,14.34,14.62,44199.72,64346.345
301058.SZ,20241121,12.0,12.2,11.75,11.9,146267.08,174854.511
301059.SZ,20241121,11.27,11.58,11.15,11.31,21696.7,24604.657
301060.SZ,20241121,10.65,10.91,10.48,10.65,84828.0,90630.888
301061.SZ,20241121,56.25,57.0,55.5,56.32,5778.16,32582.306
301062.SZ,20241121,13.4,13.66,13.27,13.59,99199.42,133852.147
301063.SZ,20241121,17.47,18.15,17.32,17.77,31111.91,55304.871
301065.SZ,20241121,20.62,20.85,20.45,20.76,16891.5,34946.848
301066.SZ,20241121,10.76,11.24,10.65,11.18,97244.23,107010.95
301067.SZ,20241121,26.19,26.39,25.42,25.93,20898.8,54242.262
301068.SZ,20241121,32.35,32.51,31.51,32.16,7087.19,22745.23
301069.SZ,20241121,15.51,15.98,15.3,15.56,91119.33,142709.049
301070.SZ,20241121,52.95,54.44,52.0,53.18,14793.0,78355.296
301071.SZ,20241121,28.18,28.33,27.5,27.82,30807.19,86109.404
301072.SZ,20241121,23.22,24.0,22.77,23.12,23304.33,54169.853
301073.SZ,20241121,22.9,23.66,22.7,23.12,62220.28,144550.651
301075.SZ,20241121,21.19,21.35,20.79,21.08,11649.0,24562.584
301076.SZ,20241121,20.9,21.2,20.33,20.71,35381.83,73441.827
301077.SZ,20241121,24.89,24.91,24.24,24.49,24283.5,59654.628
301078.SZ,20241121,12.95,13.25,12.62,12.86,498674.72,645721.573
301079.SZ,20241121,17.85,18.13,17.52,17.89,55346.0,98360.414
301080.SZ,20241121,46.35,46.97,45.12,45.65,14625.5,67071.233
301081.SZ,20241121,8.97,9.25,8.93,9.01,31965.0,29028.141
301082.SZ,20241121,16.0,19.79,15.8,19.79,462256.0,867641.476
301083.SZ,20241121,15.43,16.2,15.16,15.85,108472.86,171076.363
301085.SZ,20241121,59.94,62.53,59.18,61.77,35826.65,219076.341
301086.SZ,20241121,51.29,51.45,49.8,50.84,11880.0,60254.683
301087.SZ,20241121,39.1,39.63,38.36,38.89,13001.3,50472.925
301088.SZ,20241121,13.6,13.74,13.51,13.62,10304.0,14036.153
301089.SZ,20241121,33.61,33.92,32.97,33.33,25253.0,84417.938
301090.SZ,20241121,8.07,8.14,7.94,8.02,84782.0,68126.319
301091.SZ,20241121,56.63,58.64,55.6,55.61,184140.18,1045728.15
301092.SZ,20241121,25.48,27.26,25.35,26.35,45431.79,120071.422
301093.SZ,20241121,24.19,24.29,23.65,23.87,12632.0,30252.777
301095.SZ,20241121,61.88,66.08,61.3,65.24,99608.64,632132.666
301096.SZ,20241121,41.85,41.98,41.01,41.5,34995.28,144950.906
301097.SZ,20241121,45.66,47.3,44.0,44.58,7360.05,33527.037
301098.SZ,20241121,9.04,9.18,9.0,9.13,53031.15,48208.631
301099.SZ,20241121,41.73,42.27,41.31,41.79,21129.27,88408.155
301100.SZ,20241121,18.8,19.13,18.33,18.68,36106.0,67300.907
301101.SZ,20241121,34.4,34.97,33.02,33.76,144703.72,489230.572
301102.SZ,20241121,11.52,11.82,11.43,11.67,87651.55,102087.316
301103.SZ,20241121,23.4,23.4,22.61,22.97,18825.96,43288.367
301105.SZ,20241121,31.51,31.86,30.75,31.15,5784.0,18066.986
301106.SZ,20241121,33.07,33.18,32.02,32.46,19692.0,64162.165
301107.SZ,20241121,28.8,29.09,28.23,28.75,12898.11,36973.02
301108.SZ,20241121,28.8,29.11,28.01,28.26,12068.54,34321.275
301109.SZ,20241121,16.9,17.03,16.78,16.98,19582.03,33126.393
301110.SZ,20241121,42.84,46.88,42.4,44.15,64290.94,287933.108
301111.SZ,20241121,18.4,18.8,17.92,18.55,91109.53,166429.331
301112.SZ,20241121,26.75,27.35,26.51,26.95,21789.0,58646.093
301113.SZ,20241121,26.12,27.24,25.83,26.7,7348.27,19583.336
301115.SZ,20241121,14.92,15.13,14.84,15.02,19890.03,29817.87
301116.SZ,20241121,12.21,12.52,12.03,12.19,44990.0,55161.81
301117.SZ,20241121,33.53,34.9,33.21,34.14,45808.27,155876.857
301118.SZ,20241121,21.42,22.49,21.25,21.89,84297.76,184014.215
301119.SZ,20241121,23.4,26.98,23.2,24.57,64894.5,161523.941
301120.SZ,20241121,10.3,10.58,10.2,10.29,104164.52,108005.688
301121.SZ,20241121,57.5,59.5,55.0,56.21,71860.18,410291.245
301122.SZ,20241121,23.58,26.1,23.58,25.45,112341.5,277928.701
301123.SZ,20241121,20.19,20.25,19.74,20.12,31425.0,62979.629
301125.SZ,20241121,11.8,11.98,11.4,11.65,104955.15,122493.386
301126.SZ,20241121,11.55,11.83,11.45,11.67,36004.92,42070.494
301127.SZ,20241121,13.66,14.5,13.66,13.93,207130.59,291615.656
301128.SZ,20241121,56.44,59.55,54.88,59.0,35691.86,204468.11
301129.SZ,20241121,24.4,24.9,23.88,24.28,23765.2,57764.274
301130.SZ,20241121,27.77,28.23,27.63,27.88,16342.8,45572.057
301131.SZ,20241121,37.24,40.4,37.24,38.25,46579.0,180503.2
301132.SZ,20241121,29.85,30.26,29.31,29.63,32417.88,96780.628
301133.SZ,20241121,23.84,24.46,23.71,24.07,20690.94,50020.129
301135.SZ,20241121,25.15,25.64,25.01,25.38,15901.0,40318.094
301136.SZ,20241121,14.15,14.29,13.88,14.02,60421.82,85070.464
301137.SZ,20241121,18.55,19.36,18.53,18.83,35536.0,67146.428
301138.SZ,20241121,29.98,31.16,29.4,30.13,50394.18,151834.584
301139.SZ,20241121,23.83,24.7,23.73,24.34,55420.21,134367.987
301141.SZ,20241121,42.07,43.08,41.55,42.3,35385.81,149946.363
301148.SZ,20241121,20.35,21.18,20.2,20.6,25483.46,52898.41
301149.SZ,20241121,10.28,10.42,10.18,10.3,39853.53,41108.412
301150.SZ,20241121,24.99,25.4,23.92,24.3,59129.76,145745.276
301151.SZ,20241121,17.0,17.36,16.85,17.11,63891.54,109519.967
301152.SZ,20241121,44.24,45.35,43.0,43.89,50789.12,224015.993
301153.SZ,20241121,30.9,31.04,29.92,30.47,69903.09,213693.794
301155.SZ,20241121,62.6,62.65,60.31,61.04,26295.75,161786.589
301156.SZ,20241121,14.02,14.09,13.79,14.0,16105.18,22517.91
301157.SZ,20241121,38.84,44.88,38.3,42.07,47530.28,196202.651
301158.SZ,20241121,15.22,15.46,15.05,15.23,25973.49,39689.596
301159.SZ,20241121,36.0,37.1,35.62,36.88,44008.0,160562.794
301160.SZ,20241121,56.3,57.6,54.81,56.04,29501.0,166484.923
301161.SZ,20241121,19.59,19.86,19.42,19.71,17867.37,35138.71
301162.SZ,20241121,40.1,40.9,39.58,40.0,14924.2,59883.176
301163.SZ,20241121,23.88,24.5,23.55,24.09,19842.0,47688.609
301165.SZ,20241121,52.1,52.39,50.95,51.53,22926.73,118260.03
301166.SZ,20241121,32.0,32.42,31.46,31.88,14033.0,44732.981
301167.SZ,20241121,14.34,14.55,14.1,14.31,36572.4,52313.313
301168.SZ,20241121,30.87,31.2,30.16,30.56,21140.0,64956.775
301169.SZ,20241121,45.0,45.0,43.2,44.08,48229.19,212979.478
301170.SZ,20241121,24.45,25.08,24.45,24.88,13152.61,32680.887
301171.SZ,20241121,33.99,35.68,31.48,31.93,1026374.79,3474835.263
301172.SZ,20241121,30.89,32.39,30.74,31.31,25982.38,81745.474
301175.SZ,20241121,5.77,5.85,5.66,5.72,196884.45,113039.19
301176.SZ,20241121,19.75,20.25,19.48,20.06,38197.3,76377.865
301177.SZ,20241121,23.4,23.49,22.73,23.17,18506.0,42587.34
301178.SZ,20241121,31.63,34.3,31.47,33.35,151331.78,496694.161
301179.SZ,20241121,18.27,18.85,18.21,18.47,39501.55,73087.397
301180.SZ,20241121,15.69,15.84,15.23,15.49,35091.0,54562.748
301181.SZ,20241121,23.58,23.73,23.1,23.31,11264.8,26381.965
301182.SZ,20241121,37.51,43.22,37.34,40.68,97051.87,382680.196
301183.SZ,20241121,57.99,60.68,56.9,57.48,112195.71,663154.049
301185.SZ,20241121,18.6,18.85,18.31,18.61,35986.0,66969.641
301186.SZ,20241121,39.66,40.94,39.58,40.1,19412.61,77891.377
301187.SZ,20241121,28.83,28.9,27.91,28.3,22273.58,63229.603
301188.SZ,20241121,16.8,17.79,16.64,17.42,124848.46,216190.07
301189.SZ,20241121,26.04,27.49,25.67,26.4,57845.99,154320.936
301190.SZ,20241121,16.22,17.44,16.22,16.76,43488.15,73028.035
301191.SZ,20241121,82.88,83.48,81.05,82.49,9093.16,75053.413
301192.SZ,20241121,18.87,19.2,18.87,19.2,12983.5,24786.568
301193.SZ,20241121,17.0,17.16,16.46,16.65,13839.8,23172.248
301195.SZ,20241121,33.8,34.53,33.2,33.82,18756.92,63580.635
301196.SZ,20241121,36.0,36.28,35.55,35.98,9657.37,34755.311
301197.SZ,20241121,16.1,16.24,15.87,16.1,20868.0,33544.931
301198.SZ,20241121,10.89,11.09,10.76,10.88,44161.58,48028.366
301199.SZ,20241121,29.87,30.41,29.06,29.53,22596.0,66892.653
301200.SZ,20241121,40.2,40.36,38.74,39.28,55565.67,218765.169
301201.SZ,20241121,23.08,23.08,22.48,22.78,19891.8,45279.282
301202.SZ,20241121,36.61,38.0,36.38,37.65,84340.71,313819.643
301203.SZ,20241121,29.96,30.42,29.8,30.06,5720.12,17180.422
301205.SZ,20241121,73.27,74.06,71.23,72.76,25192.06,183798.256
301206.SZ,20241121,27.98,28.04,27.52,27.86,8342.5,23234.144
301207.SZ,20241121,20.31,20.5,19.98,20.19,23620.5,47659.195
301208.SZ,20241121,36.49,37.4,36.33,36.66,27332.45,100442.283
301209.SZ,20241121,31.2,33.86,30.73,32.67,68598.21,222496.123
301210.SZ,20241121,35.43,35.86,34.86,35.59,13453.76,47605.894
301211.SZ,20241121,20.51,20.8,20.15,20.61,45675.2,93461.396
301212.SZ,20241121,25.83,26.72,25.18,25.8,59988.0,155690.321
301213.SZ,20241121,40.98,42.27,40.5,41.01,22588.0,93201.405
301215.SZ,20241121,6.82,6.94,6.74,6.87,319880.82,218620.212
301216.SZ,20241121,11.37,11.5,11.27,11.37,28672.7,32674.029
301217.SZ,20241121,11.48,11.65,11.31,11.47,50123.09,57599.752
301218.SZ,20241121,24.57,24.98,24.24,24.74,33148.68,81771.809
301219.SZ,20241121,52.01,52.66,51.1,51.99,40835.0,212033.344
301220.SZ,20241121,39.78,41.08,36.06,37.03,106309.76,408745.446
301221.SZ,20241121,51.88,52.82,50.9,51.95,51456.77,266444.518
301222.SZ,20241121,28.51,28.74,28.0,28.38,17022.0,48258.789
301223.SZ,20241121,17.26,17.39,17.2,17.38,10307.53,17840.823
301225.SZ,20241121,28.98,28.99,28.34,28.82,8649.64,24834.119
301226.SZ,20241121,24.89,25.92,24.63,25.12,45002.44,113734.113
301227.SZ,20241121,18.13,18.45,18.12,18.35,10076.18,18487.969
301228.SZ,20241121,13.69,14.09,13.63,13.8,51261.0,70933.8
301229.SZ,20241121,22.17,22.81,22.09,22.63,25871.89,58252.912
301230.SZ,20241121,26.21,26.76,25.7,26.07,56393.71,148031.698
301231.SZ,20241121,19.44,19.89,19.24,19.51,33755.0,65983.262
301232.SZ,20241121,29.21,29.87,28.81,29.38,16201.36,47611.39
301233.SZ,20241121,43.17,45.99,43.09,44.96,31075.6,140157.019
301234.SZ,20241121,27.72,28.2,27.62,27.96,8164.0,22796.666
301235.SZ,20241121,21.11,21.38,21.02,21.26,9267.53,19633.921
301236.SZ,20241121,59.53,62.49,59.2,61.09,470700.3,2891869.826
301237.SZ,20241121,25.27,25.27,24.45,24.83,6346.2,15764.023
301238.SZ,20241121,18.64,19.28,18.54,18.94,162633.44,307683.632
301239.SZ,20241121,52.0,52.0,48.51,49.57,31180.11,155259.857
301246.SZ,20241121,15.8,16.93,15.7,16.46,254933.68,414934.239
301248.SZ,20241121,17.69,18.27,17.52,17.84,98130.2,176027.994
301251.SZ,20241121,33.9,34.42,33.46,34.05,25492.04,86753.499
301252.SZ,20241121,29.9,31.5,29.9,30.91,62979.37,193578.588
301255.SZ,20241121,39.06,39.55,37.58,38.22,51498.01,197331.128
301256.SZ,20241121,8.32,8.54,8.24,8.34,86690.62,72692.95
301257.SZ,20241121,31.19,31.9,30.8,31.27,19748.66,61648.2
301258.SZ,20241121,27.62,28.5,27.39,27.74,19668.26,54591.498
301259.SZ,20241121,47.9,49.5,47.41,47.79,16511.9,80192.091
301260.SZ,20241121,14.29,14.44,14.18,14.38,24655.49,35309.919
301261.SZ,20241121,43.48,43.59,41.86,42.66,34999.9,149127.74
301262.SZ,20241121,27.38,28.07,27.19,27.82,41802.08,115609.809
301263.SZ,20241121,14.25,14.35,14.07,14.24,30056.2,42675.211
301265.SZ,20241121,9.7,9.95,9.67,9.77,28055.19,27505.892
301266.SZ,20241121,48.53,48.68,45.3,46.1,75851.04,354383.175
301267.SZ,20241121,22.2,22.3,21.67,21.9,45263.79,99248.261
301268.SZ,20241121,19.37,19.6,18.69,18.94,15201.51,29068.81
301269.SZ,20241121,120.64,133.6,119.6,128.44,139476.76,1771921.165
301270.SZ,20241121,37.63,38.86,37.39,38.2,34096.0,130770.607
301272.SZ,20241121,37.45,38.16,37.05,37.53,6884.04,25884.59
301273.SZ,20241121,19.62,20.05,19.26,19.73,7510.0,14825.519
301276.SZ,20241121,20.94,21.08,20.73,21.03,12547.14,26287.256
301277.SZ,20241121,15.3,15.36,14.93,15.12,36278.31,54935.108
301278.SZ,20241121,39.39,40.12,38.51,39.16,17566.1,69007.015
301279.SZ,20241121,21.77,23.1,21.56,23.0,53390.0,120242.054
301280.SZ,20241121,44.5,44.5,43.08,44.06,16129.37,70655.683
301281.SZ,20241121,37.99,38.42,36.56,37.21,33518.43,125545.95
301282.SZ,20241121,23.26,23.36,22.61,23.12,25068.93,57664.269
301283.SZ,20241121,27.42,30.37,27.2,30.35,43036.86,124822.379
301285.SZ,20241121,25.89,26.18,24.79,25.67,66171.37,168737.779
301286.SZ,20241121,35.82,36.7,35.66,35.95,16278.46,58570.428
301287.SZ,20241121,29.39,29.73,28.9,29.65,6840.0,20197.621
301288.SZ,20241121,18.15,19.0,17.68,17.9,85631.38,156611.892
301289.SZ,20241121,45.34,54.66,45.34,54.66,45838.52,240885.902
301290.SZ,20241121,28.5,28.59,27.8,28.27,25933.0,73043.724
301291.SZ,20241121,40.59,41.34,40.0,40.91,28595.83,116485.819
301292.SZ,20241121,15.53,17.0,15.35,16.26,72500.07,117809.454
301293.SZ,20241121,46.51,48.1,46.1,46.82,86302.85,405240.387
301295.SZ,20241121,23.37,23.58,23.02,23.23,15204.39,35371.956
301296.SZ,20241121,11.02,12.0,10.6,11.73,348029.67,393350.701
301297.SZ,20241121,51.79,52.5,50.38,51.06,152833.05,784331.745
301298.SZ,20241121,14.71,14.95,14.51,14.77,20965.34,30875.362
301299.SZ,20241121,56.78,58.24,56.0,57.1,25455.12,145376.666
301300.SZ,20241121,27.65,28.03,27.42,27.81,9264.0,25733.427
301301.SZ,20241121,13.61,13.7,13.37,13.51,266506.92,360949.134
301302.SZ,20241121,21.02,21.2,20.31,20.66,49414.5,102636.085
301303.SZ,20241121,15.43,15.58,15.17,15.43,71027.02,109369.103
301305.SZ,20241121,18.38,18.52,17.81,17.97,29020.66,52467.292
301306.SZ,20241121,44.69,45.57,43.19,43.7,38777.07,171362.736
301307.SZ,20241121,25.65,25.72,24.81,25.23,61875.23,156208.136
301308.SZ,20241121,88.5,89.47,86.26,87.52,53911.13,474349.964
301309.SZ,20241121,28.07,28.23,27.45,27.8,5154.81,14361.495
301310.SZ,20241121,25.99,26.11,25.41,25.8,17212.7,44443.14
301311.SZ,20241121,20.44,20.64,20.04,20.34,38377.93,77988.739
301312.SZ,20241121,51.99,54.45,51.62,53.0,41017.9,218476.616
301313.SZ,20241121,22.89,23.3,22.6,22.93,44737.16,102777.583
301314.SZ,20241121,38.62,38.97,37.75,38.57,9220.83,35421.204
301315.SZ,20241121,45.9,46.4,44.82,45.53,31280.68,142741.92
301316.SZ,20241121,19.97,20.06,19.37,19.65,89901.36,177614.784
301317.SZ,20241121,22.24,22.66,22.0,22.16,11246.94,25144.543
301318.SZ,20241121,32.8,36.28,32.48,33.7,109005.98,373907.995
301319.SZ,20241121,31.39,32.26,30.79,31.86,18720.65,59076.083
301320.SZ,20241121,16.34,16.42,16.08,16.31,24093.33,39182.791
301321.SZ,20241121,17.17,17.77,17.0,17.55,54439.87,94748.171
301322.SZ,20241121,26.6,27.6,26.28,26.69,19339.13,51866.88
301323.SZ,20241121,35.54,36.3,35.41,36.1,11348.09,40757.346
301325.SZ,20241121,52.8,58.67,51.79,54.12,115037.88,636457.062
301326.SZ,20241121,73.52,73.7,71.05,72.37,18862.49,136049.819
301327.SZ,20241121,82.5,83.42,81.45,82.5,5047.09,41533.983
301328.SZ,20241121,40.72,40.95,39.4,40.13,17024.0,68443.519
301329.SZ,20241121,20.16,20.28,19.82,20.04,23460.0,47115.654
301330.SZ,20241121,27.63,29.26,27.43,28.66,68647.65,196240.736
301331.SZ,20241121,25.47,25.59,24.82,25.17,9242.22,23278.01
301332.SZ,20241121,10.95,11.37,10.86,11.02,151686.79,168600.492
301333.SZ,20241121,58.84,61.38,58.06,60.1,14888.44,89398.513
301335.SZ,20241121,20.8,21.39,20.75,21.15,14870.0,31358.58
301336.SZ,20241121,35.3,35.7,34.9,35.41,6445.51,22677.976
301337.SZ,20241121,35.19,37.5,35.02,35.68,67253.0,242936.681
301338.SZ,20241121,35.8,36.8,35.34,36.76,28067.64,101464.745
301339.SZ,20241121,20.94,21.55,20.68,21.21,91365.74,193733.236
301345.SZ,20241121,62.55,63.16,62.02,63.1,5292.8,33169.322
301348.SZ,20241121,28.92,29.38,28.44,28.85,58425.35,169227.201
301349.SZ,20241121,34.19,34.98,33.43,33.89,32440.07,110815.617
301353.SZ,20241121,27.62,27.95,27.02,27.78,6204.0,17140.994
301355.SZ,20241121,11.5,11.68,11.49,11.62,26791.79,31098.724
301356.SZ,20241121,19.41,19.79,19.25,19.79,14825.89,29038.584
301357.SZ,20241121,37.79,38.9,37.5,38.0,24950.53,95195.674
301358.SZ,20241121,49.8,51.95,49.76,51.38,86701.11,444269.435
301359.SZ,20241121,24.75,25.17,24.27,24.63,26374.62,65089.728
301360.SZ,20241121,55.05,57.2,54.25,57.0,21649.93,121890.432
301361.SZ,20241121,26.8,27.34,26.2,26.62,20662.06,55309.503
301362.SZ,20241121,44.3,46.4,44.18,45.88,14214.96,64679.127
301363.SZ,20241121,30.08,30.57,29.42,29.76,24327.28,72623.997
301365.SZ,20241121,15.0,15.28,14.89,15.09,21409.21,32356.045
301366.SZ,20241121,47.5,47.8,45.8,46.18,34245.2,160559.137
301367.SZ,20241121,71.8,71.95,69.88,70.8,7265.64,51317.632
301368.SZ,20241121,51.97,53.27,49.6,50.25,83674.9,429007.575
301369.SZ,20241121,59.9,61.14,59.03,60.42,14964.5,90235.062
301370.SZ,20241121,12.05,12.17,11.85,12.02,59765.86,71797.269
301371.SZ,20241121,35.82,36.58,35.7,36.58,23485.96,85310.816
301372.SZ,20241121,23.5,24.0,23.23,23.59,19205.39,45345.288
301373.SZ,20241121,27.13,27.4,27.05,27.25,5815.5,15847.736
301376.SZ,20241121,19.82,20.07,19.57,19.82,15450.44,30567.901
301377.SZ,20241121,20.43,20.71,20.15,20.4,18083.0,36958.345
301378.SZ,20241121,33.12,33.59,32.48,32.93,29068.1,96115.532
301379.SZ,20241121,20.68,20.87,20.35,20.68,24418.0,50546.364
301380.SZ,20241121,42.16,42.18,40.88,41.5,22783.0,94806.259
301381.SZ,20241121,26.32,26.91,25.75,26.19,31587.46,83338.601
301382.SZ,20241121,27.35,27.54,26.55,26.99,71961.94,194797.782
301383.SZ,20241121,38.58,38.93,36.43,37.03,76918.59,288978.751
301386.SZ,20241121,21.66,22.01,21.6,21.84,18431.79,40231.381
301387.SZ,20241121,34.98,35.23,34.31,34.82,32790.22,114148.889
301388.SZ,20241121,23.84,24.1,23.5,23.94,18063.02,43140.755
301389.SZ,20241121,16.21,16.3,15.85,16.11,28104.56,45204.368
301390.SZ,20241121,32.0,32.56,31.71,32.36,14175.03,45675.579
301391.SZ,20241121,41.3,41.52,40.51,40.71,14791.32,60673.932
301392.SZ,20241121,70.68,73.87,70.2,71.54,37095.01,265706.406
301393.SZ,20241121,44.94,46.53,44.52,46.34,19170.0,87729.896
301395.SZ,20241121,12.1,12.34,12.07,12.26,17547.3,21454.465
301396.SZ,20241121,32.15,35.49,31.39,31.57,212899.31,705776.434
301397.SZ,20241121,29.0,29.2,27.88,28.44,20859.91,59402.511
301398.SZ,20241121,48.69,49.18,47.35,47.89,18328.88,88344.206
301399.SZ,20241121,24.83,28.94,24.83,25.93,127086.77,335850.731
301408.SZ,20241121,12.43,12.45,12.06,12.26,40525.06,49611.731
301413.SZ,20241121,49.48,52.52,48.3,49.95,31193.76,157787.349
301418.SZ,20241121,37.7,38.24,37.2,37.58,12751.08,48214.024
301419.SZ,20241121,29.92,30.98,29.62,30.57,27972.59,84892.874
301421.SZ,20241121,57.78,58.97,56.3,57.41,47276.05,273405.53
301428.SZ,20241121,33.11,33.23,32.31,32.95,34017.03,111695.579
301429.SZ,20241121,17.57,17.68,17.43,17.56,11299.05,19846.606
301439.SZ,20241121,13.94,14.12,13.77,13.96,28389.81,39655.498
301446.SZ,20241121,22.0,22.35,21.83,22.15,15407.3,34085.168
301448.SZ,20241121,22.03,22.41,21.94,22.35,18552.24,41194.925
301456.SZ,20241121,25.55,26.33,25.55,25.87,28643.76,74195.664
301459.SZ,20241121,41.7,42.26,40.89,41.35,24482.46,101663.282
301468.SZ,20241121,23.55,24.1,23.45,24.1,14052.58,33537.722
301469.SZ,20241121,25.77,26.15,25.39,25.63,30090.66,77639.211
301486.SZ,20241121,46.64,47.13,45.61,46.25,26450.95,122929.437
301487.SZ,20241121,24.8,26.13,24.55,25.29,217600.88,553149.32
301488.SZ,20241121,62.01,62.48,60.17,60.9,16760.17,102785.165
301489.SZ,20241121,70.55,71.27,69.0,70.0,36612.48,256255.931
301498.SZ,20241121,62.31,64.88,62.02,63.2,26928.05,171081.153
301499.SZ,20241121,27.4,27.6,26.77,27.1,20560.74,55888.975
301500.SZ,20241121,20.77,20.99,20.09,20.42,25914.43,53174.697
301502.SZ,20241121,42.53,43.15,41.81,42.88,10355.9,44063.782
301503.SZ,20241121,33.78,34.2,33.5,33.95,11092.27,37648.862
301505.SZ,20241121,25.87,31.14,25.62,29.33,173323.57,513821.339
301507.SZ,20241121,13.71,13.8,13.47,13.64,36520.11,49766.448
301508.SZ,20241121,38.77,39.87,38.61,39.12,43838.23,172452.372
301509.SZ,20241121,31.81,32.81,31.6,32.0,18257.55,58756.415
301510.SZ,20241121,27.89,28.6,27.19,27.48,49580.96,137589.983
301511.SZ,20241121,16.6,16.97,16.28,16.46,184072.85,306432.67
301512.SZ,20241121,43.95,44.69,43.26,43.78,7546.0,33164.403
301515.SZ,20241121,20.58,21.98,20.45,21.3,63382.11,133047.629
301516.SZ,20241121,19.99,20.15,19.31,19.65,74264.2,146324.607
301517.SZ,20241121,58.47,59.46,57.13,57.86,31417.27,182807.771
301518.SZ,20241121,17.9,18.23,17.7,18.06,18444.02,33224.903
301519.SZ,20241121,13.64,13.83,13.55,13.77,25183.0,34566.794
301520.SZ,20241121,42.78,43.28,42.34,42.84,7848.08,33605.222
301522.SZ,20241121,43.28,43.98,42.68,43.0,76192.07,329935.319
301525.SZ,20241121,59.25,59.81,58.56,59.4,11591.07,68526.056
301526.SZ,20241121,4.16,4.2,4.11,4.17,333588.95,138575.927
301528.SZ,20241121,43.5,46.49,43.46,45.33,14190.99,64466.105
301529.SZ,20241121,35.3,35.73,34.91,35.14,12929.29,45540.095
301533.SZ,20241121,29.81,30.16,29.33,29.68,10280.65,30650.752
301536.SZ,20241121,45.9,46.0,44.3,45.16,34288.67,154968.835
301538.SZ,20241121,82.89,83.28,81.66,82.26,6864.78,56600.065
301539.SZ,20241121,20.75,20.94,20.3,20.64,22063.51,45539.001
301548.SZ,20241121,48.78,49.3,47.52,47.6,15845.0,76405.496
301550.SZ,20241121,63.88,65.88,59.64,61.93,101473.06,634311.761
301551.SZ,20241121,61.9,62.9,61.29,62.2,30155.95,187762.277
301552.SZ,20241121,55.49,56.43,54.6,55.12,9735.8,53935.088
301555.SZ,20241121,27.43,27.96,27.14,27.45,13427.32,37042.729
301556.SZ,20241121,84.07,90.99,83.75,86.86,30870.93,271737.899
301558.SZ,20241121,9.3,9.67,9.2,9.36,469349.56,443081.484
301559.SZ,20241121,16.77,16.91,16.67,16.87,19602.81,33017.702
301565.SZ,20241121,22.02,22.13,21.4,21.74,51997.11,113086.718
301566.SZ,20241121,19.7,19.76,19.07,19.44,30676.9,59656.548
301567.SZ,20241121,49.0,49.95,48.3,48.91,11447.02,56213.669
301568.SZ,20241121,36.02,36.3,35.18,35.71,24176.94,86379.559
301571.SZ,20241121,48.26,48.42,47.3,48.13,28048.98,134538.695
301577.SZ,20241121,64.0,69.01,62.81,67.72,30303.02,199845.478
301578.SZ,20241121,58.75,62.5,57.8,61.69,38834.01,237488.471
301580.SZ,20241121,59.84,60.37,58.52,59.33,6109.16,36262.73
301586.SZ,20241121,63.01,63.68,61.83,62.42,17521.69,109531.17
301587.SZ,20241121,28.0,28.46,27.24,27.86,31866.11,88855.685
301588.SZ,20241121,22.24,22.49,21.9,22.23,14014.27,31186.83
301589.SZ,20241121,182.72,183.62,180.51,183.33,7649.2,139556.373
301591.SZ,20241121,38.22,38.35,37.19,37.68,16487.81,62268.617
301592.SZ,20241121,174.3,192.0,171.11,175.66,69321.21,1252803.204
301596.SZ,20241121,110.08,113.93,108.58,111.04,24869.38,276766.93
301600.SZ,20241121,78.35,79.63,77.18,78.33,14653.0,114903.714
301603.SZ,20241121,44.67,45.69,44.0,44.88,22913.0,102688.446
301606.SZ,20241121,37.01,37.4,35.9,36.45,40806.3,149391.676
301607.SZ,20241121,41.23,41.87,40.4,41.0,16743.07,68989.331
301608.SZ,20241121,63.89,64.18,62.3,63.33,13228.05,83863.219
301611.SZ,20241121,61.61,63.26,60.98,62.25,62933.0,390994.21
301613.SZ,20241121,71.17,71.75,69.78,70.16,21981.71,155374.988
301618.SZ,20241121,114.0,119.98,113.23,115.58,18198.39,212402.225
301626.SZ,20241121,115.0,126.3,113.74,117.28,34608.51,411614.791
301628.SZ,20241121,99.0,99.76,97.71,98.61,25674.96,253346.756
301633.SZ,20241121,112.04,116.63,111.88,115.16,27979.91,322866.005
920017.BJ,20241121,16.9,17.71,16.68,17.71,56380.66,97691.826
920047.BJ,20241121,14.9,15.56,14.9,15.45,41241.44,63240.264
920090.BJ,20241121,8.72,9.5,8.63,9.45,277687.78,253896.604
920139.BJ,20241121,34.81,35.98,33.65,34.68,145854.74,511576.85
920198.BJ,20241121,15.29,16.5,15.15,16.01,105748.68,167032.938
920300.BJ,20241121,15.5,19.42,15.0,19.42,88153.87,160791.355
920418.BJ,20241121,28.55,34.52,28.18,30.0,117037.65,357353.473
920425.BJ,20241121,23.53,25.89,23.32,25.28,57685.0,142773.545
920476.BJ,20241121,12.8,13.8,12.51,13.4,81837.08,108156.795
920478.BJ,20241121,21.13,22.14,20.78,22.14,45428.35,98380.899
920489.BJ,20241121,27.56,28.49,27.12,27.37,110266.59,306756.279
920510.BJ,20241121,23.38,23.88,22.81,23.39,62166.95,144938.046
920556.BJ,20241121,9.68,11.2,9.51,10.95,196970.22,206410.467
920564.BJ,20241121,24.9,25.81,23.29,23.99,58463.58,143104.809
920685.BJ,20241121,13.25,14.28,13.2,14.16,50605.55,69953.344
920718.BJ,20241121,17.1,18.77,16.94,18.21,37149.7,66398.633
600000.SH,20241121,9.71,9.77,9.68,9.72,296127.55,287464.178
600004.SH,20241121,9.86,9.88,9.79,9.85,142172.6,139756.993
600006.SH,20241121,7.34,7.6,7.3,7.43,939733.66,700536.512
600007.SH,20241121,22.72,22.78,22.45,22.5,38835.44,87623.549
600008.SH,20241121,3.38,3.41,3.34,3.35,825118.15,277816.63
600009.SH,20241121,36.0,36.17,35.6,35.83,75640.02,270743.968
600010.SH,20241121,1.93,1.94,1.9,1.92,4021341.07,771046.466
600011.SH,20241121,7.14,7.21,7.14,7.2,299641.36,215231.161
600012.SH,20241121,14.56,14.61,14.34,14.53,37510.09,54318.65
600015.SH,20241121,7.46,7.5,7.36,7.42,381773.6,282775.713
600016.SH,20241121,4.04,4.07,3.96,3.99,3799067.38,1518748.189
600017.SH,20241121,3.25,3.28,3.2,3.23,383361.52,123822.354
600018.SH,20241121,5.98,6.01,5.94,5.97,235649.86,140588.594
600019.SH,20241121,6.71,6.79,6.71,6.77,546814.99,369013.201
600020.SH,20241121,4.3,4.32,4.21,4.25,163979.18,69526.481
600021.SH,20241121,9.86,9.94,9.81,9.9,323501.59,319532.944
600022.SH,20241121,1.53,1.55,1.51,1.52,782821.2,119060.301
600023.SH,20241121,5.72,5.77,5.71,5.75,376855.76,216222.368
600025.SH,20241121,9.61,9.72,9.6,9.67,179055.3,173074.704
600026.SH,20241121,12.79,12.87,12.74,12.76,182102.44,232621.967
600027.SH,20241121,5.58,5.62,5.56,5.6,334624.38,187205.518
600028.SH,20241121,6.33,6.37,6.31,6.33,931972.75,590705.961
600029.SH,20241121,6.44,6.5,6.36,6.44,406573.56,260749.861
600030.SH,20241121,31.52,32.12,31.38,31.89,1904305.9,6042276.754
600031.SH,20241121,17.8,17.91,17.65,17.74,340332.86,603500.964
600032.SH,20241121,8.1,8.18,7.97,8.02,91182.66,73164.58
600033.SH,20241121,3.58,3.6,3.55,3.56,224965.86,80250.849
600035.SH,20241121,4.28,4.3,4.24,4.28,125128.2,53359.694
600036.SH,20241121,37.48,37.66,37.27,37.43,350336.14,1309684.433
600037.SH,20241121,7.38,7.46,7.27,7.38,161578.59,118854.637
600038.SH,20241121,41.02,41.12,40.5,40.79,60009.29,245065.035
600039.SH,20241121,7.47,7.54,7.37,7.43,312986.6,232645.377
600048.SH,20241121,10.11,10.18,9.98,10.06,766748.16,770771.821
600050.SH,20241121,5.46,5.51,5.31,5.37,6257145.7,3370254.146
600051.SH,20241121,6.89,6.93,6.76,6.88,54677.0,37500.483
600052.SH,20241121,4.8,4.89,4.76,4.86,51262.0,24762.919
600053.SH,20241121,15.6,15.76,15.33,15.56,45507.0,70652.453
600054.SH,20241121,11.58,11.6,11.5,11.57,41316.24,47718.446
600055.SH,20241121,17.33,17.98,17.2,17.5,109666.55,192484.56
600056.SH,20241121,12.4,12.4,12.15,12.31,378386.67,463983.046
600057.SH,20241121,6.14,6.19,6.04,6.07,195874.72,119191.18
600058.SH,20241121,7.64,7.79,7.62,7.77,95711.21,73631.966
600059.SH,20241121,9.18,9.19,9.08,9.15,92028.9,84051.152
600060.SH,20241121,21.21,21.67,21.06,21.2,72371.4,154384.05
600061.SH,20241121,7.93,8.0,7.85,7.93,403654.58,319605.47
600062.SH,20241121,22.25,22.5,21.88,22.08,134705.59,298281.577
600063.SH,20241121,4.23,4.33,4.19,4.31,404008.75,172385.83
600064.SH,20241121,7.98,8.02,7.88,8.0,205083.62,163147.706
600066.SH,20241121,23.02,23.65,22.85,23.27,219073.33,512502.169
600067.SH,20241121,3.18,3.33,3.12,3.23,545590.82,175045.106
600070.SH,20241121,1.9,1.91,1.83,1.86,64631.0,12112.352
600071.SH,20241121,22.34,22.69,22.09,22.38,43691.01,97949.731
600072.SH,20241121,13.8,13.88,13.54,13.69,178131.8,244243.209
600073.SH,20241121,7.06,7.09,6.98,7.03,101098.06,70954.347
600075.SH,20241121,4.65,4.66,4.57,4.61,143843.89,66284.872
600076.SH,20241121,2.27,2.29,2.22,2.25,172616.4,38795.529
600078.SH,20241121,6.67,7.08,6.6,6.71,279828.45,190993.903
600079.SH,20241121,23.31,23.85,23.26,23.8,167158.0,393925.811
600080.SH,20241121,6.82,6.89,6.78,6.87,26316.0,17994.058
600081.SH,20241121,10.96,11.05,10.76,10.91,86415.75,94030.3
600082.SH,20241121,2.93,3.02,2.9,3.02,201755.92,59726.299
600083.SH,20241121,2.43,2.45,2.41,2.41,237798.48,57475.076
600084.SH,20241121,6.02,6.19,5.93,6.01,47051.14,28257.098
600085.SH,20241121,41.15,41.25,40.44,40.9,82906.82,337431.29
600088.SH,20241121,17.6,18.13,17.33,17.57,115165.2,204656.869
600089.SH,20241121,14.0,14.13,13.87,13.97,353777.24,495394.914
600094.SH,20241121,3.7,3.74,3.66,3.72,175509.4,64974.618
600095.SH,20241121,7.57,7.63,7.51,7.59,305468.0,231303.017
600096.SH,20241121,22.91,23.29,22.76,23.02,334958.42,769678.606
600097.SH,20241121,9.47,9.75,9.44,9.61,38243.0,36704.638
600098.SH,20241121,6.66,6.85,6.59,6.81,487534.52,328271.833
600099.SH,20241121,9.49,9.62,9.41,9.52,26606.01,25324.14
600100.SH,20241121,7.42,7.65,7.4,7.56,687988.2,518824.202
600101.SH,20241121,9.2,9.55,9.2,9.44,266209.0,250797.901
600103.SH,20241121,2.24,2.25,2.21,2.23,309255.96,68842.807
600104.SH,20241121,16.88,18.86,16.87,18.28,2127508.56,3859044.606
600105.SH,20241121,4.96,5.5,4.96,5.5,1142229.64,620919.442
600106.SH,20241121,7.22,7.29,6.89,7.03,516094.03,364897.884
600107.SH,20241121,5.16,5.2,5.02,5.16,72957.01,37292.397
600108.SH,20241121,3.18,3.18,3.05,3.09,624364.26,192645.288
600109.SH,20241121,9.16,9.24,9.1,9.2,433312.29,397338.153
600110.SH,20241121,4.63,4.73,4.6,4.65,375041.28,174493.003
600111.SH,20241121,23.41,23.56,23.05,23.26,487461.78,1135699.996
600113.SH,20241121,14.22,14.45,13.22,13.75,167934.63,235188.9
600114.SH,20241121,16.56,16.85,16.3,16.53,221296.42,365587.515
600115.SH,20241121,4.04,4.06,3.99,4.05,618017.7,248899.802
600116.SH,20241121,7.3,7.34,7.27,7.31,86090.39,62832.312
600117.SH,20241121,2.7,2.71,2.62,2.65,116154.42,30699.43
600118.SH,20241121,28.5,28.99,28.21,28.36,255140.31,730108.731
600119.SH,20241121,9.7,10.58,9.52,10.0,593252.58,593872.17
600120.SH,20241121,4.8,4.87,4.72,4.77,461860.56,220172.391
600121.SH,20241121,4.82,4.88,4.74,4.77,575776.48,275605.949
600123.SH,20241121,8.92,9.0,8.87,8.93,239586.09,213544.467
600125.SH,20241121,6.38,6.5,6.33,6.44,351075.87,224709.406
600126.SH,20241121,4.19,4.23,4.14,4.18,204563.25,85238.403
600127.SH,20241121,6.99,7.01,6.93,6.99,107848.84,75183.056
600128.SH,20241121,8.33,8.88,8.28,8.79,138473.09,119103.436
600129.SH,20241121,26.02,26.13,25.53,25.76,90655.58,233707.349
600130.SH,20241121,5.61,5.64,5.5,5.53,414963.0,230693.418
600131.SH,20241121,21.85,21.85,21.27,21.47,159880.75,343105.237
600132.SH,20241121,63.01,63.46,62.1,62.72,34022.0,213100.186
600133.SH,20241121,11.29,11.4,11.06,11.17,432989.53,484356.204
600135.SH,20241121,6.8,7.0,6.77,6.9,126681.0,87130.626
600136.SH,20241121,2.02,2.05,1.94,2.04,284988.09,57342.761
600137.SH,20241121,14.77,15.6,14.77,15.25,19973.0,30489.993
600138.SH,20241121,10.29,10.36,10.24,10.33,111901.4,115250.355
600141.SH,20241121,24.73,25.05,24.24,24.43,242124.55,594315.74
600143.SH,20241121,8.8,8.9,8.75,8.87,178775.55,157782.432
600148.SH,20241121,24.16,25.85,23.2,24.66,192162.28,470722.021
600149.SH,20241121,4.74,4.92,4.65,4.9,179095.0,86278.246
600150.SH,20241121,36.24,36.58,36.09,36.33,305508.02,1108358.553
600151.SH,20241121,9.14,9.2,8.96,9.12,261893.29,237953.861
600152.SH,20241121,7.26,7.4,7.04,7.13,378296.02,271973.621
600153.SH,20241121,9.77,9.84,9.66,9.73,302627.43,294104.529
600155.SH,20241121,8.0,8.13,7.95,8.07,497429.74,399601.36
600156.SH,20241121,4.77,4.91,4.7,4.87,151883.4,73015.592
600157.SH,20241121,1.67,1.68,1.63,1.64,10649137.23,1755277.259
600158.SH,20241121,8.1,8.14,8.04,8.09,123345.67,99829.618
600159.SH,20241121,2.72,2.74,2.68,2.74,207434.01,56213.847
600160.SH,20241121,21.52,21.92,21.45,21.73,138884.17,301180.084
600161.SH,20241121,22.0,22.16,21.91,22.03,88016.05,193730.957
600162.SH,20241121,1.94,1.97,1.91,1.93,351384.88,67799.792
600163.SH,20241121,6.48,6.6,6.17,6.28,335715.43,210847.101
600165.SH,20241121,2.04,2.05,1.94,1.97,232138.46,46182.808
600166.SH,20241121,2.66,2.7,2.63,2.66,1145555.19,305636.366
600167.SH,20241121,6.06,6.1,6.02,6.05,29058.27,17578.199
600168.SH,20241121,5.0,5.02,4.9,4.94,90532.2,44708.384
600169.SH,20241121,2.47,2.58,2.46,2.48,424706.31,106350.352
600170.SH,20241121,2.72,2.74,2.65,2.68,3011903.0,809488.438
600171.SH,20241121,40.68,41.7,40.4,41.03,668492.44,2748549.203
600172.SH,20241121,3.29,3.29,3.21,3.25,326756.44,105817.344
600173.SH,20241121,4.29,4.34,4.26,4.33,73550.08,31659.167
600176.SH,20241121,10.9,10.94,10.72,10.81,213014.97,229932.554
600177.SH,20241121,7.7,7.8,7.64,7.78,307933.0,237928.369
600178.SH,20241121,12.46,12.8,12.43,12.6,223860.21,282777.845
600179.SH,20241121,2.97,2.97,2.91,2.95,305948.61,89923.173
600180.SH,20241121,5.0,5.03,4.86,4.9,386807.7,190311.676
600182.SH,20241121,17.1,18.28,17.09,18.28,50901.35,90448.447
600183.SH,20241121,21.21,21.54,21.03,21.28,174408.11,372135.619
600184.SH,20241121,10.85,11.75,10.8,11.41,177743.31,201648.695
600185.SH,20241121,7.13,7.48,7.07,7.4,386435.78,280678.396
600186.SH,20241121,4.92,4.95,4.81,4.85,578893.65,281161.642
600187.SH,20241121,4.22,4.46,4.18,4.32,1182914.88,507182.103
600188.SH,20241121,15.51,15.67,15.46,15.54,179202.52,278826.857
600189.SH,20241121,7.52,7.85,7.52,7.63,142472.8,109388.778
600190.SH,20241121,1.73,1.73,1.7,1.71,204768.54,35105.578
600191.SH,20241121,6.21,6.23,6.07,6.17,46196.0,28320.108
600192.SH,20241121,6.45,6.51,6.35,6.47,99907.59,64213.12
600193.SH,20241121,3.54,3.59,3.48,3.56,169898.0,60403.881
600195.SH,20241121,7.17,7.21,7.07,7.15,109137.97,77760.054
600196.SH,20241121,27.25,27.4,27.05,27.29,103679.38,282153.677
600197.SH,20241121,18.13,18.19,17.88,18.03,60824.74,109586.571
600198.SH,20241121,11.07,11.36,11.0,11.15,505973.01,564747.275
600199.SH,20241121,14.07,14.24,13.93,14.12,156908.12,220916.31
600200.SH,20241121,9.8,10.34,9.74,10.02,342426.23,345836.593
600201.SH,20241121,6.92,6.96,6.82,6.9,136794.08,93958.998
600202.SH,20241121,4.86,5.05,4.84,5.0,144193.11,71546.346
600203.SH,20241121,12.68,13.36,12.48,12.74,829937.92,1066354.689
600206.SH,20241121,22.99,23.64,20.61,22.22,3392173.8,7627755.955
600207.SH,20241121,5.09,5.15,4.9,4.99,238948.0,119860.371
600208.SH,20241121,3.02,3.04,2.98,3.04,1007092.0,302507.897
600210.SH,20241121,7.55,7.55,7.26,7.34,872007.39,645022.214
600211.SH,20241121,38.6,38.67,37.7,38.02,44787.07,170978.469
600212.SH,20241121,9.16,9.38,8.95,9.12,289649.35,265256.276
600215.SH,20241121,7.5,7.66,7.41,7.53,108381.05,81622.932
600216.SH,20241121,16.91,16.98,16.65,16.73,164649.0,276931.744
600217.SH,20241121,6.13,6.26,6.11,6.17,253556.01,156647.048
600218.SH,20241121,8.15,8.3,8.13,8.27,100786.05,83082.93
600219.SH,20241121,4.13,4.16,4.08,4.12,1052769.0,432188.616
600221.SH,20241121,1.8,1.83,1.76,1.78,9843037.36,1753362.416
600222.SH,20241121,5.28,5.46,5.26,5.35,166734.01,89354.638
600223.SH,20241121,6.95,7.13,6.91,7.08,116172.42,81446.34
600225.SH,20241121,1.47,1.47,1.47,1.47,18685.0,2746.695
600226.SH,20241121,2.42,2.43,2.37,2.39,187448.56,44853.553
600227.SH,20241121,2.55,2.55,2.45,2.48,543244.01,135037.077
600228.SH,20241121,6.9,7.42,6.89,6.99,747777.47,529022.675
600229.SH,20241121,7.51,7.61,7.45,7.55,85124.72,64102.672
600230.SH,20241121,11.3,11.56,11.25,11.41,88228.11,100874.133
600231.SH,20241121,2.04,2.05,2.0,2.02,99627.5,20174.202
600232.SH,20241121,5.48,5.59,5.48,5.59,41084.1,22813.035
600233.SH,20241121,15.69,15.7,15.19,15.25,443078.73,677868.736
600234.SH,20241121,4.98,5.07,4.76,4.91,80016.43,39880.689
600235.SH,20241121,5.83,5.89,5.8,5.87,58562.52,34260.522
600236.SH,20241121,6.34,6.42,6.32,6.39,195896.6,124823.165
600237.SH,20241121,7.19,7.3,7.11,7.23,177417.82,127805.339
600238.SH,20241121,8.44,8.51,8.32,8.43,65225.99,54924.233
600239.SH,20241121,3.13,3.18,3.07,3.1,526757.6,164021.146
600241.SH,20241121,7.44,7.6,7.41,7.55,35047.0,26365.35
600243.SH,20241121,4.33,4.43,4.3,4.37,123526.0,53688.281
600246.SH,20241121,11.57,11.95,11.45,11.66,548522.06,643707.278
600248.SH,20241121,4.66,4.69,4.59,4.63,295259.28,136727.138
600249.SH,20241121,4.9,5.05,4.88,5.0,124848.0,62128.813
600251.SH,20241121,7.56,7.6,7.49,7.54,57877.21,43651.081
600252.SH,20241121,2.69,2.71,2.62,2.66,609339.97,161568.878
600255.SH,20241121,2.28,2.36,2.27,2.36,654858.77,152270.754
600256.SH,20241121,7.71,7.71,7.55,7.62,405134.9,308737.867
600257.SH,20241121,5.32,5.39,5.29,5.34,148819.01,79400.498
600258.SH,20241121,14.2,14.3,14.12,14.24,66495.14,94481.551
600259.SH,20241121,31.3,32.0,30.4,31.25,80398.44,252109.611
600261.SH,20241121,3.26,3.27,3.23,3.27,104104.05,33886.156
600262.SH,20241121,21.62,21.67,20.57,20.99,103712.54,217254.658
600265.SH,20241121,17.08,17.47,16.95,17.32,14180.13,24461.964
600266.SH,20241121,5.8,5.84,5.66,5.69,354566.64,202441.809
600267.SH,20241121,8.63,8.68,8.53,8.68,136766.67,117926.226
600268.SH,20241121,7.07,7.18,7.03,7.13,107015.2,76169.562
600269.SH,20241121,5.41,5.42,5.33,5.38,178568.01,95986.275
600271.SH,20241121,9.97,10.05,9.86,9.97,155710.0,155149.642
600272.SH,20241121,12.01,12.03,11.79,11.94,67397.0,80215.183
600273.SH,20241121,8.92,9.26,8.53,8.69,1626326.84,1437125.615
600276.SH,20241121,50.31,50.97,49.75,50.19,488474.93,2454422.663
600278.SH,20241121,7.93,8.1,7.8,7.88,275116.82,217875.399
600279.SH,20241121,6.07,6.22,5.76,5.83,851625.29,509236.224
600280.SH,20241121,3.9,4.1,3.8,3.99,808205.32,317074.282
600281.SH,20241121,3.93,4.2,3.93,4.01,281989.0,113392.638
600282.SH,20241121,4.23,4.26,4.2,4.23,259419.0,109570.995
600283.SH,20241121,9.36,9.41,9.23,9.32,31438.6,29253.995
600284.SH,20241121,6.42,6.48,6.4,6.45,109380.4,70329.724
600285.SH,20241121,21.7,21.77,21.4,21.56,50355.79,108591.053
600287.SH,20241121,4.17,4.25,4.12,4.22,41480.0,17300.573
600288.SH,20241121,10.64,10.64,10.64,10.64,25775.59,27425.228
600292.SH,20241121,15.29,15.62,13.93,14.19,1078705.97,1571006.622
600293.SH,20241121,3.1,3.13,3.03,3.08,208254.5,63825.451
600295.SH,20241121,9.81,9.96,9.8,9.88,101825.94,100581.882
600298.SH,20241121,35.37,35.94,35.2,35.86,55621.66,198126.416
600299.SH,20241121,11.26,11.35,11.17,11.28,53864.0,60569.705
600300.SH,20241121,2.96,2.97,2.91,2.94,219738.0,64514.329
600301.SH,20241121,18.17,18.45,17.92,18.3,99778.55,181248.523
600302.SH,20241121,5.23,5.57,5.2,5.45,110760.0,59854.342
600303.SH,20241121,3.06,3.21,3.02,3.21,263686.0,82733.895
600305.SH,20241121,8.05,8.09,8.01,8.07,63456.25,51077.493
600307.SH,20241121,1.7,1.71,1.67,1.69,541609.0,91207.048
600308.SH,20241121,3.9,3.95,3.85,3.89,239376.84,93165.687
600309.SH,20241121,77.13,77.24,76.26,76.68,141897.79,1088138.601
600310.SH,20241121,4.79,4.82,4.69,4.75,230574.28,109126.322
600312.SH,20241121,18.18,18.42,18.1,18.22,111633.9,203494.371
600313.SH,20241121,6.81,6.87,6.73,6.79,203408.0,138077.643
600315.SH,20241121,17.19,17.24,17.05,17.17,40159.67,68856.965
600316.SH,20241121,34.99,36.43,34.6,35.61,175597.8,625455.903
600318.SH,20241121,9.44,9.64,9.36,9.52,411288.15,390168.51
600319.SH,20241121,5.28,5.39,5.2,5.34,57967.0,30811.899
600320.SH,20241121,4.18,4.19,4.09,4.12,301763.12,124320.037
600322.SH,20241121,2.46,2.46,2.35,2.37,864065.82,206914.093
600323.SH,20241121,23.77,23.77,22.31,22.46,111605.94,252555.105
600325.SH,20241121,6.66,6.69,6.61,6.66,190157.16,126434.181
600326.SH,20241121,7.36,7.55,7.33,7.47,562357.13,417190.745
600327.SH,20241121,5.51,5.51,5.13,5.51,2162882.53,1173327.072
600328.SH,20241121,8.5,8.59,8.38,8.45,171421.96,145177.345
600329.SH,20241121,33.93,34.0,33.33,33.61,29545.4,99293.155
600330.SH,20241121,7.77,7.83,7.63,7.75,179537.91,138942.144
600331.SH,20241121,8.03,8.2,7.96,8.09,326769.97,264608.082
600332.SH,20241121,28.98,29.1,28.74,28.93,40762.77,117676.534
600333.SH,20241121,5.82,5.98,5.57,5.65,430041.03,245521.52
600335.SH,20241121,6.76,6.86,6.68,6.76,235878.59,159694.86
600336.SH,20241121,7.5,7.56,7.36,7.47,212159.0,158558.354
600337.SH,20241121,1.99,2.01,1.95,1.99,182443.0,36196.384
600338.SH,20241121,12.86,13.15,12.59,12.78,479645.01,613766.578
600339.SH,20241121,3.85,3.86,3.72,3.76,572329.71,215848.854
600340.SH,20241121,2.86,3.1,2.81,2.88,3977209.8,1164117.916
600343.SH,20241121,12.29,12.43,11.92,12.15,443126.49,538695.024
600345.SH,20241121,29.2,31.12,28.86,29.3,514395.04,1554017.521
600346.SH,20241121,14.96,15.11,14.7,14.73,162965.25,241591.729
600348.SH,20241121,7.74,7.78,7.7,7.75,225929.65,174791.193
600350.SH,20241121,9.33,9.55,9.3,9.42,84991.48,79847.015
600351.SH,20241121,6.3,6.35,6.24,6.33,162240.04,102240.198
600352.SH,20241121,10.35,10.45,10.31,10.42,216258.29,224512.089
600353.SH,20241121,8.35,8.77,8.28,8.68,399625.31,343730.259
600354.SH,20241121,5.81,5.88,5.74,5.83,138195.01,80274.382
600355.SH,20241121,4.62,4.75,4.53,4.63,403669.52,186208.818
600358.SH,20241121,3.83,3.85,3.7,3.77,126128.11,47421.494
600359.SH,20241121,6.69,6.76,6.67,6.75,46510.0,31261.711
600360.SH,20241121,5.07,5.08,4.96,5.01,246566.0,123653.135
600361.SH,20241121,4.07,4.08,3.99,4.03,488365.0,197157.063
600362.SH,20241121,22.0,22.14,21.85,22.04,126412.39,277631.865
600363.SH,20241121,48.92,51.0,48.43,49.03,347169.43,1727750.336
600365.SH,20241121,2.91,2.94,2.89,2.93,47000.0,13696.108
600366.SH,20241121,7.36,7.44,7.28,7.38,150686.68,111050.592
600367.SH,20241121,12.52,13.2,12.35,13.2,302491.3,390774.274
600368.SH,20241121,3.93,3.94,3.87,3.9,170178.93,66283.04
600369.SH,20241121,4.85,4.92,4.81,4.88,688842.19,334812.583
600370.SH,20241121,2.06,2.09,2.03,2.07,221987.0,45649.047
600371.SH,20241121,8.93,9.01,8.82,8.9,58223.47,51837.916
600372.SH,20241121,13.02,13.02,12.82,12.9,229451.34,296050.73
600373.SH,20241121,12.91,12.93,12.71,12.78,191774.8,245632.049
600375.SH,20241121,6.55,6.59,6.33,6.47,66853.57,43167.215
600376.SH,20241121,2.9,2.94,2.86,2.93,249627.95,72405.711
600377.SH,20241121,13.17,13.38,13.15,13.29,97821.52,129972.502
600378.SH,20241121,31.65,31.99,31.31,31.7,16107.02,50969.271
600379.SH,20241121,10.13,10.21,10.03,10.16,24614.62,24981.677
600380.SH,20241121,11.76,11.8,11.57,11.69,186420.2,217407.738
600381.SH,20241121,3.15,3.21,3.11,3.17,81432.0,25674.258
600382.SH,20241121,4.54,4.8,4.53,4.8,498468.31,237120.847
600383.SH,20241121,5.35,5.41,5.27,5.31,635754.0,338663.626
600386.SH,20241121,4.28,4.37,4.24,4.31,174064.0,74850.414
600387.SH,20241121,3.33,3.34,3.28,3.31,44607.0,14752.868
600388.SH,20241121,12.03,12.13,11.99,12.03,124863.53,150250.587
600389.SH,20241121,16.28,16.64,16.12,16.28,66574.06,109023.866
600390.SH,20241121,7.72,7.73,7.51,7.6,1387750.8,1057094.126
600391.SH,20241121,19.36,19.5,19.1,19.33,51143.7,98824.643
600392.SH,20241121,11.7,11.85,11.5,11.63,370918.1,433403.745
600395.SH,20241121,5.58,5.6,5.55,5.57,104743.67,58351.59
600396.SH,20241121,2.71,2.75,2.66,2.7,239853.97,64849.376
600397.SH,20241121,2.57,2.61,2.54,2.58,133384.0,34336.92
600398.SH,20241121,6.08,6.11,6.01,6.04,334928.12,202242.273
600399.SH,20241121,6.71,6.85,6.7,6.78,320740.04,217138.099
600400.SH,20241121,3.21,3.48,3.12,3.3,3020331.8,994910.565
600403.SH,20241121,3.34,3.37,3.25,3.28,88381.28,29126.75
600405.SH,20241121,4.45,4.93,4.45,4.93,281088.58,135957.913
600406.SH,20241121,26.55,26.79,26.4,26.75,227609.2,606479.029
600408.SH,20241121,2.15,2.17,2.09,2.13,155989.41,33104.274
600409.SH,20241121,5.89,5.95,5.78,5.85,385633.63,225686.091
600410.SH,20241121,5.71,6.29,5.66,6.29,587244.46,360748.242
600415.SH,20241121,12.66,13.25,12.3,13.16,1501645.11,1928263.055
600416.SH,20241121,13.86,14.05,13.68,13.97,132747.18,184287.755
600418.SH,20241121,40.47,42.15,40.32,41.22,1230110.08,5105628.815
600419.SH,20241121,9.45,9.49,9.34,9.42,33013.6,31106.749
600420.SH,20241121,12.69,12.74,12.57,12.68,133590.2,169042.896
600421.SH,20241121,12.1,12.6,11.39,11.39,175325.33,206548.076
600422.SH,20241121,15.19,15.28,14.93,15.08,73045.08,110097.231
600423.SH,20241121,2.94,3.02,2.91,2.99,143835.02,42796.389
600425.SH,20241121,4.03,4.08,4.0,4.05,199046.02,80378.224
600426.SH,20241121,22.91,23.19,22.79,22.91,132525.42,304199.987
600428.SH,20241121,7.06,7.11,6.97,7.09,284849.92,200523.284
600429.SH,20241121,4.35,4.37,4.32,4.37,39013.05,16970.289
600433.SH,20241121,3.33,3.4,3.3,3.36,188539.98,63102.567
600435.SH,20241121,10.68,10.72,10.44,10.53,261074.97,275821.465
600436.SH,20241121,247.0,247.66,244.02,245.48,15780.42,387095.612
600438.SH,20241121,28.5,28.59,26.76,27.15,781116.01,2136492.993
600439.SH,20241121,3.95,4.0,3.85,3.94,721765.62,283434.661
600444.SH,20241121,16.58,17.54,16.44,17.18,59729.94,102228.529
600446.SH,20241121,16.03,16.19,15.76,15.97,254962.17,406951.46
600448.SH,20241121,2.84,2.9,2.8,2.88,133702.0,38143.898
600449.SH,20241121,13.65,13.83,13.4,13.54,75151.96,101988.193
600452.SH,20241121,10.6,10.89,10.5,10.81,196015.66,210420.271
600455.SH,20241121,22.11,22.82,21.9,22.23,18859.02,42139.575
600456.SH,20241121,31.09,31.76,30.95,31.31,50506.29,158294.148
600458.SH,20241121,13.12,13.43,12.96,13.36,131943.93,175027.928
600459.SH,20241121,14.41,14.5,14.29,14.46,74228.57,106904.652
600460.SH,20241121,29.26,29.49,28.83,29.13,433569.95,1267541.237
600461.SH,20241121,9.66,9.77,9.62,9.65,96461.41,93432.974
600462.SH,20241121,1.49,1.51,1.48,1.51,85980.0,12822.359
600463.SH,20241121,12.43,12.76,12.32,12.63,49968.93,62438.955
600467.SH,20241121,2.38,2.42,2.35,2.38,520424.0,123755.624
600468.SH,20241121,4.98,5.38,4.98,5.22,638270.23,335016.55
600469.SH,20241121,6.6,6.72,6.56,6.65,90803.52,60478.783
600470.SH,20241121,6.49,6.49,6.49,6.49,72215.01,46867.541
600475.SH,20241121,9.58,9.72,9.55,9.67,78670.41,75856.859
600476.SH,20241121,16.1,16.4,15.98,16.22,44411.01,71954.746
600477.SH,20241121,2.88,2.9,2.84,2.86,207731.62,59491.313
600478.SH,20241121,4.71,4.78,4.65,4.72,306657.08,144693.613
600479.SH,20241121,10.93,12.01,10.88,12.01,238750.02,275720.582
600480.SH,20241121,10.15,10.49,10.07,10.3,349902.66,358810.399
600481.SH,20241121,6.5,6.77,6.5,6.77,2078415.88,1389814.353
600482.SH,20241121,23.0,23.85,22.85,23.69,381991.73,889306.933
600483.SH,20241121,10.21,10.23,9.94,10.0,267239.35,268429.742
600486.SH,20241121,55.5,55.88,54.93,55.19,26871.48,148722.018
600487.SH,20241121,17.54,17.63,17.12,17.28,306055.59,531000.911
600488.SH,20241121,4.45,4.49,4.39,4.48,80382.0,35750.68
600489.SH,20241121,13.03,13.21,12.9,13.21,781659.47,1020192.321
600490.SH,20241121,3.14,3.18,3.08,3.14,301463.22,94103.485
600491.SH,20241121,4.12,4.22,4.11,4.2,315547.2,131612.267
600493.SH,20241121,5.38,5.48,5.35,5.47,57854.0,31363.209
600495.SH,20241121,3.97,4.07,3.95,4.0,189220.0,75699.802
600496.SH,20241121,3.1,3.12,3.05,3.07,217892.17,66970.261
600497.SH,20241121,5.97,6.01,5.9,5.96,671464.02,399179.808
600498.SH,20241121,18.98,18.98,18.58,18.77,226020.99,424015.742
600499.SH,20241121,8.72,8.75,8.57,8.67,166425.0,143917.018
600500.SH,20241121,4.46,4.5,4.37,4.41,235033.43,103699.232
600501.SH,20241121,19.88,20.87,19.68,20.16,157898.2,320981.314
600502.SH,20241121,5.04,5.07,4.96,5.0,243153.39,121533.343
600503.SH,20241121,2.42,2.44,2.39,2.43,317544.48,76609.877
600505.SH,20241121,10.73,10.89,10.63,10.8,124868.98,134627.293
600506.SH,20241121,15.46,16.38,15.03,15.55,357153.22,556616.496
600507.SH,20241121,4.23,4.26,4.22,4.25,118899.4,50411.377
600508.SH,20241121,14.51,14.74,14.27,14.37,161096.57,232378.414
600509.SH,20241121,6.74,6.81,6.67,6.76,302177.31,203555.552
600510.SH,20241121,5.26,5.61,5.23,5.55,593392.04,321770.995
600511.SH,20241121,36.2,36.5,35.75,36.13,97689.09,352238.314
600512.SH,20241121,2.48,2.49,2.44,2.47,186960.05,46092.267
600513.SH,20241121,10.49,10.67,10.41,10.59,132855.0,140108.921
600515.SH,20241121,3.83,3.92,3.82,3.84,599250.15,230962.301
600516.SH,20241121,5.31,5.42,5.28,5.33,332462.05,177405.694
600517.SH,20241121,5.72,5.73,5.65,5.7,184220.65,104671.523
600518.SH,20241121,2.43,2.46,2.38,2.4,5028837.97,1210332.587
600519.SH,20241121,1543.87,1548.99,1532.0,1545.13,18261.79,2810933.515
600520.SH,20241121,36.6,37.88,36.01,36.62,205459.18,757516.25
600521.SH,20241121,17.96,18.65,17.96,18.48,250028.41,461430.848
600522.SH,20241121,16.3,16.48,16.2,16.32,320816.84,523255.148
600523.SH,20241121,12.8,13.0,12.71,12.86,48904.26,62980.897
600525.SH,20241121,6.1,6.17,5.98,6.09,192450.49,116677.26
600526.SH,20241121,4.91,5.03,4.88,4.98,140310.0,69603.288
600527.SH,20241121,2.03,2.13,2.0,2.09,816112.61,168890.507
600528.SH,20241121,8.43,8.53,8.35,8.43,204529.4,172228.102
600529.SH,20241121,25.33,25.38,25.13,25.26,67976.52,171457.366
600530.SH,20241121,3.48,3.49,3.35,3.44,104411.0,35617.666
600531.SH,20241121,6.86,6.94,6.81,6.93,219498.06,150991.292
600533.SH,20241121,2.48,2.52,2.45,2.52,142416.0,35475.561
600535.SH,20241121,15.08,15.18,14.96,15.04,113016.88,169929.733
600536.SH,20241121,54.74,60.0,54.7,58.44,1185874.28,6870607.459
600537.SH,20241121,3.4,3.52,3.38,3.43,508594.31,174822.457
600538.SH,20241121,4.97,5.11,4.83,5.05,190173.01,95098.529
600539.SH,20241121,6.9,7.41,6.89,7.05,102194.0,72665.371
600540.SH,20241121,4.13,4.17,4.09,4.16,75067.41,31000.523
600543.SH,20241121,6.16,6.18,6.02,6.11,106836.01,65025.283
600545.SH,20241121,2.0,2.04,1.97,1.99,274192.0,54743.944
600546.SH,20241121,13.01,13.18,12.96,13.03,132093.29,172610.768
600547.SH,20241121,25.18,25.59,25.06,25.58,317642.03,803680.073
600548.SH,20241121,11.13,11.43,11.08,11.37,54402.34,61405.43
600549.SH,20241121,21.45,22.06,21.32,21.58,319945.08,693503.118
600550.SH,20241121,9.28,9.88,9.21,9.72,980596.5,938671.672
600551.SH,20241121,8.73,8.8,8.66,8.77,67525.16,59022.772
600552.SH,20241121,13.05,13.21,12.8,13.01,340170.01,442948.084
600556.SH,20241121,4.98,5.48,4.97,5.35,1356636.48,708301.006
600557.SH,20241121,14.89,15.08,14.73,14.87,87246.89,129662.694
600558.SH,20241121,4.03,4.44,4.03,4.44,691518.89,304588.051
600559.SH,20241121,21.34,21.55,21.31,21.51,171439.71,367446.354
600560.SH,20241121,15.16,15.32,15.0,15.17,33082.0,50142.633
600561.SH,20241121,5.78,6.11,5.72,5.98,170137.0,101814.264
600562.SH,20241121,20.93,21.35,20.45,20.65,238015.09,495902.299
600563.SH,20241121,130.0,134.95,129.9,133.25,21460.6,286379.165
600566.SH,20241121,30.0,30.23,29.35,29.88,62933.57,186592.117
600567.SH,20241121,1.89,1.91,1.85,1.87,1273700.5,238998.938
600568.SH,20241121,1.45,1.46,1.43,1.44,104475.0,15071.681
600569.SH,20241121,1.91,1.93,1.87,1.9,170173.0,32320.514
600570.SH,20241121,30.11,31.1,30.11,30.62,494524.51,1512678.457
600571.SH,20241121,12.88,13.45,12.72,13.11,320136.27,417794.766
600572.SH,20241121,4.77,4.8,4.72,4.77,247040.93,117533.805
600573.SH,20241121,10.5,10.5,10.31,10.42,36748.0,38261.347
600575.SH,20241121,3.63,3.84,3.61,3.8,728696.54,273215.573
600576.SH,20241121,6.19,6.48,6.12,6.33,257639.0,162072.917
600577.SH,20241121,5.61,5.85,5.45,5.7,1639971.2,935806.006
600578.SH,20241121,3.74,3.77,3.71,3.74,198057.8,73998.346
600579.SH,20241121,6.94,7.04,6.82,6.91,98165.0,67716.035
600580.SH,20241121,14.99,15.05,14.65,14.79,414071.99,614346.533
600581.SH,20241121,3.38,3.4,3.33,3.37,176176.0,59148.685
600582.SH,20241121,6.2,6.27,6.16,6.19,451340.07,280234.003
600583.SH,20241121,5.62,5.65,5.54,5.56,331376.93,184786.888
600584.SH,20241121,41.5,41.53,40.67,41.05,556719.38,2288496.125
600585.SH,20241121,26.04,26.32,25.76,25.83,103407.16,267530.064
600586.SH,20241121,5.99,6.05,5.87,5.94,165240.65,98109.677
600587.SH,20241121,18.43,18.43,18.14,18.31,68981.98,125800.612
600588.SH,20241121,12.46,12.65,12.32,12.55,472828.2,591549.626
600589.SH,20241121,4.2,4.44,4.13,4.33,384657.5,164847.944
600590.SH,20241121,5.29,5.55,5.28,5.41,175079.61,95125.91
600592.SH,20241121,10.38,10.6,10.31,10.45,76829.0,80398.526
600593.SH,20241121,28.53,29.47,27.74,28.15,113630.73,321902.587
600594.SH,20241121,4.0,4.06,3.96,4.02,103988.0,41643.584
600595.SH,20241121,3.13,3.18,3.1,3.12,570653.46,178417.631
600596.SH,20241121,8.75,8.86,8.58,8.72,183805.92,159692.347
600597.SH,20241121,8.71,8.74,8.64,8.71,94732.6,82363.91
600598.SH,20241121,14.67,14.72,14.53,14.64,130527.1,190715.786
600599.SH,20241121,14.06,14.45,13.78,13.92,24482.0,34619.23
600600.SH,20241121,72.52,72.78,71.41,71.98,34042.73,245059.842
600601.SH,20241121,3.77,3.77,3.7,3.76,644144.88,240909.608
600602.SH,20241121,15.86,16.0,15.52,15.75,353356.02,557699.292
600603.SH,20241121,10.44,10.52,10.01,10.23,100645.28,103189.837
600604.SH,20241121,4.79,4.89,4.75,4.86,178580.45,86170.049
600605.SH,20241121,40.5,40.5,39.31,39.86,61705.81,245402.506
600606.SH,20241121,2.34,2.36,2.3,2.33,1204810.88,279727.403
600608.SH,20241121,4.01,4.16,4.0,4.16,62950.28,25892.123
600609.SH,20241121,7.4,7.84,7.32,7.37,1272615.25,964001.904
600610.SH,20241121,5.2,5.29,5.17,5.26,151242.48,79007.722
600611.SH,20241121,8.8,9.64,8.72,9.31,2930134.87,2723292.165
600612.SH,20241121,51.96,52.39,51.5,51.79,18076.0,93747.773
600613.SH,20241121,7.2,7.22,7.08,7.19,88223.16,63071.283
600615.SH,20241121,11.1,11.36,10.91,11.08,33505.0,37405.395
600616.SH,20241121,6.14,6.57,6.05,6.11,360380.29,223264.126
600617.SH,20241121,2.98,3.0,2.9,2.93,163849.8,48169.526
600618.SH,20241121,9.91,9.99,9.77,9.87,91158.66,89942.868
600619.SH,20241121,14.2,15.54,14.17,14.71,1373125.7,2045558.656
600620.SH,20241121,5.63,5.7,5.51,5.6,52522.0,29462.446
600621.SH,20241121,15.4,15.63,15.37,15.55,203736.73,315766.893
600622.SH,20241121,4.06,4.15,4.01,4.03,998240.24,405853.095
600623.SH,20241121,7.35,7.51,7.33,7.37,366955.81,271914.654
600624.SH,20241121,5.54,5.66,5.36,5.53,311313.58,170904.113
600626.SH,20241121,4.18,4.22,4.05,4.17,290881.0,120165.07
600628.SH,20241121,7.0,7.05,6.93,7.03,46384.0,32446.677
600629.SH,20241121,8.35,8.53,8.25,8.35,585630.58,489795.131
600630.SH,20241121,9.79,9.95,9.7,9.87,222294.86,217980.818
600633.SH,20241121,11.02,11.2,10.89,11.05,186653.79,205897.426
600635.SH,20241121,4.29,4.36,4.24,4.3,636842.67,273672.103
600636.SH,20241121,10.7,10.8,10.52,10.65,76727.98,81926.851
600637.SH,20241121,8.47,8.59,8.31,8.39,385000.49,323884.624
600638.SH,20241121,5.3,5.35,5.21,5.27,63478.12,33470.93
600639.SH,20241121,11.36,11.4,11.21,11.34,81815.01,92441.503
600640.SH,20241121,13.17,13.45,12.99,13.25,125478.01,165712.09
600641.SH,20241121,19.66,19.88,18.81,19.05,293500.36,564058.151
600642.SH,20241121,8.52,8.58,8.41,8.49,303807.69,258499.1
600643.SH,20241121,5.87,5.89,5.73,5.8,165327.07,95744.155
600644.SH,20241121,6.66,6.88,6.59,6.8,129783.74,87750.273
600645.SH,20241121,20.99,21.11,20.51,20.7,61723.84,128199.69
600648.SH,20241121,11.78,11.86,11.67,11.85,46166.24,54325.915
600649.SH,20241121,4.82,4.85,4.69,4.72,543480.24,257617.752
600650.SH,20241121,19.38,19.69,18.18,19.69,727356.82,1404310.077
600651.SH,20241121,4.57,4.66,4.46,4.54,449279.37,203945.669
600653.SH,20241121,2.26,2.27,2.21,2.24,683141.6,152914.584
600654.SH,20241121,4.6,4.78,4.33,4.36,3701595.68,1670755.706
600655.SH,20241121,6.15,6.19,6.1,6.13,133803.38,82023.22
600657.SH,20241121,4.94,4.95,4.8,4.86,384197.82,187184.755
600658.SH,20241121,4.84,5.02,4.81,4.89,258793.41,126778.049
600660.SH,20241121,57.13,57.3,56.72,57.07,72487.6,413193.873
600661.SH,20241121,13.14,13.25,12.91,13.11,43499.0,56799.3
600662.SH,20241121,5.35,5.39,5.24,5.3,115058.16,60889.576
600663.SH,20241121,10.69,10.77,10.54,10.65,42630.64,45242.266
600664.SH,20241121,3.9,3.92,3.81,3.86,284579.46,109840.432
600665.SH,20241121,3.23,3.32,3.21,3.29,171275.41,56133.287
600666.SH,20241121,2.96,2.96,2.78,2.82,2368656.8,676963.937
600667.SH,20241121,7.9,8.05,7.82,7.94,762996.9,603294.865
600668.SH,20241121,10.71,10.94,10.64,10.8,73052.01,78976.906
600671.SH,20241121,9.0,9.24,9.0,9.07,3804.0,3461.545
600673.SH,20241121,8.5,8.58,8.37,8.57,208121.87,176498.033
600674.SH,20241121,16.84,17.14,16.78,17.08,308624.72,525388.843
600675.SH,20241121,2.99,3.02,2.96,3.0,214548.45,64194.881
600676.SH,20241121,5.88,6.3,5.56,5.58,1587904.47,928047.991
600678.SH,20241121,7.19,7.65,7.17,7.45,342417.52,254836.249
600679.SH,20241121,11.16,11.29,11.05,11.21,49244.0,55055.457
600681.SH,20241121,3.68,3.69,3.63,3.66,101166.56,37051.365
600682.SH,20241121,7.31,7.36,7.13,7.25,513700.45,371678.05
600683.SH,20241121,4.34,4.38,4.28,4.34,94639.01,41000.974
600684.SH,20241121,3.46,3.51,3.39,3.46,255207.81,87630.412
600685.SH,20241121,25.23,25.33,24.97,25.11,81927.05,205770.904
600686.SH,20241121,12.4,12.91,12.39,12.68,397133.26,505985.622
600688.SH,20241121,3.06,3.08,3.0,3.02,245557.55,74149.263
600689.SH,20241121,9.48,9.59,9.3,9.54,52573.24,49737.432
600690.SH,20241121,28.95,29.07,28.58,28.8,312767.53,900097.355
600691.SH,20241121,2.48,2.53,2.44,2.49,353619.8,88054.852
600692.SH,20241121,8.33,8.53,8.12,8.28,156031.6,129959.161
600693.SH,20241121,3.57,3.68,3.57,3.67,108148.16,39313.314
600694.SH,20241121,20.0,20.02,19.63,19.82,56024.02,110897.718
600696.SH,20241121,14.68,15.17,14.47,14.87,113502.1,168248.053
600697.SH,20241121,12.5,12.72,12.36,12.58,24185.44,30285.386
600698.SH,20241121,5.3,5.49,5.23,5.34,207730.72,111382.913
600699.SH,20241121,16.9,16.93,16.62,16.77,187129.36,314205.605
600702.SH,20241121,76.0,77.5,75.28,76.86,107570.01,823016.305
600703.SH,20241121,13.56,13.62,13.35,13.52,424543.73,573218.182
600704.SH,20241121,5.43,5.44,5.32,5.36,886068.97,474977.915
600705.SH,20241121,4.31,4.33,4.21,4.25,1488317.0,634122.231
600706.SH,20241121,9.81,9.97,9.73,9.83,45103.0,44310.914
600707.SH,20241121,7.38,7.4,7.2,7.28,361986.85,264167.651
600708.SH,20241121,3.5,3.65,3.39,3.65,1263066.88,455328.853
600710.SH,20241121,9.05,9.12,9.0,9.11,90862.52,82397.472
600711.SH,20241121,4.91,4.97,4.89,4.96,464812.24,229290.348
600712.SH,20241121,5.8,5.84,5.52,5.61,267609.0,150341.649
600713.SH,20241121,5.31,5.54,5.24,5.5,552519.76,298297.257
600714.SH,20241121,10.15,10.19,9.7,10.0,247955.85,247182.934
600715.SH,20241121,2.33,2.46,2.31,2.43,341964.22,82485.345
600716.SH,20241121,3.47,3.52,3.44,3.51,154183.93,53670.206
600717.SH,20241121,5.15,5.16,5.05,5.08,343793.35,174877.687
600718.SH,20241121,10.85,10.86,10.62,10.78,159468.77,171446.752
600719.SH,20241121,7.28,7.36,7.23,7.31,143723.02,105011.51
600720.SH,20241121,9.59,9.62,9.41,9.5,119836.08,113928.618
600721.SH,20241121,7.26,7.35,7.15,7.23,176378.0,127697.074
600722.SH,20241121,5.36,5.36,5.09,5.26,769008.32,401171.596
600724.SH,20241121,4.95,5.05,4.92,4.99,178853.6,89110.211
600725.SH,20241121,3.28,3.29,3.21,3.27,144824.5,46945.506
600726.SH,20241121,2.4,2.41,2.36,2.39,286659.0,68275.322
600727.SH,20241121,8.19,8.31,8.05,8.16,216711.6,177033.783
600728.SH,20241121,4.9,5.09,4.87,5.01,573450.64,285594.639
600729.SH,20241121,27.33,27.47,26.93,27.13,37554.0,102258.06
600730.SH,20241121,6.51,6.62,6.43,6.53,163089.49,106195.279
600731.SH,20241121,6.11,6.19,6.08,6.15,59703.0,36682.118
600732.SH,20241121,14.99,15.5,14.2,15.04,996769.19,1487292.677
600733.SH,20241121,8.7,8.95,8.62,8.7,2289715.69,2009351.437
600734.SH,20241121,4.56,4.8,4.36,4.42,3954257.75,1811748.327
600735.SH,20241121,4.78,4.86,4.72,4.85,84644.01,40683.601
600736.SH,20241121,6.27,7.03,6.17,7.03,1311927.61,865631.561
600737.SH,20241121,10.0,10.01,9.82,9.91,239894.23,236809.883
600738.SH,20241121,4.83,4.94,4.8,4.89,73701.0,35943.765
600739.SH,20241121,11.85,11.88,11.7,11.83,202159.5,238120.801
600740.SH,20241121,4.37,4.4,4.32,4.37,221258.94,96286.492
600741.SH,20241121,16.83,17.2,16.64,16.69,283813.02,479709.053
600742.SH,20241121,10.03,10.2,9.84,10.2,319901.02,321348.248
600743.SH,20241121,1.97,1.97,1.85,1.87,492463.47,92999.711
600744.SH,20241121,3.46,3.5,3.41,3.48,264592.0,91391.937
600745.SH,20241121,42.7,43.04,41.49,42.1,233275.38,984521.7
600746.SH,20241121,7.36,7.48,7.32,7.41,62334.54,46156.804
600748.SH,20241121,3.63,3.85,3.62,3.74,265536.8,99721.198
600749.SH,20241121,11.17,11.24,11.08,11.19,27536.01,30729.062
600750.SH,20241121,21.36,21.43,21.12,21.27,46901.23,99613.432
600751.SH,20241121,2.87,2.87,2.8,2.82,366921.47,103482.808
600753.SH,20241121,7.46,7.61,7.38,7.4,51780.48,38818.481
600754.SH,20241121,27.16,27.2,26.65,26.85,65351.0,175791.57
600755.SH,20241121,6.86,6.87,6.77,6.8,197943.17,134714.468
600756.SH,20241121,15.85,15.99,15.63,15.72,130485.02,206094.759
600757.SH,20241121,8.92,8.93,8.78,8.85,219613.59,194664.802
600758.SH,20241121,3.68,3.72,3.62,3.66,119657.0,43773.442
600759.SH,20241121,3.01,3.01,2.86,2.89,976865.49,283530.703
600760.SH,20241121,50.42,50.48,49.72,50.03,265738.23,1330035.492
600761.SH,20241121,17.49,17.59,17.37,17.47,94567.3,164999.867
600763.SH,20241121,51.31,51.6,50.5,51.09,61674.31,314470.401
600764.SH,20241121,27.24,28.6,27.17,28.09,90078.59,253526.283
600765.SH,20241121,20.95,21.15,20.71,20.74,165816.74,346654.281
600768.SH,20241121,9.65,9.92,9.61,9.72,32510.29,31731.952
600769.SH,20241121,11.78,12.56,11.52,12.2,188110.0,227553.645
600770.SH,20241121,4.82,4.89,4.78,4.85,265886.99,128788.239
600771.SH,20241121,19.84,19.9,19.55,19.69,56963.08,112032.632
600773.SH,20241121,14.25,14.38,13.76,13.81,170319.49,238788.756
600774.SH,20241121,7.9,8.04,7.83,7.91,49455.0,39205.82
600775.SH,20241121,10.08,10.15,9.87,10.05,247212.35,247901.42
600776.SH,20241121,12.67,12.75,12.31,12.54,397555.02,496437.387
600777.SH,20241121,2.27,2.28,2.24,2.26,367921.6,83203.649
600778.SH,20241121,5.48,5.54,5.4,5.52,40661.82,22276.933
600779.SH,20241121,55.8,56.1,54.63,55.29,94168.95,519835.681
600780.SH,20241121,6.11,6.17,6.03,6.09,92277.3,56043.436
600782.SH,20241121,3.83,4.05,3.82,4.02,732725.37,291255.123
600783.SH,20241121,13.47,13.67,13.4,13.58,55723.0,75361.089
600784.SH,20241121,6.05,6.09,6.0,6.08,48976.0,29627.759
600785.SH,20241121,11.55,11.66,11.43,11.56,65799.11,75842.746
600787.SH,20241121,6.65,7.09,6.35,6.43,2301955.88,1512574.235
600789.SH,20241121,8.87,9.05,8.74,8.94,585970.62,520953.107
600790.SH,20241121,3.92,3.98,3.89,3.98,215069.99,84593.073
600791.SH,20241121,4.39,4.51,4.39,4.48,83514.0,37204.055
600792.SH,20241121,3.79,3.87,3.76,3.79,186293.6,70691.941
600793.SH,20241121,12.11,13.38,12.05,13.38,58416.05,76205.961
600794.SH,20241121,3.71,3.72,3.65,3.69,169394.62,62335.644
600795.SH,20241121,4.77,4.84,4.77,4.81,902836.56,434235.749
600796.SH,20241121,5.07,5.15,5.03,5.12,57686.0,29415.275
600797.SH,20241121,7.3,7.48,7.15,7.23,626270.26,456905.097
600798.SH,20241121,3.18,3.2,3.14,3.17,92661.52,29319.623
600800.SH,20241121,4.39,4.39,4.39,4.39,58518.44,25689.595
600801.SH,20241121,13.48,13.56,13.31,13.38,46390.0,62023.937
600802.SH,20241121,4.01,4.06,3.95,4.0,104832.11,41974.18
600803.SH,20241121,19.17,19.5,19.07,19.31,70723.53,136407.501
600804.SH,20241121,2.14,2.18,2.01,2.01,1414770.39,292732.336
600805.SH,20241121,4.64,4.68,4.58,4.65,96376.31,44529.238
600807.SH,20241121,4.07,4.27,4.06,4.19,405145.6,168729.099
600808.SH,20241121,2.38,2.4,2.35,2.37,291641.61,69112.274
600809.SH,20241121,210.0,212.2,206.68,208.48,45485.38,948273.949
600810.SH,20241121,7.88,7.94,7.75,7.86,125599.33,98417.3
600811.SH,20241121,3.26,3.34,3.12,3.23,6305750.94,2018748.203
600812.SH,20241121,5.65,5.68,5.57,5.61,99776.5,56013.076
600814.SH,20241121,6.85,6.95,6.81,6.89,68763.0,47230.16
600815.SH,20241121,2.59,2.66,2.56,2.63,285130.0,74469.345
600816.SH,20241121,3.77,3.79,3.67,3.74,666446.78,247147.687
600817.SH,20241121,13.8,14.34,13.05,13.34,274071.63,372720.738
600818.SH,20241121,13.1,13.25,12.87,13.05,65939.0,86029.459
600819.SH,20241121,5.45,5.55,5.43,5.51,125621.0,69027.217
600820.SH,20241121,6.95,7.0,6.86,6.9,312185.36,215624.554
600821.SH,20241121,5.68,5.74,5.65,5.68,132829.1,75385.67
600822.SH,20241121,12.28,13.69,11.88,12.93,577041.24,745155.864
600824.SH,20241121,3.68,3.71,3.65,3.69,123183.02,45320.947
600825.SH,20241121,6.25,6.62,6.15,6.35,488306.73,310496.392
600826.SH,20241121,10.64,10.69,10.13,10.13,686434.3,710699.898
600827.SH,20241121,10.01,10.04,9.88,10.0,85035.23,84713.586
600828.SH,20241121,3.22,3.26,3.18,3.22,117293.22,37670.723
600829.SH,20241121,7.27,7.33,7.15,7.28,89268.5,64570.771
600830.SH,20241121,10.49,10.6,10.33,10.47,121457.2,127447.972
600831.SH,20241121,2.82,2.85,2.77,2.8,109603.3,30731.582
600833.SH,20241121,13.77,13.86,13.57,13.71,82086.48,112467.316
600834.SH,20241121,9.0,9.03,8.83,8.94,74297.0,66440.739
600835.SH,20241121,18.99,20.65,18.79,20.5,569798.98,1131634.423
600837.SH,20241121,11.89,11.91,11.68,11.73,938406.75,1106679.34
600838.SH,20241121,9.08,9.5,9.0,9.41,271075.35,251564.776
600839.SH,20241121,12.27,13.41,12.01,13.41,9693567.76,12763609.405
600841.SH,20241121,5.48,5.61,5.41,5.49,198503.19,109451.217
600843.SH,20241121,13.02,14.39,12.95,13.75,788964.52,1092889.17
600844.SH,20241121,3.5,3.6,3.37,3.4,1526132.11,531827.469
600845.SH,20241121,28.09,28.18,27.81,28.13,141298.61,395465.615
600846.SH,20241121,8.5,8.62,8.45,8.56,74867.43,63873.335
600847.SH,20241121,10.05,10.15,9.86,9.99,23205.0,23223.251
600848.SH,20241121,10.85,10.91,10.73,10.82,114150.59,123338.115
600850.SH,20241121,24.55,25.03,24.43,24.72,127645.0,315683.715
600851.SH,20241121,6.08,6.08,5.96,6.04,49048.1,29482.079
600853.SH,20241121,3.84,3.87,3.8,3.83,152602.23,58483.449
600854.SH,20241121,4.94,5.15,4.92,5.07,244480.41,123463.563
600855.SH,20241121,12.56,12.9,12.43,12.68,149308.0,189496.427
600857.SH,20241121,7.33,7.45,7.21,7.32,49028.78,35864.533
600858.SH,20241121,4.81,4.85,4.78,4.83,66893.0,32220.687
600859.SH,20241121,14.87,15.02,14.67,14.86,205689.93,304934.953
600860.SH,20241121,10.08,11.09,10.0,11.09,186227.37,200198.831
600861.SH,20241121,19.78,19.85,19.4,19.58,23774.31,46598.526
600862.SH,20241121,25.48,25.71,25.16,25.52,92514.18,235058.445
600863.SH,20241121,4.4,4.43,4.38,4.41,442625.8,194767.088
600864.SH,20241121,6.87,6.9,6.78,6.87,387702.49,265225.425
600865.SH,20241121,9.25,9.28,9.09,9.23,45642.39,41882.777
600866.SH,20241121,6.66,6.85,6.6,6.78,494133.11,332653.998
600867.SH,20241121,8.7,8.82,8.62,8.69,135182.0,117558.824
600868.SH,20241121,2.33,2.35,2.3,2.33,213893.11,49589.863
600869.SH,20241121,4.92,4.96,4.82,4.88,243159.5,119026.879
600871.SH,20241121,2.15,2.17,2.11,2.13,777692.1,165962.095
600872.SH,20241121,22.42,22.68,22.15,22.33,92132.18,205925.641
600873.SH,20241121,10.41,10.84,10.4,10.74,587573.52,626117.056
600874.SH,20241121,6.06,6.14,6.03,6.07,95680.98,57998.186
600875.SH,20241121,15.89,16.64,15.82,16.3,509412.04,832103.159
600876.SH,20241121,10.36,10.48,10.22,10.37,18760.0,19432.426
600877.SH,20241121,14.38,14.51,14.13,14.28,142947.52,204557.084
600879.SH,20241121,9.88,9.92,9.69,9.75,582530.41,569880.121
600880.SH,20241121,4.64,4.86,4.61,4.76,317789.23,150895.66
600881.SH,20241121,1.87,1.87,1.82,1.85,771338.09,142357.226
600882.SH,20241121,18.13,18.22,17.88,18.06,36390.97,65613.382
600883.SH,20241121,7.12,7.35,7.01,7.35,69818.01,50528.517
600884.SH,20241121,9.67,10.17,9.6,9.78,937496.77,921420.342
600885.SH,20241121,32.35,32.7,32.1,32.32,78685.38,254651.199
600886.SH,20241121,15.54,15.7,15.46,15.7,218610.06,341634.27
600887.SH,20241121,28.91,29.28,28.9,29.17,239625.33,696695.953
600888.SH,20241121,7.6,7.86,7.58,7.77,370513.47,286129.768
600889.SH,20241121,10.25,10.25,10.25,10.25,6245.0,6401.125
600892.SH,20241121,4.59,4.73,4.56,4.63,107388.0,49824.537
600893.SH,20241121,42.57,42.97,42.0,42.3,148962.46,632425.823
600894.SH,20241121,12.86,13.38,12.71,13.36,116610.5,153666.951
600895.SH,20241121,29.93,30.76,29.76,30.2,604059.56,1827091.731
600897.SH,20241121,15.33,15.38,15.11,15.24,59322.28,90313.425
600898.SH,20241121,1.98,2.01,1.88,1.91,74427.65,14127.372
600900.SH,20241121,27.56,27.7,27.54,27.67,678484.91,1875901.033
600901.SH,20241121,5.13,5.16,5.09,5.12,356617.3,182500.927
600903.SH,20241121,8.38,8.43,8.09,8.14,218357.23,179624.53
600905.SH,20241121,4.7,4.71,4.66,4.68,743558.0,347947.778
600906.SH,20241121,7.51,7.65,7.48,7.61,393379.91,297944.903
600908.SH,20241121,6.02,6.04,5.98,6.01,219701.12,131951.686
600909.SH,20241121,6.13,6.2,6.08,6.15,647860.91,398014.79
600916.SH,20241121,8.9,9.07,8.88,8.97,257409.17,230518.547
600917.SH,20241121,6.42,6.47,6.35,6.4,74665.0,47826.105
600918.SH,20241121,6.96,7.06,6.91,7.0,489935.75,342774.781
600919.SH,20241121,9.03,9.05,8.99,9.04,525529.12,474013.181
600925.SH,20241121,5.54,5.55,5.5,5.54,112844.42,62408.604
600926.SH,20241121,13.8,13.84,13.74,13.76,156400.06,215433.878
600927.SH,20241121,14.36,14.41,14.23,14.31,43505.3,62304.907
600928.SH,20241121,3.77,3.79,3.7,3.73,310633.3,115902.264
600929.SH,20241121,5.88,5.91,5.8,5.87,109150.94,63918.234
600933.SH,20241121,15.25,16.45,15.15,16.1,276708.85,443835.772
600935.SH,20241121,2.99,3.1,2.9,3.1,713524.44,217243.684
600936.SH,20241121,3.11,3.18,3.1,3.16,158221.0,49642.734
600938.SH,20241121,26.54,26.71,26.38,26.45,302237.06,802001.058
600939.SH,20241121,3.56,3.59,3.51,3.56,177154.74,63013.715
600941.SH,20241121,103.58,104.38,103.23,103.57,64389.12,667501.127
600955.SH,20241121,15.3,15.46,15.12,15.28,14730.0,22509.746
600956.SH,20241121,8.01,8.08,7.94,8.03,76206.89,60951.232
600958.SH,20241121,11.03,11.77,10.83,11.26,1837292.52,2060726.146
600959.SH,20241121,3.57,3.58,3.51,3.54,355710.39,125963.225
600960.SH,20241121,4.09,4.09,3.84,3.93,1003052.08,394072.332
600961.SH,20241121,8.6,9.0,8.57,8.84,315947.96,278758.232
600962.SH,20241121,16.6,16.69,15.81,15.98,45349.0,73476.453
600963.SH,20241121,6.13,6.18,5.9,6.09,487183.73,293017.436
600965.SH,20241121,4.22,4.25,4.16,4.24,60045.1,25315.412
600966.SH,20241121,5.96,6.05,5.66,5.8,530239.11,308832.962
600967.SH,20241121,8.05,8.08,7.95,8.04,92916.57,74503.633
600968.SH,20241121,4.31,4.33,4.23,4.27,353262.17,150891.159
600969.SH,20241121,6.93,7.06,6.89,7.05,123659.28,86191.461
600970.SH,20241121,10.62,10.98,10.58,10.71,259335.98,279649.361
600971.SH,20241121,9.66,9.72,9.6,9.65,121016.61,116772.578
600973.SH,20241121,4.21,4.37,4.19,4.26,212672.92,90890.148
600975.SH,20241121,6.42,6.61,6.41,6.57,380459.0,248647.789
600976.SH,20241121,44.44,44.55,43.85,44.16,15196.8,67021.561
600977.SH,20241121,11.64,11.83,11.59,11.71,114519.77,134277.765
600979.SH,20241121,3.8,4.17,3.76,4.17,1127150.47,461879.934
600980.SH,20241121,16.0,16.26,15.95,16.13,27783.14,44837.984
600981.SH,20241121,2.72,2.73,2.64,2.69,243631.09,65144.423
600982.SH,20241121,3.96,3.98,3.93,3.97,90551.76,35832.43
600983.SH,20241121,8.84,8.93,8.8,8.9,13155.42,11668.836
600984.SH,20241121,3.53,3.55,3.45,3.49,143638.8,50140.599
600985.SH,20241121,15.18,15.46,15.15,15.35,224819.74,344595.515
600986.SH,20241121,6.12,6.48,6.12,6.26,1158054.97,734796.493
600987.SH,20241121,7.31,7.35,7.24,7.29,68497.1,49855.54
600988.SH,20241121,17.41,17.95,17.33,17.87,676101.47,1190079.965
600989.SH,20241121,16.65,16.72,16.36,16.55,324914.38,538605.656
600990.SH,20241121,24.8,25.45,24.6,24.94,85436.77,213120.035
600992.SH,20241121,15.38,17.01,15.23,16.62,179171.51,292349.723
600993.SH,20241121,25.46,25.61,25.0,25.5,66367.9,168092.829
600995.SH,20241121,10.65,10.67,10.48,10.52,103733.0,109269.663
600996.SH,20241121,9.67,9.98,9.62,9.81,214215.92,209391.643
600997.SH,20241121,7.21,7.23,7.15,7.2,103644.49,74478.346
600998.SH,20241121,5.5,5.54,5.38,5.48,267650.93,145749.577
600999.SH,20241121,19.87,20.05,19.77,19.9,282910.11,562383.526
601000.SH,20241121,4.44,4.44,4.36,4.37,412087.57,180711.925
601001.SH,20241121,14.63,14.75,14.56,14.63,146957.0,215264.529
601002.SH,20241121,4.48,4.56,4.45,4.55,120883.69,54499.719
601003.SH,20241121,3.06,3.08,3.02,3.05,109847.0,33421.898
601005.SH,20241121,1.6,1.6,1.55,1.56,1376531.24,216268.072
601006.SH,20241121,6.73,6.77,6.71,6.74,476828.95,321298.576
601007.SH,20241121,6.97,7.01,6.9,6.96,58116.0,40373.688
601008.SH,20241121,4.1,4.13,4.02,4.05,261045.57,105991.734
601009.SH,20241121,10.31,10.37,10.28,10.35,230667.16,238154.329
601010.SH,20241121,2.25,2.26,2.22,2.24,161020.25,36071.049
601011.SH,20241121,2.93,2.96,2.75,2.79,2108621.67,596756.974
601012.SH,20241121,18.98,19.15,18.45,18.61,964468.81,1806966.949
601015.SH,20241121,3.6,3.63,3.52,3.55,192613.87,68455.966
601016.SH,20241121,3.23,3.26,3.2,3.22,499691.86,161166.33
601018.SH,20241121,3.88,3.89,3.81,3.83,422973.3,162335.616
601019.SH,20241121,10.68,10.73,10.61,10.67,44406.0,47317.463
601020.SH,20241121,13.42,13.85,13.14,13.64,471919.52,638289.41
601021.SH,20241121,59.02,59.38,58.0,59.08,29378.0,172541.552
601022.SH,20241121,8.61,8.67,8.55,8.63,76750.91,66091.251
601028.SH,20241121,13.02,13.15,12.87,13.11,321977.2,419670.351
601033.SH,20241121,14.31,14.43,14.25,14.33,41707.76,59866.384
601038.SH,20241121,15.62,15.84,15.58,15.68,58865.11,92644.861
601058.SH,20241121,14.55,14.58,14.42,14.48,306743.19,444062.71
601059.SH,20241121,15.48,15.57,15.31,15.44,228474.38,352761.432
601061.SH,20241121,8.1,8.15,8.02,8.08,98059.4,79211.576
601065.SH,20241121,9.33,9.35,9.24,9.31,66104.23,61422.979
601066.SH,20241121,28.28,28.67,28.09,28.44,224151.54,635563.329
601068.SH,20241121,4.88,4.94,4.8,4.85,106675.34,51734.064
601069.SH,20241121,12.56,12.83,12.53,12.82,134617.6,170817.875
601077.SH,20241121,5.6,5.61,5.56,5.59,492974.49,275076.849
601083.SH,20241121,9.93,9.97,9.83,9.9,52091.14,51483.469
601086.SH,20241121,4.63,4.78,4.62,4.72,108776.04,51061.672
601088.SH,20241121,40.96,41.56,40.9,41.19,202641.11,836026.891
601089.SH,20241121,16.17,16.31,16.1,16.27,27014.28,43792.142
601096.SH,20241121,4.68,4.68,4.58,4.62,195276.22,90306.229
601098.SH,20241121,12.47,12.56,12.34,12.39,94082.16,116787.441
601099.SH,20241121,4.49,4.57,4.46,4.53,3352701.0,1513929.89
601100.SH,20241121,57.13,57.37,56.25,56.65,48291.57,273937.682
601101.SH,20241121,8.72,8.8,8.68,8.72,114082.72,99647.968
601106.SH,20241121,3.2,3.21,3.14,3.18,428865.07,135878.612
601107.SH,20241121,5.22,5.27,5.21,5.26,133046.06,69742.208
601108.SH,20241121,8.45,8.52,8.38,8.48,598195.66,505319.886
601111.SH,20241121,7.81,7.89,7.76,7.87,507730.41,397515.122
601113.SH,20241121,3.78,3.87,3.75,3.85,318612.0,122001.018
601116.SH,20241121,10.21,10.45,10.11,10.23,62121.0,63508.13
601117.SH,20241121,8.52,8.71,8.4,8.46,652519.88,555128.79
601118.SH,20241121,5.69,5.75,5.57,5.64,200945.76,113038.429
601121.SH,20241121,7.1,7.16,6.95,6.95,267237.07,187767.825
601126.SH,20241121,18.26,18.55,18.18,18.34,73834.62,135569.506
601127.SH,20241121,128.79,131.58,127.62,129.15,347045.68,4492914.131
601128.SH,20241121,7.47,7.7,7.45,7.65,476852.68,362539.474
601133.SH,20241121,11.5,11.57,11.35,11.48,35619.0,40850.674
601136.SH,20241121,23.06,23.66,22.93,23.3,455731.25,1063193.508
601137.SH,20241121,19.28,19.67,18.9,19.19,170343.04,328081.241
601138.SH,20241121,23.6,23.79,23.21,23.43,1229154.39,2887580.665
601139.SH,20241121,7.49,7.53,7.38,7.41,174124.28,129387.784
601155.SH,20241121,13.64,13.73,13.23,13.28,275670.26,367942.717
601156.SH,20241121,16.34,16.55,16.25,16.34,90261.46,147664.748
601158.SH,20241121,5.02,5.04,4.98,5.0,89024.0,44620.061
601162.SH,20241121,5.0,5.23,4.97,5.13,6890973.12,3526228.206
601163.SH,20241121,15.29,15.45,15.24,15.33,89383.95,137363.392
601166.SH,20241121,18.21,18.28,18.14,18.24,439913.86,800507.808
601168.SH,20241121,17.45,17.62,17.28,17.54,238912.75,416041.181
601169.SH,20241121,5.7,5.72,5.66,5.68,942724.1,535468.894
601177.SH,20241121,8.71,8.77,8.66,8.76,38074.0,33191.579
601179.SH,20241121,8.1,8.2,8.04,8.09,478647.56,388531.706
601186.SH,20241121,9.6,9.74,9.51,9.56,1036789.29,995418.261
601187.SH,20241121,5.63,5.66,5.55,5.65,303273.97,169899.563
601188.SH,20241121,3.72,3.78,3.7,3.75,227295.3,84841.6
601198.SH,20241121,11.63,11.81,11.59,11.73,641597.42,751471.683
601199.SH,20241121,5.81,5.9,5.79,5.87,133633.0,78260.056
601200.SH,20241121,8.64,8.69,8.55,8.67,110069.93,94905.725
601208.SH,20241121,8.54,8.59,8.32,8.43,164172.3,138455.468
601211.SH,20241121,20.11,20.18,19.45,19.81,924597.12,1829225.712
601212.SH,20241121,3.08,3.11,3.05,3.08,500310.0,153978.018
601216.SH,20241121,4.92,5.09,4.9,5.03,2162508.62,1080210.07
601218.SH,20241121,3.36,3.41,3.34,3.4,122723.0,41438.453
601222.SH,20241121,7.56,7.6,7.46,7.52,147440.35,110721.361
601225.SH,20241121,23.8,24.29,23.8,24.05,304427.12,733946.811
601226.SH,20241121,6.23,6.8,6.18,6.69,401288.96,266329.191
601228.SH,20241121,3.51,3.52,3.45,3.47,299058.74,104041.843
601229.SH,20241121,8.09,8.12,8.04,8.1,347576.25,280664.66
601231.SH,20241121,15.11,15.11,14.7,14.85,206804.0,307618.174
601233.SH,20241121,12.11,12.17,11.92,11.97,234954.7,281485.107
601236.SH,20241121,8.63,8.7,8.56,8.64,297982.22,256932.267
601238.SH,20241121,8.82,9.11,8.81,8.96,362965.52,326362.941
601279.SH,20241121,4.2,4.22,4.1,4.16,102140.74,42486.301
601288.SH,20241121,4.76,4.78,4.75,4.77,2186033.0,1041078.305
601298.SH,20241121,8.86,8.92,8.83,8.9,86126.87,76457.871
601311.SH,20241121,8.78,8.92,8.72,8.86,200551.68,176992.78
601318.SH,20241121,55.49,55.67,55.12,55.49,410244.89,2269302.644
601319.SH,20241121,7.31,7.33,7.26,7.32,437770.05,318993.501
601326.SH,20241121,3.54,3.57,3.5,3.53,249525.21,87911.499
601328.SH,20241121,7.18,7.22,7.17,7.21,643676.1,462573.529
601330.SH,20241121,6.52,6.56,6.47,6.53,48226.02,31400.898
601333.SH,20241121,3.48,3.51,3.45,3.46,476648.83,165439.892
601336.SH,20241121,49.95,50.2,49.4,50.01,130483.51,649091.738
601339.SH,20241121,5.65,5.95,5.54,5.74,278957.56,159167.525
601360.SH,20241121,11.7,13.09,11.68,13.09,5747404.97,7148126.302
601366.SH,20241121,5.29,5.31,5.26,5.29,68989.52,36436.116
601368.SH,20241121,5.05,5.08,5.02,5.07,65484.24,33094.876
601369.SH,20241121,9.02,9.55,9.0,9.43,443371.88,415358.25
601375.SH,20241121,4.59,4.63,4.55,4.6,661360.97,303627.276
601377.SH,20241121,6.53,6.62,6.51,6.57,696716.48,457266.077
601388.SH,20241121,2.67,2.71,2.64,2.69,277014.47,74093.123
601390.SH,20241121,6.7,6.75,6.62,6.67,1116327.06,743700.648
601398.SH,20241121,6.13,6.15,6.11,6.13,1809107.03,1107466.761
601399.SH,20241121,3.32,3.39,3.31,3.34,455195.57,152007.446
601456.SH,20241121,12.29,12.5,12.24,12.35,397068.0,490723.117
601500.SH,20241121,5.16,5.19,5.1,5.15,213360.6,109768.226
601512.SH,20241121,7.88,8.7,7.81,8.7,213658.75,181760.127
601515.SH,20241121,4.17,4.23,4.12,4.18,331638.54,137859.913
601518.SH,20241121,2.73,2.75,2.7,2.72,122396.2,33267.417
601519.SH,20241121,8.54,8.75,8.47,8.64,488537.97,420358.505
601528.SH,20241121,5.59,5.61,5.52,5.6,227390.54,126543.458
601555.SH,20241121,8.11,8.32,8.06,8.19,903828.71,739161.642
601566.SH,20241121,8.25,8.29,8.13,8.23,26347.1,21602.716
601567.SH,20241121,32.88,33.75,32.6,33.17,92297.77,307206.412
601568.SH,20241121,4.42,4.47,4.41,4.45,104849.4,46481.965
601577.SH,20241121,8.63,8.64,8.54,8.62,189673.13,162742.727
601579.SH,20241121,11.25,11.6,11.18,11.53,160445.91,183539.969
601588.SH,20241121,2.01,2.04,1.98,2.0,433777.76,86989.875
601595.SH,20241121,29.6,32.31,29.4,30.51,224224.89,703278.757
601598.SH,20241121,5.29,5.36,5.24,5.25,317178.08,167322.213
601599.SH,20241121,3.65,3.73,3.61,3.71,254083.0,93558.947
601600.SH,20241121,7.9,7.99,7.79,7.93,1136009.42,895414.183
601601.SH,20241121,35.12,35.35,34.73,35.28,221173.41,776095.816
601606.SH,20241121,12.5,12.59,12.28,12.41,169681.87,210132.752
601607.SH,20241121,21.81,22.1,21.46,22.07,283095.82,616114.469
601608.SH,20241121,4.37,4.39,4.31,4.35,278499.05,120985.636
601609.SH,20241121,5.82,5.87,5.76,5.83,98015.8,57007.511
601611.SH,20241121,8.98,9.28,8.96,9.23,339211.06,311107.024
601615.SH,20241121,12.65,12.86,12.48,12.58,215044.0,272766.117
601616.SH,20241121,3.75,3.85,3.73,3.81,175538.0,66676.341
601618.SH,20241121,3.46,3.51,3.41,3.44,1313452.0,453005.556
601619.SH,20241121,3.29,3.32,3.26,3.28,191922.0,63023.485
601628.SH,20241121,44.0,44.45,43.8,44.39,86062.79,379605.6
601633.SH,20241121,27.07,27.58,26.91,27.26,302315.96,822177.111
601636.SH,20241121,6.14,6.19,6.13,6.17,248761.26,153288.426
601658.SH,20241121,5.3,5.32,5.28,5.3,766913.29,406066.522
601665.SH,20241121,5.21,5.23,5.16,5.19,193476.82,100303.502
601666.SH,20241121,10.26,10.4,10.23,10.29,268413.84,276495.857
601668.SH,20241121,6.09,6.14,6.08,6.11,1824455.44,1114042.62
601669.SH,20241121,5.79,5.83,5.75,5.77,990576.51,572104.726
601677.SH,20241121,12.7,12.75,12.55,12.68,169371.89,214125.778
601678.SH,20241121,4.13,4.15,4.06,4.1,376704.48,154308.743
601686.SH,20241121,5.69,5.72,5.64,5.72,30142.6,17138.285
601688.SH,20241121,18.47,18.65,18.36,18.47,679413.74,1255423.067
601689.SH,20241121,52.37,53.13,51.53,53.13,192276.89,1008777.275
601696.SH,20241121,11.63,11.77,11.57,11.69,358570.0,417991.209
601698.SH,20241121,22.88,23.25,22.17,22.7,1268470.28,2889838.387
601699.SH,20241121,15.23,15.55,15.17,15.42,224595.38,345914.582
601700.SH,20241121,5.0,5.25,4.94,5.13,496398.25,253778.407
601702.SH,20241121,16.33,17.0,16.3,16.64,87949.09,146525.215
601717.SH,20241121,13.0,13.04,12.83,12.88,322456.81,416247.105
601718.SH,20241121,3.0,3.02,2.96,2.99,422158.36,126222.804
601727.SH,20241121,9.56,10.45,9.53,10.08,7174483.08,7253762.324
601728.SH,20241121,6.6,6.66,6.48,6.52,1291975.23,845886.692
601766.SH,20241121,8.13,8.19,8.1,8.17,525595.43,427717.841
601777.SH,20241121,7.08,7.52,7.0,7.35,1122198.39,820247.129
601778.SH,20241121,3.05,3.07,2.99,3.01,463015.8,139775.946
601788.SH,20241121,18.1,19.26,18.0,18.72,1062871.6,1982552.97
601789.SH,20241121,5.16,5.4,5.06,5.09,1637577.82,846753.401
601798.SH,20241121,6.6,6.68,6.52,6.66,137995.0,91302.88
601799.SH,20241121,143.44,147.89,143.44,144.63,14547.0,212257.176
601800.SH,20241121,10.93,11.0,10.82,10.89,473402.52,514713.812
601801.SH,20241121,7.22,7.29,7.12,7.18,197289.02,141860.646
601808.SH,20241121,15.5,15.55,15.3,15.38,71414.06,109894.165
601811.SH,20241121,14.53,14.65,14.23,14.34,35113.78,50549.885
601816.SH,20241121,5.58,5.63,5.56,5.62,896811.99,502012.928
601818.SH,20241121,3.6,3.62,3.56,3.59,1264796.0,453812.536
601825.SH,20241121,8.06,8.14,8.0,8.09,199340.06,161046.587
601827.SH,20241121,8.67,8.78,8.65,8.69,43153.0,37578.348
601828.SH,20241121,3.8,3.86,3.68,3.72,1048409.65,393006.754
601838.SH,20241121,15.61,15.78,15.58,15.76,162840.58,255380.247
601857.SH,20241121,8.11,8.16,8.08,8.11,1034575.9,840590.756
601858.SH,20241121,24.0,24.41,23.58,23.79,137301.0,328861.542
601860.SH,20241121,2.95,2.96,2.92,2.95,701203.0,205733.609
601865.SH,20241121,27.05,28.08,26.87,27.36,241395.8,661226.835
601866.SH,20241121,2.66,2.71,2.65,2.67,564225.1,150835.626
601868.SH,20241121,2.4,2.42,2.38,2.39,2114704.22,506222.702
601869.SH,20241121,28.82,29.19,28.26,28.52,32523.53,93289.288
601872.SH,20241121,6.78,6.83,6.72,6.75,401104.18,270836.182
601877.SH,20241121,22.89,22.95,22.51,22.63,91157.63,206648.637
601878.SH,20241121,12.51,12.75,12.48,12.65,1555291.75,1960709.984
601880.SH,20241121,1.62,1.63,1.59,1.6,1244418.11,199672.685
601881.SH,20241121,15.74,16.03,15.7,16.02,813540.84,1289541.233
601882.SH,20241121,23.15,23.25,22.47,22.77,36680.61,83677.351
601886.SH,20241121,5.7,5.72,5.61,5.66,85192.64,48195.691
601888.SH,20241121,70.19,70.37,69.54,70.01,121053.06,846281.885
601890.SH,20241121,8.08,8.13,7.98,8.07,103260.74,83141.888
601898.SH,20241121,12.96,13.28,12.94,13.17,291889.98,384360.208
601899.SH,20241121,16.04,16.23,15.97,16.16,1353773.78,2177155.617
601900.SH,20241121,15.37,16.04,14.88,14.95,428479.01,664425.552
601901.SH,20241121,8.72,8.81,8.66,8.76,820707.32,716336.2
601908.SH,20241121,3.2,3.25,3.14,3.16,375284.6,119196.185
601916.SH,20241121,2.94,2.94,2.9,2.92,1059877.3,309178.092
601918.SH,20241121,7.71,7.78,7.67,7.72,173750.51,133947.522
601919.SH,20241121,14.51,14.54,14.39,14.5,630940.66,912606.514
601921.SH,20241121,7.99,8.06,7.91,7.96,176135.0,140544.655
601928.SH,20241121,10.48,10.51,10.33,10.38,120672.22,125589.34
601929.SH,20241121,1.79,1.81,1.76,1.78,1196152.58,212669.678
601933.SH,20241121,4.46,4.63,4.38,4.45,2788438.41,1243724.83
601939.SH,20241121,7.95,7.97,7.92,7.94,631675.61,501102.428
601949.SH,20241121,8.59,9.5,8.52,8.79,1320535.25,1184616.037
601952.SH,20241121,10.18,10.19,10.05,10.12,94283.49,95248.398
601956.SH,20241121,5.3,5.33,5.22,5.29,73097.6,38599.67
601958.SH,20241121,10.95,11.04,10.88,10.95,136908.17,149982.911
601963.SH,20241121,9.23,9.35,9.14,9.35,108403.49,100412.49
601965.SH,20241121,18.66,18.69,18.18,18.33,54897.47,101121.104
601966.SH,20241121,19.82,19.87,19.63,19.7,126843.16,250194.806
601968.SH,20241121,5.5,5.55,5.44,5.48,60192.0,33017.108
601969.SH,20241121,7.09,7.15,7.05,7.11,84067.0,59641.479
601975.SH,20241121,3.28,3.28,3.23,3.25,711229.46,231146.319
601985.SH,20241121,9.98,10.22,9.97,10.13,1441564.13,1459207.104
601988.SH,20241121,4.95,4.98,4.94,4.96,1057666.1,523785.91
601989.SH,20241121,4.95,4.97,4.91,4.95,869661.28,428763.164
601990.SH,20241121,9.0,9.07,8.93,9.01,337437.94,303585.746
601991.SH,20241121,2.91,2.94,2.89,2.91,703371.34,204528.44
601992.SH,20241121,1.94,1.96,1.9,1.91,504138.37,96637.309
601995.SH,20241121,36.09,36.72,35.92,36.41,237531.56,862057.278
601996.SH,20241121,2.28,2.31,2.24,2.27,283839.0,64362.447
601997.SH,20241121,6.2,6.22,6.14,6.17,412990.4,254700.83
601998.SH,20241121,6.73,6.76,6.66,6.76,460511.78,309272.382
601999.SH,20241121,6.74,6.99,6.74,6.82,97192.0,66472.803
603000.SH,20241121,24.3,25.5,24.19,25.15,621731.1,1548191.717
603001.SH,20241121,5.69,5.98,5.67,5.94,75055.99,43830.245
603002.SH,20241121,5.37,5.55,5.32,5.43,227615.35,123355.201
603003.SH,20241121,5.27,5.44,5.26,5.32,61812.01,33028.843
603004.SH,20241121,27.5,28.03,25.95,28.03,387204.34,1041773.093
603005.SH,20241121,28.67,29.98,28.43,29.49,805550.22,2358413.84
603006.SH,20241121,13.12,14.04,12.97,13.34,179616.0,241550.42
603007.SH,20241121,14.96,15.21,14.15,14.15,161643.75,232978.403
603008.SH,20241121,18.05,18.13,17.76,18.01,35160.94,63105.387
603009.SH,20241121,31.39,33.22,30.55,32.36,164737.44,531709.781
603010.SH,20241121,10.45,10.7,10.37,10.5,49527.6,52182.341
603011.SH,20241121,8.35,9.33,8.26,8.95,946646.12,839880.075
603012.SH,20241121,5.15,5.21,5.14,5.2,90770.24,46929.092
603013.SH,20241121,15.09,15.31,15.05,15.23,48338.01,73478.88
603015.SH,20241121,10.62,10.62,10.62,10.62,45209.52,48012.51
603016.SH,20241121,29.3,29.3,28.31,29.13,27077.0,78282.95
603017.SH,20241121,9.04,9.2,8.97,9.15,59158.94,53863.261
603018.SH,20241121,9.55,9.79,9.46,9.59,315386.38,303744.377
603019.SH,20241121,76.79,80.5,76.28,78.93,1052847.54,8304546.26
603020.SH,20241121,7.87,7.95,7.81,7.94,39529.67,31215.164
603021.SH,20241121,5.51,5.54,5.31,5.38,183699.31,99190.685
603022.SH,20241121,7.96,8.08,7.91,8.07,36924.5,29592.729
603023.SH,20241121,2.95,3.02,2.9,3.02,182903.04,54438.56
603025.SH,20241121,16.82,17.24,16.36,16.4,472002.83,785268.741
603026.SH,20241121,36.5,38.79,36.32,38.38,108103.13,407852.649
603027.SH,20241121,12.73,12.76,12.53,12.6,101398.6,127986.823
603028.SH,20241121,7.2,7.36,7.11,7.26,159553.7,115463.749
603029.SH,20241121,17.0,17.19,16.64,16.85,55997.86,94859.484
603030.SH,20241121,2.72,2.78,2.68,2.74,276280.0,75491.206
603031.SH,20241121,30.5,32.1,30.13,31.21,75954.59,238035.674
603032.SH,20241121,18.71,18.71,17.9,18.15,160748.69,291732.076
603033.SH,20241121,13.68,14.56,13.68,14.38,127549.91,181535.43
603035.SH,20241121,15.05,15.2,15.03,15.16,77525.0,117182.064
603036.SH,20241121,14.99,15.34,14.7,15.11,84576.0,126762.74
603037.SH,20241121,16.48,17.4,16.03,16.38,348505.9,581931.083
603038.SH,20241121,20.94,21.84,20.5,21.63,424730.16,902421.835
603039.SH,20241121,53.6,55.56,51.83,52.98,85734.8,461050.929
603040.SH,20241121,22.91,23.68,22.91,23.55,19158.97,44777.021
603041.SH,20241121,11.1,11.18,11.03,11.17,17596.8,19579.466
603042.SH,20241121,12.71,13.53,12.6,13.15,135925.48,178372.343
603043.SH,20241121,16.1,16.15,15.94,16.0,32471.08,51979.709
603045.SH,20241121,12.8,13.16,12.76,13.14,40793.8,52984.014
603048.SH,20241121,14.98,15.16,14.71,14.95,34971.0,52258.887
603050.SH,20241121,22.61,22.98,22.49,22.67,21303.25,48391.466
603051.SH,20241121,29.01,30.87,28.8,29.54,61042.17,180930.76
603052.SH,20241121,42.12,42.85,41.47,41.82,31264.4,131762.016
603053.SH,20241121,10.03,10.08,9.88,9.98,41933.0,41824.611
603055.SH,20241121,11.89,12.04,11.75,11.85,42270.8,50263.066
603056.SH,20241121,13.9,13.96,13.82,13.86,42496.0,58990.81
603057.SH,20241121,17.85,18.13,17.79,18.02,23208.21,41685.521
603058.SH,20241121,10.5,10.6,10.24,10.36,65926.0,68434.945
603059.SH,20241121,22.68,23.17,22.62,22.92,6447.25,14766.788
603060.SH,20241121,7.68,8.1,7.56,7.86,403208.3,316667.119
603061.SH,20241121,79.38,82.97,79.3,79.98,15733.21,127596.98
603062.SH,20241121,39.61,39.61,38.42,38.91,9034.25,35031.564
603063.SH,20241121,21.18,22.29,21.04,21.25,251202.79,541437.753
603065.SH,20241121,8.64,8.75,8.59,8.7,27746.09,24082.514
603066.SH,20241121,11.04,11.2,10.91,11.06,70283.0,77745.005
603067.SH,20241121,13.46,13.85,13.46,13.75,161347.77,221301.286
603068.SH,20241121,28.57,29.2,28.42,28.8,59448.14,171338.449
603069.SH,20241121,19.97,20.42,19.79,19.98,53879.99,108298.242
603070.SH,20241121,12.38,12.47,12.18,12.31,24962.0,30787.492
603071.SH,20241121,12.9,13.05,12.85,12.95,25847.07,33447.064
603073.SH,20241121,17.25,17.43,16.53,17.04,105096.02,177432.373
603075.SH,20241121,20.1,20.16,19.78,20.0,16181.0,32341.044
603076.SH,20241121,23.6,23.87,23.18,23.43,14374.14,33755.185
603077.SH,20241121,2.09,2.11,2.05,2.06,1156359.8,239599.189
603078.SH,20241121,17.5,18.68,17.28,17.68,378341.17,679145.839
603079.SH,20241121,19.97,20.41,19.0,19.28,286156.68,565953.221
603080.SH,20241121,17.42,17.58,17.06,17.26,49779.0,86295.763
603081.SH,20241121,10.46,10.85,10.41,10.53,44377.0,46943.952
603082.SH,20241121,34.94,35.25,34.21,34.59,20777.35,72111.326
603083.SH,20241121,48.03,49.48,47.24,48.01,324211.66,1565107.412
603085.SH,20241121,9.45,9.57,9.31,9.46,55296.0,52321.457
603086.SH,20241121,4.78,4.9,4.75,4.88,85207.37,41235.619
603087.SH,20241121,46.81,47.09,46.28,46.64,59301.3,276347.708
603088.SH,20241121,8.27,8.34,8.15,8.27,155176.38,127717.594
603089.SH,20241121,8.91,9.25,8.9,8.99,45372.83,40884.103
603090.SH,20241121,19.4,19.44,18.63,18.89,35213.0,66839.263
603091.SH,20241121,42.09,44.42,41.95,44.1,28592.15,124638.565
603093.SH,20241121,12.24,12.39,12.2,12.3,39920.56,49052.131
603095.SH,20241121,21.97,22.96,21.6,22.71,55261.19,125045.805
603096.SH,20241121,17.92,18.06,17.73,17.92,25531.99,45743.963
603097.SH,20241121,23.34,23.41,22.68,22.88,47149.0,108487.437
603098.SH,20241121,10.83,10.97,10.55,10.68,83913.76,90119.171
603099.SH,20241121,41.78,42.7,40.8,41.1,125853.88,521438.49
603100.SH,20241121,23.45,24.53,23.16,23.65,164195.79,391207.587
603101.SH,20241121,7.75,7.99,7.48,7.79,180468.4,138972.949
603102.SH,20241121,37.36,38.36,36.29,37.71,39245.91,145940.592
603103.SH,20241121,13.69,14.13,13.68,13.93,34097.0,47449.531
603105.SH,20241121,9.12,9.22,9.0,9.09,81014.26,73826.017
603106.SH,20241121,9.4,9.67,9.26,9.54,255958.64,242690.713
603107.SH,20241121,17.64,17.75,17.39,17.55,44614.81,78407.145
603108.SH,20241121,19.79,20.5,19.41,19.88,378858.35,753191.547
603109.SH,20241121,15.41,15.58,14.95,15.36,26474.8,40761.08
603110.SH,20241121,16.72,17.94,16.72,16.91,299972.74,516992.859
603111.SH,20241121,6.22,6.25,6.16,6.23,89107.24,55274.58
603112.SH,20241121,13.19,13.36,12.95,13.07,27168.19,35735.55
603113.SH,20241121,6.26,6.3,6.1,6.22,108513.73,67021.654
603115.SH,20241121,13.51,13.68,13.5,13.66,11435.0,15572.436
603116.SH,20241121,6.55,6.7,6.41,6.5,175155.17,114314.084
603117.SH,20241121,7.63,7.63,7.37,7.45,260978.73,194795.694
603118.SH,20241121,8.53,8.61,8.32,8.45,153848.77,130306.046
603119.SH,20241121,21.75,22.2,21.36,21.72,43666.56,94814.88
603121.SH,20241121,8.87,9.2,8.77,9.12,162477.13,146698.313
603122.SH,20241121,7.36,7.39,7.25,7.33,93115.37,68118.22
603123.SH,20241121,8.89,9.27,8.82,9.22,304652.62,275995.165
603125.SH,20241121,19.11,19.49,19.05,19.24,24070.06,46409.75
603126.SH,20241121,6.29,6.33,6.15,6.24,100412.0,62726.567
603127.SH,20241121,18.75,19.07,18.55,18.84,94455.63,177400.371
603128.SH,20241121,6.29,6.5,6.27,6.46,462231.48,295462.705
603129.SH,20241121,145.68,149.09,144.57,148.46,14384.58,212199.214
603130.SH,20241121,21.15,23.18,20.9,22.92,62093.05,141180.732
603131.SH,20241121,21.4,21.96,21.04,21.48,326927.59,703684.762
603132.SH,20241121,12.12,12.23,11.96,12.11,25126.06,30389.05
603135.SH,20241121,9.51,9.74,9.41,9.6,47464.99,45377.193
603136.SH,20241121,11.55,11.59,11.42,11.54,34936.55,40187.028
603137.SH,20241121,11.19,11.29,11.0,11.15,21551.8,23995.901
603138.SH,20241121,15.97,17.59,15.7,17.59,215954.21,370462.822
603139.SH,20241121,15.4,15.81,15.4,15.66,13261.0,20696.412
603150.SH,20241121,28.28,28.33,27.66,27.96,9143.0,25510.828
603151.SH,20241121,11.35,11.48,11.26,11.39,17072.31,19454.865
603153.SH,20241121,20.7,21.36,20.55,20.79,94418.74,197769.834
603155.SH,20241121,13.47,13.58,13.35,13.51,36676.71,49401.855
603156.SH,20241121,21.03,21.36,21.01,21.13,29718.79,62800.729
603158.SH,20241121,8.07,8.11,7.98,8.08,85519.92,68932.033
603159.SH,20241121,14.4,14.8,14.13,14.36,17921.8,25818.574
603160.SH,20241121,84.25,84.75,83.44,84.15,58955.51,495819.2
603161.SH,20241121,11.18,11.65,11.18,11.44,91829.68,104868.626
603162.SH,20241121,9.65,9.67,9.51,9.61,44564.74,42696.535
603163.SH,20241121,25.0,26.73,24.8,25.6,20203.75,51835.893
603165.SH,20241121,12.0,12.09,11.85,11.99,33487.21,40139.986
603166.SH,20241121,6.78,7.27,6.75,7.04,209447.4,147556.104
603167.SH,20241121,9.14,9.17,8.8,8.92,133842.17,119499.543
603168.SH,20241121,8.5,8.97,8.4,8.78,268924.19,234117.453
603169.SH,20241121,5.8,6.15,5.77,6.07,600189.66,362855.085
603170.SH,20241121,14.72,14.76,14.45,14.6,25249.67,36871.207
603171.SH,20241121,29.81,30.6,29.81,30.13,45741.9,137637.626
603172.SH,20241121,14.74,14.99,14.57,14.82,19336.2,28623.422
603173.SH,20241121,24.6,25.12,24.35,24.55,20372.73,50456.895
603176.SH,20241121,5.34,5.44,5.14,5.24,148495.4,77974.461
603177.SH,20241121,8.56,8.64,8.38,8.54,27214.0,23148.514
603178.SH,20241121,21.29,21.35,20.82,21.05,44860.0,94542.833
603179.SH,20241121,49.08,49.49,48.5,49.0,30655.86,150452.578
603180.SH,20241121,20.37,21.0,20.27,20.56,7024.76,14508.378
603181.SH,20241121,10.84,10.93,10.69,10.77,16564.06,17860.082
603182.SH,20241121,12.28,12.45,12.15,12.39,12299.0,15187.528
603183.SH,20241121,4.01,4.03,3.93,4.02,107114.34,42785.495
603185.SH,20241121,21.51,21.7,20.44,20.74,177005.41,368244.579
603186.SH,20241121,29.59,32.0,29.42,31.73,103141.5,315018.275
603187.SH,20241121,11.55,11.56,11.33,11.42,59382.47,67820.947
603188.SH,20241121,4.03,4.25,4.03,4.2,247873.21,103686.502
603189.SH,20241121,16.0,16.39,15.91,16.17,86282.49,139737.141
603190.SH,20241121,23.67,25.94,23.19,24.96,90499.88,220398.339
603191.SH,20241121,13.05,13.12,12.81,12.95,59798.48,77654.251
603192.SH,20241121,16.3,16.32,16.05,16.24,11952.3,19378.064
603193.SH,20241121,24.45,25.62,24.0,24.89,32749.33,81859.264
603195.SH,20241121,73.81,74.7,73.25,73.72,21395.59,158395.872
603196.SH,20241121,16.0,17.68,15.25,16.18,295951.83,477977.159
603197.SH,20241121,42.78,43.2,41.83,42.54,38552.45,163703.526
603198.SH,20241121,63.3,63.65,61.9,62.59,36626.0,229307.418
603199.SH,20241121,33.88,33.89,33.55,33.78,9543.47,32181.17
603200.SH,20241121,27.43,28.95,26.81,28.02,269794.37,740696.55
603201.SH,20241121,18.29,18.39,17.92,18.17,18006.02,32728.932
603203.SH,20241121,24.05,24.69,23.75,24.5,44311.2,107311.629
603205.SH,20241121,47.39,47.86,46.89,47.18,39600.27,187216.608
603206.SH,20241121,17.02,17.2,16.78,16.97,44167.88,75145.184
603207.SH,20241121,27.1,27.2,26.69,26.99,19809.0,53422.821
603208.SH,20241121,19.5,19.65,19.23,19.4,10684.84,20770.643
603209.SH,20241121,16.97,17.04,16.67,16.79,12025.83,20228.327
603211.SH,20241121,18.44,18.64,17.79,17.89,247385.7,447628.736
603212.SH,20241121,12.55,12.91,12.31,12.73,171681.04,216053.181
603213.SH,20241121,9.02,9.06,8.9,9.0,25120.0,22562.113
603214.SH,20241121,16.3,16.59,16.11,16.31,31936.2,52165.36
603215.SH,20241121,16.03,16.13,15.53,15.71,38723.0,61291.688
603216.SH,20241121,10.62,10.68,10.55,10.66,24715.0,26266.644
603217.SH,20241121,20.0,20.48,18.79,19.91,100853.55,197824.614
603218.SH,20241121,12.7,12.85,12.46,12.54,115250.8,145358.018
603219.SH,20241121,13.29,13.29,12.88,12.98,83532.0,108980.347
603220.SH,20241121,22.76,23.03,22.15,22.47,138852.82,313637.102
603221.SH,20241121,9.65,9.85,9.59,9.8,32130.0,31204.773
603222.SH,20241121,7.96,7.98,7.62,7.71,220743.57,171791.962
603223.SH,20241121,8.91,8.98,8.78,8.87,24692.89,21939.925
603225.SH,20241121,11.53,11.58,11.25,11.44,119536.9,136444.278
603226.SH,20241121,5.1,5.13,4.94,4.97,81631.31,40924.154
603227.SH,20241121,9.67,9.82,9.55,9.79,176686.2,171211.977
603228.SH,20241121,25.52,25.57,25.11,25.34,121906.84,309126.92
603229.SH,20241121,8.8,9.04,8.69,8.82,152115.37,134432.48
603230.SH,20241121,12.93,13.11,12.64,12.8,72314.0,93256.172
603231.SH,20241121,17.35,17.42,17.07,17.25,18278.89,31522.524
603232.SH,20241121,13.67,13.99,13.54,13.82,110381.45,151997.956
603233.SH,20241121,16.2,16.25,15.91,16.08,82017.41,131624.148
603235.SH,20241121,28.41,30.08,27.9,29.79,69974.83,202165.227
603236.SH,20241121,52.0,52.25,50.64,51.27,59455.24,305742.098
603237.SH,20241121,17.85,18.55,17.76,18.24,25352.36,46103.47
603238.SH,20241121,11.32,12.01,11.28,11.62,39298.2,45766.299
603239.SH,20241121,13.04,13.06,12.81,12.94,27994.17,36250.332
603255.SH,20241121,31.94,32.97,31.63,32.42,21179.54,68321.998
603256.SH,20241121,8.44,8.45,8.27,8.42,38542.0,32265.86
603258.SH,20241121,21.54,21.98,21.36,21.6,38927.0,84222.074
603259.SH,20241121,52.45,52.46,51.74,52.17,289348.43,1506554.239
603260.SH,20241121,60.48,61.6,59.28,60.0,32432.88,195049.671
603261.SH,20241121,32.18,33.87,31.91,33.35,33098.0,110024.02
603266.SH,20241121,18.29,18.53,18.08,18.5,53179.43,97449.781
603267.SH,20241121,41.71,41.98,41.01,41.42,32001.0,132961.464
603268.SH,20241121,50.22,53.1,49.33,50.95,128240.36,656462.178
603269.SH,20241121,9.6,10.11,9.48,9.85,146306.0,144121.269
603270.SH,20241121,20.99,21.47,20.42,20.69,157745.37,329032.483
603272.SH,20241121,14.21,14.4,14.0,14.2,10891.0,15412.226
603273.SH,20241121,18.99,19.89,18.9,19.26,72502.76,140914.024
603275.SH,20241121,33.86,34.33,33.51,34.13,11292.95,38429.721
603276.SH,20241121,14.12,14.29,14.07,14.25,23967.36,34024.059
603277.SH,20241121,24.3,24.77,24.2,24.54,10344.0,25312.683
603278.SH,20241121,7.18,7.9,7.02,7.9,415927.58,310137.875
603279.SH,20241121,19.74,19.86,19.33,19.51,39914.63,77711.735
603280.SH,20241121,21.74,21.97,21.28,21.58,24234.27,52307.62
603281.SH,20241121,26.33,26.5,26.12,26.23,17490.19,45901.872
603282.SH,20241121,16.46,16.9,16.34,16.58,24665.0,40912.376
603283.SH,20241121,75.0,78.1,74.02,76.08,79516.27,608362.018
603285.SH,20241121,23.37,23.46,23.01,23.32,25844.0,59984.245
603286.SH,20241121,19.18,19.38,18.96,19.27,29930.0,57546.583
603288.SH,20241121,45.03,45.56,44.79,45.1,68316.5,307596.276
603289.SH,20241121,8.61,9.28,8.58,8.98,123837.35,111312.503
603290.SH,20241121,101.8,105.2,101.1,103.95,56225.45,582103.389
603291.SH,20241121,11.65,11.79,11.46,11.6,59086.48,68722.189
603296.SH,20241121,59.8,60.13,58.49,58.93,65000.69,385149.356
603297.SH,20241121,90.69,93.39,89.45,91.34,23518.77,215004.358
603298.SH,20241121,17.6,17.7,17.34,17.49,82427.07,144172.256
603299.SH,20241121,11.05,11.12,10.93,11.01,60300.94,66392.892
603300.SH,20241121,5.85,5.89,5.7,5.76,587233.5,340551.456
603301.SH,20241121,23.51,23.61,23.15,23.36,17168.23,40034.2
603303.SH,20241121,12.07,12.26,11.77,11.87,25996.48,31094.667
603305.SH,20241121,15.45,15.74,14.62,14.83,567526.45,856022.524
603306.SH,20241121,29.7,31.47,29.4,30.77,315448.27,956124.306
603307.SH,20241121,32.96,33.38,32.55,33.14,6412.99,21204.755
603308.SH,20241121,14.25,14.57,14.05,14.21,97321.78,138974.752
603309.SH,20241121,13.37,13.82,13.22,13.76,63098.4,85505.217
603310.SH,20241121,19.21,19.49,18.98,19.17,46735.77,89787.974
603311.SH,20241121,10.95,11.21,10.79,11.08,76555.0,84327.925
603312.SH,20241121,34.6,35.36,33.9,34.31,15775.06,54481.984
603313.SH,20241121,7.06,7.12,6.86,6.99,93172.8,65027.611
603315.SH,20241121,10.6,10.61,10.37,10.46,39852.02,41674.765
603316.SH,20241121,5.38,5.5,5.3,5.41,56655.0,30484.563
603317.SH,20241121,14.22,14.38,13.99,14.19,42548.4,60512.46
603318.SH,20241121,8.24,8.8,7.9,7.98,554942.16,457431.415
603319.SH,20241121,23.78,24.6,23.6,24.27,71528.02,172853.889
603320.SH,20241121,15.12,15.36,15.0,15.25,32041.02,48786.446
603321.SH,20241121,7.18,7.23,7.11,7.2,31672.0,22726.394
603322.SH,20241121,35.24,35.52,33.71,34.45,55838.4,192976.002
603323.SH,20241121,5.31,5.35,5.28,5.32,324743.3,172463.313
603324.SH,20241121,30.9,33.88,30.44,32.12,166442.18,527847.046
603325.SH,20241121,85.89,86.6,83.34,83.96,11479.03,97169.208
603326.SH,20241121,6.36,6.55,6.29,6.51,123767.71,80079.766
603327.SH,20241121,14.25,14.27,13.86,14.02,125884.24,176908.766
603328.SH,20241121,9.47,9.57,9.32,9.44,146340.87,137918.704
603329.SH,20241121,13.44,13.69,13.38,13.63,33189.0,44920.151
603330.SH,20241121,6.77,7.2,6.75,7.2,236446.85,164893.829
603331.SH,20241121,11.07,11.26,10.3,10.38,253450.72,276192.349
603332.SH,20241121,8.69,9.54,8.57,9.24,243902.15,224589.968
603333.SH,20241121,4.2,4.62,4.19,4.62,366536.79,161931.246
603335.SH,20241121,5.14,5.25,5.08,5.25,89333.04,46377.636
603336.SH,20241121,4.66,4.68,4.59,4.65,149795.57,69424.553
603337.SH,20241121,30.38,33.07,30.08,32.82,62656.76,201588.012
603338.SH,20241121,54.17,54.65,54.1,54.41,46655.68,253776.401
603339.SH,20241121,13.4,13.4,12.95,13.09,79942.16,104596.607
603341.SH,20241121,47.62,49.58,47.31,49.32,76816.87,372452.398
603344.SH,20241121,22.56,22.7,22.3,22.62,18447.68,41541.42
603345.SH,20241121,87.25,88.38,85.9,87.46,36942.82,321905.683
603348.SH,20241121,27.32,27.66,26.84,27.22,56982.2,155104.155
603350.SH,20241121,37.41,39.38,36.4,39.15,59998.35,229331.472
603351.SH,20241121,24.9,25.0,24.43,24.61,7081.4,17477.553
603353.SH,20241121,16.41,17.14,16.03,16.17,163272.26,270056.969
603355.SH,20241121,23.88,24.02,23.46,23.64,12389.0,29436.974
603356.SH,20241121,14.03,14.58,13.91,14.42,96814.41,139022.116
603357.SH,20241121,9.76,9.81,9.6,9.69,125453.4,121649.768
603358.SH,20241121,31.49,31.61,30.81,30.89,32334.88,100799.248
603359.SH,20241121,5.67,5.68,5.36,5.47,368359.92,203028.057
603360.SH,20241121,21.79,22.11,21.11,21.65,110987.96,238681.721
603363.SH,20241121,3.62,3.79,3.62,3.68,192379.78,71319.359
603365.SH,20241121,15.03,15.4,14.77,15.17,64812.67,97706.595
603366.SH,20241121,13.07,13.07,12.66,13.07,638379.97,832457.696
603367.SH,20241121,14.75,14.86,14.6,14.77,45946.13,67654.507
603368.SH,20241121,18.87,19.01,18.67,18.96,102302.31,193019.041
603369.SH,20241121,45.56,46.46,45.45,46.36,49693.33,228381.169
603373.SH,20241121,33.01,34.0,32.55,32.84,46566.16,153967.012
603375.SH,20241121,39.74,40.65,39.3,39.8,19179.13,76686.33
603377.SH,20241121,2.33,2.33,2.23,2.33,357800.59,82823.057
603378.SH,20241121,7.18,7.26,7.01,7.09,68592.08,48737.734
603379.SH,20241121,34.0,34.88,33.48,33.78,41422.23,140459.768
603380.SH,20241121,23.47,23.62,23.16,23.51,10887.27,25520.966
603381.SH,20241121,23.37,24.19,23.34,24.0,63206.76,151125.178
603383.SH,20241121,38.52,39.35,38.3,38.64,50031.85,193780.375
603385.SH,20241121,6.81,6.9,6.76,6.85,33182.3,22653.721
603386.SH,20241121,11.82,11.89,11.63,11.86,55765.8,65744.578
603387.SH,20241121,9.15,9.24,9.0,9.11,89942.31,81963.122
603388.SH,20241121,2.92,3.03,2.81,3.03,270323.97,78820.253
603390.SH,20241121,9.39,9.51,9.3,9.42,59994.0,56471.255
603391.SH,20241121,41.98,42.15,41.38,41.88,7368.91,30790.866
603392.SH,20241121,72.0,74.6,71.59,73.93,56854.44,417141.668
603393.SH,20241121,32.99,34.72,32.82,34.19,153372.55,521672.61
603396.SH,20241121,31.7,32.93,31.11,31.49,35543.91,113069.64
603398.SH,20241121,22.94,24.06,22.2,22.3,431530.8,998696.385
603399.SH,20241121,11.0,11.25,10.87,11.12,281705.11,310759.982
603408.SH,20241121,12.87,13.1,12.85,13.08,20411.0,26490.755
603416.SH,20241121,36.88,37.3,36.15,36.81,15190.18,55791.401
603421.SH,20241121,6.25,6.31,6.12,6.22,111685.4,69507.435
603429.SH,20241121,6.85,6.98,6.7,6.86,68023.27,46273.213
603439.SH,20241121,13.98,14.07,13.85,14.0,39832.78,55566.511
603444.SH,20241121,206.01,207.8,203.5,204.9,12894.0,264806.408
603456.SH,20241121,15.72,15.88,15.54,15.67,132681.2,208094.622
603458.SH,20241121,6.99,7.11,6.83,7.0,264950.85,183700.813
603466.SH,20241121,9.2,9.29,9.03,9.14,239846.95,219761.945
603477.SH,20241121,19.43,19.8,19.23,19.39,92051.68,179623.489
603486.SH,20241121,48.0,48.2,47.38,47.75,34150.72,163072.266
603488.SH,20241121,8.58,8.76,8.32,8.69,92560.5,79066.97
603489.SH,20241121,23.0,23.29,22.62,22.96,36440.57,83755.483
603496.SH,20241121,26.3,26.7,25.8,26.27,106818.94,280508.261
603499.SH,20241121,33.67,33.86,32.19,32.68,46286.25,153287.589
603500.SH,20241121,6.91,7.1,6.91,7.05,61926.48,43415.184
603501.SH,20241121,105.86,106.2,104.23,104.92,134393.45,1414916.007
603505.SH,20241121,25.39,25.54,25.1,25.3,33217.72,84005.611
603506.SH,20241121,9.28,9.39,9.2,9.35,26904.77,25037.547
603507.SH,20241121,26.85,27.24,26.56,27.07,36199.1,97684.245
603508.SH,20241121,24.12,24.23,23.69,23.97,43053.52,103265.261
603511.SH,20241121,12.03,12.16,11.94,12.13,17339.0,20900.017
603515.SH,20241121,17.47,17.51,17.31,17.35,12737.48,22190.867
603516.SH,20241121,40.0,42.32,39.6,40.07,180182.4,736618.877
603517.SH,20241121,19.57,20.4,19.47,20.2,195073.05,393035.47
603518.SH,20241121,8.06,8.07,7.93,7.98,75092.8,60010.706
603519.SH,20241121,12.33,12.58,12.19,12.45,35193.0,43562.83
603520.SH,20241121,10.28,10.32,9.97,10.15,340045.94,343518.39
603527.SH,20241121,11.21,11.21,11.21,11.21,28752.36,32231.396
603528.SH,20241121,7.89,8.04,7.86,8.01,159672.84,127309.567
603529.SH,20241121,38.5,39.59,38.2,38.43,35698.96,138379.638
603530.SH,20241121,22.35,22.7,22.24,22.65,31927.0,71768.851
603533.SH,20241121,19.5,20.05,19.45,19.7,140766.0,277787.432
603535.SH,20241121,12.19,12.45,11.96,12.33,80900.99,98906.293
603536.SH,20241121,9.49,9.99,9.42,9.69,91278.8,88298.939
603538.SH,20241121,13.86,14.0,13.71,13.87,23301.15,32262.629
603551.SH,20241121,11.14,11.32,11.06,11.15,17334.0,19363.042
603556.SH,20241121,38.33,38.71,38.1,38.24,30812.21,118099.69
603557.SH,20241121,2.27,2.31,2.26,2.27,67320.0,15323.46
603558.SH,20241121,10.15,10.18,10.03,10.09,21321.0,21507.371
603559.SH,20241121,13.05,13.05,13.05,13.05,13179.0,17198.595
603565.SH,20241121,9.44,9.52,9.25,9.5,120295.31,113023.476
603566.SH,20241121,13.24,13.44,13.18,13.34,38203.91,50862.246
603567.SH,20241121,11.99,12.05,11.81,11.92,55922.89,66514.49
603568.SH,20241121,21.76,21.85,21.46,21.6,34944.92,75406.617
603569.SH,20241121,8.6,8.61,8.23,8.3,300506.4,252047.272
603577.SH,20241121,8.27,8.47,8.26,8.42,89200.4,74755.774
603578.SH,20241121,14.3,14.72,14.21,14.36,62983.62,90946.655
603579.SH,20241121,14.59,14.65,14.45,14.6,18687.0,27196.455
603580.SH,20241121,22.66,23.71,22.56,22.9,165934.03,384438.171
603583.SH,20241121,22.4,22.85,22.2,22.52,102899.39,231528.785
603585.SH,20241121,12.28,12.49,12.23,12.42,12851.09,15884.086
603586.SH,20241121,14.1,14.48,14.05,14.31,44059.0,62957.173
603587.SH,20241121,12.17,12.26,12.08,12.17,28255.53,34328.244
603588.SH,20241121,5.54,5.56,5.42,5.47,272513.48,149328.164
603589.SH,20241121,41.3,41.39,40.83,41.18,63161.3,259223.464
603590.SH,20241121,25.0,25.09,24.68,24.94,9874.0,24574.085
603595.SH,20241121,20.35,20.76,20.04,20.47,43196.03,87851.859
603596.SH,20241121,48.6,48.8,47.35,47.52,50788.36,242973.14
603598.SH,20241121,14.65,15.35,14.65,15.01,151968.99,228266.765
603599.SH,20241121,11.78,12.0,11.63,11.75,92092.21,108401.921
603600.SH,20241121,11.55,11.74,11.46,11.66,34028.0,39450.006
603601.SH,20241121,3.55,3.66,3.5,3.6,213708.78,76506.1
603602.SH,20241121,16.65,16.85,16.5,16.72,100006.7,166884.15
603605.SH,20241121,92.15,92.65,91.57,92.44,24206.92,222903.129
603606.SH,20241121,55.81,55.98,54.89,55.1,51758.73,286483.945
603607.SH,20241121,16.4,16.46,16.15,16.4,30370.44,49612.274
603608.SH,20241121,3.73,3.73,3.65,3.66,9942.8,3658.141
603609.SH,20241121,8.33,8.37,8.19,8.27,43143.94,35677.481
603610.SH,20241121,10.08,10.13,9.91,10.06,50900.61,51015.555
603611.SH,20241121,18.31,19.4,18.2,19.15,213974.4,403963.24
603612.SH,20241121,14.04,14.21,13.84,13.96,56709.35,79553.029
603613.SH,20241121,27.15,27.6,26.8,27.06,117223.23,318167.45
603615.SH,20241121,23.85,25.22,21.47,22.71,204803.22,469312.732
603616.SH,20241121,3.95,4.04,3.94,4.0,113913.0,45533.26
603617.SH,20241121,6.1,6.17,6.07,6.13,72012.0,44105.976
603618.SH,20241121,5.48,5.64,5.46,5.61,194080.36,108120.427
603619.SH,20241121,21.58,21.75,21.31,21.6,52992.06,114214.588
603626.SH,20241121,9.99,10.08,9.7,9.8,588295.96,577087.607
603628.SH,20241121,14.55,14.97,14.31,14.49,108078.0,157568.484
603629.SH,20241121,18.04,18.18,17.64,17.89,99128.49,177444.653
603630.SH,20241121,12.45,12.66,12.39,12.57,25048.21,31396.325
603633.SH,20241121,8.1,8.15,7.93,8.08,255833.53,205609.56
603636.SH,20241121,11.19,11.44,11.02,11.43,225848.22,253769.99
603637.SH,20241121,8.86,8.86,8.03,8.22,317922.45,265469.768
603638.SH,20241121,16.68,16.93,16.66,16.81,37350.38,62651.169
603639.SH,20241121,12.52,12.59,12.42,12.54,17135.15,21446.103
603648.SH,20241121,9.36,9.48,9.28,9.42,51437.0,48271.248
603650.SH,20241121,35.9,36.27,35.43,35.75,90721.0,325193.225
603655.SH,20241121,21.73,21.85,21.08,21.3,26612.0,56836.758
603656.SH,20241121,19.87,20.12,19.43,19.9,78099.12,154430.768
603657.SH,20241121,13.75,13.87,13.43,13.62,41152.0,56072.112
603658.SH,20241121,47.04,47.1,46.25,46.49,24938.77,116082.435
603659.SH,20241121,18.86,20.26,18.71,20.18,629445.04,1245857.939
603660.SH,20241121,7.11,7.8,6.98,7.36,742541.0,559085.22
603661.SH,20241121,34.94,34.96,34.19,34.19,24158.28,83279.713
603662.SH,20241121,46.6,48.88,45.14,45.8,428147.22,1996468.191
603663.SH,20241121,19.36,19.65,18.68,18.9,234575.76,448594.129
603665.SH,20241121,15.61,17.17,15.6,17.17,81203.0,134916.041
603666.SH,20241121,26.1,26.3,25.2,25.68,157022.84,401508.191
603667.SH,20241121,19.52,19.82,19.11,19.54,132526.74,258349.333
603668.SH,20241121,12.01,12.23,11.81,11.94,55770.08,66702.658
603669.SH,20241121,6.05,6.17,5.95,6.0,106998.5,64375.691
603676.SH,20241121,10.05,10.12,9.9,10.0,27088.0,27081.247
603677.SH,20241121,13.71,13.89,13.29,13.39,32696.75,44436.504
603678.SH,20241121,29.6,30.13,29.27,29.66,66641.74,197978.125
603679.SH,20241121,16.76,17.74,16.66,17.29,144212.15,247840.308
603680.SH,20241121,8.69,8.79,8.65,8.78,27769.94,24205.198
603681.SH,20241121,13.48,13.93,13.33,13.82,60285.0,82691.284
603682.SH,20241121,4.51,4.62,4.5,4.61,59724.0,27283.237
603683.SH,20241121,10.17,10.35,10.02,10.35,257311.01,261178.735
603685.SH,20241121,12.75,12.88,12.6,12.78,16074.0,20542.132
603686.SH,20241121,9.1,9.19,9.03,9.14,65599.4,59788.841
603687.SH,20241121,7.83,8.19,7.81,8.06,117371.1,94058.057
603688.SH,20241121,30.48,30.9,30.2,30.42,85289.8,260489.71
603689.SH,20241121,9.2,9.28,9.17,9.28,65708.23,60691.701
603690.SH,20241121,27.6,27.77,27.25,27.58,115918.14,319191.597
603693.SH,20241121,10.35,10.45,10.23,10.3,39132.58,40318.035
603696.SH,20241121,7.95,8.05,7.87,7.99,39526.76,31506.527
603697.SH,20241121,10.7,10.97,10.27,10.35,126650.54,133578.657
603698.SH,20241121,20.53,20.59,19.34,19.44,333273.26,660801.749
603699.SH,20241121,23.38,24.02,23.21,23.71,46013.26,109075.73
603700.SH,20241121,10.67,10.74,10.52,10.62,26355.77,28004.287
603701.SH,20241121,14.2,14.2,13.91,14.11,19667.0,27605.377
603703.SH,20241121,12.87,13.88,12.7,13.67,260777.7,345589.46
603706.SH,20241121,21.5,22.64,20.29,20.81,228110.51,487346.441
603707.SH,20241121,14.43,14.7,14.31,14.33,43211.38,62424.296
603708.SH,20241121,10.18,10.21,9.8,10.05,62575.37,62377.901
603709.SH,20241121,11.08,11.52,11.08,11.35,23296.74,26320.659
603711.SH,20241121,15.18,15.43,14.86,15.14,100066.0,151058.958
603712.SH,20241121,18.02,18.11,17.69,17.89,146145.99,260843.226
603713.SH,20241121,58.01,58.06,56.98,57.26,9268.93,53230.799
603716.SH,20241121,8.4,9.05,8.3,8.78,380726.36,330008.67
603717.SH,20241121,6.18,6.27,6.11,6.22,47012.0,29106.596
603718.SH,20241121,8.37,8.63,8.24,8.54,149924.62,126635.82
603719.SH,20241121,12.34,12.6,12.24,12.42,94231.04,116849.153
603721.SH,20241121,27.9,29.49,27.88,28.21,138224.51,392599.095
603722.SH,20241121,46.86,48.5,46.45,47.55,12189.0,57880.558
603725.SH,20241121,6.88,7.01,6.81,7.01,45266.72,31406.283
603726.SH,20241121,18.13,19.82,18.0,19.1,121288.4,229381.492
603727.SH,20241121,12.37,12.57,12.21,12.37,48993.5,60617.916
603728.SH,20241121,55.9,55.9,54.0,55.06,112209.91,616565.16
603729.SH,20241121,17.99,17.99,16.8,17.33,244537.06,422656.121
603730.SH,20241121,9.72,9.87,9.65,9.77,72111.8,70453.339
603733.SH,20241121,20.05,20.58,20.03,20.18,45153.8,91181.117
603737.SH,20241121,45.73,46.4,45.25,45.74,21036.56,96444.062
603738.SH,20241121,16.07,16.33,15.93,16.2,119273.53,193076.294
603739.SH,20241121,13.7,14.07,13.66,13.9,71992.19,99760.214
603755.SH,20241121,25.31,26.6,25.22,25.99,28823.54,75205.717
603757.SH,20241121,20.49,21.06,20.44,20.71,12449.84,25859.91
603758.SH,20241121,8.63,8.73,8.56,8.73,67618.0,58510.073
603759.SH,20241121,6.79,6.84,6.75,6.82,34127.88,23217.598
603766.SH,20241121,7.81,7.99,7.75,7.99,265155.34,208934.513
603767.SH,20241121,12.84,13.2,12.74,12.83,74498.2,96389.559
603768.SH,20241121,14.57,15.24,14.37,14.87,66049.0,98087.138
603773.SH,20241121,25.0,25.17,24.26,24.77,79197.78,195824.01
603777.SH,20241121,10.69,10.7,10.51,10.63,21825.53,23123.782
603778.SH,20241121,3.8,3.84,3.65,3.71,138913.92,51514.729
603779.SH,20241121,10.83,10.94,10.63,10.77,56215.7,60591.507
603786.SH,20241121,60.06,60.63,59.2,59.4,10245.47,61289.863
603787.SH,20241121,11.1,11.25,11.03,11.25,40097.0,44818.621
603788.SH,20241121,14.65,14.75,14.47,14.62,22119.38,32350.426
603789.SH,20241121,8.56,8.74,8.43,8.55,53324.9,45756.335
603790.SH,20241121,11.65,12.15,11.53,11.88,45587.5,53806.484
603797.SH,20241121,4.17,4.24,4.1,4.16,102720.91,42858.547
603798.SH,20241121,8.79,9.15,8.73,9.0,78622.1,70313.732
603799.SH,20241121,34.03,34.27,33.58,33.89,306190.22,1038592.002
603800.SH,20241121,24.45,24.59,23.4,23.41,38012.0,90778.477
603801.SH,20241121,13.36,13.4,12.87,12.97,86787.11,113409.075
603803.SH,20241121,7.41,7.64,7.41,7.55,70660.0,53275.995
603806.SH,20241121,17.36,17.48,16.88,17.05,202930.92,348591.958
603808.SH,20241121,8.3,8.38,8.0,8.03,195045.32,158554.418
603809.SH,20241121,12.5,12.52,11.93,12.12,235046.63,283962.642
603810.SH,20241121,10.5,10.79,10.43,10.57,57344.66,60765.034
603811.SH,20241121,8.18,8.22,8.11,8.2,43628.18,35634.402
603813.SH,20241121,12.4,12.65,12.29,12.52,13413.0,16725.29
603815.SH,20241121,6.84,6.88,6.71,6.79,52590.0,35681.389
603816.SH,20241121,28.55,29.3,28.2,29.04,71110.41,205051.611
603817.SH,20241121,5.83,5.88,5.78,5.85,78243.54,45637.605
603818.SH,20241121,3.09,3.15,3.05,3.1,175263.0,54129.665
603819.SH,20241121,11.34,11.6,10.9,11.21,71925.72,80672.308
603822.SH,20241121,40.12,41.66,40.08,41.55,21698.0,88797.942
603823.SH,20241121,10.46,10.74,10.35,10.42,142465.4,149617.111
603825.SH,20241121,13.46,14.85,13.1,13.65,493441.77,689287.688
603826.SH,20241121,23.3,23.55,22.87,23.11,73959.41,170792.818
603828.SH,20241121,3.23,3.23,3.11,3.17,61380.0,19372.436
603829.SH,20241121,14.64,14.97,14.64,14.84,16959.0,25130.639
603833.SH,20241121,65.5,68.0,64.64,67.32,37044.03,246964.533
603836.SH,20241121,13.19,13.57,13.11,13.51,31657.0,42290.154
603838.SH,20241121,6.39,6.61,6.32,6.38,47818.0,30827.798
603839.SH,20241121,6.16,6.27,5.98,6.1,194783.28,118627.083
603843.SH,20241121,2.83,2.9,2.8,2.9,186886.96,53456.236
603848.SH,20241121,14.76,15.27,14.74,15.23,23887.0,35915.181
603855.SH,20241121,20.19,20.49,20.09,20.15,16655.0,33694.479
603856.SH,20241121,11.75,11.83,11.7,11.8,21100.0,24805.703
603858.SH,20241121,17.05,17.1,16.9,17.0,45240.86,76807.261
603859.SH,20241121,35.0,36.42,31.73,31.96,413041.06,1394333.671
603860.SH,20241121,31.65,32.13,31.44,31.72,17178.0,54610.073
603861.SH,20241121,9.52,9.7,9.48,9.69,98799.6,95106.792
603863.SH,20241121,26.39,26.74,25.44,25.67,116019.31,301557.852
603866.SH,20241121,6.35,6.39,6.25,6.32,103522.08,65340.961
603867.SH,20241121,25.12,25.3,24.75,25.04,23199.94,57985.764
603868.SH,20241121,42.2,42.2,41.18,41.51,12051.0,50236.524
603869.SH,20241121,6.14,6.17,6.05,6.09,16852.25,10276.885
603871.SH,20241121,20.76,21.0,20.31,20.9,68955.56,143167.313
603876.SH,20241121,9.9,10.15,9.78,9.9,231293.25,230015.193
603877.SH,20241121,14.44,14.54,14.11,14.41,90191.96,129107.143
603878.SH,20241121,6.6,6.76,6.42,6.51,446975.48,293629.795
603879.SH,20241121,4.1,4.1,3.99,4.1,214791.79,87786.402
603880.SH,20241121,4.54,4.67,4.48,4.65,53643.8,24641.106
603881.SH,20241121,16.91,17.15,16.6,16.84,113134.96,190873.178
603882.SH,20241121,33.7,33.9,32.85,33.18,54512.0,181346.761
603883.SH,20241121,18.35,18.35,18.0,18.11,215473.11,390706.988
603885.SH,20241121,14.33,14.47,14.08,14.32,156853.03,224001.384
603886.SH,20241121,14.1,14.27,14.02,14.26,21746.15,30809.37
603887.SH,20241121,15.13,15.76,14.51,14.74,724471.76,1092146.037
603888.SH,20241121,24.44,25.0,24.35,24.68,107964.44,266875.499
603889.SH,20241121,6.85,6.88,6.8,6.87,23509.48,16082.56
603890.SH,20241121,11.39,11.77,11.33,11.51,118503.96,136986.592
603893.SH,20241121,84.2,85.5,83.77,84.53,35757.0,302850.322
603895.SH,20241121,25.01,25.01,22.2,23.29,142345.35,336016.239
603896.SH,20241121,22.24,22.27,22.01,22.18,16008.92,35445.495
603897.SH,20241121,21.4,22.45,21.3,22.04,66037.44,144675.038
603898.SH,20241121,8.84,8.95,8.77,8.91,19321.0,17116.89
603899.SH,20241121,30.39,30.77,30.2,30.41,28096.34,85341.64
603900.SH,20241121,6.47,6.72,6.42,6.7,163553.95,107341.981
603901.SH,20241121,8.3,8.62,7.97,8.29,828303.63,684992.265
603903.SH,20241121,7.01,7.24,6.93,7.16,70235.91,49967.897
603906.SH,20241121,10.29,10.71,10.24,10.45,128081.65,134457.647
603908.SH,20241121,23.61,23.66,23.14,23.45,10986.8,25702.458
603909.SH,20241121,9.49,9.63,9.3,9.5,18211.6,17272.332
603912.SH,20241121,7.33,7.65,7.21,7.58,271294.27,204303.926
603915.SH,20241121,13.2,14.01,12.8,13.34,669059.05,898664.286
603916.SH,20241121,8.27,8.43,8.2,8.4,67300.0,56096.366
603917.SH,20241121,13.2,13.2,12.85,13.01,51929.0,67570.424
603918.SH,20241121,14.5,15.39,14.5,14.62,820293.19,1223121.451
603919.SH,20241121,21.06,21.23,20.83,21.03,29298.0,61580.814
603920.SH,20241121,33.09,33.68,32.32,33.15,203938.93,675286.273
603922.SH,20241121,23.2,23.3,22.0,22.27,55213.2,125589.957
603926.SH,20241121,9.42,9.6,9.35,9.58,21130.69,20081.207
603927.SH,20241121,23.56,24.1,23.31,23.8,186633.19,442510.04
603928.SH,20241121,9.43,9.55,9.2,9.33,67479.98,62982.172
603929.SH,20241121,27.83,28.18,27.47,27.8,23054.0,64148.808
603931.SH,20241121,26.44,28.19,26.44,27.01,61696.8,169211.036
603933.SH,20241121,15.39,15.65,15.23,15.48,39747.69,61485.299
603936.SH,20241121,8.96,9.02,8.77,8.92,209023.19,185828.738
603937.SH,20241121,9.23,9.42,9.22,9.32,25268.0,23547.998
603938.SH,20241121,12.83,12.95,12.62,12.8,26557.01,33989.0
603939.SH,20241121,23.88,23.96,23.35,23.55,114745.84,270663.01
603948.SH,20241121,19.59,19.81,19.38,19.57,7770.0,15208.86
603949.SH,20241121,12.6,13.87,12.36,13.87,129964.42,171838.351
603950.SH,20241121,14.65,16.1,14.62,15.66,134551.07,209890.529
603955.SH,20241121,33.26,33.26,30.24,33.26,512593.9,1685750.363
603956.SH,20241121,5.73,5.8,5.61,5.71,50320.67,28722.363
603958.SH,20241121,12.9,12.9,12.56,12.75,105168.39,133612.29
603959.SH,20241121,2.81,2.9,2.8,2.9,276071.03,79204.771
603960.SH,20241121,23.0,23.01,22.23,22.6,108149.15,244441.55
603963.SH,20241121,3.26,3.26,3.13,3.18,60858.03,19355.59
603966.SH,20241121,7.86,7.94,7.82,7.93,55117.05,43451.615
603967.SH,20241121,10.27,10.35,10.14,10.27,49099.4,50202.54
603968.SH,20241121,10.4,10.56,10.35,10.45,17372.0,18164.65
603969.SH,20241121,5.75,5.83,5.66,5.76,157509.58,90535.372
603970.SH,20241121,15.55,16.49,15.4,16.07,103751.59,166430.859
603976.SH,20241121,17.0,17.1,16.77,17.08,9772.0,16574.175
603977.SH,20241121,13.42,13.57,13.12,13.47,70817.0,94536.116
603978.SH,20241121,17.67,18.34,17.6,17.84,84263.0,151295.377
603979.SH,20241121,41.91,42.76,41.5,41.97,63459.73,267495.25
603980.SH,20241121,4.42,4.44,4.36,4.4,86683.0,38117.949
603982.SH,20241121,9.52,9.75,9.46,9.6,43429.0,41721.774
603983.SH,20241121,29.55,29.64,28.81,28.94,15877.28,46198.472
603985.SH,20241121,13.06,13.63,12.98,13.19,142298.6,188686.275
603986.SH,20241121,88.32,89.17,87.38,88.32,122344.07,1082223.38
603987.SH,20241121,7.74,7.83,7.68,7.78,39676.67,30752.705
603988.SH,20241121,19.97,22.08,19.89,21.53,211901.03,450608.266
603989.SH,20241121,15.68,15.94,15.52,15.74,109048.88,171051.542
603990.SH,20241121,11.08,11.75,10.95,11.37,357268.2,404002.254
603991.SH,20241121,67.5,67.87,64.46,65.5,72389.0,480339.765
603992.SH,20241121,19.91,19.91,19.31,19.51,26061.63,50862.799
603993.SH,20241121,7.6,7.64,7.56,7.61,881980.66,670389.15
603995.SH,20241121,19.48,19.55,19.16,19.24,26957.95,51998.259
603997.SH,20241121,12.92,12.98,12.7,12.77,40146.1,51512.694
603998.SH,20241121,11.58,11.58,11.15,11.33,62191.5,70334.561
603999.SH,20241121,6.1,6.19,6.06,6.14,114105.0,69842.346
605001.SH,20241121,6.22,6.24,6.14,6.21,44425.13,27505.923
605003.SH,20241121,19.47,19.75,18.85,19.2,31054.95,59706.171
605005.SH,20241121,16.65,16.65,16.43,16.57,11247.0,18598.084
605006.SH,20241121,5.07,5.1,5.05,5.1,28209.4,14327.107
605007.SH,20241121,13.27,13.48,13.24,13.34,20501.0,27345.892
605008.SH,20241121,12.85,13.02,12.69,12.76,32879.19,42135.664
605009.SH,20241121,39.95,41.83,39.54,40.37,19839.41,80013.398
605011.SH,20241121,22.74,23.06,22.45,22.7,30746.24,69874.274
605016.SH,20241121,17.0,17.05,16.64,16.76,24446.67,41089.354
605018.SH,20241121,8.45,8.49,8.36,8.46,27386.0,23058.002
605020.SH,20241121,18.06,18.49,18.06,18.22,32612.67,59590.912
605028.SH,20241121,26.0,26.0,22.39,22.99,266375.45,620842.238
605033.SH,20241121,13.06,13.26,13.05,13.2,11832.2,15535.938
605050.SH,20241121,9.51,9.56,9.44,9.5,19210.0,18244.181
605055.SH,20241121,5.3,5.31,5.22,5.25,28520.0,14989.29
605056.SH,20241121,13.11,13.14,12.85,13.04,25621.0,33332.876
605058.SH,20241121,20.22,20.46,19.91,20.13,16175.0,32656.309
605060.SH,20241121,17.71,17.94,17.25,17.38,26225.0,45835.665
605066.SH,20241121,6.0,6.1,6.0,6.08,68664.25,41636.919
605068.SH,20241121,14.0,14.18,13.88,14.03,13644.0,19161.129
605069.SH,20241121,8.68,8.89,8.52,8.77,103573.86,89955.987
605077.SH,20241121,15.66,15.86,15.45,15.66,45518.93,70929.212
605080.SH,20241121,18.97,19.25,18.91,19.08,11400.38,21756.298
605081.SH,20241121,13.64,13.76,13.19,13.36,38082.95,50940.513
605086.SH,20241121,28.67,29.35,28.15,28.32,22792.6,65395.501
605088.SH,20241121,23.22,23.88,22.72,22.86,84506.59,196039.648
605089.SH,20241121,22.51,23.68,22.51,23.33,16042.44,37111.791
605090.SH,20241121,28.4,28.64,27.88,28.08,42315.25,119333.35
605098.SH,20241121,33.43,33.43,33.03,33.16,10855.8,36019.632
605099.SH,20241121,19.88,19.97,19.58,19.72,7210.0,14245.22
605100.SH,20241121,13.88,15.18,13.88,15.18,143380.14,214597.88
605108.SH,20241121,24.24,24.54,23.08,23.48,54337.71,129696.559
605111.SH,20241121,35.61,36.07,35.24,35.61,104049.67,371425.566
605116.SH,20241121,22.2,22.21,21.75,21.9,13627.45,29887.131
605117.SH,20241121,93.8,94.1,91.33,91.92,75430.07,696391.531
605118.SH,20241121,16.39,16.64,16.25,16.46,22133.0,36414.358
605122.SH,20241121,11.93,12.07,11.72,11.82,10918.0,12975.596
605123.SH,20241121,58.08,58.6,57.63,57.99,8106.93,47036.535
605128.SH,20241121,34.3,35.0,34.2,34.69,15918.28,55083.349
605133.SH,20241121,23.42,24.12,23.08,23.62,71951.45,170267.561
605136.SH,20241121,7.8,8.13,7.74,8.02,133586.0,106782.715
605138.SH,20241121,5.74,5.78,5.69,5.77,23357.67,13426.077
605151.SH,20241121,17.67,17.7,17.18,17.35,24223.2,42262.322
605155.SH,20241121,10.03,10.18,9.95,10.15,20846.36,21028.997
605158.SH,20241121,9.03,9.29,8.93,9.0,109555.7,99786.443
605162.SH,20241121,7.24,7.31,7.2,7.29,51193.0,37194.184
605166.SH,20241121,11.08,11.2,11.04,11.16,27279.06,30377.422
605167.SH,20241121,10.29,11.1,10.2,10.66,316211.14,339903.819
605168.SH,20241121,31.5,32.45,31.25,31.51,60396.54,191454.188
605169.SH,20241121,10.84,10.88,10.58,10.76,38677.72,41613.852
605177.SH,20241121,19.12,19.28,18.9,19.19,21282.0,40682.371
605178.SH,20241121,18.93,19.13,18.45,18.66,28100.8,52514.429
605179.SH,20241121,10.24,10.41,10.12,10.23,27849.39,28526.248
605180.SH,20241121,13.04,13.14,12.91,13.13,44678.81,58345.572
605183.SH,20241121,18.08,18.08,17.72,17.87,13826.0,24665.727
605186.SH,20241121,23.97,24.17,23.42,23.77,26181.08,62255.098
605188.SH,20241121,6.95,6.97,6.83,6.94,34655.0,23950.185
605189.SH,20241121,13.33,13.5,13.28,13.45,12375.0,16595.515
605196.SH,20241121,12.23,12.97,12.16,12.77,269917.45,341769.754
605198.SH,20241121,26.81,27.45,26.61,26.99,15870.0,42859.662
605199.SH,20241121,13.2,13.26,13.02,13.23,33123.0,43649.916
605208.SH,20241121,7.38,7.68,7.38,7.52,109188.22,82480.538
605218.SH,20241121,25.89,27.14,25.72,26.69,149346.56,396617.791
605222.SH,20241121,16.41,16.51,16.26,16.44,29111.0,47746.01
605228.SH,20241121,10.01,10.25,9.82,9.92,145539.27,145272.972
605255.SH,20241121,13.49,13.65,13.27,13.57,15859.0,21478.487
605258.SH,20241121,28.58,28.9,28.17,28.58,14522.0,41540.483
605259.SH,20241121,15.54,15.9,15.4,15.64,10106.32,15812.275
605266.SH,20241121,26.58,27.78,25.9,27.78,75995.95,203735.733
605268.SH,20241121,8.35,8.79,8.28,8.72,88185.0,75384.758
605277.SH,20241121,13.65,13.8,13.5,13.74,79828.45,109261.326
605286.SH,20241121,32.5,34.3,32.26,33.1,52340.31,173145.915
605287.SH,20241121,13.32,13.79,13.3,13.79,59868.2,81530.156
605288.SH,20241121,34.79,35.25,34.56,35.08,4925.0,17231.814
605289.SH,20241121,23.64,24.09,23.44,23.75,31713.98,75471.871
605296.SH,20241121,28.8,29.39,28.68,28.99,20900.05,60694.538
605298.SH,20241121,14.15,15.08,13.95,14.6,56538.68,82009.223
605299.SH,20241121,7.88,8.03,7.84,7.99,45656.0,36299.789
605300.SH,20241121,12.75,12.88,12.42,12.61,23959.59,30299.189
605303.SH,20241121,8.7,8.77,8.51,8.61,22893.0,19810.154
605305.SH,20241121,28.57,29.0,28.19,28.5,30812.58,88175.947
605318.SH,20241121,19.85,20.15,19.36,20.1,23898.0,47605.234
605319.SH,20241121,20.59,21.38,20.25,20.69,23452.0,48809.436
605333.SH,20241121,33.63,33.99,33.21,33.79,23554.08,79395.978
605336.SH,20241121,12.33,13.65,12.33,13.31,183635.41,243536.94
605337.SH,20241121,10.9,11.15,10.75,10.99,58060.29,63437.108
605338.SH,20241121,16.51,16.73,16.35,16.54,12992.0,21457.707
605339.SH,20241121,17.8,17.94,17.46,17.5,14695.36,25897.243
605358.SH,20241121,27.2,27.36,26.51,26.93,89797.11,242167.191
605365.SH,20241121,16.07,16.26,15.91,16.06,34225.89,54926.863
605366.SH,20241121,6.5,6.58,6.38,6.45,71817.5,46418.34
605368.SH,20241121,11.79,11.85,11.71,11.74,38940.54,45816.59
605369.SH,20241121,31.49,31.58,31.0,31.29,5687.0,17791.017
605376.SH,20241121,29.01,29.68,28.82,29.41,57827.66,169283.366
605377.SH,20241121,12.8,13.25,12.77,13.19,108101.45,141406.854
605378.SH,20241121,17.68,17.95,17.51,17.74,28541.93,50644.499
605388.SH,20241121,5.94,5.98,5.86,5.96,58579.82,34738.82
605389.SH,20241121,24.8,24.8,24.15,24.5,13708.8,33468.178
605398.SH,20241121,19.19,19.47,18.7,19.1,42854.98,82121.816
605399.SH,20241121,12.58,12.7,12.43,12.61,33131.09,41662.226
605488.SH,20241121,14.61,14.74,14.33,14.57,58836.66,85471.581
605499.SH,20241121,218.51,221.49,217.32,219.59,10789.35,236895.352
605500.SH,20241121,7.47,7.48,7.38,7.47,20287.85,15088.323
605507.SH,20241121,21.94,22.08,21.56,21.7,34674.09,75403.464
605555.SH,20241121,19.6,19.95,19.42,19.63,30730.35,60477.976
605566.SH,20241121,19.44,21.18,19.09,21.18,87987.43,179879.78
605567.SH,20241121,8.93,9.0,8.89,8.97,27886.0,24980.997
605577.SH,20241121,18.02,18.5,17.6,17.67,279625.47,503466.336
605580.SH,20241121,10.01,10.15,9.71,10.04,73155.6,72475.568
605588.SH,20241121,49.99,52.15,49.1,52.0,42616.0,215305.703
605589.SH,20241121,23.87,24.5,23.6,24.02,142547.91,342736.817
605598.SH,20241121,19.39,20.1,19.22,19.78,31219.8,61693.699
605599.SH,20241121,11.29,11.36,11.15,11.24,39399.63,44149.525
688001.SH,20241121,35.0,35.48,33.5,33.82,77196.3,263341.067
688002.SH,20241121,47.9,48.68,47.24,47.74,62820.11,301553.896
688003.SH,20241121,53.0,53.31,50.45,50.8,52416.61,271204.609
688004.SH,20241121,19.25,19.35,18.43,18.7,14795.44,27899.251
688005.SH,20241121,38.61,39.42,38.02,38.82,135968.96,526379.238
688006.SH,20241121,22.49,22.66,21.7,21.97,57647.42,127652.725
688007.SH,20241121,17.42,17.76,17.2,17.54,84859.68,148873.958
688008.SH,20241121,67.8,68.85,66.84,67.6,260358.58,1771095.193
688009.SH,20241121,6.7,6.75,6.58,6.62,385385.05,255484.951
688010.SH,20241121,32.89,36.8,32.65,34.33,105537.18,362900.239
688011.SH,20241121,18.8,19.0,18.29,18.65,9725.79,18104.257
688012.SH,20241121,211.02,219.87,210.0,216.5,104305.27,2258923.279
688013.SH,20241121,19.35,19.66,19.2,19.57,8518.13,16583.737
688015.SH,20241121,22.11,22.5,21.9,22.24,26506.79,58840.797
688016.SH,20241121,108.87,110.29,107.17,108.01,23520.93,255638.487
688017.SH,20241121,120.48,124.2,118.0,122.28,48334.24,587991.285
688018.SH,20241121,123.99,135.0,123.49,130.79,44308.0,579855.263
688019.SH,20241121,158.7,159.6,155.0,156.83,16266.13,256020.357
688020.SH,20241121,38.33,38.66,37.5,38.0,9297.4,35498.695
688021.SH,20241121,12.0,12.05,11.61,11.92,12644.05,14972.25
688022.SH,20241121,13.45,13.55,12.88,13.09,49050.86,64760.355
688023.SH,20241121,49.46,51.44,49.01,50.71,35302.41,177708.98
688025.SH,20241121,54.5,56.58,53.29,54.8,25851.62,142106.925
688026.SH,20241121,14.82,15.15,14.81,15.02,29581.84,44308.397
688027.SH,20241121,278.1,308.31,277.1,294.51,55522.06,1621618.909
688028.SH,20241121,18.77,18.84,18.38,18.66,16992.51,31716.208
688029.SH,20241121,74.3,75.57,73.04,73.83,20202.28,149710.995
688030.SH,20241121,16.64,16.95,16.3,16.71,11317.12,18907.352
688031.SH,20241121,40.31,47.66,40.1,47.66,62860.19,283609.358
688032.SH,20241121,137.76,139.33,132.05,132.99,19843.6,266876.295
688033.SH,20241121,7.17,7.25,6.97,7.06,173521.48,123028.042
688035.SH,20241121,38.58,39.68,38.0,38.87,25750.92,99292.999
688036.SH,20241121,91.67,92.17,90.16,90.16,79984.44,726526.95
688037.SH,20241121,100.99,108.79,100.49,105.77,83092.31,881105.753
688038.SH,20241121,13.56,13.75,13.4,13.58,23922.3,32509.973
688039.SH,20241121,30.19,31.3,29.97,30.52,45168.66,138285.239
688041.SH,20241121,125.6,131.44,125.51,128.5,260849.75,3367446.92
688045.SH,20241121,36.0,36.63,35.39,36.06,9704.23,34974.897
688046.SH,20241121,13.86,14.07,13.59,13.72,23659.31,32592.754
688047.SH,20241121,148.9,157.18,148.5,154.0,67371.25,1038524.695
688048.SH,20241121,43.23,44.4,42.9,43.81,34189.97,149166.411
688049.SH,20241121,35.82,37.55,35.21,36.34,81665.94,300109.526
688050.SH,20241121,92.52,94.98,91.03,92.07,20246.87,188042.147
688051.SH,20241121,24.9,24.9,23.56,23.93,8794.54,21364.158
688052.SH,20241121,122.97,124.4,121.1,123.14,15573.99,190807.982
688053.SH,20241121,29.0,32.0,28.98,29.58,58794.46,179062.624
688055.SH,20241121,4.59,4.63,4.4,4.47,121587.72,54454.671
688056.SH,20241121,30.4,30.88,29.8,30.32,5001.41,15135.071
688057.SH,20241121,11.84,12.04,11.77,11.98,21588.32,25824.583
688058.SH,20241121,33.14,34.56,32.61,33.6,18882.5,63895.215
688059.SH,20241121,49.56,49.74,48.48,49.33,6892.93,33880.571
688060.SH,20241121,40.4,41.86,39.58,40.42,6114.02,24744.432
688061.SH,20241121,30.51,30.88,30.04,30.39,11167.2,34067.96
688062.SH,20241121,23.95,25.1,23.79,23.88,40806.25,99309.749
688063.SH,20241121,48.77,49.33,47.65,48.36,41864.04,202829.693
688065.SH,20241121,46.89,47.28,45.52,46.37,25685.06,119297.138
688066.SH,20241121,24.9,26.0,24.59,25.52,142650.25,363982.903
688067.SH,20241121,18.32,18.7,18.13,18.56,11693.68,21625.383
688068.SH,20241121,52.26,55.9,47.1,50.7,165666.28,840241.724
688069.SH,20241121,16.29,16.88,16.18,16.86,14695.21,24342.013
688070.SH,20241121,40.5,41.11,40.11,40.76,8843.1,35964.119
688071.SH,20241121,25.14,25.66,24.6,25.25,14618.69,36493.795
688072.SH,20241121,189.0,198.67,187.86,194.31,47709.44,927413.214
688073.SH,20241121,45.2,46.67,44.73,46.25,10407.49,47809.223
688075.SH,20241121,42.0,43.2,41.22,41.65,13534.95,56844.133
688076.SH,20241121,53.8,55.3,53.74,54.77,40890.36,223572.688
688077.SH,20241121,24.8,25.28,24.15,24.51,33444.36,82267.241
688078.SH,20241121,28.83,29.24,28.38,28.87,9472.25,27348.671
688079.SH,20241121,9.28,9.28,9.01,9.13,41266.28,37678.58
688080.SH,20241121,35.0,35.75,34.72,35.27,13273.7,46789.021
688081.SH,20241121,14.12,14.28,13.57,13.79,12174.92,16959.72
688082.SH,20241121,114.0,117.35,113.6,114.61,20666.1,238506.682
688083.SH,20241121,99.95,103.99,97.0,102.0,25259.99,254771.536
688084.SH,20241121,60.0,60.89,57.56,59.6,6233.28,36994.144
688085.SH,20241121,22.0,22.47,21.77,21.91,14112.14,31259.986
688087.SH,20241121,28.8,28.97,28.2,28.56,7125.35,20444.284
688088.SH,20241121,35.98,37.14,35.71,36.37,72620.24,264715.497
688089.SH,20241121,22.32,22.85,21.51,21.84,50691.62,111998.611
688090.SH,20241121,64.0,67.43,63.2,65.46,17400.54,113839.291
688091.SH,20241121,43.22,44.22,42.67,43.29,26746.51,115763.87
688092.SH,20241121,22.95,23.09,22.37,22.77,12552.87,28603.138
688093.SH,20241121,20.14,20.28,19.68,19.96,18987.78,37825.507
688095.SH,20241121,76.6,86.99,75.05,83.41,62614.0,506173.707
688096.SH,20241121,9.33,9.46,9.04,9.33,13015.61,12007.133
688097.SH,20241121,28.5,28.5,26.27,26.94,145615.89,391119.066
688098.SH,20241121,5.49,5.57,5.47,5.52,28578.05,15742.421
688099.SH,20241121,70.01,70.58,68.6,69.35,65808.88,459110.204
688100.SH,20241121,38.56,38.7,37.71,37.84,16753.44,63851.107
688101.SH,20241121,13.98,14.99,13.96,14.7,78440.79,114929.552
688102.SH,20241121,9.55,9.73,9.31,9.38,82595.36,78588.601
688103.SH,20241121,44.6,47.5,44.6,45.19,26328.95,121444.946
688105.SH,20241121,25.18,25.71,24.63,25.03,13918.69,34944.606
688106.SH,20241121,19.25,19.26,18.82,19.05,49847.53,94958.245
688107.SH,20241121,30.54,30.8,29.44,30.0,33259.05,100375.494
688108.SH,20241121,11.2,11.76,11.06,11.32,186594.04,213357.591
688109.SH,20241121,28.69,29.09,28.1,28.95,16915.25,48344.36
688110.SH,20241121,23.3,24.72,23.2,23.78,160204.19,384760.251
688111.SH,20241121,294.5,321.78,289.5,313.11,109442.66,3356335.73
688112.SH,20241121,30.92,31.37,30.38,30.9,7272.75,22535.921
688113.SH,20241121,32.88,33.16,32.0,32.37,2568.1,8364.903
688114.SH,20241121,49.64,52.53,49.1,51.4,35335.22,180418.593
688115.SH,20241121,45.8,46.38,44.54,45.02,9082.92,41082.745
688116.SH,20241121,45.11,49.48,43.68,44.04,416022.82,1912242.757
688117.SH,20241121,29.53,30.97,29.12,29.59,41360.35,124237.004
688118.SH,20241121,22.91,24.6,22.8,24.1,51600.15,123845.285
688119.SH,20241121,4.27,4.32,4.21,4.26,53884.75,23058.205
688120.SH,20241121,187.31,191.0,185.96,189.0,31676.3,597961.373
688121.SH,20241121,12.76,12.98,12.56,12.77,32091.62,41041.7
688122.SH,20241121,46.07,48.58,45.59,48.07,118749.43,564256.991
688123.SH,20241121,58.33,59.54,57.6,58.43,37559.02,220014.995
688125.SH,20241121,42.6,43.24,41.83,42.23,4015.47,17012.574
688126.SH,20241121,23.04,23.05,22.3,22.51,227415.5,515967.509
688127.SH,20241121,24.91,25.06,23.76,24.06,62343.69,151404.589
688128.SH,20241121,22.43,22.43,21.82,22.1,31656.73,69964.38
688129.SH,20241121,16.0,16.23,15.77,16.0,6749.48,10809.335
688130.SH,20241121,25.9,26.63,25.45,26.27,25768.97,67536.257
688131.SH,20241121,38.9,39.95,38.41,38.86,23521.5,91873.964
688132.SH,20241121,16.94,17.95,16.94,17.34,23845.86,41536.526
688133.SH,20241121,24.62,25.04,24.1,24.65,22330.76,54853.251
688135.SH,20241121,18.75,18.96,18.45,18.68,26017.13,48746.936
688136.SH,20241121,17.28,17.52,17.06,17.29,13868.15,23843.225
688137.SH,20241121,36.45,36.66,36.0,36.48,3293.18,11965.524
688138.SH,20241121,26.34,26.56,25.29,25.87,42329.75,109800.2
688139.SH,20241121,35.72,35.77,34.4,34.75,34319.27,119779.31
688141.SH,20241121,24.37,25.08,23.65,24.59,116966.78,285639.075
688143.SH,20241121,23.96,24.76,23.71,23.84,30942.54,74778.195
688146.SH,20241121,33.8,33.8,32.55,33.01,35620.83,118390.579
688147.SH,20241121,30.03,31.23,29.93,30.45,71290.19,217797.546
688148.SH,20241121,6.18,6.38,6.06,6.12,170226.05,105171.571
688150.SH,20241121,21.78,21.98,21.24,21.62,44130.72,95329.257
688151.SH,20241121,17.02,17.69,17.01,17.31,20072.74,34748.019
688152.SH,20241121,72.0,77.88,70.7,75.85,33677.88,253835.715
688153.SH,20241121,41.19,41.45,39.82,40.39,28995.61,117383.382
688155.SH,20241121,45.21,46.27,44.06,44.6,38322.1,173761.068
688156.SH,20241121,13.4,13.6,13.21,13.41,12793.03,17126.387
688157.SH,20241121,47.11,47.54,46.45,46.93,4786.15,22525.054
688158.SH,20241121,14.77,15.2,14.52,14.75,160667.11,239154.926
688159.SH,20241121,31.85,32.34,31.06,31.61,22867.46,72774.532
688160.SH,20241121,51.61,52.21,49.57,50.36,24384.15,124035.984
688161.SH,20241121,29.05,29.33,28.49,28.87,8698.21,25084.112
688162.SH,20241121,22.86,23.0,22.2,22.54,12658.74,28566.622
688163.SH,20241121,20.09,21.15,19.89,20.05,22685.3,46399.235
688165.SH,20241121,14.68,14.89,13.8,14.2,388992.18,555632.632
688166.SH,20241121,32.16,32.48,31.3,31.9,88328.3,280028.025
688167.SH,20241121,71.7,74.78,70.43,73.41,30698.14,224245.539
688168.SH,20241121,41.56,43.5,41.5,42.32,23271.5,98719.251
688169.SH,20241121,215.97,216.11,212.66,213.07,24878.82,531534.334
688170.SH,20241121,25.87,26.3,25.48,25.85,20458.56,53014.842
688171.SH,20241121,19.1,19.49,18.61,18.99,13799.3,26184.114
688172.SH,20241121,28.9,29.48,27.85,28.72,165484.59,474054.933
688173.SH,20241121,14.5,15.81,14.1,14.35,256924.17,384080.249
688175.SH,20241121,17.79,18.09,17.36,17.69,12377.97,21927.789
688176.SH,20241121,7.65,7.87,7.64,7.74,64736.53,50101.755
688177.SH,20241121,22.01,22.53,21.81,22.03,27100.13,59797.055
688178.SH,20241121,13.21,13.54,13.13,13.48,10090.79,13526.498
688179.SH,20241121,15.79,16.24,15.51,15.71,39127.04,62295.99
688180.SH,20241121,31.05,31.44,30.29,30.5,69765.22,214379.769
688181.SH,20241121,29.9,30.25,28.82,29.3,35805.15,104991.799
688182.SH,20241121,19.9,20.44,18.9,19.35,75421.36,147087.104
688183.SH,20241121,33.19,33.54,32.4,32.78,78077.12,255898.613
688184.SH,20241121,16.0,16.27,15.75,15.88,18384.92,29356.11
688185.SH,20241121,67.23,69.31,66.16,67.12,24092.64,162233.49
688186.SH,20241121,16.04,18.88,15.98,18.11,262510.76,460895.996
688187.SH,20241121,48.48,48.78,47.46,47.86,64363.19,308271.017
688188.SH,20241121,193.5,195.91,187.6,188.89,14670.88,278139.461
688189.SH,20241121,7.65,7.9,7.61,7.74,57322.96,44342.816
688190.SH,20241121,83.59,83.59,80.6,82.42,9568.57,78699.25
688191.SH,20241121,18.73,19.26,18.47,18.7,21684.35,40922.779
688192.SH,20241121,47.0,49.24,46.39,47.91,48438.24,233243.541
688193.SH,20241121,42.01,43.18,41.57,42.5,3522.87,14936.106
688195.SH,20241121,42.0,42.39,41.0,41.68,41907.38,174241.594
688196.SH,20241121,35.9,38.02,34.8,37.1,35160.96,129058.149
688197.SH,20241121,35.24,35.28,33.03,33.75,21449.62,72092.387
688198.SH,20241121,121.68,123.76,120.7,121.52,1758.5,21449.156
688199.SH,20241121,18.03,18.44,17.8,18.11,97049.05,175673.671
688200.SH,20241121,117.6,120.46,116.0,117.69,12868.12,152422.676
688201.SH,20241121,10.28,10.45,10.13,10.31,78854.89,81064.502
688202.SH,20241121,38.6,39.23,37.42,37.96,33186.88,127330.137
688203.SH,20241121,10.4,10.57,10.28,10.42,12252.45,12786.129
688205.SH,20241121,68.99,69.62,66.8,67.19,42762.0,290095.139
688206.SH,20241121,22.45,23.47,22.0,22.66,69220.1,157616.393
688207.SH,20241121,15.92,16.44,15.82,16.07,71302.02,114663.116
688208.SH,20241121,35.99,37.22,34.36,34.49,249419.69,894498.204
688209.SH,20241121,17.21,17.59,17.05,17.34,66121.32,114634.055
688210.SH,20241121,21.28,21.34,20.46,20.72,53911.47,112577.856
688211.SH,20241121,31.72,31.97,31.3,31.61,2804.85,8882.563
688212.SH,20241121,51.75,53.0,51.16,51.51,15278.3,79582.955
688213.SH,20241121,72.0,73.32,71.33,72.95,42905.9,311201.377
688215.SH,20241121,22.9,23.15,22.49,22.89,3965.12,9062.552
688216.SH,20241121,22.71,23.14,22.23,22.6,16021.44,36383.609
688217.SH,20241121,21.1,22.18,20.79,21.99,26072.61,56391.128
688218.SH,20241121,22.86,22.86,21.42,22.2,145670.6,321120.294
688219.SH,20241121,9.43,9.58,9.28,9.41,35033.98,33134.154
688220.SH,20241121,40.84,41.08,40.19,40.67,33916.75,137878.662
688221.SH,20241121,7.62,7.71,7.46,7.52,38225.27,28833.308
688222.SH,20241121,12.97,12.97,12.58,12.68,118596.75,150470.405
688223.SH,20241121,8.98,9.04,8.63,8.75,593603.99,521371.142
688225.SH,20241121,20.56,24.58,20.33,23.56,151024.84,340696.722
688226.SH,20241121,18.9,18.98,18.61,18.8,27358.68,51487.685
688227.SH,20241121,25.93,27.2,25.71,26.63,17023.34,45133.518
688228.SH,20241121,48.5,53.88,47.48,51.4,41634.71,208694.256
688229.SH,20241121,44.19,44.87,42.7,43.41,9339.74,40789.387
688230.SH,20241121,50.32,51.59,49.32,50.68,17737.03,89875.16
688231.SH,20241121,15.38,15.65,15.32,15.48,12156.09,18817.023
688232.SH,20241121,33.47,34.11,33.1,33.28,22284.99,74823.781
688233.SH,20241121,27.46,27.9,26.58,27.22,36888.48,100845.983
688234.SH,20241121,62.5,62.87,61.15,61.92,62397.14,387061.995
688235.SH,20241121,166.47,174.21,165.98,169.28,34256.42,587227.182
688236.SH,20241121,14.21,14.46,14.12,14.33,11985.72,17132.711
688237.SH,20241121,26.54,26.76,25.78,26.1,9399.74,24711.78
688238.SH,20241121,5.8,5.88,5.67,5.76,94629.93,54409.145
688239.SH,20241121,42.5,42.78,41.84,42.36,14982.45,63326.775
688244.SH,20241121,29.71,30.96,29.06,29.95,13619.22,41052.033
688246.SH,20241121,31.2,31.66,30.16,30.62,32562.27,100661.957
688247.SH,20241121,11.42,11.78,11.26,11.46,45512.21,52314.053
688248.SH,20241121,34.73,35.15,34.13,34.35,23644.52,81794.001
688249.SH,20241121,24.45,25.49,24.0,24.96,451839.12,1124268.694
688251.SH,20241121,18.48,18.6,18.05,18.4,9652.27,17718.332
688252.SH,20241121,23.0,23.6,22.71,23.23,43303.25,100488.735
688253.SH,20241121,43.88,45.25,43.3,44.03,19103.49,84744.317
688255.SH,20241121,25.2,26.6,24.81,25.01,36527.87,93250.178
688256.SH,20241121,474.99,525.0,470.64,514.32,120663.33,6058022.891
688257.SH,20241121,17.11,17.46,16.85,17.12,21228.55,36352.812
688258.SH,20241121,33.0,34.07,32.9,33.45,24849.02,83168.481
688259.SH,20241121,41.8,42.14,40.3,40.84,24648.13,101543.902
688260.SH,20241121,18.8,18.98,18.36,18.69,42424.08,79140.033
688261.SH,20241121,49.75,50.85,48.92,50.24,32502.0,163121.158
688262.SH,20241121,34.54,35.47,32.73,33.9,369275.13,1255991.247
688265.SH,20241121,27.65,28.38,27.19,27.42,4126.83,11439.181
688266.SH,20241121,67.0,69.99,66.6,67.89,37184.2,254586.769
688267.SH,20241121,22.61,23.01,22.22,22.53,17155.85,38776.748
688268.SH,20241121,54.37,54.82,52.62,53.0,19329.16,103580.316
688269.SH,20241121,27.66,28.47,27.5,27.73,11840.09,33046.646
688270.SH,20241121,38.46,39.53,37.75,38.92,44998.72,175061.334
688271.SH,20241121,143.28,144.49,135.55,138.69,61097.44,842970.661
688272.SH,20241121,18.31,18.47,17.6,18.11,7633.95,13872.239
688273.SH,20241121,26.46,26.84,25.94,26.22,7399.29,19493.443
688275.SH,20241121,53.05,55.3,53.0,53.5,24926.54,135099.84
688276.SH,20241121,27.24,27.38,26.5,26.77,28910.7,77569.181
688277.SH,20241121,10.7,10.81,10.4,10.55,39536.45,41929.476
688278.SH,20241121,74.01,74.59,72.8,73.79,15582.46,114826.023
688279.SH,20241121,142.71,143.6,138.39,139.74,7551.3,106438.389
688280.SH,20241121,5.48,5.51,5.36,5.44,47701.79,26009.168
688281.SH,20241121,101.2,102.46,99.85,100.73,6701.96,67907.353
688282.SH,20241121,29.45,29.8,29.15,29.51,5539.26,16312.127
688283.SH,20241121,28.5,28.6,27.41,27.98,8318.56,23345.024
688285.SH,20241121,8.04,8.05,7.81,7.91,25287.3,20038.674
688286.SH,20241121,60.0,66.65,58.9,62.31,63423.6,398972.38
688287.SH,20241121,6.23,6.24,6.01,6.16,74002.14,45221.463
688288.SH,20241121,17.49,18.08,17.49,17.98,22614.84,40269.625
688289.SH,20241121,23.9,24.06,23.43,23.57,87260.71,207094.6
688290.SH,20241121,34.98,37.32,34.53,35.63,15161.98,54460.876
688291.SH,20241121,20.48,21.07,20.12,20.53,11509.67,23700.881
688292.SH,20241121,23.04,23.48,22.61,23.04,37740.87,87084.408
688293.SH,20241121,44.79,45.7,43.92,44.36,6269.01,27917.36
688295.SH,20241121,21.54,21.69,20.79,21.03,27670.4,58584.286
688296.SH,20241121,12.76,12.89,12.47,12.6,15329.64,19430.439
688297.SH,20241121,45.65,46.15,44.8,45.34,73872.73,335351.024
688298.SH,20241121,34.88,36.65,34.69,36.45,95158.51,340675.264
688299.SH,20241121,21.48,21.6,19.93,20.5,363132.03,748837.728
688300.SH,20241121,53.3,54.5,52.51,53.29,18746.94,100177.657
688301.SH,20241121,117.6,117.6,112.11,112.93,11315.64,128822.133
688302.SH,20241121,36.4,37.59,35.91,36.27,10333.25,37742.435
688303.SH,20241121,29.68,30.02,28.0,28.02,157119.66,451386.412
688305.SH,20241121,74.0,74.28,72.25,73.37,12352.47,90358.477
688306.SH,20241121,6.32,6.32,6.11,6.19,152928.38,94934.071
688307.SH,20241121,25.32,27.28,25.21,26.44,31104.15,81634.908
688308.SH,20241121,20.78,20.78,20.3,20.55,19631.93,40280.839
688309.SH,20241121,14.73,14.96,14.48,14.69,4554.51,6689.149
688310.SH,20241121,12.93,13.19,12.79,13.0,18984.26,24588.613
688311.SH,20241121,32.9,33.89,32.0,32.59,36120.41,118669.169
688312.SH,20241121,34.26,35.27,34.06,34.8,19403.42,67459.261
688313.SH,20241121,14.67,14.87,14.25,14.59,103238.19,150787.233
688314.SH,20241121,28.86,29.36,28.7,29.06,7576.39,21978.748
688315.SH,20241121,13.74,13.86,13.35,13.56,26659.64,36202.655
688316.SH,20241121,39.97,41.44,39.52,40.2,18979.22,77335.072
688317.SH,20241121,19.21,19.46,18.81,19.13,33283.13,63457.535
688318.SH,20241121,174.0,180.9,173.1,176.98,59612.13,1058286.14
688319.SH,20241121,10.64,10.9,10.58,10.7,20495.46,21961.044
688320.SH,20241121,37.51,38.4,35.8,36.88,136042.14,503555.726
688321.SH,20241121,22.73,23.77,22.48,23.17,63009.51,145915.956
688322.SH,20241121,34.8,35.18,34.09,34.94,60646.33,210347.48
688323.SH,20241121,14.0,14.31,13.74,13.95,25117.04,35216.559
688325.SH,20241121,52.23,53.3,50.82,51.58,15916.73,82955.486
688326.SH,20241121,94.0,97.77,92.13,96.26,20665.33,198025.173
688327.SH,20241121,12.62,13.4,12.61,12.89,350989.81,455801.587
688328.SH,20241121,18.39,18.48,17.9,18.25,30538.45,55732.475
688329.SH,20241121,17.0,17.74,16.62,17.2,18706.9,32255.731
688330.SH,20241121,28.25,28.88,28.12,28.67,11571.13,33061.201
688331.SH,20241121,35.2,37.68,34.8,36.82,70760.86,259320.44
688332.SH,20241121,90.0,101.76,90.0,99.19,44859.7,439933.946
688333.SH,20241121,47.45,48.18,45.57,46.38,43150.93,202159.658
688334.SH,20241121,17.15,17.38,17.03,17.19,23387.24,40157.675
688335.SH,20241121,9.86,10.09,9.73,10.0,9737.29,9670.311
688336.SH,20241121,23.86,24.23,23.5,23.7,18278.96,43599.204
688337.SH,20241121,46.39,46.88,45.3,46.05,9649.62,44419.191
688338.SH,20241121,28.56,29.17,28.56,28.96,7482.84,21586.016
688339.SH,20241121,26.07,27.25,25.73,26.49,43423.71,115537.387
688343.SH,20241121,38.28,40.74,37.67,39.25,192876.8,760185.78
688345.SH,20241121,21.5,22.1,21.09,21.55,6661.16,14414.765
688347.SH,20241121,47.7,49.85,47.7,48.64,149588.07,730453.867
688348.SH,20241121,59.88,60.5,57.65,58.32,21869.29,129700.792
688349.SH,20241121,30.4,30.61,29.91,30.44,39957.31,120834.48
688350.SH,20241121,13.64,13.7,13.39,13.58,6962.75,9437.099
688351.SH,20241121,21.93,21.93,21.04,21.41,28771.79,61648.581
688352.SH,20241121,13.17,13.35,12.96,13.13,103442.2,135811.065
688353.SH,20241121,27.99,30.84,27.53,29.2,68423.26,200866.888
688355.SH,20241121,19.2,19.34,18.67,19.04,16291.7,30931.126
688356.SH,20241121,60.16,60.87,59.07,59.7,5415.5,32399.742
688357.SH,20241121,26.38,26.73,25.97,26.5,7176.31,18955.817
688358.SH,20241121,26.07,26.49,25.46,25.8,11657.62,30246.468
688359.SH,20241121,48.66,49.58,47.5,48.45,10641.39,51562.402
688360.SH,20241121,17.36,17.46,16.96,17.21,39858.95,68304.404
688361.SH,20241121,98.8,105.5,98.8,101.8,51109.47,525826.169
688362.SH,20241121,27.93,28.68,27.2,27.69,147808.38,415575.04
688363.SH,20241121,60.71,61.0,59.58,60.1,28431.17,171109.956
688365.SH,20241121,8.96,9.15,8.81,8.97,114470.98,102851.011
688366.SH,20241121,65.9,66.9,65.3,65.9,7614.03,50313.749
688367.SH,20241121,16.09,16.25,15.88,16.1,8507.64,13676.191
688368.SH,20241121,95.19,97.5,94.08,95.84,14907.53,142740.368
688369.SH,20241121,22.57,24.42,22.45,24.42,55734.03,132823.644
688370.SH,20241121,20.68,20.93,20.62,20.9,5818.36,12108.655
688371.SH,20241121,18.0,18.43,17.7,18.04,19663.16,35504.927
688372.SH,20241121,67.96,69.14,66.6,67.88,17688.27,119706.49
688373.SH,20241121,5.42,5.49,5.33,5.37,85304.72,46031.176
688375.SH,20241121,52.68,53.1,51.86,52.61,15062.3,78960.865
688376.SH,20241121,39.04,39.63,37.75,38.27,12072.92,46615.937
688377.SH,20241121,15.06,15.06,14.61,14.9,18838.8,27904.815
688378.SH,20241121,25.51,26.27,24.66,25.11,71916.89,182817.616
688379.SH,20241121,23.0,24.27,22.95,23.57,21545.23,51048.678
688380.SH,20241121,28.56,28.95,28.05,28.21,55322.26,157335.288
688381.SH,20241121,20.89,21.08,20.47,20.81,32004.67,66740.967
688382.SH,20241121,10.75,11.33,10.53,10.7,174521.41,190085.415
688383.SH,20241121,53.33,53.88,52.1,53.02,10377.71,55003.937
688385.SH,20241121,41.22,41.42,40.03,40.57,86649.32,353162.504
688386.SH,20241121,33.23,33.66,32.8,33.18,4941.71,16430.074
688387.SH,20241121,6.56,6.68,6.34,6.41,302637.06,196257.754
688388.SH,20241121,15.12,15.38,14.72,15.03,114733.06,173344.208
688389.SH,20241121,16.73,16.85,16.35,16.51,31905.09,52912.62
688390.SH,20241121,51.39,52.3,50.01,50.5,69388.51,354288.475
688391.SH,20241121,33.42,33.42,32.58,33.02,15247.83,50379.59
688392.SH,20241121,49.99,50.85,48.5,49.39,11415.57,56636.766
688393.SH,20241121,19.67,19.91,19.3,19.62,10890.9,21365.682
688395.SH,20241121,19.1,19.3,18.62,19.11,6433.66,12188.236
688396.SH,20241121,53.0,53.25,51.61,51.98,88307.96,463481.373
688398.SH,20241121,15.2,15.28,14.94,15.05,12257.06,18530.996
688399.SH,20241121,81.6,83.66,80.28,81.68,11765.31,96321.098
688400.SH,20241121,24.26,25.19,24.03,24.6,110723.37,272891.528
688401.SH,20241121,29.03,29.29,28.03,28.58,32964.67,94572.871
688403.SH,20241121,9.76,9.82,9.47,9.67,148642.88,143944.088
688408.SH,20241121,88.0,89.05,82.2,83.68,43721.85,368476.62
688409.SH,20241121,61.42,62.98,60.51,61.17,55057.64,341019.841
688410.SH,20241121,14.18,14.37,13.35,13.64,70084.56,95624.625
688416.SH,20241121,34.89,35.43,34.2,34.85,14294.73,49930.799
688418.SH,20241121,33.25,33.58,32.3,33.23,81678.89,270050.172
688419.SH,20241121,34.9,35.55,34.65,35.12,10797.71,37896.183
688420.SH,20241121,24.15,24.37,23.9,24.12,3957.77,9558.786
688425.SH,20241121,4.88,4.97,4.87,4.93,316455.44,155977.204
688426.SH,20241121,22.5,22.71,21.0,21.39,13840.03,30144.904
688428.SH,20241121,13.93,14.14,13.45,13.7,70501.53,97285.955
688429.SH,20241121,26.7,28.25,26.0,26.63,49520.23,132863.462
688432.SH,20241121,12.61,12.69,12.43,12.57,79871.48,100358.31
688433.SH,20241121,19.36,20.5,18.62,20.25,38216.89,73204.458
688435.SH,20241121,34.93,36.44,34.79,35.61,13364.4,47602.266
688439.SH,20241121,60.7,61.3,59.68,60.27,14366.91,86892.119
688443.SH,20241121,28.35,28.45,27.38,27.57,23855.22,66402.32
688448.SH,20241121,35.43,37.2,34.66,36.15,29118.24,105460.876
688450.SH,20241121,24.44,26.5,24.2,25.58,13648.45,34729.126
688455.SH,20241121,10.89,11.18,10.82,10.9,22974.94,25302.724
688456.SH,20241121,33.58,33.74,32.76,33.4,18926.11,62968.249
688458.SH,20241121,35.79,36.75,34.66,36.4,28938.03,104113.935
688459.SH,20241121,10.06,10.17,9.97,10.05,20386.01,20513.942
688466.SH,20241121,16.69,16.69,16.0,16.69,26732.23,44490.92
688468.SH,20241121,7.24,7.34,7.18,7.3,65279.82,47450.176
688469.SH,20241121,5.25,5.4,5.21,5.31,820600.14,437350.878
688472.SH,20241121,13.1,13.36,12.95,13.07,295391.14,386355.594
688475.SH,20241121,32.75,33.07,32.51,32.75,25516.13,83503.437
688478.SH,20241121,32.6,33.4,32.31,33.27,29919.59,98885.701
688479.SH,20241121,19.34,19.75,19.23,19.49,7324.47,14322.423
688480.SH,20241121,29.26,31.26,29.26,29.95,9024.97,27401.241
688484.SH,20241121,35.4,37.06,35.0,36.03,100692.71,363550.25
688485.SH,20241121,9.96,10.18,9.91,10.09,13789.83,13856.338
688486.SH,20241121,59.57,65.42,58.0,64.82,28692.63,180503.544
688488.SH,20241121,9.64,9.84,9.52,9.78,54561.81,52958.429
688489.SH,20241121,38.04,38.5,37.32,37.82,9704.82,36819.789
688496.SH,20241121,10.2,10.25,9.91,10.07,42313.74,42615.582
688498.SH,20241121,140.39,144.44,138.01,140.44,25411.04,357920.881
688499.SH,20241121,30.01,30.49,28.75,29.2,150039.16,442725.509
688500.SH,20241121,37.3,39.97,36.0,38.8,53185.05,204688.218
688501.SH,20241121,14.48,15.05,14.35,14.66,26319.04,38853.382
688502.SH,20241121,265.0,291.99,262.15,268.9,20788.55,575291.825
688503.SH,20241121,54.55,56.27,53.58,54.7,149583.17,817412.268
688505.SH,20241121,8.67,8.67,8.49,8.58,33737.45,28926.691
688506.SH,20241121,200.0,205.9,196.0,200.91,14745.12,296171.455
688507.SH,20241121,67.2,67.8,65.4,67.65,12900.89,85969.878
688508.SH,20241121,46.4,47.88,45.88,46.64,38792.42,182682.994
688509.SH,20241121,4.4,4.44,4.31,4.37,102820.82,45059.944
688510.SH,20241121,17.32,17.32,16.95,17.25,25139.97,43147.68
688511.SH,20241121,19.8,21.2,19.64,20.31,35422.88,72187.381
688512.SH,20241121,13.24,13.5,12.47,12.83,245258.97,313814.531
688513.SH,20241121,34.63,34.85,33.63,33.8,13622.41,46413.643
688515.SH,20241121,93.29,94.79,91.38,93.32,13997.58,130691.727
688516.SH,20241121,50.16,50.99,48.6,49.1,57589.53,284708.471
688517.SH,20241121,14.37,14.74,14.37,14.58,26269.53,38309.789
688518.SH,20241121,21.76,21.8,20.22,20.81,235681.64,491767.163
688519.SH,20241121,22.65,22.78,22.14,22.63,19708.23,44367.656
688520.SH,20241121,40.01,41.28,39.4,39.81,20611.77,82826.839
688521.SH,20241121,51.8,54.44,51.08,52.1,145108.84,763527.639
688522.SH,20241121,58.62,58.95,56.07,56.89,35295.17,202728.826
688523.SH,20241121,21.8,22.35,21.51,21.83,34343.69,75352.678
688525.SH,20241121,60.74,60.86,58.63,59.5,124696.96,746655.549
688526.SH,20241121,14.71,14.74,14.38,14.5,21995.3,31934.208
688528.SH,20241121,10.88,10.98,10.73,10.87,12804.82,13900.268
688529.SH,20241121,17.0,17.23,16.61,16.77,35923.99,60547.595
688530.SH,20241121,21.41,22.49,21.35,21.74,45171.84,98842.185
688531.SH,20241121,54.44,55.31,53.89,54.4,11428.29,62436.771
688533.SH,20241121,36.73,37.64,36.18,36.7,17961.23,66330.3
688536.SH,20241121,107.01,108.0,104.57,106.06,20035.04,213035.931
688538.SH,20241121,2.56,2.56,2.5,2.52,713231.21,180265.876
688539.SH,20241121,25.78,25.79,25.0,25.22,13520.68,34284.789
688543.SH,20241121,51.99,52.94,51.39,51.88,21907.06,114288.209
688548.SH,20241121,10.02,10.14,9.79,9.92,62238.98,61859.157
688549.SH,20241121,9.8,10.18,9.67,9.81,380128.81,375679.487
688550.SH,20241121,31.68,31.78,30.85,31.45,30980.29,96811.818
688551.SH,20241121,30.91,31.34,30.5,31.1,11532.86,35786.814
688552.SH,20241121,20.79,21.36,20.36,20.81,55654.5,116241.823
688553.SH,20241121,16.38,16.57,16.01,16.18,34769.21,56590.998
688556.SH,20241121,13.85,14.0,13.45,13.65,87804.58,120793.857
688557.SH,20241121,21.5,22.5,20.89,21.66,52684.43,114800.817
688558.SH,20241121,22.41,22.41,21.8,22.2,9884.23,21897.892
688559.SH,20241121,42.5,42.8,40.88,41.52,137030.12,569517.964
688560.SH,20241121,15.27,15.52,14.82,15.0,41621.08,62976.049
688561.SH,20241121,32.12,34.2,32.11,33.81,99110.07,329786.017
688562.SH,20241121,18.16,20.54,17.92,19.29,88927.64,171943.63
688563.SH,20241121,58.1,58.89,58.05,58.37,12612.43,73858.354
688565.SH,20241121,6.98,7.17,6.86,7.0,39150.64,27548.095
688566.SH,20241121,24.85,24.98,24.2,24.55,11164.12,27412.873
688567.SH,20241121,12.89,13.16,12.6,12.79,142786.85,183588.414
688568.SH,20241121,58.9,63.44,58.02,61.48,220636.6,1335637.491
688569.SH,20241121,23.13,23.38,22.68,22.91,11759.98,26999.569
688570.SH,20241121,20.44,20.45,20.0,20.21,9873.21,19975.45
688571.SH,20241121,6.7,6.77,6.6,6.71,31437.36,21032.46
688573.SH,20241121,20.1,21.53,20.1,20.29,63892.55,131938.748
688575.SH,20241121,18.35,18.35,18.13,18.22,41458.23,75411.198
688576.SH,20241121,66.98,66.98,64.3,65.19,3258.68,21321.897
688577.SH,20241121,36.6,36.6,35.3,35.99,5505.1,19796.681
688578.SH,20241121,56.36,57.63,55.76,56.05,79969.71,452697.09
688579.SH,20241121,10.6,10.88,10.49,10.69,92609.94,99129.104
688580.SH,20241121,30.66,31.18,30.12,30.59,6494.75,19946.437
688581.SH,20241121,63.85,64.85,63.0,63.7,5838.98,37208.349
688582.SH,20241121,49.86,50.18,48.91,49.47,38877.87,192523.541
688584.SH,20241121,21.93,23.38,21.4,22.79,104472.54,234959.425
688585.SH,20241121,7.5,7.62,7.41,7.52,26206.64,19670.511
688586.SH,20241121,10.19,10.25,10.01,10.13,70127.66,71028.788
688588.SH,20241121,13.78,14.0,13.6,13.83,84240.06,116544.78
688589.SH,20241121,28.67,29.19,28.25,28.83,28955.44,83257.485
688590.SH,20241121,15.97,17.49,15.82,16.72,262049.66,442929.513
688591.SH,20241121,27.5,27.74,26.9,27.2,39820.94,108737.399
688592.SH,20241121,40.49,40.5,39.42,39.95,7081.94,28384.603
688593.SH,20241121,23.7,23.7,22.56,22.96,80101.67,184066.426
688595.SH,20241121,39.45,42.58,38.16,41.06,111495.22,450077.255
688596.SH,20241121,37.92,38.99,37.2,37.89,35196.17,134236.517
688597.SH,20241121,9.44,9.51,9.34,9.48,23566.87,22257.059
688598.SH,20241121,30.55,32.33,30.55,32.05,116661.2,368683.311
688599.SH,20241121,24.38,24.62,24.0,24.25,244750.73,593970.416
688600.SH,20241121,14.9,14.97,14.66,14.79,14823.04,21951.173
688601.SH,20241121,55.15,63.0,54.3,55.44,215406.73,1240434.932
688602.SH,20241121,8.17,9.04,8.07,8.65,230831.26,199311.846
688603.SH,20241121,127.0,127.96,123.02,126.9,7431.96,93623.32
688606.SH,20241121,71.3,73.88,71.0,72.02,5928.81,42832.32
688607.SH,20241121,15.11,15.85,15.11,15.51,17865.75,27703.551
688608.SH,20241121,256.0,267.0,250.36,255.68,27036.76,704553.22
688609.SH,20241121,12.02,12.38,11.93,12.21,165561.51,201506.688
688610.SH,20241121,37.76,38.44,37.6,37.92,3513.76,13313.608
688611.SH,20241121,33.8,34.84,33.64,34.56,9094.0,31232.701
688612.SH,20241121,26.79,26.86,26.3,26.49,15495.65,41077.729
688613.SH,20241121,17.54,17.65,17.18,17.37,10994.1,19155.673
688615.SH,20241121,243.0,253.98,241.38,251.88,16416.87,409797.426
688616.SH,20241121,11.28,11.64,11.27,11.43,21711.27,24770.541
688617.SH,20241121,372.51,373.71,364.0,365.03,6618.63,243015.75
688618.SH,20241121,23.14,23.65,22.8,23.13,11144.12,25858.692
688619.SH,20241121,9.68,9.68,9.4,9.51,27101.9,25866.278
688620.SH,20241121,9.8,9.93,9.5,9.67,59551.21,57873.404
688621.SH,20241121,43.48,43.48,42.31,42.74,16782.98,71689.672
688622.SH,20241121,41.72,42.99,40.5,41.2,16080.19,66706.077
688623.SH,20241121,57.48,57.86,56.96,57.67,1377.46,7914.44
688625.SH,20241121,39.56,40.15,39.12,39.34,4188.91,16661.03
688626.SH,20241121,31.35,33.86,31.15,31.99,34098.3,110504.803
688627.SH,20241121,79.0,87.88,77.96,86.5,28840.65,244229.711
688628.SH,20241121,38.22,38.88,37.3,37.71,10428.92,39537.956
688629.SH,20241121,33.84,38.06,33.3,37.37,227059.91,814001.133
688630.SH,20241121,67.72,68.6,66.2,66.9,21305.23,143823.826
688631.SH,20241121,98.11,100.76,97.2,98.0,27232.66,268845.976
688633.SH,20241121,27.44,27.75,26.55,26.83,11526.7,31108.499
688636.SH,20241121,29.04,29.85,28.6,28.98,25997.01,75937.295
688638.SH,20241121,30.46,30.76,29.72,30.38,3793.25,11457.142
688639.SH,20241121,34.96,35.51,34.65,34.91,31503.21,110403.277
688646.SH,20241121,34.4,35.01,33.96,34.27,13644.55,47007.022
688648.SH,20241121,26.7,27.19,26.51,27.05,28829.15,77283.142
688651.SH,20241121,45.48,47.5,43.68,46.48,17483.42,80710.427
688652.SH,20241121,58.65,59.8,57.61,58.31,28509.01,167051.081
688653.SH,20241121,13.79,14.19,13.6,13.92,115823.05,160378.064
688655.SH,20241121,11.62,11.66,11.34,11.5,21703.5,25008.071
688656.SH,20241121,126.41,145.4,123.19,145.0,30294.13,419143.899
688657.SH,20241121,45.58,45.85,44.66,45.55,6922.01,31299.524
688658.SH,20241121,21.35,22.13,21.16,21.92,48266.5,105317.304
688659.SH,20241121,8.5,8.52,8.2,8.36,29843.25,24984.852
688660.SH,20241121,8.25,8.68,8.07,8.23,541796.57,454107.215
688661.SH,20241121,35.97,36.26,34.67,35.34,16215.0,57661.509
688662.SH,20241121,35.69,36.05,34.8,35.88,16409.11,58304.823
688663.SH,20241121,22.66,22.93,22.38,22.67,16932.86,38489.905
688665.SH,20241121,30.65,31.17,30.03,30.31,10232.42,31183.653
688667.SH,20241121,43.28,43.58,42.13,43.03,3671.71,15790.581
688668.SH,20241121,38.55,38.84,37.8,38.39,34160.16,131112.833
688669.SH,20241121,14.06,14.2,13.66,14.0,27212.06,37858.522
688670.SH,20241121,15.17,15.37,14.71,14.83,11840.1,17738.062
688671.SH,20241121,20.34,20.9,19.98,20.25,8784.85,17915.907
688676.SH,20241121,34.66,34.96,33.66,33.93,96588.43,329100.296
688677.SH,20241121,38.55,39.0,37.75,37.93,5552.0,21261.981
688678.SH,20241121,15.38,15.8,14.97,15.22,105324.76,160969.094
688679.SH,20241121,10.01,10.21,9.94,10.08,11978.89,12064.498
688680.SH,20241121,41.0,41.9,40.0,40.4,26815.08,109707.034
688681.SH,20241121,11.86,12.01,11.7,11.84,13936.11,16528.881
688682.SH,20241121,38.47,39.2,37.92,38.78,11567.54,44726.152
688683.SH,20241121,20.37,20.38,19.52,20.0,4977.4,9916.796
688685.SH,20241121,38.12,38.37,37.08,38.25,19336.21,73022.337
688686.SH,20241121,66.49,67.18,64.71,65.76,14381.41,94992.6
688687.SH,20241121,27.58,27.64,26.72,26.99,19781.56,53621.312
688689.SH,20241121,24.71,25.0,24.05,24.43,16111.09,39647.042
688690.SH,20241121,21.62,21.8,21.08,21.28,37747.69,80557.338
688691.SH,20241121,72.95,79.08,72.2,74.99,50674.61,386351.578
688692.SH,20241121,383.55,452.5,381.2,428.1,14459.07,599615.451
688693.SH,20241121,37.54,38.6,37.0,37.82,17437.62,65896.344
688695.SH,20241121,34.46,36.47,34.0,36.0,19950.66,70274.01
688696.SH,20241121,80.94,88.0,80.0,86.06,27832.54,237528.9
688697.SH,20241121,17.77,17.79,17.28,17.55,20826.33,36539.789
688698.SH,20241121,35.5,35.7,34.3,34.8,24536.76,85875.702
688699.SH,20241121,38.88,39.47,38.23,38.76,12252.54,47664.134
688700.SH,20241121,32.78,34.39,32.2,33.8,76476.22,256519.506
688701.SH,20241121,6.44,6.59,6.38,6.49,25018.77,16207.344
688702.SH,20241121,68.2,70.89,67.23,68.38,21126.18,146566.402
688707.SH,20241121,13.25,13.46,12.8,13.0,130590.95,170497.552
688709.SH,20241121,24.3,25.22,23.98,24.55,56433.46,139241.768
688710.SH,20241121,41.43,42.14,41.06,41.8,15809.18,65750.177
688711.SH,20241121,20.5,20.68,19.81,20.31,47761.83,97093.823
688716.SH,20241121,25.89,26.43,25.16,25.59,15182.91,39059.735
688717.SH,20241121,61.36,62.3,60.01,60.44,14143.45,86412.606
688718.SH,20241121,12.17,12.59,12.01,12.34,30811.8,37985.382
688719.SH,20241121,28.63,30.68,28.58,30.45,38746.05,116264.846
688720.SH,20241121,49.25,50.19,47.76,48.61,17613.91,86620.683
688721.SH,20241121,65.0,71.3,63.65,68.1,34713.32,235649.621
688722.SH,20241121,13.66,13.68,13.41,13.61,24623.07,33391.892
688726.SH,20241121,66.0,67.4,63.7,64.32,39824.68,260954.671
688728.SH,20241121,17.7,17.78,17.21,17.29,134360.91,234913.26
688733.SH,20241121,19.7,20.12,19.5,19.75,30891.43,61173.972
688737.SH,20241121,18.79,19.18,18.2,18.6,42254.88,79159.156
688739.SH,20241121,27.79,27.96,27.56,27.71,19333.78,53626.537
688750.SH,20241121,30.95,31.56,28.05,28.44,404778.35,1186943.774
688766.SH,20241121,82.7,85.23,81.6,83.9,31066.83,259997.884
688767.SH,20241121,33.25,33.36,32.23,32.87,15302.29,50046.493
688768.SH,20241121,35.0,35.88,34.4,35.54,10662.37,37594.708
688772.SH,20241121,17.52,17.65,16.67,16.92,186883.73,318295.46
688776.SH,20241121,64.8,71.5,63.95,70.49,46784.01,324436.037
688777.SH,20241121,50.05,50.13,48.7,49.13,126136.53,623183.816
688778.SH,20241121,50.48,52.44,50.07,50.56,65625.94,334361.957
688779.SH,20241121,6.25,6.47,6.24,6.35,322580.33,205134.332
688786.SH,20241121,24.83,25.02,24.15,24.52,8709.39,21420.538
688787.SH,20241121,85.66,99.48,84.49,90.44,62201.92,571759.379
688788.SH,20241121,31.89,31.97,30.5,31.39,7618.17,23957.653
688789.SH,20241121,72.78,73.68,71.8,72.78,11356.69,82363.007
688793.SH,20241121,31.0,31.0,30.1,30.35,7360.41,22415.545
688798.SH,20241121,69.22,69.8,67.5,68.45,23067.17,158638.709
688799.SH,20241121,41.1,41.44,40.74,41.34,9983.34,41070.46
688800.SH,20241121,39.59,40.8,38.75,39.23,34485.76,137234.727
688819.SH,20241121,30.29,30.6,29.88,30.06,33707.4,101913.571
688981.SH,20241121,93.0,94.9,92.5,93.5,561971.06,5261662.792
689009.SH,20241121,46.43,47.48,45.2,45.61,77333.01,356525.371
920779.BJ,20241121,50.61,52.48,48.91,48.94,55563.42,279019.249
920799.BJ,20241121,68.37,76.5,67.49,72.5,176484.62,1293129.503
920809.BJ,20241121,8.02,8.22,7.81,7.96,339529.22,271053.122
920832.BJ,20241121,7.81,8.46,7.8,8.2,105995.42,86433.306
920839.BJ,20241121,19.8,22.0,19.6,21.76,50922.46,106047.07
920879.BJ,20241121,14.49,15.55,14.4,15.22,46032.52,69239.481
920896.BJ,20241121,16.71,18.23,16.56,18.03,63202.36,110800.088
920946.BJ,20241121,11.7,12.89,11.7,12.73,140688.53,174391.639
920964.BJ,20241121,10.55,11.13,10.3,10.32,283315.04,302272.97
920974.BJ,20241121,9.46,10.85,9.22,10.1,158419.58,160333.068
920010.BJ,20241121,12.3,12.8,11.68,11.85,248648.97,301445.436
920039.BJ,20241121,9.88,10.71,9.67,10.46,50240.62,51356.907
920087.BJ,20241121,13.0,14.3,12.85,13.68,123316.3,167471.312
920152.BJ,20241121,19.1,19.97,18.44,19.2,45435.03,87432.048
920267.BJ,20241121,26.01,27.99,25.81,27.35,26020.26,69787.863
920375.BJ,20241121,21.33,23.5,21.18,22.57,78438.01,175711.877
920195.BJ,20241121,15.29,16.38,15.0,16.01,55148.98,86778.258
920378.BJ,20241121,9.86,10.3,9.8,10.21,61164.21,61822.471
920304.BJ,20241121,17.9,20.97,17.0,19.0,349701.19,643334.099
920405.BJ,20241121,19.94,20.55,19.36,20.33,50407.28,100885.974
920370.BJ,20241121,5.03,5.35,4.95,5.13,203620.35,105063.556
920496.BJ,20241121,12.82,12.99,12.35,12.9,178946.31,227707.192
920445.BJ,20241121,9.0,9.6,8.87,9.44,112314.07,104563.59
920526.BJ,20241121,36.0,37.8,35.8,37.01,25785.66,95029.691
920627.BJ,20241121,33.93,36.5,32.01,33.03,118364.47,401470.644
920641.BJ,20241121,17.2,18.55,16.8,18.25,55857.69,101085.518
920689.BJ,20241121,23.6,26.03,23.33,25.65,60265.15,150725.968
920726.BJ,20241121,20.83,23.66,20.53,22.15,101963.17,225061.211
920768.BJ,20241121,8.9,9.8,8.75,9.6,79486.38,74307.901
920932.BJ,20241121,34.45,38.98,33.11,34.96,152439.34,541502.0
920834.BJ,20241121,10.6,11.58,10.33,11.3,78129.47,85384.767
920855.BJ,20241121,14.25,18.59,14.12,18.4,73278.31,125890.497
920856.BJ,20241121,11.37,14.14,11.37,14.14,161230.97,214413.744
920906.BJ,20241121,25.98,26.8,23.5,24.4,80269.31,197882.2
920961.BJ,20241121,22.88,23.05,21.98,22.58,113336.06,255700.844
920000.BJ,20241121,28.0,28.5,26.8,27.22,76096.23,208288.542
920023.BJ,20241121,5.97,6.34,5.89,6.23,333844.71,205275.874
920089.BJ,20241121,14.57,15.81,14.56,15.45,79970.7,122128.013
920110.BJ,20241121,32.58,35.9,31.8,35.75,22478.48,76340.545
920145.BJ,20241121,14.91,14.91,14.91,14.91,54943.81,81921.22
920249.BJ,20241121,13.24,13.98,13.0,13.38,144689.48,195558.871
920171.BJ,20241121,23.3,24.96,23.0,24.08,116320.73,279257.867
920175.BJ,20241121,19.11,20.87,18.72,18.79,308754.08,604532.427
920225.BJ,20241121,14.21,15.35,14.21,15.11,48423.19,71984.748
920278.BJ,20241121,9.77,10.78,9.6,10.26,104122.71,107093.378
920419.BJ,20241121,15.02,16.13,14.88,16.09,40105.01,63063.255
920469.BJ,20241121,12.62,13.48,12.59,13.47,67898.3,88942.035
920471.BJ,20241121,16.43,18.0,16.4,18.0,57680.52,100808.013
920491.BJ,20241121,26.8,27.57,26.22,27.1,87577.81,235408.535
920522.BJ,20241121,57.8,59.25,55.01,56.02,122354.68,698824.373
920566.BJ,20241121,12.14,12.87,12.14,12.86,79773.74,100422.422
920651.BJ,20241121,22.91,25.68,22.57,25.09,24056.7,57699.42
920662.BJ,20241121,21.6,29.84,21.21,26.88,152291.51,406292.115
920735.BJ,20241121,34.85,36.63,34.56,36.27,23251.64,83106.262
920786.BJ,20241121,8.95,9.6,8.75,9.3,179241.52,165077.825
920802.BJ,20241121,21.0,22.99,20.51,21.29,58258.0,124586.687
920876.BJ,20241121,24.68,25.88,24.2,25.58,28558.09,72212.859
920885.BJ,20241121,17.36,17.56,16.7,17.21,65125.55,111884.074
920978.BJ,20241121,17.25,18.77,17.01,18.38,119076.5,212791.562
920982.BJ,20241121,225.05,225.05,218.5,222.0,4869.24,107413.221
920130.BJ,20241121,24.66,26.49,24.31,24.67,86000.35,216703.921
920075.BJ,20241121,26.99,34.0,26.9,30.2,94413.88,283907.126
920571.BJ,20241121,7.37,7.66,7.36,7.62,275314.85,207498.531
920230.BJ,20241121,19.9,20.75,19.64,20.53,34471.55,69799.766
920266.BJ,20241121,11.76,12.35,11.74,12.23,46790.86,56589.954
920284.BJ,20241121,20.0,25.05,19.5,21.98,307906.69,685483.216
920346.BJ,20241121,31.3,31.58,29.86,30.6,43617.79,133967.138
920394.BJ,20241121,25.2,25.85,24.01,25.68,74599.76,186952.924
920427.BJ,20241121,15.0,15.6,14.46,15.3,44235.31,66584.393
920429.BJ,20241121,17.26,18.3,17.15,18.14,28613.59,50896.464
920454.BJ,20241121,17.22,18.5,16.82,18.09,86910.98,152827.361
920455.BJ,20241121,10.08,10.47,9.9,10.34,58647.74,59933.0
920509.BJ,20241121,19.25,20.44,19.18,20.0,57423.2,113632.887
920523.BJ,20241121,29.22,30.23,28.48,28.94,85679.14,249748.7
920533.BJ,20241121,34.6,35.7,33.52,33.56,94915.95,326523.786
920575.BJ,20241121,19.5,20.0,19.5,19.84,37430.14,73901.24
920580.BJ,20241121,15.1,16.32,14.86,15.3,67106.33,104242.922
920751.BJ,20241121,17.5,18.81,17.0,17.9,98685.81,176538.256
920781.BJ,20241121,10.08,11.6,9.88,10.56,215847.0,231986.58
920819.BJ,20241121,4.39,4.5,4.29,4.43,291649.98,128129.692
920873.BJ,20241121,6.79,7.06,6.63,6.98,153321.45,105340.469
920914.BJ,20241121,17.91,18.95,17.72,18.61,76927.77,141452.673
920943.BJ,20241121,19.0,19.67,18.2,19.39,69132.05,131333.739
920014.BJ,20241121,14.8,16.5,14.58,15.21,83103.88,129909.857
920021.BJ,20241121,8.17,8.86,8.17,8.49,240431.95,205011.144
920033.BJ,20241121,25.92,27.11,25.85,26.89,33542.4,89494.853
920058.BJ,20241121,28.86,30.28,27.87,30.28,19467.23,57510.213
920062.BJ,20241121,9.5,10.78,9.4,10.46,242540.11,242906.189
920261.BJ,20241121,11.96,12.31,11.74,12.13,78365.33,94613.995
920407.BJ,20241121,24.0,30.48,23.4,30.48,69688.73,190203.282
920415.BJ,20241121,24.5,24.78,23.81,24.1,112447.12,272326.816
920475.BJ,20241121,29.08,39.0,28.5,34.3,188855.72,632196.857
920599.BJ,20241121,15.42,15.99,15.23,15.97,152086.31,238366.984
920639.BJ,20241121,7.6,8.14,7.52,8.14,95428.44,75293.267
920682.BJ,20241121,9.7,10.48,9.7,10.41,145906.73,148310.687
920765.BJ,20241121,14.41,15.6,14.03,15.39,31887.86,47867.063
920770.BJ,20241121,25.33,27.94,24.88,24.89,214689.88,567228.777
920950.BJ,20241121,22.2,23.3,22.01,23.05,21298.89,48333.431
920174.BJ,20241121,27.77,28.88,27.41,28.41,29263.97,82553.97
920179.BJ,20241121,35.7,36.6,35.4,36.2,33659.4,121452.274
920184.BJ,20241121,15.09,15.86,14.72,15.73,53446.21,83010.458
920185.BJ,20241121,28.55,29.22,27.5,28.11,121833.35,345091.848
920207.BJ,20241121,21.18,23.43,20.7,21.59,115702.51,254558.618
920237.BJ,20241121,38.37,39.95,36.01,36.51,61522.39,232128.422
920305.BJ,20241121,23.69,26.99,23.6,25.3,138954.25,350959.339
920368.BJ,20241121,40.64,42.5,40.64,41.5,41806.42,174536.158
920438.BJ,20241121,22.66,23.54,22.5,23.31,93543.57,216034.888
920508.BJ,20241121,36.19,36.88,34.75,35.8,25730.1,92511.022
920579.BJ,20241121,26.9,27.2,25.53,26.18,73393.47,192539.862
920640.BJ,20241121,33.41,33.5,31.81,33.5,99427.91,322943.201
920670.BJ,20241121,18.99,19.7,18.5,19.44,78354.14,150420.8
920057.BJ,20241121,8.0,8.42,7.9,8.28,104787.56,85893.603
920992.BJ,20241121,18.67,19.49,18.5,18.98,68835.48,130692.019
920985.BJ,20241121,14.6,15.65,14.46,14.79,181019.65,272799.145
920077.BJ,20241121,13.83,14.17,13.5,14.02,82769.49,115430.162
920149.BJ,20241121,17.67,18.1,17.21,17.58,98112.25,173557.033
920208.BJ,20241121,37.26,38.43,37.1,37.88,34052.22,128617.147
920221.BJ,20241121,19.97,21.03,19.9,20.81,41525.81,85133.629
920239.BJ,20241121,39.97,40.9,39.0,40.05,44722.58,178363.95
920247.BJ,20241121,30.96,32.38,30.15,32.33,65697.67,205686.525
920260.BJ,20241121,12.7,14.8,12.54,14.13,133157.39,184414.119
920263.BJ,20241121,10.2,10.8,10.2,10.68,54175.06,57094.774
920270.BJ,20241121,14.7,15.8,14.26,15.32,44477.35,67210.584
920395.BJ,20241121,16.33,17.56,15.82,17.46,82159.42,138051.025
920414.BJ,20241121,19.8,23.4,18.88,19.1,205058.54,439132.588
920519.BJ,20241121,12.01,13.47,12.01,13.45,62971.12,81850.765
920422.BJ,20241121,10.46,13.13,10.41,11.94,67331.78,78862.837
920433.BJ,20241121,7.65,8.15,7.61,8.13,150807.74,119893.418
920504.BJ,20241121,21.48,25.33,21.25,24.4,37687.0,87462.694
920547.BJ,20241121,22.05,23.38,21.58,23.08,29461.18,66680.288
920675.BJ,20241121,11.71,12.45,11.5,12.17,50905.89,61438.02
920699.BJ,20241121,46.0,49.58,44.88,48.49,27633.56,129782.494
920717.BJ,20241121,11.1,12.23,10.85,11.65,82806.61,95110.533
920720.BJ,20241121,22.19,23.49,21.51,22.6,78751.07,176640.809
920807.BJ,20241121,11.4,11.94,11.21,11.75,86582.69,100741.935
920826.BJ,20241121,12.62,13.8,12.25,13.28,138976.32,181656.412
920871.BJ,20241121,14.51,15.86,14.1,15.86,42918.96,65222.128
920892.BJ,20241121,17.5,18.29,16.9,17.09,47892.9,83939.105
920942.BJ,20241121,15.5,17.95,15.3,17.24,48468.63,80392.481
920957.BJ,20241121,16.03,19.29,15.58,19.29,119064.12,219393.402
920061.BJ,20241121,36.36,38.62,36.05,37.16,47141.97,175562.138
920006.BJ,20241121,30.35,31.0,29.5,30.0,50009.33,151631.683
920123.BJ,20241121,15.82,16.91,15.82,16.8,52276.77,86321.856
920046.BJ,20241121,16.5,17.1,16.27,17.01,58614.47,98059.401
920092.BJ,20241121,44.86,50.5,43.55,48.83,48747.31,230182.367
920274.BJ,20241121,15.97,18.8,15.97,16.97,65148.49,113593.328
920212.BJ,20241121,17.7,19.3,17.5,18.75,61239.31,113320.717
920242.BJ,20241121,33.0,35.07,32.78,34.83,33525.96,114172.925
920344.BJ,20241121,22.15,23.3,21.71,22.82,12518.06,28299.22
920403.BJ,20241121,18.0,21.09,17.85,19.67,65046.84,126062.641
920592.BJ,20241121,75.89,82.98,75.89,79.05,53152.33,420831.775
920663.BJ,20241121,18.64,23.91,18.52,21.6,101238.21,212985.091
920748.BJ,20241121,25.51,26.88,25.51,26.77,20846.45,54911.272
920821.BJ,20241121,36.0,36.88,35.34,36.35,32602.54,117936.35
920030.BJ,20241121,7.61,8.78,7.57,8.25,196012.3,162192.834
920163.BJ,20241121,18.87,21.0,18.35,20.37,72588.14,144414.469
920271.BJ,20241121,17.78,19.19,17.49,18.72,31781.15,58460.001
920227.BJ,20241121,50.0,63.99,49.3,56.3,39142.94,219723.235
920262.BJ,20241121,17.74,23.3,17.59,23.3,79911.78,173594.668
920275.BJ,20241121,6.96,7.5,6.93,7.41,77680.5,56128.489
920402.BJ,20241121,12.44,12.8,12.12,12.38,128559.88,158942.24
920870.BJ,20241121,15.3,16.37,15.06,15.97,76664.32,120321.715
920701.BJ,20241121,37.28,38.79,36.7,38.48,36048.65,136928.155
920810.BJ,20241121,10.83,12.2,10.76,12.2,49394.24,57062.888
920837.BJ,20241121,15.05,15.77,15.01,15.62,54186.01,83698.158
920924.BJ,20241121,20.5,21.5,19.75,20.82,104871.36,215425.241
920971.BJ,20241121,36.99,38.66,36.52,37.12,50849.4,190855.554
920167.BJ,20241121,29.2,30.78,27.9,27.9,75050.26,220044.287
920273.BJ,20241121,23.68,25.8,23.3,25.25,25883.17,63510.816
920371.BJ,20241121,8.88,9.96,8.74,9.7,131727.94,124448.47
920493.BJ,20241121,72.5,74.88,70.56,73.44,27899.07,204428.979
920680.BJ,20241121,26.77,29.99,25.87,29.32,109772.04,315084.451
920719.BJ,20241121,17.01,18.61,16.66,17.34,224152.21,396050.748
920725.BJ,20241121,24.4,25.4,23.92,24.57,39174.01,96657.31
920729.BJ,20241121,8.56,9.04,8.45,9.04,60736.02,53579.333
920790.BJ,20241121,28.91,31.5,28.4,30.32,54082.7,162233.326
920792.BJ,20241121,14.48,14.88,13.98,14.44,66561.5,96177.632
920146.BJ,20241121,9.99,11.65,9.71,10.84,234508.36,248493.134
920199.BJ,20241121,23.0,24.18,22.72,24.01,27350.38,64643.802
920204.BJ,20241121,29.8,31.6,28.33,29.6,77737.79,229569.214
920299.BJ,20241121,12.9,13.86,12.72,13.58,55872.88,74088.205
920357.BJ,20241121,25.6,26.81,25.1,26.58,49002.73,127477.623
920436.BJ,20241121,30.39,32.16,29.52,30.33,107485.7,328527.959
920608.BJ,20241121,14.39,18.7,14.29,18.7,83773.83,144697.281
920656.BJ,20241121,20.24,21.16,19.91,20.95,28497.95,58618.572
920926.BJ,20241121,20.7,23.0,20.41,22.56,42497.15,93904.246
920866.BJ,20241121,9.24,10.16,9.19,9.75,90129.72,86399.232
920976.BJ,20241121,24.5,28.36,24.3,26.26,69247.86,181052.328
920245.BJ,20241121,19.21,20.68,18.9,20.62,29905.05,60092.308
920363.BJ,20241121,21.88,22.77,21.22,22.22,57343.18,126591.794
920396.BJ,20241121,20.13,24.8,20.13,22.7,67238.46,153648.906
920578.BJ,20241121,26.0,28.0,25.38,26.35,70138.64,184731.622
920553.BJ,20241121,10.57,11.59,10.51,10.91,127898.92,140022.962
920634.BJ,20241121,21.56,22.89,21.56,22.5,25681.46,57289.39
920642.BJ,20241121,14.79,15.46,14.78,15.22,63954.23,96621.201
920694.BJ,20241121,18.5,19.5,18.15,19.38,40517.09,76705.92
920753.BJ,20241121,38.22,39.45,38.02,38.72,27607.13,106773.602
920857.BJ,20241121,19.26,20.77,19.2,20.18,36968.53,73075.947
920970.BJ,20241121,7.01,7.88,6.99,7.87,98716.71,73960.564
920981.BJ,20241121,39.82,41.71,38.66,41.1,39832.24,160651.841
920190.BJ,20241121,23.57,24.99,23.25,24.7,88781.52,215707.567
920351.BJ,20241121,12.75,13.87,12.53,13.5,93808.3,123719.04
920374.BJ,20241121,36.74,37.97,35.4,37.58,26936.88,99545.686
920392.BJ,20241121,22.31,23.93,22.23,23.62,20746.44,48193.265
920541.BJ,20241121,14.0,14.5,13.65,14.04,88032.56,123715.153
920808.BJ,20241121,65.28,68.5,64.38,67.12,46234.67,309323.759
920895.BJ,20241121,14.27,17.86,14.27,16.79,61136.52,97899.959
920925.BJ,20241121,15.69,16.34,15.56,16.04,25064.75,40252.304
920931.BJ,20241121,17.29,19.8,16.65,17.6,167088.69,301310.459
920953.BJ,20241121,39.92,44.76,39.16,43.0,80321.06,340379.701
920001.BJ,20241121,21.0,21.66,20.6,20.98,61853.63,130360.328
920122.BJ,20241121,66.96,68.49,65.18,66.48,31468.52,210134.185
920132.BJ,20241121,14.5,15.5,14.03,15.42,41201.21,61749.239
920252.BJ,20241121,27.11,30.88,24.0,24.0,294425.2,798132.947
920367.BJ,20241121,17.0,18.5,16.71,18.42,54018.84,95722.033
920169.BJ,20241121,20.47,20.92,19.2,19.37,101015.5,201178.035
920223.BJ,20241121,14.5,15.19,14.2,14.82,76036.65,112375.167
920505.BJ,20241121,26.66,27.79,26.4,27.27,23591.11,64047.992
920339.BJ,20241121,8.14,8.96,7.96,8.95,62821.39,53383.883
920527.BJ,20241121,13.76,16.75,13.73,15.71,50929.54,77706.977
920570.BJ,20241121,43.62,45.0,42.0,43.43,31256.67,136128.879
920576.BJ,20241121,29.19,37.0,28.88,34.0,96631.52,327583.432
920593.BJ,20241121,40.02,41.93,39.64,40.74,80833.46,328675.882
920665.BJ,20241121,14.45,16.36,14.35,14.97,82716.91,126346.138
920679.BJ,20241121,21.0,22.69,20.88,22.69,46013.23,101048.698
920690.BJ,20241121,21.2,23.43,21.1,23.41,36503.23,81935.419
920693.BJ,20241121,54.7,57.08,54.08,55.04,30963.54,171125.387
920703.BJ,20241121,26.5,28.92,26.5,28.63,37076.04,104815.51
920706.BJ,20241121,15.99,17.29,15.75,16.92,57364.42,94948.768
920026.BJ,20241121,29.97,32.36,29.37,30.78,39835.04,123565.723
920806.BJ,20241121,18.01,18.78,17.65,18.5,175352.12,320267.011
920833.BJ,20241121,16.6,17.78,15.98,16.59,81299.14,137280.387
920002.BJ,20241121,74.0,77.77,72.72,75.6,11183.12,84208.117
920008.BJ,20241121,39.35,40.68,39.01,39.93,18130.87,72291.634
920016.BJ,20241121,32.98,33.9,31.59,31.92,36015.55,116236.825
920019.BJ,20241121,29.35,29.95,28.7,29.22,75364.48,220859.843
920060.BJ,20241121,46.89,58.88,44.25,49.0,192499.07,941077.433
920066.BJ,20241121,46.83,49.27,45.8,48.09,22302.14,105343.014
920088.BJ,20241121,30.84,31.66,29.75,30.95,37196.73,114070.325
920099.BJ,20241121,36.31,37.52,35.46,36.8,29610.37,107589.364
920111.BJ,20241121,32.16,34.4,30.51,32.61,123448.13,396766.745
920118.BJ,20241121,28.35,30.4,28.35,29.73,21529.68,63143.97
302132.SZ,20241121,70.58,70.58,69.0,69.72,129649.04,904685.048
