ts_code,trade_date,open,high,low,close,vol,amount
600179.SH,20160729,12.73,12.86,12.25,12.76,22726.82,28384.318
601339.SH,20160729,6.04,6.06,5.96,5.99,34540.14,20729.395
000021.SZ,20160729,11.56,11.78,11.12,11.45,537122.64,614040.5706
601168.SH,20160729,7.83,7.92,7.5,7.52,830270.57,637041.479
600765.SH,20160729,15.61,15.76,15.15,15.27,120406.41,185881.766
002024.SZ,20160729,10.61,10.66,10.54,10.56,260576.61,275922.9675
000411.SZ,20160729,20.24,20.43,20.01,20.01,22158.4,44830.5405
002141.SZ,20160729,26.46,26.89,25.82,26.07,46765.13,122180.0821
000709.SZ,20160729,2.88,2.88,2.85,2.86,356410.53,102029.8321
603808.SH,20160729,30.95,30.95,29.81,29.96,17815.91,53902.857
600775.SH,20160729,17.15,17.29,15.41,15.41,276391.75,443463.562
600273.SH,20160729,8.52,8.62,8.45,8.6,72864.7,62230.232
000035.SZ,20160729,6.82,6.84,6.66,6.7,57244.92,38478.7585
600158.SH,20160729,17.58,17.73,16.8,17.1,346029.89,593499.289
002236.SZ,20160729,14.62,15.07,14.62,14.88,681277.47,1016734.7508
000878.SZ,20160729,10.83,10.86,10.51,10.54,246209.52,262090.8678
002225.SZ,20160729,6.34,6.4,6.29,6.33,45002.07,28553.439
000420.SZ,20160729,6.7,6.74,6.59,6.62,26572.73,17693.6532
601139.SH,20160729,8.97,9.0,8.72,8.78,44713.21,39516.974
600201.SH,20160729,29.39,30.2,29.3,29.94,66368.34,197924.385
002104.SZ,20160729,14.46,14.55,14.3,14.36,177990.13,256926.7564
600246.SH,20160729,4.93,4.97,4.91,4.92,25853.58,12747.623
600769.SH,20160729,9.88,10.78,9.77,10.5,104932.3,108959.912
002258.SZ,20160729,9.44,9.54,9.32,9.37,48894.31,46060.1212
002294.SZ,20160729,28.76,29.37,28.45,28.66,93240.91,268879.095
002628.SZ,20160729,6.71,6.71,6.6,6.62,62003.4,41224.8574
600678.SH,20160729,11.94,12.08,11.72,11.85,64468.29,76514.374
600022.SH,20160729,2.41,2.43,2.4,2.41,129328.7,31213.903
002414.SZ,20160729,24.68,24.99,24.51,24.62,23275.37,57629.9441
300383.SZ,20160729,37.41,38.0,36.93,37.53,90869.09,341561.4182
600651.SH,20160729,12.3,12.47,12.21,12.28,94851.08,117204.703
002777.SZ,20160729,103.0,104.69,101.01,102.6,8865.2,91363.7678
600284.SH,20160729,11.11,11.29,10.91,10.96,115543.73,128474.374
002687.SZ,20160729,11.19,11.25,10.92,11.11,26884.33,29783.5555
300344.SZ,20160729,11.47,11.54,11.15,11.38,21229.96,24184.1723
600704.SH,20160729,9.27,9.29,9.15,9.18,131865.49,121361.076
300332.SZ,20160729,9.91,10.21,9.3,9.55,502836.56,488293.1387
601198.SH,20160729,22.63,22.76,22.1,22.24,186435.97,417252.138
000070.SZ,20160729,25.47,25.5,24.85,24.99,20921.44,52486.6096
002346.SZ,20160729,16.98,17.03,16.65,16.87,25193.23,42528.7745
002767.SZ,20160729,34.08,34.17,33.22,33.79,7474.0,25138.6609
601179.SH,20160729,5.28,5.33,5.23,5.25,101204.04,53540.214
300182.SZ,20160729,11.58,11.66,11.23,11.56,136269.93,155666.8338
002349.SZ,20160729,26.3,26.84,25.45,25.8,172046.2,448013.1285
000822.SZ,20160729,4.99,5.0,4.92,4.93,47473.85,23484.2865
600791.SH,20160729,6.99,7.06,6.93,6.98,59737.23,41708.676
002565.SZ,20160729,7.94,8.17,7.85,7.93,93450.9,74685.3886
600319.SH,20160729,9.05,9.05,8.89,8.95,19614.33,17574.958
600243.SH,20160729,10.21,10.27,9.95,10.02,20031.8,20158.317
002640.SZ,20160729,15.81,15.92,15.46,15.49,49051.09,76624.2562
600187.SH,20160729,4.43,4.45,4.41,4.42,40799.22,18058.339
002750.SZ,20160729,15.85,16.26,15.84,16.02,31117.28,50064.9588
601137.SH,20160729,12.26,12.26,11.82,12.05,46802.18,56136.189
600830.SH,20160729,10.08,10.66,10.0,10.39,548188.23,565953.633
002154.SZ,20160729,4.76,4.76,4.7,4.71,107042.57,50509.061
600705.SH,20160729,5.77,5.95,5.7,5.82,970601.68,565643.901
600309.SH,20160729,19.05,19.52,19.0,19.1,169632.54,327611.897
000560.SZ,20160729,9.36,9.53,9.18,9.22,17502.42,16212.5576
300106.SZ,20160729,13.54,13.57,13.36,13.41,23934.39,32226.4857
600745.SH,20160729,24.6,24.98,24.07,24.88,102620.74,252295.285
600667.SH,20160729,8.6,8.65,8.3,8.4,224880.1,189561.393
300113.SZ,20160729,34.96,35.23,33.5,34.08,111505.1,382728.4628
000088.SZ,20160729,6.83,7.06,6.82,6.9,70550.65,49009.3442
601007.SH,20160729,13.52,14.04,13.41,13.47,166686.55,229034.706
002547.SZ,20160729,10.2,10.3,10.08,10.17,78078.0,79661.7154
601929.SH,20160729,4.16,4.2,4.12,4.15,134346.75,55916.865
002060.SZ,20160729,6.98,7.2,6.97,7.04,123714.89,87984.2093
002775.SZ,20160729,23.31,23.63,22.7,23.07,49055.79,114486.9498
000613.SZ,20160729,12.39,12.75,12.28,12.68,41135.83,51895.5117
000526.SZ,20160729,47.61,47.99,46.55,46.75,11359.1,53662.0209
600169.SH,20160729,3.94,3.95,3.91,3.93,90013.65,35357.044
600543.SH,20160729,13.72,13.87,13.53,13.56,52005.64,70943.635
000815.SZ,20160729,21.57,21.94,21.2,21.62,51446.93,111201.6472
000686.SZ,20160729,12.25,12.29,12.1,12.1,282895.19,344921.8201
300161.SZ,20160729,25.56,25.8,24.62,25.66,55952.02,140861.1713
002579.SZ,20160729,14.85,14.98,14.6,14.86,76182.7,112900.354
300384.SZ,20160729,51.63,52.47,51.13,52.15,21242.86,110403.7854
002367.SZ,20160729,15.3,15.38,15.11,15.19,35850.99,54542.4073
600612.SH,20160729,43.84,45.47,43.84,44.78,16621.13,74054.935
600029.SH,20160729,8.57,8.73,8.4,8.48,770826.55,659653.193
600790.SH,20160729,5.99,6.0,5.95,5.96,63804.24,38115.711
603669.SH,20160729,27.6,27.78,27.36,27.59,10167.77,28017.497
600683.SH,20160729,8.93,9.05,8.88,8.99,15756.96,14097.334
001896.SZ,20160729,9.07,9.09,8.9,8.97,68876.78,61963.0446
000028.SZ,20160729,73.2,75.58,72.01,72.03,34233.24,252590.0017
002081.SZ,20160729,10.0,10.03,9.85,9.87,118395.66,117422.3976
300341.SZ,20160729,13.66,13.66,13.3,13.43,35991.04,48414.7896
300042.SZ,20160729,33.37,34.2,33.28,33.4,23068.74,77773.2841
002776.SZ,20160729,31.11,31.49,30.72,30.97,14870.0,46109.9057
300178.SZ,20160729,18.09,18.25,17.58,17.78,90544.18,161812.6794
002187.SZ,20160729,12.56,12.8,12.5,12.74,40793.04,51669.946
600219.SH,20160729,7.76,7.77,7.67,7.69,223390.33,172475.306
600252.SH,20160729,4.36,4.41,4.34,4.38,203472.27,89181.242
600054.SH,20160729,16.31,16.34,16.15,16.3,18660.82,30292.229
600114.SH,20160729,15.23,15.66,15.05,15.47,54313.26,83643.845
300245.SZ,20160729,20.22,20.38,19.63,19.79,82868.78,165255.2232
300201.SZ,20160729,16.23,16.42,16.07,16.27,37789.06,61432.4086
600555.SH,20160729,5.9,5.98,5.79,5.85,173327.21,101179.006
300154.SZ,20160729,10.5,10.54,10.25,10.35,40340.43,41858.973
002515.SZ,20160729,12.49,12.49,11.5,11.53,509319.14,611810.3544
000410.SZ,20160729,15.32,15.45,15.15,15.22,77742.06,118844.2461
002664.SZ,20160729,27.55,28.1,27.04,27.27,64020.77,176591.7131
603018.SH,20160729,30.0,30.22,29.31,29.46,15801.0,46896.777
300137.SZ,20160729,14.71,14.75,14.45,14.63,53242.97,77825.3328
300342.SZ,20160729,26.58,26.88,26.32,26.58,14678.27,39040.0155
600221.SH,20160729,3.39,3.44,3.37,3.38,1031099.96,350334.719
000156.SZ,20160729,18.67,18.85,18.59,18.7,53183.46,99549.0155
300443.SZ,20160729,70.51,70.51,68.33,68.5,21733.85,150065.2973
002442.SZ,20160729,13.95,14.1,13.6,13.66,25919.39,35822.8745
600498.SH,20160729,26.31,26.31,25.2,25.31,89888.04,229560.349
300157.SZ,20160729,9.36,9.48,9.25,9.34,116290.07,108820.5953
300274.SZ,20160729,23.3,23.36,22.7,22.76,93948.28,215603.5633
601233.SH,20160729,11.28,11.35,11.18,11.23,50563.02,56863.368
300122.SZ,20160729,17.35,17.35,16.8,17.0,89643.31,152823.7835
300375.SZ,20160729,23.39,23.7,22.73,22.95,34488.65,79392.8475
000587.SZ,20160729,15.79,16.18,15.74,15.87,99393.03,158883.1984
300092.SZ,20160729,14.17,14.26,13.8,13.8,41763.9,58200.5475
002330.SZ,20160729,9.66,9.67,9.51,9.59,31238.44,29973.8023
300492.SZ,20160729,45.01,45.27,43.9,45.04,8468.0,37975.5194
600377.SH,20160729,9.04,9.22,8.99,9.01,101209.13,92228.663
600509.SH,20160729,7.45,7.45,7.28,7.3,75140.38,55408.122
002472.SZ,20160729,23.19,23.19,22.56,22.66,21778.87,49777.1449
600085.SH,20160729,31.43,32.51,31.28,31.99,138894.4,445937.08
002076.SZ,20160729,18.16,18.69,17.31,17.52,114533.06,202960.1132
600215.SH,20160729,7.01,7.05,6.93,6.97,53917.05,37622.791
300391.SZ,20160729,21.1,21.64,20.77,20.89,26405.78,56131.7532
002148.SZ,20160729,18.8,19.03,18.62,18.67,61790.45,116350.621
002162.SZ,20160729,6.53,6.56,6.36,6.38,97056.76,62326.2193
601788.SH,20160729,16.88,17.11,16.71,16.88,219401.75,371071.565
002728.SZ,20160729,25.2,25.65,25.02,25.42,9155.72,23198.5433
300501.SZ,20160729,119.6,125.49,118.0,119.7,20034.11,243579.734
000026.SZ,20160729,11.37,11.44,11.2,11.27,32618.4,36899.52
300078.SZ,20160729,28.3,28.55,27.86,28.25,59814.72,168867.5436
600257.SH,20160729,10.77,10.86,10.64,10.72,66418.29,71370.862
600827.SH,20160729,12.86,13.09,12.68,12.84,215749.91,278979.723
002658.SZ,20160729,16.43,16.46,16.23,16.35,23679.89,38669.5504
002063.SZ,20160729,13.83,13.85,13.5,13.67,115384.77,158209.353
002531.SZ,20160729,6.24,6.27,6.15,6.22,66791.77,41398.0708
600103.SH,20160729,6.1,6.21,5.8,5.88,227813.76,136178.26
000982.SZ,20160729,5.33,5.36,5.24,5.27,133224.28,70332.9912
002437.SZ,20160729,8.1,8.27,8.1,8.22,75416.95,61723.9408
300145.SZ,20160729,23.96,24.2,23.67,23.95,32068.91,76540.6295
002321.SZ,20160729,10.7,10.77,10.38,10.58,154169.63,162383.3308
600223.SH,20160729,5.17,5.2,5.1,5.15,41702.66,21479.749
600814.SH,20160729,10.38,10.4,10.12,10.29,42366.53,43456.447
600603.SH,20160729,12.03,12.62,12.03,12.4,61433.77,76984.186
603636.SH,20160729,71.76,72.48,70.01,70.32,6840.35,48495.716
601966.SH,20160729,37.4,38.65,36.5,38.08,271390.84,1026106.627
002428.SZ,20160729,15.47,15.63,15.19,15.21,200778.72,307597.3457
300326.SZ,20160729,22.78,23.8,22.47,23.69,48759.93,114087.359
600055.SH,20160729,17.4,17.6,17.2,17.42,39770.74,69078.343
601777.SH,20160729,10.68,10.79,10.45,10.51,166115.27,175848.35
000023.SZ,20160729,23.6,23.93,23.51,23.67,19945.55,47396.3764
603101.SH,20160729,27.29,27.52,26.75,27.34,43046.5,117408.691
000608.SZ,20160729,6.08,6.22,6.0,6.04,237637.81,145173.5325
000988.SZ,20160729,18.85,19.05,18.51,18.56,192381.31,359417.312
600820.SH,20160729,9.47,9.48,9.21,9.27,437739.02,407839.257
002644.SZ,20160729,11.22,11.36,11.1,11.28,54380.84,61092.6698
600806.SH,20160729,6.22,6.3,6.15,6.25,26593.91,16527.642
002701.SZ,20160729,9.16,9.26,9.07,9.13,202035.91,185424.0614
600736.SH,20160729,9.32,9.41,9.23,9.39,86580.72,80806.014
002168.SZ,20160729,14.12,14.24,13.96,14.0,126385.26,177706.9722
000572.SZ,20160729,5.09,5.21,5.08,5.11,227645.66,117076.9603
000990.SZ,20160729,15.23,15.38,15.03,15.32,39648.5,60354.5249
603998.SH,20160729,15.31,15.31,14.81,14.96,44542.25,66660.098
600999.SH,20160729,16.86,17.01,16.72,16.8,96300.87,162319.107
002577.SZ,20160729,48.64,49.4,47.51,49.0,81074.37,394637.9509
300034.SZ,20160729,21.3,21.63,20.86,21.28,46629.21,99307.9556
600277.SH,20160729,5.99,6.04,5.95,5.97,108284.03,64799.925
600346.SH,20160729,6.26,6.43,6.26,6.4,62815.33,40104.342
600062.SH,20160729,20.35,21.0,20.23,20.7,164645.8,339088.256
600483.SH,20160729,11.56,11.66,11.45,11.49,26659.28,30762.258
603766.SH,20160729,20.16,20.19,19.8,19.83,37681.01,75207.223
600633.SH,20160729,15.1,15.35,15.0,15.14,95794.01,145054.199
601898.SH,20160729,5.51,5.62,5.5,5.53,110361.52,61388.031
000785.SZ,20160729,15.99,17.33,15.81,16.59,395699.66,660356.2428
601216.SH,20160729,8.04,8.09,7.81,7.82,315570.97,250926.077
002050.SZ,20160729,8.63,8.75,8.5,8.55,126258.46,108282.159
000828.SZ,20160729,9.65,9.85,9.57,9.65,148353.69,144086.1838
300101.SZ,20160729,25.45,25.57,24.43,24.51,101716.27,252132.3165
300425.SZ,20160729,29.7,29.88,29.2,29.39,12680.54,37380.4507
002091.SZ,20160729,13.99,14.09,13.73,13.82,72878.37,101242.8732
300206.SZ,20160729,10.66,10.82,10.52,10.58,85040.19,90697.4001
002433.SZ,20160729,10.14,10.26,10.11,10.14,93412.19,94870.5253
300487.SZ,20160729,54.8,54.8,52.0,52.41,12799.73,67703.0113
000885.SZ,20160729,14.87,15.7,14.61,15.27,116566.55,176711.7156
002429.SZ,20160729,7.84,7.87,7.74,7.8,129297.49,100812.176
002593.SZ,20160729,6.92,7.23,6.88,7.06,79785.53,56218.5897
002597.SZ,20160729,15.08,15.88,14.92,15.57,366830.19,568401.1967
002497.SZ,20160729,6.97,6.99,6.82,6.84,103509.47,71226.4288
600419.SH,20160729,59.65,59.66,57.01,57.74,17810.54,103202.605
002420.SZ,20160729,8.53,8.64,8.35,8.4,30297.89,25632.7784
600148.SH,20160729,21.95,21.95,21.2,21.4,12389.42,26676.948
002510.SZ,20160729,7.38,7.43,7.24,7.28,135516.4,99366.5259
002123.SZ,20160729,18.0,18.27,17.78,17.97,54862.7,98747.8563
002575.SZ,20160729,10.39,10.5,10.33,10.4,39893.72,41593.9922
600064.SH,20160729,16.0,16.75,15.98,16.55,291401.74,477894.359
002731.SZ,20160729,25.18,25.2,24.65,24.8,10321.75,25658.6977
601558.SH,20160729,2.72,2.73,2.7,2.71,184592.29,50047.146
000401.SZ,20160729,10.4,10.5,10.09,10.23,169923.87,175157.7124
000783.SZ,20160729,10.25,10.56,10.17,10.34,563760.08,583964.7522
600976.SH,20160729,27.43,27.58,27.24,27.49,19834.18,54396.993
002259.SZ,20160729,7.6,7.76,7.52,7.65,55748.25,42604.9117
603919.SH,20160729,37.33,37.56,36.58,36.61,66211.82,245048.825
600067.SH,20160729,6.98,6.98,6.83,6.84,54652.58,37581.375
300309.SZ,20160729,14.72,14.98,14.21,14.8,75501.27,111021.4359
300276.SZ,20160729,18.2,18.32,17.68,17.92,31252.67,56228.4584
300414.SZ,20160729,35.55,35.8,35.01,35.09,8933.2,31468.1487
000987.SZ,20160729,13.22,14.28,13.18,14.12,238943.03,327362.2833
000100.SZ,20160729,3.47,3.53,3.45,3.5,512392.06,179231.95
002372.SZ,20160729,15.85,16.1,15.65,15.74,117641.36,186743.8638
002759.SZ,20160729,29.5,29.79,28.78,29.39,73308.9,215647.3472
600059.SH,20160729,10.28,10.38,10.2,10.22,56506.46,58131.232
600292.SH,20160729,12.8,12.85,12.58,12.63,87301.33,110864.132
002581.SZ,20160729,28.0,28.2,27.45,27.53,16488.31,45816.2589
000762.SZ,20160729,21.53,21.58,20.87,21.19,116058.24,246057.4335
600711.SH,20160729,7.68,7.74,7.4,7.52,369671.05,278529.806
002114.SZ,20160729,27.9,27.9,26.72,26.84,100056.15,271943.2672
600585.SH,20160729,16.24,16.25,15.75,15.84,124625.01,199050.95
603021.SH,20160729,47.16,47.47,45.21,45.88,14896.5,68577.487
300421.SZ,20160729,31.27,31.59,31.22,31.39,16317.11,51158.7429
000557.SZ,20160729,5.08,5.11,5.04,5.08,60422.61,30658.2163
300009.SZ,20160729,25.3,25.85,24.5,25.79,114574.75,289587.2591
000429.SZ,20160729,6.37,6.62,6.36,6.39,121715.12,79269.8801
600177.SH,20160729,15.16,15.32,15.01,15.18,389066.8,590146.305
002073.SZ,20160729,10.67,10.69,10.51,10.59,53664.14,56827.9295
300264.SZ,20160729,13.18,13.18,12.72,12.75,95313.69,122764.6429
002269.SZ,20160729,4.33,4.35,4.25,4.27,100344.91,43095.8831
002217.SZ,20160729,13.79,13.96,13.58,13.78,59938.57,82762.4249
603020.SH,20160729,23.92,24.24,23.7,23.8,23084.96,55289.908
002241.SZ,20160729,25.9,26.0,25.31,25.51,108793.16,278061.369
002363.SZ,20160729,12.39,12.54,12.2,12.25,67876.72,83800.86
002011.SZ,20160729,10.72,10.84,10.57,10.75,70869.58,75674.7105
002147.SZ,20160729,14.72,14.98,14.72,14.85,24115.44,35803.3602
002253.SZ,20160729,34.5,34.69,33.6,33.89,49466.8,168726.6731
002228.SZ,20160729,5.26,5.3,5.18,5.24,77678.29,40628.0514
000590.SZ,20160729,22.08,22.25,21.8,22.05,13926.17,30613.3812
000422.SZ,20160729,6.21,6.26,6.17,6.19,68220.43,42381.8146
300416.SZ,20160729,31.2,31.38,30.5,30.76,9316.24,28668.6962
002419.SZ,20160729,12.24,12.73,12.18,12.41,111341.59,139258.3158
002553.SZ,20160729,13.54,13.73,13.45,13.57,23070.87,31305.7527
300296.SZ,20160729,31.06,32.12,30.46,31.73,91359.95,285558.2987
601311.SH,20160729,17.19,17.25,16.83,17.03,66530.98,113297.603
600061.SH,20160729,16.84,16.95,16.55,16.6,110127.87,184484.149
603869.SH,20160729,27.32,27.95,27.32,27.84,7699.25,21252.295
300091.SZ,20160729,14.89,14.95,14.63,14.7,45572.19,67298.9242
601688.SH,20160729,19.31,19.32,18.7,18.85,251895.88,477361.694
300120.SZ,20160729,14.48,14.55,14.05,14.27,26121.45,37272.5702
600311.SH,20160729,6.63,6.65,6.44,6.47,140063.26,91599.188
000906.SZ,20160729,12.0,12.27,12.0,12.03,34496.25,41797.7439
300422.SZ,20160729,30.9,31.06,30.4,30.71,11100.64,34118.4348
002045.SZ,20160729,12.3,12.48,12.21,12.35,109621.06,135613.3974
000402.SZ,20160729,10.42,10.85,10.39,10.4,408066.37,433112.339
600366.SH,20160729,23.11,23.18,22.35,22.41,178687.0,406751.653
002202.SZ,20160729,15.46,15.78,15.46,15.56,177720.79,278154.0705
002016.SZ,20160729,9.32,9.52,9.24,9.28,99428.65,93265.0488
600809.SH,20160729,22.1,22.61,22.01,22.11,76650.36,170989.034
600379.SH,20160729,19.2,19.26,18.61,18.86,20506.17,38774.181
300073.SZ,20160729,61.78,66.31,61.45,63.22,136306.67,871359.7868
000811.SZ,20160729,12.58,12.97,12.49,12.7,85699.05,109476.7379
000875.SZ,20160729,5.93,5.99,5.88,5.92,209969.49,124843.2402
300019.SZ,20160729,13.95,14.12,13.65,14.0,61105.13,85170.5508
300278.SZ,20160729,18.99,19.8,18.99,19.2,46938.14,90898.4639
601968.SH,20160729,8.99,9.16,8.93,9.05,43120.01,39073.977
603169.SH,20160729,11.98,11.98,11.82,11.94,21330.07,25391.805
000630.SZ,20160729,2.59,2.6,2.56,2.57,628210.43,161796.2971
601369.SH,20160729,6.49,6.49,6.39,6.43,49339.11,31722.286
600853.SH,20160729,5.25,5.27,5.2,5.23,47469.9,24865.217
600825.SH,20160729,8.61,8.72,8.41,8.48,167103.79,142615.57
600213.SH,20160729,12.23,12.28,11.99,12.02,23977.51,29055.224
603698.SH,20160729,33.71,34.1,32.06,32.26,41055.2,134574.448
600466.SH,20160729,7.9,7.95,7.8,7.81,64782.1,50857.208
000011.SZ,20160729,13.21,13.59,13.1,13.35,72338.02,97133.2947
300037.SZ,20160729,60.3,61.65,59.34,60.51,50179.62,304463.5
000900.SZ,20160729,7.01,7.14,6.96,7.04,173318.97,122601.5124
300011.SZ,20160729,20.59,21.11,20.3,20.99,57012.38,118689.6316
002140.SZ,20160729,14.4,14.44,14.1,14.22,21061.25,30011.694
603019.SH,20160729,36.75,37.13,35.9,36.0,61475.24,224230.411
603355.SH,20160729,37.15,37.5,37.07,37.23,8781.37,32762.123
002049.SZ,20160729,41.1,41.1,39.1,39.15,140898.79,566471.1807
600362.SH,20160729,14.75,14.85,14.46,14.49,180125.71,263416.534
002138.SZ,20160729,16.9,16.99,16.6,16.66,57379.44,96046.4524
600200.SH,20160729,22.37,22.59,22.13,22.23,90184.7,201328.068
002737.SZ,20160729,41.77,43.29,41.7,42.04,45698.73,194711.0207
002335.SZ,20160729,45.63,46.27,44.41,44.65,21723.3,97780.1112
000795.SZ,20160729,8.41,8.44,8.13,8.2,196978.23,162371.5776
002432.SZ,20160729,16.83,17.25,16.73,16.95,75454.22,128310.2057
000962.SZ,20160729,9.79,9.79,9.79,9.79,12857.77,12587.7568
300026.SZ,20160729,17.18,17.67,17.1,17.49,112075.54,195458.3588
600570.SH,20160729,56.44,56.8,55.13,56.19,136621.3,765759.425
600333.SH,20160729,10.3,10.5,10.21,10.22,150892.6,155435.977
002324.SZ,20160729,28.87,29.26,28.82,29.04,9744.31,28275.7878
600960.SH,20160729,9.24,9.26,9.01,9.06,88743.94,80752.846
300063.SZ,20160729,26.68,26.92,26.28,26.3,29172.79,77178.9523
000915.SZ,20160729,46.1,46.77,43.75,44.8,103884.63,470106.4427
000055.SZ,20160729,17.19,17.19,15.9,16.2,124063.1,201211.0697
300499.SZ,20160729,85.0,87.56,83.81,84.78,9599.95,82138.7149
300049.SZ,20160729,22.66,23.45,22.51,23.37,59498.22,137041.2418
601600.SH,20160729,3.88,3.89,3.82,3.85,396108.62,152523.33
600742.SH,20160729,13.36,13.92,13.26,13.85,160198.62,218945.68
300355.SZ,20160729,7.32,7.36,7.05,7.11,158114.16,113211.5826
002025.SZ,20160729,23.9,23.96,23.03,23.17,106616.57,249329.5785
000911.SZ,20160729,22.35,23.0,22.16,22.77,67216.83,152201.5508
002163.SZ,20160729,7.1,7.13,6.94,6.99,100077.88,70245.6401
002301.SZ,20160729,20.38,20.8,20.32,20.33,12190.0,24971.3279
000153.SZ,20160729,10.6,10.69,10.42,10.52,42851.1,45236.95
600966.SH,20160729,3.29,3.32,3.26,3.27,146988.34,48321.251
600689.SH,20160729,17.2,17.78,16.9,16.93,212653.95,369675.123
600776.SH,20160729,8.59,8.65,8.35,8.38,99659.35,84807.256
300305.SZ,20160729,12.25,12.5,12.16,12.44,28629.85,35412.4345
600882.SH,20160729,10.99,11.15,10.66,10.76,39418.85,42727.273
600884.SH,20160729,15.12,15.48,15.12,15.3,138935.25,212841.289
600600.SH,20160729,30.42,30.95,30.08,30.16,56125.11,171116.323
300048.SZ,20160729,10.02,10.09,9.71,9.98,178374.14,176926.2174
600184.SH,20160729,22.68,22.68,22.02,22.1,22946.15,50990.787
600756.SH,20160729,29.12,29.57,28.2,28.6,134682.08,388748.61
002802.SZ,20160729,63.8,68.0,63.1,64.0,103141.48,674148.734
000917.SZ,20160729,17.8,18.06,17.5,17.5,467588.97,831105.2058
603166.SH,20160729,20.2,20.4,19.93,20.1,46995.6,94862.15
600496.SH,20160729,4.22,4.23,4.19,4.2,63269.82,26623.494
002186.SZ,20160729,20.54,20.8,20.48,20.67,20021.68,41377.7569
002095.SZ,20160729,49.63,49.9,48.72,49.0,28057.13,137851.6728
000596.SZ,20160729,46.93,46.93,45.52,45.52,34461.33,159316.9298
002065.SZ,20160729,20.21,20.27,19.7,19.91,149894.03,298561.8572
600843.SH,20160729,15.9,15.98,15.49,15.68,207939.46,327125.471
300094.SZ,20160729,6.4,6.46,6.32,6.35,83392.06,53227.4158
002426.SZ,20160729,10.39,10.43,10.07,10.32,260378.07,266872.0163
600984.SH,20160729,9.6,9.6,9.23,9.35,18702.37,17490.299
600590.SH,20160729,16.51,16.7,15.75,15.91,146663.27,234782.669
600856.SH,20160729,19.3,19.95,19.3,19.8,75318.32,148193.172
600664.SH,20160729,8.45,8.45,8.37,8.38,114445.03,96075.694
300189.SZ,20160729,5.35,5.35,5.26,5.27,89119.82,47260.9217
002527.SZ,20160729,15.12,15.2,14.99,15.03,35689.82,53891.2664
002650.SZ,20160729,7.52,7.55,7.34,7.46,148593.39,110553.8727
603999.SH,20160729,30.69,30.75,29.95,30.29,34429.43,104425.312
300400.SZ,20160729,36.0,36.69,34.43,36.2,37841.13,134386.2185
300090.SZ,20160729,8.39,8.42,8.22,8.29,85239.99,70763.3924
300478.SZ,20160729,50.98,51.11,50.03,50.1,8821.82,44576.1812
000419.SZ,20160729,9.13,9.39,9.0,9.1,841606.59,770245.942
600298.SH,20160729,17.3,17.41,17.1,17.24,56128.53,96800.182
000972.SZ,20160729,5.45,5.48,5.37,5.41,77795.13,42159.4573
002448.SZ,20160729,13.04,13.13,12.85,12.88,104852.15,136005.4495
600238.SH,20160729,11.73,11.81,11.62,11.74,27818.04,32517.199
002698.SZ,20160729,17.45,17.58,17.28,17.45,23746.95,41493.1217
600818.SH,20160729,28.16,28.3,27.5,28.01,25417.24,70747.09
000902.SZ,20160729,14.23,14.65,14.2,14.5,156859.03,226946.863
000338.SZ,20160729,8.76,8.98,8.57,8.76,449218.15,395007.6309
600880.SH,20160729,8.36,8.44,8.26,8.28,122028.89,101582.694
000659.SZ,20160729,4.67,4.9,4.65,4.87,339560.06,162616.4263
600428.SH,20160729,5.71,5.76,5.66,5.68,119542.81,68170.45
600226.SH,20160729,8.77,8.77,8.62,8.63,51483.7,44678.183
000016.SZ,20160729,4.86,5.14,4.84,5.06,589759.79,295428.8686
600580.SH,20160729,10.1,10.1,9.95,10.0,71917.83,72030.637
002652.SZ,20160729,12.15,12.36,12.11,12.31,46438.2,56922.3846
002282.SZ,20160729,12.46,12.54,12.25,12.28,15174.25,18790.7966
600673.SH,20160729,6.24,6.27,6.19,6.24,135928.26,84660.169
300237.SZ,20160729,10.04,10.05,9.9,9.94,38118.48,37986.4548
002786.SZ,20160729,24.7,24.8,24.02,24.25,41364.73,100629.8564
000554.SZ,20160729,8.42,8.52,8.39,8.42,56370.67,47606.6126
300167.SZ,20160729,14.4,14.46,14.04,14.3,54345.0,77547.613
002007.SZ,20160729,38.8,39.16,38.2,38.41,139444.2,538145.6751
603167.SH,20160729,9.99,10.1,9.88,9.97,80912.27,80718.417
002713.SZ,20160729,26.49,27.16,26.3,26.65,12604.0,33690.0292
300056.SZ,20160729,18.7,18.82,18.4,18.57,33027.22,61325.0868
300233.SZ,20160729,24.5,24.66,24.18,24.23,13894.52,33829.411
002441.SZ,20160729,15.31,15.4,14.9,15.1,47309.17,71705.2443
002397.SZ,20160729,8.12,8.19,8.05,8.1,31877.08,25844.9079
002655.SZ,20160729,16.04,16.15,15.5,15.56,51119.35,80620.4064
002339.SZ,20160729,16.18,16.28,15.78,15.93,61385.05,98000.5332
000796.SZ,20160729,20.82,21.57,19.87,20.23,145067.72,299674.7727
600395.SH,20160729,8.19,8.32,8.04,8.07,89864.29,73587.552
603085.SH,20160729,40.06,40.89,40.06,40.56,11735.0,47532.153
002233.SZ,20160729,7.93,8.02,7.9,7.96,45435.34,36195.2703
002040.SZ,20160729,13.97,14.15,13.75,13.93,37593.52,52481.1781
002494.SZ,20160729,14.66,14.79,14.4,14.52,44096.3,64199.906
000961.SZ,20160729,8.08,8.16,7.81,7.9,680409.94,541191.8659
002730.SZ,20160729,15.03,15.44,15.03,15.23,33598.14,51364.3224
600722.SH,20160729,7.22,7.31,7.11,7.2,60601.99,43673.387
002594.SZ,20160729,59.75,60.25,59.19,59.35,37382.5,222997.0483
601388.SH,20160729,4.52,4.66,4.44,4.48,985701.29,445088.507
300190.SZ,20160729,17.08,17.28,16.82,17.27,43725.19,74512.5852
300351.SZ,20160729,29.86,29.95,28.37,28.38,88724.61,257628.0431
000685.SZ,20160729,10.38,10.46,10.33,10.41,57309.08,59643.7426
000507.SZ,20160729,5.83,5.92,5.69,5.71,132634.55,77012.8021
600851.SH,20160729,13.73,13.79,13.56,13.59,34943.36,47690.187
000518.SZ,20160729,6.55,6.57,6.51,6.53,48069.11,31441.0565
600312.SH,20160729,17.7,17.88,17.3,17.52,223749.75,394151.056
600876.SH,20160729,25.93,26.1,25.64,25.73,22507.7,58096.72
600354.SH,20160729,8.0,8.05,7.78,7.81,68286.34,53727.943
000801.SZ,20160729,11.48,11.56,11.31,11.37,46269.12,52816.8103
000048.SZ,20160729,33.36,34.05,33.36,33.71,4478.75,15074.7614
300392.SZ,20160729,25.6,25.89,24.39,24.41,81352.59,202760.2238
601038.SH,20160729,9.48,9.5,9.36,9.37,27913.83,26272.091
000715.SZ,20160729,12.94,13.01,12.62,12.91,11464.58,14750.9627
600478.SH,20160729,10.76,10.84,10.61,10.7,75867.39,81423.395
600020.SH,20160729,4.53,4.67,4.53,4.56,534935.54,245965.249
000713.SZ,20160729,10.32,10.36,10.13,10.16,26631.7,27275.886
300072.SZ,20160729,33.27,34.93,33.27,34.27,175032.53,598201.4658
600359.SH,20160729,9.9,9.94,9.5,9.56,120859.03,116759.192
002290.SZ,20160729,23.51,23.89,23.38,23.8,20274.35,47941.0091
300420.SZ,20160729,24.88,25.11,23.8,24.27,41062.25,100179.5
002522.SZ,20160729,21.8,22.18,21.09,21.74,144206.61,313558.4683
002566.SZ,20160729,11.75,11.75,11.56,11.6,27037.28,31477.8415
601069.SH,20160729,28.69,29.46,28.1,28.11,240854.35,690113.41
000566.SZ,20160729,12.5,12.63,11.88,12.34,534211.39,652561.4455
002384.SZ,20160729,18.85,18.85,17.71,17.84,55632.25,100567.0251
600368.SH,20160729,5.5,5.64,5.4,5.45,351867.3,194568.536
300194.SZ,20160729,21.8,21.99,21.31,21.41,13022.1,28252.9332
600870.SH,20160729,10.6,10.81,10.43,10.49,69586.19,73797.309
002326.SZ,20160729,18.7,18.93,18.02,18.05,192366.42,354541.9443
600097.SH,20160729,19.3,19.53,18.5,19.2,293906.34,560678.409
000995.SZ,20160729,12.47,12.48,12.16,12.32,49315.16,60788.9356
600073.SH,20160729,12.94,13.16,12.55,12.69,430440.99,552239.324
603398.SH,20160729,31.41,32.49,31.41,32.41,27683.61,88807.733
601028.SH,20160729,9.25,9.25,8.98,9.1,101786.2,92461.487
002431.SZ,20160729,11.59,11.69,11.16,11.28,454153.64,515967.501
002219.SZ,20160729,12.3,12.78,12.2,12.55,220211.63,275275.9139
000823.SZ,20160729,9.16,9.19,9.01,9.07,83135.54,75622.5631
600337.SH,20160729,14.11,14.29,13.9,14.05,27893.33,39299.196
002077.SZ,20160729,18.79,18.79,18.11,18.25,18052.02,33162.7648
300277.SZ,20160729,13.61,13.85,13.21,13.33,37611.0,50470.227
600218.SH,20160729,9.95,9.99,9.75,9.82,66857.23,65778.214
300318.SZ,20160729,10.33,11.22,10.25,10.7,299437.87,322135.8951
002769.SZ,20160729,30.69,30.69,29.86,30.03,28737.58,86495.3471
000920.SZ,20160729,16.31,16.86,16.31,16.46,38810.53,64426.2869
000017.SZ,20160729,11.0,11.87,10.9,11.87,102099.17,117080.1641
002223.SZ,20160729,32.45,34.1,32.45,33.5,153740.09,512929.4975
000018.SZ,20160729,10.71,11.1,10.71,10.77,85810.45,93435.9927
002043.SZ,20160729,12.34,12.34,11.71,11.87,447660.86,536242.2437
600513.SH,20160729,15.08,15.25,15.06,15.15,22312.66,33798.81
600663.SH,20160729,22.76,23.04,22.36,22.38,82105.16,185342.129
600836.SH,20160729,10.58,10.69,10.35,10.39,96253.55,100847.456
601008.SH,20160729,4.89,4.9,4.81,4.83,44574.32,21627.931
600371.SH,20160729,15.05,15.24,14.96,15.08,20872.92,31563.037
002490.SZ,20160729,8.6,8.6,8.26,8.3,55751.53,46820.5038
300124.SZ,20160729,18.23,18.33,17.92,17.95,62775.04,113498.4844
603868.SH,20160729,50.95,51.95,49.7,51.13,31006.06,158094.05
600207.SH,20160729,10.38,10.55,10.22,10.37,73166.0,76146.973
002476.SZ,20160729,8.41,8.42,7.94,8.06,120516.05,97801.4764
002261.SZ,20160729,13.68,13.78,13.28,13.38,144352.22,194136.8473
600588.SH,20160729,22.42,23.2,21.5,22.69,400011.65,897351.06
002709.SZ,20160729,57.4,59.5,57.02,58.52,96929.3,565525.6723
600753.SH,20160729,28.0,28.3,27.6,27.87,10186.17,28464.218
600225.SH,20160729,6.28,6.28,6.1,6.14,76688.41,47355.056
300426.SZ,20160729,72.45,74.5,70.01,72.43,13804.88,99677.9321
600070.SH,20160729,14.19,14.29,14.03,14.09,33541.87,47449.299
600363.SH,20160729,19.1,19.24,18.8,19.08,58603.61,111449.108
000780.SZ,20160729,5.14,5.16,5.09,5.12,77896.4,39910.6204
000839.SZ,20160729,10.0,10.45,9.5,9.52,2689514.98,2699916.158
000532.SZ,20160729,16.69,16.72,16.01,16.18,98473.26,160466.048
600750.SH,20160729,33.6,34.47,33.41,33.91,60884.46,207572.91
600971.SH,20160729,5.76,5.93,5.73,5.81,173768.39,101489.68
600083.SH,20160729,19.55,19.85,19.5,19.81,9291.01,18263.375
000682.SZ,20160729,5.34,5.35,5.23,5.27,84532.5,44725.1526
000889.SZ,20160729,11.1,11.17,10.82,11.01,40017.58,44112.1815
600568.SH,20160729,18.46,18.97,18.38,18.56,148065.8,276559.302
000669.SZ,20160729,16.37,16.45,16.2,16.25,34684.19,56637.2221
600196.SH,20160729,22.31,22.31,21.6,21.61,151789.85,333397.993
300343.SZ,20160729,20.08,20.32,19.7,19.84,24355.66,48642.0437
002357.SZ,20160729,13.57,13.95,13.57,13.75,36860.69,50704.9161
601579.SH,20160729,13.42,13.55,13.38,13.49,15215.04,20496.942
300297.SZ,20160729,15.5,15.65,15.18,15.25,54717.88,84050.1964
002410.SZ,20160729,15.6,15.61,15.1,15.22,93138.86,142700.9887
603131.SH,20160729,73.12,76.8,72.51,74.84,35402.24,265027.61
300385.SZ,20160729,35.23,35.37,34.41,34.66,9523.01,33176.753
601700.SH,20160729,7.13,7.18,7.07,7.1,34204.7,24297.979
002189.SZ,20160729,26.1,26.27,25.3,25.44,68219.34,175109.8017
000595.SZ,20160729,9.81,9.93,9.58,9.8,40457.86,39372.5836
300129.SZ,20160729,7.05,7.09,6.94,6.96,57410.93,40123.6885
000981.SZ,20160729,11.3,11.44,11.15,11.24,38464.51,43417.5764
600713.SH,20160729,9.13,9.13,8.82,9.06,108286.62,97221.467
600721.SH,20160729,18.32,18.7,18.1,18.63,22155.0,40680.724
600802.SH,20160729,8.03,8.07,7.84,7.94,47189.3,37556.007
002061.SZ,20160729,6.98,7.04,6.91,6.97,32335.0,22542.657
002001.SZ,20160729,21.25,23.17,21.25,22.86,433028.42,969357.0861
600997.SH,20160729,5.77,5.89,5.63,5.69,146839.27,84790.136
000852.SZ,20160729,11.18,11.25,11.03,11.06,16309.96,18123.8724
002716.SZ,20160729,25.34,25.85,24.7,24.86,367739.95,927338.6012
000555.SZ,20160729,32.5,32.6,31.4,31.89,123488.48,394176.2609
002567.SZ,20160729,13.23,14.38,12.58,13.55,347969.74,468222.2465
002200.SZ,20160729,20.0,21.36,19.6,20.88,98271.12,203869.2688
002232.SZ,20160729,14.22,14.35,13.82,13.92,57984.2,81379.4425
002054.SZ,20160729,10.29,10.32,9.84,9.88,119897.55,119898.1141
300261.SZ,20160729,11.63,11.69,11.37,11.38,17240.42,19777.0978
002665.SZ,20160729,8.62,8.93,8.62,8.86,98317.11,86847.7603
600898.SH,20160729,12.38,12.44,12.2,12.24,29166.13,35866.025
600486.SH,20160729,29.8,30.87,29.6,30.5,52268.37,158969.389
002513.SZ,20160729,14.33,14.42,14.15,14.21,8427.71,12011.2864
300016.SZ,20160729,19.7,20.23,19.48,19.91,106805.56,211852.5262
601928.SH,20160729,10.83,10.89,10.6,10.6,104238.41,111794.898
600060.SH,20160729,17.68,18.39,17.65,17.83,192736.32,348453.823
002409.SZ,20160729,23.46,25.28,23.3,24.87,59843.34,147568.0424
600121.SH,20160729,5.11,5.15,4.98,5.02,81845.0,41483.47
600808.SH,20160729,2.6,2.6,2.57,2.58,163503.76,42262.353
600279.SH,20160729,7.3,7.41,7.25,7.28,113327.94,82841.626
002422.SZ,20160729,15.59,15.7,15.45,15.5,96338.29,150097.1835
601011.SH,20160729,6.38,6.38,5.9,6.03,1481634.28,906492.546
600512.SH,20160729,4.41,4.42,4.35,4.37,171883.11,75243.386
601211.SH,20160729,17.77,17.81,17.62,17.69,149481.48,264859.161
601608.SH,20160729,5.56,5.6,5.34,5.4,289823.5,158913.981
600714.SH,20160729,13.17,13.4,12.48,12.65,60010.0,77871.82
000521.SZ,20160729,6.34,6.62,6.25,6.58,254004.15,164043.8817
601000.SH,20160729,4.22,4.25,4.1,4.13,331238.74,138212.193
600889.SH,20160729,12.8,13.14,12.66,12.68,74994.5,96841.922
300222.SZ,20160729,22.55,22.69,22.01,22.28,58789.85,131470.8214
002606.SZ,20160729,20.13,20.82,19.79,20.63,78820.86,161430.9297
002034.SZ,20160729,32.77,33.18,32.3,32.97,9790.7,32179.5386
300496.SZ,20160729,58.33,59.3,56.8,56.9,63190.13,364181.8331
600803.SH,20160729,11.3,11.44,11.15,11.32,13574.65,15329.168
002100.SZ,20160729,8.9,8.98,8.78,8.88,61231.79,54297.6982
600063.SH,20160729,4.43,4.45,4.39,4.41,75464.85,33285.671
600744.SH,20160729,5.57,5.61,5.52,5.52,71185.0,39564.184
600530.SH,20160729,9.6,9.6,9.22,9.39,206176.89,193531.97
002616.SZ,20160729,20.28,22.22,20.12,22.22,105983.06,223760.0475
002288.SZ,20160729,10.47,10.62,10.26,10.34,91174.9,95014.2119
002015.SZ,20160729,9.06,9.14,9.0,9.04,29186.8,26420.7494
600432.SH,20160729,7.28,7.33,7.18,7.24,63604.54,46132.953
300378.SZ,20160729,30.38,32.4,30.38,31.92,113177.91,355908.5705
600328.SH,20160729,12.98,13.03,12.71,12.83,126027.12,161995.918
000697.SZ,20160729,20.97,21.08,20.68,20.86,34437.71,71999.7297
300170.SZ,20160729,15.38,15.38,14.39,14.55,686639.39,1023080.942
600597.SH,20160729,14.6,15.0,14.28,14.49,142699.66,209368.629
300212.SZ,20160729,30.47,31.13,29.79,31.06,84469.85,257138.9866
601111.SH,20160729,8.33,8.6,8.23,8.26,386425.19,324819.797
600495.SH,20160729,7.06,7.15,7.02,7.08,87537.61,61939.422
002366.SZ,20160729,51.21,51.42,50.37,50.77,13008.32,66047.969
300389.SZ,20160729,23.55,23.6,22.73,22.85,32810.83,75622.7342
300155.SZ,20160729,12.76,12.91,12.51,12.82,44285.53,56342.0412
600269.SH,20160729,4.71,4.79,4.67,4.7,352055.76,166943.022
600505.SH,20160729,8.73,8.78,8.6,8.69,27512.86,23964.25
000976.SZ,20160729,8.41,8.62,8.4,8.48,45958.48,39076.985
603017.SH,20160729,18.37,18.38,17.6,17.76,17767.16,31764.168
600479.SH,20160729,16.7,16.99,16.16,16.3,50039.24,82850.526
002406.SZ,20160729,8.57,8.67,8.53,8.61,42946.06,36975.1639
600198.SH,20160729,20.2,20.32,19.65,20.05,169720.61,339895.235
600191.SH,20160729,14.88,15.24,14.71,15.21,79065.76,118327.991
300493.SZ,20160729,63.58,65.45,62.56,62.8,30722.9,197183.6055
002668.SZ,20160729,57.49,57.49,56.6,57.05,11299.28,64448.2459
600489.SH,20160729,14.51,14.68,14.05,14.18,869228.68,1247171.229
002188.SZ,20160729,31.15,31.45,30.3,30.7,64535.42,199260.6028
002134.SZ,20160729,13.26,15.0,13.05,14.92,296660.21,402740.2236
300203.SZ,20160729,24.93,25.3,24.8,24.94,38728.78,97052.5403
603128.SH,20160729,10.29,10.29,10.01,10.04,41687.48,42097.974
002079.SZ,20160729,10.71,10.81,10.2,10.4,237270.87,248785.1335
002626.SZ,20160729,15.5,16.86,15.46,16.32,126596.17,205020.9988
600900.SH,20160729,13.38,13.59,13.22,13.24,189133.46,253533.697
002721.SZ,20160729,20.71,21.13,20.52,20.83,97370.55,202581.3466
002013.SZ,20160729,16.1,16.18,15.53,15.6,159531.93,250941.1716
600715.SH,20160729,20.94,21.18,20.61,20.99,74489.34,155894.167
002689.SZ,20160729,7.47,7.52,7.36,7.42,45721.22,33944.6611
603609.SH,20160729,16.24,16.38,15.5,15.79,27429.16,43786.825
002386.SZ,20160729,6.86,6.91,6.8,6.85,41839.66,28717.2181
600250.SH,20160729,13.08,13.29,13.03,13.1,16136.54,21183.343
000968.SZ,20160729,8.9,8.97,8.65,8.8,45176.63,39733.4653
300354.SZ,20160729,27.01,27.2,26.01,26.22,20134.34,53321.9495
600069.SH,20160729,7.14,7.14,6.75,6.92,113553.65,78549.29
000937.SZ,20160729,6.3,6.58,6.25,6.38,408331.25,262393.0741
600724.SH,20160729,5.36,5.55,5.33,5.49,87000.12,47406.926
000868.SZ,20160729,7.02,7.1,6.93,6.93,75652.75,53020.8653
603025.SH,20160729,33.3,33.3,32.72,32.88,10627.29,35075.658
600327.SH,20160729,9.25,9.42,9.22,9.31,44051.63,41047.813
601886.SH,20160729,10.5,10.82,10.46,10.53,121143.43,128539.044
600688.SH,20160729,5.99,6.05,5.93,5.95,178322.53,106637.528
600391.SH,20160729,39.25,39.58,38.18,38.21,55588.98,214879.914
600229.SH,20160729,11.98,12.06,11.78,11.84,53522.27,63637.727
300216.SZ,20160729,27.65,27.93,26.68,26.93,65120.22,176962.0758
300267.SZ,20160729,14.24,14.33,13.9,13.99,41751.68,58639.5042
600390.SH,20160729,13.2,13.55,13.06,13.1,77003.78,102622.869
600751.SH,20160729,8.94,8.94,8.94,8.94,20957.41,18735.925
002589.SZ,20160729,33.5,33.75,32.55,33.38,27214.32,90250.4991
000627.SZ,20160729,9.13,9.16,8.75,8.88,396949.97,353892.988
600256.SH,20160729,4.53,4.63,4.5,4.57,358905.1,164349.937
600638.SH,20160729,13.64,13.67,13.44,13.55,54444.87,73904.287
600562.SH,20160729,35.2,35.2,33.6,33.67,35637.33,121214.985
600833.SH,20160729,17.11,17.24,16.38,16.46,43654.67,72799.184
300257.SZ,20160729,16.44,16.55,16.18,16.18,55519.63,90794.3543
300098.SZ,20160729,14.38,14.47,14.03,14.18,106831.83,152179.6851
600462.SH,20160729,7.22,7.24,7.09,7.17,64231.54,45985.419
002205.SZ,20160729,23.96,24.0,23.7,23.72,17489.24,41686.0068
300442.SZ,20160729,44.85,45.28,44.11,44.45,10358.1,46086.4084
002394.SZ,20160729,15.24,15.35,15.14,15.26,25259.81,38491.5572
603861.SH,20160729,28.1,28.8,27.81,28.23,37389.4,106001.379
600320.SH,20160729,5.09,5.29,5.05,5.08,417106.39,215688.282
002532.SZ,20160729,14.2,14.31,14.1,14.15,20704.04,29417.2068
300486.SZ,20160729,33.4,33.4,32.48,32.91,25410.75,83565.0205
601186.SH,20160729,8.87,9.0,8.85,8.92,667723.43,596712.559
600332.SH,20160729,27.31,28.17,27.24,27.31,145943.69,404795.201
000539.SZ,20160729,5.12,5.19,5.1,5.15,81203.6,41859.2873
600011.SH,20160729,7.38,7.44,7.28,7.3,121740.21,89533.382
000027.SZ,20160729,6.59,6.61,6.54,6.57,77142.18,50776.9232
300081.SZ,20160729,18.8,18.92,18.36,18.72,178061.77,332610.3083
002337.SZ,20160729,7.47,7.5,7.36,7.41,35275.08,26203.6801
600028.SH,20160729,4.8,4.82,4.78,4.79,461865.56,221754.498
601519.SH,20160729,8.46,8.56,8.37,8.49,102867.3,87140.449
603108.SH,20160729,26.43,26.77,25.98,26.24,14399.54,37994.799
603566.SH,20160729,23.17,23.35,21.5,21.83,66347.92,146724.307
000963.SZ,20160729,70.3,72.24,70.2,70.6,30666.31,218264.7253
000599.SZ,20160729,7.04,7.04,6.88,6.9,112914.83,78475.2762
300262.SZ,20160729,16.63,16.79,16.23,16.51,105891.81,174573.6962
002292.SZ,20160729,28.99,29.19,28.4,28.64,159222.38,457655.5112
600613.SH,20160729,14.78,14.83,14.55,14.58,26370.0,38662.433
000622.SZ,20160729,7.49,7.5,7.25,7.37,23526.95,17276.7931
601965.SH,20160729,9.71,9.85,9.67,9.73,31547.0,30715.811
300500.SZ,20160729,92.0,94.58,90.55,93.4,35688.68,332778.1027
600118.SH,20160729,34.08,34.08,33.21,33.29,92067.86,308387.024
000413.SZ,20160729,12.44,12.58,12.0,12.03,2556356.54,3126166.14
000616.SZ,20160729,5.4,5.41,5.32,5.35,142696.96,76582.3516
600596.SH,20160729,7.52,7.56,7.43,7.46,41579.6,31157.867
600520.SH,20160729,17.38,17.73,17.29,17.41,13865.55,24353.649
600746.SH,20160729,9.62,9.67,9.38,9.57,33994.05,32416.669
300331.SZ,20160729,24.3,24.8,24.3,24.49,18662.41,45809.898
000030.SZ,20160729,7.87,7.91,7.61,7.68,98742.88,76138.2288
600006.SH,20160729,7.93,8.04,7.74,7.8,243664.34,191912.279
002342.SZ,20160729,5.8,5.84,5.76,5.76,68132.34,39451.5449
002662.SZ,20160729,14.85,15.0,14.75,14.89,27669.03,41209.8089
300471.SZ,20160729,46.94,47.26,46.1,46.41,8011.34,37380.3069
300511.SZ,20160729,62.08,63.72,60.6,62.29,28386.73,177153.6426
600662.SH,20160729,12.03,12.12,11.45,11.64,596881.31,704560.812
300029.SZ,20160729,12.18,12.3,11.92,12.06,32181.32,38985.3812
002381.SZ,20160729,12.45,12.45,12.15,12.2,30830.31,37834.4729
002375.SZ,20160729,10.93,10.98,10.85,10.87,61660.55,67203.4831
000548.SZ,20160729,7.86,7.88,7.7,7.73,48892.64,38030.653
002761.SZ,20160729,38.46,39.18,38.46,38.74,9704.17,37663.1489
000826.SZ,20160729,31.03,31.32,30.5,30.5,44360.01,137178.0495
603012.SH,20160729,12.56,12.73,12.45,12.59,47891.8,60401.672
600783.SH,20160729,22.02,22.23,21.6,21.64,88852.33,194339.912
000806.SZ,20160729,16.6,17.2,16.51,16.98,339502.3,575547.9463
002157.SZ,20160729,24.23,24.79,24.12,24.42,143223.63,350404.3312
300388.SZ,20160729,21.18,21.22,20.78,20.87,17462.93,36598.1397
002118.SZ,20160729,15.9,16.35,15.8,16.2,119690.03,192363.9813
300013.SZ,20160729,15.98,15.99,15.55,15.82,51203.63,80949.8183
600888.SH,20160729,7.2,7.24,7.12,7.13,51999.31,37260.29
601107.SH,20160729,4.63,4.77,4.63,4.7,127922.12,60219.481
002069.SZ,20160729,9.05,9.12,8.96,9.02,28670.68,25857.3194
300404.SZ,20160729,37.18,37.48,36.2,37.24,20019.77,73651.1127
600573.SH,20160729,13.2,13.2,13.0,13.12,17609.53,23093.378
000958.SZ,20160729,15.6,16.66,15.5,16.52,277825.85,448712.465
603968.SH,20160729,30.5,32.08,29.89,32.08,218001.44,678163.641
300241.SZ,20160729,18.28,18.48,17.56,17.56,45925.02,83176.238
300099.SZ,20160729,10.45,10.7,10.1,10.2,405017.8,420062.0397
600566.SH,20160729,28.48,28.9,27.81,27.87,25848.54,72888.499
002128.SZ,20160729,8.05,8.14,7.95,7.96,130445.29,104748.7999
600131.SH,20160729,11.75,11.85,11.24,11.37,86744.78,99397.727
300281.SZ,20160729,14.28,14.54,13.94,14.05,30358.04,42955.5104
002602.SZ,20160729,18.12,18.34,18.0,18.0,29048.56,52721.657
002407.SZ,20160729,38.6,39.49,38.18,38.74,244847.86,951326.2862
300047.SZ,20160729,19.1,19.66,18.88,19.45,110930.12,214369.7263
002171.SZ,20160729,16.88,17.0,16.18,16.39,68914.82,114310.4465
600572.SH,20160729,6.61,6.83,6.57,6.8,340354.56,229470.233
000531.SZ,20160729,11.38,11.49,11.35,11.42,34829.36,39736.5367
300231.SZ,20160729,18.34,18.47,17.93,18.39,89555.4,163387.2658
002564.SZ,20160729,7.3,7.36,7.25,7.28,62298.9,45447.0757
300333.SZ,20160729,21.4,21.4,20.86,20.94,62041.37,130686.7738
002796.SZ,20160729,70.03,72.49,68.6,70.43,35441.95,250340.3759
000983.SZ,20160729,9.15,9.3,9.06,9.08,381533.43,350896.3536
300258.SZ,20160729,15.4,15.54,15.2,15.28,27969.56,42884.9784
601098.SH,20160729,18.98,19.14,18.63,18.87,67959.54,128209.636
600680.SH,20160729,40.95,41.16,39.96,40.12,34289.83,138051.387
300133.SZ,20160729,14.46,14.48,14.13,14.3,101137.39,144831.095
601127.SH,20160729,31.55,33.36,30.8,32.31,181110.48,584266.636
002032.SZ,20160729,40.49,43.09,40.49,41.8,41832.94,175673.5763
000883.SZ,20160729,4.7,4.72,4.68,4.69,79661.44,37436.6397
600617.SH,20160729,11.6,11.65,11.44,11.48,19988.87,23021.549
600282.SH,20160729,2.4,2.41,2.38,2.41,222873.23,53381.753
300286.SZ,20160729,27.24,27.5,26.7,26.71,11959.01,32148.4795
600846.SH,20160729,10.21,10.36,9.95,9.98,233507.17,236237.162
002563.SZ,20160729,11.52,11.55,11.29,11.46,50400.42,57543.3588
002056.SZ,20160729,15.11,15.15,14.54,14.59,188346.31,277497.8218
600329.SH,20160729,17.87,18.11,17.73,17.85,54673.53,97758.076
603116.SH,20160729,22.0,22.09,21.88,21.94,28377.4,62410.534
002284.SZ,20160729,18.26,18.48,18.03,18.14,143351.41,261259.7134
000516.SZ,20160729,6.51,6.74,6.46,6.58,586755.46,388828.0505
600782.SH,20160729,5.36,5.38,5.25,5.27,153414.7,81332.994
002197.SZ,20160729,18.88,19.07,18.68,18.81,62756.13,118472.8201
000610.SZ,20160729,13.26,13.62,12.96,12.96,59117.64,78753.1141
002520.SZ,20160729,14.32,14.55,14.2,14.43,23970.75,34511.1893
600421.SH,20160729,15.65,15.99,15.64,15.8,15888.06,25117.341
603883.SH,20160729,49.5,50.49,49.5,49.69,19161.8,95732.915
300127.SZ,20160729,20.9,20.99,20.02,20.41,50648.95,103677.8901
600998.SH,20160729,20.18,20.7,19.97,20.54,72990.33,147723.173
002667.SZ,20160729,27.91,28.71,27.41,28.5,80779.77,230558.337
002036.SZ,20160729,19.67,19.79,19.32,19.43,49537.7,96941.3574
601616.SH,20160729,6.16,6.24,6.08,6.12,86597.11,53409.157
300359.SZ,20160729,28.0,28.15,27.21,27.49,85150.25,234025.4394
002753.SZ,20160729,25.93,26.18,25.51,25.76,10493.71,27075.7706
600051.SH,20160729,10.09,10.2,9.97,10.07,31314.66,31521.258
300074.SZ,20160729,10.34,10.38,10.14,10.26,100962.2,103701.826
600561.SH,20160729,11.95,11.98,11.81,11.88,22134.04,26340.65
002546.SZ,20160729,10.37,10.5,10.32,10.37,54516.49,56709.9716
603589.SH,20160729,34.35,34.88,34.13,34.37,47352.08,163556.676
002772.SZ,20160729,22.93,22.97,22.53,22.94,32285.67,73516.2152
600133.SH,20160729,7.61,7.67,7.52,7.55,42606.61,32304.389
002785.SZ,20160729,26.1,26.18,25.4,25.73,26769.59,68904.929
600503.SH,20160729,10.0,10.08,9.66,9.71,980497.67,962469.821
600275.SH,20160729,8.15,8.44,8.0,8.32,143529.81,118471.13
600538.SH,20160729,12.99,13.06,12.82,12.97,23220.54,30056.317
300054.SZ,20160729,22.8,23.05,22.5,22.64,27709.33,62895.5449
300282.SZ,20160729,29.05,29.73,28.08,29.08,65046.98,187625.1596
603318.SH,20160729,15.61,15.69,15.03,15.07,69773.03,106506.856
300021.SZ,20160729,17.06,17.14,16.71,16.89,16475.35,27798.1528
000939.SZ,20160729,8.73,8.75,8.58,8.69,88983.13,77191.3609
603158.SH,20160729,22.99,22.99,22.33,22.52,15836.28,35713.164
000938.SZ,20160729,66.5,66.97,64.5,66.65,56605.81,373284.0484
300235.SZ,20160729,22.22,22.49,21.5,21.74,35915.88,78728.222
603798.SH,20160729,62.25,63.67,61.2,62.56,18661.88,116717.527
600249.SH,20160729,7.4,8.0,7.37,7.82,331978.07,255044.397
000607.SZ,20160729,11.34,11.8,11.02,11.57,329049.28,376169.5562
002121.SZ,20160729,10.32,10.39,10.14,10.34,119251.42,122448.434
000671.SZ,20160729,5.95,5.95,5.91,5.95,75393.94,44741.6866
300097.SZ,20160729,45.41,47.95,45.4,46.81,54674.8,256552.9104
601398.SH,20160729,4.29,4.3,4.28,4.3,350045.29,150323.737
000959.SZ,20160729,4.07,4.11,3.98,4.06,275362.97,110908.1417
600526.SH,20160729,13.13,13.4,13.05,13.15,114199.81,151116.169
600986.SH,20160729,15.21,15.47,15.2,15.41,43515.48,66741.085
300209.SZ,20160729,27.12,27.12,25.28,26.01,141802.5,373844.6633
002568.SZ,20160729,23.16,23.33,22.61,22.71,42539.73,97037.6748
600537.SH,20160729,9.07,9.09,8.61,8.64,793198.02,700094.106
600400.SH,20160729,9.4,9.53,9.2,9.35,172597.97,161069.303
601336.SH,20160729,40.0,40.14,39.72,39.76,40817.11,162790.712
000813.SZ,20160729,14.82,15.0,13.91,14.07,155641.53,223523.5752
600136.SH,20160729,21.3,21.57,21.05,21.27,42211.65,89989.043
300143.SZ,20160729,25.78,27.41,25.25,26.46,127649.16,333544.6825
300005.SZ,20160729,16.58,16.69,16.22,16.3,88323.34,145362.0297
002086.SZ,20160729,8.65,8.82,8.45,8.57,146000.88,125882.0499
600819.SH,20160729,7.22,7.27,7.05,7.1,155595.58,111232.539
600422.SH,20160729,14.11,14.87,14.1,14.68,259693.39,378186.875
603069.SH,20160729,19.02,19.02,19.02,19.02,2897.79,5511.597
002119.SZ,20160729,18.66,18.8,18.31,18.5,23913.31,44234.2154
600186.SH,20160729,5.32,5.34,5.25,5.28,72251.0,38158.125
600869.SH,20160729,9.31,9.43,9.16,9.29,116650.01,108726.784
002627.SZ,20160729,20.94,21.06,20.58,20.88,12529.86,26124.7574
300399.SZ,20160729,34.97,35.47,34.5,34.9,15442.6,54022.4024
600979.SH,20160729,5.91,5.94,5.89,5.91,24903.73,14726.707
300316.SZ,20160729,11.57,11.9,11.41,11.8,185562.97,216294.9766
300458.SZ,20160729,86.0,87.3,82.6,85.0,35092.82,298515.2333
600248.SH,20160729,6.08,6.13,5.98,6.01,36912.92,22271.524
300254.SZ,20160729,19.27,19.69,19.0,19.32,44213.96,85695.4271
600132.SH,20160729,15.32,15.48,14.82,14.93,36432.43,55481.439
600415.SH,20160729,6.63,6.66,6.51,6.51,158271.46,103899.383
000536.SZ,20160729,13.56,13.93,13.43,13.58,89260.79,121921.3966
603568.SH,20160729,21.9,22.15,21.81,21.88,15638.14,34332.032
300440.SZ,20160729,30.7,31.0,30.03,30.5,17846.88,54479.8459
002697.SZ,20160729,5.6,5.71,5.56,5.64,80855.1,45780.9987
002249.SZ,20160729,10.31,10.77,9.96,10.09,590328.75,607195.1871
600668.SH,20160729,15.43,15.65,15.32,15.36,50242.63,77969.037
002782.SZ,20160729,28.69,28.7,27.65,28.15,60227.07,169276.0201
002440.SZ,20160729,17.54,18.28,17.4,17.57,382302.27,682519.0092
300345.SZ,20160729,11.7,11.99,11.55,11.6,81886.05,96102.2787
600268.SH,20160729,7.45,7.5,7.37,7.41,42760.95,31790.602
002240.SZ,20160729,11.71,11.78,11.34,11.66,88955.43,102732.2919
300024.SZ,20160729,24.45,24.48,24.01,24.1,119438.07,288720.8718
000598.SZ,20160729,5.42,5.57,5.39,5.53,614879.24,338124.8634
002536.SZ,20160729,14.62,14.72,14.25,14.32,65528.37,94421.9306
601618.SH,20160729,3.81,3.88,3.8,3.81,668260.14,256831.604
600323.SH,20160729,12.74,12.8,12.56,12.62,53162.36,67188.697
000638.SZ,20160729,18.06,18.34,17.7,18.13,231892.32,419424.8723
600584.SH,20160729,18.15,18.55,18.0,18.04,221242.28,406030.436
600388.SH,20160729,12.55,12.61,12.41,12.48,66077.14,82601.435
600831.SH,20160729,15.39,15.67,14.96,14.98,159601.89,243437.787
600965.SH,20160729,12.28,12.42,12.21,12.25,30310.46,37249.718
600416.SH,20160729,12.87,12.9,12.5,12.62,95782.06,121315.967
600119.SH,20160729,20.43,20.62,19.63,20.32,182405.39,366017.243
002252.SZ,20160729,37.9,38.1,37.7,37.72,19988.18,75549.7468
600308.SH,20160729,5.15,5.25,5.06,5.19,148308.1,76350.645
600854.SH,20160729,7.57,7.63,7.45,7.55,56485.42,42629.58
600616.SH,20160729,10.67,11.03,10.66,10.71,117026.04,127130.54
300347.SZ,20160729,31.57,32.99,31.0,31.01,71952.85,230756.6324
600335.SH,20160729,12.51,12.99,12.22,12.27,286472.21,364925.109
002303.SZ,20160729,13.55,13.67,13.13,13.13,75937.52,101312.5142
002019.SZ,20160729,15.0,15.6,14.95,15.42,231475.07,354652.0251
002742.SZ,20160729,21.7,22.1,21.43,21.94,25319.75,55102.8416
601717.SH,20160729,5.66,5.68,5.57,5.6,99510.3,55883.927
300025.SZ,20160729,12.46,12.56,12.09,12.13,56488.78,69133.4697
000042.SZ,20160729,17.3,17.37,17.07,17.1,13807.72,23724.7581
000786.SZ,20160729,9.45,9.77,9.44,9.62,225820.6,218279.2355
002486.SZ,20160729,5.48,5.56,5.38,5.48,413056.16,225501.3161
000563.SZ,20160729,5.95,6.38,5.83,6.1,2771544.38,1684189.3838
300153.SZ,20160729,21.1,21.29,20.68,21.06,70324.19,147884.917
000800.SZ,20160729,10.62,10.72,10.53,10.57,106443.84,112879.4663
600380.SH,20160729,9.35,9.58,9.23,9.48,238536.23,225200.483
603268.SH,20160729,49.99,51.6,49.06,49.79,52918.1,266221.364
002192.SZ,20160729,29.07,29.44,28.55,29.19,49823.46,144695.7291
000150.SZ,20160729,33.23,33.3,32.09,32.2,81643.1,265854.7824
300041.SZ,20160729,12.99,13.05,12.61,12.78,37709.67,48331.5803
000881.SZ,20160729,25.5,25.5,22.78,23.78,221277.29,525392.6539
002009.SZ,20160729,14.87,15.02,14.6,14.94,34604.77,51366.1713
000681.SZ,20160729,22.57,22.69,22.1,22.18,43773.36,97455.8764
000561.SZ,20160729,11.7,11.79,11.32,11.41,63461.37,73091.2773
002158.SZ,20160729,11.4,11.41,11.22,11.28,45021.81,50941.7494
000096.SZ,20160729,11.95,11.95,11.81,11.86,16022.35,19050.5335
600841.SH,20160729,15.11,15.34,14.1,14.39,109903.19,163313.352
002430.SZ,20160729,8.53,8.62,8.42,8.46,38318.81,32571.31
600839.SH,20160729,4.45,4.56,4.43,4.48,925975.79,416600.486
000615.SZ,20160729,8.35,8.45,8.17,8.36,111225.0,92729.8161
300483.SZ,20160729,49.13,49.66,48.1,48.59,9080.93,44283.6792
300205.SZ,20160729,14.76,14.91,14.41,14.48,90994.92,133059.9741
300253.SZ,20160729,23.51,23.78,22.83,22.98,167878.64,388565.1185
600088.SH,20160729,22.33,22.75,22.33,22.53,15993.82,36068.368
300103.SZ,20160729,16.78,16.78,16.21,16.45,20700.32,34168.6578
002315.SZ,20160729,64.0,64.42,62.95,63.17,10006.3,63484.1244
002466.SZ,20160729,38.8,39.37,38.23,38.98,164918.07,641715.6563
600723.SH,20160729,9.3,9.51,9.1,9.16,58194.12,54297.914
002480.SZ,20160729,10.6,10.6,9.81,9.89,94595.9,95691.6208
600609.SH,20160729,4.67,4.75,4.6,4.63,75815.62,35303.523
600563.SH,20160729,41.08,41.52,40.37,40.42,30361.93,124685.406
000998.SZ,20160729,19.23,19.24,18.8,18.92,107473.32,204474.3009
002144.SZ,20160729,20.56,20.73,20.27,20.57,24600.55,50504.3818
600835.SH,20160729,21.6,21.9,21.06,21.33,171205.21,366432.017
002619.SZ,20160729,15.38,15.8,15.23,15.73,108649.72,168521.1441
002723.SZ,20160729,23.6,23.7,23.31,23.41,15704.7,36840.6777
300408.SZ,20160729,16.65,16.76,16.4,16.56,73039.51,121165.5475
300449.SZ,20160729,44.0,44.76,43.5,43.86,23144.38,101813.3173
300195.SZ,20160729,16.56,16.56,16.02,16.22,36810.0,59967.4823
000488.SZ,20160729,8.94,9.16,8.91,9.01,482555.67,435301.0949
300183.SZ,20160729,23.25,23.7,22.9,23.45,51757.79,120976.2315
600655.SH,20160729,12.42,12.45,12.11,12.14,123529.01,151834.3
600797.SH,20160729,15.72,16.98,15.23,16.72,368984.39,593086.207
002454.SZ,20160729,17.0,17.17,16.83,17.01,29126.04,49637.4044
600592.SH,20160729,10.21,10.26,9.95,10.02,53223.86,53802.377
000928.SZ,20160729,13.19,13.19,12.94,12.98,60543.33,78831.3666
300043.SZ,20160729,13.16,13.24,12.88,13.05,75095.87,98047.5701
600604.SH,20160729,24.58,24.75,23.05,23.09,105744.74,251409.002
002514.SZ,20160729,10.19,10.23,9.95,9.98,73790.61,74071.661
600684.SH,20160729,8.19,8.27,8.06,8.13,297263.29,243276.731
600739.SH,20160729,15.53,15.7,15.5,15.53,121599.08,189695.669
300270.SZ,20160729,16.5,16.56,16.0,16.31,35290.06,57324.0107
600789.SH,20160729,9.13,9.21,9.05,9.09,99983.54,91304.324
600858.SH,20160729,8.33,8.37,8.2,8.29,32442.8,26894.269
600868.SH,20160729,4.83,4.84,4.76,4.78,294748.18,141241.819
600608.SH,20160729,9.8,10.03,9.73,9.79,19264.1,18974.479
601169.SH,20160729,8.4,8.43,8.39,8.4,490649.54,412056.573
300136.SZ,20160729,19.33,19.85,19.29,19.69,79990.89,156413.0224
603328.SH,20160729,27.21,27.21,26.8,26.9,16644.96,44870.082
600874.SH,20160729,7.82,7.84,7.76,7.77,44663.58,34850.749
300071.SZ,20160729,10.4,10.52,10.12,10.42,101203.86,104834.2314
000793.SZ,20160729,9.67,9.78,9.45,9.68,283629.79,271988.5635
002496.SZ,20160729,5.25,5.26,5.15,5.16,148969.45,77193.2475
600988.SH,20160729,20.14,20.42,19.6,19.7,208887.05,416907.041
600086.SH,20160729,9.92,9.92,9.61,9.8,125729.13,122613.653
600559.SH,20160729,25.64,26.6,25.5,26.22,82737.26,217280.978
002215.SZ,20160729,11.18,11.25,10.9,11.04,149570.77,165238.544
000809.SZ,20160729,4.34,4.35,4.3,4.32,48383.13,20922.8711
600610.SH,20160729,14.05,14.05,13.47,13.52,134824.96,183581.798
002362.SZ,20160729,24.98,25.06,24.15,24.2,65414.12,160146.4858
002126.SZ,20160729,8.6,8.66,8.39,8.52,150780.28,128477.9939
000619.SZ,20160729,10.48,10.48,10.09,10.2,36468.57,37365.4561
600193.SH,20160729,11.81,12.16,11.73,11.82,108543.55,129591.059
600660.SH,20160729,16.49,16.9,16.33,16.43,162642.32,270382.151
601877.SH,20160729,21.59,21.59,21.0,21.07,104122.81,221214.674
002691.SZ,20160729,18.85,18.95,17.94,18.57,45050.08,82545.4573
300321.SZ,20160729,31.76,31.93,31.01,31.36,11159.66,35186.8851
603001.SH,20160729,20.53,20.6,20.1,20.16,34950.35,71114.096
600582.SH,20160729,4.51,4.51,4.47,4.48,66716.84,29941.832
600387.SH,20160729,12.2,12.26,11.95,12.01,30012.0,36186.856
600461.SH,20160729,14.0,14.47,13.86,14.29,57741.48,82415.935
002120.SZ,20160729,40.25,44.44,39.13,40.45,258241.11,1077984.0191
600485.SH,20160729,17.24,17.38,16.85,16.9,372177.38,633754.573
000678.SZ,20160729,8.06,8.14,7.84,8.05,59429.17,47460.0002
601003.SH,20160729,3.59,3.62,3.53,3.54,72306.92,25786.233
002338.SZ,20160729,52.02,52.37,51.06,51.78,10152.93,52494.0585
000056.SZ,20160729,12.32,12.48,12.19,12.24,16023.64,19727.9927
002026.SZ,20160729,11.46,11.53,11.16,11.38,46402.23,52395.0621
603688.SH,20160729,19.39,19.47,18.77,19.04,19685.56,37522.553
300234.SZ,20160729,23.19,24.0,22.81,23.69,51114.02,119764.0661
002174.SZ,20160729,28.83,29.08,28.11,28.93,72853.94,208782.6722
600278.SH,20160729,17.77,17.98,17.0,17.35,80288.4,140166.46
000732.SZ,20160729,19.6,19.7,19.41,19.59,15916.31,31126.2416
300312.SZ,20160729,15.29,15.45,14.82,15.14,38138.12,57679.3847
600399.SH,20160729,6.89,6.89,6.73,6.79,153533.66,104518.408
002672.SZ,20160729,18.91,18.99,18.25,18.78,52203.08,96964.8592
000893.SZ,20160729,11.85,11.87,11.52,11.59,77923.81,90898.3797
000719.SZ,20160729,10.75,10.78,10.64,10.72,33982.46,36418.9015
002020.SZ,20160729,12.4,12.62,12.28,12.33,149774.37,186124.1174
600082.SH,20160729,5.77,5.81,5.72,5.74,39226.86,22572.826
002106.SZ,20160729,11.21,11.28,10.95,11.03,134439.47,149203.5482
600161.SH,20160729,36.0,37.15,35.1,35.88,153385.0,553954.131
300376.SZ,20160729,26.7,26.98,26.12,26.68,47921.27,127446.5869
000601.SZ,20160729,9.5,9.77,9.48,9.64,104770.62,100683.2767
601901.SH,20160729,7.26,7.27,7.16,7.18,358044.92,258227.477
600425.SH,20160729,4.15,4.18,4.11,4.13,75307.65,31180.695
002211.SZ,20160729,12.7,12.96,12.49,12.68,108624.87,138482.8764
000564.SZ,20160729,9.49,9.64,9.36,9.41,49395.88,46806.6916
600686.SH,20160729,13.8,13.94,13.42,13.46,90473.95,123728.486
600871.SH,20160729,3.84,3.88,3.83,3.85,259651.63,100135.85
600780.SH,20160729,5.65,5.75,5.55,5.6,163835.02,92511.984
600517.SH,20160729,9.28,9.32,9.17,9.19,53585.47,49464.59
002684.SZ,20160729,28.12,28.43,27.6,27.77,23831.13,66544.2084
603016.SH,20160729,46.68,49.75,45.56,47.82,146223.1,703629.701
002151.SZ,20160729,33.21,33.59,32.3,32.47,56411.21,185174.1319
600535.SH,20160729,41.1,41.31,40.68,41.01,33968.48,139356.791
002417.SZ,20160729,15.85,15.85,15.26,15.34,43688.44,67531.4163
000798.SZ,20160729,11.14,11.15,10.6,10.66,79990.51,86020.9983
600893.SH,20160729,35.86,35.86,34.85,35.12,70144.01,247048.227
002421.SZ,20160729,18.18,18.98,17.92,18.01,205903.59,381201.7174
600091.SH,20160729,10.39,10.5,10.25,10.3,17623.09,18193.348
600262.SH,20160729,25.0,25.0,24.51,24.63,13130.91,32424.028
000519.SZ,20160729,14.25,14.42,13.88,14.35,258710.42,366028.2327
601799.SH,20160729,46.2,46.38,44.66,45.87,25935.13,118150.478
000605.SZ,20160729,18.55,18.68,18.44,18.58,17268.51,32050.4019
002328.SZ,20160729,9.59,9.65,9.51,9.59,42978.0,41197.4066
603779.SH,20160729,37.18,37.32,36.16,36.83,36770.38,135686.576
002733.SZ,20160729,25.87,26.26,25.41,25.99,38155.01,99024.4753
002115.SZ,20160729,12.71,12.84,12.33,12.55,223762.25,281836.507
600848.SH,20160729,20.92,21.74,20.52,20.69,123741.96,259422.86
603818.SH,20160729,16.16,16.17,15.9,16.04,16959.55,27190.032
000666.SZ,20160729,18.8,19.38,18.46,18.69,161643.76,305149.4
002475.SZ,20160729,18.29,18.59,18.18,18.56,113670.66,209518.9871
000895.SZ,20160729,24.24,25.4,24.24,24.55,471636.7,1175124.7163
600491.SH,20160729,9.15,9.48,9.04,9.26,232812.46,216279.639
300288.SZ,20160729,33.2,33.97,32.2,32.25,39477.7,129097.828
600175.SH,20160729,5.1,5.11,5.02,5.08,117238.66,59246.355
600203.SH,20160729,12.6,12.61,12.11,12.24,68126.96,83881.972
002074.SZ,20160729,36.8,37.12,36.3,36.78,96338.04,353875.5142
000929.SZ,20160729,14.3,14.4,14.18,14.28,21590.01,30861.3941
000550.SZ,20160729,24.92,25.78,24.8,24.93,39115.85,99241.0789
002159.SZ,20160729,25.61,25.66,24.8,25.35,19169.4,48197.7895
600755.SH,20160729,8.98,9.11,8.84,8.99,423529.54,380007.444
002139.SZ,20160729,14.33,14.35,13.95,14.06,94175.4,132763.7812
600679.SH,20160729,16.38,16.48,15.54,15.56,59098.75,94786.108
600533.SH,20160729,4.95,4.95,4.85,4.87,65872.46,32286.16
300290.SZ,20160729,15.42,15.6,15.04,15.24,47268.06,72214.4579
603608.SH,20160729,23.59,23.6,22.91,23.34,35630.5,82988.943
002191.SZ,20160729,10.92,11.02,10.77,10.81,149780.77,162526.2922
002169.SZ,20160729,21.57,22.08,21.36,21.75,57792.9,125859.3195
300502.SZ,20160729,105.3,108.5,102.3,105.05,20857.36,219915.5023
002398.SZ,20160729,12.88,12.98,12.48,12.58,61204.32,77656.6719
000038.SZ,20160729,47.65,48.78,47.07,47.45,18247.26,87369.3576
002208.SZ,20160729,17.19,18.19,17.1,17.99,100401.56,177801.3377
002729.SZ,20160729,87.91,88.7,86.1,88.13,4257.67,36965.9977
002438.SZ,20160729,20.87,20.88,20.2,20.3,26870.02,54941.7962
600497.SH,20160729,10.5,10.51,10.16,10.23,250861.87,258740.726
300112.SZ,20160729,14.6,14.6,13.81,14.16,25953.03,36886.5386
600895.SH,20160729,18.51,18.59,18.0,18.06,157820.45,287451.018
600615.SH,20160729,19.37,19.45,18.6,19.09,26435.04,50432.68
000620.SZ,20160729,8.92,9.05,8.7,9.0,76157.58,67586.9127
601998.SH,20160729,5.86,6.02,5.86,5.99,386355.07,229818.583
002216.SZ,20160729,8.71,9.04,8.71,9.04,49306.69,43766.1209
603066.SH,20160729,46.05,46.67,45.6,46.11,8704.3,40081.15
600115.SH,20160729,7.0,7.1,6.92,6.97,569071.87,399124.561
002677.SZ,20160729,10.7,10.85,10.66,10.76,32690.61,35205.0379
600351.SH,20160729,10.65,10.74,10.51,10.7,85672.37,91366.472
002741.SZ,20160729,22.32,22.5,22.0,22.24,34465.79,76696.6688
002605.SZ,20160729,18.8,19.06,18.22,18.32,191135.62,356869.4503
603699.SH,20160729,17.03,17.16,16.82,16.9,16264.44,27558.797
601668.SH,20160729,5.77,5.84,5.69,5.7,1640908.44,947120.06
603003.SH,20160729,18.97,19.19,18.62,18.96,13329.44,25240.707
601996.SH,20160729,7.74,7.79,7.66,7.7,30060.5,23231.772
300436.SZ,20160729,70.23,70.66,66.33,66.96,72336.6,490905.9941
002108.SZ,20160729,23.86,24.17,23.56,23.9,141850.57,338953.7896
002270.SZ,20160729,17.42,17.48,17.03,17.14,39523.66,67897.8443
300521.SZ,20160729,79.0,87.98,77.0,82.6,105442.76,869724.7295
601800.SH,20160729,10.8,10.98,10.74,10.85,141115.79,153593.098
600463.SH,20160729,13.2,13.3,13.0,13.01,24196.05,31691.385
600188.SH,20160729,11.7,11.84,11.15,11.26,116500.27,134819.826
300213.SZ,20160729,24.66,24.89,23.9,24.48,28273.19,69299.5306
002722.SZ,20160729,35.12,35.89,34.92,35.3,39497.73,140488.8744
300509.SZ,20160729,71.46,73.55,69.05,71.5,24802.3,177580.3641
002110.SZ,20160729,6.98,7.08,6.81,6.96,88998.19,61793.8147
002780.SZ,20160729,72.0,72.37,69.85,71.39,20602.4,146350.2321
600618.SH,20160729,14.98,15.12,14.13,14.24,96196.74,139601.72
600644.SH,20160729,8.06,8.08,7.99,8.04,37826.99,30398.511
600163.SH,20160729,5.46,5.48,5.38,5.42,53078.48,28820.253
000788.SZ,20160729,13.25,13.43,13.02,13.37,52426.61,69411.2355
002707.SZ,20160729,19.8,19.94,19.5,19.9,36891.35,72961.9104
002702.SZ,20160729,19.36,19.36,18.96,19.07,52246.55,99778.775
002518.SZ,20160729,21.91,22.22,21.82,22.08,33652.29,74208.304
600805.SH,20160729,9.3,9.39,9.0,9.07,84681.47,77561.68
600233.SH,20160729,25.04,25.04,21.68,21.94,423810.09,1005265.141
600523.SH,20160729,17.86,18.1,17.62,17.71,23876.71,42669.896
601718.SH,20160729,8.2,8.23,8.05,8.07,262183.99,212631.882
000997.SZ,20160729,18.88,19.45,18.88,19.1,151797.75,290812.1282
002683.SZ,20160729,8.57,8.82,8.4,8.6,97197.79,83711.0495
600565.SH,20160729,6.58,6.61,6.4,6.46,355104.01,229804.673
600867.SH,20160729,21.77,22.87,21.77,22.17,121812.26,273695.495
600583.SH,20160729,7.21,7.51,7.14,7.36,596893.51,440239.778
000821.SZ,20160729,15.77,16.15,15.6,15.94,45167.02,71919.3504
600892.SH,20160729,53.1,54.55,52.92,53.63,7836.47,42260.944
002505.SZ,20160729,3.53,3.54,3.5,3.51,116143.9,40827.5358
601872.SH,20160729,5.38,5.41,5.21,5.24,527740.1,279323.36
600622.SH,20160729,13.8,13.97,13.56,13.63,35642.47,49234.297
600771.SH,20160729,30.03,30.05,29.3,29.76,24994.47,74421.97
603028.SH,20160729,26.88,27.88,26.43,27.68,73306.64,202704.208
601116.SH,20160729,11.36,11.78,11.22,11.48,22815.24,26329.223
000567.SZ,20160729,29.75,30.0,29.46,29.78,9905.46,29418.5644
600307.SH,20160729,2.53,2.54,2.48,2.49,256542.2,64207.35
600981.SH,20160729,8.58,8.62,8.34,8.38,72017.99,61092.07
300395.SZ,20160729,27.73,27.85,26.39,26.79,49926.78,134507.7045
000151.SZ,20160729,19.51,19.65,17.95,18.13,159016.03,295552.5053
603528.SH,20160729,83.19,85.58,81.18,84.05,45853.13,384605.658
600569.SH,20160729,2.56,2.58,2.55,2.58,87216.25,22359.101
603601.SH,20160729,41.6,41.88,40.76,41.04,17215.34,70908.377
600435.SH,20160729,17.3,17.44,16.34,16.37,617478.89,1034946.881
002787.SZ,20160729,50.12,51.2,49.4,50.2,32760.18,164916.8195
600056.SH,20160729,17.71,18.04,17.56,17.59,97975.38,173890.016
600812.SH,20160729,6.44,6.49,6.37,6.41,60801.1,39032.582
600778.SH,20160729,9.31,9.38,9.2,9.23,23154.01,21440.51
002275.SZ,20160729,18.45,18.9,18.32,18.74,42134.35,78667.5419
000880.SZ,20160729,13.19,13.22,12.92,12.93,24499.85,31888.6952
002666.SZ,20160729,8.32,8.37,8.25,8.36,34872.58,29000.4495
603368.SH,20160729,82.37,83.25,81.75,82.24,9939.86,82186.402
603366.SH,20160729,8.54,8.83,8.5,8.78,64851.27,56216.298
000069.SZ,20160729,6.78,6.87,6.74,6.77,132864.91,90264.2666
603168.SH,20160729,42.64,43.1,42.2,42.34,12643.71,53990.524
000157.SZ,20160729,4.18,4.19,4.16,4.18,193006.62,80614.0567
300140.SZ,20160729,19.0,19.1,18.47,18.77,26954.15,50642.3407
300015.SZ,20160729,36.04,36.67,36.0,36.34,27619.44,100554.1235
300397.SZ,20160729,32.8,33.1,31.85,32.08,28081.46,90528.1748
002590.SZ,20160729,25.8,25.95,25.04,25.11,73218.37,186031.0683
002449.SZ,20160729,13.04,13.08,12.75,12.78,65759.4,84792.3182
603377.SH,20160729,39.85,39.9,39.17,39.56,15866.7,62794.398
600552.SH,20160729,17.46,17.51,16.9,17.3,47338.39,81235.226
600031.SH,20160729,5.24,5.26,5.2,5.21,78813.06,41171.956
600265.SH,20160729,23.29,23.6,23.29,23.56,1438.88,3383.504
300027.SZ,20160729,12.86,12.9,12.65,12.74,177022.54,225885.3477
002585.SZ,20160729,10.1,10.13,10.02,10.05,52415.6,52790.8602
600009.SH,20160729,27.8,28.35,27.8,27.88,85299.29,239756.919
000537.SZ,20160729,8.12,8.18,8.02,8.06,94794.61,76576.6985
002395.SZ,20160729,24.5,24.88,23.88,24.22,38462.09,93748.1524
000829.SZ,20160729,13.55,13.57,12.91,13.0,260615.47,342549.8072
300489.SZ,20160729,37.89,37.89,36.73,37.1,11639.56,43391.5085
300147.SZ,20160729,13.93,14.1,13.86,13.92,65744.98,91957.5822
603993.SH,20160729,4.1,4.16,4.03,4.05,342437.0,139266.788
600159.SH,20160729,4.78,4.84,4.76,4.78,55184.87,26452.984
600370.SH,20160729,5.6,5.72,5.52,5.69,78690.83,44353.461
600018.SH,20160729,5.49,5.54,5.33,5.34,318001.09,171630.116
300058.SZ,20160729,10.46,10.54,10.24,10.27,135421.98,140449.1195
000922.SZ,20160729,9.0,9.02,8.8,8.84,38972.0,34622.447
600423.SH,20160729,6.74,6.76,6.63,6.65,48217.59,32168.005
300215.SZ,20160729,13.0,13.06,12.67,12.89,40655.0,52309.0846
603988.SH,20160729,49.1,49.8,48.6,48.99,8798.25,43076.668
002470.SZ,20160729,8.39,8.65,8.38,8.6,139026.69,119381.1766
002399.SZ,20160729,17.44,17.57,17.16,17.21,48998.32,84923.5193
002382.SZ,20160729,10.8,10.96,10.8,10.92,20216.2,22037.4082
002717.SZ,20160729,29.32,29.81,28.58,29.3,68990.9,202189.0402
002535.SZ,20160729,7.27,7.43,7.2,7.36,150141.6,109748.6353
300481.SZ,20160729,38.25,39.62,37.56,38.71,58967.4,228136.5319
002618.SZ,20160729,32.0,34.3,31.5,34.15,128543.19,424374.3149
002792.SZ,20160729,51.88,52.79,50.78,52.18,21114.23,109572.6452
002692.SZ,20160729,8.99,9.2,8.94,9.12,131689.25,119690.1048
000584.SZ,20160729,9.81,10.09,9.73,9.88,59631.73,59393.6565
601222.SH,20160729,36.2,36.84,36.03,36.48,61619.1,224642.473
002391.SZ,20160729,15.23,15.55,15.06,15.1,83409.71,127285.2348
603788.SH,20160729,41.41,42.58,40.75,41.74,25505.15,106606.123
601991.SH,20160729,4.01,4.08,4.0,4.04,170430.32,69074.012
601390.SH,20160729,6.84,6.9,6.81,6.84,256629.26,175865.296
002485.SZ,20160729,18.6,19.17,18.36,18.5,21274.65,39807.1997
000848.SZ,20160729,11.89,12.36,11.8,12.26,161400.01,196216.9469
002286.SZ,20160729,11.95,11.95,11.54,11.7,68948.14,80787.9321
000581.SZ,20160729,20.71,21.24,20.71,20.74,86314.76,180535.8415
002676.SZ,20160729,21.5,23.64,21.5,23.64,66719.9,153631.3336
002773.SZ,20160729,50.62,50.62,49.65,50.1,4286.75,21421.229
601607.SH,20160729,20.77,21.0,20.31,20.41,143166.71,295689.959
600183.SH,20160729,9.4,9.74,9.38,9.57,305764.21,293057.363
000036.SZ,20160729,8.15,8.18,8.08,8.1,62945.65,51088.9863
000541.SZ,20160729,11.5,11.77,11.34,11.45,298449.83,344821.9571
300162.SZ,20160729,19.77,20.21,19.4,19.78,73111.62,144833.1354
300368.SZ,20160729,25.17,25.39,24.4,24.65,75016.6,185821.8442
601857.SH,20160729,7.21,7.23,7.2,7.22,116170.21,83846.122
603618.SH,20160729,14.99,15.99,14.78,15.59,787617.54,1215808.51
603718.SH,20160729,18.19,18.7,17.84,18.17,67768.17,123174.205
600143.SH,20160729,6.8,6.86,6.76,6.78,123038.96,83707.585
000882.SZ,20160729,3.95,3.97,3.92,3.93,171667.64,67629.822
603118.SH,20160729,37.74,38.18,37.56,37.77,39005.32,147993.026
600352.SH,20160729,10.08,10.18,9.51,9.53,761637.53,751331.899
300114.SZ,20160729,27.05,27.35,25.71,25.82,29319.99,76625.3092
002113.SZ,20160729,40.56,41.68,40.3,40.75,108712.47,446250.6352
300141.SZ,20160729,27.38,27.51,26.7,26.97,31538.62,85150.9837
000656.SZ,20160729,3.8,3.81,3.74,3.75,301214.47,113533.4558
600137.SH,20160729,29.29,29.85,29.0,29.6,18774.62,55361.381
300485.SZ,20160729,46.3,46.56,45.64,45.8,19639.39,90273.5599
300149.SZ,20160729,17.17,17.76,17.15,17.41,62532.45,109301.2251
601985.SH,20160729,6.8,6.81,6.74,6.76,295715.37,200181.411
600270.SH,20160729,18.77,18.97,18.41,18.5,42970.53,80218.466
000905.SZ,20160729,10.34,10.4,10.24,10.36,30674.03,31653.7706
000836.SZ,20160729,6.29,6.36,6.21,6.33,116272.18,72941.7257
600285.SH,20160729,11.43,11.52,11.12,11.31,97597.53,110443.931
002648.SZ,20160729,10.0,10.15,9.71,9.71,156574.3,154828.8115
600433.SH,20160729,9.03,9.07,8.78,8.81,132608.67,117790.793
002678.SZ,20160729,13.25,13.6,13.19,13.4,64707.44,86703.2993
603969.SH,20160729,12.76,12.91,12.61,12.72,21703.6,27699.881
000833.SZ,20160729,11.81,11.89,11.5,11.65,62097.43,72308.0699
002256.SZ,20160729,26.33,27.49,25.9,27.0,196181.59,526123.7438
002331.SZ,20160729,13.47,13.52,13.12,13.22,99410.28,132072.8231
601002.SH,20160729,8.3,8.31,8.06,8.11,86066.55,70393.912
300023.SZ,20160729,22.5,22.56,21.7,22.02,38933.8,86232.7675
000008.SZ,20160729,10.02,10.09,9.83,10.03,63448.02,63314.9935
002190.SZ,20160729,39.0,39.1,38.06,38.39,62859.36,242426.0122
000031.SZ,20160729,10.0,10.06,9.66,9.74,262532.58,257640.7015
002336.SZ,20160729,10.18,10.4,10.18,10.32,13898.26,14314.7134
000528.SZ,20160729,6.6,6.62,6.54,6.56,69617.12,45812.757
002725.SZ,20160729,23.88,23.88,22.87,23.16,26881.66,62611.4919
002801.SZ,20160729,157.7,174.78,156.06,166.6,50542.37,837697.6301
600355.SH,20160729,7.43,7.58,7.39,7.43,141533.28,105938.544
002356.SZ,20160729,23.2,23.65,23.0,23.35,9093.31,21166.7456
002238.SZ,20160729,14.6,14.63,14.33,14.57,28724.41,41753.0238
600288.SH,20160729,12.37,12.46,12.25,12.27,70653.76,87359.188
600598.SH,20160729,10.78,10.84,10.52,10.7,132262.94,141035.375
300193.SZ,20160729,11.22,11.78,11.15,11.72,402248.85,463076.2441
603686.SH,20160729,33.5,33.99,32.8,33.04,17906.24,59222.555
002099.SZ,20160729,10.05,10.3,10.02,10.16,285561.26,291274.9956
002509.SZ,20160729,10.81,11.27,10.7,11.14,104720.18,115716.1533
600766.SH,20160729,14.5,14.6,14.11,14.28,48367.87,69392.268
300373.SZ,20160729,21.35,21.46,20.59,21.09,41396.62,87167.3058
300271.SZ,20160729,18.27,18.27,17.7,17.85,65645.97,117689.3269
300330.SZ,20160729,16.73,17.15,16.55,16.77,28279.96,47469.6837
300520.SZ,20160729,60.45,60.45,60.45,60.45,501.23,3029.9354
300177.SZ,20160729,15.43,15.53,15.12,15.12,54615.93,83800.5551
603606.SH,20160729,13.52,13.56,13.23,13.4,15658.2,20978.624
000089.SZ,20160729,9.25,9.34,9.06,9.17,205533.99,189316.4447
600777.SH,20160729,14.69,14.85,14.59,14.78,133855.8,196878.295
000851.SZ,20160729,15.15,15.15,13.9,14.07,693165.21,1001878.2689
002244.SZ,20160729,6.68,6.68,6.6,6.61,99488.15,66005.7934
600861.SH,20160729,13.48,13.67,13.3,13.56,39976.66,53979.331
300232.SZ,20160729,14.55,14.96,14.34,14.76,72086.19,106248.9182
002014.SZ,20160729,16.28,16.28,15.96,16.11,12777.34,20599.202
002239.SZ,20160729,15.65,16.49,15.65,16.01,65133.74,105266.2016
002538.SZ,20160729,8.98,9.02,8.89,8.93,31544.96,28201.8477
600122.SH,20160729,12.65,12.75,12.33,12.38,187070.14,233342.167
601188.SH,20160729,4.19,4.28,4.17,4.24,104728.35,44447.13
600436.SH,20160729,50.0,52.97,49.78,52.39,167387.57,865079.329
300372.SZ,20160729,4.08,4.08,4.08,4.08,37495.0,15297.96
002047.SZ,20160729,10.05,10.13,9.95,9.99,69844.65,70003.0637
300279.SZ,20160729,41.22,41.88,40.8,41.13,12177.5,50342.5022
002325.SZ,20160729,9.72,9.81,9.5,9.74,260372.86,250487.6747
002541.SZ,20160729,17.68,17.68,17.42,17.48,12608.94,22072.1916
600621.SH,20160729,11.43,11.58,11.0,11.05,175713.82,197742.218
001696.SZ,20160729,10.57,10.6,10.18,10.22,194539.51,201416.2201
002267.SZ,20160729,10.41,10.63,10.33,10.38,72163.63,75600.1424
601238.SH,20160729,23.62,24.14,23.5,23.68,35354.4,83938.283
300477.SZ,20160729,20.08,20.25,19.61,19.79,26691.5,52948.496
000888.SZ,20160729,12.29,12.47,12.29,12.4,27681.07,34239.8605
002051.SZ,20160729,18.92,20.29,18.92,19.9,32052.9,63707.5786
002680.SZ,20160729,18.86,19.1,18.54,18.79,38119.26,71984.6709
600995.SH,20160729,10.25,10.29,10.04,10.06,43976.54,44718.433
603339.SH,20160729,45.0,45.85,44.2,45.07,48040.35,216812.906
300008.SZ,20160729,28.39,28.39,27.31,27.87,44422.23,123174.3847
002098.SZ,20160729,12.6,12.67,12.22,12.42,113071.53,141202.786
002359.SZ,20160729,25.49,27.7,25.45,26.1,91371.55,241314.1581
300417.SZ,20160729,41.11,41.28,40.23,40.69,5307.17,21607.8064
002789.SZ,20160729,81.11,85.45,80.8,82.4,62483.87,519516.9563
600231.SH,20160729,2.42,2.43,2.39,2.4,113191.52,27275.182
600525.SH,20160729,14.4,14.57,14.15,14.44,99778.86,143656.92
601899.SH,20160729,3.52,3.55,3.42,3.47,1477707.54,514567.091
002569.SZ,20160729,28.4,30.35,28.08,29.26,107110.96,311797.6142
600112.SH,20160729,11.18,11.3,10.95,11.0,84545.65,93823.806
600149.SH,20160729,13.8,15.09,13.7,14.69,396253.99,569249.619
600208.SH,20160729,4.25,4.25,4.15,4.17,289415.37,121208.246
300207.SZ,20160729,23.55,23.69,23.14,23.16,35388.25,82660.6721
000869.SZ,20160729,41.05,42.3,40.8,41.47,35044.34,146306.7635
002462.SZ,20160729,39.88,40.47,38.73,38.77,23362.95,92132.5804
002708.SZ,20160729,12.82,12.97,12.62,12.82,34102.35,43683.5582
600758.SH,20160729,12.52,12.78,12.38,12.54,49555.19,62497.389
600290.SH,20160729,9.51,9.68,9.46,9.58,48979.28,46790.73
601518.SH,20160729,3.92,3.99,3.9,3.91,114786.91,45291.978
600508.SH,20160729,9.67,9.89,9.51,9.58,126761.3,123072.346
000014.SZ,20160729,19.18,19.36,18.8,18.94,28019.17,53180.5205
603799.SH,20160729,35.01,35.99,33.68,35.3,163195.9,571311.787
300346.SZ,20160729,38.95,39.49,38.0,39.19,43289.39,168337.2786
002762.SZ,20160729,32.78,34.9,32.5,33.98,81876.95,276249.2218
600982.SH,20160729,5.01,5.02,4.96,4.97,47278.02,23597.276
600026.SH,20160729,6.15,6.21,6.05,6.1,132099.22,80825.072
600393.SH,20160729,11.21,11.39,11.1,11.35,29484.72,33033.541
600210.SH,20160729,5.4,5.46,5.36,5.4,165365.94,89471.939
000540.SZ,20160729,6.5,6.51,6.44,6.46,201277.42,130436.3854
002719.SZ,20160729,45.3,45.94,44.85,45.42,21907.58,99543.148
002614.SZ,20160729,13.33,13.54,13.13,13.38,168568.65,224580.4385
000711.SZ,20160729,24.4,24.46,23.08,23.13,67227.17,159154.9814
000726.SZ,20160729,11.26,11.43,11.23,11.34,52564.09,59721.769
603299.SH,20160729,17.15,17.98,17.0,17.75,118772.52,208976.413
300102.SZ,20160729,7.81,7.83,7.46,7.58,117148.63,89175.3712
300096.SZ,20160729,17.81,18.08,17.38,17.91,134938.29,238979.2223
603997.SH,20160729,18.25,18.31,18.02,18.15,20763.43,37688.823
603000.SH,20160729,19.99,19.99,19.52,19.7,107008.98,210683.108
600222.SH,20160729,8.13,8.13,7.95,7.97,53868.14,43237.719
600356.SH,20160729,10.95,11.04,10.81,10.87,26062.84,28373.135
002544.SZ,20160729,32.4,32.9,32.15,32.3,14805.01,47962.9774
000792.SZ,20160729,20.2,20.37,19.88,19.98,92067.45,185216.4493
600107.SH,20160729,19.8,19.98,19.62,19.91,43806.84,86860.908
300031.SZ,20160729,23.45,23.61,22.73,23.3,36898.24,85617.4197
002023.SZ,20160729,16.7,16.81,16.4,16.44,83794.11,139247.3774
600733.SH,20160729,45.0,46.78,44.56,46.78,23610.1,108188.23
600468.SH,20160729,15.07,15.23,14.55,14.61,80702.07,119460.653
000768.SZ,20160729,21.98,22.1,20.91,21.22,280274.04,598448.0259
002495.SZ,20160729,7.88,8.67,7.65,8.12,183615.23,148093.5326
600135.SH,20160729,16.36,16.5,16.07,16.11,92666.73,150715.95
300272.SZ,20160729,15.21,15.33,14.9,15.24,22723.46,34357.6712
002682.SZ,20160729,13.38,13.45,13.15,13.23,39221.28,52054.3482
300126.SZ,20160729,9.87,9.87,9.52,9.71,95282.03,92324.8066
600887.SH,20160729,18.75,18.96,18.38,18.54,595626.06,1112138.614
002320.SZ,20160729,14.58,14.73,14.41,14.42,28477.59,41453.4269
600293.SH,20160729,11.73,11.81,11.51,11.55,23034.6,26858.97
300474.SZ,20160729,122.45,124.7,118.03,120.88,27779.61,337760.1321
002124.SZ,20160729,11.26,11.38,11.06,11.3,153020.37,171791.7667
002358.SZ,20160729,17.15,17.2,16.67,16.93,77362.32,130453.4679
002461.SZ,20160729,11.88,11.94,11.76,11.82,22733.67,26949.4607
002383.SZ,20160729,35.2,35.2,33.86,34.26,29214.79,100292.6849
603306.SH,20160729,30.9,31.66,30.65,31.17,14515.71,45412.85
000721.SZ,20160729,9.1,9.33,8.95,9.11,569069.75,517975.7702
000568.SZ,20160729,32.05,33.25,32.05,32.49,170692.87,558855.3087
002453.SZ,20160729,8.26,8.31,8.2,8.23,48677.38,40155.5258
000571.SZ,20160729,7.45,7.54,7.3,7.46,144826.99,107753.7593
002622.SZ,20160729,10.28,10.32,10.04,10.26,161564.61,164541.5791
002659.SZ,20160729,19.28,19.4,18.53,18.66,31696.88,59845.5124
300208.SZ,20160729,12.75,13.54,12.46,13.4,139814.0,181995.0016
600718.SH,20160729,17.89,17.93,17.31,17.51,279362.58,491585.93
000403.SZ,20160729,29.91,31.23,29.91,30.23,70652.62,215686.952
002312.SZ,20160729,10.76,10.81,10.35,10.51,280776.67,297069.5605
002746.SZ,20160729,48.2,48.85,47.52,48.29,11194.36,53928.7533
000421.SZ,20160729,9.45,9.63,9.42,9.46,30563.94,29002.0837
002473.SZ,20160729,22.19,22.88,22.19,22.69,21775.51,49219.1605
600648.SH,20160729,20.32,20.78,20.04,20.09,79533.38,161723.142
000514.SZ,20160729,7.78,7.84,7.7,7.72,82210.69,63805.9125
002164.SZ,20160729,8.91,9.09,8.81,9.0,73360.98,65577.335
600280.SH,20160729,6.5,6.51,6.42,6.43,41867.53,27032.087
300269.SZ,20160729,23.72,23.95,23.01,23.08,46375.96,108116.0708
600601.SH,20160729,4.35,4.38,4.27,4.28,321969.61,138883.819
600823.SH,20160729,6.89,6.95,6.86,6.89,55731.98,38477.753
600338.SH,20160729,28.99,28.99,27.24,27.44,59675.46,165030.38
300022.SZ,20160729,7.65,7.72,7.49,7.51,73092.88,55428.1718
000301.SZ,20160729,4.32,4.34,4.28,4.31,46761.65,20144.4805
300444.SZ,20160729,26.74,27.47,26.21,27.32,51350.32,138807.0422
000529.SZ,20160729,9.82,9.88,9.19,9.3,362843.43,348773.5499
600080.SH,20160729,11.46,11.46,11.12,11.29,34953.46,39503.898
601818.SH,20160729,3.83,3.85,3.8,3.84,471757.5,180503.9
300320.SZ,20160729,12.08,12.66,11.97,12.62,94762.49,117617.1647
600452.SH,20160729,31.8,32.15,31.63,31.71,7388.42,23496.158
603989.SH,20160729,30.8,31.74,30.67,30.87,39667.2,124008.159
300002.SZ,20160729,9.72,9.8,9.48,9.68,142208.78,137553.0005
600260.SH,20160729,15.9,15.95,15.53,15.85,153773.17,242702.601
600875.SH,20160729,9.94,9.98,9.86,9.87,83893.72,83191.109
002727.SZ,20160729,24.07,24.4,24.01,24.18,33913.43,82072.5414
000428.SZ,20160729,6.39,6.54,6.38,6.48,67864.38,43966.4244
002084.SZ,20160729,11.55,11.61,10.71,10.72,310553.4,344219.3717
002390.SZ,20160729,10.7,11.1,10.69,10.91,129279.73,141448.3597
002229.SZ,20160729,24.65,24.78,23.7,24.19,110292.1,265650.9436
000965.SZ,20160729,6.58,6.77,6.43,6.66,100157.57,65764.6047
601377.SH,20160729,7.73,7.77,7.66,7.71,420376.09,324402.113
600317.SH,20160729,3.83,3.86,3.73,3.76,184795.79,69657.756
600666.SH,20160729,34.52,35.07,33.35,33.84,114233.87,391293.876
300067.SZ,20160729,10.6,10.88,10.13,10.19,526831.69,554838.8812
600386.SH,20160729,16.12,16.18,15.74,16.01,34428.25,54999.94
300171.SZ,20160729,17.25,17.27,17.05,17.2,32962.4,56510.1233
002344.SZ,20160729,9.78,9.82,9.62,9.62,65280.75,63293.1935
601919.SH,20160729,5.25,5.25,5.12,5.16,276150.03,142885.749
002183.SZ,20160729,12.6,12.67,12.22,12.41,330343.39,409032.2664
300051.SZ,20160729,16.82,16.96,16.4,16.55,76468.99,127307.5343
002783.SZ,20160729,89.88,92.1,89.16,90.05,12807.92,116191.2109
600676.SH,20160729,9.86,9.93,9.43,9.53,197739.68,190616.757
601727.SH,20160729,8.01,8.08,7.88,7.89,231917.9,185744.564
600313.SH,20160729,5.21,5.23,5.12,5.13,98938.25,51014.154
300377.SZ,20160729,40.5,40.67,39.2,39.72,45888.75,182696.1717
300230.SZ,20160729,30.15,30.94,30.11,30.9,44726.13,136366.7961
600594.SH,20160729,16.8,17.3,16.7,17.04,72063.74,122934.026
600499.SH,20160729,7.75,7.82,7.6,7.69,212966.42,164061.386
300123.SZ,20160729,13.99,14.15,13.91,14.09,19771.68,27779.3154
600578.SH,20160729,4.49,4.56,4.48,4.55,133306.24,60423.16
300224.SZ,20160729,20.61,20.7,20.12,20.12,36976.44,75113.1703
600881.SH,20160729,4.9,4.92,4.86,4.87,113069.96,55326.906
603123.SH,20160729,9.32,9.76,9.21,9.66,147574.72,140117.034
600810.SH,20160729,7.8,7.82,7.68,7.72,30066.24,23293.611
000760.SZ,20160729,14.15,14.2,13.88,13.93,54874.06,76855.5895
601636.SH,20160729,3.18,3.23,3.15,3.2,273979.46,87275.731
000702.SZ,20160729,12.85,12.97,12.75,12.85,32400.79,41624.8046
002444.SZ,20160729,17.29,17.3,17.0,17.06,83790.16,143660.6746
300415.SZ,20160729,16.33,16.33,15.97,16.0,17001.77,27417.1294
603015.SH,20160729,13.32,13.38,13.07,13.2,34980.01,46162.112
002149.SZ,20160729,27.75,28.23,27.15,27.76,28026.69,77443.7449
002160.SZ,20160729,8.67,8.78,8.59,8.7,34811.91,30192.3742
300463.SZ,20160729,25.74,25.87,25.25,25.76,36485.54,93579.8404
300255.SZ,20160729,8.02,8.19,7.89,7.93,75208.2,60131.7578
002166.SZ,20160729,11.49,11.65,11.26,11.39,76332.46,86954.8887
600761.SH,20160729,11.61,11.92,11.11,11.3,180568.19,207945.833
002587.SZ,20160729,12.15,12.45,11.71,11.97,313058.92,373593.2165
002028.SZ,20160729,10.85,10.9,10.72,10.73,53171.04,57431.7905
002436.SZ,20160729,23.05,23.27,22.62,22.98,24774.25,56588.3012
002354.SZ,20160729,73.04,73.21,71.0,71.81,16927.01,121574.1201
002799.SZ,20160729,65.21,67.31,64.75,65.35,33509.68,221382.6395
600116.SH,20160729,7.74,8.09,7.7,7.86,275732.25,217940.456
600748.SH,20160729,10.92,10.92,10.61,10.74,91652.56,98642.148
000708.SZ,20160729,12.16,12.29,12.05,12.24,35622.04,43485.5926
600446.SH,20160729,30.9,31.26,30.35,30.51,150157.34,460811.462
002679.SZ,20160729,22.41,22.41,21.7,22.19,9180.0,20260.8697
002165.SZ,20160729,8.53,8.73,8.53,8.64,99155.77,85896.4911
000690.SZ,20160729,7.17,7.35,7.15,7.24,199639.11,145173.8715
300221.SZ,20160729,25.65,25.95,24.76,25.78,64358.76,163056.6352
603778.SH,20160729,24.69,25.44,24.35,25.29,28588.74,71104.314
300256.SZ,20160729,14.45,14.52,14.08,14.3,100233.64,143240.7833
300325.SZ,20160729,16.27,17.37,15.78,17.29,102369.22,171840.1401
000850.SZ,20160729,5.58,5.64,5.55,5.57,44259.94,24762.1428
600824.SH,20160729,6.57,6.67,6.37,6.43,217748.45,142124.103
300181.SZ,20160729,9.22,9.29,9.12,9.15,53779.2,49366.0865
300329.SZ,20160729,18.35,18.45,18.01,18.06,39235.03,71326.0825
002507.SZ,20160729,12.85,13.25,12.71,12.82,76814.33,99743.7585
600117.SH,20160729,5.08,5.16,5.06,5.08,44112.47,22469.808
600885.SH,20160729,31.1,31.25,30.68,30.78,25989.11,80595.463
300370.SZ,20160729,10.38,10.39,9.58,9.71,148032.83,145306.698
000977.SZ,20160729,25.12,25.16,24.1,24.2,294583.15,720894.1737
600353.SH,20160729,8.3,8.56,8.3,8.46,107807.16,90925.982
002378.SZ,20160729,12.16,12.44,11.89,12.2,340162.26,414105.8666
002501.SZ,20160729,10.66,10.75,10.33,10.58,132759.88,139883.7939
300317.SZ,20160729,29.3,29.65,28.42,28.68,11025.84,31777.8203
002519.SZ,20160729,21.34,21.5,20.85,21.18,26417.84,55708.0776
600637.SH,20160729,23.63,23.69,23.25,23.35,68307.17,160002.77
600845.SH,20160729,22.87,22.97,21.7,21.8,68323.66,150971.939
000691.SZ,20160729,7.45,7.55,7.4,7.41,25676.33,19169.8815
600444.SH,20160729,18.85,18.85,18.4,18.41,11067.24,20578.859
601113.SH,20160729,9.7,10.28,9.62,10.21,144591.39,146041.363
000797.SZ,20160729,14.53,14.62,14.4,14.5,25123.24,36489.2853
002463.SZ,20160729,5.39,5.43,5.26,5.32,138024.25,73366.2301
300403.SZ,20160729,57.4,57.69,55.5,55.5,25542.07,143545.4708
002561.SZ,20160729,13.0,13.03,12.77,12.81,34555.56,44482.0245
600743.SH,20160729,4.35,4.39,4.33,4.36,95906.86,41764.069
000737.SZ,20160729,5.45,5.51,5.4,5.47,47132.3,25717.6884
603701.SH,20160729,64.9,67.39,64.4,65.55,16124.05,106295.054
000951.SZ,20160729,10.68,11.16,10.66,10.79,131837.69,144631.4035
000525.SZ,20160729,13.68,14.18,13.35,14.0,105147.21,145774.1174
002582.SZ,20160729,35.61,35.61,34.13,34.13,21988.71,76392.5134
002656.SZ,20160729,17.48,17.51,17.0,17.46,33761.72,58621.0887
002636.SZ,20160729,14.5,14.56,14.26,14.48,42364.69,61218.4705
600023.SH,20160729,5.21,5.22,5.15,5.17,204138.64,106015.179
002599.SZ,20160729,36.36,37.02,35.0,35.2,27015.56,97986.6615
601677.SH,20160729,14.99,15.06,14.7,14.9,21673.79,32241.97
300462.SZ,20160729,32.25,32.43,31.5,31.6,16439.57,52341.5767
300328.SZ,20160729,14.5,14.67,14.13,14.21,60342.8,86653.8779
000877.SZ,20160729,6.33,6.36,6.24,6.26,70396.0,44281.8079
600816.SH,20160729,19.0,20.1,18.81,19.32,400507.91,783549.652
603885.SH,20160729,28.33,28.93,28.29,28.89,81485.12,233686.723
000670.SZ,20160729,8.51,8.6,8.5,8.53,87793.94,75023.3361
300339.SZ,20160729,34.4,34.66,33.53,33.81,43890.35,149094.1223
601155.SH,20160729,10.59,10.96,10.53,10.66,215142.82,231754.499
002317.SZ,20160729,12.96,13.15,12.73,12.94,107905.41,139936.7729
600096.SH,20160729,8.48,8.51,8.38,8.47,69998.92,59091.809
600052.SH,20160729,6.59,6.68,6.5,6.65,67543.88,44564.546
300315.SZ,20160729,10.46,10.53,10.31,10.35,272998.01,283876.3888
002740.SZ,20160729,14.68,14.76,14.53,14.73,22810.08,33420.7751
603027.SH,20160729,34.1,34.49,33.68,33.79,19471.31,66166.06
002380.SZ,20160729,31.5,32.39,31.5,32.02,19708.96,63217.0651
300128.SZ,20160729,15.37,15.38,14.94,15.08,118576.71,179683.2308
002058.SZ,20160729,23.28,23.42,22.88,23.07,9905.01,22895.0994
600828.SH,20160729,7.45,7.46,7.26,7.3,61588.81,45266.189
002456.SZ,20160729,32.0,32.02,31.37,31.37,146165.38,462298.9125
600247.SH,20160729,13.12,13.22,12.73,13.12,66107.92,85838.274
002416.SZ,20160729,17.5,17.78,17.1,17.34,141081.57,245768.1035
300468.SZ,20160729,59.81,60.6,59.06,60.25,10924.7,65561.969
002145.SZ,20160729,6.23,6.25,6.13,6.15,167346.19,103214.1837
000416.SZ,20160729,8.32,8.32,8.19,8.28,50440.24,41604.8937
000812.SZ,20160729,9.92,9.95,9.62,9.62,67760.52,66131.5507
300006.SZ,20160729,8.67,8.67,8.5,8.58,90997.08,78245.6585
300130.SZ,20160729,26.74,26.74,25.98,26.3,28859.14,75878.6727
000551.SZ,20160729,9.75,9.82,9.54,9.62,53052.78,51196.6613
603600.SH,20160729,50.17,50.17,48.81,49.03,12676.43,62566.324
000861.SZ,20160729,4.81,4.83,4.74,4.78,82007.71,39134.724
002459.SZ,20160729,15.99,16.26,15.78,15.94,29057.38,46419.6021
000333.SZ,20160729,27.78,28.8,27.52,28.2,720825.05,2041009.367
002788.SZ,20160729,60.69,61.89,60.1,60.73,25653.64,156667.418
002180.SZ,20160729,31.6,31.68,30.49,30.66,21437.19,66132.9404
002765.SZ,20160729,26.55,26.65,26.12,26.15,16163.5,42520.0115
002368.SZ,20160729,34.18,34.89,32.53,32.54,75058.4,250937.5131
000068.SZ,20160729,9.6,9.66,9.37,9.4,61823.06,58846.495
300017.SZ,20160729,76.02,76.4,73.79,74.39,107216.21,800034.8997
002493.SZ,20160729,12.04,12.16,11.89,11.93,28578.56,34205.0736
600283.SH,20160729,12.49,12.79,12.4,12.54,74892.13,94631.987
000022.SZ,20160729,15.88,16.2,15.8,15.97,18941.76,30305.1612
000661.SZ,20160729,104.5,106.5,103.8,105.89,21504.12,227031.8142
300226.SZ,20160729,53.55,53.9,50.96,51.7,39489.4,206389.2019
002230.SZ,20160729,29.66,30.1,28.68,29.0,196492.44,578441.4694
600036.SH,20160729,17.15,17.23,17.04,17.16,121918.55,208810.744
300105.SZ,20160729,8.1,8.16,7.95,7.99,42335.4,33943.8534
000926.SZ,20160729,12.08,12.14,11.87,11.95,133954.88,160904.0267
000782.SZ,20160729,8.44,8.48,8.34,8.37,63082.0,52984.2659
002237.SZ,20160729,13.73,13.92,13.31,13.35,271917.0,370565.8725
000897.SZ,20160729,3.92,3.96,3.91,3.91,75668.05,29750.0081
600973.SH,20160729,8.19,8.21,8.02,8.03,101807.6,82386.91
300369.SZ,20160729,39.6,40.41,39.5,39.87,33652.94,134508.9396
601288.SH,20160729,3.11,3.11,3.1,3.11,482038.37,149674.065
600291.SH,20160729,19.25,19.3,18.93,19.15,31260.76,59912.164
000060.SZ,20160729,10.88,10.88,10.54,10.57,327029.07,349014.6737
002089.SZ,20160729,16.72,16.87,16.14,16.66,240560.98,396535.8047
603322.SH,20160729,19.0,19.0,19.0,19.0,47.25,89.775
000543.SZ,20160729,7.81,7.9,7.76,7.78,213471.88,167009.8382
000503.SZ,20160729,42.75,45.77,41.76,44.57,383560.18,1674699.1603
002726.SZ,20160729,15.71,16.08,15.61,15.86,40515.8,64184.6113
601969.SH,20160729,11.33,11.34,11.06,11.14,16866.0,18817.79
000863.SZ,20160729,9.47,9.63,9.42,9.63,56023.21,53330.5477
603588.SH,20160729,28.36,28.91,28.15,28.6,37672.94,107901.734
600720.SH,20160729,7.01,7.07,6.91,7.03,61226.98,42840.092
002153.SZ,20160729,24.42,24.8,24.21,24.44,61887.24,151571.4573
000002.SZ,20160729,17.05,17.35,16.81,17.14,1986861.35,3398190.5981
600493.SH,20160729,13.15,13.38,12.96,13.05,29233.83,38202.868
000930.SZ,20160729,13.31,13.31,12.15,12.32,951823.68,1205887.8211
603126.SH,20160729,11.2,11.27,11.03,11.06,35936.77,39944.624
002482.SZ,20160729,7.44,7.55,7.38,7.46,41609.48,31053.5333
002348.SZ,20160729,6.87,6.9,6.68,6.81,59521.76,40364.3386
300075.SZ,20160729,22.55,22.67,21.9,22.22,71494.68,159082.2411
300348.SZ,20160729,28.13,28.36,27.37,27.49,38534.28,106723.1941
000025.SZ,20160729,64.35,65.68,64.0,64.49,40542.36,261965.0451
000426.SZ,20160729,10.08,10.35,9.89,10.15,484473.77,491546.8955
600620.SH,20160729,10.01,10.12,9.93,9.96,38527.18,38540.495
002550.SZ,20160729,8.1,8.21,8.06,8.16,94176.34,76652.7887
300115.SZ,20160729,21.14,21.15,20.47,20.51,87591.13,181778.3528
601006.SH,20160729,6.13,6.22,6.12,6.15,837620.81,517085.972
002596.SZ,20160729,33.7,33.79,32.71,33.02,14353.36,47659.921
300363.SZ,20160729,22.39,22.59,21.87,22.02,30995.79,68521.8565
300283.SZ,20160729,9.21,9.27,8.95,9.04,29745.85,27055.7265
002088.SZ,20160729,15.72,15.75,15.25,15.25,27670.16,42691.8995
000936.SZ,20160729,9.85,9.85,9.61,9.7,65885.21,64139.1645
000688.SZ,20160729,8.87,8.87,8.39,8.56,314391.29,267589.8012
603309.SH,20160729,29.8,29.89,29.02,29.56,69236.5,203912.624
002185.SZ,20160729,12.57,12.58,12.25,12.28,180761.28,223804.9105
300409.SZ,20160729,47.89,49.27,46.1,46.3,43934.6,207418.7353
002408.SZ,20160729,5.64,5.74,5.59,5.61,120695.91,68347.1071
600697.SH,20160729,29.8,30.99,29.73,30.95,35931.83,110054.672
000979.SZ,20160729,2.71,2.71,2.68,2.68,245289.3,65968.7894
601599.SH,20160729,11.83,12.07,11.57,11.88,234015.02,276981.036
000912.SZ,20160729,6.27,6.47,6.15,6.26,117581.56,74238.6268
603188.SH,20160729,20.9,21.38,20.5,20.53,188214.72,394788.235
002542.SZ,20160729,7.7,7.7,7.5,7.57,40467.61,30608.3156
600101.SH,20160729,12.68,12.68,12.18,12.23,88700.1,110052.477
603227.SH,20160729,9.34,9.45,8.85,8.89,169403.8,153259.439
600125.SH,20160729,6.87,6.88,6.72,6.78,99901.0,67962.216
600619.SH,20160729,13.69,13.9,13.4,13.6,86573.53,118100.652
000952.SZ,20160729,18.25,18.65,18.12,18.39,111398.06,205346.353
600383.SH,20160729,9.74,9.75,9.63,9.69,96072.83,93151.372
300134.SZ,20160729,28.71,29.1,28.2,28.76,177890.08,510427.2573
601258.SH,20160729,2.73,2.74,2.69,2.7,490112.68,132897.74
300418.SZ,20160729,26.99,27.39,26.7,26.87,76773.73,206579.8261
300062.SZ,20160729,24.17,24.48,23.7,24.19,32774.08,79055.809
603520.SH,20160729,49.83,50.79,49.22,50.01,17823.06,89175.32
000953.SZ,20160729,10.58,10.58,10.2,10.49,42511.24,44226.8409
000090.SZ,20160729,8.96,8.98,8.76,8.79,83188.41,73523.0384
300108.SZ,20160729,9.02,9.02,8.73,8.73,53663.4,47347.3174
002090.SZ,20160729,27.0,27.0,26.31,26.35,15537.7,41322.8896
600792.SH,20160729,5.24,5.25,5.06,5.08,63613.88,32683.342
600757.SH,20160729,8.73,8.83,8.62,8.69,99223.79,86802.061
002178.SZ,20160729,9.24,9.33,9.1,9.2,154026.25,141722.5559
002298.SZ,20160729,16.77,16.8,15.94,15.98,292887.5,475098.5747
002646.SZ,20160729,20.68,20.94,20.4,20.46,35326.75,73133.9769
000009.SZ,20160729,10.3,10.33,10.0,10.14,578556.51,588206.3543
002302.SZ,20160729,7.66,7.73,7.6,7.62,28563.44,21814.7095
600109.SH,20160729,13.11,13.16,12.9,12.91,310280.48,403636.624
600557.SH,20160729,16.8,17.65,16.8,17.53,106341.16,183816.397
300107.SZ,20160729,6.47,6.52,6.37,6.4,36262.52,23341.1179
002300.SZ,20160729,7.99,8.06,7.93,7.97,24818.56,19804.0918
600448.SH,20160729,6.65,6.69,6.52,6.56,63334.92,41818.259
000029.SZ,20160729,10.31,10.53,10.25,10.35,68583.75,71254.2078
002070.SZ,20160729,19.3,19.33,18.72,19.02,205199.98,390814.9676
601009.SH,20160729,10.16,10.38,10.16,10.33,310075.08,319224.094
002545.SZ,20160729,8.7,8.85,8.64,8.74,46486.89,40651.2827
300156.SZ,20160729,22.87,23.39,22.35,23.38,111853.57,256724.0328
002623.SZ,20160729,33.7,33.89,32.91,33.24,13301.51,44309.7112
002471.SZ,20160729,6.76,6.83,6.6,6.65,197532.59,132232.3422
000591.SZ,20160729,14.75,14.82,14.4,14.47,26293.24,38243.2871
600322.SH,20160729,4.53,4.53,4.43,4.45,89074.88,39812.516
600760.SH,20160729,9.15,9.23,9.09,9.11,29627.1,27099.373
600759.SH,20160729,8.2,8.2,8.1,8.14,60421.72,49207.034
002285.SZ,20160729,8.37,8.48,8.35,8.38,122950.71,103638.8564
300188.SZ,20160729,24.8,24.8,23.9,24.17,96299.53,233892.6075
601808.SH,20160729,12.13,12.4,12.05,12.14,51080.66,62347.1
002170.SZ,20160729,9.69,9.95,9.32,9.38,321676.62,309332.794
002620.SZ,20160729,39.46,39.46,37.7,37.76,19569.16,74907.5191
002539.SZ,20160729,14.79,14.87,14.45,14.56,37340.77,54451.9163
000001.SZ,20160729,9.08,9.24,9.03,9.2,671425.34,614972.6693
300396.SZ,20160729,42.4,42.78,40.53,40.8,11314.21,46727.7352
600050.SH,20160729,4.36,4.45,4.25,4.26,944812.92,408089.178
600369.SH,20160729,7.34,7.35,7.25,7.25,137921.85,100417.819
600236.SH,20160729,7.18,7.45,7.14,7.2,337496.3,246582.712
002657.SZ,20160729,50.6,50.93,49.52,50.12,58542.1,293893.8616
600859.SH,20160729,16.03,16.74,15.97,16.52,225761.1,372527.023
601939.SH,20160729,5.02,5.07,5.02,5.06,574778.02,290244.955
603099.SH,20160729,17.55,17.63,17.45,17.59,13382.65,23483.374
002311.SZ,20160729,15.16,15.31,15.03,15.27,106458.3,161991.7614
300457.SZ,20160729,65.25,66.15,64.8,65.29,10755.17,70433.7838
002661.SZ,20160729,16.46,16.55,16.25,16.45,21382.34,35041.2699
000890.SZ,20160729,10.93,11.12,10.85,11.02,80240.89,88205.863
002601.SZ,20160729,14.18,14.35,14.13,14.18,122862.27,174877.2884
002222.SZ,20160729,18.3,18.39,17.62,17.87,339298.91,608087.8846
600381.SH,20160729,10.5,10.83,10.43,10.72,41785.03,44675.084
000790.SZ,20160729,11.87,11.89,11.65,11.73,45149.25,53205.815
000756.SZ,20160729,11.34,11.35,11.09,11.18,30323.74,33936.7409
600331.SH,20160729,5.84,5.86,5.64,5.71,232223.63,133150.769
002250.SZ,20160729,13.66,13.86,13.58,13.78,97845.41,134731.6228
300165.SZ,20160729,11.4,11.4,11.02,11.21,97054.59,108788.9965
300138.SZ,20160729,16.1,16.28,15.8,16.19,31650.14,50849.4098
601699.SH,20160729,7.64,8.03,7.61,7.83,406897.29,320942.085
000501.SZ,20160729,18.44,18.92,17.71,17.85,130866.66,240272.304
600015.SH,20160729,9.87,9.94,9.86,9.92,331917.14,328828.585
600779.SH,20160729,17.04,17.23,16.54,16.68,84673.93,143132.603
600815.SH,20160729,6.15,6.17,6.06,6.11,56708.3,34617.437
002102.SZ,20160729,15.03,16.5,15.03,16.23,327294.54,516340.1701
601100.SH,20160729,11.73,11.98,11.49,11.53,26505.87,30725.989
600730.SH,20160729,13.28,13.29,12.91,13.11,152852.31,199784.107
600571.SH,20160729,22.35,22.39,21.81,22.05,54157.86,119631.202
600521.SH,20160729,24.45,25.24,24.45,24.79,55538.43,138692.405
002688.SZ,20160729,11.48,11.56,11.3,11.32,55673.17,63342.5541
002694.SZ,20160729,20.76,21.2,19.97,20.79,72443.04,147075.1634
300419.SZ,20160729,36.9,36.9,35.71,36.0,19614.62,70860.2632
600975.SH,20160729,9.24,9.68,9.23,9.5,256067.75,242228.696
300324.SZ,20160729,22.3,22.36,21.12,21.26,72458.27,156076.2506
600519.SH,20160729,315.08,318.88,313.0,313.15,29007.37,913987.191
002402.SZ,20160729,25.9,26.35,25.56,26.04,69027.8,179617.2247
600153.SH,20160729,11.23,11.35,11.12,11.25,333603.07,374569.461
600844.SH,20160729,6.95,7.03,6.83,6.86,46888.0,32592.068
300249.SZ,20160729,10.99,11.07,10.8,10.84,20352.94,22197.5553
000502.SZ,20160729,19.55,19.96,19.3,19.53,15613.69,30717.1018
002135.SZ,20160729,7.63,7.66,7.51,7.55,58437.63,44227.7675
002806.SZ,20160729,11.88,11.88,11.88,11.88,20.0,23.76
600242.SH,20160729,14.43,14.5,14.04,14.3,14983.0,21316.95
002268.SZ,20160729,31.63,31.99,30.7,30.96,90654.86,282626.9524
600420.SH,20160729,30.13,30.38,29.77,29.97,13035.49,39068.072
300032.SZ,20160729,18.26,18.4,17.94,18.12,59834.96,108755.853
300121.SZ,20160729,14.21,14.21,13.82,13.94,27189.0,38128.0978
002143.SZ,20160729,23.24,23.46,23.01,23.1,17545.24,40662.01
300187.SZ,20160729,13.6,13.78,13.5,13.69,33222.97,45262.5779
600373.SH,20160729,22.47,23.02,22.03,22.15,80649.51,182354.373
002353.SZ,20160729,17.39,17.45,17.04,17.13,74628.4,128247.3364
300431.SZ,20160729,58.68,59.26,57.8,58.32,97122.18,567661.7771
300350.SZ,20160729,30.13,31.32,29.9,30.6,47383.34,145040.1099
600129.SH,20160729,21.46,22.18,20.72,21.08,269489.75,577407.871
600754.SH,20160729,32.61,32.94,32.2,32.72,33290.11,108746.702
603399.SH,20160729,11.8,11.92,11.51,11.56,57940.94,67635.926
002117.SZ,20160729,32.17,32.73,32.0,32.35,40751.48,132006.8119
601328.SH,20160729,5.61,5.63,5.59,5.62,346934.36,194488.2
300119.SZ,20160729,17.8,17.85,17.04,17.37,36481.59,63659.2188
600532.SH,20160729,16.78,17.88,16.61,17.59,77148.27,133952.127
600630.SH,20160729,18.76,18.85,17.67,18.08,322610.49,586784.138
002439.SZ,20160729,21.56,21.94,21.47,21.58,92428.17,200018.2416
002425.SZ,20160729,22.59,22.59,21.9,22.37,45877.36,101754.0353
002018.SZ,20160729,9.16,9.2,9.01,9.06,228678.18,207534.4965
002097.SZ,20160729,9.25,9.32,9.02,9.06,101371.31,92485.7436
000700.SZ,20160729,11.01,11.16,10.73,10.99,201476.44,220102.1916
300085.SZ,20160729,27.64,27.9,27.28,27.49,69061.2,190366.0597
603866.SH,20160729,40.5,40.59,39.38,40.0,10451.72,41825.688
000673.SZ,20160729,11.55,11.59,11.01,11.52,78091.68,88353.3811
601099.SH,20160729,6.14,6.17,6.07,6.1,378824.29,231693.79
000931.SZ,20160729,7.94,7.95,7.84,7.89,41410.66,32694.0913
600838.SH,20160729,13.15,13.23,12.56,12.66,181830.22,235209.536
603300.SH,20160729,12.5,12.64,12.42,12.48,53694.8,67175.081
002651.SZ,20160729,9.82,9.9,9.61,9.68,58593.38,56865.4325
002308.SZ,20160729,17.09,17.34,16.67,17.09,114127.7,194127.0386
002218.SZ,20160729,11.22,11.31,10.68,10.68,307851.31,338075.7288
300460.SZ,20160729,27.65,27.8,26.16,26.18,50180.55,133928.9823
601933.SH,20160729,4.53,4.71,4.48,4.67,1160873.3,538489.242
002318.SZ,20160729,10.99,11.05,10.7,10.71,130847.21,141866.313
600192.SH,20160729,9.58,9.64,9.4,9.48,66878.01,63614.235
600033.SH,20160729,3.34,3.39,3.31,3.31,336018.37,112748.609
600546.SH,20160729,3.18,3.23,3.18,3.21,111981.67,35843.86
300057.SZ,20160729,13.9,14.18,13.6,13.84,23245.69,32213.3815
000837.SZ,20160729,8.5,8.64,8.37,8.48,103010.99,87833.2238
002226.SZ,20160729,8.95,9.08,8.78,8.82,111443.97,99248.4773
600066.SH,20160729,23.19,23.98,22.95,22.97,256715.26,602302.915
002715.SZ,20160729,29.71,29.75,28.2,28.36,21921.85,62701.9429
603010.SH,20160729,23.8,24.96,23.22,24.4,87160.82,209718.038
603828.SH,20160729,20.59,20.7,20.23,20.38,13221.12,26944.898
600271.SH,20160729,23.19,23.46,23.15,23.29,125752.56,292780.334
002006.SZ,20160729,12.5,12.65,12.08,12.38,58976.15,72887.3464
600299.SH,20160729,14.26,14.84,14.23,14.5,56402.38,81975.693
002152.SZ,20160729,15.59,15.75,15.12,15.15,103075.5,158329.4154
601020.SH,20160729,31.11,31.46,30.59,30.66,54697.79,169354.942
300448.SZ,20160729,28.97,29.25,28.1,28.71,22452.37,64786.9421
601611.SH,20160729,17.05,17.68,16.65,17.19,475048.53,819285.527
002560.SZ,20160729,11.35,11.44,11.0,11.08,77567.01,86598.5615
000799.SZ,20160729,21.98,22.46,21.76,22.0,95904.82,212390.353
002643.SZ,20160729,44.69,45.8,44.56,45.0,61580.79,278367.0387
002251.SZ,20160729,13.2,13.28,13.09,13.2,43950.54,57860.7864
600345.SH,20160729,20.7,21.0,20.21,20.46,30482.81,62799.909
600008.SH,20160729,3.97,3.97,3.91,3.91,172592.41,67777.573
300452.SZ,20160729,46.38,46.4,45.05,45.7,8220.59,37575.201
002021.SZ,20160729,7.98,8.07,7.87,7.91,75495.58,60126.6939
600405.SH,20160729,13.01,13.13,12.81,12.89,89837.94,116170.478
300307.SZ,20160729,12.83,12.89,12.55,12.57,85289.01,108134.1449
002586.SZ,20160729,9.0,9.19,9.0,9.09,58098.37,52877.8838
600276.SH,20160729,43.55,44.09,43.2,43.68,55135.62,240692.533
000418.SZ,20160729,35.9,37.95,35.5,36.82,60428.84,222979.762
600501.SH,20160729,18.46,18.46,17.85,17.89,50189.78,90769.768
600108.SH,20160729,5.07,5.1,5.04,5.08,162186.65,82344.392
600232.SH,20160729,11.37,11.45,11.12,11.32,55804.47,62966.409
000752.SZ,20160729,15.69,15.78,15.35,15.4,50241.31,77946.7065
300438.SZ,20160729,35.2,35.78,34.8,35.2,28540.51,100961.9092
002770.SZ,20160729,11.9,12.05,11.85,11.87,38551.1,45918.5425
002711.SZ,20160729,14.31,14.54,13.87,13.92,93330.04,131172.6689
002004.SZ,20160729,8.98,9.02,8.91,8.93,102043.88,91333.0278
002177.SZ,20160729,8.6,8.65,8.43,8.46,122888.51,104665.9836
300214.SZ,20160729,7.53,7.53,7.39,7.4,47280.64,35216.9897
000758.SZ,20160729,9.1,9.14,8.85,8.89,414377.13,371944.8334
002334.SZ,20160729,8.44,8.45,8.28,8.3,70020.8,58343.7921
002557.SZ,20160729,20.45,20.68,20.18,20.24,60626.69,124107.7085
600094.SH,20160729,9.75,10.05,9.69,9.9,176197.48,173682.34
300473.SZ,20160729,64.1,64.45,63.21,63.51,9923.11,63370.3713
300083.SZ,20160729,7.36,7.38,7.15,7.17,249394.31,180124.2571
600510.SH,20160729,8.43,8.46,8.33,8.39,24418.59,20505.424
002700.SZ,20160729,13.6,13.62,13.3,13.32,24067.54,32374.2431
002404.SZ,20160729,7.79,7.87,7.7,7.79,64130.62,49931.8731
002142.SZ,20160729,15.13,15.46,15.13,15.42,163880.87,251738.4709
002132.SZ,20160729,4.89,4.91,4.75,4.77,111510.18,53650.2707
300064.SZ,20160729,11.12,11.38,11.03,11.13,111450.06,125056.4472
002613.SZ,20160729,7.24,7.29,7.13,7.16,35393.77,25508.4298
600671.SH,20160729,30.0,30.08,29.2,29.28,8280.31,24435.713
300159.SZ,20160729,16.72,16.97,16.21,16.23,53976.4,88784.8639
600340.SH,20160729,25.3,25.83,25.3,25.6,68425.8,175277.449
002411.SZ,20160729,21.82,22.97,21.82,22.77,167945.46,379458.6249
000789.SZ,20160729,6.34,6.34,6.24,6.27,50269.57,31583.0344
600128.SH,20160729,13.32,13.47,13.08,13.17,57732.56,76583.476
600081.SH,20160729,16.24,16.29,15.75,15.85,44593.34,71060.793
000978.SZ,20160729,10.95,11.12,10.89,11.07,40718.73,44982.826
002521.SZ,20160729,9.69,9.8,9.52,9.69,90017.71,87007.5402
600141.SH,20160729,11.23,11.3,11.1,11.15,42308.8,47398.406
002669.SZ,20160729,24.08,24.14,22.93,23.1,43959.45,102952.5709
600886.SH,20160729,7.06,7.22,7.0,7.07,1018162.86,721151.399
002548.SZ,20160729,17.14,17.14,16.41,16.59,53175.83,88911.0671
600297.SH,20160729,9.57,9.57,9.24,9.31,439707.75,412454.014
002477.SZ,20160729,5.42,5.64,5.35,5.55,625394.82,343713.1544
601126.SH,20160729,9.74,9.74,9.3,9.37,80828.91,77107.557
002781.SZ,20160729,42.28,42.46,41.3,41.52,23653.4,99046.112
600855.SH,20160729,32.2,32.2,31.18,31.32,60178.36,190348.629
000623.SZ,20160729,25.03,25.95,25.03,25.72,325201.57,836368.4325
600864.SH,20160729,11.39,11.45,11.21,11.3,78453.52,88986.288
601628.SH,20160729,21.16,21.17,20.91,20.94,42874.39,90180.356
002167.SZ,20160729,9.94,10.08,9.82,9.97,81800.6,81478.5816
600728.SH,20160729,9.24,9.26,9.1,9.13,126884.18,116382.757
600123.SH,20160729,7.24,7.28,7.17,7.18,97304.21,70252.432
002736.SZ,20160729,15.83,16.27,15.81,16.0,95891.15,154065.9582
600506.SH,20160729,23.18,23.38,22.71,22.88,14740.12,33909.333
002415.SZ,20160729,25.98,26.26,25.48,25.85,176217.36,455284.22
300335.SZ,20160729,15.22,15.22,15.01,15.1,15370.9,23227.2775
002673.SZ,20160729,24.5,24.77,24.0,24.39,620419.33,1512335.9574
300095.SZ,20160729,13.3,13.39,12.91,13.16,57286.62,75040.9089
300306.SZ,20160729,21.6,21.91,21.03,21.03,15015.33,32278.0683
000408.SZ,20160729,15.39,15.48,15.2,15.28,28965.4,44434.4636
002724.SZ,20160729,22.94,23.45,22.0,22.77,41770.38,94708.2607
300337.SZ,20160729,7.59,7.76,7.52,7.66,62279.23,47611.6559
300280.SZ,20160729,27.68,28.27,27.32,27.95,9403.86,26102.1428
300508.SZ,20160729,160.8,166.0,157.1,159.5,20157.93,325996.5611
603023.SH,20160729,17.04,17.31,16.56,16.92,56762.95,95435.285
600261.SH,20160729,7.36,7.39,7.29,7.3,51726.81,37928.173
000948.SZ,20160729,21.44,21.95,20.7,21.68,94402.6,202124.5153
002503.SZ,20160729,12.8,12.9,12.51,12.63,35518.24,45054.6077
603029.SH,20160729,52.8,53.93,51.1,51.74,39524.44,207061.632
002313.SZ,20160729,20.66,21.16,20.0,20.0,137679.94,280381.607
002227.SZ,20160729,31.0,31.1,30.29,30.4,32941.68,100697.3463
600467.SH,20160729,4.1,4.12,4.06,4.07,182318.12,74432.229
601601.SH,20160729,27.09,27.24,26.72,26.79,59869.06,161706.196
002264.SZ,20160729,8.3,8.75,8.23,8.59,225208.19,191947.0206
300407.SZ,20160729,16.99,17.0,16.6,16.65,9502.15,15857.031
600429.SH,20160729,8.53,8.76,8.43,8.59,127440.1,109801.579
000062.SZ,20160729,26.06,26.06,25.5,25.68,56423.72,145353.4419
300275.SZ,20160729,18.55,18.68,18.15,18.37,17463.81,32146.9991
002595.SZ,20160729,21.27,21.29,21.01,21.12,12152.31,25674.1696
002351.SZ,20160729,11.06,11.12,10.75,10.8,51065.04,55493.391
600658.SH,20160729,11.27,11.88,11.22,11.59,69696.66,80728.616
002434.SZ,20160729,12.8,12.92,12.63,12.81,59923.99,76675.1865
600725.SH,20160729,5.22,5.4,5.21,5.38,39158.9,20870.362
002534.SZ,20160729,10.89,10.97,10.65,10.72,17791.43,19230.0785
600057.SH,20160729,10.98,11.01,10.73,10.75,60983.03,66212.767
000820.SZ,20160729,18.18,18.59,18.04,18.36,28807.96,53041.1691
600266.SH,20160729,12.29,12.31,12.13,12.18,74604.48,91004.682
300507.SZ,20160729,110.6,121.0,107.68,114.29,34518.86,394105.9361
000687.SZ,20160729,19.5,19.5,18.96,19.03,58813.68,112787.099
000059.SZ,20160729,8.89,9.18,8.89,9.1,208282.02,189472.8249
002085.SZ,20160729,15.78,15.85,15.53,15.58,22986.87,35973.2355
300007.SZ,20160729,24.0,24.18,22.9,23.5,86390.63,202942.9061
000725.SZ,20160729,2.34,2.34,2.32,2.33,1325677.22,308645.8446
002732.SZ,20160729,26.87,26.99,26.36,26.59,21343.37,56863.7376
000672.SZ,20160729,6.74,6.78,6.62,6.68,140431.22,94186.3154
600707.SH,20160729,12.18,12.4,11.45,11.58,546442.73,647145.816
002748.SZ,20160729,16.9,17.11,16.8,16.97,30997.64,52512.0385
300364.SZ,20160729,50.03,50.81,48.8,49.5,42175.82,209517.6722
002066.SZ,20160729,17.28,17.33,16.3,16.34,87525.37,146680.4891
300246.SZ,20160729,37.9,38.8,37.18,37.6,54014.57,205478.4968
002332.SZ,20160729,12.29,12.98,12.2,12.75,160802.33,204537.292
000718.SZ,20160729,9.3,9.36,9.19,9.24,194946.82,180568.1939
600550.SH,20160729,5.96,5.96,5.88,5.93,38503.32,22778.5
601225.SH,20160729,5.79,5.9,5.67,5.68,213470.8,124111.234
300088.SZ,20160729,13.85,13.96,13.42,13.47,246370.14,335908.5914
600251.SH,20160729,7.94,7.94,7.79,7.87,51896.22,40736.171
002083.SZ,20160729,6.31,6.31,6.22,6.23,60104.48,37581.1341
600706.SH,20160729,18.04,18.18,17.86,18.01,20524.27,36884.861
300287.SZ,20160729,12.18,12.31,11.79,12.01,159845.05,191337.4508
600255.SH,20160729,4.11,4.15,4.08,4.12,173063.5,71248.377
300093.SZ,20160729,22.64,23.3,22.19,22.9,61673.88,140428.3156
000717.SZ,20160729,2.9,2.9,2.85,2.86,148452.72,42601.4777
002693.SZ,20160729,10.35,10.44,10.15,10.35,37010.48,38089.5636
600800.SH,20160729,8.61,8.94,8.35,8.43,274934.9,236244.58
603958.SH,20160729,37.65,39.18,37.06,38.3,74212.28,283994.105
600794.SH,20160729,5.24,5.41,5.22,5.39,126474.06,67486.414
600162.SH,20160729,4.08,4.11,4.01,4.03,78354.86,31708.856
600635.SH,20160729,6.21,6.47,6.19,6.32,867842.5,551149.371
000039.SZ,20160729,13.87,13.88,13.73,13.76,49909.26,68846.1431
601368.SH,20160729,12.61,12.7,12.47,12.55,35790.67,44976.678
300480.SZ,20160729,22.15,22.42,21.8,22.2,15174.56,33548.1408
600171.SH,20160729,16.92,17.05,16.4,16.42,132799.96,221710.853
300150.SZ,20160729,10.58,10.58,10.25,10.32,27597.77,28623.5651
300430.SZ,20160729,44.18,44.54,43.6,43.6,8243.89,36285.2434
603889.SH,20160729,13.25,13.45,13.24,13.39,13341.3,17829.642
603223.SH,20160729,29.38,29.88,29.15,29.5,11310.24,33399.846
300077.SZ,20160729,18.18,18.27,17.5,17.7,178220.94,317829.9084
300289.SZ,20160729,13.4,13.41,13.06,13.1,37543.03,49475.5259
603737.SH,20160729,85.75,91.5,85.03,88.75,35914.96,318750.085
002401.SZ,20160729,16.86,16.95,16.34,16.52,62193.09,103177.2985
002109.SZ,20160729,6.49,6.53,6.44,6.49,21997.82,14289.5621
002209.SZ,20160729,17.97,17.97,17.51,17.63,16069.76,28469.3167
002734.SZ,20160729,31.0,31.15,30.72,30.92,13118.76,40519.5273
600459.SH,20160729,27.2,27.41,26.3,26.83,129615.48,348838.099
600593.SH,20160729,31.48,31.88,31.37,31.48,3958.65,12484.292
300491.SZ,20160729,85.88,87.95,83.0,85.0,14995.09,128533.385
002487.SZ,20160729,8.58,8.63,8.45,8.48,34188.0,29103.8214
002204.SZ,20160729,4.28,4.28,4.19,4.24,141459.07,59918.3195
600857.SH,20160729,13.64,13.74,13.51,13.56,17446.83,23703.397
600325.SH,20160729,11.64,11.67,11.45,11.48,80119.63,92660.331
300515.SZ,20160729,78.23,84.48,77.71,81.65,81273.6,667352.847
600969.SH,20160729,14.5,14.65,14.45,14.56,27692.78,40284.216
300470.SZ,20160729,42.55,42.6,41.0,41.8,9912.35,41517.7051
000751.SZ,20160729,5.62,5.63,5.48,5.52,270180.45,149418.8484
300104.SZ,20160729,48.07,48.3,46.6,47.15,177220.0,838333.9595
600336.SH,20160729,6.97,7.15,6.95,7.03,183076.74,129738.388
600389.SH,20160729,15.55,15.65,14.72,15.23,82252.01,124485.761
601012.SH,20160729,15.5,15.5,14.65,14.68,622680.37,930716.259
000779.SZ,20160729,20.2,20.45,19.97,20.22,20522.43,41377.4959
600167.SH,20160729,17.06,17.6,17.0,17.57,53658.85,93479.323
002361.SZ,20160729,7.33,7.34,7.21,7.26,79487.42,57631.6174
002203.SZ,20160729,7.55,7.6,7.48,7.49,53910.73,40554.477
600731.SH,20160729,9.57,9.72,9.5,9.58,23478.51,22534.195
000727.SZ,20160729,3.36,3.4,3.31,3.33,370210.37,124191.9881
002195.SZ,20160729,11.97,12.05,11.62,11.78,206367.72,243641.6674
002639.SZ,20160729,11.37,11.63,11.1,11.28,122719.53,139416.8042
300453.SZ,20160729,24.86,25.15,24.31,24.69,14262.7,35252.6487
000606.SZ,20160729,9.95,9.95,9.51,9.54,66891.43,64625.7225
300260.SZ,20160729,29.8,30.1,29.02,29.41,8784.27,25890.0958
600392.SH,20160729,14.0,14.16,13.69,13.72,210480.17,291567.797
000058.SZ,20160729,11.51,11.64,11.11,11.12,137047.8,155712.2638
603288.SH,20160729,31.7,32.5,31.63,31.86,18432.8,59251.16
601908.SH,20160729,7.28,7.29,7.16,7.18,55004.36,39622.581
600220.SH,20160729,4.33,4.37,4.25,4.28,140690.41,60681.918
600470.SH,20160729,7.21,7.28,7.11,7.15,62732.02,45030.159
002778.SZ,20160729,47.65,47.88,46.4,46.91,15304.0,72082.0059
600581.SH,20160729,4.12,4.13,4.07,4.11,85788.51,35133.325
600409.SH,20160729,8.34,8.81,8.34,8.67,523394.83,451127.687
002584.SZ,20160729,12.66,12.78,12.54,12.61,31063.43,39280.1928
300004.SZ,20160729,19.7,19.87,19.25,19.35,45271.07,88106.2792
600300.SH,20160729,5.59,5.66,5.56,5.59,73202.39,40970.436
002768.SZ,20160729,30.99,30.99,30.25,30.42,18018.33,55088.2141
600961.SH,20160729,10.44,10.45,9.95,10.01,67158.28,68116.391
002756.SZ,20160729,22.28,22.45,22.13,22.3,14692.62,32795.8152
601888.SH,20160729,45.48,45.48,44.91,44.99,17455.3,78779.094
000637.SZ,20160729,6.51,6.53,6.39,6.44,52866.07,34065.7145
300065.SZ,20160729,37.58,37.65,35.84,36.6,57061.9,208283.1389
600206.SH,20160729,11.35,11.37,11.04,11.12,134110.47,150034.639
002176.SZ,20160729,13.48,13.57,13.24,13.53,230411.46,310168.5741
000899.SZ,20160729,8.77,9.18,8.68,9.04,79104.52,70641.3119
002242.SZ,20160729,20.75,22.4,20.62,21.89,210563.29,453631.5857
300152.SZ,20160729,7.93,7.96,7.53,7.66,201519.65,155495.7522
000838.SZ,20160729,10.44,10.45,10.21,10.23,94109.62,96833.315
002133.SZ,20160729,6.58,6.62,6.52,6.62,152246.08,100038.0313
601016.SH,20160729,9.65,9.67,9.53,9.58,36746.16,35175.119
300211.SZ,20160729,12.45,12.54,12.02,12.07,42707.85,52088.3496
000712.SZ,20160729,19.45,19.51,19.1,19.16,109509.81,211262.3613
002483.SZ,20160729,12.15,12.29,11.8,11.83,54586.98,65341.9102
600237.SH,20160729,7.49,7.54,7.23,7.3,186512.41,137726.602
601678.SH,20160729,5.26,5.26,5.1,5.11,175246.43,90742.328
600301.SH,20160729,12.09,12.24,12.03,12.18,10601.69,12873.102
300387.SZ,20160729,27.55,29.0,27.55,27.83,16993.91,47618.8036
002182.SZ,20160729,22.1,22.56,20.68,21.2,178109.54,383328.996
300248.SZ,20160729,24.65,24.72,23.81,23.95,68784.48,165836.9251
000735.SZ,20160729,6.45,6.48,6.39,6.4,58585.45,37645.0992
002696.SZ,20160729,18.57,18.8,18.3,18.41,22998.55,42616.1265
002150.SZ,20160729,13.98,14.0,13.5,13.67,20725.99,28504.6181
000573.SZ,20160729,8.15,8.25,7.95,8.08,111051.24,89865.1998
300263.SZ,20160729,8.32,8.45,8.17,8.2,91574.22,75721.6954
600235.SH,20160729,13.25,13.39,12.76,12.77,76188.89,98640.436
002537.SZ,20160729,26.39,26.39,24.91,25.0,91196.0,231296.4569
002452.SZ,20160729,9.87,9.96,9.72,9.76,91096.56,89252.6043
601890.SH,20160729,9.55,9.58,9.32,9.38,105595.37,99179.825
601117.SH,20160729,5.59,5.72,5.56,5.66,256700.47,145432.742
000970.SZ,20160729,14.9,14.95,14.2,14.49,374566.33,542200.2956
002210.SZ,20160729,16.24,16.47,15.88,15.99,47052.23,75689.282
600089.SH,20160729,9.11,9.22,8.99,9.03,448573.51,407592.887
603899.SH,20160729,19.12,19.29,18.8,18.92,75698.51,144454.297
002674.SZ,20160729,17.62,17.71,17.2,17.21,43552.38,76087.5656
600151.SH,20160729,11.56,11.68,11.21,11.25,124356.13,141801.935
600053.SH,20160729,33.82,35.0,33.82,33.99,48745.79,167138.534
600106.SH,20160729,6.99,7.0,6.85,6.9,95675.3,66262.57
000831.SZ,20160729,12.01,12.05,11.64,11.81,199023.86,234721.6109
603518.SH,20160729,28.51,29.36,28.39,29.09,13225.95,38311.216
300506.SZ,20160729,54.8,58.2,53.58,56.89,110341.72,620788.8704
300360.SZ,20160729,21.38,21.57,21.12,21.42,20541.11,43933.9308
600401.SH,20160729,2.36,2.38,2.34,2.36,581238.84,136707.486
600438.SH,20160729,5.96,6.04,5.91,5.98,72517.69,43378.753
603077.SH,20160729,4.79,4.82,4.73,4.73,102531.68,48780.553
000513.SZ,20160729,50.9,51.8,49.62,49.99,43304.82,218350.9817
600105.SH,20160729,10.7,11.07,10.63,10.66,185423.77,200461.597
300076.SZ,20160729,15.0,15.18,14.42,14.88,417681.22,616921.6952
603959.SH,20160729,35.0,35.46,34.41,34.86,38156.41,133480.142
000738.SZ,20160729,27.2,27.3,26.35,26.4,114486.22,304912.5379
300455.SZ,20160729,23.46,23.85,23.05,23.7,30658.08,72013.9292
000973.SZ,20160729,9.86,9.99,9.62,9.91,319208.04,312695.206
002364.SZ,20160729,25.0,25.32,24.8,24.89,37942.72,94611.9354
002314.SZ,20160729,7.55,8.09,7.32,7.96,307161.6,240275.9197
002498.SZ,20160729,4.56,4.58,4.49,4.51,204722.77,92800.5467
300445.SZ,20160729,25.8,25.94,25.12,25.53,13180.51,33573.3936
000761.SZ,20160729,5.99,6.01,5.84,5.85,116306.08,68767.1924
002388.SZ,20160729,11.6,11.63,11.0,11.1,103584.76,115854.6159
002706.SZ,20160729,26.5,26.67,26.05,26.19,6221.56,16324.423
002795.SZ,20160729,65.28,66.95,64.12,64.7,31147.37,204356.4932
002755.SZ,20160729,36.91,38.5,36.43,38.2,10231.63,38392.3388
000609.SZ,20160729,14.06,14.37,13.1,13.4,49352.04,67634.1446
300465.SZ,20160729,56.88,58.81,55.6,56.67,21486.61,122265.6171
300086.SZ,20160729,11.49,11.58,11.22,11.32,78165.51,88880.8048
603026.SH,20160729,47.16,48.7,46.5,46.88,110351.09,523971.667
002608.SZ,20160729,11.33,11.86,11.33,11.5,163542.34,189729.4003
002039.SZ,20160729,19.89,20.0,19.78,19.86,29137.4,57936.7724
000158.SZ,20160729,13.7,13.79,13.45,13.61,61933.06,84317.3823
600595.SH,20160729,5.71,5.71,5.6,5.62,133561.11,75406.48
603616.SH,20160729,15.5,15.6,14.57,14.61,93656.7,140186.46
600287.SH,20160729,10.4,10.53,10.12,10.14,88242.05,91384.908
002276.SZ,20160729,19.13,19.23,18.72,18.83,152697.14,288216.4921
300055.SZ,20160729,17.46,17.57,17.28,17.3,41948.5,72811.759
601158.SH,20160729,7.13,7.2,7.01,7.05,70838.52,50128.918
000999.SZ,20160729,26.36,27.2,25.92,26.84,150786.84,404348.6145
000652.SZ,20160729,4.68,4.68,4.54,4.6,106539.66,49214.4418
600682.SH,20160729,25.95,26.55,25.71,26.09,49318.03,128895.013
600185.SH,20160729,6.34,6.34,6.2,6.25,125308.75,78704.764
600539.SH,20160729,11.62,12.17,11.61,12.17,79511.07,95507.06
000611.SZ,20160729,8.08,8.1,8.0,8.07,26833.36,21589.5697
000010.SZ,20160729,7.68,7.93,7.67,7.69,64582.47,50196.0149
600502.SH,20160729,8.01,8.47,7.97,8.19,392761.57,324991.217
600611.SH,20160729,7.61,7.75,7.18,7.22,879885.95,656902.269
600548.SH,20160729,8.38,8.64,8.31,8.43,76371.42,65182.771
002580.SZ,20160729,17.19,17.28,16.71,16.97,44223.75,75114.7741
000423.SZ,20160729,56.05,58.55,55.85,57.52,146596.95,844075.0644
002265.SZ,20160729,14.52,14.68,14.18,14.23,37599.24,54072.4063
300490.SZ,20160729,24.21,24.27,23.52,23.72,19847.37,47349.2321
600361.SH,20160729,6.17,6.17,6.06,6.09,21948.48,13405.161
002003.SZ,20160729,14.59,14.74,14.31,14.35,24932.44,36028.8452
600826.SH,20160729,31.01,31.29,30.1,30.43,99723.77,304560.866
600763.SH,20160729,32.2,32.6,32.05,32.35,26462.77,85505.546
000980.SZ,20160729,9.88,9.9,9.5,9.63,184337.42,178444.5142
002055.SZ,20160729,31.86,31.95,31.11,31.32,84503.58,267149.8131
002248.SZ,20160729,13.65,14.16,12.85,13.85,397051.98,539052.9869
300117.SZ,20160729,5.84,5.91,5.65,5.86,91561.02,52897.8684
600781.SH,20160729,17.4,17.46,17.23,17.33,15853.22,27513.812
002310.SZ,20160729,11.49,11.84,11.07,11.7,357368.77,408634.0299
601106.SH,20160729,5.28,5.29,5.22,5.26,262199.16,137828.969
002263.SZ,20160729,3.81,3.88,3.81,3.82,200346.03,76885.4479
002403.SZ,20160729,15.39,16.05,15.33,15.76,42838.84,67471.5858
600343.SH,20160729,25.97,26.09,24.43,24.51,269865.11,681991.859
002033.SZ,20160729,12.85,12.89,12.73,12.84,58935.36,75547.403
300204.SZ,20160729,18.06,18.67,17.62,18.67,61361.79,111808.2778
002220.SZ,20160729,10.58,10.65,10.16,10.44,102184.01,106228.012
601798.SH,20160729,12.15,12.34,12.08,12.15,20787.16,25321.501
300291.SZ,20160729,23.19,23.78,23.02,23.43,64159.54,150326.8281
000650.SZ,20160729,8.26,8.33,8.21,8.24,144519.54,119473.2366
002598.SZ,20160729,11.43,11.48,11.2,11.37,28095.62,31916.3751
600850.SH,20160729,27.7,27.7,27.0,27.08,33236.43,90427.813
300406.SZ,20160729,23.29,24.19,22.81,23.45,129100.66,303884.9568
002612.SZ,20160729,21.47,21.47,20.65,20.8,64071.55,134213.5037
000966.SZ,20160729,6.82,7.11,6.8,6.89,459797.97,320482.1575
002621.SZ,20160729,21.7,22.85,21.7,22.68,48337.36,108825.0769
600076.SH,20160729,13.93,14.4,13.7,13.93,52972.5,73746.75
002478.SZ,20160729,11.22,11.25,11.1,11.15,18719.43,20905.9837
600987.SH,20160729,13.11,14.05,13.11,13.71,216095.11,296707.103
300467.SZ,20160729,64.16,64.16,61.58,61.99,39533.38,246911.1783
601001.SH,20160729,5.95,5.96,5.81,5.84,165956.13,97759.829
000628.SZ,20160729,12.21,12.33,12.05,12.23,25164.24,30730.9908
601989.SH,20160729,6.63,6.67,6.57,6.63,482474.26,319123.636
002634.SZ,20160729,10.6,10.67,10.2,10.32,128441.71,133347.2842
000625.SZ,20160729,16.17,16.98,16.13,16.34,700690.74,1162762.1368
300357.SZ,20160729,36.8,36.8,35.73,36.1,19679.89,71058.0626
300158.SZ,20160729,17.59,17.88,17.17,17.75,59510.28,104842.2964
000819.SZ,20160729,32.62,32.99,31.96,32.29,68886.36,223371.6709
000546.SZ,20160729,10.3,10.66,10.17,10.64,117159.27,122875.6453
600490.SH,20160729,8.38,8.45,8.11,8.16,418286.83,344637.753
600120.SH,20160729,36.0,36.72,35.01,36.15,188332.41,679799.981
600267.SH,20160729,12.39,12.57,12.33,12.43,56836.65,70886.184
600990.SH,20160729,81.5,82.2,79.6,79.67,16928.61,135772.594
603456.SH,20160729,25.02,25.11,24.6,24.86,9119.0,22617.648
600586.SH,20160729,4.32,4.32,4.28,4.29,114393.15,49134.565
002625.SZ,20160729,42.0,42.62,41.9,42.29,24276.15,102605.4745
600693.SH,20160729,6.29,6.3,6.21,6.23,34145.13,21319.65
002573.SZ,20160729,17.05,17.1,16.67,16.72,81463.62,137507.5671
000559.SZ,20160729,14.89,14.98,14.67,14.73,127889.43,189162.4756
000676.SZ,20160729,17.35,17.55,17.13,17.22,40870.75,70678.8285
000876.SZ,20160729,8.43,8.43,8.34,8.4,177310.67,148785.0757
300380.SZ,20160729,40.94,41.17,40.1,40.56,20067.37,81451.7245
600021.SH,20160729,11.1,11.13,10.92,10.95,146172.18,161043.302
002446.SZ,20160729,29.4,29.54,28.6,28.8,45317.16,131228.4981
603555.SH,20160729,24.03,24.43,23.85,24.0,20606.13,49664.127
600865.SH,20160729,12.01,12.3,12.01,12.12,56883.97,69182.283
300503.SZ,20160729,64.64,67.97,64.39,65.08,37967.67,250954.9786
002304.SZ,20160729,71.58,72.77,71.0,71.51,39193.77,281942.0063
600712.SH,20160729,9.91,9.97,9.74,9.89,57091.81,56162.179
000523.SZ,20160729,11.55,12.06,11.48,11.92,194171.84,229106.718
002048.SZ,20160729,20.8,21.88,20.72,21.24,223093.2,480913.0849
300200.SZ,20160729,15.18,15.47,15.14,15.36,21189.16,32454.9716
000665.SZ,20160729,16.38,16.68,16.01,16.12,96053.74,155918.453
603939.SH,20160729,35.02,35.86,34.3,34.84,18664.21,65459.702
600963.SH,20160729,6.55,6.59,6.36,6.39,109163.61,70377.662
300292.SZ,20160729,37.61,38.75,37.29,38.0,77091.64,294204.9989
002686.SZ,20160729,16.11,16.31,15.68,15.9,72704.04,116370.064
002543.SZ,20160729,17.82,18.27,17.71,18.0,34981.96,63111.9274
000909.SZ,20160729,18.25,18.73,18.13,18.3,64093.62,118172.1548
603369.SH,20160729,13.7,13.87,13.55,13.58,63852.92,87544.351
600798.SH,20160729,4.93,4.95,4.82,4.86,86905.04,42398.537
300381.SZ,20160729,58.99,60.88,57.89,60.68,8656.09,51621.3582
300456.SZ,20160729,62.12,63.58,61.88,62.83,6343.92,39756.6656
000860.SZ,20160729,23.05,23.35,22.88,23.11,80661.69,186950.4249
603611.SH,20160729,29.44,30.94,29.2,30.54,39361.87,118098.185
002370.SZ,20160729,32.69,33.33,32.47,32.9,6196.82,20347.274
603979.SH,20160729,18.58,18.58,18.4,18.49,19291.93,35663.903
600652.SH,20160729,14.05,14.1,13.8,13.87,119612.06,166094.145
000957.SZ,20160729,18.01,18.34,17.7,17.84,150435.28,270229.4037
300303.SZ,20160729,8.4,8.44,8.17,8.23,75364.65,62350.535
002029.SZ,20160729,9.98,10.04,9.86,9.99,77806.97,77393.2366
600681.SH,20160729,11.8,11.9,11.55,11.57,45855.6,53777.193
002376.SZ,20160729,12.71,12.71,12.4,12.46,42759.61,53591.1726
000766.SZ,20160729,22.88,22.9,20.47,20.47,243880.86,515266.3904
002111.SZ,20160729,25.87,25.9,25.31,25.38,32248.38,82461.3168
000635.SZ,20160729,12.42,12.45,12.21,12.29,20153.71,24861.1472
600628.SH,20160729,13.03,13.28,12.76,12.83,159458.49,207387.384
600879.SH,20160729,16.89,17.3,16.49,16.56,279988.5,473566.548
002405.SZ,20160729,24.44,24.99,24.18,24.2,319053.63,782685.9008
600719.SH,20160729,7.23,7.24,7.1,7.17,50693.74,36420.994
002293.SZ,20160729,13.4,13.49,13.36,13.44,16972.68,22798.537
300148.SZ,20160729,15.1,15.21,14.66,14.92,62621.59,93313.1721
002791.SZ,20160729,54.42,54.44,52.89,53.33,24266.73,130458.1878
300523.SZ,20160729,42.01,42.01,42.01,42.01,18.0,75.618
600375.SH,20160729,5.59,5.66,5.57,5.6,38796.13,21759.308
300068.SZ,20160729,22.06,23.15,22.0,22.68,125311.31,283165.3999
601988.SH,20160729,3.33,3.34,3.32,3.34,652601.49,217550.78
002027.SZ,20160729,15.39,15.75,14.83,15.57,109883.92,168934.1101
300160.SZ,20160729,12.18,12.2,11.7,11.79,75785.97,90055.8701
002281.SZ,20160729,62.01,62.97,61.8,62.1,34099.05,212741.4031
600741.SH,20160729,16.5,16.92,16.2,16.28,202013.16,333441.501
002604.SZ,20160729,11.79,11.86,11.32,11.37,189659.98,218971.7575
600992.SH,20160729,12.32,12.44,12.25,12.28,23991.19,29629.515
002757.SZ,20160729,40.3,40.3,39.28,39.85,11741.87,46756.6607
600234.SH,20160729,14.36,14.57,14.2,14.36,11740.19,16901.422
600000.SH,20160729,15.65,15.71,15.61,15.7,143483.01,224747.562
603022.SH,20160729,20.2,20.2,19.82,20.17,17220.71,34431.014
002031.SZ,20160729,3.94,3.94,3.85,3.87,254323.13,98833.8953
002010.SZ,20160729,18.33,18.35,17.6,18.25,33869.94,60865.3881
300352.SZ,20160729,18.26,18.42,17.61,17.75,114079.97,204196.1738
300191.SZ,20160729,34.4,35.47,33.85,35.33,65568.55,227597.6119
300433.SZ,20160729,24.34,24.48,23.8,23.93,42594.27,102262.5371
000683.SZ,20160729,2.65,2.65,2.62,2.63,113554.01,29925.346
300437.SZ,20160729,28.85,29.5,27.7,27.75,56576.59,159974.4287
000731.SZ,20160729,7.2,7.23,7.14,7.17,51950.62,37297.8207
000705.SZ,20160729,13.99,14.63,13.97,14.23,106288.7,152148.7959
600531.SH,20160729,10.65,10.83,10.28,10.37,436877.76,458915.931
000825.SZ,20160729,3.45,3.46,3.41,3.43,187281.1,64205.477
000887.SZ,20160729,24.17,24.5,23.69,24.21,92134.59,222073.9467
600090.SH,20160729,12.4,12.66,12.3,12.43,33183.28,41328.065
002516.SZ,20160729,5.95,5.99,5.88,5.9,55056.93,32577.8099
600547.SH,20160729,46.15,47.53,45.6,45.81,389262.95,1811634.995
002705.SZ,20160729,16.88,17.08,16.1,16.1,48388.6,80471.464
601333.SH,20160729,4.11,4.18,4.05,4.07,302006.17,124207.806
300518.SZ,20160729,150.0,154.4,148.0,150.0,42325.48,641760.6188
600716.SH,20160729,7.4,7.4,7.29,7.33,47487.8,34937.023
300228.SZ,20160729,17.08,17.54,16.93,17.12,194279.11,334621.3133
002234.SZ,20160729,32.52,33.47,32.4,33.15,37213.65,122809.4922
600176.SH,20160729,11.51,11.79,11.31,11.39,266700.48,308279.324
600126.SH,20160729,6.39,6.44,6.32,6.37,44201.61,28157.468
002341.SZ,20160729,18.21,18.4,17.88,18.1,86061.67,156114.6159
002295.SZ,20160729,15.8,16.19,15.6,15.88,24997.26,39982.6068
603822.SH,20160729,60.8,62.48,59.6,60.64,20181.84,123102.958
300450.SZ,20160729,37.89,37.9,35.91,36.0,136120.13,495802.1176
300132.SZ,20160729,7.97,8.01,7.83,7.85,61273.76,48415.5315
300314.SZ,20160729,22.94,23.09,22.52,22.88,30695.49,70153.5835
600365.SH,20160729,13.48,13.53,13.21,13.46,87529.19,117404.216
002333.SZ,20160729,10.25,10.3,9.95,9.95,62468.41,63124.8917
600587.SH,20160729,23.18,23.28,22.91,22.96,21727.68,50231.137
002412.SZ,20160729,17.77,17.77,17.11,17.43,28120.0,48907.4053
600160.SH,20160729,10.12,10.27,9.98,10.02,154730.56,156896.381
300522.SZ,20160729,104.98,113.4,103.11,106.97,60839.77,665961.1127
600696.SH,20160729,11.93,12.13,11.82,11.89,73750.11,88132.155
603199.SH,20160729,40.05,40.05,39.0,39.24,11218.36,44135.991
002653.SZ,20160729,16.45,16.64,16.33,16.52,25672.71,42286.6891
601999.SH,20160729,9.94,9.96,9.77,9.88,35468.01,35058.265
600216.SH,20160729,13.49,14.38,13.42,14.1,502730.23,703035.9
300131.SZ,20160729,11.18,11.48,11.09,11.11,277661.53,312545.7622
300340.SZ,20160729,60.48,62.49,59.06,61.01,76019.5,464840.4607
000925.SZ,20160729,17.75,18.09,17.73,17.89,34819.0,62291.2269
600350.SH,20160729,5.59,5.93,5.59,5.75,597412.24,343770.034
600074.SH,20160729,15.37,15.5,15.14,15.27,170583.42,261554.235
000903.SZ,20160729,7.9,7.92,7.7,7.76,80344.67,62618.8398
600078.SH,20160729,6.25,6.26,6.14,6.15,56079.28,34754.013
600197.SH,20160729,17.23,17.58,17.0,17.01,154683.49,267003.968
300412.SZ,20160729,34.4,34.43,33.41,33.76,11393.52,38621.0385
002385.SZ,20160729,8.0,8.05,7.88,7.91,76417.26,60502.9159
000960.SZ,20160729,12.7,12.76,12.36,12.45,225101.49,282011.2433
002479.SZ,20160729,10.76,10.87,10.7,10.75,28788.51,30981.3503
600847.SH,20160729,26.2,26.2,25.75,26.06,17789.9,46106.758
600774.SH,20160729,17.91,17.92,17.61,17.66,12450.73,22093.478
600737.SH,20160729,12.05,12.08,11.39,11.49,358121.89,417935.072
603800.SH,20160729,27.5,28.17,26.98,27.82,30002.89,83023.77
600606.SH,20160729,9.32,9.33,9.17,9.2,322175.04,297620.259
300175.SZ,20160729,9.72,10.03,9.63,9.81,89310.97,87967.0073
300349.SZ,20160729,33.37,33.4,32.6,33.21,33985.51,112150.6328
600190.SH,20160729,4.11,4.12,4.05,4.07,83142.6,33913.247
002173.SZ,20160729,18.68,18.78,18.5,18.64,3760.12,7016.147
002458.SZ,20160729,48.9,50.6,48.81,50.4,14301.03,71449.3856
600674.SH,20160729,9.24,9.36,9.12,9.14,229904.01,211845.999
000728.SZ,20160729,18.44,18.51,17.98,18.08,454676.26,827393.0181
002615.SZ,20160729,18.01,18.28,17.8,18.08,42410.48,76519.0827
600367.SH,20160729,14.39,14.59,14.03,14.09,104928.15,150443.061
600199.SH,20160729,10.87,10.99,10.68,10.82,101914.94,110686.944
603599.SH,20160729,17.85,17.96,17.58,17.84,24685.31,43941.189
600168.SH,20160729,10.07,10.25,10.02,10.16,62606.31,63509.518
000692.SZ,20160729,5.56,5.59,5.5,5.54,58786.61,32690.9925
002460.SZ,20160729,34.32,34.58,33.33,33.72,237169.22,804975.0747
600985.SH,20160729,10.9,10.91,10.76,10.84,29560.98,32086.121
600068.SH,20160729,6.74,7.22,6.74,6.95,1713913.93,1203878.126
600104.SH,20160729,23.5,24.26,23.18,23.23,355917.49,843072.763
600093.SH,20160729,13.47,13.57,13.13,13.23,38574.71,51496.01
600692.SH,20160729,15.56,15.69,15.1,15.14,124138.84,190898.428
601567.SH,20160729,14.1,14.15,13.9,14.08,33807.05,47382.773
002435.SZ,20160729,18.65,18.99,17.92,18.55,43122.69,79126.2393
002455.SZ,20160729,9.39,9.39,9.12,9.23,41899.09,38629.8044
002427.SZ,20160729,17.74,18.15,17.6,18.01,43219.25,77274.0706
603508.SH,20160729,91.0,92.1,89.7,90.28,13317.44,121045.071
300505.SZ,20160729,58.0,61.66,57.9,59.0,58385.71,346325.7273
600795.SH,20160729,3.01,3.05,2.97,2.99,1290204.87,388121.114
002122.SZ,20160729,6.37,6.42,6.3,6.35,47711.01,30203.3352
603996.SH,20160729,25.49,25.49,24.8,25.02,44410.58,111437.637
600316.SH,20160729,19.49,19.52,18.92,19.0,51551.74,98811.523
300144.SZ,20160729,22.72,23.19,22.71,22.88,56880.91,130805.7621
300266.SZ,20160729,40.87,40.87,40.41,40.52,10055.03,40757.0275
002739.SZ,20160729,72.15,72.55,70.78,71.35,46146.64,330080.7639
002418.SZ,20160729,9.4,9.65,9.25,9.57,140865.59,133629.1788
002790.SZ,20160729,46.63,47.09,45.9,46.13,26404.1,122647.108
002695.SZ,20160729,51.28,52.18,50.62,51.47,53076.59,273137.2188
600469.SH,20160729,10.04,10.04,9.8,9.91,27479.51,27291.137
603729.SH,20160729,70.0,70.35,68.6,70.02,6497.44,45285.261
000099.SZ,20160729,13.33,13.36,12.97,12.97,91254.89,119953.2631
300100.SZ,20160729,34.33,37.63,34.33,36.6,80595.83,292488.0769
300028.SZ,20160729,14.4,14.65,14.13,14.17,164033.19,234633.4185
600647.SH,20160729,24.73,24.92,24.45,24.72,12500.03,30844.738
600560.SH,20160729,15.25,15.29,15.02,15.09,28573.52,43277.125
000777.SZ,20160729,23.1,23.18,22.6,22.7,63021.91,143957.3839
600767.SH,20160729,15.35,15.54,14.8,14.89,223781.26,339747.475
601566.SH,20160729,16.0,16.15,15.85,16.08,22061.69,35286.34
300020.SZ,20160729,17.23,17.34,16.88,17.0,188356.5,321779.6167
000993.SZ,20160729,8.93,8.99,8.85,8.91,36821.1,32875.949
600677.SH,20160729,19.93,20.08,19.12,19.29,135749.56,265331.215
000520.SZ,20160729,8.31,8.35,8.2,8.24,135293.34,111802.4582
601588.SH,20160729,4.13,4.14,4.11,4.12,72288.26,29807.565
603117.SH,20160729,17.28,17.34,17.02,17.05,27539.3,47200.448
300497.SZ,20160729,138.5,145.58,135.58,142.5,34000.06,480704.9261
300001.SZ,20160729,21.11,21.29,20.66,20.78,58429.73,121799.6505
002607.SZ,20160729,11.59,11.7,11.45,11.56,61436.61,71075.9004
600272.SH,20160729,19.65,19.88,19.04,19.22,44731.1,86835.771
000729.SZ,20160729,7.49,7.51,7.4,7.42,73989.01,55077.5734
600661.SH,20160729,28.62,28.88,28.08,28.19,41409.26,117307.34
601226.SH,20160729,8.94,8.94,8.83,8.87,46151.0,40992.067
000898.SZ,20160729,4.12,4.14,4.09,4.1,75803.71,31152.6693
600962.SH,20160729,17.57,17.8,16.56,16.66,91154.47,155823.667
300365.SZ,20160729,38.8,38.8,37.41,37.78,15431.25,58591.5333
000918.SZ,20160729,6.64,6.9,6.64,6.8,226434.15,153844.8723
002116.SZ,20160729,14.3,14.31,13.88,13.92,31776.9,44683.4999
002747.SZ,20160729,30.18,30.48,29.61,29.97,10051.2,30106.1152
000655.SZ,20160729,7.79,7.81,7.6,7.64,71171.49,54682.6113
002771.SZ,20160729,86.0,86.0,84.05,85.01,4330.29,36933.4881
002080.SZ,20160729,18.0,18.28,17.94,18.09,28849.17,52237.2197
600481.SH,20160729,5.65,5.68,5.59,5.63,64345.93,36224.06
600801.SH,20160729,7.12,7.18,7.05,7.09,57001.85,40578.057
000703.SZ,20160729,10.58,10.64,10.29,10.36,73887.92,77102.4289
000969.SZ,20160729,14.09,14.22,13.7,13.72,195289.36,271202.0521
600515.SH,20160729,13.15,13.48,13.13,13.33,69676.24,92877.903
600890.SH,20160729,10.27,10.46,10.18,10.39,23397.88,24162.86
002194.SZ,20160729,14.61,15.26,14.61,15.18,77417.65,116370.9143
603789.SH,20160729,28.89,29.5,28.38,29.06,16714.01,48270.255
002156.SZ,20160729,12.55,12.74,12.3,12.45,162836.14,203836.6791
600970.SH,20160729,6.77,6.79,6.69,6.7,111680.97,75220.308
601515.SH,20160729,11.53,11.59,11.26,11.37,36274.56,41549.789
300371.SZ,20160729,28.85,29.2,28.4,28.94,7852.7,22732.7144
300135.SZ,20160729,5.25,5.26,5.12,5.19,366296.93,189927.833
000901.SZ,20160729,41.6,41.75,37.9,37.9,187732.69,738892.9127
300225.SZ,20160729,7.15,7.17,7.03,7.03,39659.03,28174.4609
000506.SZ,20160729,7.95,7.95,7.7,7.7,148452.17,115387.6156
002213.SZ,20160729,22.93,23.65,22.28,23.0,29606.47,68565.881
002504.SZ,20160729,9.79,9.83,9.54,9.63,121393.28,117327.405
002489.SZ,20160729,7.43,7.47,7.35,7.39,142447.76,105457.9282
002800.SZ,20160729,80.89,83.48,80.1,81.25,25398.77,207807.7146
002327.SZ,20160729,9.21,9.37,9.12,9.24,64262.12,59368.8168
600959.SH,20160729,10.81,10.82,10.63,10.68,81436.76,87199.881
300053.SZ,20160729,15.83,15.89,15.31,15.35,102290.3,158522.2182
300386.SZ,20160729,27.42,27.57,26.34,26.62,84034.54,225039.5724
002798.SZ,20160729,66.13,67.98,64.68,66.33,25824.17,171588.8201
002424.SZ,20160729,18.97,19.58,18.97,19.23,107221.68,206646.9493
002005.SZ,20160729,5.68,5.71,5.61,5.64,128845.62,72811.7051
002017.SZ,20160729,15.15,15.35,15.04,15.21,41418.88,62913.8072
002008.SZ,20160729,23.4,23.64,22.76,22.78,220337.6,509315.1961
002524.SZ,20160729,7.7,7.84,7.62,7.68,77127.89,59600.485
002296.SZ,20160729,17.58,17.65,16.92,17.05,68967.59,118372.9452
002350.SZ,20160729,20.95,21.3,19.87,19.95,107249.66,218776.2402
002392.SZ,20160729,5.37,5.39,5.2,5.29,217213.41,114732.3719
000166.SZ,20160729,6.2,6.24,6.17,6.18,260897.74,161945.4504
000045.SZ,20160729,12.49,12.72,12.36,12.51,57289.01,71934.7693
600476.SH,20160729,28.81,28.9,28.32,28.48,17913.39,51188.746
600410.SH,20160729,11.09,11.18,10.94,11.08,129612.88,143577.653
300030.SZ,20160729,14.26,14.68,14.15,14.68,66672.16,96228.976
300366.SZ,20160729,32.16,32.39,31.08,31.8,21711.25,68780.1095
300424.SZ,20160729,59.85,59.85,57.85,58.28,7281.86,42772.2134
002130.SZ,20160729,15.15,15.25,14.93,14.99,82634.01,124306.2421
601088.SH,20160729,14.68,14.86,14.61,14.66,100222.15,147675.753
300513.SZ,20160729,103.1,105.5,102.24,103.27,21224.66,220690.0137
002517.SZ,20160729,43.69,43.82,42.27,42.54,11815.84,50664.9761
300070.SZ,20160729,18.09,18.44,17.73,17.9,232124.04,417832.1519
600639.SH,20160729,23.09,23.29,21.0,21.01,327775.66,713975.852
600551.SH,20160729,19.44,19.47,19.03,19.06,26513.29,51003.266
002499.SZ,20160729,22.6,23.34,22.46,22.55,90574.46,207048.7631
300220.SZ,20160729,40.0,40.3,38.0,39.16,102683.48,402627.94
300302.SZ,20160729,28.98,29.45,28.0,28.4,51231.9,146190.2986
601866.SH,20160729,4.04,4.05,3.98,4.0,321875.47,128885.534
603008.SH,20160729,17.28,17.58,17.28,17.36,14551.74,25375.331
002671.SZ,20160729,12.33,12.47,12.18,12.27,34273.76,42212.1654
002457.SZ,20160729,10.95,11.15,10.8,10.86,65294.25,71789.8615
600729.SH,20160729,28.43,28.72,27.83,28.38,46027.48,129997.602
600549.SH,20160729,27.62,27.71,26.68,26.9,169918.28,461863.3
300146.SZ,20160729,13.38,13.46,13.18,13.24,119431.5,158776.3335
002609.SZ,20160729,17.42,17.6,17.12,17.44,43167.56,75111.987
002131.SZ,20160729,19.72,20.16,19.63,19.8,171925.56,343247.6613
002588.SZ,20160729,13.38,13.38,13.05,13.06,74661.56,98384.9802
600735.SH,20160729,15.08,15.13,14.62,14.77,92256.63,136656.174
600482.SH,20160729,31.71,31.71,31.05,31.1,34014.14,106625.548
600891.SH,20160729,12.34,12.39,12.01,12.07,80280.9,97717.817
000005.SZ,20160729,7.18,7.22,7.11,7.16,61075.7,43697.4579
000927.SZ,20160729,4.99,5.0,4.94,4.95,96980.11,48161.2499
300003.SZ,20160729,18.32,18.8,18.32,18.49,66365.86,123435.6064
603696.SH,20160729,40.32,40.65,39.1,40.31,16603.01,66293.288
002201.SZ,20160729,13.3,13.44,12.9,13.22,31365.21,41405.2999
000892.SZ,20160729,16.8,17.18,16.4,16.74,180657.07,303443.3246
600017.SH,20160729,4.1,4.14,4.06,4.12,220910.5,90505.913
000631.SZ,20160729,4.94,4.97,4.82,4.86,70612.18,34377.4598
002578.SZ,20160729,9.47,9.57,9.3,9.36,34595.76,32616.9874
300244.SZ,20160729,30.96,31.15,30.27,30.78,38590.72,118027.038
002254.SZ,20160729,13.85,14.15,13.73,13.95,43427.9,60242.0142
300512.SZ,20160729,83.99,86.57,83.12,83.3,54485.58,459908.2667
600230.SH,20160729,10.28,10.41,10.28,10.37,13733.92,14207.437
600624.SH,20160729,10.29,10.35,9.93,9.99,205884.25,207281.945
000657.SZ,20160729,18.84,19.3,18.28,18.92,431182.91,812957.6815
000636.SZ,20160729,9.51,9.56,9.18,9.32,250993.13,234645.8878
300079.SZ,20160729,8.26,8.32,8.14,8.18,175836.58,144511.9647
000967.SZ,20160729,13.05,13.25,12.97,13.15,32351.05,42342.3567
000061.SZ,20160729,12.1,12.14,12.03,12.06,44751.4,54090.4336
002224.SZ,20160729,20.18,20.34,19.71,20.09,166539.04,333945.4935
300510.SZ,20160729,68.8,71.5,67.14,68.33,32165.32,222556.6901
300367.SZ,20160729,23.7,23.99,23.25,23.9,65579.85,155325.4548
300319.SZ,20160729,28.28,28.56,27.25,27.61,29923.18,83048.5863
002146.SZ,20160729,6.98,7.03,6.95,6.98,79501.66,55595.3867
300033.SZ,20160729,70.15,70.77,67.03,68.05,88695.83,607663.3164
600211.SH,20160729,43.93,44.69,43.77,44.38,6527.06,28974.249
603936.SH,20160729,41.2,41.42,40.0,40.7,35915.77,145986.987
600978.SH,20160729,11.45,11.57,11.24,11.37,194170.92,220994.666
600958.SH,20160729,16.48,16.56,16.41,16.47,164510.4,270906.442
300435.SZ,20160729,19.61,19.7,19.25,19.47,15220.41,29627.9068
300459.SZ,20160729,29.29,29.5,28.61,28.72,34760.64,100522.6545
000585.SZ,20160729,6.14,6.26,6.1,6.13,75417.0,46571.2772
002703.SZ,20160729,34.3,34.96,33.01,33.95,220940.63,750988.2376
600837.SH,20160729,15.46,15.57,15.26,15.26,158163.94,243173.939
002155.SZ,20160729,14.3,14.49,13.81,13.85,286984.77,405689.9176
002181.SZ,20160729,8.28,8.31,8.1,8.14,91389.32,74750.3545
300172.SZ,20160729,9.16,9.17,8.98,9.02,36308.51,32884.7891
002506.SZ,20160729,6.48,6.5,6.38,6.41,332235.86,213554.3118
000065.SZ,20160729,31.8,31.8,30.03,30.06,24687.78,76214.8838
002198.SZ,20160729,13.48,13.92,13.1,13.9,202005.77,272558.3157
002751.SZ,20160729,55.15,55.55,54.0,54.25,33760.74,184191.3422
600488.SH,20160729,6.02,6.06,5.99,6.02,27409.93,16509.525
000545.SZ,20160729,6.4,6.4,6.29,6.32,107829.1,68427.8638
300285.SZ,20160729,36.57,36.77,35.6,36.51,11708.01,42351.9639
600406.SH,20160729,14.6,15.22,14.6,14.93,517480.38,771215.861
002468.SZ,20160729,31.04,31.47,29.3,29.31,176604.8,532688.6828
603567.SH,20160729,21.9,21.95,21.5,21.75,23993.38,52175.077
002670.SZ,20160729,28.58,28.87,28.0,28.15,12659.49,35983.2366
002105.SZ,20160729,9.79,9.88,9.58,9.61,64038.2,62325.4454
002002.SZ,20160729,6.71,6.8,6.65,6.75,97612.36,65641.3959
000679.SZ,20160729,11.93,11.93,11.31,11.42,81780.73,94926.6464
002360.SZ,20160729,12.65,12.67,12.2,12.21,66464.94,82267.1413
600694.SH,20160729,39.21,40.78,39.2,40.21,65760.47,264540.049
600398.SH,20160729,11.85,12.0,11.83,11.86,45953.79,54769.807
600650.SH,20160729,29.25,29.45,28.35,28.38,64108.06,184593.86
002529.SZ,20160729,18.01,18.13,17.2,17.47,41668.16,72934.8101
600152.SH,20160729,10.15,10.24,9.97,10.08,55817.57,56349.628
000020.SZ,20160729,18.6,18.99,18.6,18.82,16834.97,31660.7711
600829.SH,20160729,14.66,14.81,14.52,14.7,19324.93,28374.735
002262.SZ,20160729,19.17,19.21,19.0,19.05,18826.69,35910.1166
002340.SZ,20160729,7.64,7.65,7.45,7.53,517547.23,390447.255
600098.SH,20160729,7.69,7.69,7.59,7.64,75230.98,57454.058
300116.SZ,20160729,19.3,20.15,18.87,19.97,219131.11,430006.3355
600747.SH,20160729,4.28,4.28,4.15,4.17,147495.08,61934.699
600642.SH,20160729,6.03,6.07,5.95,5.95,248414.89,149106.543
002570.SZ,20160729,12.18,12.5,12.18,12.33,177823.49,219570.0425
600302.SH,20160729,8.67,8.69,8.44,8.46,42408.84,36304.884
600156.SH,20160729,9.86,9.98,9.77,9.84,22519.2,22200.404
300475.SZ,20160729,25.21,25.48,24.83,25.12,14424.87,36267.245
000695.SZ,20160729,15.57,15.61,15.2,15.24,18739.93,28813.8845
300250.SZ,20160729,28.06,28.28,27.1,27.21,36594.43,100922.1322
000921.SZ,20160729,10.41,11.11,10.28,10.95,265144.19,283208.4396
002450.SZ,20160729,18.32,18.47,17.91,17.96,319687.1,579317.0685
300498.SZ,20160729,37.46,37.78,36.9,37.6,39521.54,147632.2722
600695.SH,20160729,8.49,8.51,8.32,8.35,38722.22,32503.457
000034.SZ,20160729,29.6,29.6,27.6,28.5,104912.76,299943.6109
002562.SZ,20160729,13.27,14.09,13.1,13.55,145745.85,198516.1374
000063.SZ,20160729,14.81,14.84,14.53,14.56,212165.56,311288.1442
002526.SZ,20160729,10.37,10.97,10.32,10.76,291374.12,310843.7338
002093.SZ,20160729,11.49,11.61,11.21,11.39,148540.84,170490.954
600202.SH,20160729,10.17,10.48,10.1,10.26,46665.86,48054.014
601360.SH,20160729,12.6,12.74,12.46,12.55,49879.97,62741.772
601021.SH,20160729,49.05,49.5,48.35,49.01,23054.19,112845.167
300446.SZ,20160729,44.32,44.45,42.3,42.59,20610.29,89391.2452
002067.SZ,20160729,7.58,7.62,7.47,7.48,196883.52,148342.4581
600305.SH,20160729,11.31,11.45,11.19,11.35,48046.55,54384.979
600699.SH,20160729,34.85,35.17,34.6,34.85,48223.12,168039.579
600575.SH,20160729,4.24,4.27,4.21,4.23,58054.41,24556.949
600834.SH,20160729,14.22,14.36,13.75,13.77,95014.15,133162.437
000612.SZ,20160729,7.6,7.7,7.32,7.56,191410.58,144075.4738
600038.SH,20160729,42.01,42.33,41.5,42.14,30550.12,127861.675
000576.SZ,20160729,13.56,13.64,13.3,13.48,16283.96,21918.1338
300301.SZ,20160729,8.35,8.42,8.17,8.3,71859.43,59736.2515
002738.SZ,20160729,22.0,22.19,21.42,22.0,36221.35,79353.2041
601801.SH,20160729,12.3,12.44,12.02,12.03,59599.25,72640.462
603598.SH,20160729,21.6,21.8,21.25,21.39,32509.38,69817.95
600507.SH,20160729,5.97,6.21,5.96,6.16,195713.61,119956.133
300218.SZ,20160729,19.0,19.3,18.75,18.94,118272.44,225953.4217
002277.SZ,20160729,12.9,12.97,12.34,12.5,104802.16,132372.7114
300192.SZ,20160729,11.95,11.98,11.68,11.82,35144.15,41611.2976
000733.SZ,20160729,20.4,20.44,19.85,19.97,85051.97,170696.8206
300061.SZ,20160729,27.2,28.48,26.8,26.9,58658.35,162091.0393
000778.SZ,20160729,4.74,4.75,4.7,4.71,212993.57,100535.3113
300151.SZ,20160729,12.81,12.87,12.51,12.6,41660.93,52719.0134
600396.SH,20160729,5.61,5.65,5.41,5.43,266827.97,145982.799
000667.SZ,20160729,3.8,3.81,3.76,3.78,244148.64,92332.9948
300036.SZ,20160729,21.77,22.16,21.25,21.59,113061.74,245539.0931
000791.SZ,20160729,10.08,10.27,9.95,10.24,32101.2,32389.1211
600166.SH,20160729,2.77,2.8,2.75,2.75,645422.37,178879.577
600516.SH,20160729,10.44,10.5,10.0,10.09,1146363.65,1170487.474
600289.SH,20160729,13.79,13.9,13.51,13.64,95909.8,131386.113
002396.SZ,20160729,19.01,19.09,18.36,18.57,108233.07,202848.3595
300168.SZ,20160729,23.24,23.58,22.81,22.92,176008.15,406843.4062
002062.SZ,20160729,6.28,6.5,6.14,6.46,143479.38,91195.1188
600072.SH,20160729,14.8,14.94,14.44,14.59,51108.09,74959.116
600016.SH,20160729,9.17,9.2,9.14,9.16,1097914.88,1005606.95
002797.SZ,20160729,35.11,35.5,34.64,34.88,154142.11,540261.9818
300494.SZ,20160729,43.0,43.61,41.88,42.78,64600.34,275196.6145
000716.SZ,20160729,6.89,6.92,6.81,6.9,60795.16,41828.6336
000533.SZ,20160729,10.18,10.63,10.18,10.5,85529.46,89135.0188
601766.SH,20160729,9.08,9.09,9.01,9.03,286787.6,259295.405
002193.SZ,20160729,18.41,19.11,18.2,18.2,48324.67,90164.8357
000750.SZ,20160729,6.96,7.01,6.84,6.87,434343.57,300070.1044
600872.SH,20160729,12.66,12.81,12.6,12.64,47577.47,60387.983
300464.SZ,20160729,18.22,18.23,17.62,17.8,34997.5,62457.0365
600360.SH,20160729,10.9,11.2,10.68,11.1,276173.33,302964.277
002260.SZ,20160729,24.92,25.06,24.54,24.6,31831.69,78919.0453
300479.SZ,20160729,34.0,34.2,32.98,33.23,19569.58,65688.5207
000586.SZ,20160729,19.2,19.36,19.0,19.2,18788.56,36036.771
002758.SZ,20160729,26.12,26.36,26.0,26.06,11105.42,29087.3027
300252.SZ,20160729,31.25,31.5,30.63,31.04,22433.63,69477.8063
002660.SZ,20160729,14.55,14.74,14.23,14.35,50570.78,73080.6717
300014.SZ,20160729,38.5,39.59,37.83,38.67,158777.13,615301.3591
002803.SZ,20160729,31.68,31.68,31.68,31.68,599.03,1897.727
300410.SZ,20160729,43.51,44.24,43.22,43.64,28184.99,123423.022
601666.SH,20160729,4.27,4.31,4.2,4.26,126469.2,53972.435
300164.SZ,20160729,7.56,7.59,7.41,7.47,45921.83,34393.0682
002491.SZ,20160729,16.23,16.35,15.96,16.24,98588.52,159836.1398
600883.SH,20160729,14.61,14.61,14.09,14.22,21813.92,31177.811
600155.SH,20160729,15.68,15.88,14.74,14.84,155419.71,236846.988
600804.SH,20160729,18.78,19.06,18.63,18.89,99835.45,187940.009
300469.SZ,20160729,106.5,106.58,103.0,104.96,6183.61,64774.4314
603009.SH,20160729,39.59,40.7,39.42,39.57,13544.13,54124.095
600657.SH,20160729,5.03,5.05,4.99,5.0,53870.24,27038.805
000856.SZ,20160729,12.55,12.67,12.22,12.44,10763.0,13424.6014
000913.SZ,20160729,14.3,14.86,14.1,14.7,63089.4,91803.457
300236.SZ,20160729,42.51,43.75,41.5,42.46,52763.68,225020.237
600378.SH,20160729,15.38,15.41,14.97,15.03,47044.01,71238.765
002082.SZ,20160729,17.23,17.26,16.8,17.15,45936.95,78066.9246
002523.SZ,20160729,6.32,6.37,6.2,6.24,71811.77,45003.5416
000677.SZ,20160729,5.64,5.98,5.62,5.76,214539.52,124994.4084
601015.SH,20160729,7.01,7.06,6.89,6.9,54399.5,37856.167
600749.SH,20160729,18.14,18.51,18.05,18.41,69412.05,127341.403
600150.SH,20160729,23.6,23.74,23.15,23.36,89511.44,209730.117
300110.SZ,20160729,14.5,15.28,14.5,15.04,280341.88,418397.3528
600527.SH,20160729,5.93,5.98,5.86,5.89,78845.0,46557.665
600310.SH,20160729,8.9,8.92,8.69,8.81,70517.21,62059.756
002309.SZ,20160729,16.54,16.63,16.24,16.25,50657.95,83302.0197
600007.SH,20160729,21.93,22.0,21.51,21.79,27285.13,59365.026
600645.SH,20160729,34.09,34.15,33.46,33.64,40534.94,136713.617
600315.SH,20160729,30.4,30.4,29.56,29.65,119808.75,358480.264
300251.SZ,20160729,11.2,11.22,10.97,11.02,165527.51,183218.8045
600460.SH,20160729,6.89,6.98,6.81,6.87,140144.59,96569.549
600726.SH,20160729,5.31,5.47,5.26,5.32,380065.54,203624.056
002637.SZ,20160729,12.41,12.62,12.25,12.44,32247.95,40043.0385
002559.SZ,20160729,13.98,14.17,13.97,14.0,24468.0,34397.633
000425.SZ,20160729,3.1,3.12,3.08,3.09,266217.94,82569.8952
600099.SH,20160729,11.74,11.8,11.51,11.59,31443.11,36525.747
300243.SZ,20160729,14.44,14.59,14.18,14.43,18574.69,26725.1019
000544.SZ,20160729,15.2,15.23,15.0,15.13,19193.41,28974.7385
300118.SZ,20160729,17.89,18.24,17.88,18.02,111234.88,200788.1592
601218.SH,20160729,5.16,5.18,5.09,5.11,91734.24,47066.782
300066.SZ,20160729,7.71,7.8,7.56,7.65,243896.98,187726.026
000908.SZ,20160729,12.35,12.46,12.2,12.27,30657.02,37702.1904
002137.SZ,20160729,15.0,15.08,14.56,14.66,49063.08,72477.5954
000012.SZ,20160729,10.9,10.95,10.8,10.84,84853.65,92301.2672
300484.SZ,20160729,97.09,100.49,95.27,99.05,21840.59,214562.2347
002273.SZ,20160729,23.58,23.75,22.88,23.07,154479.45,357455.4207
600703.SH,20160729,12.46,12.48,12.2,12.26,129113.85,158687.123
601318.SH,20160729,32.49,32.6,32.31,32.37,229299.63,744105.405
000996.SZ,20160729,19.8,20.15,19.52,19.9,78662.34,156361.5907
002322.SZ,20160729,16.5,16.56,16.19,16.2,39455.05,64408.6438
600708.SH,20160729,9.44,9.44,8.87,8.98,127597.49,115918.995
002371.SZ,20160729,35.89,36.49,34.88,35.6,82853.16,295741.8586
300010.SZ,20160729,19.06,19.3,18.6,18.9,82799.69,156603.2256
002343.SZ,20160729,43.53,43.72,42.5,43.07,19753.99,85020.9133
002329.SZ,20160729,14.34,14.37,13.75,13.99,136938.12,191650.9374
600685.SH,20160729,29.14,29.2,28.1,28.37,57831.91,164994.049
000759.SZ,20160729,7.3,7.42,7.26,7.37,28643.88,21049.9626
600487.SH,20160729,14.89,15.16,14.73,14.74,196260.97,293011.153
300202.SZ,20160729,24.74,24.74,22.98,24.48,80491.03,191238.869
600240.SH,20160729,10.53,10.6,10.25,10.29,117882.71,122578.628
002112.SZ,20160729,19.93,20.18,19.49,19.5,64583.74,127935.4493
000019.SZ,20160729,12.86,13.83,12.86,13.68,662832.08,898143.4195
600807.SH,20160729,15.26,15.48,14.1,14.14,416700.93,612768.458
000862.SZ,20160729,7.69,7.69,7.45,7.5,77140.59,58211.4927
000007.SZ,20160729,16.12,17.55,16.12,17.55,192472.14,330639.537
600641.SH,20160729,12.8,12.87,12.55,12.61,31664.08,40148.873
600811.SH,20160729,6.81,6.87,6.77,6.8,100779.44,68688.032
600382.SH,20160729,16.97,17.17,16.55,16.63,77056.99,128773.056
600326.SH,20160729,8.6,8.77,8.53,8.67,57251.11,49656.483
300327.SZ,20160729,39.5,40.61,39.5,39.58,42736.56,171175.1531
603002.SH,20160729,6.65,6.71,6.51,6.57,73646.2,48656.387
300304.SZ,20160729,26.55,26.8,25.8,26.33,51419.18,134884.9807
002511.SZ,20160729,17.73,17.8,17.09,17.26,29438.86,51241.4834
300432.SZ,20160729,30.1,30.33,29.01,29.95,74470.58,222508.8746
000776.SZ,20160729,16.23,16.38,16.06,16.25,286806.07,465921.9021
000509.SZ,20160729,5.31,5.36,5.17,5.24,88714.31,46654.0568
603198.SH,20160729,24.56,25.2,24.3,24.45,71989.67,178132.684
002042.SZ,20160729,10.73,10.8,10.3,10.41,147614.79,153875.2812
000949.SZ,20160729,4.18,4.2,4.15,4.17,93406.02,39036.4029
600770.SH,20160729,12.38,12.44,12.0,12.11,298099.27,362103.243
002274.SZ,20160729,9.7,9.77,9.5,9.6,82719.59,79824.8802
002136.SZ,20160729,15.16,15.22,14.85,14.96,27747.47,41651.9414
002714.SZ,20160729,26.45,27.07,26.07,26.97,186183.75,495039.5519
601958.SH,20160729,7.9,7.92,7.74,7.79,103357.75,80815.278
600039.SH,20160729,3.87,3.91,3.86,3.88,121996.27,47368.999
600157.SH,20160729,3.96,4.02,3.93,3.96,233891.71,92803.392
600058.SH,20160729,17.97,17.98,17.5,17.6,131146.4,232323.119
600348.SH,20160729,6.86,7.05,6.82,6.88,183935.49,127822.345
300197.SZ,20160729,13.61,13.61,13.25,13.37,43903.1,59190.22
603308.SH,20160729,22.67,22.85,22.1,22.29,37189.42,83226.556
600075.SH,20160729,13.13,13.45,12.66,12.76,326777.35,429369.868
002699.SZ,20160729,34.27,34.32,33.03,33.79,45539.55,152838.8133
600522.SH,20160729,11.92,11.99,11.45,11.51,753398.85,882590.159
000858.SZ,20160729,35.8,37.14,35.69,36.17,387880.38,1412679.615
300238.SZ,20160729,44.15,44.48,41.87,42.77,79414.33,337709.8581
600439.SH,20160729,5.61,5.62,5.47,5.59,100753.43,55997.679
002299.SZ,20160729,28.71,29.5,28.51,29.46,46612.05,135644.9684
000032.SZ,20160729,15.09,15.22,14.9,14.93,33089.44,49677.1387
000668.SZ,20160729,20.86,20.86,20.32,20.39,10243.36,20944.6967
000570.SZ,20160729,8.76,8.8,8.55,8.55,56062.01,48468.4766
000600.SZ,20160729,9.4,9.51,9.3,9.41,150102.05,140947.1689
002247.SZ,20160729,13.8,13.96,13.43,13.69,52735.48,71914.1623
600456.SH,20160729,18.97,19.05,18.48,18.64,58797.75,109995.224
000603.SZ,20160729,20.9,20.98,20.02,20.39,133690.42,274243.6543
600376.SH,20160729,11.3,11.41,11.28,11.35,116285.95,132129.051
600449.SH,20160729,9.54,9.65,9.46,9.53,36713.57,35003.219
002345.SZ,20160729,10.25,10.26,10.08,10.12,51285.46,52080.7823
000662.SZ,20160729,22.7,23.3,22.7,22.74,20279.87,46507.2171
002184.SZ,20160729,22.98,22.98,22.57,22.63,29006.69,65891.4172
002554.SZ,20160729,6.4,6.43,6.22,6.28,85433.23,53797.6039
002423.SZ,20160729,9.5,9.52,9.38,9.43,23258.01,21961.7479
600691.SH,20160729,3.15,3.16,3.12,3.14,118587.95,37205.332
000430.SZ,20160729,11.87,12.4,11.87,12.4,100950.99,123251.8426
000050.SZ,20160729,19.41,19.82,19.1,19.3,214091.93,415761.4117
300199.SZ,20160729,19.76,20.1,19.58,19.64,50158.02,99577.5993
600785.SH,20160729,25.3,26.28,25.27,25.8,21877.07,56706.333
002556.SZ,20160729,9.04,9.06,8.8,8.9,84230.68,75207.9666
002078.SZ,20160729,5.74,6.03,5.72,5.93,609509.23,362143.1721
300439.SZ,20160729,32.7,32.76,31.91,32.08,15773.46,51024.7539
000807.SZ,20160729,6.55,6.55,6.4,6.44,182666.94,117973.3053
002763.SZ,20160729,32.31,32.6,32.12,32.3,11320.77,36629.4691
000046.SZ,20160729,10.12,10.16,9.8,9.93,63915.96,63461.0299
300394.SZ,20160729,36.08,36.52,35.35,35.5,15889.28,57045.1887
002035.SZ,20160729,24.95,25.38,24.41,24.43,28767.48,71605.0795
300265.SZ,20160729,14.35,15.47,14.3,15.42,220066.08,329763.7527
600178.SH,20160729,8.91,8.95,8.6,8.72,35772.3,31281.439
603901.SH,20160729,15.31,15.42,15.03,15.11,32015.28,48620.532
600873.SH,20160729,6.44,6.51,6.3,6.34,427177.56,272547.443
300525.SZ,20160729,22.39,22.39,22.39,22.39,19.0,42.541
603315.SH,20160729,19.51,19.67,19.25,19.49,10871.78,21116.229
000006.SZ,20160729,7.45,7.55,7.38,7.43,113884.42,84909.1958
002305.SZ,20160729,5.8,5.91,5.68,5.85,150591.41,86967.2378
603005.SH,20160729,33.6,33.79,32.85,32.96,26059.59,86415.692
600100.SH,20160729,16.68,16.77,16.25,16.41,878143.06,1446393.391
002571.SZ,20160729,14.5,15.24,14.42,15.23,86003.47,128719.0493
600665.SH,20160729,4.82,4.87,4.79,4.79,47713.42,23053.281
000589.SZ,20160729,5.32,5.35,5.27,5.3,67542.08,35830.0232
002352.SZ,20160729,41.29,43.3,41.1,42.36,75173.63,319430.3597
300393.SZ,20160729,35.01,35.19,34.62,34.8,10274.11,35906.1061
600738.SH,20160729,8.25,8.33,8.19,8.3,66330.71,54870.926
600993.SH,20160729,21.32,22.22,21.3,22.0,155169.03,340379.666
603909.SH,20160729,59.3,61.95,59.3,60.33,59188.93,358992.27
601633.SH,20160729,10.69,11.4,10.69,10.97,557494.37,613847.524
002572.SZ,20160729,56.3,57.3,56.26,56.67,16108.37,91148.4891
300045.SZ,20160729,17.02,17.16,16.6,16.87,55885.6,94341.9081
300185.SZ,20160729,8.9,9.11,8.8,9.05,298010.37,268361.2249
600037.SH,20160729,16.99,17.28,16.66,16.81,263524.82,446796.369
002075.SZ,20160729,15.11,15.26,14.87,15.19,274521.96,414791.6087
002231.SZ,20160729,14.08,14.19,13.78,13.96,45057.0,63018.5021
002443.SZ,20160729,12.38,12.49,12.0,12.08,129864.38,158051.9052
603726.SH,20160729,50.03,51.08,49.35,49.96,18045.0,90800.528
002221.SZ,20160729,12.33,12.42,12.2,12.22,52785.69,64797.4971
002347.SZ,20160729,19.54,20.08,19.38,19.59,47829.07,94154.7787
601880.SH,20160729,6.02,6.07,5.89,5.95,378686.82,225697.681
000753.SZ,20160729,4.52,4.53,4.47,4.47,77455.8,34791.9897
300428.SZ,20160729,81.3,86.55,81.3,83.46,32663.25,274903.2972
000767.SZ,20160729,3.59,3.62,3.58,3.59,91552.8,32899.69
000723.SZ,20160729,13.78,13.98,13.73,13.84,13726.51,18992.2647
600303.SH,20160729,12.13,12.2,11.77,11.86,195168.59,232924.796
300082.SZ,20160729,6.9,6.95,6.77,6.84,48195.97,33058.3018
002279.SZ,20160729,21.4,21.6,20.58,20.8,96544.04,203429.7887
000985.SZ,20160729,23.15,23.24,22.77,23.16,10864.96,25010.7245
603030.SH,20160729,28.1,28.35,27.7,27.77,10299.22,28812.397
002645.SZ,20160729,24.11,24.59,23.62,23.87,23866.46,57281.5449
603111.SH,20160729,13.09,13.15,12.87,13.06,30393.22,39317.812
600027.SH,20160729,5.24,5.25,5.13,5.18,346110.72,180010.15
000078.SZ,20160729,6.81,6.89,6.72,6.78,243314.39,165053.3356
002502.SZ,20160729,25.2,25.65,24.9,25.1,54473.74,136998.8702
000498.SZ,20160729,6.38,6.65,6.38,6.59,135876.27,89562.4573
000816.SZ,20160729,5.8,5.81,5.7,5.74,113039.38,64949.6722
601058.SH,20160729,3.59,3.62,3.52,3.59,399764.44,142808.83
000049.SZ,20160729,37.07,37.43,36.88,37.1,27801.54,103308.6012
600403.SH,20160729,5.68,5.78,5.62,5.72,53445.67,30505.377
000810.SZ,20160729,18.99,19.37,18.51,18.94,136334.17,258316.28
002592.SZ,20160729,32.4,32.4,31.2,31.75,10465.31,33255.0854
002481.SZ,20160729,7.74,7.88,7.71,7.73,142363.49,110920.2264
600558.SH,20160729,4.54,4.54,4.48,4.49,47601.24,21460.41
002508.SZ,20160729,40.65,41.49,40.31,40.77,60104.45,245590.0239
300382.SZ,20160729,35.76,35.76,34.9,35.21,7550.4,26729.0159
600787.SH,20160729,7.97,7.97,7.84,7.87,90907.6,71933.803
002583.SZ,20160729,11.86,12.18,11.47,12.07,184416.76,219298.8843
000552.SZ,20160729,3.69,3.71,3.67,3.68,121695.26,44886.8814
600030.SH,20160729,16.33,16.39,16.19,16.22,416730.38,678560.794
300390.SZ,20160729,13.7,13.9,13.44,13.7,58356.97,79658.4105
600241.SH,20160729,16.3,16.34,15.9,16.1,48220.13,77930.053
300293.SZ,20160729,16.4,16.48,16.0,16.26,25480.58,41339.0396
601018.SH,20160729,5.1,5.1,5.0,5.02,208175.15,105070.927
600258.SH,20160729,20.0,21.38,20.0,20.67,58700.08,122365.363
603678.SH,20160729,69.58,69.58,66.81,67.78,10774.45,72803.236
300429.SZ,20160729,117.85,118.0,114.18,115.8,9023.61,104557.1182
600172.SH,20160729,18.65,19.13,18.48,18.61,244475.21,459263.08
002690.SZ,20160729,21.25,21.46,21.09,21.14,38913.37,82577.8233
002107.SZ,20160729,15.6,15.84,15.53,15.64,16827.4,26325.1753
601689.SH,20160729,28.11,28.65,27.6,28.37,46682.08,131215.893
002474.SZ,20160729,15.3,15.36,14.9,15.2,180747.23,273913.4615
600860.SH,20160729,10.65,10.96,10.5,10.78,147385.81,158905.337
600917.SH,20160729,9.86,10.0,9.78,9.86,26349.1,25956.708
002649.SZ,20160729,36.66,36.95,36.01,36.01,42137.19,153386.3753
002451.SZ,20160729,11.0,11.1,10.62,10.8,47450.54,51242.2412
000707.SZ,20160729,6.8,6.9,6.77,6.81,57387.4,39112.2636
300240.SZ,20160729,10.18,10.24,9.95,10.09,61214.19,61771.9686
600740.SH,20160729,5.65,5.7,5.51,5.54,53279.35,29789.37
300362.SZ,20160729,16.88,16.88,15.73,15.73,150485.77,241461.0983
002793.SZ,20160729,61.5,63.0,60.6,61.25,26233.17,162242.7219
002196.SZ,20160729,28.37,28.75,28.08,28.46,34934.11,99427.7625
000417.SZ,20160729,8.36,8.49,7.92,7.95,245516.4,201264.9977
000698.SZ,20160729,6.95,7.1,6.89,6.93,157839.05,110442.2713
600010.SH,20160729,2.84,2.85,2.82,2.82,360758.97,102235.213
600130.SH,20160729,9.4,9.56,9.28,9.44,286445.07,270391.504
600239.SH,20160729,5.03,5.15,5.01,5.07,216362.07,109806.154
600567.SH,20160729,2.85,2.85,2.82,2.83,109737.0,31119.213
000830.SZ,20160729,4.59,4.6,4.55,4.57,102266.0,46763.2108
002641.SZ,20160729,8.08,8.13,8.01,8.08,18096.21,14646.1939
000739.SZ,20160729,7.87,7.88,7.52,7.66,156816.58,120944.1749
002393.SZ,20160729,37.34,37.99,37.13,37.46,16378.69,61496.5016
300482.SZ,20160729,47.0,47.96,46.0,47.59,14787.45,69399.8212
000859.SZ,20160729,5.2,5.27,5.18,5.23,47715.37,24928.006
000593.SZ,20160729,11.39,11.57,11.13,11.24,39772.51,45186.8505
000400.SZ,20160729,15.7,16.39,15.7,15.94,174005.62,280448.7701
000558.SZ,20160729,15.55,15.75,15.22,15.54,135557.11,209280.737
000517.SZ,20160729,4.62,4.65,4.45,4.53,205759.61,93316.0789
000597.SZ,20160729,9.19,9.35,9.17,9.29,45180.31,41851.0713
000626.SZ,20160729,57.2,57.25,56.08,57.0,24761.32,140517.1706
000663.SZ,20160729,12.43,12.55,12.26,12.34,31362.55,38896.0572
000680.SZ,20160729,4.96,4.96,4.89,4.89,122111.0,60004.4353
000886.SZ,20160729,5.73,5.92,5.68,5.82,120841.78,70273.6179
002374.SZ,20160729,6.61,6.64,6.4,6.41,115406.47,74688.2903
000910.SZ,20160729,16.71,16.88,16.26,16.58,40396.46,66933.3108
000919.SZ,20160729,13.83,14.1,13.79,13.79,45824.08,63898.3351
002012.SZ,20160729,8.33,8.39,8.1,8.27,47735.57,39291.8941
001979.SZ,20160729,15.26,15.46,15.17,15.33,252127.52,386883.0742
002030.SZ,20160729,26.49,26.66,26.1,26.25,87662.92,231332.6257
002087.SZ,20160729,7.78,7.87,7.7,7.74,73752.66,57455.3372
002038.SZ,20160729,32.15,32.54,31.78,31.98,64112.28,205956.6275
002037.SZ,20160729,15.51,15.62,15.4,15.56,18024.62,27929.5401
002096.SZ,20160729,15.48,15.58,15.33,15.4,23255.74,35967.3753
002064.SZ,20160729,4.61,4.62,4.5,4.56,98608.26,44929.4299
002068.SZ,20160729,7.57,7.94,7.52,7.83,196911.39,153797.9964
002206.SZ,20160729,17.09,17.09,16.6,16.76,52291.11,87909.9941
002214.SZ,20160729,12.15,12.28,11.92,12.19,54019.99,65448.1665
002172.SZ,20160729,11.69,12.16,11.66,11.95,220390.56,263886.9824
002287.SZ,20160729,35.6,36.35,35.35,35.83,12781.9,45999.2738
002245.SZ,20160729,11.0,11.02,10.63,10.85,174540.67,189480.5119
002307.SZ,20160729,7.95,8.0,7.79,7.81,65769.86,51826.9011
002365.SZ,20160729,21.0,21.05,19.75,20.7,73097.23,149789.4794
002488.SZ,20160729,18.15,18.28,17.16,17.59,162814.02,287570.5903
002512.SZ,20160729,17.4,17.54,17.1,17.3,50118.65,86564.1226
002549.SZ,20160729,9.68,9.88,9.44,9.5,18476.65,17649.3341
002551.SZ,20160729,21.43,21.58,21.2,21.38,30791.6,66023.2534
002540.SZ,20160729,7.89,7.91,7.71,7.71,57675.55,44921.3117
002603.SZ,20160729,16.1,16.54,16.1,16.29,75145.37,122908.926
002528.SZ,20160729,8.17,8.18,7.95,8.0,59564.18,47768.2208
002629.SZ,20160729,11.79,11.79,11.41,11.63,79295.23,91954.5883
002749.SZ,20160729,78.42,80.15,78.01,79.45,8068.53,63918.2618
002805.SZ,20160729,38.38,38.38,38.38,38.38,728.4,2795.5992
002766.SZ,20160729,41.25,41.92,39.55,41.5,77233.95,314717.5528
300018.SZ,20160729,11.6,11.66,11.09,11.28,120893.49,137597.6801
300089.SZ,20160729,13.96,13.98,13.46,13.79,90384.17,123798.8329
300169.SZ,20160729,10.35,10.39,10.08,10.15,39532.74,40381.1692
300295.SZ,20160729,31.07,31.07,30.06,30.37,58939.91,179381.5033
300273.SZ,20160729,17.9,18.0,17.62,17.8,85929.56,153022.7795
300294.SZ,20160729,72.0,73.59,70.2,70.92,48866.95,350581.8164
300336.SZ,20160729,21.5,21.81,20.37,20.81,323659.94,675662.0415
300476.SZ,20160729,23.4,23.54,22.8,22.8,69473.23,160082.1795
300495.SZ,20160729,43.9,44.3,42.03,42.42,29248.65,125457.748
300519.SZ,20160729,112.45,124.85,111.5,118.2,83420.88,1004085.0871
300517.SZ,20160729,31.01,31.01,31.01,31.01,213.0,660.513
600048.SH,20160729,9.05,9.06,8.99,8.99,228288.67,206000.95
600012.SH,20160729,14.36,14.38,13.6,13.68,72401.3,100292.911
600004.SH,20160729,13.76,13.9,13.53,13.58,86105.88,118097.851
600138.SH,20160729,20.01,20.65,20.0,20.37,137280.17,279922.462
600079.SH,20160729,19.81,20.83,19.67,19.79,737012.46,1488957.191
600113.SH,20160729,14.0,14.21,13.41,13.49,227864.51,314250.642
600077.SH,20160729,4.91,5.08,4.83,4.86,343966.18,169079.645
600111.SH,20160729,13.74,13.77,13.53,13.54,275059.85,374073.094
600195.SH,20160729,22.08,22.36,21.5,21.74,107339.99,235108.436
600281.SH,20160729,6.24,6.26,6.13,6.17,35346.55,21845.468
600259.SH,20160729,53.5,53.9,51.6,51.94,52086.4,272734.593
600180.SH,20160729,16.01,16.07,15.4,15.9,53159.79,83855.945
600529.SH,20160729,18.0,18.5,17.71,18.4,60054.18,109247.824
600418.SH,20160729,11.9,12.09,11.78,11.85,123621.76,147652.709
600426.SH,20160729,9.54,9.64,9.44,9.59,49153.07,46850.399
600623.SH,20160729,18.53,18.99,18.4,18.52,28449.58,52915.513
600605.SH,20160729,19.23,19.48,19.05,19.33,12287.71,23747.854
600626.SH,20160729,12.91,12.94,12.35,12.7,623047.03,788678.452
600556.SH,20160729,15.17,15.25,14.62,14.72,209815.17,311401.846
600702.SH,20160729,23.8,24.27,23.47,23.49,86783.98,207059.747
600690.SH,20160729,10.65,11.33,10.64,10.94,843802.88,927270.842
600727.SH,20160729,8.5,8.54,8.35,8.38,39509.04,33338.297
600967.SH,20160729,10.76,10.9,10.66,10.89,86449.67,93099.159
600897.SH,20160729,21.26,21.52,21.1,21.3,15580.29,33230.625
600983.SH,20160729,12.16,12.55,12.01,12.34,72193.34,88660.266
601118.SH,20160729,5.86,5.86,5.79,5.81,153593.05,89440.828
601010.SH,20160729,5.14,5.17,5.13,5.15,66305.26,34119.656
600894.SH,20160729,14.3,14.92,14.3,14.64,130308.17,191006.449
601669.SH,20160729,5.82,6.08,5.79,5.95,826775.98,494393.623
601918.SH,20160729,3.84,4.02,3.82,4.0,444868.53,175507.975
603222.SH,20160729,16.65,16.71,15.65,15.83,67206.02,108394.593
603311.SH,20160729,21.19,21.19,20.61,20.92,13107.42,27387.747
603558.SH,20160729,19.72,19.75,19.06,19.2,16290.59,31332.152
603333.SH,20160729,7.34,7.39,7.31,7.33,22067.31,16208.413
603100.SH,20160729,14.57,14.62,14.24,14.4,45212.5,64939.656
603806.SH,20160729,46.16,47.16,46.03,46.81,25883.69,120751.062
600170.SH,20160729,4.19,4.32,4.16,4.18,1340123.19,566724.145
002103.SZ,20160729,20.51,20.78,20.12,20.52,65526.81,134216.4354
000701.SZ,20160729,16.3,16.41,16.05,16.15,48444.44,78500.0618
300311.SZ,20160729,20.7,20.89,20.3,20.4,49625.56,101823.4689
300084.SZ,20160729,12.18,12.55,12.16,12.55,81232.56,101074.4889
002638.SZ,20160729,8.86,9.05,8.85,9.0,83998.7,75130.0655
000632.SZ,20160729,8.47,8.6,8.41,8.52,47543.52,40516.1057
300039.SZ,20160729,10.51,10.52,10.31,10.39,65563.54,68231.5205
002681.SZ,20160729,15.6,15.7,15.3,15.35,69706.3,107444.9155
002125.SZ,20160729,21.35,21.62,20.01,20.16,67185.95,138537.4955
002552.SZ,20160729,15.12,15.12,14.55,14.55,53550.37,79156.9614
600295.SH,20160729,8.28,8.94,8.28,8.54,127861.66,109725.117
603088.SH,20160729,43.11,43.87,42.37,42.78,4765.8,20377.263
002272.SZ,20160729,8.09,8.14,7.85,7.92,104970.98,83708.8157
600698.SH,20160729,5.58,5.66,5.5,5.58,50588.2,28308.396
603898.SH,20160729,33.89,35.54,33.52,35.47,24170.33,83279.676
603006.SH,20160729,24.23,24.36,23.4,23.48,23426.19,55588.194
002271.SZ,20160729,20.52,21.16,20.42,20.88,110382.86,230938.502
300516.SZ,20160729,136.0,141.99,134.6,138.2,27621.44,383264.9532
600784.SH,20160729,8.95,9.05,8.83,8.85,91651.01,81945.92
002743.SZ,20160729,14.11,14.24,13.95,14.09,18103.26,25530.141
600717.SH,20160729,10.13,10.41,10.01,10.31,222533.19,227871.316
000971.SZ,20160729,25.76,26.71,25.76,26.32,29180.24,77049.4655
000933.SZ,20160729,4.82,4.85,4.75,4.78,212686.43,102165.7975
000404.SZ,20160729,10.05,10.06,9.32,9.37,196424.1,190768.9823
601992.SH,20160729,4.08,4.08,4.01,4.03,94730.16,38182.046
601177.SH,20160729,9.81,9.96,9.6,9.64,26645.58,25928.994
002243.SZ,20160729,13.4,13.55,12.9,12.93,106551.4,139887.7494
600217.SH,20160729,7.81,7.94,7.73,7.8,39903.72,31295.532
600599.SH,20160729,24.11,25.66,24.11,25.22,52315.63,130856.833
600127.SH,20160729,6.33,6.33,6.18,6.24,85209.99,53249.795
600579.SH,20160729,14.01,14.15,13.52,13.58,21875.07,29987.661
300210.SZ,20160729,15.99,16.21,15.85,16.05,18222.67,29289.9034
600372.SH,20160729,20.36,20.37,19.8,20.01,87730.4,175390.937
600536.SH,20160729,27.55,27.66,26.14,26.3,90833.93,241525.682
002500.SZ,20160729,14.28,14.39,13.96,14.17,346615.68,492058.0273
300174.SZ,20160729,25.6,26.25,25.59,26.02,17369.54,44996.9186
002718.SZ,20160729,69.2,69.44,68.5,69.11,7630.84,52606.4744
300109.SZ,20160729,52.85,53.4,51.55,52.06,25074.59,131449.4419
002044.SZ,20160729,13.5,13.5,13.14,13.15,41968.15,55806.9227
300198.SZ,20160729,15.1,15.1,14.6,14.76,51644.68,76795.5693
002413.SZ,20160729,15.15,15.25,14.84,14.91,152960.75,229133.7426
002600.SZ,20160729,11.2,11.27,10.91,10.93,139668.0,154006.2432
000722.SZ,20160729,14.21,14.32,13.83,13.86,79578.0,111248.2074
603011.SH,20160729,12.16,12.4,11.9,12.31,86898.24,105935.205
600458.SH,20160729,16.71,16.92,16.52,16.71,49354.98,82568.353
000835.SZ,20160729,14.8,15.19,14.6,14.89,181888.43,271048.3152
300217.SZ,20160729,4.38,4.38,4.25,4.29,131773.62,56649.3604
300268.SZ,20160729,16.73,16.92,16.4,16.55,10432.83,17319.7226
300322.SZ,20160729,18.56,18.85,18.4,18.51,46863.09,86950.2252
600477.SH,20160729,7.14,7.15,7.0,7.03,80342.97,56576.909
300259.SZ,20160729,11.13,11.2,10.8,11.07,48767.55,53434.9823
002642.SZ,20160729,23.8,23.98,23.12,23.29,54893.36,128885.538
601231.SH,20160729,11.75,11.75,11.3,11.35,118323.17,135827.69
300087.SZ,20160729,11.3,11.3,10.88,11.24,22770.47,25327.4015
000530.SZ,20160729,10.38,10.49,10.2,10.35,64863.63,67061.2749
600862.SH,20160729,14.23,14.27,13.51,13.6,119603.23,165110.108
002484.SZ,20160729,14.46,14.7,14.36,14.41,34575.64,50206.3253
002369.SZ,20160729,12.1,12.15,11.75,11.91,168726.01,201801.5465
300012.SZ,20160729,11.29,11.39,11.03,11.31,70450.27,78628.4857
002323.SZ,20160729,13.34,13.43,12.84,12.97,98132.57,128017.8869
002779.SZ,20160729,38.5,38.85,37.71,37.96,10228.25,39034.7513
300379.SZ,20160729,67.03,68.28,66.33,67.68,23100.96,155415.0772
300139.SZ,20160729,13.35,13.46,13.17,13.2,35374.47,47020.6709
300313.SZ,20160729,15.25,15.36,14.97,15.09,18121.8,27495.2616
300059.SZ,20160729,19.82,19.88,19.45,19.55,375211.57,736485.0217
002467.SZ,20160729,14.41,14.52,14.1,14.13,144710.68,206524.9453
600602.SH,20160729,10.6,10.97,10.56,10.78,272823.42,295535.142
600866.SH,20160729,5.65,5.71,5.62,5.68,30410.9,17252.932
600980.SH,20160729,27.87,27.97,26.68,27.1,31741.0,86806.517
002092.SZ,20160729,9.01,9.1,8.85,8.89,276029.59,247212.712
002041.SZ,20160729,15.87,15.9,15.35,15.53,40377.11,62972.6387
000989.SZ,20160729,25.64,25.7,24.88,25.14,46204.52,116157.9311
600701.SH,20160729,13.69,13.95,13.45,13.68,36807.32,50441.651
002022.SZ,20160729,19.99,20.13,19.68,20.0,81184.75,161700.0699
002635.SZ,20160729,37.17,39.6,36.51,38.93,153055.66,587497.3384
002179.SZ,20160729,42.01,42.77,41.76,42.38,65288.37,276495.8823
601208.SH,20160729,8.9,9.22,8.73,8.76,309771.81,278321.846
300229.SZ,20160729,19.83,19.9,19.4,19.45,64876.42,127054.0051
601199.SH,20160729,8.53,8.59,8.44,8.53,117376.6,99661.703
002400.SZ,20160729,14.65,14.84,14.49,14.77,57972.82,85207.9172
600095.SH,20160729,9.34,9.41,9.16,9.23,29695.53,27524.216
600589.SH,20160729,9.88,9.88,9.44,9.67,171176.97,164701.535
600793.SH,20160729,22.29,22.48,21.82,22.31,9942.0,22121.869
001872.SZ,20160729,15.88,16.2,15.8,15.97,18941.76,30305.1612
920039.BJ,20160729,5.8,7.1,5.8,7.1,780.0,503.04
920799.BJ,20160729,17.48,17.6,17.47,17.47,30.0,52.55
920964.BJ,20160729,7.49,7.49,7.42,7.42,360.0,268.25
920278.BJ,20160729,6.7,6.94,6.7,6.94,60.0,40.44
920090.BJ,20160729,2.08,2.3,2.08,2.23,746.19,161.85
832317.BJ,20160729,11.21,11.6,11.2,11.6,600.0,683.34
920370.BJ,20160729,7.98,7.98,7.98,7.98,10.0,7.98
920021.BJ,20160729,19.19,19.65,18.62,18.72,330.0,627.35
920510.BJ,20160729,5.66,5.66,5.66,5.66,20.0,11.32
920010.BJ,20160729,2.83,2.85,2.8,2.8,130.0,36.58
920476.BJ,20160729,3.65,3.74,3.6,3.7,690.0,252.37
920682.BJ,20160729,9.8,9.8,9.8,9.8,210.0,205.8
920508.BJ,20160729,7.51,7.51,7.51,7.51,10.0,7.51
920819.BJ,20160729,5.04,5.04,5.03,5.03,60.0,30.21
920263.BJ,20160729,15.65,16.1,15.65,16.1,20.0,31.75
920139.BJ,20160729,4.69,4.69,4.69,4.69,10.0,4.69
920300.BJ,20160729,7.14,7.75,7.14,7.4,690.0,508.7
920718.BJ,20160729,3.4,3.4,3.27,3.3,50.0,16.53
920879.BJ,20160729,6.12,6.2,6.12,6.2,90.0,55.33
920429.BJ,20160729,22.71,24.98,22.71,24.98,8177.51,19025.125
920249.BJ,20160729,6.52,6.52,6.46,6.52,100.0,64.9
920809.BJ,20160729,15.0,15.8,15.0,15.73,13090.0,20280.18
920023.BJ,20160729,2.84,2.88,2.84,2.85,4360.0,1249.59
920556.BJ,20160729,4.35,4.39,4.35,4.38,600.0,262.6
920974.BJ,20160729,3.23,3.3,3.23,3.3,60.0,19.66
920017.BJ,20160729,21.8,21.8,21.8,21.8,20.0,43.6
920982.BJ,20160729,20.78,21.01,20.78,21.01,280.0,584.82
920198.BJ,20160729,7.99,8.25,7.98,8.25,40.0,32.22
920978.BJ,20160729,2.81,3.0,2.8,3.0,160.0,45.01
920469.BJ,20160729,13.0,13.0,13.0,13.0,20.0,26.0
920375.BJ,20160729,16.68,16.75,16.6,16.6,250.0,417.16
920496.BJ,20160729,3.99,4.0,3.99,4.0,20.0,7.99
302132.SZ,20160729,27.05,27.35,25.71,25.82,29319.99,76625.3092
