ts_code,trade_date,open,high,low,close,vol,amount
000430.SZ,20200107,5.3,5.34,5.27,5.34,20502.79,10908.209
000514.SZ,20200107,4.41,4.49,4.4,4.48,191891.86,85288.539
000531.SZ,20200107,6.9,6.98,6.89,6.97,40342.57,28014.127
000539.SZ,20200107,4.14,4.15,4.12,4.14,55079.0,22757.369
000586.SZ,20200107,10.57,10.75,10.57,10.73,58078.0,62007.324
000587.SZ,20200107,2.12,2.29,2.07,2.2,1470146.03,321733.426
000589.SZ,20200107,4.77,4.85,4.76,4.82,189220.44,91098.546
000599.SZ,20200107,4.89,4.91,4.85,4.91,78732.79,38457.933
000617.SZ,20200107,12.1,12.2,12.01,12.13,28162.33,34061.444
000619.SZ,20200107,5.75,5.82,5.74,5.81,34452.26,19935.114
000629.SZ,20200107,2.94,2.98,2.93,2.97,356086.73,105510.254
000657.SZ,20200107,7.02,7.13,6.95,7.0,73157.52,51410.374
000659.SZ,20200107,2.79,2.87,2.78,2.85,79679.53,22602.472
000673.SZ,20200107,5.59,6.0,5.59,5.8,902500.11,523916.657
600009.SH,20200107,75.4,75.4,74.82,75.25,143460.62,1076915.307
600015.SH,20200107,7.68,7.77,7.68,7.71,181606.15,140121.57
600023.SH,20200107,3.97,4.0,3.95,4.0,217108.91,86310.833
600030.SH,20200107,25.4,25.75,25.1,25.7,2003054.4,5097646.988
600035.SH,20200107,3.44,3.47,3.43,3.47,84906.98,29292.621
600050.SH,20200107,6.03,6.04,5.98,6.02,899123.07,540169.555
600058.SH,20200107,8.02,8.08,7.99,8.07,38778.38,31175.796
600062.SH,20200107,13.09,13.17,13.05,13.15,93877.62,123105.455
600066.SH,20200107,14.33,14.42,14.28,14.42,145653.14,209218.007
600070.SH,20200107,10.19,11.28,10.19,11.28,157250.82,175411.245
600086.SH,20200107,3.05,3.17,3.02,3.07,1023490.85,314554.123
600096.SH,20200107,5.46,5.53,5.43,5.5,140409.19,76960.745
600107.SH,20200107,6.8,6.92,6.75,6.9,62644.78,42882.379
600112.SH,20200107,2.21,2.29,2.19,2.26,66814.02,15057.292
600118.SH,20200107,22.23,22.77,22.05,22.52,133229.66,299068.798
600133.SH,20200107,5.41,5.49,5.4,5.47,69043.35,37654.18
600137.SH,20200107,15.43,15.76,15.38,15.67,15848.87,24690.103
600151.SH,20200107,4.95,5.2,4.9,5.12,364950.67,185282.901
600155.SH,20200107,13.87,14.07,13.71,13.98,243591.4,338371.908
600159.SH,20200107,2.6,2.63,2.58,2.62,78662.73,20537.692
600166.SH,20200107,2.15,2.18,2.14,2.15,480849.58,103827.825
600170.SH,20200107,3.59,3.6,3.58,3.6,186023.94,66822.797
600171.SH,20200107,16.69,16.76,16.38,16.67,298806.61,494682.814
600206.SH,20200107,12.93,12.96,12.44,12.78,613900.75,777020.038
600222.SH,20200107,4.49,4.53,4.48,4.53,77622.28,34962.112
600226.SH,20200107,3.32,3.4,3.3,3.37,815684.52,273838.076
600238.SH,20200107,5.96,6.04,5.95,6.04,6500.56,3897.393
600247.SH,20200107,3.9,4.13,3.9,4.09,36543.01,14963.941
600250.SH,20200107,6.5,6.61,6.49,6.58,20396.01,13391.293
600255.SH,20200107,1.65,1.72,1.64,1.72,353599.69,59682.147
600259.SH,20200107,36.0,36.11,35.3,35.66,98645.37,351548.443
600262.SH,20200107,18.48,18.76,18.48,18.74,4454.12,8306.596
600268.SH,20200107,5.39,5.48,5.35,5.44,117086.16,63402.951
002227.SZ,20200107,12.02,12.42,11.56,11.83,54613.56,65195.342
002228.SZ,20200107,4.1,4.15,4.09,4.15,141387.58,58364.282
002231.SZ,20200107,7.17,7.25,7.14,7.24,68707.11,49476.899
002236.SZ,20200107,22.35,22.78,21.51,21.73,617880.07,1356350.731
002255.SZ,20200107,3.3,3.36,3.29,3.35,146996.68,48891.715
002258.SZ,20200107,14.38,14.49,14.18,14.3,55523.13,79559.88
002265.SZ,20200107,9.3,9.3,9.09,9.17,37004.63,33923.419
002275.SZ,20200107,13.18,13.28,13.17,13.27,6575.55,8697.051
002279.SZ,20200107,6.31,6.55,6.27,6.39,294816.44,188013.264
002284.SZ,20200107,5.35,5.43,5.32,5.38,159236.72,85570.438
600312.SH,20200107,6.66,6.77,6.65,6.73,92196.15,61870.359
600320.SH,20200107,3.69,3.72,3.69,3.71,49744.54,18448.013
600327.SH,20200107,3.59,3.7,3.58,3.7,129685.49,47328.603
600352.SH,20200107,14.66,14.69,14.54,14.64,502065.34,733429.434
600365.SH,20200107,4.28,4.38,4.26,4.37,75744.0,32822.335
600367.SH,20200107,7.74,7.83,7.69,7.8,45177.29,35053.727
600370.SH,20200107,3.03,3.05,3.02,3.04,59674.26,18117.133
600382.SH,20200107,7.11,7.24,7.11,7.23,57293.82,41206.264
600388.SH,20200107,10.02,10.17,10.02,10.15,64596.75,65299.292
600389.SH,20200107,21.97,22.2,21.75,21.85,33674.98,73741.353
600397.SH,20200107,2.83,3.09,2.83,3.09,342301.71,102746.199
600415.SH,20200107,4.08,4.13,4.06,4.09,140679.08,57540.568
600416.SH,20200107,6.98,7.13,6.97,7.07,66664.92,46996.935
600420.SH,20200107,8.95,9.09,8.93,9.0,45874.2,41281.846
600428.SH,20200107,3.79,3.81,3.78,3.81,86919.53,32970.818
600433.SH,20200107,3.36,3.41,3.35,3.39,136771.89,46138.145
600444.SH,20200107,10.71,10.83,10.69,10.79,9717.0,10455.153
600460.SH,20200107,16.43,16.53,16.21,16.48,480891.04,788802.486
600470.SH,20200107,4.41,4.42,4.37,4.41,78563.96,34570.718
600497.SH,20200107,4.49,4.57,4.45,4.48,466239.4,209462.219
600500.SH,20200107,5.48,5.62,5.45,5.6,202091.53,112473.416
600516.SH,20200107,12.13,12.55,11.94,12.38,1203464.11,1469790.935
600521.SH,20200107,17.55,17.8,17.55,17.73,103952.77,183749.412
600523.SH,20200107,14.11,15.18,14.06,15.0,96746.83,143005.97
600536.SH,20200107,74.2,79.5,73.13,78.21,319888.42,2442503.638
600578.SH,20200107,3.1,3.13,3.09,3.12,63638.2,19801.474
600582.SH,20200107,3.25,3.37,3.24,3.34,394500.75,130364.362
600589.SH,20200107,5.46,5.65,5.42,5.65,196162.24,108393.372
600593.SH,20200107,43.73,44.09,43.61,44.09,6531.48,28654.507
600598.SH,20200107,11.05,11.65,10.73,11.42,860596.17,962806.813
600601.SH,20200107,3.63,3.7,3.61,3.68,150861.37,55318.517
600619.SH,20200107,8.32,8.42,8.28,8.36,21345.14,17811.47
600629.SH,20200107,8.75,8.85,8.75,8.85,11771.8,10366.064
600635.SH,20200107,5.21,5.34,5.19,5.26,706264.44,370182.312
600638.SH,20200107,7.29,7.34,7.25,7.34,36090.99,26379.327
600642.SH,20200107,5.82,5.84,5.8,5.84,82315.51,47902.3
000973.SZ,20200107,4.97,5.13,4.97,5.07,534151.45,269679.103
000977.SZ,20200107,31.41,31.51,30.78,31.29,297197.24,922709.353
000998.SZ,20200107,19.6,21.26,18.0,20.15,2108387.0,4209619.311
002008.SZ,20200107,42.29,44.55,42.25,44.3,204817.64,897080.808
002014.SZ,20200107,9.8,9.97,9.75,9.91,16934.21,16726.495
002025.SZ,20200107,27.34,27.48,27.1,27.33,46084.71,125789.64
002028.SZ,20200107,14.2,14.52,14.13,14.42,121460.3,174377.698
002051.SZ,20200107,9.73,9.82,9.73,9.79,46705.54,45650.072
002058.SZ,20200107,21.82,22.04,21.63,21.83,5675.36,12378.706
002087.SZ,20200107,3.6,3.69,3.59,3.67,219742.1,80193.39
002092.SZ,20200107,7.08,7.15,7.02,7.08,247366.82,174912.841
002103.SZ,20200107,5.18,5.7,5.12,5.41,749329.52,405216.978
002104.SZ,20200107,8.08,8.46,8.03,8.37,409876.34,338932.661
002119.SZ,20200107,13.4,13.54,13.18,13.47,268366.58,360071.218
002140.SZ,20200107,7.12,7.23,7.11,7.23,50278.97,36051.44
002154.SZ,20200107,3.3,3.34,3.28,3.32,186157.75,61449.677
002179.SZ,20200107,40.64,40.75,39.8,40.08,80023.66,320494.719
002184.SZ,20200107,11.17,11.26,11.05,11.18,59429.21,66250.444
002185.SZ,20200107,7.89,7.94,7.7,7.83,1724506.4,1342972.56
002191.SZ,20200107,11.83,12.07,11.64,12.02,383491.24,455045.263
002194.SZ,20200107,19.49,19.63,19.33,19.53,76996.01,149790.02
002197.SZ,20200107,9.0,10.14,8.96,9.62,616933.46,585736.189
002200.SZ,20200107,6.93,7.1,6.91,7.05,23621.29,16594.112
002209.SZ,20200107,7.23,7.36,7.21,7.3,39802.43,28952.091
002215.SZ,20200107,6.87,7.26,6.76,7.05,318919.13,222965.004
002223.SZ,20200107,20.4,20.88,20.29,20.79,117021.99,242198.856
002224.SZ,20200107,6.29,6.4,6.25,6.4,177136.73,112026.001
002225.SZ,20200107,4.32,4.4,4.32,4.38,46073.01,20122.278
002230.SZ,20200107,36.71,36.82,36.21,36.75,497330.45,1816298.067
002233.SZ,20200107,12.4,12.57,12.23,12.34,236995.14,292382.932
002238.SZ,20200107,8.3,9.13,8.3,8.95,230162.15,201101.367
002243.SZ,20200107,15.2,15.48,15.15,15.35,103130.82,158049.211
002259.SZ,20200107,2.17,2.23,2.15,2.21,77952.2,17107.553
002276.SZ,20200107,8.43,9.09,8.4,8.88,658488.06,579999.573
002287.SZ,20200107,21.96,22.4,21.82,22.39,26230.57,58210.501
002289.SZ,20200107,8.75,8.91,8.75,8.91,39380.38,35033.238
600276.SH,20200107,84.1,85.43,83.68,84.87,189409.18,1603978.43
600281.SH,20200107,4.2,4.25,4.2,4.25,53340.55,22561.928
600291.SH,20200107,9.01,9.17,9.01,9.16,138442.03,126004.33
600305.SH,20200107,15.28,15.71,15.23,15.63,186154.12,288093.539
600329.SH,20200107,13.92,14.08,13.88,14.06,36107.15,50434.404
600345.SH,20200107,23.23,23.28,22.91,23.15,35006.23,80752.142
600350.SH,20200107,4.9,4.91,4.87,4.89,46620.76,22790.956
600369.SH,20200107,5.19,5.26,5.14,5.22,499271.75,259560.287
600380.SH,20200107,10.34,10.52,10.33,10.41,156863.09,163235.259
600422.SH,20200107,10.8,10.91,10.77,10.88,135406.49,146775.381
002454.SZ,20200107,5.14,5.25,5.12,5.19,125287.56,65150.195
002455.SZ,20200107,6.16,6.21,6.06,6.13,109274.86,66790.656
002459.SZ,20200107,11.98,12.88,11.98,12.79,158987.15,200224.04
002462.SZ,20200107,16.5,16.5,16.28,16.45,31265.98,51259.799
002470.SZ,20200107,2.93,3.09,2.9,3.05,1407786.88,421043.455
002483.SZ,20200107,4.3,4.36,4.27,4.35,47803.32,20725.154
002486.SZ,20200107,3.43,3.55,3.41,3.5,344941.0,119468.219
600888.SH,20200107,4.64,4.71,4.62,4.69,117299.23,54868.906
600971.SH,20200107,5.98,6.21,5.95,6.08,323471.42,197219.09
600976.SH,20200107,17.52,17.91,17.5,17.86,24822.51,44111.822
600986.SH,20200107,5.54,5.77,5.36,5.74,1501397.64,841030.16
600992.SH,20200107,7.03,7.11,7.01,7.11,23419.76,16521.825
600993.SH,20200107,17.52,18.07,17.44,18.03,97499.32,173527.02
600997.SH,20200107,5.45,5.63,5.45,5.53,172794.57,95964.752
601006.SH,20200107,8.06,8.12,8.06,8.12,202301.09,163833.359
601009.SH,20200107,8.78,8.89,8.78,8.87,389653.26,344604.138
601010.SH,20200107,3.11,3.17,3.11,3.16,77644.28,24398.637
601021.SH,20200107,42.75,43.75,42.62,43.65,37470.93,161862.443
002266.SZ,20200107,4.26,4.31,4.25,4.28,117321.68,50164.717
002271.SZ,20200107,26.94,27.2,26.52,26.75,114255.97,305337.339
002278.SZ,20200107,6.81,6.89,6.73,6.87,61244.61,41829.549
002290.SZ,20200107,5.15,5.2,5.11,5.13,5579.0,2873.794
600277.SH,20200107,4.57,4.61,4.55,4.58,222550.84,101815.349
600289.SH,20200107,3.73,3.73,3.68,3.73,125439.88,46691.705
600298.SH,20200107,30.19,30.41,29.97,30.29,50894.41,153673.969
600299.SH,20200107,11.17,11.71,11.1,11.48,96715.64,110136.281
600306.SH,20200107,5.92,6.02,5.9,5.94,19015.37,11349.905
600307.SH,20200107,2.07,2.11,2.06,2.1,500711.93,104761.861
600313.SH,20200107,3.52,3.84,3.41,3.6,1730984.45,623549.61
600325.SH,20200107,7.7,7.75,7.65,7.72,203894.4,156895.075
600328.SH,20200107,8.27,8.4,8.26,8.35,70508.38,58770.977
600330.SH,20200107,8.91,9.39,8.58,8.67,1237611.34,1106519.989
600332.SH,20200107,34.81,35.07,34.76,34.96,73243.57,255858.225
600339.SH,20200107,3.61,3.62,3.55,3.58,359172.87,128587.963
600343.SH,20200107,9.55,9.56,9.4,9.49,97338.88,92170.541
600353.SH,20200107,5.72,5.75,5.68,5.74,79111.2,45205.137
600362.SH,20200107,17.05,17.26,16.86,17.1,332207.51,566684.521
600379.SH,20200107,5.71,5.76,5.67,5.74,20385.86,11665.442
600387.SH,20200107,9.25,9.33,9.1,9.29,153154.13,141091.783
600395.SH,20200107,6.17,6.47,6.17,6.28,234280.73,148489.83
600455.SH,20200107,36.4,39.82,36.2,39.82,49468.83,194657.294
600458.SH,20200107,7.62,7.62,7.43,7.49,130911.51,97935.288
600459.SH,20200107,16.11,16.2,15.88,16.13,148146.06,237431.216
600466.SH,20200107,7.39,7.46,7.34,7.44,184625.73,136598.597
600483.SH,20200107,9.23,9.25,9.12,9.23,47194.92,43277.492
600487.SH,20200107,16.59,17.29,16.4,17.1,743119.79,1259252.804
600493.SH,20200107,5.66,5.7,5.64,5.7,20226.61,11492.207
002845.SZ,20200107,19.92,20.02,19.61,19.99,42992.55,85441.72
002848.SZ,20200107,13.11,13.35,13.04,13.29,62963.0,83169.556
002849.SZ,20200107,14.54,14.63,14.51,14.62,14122.93,20577.5
002853.SZ,20200107,18.68,18.88,18.58,18.69,15474.6,28901.044
002881.SZ,20200107,28.33,28.9,28.1,28.88,52008.0,148909.41
002882.SZ,20200107,10.67,10.78,10.66,10.78,19086.0,20461.648
002892.SZ,20200107,29.98,30.1,29.7,30.01,38645.92,115562.07
002896.SZ,20200107,22.47,23.35,22.25,23.1,24091.83,54867.549
002901.SZ,20200107,56.41,57.56,56.41,57.5,9309.76,53171.141
002915.SZ,20200107,27.63,27.78,27.36,27.77,27006.07,74391.122
002922.SZ,20200107,15.59,15.68,15.42,15.66,35397.07,55083.479
002926.SZ,20200107,10.98,11.13,10.88,11.05,436569.68,480150.171
002941.SZ,20200107,17.9,18.18,17.83,18.18,145907.53,263542.906
600658.SH,20200107,5.16,5.23,5.14,5.21,68721.04,35646.913
600664.SH,20200107,3.76,3.81,3.76,3.8,175394.94,66439.934
600665.SH,20200107,3.62,3.65,3.6,3.63,34393.23,12466.562
600698.SH,20200107,3.0,3.04,2.99,3.03,65632.2,19816.489
600711.SH,20200107,5.44,5.46,5.32,5.37,645063.0,347714.248
600731.SH,20200107,7.38,7.44,7.2,7.41,65915.0,48236.271
600744.SH,20200107,2.62,2.66,2.61,2.66,79438.56,21018.032
600745.SH,20200107,93.1,93.99,91.18,91.95,97659.47,902525.212
600746.SH,20200107,7.18,7.23,7.14,7.21,18307.0,13153.32
600765.SH,20200107,10.46,10.57,10.4,10.46,70601.93,73969.592
600771.SH,20200107,17.06,17.37,16.97,17.19,55995.72,96017.695
600796.SH,20200107,5.62,5.72,5.56,5.71,63131.98,35579.376
600800.SH,20200107,5.71,5.9,5.68,5.83,116027.51,67230.902
600808.SH,20200107,3.06,3.11,3.06,3.08,247208.38,76202.226
600810.SH,20200107,8.04,8.13,8.02,8.11,84350.38,68156.734
600819.SH,20200107,4.98,5.05,4.95,5.05,68774.0,34368.496
600820.SH,20200107,6.13,6.16,6.11,6.16,103938.24,63819.774
600837.SH,20200107,15.82,15.86,15.52,15.75,939898.73,1475286.598
600838.SH,20200107,6.43,6.5,6.41,6.5,24888.59,16074.188
600845.SH,20200107,33.0,33.59,32.8,33.59,59222.39,197149.906
600846.SH,20200107,9.5,9.58,9.38,9.52,172444.97,163229.74
600858.SH,20200107,5.23,5.37,5.2,5.32,67657.7,35816.266
600861.SH,20200107,8.66,8.74,8.66,8.72,11065.18,9643.493
600864.SH,20200107,7.99,8.07,7.84,8.03,471727.32,376292.416
600872.SH,20200107,37.87,38.44,37.87,38.31,83198.47,317661.777
600874.SH,20200107,7.36,7.51,7.36,7.49,131360.03,97980.165
600886.SH,20200107,8.78,8.92,8.75,8.88,357724.37,316120.865
002296.SZ,20200107,8.44,8.62,8.28,8.56,220928.76,187187.086
002318.SZ,20200107,9.87,9.96,9.75,9.94,184334.98,182134.871
002324.SZ,20200107,14.39,14.59,14.3,14.43,63910.48,92095.561
002337.SZ,20200107,3.75,3.78,3.75,3.77,48801.37,18364.848
002338.SZ,20200107,13.8,13.92,13.64,13.77,45275.12,62278.64
002341.SZ,20200107,5.9,5.95,5.84,5.92,256059.41,150914.693
002344.SZ,20200107,4.46,4.49,4.42,4.48,151571.09,67596.316
000685.SZ,20200107,8.47,8.53,8.4,8.49,62711.41,53069.588
000690.SZ,20200107,6.12,6.55,6.11,6.46,359929.54,229230.964
000711.SZ,20200107,5.73,5.8,5.66,5.7,273993.04,156638.733
000715.SZ,20200107,6.19,6.3,6.18,6.24,22669.93,14100.569
000720.SZ,20200107,5.83,5.83,5.75,5.77,92722.6,53514.347
000721.SZ,20200107,4.22,4.22,4.15,4.18,53959.98,22539.742
000761.SZ,20200107,3.99,4.07,3.97,4.03,51364.18,20634.595
000778.SZ,20200107,4.15,4.2,4.15,4.19,224907.68,94028.57
000780.SZ,20200107,3.08,3.17,3.05,3.09,94104.08,29373.259
000785.SZ,20200107,9.86,10.09,9.84,10.01,89575.43,89021.551
000786.SZ,20200107,26.83,27.02,26.26,26.48,76555.12,202756.468
000792.SZ,20200107,8.68,8.95,8.61,8.8,205923.99,181103.183
000795.SZ,20200107,6.37,6.38,6.24,6.34,376899.08,237800.973
000825.SZ,20200107,4.1,4.23,4.09,4.2,423473.79,176830.573
000826.SZ,20200107,9.36,9.55,9.31,9.41,169049.18,159382.38
000829.SZ,20200107,6.61,6.7,6.49,6.68,308447.87,203707.775
002327.SZ,20200107,6.93,7.0,6.93,7.0,31756.92,22150.712
002334.SZ,20200107,4.44,4.51,4.43,4.49,61179.89,27410.33
002345.SZ,20200107,4.31,4.34,4.27,4.32,226468.57,97519.695
002348.SZ,20200107,3.33,3.39,3.33,3.38,124154.4,41681.415
002373.SZ,20200107,19.37,19.64,19.13,19.58,326735.04,635547.224
002379.SZ,20200107,3.85,3.88,3.79,3.86,126227.18,48455.766
002387.SZ,20200107,16.08,16.31,15.98,16.06,93609.86,150831.66
002391.SZ,20200107,8.66,8.79,8.59,8.62,61337.61,53098.055
002399.SZ,20200107,20.65,21.68,20.33,21.38,115749.75,245147.317
002403.SZ,20200107,8.76,8.89,8.75,8.88,22784.43,20096.415
002405.SZ,20200107,17.24,17.45,17.11,17.35,724705.58,1252743.756
002406.SZ,20200107,6.09,6.19,6.05,6.07,94405.0,57596.634
002409.SZ,20200107,24.91,26.12,24.9,25.75,124793.77,320700.642
002410.SZ,20200107,34.98,35.18,34.12,34.56,97191.25,334351.453
002420.SZ,20200107,3.91,3.96,3.9,3.93,23749.0,9341.881
002423.SZ,20200107,9.69,9.87,9.69,9.87,63343.15,62032.533
002425.SZ,20200107,6.07,6.68,6.05,6.68,885621.6,568030.787
002443.SZ,20200107,6.85,6.93,6.83,6.89,82194.41,56513.411
002463.SZ,20200107,23.69,23.77,23.31,23.52,388504.59,912052.807
002472.SZ,20200107,5.65,5.69,5.6,5.65,54060.09,30497.313
002476.SZ,20200107,6.7,6.86,6.66,6.8,99350.65,67368.305
600898.SH,20200107,7.77,7.82,7.71,7.82,23972.08,18670.608
600929.SH,20200107,6.73,6.78,6.71,6.76,67570.6,45601.998
600959.SH,20200107,4.02,4.16,4.02,4.15,464381.13,190141.71
600962.SH,20200107,8.28,8.37,8.25,8.33,22078.94,18351.053
600977.SH,20200107,16.64,17.4,16.58,17.15,250709.88,427579.398
600979.SH,20200107,4.26,4.29,4.25,4.28,29971.55,12791.987
600983.SH,20200107,5.03,5.08,5.02,5.07,18255.5,9237.134
600985.SH,20200107,10.11,10.42,10.11,10.23,72638.99,74550.358
600987.SH,20200107,6.64,6.92,6.61,6.9,81551.19,55752.481
600996.SH,20200107,8.35,8.86,8.31,8.79,220479.99,190715.111
300748.SZ,20200107,41.35,41.69,40.9,41.14,169518.31,698665.3
300756.SZ,20200107,36.4,36.67,36.21,36.42,6446.24,23458.637
300760.SZ,20200107,177.6,180.93,176.62,180.7,35443.09,636006.422
300767.SZ,20200107,58.11,60.25,57.61,57.88,18652.02,109745.221
300770.SZ,20200107,143.99,151.59,142.1,150.5,14405.94,214446.571
300783.SZ,20200107,68.01,72.52,67.85,72.08,39450.1,279631.392
300786.SZ,20200107,52.72,53.1,52.7,52.98,5983.19,31653.774
300802.SZ,20200107,51.32,52.24,51.15,52.02,28273.68,146397.674
000009.SZ,20200107,7.65,7.65,7.03,7.16,2758589.54,2024669.748
000012.SZ,20200107,5.0,5.12,4.98,5.03,214815.35,108092.801
000014.SZ,20200107,9.34,10.09,9.33,9.99,94994.9,93167.457
000017.SZ,20200107,4.61,4.69,4.6,4.69,74589.0,34729.837
000056.SZ,20200107,4.29,4.37,4.27,4.36,122196.16,52971.138
000070.SZ,20200107,11.31,11.37,11.2,11.35,198397.44,223803.374
000155.SZ,20200107,4.41,4.5,4.39,4.43,136429.45,60494.216
000157.SZ,20200107,6.65,6.73,6.64,6.68,342502.69,228639.4
000401.SZ,20200107,16.6,17.24,16.59,16.96,396798.64,674428.42
000422.SZ,20200107,2.93,2.96,2.92,2.96,62750.64,18458.36
000423.SZ,20200107,36.57,36.89,36.15,36.48,37192.4,135313.498
000502.SZ,20200107,7.32,7.35,7.25,7.34,13937.49,10189.545
000507.SZ,20200107,6.18,6.21,6.16,6.19,85099.64,52592.22
000513.SZ,20200107,33.51,34.37,33.04,34.0,130604.87,440503.05
000523.SZ,20200107,7.41,7.44,7.33,7.42,151230.33,111777.281
000526.SZ,20200107,30.48,32.12,30.31,32.05,26312.4,83079.941
000538.SZ,20200107,87.94,88.88,87.93,88.56,29602.47,261869.237
000546.SZ,20200107,10.16,10.28,10.08,10.2,41675.23,42447.689
000557.SZ,20200107,3.47,3.5,3.45,3.5,73744.44,25642.183
000576.SZ,20200107,8.1,8.19,8.05,8.08,90619.05,73447.938
000610.SZ,20200107,9.48,9.63,9.41,9.55,92659.89,88302.954
000612.SZ,20200107,4.47,4.51,4.42,4.45,97347.94,43408.241
000625.SZ,20200107,10.47,10.88,10.47,10.7,385306.68,412707.297
000626.SZ,20200107,7.94,7.97,7.8,7.9,30043.74,23770.33
000630.SZ,20200107,2.33,2.37,2.32,2.34,769489.02,180146.09
000655.SZ,20200107,5.77,5.82,5.63,5.72,135263.85,77188.104
000667.SZ,20200107,2.76,2.78,2.75,2.77,150085.28,41449.383
000669.SZ,20200107,3.87,3.91,3.86,3.9,92670.82,36083.894
600020.SH,20200107,4.45,4.48,4.44,4.47,167159.98,74518.837
600026.SH,20200107,6.64,6.64,6.47,6.58,257373.82,167952.443
600028.SH,20200107,5.3,5.3,5.2,5.25,1263481.61,663231.742
600039.SH,20200107,3.37,3.5,3.35,3.5,626194.04,215223.204
600053.SH,20200107,29.01,32.62,29.01,31.54,277464.53,881227.62
600057.SH,20200107,4.21,4.26,4.21,4.25,77023.11,32659.086
600060.SH,20200107,11.11,11.3,11.09,11.16,129997.25,145216.668
600061.SH,20200107,14.61,14.83,14.31,14.69,644294.04,941537.418
600069.SH,20200107,2.69,2.74,2.68,2.73,207664.03,56378.948
600072.SH,20200107,13.74,13.86,13.66,13.86,136430.87,187903.333
600448.SH,20200107,5.66,6.22,5.64,6.16,143752.45,85855.568
600461.SH,20200107,6.06,6.08,6.02,6.05,46534.56,28151.583
600498.SH,20200107,27.88,27.98,27.36,27.56,122644.76,337641.927
600529.SH,20200107,27.15,29.52,27.15,29.15,86170.94,246684.213
600539.SH,20200107,6.79,6.85,6.76,6.79,6684.2,4551.121
600550.SH,20200107,3.18,3.22,3.18,3.21,58405.2,18718.196
600557.SH,20200107,14.63,14.84,14.58,14.82,50737.98,74738.091
600570.SH,20200107,80.05,82.51,79.32,81.6,227288.11,1842082.751
600581.SH,20200107,3.59,3.78,3.57,3.75,872306.04,321765.083
600585.SH,20200107,53.12,54.13,53.12,53.48,234783.33,1256641.148
600586.SH,20200107,2.9,2.96,2.89,2.93,132218.89,38692.321
600596.SH,20200107,10.3,10.35,10.16,10.25,368294.11,377017.273
600639.SH,20200107,13.65,13.74,13.6,13.68,13194.3,18025.027
600643.SH,20200107,9.69,9.77,9.56,9.71,230162.0,222501.131
600649.SH,20200107,5.72,5.82,5.72,5.82,116115.33,67075.976
600660.SH,20200107,25.06,25.25,24.81,24.91,128120.18,319893.725
600676.SH,20200107,4.38,4.42,4.37,4.42,59159.23,26000.349
600677.SH,20200107,9.22,9.5,9.22,9.42,359146.9,337143.344
600688.SH,20200107,4.18,4.2,4.09,4.12,212737.32,87907.329
600694.SH,20200107,28.15,28.55,28.11,28.32,28562.01,80911.746
600697.SH,20200107,18.11,18.29,18.06,18.13,11112.38,20149.798
600713.SH,20200107,4.61,4.64,4.58,4.63,80234.65,37054.075
600721.SH,20200107,6.86,7.09,6.86,7.01,36692.45,25600.692
600730.SH,20200107,5.03,5.13,5.03,5.13,93025.12,47296.248
600732.SH,20200107,8.28,8.37,8.19,8.28,33923.46,27997.698
600736.SH,20200107,5.77,5.83,5.76,5.83,111437.68,64703.26
600741.SH,20200107,27.49,27.6,27.1,27.36,141084.45,385286.364
600743.SH,20200107,2.52,2.54,2.51,2.54,98607.07,24914.517
600759.SH,20200107,3.01,3.03,2.97,3.01,547708.98,164195.556
600763.SH,20200107,95.85,98.49,95.68,97.99,44299.35,431073.955
600776.SH,20200107,21.15,21.46,21.1,21.39,228835.38,488190.716
600782.SH,20200107,5.09,5.21,5.08,5.2,501541.21,258798.771
600790.SH,20200107,3.44,3.48,3.44,3.48,71641.51,24790.02
600791.SH,20200107,3.85,3.92,3.83,3.91,34964.51,13577.049
600826.SH,20200107,11.58,11.67,11.5,11.62,31104.7,36012.934
600834.SH,20200107,7.15,7.18,7.12,7.17,25323.72,18104.984
600844.SH,20200107,5.13,5.17,5.09,5.16,67802.03,34821.697
600847.SH,20200107,11.2,11.28,11.15,11.26,10402.64,11661.439
600853.SH,20200107,3.23,3.28,3.22,3.28,75481.08,24601.201
600862.SH,20200107,11.56,12.15,11.53,11.77,250183.26,296629.8
002303.SZ,20200107,5.62,5.69,5.56,5.68,371889.69,209180.409
002308.SZ,20200107,4.71,4.78,4.69,4.75,251875.79,119423.72
002322.SZ,20200107,12.09,12.24,12.06,12.23,30504.91,37085.59
002323.SZ,20200107,3.52,3.69,3.46,3.69,144349.0,52404.242
002326.SZ,20200107,10.18,10.75,10.15,10.61,463530.88,489592.916
002331.SZ,20200107,10.21,10.22,10.11,10.2,25002.83,25427.057
600511.SH,20200107,29.6,30.2,29.15,29.66,64044.78,189333.508
600512.SH,20200107,2.85,2.95,2.84,2.92,585097.88,169896.154
600520.SH,20200107,11.0,11.1,10.93,11.09,19567.28,21558.053
600525.SH,20200107,6.02,6.03,5.96,6.01,195322.82,117251.333
600530.SH,20200107,4.94,5.02,4.94,5.01,50973.88,25434.989
600532.SH,20200107,3.86,3.94,3.84,3.88,182668.2,70773.867
600543.SH,20200107,5.96,6.0,5.91,5.98,43727.56,26021.69
600547.SH,20200107,36.79,37.07,36.01,36.76,707042.72,2588258.914
600559.SH,20200107,11.17,11.4,11.11,11.39,238134.05,268777.424
600563.SH,20200107,50.41,51.8,49.9,50.59,24914.04,126137.147
600565.SH,20200107,3.5,3.56,3.48,3.52,173529.24,60808.835
600579.SH,20200107,6.83,6.84,6.74,6.81,34096.96,23157.308
600594.SH,20200107,5.05,5.16,5.03,5.15,166232.13,85106.326
600605.SH,20200107,11.74,11.84,11.67,11.77,12290.26,14428.468
600608.SH,20200107,4.65,4.75,4.65,4.73,18734.82,8835.889
600614.SH,20200107,1.96,1.98,1.93,1.98,336794.6,66537.791
600616.SH,20200107,5.07,5.15,5.06,5.13,47830.53,24417.401
600620.SH,20200107,6.56,6.68,6.56,6.67,42469.93,28164.132
600623.SH,20200107,6.83,6.92,6.81,6.91,81994.02,56353.073
600633.SH,20200107,10.48,10.86,10.27,10.6,411008.82,435480.99
600644.SH,20200107,5.64,5.68,5.62,5.67,21810.04,12339.179
600652.SH,20200107,2.82,2.82,2.82,2.82,7507.27,2117.05
600661.SH,20200107,17.69,18.31,17.68,18.17,16865.46,30436.807
600663.SH,20200107,13.58,13.68,13.57,13.63,28058.83,38220.719
600668.SH,20200107,15.7,15.87,15.63,15.76,88628.76,139363.647
600681.SH,20200107,6.94,7.01,6.9,6.99,70090.21,48735.075
600682.SH,20200107,10.0,10.65,9.99,10.57,279737.51,291784.294
600683.SH,20200107,4.6,4.68,4.56,4.67,115419.32,53224.12
600705.SH,20200107,4.88,4.92,4.84,4.9,473042.91,230676.441
600716.SH,20200107,4.29,4.44,4.27,4.4,154892.81,67438.611
600719.SH,20200107,4.71,4.8,4.6,4.73,43800.6,20629.875
600725.SH,20200107,2.61,2.65,2.59,2.64,39998.81,10495.237
600728.SH,20200107,9.91,10.03,9.83,9.97,296834.75,294930.719
600733.SH,20200107,6.15,6.2,6.09,6.13,176077.99,108040.121
600737.SH,20200107,8.77,8.87,8.64,8.79,241033.84,211626.987
600748.SH,20200107,6.02,6.12,6.0,6.1,122387.09,74320.781
600749.SH,20200107,9.64,9.73,9.6,9.72,23871.03,23093.59
600755.SH,20200107,7.47,7.53,7.44,7.52,175441.54,131395.835
600764.SH,20200107,30.29,30.29,29.68,29.95,23126.02,69200.61
600767.SH,20200107,4.84,4.97,4.8,4.95,32280.5,15762.043
600768.SH,20200107,12.84,12.99,12.6,12.91,107958.94,138365.552
600773.SH,20200107,5.83,5.94,5.8,5.9,92573.51,54300.217
600781.SH,20200107,5.9,5.96,5.88,5.94,82012.9,48630.374
600798.SH,20200107,3.6,3.63,3.59,3.63,79762.9,28819.832
600801.SH,20200107,25.87,26.25,25.38,25.92,209106.34,540638.103
600802.SH,20200107,8.75,8.91,8.67,8.79,126431.51,110767.026
002361.SZ,20200107,4.47,4.54,4.45,4.52,92878.04,41745.593
002375.SZ,20200107,5.87,5.95,5.84,5.95,50086.09,29616.773
002380.SZ,20200107,14.27,14.46,14.23,14.41,19951.63,28686.315
002385.SZ,20200107,7.29,7.29,7.29,7.29,91526.88,66723.095
002392.SZ,20200107,3.96,3.99,3.93,3.96,109178.42,43054.911
002407.SZ,20200107,13.38,13.45,13.21,13.4,242775.06,323525.752
002429.SZ,20200107,3.73,3.75,3.64,3.7,684405.81,251853.011
002430.SZ,20200107,13.49,13.64,13.38,13.61,89170.2,120704.602
002433.SZ,20200107,4.66,4.71,4.64,4.71,69374.79,32456.295
002448.SZ,20200107,5.49,5.54,5.46,5.53,77705.19,42780.486
002449.SZ,20200107,13.95,14.05,13.67,13.84,227697.0,314157.823
002464.SZ,20200107,7.1,7.29,7.08,7.2,309403.94,222302.955
002473.SZ,20200107,8.82,8.96,8.81,8.94,8598.56,7654.051
002474.SZ,20200107,8.73,8.95,8.66,8.9,174219.69,153605.981
002478.SZ,20200107,6.08,6.11,6.04,6.08,81444.25,49467.888
002479.SZ,20200107,6.99,7.06,6.96,7.05,125534.61,88219.704
002480.SZ,20200107,4.06,4.09,4.03,4.08,40932.12,16624.349
002487.SZ,20200107,5.53,5.75,5.53,5.65,131058.25,73968.867
600891.SH,20200107,1.6,1.62,1.56,1.61,96012.1,15318.04
600894.SH,20200107,7.69,7.94,7.69,7.93,125116.6,98389.186
600897.SH,20200107,22.5,22.65,22.45,22.57,12492.99,28162.314
600900.SH,20200107,18.22,18.26,18.1,18.19,232106.68,421457.432
600909.SH,20200107,7.45,7.7,7.36,7.52,982458.24,738286.671
600928.SH,20200107,7.52,7.65,7.51,7.59,215599.41,163078.225
600960.SH,20200107,3.27,3.35,3.27,3.34,87805.05,29059.351
600975.SH,20200107,8.24,8.84,8.24,8.48,386692.04,328613.298
600989.SH,20200107,9.77,9.82,9.69,9.75,145292.38,141637.741
601003.SH,20200107,5.54,5.74,5.54,5.73,223404.87,126888.709
601015.SH,20200107,3.28,3.44,3.27,3.31,303821.72,101614.138
601098.SH,20200107,12.21,12.65,12.15,12.48,95229.04,118485.221
601158.SH,20200107,5.64,5.67,5.63,5.67,40603.02,22960.476
601163.SH,20200107,15.51,15.56,15.32,15.5,60464.88,93326.448
601199.SH,20200107,3.81,3.84,3.8,3.84,24265.51,9293.439
002491.SZ,20200107,6.97,7.03,6.9,6.97,146390.54,101786.33
002499.SZ,20200107,4.73,4.76,4.68,4.75,13698.58,6469.315
002535.SZ,20200107,2.91,2.97,2.9,2.97,95448.16,28048.949
002540.SZ,20200107,4.8,5.07,4.71,4.88,427691.59,209431.967
002542.SZ,20200107,3.84,3.9,3.83,3.9,89199.12,34527.875
002550.SZ,20200107,4.62,4.66,4.59,4.66,58614.34,27108.923
002552.SZ,20200107,27.55,27.55,24.3,26.39,198096.77,528276.002
002553.SZ,20200107,5.56,5.59,5.53,5.57,27697.92,15389.855
002564.SZ,20200107,4.77,4.82,4.73,4.81,100394.0,48082.47
002565.SZ,20200107,6.59,6.64,6.5,6.61,381136.81,250605.915
002567.SZ,20200107,9.19,9.5,9.19,9.46,474605.69,444252.41
002578.SZ,20200107,3.68,3.69,3.57,3.68,106966.42,38828.169
002594.SZ,20200107,48.31,48.5,47.77,48.05,93400.58,449013.435
002595.SZ,20200107,19.28,19.32,19.02,19.27,13728.54,26317.057
601001.SH,20200107,4.42,4.55,4.41,4.49,273173.06,122674.24
601012.SH,20200107,27.6,27.94,27.19,27.63,351610.09,970942.77
601019.SH,20200107,7.11,7.28,7.11,7.24,84065.7,60535.382
601028.SH,20200107,5.3,5.38,5.26,5.35,38509.44,20505.154
601058.SH,20200107,4.45,4.5,4.45,4.48,191510.69,85680.661
601099.SH,20200107,3.74,3.78,3.7,3.76,1376273.89,514618.257
601100.SH,20200107,47.2,47.88,46.97,47.22,30251.58,143271.293
601101.SH,20200107,4.9,5.07,4.9,5.04,189809.61,95037.477
601107.SH,20200107,4.07,4.12,4.05,4.09,213389.4,87174.593
601118.SH,20200107,5.14,5.2,5.11,5.15,253159.58,130372.855
601127.SH,20200107,11.45,11.54,11.42,11.53,27595.89,31704.228
601138.SH,20200107,17.92,17.94,17.62,17.86,502766.47,893421.101
601211.SH,20200107,19.09,19.24,18.86,19.04,323597.14,616014.303
002489.SZ,20200107,4.36,4.6,4.36,4.51,257745.23,115601.989
002494.SZ,20200107,5.7,6.01,5.68,5.91,253900.76,147957.813
002500.SZ,20200107,8.3,8.39,8.22,8.34,274235.6,227741.935
002503.SZ,20200107,2.52,2.68,2.52,2.59,1532403.79,396965.653
002512.SZ,20200107,7.01,7.8,6.94,7.56,1053156.3,774501.849
002514.SZ,20200107,5.75,5.77,5.66,5.76,111674.69,63918.057
002539.SZ,20200107,4.94,4.98,4.91,4.96,75741.3,37523.466
002541.SZ,20200107,11.01,11.82,11.01,11.64,69570.8,80498.576
002545.SZ,20200107,7.62,7.63,7.57,7.59,53151.57,40365.998
002558.SZ,20200107,19.63,20.15,19.63,19.99,122289.42,244017.24
002581.SZ,20200107,6.89,7.05,6.86,7.04,191471.68,133095.248
002589.SZ,20200107,7.38,7.4,7.21,7.29,633469.36,462026.006
000831.SZ,20200107,13.35,13.43,13.15,13.29,313172.99,414595.447
000880.SZ,20200107,7.89,7.96,7.87,7.96,15005.47,11903.014
000887.SZ,20200107,9.86,10.2,9.82,9.93,262394.85,262109.699
000900.SZ,20200107,4.44,4.48,4.43,4.48,75377.39,33634.003
000906.SZ,20200107,6.05,6.13,6.05,6.1,43532.64,26479.937
000911.SZ,20200107,6.21,6.45,6.15,6.45,72583.82,45979.504
000931.SZ,20200107,9.83,9.92,9.76,9.85,105328.71,103733.475
000962.SZ,20200107,7.34,7.45,7.28,7.4,72686.78,53631.962
000975.SZ,20200107,14.88,15.14,14.65,14.93,447208.5,666520.462
000983.SZ,20200107,6.1,6.26,6.09,6.18,357204.78,221030.572
001696.SZ,20200107,6.08,6.13,6.04,6.11,104870.66,63751.017
002004.SZ,20200107,5.0,5.05,4.98,5.04,122732.91,61648.242
002022.SZ,20200107,11.9,12.12,11.84,12.04,127655.49,153203.975
002035.SZ,20200107,13.2,13.36,13.14,13.32,129612.1,172006.216
002036.SZ,20200107,18.78,18.88,17.78,18.11,649151.51,1176973.125
002038.SZ,20200107,13.28,13.59,13.28,13.52,114164.72,153701.189
002061.SZ,20200107,5.93,5.99,5.9,5.97,83037.13,49378.429
002063.SZ,20200107,12.72,13.17,12.63,13.11,439094.42,568908.031
002066.SZ,20200107,7.81,7.93,7.81,7.9,30524.9,24017.997
002075.SZ,20200107,6.43,6.58,6.39,6.48,343234.72,223143.841
002098.SZ,20200107,7.12,7.55,7.1,7.11,188343.94,135882.613
002105.SZ,20200107,6.7,7.68,6.7,7.21,407934.93,293548.107
600084.SH,20200107,2.59,2.63,2.58,2.62,48238.01,12600.668
600094.SH,20200107,6.09,6.18,6.03,6.13,385225.48,235647.33
600097.SH,20200107,10.09,10.19,9.91,10.17,20472.99,20710.223
600101.SH,20200107,7.38,7.42,7.31,7.35,41242.54,30372.594
600103.SH,20200107,2.11,2.16,2.11,2.14,274318.65,58731.042
600123.SH,20200107,6.49,6.65,6.47,6.57,210113.05,138301.392
600132.SH,20200107,50.85,50.95,50.51,50.82,21691.95,110085.718
600135.SH,20200107,7.44,7.44,7.3,7.37,47576.19,35030.032
600141.SH,20200107,10.6,10.6,10.45,10.53,133484.55,140300.78
600146.SH,20200107,14.2,14.21,13.9,14.1,74311.71,104244.871
600148.SH,20200107,13.77,14.02,13.7,14.0,16740.02,23299.119
600158.SH,20200107,10.02,10.32,10.02,10.29,166979.05,170728.741
600173.SH,20200107,5.22,5.25,5.18,5.22,23989.74,12493.761
600175.SH,20200107,1.89,1.95,1.85,1.92,665679.78,127227.738
600182.SH,20200107,16.25,16.34,16.23,16.29,11495.53,18705.571
600183.SH,20200107,23.51,23.75,23.02,23.3,447595.89,1039496.425
600201.SH,20200107,19.61,19.94,19.36,19.58,190164.56,374793.753
600202.SH,20200107,4.97,5.1,4.96,5.07,52613.46,26589.982
600209.SH,20200107,3.24,3.35,3.23,3.35,46074.93,15282.281
600229.SH,20200107,7.71,8.46,7.62,8.46,317660.18,258282.336
600241.SH,20200107,5.18,5.26,5.16,5.26,46185.13,24100.449
600265.SH,20200107,24.03,24.16,24.03,24.09,717.01,1727.491
600266.SH,20200107,8.1,8.18,8.07,8.16,101778.63,82715.564
000678.SZ,20200107,7.06,7.15,7.02,7.09,41396.87,29317.75
000679.SZ,20200107,3.86,3.97,3.84,3.92,81198.5,31669.038
000680.SZ,20200107,3.64,3.7,3.63,3.69,145067.18,53258.819
000688.SZ,20200107,13.68,14.16,13.65,14.11,98437.78,137509.139
000701.SZ,20200107,5.47,5.65,5.43,5.65,91186.09,50774.434
000705.SZ,20200107,6.64,6.94,6.64,6.79,69997.02,47333.07
000725.SZ,20200107,4.73,4.77,4.65,4.68,6537647.13,3072428.716
000727.SZ,20200107,2.09,2.11,2.08,2.11,400036.31,84093.656
000735.SZ,20200107,10.05,10.38,10.02,10.27,595278.19,610658.235
000752.SZ,20200107,4.83,4.98,4.78,4.86,37134.52,18155.454
000758.SZ,20200107,4.62,4.65,4.54,4.58,224251.1,102812.522
000777.SZ,20200107,12.55,12.68,12.47,12.61,47441.04,59562.641
000789.SZ,20200107,11.97,12.11,11.79,11.95,292842.54,349527.768
000806.SZ,20200107,2.28,2.32,2.27,2.31,100399.01,23085.059
000811.SZ,20200107,7.17,7.29,7.16,7.27,71051.44,51488.381
000813.SZ,20200107,6.23,6.38,6.22,6.34,236140.56,149214.468
000821.SZ,20200107,7.3,7.79,7.24,7.79,590580.03,445469.153
000835.SZ,20200107,5.06,5.25,5.0,5.13,329268.28,169583.057
000848.SZ,20200107,7.88,7.98,7.85,7.96,82023.24,64943.853
000860.SZ,20200107,50.5,52.05,50.4,51.9,49281.47,253391.161
000875.SZ,20200107,3.41,3.52,3.39,3.44,593796.89,204942.343
000876.SZ,20200107,20.81,21.75,20.73,21.49,594039.77,1267409.638
000882.SZ,20200107,2.31,2.35,2.3,2.35,413897.04,96453.497
000893.SZ,20200107,6.48,6.56,6.32,6.45,58714.44,37676.738
300593.SZ,20200107,18.42,18.77,18.42,18.64,29745.48,55324.026
300606.SZ,20200107,23.61,24.0,23.53,23.73,28653.1,67942.384
300613.SZ,20200107,160.67,165.49,158.03,164.8,13226.73,214180.176
300616.SZ,20200107,76.17,77.35,76.05,76.66,4220.46,32302.782
300620.SZ,20200107,40.51,41.03,40.3,41.03,10314.34,41972.34
300633.SZ,20200107,24.24,25.1,24.01,24.88,18561.8,45752.744
300634.SZ,20200107,18.54,18.91,18.37,18.91,28722.95,53643.724
300664.SZ,20200107,13.1,13.59,13.1,13.48,115819.94,155603.564
300671.SZ,20200107,23.96,25.35,23.7,24.22,126785.4,307799.099
300676.SZ,20200107,67.39,68.0,67.0,67.96,43484.62,294132.216
300681.SZ,20200107,34.39,34.4,34.02,34.18,1937.0,6616.806
300694.SZ,20200107,14.91,15.3,14.85,15.07,59704.46,89902.883
300697.SZ,20200107,14.91,15.18,14.91,15.18,27327.32,41254.634
300707.SZ,20200107,20.95,20.95,18.05,19.41,278594.73,540188.014
300716.SZ,20200107,10.53,10.67,10.53,10.67,33743.65,35820.487
300731.SZ,20200107,29.53,29.98,29.2,29.95,25696.69,76334.561
300739.SZ,20200107,20.7,21.17,20.45,21.06,98503.33,205236.174
300742.SZ,20200107,22.81,23.44,22.81,23.03,25683.25,59232.765
300750.SZ,20200107,109.01,109.64,107.41,108.5,135075.44,1461154.189
300768.SZ,20200107,37.51,38.53,37.23,38.38,36082.5,136580.456
300777.SZ,20200107,32.1,32.41,31.67,32.18,24506.65,78243.906
300781.SZ,20200107,38.7,40.58,37.81,39.9,76180.9,299147.258
300795.SZ,20200107,31.2,32.18,30.86,31.48,62943.56,198215.215
300798.SZ,20200107,16.6,16.85,16.55,16.71,62958.26,105221.353
000001.SZ,20200107,17.13,17.28,16.95,17.15,728607.56,1247047.135
000011.SZ,20200107,9.39,9.59,9.38,9.55,38003.71,36145.655
000019.SZ,20200107,6.34,6.42,6.3,6.39,60195.22,38398.493
000039.SZ,20200107,9.83,9.93,9.81,9.86,73668.58,72608.971
000049.SZ,20200107,43.04,43.08,42.18,42.86,75487.8,321388.081
000059.SZ,20200107,6.32,6.35,6.28,6.34,179481.44,113324.292
000063.SZ,20200107,36.7,36.9,36.07,36.6,823031.54,3001279.953
000066.SZ,20200107,15.68,16.14,15.58,16.03,946534.2,1509160.132
000068.SZ,20200107,4.17,4.22,4.15,4.21,159523.39,66813.867
000088.SZ,20200107,5.67,5.72,5.65,5.71,50993.84,29036.693
000158.SZ,20200107,6.75,6.93,6.7,6.92,507188.7,347054.184
000415.SZ,20200107,3.78,3.81,3.76,3.8,217780.33,82421.713
000425.SZ,20200107,5.58,5.74,5.57,5.63,1165836.12,657402.529
000516.SZ,20200107,4.87,4.92,4.85,4.91,98986.47,48457.428
000517.SZ,20200107,2.76,2.78,2.74,2.78,138903.0,38386.63
000521.SZ,20200107,3.48,3.56,3.48,3.54,102369.4,36007.172
000530.SZ,20200107,3.94,4.0,3.93,3.99,63000.02,25070.008
000544.SZ,20200107,6.45,6.53,6.45,6.52,47059.66,30506.825
000551.SZ,20200107,6.99,7.1,6.95,7.03,53284.24,37439.597
000552.SZ,20200107,2.59,2.7,2.59,2.65,327543.66,87034.225
000561.SZ,20200107,7.37,7.46,7.28,7.42,131060.41,96660.986
000564.SZ,20200107,2.43,2.45,2.42,2.45,223882.02,54564.558
600804.SH,20200107,6.6,6.77,6.52,6.66,529362.09,351918.098
600807.SH,20200107,3.83,3.85,3.76,3.81,41957.19,15961.006
600812.SH,20200107,8.9,9.06,8.81,8.96,292111.27,261136.385
600830.SH,20200107,5.54,5.64,5.54,5.61,47503.34,26573.691
600867.SH,20200107,13.05,13.16,12.97,13.1,398508.55,520213.151
600869.SH,20200107,5.24,5.29,5.12,5.17,378592.92,196597.77
600877.SH,20200107,6.37,6.41,6.28,6.33,90090.84,57104.97
600883.SH,20200107,9.19,9.82,9.09,9.69,100802.57,94392.433
002304.SZ,20200107,109.5,112.0,108.71,110.47,82165.33,910347.126
002310.SZ,20200107,5.35,5.47,5.31,5.38,403038.6,216829.416
002313.SZ,20200107,20.43,20.98,20.26,20.8,55305.1,114379.21
002314.SZ,20200107,3.11,3.15,3.1,3.14,71095.84,22208.888
002315.SZ,20200107,22.82,25.38,22.5,24.06,212325.16,505581.542
002316.SZ,20200107,7.95,8.13,7.83,8.07,178167.76,142207.41
002325.SZ,20200107,3.28,3.32,3.26,3.32,92895.52,30615.617
002329.SZ,20200107,4.89,4.95,4.83,4.93,161261.87,79074.89
002330.SZ,20200107,7.94,8.25,7.9,8.24,204196.63,165867.83
002332.SZ,20200107,9.77,10.45,9.76,10.28,467333.11,475154.096
002350.SZ,20200107,5.75,6.07,5.75,5.93,101464.57,59886.982
002352.SZ,20200107,37.0,37.88,36.9,37.7,107220.76,401789.986
002363.SZ,20200107,6.26,6.45,6.25,6.35,98507.97,62564.759
002366.SZ,20200107,7.4,7.52,7.35,7.41,194261.14,143621.389
002367.SZ,20200107,7.95,8.14,7.93,8.08,162253.32,130580.766
002381.SZ,20200107,8.45,8.53,8.39,8.53,54595.24,46258.246
002384.SZ,20200107,26.8,27.24,26.45,26.65,332068.1,889401.224
002393.SZ,20200107,27.4,27.6,27.28,27.6,12999.96,35742.074
002408.SZ,20200107,7.37,7.44,7.3,7.4,131689.14,96989.285
002424.SZ,20200107,8.73,8.83,8.71,8.82,69854.03,61304.26
002427.SZ,20200107,9.2,9.27,9.08,9.16,14795.02,13550.606
002440.SZ,20200107,11.68,11.85,11.63,11.8,127914.63,150039.947
002444.SZ,20200107,11.09,11.25,11.06,11.18,119781.88,133482.796
002451.SZ,20200107,9.95,10.2,9.9,10.0,130649.04,130942.361
600901.SH,20200107,6.31,6.36,6.27,6.33,175332.4,110742.5
600936.SH,20200107,3.89,4.08,3.89,4.05,146178.07,58422.346
600939.SH,20200107,4.71,4.74,4.69,4.73,63946.06,30120.077
600963.SH,20200107,4.55,4.58,4.53,4.57,101265.26,46156.556
300041.SZ,20200107,10.02,10.16,9.97,10.14,74528.0,74903.06
300048.SZ,20200107,2.5,2.55,2.49,2.53,271948.5,68563.207
300051.SZ,20200107,6.59,6.8,6.5,6.73,139998.57,93307.352
300063.SZ,20200107,3.72,3.99,3.71,3.99,840316.2,332155.883
300084.SZ,20200107,4.7,4.71,4.65,4.69,86936.12,40678.377
300088.SZ,20200107,11.8,12.13,11.61,11.98,2256998.11,2682997.877
300089.SZ,20200107,3.73,3.93,3.71,3.91,426366.85,163713.031
300093.SZ,20200107,10.58,10.99,10.42,10.92,62942.0,67398.122
300094.SZ,20200107,4.33,4.44,4.32,4.44,87266.25,38389.629
300117.SZ,20200107,3.89,4.08,3.88,4.05,191683.2,76953.813
300119.SZ,20200107,15.54,15.95,15.36,15.85,126257.23,198887.189
002602.SZ,20200107,13.03,13.44,12.88,13.3,702264.49,923838.384
002610.SZ,20200107,1.8,1.8,1.8,1.8,1351190.15,243214.227
002622.SZ,20200107,3.78,3.81,3.69,3.73,263422.98,98218.315
002625.SZ,20200107,9.51,9.59,9.4,9.59,159269.29,151302.607
002626.SZ,20200107,19.15,20.17,19.03,19.94,79856.35,156483.229
002642.SZ,20200107,6.34,6.58,6.32,6.53,104871.16,67605.931
002643.SZ,20200107,14.97,15.8,14.92,15.56,181940.53,282527.442
002647.SZ,20200107,18.7,19.19,18.3,18.57,79148.46,147739.675
002661.SZ,20200107,11.65,11.87,11.64,11.76,34603.48,40681.091
002667.SZ,20200107,7.22,7.32,7.21,7.26,28592.5,20743.99
002681.SZ,20200107,5.86,5.96,5.8,5.9,540356.38,317043.802
002684.SZ,20200107,6.0,6.22,6.0,6.0,154007.0,93178.578
002700.SZ,20200107,7.37,7.39,7.26,7.38,82837.64,60767.098
002745.SZ,20200107,14.02,14.2,13.81,13.92,131864.93,184175.054
002748.SZ,20200107,7.55,7.62,7.49,7.6,11157.9,8450.308
002750.SZ,20200107,13.05,13.32,12.98,13.28,137900.88,180916.426
002752.SZ,20200107,6.4,6.4,6.26,6.3,20291.01,12791.266
002771.SZ,20200107,11.92,12.18,11.85,12.08,49190.77,59143.835
002808.SZ,20200107,10.04,10.25,9.95,10.21,93580.24,94745.851
002811.SZ,20200107,15.9,16.19,15.8,16.05,14158.99,22603.685
002817.SZ,20200107,22.85,23.15,22.62,22.81,22492.39,51380.406
002818.SZ,20200107,12.81,13.12,12.81,13.1,38450.43,50105.791
601333.SH,20200107,3.09,3.11,3.08,3.11,208574.43,64635.151
601369.SH,20200107,6.67,6.79,6.65,6.78,60338.29,40632.116
601577.SH,20200107,9.06,9.13,9.03,9.11,138305.32,125612.451
601601.SH,20200107,38.95,39.6,38.93,39.09,161870.01,634625.064
601607.SH,20200107,18.47,18.76,18.42,18.75,118789.99,221815.489
601628.SH,20200107,34.9,35.33,34.84,35.14,113472.62,397984.676
601666.SH,20200107,4.1,4.24,4.07,4.16,313438.71,130806.441
601689.SH,20200107,20.34,21.59,19.96,20.4,367351.95,760592.369
601799.SH,20200107,94.04,96.85,93.13,95.16,12522.23,119304.053
603991.SH,20200107,17.58,17.8,17.5,17.74,5373.0,9516.197
688010.SH,20200107,42.69,44.31,42.59,44.29,25030.88,109109.724
688022.SH,20200107,45.3,46.37,44.5,46.29,19550.84,88740.942
688025.SH,20200107,43.35,43.97,42.9,43.97,16749.05,72963.192
688030.SH,20200107,42.97,44.34,42.15,43.95,23829.32,103451.495
688078.SH,20200107,47.62,53.3,47.3,52.18,77341.72,384023.709
688101.SH,20200107,20.55,20.86,20.36,20.81,72216.11,149167.041
688108.SH,20200107,16.79,17.03,16.54,16.95,38786.36,65121.727
688166.SH,20200107,34.88,36.63,34.48,35.73,19990.72,71126.704
688199.SH,20200107,62.93,63.28,61.89,63.23,17929.29,112524.867
300392.SZ,20200107,7.96,8.29,7.9,8.19,124708.0,101189.971
300398.SZ,20200107,15.59,15.68,15.12,15.3,123528.1,189463.767
300409.SZ,20200107,14.47,14.56,14.15,14.46,129270.47,185526.023
300421.SZ,20200107,7.1,7.19,7.08,7.13,35980.69,25633.776
300427.SZ,20200107,14.65,14.75,14.5,14.73,43980.0,64354.675
300446.SZ,20200107,17.32,17.55,17.12,17.46,37537.85,65253.853
002109.SZ,20200107,3.45,3.5,3.45,3.49,56083.0,19460.437
002118.SZ,20200107,6.2,6.31,6.19,6.28,249143.49,155630.239
002126.SZ,20200107,8.33,8.65,8.31,8.5,171810.18,145395.643
002130.SZ,20200107,5.29,5.29,5.11,5.2,250526.39,129757.53
002131.SZ,20200107,2.92,3.0,2.86,2.97,3202913.01,938770.447
002144.SZ,20200107,10.18,10.21,10.14,10.2,10112.59,10290.668
002152.SZ,20200107,10.03,10.25,9.95,10.2,893737.68,904704.083
002161.SZ,20200107,9.87,10.34,9.83,10.3,561691.33,570789.49
002164.SZ,20200107,3.87,3.91,3.85,3.91,61819.76,24074.077
002170.SZ,20200107,3.81,3.95,3.71,3.89,836752.92,319335.375
002201.SZ,20200107,22.13,22.3,21.48,21.56,133293.93,289485.129
002235.SZ,20200107,9.16,9.53,9.16,9.5,869291.93,815364.513
002242.SZ,20200107,24.39,25.56,24.39,25.11,91140.74,228313.087
002246.SZ,20200107,7.71,7.82,7.71,7.81,52727.26,41008.343
002250.SZ,20200107,17.01,17.14,16.7,17.0,62729.0,106448.352
002252.SZ,20200107,7.49,7.64,7.47,7.64,559116.42,422813.176
002282.SZ,20200107,8.52,8.56,8.47,8.55,16521.25,14086.276
002288.SZ,20200107,5.17,5.65,5.14,5.52,1122721.54,612261.02
002291.SZ,20200107,23.0,25.85,22.56,23.4,791958.65,1899880.269
600279.SH,20200107,4.41,4.46,4.37,4.45,96121.33,42556.809
600295.SH,20200107,8.95,9.17,8.92,9.14,78901.04,71608.04
600302.SH,20200107,5.08,5.12,5.0,5.02,31884.01,16072.895
600310.SH,20200107,4.35,4.38,4.34,4.37,65177.78,28419.329
600316.SH,20200107,15.2,15.73,15.11,15.35,367141.07,564487.511
600323.SH,20200107,18.78,19.08,18.53,19.03,91243.21,172153.686
600338.SH,20200107,12.34,12.46,12.17,12.41,166904.61,205823.975
600340.SH,20200107,27.95,28.25,27.95,28.16,98291.82,276258.012
600356.SH,20200107,7.85,7.98,7.84,7.98,32671.44,25881.082
600358.SH,20200107,4.63,4.66,4.57,4.64,81245.0,37537.307
600361.SH,20200107,3.84,3.9,3.84,3.9,30443.93,11789.945
600366.SH,20200107,7.07,7.13,6.97,7.06,390792.4,275462.967
600371.SH,20200107,13.93,14.7,13.5,13.85,417177.07,581350.003
600390.SH,20200107,8.17,8.27,8.12,8.22,136069.58,111450.47
600392.SH,20200107,9.33,9.4,9.23,9.34,280492.98,260760.062
600393.SH,20200107,2.8,2.83,2.78,2.82,303294.33,85056.888
600396.SH,20200107,2.01,2.02,1.98,2.0,39507.28,7887.392
600398.SH,20200107,7.95,8.02,7.93,8.01,120523.95,96257.231
600423.SH,20200107,3.3,3.35,3.29,3.33,16029.0,5314.472
600426.SH,20200107,20.61,20.87,20.2,20.59,124090.53,253752.011
600429.SH,20200107,5.44,5.51,5.44,5.5,25865.09,14179.594
600435.SH,20200107,8.97,9.03,8.8,8.92,335212.04,298013.109
600446.SH,20200107,21.3,21.87,21.08,21.87,383871.37,825267.997
600462.SH,20200107,1.8,1.82,1.74,1.75,172433.8,30625.033
600490.SH,20200107,4.81,4.83,4.75,4.82,358433.25,171711.54
600502.SH,20200107,4.05,4.08,4.04,4.08,76662.73,31115.718
600508.SH,20200107,9.42,9.63,9.41,9.53,68371.78,65150.547
000901.SZ,20200107,11.63,11.71,11.5,11.71,109458.57,126974.665
000909.SZ,20200107,8.18,8.4,8.1,8.37,117539.18,97158.376
000922.SZ,20200107,7.97,8.02,7.88,8.02,70832.86,56282.058
000928.SZ,20200107,4.92,5.04,4.91,5.01,82059.58,40882.494
000932.SZ,20200107,4.75,4.9,4.73,4.9,825493.72,399678.195
000933.SZ,20200107,5.41,5.57,5.4,5.47,624002.98,342788.844
000938.SZ,20200107,31.84,32.31,31.66,32.21,124468.51,399026.361
000968.SZ,20200107,10.65,11.08,10.6,10.87,83544.71,91127.341
002591.SZ,20200107,10.26,10.85,10.26,10.74,229824.4,243909.494
002597.SZ,20200107,23.37,23.38,22.73,22.99,64296.71,147898.361
002603.SZ,20200107,12.0,12.01,11.79,11.98,127697.5,152179.469
002613.SZ,20200107,2.82,2.91,2.81,2.91,98506.86,28256.823
002615.SZ,20200107,5.59,5.66,5.56,5.65,30037.15,16875.687
002634.SZ,20200107,6.84,7.03,6.74,6.8,254227.0,173045.281
002640.SZ,20200107,8.06,8.37,7.95,8.24,582081.4,474508.536
002641.SZ,20200107,4.95,4.95,4.84,4.91,99544.25,48788.313
002650.SZ,20200107,3.66,3.7,3.66,3.69,141496.61,52025.274
002652.SZ,20200107,3.96,4.05,3.96,4.05,64915.4,26025.143
002657.SZ,20200107,20.62,22.19,20.56,21.49,361141.52,775049.641
002666.SZ,20200107,5.28,5.6,5.11,5.42,739351.85,399612.498
002687.SZ,20200107,6.58,6.63,6.39,6.46,103547.98,66883.662
002689.SZ,20200107,3.76,3.83,3.76,3.8,56987.64,21642.037
002698.SZ,20200107,10.79,11.12,10.79,11.07,81159.7,89091.024
002715.SZ,20200107,18.7,18.78,18.39,18.52,12093.0,22447.643
002737.SZ,20200107,14.76,15.16,14.74,15.12,76130.69,114024.654
002747.SZ,20200107,11.07,11.39,10.98,11.37,154765.09,173100.122
002753.SZ,20200107,8.02,8.09,8.02,8.07,17005.46,13691.192
002763.SZ,20200107,8.89,8.96,8.82,8.96,39507.81,35117.87
002766.SZ,20200107,3.48,3.52,3.38,3.52,116027.5,40409.883
002767.SZ,20200107,14.92,15.15,14.84,15.1,11860.3,17850.249
002791.SZ,20200107,35.3,37.32,34.68,37.19,33252.81,120464.658
002795.SZ,20200107,14.29,14.75,14.29,14.69,72835.48,105982.542
002810.SZ,20200107,18.62,19.32,18.37,19.3,61814.01,116651.562
002816.SZ,20200107,21.7,21.8,21.3,21.75,9718.0,20975.034
002823.SZ,20200107,11.46,11.46,10.85,10.99,285184.31,321288.36
601231.SH,20200107,20.4,21.45,20.38,20.88,517700.68,1086925.522
601319.SH,20200107,7.7,7.77,7.64,7.74,595423.33,458614.649
601588.SH,20200107,3.31,3.39,3.3,3.38,157368.34,52787.344
601595.SH,20200107,15.65,16.33,15.6,16.25,83218.07,133420.12
601608.SH,20200107,4.13,4.35,4.11,4.18,596133.31,250913.943
601669.SH,20200107,4.34,4.36,4.31,4.35,413405.48,179337.913
601727.SH,20200107,5.24,5.27,5.12,5.15,424807.66,220252.375
601808.SH,20200107,19.8,20.52,19.8,20.2,171007.98,342755.832
601818.SH,20200107,4.38,4.42,4.36,4.4,734665.26,322807.807
601858.SH,20200107,11.59,11.87,11.52,11.77,65581.08,76837.535
601866.SH,20200107,2.59,2.61,2.58,2.6,193615.92,50280.675
601899.SH,20200107,4.73,4.73,4.62,4.67,4024024.86,1877777.118
000568.SZ,20200107,84.93,86.45,84.7,86.0,91842.92,787221.008
000570.SZ,20200107,4.72,4.75,4.69,4.75,37070.12,17523.43
000596.SZ,20200107,134.5,135.99,133.7,135.42,18452.21,249036.32
000597.SZ,20200107,7.4,7.5,7.35,7.48,99579.12,74198.684
000632.SZ,20200107,6.4,6.57,6.39,6.48,42229.27,27386.007
000663.SZ,20200107,4.97,5.09,4.96,5.05,31515.82,15865.589
000665.SZ,20200107,5.44,5.88,5.41,5.74,284952.61,161013.615
000671.SZ,20200107,8.15,8.4,8.12,8.23,393453.68,323728.412
600011.SH,20200107,5.65,5.69,5.63,5.69,416025.27,235498.504
600016.SH,20200107,6.32,6.36,6.3,6.33,574018.68,363619.3
600019.SH,20200107,5.75,5.83,5.74,5.83,978161.39,567195.755
600033.SH,20200107,3.1,3.12,3.09,3.12,102690.92,31890.724
600048.SH,20200107,15.72,15.82,15.58,15.79,855224.9,1341480.55
600051.SH,20200107,6.12,6.16,6.1,6.15,21968.1,13458.149
600056.SH,20200107,13.03,13.13,13.0,13.13,70160.19,91737.8
600079.SH,20200107,14.67,14.95,14.52,14.8,140585.46,208013.529
600082.SH,20200107,4.03,4.08,4.01,4.08,58386.5,23630.031
600116.SH,20200107,7.66,7.76,7.63,7.75,68555.61,52924.546
600121.SH,20200107,2.45,2.66,2.44,2.55,343082.56,88014.115
600128.SH,20200107,7.72,7.9,7.65,7.85,84796.81,66082.522
600138.SH,20200107,12.79,13.08,12.79,13.08,160909.95,209255.312
600156.SH,20200107,4.51,4.63,4.51,4.62,90358.4,41516.737
600160.SH,20200107,7.25,7.3,7.2,7.25,258684.82,187474.769
600163.SH,20200107,3.67,3.73,3.65,3.71,84322.14,31146.236
600184.SH,20200107,11.67,11.73,11.6,11.73,33172.69,38710.55
600203.SH,20200107,6.53,6.54,6.45,6.5,62163.35,40371.507
600211.SH,20200107,32.7,33.36,32.65,33.22,25643.12,84675.765
600216.SH,20200107,13.06,13.18,13.01,13.17,183954.68,240993.599
600223.SH,20200107,10.66,11.57,10.3,10.37,1603119.93,1805436.354
600232.SH,20200107,6.38,6.45,6.35,6.38,33655.45,21532.601
600239.SH,20200107,2.97,2.99,2.94,2.96,154472.8,45644.62
600261.SH,20200107,4.73,5.0,4.73,5.0,368690.53,181110.13
000677.SZ,20200107,3.71,3.78,3.7,3.76,139868.14,52340.3
000681.SZ,20200107,18.25,19.31,18.21,19.23,244625.78,458180.105
600475.SH,20200107,10.1,10.31,10.04,10.3,22099.46,22504.701
600477.SH,20200107,2.93,2.96,2.92,2.96,99653.18,29298.366
600480.SH,20200107,9.48,9.48,9.03,9.48,658654.03,615230.105
600485.SH,20200107,3.72,3.72,3.72,3.72,11999.92,4463.97
600491.SH,20200107,7.35,7.36,7.3,7.33,56391.53,41306.932
600495.SH,20200107,4.25,4.3,4.25,4.3,148131.76,63371.016
600499.SH,20200107,4.6,5.07,4.6,4.98,454521.48,225044.181
600517.SH,20200107,7.98,8.08,7.92,8.0,190924.63,152631.147
600522.SH,20200107,8.49,8.58,8.4,8.55,528279.72,449494.652
600526.SH,20200107,5.06,5.25,5.04,5.17,55394.24,28610.067
600528.SH,20200107,11.08,11.12,10.96,11.09,98878.76,109117.827
600535.SH,20200107,15.6,15.78,15.6,15.76,148311.88,232910.495
600540.SH,20200107,4.22,4.23,4.1,4.16,124697.19,51791.03
300450.SZ,20200107,46.26,46.44,44.3,45.61,146123.26,663111.341
300458.SZ,20200107,34.21,34.34,33.68,34.3,113487.83,385985.985
300469.SZ,20200107,16.15,16.53,15.95,16.52,67266.89,109750.842
300493.SZ,20200107,8.91,9.02,8.85,8.99,221640.97,198386.282
300499.SZ,20200107,11.89,12.58,11.89,12.57,41129.43,50450.599
300500.SZ,20200107,15.26,15.38,15.18,15.38,17776.9,27182.119
300502.SZ,20200107,40.61,40.73,39.71,40.3,67427.56,270278.083
300504.SZ,20200107,23.51,23.85,23.29,23.67,43310.13,101966.082
300508.SZ,20200107,28.89,30.47,28.66,29.9,17309.35,51374.416
300509.SZ,20200107,9.09,9.27,9.09,9.22,18535.97,17050.853
300513.SZ,20200107,13.62,13.88,13.3,13.88,155075.36,210336.439
300517.SZ,20200107,15.59,15.69,15.45,15.62,8173.1,12722.128
300525.SZ,20200107,37.86,38.5,37.55,38.41,46669.39,177477.26
300533.SZ,20200107,46.08,48.36,45.88,47.6,27307.76,128971.377
300534.SZ,20200107,5.99,6.1,5.99,6.09,71541.88,43305.853
300555.SZ,20200107,9.65,9.86,9.63,9.86,37796.6,36842.944
300562.SZ,20200107,15.35,15.99,15.26,15.99,114713.91,180162.963
300575.SZ,20200107,27.25,27.59,26.8,27.42,31845.66,86603.56
300585.SZ,20200107,18.6,18.78,17.65,18.6,151687.68,276514.596
300587.SZ,20200107,16.07,16.14,15.75,15.9,33031.2,52660.548
300598.SZ,20200107,127.37,135.12,125.61,133.0,38144.53,502755.15
300599.SZ,20200107,10.49,10.74,10.42,10.66,33901.38,35908.13
300611.SZ,20200107,9.74,10.04,9.73,10.0,30248.57,30059.994
300635.SZ,20200107,16.11,16.65,16.11,16.55,27188.4,44610.947
300652.SZ,20200107,20.13,20.47,20.13,20.42,5332.98,10881.574
300653.SZ,20200107,73.21,73.21,71.82,72.34,16059.02,115863.24
300658.SZ,20200107,15.34,15.61,15.26,15.5,19962.29,30783.207
300659.SZ,20200107,60.0,62.77,59.6,61.44,18011.94,110763.065
300667.SZ,20200107,30.28,30.89,30.28,30.8,31812.5,97281.585
300680.SZ,20200107,22.63,22.85,22.3,22.38,17374.0,39100.264
300689.SZ,20200107,41.9,42.2,41.58,42.16,11693.54,48921.091
300699.SZ,20200107,47.15,48.39,46.8,47.22,76615.95,363945.38
300709.SZ,20200107,101.0,101.98,98.87,100.66,17839.77,179187.383
300718.SZ,20200107,23.28,24.67,22.39,24.67,130826.78,311367.564
300722.SZ,20200107,21.79,22.02,21.61,22.01,17822.8,38899.865
300724.SZ,20200107,46.7,50.93,46.7,50.93,100482.22,501300.234
300729.SZ,20200107,24.3,24.45,24.03,24.42,20663.24,50173.495
300733.SZ,20200107,11.95,12.04,11.89,12.01,29168.0,34928.823
300735.SZ,20200107,26.38,26.59,26.2,26.29,77036.04,202792.333
300747.SZ,20200107,117.9,119.51,116.0,117.4,16736.87,196810.932
300751.SZ,20200107,158.8,170.27,156.29,170.27,25052.85,413263.164
300762.SZ,20200107,53.83,54.83,53.61,54.73,13080.67,71068.344
300773.SZ,20200107,79.6,84.38,78.8,82.36,82203.4,669309.846
300782.SZ,20200107,387.0,388.9,375.0,377.99,16701.31,636629.534
300792.SZ,20200107,199.0,213.7,197.03,208.7,15259.89,312696.569
300793.SZ,20200107,50.02,52.15,50.01,51.32,54389.67,278854.855
600271.SH,20200107,23.63,24.19,23.53,24.15,185279.01,444567.025
000676.SZ,20200107,10.1,10.87,9.98,10.57,814788.87,849535.337
000695.SZ,20200107,7.62,7.83,7.62,7.82,13424.28,10445.256
000707.SZ,20200107,3.29,3.29,3.24,3.28,44306.0,14475.872
000710.SZ,20200107,37.05,39.3,37.05,38.96,65955.04,254616.53
000717.SZ,20200107,4.61,5.07,4.6,5.07,1610033.33,788956.247
000729.SZ,20200107,6.52,6.64,6.52,6.62,85260.07,56263.554
000732.SZ,20200107,6.1,6.19,6.1,6.18,293344.24,180307.837
000803.SZ,20200107,14.21,14.41,14.2,14.4,5698.62,8164.968
000819.SZ,20200107,8.5,8.55,8.41,8.45,48831.99,41350.08
000820.SZ,20200107,1.84,1.91,1.8,1.91,167036.85,31238.834
000877.SZ,20200107,11.8,12.14,11.8,11.86,214800.37,255548.93
000881.SZ,20200107,7.0,7.07,6.99,7.04,28645.17,20117.461
000883.SZ,20200107,4.2,4.22,4.18,4.22,73628.73,30961.003
000886.SZ,20200107,4.32,4.43,4.3,4.42,183751.09,80585.45
000888.SZ,20200107,6.66,6.87,6.6,6.85,84981.25,57403.09
000892.SZ,20200107,6.91,7.02,6.9,7.02,466650.21,326908.53
000898.SZ,20200107,3.3,3.36,3.3,3.34,210386.06,70148.068
000915.SZ,20200107,26.13,26.29,25.58,25.78,44925.45,115992.714
000921.SZ,20200107,13.05,13.21,12.9,13.0,76569.39,99672.068
000926.SZ,20200107,6.52,6.57,6.51,6.57,79306.12,51900.441
000927.SZ,20200107,4.96,5.18,4.87,5.12,723794.17,363565.029
000930.SZ,20200107,6.84,6.9,6.81,6.87,122825.76,84197.499
000957.SZ,20200107,6.82,6.86,6.75,6.81,111252.61,75637.986
000966.SZ,20200107,4.72,4.79,4.71,4.79,190249.09,90382.132
000993.SZ,20200107,7.41,7.46,7.36,7.44,72718.66,53907.713
002002.SZ,20200107,4.24,4.32,4.22,4.28,368381.52,157319.954
002006.SZ,20200107,4.67,5.05,4.67,4.87,149914.14,72436.966
002007.SZ,20200107,31.95,32.3,31.68,32.3,370936.5,1184116.022
002010.SZ,20200107,7.09,7.13,6.97,7.1,190593.04,134535.835
002012.SZ,20200107,5.9,5.98,5.82,5.92,335002.17,196997.269
002023.SZ,20200107,12.48,12.52,12.33,12.45,256678.37,318734.312
002031.SZ,20200107,2.05,2.13,2.04,2.09,440857.07,91789.275
002033.SZ,20200107,6.25,6.31,6.22,6.3,44241.37,27744.165
002044.SZ,20200107,15.07,15.32,14.92,15.28,199951.73,302519.374
002053.SZ,20200107,7.43,7.54,7.43,7.51,22305.45,16706.742
002065.SZ,20200107,10.45,11.04,10.39,10.83,757758.1,814240.486
002081.SZ,20200107,9.22,9.49,9.12,9.43,321390.14,299875.57
002090.SZ,20200107,10.75,10.94,10.69,10.92,69017.19,74650.991
002091.SZ,20200107,7.14,7.2,7.05,7.08,243601.97,173033.534
002094.SZ,20200107,5.04,5.15,5.03,5.11,191525.74,97429.813
002111.SZ,20200107,16.58,16.73,16.31,16.51,102216.39,168397.657
002121.SZ,20200107,4.44,4.51,4.41,4.49,115303.05,51559.786
002124.SZ,20200107,12.95,13.25,12.85,13.08,547673.9,715898.181
002125.SZ,20200107,5.25,5.32,5.18,5.22,81532.6,42701.613
002137.SZ,20200107,7.63,7.98,7.59,7.93,297914.37,233256.966
600509.SH,20200107,3.82,3.88,3.81,3.88,79381.36,30545.526
600519.SH,20200107,1077.5,1099.0,1076.4,1094.53,47853.59,5220697.068
600527.SH,20200107,2.12,2.15,2.11,2.14,136036.0,29052.069
600552.SH,20200107,6.22,6.32,6.16,6.25,198966.58,123919.731
600561.SH,20200107,5.94,6.02,5.94,6.01,17148.6,10265.156
600567.SH,20200107,3.71,3.72,3.66,3.69,464146.25,171237.297
600592.SH,20200107,15.2,15.99,15.13,15.93,70269.62,110622.29
600603.SH,20200107,4.96,5.04,4.96,5.02,53516.56,26751.493
600613.SH,20200107,7.06,7.18,7.06,7.18,45020.03,32037.767
600621.SH,20200107,15.04,15.21,14.78,15.08,293055.25,439135.16
600634.SH,20200107,1.76,1.81,1.69,1.75,125561.0,21977.401
600667.SH,20200107,8.71,8.76,8.49,8.64,711351.78,610368.114
600671.SH,20200107,12.56,12.75,12.5,12.73,28670.6,36282.141
600673.SH,20200107,9.14,9.16,8.96,9.12,214393.8,194165.003
600675.SH,20200107,4.73,4.77,4.7,4.77,84303.3,40019.99
600678.SH,20200107,7.9,8.29,7.84,7.99,528136.09,423161.464
600690.SH,20200107,19.01,19.36,18.91,19.25,437007.04,839621.186
600695.SH,20200107,8.82,9.65,8.64,9.4,925249.8,848329.055
600703.SH,20200107,19.25,19.54,18.66,19.04,998843.71,1898410.075
600715.SH,20200107,3.71,3.94,3.7,3.81,322803.68,122579.438
600724.SH,20200107,3.76,3.81,3.74,3.77,38995.89,14694.859
600726.SH,20200107,1.83,1.85,1.82,1.84,60435.03,11093.214
600740.SH,20200107,7.45,8.04,7.45,7.67,355616.03,275356.555
600750.SH,20200107,12.66,12.75,12.62,12.75,51890.97,65829.414
600757.SH,20200107,6.28,6.54,6.28,6.52,213187.05,137047.722
600760.SH,20200107,33.02,33.55,32.6,33.17,87380.74,290171.127
600769.SH,20200107,5.77,5.89,5.74,5.82,37784.64,21990.978
600789.SH,20200107,7.33,7.5,7.24,7.5,716752.43,527914.155
600792.SH,20200107,3.52,3.85,3.52,3.81,506282.4,191876.076
600805.SH,20200107,5.11,5.16,5.11,5.15,54194.9,27842.681
600809.SH,20200107,86.59,87.65,86.25,86.92,36738.2,319750.974
600816.SH,20200107,4.45,4.5,4.38,4.46,683725.28,303699.532
600821.SH,20200107,4.78,4.83,4.73,4.78,58088.63,27780.13
600828.SH,20200107,4.71,4.81,4.71,4.8,40265.51,19209.542
600857.SH,20200107,9.3,9.37,9.27,9.35,10141.42,9464.981
600873.SH,20200107,4.53,4.56,4.51,4.54,111655.21,50733.098
600881.SH,20200107,3.21,3.23,3.2,3.22,85386.63,27417.711
002305.SZ,20200107,2.23,2.26,2.21,2.25,219905.09,49258.359
002306.SZ,20200107,2.6,2.74,2.6,2.74,42719.22,11622.139
002309.SZ,20200107,6.33,6.92,6.33,6.92,166112.56,109993.788
002319.SZ,20200107,9.07,9.28,9.04,9.27,28493.98,26164.588
603007.SH,20200107,7.0,7.08,6.98,7.07,28575.3,20153.807
603008.SH,20200107,15.85,15.91,15.7,15.82,34014.15,53826.553
603027.SH,20200107,20.68,21.03,20.6,20.9,45301.67,94350.835
603039.SH,20200107,63.39,66.3,63.01,65.11,10723.64,69513.563
603041.SH,20200107,17.77,18.35,17.63,18.26,19415.87,35015.361
601966.SH,20200107,22.71,22.86,22.45,22.67,59965.81,135501.525
601985.SH,20200107,5.14,5.17,5.12,5.14,211463.31,108807.721
601989.SH,20200107,5.32,5.37,5.31,5.34,641338.49,342385.858
601999.SH,20200107,6.22,6.61,6.17,6.46,144574.41,92558.595
603019.SH,20200107,35.94,36.26,35.64,36.25,245224.03,883314.628
603020.SH,20200107,8.56,8.62,8.45,8.53,41298.52,35173.709
603022.SH,20200107,13.19,13.38,13.11,13.35,48504.49,64379.949
603025.SH,20200107,9.3,9.47,9.23,9.45,64510.82,60280.525
603030.SH,20200107,5.92,5.98,5.89,5.98,62907.54,37332.473
603031.SH,20200107,28.81,29.5,27.8,28.96,30077.29,86148.395
603036.SH,20200107,10.98,11.15,10.9,10.95,30753.53,33690.106
603063.SH,20200107,9.86,9.86,9.48,9.73,50088.69,48294.484
603067.SH,20200107,6.21,6.21,6.12,6.2,24696.48,15241.721
603076.SH,20200107,24.36,25.07,24.34,25.07,9654.32,23917.973
603080.SH,20200107,17.4,17.42,17.09,17.24,32907.0,56612.059
603098.SH,20200107,10.87,10.93,10.85,10.93,10967.55,11950.114
603100.SH,20200107,9.09,9.17,8.99,9.15,25102.1,22828.955
603101.SH,20200107,9.03,9.07,8.76,8.98,50013.38,44582.359
603110.SH,20200107,16.6,16.73,16.33,16.61,26262.0,43351.204
603126.SH,20200107,4.95,4.97,4.92,4.96,64114.96,31736.973
603165.SH,20200107,17.42,17.57,17.34,17.57,15296.19,26706.1
603168.SH,20200107,8.7,8.82,8.49,8.78,44760.01,39052.19
603169.SH,20200107,5.98,6.06,5.97,6.03,107415.87,64674.669
603178.SH,20200107,15.15,15.88,14.43,15.13,88313.08,132115.055
603217.SH,20200107,49.53,50.39,49.4,50.1,16438.91,82183.426
603222.SH,20200107,52.25,52.78,51.8,52.2,6177.01,32160.675
603238.SH,20200107,17.77,17.8,17.51,17.79,6750.52,11938.1
603286.SH,20200107,15.83,16.1,15.8,16.08,22803.1,36488.041
603288.SH,20200107,103.83,106.0,103.83,106.0,40213.7,423924.757
603289.SH,20200107,9.48,9.6,9.44,9.58,27476.4,26232.906
603305.SH,20200107,40.0,42.27,39.0,41.0,200832.73,821138.974
603319.SH,20200107,18.15,18.4,18.05,18.36,7641.86,13994.132
603338.SH,20200107,69.01,72.19,69.01,72.05,20389.17,144597.069
603377.SH,20200107,18.21,18.51,18.02,18.49,44542.65,81788.518
603385.SH,20200107,11.41,11.63,11.39,11.5,26463.74,30449.369
603387.SH,20200107,23.18,23.88,23.18,23.8,39366.54,93000.363
603388.SH,20200107,8.1,8.15,8.05,8.13,33412.0,27099.923
603528.SH,20200107,7.21,7.22,7.13,7.21,58227.34,41747.391
603578.SH,20200107,20.94,21.25,20.63,20.94,10068.43,21081.99
002832.SZ,20200107,25.49,25.49,24.99,25.31,26543.04,66758.694
002835.SZ,20200107,12.9,13.33,12.9,13.22,80223.37,105643.546
002839.SZ,20200107,5.87,5.93,5.84,5.9,168959.49,99388.613
002856.SZ,20200107,18.83,19.09,18.81,18.94,10866.08,20579.337
002860.SZ,20200107,23.4,23.41,22.9,23.21,37761.34,87338.873
002862.SZ,20200107,22.8,23.42,22.8,23.38,17245.44,40095.56
002870.SZ,20200107,23.73,24.12,23.66,23.95,28302.26,67437.814
002873.SZ,20200107,16.98,17.13,16.86,17.09,19951.97,33965.021
600549.SH,20200107,13.38,13.41,13.2,13.31,129188.17,171510.62
600560.SH,20200107,8.94,9.15,8.93,9.12,35827.58,32420.765
600562.SH,20200107,15.0,15.27,14.92,15.18,42753.78,64613.523
600569.SH,20200107,2.54,2.62,2.53,2.61,451388.05,116835.349
600575.SH,20200107,2.62,2.65,2.61,2.65,233257.75,61397.617
600576.SH,20200107,5.02,5.34,5.02,5.23,277687.99,145314.345
600595.SH,20200107,2.31,2.34,2.28,2.34,58266.4,13448.882
600618.SH,20200107,7.35,7.39,7.33,7.39,31169.88,22959.213
600626.SH,20200107,6.23,6.31,6.12,6.18,210235.32,130385.609
600636.SH,20200107,10.44,10.75,10.36,10.68,79901.52,84728.627
600647.SH,20200107,13.99,14.28,13.98,14.25,21678.58,30718.099
600685.SH,20200107,15.1,15.29,15.07,15.22,60638.15,91952.734
600692.SH,20200107,6.51,6.56,6.5,6.54,27395.67,17900.119
600696.SH,20200107,12.85,13.21,12.85,13.07,10752.02,14055.082
600707.SH,20200107,4.31,4.34,4.27,4.31,220495.88,94730.421
600708.SH,20200107,3.51,3.57,3.51,3.56,134300.88,47542.389
600712.SH,20200107,9.18,9.45,8.95,9.24,802070.42,735890.945
600720.SH,20200107,12.53,12.92,12.53,12.74,171097.81,217349.01
600722.SH,20200107,4.95,5.02,4.95,4.97,64394.93,32047.5
600723.SH,20200107,6.16,6.27,6.16,6.27,40617.33,25251.616
600775.SH,20200107,10.56,10.62,10.48,10.58,114110.92,120313.132
600780.SH,20200107,3.53,3.68,3.53,3.62,66527.9,23944.512
600787.SH,20200107,5.37,5.42,5.32,5.37,80333.38,43039.85
600795.SH,20200107,2.34,2.37,2.33,2.36,629449.0,148155.703
600814.SH,20200107,5.19,5.25,5.17,5.24,28448.57,14818.391
600836.SH,20200107,4.91,5.0,4.88,4.97,70674.1,35039.876
600848.SH,20200107,24.7,24.85,24.62,24.78,43837.19,108484.345
600855.SH,20200107,12.7,12.88,12.66,12.78,58471.93,74718.014
600860.SH,20200107,5.9,6.18,5.87,6.15,83155.02,50658.547
600870.SH,20200107,2.99,3.11,2.99,3.1,28326.66,8716.643
600871.SH,20200107,2.42,2.42,2.37,2.41,753137.49,180335.996
600875.SH,20200107,9.52,9.57,9.45,9.54,148263.28,141103.647
600885.SH,20200107,35.5,36.69,35.45,35.69,82394.44,296727.177
002295.SZ,20200107,7.73,7.77,7.62,7.68,43271.69,33231.418
002301.SZ,20200107,12.25,12.41,12.18,12.3,41819.01,51402.672
002317.SZ,20200107,12.65,12.77,12.44,12.61,157239.62,197978.48
002321.SZ,20200107,5.84,6.05,5.84,6.01,269226.81,159979.072
002354.SZ,20200107,3.0,3.28,3.0,3.17,627830.3,197199.997
002355.SZ,20200107,6.93,6.97,6.88,6.97,87906.21,60934.046
002358.SZ,20200107,7.16,7.51,7.16,7.32,199658.91,146762.901
002359.SZ,20200107,2.26,2.38,2.26,2.38,247771.72,58273.664
002362.SZ,20200107,16.8,17.03,16.78,16.92,47238.07,79808.475
002369.SZ,20200107,9.67,9.8,9.57,9.79,243914.94,236292.444
002389.SZ,20200107,12.99,14.01,12.85,14.01,660287.09,899330.141
002395.SZ,20200107,27.41,27.83,27.02,27.61,9307.04,25527.91
002413.SZ,20200107,5.75,5.82,5.71,5.8,181519.8,104634.78
002422.SZ,20200107,24.17,24.35,24.0,24.2,126981.52,306755.219
600648.SH,20200107,17.51,17.74,17.48,17.73,45280.31,79704.016
600655.SH,20200107,8.12,8.25,8.08,8.23,99193.27,80899.925
600657.SH,20200107,3.98,4.03,3.98,4.02,54610.33,21867.643
600687.SH,20200107,1.84,1.86,1.82,1.84,159021.74,29229.821
600689.SH,20200107,9.85,9.93,9.82,9.93,27286.83,26979.33
600699.SH,20200107,19.18,20.6,19.17,20.01,523358.71,1040919.454
600701.SH,20200107,1.85,1.94,1.84,1.93,113835.0,21653.152
600704.SH,20200107,5.34,5.41,5.33,5.4,262511.7,141131.194
600706.SH,20200107,8.98,9.08,8.94,9.02,27033.22,24303.425
600714.SH,20200107,6.06,6.08,6.0,6.04,22308.12,13451.121
600727.SH,20200107,7.12,7.19,7.09,7.17,56571.16,40488.72
600734.SH,20200107,6.94,7.03,6.9,7.03,126990.25,88526.865
600742.SH,20200107,12.3,12.45,12.22,12.39,81494.9,100672.489
600753.SH,20200107,16.88,17.65,16.71,17.63,48276.0,82740.457
600766.SH,20200107,8.24,8.49,8.21,8.36,229972.82,191530.102
600778.SH,20200107,5.55,5.63,5.53,5.55,40435.44,22454.731
600794.SH,20200107,3.95,3.97,3.92,3.97,233023.86,92012.863
600803.SH,20200107,11.02,11.19,11.0,11.13,96066.41,106885.742
600824.SH,20200107,3.57,3.6,3.56,3.59,58233.49,20837.909
600825.SH,20200107,5.9,6.11,5.85,6.1,206063.58,123607.271
600827.SH,20200107,9.02,9.06,8.98,9.06,50390.09,45496.065
600839.SH,20200107,2.91,2.93,2.88,2.93,456349.58,132902.557
600841.SH,20200107,7.15,7.48,7.11,7.4,42804.25,31388.502
600843.SH,20200107,7.85,7.94,7.83,7.86,14305.14,11268.045
600850.SH,20200107,27.81,29.02,27.81,28.16,100409.4,284690.898
600863.SH,20200107,2.76,2.79,2.75,2.79,164239.45,45486.544
600866.SH,20200107,4.48,4.59,4.46,4.58,127728.93,57841.416
600868.SH,20200107,3.5,3.65,3.5,3.61,706323.22,253808.938
600880.SH,20200107,4.18,4.35,4.18,4.29,190595.84,81175.469
600882.SH,20200107,15.99,16.24,15.78,16.24,55711.36,89523.549
600884.SH,20200107,14.49,14.6,14.14,14.55,224308.16,321407.547
002299.SZ,20200107,25.25,26.28,25.2,26.1,399004.59,1031003.73
002307.SZ,20200107,5.98,6.14,5.97,6.05,170327.58,103256.738
002312.SZ,20200107,4.22,4.4,4.19,4.34,251479.14,108260.669
002333.SZ,20200107,4.58,4.65,4.58,4.63,58945.18,27197.792
002339.SZ,20200107,6.69,6.77,6.66,6.7,57663.61,38659.682
002340.SZ,20200107,5.12,5.22,5.04,5.18,1316644.93,676254.38
002342.SZ,20200107,3.22,3.26,3.2,3.26,79214.95,25701.882
002346.SZ,20200107,11.38,11.5,11.38,11.49,17399.85,19920.014
002349.SZ,20200107,4.55,4.61,4.55,4.61,32161.79,14746.089
002353.SZ,20200107,38.9,38.95,37.61,37.69,131848.84,503089.139
002364.SZ,20200107,12.19,12.48,12.0,12.26,148786.47,181926.468
002370.SZ,20200107,6.6,6.74,6.56,6.73,209447.03,139160.04
002374.SZ,20200107,2.98,3.02,2.97,3.01,95270.02,28529.391
002377.SZ,20200107,4.38,4.43,4.31,4.4,119705.38,52289.819
002394.SZ,20200107,9.55,9.6,9.54,9.6,15167.11,14533.611
300806.SZ,20200107,42.9,43.96,42.46,42.83,50397.93,217363.449
600000.SH,20200107,12.51,12.6,12.46,12.5,284214.82,355811.756
000020.SZ,20200107,11.02,11.17,11.0,11.11,14652.79,16232.175
000031.SZ,20200107,7.07,7.18,7.03,7.18,147754.35,105080.311
000036.SZ,20200107,4.28,4.31,4.25,4.3,88857.44,38048.465
000038.SZ,20200107,12.13,12.34,12.06,12.28,91893.21,112296.791
000050.SZ,20200107,17.19,17.19,16.73,16.93,220789.61,372764.06
000096.SZ,20200107,11.8,11.95,11.58,11.68,21553.0,25155.0
000100.SZ,20200107,4.64,4.67,4.5,4.57,2976841.3,1356286.289
000156.SZ,20200107,10.77,11.45,10.67,11.3,280974.51,313408.155
000159.SZ,20200107,6.41,6.49,6.35,6.41,353782.85,227145.344
000408.SZ,20200107,7.52,7.55,7.42,7.52,91193.47,68283.133
000409.SZ,20200107,4.9,5.06,4.88,5.05,53723.99,26776.314
000488.SZ,20200107,5.21,5.27,5.17,5.23,260900.86,135891.295
000505.SZ,20200107,6.0,6.0,5.83,5.9,157654.4,93177.642
000506.SZ,20200107,3.1,3.12,3.06,3.08,303139.94,93372.997
000528.SZ,20200107,7.02,7.1,6.99,7.05,157526.35,110904.42
000533.SZ,20200107,2.85,2.97,2.83,2.91,298521.61,86826.241
000537.SZ,20200107,7.65,7.93,7.65,7.89,206422.63,161034.462
000565.SZ,20200107,5.39,5.39,5.34,5.39,25204.57,13549.273
000567.SZ,20200107,8.96,9.11,8.92,9.09,75390.92,68057.326
000581.SZ,20200107,19.58,20.22,19.58,19.9,102022.35,203315.604
000598.SZ,20200107,4.7,4.73,4.68,4.71,132664.01,62451.23
000600.SZ,20200107,5.0,5.05,4.98,5.03,114738.41,57495.654
000601.SZ,20200107,5.64,5.77,5.62,5.74,138001.64,78942.849
000608.SZ,20200107,4.95,5.05,4.9,5.04,30533.6,15251.443
000615.SZ,20200107,4.59,4.63,4.57,4.61,78634.95,36132.985
000622.SZ,20200107,6.28,6.32,5.67,5.71,851535.24,508418.631
000635.SZ,20200107,7.97,8.09,7.95,8.08,45853.22,36844.269
000637.SZ,20200107,4.65,4.68,4.57,4.64,97778.32,45094.014
000672.SZ,20200107,18.47,18.88,18.31,18.44,258791.24,480649.003
600022.SH,20200107,1.44,1.47,1.43,1.47,1036290.94,150970.661
600031.SH,20200107,17.2,17.41,16.98,17.19,912931.18,1566121.313
600067.SH,20200107,4.03,4.08,4.03,4.07,42303.05,17192.198
002138.SZ,20200107,26.0,26.44,25.58,25.98,213403.66,553887.697
002149.SZ,20200107,8.01,8.06,7.93,8.02,66720.97,53327.815
002157.SZ,20200107,16.46,17.17,16.43,16.99,999849.2,1684274.617
002159.SZ,20200107,12.49,12.74,12.49,12.71,22742.51,28806.764
002165.SZ,20200107,4.43,4.45,4.4,4.44,30484.05,13492.779
002173.SZ,20200107,6.1,6.17,6.1,6.14,17976.42,11022.497
002174.SZ,20200107,27.35,29.2,27.3,28.87,393954.39,1123845.025
002176.SZ,20200107,3.93,3.97,3.86,3.95,669030.29,262413.514
601188.SH,20200107,3.05,3.08,3.04,3.08,66340.54,20322.897
601200.SH,20200107,11.5,11.86,11.48,11.75,210282.76,245864.904
601225.SH,20200107,9.13,9.45,9.13,9.36,471368.43,441691.506
002496.SZ,20200107,2.94,2.95,2.91,2.93,97665.04,28538.103
002501.SZ,20200107,1.82,1.91,1.8,1.9,258772.91,47972.958
002502.SZ,20200107,3.3,3.55,3.28,3.47,508848.66,173347.603
002504.SZ,20200107,3.23,3.41,3.21,3.37,267908.08,89279.705
002506.SZ,20200107,5.65,5.86,5.45,5.73,1192993.41,674503.254
002507.SZ,20200107,25.08,25.47,24.8,25.2,154279.86,388365.58
002519.SZ,20200107,4.11,4.16,4.07,4.12,119043.09,48929.051
002526.SZ,20200107,2.32,2.44,2.31,2.41,733067.46,174590.192
002534.SZ,20200107,7.89,7.9,7.83,7.88,25101.55,19719.308
002546.SZ,20200107,4.27,4.32,4.26,4.31,62007.8,26593.456
002561.SZ,20200107,8.25,8.3,8.24,8.3,12611.72,10429.055
002568.SZ,20200107,25.58,26.57,25.46,26.39,36138.63,94779.562
002576.SZ,20200107,10.15,10.27,10.08,10.2,27882.5,28336.227
002577.SZ,20200107,13.23,13.55,13.18,13.4,91302.38,122152.541
002585.SZ,20200107,4.8,4.94,4.78,4.91,310773.86,150755.49
002587.SZ,20200107,8.38,8.59,8.34,8.46,251179.0,212086.688
002606.SZ,20200107,5.99,6.07,5.96,6.01,61239.21,36808.752
002609.SZ,20200107,8.98,8.98,8.86,8.96,45083.59,40254.304
002618.SZ,20200107,13.55,13.91,13.45,13.67,136177.72,186173.888
002619.SZ,20200107,3.35,3.63,3.34,3.52,1006233.64,350649.416
002631.SZ,20200107,8.34,8.76,8.21,8.54,176476.21,148500.598
002638.SZ,20200107,3.54,3.58,3.49,3.57,189521.0,66731.14
002639.SZ,20200107,8.6,8.86,8.59,8.8,352275.7,307643.81
002658.SZ,20200107,7.15,7.25,7.11,7.24,20991.5,15121.353
002663.SZ,20200107,2.94,3.01,2.91,2.99,319570.75,94880.851
002670.SZ,20200107,12.86,12.95,12.4,12.66,327777.4,413192.82
002679.SZ,20200107,16.95,17.52,16.72,17.28,36961.6,63280.002
002690.SZ,20200107,36.77,37.33,36.69,37.28,50147.93,186011.569
002694.SZ,20200107,3.34,3.42,3.34,3.4,123149.89,41608.626
002696.SZ,20200107,6.1,6.18,6.05,6.11,103286.99,62996.511
002699.SZ,20200107,7.3,7.98,7.3,7.76,588181.89,451636.688
002702.SZ,20200107,4.43,4.56,4.39,4.51,131210.4,58666.251
002709.SZ,20200107,22.79,23.14,22.33,22.66,106618.65,241294.508
002712.SZ,20200107,8.4,8.9,8.28,8.71,377766.29,320769.12
002714.SZ,20200107,90.5,94.99,90.35,93.8,199119.55,1861821.186
002721.SZ,20200107,6.19,6.24,6.1,6.12,239237.6,147014.953
603050.SH,20200107,11.76,13.0,11.76,13.0,101296.64,129499.953
603053.SH,20200107,23.0,24.0,21.33,21.51,542262.75,1241430.016
603056.SH,20200107,11.32,11.54,11.28,11.49,43147.1,49287.382
603059.SH,20200107,29.73,30.3,29.61,29.89,7304.27,21871.748
603078.SH,20200107,34.9,35.22,34.2,34.58,23105.52,79808.179
603083.SH,20200107,28.02,28.45,27.75,28.18,56485.4,158209.362
603111.SH,20200107,5.34,5.39,5.32,5.35,62963.0,33717.569
603115.SH,20200107,21.44,21.9,21.38,21.65,42762.23,92392.3
603118.SH,20200107,12.04,12.73,12.02,12.65,393687.52,490439.151
603121.SH,20200107,22.38,22.88,22.15,22.56,57664.8,130148.511
603123.SH,20200107,7.05,7.33,7.04,7.27,84929.66,61099.659
603199.SH,20200107,23.8,24.28,23.72,24.18,6603.26,15932.936
603203.SH,20200107,28.33,28.33,27.7,28.21,15496.36,43403.881
603258.SH,20200107,25.82,27.25,25.5,27.02,121148.04,322116.038
603320.SH,20200107,16.78,17.05,16.78,17.05,10951.89,18556.063
603329.SH,20200107,14.33,14.55,14.31,14.47,24206.32,34931.457
603333.SH,20200107,10.01,10.05,9.94,10.01,55583.61,55408.175
603356.SH,20200107,13.71,13.75,13.53,13.62,19897.05,27162.467
603357.SH,20200107,10.82,11.35,10.78,11.17,79520.57,88349.691
603366.SH,20200107,7.0,8.36,7.0,7.9,1160523.22,891804.786
603369.SH,20200107,32.77,32.78,32.3,32.62,42782.09,139199.372
603389.SH,20200107,6.7,7.2,6.6,6.66,178925.09,121882.058
603396.SH,20200107,26.2,26.21,25.23,26.21,88830.45,231764.838
603398.SH,20200107,10.78,11.05,10.72,10.98,64566.05,70460.381
603458.SH,20200107,19.06,19.57,19.03,19.41,54809.05,105932.94
603489.SH,20200107,100.25,109.84,100.18,108.52,28616.27,304266.097
603506.SH,20200107,21.02,21.3,20.79,21.24,28597.64,60058.369
603518.SH,20200107,7.12,7.25,7.12,7.25,25207.87,18162.72
603577.SH,20200107,10.78,10.89,10.75,10.86,11706.91,12671.13
002828.SZ,20200107,12.48,12.75,12.29,12.51,198014.63,247711.451
002829.SZ,20200107,22.49,22.59,22.24,22.5,17546.29,39326.293
002846.SZ,20200107,20.15,20.3,19.1,19.58,42746.47,84178.098
002847.SZ,20200107,35.9,36.84,35.9,36.4,19193.68,69740.952
002851.SZ,20200107,21.8,22.13,21.7,22.05,81024.69,177446.624
002852.SZ,20200107,13.71,13.75,13.57,13.74,12171.86,16641.039
002861.SZ,20200107,33.25,33.7,33.06,33.5,20076.0,66972.61
002866.SZ,20200107,14.8,16.43,14.71,15.77,204278.77,323136.797
002877.SZ,20200107,8.75,8.87,8.75,8.85,59200.54,52204.173
002883.SZ,20200107,20.25,20.63,20.21,20.55,11690.63,23908.817
002891.SZ,20200107,26.68,26.81,26.26,26.57,24268.09,64218.943
002903.SZ,20200107,15.32,15.48,15.15,15.36,36996.38,56570.792
002912.SZ,20200107,132.02,135.66,129.5,133.2,20218.13,268602.282
002919.SZ,20200107,15.62,16.38,15.62,16.09,59291.18,95015.537
002927.SZ,20200107,20.77,20.98,20.6,20.88,43669.74,90751.725
002928.SZ,20200107,12.09,12.42,12.08,12.19,75159.5,91974.352
002931.SZ,20200107,29.81,30.04,29.37,29.79,23558.0,69947.994
002932.SZ,20200107,36.09,36.44,35.88,36.44,6714.19,24361.853
002875.SZ,20200107,16.61,17.41,16.61,16.78,48777.85,82729.01
002885.SZ,20200107,17.34,17.43,17.15,17.39,38508.21,66590.18
002895.SZ,20200107,12.57,12.75,12.55,12.63,40198.31,50730.061
002900.SZ,20200107,11.88,12.05,11.88,12.05,21111.22,25284.8
002902.SZ,20200107,24.44,24.98,24.36,24.81,90200.5,223497.343
002908.SZ,20200107,13.35,13.56,13.35,13.53,67007.64,90281.102
002911.SZ,20200107,16.07,16.08,15.86,15.98,27103.02,43292.047
002918.SZ,20200107,20.13,21.05,20.0,20.73,50225.24,103239.939
002920.SZ,20200107,31.82,33.66,31.31,33.1,62478.93,204415.697
002929.SZ,20200107,28.23,28.49,28.1,28.43,27558.53,78029.652
002930.SZ,20200107,15.51,15.69,15.37,15.63,81326.96,126309.55
002945.SZ,20200107,13.87,14.08,13.84,14.0,268195.39,373943.333
002948.SZ,20200107,5.92,5.96,5.9,5.95,147205.43,87348.713
300002.SZ,20200107,3.46,3.65,3.46,3.6,577685.99,205599.282
300025.SZ,20200107,5.56,5.61,5.5,5.61,157001.4,87179.305
300037.SZ,20200107,36.3,36.59,35.4,35.55,144668.19,517140.794
300058.SZ,20200107,7.47,7.54,7.12,7.23,2695046.57,1976383.867
300071.SZ,20200107,2.85,2.94,2.83,2.89,175046.03,50582.423
300073.SZ,20200107,28.41,29.49,28.2,29.24,273639.11,789918.188
300078.SZ,20200107,12.8,12.8,12.4,12.54,182985.77,229801.632
300085.SZ,20200107,16.27,16.83,16.22,16.65,264052.14,437259.567
300086.SZ,20200107,4.97,5.02,4.97,5.02,98657.61,49327.089
300113.SZ,20200107,29.5,30.7,29.37,30.23,263176.2,791418.086
300115.SZ,20200107,19.09,19.2,18.62,19.19,306957.72,579860.501
300120.SZ,20200107,6.5,6.8,6.5,6.72,56350.21,37520.791
300122.SZ,20200107,56.49,57.39,55.95,56.48,122510.77,693576.17
300127.SZ,20200107,20.4,20.47,19.54,19.75,134182.06,265509.368
300130.SZ,20200107,18.32,20.14,18.28,20.14,329362.66,636383.7
300155.SZ,20200107,5.55,5.67,5.5,5.66,59220.25,33273.701
300177.SZ,20200107,9.57,9.87,9.29,9.63,455309.44,436134.214
300185.SZ,20200107,1.84,1.89,1.83,1.88,323576.2,60468.333
300204.SZ,20200107,11.23,11.33,11.23,11.33,5410.07,6108.382
300211.SZ,20200107,7.93,7.98,7.83,7.95,62984.96,49671.829
300212.SZ,20200107,34.3,37.08,34.01,36.37,155242.99,555181.94
300215.SZ,20200107,6.7,6.85,6.7,6.82,65133.62,44152.043
300219.SZ,20200107,7.2,7.27,7.09,7.12,28675.5,20461.591
300224.SZ,20200107,9.85,9.9,9.64,9.71,109807.23,106619.046
300229.SZ,20200107,13.95,14.16,13.86,14.08,138512.62,194090.669
300230.SZ,20200107,5.23,5.23,5.23,5.23,71254.36,37266.03
300233.SZ,20200107,19.7,20.09,19.61,19.99,18030.49,35753.365
300255.SZ,20200107,5.6,5.75,5.58,5.69,116663.91,66179.167
300261.SZ,20200107,4.49,4.57,4.42,4.51,127919.74,57769.073
300262.SZ,20200107,5.04,5.09,5.0,5.08,101111.63,51031.506
300270.SZ,20200107,8.72,8.79,8.65,8.78,59210.28,51687.332
300278.SZ,20200107,4.59,4.98,4.53,4.8,426862.16,205273.909
300279.SZ,20200107,6.03,6.18,5.95,6.11,225187.61,136845.576
002431.SZ,20200107,3.13,3.17,3.12,3.16,195000.69,61315.579
002457.SZ,20200107,8.23,8.39,8.23,8.34,84316.11,70077.231
002458.SZ,20200107,28.92,31.77,28.92,31.77,600371.23,1837997.99
002467.SZ,20200107,5.82,5.94,5.78,5.89,772522.69,453462.68
002481.SZ,20200107,8.3,8.76,8.28,8.47,614203.25,524066.439
600887.SH,20200107,31.27,32.46,31.09,32.15,632229.17,2024756.211
600903.SH,20200107,15.29,15.4,15.12,15.19,209778.06,318801.54
600919.SH,20200107,7.16,7.27,7.16,7.24,407341.77,293651.646
600926.SH,20200107,9.36,9.54,9.35,9.38,339101.06,319981.651
600958.SH,20200107,10.81,10.89,10.68,10.8,329757.31,355131.5
600965.SH,20200107,7.9,8.78,7.82,8.78,272851.05,233228.603
600966.SH,20200107,5.8,6.01,5.66,5.86,611108.51,356562.786
600968.SH,20200107,3.11,3.12,3.07,3.09,1121547.31,346372.216
600995.SH,20200107,7.81,7.91,7.8,7.87,57367.03,45013.951
600998.SH,20200107,14.01,14.4,13.96,14.39,97423.23,138236.417
601000.SH,20200107,2.62,2.64,2.61,2.64,253591.68,66766.223
601018.SH,20200107,3.9,3.94,3.9,3.94,151962.09,59637.416
601020.SH,20200107,9.36,9.38,9.26,9.31,78323.22,72894.588
601198.SH,20200107,12.88,13.11,12.83,13.04,305070.5,395585.226
601218.SH,20200107,2.94,2.95,2.92,2.95,82340.31,24192.089
002490.SZ,20200107,3.95,3.97,3.9,3.95,29780.0,11739.877
002492.SZ,20200107,6.14,6.2,6.09,6.19,185886.5,114223.026
002495.SZ,20200107,2.95,3.0,2.94,2.99,71665.0,21363.935
002498.SZ,20200107,3.04,3.09,3.04,3.08,218700.42,67164.866
002505.SZ,20200107,1.83,1.87,1.81,1.85,939095.13,172212.331
002510.SZ,20200107,5.8,5.97,5.68,5.97,943675.03,558704.615
002515.SZ,20200107,6.39,6.78,6.32,6.36,1048664.52,681891.758
002516.SZ,20200107,2.77,3.05,2.76,3.05,304777.4,89970.669
002518.SZ,20200107,11.36,11.92,11.36,11.91,183824.79,215445.782
002529.SZ,20200107,6.06,6.07,5.86,6.02,62159.55,37389.905
002532.SZ,20200107,6.12,6.19,6.1,6.19,32661.12,20083.659
002549.SZ,20200107,6.18,6.42,6.18,6.28,71747.1,45053.74
002563.SZ,20200107,10.0,10.09,9.91,10.03,88810.74,89008.288
002571.SZ,20200107,5.19,5.26,5.15,5.21,94535.14,49190.318
002579.SZ,20200107,14.57,14.66,14.14,14.26,158300.26,225736.909
002588.SZ,20200107,4.2,4.27,4.17,4.22,145519.58,61242.201
002592.SZ,20200107,14.06,14.31,13.98,14.28,31903.92,45368.988
002630.SZ,20200107,2.51,2.56,2.49,2.55,359397.8,91142.192
002635.SZ,20200107,19.98,20.13,19.45,20.05,407535.79,808663.594
002637.SZ,20200107,10.45,10.78,10.33,10.71,108717.92,115143.831
002654.SZ,20200107,5.86,5.98,5.72,5.96,472291.29,275716.522
002660.SZ,20200107,9.1,9.29,9.1,9.25,119248.88,109812.431
002662.SZ,20200107,2.8,2.98,2.77,2.89,338905.23,97722.411
002668.SZ,20200107,5.95,6.13,5.88,6.09,899801.1,543266.911
002674.SZ,20200107,11.14,11.45,11.1,11.39,27573.01,31037.957
002675.SZ,20200107,15.15,15.6,15.09,15.55,103609.4,159585.37
002692.SZ,20200107,3.48,3.54,3.47,3.52,23070.46,8102.33
002402.SZ,20200107,13.91,14.23,13.72,13.9,503699.18,704583.391
002416.SZ,20200107,8.0,8.18,7.91,8.1,270104.8,217336.213
002417.SZ,20200107,7.36,7.43,7.28,7.41,127650.02,93828.073
002435.SZ,20200107,4.13,4.16,4.11,4.16,46930.8,19431.014
002439.SZ,20200107,36.7,37.42,36.3,37.22,85207.39,314192.498
002441.SZ,20200107,8.99,9.26,8.86,9.26,228307.9,209479.348
002461.SZ,20200107,7.25,7.27,7.15,7.25,69311.56,50008.511
002484.SZ,20200107,8.17,8.37,8.14,8.34,183520.78,152151.942
002485.SZ,20200107,7.11,7.23,7.01,7.12,90191.24,64044.124
002488.SZ,20200107,7.55,7.77,7.5,7.68,288187.99,220167.684
600889.SH,20200107,4.75,4.79,4.72,4.79,34686.71,16520.809
600893.SH,20200107,22.19,23.1,22.19,23.0,161767.89,368997.219
600895.SH,20200107,15.33,15.66,15.3,15.49,193923.33,300134.274
600896.SH,20200107,4.37,4.43,4.34,4.41,40384.29,17717.968
600917.SH,20200107,7.61,7.64,7.52,7.57,101076.98,76514.392
600967.SH,20200107,11.08,11.34,11.04,11.17,146485.41,163872.473
601011.SH,20200107,4.59,4.79,4.58,4.69,383255.21,179843.027
601016.SH,20200107,2.44,2.48,2.44,2.48,200224.36,49273.915
601086.SH,20200107,5.18,5.21,5.16,5.18,40172.0,20833.524
601166.SH,20200107,20.0,20.25,19.86,19.99,561162.55,1124203.504
601208.SH,20200107,5.18,5.18,5.07,5.12,60281.34,30804.665
002497.SZ,20200107,8.4,8.66,8.27,8.53,645912.28,545401.303
002508.SZ,20200107,33.2,33.41,32.82,33.4,96653.0,319471.829
002509.SZ,20200107,1.5,1.54,1.49,1.52,645129.93,97749.312
002511.SZ,20200107,12.78,13.15,12.7,13.06,193095.8,250059.213
002522.SZ,20200107,6.62,6.72,6.54,6.7,148773.39,98963.388
002523.SZ,20200107,3.11,3.14,3.1,3.13,110606.46,34580.713
002544.SZ,20200107,14.27,14.36,14.12,14.35,95615.82,136319.604
002560.SZ,20200107,5.87,5.9,5.82,5.9,57068.85,33457.613
002562.SZ,20200107,4.99,5.03,4.92,4.94,99431.45,49343.681
002566.SZ,20200107,6.68,6.75,6.68,6.72,23091.0,15491.004
002574.SZ,20200107,5.35,5.37,5.31,5.34,94798.9,50553.403
002584.SZ,20200107,5.16,5.23,5.15,5.21,145745.91,75542.806
002596.SZ,20200107,6.57,6.95,6.54,6.8,602638.02,407213.24
002598.SZ,20200107,6.37,6.71,6.37,6.61,38958.7,25310.426
002600.SZ,20200107,11.8,11.89,11.54,11.78,897242.97,1049582.557
002612.SZ,20200107,9.69,10.2,9.58,9.76,60003.15,58693.85
002617.SZ,20200107,6.07,6.57,6.0,6.49,1252363.21,787739.091
002646.SZ,20200107,10.82,10.97,10.8,10.92,30053.69,32742.783
002648.SZ,20200107,17.2,17.26,17.03,17.22,87533.95,149959.354
002655.SZ,20200107,14.24,14.79,14.15,14.23,428674.36,617026.214
002656.SZ,20200107,4.04,4.13,4.02,4.11,236425.93,96553.111
002672.SZ,20200107,9.13,9.24,9.11,9.24,56348.47,51714.714
002673.SZ,20200107,9.75,9.85,9.62,9.78,326538.14,317847.966
002676.SZ,20200107,3.27,3.48,3.27,3.37,226168.47,76154.557
002682.SZ,20200107,4.55,4.6,4.53,4.57,40784.0,18589.791
002686.SZ,20200107,7.69,7.7,6.7,6.85,231127.23,163215.154
002335.SZ,20200107,16.86,17.18,16.78,16.98,35041.56,59422.802
002357.SZ,20200107,6.24,6.38,6.22,6.36,38579.88,24287.097
002371.SZ,20200107,90.0,91.91,90.0,91.32,67990.06,618471.927
002378.SZ,20200107,5.56,5.67,5.54,5.59,140327.57,78413.691
002383.SZ,20200107,9.94,10.13,9.86,10.01,121673.09,121832.446
002386.SZ,20200107,6.04,6.21,6.0,6.13,118698.61,72427.233
002396.SZ,20200107,35.45,35.94,35.1,35.76,94514.31,336319.367
002401.SZ,20200107,11.72,11.78,11.57,11.75,36188.19,42359.722
002428.SZ,20200107,11.65,12.18,10.97,11.52,1263651.46,1464154.814
002434.SZ,20200107,9.68,9.8,9.65,9.76,97637.29,94993.258
002438.SZ,20200107,8.14,8.27,8.09,8.26,46578.74,38211.749
002447.SZ,20200107,3.5,3.62,3.47,3.58,699030.57,248714.851
002465.SZ,20200107,11.63,11.87,11.55,11.65,510373.76,596303.07
002466.SZ,20200107,32.18,32.6,31.72,32.21,595271.3,1908425.682
002469.SZ,20200107,4.23,4.26,4.21,4.26,43607.92,18468.27
002482.SZ,20200107,4.85,4.93,4.7,4.76,224586.06,107384.708
600908.SH,20200107,5.53,5.58,5.51,5.56,117432.6,65030.409
600933.SH,20200107,14.5,14.9,14.42,14.88,37979.16,55690.067
600978.SH,20200107,3.03,3.1,3.03,3.09,192925.16,59214.416
600980.SH,20200107,14.43,14.52,14.3,14.51,39262.36,56568.53
601038.SH,20200107,7.2,7.27,7.07,7.16,174279.86,124535.852
601116.SH,20200107,13.45,13.55,13.34,13.52,34524.22,46447.725
601126.SH,20200107,5.75,5.79,5.72,5.77,29656.74,17061.769
601155.SH,20200107,38.08,38.87,38.08,38.64,73839.69,284974.317
601168.SH,20200107,7.0,7.11,6.89,7.0,534041.72,372341.175
601216.SH,20200107,3.14,3.23,3.12,3.19,588855.38,187017.593
002493.SZ,20200107,12.3,12.34,12.1,12.21,65351.56,79608.943
002517.SZ,20200107,2.78,2.94,2.76,2.89,1118432.4,319728.593
002521.SZ,20200107,6.02,6.03,5.97,6.0,71583.19,42915.645
002524.SZ,20200107,11.09,11.99,11.02,11.99,493935.75,579147.263
002527.SZ,20200107,5.31,5.38,5.29,5.37,58734.6,31357.596
002533.SZ,20200107,5.11,5.19,5.11,5.18,59485.01,30641.261
002543.SZ,20200107,9.62,9.84,9.6,9.79,36403.59,35408.082
002547.SZ,20200107,8.8,9.25,8.77,8.97,1068242.77,962767.021
002548.SZ,20200107,9.57,9.77,9.4,9.62,178706.58,170822.82
002551.SZ,20200107,4.7,4.74,4.68,4.74,30233.82,14243.96
002556.SZ,20200107,5.89,5.91,5.79,5.85,125656.0,73414.165
002557.SZ,20200107,33.46,34.55,33.35,34.45,41108.03,139992.907
002572.SZ,20200107,21.09,21.45,20.9,21.26,101228.79,214776.37
002575.SZ,20200107,7.17,7.59,7.12,7.4,121602.63,89655.45
002580.SZ,20200107,5.38,5.47,5.38,5.45,54966.83,29846.909
002582.SZ,20200107,8.78,9.52,8.77,9.2,265338.26,243833.236
002586.SZ,20200107,3.23,3.27,3.2,3.23,67825.2,21929.023
002590.SZ,20200107,7.19,7.35,7.18,7.29,50415.82,36671.26
002593.SZ,20200107,3.97,4.05,3.95,4.04,200512.15,80181.765
002599.SZ,20200107,4.61,4.83,4.59,4.82,158581.82,74986.95
002605.SZ,20200107,22.99,25.01,22.85,25.01,138111.2,336830.781
002736.SZ,20200107,12.93,13.15,12.83,13.06,317465.85,413133.751
002756.SZ,20200107,19.42,19.8,19.2,19.3,54513.55,105634.975
002760.SZ,20200107,18.3,18.66,18.3,18.65,14701.51,27258.437
002778.SZ,20200107,25.28,25.28,23.6,24.17,39663.35,95659.37
002797.SZ,20200107,8.21,8.33,8.05,8.18,1603287.85,1307646.479
002805.SZ,20200107,12.31,12.42,12.23,12.41,33325.67,41117.638
601326.SH,20200107,3.23,3.26,3.22,3.25,53242.61,17247.193
601558.SH,20200107,1.11,1.13,1.1,1.12,404616.52,45278.99
601567.SH,20200107,8.1,8.35,8.06,8.22,127146.71,104236.996
601616.SH,20200107,3.14,3.18,3.12,3.17,99219.01,31269.355
601619.SH,20200107,3.88,3.98,3.88,3.96,203493.36,80425.885
601717.SH,20200107,6.54,6.85,6.54,6.8,404976.56,273175.436
601869.SH,20200107,33.32,33.93,33.19,33.91,36457.15,122572.148
601877.SH,20200107,27.64,28.01,27.38,27.81,83005.73,229607.593
601900.SH,20200107,9.76,10.16,9.72,10.1,91542.14,91340.659
601908.SH,20200107,3.13,3.22,3.13,3.19,146718.4,46678.082
601939.SH,20200107,7.26,7.29,7.22,7.23,1106435.65,800936.075
603000.SH,20200107,23.16,24.41,22.75,24.15,512546.8,1192873.899
002211.SZ,20200107,6.52,6.59,6.46,6.56,60537.11,39544.371
002229.SZ,20200107,7.05,7.15,6.99,7.15,156758.4,111024.078
002234.SZ,20200107,31.52,34.39,31.25,33.6,280867.19,922178.991
002239.SZ,20200107,2.06,2.16,2.01,2.16,1453490.27,304011.53
002245.SZ,20200107,4.3,4.43,4.29,4.38,221613.09,96727.606
002277.SZ,20200107,3.49,3.5,3.45,3.48,188980.95,65575.722
002293.SZ,20200107,9.16,9.2,9.08,9.14,16818.35,15344.206
600272.SH,20200107,7.65,7.76,7.65,7.75,9045.61,6980.674
600273.SH,20200107,11.36,11.42,11.21,11.34,266991.97,301721.554
600280.SH,20200107,2.86,2.9,2.84,2.88,112521.0,32295.914
600282.SH,20200107,3.43,3.5,3.41,3.5,439174.41,152203.015
600284.SH,20200107,6.48,6.49,6.45,6.48,62208.14,40203.134
600318.SH,20200107,7.07,7.24,7.0,7.2,100312.56,71547.095
600322.SH,20200107,3.04,3.1,3.03,3.08,191576.66,58756.845
600346.SH,20200107,16.3,16.36,16.11,16.28,155358.98,251919.436
600359.SH,20200107,6.1,6.28,5.92,6.09,372634.38,226199.636
600372.SH,20200107,15.5,15.68,15.44,15.58,95774.97,149003.646
600373.SH,20200107,16.01,17.61,15.8,17.61,469921.45,802578.51
600376.SH,20200107,8.08,8.13,8.03,8.13,73041.23,59012.95
600381.SH,20200107,5.46,5.55,5.46,5.53,46945.5,25880.918
600383.SH,20200107,14.3,14.54,14.18,14.44,214050.96,307518.537
600403.SH,20200107,4.21,4.37,4.21,4.29,91083.38,38981.641
600406.SH,20200107,21.95,22.19,21.88,22.13,87767.32,193400.299
600410.SH,20200107,10.89,10.98,10.78,10.97,434041.43,472446.049
600421.SH,20200107,8.95,9.4,8.89,9.18,9015.74,8351.384
600476.SH,20200107,15.43,15.76,15.21,15.61,56455.63,87223.643
600479.SH,20200107,8.91,8.97,8.87,8.97,48292.64,43082.617
600481.SH,20200107,3.34,3.37,3.33,3.37,64368.99,21611.395
600486.SH,20200107,67.32,69.5,65.9,66.8,67106.14,450362.016
002933.SZ,20200107,40.18,40.5,40.01,40.44,19206.16,77251.456
002938.SZ,20200107,46.0,46.42,45.6,46.3,57969.16,267308.181
002956.SZ,20200107,53.29,53.79,53.2,53.79,8611.75,46135.982
300009.SZ,20200107,15.15,15.58,15.15,15.45,172947.33,266343.46
300012.SZ,20200107,14.65,14.78,14.33,14.77,201530.89,294220.056
300014.SZ,20200107,51.91,52.38,50.32,51.44,294041.77,1504313.813
300016.SZ,20200107,8.96,9.14,8.96,9.04,79914.92,72110.232
300019.SZ,20200107,9.94,10.02,9.9,10.01,36947.14,36830.825
300030.SZ,20200107,7.23,7.33,7.16,7.31,67872.62,49274.503
300031.SZ,20200107,15.54,16.32,15.45,16.19,100494.49,161013.272
300038.SZ,20200107,10.78,11.32,10.68,10.73,1108458.6,1208642.975
300043.SZ,20200107,5.89,6.42,5.76,6.33,1154589.18,719912.365
300055.SZ,20200107,6.9,7.07,6.89,7.03,160200.99,112017.041
300067.SZ,20200107,4.39,4.42,4.37,4.42,184831.96,81403.83
300083.SZ,20200107,4.19,4.23,4.05,4.16,674770.35,278903.758
300087.SZ,20200107,13.52,13.52,13.52,13.52,30798.52,41639.599
300097.SZ,20200107,9.83,9.92,9.57,9.69,95212.78,92247.143
300099.SZ,20200107,6.7,6.92,6.65,6.81,212221.47,144368.688
300101.SZ,20200107,9.57,9.8,9.42,9.69,206328.09,198846.703
300102.SZ,20200107,4.99,5.11,4.96,5.02,121906.55,61003.123
300105.SZ,20200107,4.43,4.49,4.43,4.49,38678.0,17258.853
300110.SZ,20200107,4.22,4.26,4.21,4.26,142772.82,60562.274
300126.SZ,20200107,6.04,6.09,6.0,6.05,33911.0,20481.675
300128.SZ,20200107,4.09,4.17,4.07,4.16,339087.46,139827.49
300139.SZ,20200107,9.09,9.17,9.02,9.12,124222.12,112880.313
300145.SZ,20200107,3.6,3.62,3.47,3.53,609163.71,214998.75
300150.SZ,20200107,4.3,4.4,4.29,4.4,44215.28,19269.253
300164.SZ,20200107,5.78,5.84,5.68,5.76,295740.86,170001.491
300171.SZ,20200107,7.27,7.38,7.27,7.37,37654.87,27624.429
300188.SZ,20200107,18.38,18.59,18.1,18.4,150284.13,276297.667
300193.SZ,20200107,9.03,9.03,8.85,8.99,64600.85,57639.497
300194.SZ,20200107,5.55,5.63,5.52,5.6,256502.93,143046.417
300202.SZ,20200107,11.66,12.2,11.5,12.05,340496.43,405246.736
300205.SZ,20200107,11.68,12.34,11.66,12.08,205640.16,246591.433
300209.SZ,20200107,14.85,15.03,14.7,14.89,69526.66,103190.33
300213.SZ,20200107,6.8,7.05,6.74,6.99,192396.03,133581.396
300218.SZ,20200107,8.0,8.07,7.96,8.06,20798.66,16688.033
300226.SZ,20200107,82.77,83.74,80.48,81.23,43814.54,356368.041
300227.SZ,20200107,14.6,15.37,14.4,15.18,146229.3,219600.54
300231.SZ,20200107,8.58,8.75,8.56,8.66,153637.19,132496.507
300236.SZ,20200107,29.86,31.2,29.4,29.65,264012.16,794108.684
300239.SZ,20200107,5.25,5.41,5.21,5.27,149023.13,78686.977
300263.SZ,20200107,5.52,5.79,5.5,5.75,280050.3,158128.174
300274.SZ,20200107,11.77,11.85,11.48,11.66,297836.3,346582.326
300284.SZ,20200107,8.36,8.47,8.33,8.47,79153.4,66477.548
300295.SZ,20200107,14.0,14.24,13.87,14.21,73647.58,103503.627
300301.SZ,20200107,3.91,3.98,3.9,3.98,144464.97,56921.662
300283.SZ,20200107,4.56,4.64,4.56,4.63,42389.08,19526.106
300292.SZ,20200107,5.31,5.37,5.24,5.33,412833.22,218785.686
300318.SZ,20200107,4.12,4.15,4.1,4.15,27109.43,11186.514
300319.SZ,20200107,12.86,12.98,12.4,12.72,281805.48,357473.242
300325.SZ,20200107,3.35,3.61,3.33,3.48,607087.68,210710.993
300330.SZ,20200107,10.07,10.15,9.98,10.12,33981.25,34200.302
300331.SZ,20200107,21.22,22.35,21.12,22.17,89055.26,194361.617
300332.SZ,20200107,4.16,4.18,4.13,4.17,83764.34,34815.638
300335.SZ,20200107,5.96,6.0,5.93,5.99,64177.14,38311.74
300381.SZ,20200107,9.68,9.83,9.66,9.79,40954.64,39929.946
300388.SZ,20200107,10.49,10.5,10.32,10.46,60957.16,63517.533
300390.SZ,20200107,6.58,6.63,6.4,6.49,223311.78,144841.864
603579.SH,20200107,32.41,32.74,31.9,32.35,16771.98,54062.681
603580.SH,20200107,12.59,12.74,12.56,12.73,7444.73,9423.005
603587.SH,20200107,25.56,26.34,25.37,26.22,28090.76,72858.883
603606.SH,20200107,11.3,11.5,11.24,11.44,96296.06,109724.461
603633.SH,20200107,10.94,11.45,10.81,11.28,48063.17,53601.076
603637.SH,20200107,15.54,15.74,15.54,15.65,3802.91,5950.51
603638.SH,20200107,29.73,30.25,29.71,30.24,5099.12,15341.487
603666.SH,20200107,79.51,82.27,79.23,81.4,13841.15,112014.419
603679.SH,20200107,44.06,44.43,43.48,44.03,11357.55,49928.754
603697.SH,20200107,14.11,14.17,13.91,14.02,45035.4,63082.306
603699.SH,20200107,13.69,14.24,13.65,14.19,77031.11,108211.656
603711.SH,20200107,25.15,25.39,25.0,25.34,24438.74,61602.849
603728.SH,20200107,11.7,11.9,11.62,11.72,30749.9,36098.314
603778.SH,20200107,4.35,4.38,4.34,4.37,51208.84,22316.239
603798.SH,20200107,13.38,13.65,13.11,13.44,52023.93,69779.411
603800.SH,20200107,13.35,13.47,13.15,13.32,38216.07,50673.646
603815.SH,20200107,17.41,17.75,17.4,17.52,52333.97,91861.164
603856.SH,20200107,10.41,10.54,10.37,10.52,24898.83,26026.83
603859.SH,20200107,27.75,28.15,27.4,27.86,21846.14,60715.085
603869.SH,20200107,12.07,12.39,11.99,12.37,39936.55,48834.711
603877.SH,20200107,15.69,15.76,15.41,15.63,10909.9,16978.733
603886.SH,20200107,18.28,18.62,18.19,18.5,32104.63,59233.919
603888.SH,20200107,23.98,24.32,23.6,24.19,147621.93,353346.425
603901.SH,20200107,10.78,11.4,10.64,11.16,79989.22,87933.736
603508.SH,20200107,58.57,58.89,58.05,58.71,20185.39,118099.416
603517.SH,20200107,43.5,44.38,43.3,43.88,46981.78,206019.498
603520.SH,20200107,40.77,41.3,40.01,40.57,25367.25,102808.617
603535.SH,20200107,18.35,18.65,18.34,18.46,13421.48,24767.001
603538.SH,20200107,24.87,25.44,24.82,25.39,33872.97,85159.412
603557.SH,20200107,8.41,8.85,8.41,8.76,90456.89,78435.489
603567.SH,20200107,12.42,12.65,12.29,12.35,58044.91,72280.359
002827.SZ,20200107,10.09,10.35,10.0,10.21,32678.0,33365.39
002831.SZ,20200107,27.73,28.18,27.42,27.75,25101.48,69461.351
002833.SZ,20200107,44.52,46.5,42.74,45.1,33630.72,150915.897
002836.SZ,20200107,12.33,12.49,12.3,12.45,12596.97,15643.81
002693.SZ,20200107,4.75,4.79,4.73,4.77,36754.0,17474.457
002703.SZ,20200107,4.78,4.86,4.78,4.86,99436.79,48022.126
002716.SZ,20200107,3.06,3.26,3.05,3.09,727482.17,227970.391
002730.SZ,20200107,8.21,8.33,8.21,8.33,20996.0,17387.019
002731.SZ,20200107,8.04,8.14,8.0,8.08,108203.41,87278.672
002732.SZ,20200107,22.02,22.36,22.0,22.35,28287.2,62920.148
002739.SZ,20200107,21.1,22.5,21.1,21.83,478865.08,1049942.457
002758.SZ,20200107,10.6,10.75,10.58,10.65,18665.24,19873.1
002765.SZ,20200107,5.29,5.55,5.22,5.4,173999.98,93341.437
002775.SZ,20200107,5.89,5.96,5.89,5.96,29765.06,17677.662
002788.SZ,20200107,8.5,8.86,8.47,8.7,76942.65,66725.638
002803.SZ,20200107,27.96,28.78,27.86,28.5,42928.68,121548.268
002812.SZ,20200107,57.49,57.79,55.99,56.83,83645.74,474544.048
002815.SZ,20200107,19.45,19.45,18.42,18.75,274021.38,515632.394
002819.SZ,20200107,26.06,26.7,26.01,26.64,53203.7,140576.226
002824.SZ,20200107,11.02,11.5,11.02,11.42,36261.89,40984.049
002825.SZ,20200107,13.5,13.87,13.47,13.73,14590.59,20003.095
601238.SH,20200107,11.99,12.24,11.9,12.18,153732.14,185657.535
601258.SH,20200107,1.44,1.46,1.41,1.46,928005.2,134066.561
601288.SH,20200107,3.69,3.75,3.68,3.72,2912949.55,1084517.48
601328.SH,20200107,5.67,5.72,5.66,5.69,1009755.73,574954.034
601330.SH,20200107,10.78,11.4,10.77,11.18,256447.08,284557.582
601366.SH,20200107,5.73,5.79,5.73,5.78,54875.22,31632.129
601512.SH,20200107,13.85,13.95,13.76,13.9,136565.06,189395.747
601636.SH,20200107,5.62,5.72,5.51,5.6,489769.84,273424.06
601677.SH,20200107,11.55,11.63,11.44,11.54,50450.7,58140.99
601860.SH,20200107,5.4,5.42,5.35,5.41,556929.82,299808.37
601865.SH,20200107,13.79,14.66,13.79,14.5,216338.64,310125.724
601888.SH,20200107,90.74,91.88,90.72,90.91,55208.5,503235.896
601990.SH,20200107,12.58,13.77,12.18,13.19,2910202.08,3740854.576
601991.SH,20200107,2.49,2.53,2.49,2.53,147849.64,37151.097
601997.SH,20200107,9.47,9.55,9.46,9.52,131545.38,124946.724
603006.SH,20200107,11.42,11.67,11.38,11.62,41233.45,47617.281
603011.SH,20200107,5.29,5.33,5.19,5.32,87007.6,45849.124
603021.SH,20200107,8.1,8.19,8.08,8.19,21847.8,17809.549
603023.SH,20200107,4.98,5.06,4.96,5.05,126550.34,63595.158
603026.SH,20200107,37.08,37.14,36.53,37.05,74330.73,274164.889
603068.SH,20200107,94.0,94.7,92.84,93.96,21679.03,202906.071
603069.SH,20200107,11.09,12.07,11.06,11.99,104591.57,121726.088
603085.SH,20200107,8.6,8.75,8.56,8.7,64207.25,55573.095
603089.SH,20200107,13.93,14.1,13.88,14.1,19568.99,27369.379
603093.SH,20200107,26.41,26.95,26.41,26.69,92571.92,247396.071
603096.SH,20200107,56.01,58.18,55.78,57.87,11157.15,63600.337
603109.SH,20200107,29.2,29.8,29.04,29.27,116953.36,343673.629
603131.SH,20200107,14.87,16.4,14.87,16.13,69524.65,109151.59
603139.SH,20200107,17.33,17.47,17.33,17.43,6923.0,12047.536
603160.SH,20200107,213.55,216.12,210.1,215.08,30838.01,660498.891
002691.SZ,20200107,6.3,6.38,6.28,6.31,53460.93,33818.337
002695.SZ,20200107,16.09,16.78,16.05,16.58,99526.24,164447.109
002701.SZ,20200107,4.65,4.88,4.65,4.83,524757.99,251722.625
002708.SZ,20200107,7.98,8.28,7.98,8.18,94732.8,77407.334
002723.SZ,20200107,9.8,10.78,9.8,10.78,55823.0,59830.117
002738.SZ,20200107,16.79,16.94,16.66,16.76,24553.5,41133.477
002761.SZ,20200107,10.97,11.08,10.81,10.91,103751.26,113275.679
002769.SZ,20200107,8.69,8.95,8.67,8.88,55664.04,49185.644
002774.SZ,20200107,7.68,7.8,7.68,7.8,23850.0,18503.468
002779.SZ,20200107,16.45,16.65,16.39,16.57,8015.48,13224.721
002780.SZ,20200107,19.01,19.3,18.61,19.01,44813.76,84685.221
002813.SZ,20200107,24.95,25.32,24.92,25.15,16373.7,41057.824
601229.SH,20200107,9.46,9.58,9.45,9.49,282361.65,268543.342
601233.SH,20200107,15.2,15.58,15.12,15.48,281336.4,433306.038
601236.SH,20200107,16.6,16.79,16.35,16.65,354522.38,586850.295
601318.SH,20200107,86.01,86.46,85.67,86.15,452188.32,3886450.097
601339.SH,20200107,4.03,4.25,4.03,4.22,178726.72,74336.78
601515.SH,20200107,6.83,6.9,6.81,6.88,74544.83,51169.419
601519.SH,20200107,8.34,8.58,8.27,8.58,902500.41,763633.111
601566.SH,20200107,11.46,11.46,11.32,11.42,30933.02,35257.655
601579.SH,20200107,8.68,8.84,8.68,8.8,16453.4,14410.068
601633.SH,20200107,8.98,9.15,8.95,9.15,188681.24,171042.491
601678.SH,20200107,5.36,5.41,5.33,5.38,143839.58,77267.574
601766.SH,20200107,7.2,7.22,7.16,7.19,547208.91,393166.386
601789.SH,20200107,3.83,3.87,3.82,3.86,87450.98,33670.782
601801.SH,20200107,5.7,5.86,5.68,5.85,91737.77,52991.871
601811.SH,20200107,13.36,13.92,13.36,13.7,42807.83,58514.884
002624.SZ,20200107,48.75,51.83,48.28,50.9,213501.1,1063976.932
002629.SZ,20200107,2.79,2.79,2.66,2.67,144338.0,39271.844
002632.SZ,20200107,7.27,7.85,7.27,7.79,185713.81,141385.583
002636.SZ,20200107,9.14,9.27,9.08,9.18,81458.31,74642.516
002651.SZ,20200107,4.9,5.05,4.89,4.97,56627.52,28166.531
002664.SZ,20200107,15.95,16.51,15.95,16.29,110908.94,180772.963
002665.SZ,20200107,3.51,3.54,3.48,3.52,380376.61,133213.809
002697.SZ,20200107,7.65,7.71,7.61,7.67,88215.89,67394.456
002707.SZ,20200107,6.41,6.77,6.35,6.61,310094.97,203634.525
002711.SZ,20200107,1.41,1.45,1.37,1.39,483295.53,67617.176
002717.SZ,20200107,5.48,5.63,5.43,5.6,436920.91,242177.372
002722.SZ,20200107,15.74,16.08,15.7,16.04,44406.32,70895.666
002729.SZ,20200107,49.6,51.89,48.33,50.91,10271.4,51702.275
002734.SZ,20200107,13.97,14.11,13.91,14.09,32679.87,45766.06
002735.SZ,20200107,18.18,18.77,18.18,18.46,16402.2,30391.105
002740.SZ,20200107,7.53,7.89,7.34,7.39,353753.0,269350.681
002749.SZ,20200107,12.59,12.67,12.41,12.55,20918.37,26148.098
002751.SZ,20200107,27.23,28.13,26.83,27.52,108661.4,298744.731
002755.SZ,20200107,15.91,16.37,15.83,16.33,41421.46,66846.162
002759.SZ,20200107,9.82,9.93,9.77,9.84,101029.55,99423.418
002611.SZ,20200107,4.56,4.67,4.52,4.64,411909.27,189800.369
002616.SZ,20200107,8.87,9.03,8.75,8.82,42599.38,37681.739
002620.SZ,20200107,6.23,6.29,6.21,6.29,33931.68,21185.809
601069.SH,20200107,16.31,16.46,16.15,16.36,298526.16,487234.572
601088.SH,20200107,18.7,19.07,18.7,18.82,412110.16,779821.412
601106.SH,20200107,3.02,3.04,3.01,3.03,196333.56,59347.104
601108.SH,20200107,11.37,11.52,11.19,11.39,1024359.52,1162039.24
601111.SH,20200107,9.16,9.3,9.13,9.3,701562.62,645175.4
601117.SH,20200107,6.58,6.62,6.54,6.6,252844.12,166363.979
601128.SH,20200107,8.91,9.08,8.84,9.01,229193.02,205656.344
601139.SH,20200107,8.15,8.22,8.06,8.13,125946.45,102114.133
601169.SH,20200107,5.71,5.75,5.7,5.74,411572.79,235638.737
601177.SH,20200107,9.32,9.5,9.32,9.48,33890.0,31986.348
601212.SH,20200107,3.84,3.86,3.8,3.83,547525.06,209355.098
002520.SZ,20200107,7.08,7.51,7.05,7.39,107849.41,78761.573
002537.SZ,20200107,7.17,7.87,7.13,7.69,622708.84,467012.819
002554.SZ,20200107,3.18,3.2,3.14,3.18,244743.0,77471.156
002559.SZ,20200107,5.77,5.83,5.73,5.81,88050.03,50946.284
002570.SZ,20200107,5.5,5.58,5.45,5.51,161310.48,88859.761
002573.SZ,20200107,6.6,6.78,6.6,6.71,101260.94,67652.11
002601.SZ,20200107,16.09,16.1,15.7,16.01,151825.79,241414.77
002607.SZ,20200107,17.97,18.1,17.82,18.04,86585.26,155693.087
002608.SZ,20200107,7.7,7.74,7.64,7.73,28136.82,21642.376
002614.SZ,20200107,11.19,11.7,11.16,11.63,136378.9,156440.875
002621.SZ,20200107,11.37,11.4,11.21,11.35,19938.8,22537.173
002623.SZ,20200107,29.2,29.21,28.64,29.21,24854.36,72549.612
002627.SZ,20200107,9.99,10.25,9.95,10.23,40270.82,40564.78
002628.SZ,20200107,4.63,4.68,4.62,4.66,149663.1,69737.93
002633.SZ,20200107,8.63,8.99,8.63,8.94,16891.59,14921.591
002645.SZ,20200107,8.67,8.75,8.63,8.75,60360.73,52415.255
002649.SZ,20200107,10.24,10.43,10.14,10.36,190097.29,195543.483
002659.SZ,20200107,6.41,6.55,6.41,6.54,41486.35,26985.809
002671.SZ,20200107,4.64,4.64,4.6,4.63,34855.84,16110.817
002677.SZ,20200107,13.38,13.59,13.37,13.59,56349.4,76135.01
002683.SZ,20200107,18.82,20.5,18.73,20.5,374184.27,743741.09
002685.SZ,20200107,6.86,7.1,6.71,6.93,123224.59,84788.66
002688.SZ,20200107,6.76,7.49,6.75,7.49,507405.42,372321.754
002705.SZ,20200107,18.86,19.95,18.68,19.6,96149.93,187746.055
002706.SZ,20200107,8.55,8.68,8.47,8.68,47236.24,40720.559
002718.SZ,20200107,16.85,17.09,16.85,17.06,9002.46,15310.82
002724.SZ,20200107,7.53,7.68,7.39,7.52,98534.55,73785.82
002725.SZ,20200107,10.11,10.15,9.95,10.1,67840.59,68108.71
002726.SZ,20200107,7.1,7.45,7.1,7.44,272369.6,198983.346
002727.SZ,20200107,23.82,24.35,23.82,24.27,30632.32,73813.813
002733.SZ,20200107,27.75,28.66,27.31,28.45,274610.18,769753.457
002772.SZ,20200107,7.25,7.41,7.19,7.35,41295.92,30193.094
002782.SZ,20200107,11.16,11.2,10.99,11.11,40572.0,44975.59
300135.SZ,20200107,2.69,2.76,2.69,2.75,154911.44,42136.938
300157.SZ,20200107,4.23,4.29,4.21,4.28,110760.36,47115.171
300159.SZ,20200107,4.2,4.25,4.17,4.22,214407.97,90178.024
300166.SZ,20200107,14.45,14.95,14.4,14.79,357469.27,526055.822
300174.SZ,20200107,16.36,16.6,16.31,16.58,18754.79,30920.534
300176.SZ,20200107,10.07,10.38,9.66,10.11,365070.69,364325.807
300183.SZ,20200107,15.97,15.97,15.55,15.82,137472.13,216388.729
300191.SZ,20200107,24.1,24.2,23.6,23.82,113876.85,271921.677
300195.SZ,20200107,7.46,7.52,7.4,7.5,50231.0,37531.019
300199.SZ,20200107,5.8,5.88,5.79,5.86,114974.31,67094.243
300207.SZ,20200107,21.03,21.1,20.36,20.56,271161.32,559751.387
300210.SZ,20200107,3.58,3.62,3.56,3.61,82750.6,29733.876
300259.SZ,20200107,5.83,5.84,5.36,5.47,1353509.77,752684.653
300260.SZ,20200107,12.06,12.36,12.06,12.29,21034.17,25763.66
300289.SZ,20200107,6.0,6.06,5.94,6.02,44285.76,26534.822
300296.SZ,20200107,7.99,8.31,7.93,8.11,747099.61,606505.328
300302.SZ,20200107,12.42,13.6,12.28,13.18,237159.69,306944.081
300312.SZ,20200107,5.74,5.86,5.63,5.79,232395.0,133308.771
300321.SZ,20200107,16.36,16.72,16.36,16.55,9899.18,16403.005
300327.SZ,20200107,29.38,29.57,28.77,29.1,72481.85,210532.308
300329.SZ,20200107,8.67,8.85,8.54,8.7,115329.62,100233.24
300351.SZ,20200107,9.58,9.58,9.34,9.48,80202.0,75928.208
300363.SZ,20200107,14.49,14.9,14.4,14.72,49334.7,72511.757
300382.SZ,20200107,5.76,5.9,5.71,5.9,117273.54,68143.644
300384.SZ,20200107,17.92,18.28,17.92,18.15,52626.61,95243.346
603619.SH,20200107,16.47,17.75,16.38,17.28,307264.15,524582.205
603650.SH,20200107,17.76,18.11,17.7,18.1,55536.54,99539.385
603660.SH,20200107,11.91,12.44,11.75,12.31,159999.75,194051.196
603668.SH,20200107,8.55,9.3,8.55,8.97,149815.01,134586.923
603678.SH,20200107,24.47,24.6,23.85,24.04,148353.74,358532.035
603707.SH,20200107,45.42,45.68,44.68,45.55,18409.47,83503.807
603718.SH,20200107,13.14,14.23,13.1,13.78,75748.07,103212.88
603738.SH,20200107,24.34,26.66,23.66,26.66,181304.0,461909.921
603757.SH,20200107,15.74,16.08,15.74,16.06,21630.23,34561.892
603776.SH,20200107,18.18,18.2,17.88,18.01,33025.76,59480.176
603809.SH,20200107,10.16,10.36,10.08,10.19,34268.86,34969.932
603810.SH,20200107,30.54,31.47,30.41,31.3,11491.0,35457.624
603839.SH,20200107,13.69,14.29,13.62,13.9,58427.35,81480.634
603900.SH,20200107,9.7,9.72,9.57,9.65,36476.91,35102.174
603927.SH,20200107,70.42,73.0,70.13,73.0,58054.65,416584.255
603939.SH,20200107,72.18,73.3,71.56,73.3,24433.23,177622.478
603976.SH,20200107,17.53,17.94,17.52,17.91,40256.34,71307.764
603986.SH,20200107,223.0,226.88,209.0,212.78,92438.58,1987585.677
603987.SH,20200107,9.48,10.21,9.32,10.0,273451.0,267998.52
600970.SH,20200107,6.95,6.98,6.87,6.97,146738.94,101731.001
600981.SH,20200107,4.05,4.12,3.98,4.07,391994.52,158936.294
600501.SH,20200107,8.08,8.13,8.04,8.12,35035.0,28390.251
600505.SH,20200107,9.77,9.9,9.68,9.83,29123.57,28452.033
600531.SH,20200107,4.94,4.95,4.88,4.93,372991.75,182989.225
600538.SH,20200107,4.91,4.91,4.76,4.85,160062.83,77214.065
600545.SH,20200107,6.18,6.29,6.18,6.22,109619.89,68169.103
600546.SH,20200107,9.15,9.15,9.15,9.15,70060.09,64104.982
600548.SH,20200107,11.41,11.56,11.41,11.56,29342.0,33748.594
600556.SH,20200107,14.05,14.4,13.95,14.09,132094.47,187843.054
600566.SH,20200107,23.95,24.14,23.88,24.12,48041.26,115330.981
600577.SH,20200107,2.81,2.83,2.79,2.82,186182.0,52380.756
600580.SH,20200107,12.62,12.78,12.39,12.56,298694.86,375318.253
600588.SH,20200107,30.85,30.99,30.4,30.86,218034.79,669886.799
600604.SH,20200107,8.88,9.1,8.87,8.98,344937.85,309718.704
600606.SH,20200107,7.0,7.04,6.97,7.0,244642.02,171272.031
600615.SH,20200107,11.01,11.17,11.0,11.08,31365.64,34667.166
600617.SH,20200107,4.87,4.94,4.86,4.91,48326.0,23668.889
600637.SH,20200107,10.15,10.53,10.1,10.52,351927.29,365258.847
600650.SH,20200107,10.15,10.3,10.15,10.3,17129.63,17569.043
600653.SH,20200107,2.07,2.1,2.06,2.1,147923.6,30886.96
600654.SH,20200107,2.32,2.32,2.32,2.32,11160.97,2589.345
600666.SH,20200107,2.42,2.51,2.32,2.4,287077.61,69497.078
600686.SH,20200107,7.25,7.3,7.16,7.24,44183.18,31944.549
600693.SH,20200107,5.31,5.43,5.25,5.41,87868.82,47210.213
600702.SH,20200107,29.88,30.1,29.78,30.07,78048.0,233686.009
600729.SH,20200107,29.85,32.02,29.85,31.68,70092.78,218978.843
600738.SH,20200107,5.43,5.58,5.39,5.58,109487.24,60373.012
600739.SH,20200107,17.3,17.4,16.89,17.29,329827.83,565071.811
600751.SH,20200107,3.02,3.07,3.0,3.06,379771.45,115346.273
600754.SH,20200107,28.24,29.18,28.24,29.01,33052.5,95558.023
600761.SH,20200107,9.74,9.87,9.73,9.82,46078.98,45188.558
600777.SH,20200107,2.23,2.26,2.2,2.25,1274779.03,283799.825
600783.SH,20200107,15.65,16.91,15.65,16.47,267245.87,439131.449
600811.SH,20200107,3.44,3.47,3.42,3.46,257264.53,88612.621
600823.SH,20200107,4.41,4.43,4.39,4.42,117241.95,51708.873
600829.SH,20200107,6.84,6.96,6.84,6.96,22271.18,15386.65
600831.SH,20200107,9.71,10.55,9.6,10.55,767070.2,781267.122
600835.SH,20200107,16.58,16.98,16.58,16.96,55072.43,92903.864
600851.SH,20200107,9.44,10.15,9.36,9.55,118150.97,115269.904
600859.SH,20200107,14.14,14.28,14.09,14.25,43927.66,62332.664
600879.SH,20200107,6.18,6.23,6.12,6.21,352343.39,217746.801
002294.SZ,20200107,19.99,20.06,19.85,19.98,54872.02,109509.578
002298.SZ,20200107,7.89,7.98,7.82,7.92,126967.2,100196.048
002300.SZ,20200107,6.8,6.83,6.74,6.81,51730.64,35114.425
002302.SZ,20200107,11.89,12.51,11.89,12.02,373664.58,453527.516
002311.SZ,20200107,36.35,37.85,36.01,37.08,96684.05,359321.998
300308.SZ,20200107,52.32,52.89,51.66,52.42,40578.07,212053.49
300311.SZ,20200107,10.4,10.84,10.3,10.8,678734.72,715853.249
300317.SZ,20200107,5.07,5.18,5.01,5.04,309128.08,156894.486
300323.SZ,20200107,7.69,8.15,7.41,7.56,405438.12,312272.928
300326.SZ,20200107,14.13,14.76,13.89,14.67,190625.75,274288.739
300346.SZ,20200107,18.54,18.79,17.72,17.94,455013.68,824655.062
300350.SZ,20200107,5.48,5.53,5.43,5.53,76466.05,41928.895
300355.SZ,20200107,3.58,3.6,3.49,3.54,218120.36,77108.636
300373.SZ,20200107,18.2,18.55,18.12,18.47,155790.97,285897.279
300378.SZ,20200107,16.0,16.35,15.91,16.28,109598.65,177006.267
300386.SZ,20200107,16.35,17.91,16.08,17.91,282013.95,487597.977
603595.SH,20200107,25.97,26.59,25.97,26.3,18861.2,49477.837
603607.SH,20200107,22.03,22.39,21.84,22.39,30317.56,67223.422
603608.SH,20200107,9.81,10.59,9.72,9.82,308245.24,310817.448
603609.SH,20200107,12.2,12.74,12.2,12.58,129762.4,162369.943
603611.SH,20200107,17.25,17.49,17.06,17.49,24186.42,41709.072
603613.SH,20200107,79.8,80.79,77.6,79.95,20882.57,165256.424
603617.SH,20200107,16.44,16.77,15.8,16.75,54963.16,90401.207
603618.SH,20200107,5.64,5.74,5.6,5.72,104171.47,59250.465
603629.SH,20200107,28.8,29.1,28.63,29.01,14116.87,40872.911
603677.SH,20200107,12.59,12.89,12.58,12.76,36238.38,46154.698
603681.SH,20200107,26.28,26.56,26.17,26.49,32979.81,86920.544
603689.SH,20200107,11.45,11.5,11.37,11.46,47389.49,54121.11
603693.SH,20200107,10.4,10.57,10.38,10.48,35217.55,36907.559
603709.SH,20200107,25.59,25.99,25.5,25.88,6426.2,16577.67
603713.SH,20200107,40.96,41.21,40.07,41.14,17050.76,69443.276
603727.SH,20200107,19.69,19.95,19.46,19.66,33028.06,64887.568
603737.SH,20200107,90.68,95.58,90.68,93.0,15857.44,148100.148
603790.SH,20200107,16.32,16.58,16.3,16.51,20746.8,34132.77
603808.SH,20200107,14.79,15.53,14.7,15.45,90551.34,137702.656
603816.SH,20200107,47.04,48.0,45.7,46.14,30248.71,140477.968
603838.SH,20200107,8.24,8.58,8.24,8.55,18570.11,15744.101
603858.SH,20200107,21.12,21.55,21.08,21.46,139909.44,298817.467
603860.SH,20200107,27.74,27.85,27.24,27.66,7190.0,19758.822
603861.SH,20200107,8.88,9.02,8.85,9.02,16058.69,14351.516
603866.SH,20200107,41.83,41.97,41.35,41.85,20832.33,86585.154
603879.SH,20200107,12.83,13.18,12.6,12.71,87560.67,112441.926
603889.SH,20200107,5.85,5.92,5.85,5.92,23127.73,13635.316
603896.SH,20200107,29.97,30.28,29.96,30.18,8352.78,25174.459
603898.SH,20200107,16.17,16.44,16.07,16.27,12384.53,20089.434
603920.SH,20200107,27.95,27.95,27.51,27.95,225563.41,630405.379
603926.SH,20200107,12.15,12.26,12.12,12.25,11204.77,13665.092
603960.SH,20200107,32.16,32.8,31.68,31.9,22550.0,72542.754
603992.SH,20200107,20.33,20.49,20.22,20.41,26787.1,54525.961
603993.SH,20200107,4.45,4.49,4.37,4.42,1834330.59,809702.807
688001.SH,20200107,47.2,48.42,46.42,47.8,48886.21,231741.27
688015.SH,20200107,33.63,33.87,33.2,33.68,16654.09,55860.908
002838.SZ,20200107,11.81,12.3,11.4,11.88,100746.55,118558.349
002840.SZ,20200107,16.4,16.76,16.4,16.74,33653.76,56007.341
002843.SZ,20200107,8.37,8.48,8.37,8.46,16528.69,13957.307
002878.SZ,20200107,41.5,41.5,36.66,38.78,121701.59,482610.703
002884.SZ,20200107,15.05,15.2,15.0,15.15,24058.25,36417.637
002886.SZ,20200107,24.65,25.07,24.49,24.68,36223.09,89567.26
002909.SZ,20200107,11.62,11.75,11.54,11.66,23513.46,27352.277
002937.SZ,20200107,15.51,15.76,15.42,15.75,60052.3,93646.715
002939.SZ,20200107,14.3,14.78,14.16,14.4,1118677.84,1613336.189
002950.SZ,20200107,20.9,21.15,20.82,21.06,17456.95,36645.601
002952.SZ,20200107,35.36,35.36,34.5,35.08,30549.37,106185.099
002972.SZ,20200107,29.32,29.32,27.4,29.32,280962.44,801529.609
300006.SZ,20200107,6.39,6.53,6.27,6.42,287682.11,183726.051
300013.SZ,20200107,7.45,7.48,7.41,7.46,141921.5,105653.212
300035.SZ,20200107,8.52,8.64,8.12,8.39,391049.15,327686.75
300042.SZ,20200107,17.0,17.47,16.8,17.25,145519.67,249222.888
300047.SZ,20200107,8.39,8.5,8.33,8.44,195446.54,164154.789
300052.SZ,20200107,16.4,17.54,16.31,17.08,320022.5,544132.094
300054.SZ,20200107,9.88,10.04,9.78,9.95,162953.9,161072.416
300079.SZ,20200107,6.33,7.0,6.33,6.86,1319161.59,888343.506
300090.SZ,20200107,1.61,1.67,1.56,1.65,817863.06,133176.815
300092.SZ,20200107,7.35,7.49,7.35,7.47,25294.52,18878.681
300098.SZ,20200107,6.12,6.16,6.03,6.12,407277.49,247881.054
300114.SZ,20200107,12.0,12.02,11.76,11.94,148324.32,176063.088
300118.SZ,20200107,15.5,15.5,14.85,15.5,591358.42,904154.852
300123.SZ,20200107,8.02,8.02,7.85,7.98,242040.26,192009.999
300125.SZ,20200107,15.44,15.6,15.18,15.31,67803.08,103665.544
300131.SZ,20200107,5.4,5.46,5.35,5.44,254916.44,137769.992
300146.SZ,20200107,17.13,17.37,17.01,17.18,296567.44,508839.106
300152.SZ,20200107,3.52,3.58,3.5,3.58,198236.76,70664.951
300153.SZ,20200107,6.8,6.87,6.7,6.85,51162.56,34793.464
300158.SZ,20200107,4.71,4.77,4.71,4.75,122932.41,58363.582
300167.SZ,20200107,5.69,5.84,5.64,5.81,147070.96,84905.391
300170.SZ,20200107,11.13,11.36,11.02,11.25,472122.62,528612.133
300175.SZ,20200107,6.07,6.14,6.01,6.12,58515.9,35576.01
300182.SZ,20200107,3.94,4.32,3.9,4.32,1332975.73,551309.166
300198.SZ,20200107,4.55,4.57,4.43,4.46,261706.59,117043.402
300214.SZ,20200107,8.44,9.16,8.41,8.93,128989.89,114675.94
300221.SZ,20200107,6.01,6.11,5.91,6.02,162402.13,97330.794
300222.SZ,20200107,9.84,9.94,9.75,9.89,90825.6,89400.214
300223.SZ,20200107,85.0,85.8,81.5,83.39,93608.87,776275.466
300234.SZ,20200107,11.32,11.38,11.17,11.28,35181.56,39610.695
300245.SZ,20200107,9.97,10.17,9.88,10.15,73165.85,73461.687
300247.SZ,20200107,2.89,2.93,2.85,2.92,95334.65,27666.506
300251.SZ,20200107,12.14,12.56,12.1,12.31,396272.14,488026.882
300252.SZ,20200107,9.68,9.76,9.6,9.7,65388.6,63251.101
300254.SZ,20200107,8.19,8.28,8.19,8.28,24722.09,20351.809
603181.SH,20200107,17.64,18.05,17.52,18.05,32408.42,57545.884
603188.SH,20200107,6.61,6.63,6.55,6.59,19568.0,12873.58
603197.SH,20200107,34.6,34.95,33.85,34.19,78587.21,268307.588
603218.SH,20200107,22.39,22.8,22.11,22.5,34594.43,77707.385
603269.SH,20200107,14.09,14.3,14.09,14.29,9172.85,13043.54
603300.SH,20200107,8.22,9.05,8.07,8.51,708587.95,601940.502
603303.SH,20200107,10.46,10.5,10.36,10.47,25999.84,27075.306
603306.SH,20200107,14.24,14.24,13.96,14.1,13238.53,18655.45
603318.SH,20200107,12.08,12.13,11.96,12.05,177382.65,213391.518
603355.SH,20200107,25.04,25.59,25.03,25.25,15441.16,38955.615
603416.SH,20200107,29.1,30.96,29.1,30.35,14838.39,44765.982
603429.SH,20200107,35.07,35.67,34.12,34.61,20694.01,71611.443
601872.SH,20200107,7.8,7.88,7.54,7.63,1266424.11,972306.38
601901.SH,20200107,8.49,8.65,8.41,8.63,903604.53,769393.368
601918.SH,20200107,3.35,3.52,3.34,3.47,527231.6,182390.352
601968.SH,20200107,5.2,5.24,5.19,5.21,34879.97,18188.041
601975.SH,20200107,2.85,2.86,2.82,2.84,487666.46,138496.309
603009.SH,20200107,7.08,7.25,6.73,6.86,316511.44,220577.995
603012.SH,20200107,9.2,9.23,9.13,9.22,309299.42,283826.999
603013.SH,20200107,15.79,16.34,15.7,16.25,75815.0,121993.379
603015.SH,20200107,6.49,6.56,6.48,6.56,29404.57,19156.669
603079.SH,20200107,36.81,37.68,36.81,37.29,14832.22,55197.826
603106.SH,20200107,9.09,9.19,9.02,9.16,102481.47,93407.196
603113.SH,20200107,10.91,11.31,10.91,11.18,142631.96,159165.734
603133.SH,20200107,26.8,26.99,25.5,25.92,159093.78,416863.732
603159.SH,20200107,11.87,12.97,11.69,12.97,48317.4,61748.198
603166.SH,20200107,6.03,6.08,5.95,6.02,30847.6,18501.346
603185.SH,20200107,27.32,29.5,27.32,28.56,63094.49,180936.6
603198.SH,20200107,19.9,20.2,19.78,20.2,68869.93,138102.889
603239.SH,20200107,11.85,11.99,11.71,11.9,40454.15,48048.349
603267.SH,20200107,52.44,53.2,51.51,52.36,38585.81,200971.566
603278.SH,20200107,9.38,9.48,9.37,9.48,18161.1,17138.961
603313.SH,20200107,22.57,23.98,22.3,23.43,51236.64,120019.406
603326.SH,20200107,16.88,17.11,16.48,16.7,33022.26,55060.221
603331.SH,20200107,16.7,16.96,16.62,16.85,8778.63,14755.648
603336.SH,20200107,14.85,14.85,14.51,14.61,80768.79,118180.981
603379.SH,20200107,37.48,38.89,37.32,38.49,42680.87,163723.746
603386.SH,20200107,17.1,17.1,16.65,16.96,46505.45,78626.272
603399.SH,20200107,11.1,11.39,11.01,11.17,308425.36,343516.03
603456.SH,20200107,14.38,15.08,14.37,14.9,94380.29,140666.727
603466.SH,20200107,15.79,15.89,15.55,15.78,49482.08,77841.343
603505.SH,20200107,22.15,22.27,21.71,22.11,46054.88,101300.406
603515.SH,20200107,28.48,28.57,28.13,28.3,27443.98,77716.967
603530.SH,20200107,20.98,22.08,20.9,21.88,73878.84,160643.246
603555.SH,20200107,5.8,5.87,5.66,5.76,123511.0,70852.522
002830.SZ,20200107,14.36,14.89,14.36,14.6,21068.24,30752.928
002837.SZ,20200107,17.91,18.14,17.8,18.03,23854.27,42803.841
002762.SZ,20200107,6.86,7.05,6.7,6.7,293519.58,205610.905
002773.SZ,20200107,37.14,38.9,36.85,38.55,57938.79,220552.194
002785.SZ,20200107,14.76,15.08,14.73,15.0,29556.64,44032.218
002787.SZ,20200107,7.69,7.93,7.66,7.86,68706.96,53655.398
002789.SZ,20200107,16.85,16.95,16.76,16.91,23228.6,39125.491
002796.SZ,20200107,37.85,37.93,37.23,37.58,62367.4,233706.801
002800.SZ,20200107,28.6,29.33,28.17,29.31,50389.0,144975.871
002821.SZ,20200107,128.5,130.5,128.0,130.11,12725.79,164665.702
601311.SH,20200107,10.21,10.42,10.08,10.19,356043.03,363918.528
601375.SH,20200107,5.86,5.93,5.65,5.83,1617587.73,936726.133
601500.SH,20200107,6.52,6.57,6.5,6.54,18676.67,12203.217
601518.SH,20200107,2.67,2.68,2.66,2.68,30974.33,8278.145
601555.SH,20200107,9.89,9.99,9.78,9.95,470238.46,465011.499
601598.SH,20200107,4.28,4.37,4.27,4.37,279867.37,121426.401
601599.SH,20200107,3.46,3.66,3.45,3.65,367545.92,132114.049
601611.SH,20200107,7.21,7.29,7.19,7.25,95043.25,68859.318
601718.SH,20200107,3.33,3.37,3.32,3.35,228822.76,76515.34
601777.SH,20200107,3.18,3.21,3.13,3.17,330891.36,104713.868
601788.SH,20200107,13.7,13.83,13.45,13.78,353211.12,482129.689
601838.SH,20200107,9.02,9.17,9.02,9.07,314360.72,285551.298
601857.SH,20200107,6.17,6.17,6.07,6.11,1526817.55,931508.895
601880.SH,20200107,2.04,2.05,2.03,2.05,237727.82,48633.882
601890.SH,20200107,5.9,5.93,5.82,5.89,179301.27,105157.086
601916.SH,20200107,4.75,4.78,4.75,4.77,848857.93,404190.491
601929.SH,20200107,2.22,2.34,2.22,2.3,614433.79,140500.949
601949.SH,20200107,6.64,6.88,6.6,6.82,168463.55,113849.78
601969.SH,20200107,6.09,6.19,5.98,6.05,77503.0,46935.441
601988.SH,20200107,3.69,3.74,3.69,3.72,1565238.2,582835.385
603005.SH,20200107,54.0,55.51,53.05,55.51,134199.21,739826.051
603033.SH,20200107,19.38,20.06,19.26,19.78,24330.78,47834.511
603038.SH,20200107,14.93,15.06,14.86,14.97,6232.01,9312.8
603042.SH,20200107,15.88,15.99,15.7,15.94,38035.0,60147.449
603055.SH,20200107,6.93,6.98,6.9,6.97,21011.0,14558.626
603086.SH,20200107,25.48,25.48,25.1,25.24,10139.0,25563.408
603103.SH,20200107,19.3,19.97,19.28,19.87,27331.38,54033.892
603105.SH,20200107,7.59,7.7,7.42,7.64,218939.63,165445.629
603116.SH,20200107,7.03,7.06,7.0,7.03,46806.3,32864.499
603136.SH,20200107,26.61,27.14,26.58,26.99,9161.76,24643.25
603158.SH,20200107,17.7,17.7,16.76,16.96,33867.26,57736.016
603200.SH,20200107,19.77,20.13,19.61,20.13,22280.55,44418.141
603225.SH,20200107,12.6,12.62,12.49,12.59,34225.47,42967.803
603226.SH,20200107,19.59,19.92,19.49,19.87,50804.96,100192.696
603227.SH,20200107,4.79,4.85,4.74,4.82,119338.25,57292.351
603299.SH,20200107,6.99,7.08,6.98,7.08,54575.32,38424.815
603301.SH,20200107,22.05,22.66,21.8,22.63,37367.09,83028.851
603309.SH,20200107,14.73,15.08,14.71,15.08,33597.75,50214.743
603311.SH,20200107,11.29,11.38,11.2,11.32,20125.0,22716.695
002783.SZ,20200107,12.42,12.65,12.33,12.59,140713.68,176232.202
002798.SZ,20200107,24.85,25.32,24.78,24.95,29326.61,73475.758
002799.SZ,20200107,18.4,18.4,18.01,18.31,38344.48,69866.333
002801.SZ,20200107,37.8,38.21,36.85,37.44,16464.0,61426.351
002809.SZ,20200107,18.7,18.83,18.58,18.76,28532.57,53417.477
002820.SZ,20200107,12.09,12.23,12.03,12.2,15068.32,18336.994
601336.SH,20200107,50.29,51.05,50.29,50.66,108620.29,550396.324
601360.SH,20200107,24.45,24.56,23.97,24.38,140847.59,341717.172
601368.SH,20200107,5.92,5.94,5.89,5.93,18321.03,10838.337
601377.SH,20200107,7.07,7.11,7.0,7.07,555168.38,391236.783
601398.SH,20200107,5.98,6.04,5.98,6.01,1168043.53,701615.827
601606.SH,20200107,11.6,11.6,11.45,11.58,124594.37,143500.796
300357.SZ,20200107,43.0,44.85,42.91,44.85,88768.13,391702.116
300360.SZ,20200107,13.0,13.06,12.8,13.03,47061.78,60810.087
300368.SZ,20200107,8.4,8.8,8.37,8.79,270790.81,233544.223
300379.SZ,20200107,47.22,49.59,46.69,48.93,297751.46,1445704.562
300380.SZ,20200107,20.55,21.92,20.52,21.9,63677.55,135492.59
603590.SH,20200107,35.16,35.54,34.95,35.5,21878.68,77344.984
603628.SH,20200107,8.3,8.56,8.22,8.5,27222.22,23035.053
603636.SH,20200107,11.83,12.05,11.7,12.04,144843.6,172459.096
603659.SH,20200107,89.5,89.65,85.77,86.95,35833.76,313141.257
603661.SH,20200107,44.18,45.23,44.18,45.08,13112.89,58689.396
603662.SH,20200107,54.71,56.28,54.2,55.51,38760.65,215242.932
603669.SH,20200107,7.33,7.45,7.33,7.45,20911.78,15476.645
603696.SH,20200107,8.78,9.36,8.78,9.04,46331.44,42081.197
603701.SH,20200107,13.56,13.84,13.46,13.64,83092.59,113189.851
603730.SH,20200107,33.94,34.75,33.24,33.94,32820.21,111693.169
603739.SH,20200107,25.53,25.98,25.29,25.92,27873.14,71766.315
603768.SH,20200107,11.18,11.31,11.18,11.31,11334.26,12759.198
603822.SH,20200107,29.0,29.15,28.0,28.25,22894.29,65065.367
603829.SH,20200107,11.03,11.3,10.92,11.27,20165.73,22442.403
603833.SH,20200107,115.5,117.58,113.02,116.6,10414.06,120059.99
603855.SH,20200107,9.81,9.97,9.76,9.97,23402.06,23065.887
603882.SH,20200107,51.68,52.75,51.4,52.71,31287.15,163475.467
603883.SH,20200107,64.85,65.75,64.34,64.83,18032.61,116660.73
603885.SH,20200107,14.59,15.11,14.51,15.0,93644.04,139381.175
603890.SH,20200107,11.18,11.3,11.03,11.1,69577.71,77303.379
603899.SH,20200107,47.82,49.2,47.77,49.17,42623.27,207621.93
603903.SH,20200107,14.24,14.29,14.18,14.27,17083.8,24338.699
603918.SH,20200107,11.76,11.88,11.67,11.82,49615.86,58434.025
603922.SH,20200107,15.63,15.85,15.6,15.7,12630.06,19833.242
603968.SH,20200107,14.92,15.08,14.9,14.99,13826.56,20687.379
603982.SH,20200107,19.33,19.54,19.25,19.39,56736.0,109862.147
603983.SH,20200107,65.28,66.9,65.01,65.94,27436.57,181161.79
603990.SH,20200107,38.2,39.08,37.27,38.46,25560.83,97696.741
603998.SH,20200107,8.16,8.23,8.14,8.22,90583.12,74098.112
688002.SH,20200107,40.35,40.61,39.0,40.13,32700.13,129909.866
600982.SH,20200107,3.07,3.09,3.06,3.08,43805.71,13496.069
600999.SH,20200107,18.57,18.66,18.36,18.55,158853.29,293704.791
601068.SH,20200107,5.54,5.62,5.53,5.58,106798.19,59527.35
601137.SH,20200107,11.56,11.67,11.3,11.53,89407.0,102642.534
601162.SH,20200107,7.14,7.23,7.05,7.18,1128718.84,806198.011
601222.SH,20200107,5.04,5.39,5.04,5.26,485813.76,256109.262
002513.SZ,20200107,7.35,7.4,7.24,7.35,73827.33,53865.296
002528.SZ,20200107,5.43,5.48,5.38,5.48,182327.73,99164.835
002530.SZ,20200107,13.53,14.26,13.25,13.9,342510.82,467843.496
002531.SZ,20200107,6.83,6.93,6.73,6.79,227794.49,154586.789
002536.SZ,20200107,5.41,5.43,5.24,5.32,222614.3,118368.793
002538.SZ,20200107,4.88,4.93,4.86,4.92,87619.08,42993.604
002555.SZ,20200107,28.95,31.1,28.7,30.62,387288.13,1161016.647
002569.SZ,20200107,10.37,10.73,10.12,10.6,4806.0,5018.573
002583.SZ,20200107,8.92,9.07,8.86,8.91,228541.93,204121.243
002644.SZ,20200107,7.24,7.32,7.23,7.32,28264.2,20571.418
002653.SZ,20200107,20.1,20.94,20.1,20.79,53726.81,110777.787
002669.SZ,20200107,13.95,14.4,13.91,14.2,147966.43,209968.062
002678.SZ,20200107,8.3,8.38,8.23,8.33,11656.43,9691.025
002713.SZ,20200107,7.16,7.27,7.15,7.27,26387.28,19056.658
002719.SZ,20200107,11.15,11.32,11.1,11.24,16375.54,18323.125
002728.SZ,20200107,18.2,18.27,17.91,18.03,16620.28,29970.83
002741.SZ,20200107,12.63,12.88,12.5,12.88,71653.11,90871.245
002742.SZ,20200107,6.16,6.4,6.13,6.37,58142.39,36462.501
002743.SZ,20200107,6.6,6.65,6.48,6.57,45430.02,29840.259
002746.SZ,20200107,15.8,17.14,15.8,16.9,307632.94,508903.342
002757.SZ,20200107,17.15,17.3,17.12,17.28,23485.36,40440.855
002768.SZ,20200107,23.9,24.77,23.88,24.63,49209.48,120047.505
002770.SZ,20200107,2.48,2.54,2.47,2.53,239006.19,60185.022
002776.SZ,20200107,8.2,8.5,8.1,8.37,372735.32,311062.573
002777.SZ,20200107,37.01,38.29,37.01,37.9,23730.12,90053.064
002781.SZ,20200107,16.17,16.3,16.09,16.23,19901.0,32222.867
002786.SZ,20200107,8.82,8.86,8.63,8.77,82030.95,71538.099
002790.SZ,20200107,6.6,6.69,6.6,6.69,39222.51,26089.764
002792.SZ,20200107,27.33,27.38,26.9,27.18,42229.69,114615.814
002793.SZ,20200107,13.51,13.79,13.35,13.78,75458.12,102528.888
002802.SZ,20200107,20.84,20.95,20.61,20.84,4367.3,9106.331
002806.SZ,20200107,14.58,15.6,14.46,15.0,51289.62,77116.384
002807.SZ,20200107,4.65,4.71,4.64,4.66,130636.32,60999.665
002822.SZ,20200107,9.88,10.58,9.88,10.49,362733.58,372029.55
601226.SH,20200107,4.33,4.46,4.31,4.41,64524.42,28429.2
601228.SH,20200107,3.86,3.89,3.86,3.89,67302.51,26098.324
601298.SH,20200107,6.86,6.95,6.86,6.95,99098.25,68526.514
601388.SH,20200107,1.94,1.99,1.94,1.97,336174.94,66044.314
601390.SH,20200107,5.98,6.03,5.97,6.01,435826.79,261475.499
601600.SH,20200107,3.63,3.67,3.59,3.61,782967.91,283428.201
601618.SH,20200107,2.84,2.86,2.82,2.84,452421.25,128468.213
600085.SH,20200107,27.93,27.93,27.49,27.71,70806.98,195537.374
600093.SH,20200107,14.76,15.93,14.61,15.85,664964.1,1013632.787
600106.SH,20200107,3.06,3.1,3.05,3.1,129245.34,39803.165
600110.SH,20200107,5.08,5.25,5.0,5.15,604256.91,310744.176
600126.SH,20200107,4.88,4.9,4.84,4.88,123424.98,60073.966
600130.SH,20200107,3.87,4.0,3.85,3.94,264121.38,103910.802
600143.SH,20200107,7.56,7.74,7.51,7.67,430260.02,327139.162
600152.SH,20200107,6.87,7.2,6.82,7.1,193993.7,135613.909
600162.SH,20200107,2.31,2.34,2.3,2.33,119969.06,27881.979
600168.SH,20200107,6.75,6.8,6.74,6.79,22766.91,15392.834
600185.SH,20200107,4.79,4.83,4.78,4.82,40513.53,19484.219
600187.SH,20200107,2.61,2.65,2.61,2.64,129159.18,33984.877
600192.SH,20200107,5.29,5.36,5.28,5.35,61989.2,32968.418
600208.SH,20200107,3.89,4.05,3.88,4.05,2449023.47,975193.623
600236.SH,20200107,4.91,4.91,4.86,4.89,17106.59,8363.945
600242.SH,20200107,11.38,11.38,9.9,10.24,878465.57,930871.077
600246.SH,20200107,5.59,5.87,5.58,5.83,147171.57,84428.393
000703.SZ,20200107,14.21,14.25,13.85,14.03,196326.32,274627.503
000716.SZ,20200107,4.46,5.08,4.37,4.7,1221199.85,571592.284
000731.SZ,20200107,5.3,5.33,5.28,5.33,77277.1,40990.378
000733.SZ,20200107,18.38,18.76,18.15,18.65,181267.99,334478.588
000757.SZ,20200107,4.75,4.81,4.72,4.8,64120.9,30700.153
000760.SZ,20200107,1.61,1.69,1.57,1.64,347868.14,56336.929
000767.SZ,20200107,2.47,2.5,2.46,2.5,61816.21,15385.551
000779.SZ,20200107,10.33,10.64,10.32,10.6,21981.15,23085.39
000788.SZ,20200107,6.68,6.74,6.65,6.74,104219.09,69929.419
000802.SZ,20200107,10.97,11.9,10.97,11.63,485056.46,561483.098
000809.SZ,20200107,2.41,2.46,2.41,2.44,62797.81,15269.253
000810.SZ,20200107,13.94,15.43,13.79,15.43,379855.75,553821.805
000812.SZ,20200107,3.42,3.57,3.38,3.49,323945.97,111692.706
000815.SZ,20200107,7.1,7.38,7.06,7.27,193040.63,139499.687
000822.SZ,20200107,5.05,5.07,4.98,5.02,77756.94,38936.608
000830.SZ,20200107,10.78,10.79,10.6,10.73,249963.02,267461.512
000851.SZ,20200107,6.16,6.33,6.1,6.3,485565.23,302241.143
000905.SZ,20200107,7.75,7.91,7.73,7.84,80056.34,62582.663
000917.SZ,20200107,6.93,7.43,6.9,7.33,668738.74,482593.18
000920.SZ,20200107,6.8,6.87,6.75,6.85,28984.57,19806.868
000951.SZ,20200107,21.91,22.37,21.5,21.73,87932.49,192499.78
000961.SZ,20200107,10.25,10.38,10.13,10.27,284416.56,291915.799
000965.SZ,20200107,3.24,3.29,3.22,3.28,71511.04,23303.029
000970.SZ,20200107,11.7,11.85,11.46,11.54,436843.22,506661.805
000972.SZ,20200107,3.49,3.54,3.46,3.51,34389.8,12051.264
000980.SZ,20200107,3.05,3.16,3.04,3.09,404893.12,124878.518
000997.SZ,20200107,16.7,18.43,16.68,18.43,655483.03,1161791.155
001872.SZ,20200107,17.36,17.54,17.35,17.4,16334.75,28465.237
001896.SZ,20200107,3.66,3.74,3.66,3.71,142076.48,52585.328
002003.SZ,20200107,6.26,6.33,6.24,6.3,27558.95,17296.389
002320.SZ,20200107,12.44,12.82,12.42,12.63,137172.86,173130.934
002336.SZ,20200107,5.29,5.44,5.26,5.41,15021.21,8046.788
002343.SZ,20200107,14.34,14.84,13.93,14.84,382182.16,558346.433
002347.SZ,20200107,4.58,4.66,4.56,4.63,75391.0,34732.929
002351.SZ,20200107,23.61,23.76,22.8,23.28,500909.52,1161520.584
002382.SZ,20200107,12.55,12.55,12.38,12.44,71016.83,88296.491
002398.SZ,20200107,6.24,6.42,6.24,6.38,106667.55,67867.418
002400.SZ,20200107,3.51,3.53,3.45,3.5,350794.13,122641.155
002412.SZ,20200107,8.68,8.78,8.63,8.77,57830.92,50430.169
002418.SZ,20200107,2.92,2.98,2.92,2.97,298671.0,88232.896
002419.SZ,20200107,10.79,11.1,10.77,10.92,84301.73,92330.752
002426.SZ,20200107,2.46,2.48,2.43,2.48,854046.18,209638.346
002442.SZ,20200107,5.56,5.61,5.52,5.59,225948.73,125698.013
002452.SZ,20200107,4.96,5.03,4.96,5.03,46060.15,23057.028
002453.SZ,20200107,5.69,5.74,5.63,5.74,115028.58,65454.748
002456.SZ,20200107,16.45,16.52,15.93,16.17,1263346.52,2046418.894
002460.SZ,20200107,39.2,40.22,39.01,39.98,578103.92,2290997.377
002468.SZ,20200107,19.8,19.99,19.66,19.86,65812.41,130286.577
002471.SZ,20200107,2.46,2.52,2.44,2.47,210675.14,52023.725
002475.SZ,20200107,38.13,38.52,37.6,38.3,439449.58,1671789.012
600890.SH,20200107,6.29,6.33,6.15,6.26,35398.0,22065.492
600892.SH,20200107,5.82,5.84,5.76,5.79,122214.0,70638.444
600961.SH,20200107,8.42,8.53,8.38,8.46,22648.93,19189.182
600969.SH,20200107,6.7,6.79,6.7,6.79,31135.03,21025.288
600973.SH,20200107,3.87,3.93,3.84,3.92,98667.78,38358.521
600984.SH,20200107,11.15,11.28,10.91,11.17,122665.09,135926.135
600988.SH,20200107,5.66,5.89,5.57,5.88,1633958.61,937566.036
600990.SH,20200107,49.32,50.47,49.15,49.37,31616.33,157132.649
601002.SH,20200107,5.99,6.07,5.99,6.06,81207.94,49086.734
601005.SH,20200107,1.85,1.87,1.83,1.87,291273.29,54168.381
601007.SH,20200107,9.41,9.42,9.34,9.41,9043.32,8479.517
601008.SH,20200107,3.96,3.98,3.94,3.98,119808.86,47399.046
601066.SH,20200107,30.98,32.5,30.7,31.86,674270.14,2123608.649
601077.SH,20200107,6.76,6.8,6.74,6.8,503405.7,341134.545
601113.SH,20200107,3.53,3.57,3.51,3.54,88011.0,31145.615
601179.SH,20200107,3.68,3.75,3.68,3.73,71928.38,26789.316
601186.SH,20200107,10.26,10.33,10.21,10.33,449288.23,461482.357
000008.SZ,20200107,3.75,3.79,3.73,3.79,317230.07,119491.96
000010.SZ,20200107,3.43,3.6,3.42,3.54,74943.68,26641.535
000026.SZ,20200107,11.42,11.66,11.22,11.46,234260.56,265608.28
000027.SZ,20200107,6.24,6.35,6.22,6.31,130866.99,82374.581
000034.SZ,20200107,20.0,20.84,19.97,20.83,218148.89,444985.751
000040.SZ,20200107,4.35,4.55,4.31,4.55,889355.59,397256.581
000058.SZ,20200107,7.68,7.95,7.65,7.87,238329.08,186403.526
000089.SZ,20200107,9.78,9.81,9.74,9.8,160058.5,156513.587
000151.SZ,20200107,10.38,10.53,10.32,10.45,41174.71,42924.383
000301.SZ,20200107,5.26,5.38,5.26,5.36,94233.98,50165.48
688111.SH,20200107,150.02,156.38,150.02,152.98,29093.42,448937.478
688118.SH,20200107,41.64,43.98,41.47,43.9,42590.8,182646.818
688196.SH,20200107,42.5,43.38,42.41,43.3,23090.09,98951.001
688299.SH,20200107,18.51,18.94,18.31,18.9,60472.76,112918.655
688333.SH,20200107,57.3,57.66,56.16,57.47,12960.45,73993.714
688363.SH,20200107,83.9,84.45,82.88,84.27,21652.91,180964.417
688389.SH,20200107,16.93,17.5,16.93,17.38,34845.08,59992.955
300400.SZ,20200107,14.6,14.7,14.4,14.49,82373.91,119457.865
300403.SZ,20200107,5.41,5.48,5.33,5.39,81005.42,43658.979
300414.SZ,20200107,12.74,12.96,12.74,12.88,55113.84,70840.557
300422.SZ,20200107,10.74,11.03,10.67,11.0,104552.94,114028.285
300430.SZ,20200107,8.18,8.42,8.18,8.26,55645.3,46129.954
300438.SZ,20200107,28.27,28.43,27.77,28.05,91767.85,256587.14
300442.SZ,20200107,15.65,15.74,15.57,15.74,8123.38,12716.111
300444.SZ,20200107,5.35,5.36,5.29,5.35,108474.87,57790.849
300447.SZ,20200107,10.63,10.63,10.35,10.47,38763.39,40584.746
300484.SZ,20200107,9.48,9.72,9.44,9.61,45832.41,43933.273
300486.SZ,20200107,22.15,22.35,21.9,22.1,15585.39,34358.461
300489.SZ,20200107,20.99,22.68,20.29,21.69,41769.07,92450.246
300490.SZ,20200107,11.41,11.56,11.22,11.42,85648.95,97233.392
603906.SH,20200107,10.93,11.05,10.88,11.01,53493.24,58606.311
603929.SH,20200107,15.32,15.57,15.22,15.52,42525.07,65380.377
603959.SH,20200107,10.2,10.38,10.12,10.24,73418.74,75197.15
603966.SH,20200107,10.5,10.63,10.44,10.58,24299.31,25600.058
603970.SH,20200107,13.27,13.39,13.18,13.31,24259.16,32158.831
603988.SH,20200107,10.03,10.09,9.91,10.0,25427.55,25347.598
603996.SH,20200107,4.66,4.76,4.63,4.69,40694.89,19119.223
688006.SH,20200107,42.95,42.95,41.92,42.58,24640.68,104265.636
688009.SH,20200107,7.0,7.13,7.0,7.13,386693.71,273170.907
688019.SH,20200107,138.4,141.0,137.51,139.39,6668.15,92677.262
688020.SH,20200107,93.3,94.46,91.76,93.9,9109.91,84593.774
688028.SH,20200107,67.9,68.98,67.1,68.8,18932.14,128998.575
688029.SH,20200107,154.93,159.89,154.88,159.68,8682.4,136964.101
688039.SH,20200107,93.01,112.9,92.0,112.9,27929.43,286750.135
688122.SH,20200107,35.01,36.0,34.87,35.69,25856.74,91486.303
688138.SH,20200107,17.6,17.99,17.26,17.51,89585.72,157603.813
688258.SH,20200107,77.2,89.2,77.2,87.21,35975.27,303246.718
688288.SH,20200107,37.21,38.58,36.61,38.15,51120.77,193081.96
688357.SH,20200107,48.84,51.47,48.66,51.09,22895.72,114939.281
688358.SH,20200107,51.3,51.88,50.61,51.85,15404.74,79041.064
300394.SZ,20200107,39.03,39.03,38.11,38.52,23818.37,91412.155
300408.SZ,20200107,23.8,24.15,23.3,23.44,142659.11,338063.002
300426.SZ,20200107,6.36,7.04,6.36,7.04,192663.69,131529.964
300429.SZ,20200107,16.7,16.83,16.42,16.75,291725.99,485781.727
300433.SZ,20200107,15.6,16.2,15.53,15.88,707791.05,1122416.185
300440.SZ,20200107,8.47,8.64,8.46,8.49,58492.8,49879.104
300468.SZ,20200107,36.5,38.43,36.03,37.59,232279.15,870214.692
300272.SZ,20200107,4.93,4.94,4.88,4.94,22892.11,11240.317
300294.SZ,20200107,31.28,31.48,30.78,31.37,42351.36,131374.097
300313.SZ,20200107,5.57,5.88,5.55,5.71,65229.0,37313.045
300316.SZ,20200107,16.68,17.62,16.55,17.16,368585.14,632101.335
300337.SZ,20200107,3.35,3.46,3.35,3.45,153720.3,52428.361
300342.SZ,20200107,10.28,10.3,10.06,10.11,119477.04,121492.549
300347.SZ,20200107,62.44,64.92,62.09,64.1,82599.8,526965.475
300348.SZ,20200107,23.0,25.21,22.62,24.77,532580.49,1289450.906
300358.SZ,20200107,6.88,6.97,6.86,6.93,41355.43,28566.785
300366.SZ,20200107,11.11,11.31,10.97,11.23,207832.4,231812.865
300369.SZ,20200107,18.51,18.97,18.51,18.87,84614.97,159442.83
300385.SZ,20200107,12.18,12.29,12.12,12.28,16765.39,20457.124
300387.SZ,20200107,10.57,10.59,10.3,10.44,30944.22,32244.801
603596.SH,20200107,23.2,24.14,23.14,23.91,43402.88,103151.28
603602.SH,20200107,23.85,23.97,23.5,23.94,84487.48,200323.338
603612.SH,20200107,12.4,12.55,12.22,12.3,44229.78,54572.446
603615.SH,20200107,9.57,9.75,9.56,9.72,17259.14,16741.482
603648.SH,20200107,10.19,10.33,10.16,10.33,46768.8,48054.503
603656.SH,20200107,15.25,15.54,15.25,15.45,7129.92,10990.917
603657.SH,20200107,25.0,25.35,24.9,25.29,11797.1,29727.264
603676.SH,20200107,10.62,10.74,10.62,10.74,16423.14,17540.348
603687.SH,20200107,15.25,15.56,15.02,15.4,56256.25,85864.069
603688.SH,20200107,21.53,23.21,21.26,22.5,205181.5,459170.546
603690.SH,20200107,31.15,31.8,30.61,31.51,100922.33,315723.691
603708.SH,20200107,24.57,25.18,24.29,24.79,31846.98,78969.593
603712.SH,20200107,25.78,26.05,25.47,25.68,54673.28,140415.286
603725.SH,20200107,7.73,7.89,7.72,7.76,19726.35,15311.57
603729.SH,20200107,17.24,18.63,17.13,18.49,72182.07,130177.616
603733.SH,20200107,14.24,14.4,14.16,14.37,19663.5,28179.902
603758.SH,20200107,6.51,6.58,6.36,6.44,32703.0,21062.742
603777.SH,20200107,13.23,13.3,12.48,12.62,123360.42,157236.905
603786.SH,20200107,54.69,55.73,54.21,55.26,12398.97,68152.904
603787.SH,20200107,14.14,14.26,14.0,14.25,55362.0,78280.319
603797.SH,20200107,11.58,11.68,11.53,11.66,47408.88,55085.001
603799.SH,20200107,45.9,46.75,44.55,45.92,527466.02,2402914.763
603818.SH,20200107,8.4,8.43,8.29,8.38,19558.9,16355.377
603843.SH,20200107,4.78,4.84,4.77,4.84,65363.4,31480.159
603848.SH,20200107,14.15,14.28,14.08,14.24,13714.42,19510.933
603863.SH,20200107,16.07,16.24,16.07,16.16,30209.07,48805.737
603867.SH,20200107,24.3,24.59,24.18,24.58,19626.93,48046.126
603868.SH,20200107,38.1,38.46,37.91,38.29,7905.14,30203.353
603871.SH,20200107,32.24,33.05,31.88,32.94,17539.44,57230.271
603880.SH,20200107,11.62,11.73,11.42,11.45,102273.5,118136.679
603895.SH,20200107,23.52,23.97,23.52,23.97,12072.57,28752.367
603908.SH,20200107,25.52,25.99,25.52,25.9,6605.0,16995.669
603915.SH,20200107,15.19,15.2,15.1,15.2,28471.78,43167.741
603938.SH,20200107,22.0,22.09,21.33,21.63,43574.86,94185.78
002842.SZ,20200107,12.88,12.97,12.7,12.82,64297.72,82342.19
002850.SZ,20200107,48.79,48.79,46.93,48.1,63366.93,303911.823
002863.SZ,20200107,5.72,5.82,5.7,5.71,40406.35,23195.716
002864.SZ,20200107,27.5,27.86,27.41,27.82,10969.17,30234.361
002869.SZ,20200107,66.5,66.51,65.7,66.15,19781.03,130737.075
002888.SZ,20200107,22.85,23.1,22.67,23.03,33411.0,76471.557
002907.SZ,20200107,16.65,16.79,16.48,16.7,50376.57,83948.598
002910.SZ,20200107,11.67,11.85,11.67,11.82,32965.53,38869.953
002921.SZ,20200107,18.77,18.88,18.63,18.71,10142.03,18998.953
002949.SZ,20200107,21.84,22.47,21.83,22.26,30464.0,67590.56
002955.SZ,20200107,58.5,59.1,58.38,59.1,17628.65,103642.143
002957.SZ,20200107,34.7,34.97,34.2,34.6,33388.51,115210.91
002962.SZ,20200107,37.6,37.75,37.18,37.57,41034.97,153475.359
002963.SZ,20200107,33.66,33.97,33.58,33.89,27231.52,91929.175
300004.SZ,20200107,6.79,7.42,6.72,7.16,266704.16,188745.418
300011.SZ,20200107,6.1,6.24,6.09,6.22,71041.19,43856.51
300026.SZ,20200107,3.52,3.61,3.51,3.59,391622.21,140008.002
300061.SZ,20200107,6.59,6.67,6.53,6.66,89479.32,59124.963
300066.SZ,20200107,4.9,4.9,4.78,4.85,229432.44,110942.508
300068.SZ,20200107,11.43,11.53,11.25,11.46,153103.83,174297.915
300072.SZ,20200107,6.63,6.78,6.58,6.76,416769.42,279135.455
300776.SZ,20200107,149.1,154.97,148.3,153.49,13567.77,206819.051
300779.SZ,20200107,30.66,30.85,30.02,30.47,22940.05,69911.894
300789.SZ,20200107,87.81,89.59,87.6,88.64,9643.38,85712.932
300796.SZ,20200107,25.64,26.14,25.31,25.77,44997.45,115468.235
300797.SZ,20200107,21.97,22.75,21.78,22.19,99145.98,220777.697
300799.SZ,20200107,108.04,113.39,106.28,111.95,32153.85,353961.853
300803.SZ,20200107,43.52,47.18,43.52,47.18,251619.56,1165875.444
000006.SZ,20200107,5.46,5.53,5.44,5.49,87271.72,47801.845
000025.SZ,20200107,21.05,21.75,21.05,21.47,76493.12,164326.388
000032.SZ,20200107,15.15,15.97,15.13,15.82,72086.41,113369.596
000060.SZ,20200107,4.4,4.45,4.37,4.4,324474.77,142772.186
000078.SZ,20200107,3.7,3.7,3.65,3.7,358562.7,131895.674
000090.SZ,20200107,5.3,5.32,5.26,5.3,99818.4,52825.316
000166.SZ,20200107,5.13,5.18,5.1,5.16,722775.76,371541.76
000333.SZ,20200107,57.4,58.21,57.2,58.05,225265.07,1304633.782
000419.SZ,20200107,4.6,4.66,4.58,4.65,56842.27,26262.977
000420.SZ,20200107,2.21,2.23,2.19,2.22,104403.66,23088.792
000426.SZ,20200107,5.31,5.35,5.21,5.27,173211.06,91278.964
000510.SZ,20200107,4.22,4.29,4.19,4.29,159373.08,67455.731
000520.SZ,20200107,4.17,4.25,4.17,4.23,105207.61,44375.307
000525.SZ,20200107,9.97,10.22,9.94,10.11,98737.92,99399.355
000559.SZ,20200107,5.64,5.97,5.62,5.8,285031.91,165528.334
000563.SZ,20200107,4.48,4.52,4.41,4.51,820735.64,367251.382
000571.SZ,20200107,2.69,2.7,2.65,2.7,38954.41,10417.939
000582.SZ,20200107,8.89,9.03,8.88,8.93,24829.97,22181.336
000584.SZ,20200107,6.54,6.7,6.47,6.55,85437.53,56106.851
603323.SH,20200107,5.31,5.37,5.3,5.36,233817.23,124776.375
603328.SH,20200107,12.07,12.29,11.94,12.29,175939.84,212919.488
603339.SH,20200107,13.89,14.05,13.8,13.99,14853.12,20704.639
603345.SH,20200107,56.96,57.82,56.66,57.78,24675.89,141875.729
603380.SH,20200107,16.75,16.9,16.63,16.82,20516.16,34401.45
603488.SH,20200107,8.89,8.97,8.83,8.96,21017.13,18709.501
603519.SH,20200107,14.17,14.47,14.07,14.38,18191.53,26099.038
603533.SH,20200107,18.05,18.68,17.96,18.5,81255.31,148852.167
002855.SZ,20200107,13.75,14.19,13.63,14.15,81997.01,114544.54
002857.SZ,20200107,12.75,12.92,12.65,12.78,9874.52,12624.662
002865.SZ,20200107,15.92,16.05,15.7,15.88,29781.98,47180.594
002871.SZ,20200107,19.77,19.77,19.56,19.7,8798.0,17309.051
002872.SZ,20200107,5.37,5.48,5.35,5.43,43187.0,23473.622
002880.SZ,20200107,51.33,53.49,51.33,52.42,7967.1,41910.191
002887.SZ,20200107,15.5,15.65,15.45,15.65,13807.04,21499.45
002889.SZ,20200107,26.65,26.82,26.52,26.8,17302.47,46175.881
002899.SZ,20200107,13.96,14.05,13.92,14.03,12504.0,17496.183
002905.SZ,20200107,17.22,18.41,17.22,18.13,118400.87,212645.986
002961.SZ,20200107,36.02,37.18,36.02,37.0,73397.57,269982.741
002970.SZ,20200107,141.2,151.14,141.2,144.05,51916.35,757994.815
300005.SZ,20200107,4.57,4.59,4.5,4.53,120109.33,54397.142
300008.SZ,20200107,3.06,3.23,3.04,3.16,469126.78,147419.247
300010.SZ,20200107,13.3,13.45,12.58,13.14,346107.16,447719.692
300015.SZ,20200107,38.57,39.26,38.5,39.19,210833.93,820175.439
300018.SZ,20200107,5.42,5.48,5.35,5.47,127384.17,69085.799
300021.SZ,20200107,5.46,5.52,5.43,5.5,138261.67,75750.982
300024.SZ,20200107,14.67,14.75,14.46,14.74,212717.05,310471.815
300040.SZ,20200107,5.62,5.81,5.62,5.75,58143.87,33324.282
300045.SZ,20200107,9.58,9.78,9.46,9.67,169871.45,163141.397
300049.SZ,20200107,7.89,8.05,7.81,8.02,36473.45,28900.905
300059.SZ,20200107,16.15,16.25,15.86,16.14,2020087.49,3244565.956
300070.SZ,20200107,8.15,8.21,8.01,8.12,320816.88,259884.581
300074.SZ,20200107,4.7,4.77,4.67,4.73,91052.37,42928.447
300081.SZ,20200107,11.43,12.53,11.4,12.25,470963.69,568323.532
300095.SZ,20200107,6.17,6.25,6.1,6.25,83449.08,51585.962
300112.SZ,20200107,9.86,9.9,9.66,9.79,215383.33,210528.99
300134.SZ,20200107,17.39,17.68,17.03,17.2,273178.2,472464.719
300138.SZ,20200107,7.47,8.0,7.4,7.66,153169.43,116040.67
300142.SZ,20200107,29.34,30.15,29.14,30.1,222892.01,661167.566
300147.SZ,20200107,8.34,8.75,8.29,8.58,323333.03,277003.429
300156.SZ,20200107,1.82,1.87,1.79,1.83,308655.11,56222.413
300163.SZ,20200107,3.83,3.84,3.79,3.81,56910.0,21679.265
300165.SZ,20200107,4.88,4.97,4.88,4.97,70082.56,34629.98
000529.SZ,20200107,6.92,7.11,6.91,7.08,140389.94,98639.385
000534.SZ,20200107,9.4,10.34,9.32,10.13,88230.33,87691.048
000536.SZ,20200107,2.73,2.82,2.72,2.79,715528.1,198003.318
000540.SZ,20200107,3.34,3.4,3.33,3.38,416836.1,140289.479
688003.SH,20200107,30.15,30.55,29.71,30.55,27077.59,81717.785
688008.SH,20200107,71.05,71.49,67.22,68.5,127178.52,871097.526
688021.SH,20200107,35.65,36.42,35.18,36.28,11251.62,40383.011
688033.SH,20200107,28.2,28.33,27.72,28.1,17835.57,49829.585
688058.SH,20200107,97.97,104.5,96.37,104.3,13982.61,141315.343
688098.SH,20200107,17.85,18.1,17.65,17.94,45411.77,81227.345
688123.SH,20200107,72.27,74.35,71.71,73.82,41203.61,301354.369
688139.SH,20200107,28.59,28.88,28.3,28.83,35051.55,100305.893
688202.SH,20200107,59.69,62.74,59.2,62.2,16580.17,101353.512
688369.SH,20200107,60.5,63.5,60.31,63.22,21788.1,134790.329
300396.SZ,20200107,17.08,17.48,17.01,17.44,38391.52,66138.475
300401.SZ,20200107,12.55,12.81,12.5,12.72,143103.3,180943.318
300410.SZ,20200107,8.42,8.67,8.41,8.49,110457.84,93996.312
300417.SZ,20200107,43.0,43.87,42.7,43.81,18610.9,80909.657
300419.SZ,20200107,6.45,6.63,6.38,6.59,137438.84,89320.684
300428.SZ,20200107,15.98,16.85,15.82,16.38,171390.29,280827.449
300431.SZ,20200107,3.67,3.74,3.65,3.72,234328.73,86723.668
300434.SZ,20200107,7.57,7.78,7.53,7.64,20679.2,15733.073
300443.SZ,20200107,14.67,14.93,14.45,14.87,40966.0,60238.717
300449.SZ,20200107,10.65,11.05,10.63,10.98,138403.16,150747.447
601615.SH,20200107,13.22,13.5,12.86,13.33,436793.15,579871.824
601658.SH,20200107,5.89,5.94,5.88,5.92,534210.82,315750.308
601699.SH,20200107,7.28,7.5,7.27,7.4,300890.87,222557.751
601798.SH,20200107,6.32,6.32,6.26,6.31,14299.57,9004.95
601800.SH,20200107,9.22,9.24,9.15,9.21,549200.63,504743.988
601828.SH,20200107,11.31,11.38,11.25,11.37,65625.72,74384.062
601878.SH,20200107,11.1,11.33,11.0,11.26,882505.0,987583.872
601996.SH,20200107,2.87,2.93,2.87,2.93,98247.12,28540.595
603017.SH,20200107,10.82,10.86,10.75,10.86,16404.35,17711.952
603029.SH,20200107,14.65,14.89,14.65,14.85,4283.54,6342.925
603043.SH,20200107,30.69,30.98,30.5,30.98,15659.84,48170.945
603058.SH,20200107,7.79,7.81,7.63,7.72,24548.91,18875.161
603060.SH,20200107,23.74,23.86,23.61,23.76,11849.23,28107.64
603066.SH,20200107,8.08,8.09,7.97,8.07,30473.32,24495.169
603077.SH,20200107,1.51,1.55,1.5,1.54,1475912.51,226194.993
603088.SH,20200107,9.09,9.25,9.07,9.19,23252.88,21343.719
603117.SH,20200107,3.85,3.91,3.84,3.9,67119.49,26011.537
603128.SH,20200107,6.45,6.51,6.41,6.49,142686.91,92199.103
603179.SH,20200107,19.53,20.77,19.45,20.75,39227.07,79236.41
603189.SH,20200107,18.98,20.9,18.56,20.9,146674.74,290388.935
603208.SH,20200107,56.3,59.0,55.26,57.63,19422.62,111196.055
603220.SH,20200107,22.71,22.96,22.32,22.57,79783.65,179541.065
603223.SH,20200107,6.62,6.75,6.6,6.74,16566.52,11079.284
603229.SH,20200107,20.47,20.63,20.21,20.45,12114.65,24740.462
603236.SH,20200107,168.33,174.91,168.1,169.89,17572.7,300357.974
603260.SH,20200107,30.61,31.1,30.52,30.84,30145.91,92746.192
603266.SH,20200107,11.95,12.22,11.91,12.18,49826.24,59988.015
601668.SH,20200107,6.11,6.15,5.99,6.02,2051066.68,1237510.902
601688.SH,20200107,20.45,20.54,20.15,20.4,790170.56,1606554.708
601698.SH,20200107,11.76,11.85,11.56,11.69,263778.45,307577.307
601700.SH,20200107,6.57,6.97,6.54,6.76,696908.64,471673.487
601898.SH,20200107,5.11,5.24,5.08,5.16,232912.3,120292.953
601919.SH,20200107,5.13,5.18,5.08,5.14,469089.64,239953.438
601952.SH,20200107,7.57,7.58,7.4,7.47,474896.94,354571.554
601965.SH,20200107,8.3,8.56,8.26,8.49,62016.2,52412.913
601998.SH,20200107,6.15,6.19,6.14,6.18,184872.91,113995.776
603001.SH,20200107,9.19,9.25,9.15,9.24,21805.42,20064.915
603003.SH,20200107,8.32,8.36,8.25,8.31,50137.24,41566.728
603016.SH,20200107,16.4,16.85,16.33,16.6,49527.0,82177.16
603032.SH,20200107,22.48,22.9,22.45,22.85,40580.68,92027.455
603035.SH,20200107,14.38,15.09,14.38,14.88,108141.0,160140.687
603037.SH,20200107,21.98,23.64,21.87,23.64,122839.69,282890.864
603040.SH,20200107,34.5,35.15,34.42,34.93,6656.9,23175.44
603045.SH,20200107,15.33,15.84,15.33,15.72,46828.7,72935.388
603081.SH,20200107,14.85,15.07,14.85,14.94,63650.0,95193.361
603090.SH,20200107,16.44,16.75,16.35,16.63,9944.33,16492.896
603108.SH,20200107,10.0,10.32,9.96,10.23,82440.43,83483.466
603127.SH,20200107,57.85,58.64,57.22,58.45,17481.45,101544.935
603156.SH,20200107,28.94,29.25,28.92,29.21,23224.1,67483.747
603157.SH,20200107,5.77,5.93,5.67,5.7,64047.0,36769.27
603177.SH,20200107,10.27,10.42,10.2,10.39,25166.4,26041.551
603180.SH,20200107,66.0,67.64,65.88,66.7,6245.0,41630.887
603228.SH,20200107,44.25,47.47,44.25,47.06,76884.49,355612.79
603277.SH,20200107,10.61,10.73,10.5,10.61,22761.36,24152.414
603283.SH,20200107,31.19,31.28,30.5,31.07,26678.0,82248.144
603297.SH,20200107,35.8,36.36,35.77,36.25,10336.7,37342.901
603321.SH,20200107,8.38,8.58,8.34,8.52,32581.49,27604.889
603332.SH,20200107,27.48,28.24,27.48,27.95,27099.68,75874.96
603348.SH,20200107,27.99,28.96,25.8,26.5,315599.99,873150.189
603360.SH,20200107,35.99,35.99,35.26,35.63,16769.2,59768.145
603365.SH,20200107,15.51,15.75,15.5,15.71,32177.33,50386.071
603378.SH,20200107,22.29,22.98,22.29,22.83,12503.0,28392.654
603383.SH,20200107,75.28,78.4,75.0,77.13,21636.48,166266.164
603501.SH,20200107,140.0,140.99,137.74,137.9,55555.54,770076.795
603556.SH,20200107,17.17,17.58,17.03,17.34,40553.38,70307.495
603569.SH,20200107,10.59,10.93,10.57,10.83,27529.28,29742.071
002841.SZ,20200107,85.2,85.33,84.3,84.98,9700.51,82234.4
002858.SZ,20200107,16.0,16.1,15.82,15.96,25186.59,40194.661
002867.SZ,20200107,19.8,20.13,19.62,19.97,61380.4,122240.84
002868.SZ,20200107,18.28,18.66,18.23,18.65,14432.0,26728.842
002879.SZ,20200107,16.63,16.77,16.47,16.65,13943.77,23177.306
002893.SZ,20200107,12.75,12.86,12.7,12.8,39256.1,50064.029
002897.SZ,20200107,27.29,28.55,27.07,28.35,93105.29,260512.615
002916.SZ,20200107,146.3,149.01,146.3,148.71,28237.28,417697.17
002009.SZ,20200107,8.83,9.15,8.52,8.55,355478.67,313003.296
002013.SZ,20200107,7.26,7.4,7.2,7.38,387521.44,285217.009
002024.SZ,20200107,10.28,10.38,10.26,10.34,592552.64,611699.2
002029.SZ,20200107,5.96,6.02,5.95,6.0,80206.93,47990.854
002030.SZ,20200107,11.27,11.42,11.26,11.33,92799.38,105064.84
002039.SZ,20200107,14.9,14.95,14.86,14.92,14490.02,21576.874
002040.SZ,20200107,7.11,7.24,7.11,7.23,52496.24,37729.624
002060.SZ,20200107,3.06,3.08,3.04,3.08,62036.38,19037.831
002074.SZ,20200107,15.16,15.78,15.05,15.39,380659.93,588092.211
002088.SZ,20200107,10.8,10.96,10.74,10.95,29824.33,32429.168
002096.SZ,20200107,6.64,6.83,6.6,6.81,43243.15,29247.9
002117.SZ,20200107,12.87,13.25,12.82,13.23,248742.42,325411.057
002128.SZ,20200107,8.63,8.96,8.63,8.85,289006.69,255741.447
002133.SZ,20200107,3.34,3.39,3.32,3.36,67954.19,22817.691
002141.SZ,20200107,3.76,3.81,3.76,3.81,119169.03,45188.168
002146.SZ,20200107,9.66,9.76,9.63,9.75,254043.33,246486.463
002148.SZ,20200107,5.59,5.59,5.5,5.57,96786.17,53703.563
002166.SZ,20200107,8.15,8.26,8.05,8.22,184966.76,151195.134
002168.SZ,20200107,8.5,8.62,8.42,8.58,132231.39,112819.864
002172.SZ,20200107,3.81,3.86,3.8,3.85,47035.0,18052.565
002175.SZ,20200107,2.11,2.17,2.09,2.17,107115.28,23135.057
002177.SZ,20200107,5.86,6.07,5.83,6.01,552483.35,329202.78
002947.SZ,20200107,62.99,63.89,62.53,63.3,14258.0,90056.338
002958.SZ,20200107,6.31,6.38,6.27,6.37,284291.47,179810.953
300001.SZ,20200107,19.35,19.9,19.08,19.36,250923.45,487363.315
300003.SZ,20200107,32.54,33.91,32.4,33.88,310689.43,1038689.076
300022.SZ,20200107,4.06,4.08,4.0,4.04,92077.1,37083.232
300034.SZ,20200107,16.46,16.75,16.45,16.54,51873.94,85940.528
300036.SZ,20200107,23.99,25.01,23.7,24.16,509584.44,1238191.9
300039.SZ,20200107,4.94,4.99,4.92,4.99,108798.39,53961.004
300044.SZ,20200107,7.32,7.64,7.27,7.53,660550.86,492707.411
300046.SZ,20200107,16.6,16.64,16.37,16.55,129556.18,213847.316
300050.SZ,20200107,6.09,6.16,6.04,6.14,150471.48,91784.527
300064.SZ,20200107,3.44,3.52,3.42,3.51,110575.77,38387.689
300065.SZ,20200107,12.66,12.66,12.42,12.56,53684.86,67155.428
300069.SZ,20200107,16.91,17.58,16.88,17.38,20325.47,34911.672
300075.SZ,20200107,11.88,12.05,11.8,12.03,123554.54,147775.488
300076.SZ,20200107,6.11,6.25,6.09,6.2,92350.0,57010.334
300080.SZ,20200107,5.46,5.78,5.46,5.71,163796.14,92717.0
300091.SZ,20200107,4.3,4.37,4.28,4.36,298725.2,129303.263
300100.SZ,20200107,6.09,6.36,6.08,6.2,99907.0,61875.826
300103.SZ,20200107,9.41,9.54,9.41,9.51,26769.28,25367.198
300108.SZ,20200107,3.94,4.02,3.94,4.02,137277.53,54611.343
300111.SZ,20200107,2.4,2.51,2.4,2.47,227497.09,56043.023
300116.SZ,20200107,1.83,1.85,1.77,1.79,1054191.29,189268.469
300132.SZ,20200107,12.49,12.9,12.49,12.53,144568.13,183041.896
300136.SZ,20200107,45.9,46.3,44.78,45.37,316340.1,1432884.31
300480.SZ,20200107,17.39,17.5,17.01,17.2,70587.85,121175.406
300485.SZ,20200107,9.06,9.09,9.0,9.08,24369.67,22018.748
300491.SZ,20200107,13.82,13.98,13.65,13.81,27278.94,37665.587
300505.SZ,20200107,23.54,23.54,23.16,23.42,14333.0,33452.166
300510.SZ,20200107,7.14,7.42,7.14,7.41,477648.91,349545.371
300514.SZ,20200107,13.19,13.36,13.11,13.28,37820.0,49984.684
300521.SZ,20200107,10.92,11.18,10.86,11.1,29261.17,32346.388
300530.SZ,20200107,34.69,34.97,34.0,34.42,6973.88,23967.731
300540.SZ,20200107,14.46,14.69,14.43,14.68,17452.81,25477.199
300543.SZ,20200107,23.85,24.3,23.6,24.12,32650.98,78244.819
300558.SZ,20200107,65.59,68.99,64.94,68.55,58489.84,391082.907
300560.SZ,20200107,16.25,16.44,16.18,16.44,24949.21,40784.994
300568.SZ,20200107,33.65,35.07,33.39,34.19,96763.35,331101.9
300569.SZ,20200107,14.77,15.29,14.76,15.28,106146.51,159876.902
300571.SZ,20200107,55.99,57.48,55.99,56.8,45301.39,258109.001
300577.SZ,20200107,36.03,38.77,36.03,37.85,21245.77,80341.964
300595.SZ,20200107,46.69,49.74,46.21,49.4,79643.76,383744.58
300602.SZ,20200107,43.33,44.78,43.02,44.42,79278.71,349918.662
300603.SZ,20200107,19.04,19.4,18.61,19.06,90689.18,171590.846
300609.SZ,20200107,38.74,39.15,38.3,38.9,7855.68,30492.594
300626.SZ,20200107,8.64,8.73,8.6,8.7,28650.0,24837.754
300627.SZ,20200107,26.61,28.49,25.21,27.3,303471.24,816783.007
300631.SZ,20200107,17.2,17.44,17.13,17.37,14209.48,24549.155
300636.SZ,20200107,27.82,28.76,27.7,27.98,13285.45,37403.659
300638.SZ,20200107,63.9,65.38,63.6,65.13,26507.36,171509.567
300639.SZ,20200107,26.9,28.27,26.9,27.5,36733.39,101308.696
300650.SZ,20200107,17.14,17.35,17.03,17.34,8958.38,15416.523
300651.SZ,20200107,27.98,28.17,27.85,28.11,7638.4,21411.819
000969.SZ,20200107,6.99,7.05,6.93,6.99,92048.35,64303.881
000985.SZ,20200107,16.58,16.85,16.23,16.42,30498.05,50224.224
002001.SZ,20200107,23.3,23.77,23.22,23.7,201925.28,476559.718
002015.SZ,20200107,5.36,5.47,5.34,5.43,73477.07,39583.403
002016.SZ,20200107,8.64,8.75,8.62,8.73,41997.76,36482.363
002017.SZ,20200107,15.48,15.97,15.4,15.86,255334.67,399998.576
002045.SZ,20200107,12.89,12.9,12.65,12.78,181978.18,232070.2
002046.SZ,20200107,7.0,7.05,6.95,7.02,32544.67,22778.453
002050.SZ,20200107,19.34,19.58,18.74,18.8,667425.12,1275722.69
002054.SZ,20200107,7.82,7.95,7.79,7.94,182112.48,143630.712
002059.SZ,20200107,5.18,5.33,5.15,5.24,41594.6,21743.406
002067.SZ,20200107,3.34,3.38,3.34,3.38,66945.19,22492.046
002069.SZ,20200107,2.8,2.87,2.78,2.85,73669.9,20835.95
002076.SZ,20200107,2.47,2.55,2.47,2.54,320734.69,80472.011
002079.SZ,20200107,12.48,13.45,12.41,13.09,1209042.23,1569174.61
002082.SZ,20200107,9.74,9.87,9.69,9.77,21448.13,20888.222
002083.SZ,20200107,6.23,6.3,6.21,6.28,90644.42,56678.289
002095.SZ,20200107,23.79,24.33,23.52,24.27,82457.17,197994.37
002136.SZ,20200107,7.84,7.97,7.78,7.89,45963.83,36165.103
603958.SH,20200107,7.5,7.59,7.48,7.57,26234.42,19805.169
603963.SH,20200107,11.39,11.57,11.39,11.53,15965.25,18338.842
603979.SH,20200107,9.21,9.23,9.1,9.15,40765.29,37280.922
603989.SH,20200107,22.78,23.59,22.66,23.1,18447.66,42801.195
603995.SH,20200107,26.4,26.85,26.33,26.77,69198.89,184720.622
603999.SH,20200107,8.0,8.34,7.88,8.17,269744.6,219066.249
688011.SH,20200107,43.68,44.11,43.02,43.89,13404.31,58376.74
000682.SZ,20200107,5.26,5.33,5.22,5.28,170873.65,89928.595
000683.SZ,20200107,2.36,2.39,2.36,2.38,318710.32,75792.52
000692.SZ,20200107,2.99,3.02,2.99,3.02,35450.21,10646.567
000713.SZ,20200107,10.35,11.15,9.96,10.4,1157615.62,1208147.527
000736.SZ,20200107,7.26,7.36,7.2,7.26,25737.69,18707.533
000768.SZ,20200107,16.98,17.2,16.96,17.06,216694.21,369433.898
000782.SZ,20200107,3.55,3.65,3.55,3.65,75737.35,27308.554
000790.SZ,20200107,4.5,4.57,4.5,4.56,83790.67,38091.53
000791.SZ,20200107,3.72,3.83,3.71,3.79,175857.78,66470.816
000799.SZ,20200107,35.87,36.2,35.72,36.09,79505.38,286380.33
000800.SZ,20200107,10.26,10.39,10.24,10.36,106921.79,110331.784
000856.SZ,20200107,11.17,11.61,11.1,11.34,90415.74,102346.714
000859.SZ,20200107,6.01,6.14,5.91,6.01,494016.89,296441.835
000869.SZ,20200107,28.53,28.7,28.45,28.7,16383.43,46827.926
000890.SZ,20200107,5.7,5.75,5.62,5.7,140254.54,79691.233
000895.SZ,20200107,29.39,30.67,29.39,30.58,168411.1,508945.061
000902.SZ,20200107,8.52,8.53,8.37,8.5,177918.92,150117.85
000912.SZ,20200107,5.01,5.14,4.97,5.02,107655.23,54226.073
000935.SZ,20200107,16.5,16.75,16.2,16.41,155027.53,254935.286
000948.SZ,20200107,11.0,11.3,10.95,11.25,84047.95,93589.631
000978.SZ,20200107,5.41,5.46,5.4,5.45,20212.36,10976.332
000988.SZ,20200107,22.01,22.21,21.7,22.19,398297.75,876196.704
000989.SZ,20200107,8.39,8.66,8.37,8.58,129111.13,110517.458
000990.SZ,20200107,14.93,15.07,14.8,14.93,60882.6,90803.817
000996.SZ,20200107,10.8,10.98,10.7,10.89,112937.31,122444.333
001979.SZ,20200107,19.98,20.11,19.9,20.04,76762.95,153397.693
002020.SZ,20200107,10.64,10.73,10.55,10.72,171441.39,182419.013
002034.SZ,20200107,15.35,15.63,15.32,15.53,26448.5,40940.611
002037.SZ,20200107,7.19,7.43,7.16,7.31,48072.6,35175.725
002042.SZ,20200107,7.74,7.76,7.6,7.69,74061.94,56835.817
002049.SZ,20200107,52.23,52.57,51.7,52.34,138968.14,723914.989
002052.SZ,20200107,3.7,3.84,3.61,3.67,861074.68,319469.807
002072.SZ,20200107,5.82,5.99,5.81,5.94,49655.15,29313.212
002073.SZ,20200107,4.93,4.94,4.86,4.91,155692.92,76268.757
002085.SZ,20200107,7.48,8.02,7.4,7.59,401498.99,310832.188
002086.SZ,20200107,3.75,3.79,3.74,3.77,66435.02,25020.831
002089.SZ,20200107,1.85,1.96,1.84,1.96,392421.84,75483.533
002097.SZ,20200107,6.0,6.13,5.97,6.09,101854.93,61775.045
002100.SZ,20200107,13.44,13.78,13.15,13.39,656045.84,881234.33
002106.SZ,20200107,10.07,10.16,9.94,10.14,192638.92,193841.261
000591.SZ,20200107,3.75,3.93,3.74,3.92,593420.81,228106.37
000616.SZ,20200107,2.49,2.58,2.48,2.55,150567.43,38033.157
000620.SZ,20200107,4.13,4.22,4.13,4.2,135605.71,56771.946
000628.SZ,20200107,9.99,10.01,9.9,9.98,37483.79,37330.166
000666.SZ,20200107,11.3,11.5,11.22,11.46,76803.01,87233.658
600007.SH,20200107,17.32,17.42,17.1,17.32,24185.28,41712.916
600010.SH,20200107,1.35,1.39,1.34,1.37,3524761.63,482354.526
600017.SH,20200107,2.93,2.95,2.93,2.95,112842.95,33203.901
600052.SH,20200107,4.56,5.03,4.56,5.03,306370.87,150265.261
600055.SH,20200107,10.18,10.7,10.18,10.64,120350.71,126110.678
600064.SH,20200107,9.9,10.01,9.89,10.0,126997.97,126373.511
600076.SH,20200107,4.51,4.55,4.49,4.53,152865.97,69116.055
600078.SH,20200107,5.11,5.16,5.05,5.09,249113.37,126799.889
600088.SH,20200107,14.7,16.09,14.65,15.78,169754.86,260241.304
600091.SH,20200107,3.8,3.85,3.79,3.82,18277.01,6980.096
600108.SH,20200107,3.1,3.14,3.04,3.08,438743.68,135156.731
600114.SH,20200107,9.4,9.48,9.12,9.29,405709.42,375744.571
600153.SH,20200107,9.19,9.26,9.09,9.13,143273.2,131435.666
600165.SH,20200107,3.94,3.98,3.92,3.97,71166.23,28177.889
600180.SH,20200107,7.1,7.24,7.08,7.22,62182.46,44757.27
600188.SH,20200107,10.48,11.06,10.46,10.82,554606.54,601935.559
600190.SH,20200107,3.07,3.1,3.07,3.1,42449.02,13112.047
600191.SH,20200107,5.29,5.35,5.22,5.34,71341.14,37781.479
600193.SH,20200107,3.9,3.93,3.86,3.92,23026.77,9005.584
600196.SH,20200107,26.72,27.15,26.72,26.9,148924.96,400960.312
600200.SH,20200107,5.36,5.46,5.36,5.42,87134.45,47089.421
600210.SH,20200107,3.84,4.0,3.84,4.0,277451.26,109171.792
600218.SH,20200107,11.47,11.74,11.42,11.64,201811.89,234005.777
600221.SH,20200107,1.76,1.82,1.75,1.81,1386677.79,247831.184
300077.SZ,20200107,6.42,6.57,6.39,6.53,202561.36,131513.871
300106.SZ,20200107,6.73,6.81,6.73,6.78,43176.17,29216.935
300107.SZ,20200107,7.44,7.73,7.44,7.69,123838.72,94722.766
300121.SZ,20200107,7.33,7.44,7.28,7.4,41521.58,30622.437
300133.SZ,20200107,8.55,9.22,8.55,8.85,538334.6,482399.73
300141.SZ,20200107,6.92,7.35,6.92,7.25,84320.83,60659.825
300144.SZ,20200107,32.7,33.23,32.21,32.7,55231.57,179773.341
300149.SZ,20200107,13.48,13.83,13.41,13.79,51870.87,70857.076
300162.SZ,20200107,9.26,9.4,9.05,9.37,192234.62,178181.797
300168.SZ,20200107,15.98,16.28,15.78,16.25,260657.15,418499.961
300184.SZ,20200107,8.29,8.38,8.16,8.37,769188.27,636900.734
300187.SZ,20200107,4.83,4.93,4.8,4.92,39759.02,19448.691
300197.SZ,20200107,3.23,3.36,3.22,3.26,384275.45,125428.662
300200.SZ,20200107,12.47,12.83,12.35,12.81,81181.03,102199.838
300206.SZ,20200107,7.48,7.51,7.42,7.48,89046.09,66368.702
300220.SZ,20200107,40.24,40.3,39.2,39.4,14462.77,57452.33
300228.SZ,20200107,5.26,5.38,5.22,5.34,127607.78,67583.927
000543.SZ,20200107,4.71,4.74,4.69,4.73,166195.6,78279.873
000548.SZ,20200107,4.24,4.29,4.23,4.27,33878.66,14421.011
000553.SZ,20200107,10.74,10.95,10.46,10.55,83343.77,88195.006
000555.SZ,20200107,14.52,15.29,14.52,15.26,431143.98,643278.642
000573.SZ,20200107,3.13,3.17,3.12,3.17,65895.58,20762.132
000585.SZ,20200107,2.04,2.06,2.02,2.04,36211.09,7407.025
000590.SZ,20200107,12.12,12.18,11.99,12.09,49285.18,59425.953
000592.SZ,20200107,3.07,3.09,3.03,3.07,404316.27,123714.665
000603.SZ,20200107,15.0,15.0,14.7,14.93,253984.05,376979.088
000605.SZ,20200107,7.22,7.46,7.21,7.44,31373.82,23090.239
000609.SZ,20200107,5.44,5.5,5.36,5.44,154142.5,83603.959
000627.SZ,20200107,7.02,7.08,7.0,7.05,117686.75,82818.237
000631.SZ,20200107,2.93,2.95,2.91,2.94,37052.01,10876.336
000650.SZ,20200107,6.37,6.41,6.34,6.41,195320.75,124617.481
000652.SZ,20200107,3.79,3.86,3.76,3.84,199826.03,76347.323
000656.SZ,20200107,7.65,7.75,7.59,7.65,342802.47,262234.061
000661.SZ,20200107,477.74,490.27,474.0,489.78,21624.43,1051442.021
000662.SZ,20200107,5.53,5.8,5.53,5.71,398158.58,224888.149
600006.SH,20200107,4.64,4.75,4.62,4.73,200745.13,94193.989
600012.SH,20200107,5.9,5.96,5.9,5.95,42964.28,25479.72
600021.SH,20200107,8.1,8.17,8.08,8.11,35963.07,29177.328
600027.SH,20200107,3.68,3.7,3.66,3.7,465230.49,171210.82
600054.SH,20200107,9.29,9.37,9.26,9.37,40375.65,37657.747
600063.SH,20200107,3.9,3.95,3.89,3.95,225590.21,88438.126
600068.SH,20200107,6.79,6.86,6.76,6.79,315878.56,215023.328
600075.SH,20200107,5.23,5.25,5.17,5.25,75530.4,39346.405
600089.SH,20200107,6.73,6.76,6.71,6.75,211715.13,142626.733
600098.SH,20200107,6.62,6.63,6.58,6.61,21426.89,14138.198
600099.SH,20200107,6.74,6.83,6.74,6.81,18649.73,12660.407
600105.SH,20200107,4.71,4.73,4.63,4.72,249576.48,116886.552
600113.SH,20200107,7.25,7.32,7.22,7.31,47731.91,34767.345
600120.SH,20200107,9.07,9.16,9.01,9.09,114116.89,103509.674
600122.SH,20200107,2.74,3.0,2.73,3.0,573347.55,165129.048
600127.SH,20200107,4.37,4.43,4.3,4.33,331614.05,143978.769
600129.SH,20200107,11.54,11.61,11.45,11.59,30109.97,34709.196
600139.SH,20200107,3.64,3.71,3.6,3.65,300233.15,109143.826
600150.SH,20200107,22.52,22.9,22.35,22.6,109809.58,248015.231
600157.SH,20200107,1.47,1.6,1.46,1.53,3663577.89,562312.656
600167.SH,20200107,12.72,12.89,12.72,12.8,29047.36,37073.334
600197.SH,20200107,15.8,16.1,15.8,16.08,63756.83,101768.937
600220.SH,20200107,2.29,2.34,2.29,2.34,99971.83,23217.073
600228.SH,20200107,6.26,6.59,6.25,6.59,35670.13,23245.245
600231.SH,20200107,2.77,2.83,2.76,2.8,148304.85,41423.427
600233.SH,20200107,12.66,12.78,12.59,12.76,51618.14,65527.09
600235.SH,20200107,5.45,5.67,5.45,5.6,330096.95,184312.898
600252.SH,20200107,3.28,3.29,3.24,3.28,232472.14,75865.044
603268.SH,20200107,16.21,16.45,16.18,16.36,8755.8,14287.584
603298.SH,20200107,13.27,13.97,13.27,13.76,62676.79,85561.015
603308.SH,20200107,16.29,16.75,16.26,16.46,86180.98,141736.008
603316.SH,20200107,9.28,9.38,9.23,9.29,16170.0,15040.442
603322.SH,20200107,21.59,21.59,21.32,21.42,34888.19,74768.306
603327.SH,20200107,32.05,32.7,31.44,31.82,96779.94,310097.623
603330.SH,20200107,15.51,15.78,15.43,15.68,21396.56,33460.882
603337.SH,20200107,20.76,21.94,20.71,21.72,19274.99,41529.633
603351.SH,20200107,34.71,35.15,34.49,34.91,7866.4,27507.437
603359.SH,20200107,15.49,15.55,15.35,15.54,13463.26,20850.702
603363.SH,20200107,16.39,16.96,16.3,16.83,135159.23,225524.037
603368.SH,20200107,33.78,33.78,33.38,33.54,26627.63,89163.394
603390.SH,20200107,19.2,19.65,19.12,19.28,162541.56,314279.429
603477.SH,20200107,12.24,13.2,12.24,12.88,177756.34,228112.966
603496.SH,20200107,24.28,25.66,23.9,25.4,62725.27,156643.409
603499.SH,20200107,15.7,15.85,15.65,15.84,9043.2,14272.193
603500.SH,20200107,12.7,12.87,12.7,12.81,8937.25,11432.173
603507.SH,20200107,22.87,22.87,22.2,22.51,5736.0,12926.019
603527.SH,20200107,11.5,11.76,11.44,11.58,40132.63,46461.94
603566.SH,20200107,18.69,19.3,18.49,19.17,38864.72,73983.786
002859.SZ,20200107,36.07,36.63,35.68,36.09,23482.12,84710.22
002876.SZ,20200107,49.5,51.5,49.2,50.8,32243.99,162703.989
002890.SZ,20200107,27.67,28.3,27.5,28.09,7289.97,20276.901
002898.SZ,20200107,13.76,13.93,13.7,13.9,6829.7,9458.064
002906.SZ,20200107,12.38,12.58,12.25,12.57,58596.87,72837.461
002913.SZ,20200107,58.83,59.95,58.68,59.82,25218.12,150119.235
002917.SZ,20200107,17.27,17.48,17.05,17.39,56115.97,96698.245
002935.SZ,20200107,29.39,29.97,29.36,29.89,25059.92,74503.747
002936.SZ,20200107,4.66,4.69,4.66,4.69,174553.93,81601.281
002942.SZ,20200107,29.46,29.74,29.3,29.58,25332.12,74846.07
002943.SZ,20200107,24.37,24.58,24.21,24.48,24280.44,59258.457
002946.SZ,20200107,12.75,12.92,12.75,12.83,26872.53,34486.458
002959.SZ,20200107,67.88,68.51,67.47,68.1,22403.75,152332.105
002965.SZ,20200107,37.0,37.58,36.32,36.85,87286.29,322340.779
002973.SZ,20200107,9.1,9.1,9.1,9.1,444.23,404.249
300027.SZ,20200107,4.96,5.26,4.89,5.14,1169228.86,593313.261
300029.SZ,20200107,6.45,6.63,6.44,6.55,80230.0,52466.668
300032.SZ,20200107,3.74,3.81,3.67,3.79,92833.14,34760.983
300033.SZ,20200107,115.39,116.83,113.11,114.89,109550.95,1257666.528
300053.SZ,20200107,13.12,13.32,12.96,13.12,222796.43,292325.064
300056.SZ,20200107,6.63,6.81,6.63,6.72,29474.44,19853.775
300057.SZ,20200107,6.25,6.31,6.19,6.24,162432.3,101199.225
300062.SZ,20200107,5.63,5.72,5.57,5.7,66621.56,37702.525
300082.SZ,20200107,6.83,6.89,6.71,6.77,87241.77,59253.875
300096.SZ,20200107,10.0,10.48,10.0,10.43,216517.99,222596.089
300109.SZ,20200107,16.93,17.04,16.8,16.96,40713.03,68844.625
300124.SZ,20200107,30.7,30.83,30.05,30.46,100186.74,304559.45
002923.SZ,20200107,17.27,17.55,17.26,17.51,16113.3,28038.265
002925.SZ,20200107,48.28,52.67,47.5,52.67,123551.05,628710.519
002940.SZ,20200107,30.0,30.4,29.85,30.33,10037.97,30214.945
002951.SZ,20200107,17.38,17.66,17.3,17.65,21855.29,38342.663
002953.SZ,20200107,20.54,20.71,20.45,20.63,23283.45,47889.802
002960.SZ,20200107,27.36,27.77,27.35,27.73,32239.26,89017.934
002966.SZ,20200107,10.11,10.24,10.01,10.24,398748.95,403788.437
002967.SZ,20200107,32.1,32.98,31.87,32.0,98996.38,320138.347
002968.SZ,20200107,67.1,67.65,66.57,67.4,18769.41,126129.651
002969.SZ,20200107,12.32,12.91,12.01,12.1,275167.86,338804.884
003816.SZ,20200107,3.66,3.72,3.66,3.7,647092.72,238925.967
300007.SZ,20200107,16.69,17.1,16.53,17.09,205514.16,347084.241
300017.SZ,20200107,9.93,10.23,9.91,10.18,983271.7,988050.078
300020.SZ,20200107,8.91,9.02,8.89,9.01,145994.17,130756.215
300023.SZ,20200107,7.51,7.58,7.43,7.52,51599.19,38691.34
300459.SZ,20200107,3.43,3.77,3.4,3.77,1901749.13,693285.534
300462.SZ,20200107,25.63,25.93,25.2,25.53,28327.98,72158.909
300464.SZ,20200107,15.39,15.58,15.19,15.29,108427.42,166588.985
300475.SZ,20200107,11.09,11.22,11.07,11.22,17582.37,19587.437
300479.SZ,20200107,16.4,16.74,16.3,16.41,54445.0,89547.41
300482.SZ,20200107,53.21,54.46,51.89,54.28,24138.79,128468.314
300487.SZ,20200107,37.95,38.3,37.39,38.1,34317.68,129861.53
300492.SZ,20200107,51.1,51.1,50.01,51.1,6641.56,33720.113
300516.SZ,20200107,31.77,31.77,31.05,31.16,16427.62,51378.548
300523.SZ,20200107,47.65,51.98,47.63,51.95,42896.84,215270.455
300538.SZ,20200107,18.41,18.68,18.34,18.68,30311.75,56193.476
300551.SZ,20200107,26.0,26.62,25.4,26.25,71185.65,186029.168
300563.SZ,20200107,28.7,29.12,28.59,29.09,14456.87,41788.788
300567.SZ,20200107,54.0,56.17,53.8,54.38,191698.82,1051476.565
300570.SZ,20200107,27.99,28.05,27.49,28.04,43068.85,119507.592
300596.SZ,20200107,38.53,39.1,38.15,38.63,31306.29,120900.375
300604.SZ,20200107,24.9,24.9,24.0,24.32,82609.18,201061.135
300608.SZ,20200107,17.51,17.8,17.35,17.75,23154.21,40715.651
300618.SZ,20200107,89.01,90.2,86.8,88.78,58474.05,516362.678
300619.SZ,20200107,23.8,24.1,23.66,23.89,11923.0,28437.629
300629.SZ,20200107,19.0,19.28,18.8,19.04,21871.34,41589.817
300640.SZ,20200107,8.28,8.39,8.28,8.3,15036.0,12513.039
300643.SZ,20200107,22.52,22.94,22.19,22.8,197423.48,444406.195
300644.SZ,20200107,30.65,31.28,30.3,30.6,16383.0,50314.26
300645.SZ,20200107,14.96,15.14,14.8,15.08,26816.93,40201.664
300654.SZ,20200107,11.52,11.95,11.49,11.88,29141.41,34387.727
300665.SZ,20200107,10.86,10.94,10.8,10.9,12823.8,13950.941
300670.SZ,20200107,8.65,8.77,8.63,8.74,36285.57,31645.649
300677.SZ,20200107,19.7,21.15,19.7,21.15,68144.3,140029.328
300679.SZ,20200107,39.29,39.5,38.77,39.11,37492.58,146313.68
300684.SZ,20200107,27.2,27.51,26.7,27.1,32503.28,87817.248
300687.SZ,20200107,16.51,16.58,16.26,16.4,34048.23,55787.629
300172.SZ,20200107,5.2,5.24,5.18,5.24,36525.61,19039.682
300190.SZ,20200107,6.99,7.49,6.99,7.43,201329.12,146656.273
300203.SZ,20200107,16.79,17.07,16.73,17.04,97316.84,164440.271
300208.SZ,20200107,7.25,7.3,7.2,7.27,40140.83,29091.899
300225.SZ,20200107,5.91,6.02,5.87,5.99,160826.25,96025.57
300246.SZ,20200107,15.33,15.98,15.33,15.96,44147.82,69446.135
300249.SZ,20200107,6.73,6.81,6.66,6.78,89434.59,60325.281
300250.SZ,20200107,13.24,13.59,13.24,13.57,57077.39,76694.897
300257.SZ,20200107,10.93,11.19,10.91,11.06,29082.55,32029.599
300258.SZ,20200107,11.65,11.69,11.39,11.45,21863.6,25124.41
300276.SZ,20200107,8.24,8.35,8.16,8.34,53490.75,44220.332
300280.SZ,20200107,17.23,17.35,17.07,17.26,42420.06,72926.599
300285.SZ,20200107,23.55,25.6,23.55,25.53,139714.74,347401.645
300286.SZ,20200107,11.81,12.81,11.81,12.64,44404.06,55433.505
300298.SZ,20200107,15.87,16.7,15.87,16.4,57969.94,95089.509
300299.SZ,20200107,5.2,5.37,5.18,5.36,308879.2,162439.473
300300.SZ,20200107,10.95,11.3,10.72,11.0,417765.8,457677.458
300306.SZ,20200107,13.19,13.92,13.11,13.89,137017.53,186262.266
300309.SZ,20200107,4.84,4.92,4.82,4.91,265122.16,129185.159
300315.SZ,20200107,6.46,7.11,6.45,7.11,2060116.94,1421944.882
300320.SZ,20200107,5.35,5.35,5.14,5.32,260323.36,135991.381
300336.SZ,20200107,5.75,5.75,5.75,5.75,183360.34,105432.195
300338.SZ,20200107,10.83,10.87,10.65,10.84,41415.05,44473.544
300340.SZ,20200107,12.95,13.04,12.8,12.95,79822.97,102890.046
300343.SZ,20200107,3.47,3.65,3.43,3.54,1531065.59,538655.519
300352.SZ,20200107,7.6,7.67,7.52,7.65,597789.54,454301.998
300353.SZ,20200107,13.44,13.55,13.31,13.54,181076.68,243130.153
300354.SZ,20200107,12.93,13.09,12.79,13.03,29587.51,38299.483
300359.SZ,20200107,5.98,6.32,5.97,6.24,211710.62,130181.244
300364.SZ,20200107,4.39,4.54,4.33,4.5,383716.21,170658.057
300367.SZ,20200107,4.68,4.75,4.63,4.73,433763.84,203570.653
300376.SZ,20200107,4.74,4.78,4.69,4.74,92603.58,43866.759
603586.SH,20200107,18.64,18.91,18.52,18.72,25932.0,48559.917
603655.SH,20200107,21.63,22.3,21.55,22.08,35578.22,78470.867
603658.SH,20200107,93.69,96.44,93.09,95.53,18284.13,173797.773
603663.SH,20200107,13.47,13.47,13.34,13.47,13049.6,17519.268
603665.SH,20200107,21.61,22.12,21.61,22.09,4915.0,10775.742
603667.SH,20200107,10.14,10.49,9.8,10.08,133167.71,133180.948
603686.SH,20200107,11.47,11.83,11.43,11.68,169063.28,196786.09
603700.SH,20200107,24.68,25.21,24.51,24.88,33859.0,84215.159
603706.SH,20200107,21.3,21.49,21.18,21.25,49006.42,104225.422
603716.SH,20200107,17.25,17.58,17.25,17.52,19561.68,34161.767
603721.SH,20200107,33.82,35.1,31.99,32.49,133289.46,446999.953
603726.SH,20200107,11.75,12.05,11.7,12.01,31467.56,37493.302
603789.SH,20200107,14.4,14.44,14.26,14.3,20151.35,28830.79
603806.SH,20200107,49.27,50.2,49.02,49.95,12443.63,61956.882
603817.SH,20200107,6.61,6.84,6.58,6.76,58051.95,39032.796
002112.SZ,20200107,7.0,7.11,6.98,7.08,36131.09,25523.722
002113.SZ,20200107,2.22,2.29,2.2,2.29,272980.73,61768.904
002122.SZ,20200107,1.99,2.08,1.98,2.03,104996.0,21350.031
002129.SZ,20200107,12.46,12.7,12.31,12.6,923184.44,1158737.789
002134.SZ,20200107,10.3,10.52,9.93,10.2,198553.01,202260.176
002142.SZ,20200107,29.36,29.76,29.2,29.41,123586.94,364420.7
002145.SZ,20200107,4.61,4.71,4.57,4.68,287959.56,133886.685
002147.SZ,20200107,2.19,2.2,2.16,2.2,56452.0,12329.425
002160.SZ,20200107,3.78,3.78,3.78,3.78,38587.38,14586.029
002163.SZ,20200107,6.03,6.57,5.93,6.1,365353.49,227294.637
002167.SZ,20200107,7.16,7.22,7.08,7.15,116927.72,83477.356
002180.SZ,20200107,32.5,33.7,32.19,33.61,172082.34,567150.407
002182.SZ,20200107,10.23,10.58,10.13,10.44,497916.91,515753.44
002190.SZ,20200107,23.81,24.15,23.52,23.86,35785.97,85391.407
002198.SZ,20200107,5.5,5.66,5.5,5.62,154924.41,86093.01
002204.SZ,20200107,3.29,3.31,3.28,3.31,72938.21,24034.477
002207.SZ,20200107,5.9,5.94,5.85,5.9,31526.83,18552.601
688023.SH,20200107,142.49,170.0,142.13,167.48,14373.93,227427.597
688037.SH,20200107,72.48,76.48,71.01,75.4,38244.93,281788.08
688116.SH,20200107,34.2,37.0,33.84,36.15,69947.42,246370.823
688188.SH,20200107,153.97,155.6,151.32,154.8,8351.5,128292.576
688198.SH,20200107,41.6,43.58,41.22,43.4,21167.66,89878.0
688321.SH,20200107,57.0,57.25,56.03,57.07,21213.57,120241.012
688366.SH,20200107,89.26,90.47,88.33,90.18,6598.89,59030.319
300391.SZ,20200107,8.0,8.0,8.0,8.0,5512.49,4409.992
300399.SZ,20200107,13.95,14.27,13.82,14.22,48825.76,68600.247
300405.SZ,20200107,7.07,7.25,7.03,7.22,71390.84,51151.183
300411.SZ,20200107,7.78,7.93,7.77,7.83,52399.6,40989.183
300435.SZ,20200107,11.11,11.11,10.99,11.1,24036.0,26565.89
300439.SZ,20200107,13.71,13.85,13.69,13.84,29498.73,40680.194
300441.SZ,20200107,9.41,9.61,9.38,9.6,118232.89,112285.79
300445.SZ,20200107,17.06,17.24,16.82,17.04,27389.55,46594.343
300456.SZ,20200107,26.6,28.5,26.26,27.78,492263.13,1351856.092
300461.SZ,20200107,19.97,20.22,19.78,20.21,17956.96,35989.159
300465.SZ,20200107,11.92,12.34,11.46,12.34,510998.72,618453.997
300470.SZ,20200107,27.5,27.69,27.25,27.45,22849.96,62727.98
300473.SZ,20200107,43.21,43.69,42.88,43.51,7888.02,34119.717
300474.SZ,20200107,58.78,59.58,58.28,58.99,51447.45,301932.908
300478.SZ,20200107,12.25,12.48,12.25,12.43,14141.0,17503.017
300511.SZ,20200107,7.28,7.3,7.16,7.19,58979.98,42540.464
300515.SZ,20200107,10.06,10.16,9.99,10.15,30672.93,30951.53
300531.SZ,20200107,16.63,17.02,16.56,16.91,30116.27,50626.83
300545.SZ,20200107,27.64,30.06,27.47,29.28,84002.31,247916.695
300559.SZ,20200107,29.85,31.01,29.56,30.66,56365.4,170977.448
300561.SZ,20200107,16.09,16.54,16.09,16.54,121934.47,199653.423
300579.SZ,20200107,39.03,42.16,39.03,42.16,106421.91,436678.136
300583.SZ,20200107,34.28,34.38,34.05,34.38,10162.0,34831.513
300235.SZ,20200107,14.1,14.9,14.07,14.64,124493.59,181608.952
300242.SZ,20200107,4.37,4.8,4.34,4.68,545721.04,254211.741
300269.SZ,20200107,5.46,5.46,5.46,5.46,33380.01,18225.485
300273.SZ,20200107,5.16,5.2,5.13,5.18,124274.01,64165.536
300277.SZ,20200107,9.67,9.75,9.54,9.69,64960.18,62514.253
300288.SZ,20200107,13.13,13.74,12.98,13.44,152082.98,203754.154
300290.SZ,20200107,6.65,6.91,6.56,6.89,94764.23,64094.963
300303.SZ,20200107,6.5,6.5,6.17,6.27,1171896.53,734269.773
300314.SZ,20200107,9.4,9.83,9.36,9.73,43222.54,41610.689
300324.SZ,20200107,6.09,6.17,5.99,6.09,547798.5,332117.404
300362.SZ,20200107,2.83,2.89,2.82,2.89,149489.69,42874.927
300365.SZ,20200107,13.43,13.54,13.33,13.52,62924.99,84549.613
300370.SZ,20200107,3.67,3.77,3.66,3.72,490409.97,182056.165
300374.SZ,20200107,9.52,9.65,9.52,9.61,13139.36,12607.927
300377.SZ,20200107,12.07,12.86,11.96,12.57,568402.12,705138.195
603588.SH,20200107,10.11,10.27,9.94,9.98,108809.61,109435.12
603598.SH,20200107,22.78,24.68,21.11,21.9,458421.93,1044239.701
603600.SH,20200107,12.65,13.52,12.65,13.52,77427.03,102441.455
603601.SH,20200107,8.12,8.12,7.97,8.02,60727.08,48679.572
603605.SH,20200107,91.0,93.5,90.0,92.8,16372.46,151513.006
603626.SH,20200107,10.84,11.54,10.71,11.33,146078.51,161613.199
603630.SH,20200107,15.35,15.87,15.07,15.55,143238.14,221250.069
603639.SH,20200107,25.2,25.49,25.19,25.48,15136.0,38345.976
603683.SH,20200107,13.75,13.81,13.61,13.8,21451.0,29450.769
603685.SH,20200107,13.5,14.12,13.45,13.95,41714.37,57752.377
603698.SH,20200107,12.8,13.04,12.75,13.04,31532.51,40874.416
603703.SH,20200107,15.26,15.4,15.07,15.32,24232.0,36985.966
603722.SH,20200107,32.11,34.88,32.1,34.1,52350.97,176980.717
603766.SH,20200107,3.96,4.02,3.92,3.98,151571.45,60083.233
603767.SH,20200107,7.53,7.61,7.51,7.56,16559.6,12502.484
603773.SH,20200107,34.88,35.65,34.55,35.49,32275.37,113456.76
603788.SH,20200107,16.81,16.85,16.5,16.56,12799.44,21282.246
603801.SH,20200107,23.5,24.66,23.44,24.27,26629.54,64309.955
603803.SH,20200107,13.38,13.48,13.27,13.47,46637.06,62438.753
603811.SH,20200107,25.42,26.51,25.33,26.19,24166.63,62508.899
603813.SH,20200107,19.1,19.34,19.0,19.27,7715.55,14819.53
603826.SH,20200107,16.51,16.57,16.26,16.4,24329.52,39881.696
603887.SH,20200107,24.68,24.95,24.05,24.43,29320.52,71530.651
603917.SH,20200107,10.91,10.93,10.77,10.88,20349.36,22078.652
603928.SH,20200107,12.39,12.43,12.28,12.35,12140.41,15006.635
603936.SH,20200107,18.3,18.86,18.12,18.8,151315.01,280756.702
603937.SH,20200107,11.23,11.41,11.2,11.35,25277.65,28601.823
603955.SH,20200107,16.23,16.65,16.23,16.51,10724.2,17582.701
688081.SH,20200107,50.0,55.57,49.4,53.9,76666.95,403489.311
688099.SH,20200107,57.6,58.91,56.63,58.91,35778.95,207436.003
688218.SH,20200107,28.15,28.87,27.99,28.86,33963.14,96766.451
688300.SH,20200107,53.29,57.25,53.29,54.28,23670.78,130449.281
600260.SH,20200107,14.15,14.33,14.08,14.21,270673.01,384010.285
000686.SZ,20200107,9.23,9.32,9.14,9.25,300358.47,276923.662
000697.SZ,20200107,11.29,11.55,11.06,11.43,72601.3,82513.714
000719.SZ,20200107,7.36,7.48,7.33,7.45,98971.23,73348.014
300169.SZ,20200107,5.78,5.84,5.72,5.83,93463.01,54046.525
300173.SZ,20200107,7.7,7.92,7.4,7.92,580238.49,443220.481
300178.SZ,20200107,5.1,5.44,5.1,5.32,256452.24,135333.974
300181.SZ,20200107,5.11,5.16,5.09,5.16,53027.7,27151.205
300192.SZ,20200107,14.3,14.75,14.18,14.45,89004.65,128828.779
300201.SZ,20200107,4.1,4.16,4.08,4.12,165526.63,67933.203
300232.SZ,20200107,10.88,11.03,10.56,10.68,404974.0,433725.185
300238.SZ,20200107,18.6,19.17,18.49,19.15,54500.02,102790.585
300240.SZ,20200107,6.76,6.81,6.69,6.75,59659.0,40208.216
300244.SZ,20200107,23.0,23.33,22.94,23.21,62144.89,143956.671
300256.SZ,20200107,6.4,6.43,6.22,6.29,545182.93,343230.563
300265.SZ,20200107,7.88,7.97,7.85,7.96,36057.01,28590.928
300266.SZ,20200107,3.77,3.78,3.7,3.76,189237.72,70966.243
300293.SZ,20200107,8.67,8.77,8.52,8.75,120902.51,104720.593
300304.SZ,20200107,4.54,4.65,4.54,4.6,182039.01,83600.187
300307.SZ,20200107,4.63,4.75,4.54,4.72,173843.76,80815.963
300333.SZ,20200107,11.19,11.58,11.08,11.48,253411.85,288256.33
300334.SZ,20200107,6.95,7.01,6.93,7.01,19126.02,13358.316
300341.SZ,20200107,15.57,15.97,15.06,15.45,250342.98,388141.395
300345.SZ,20200107,8.4,8.53,8.22,8.31,166991.98,138705.697
300349.SZ,20200107,16.16,16.47,15.95,16.46,98354.69,159091.73
300371.SZ,20200107,14.0,14.16,13.86,13.96,35289.52,49412.476
300375.SZ,20200107,3.67,3.73,3.64,3.72,152455.15,56186.714
300383.SZ,20200107,21.12,21.26,20.76,21.06,257192.08,539091.12
300389.SZ,20200107,11.94,12.35,11.85,12.34,90397.15,109216.034
603583.SH,20200107,43.61,47.9,43.06,47.04,42441.01,194352.305
603585.SH,20200107,21.38,21.54,21.33,21.52,8952.86,19178.614
603589.SH,20200107,52.63,54.3,52.51,54.15,47274.16,252807.451
603599.SH,20200107,15.53,15.68,15.47,15.6,31545.24,49144.381
603603.SH,20200107,9.2,9.48,9.2,9.29,55446.51,51575.267
603610.SH,20200107,45.7,46.8,45.68,46.8,31152.41,143631.814
603616.SH,20200107,8.38,8.65,8.36,8.51,41678.0,35536.254
603680.SH,20200107,10.6,10.73,10.6,10.7,14603.38,15606.345
603717.SH,20200107,9.38,9.38,9.21,9.3,72028.4,66850.183
603755.SH,20200107,47.99,48.07,47.32,47.69,9104.37,43225.303
603779.SH,20200107,6.09,6.38,6.05,6.38,40531.05,25605.316
603828.SH,20200107,5.37,5.52,5.34,5.44,72647.64,39506.254
603876.SH,20200107,16.23,16.38,15.77,16.14,168815.7,270767.199
603878.SH,20200107,11.26,11.43,11.21,11.38,50122.81,56762.148
603881.SH,20200107,39.82,41.74,39.55,41.21,71422.96,292185.035
603933.SH,20200107,16.69,16.84,16.45,16.8,52342.44,87025.757
603969.SH,20200107,4.43,4.43,4.35,4.4,105397.59,46285.699
603980.SH,20200107,8.26,8.31,8.25,8.31,32676.75,27067.15
300129.SZ,20200107,5.02,5.08,4.93,5.02,93837.53,46978.122
300137.SZ,20200107,7.89,7.98,7.85,7.94,83486.62,66021.421
300140.SZ,20200107,11.07,11.08,10.9,11.05,50365.36,55400.96
300143.SZ,20200107,9.46,9.59,9.27,9.31,59582.67,55882.682
300148.SZ,20200107,4.34,4.57,4.3,4.51,718279.39,319974.026
300151.SZ,20200107,8.61,8.84,8.57,8.8,38783.89,33904.545
300154.SZ,20200107,5.75,5.84,5.74,5.83,30557.73,17722.069
300160.SZ,20200107,4.08,4.17,3.98,4.08,374548.71,152791.43
300161.SZ,20200107,14.48,14.63,14.46,14.58,14585.55,21235.362
300179.SZ,20200107,6.42,6.63,6.4,6.51,147562.68,95937.619
300180.SZ,20200107,8.89,8.93,8.77,8.93,75739.5,67178.717
300189.SZ,20200107,4.11,4.2,3.95,4.06,610464.09,247222.405
300196.SZ,20200107,12.0,12.45,11.86,12.4,54829.24,67136.55
300217.SZ,20200107,2.52,2.65,2.51,2.63,455204.41,118266.565
300237.SZ,20200107,2.74,2.79,2.73,2.78,285195.6,78824.057
300241.SZ,20200107,7.25,7.25,7.0,7.11,291334.64,206530.115
300243.SZ,20200107,7.8,7.96,7.8,7.93,11507.14,9104.104
300248.SZ,20200107,9.85,10.77,9.69,10.32,485135.73,488825.863
300253.SZ,20200107,15.5,15.65,15.3,15.57,206785.97,320339.278
300264.SZ,20200107,6.24,7.05,6.2,7.05,600690.19,402715.359
300267.SZ,20200107,5.16,5.35,5.09,5.28,473386.98,246741.249
300268.SZ,20200107,13.9,14.52,13.87,14.19,20878.63,29729.914
300271.SZ,20200107,26.75,27.25,26.48,26.85,79882.33,214089.152
300275.SZ,20200107,13.32,13.44,13.0,13.15,78678.35,103392.136
300281.SZ,20200107,6.19,6.45,6.15,6.4,55874.11,35583.438
300282.SZ,20200107,8.01,8.48,8.01,8.27,271571.0,224268.441
300287.SZ,20200107,4.12,4.17,4.07,4.17,627352.61,259091.931
300291.SZ,20200107,6.44,6.83,6.42,6.72,210413.71,139591.896
300297.SZ,20200107,6.09,6.16,5.98,6.12,455832.2,276821.435
300305.SZ,20200107,8.29,8.43,8.26,8.43,21702.0,18136.955
300310.SZ,20200107,5.41,5.45,5.36,5.42,214105.36,115690.312
300322.SZ,20200107,21.14,21.29,20.78,21.0,208880.36,438480.741
300328.SZ,20200107,15.47,15.76,15.28,15.52,122481.0,189712.781
300339.SZ,20200107,14.32,14.84,14.26,14.8,450600.12,659118.903
300344.SZ,20200107,5.83,5.92,5.76,5.85,183194.05,106868.577
300356.SZ,20200107,8.5,8.93,8.46,8.8,377537.99,328344.51
000722.SZ,20200107,6.88,6.96,6.86,6.94,31757.58,21960.036
000737.SZ,20200107,2.99,3.05,2.97,3.04,41875.5,12672.136
000751.SZ,20200107,3.27,3.3,3.24,3.28,142185.15,46467.74
000753.SZ,20200107,3.04,3.09,3.04,3.07,64967.92,19950.974
000762.SZ,20200107,7.64,7.73,7.6,7.64,94967.77,72667.291
000766.SZ,20200107,6.55,6.68,6.55,6.62,116318.88,76768.307
000776.SZ,20200107,15.62,15.79,15.41,15.66,442888.22,690531.921
000793.SZ,20200107,3.45,3.62,3.45,3.57,722456.21,256135.121
000796.SZ,20200107,8.97,9.24,8.93,9.2,88534.47,81090.826
000797.SZ,20200107,3.5,3.81,3.5,3.81,107094.22,39887.205
000801.SZ,20200107,5.58,5.58,5.51,5.54,69489.17,38470.514
300700.SZ,20200107,20.03,20.28,19.93,20.28,17301.32,34812.641
300701.SZ,20200107,32.26,33.53,31.8,33.4,75484.76,247498.087
300706.SZ,20200107,27.56,28.54,27.4,27.53,74723.52,208330.384
300719.SZ,20200107,12.24,12.38,12.22,12.33,56349.08,69242.498
300730.SZ,20200107,15.03,15.17,14.91,15.12,35013.92,52703.887
300736.SZ,20200107,11.3,11.44,11.27,11.39,18832.4,21379.038
300758.SZ,20200107,35.5,37.25,35.5,36.97,29681.61,108943.374
300759.SZ,20200107,47.68,48.64,47.68,48.45,21265.41,102705.497
300763.SZ,20200107,41.94,43.2,41.75,42.29,11375.26,48220.865
300778.SZ,20200107,42.17,43.96,42.13,42.8,9282.0,39747.017
300788.SZ,20200107,49.71,50.36,49.21,50.35,13940.78,69561.087
300800.SZ,20200107,75.13,76.46,74.72,75.99,18795.11,142095.151
300801.SZ,20200107,37.53,37.85,37.41,37.83,23628.67,88977.848
300809.SZ,20200107,27.37,28.48,27.29,28.2,62585.57,175656.739
000002.SZ,20200107,31.61,31.93,31.35,31.76,577933.43,1827510.871
000004.SZ,20200107,21.8,22.2,21.67,22.1,17433.2,38299.735
000007.SZ,20200107,9.43,9.6,9.43,9.51,38129.0,36200.756
000016.SZ,20200107,4.42,4.51,4.41,4.5,358611.29,160050.553
000021.SZ,20200107,14.83,15.38,14.55,14.64,1047650.34,1559122.115
000023.SZ,20200107,13.32,13.58,13.24,13.42,29673.74,39786.666
000030.SZ,20200107,4.92,5.01,4.86,4.99,102098.15,50543.305
000042.SZ,20200107,10.79,10.82,10.73,10.8,27171.26,29258.314
000045.SZ,20200107,7.84,7.91,7.78,7.9,74155.61,58131.457
000048.SZ,20200107,22.5,22.51,22.11,22.41,13043.65,29154.854
000062.SZ,20200107,15.26,15.43,15.13,15.29,90516.42,137826.453
000065.SZ,20200107,8.75,8.82,8.72,8.81,49136.14,43086.108
000400.SZ,20200107,11.32,11.65,11.32,11.48,174367.24,200322.519
000411.SZ,20200107,12.23,12.36,12.15,12.33,19685.15,24195.66
000417.SZ,20200107,4.93,5.07,4.92,5.05,119711.86,59615.491
000421.SZ,20200107,4.62,4.63,4.57,4.61,34921.07,16065.721
000504.SZ,20200107,8.03,8.05,7.97,8.01,10090.5,8073.822
000509.SZ,20200107,2.48,2.62,2.47,2.53,301665.19,76279.622
000541.SZ,20200107,4.96,5.06,4.96,5.04,101402.53,50819.204
000545.SZ,20200107,3.21,3.3,3.16,3.17,259137.32,82958.864
000554.SZ,20200107,5.36,5.47,5.31,5.39,343697.74,185196.769
000560.SZ,20200107,4.35,4.47,4.33,4.44,232107.17,102285.301
000572.SZ,20200107,2.14,2.18,2.11,2.12,257061.3,54766.06
000593.SZ,20200107,6.26,6.29,6.18,6.24,63592.58,39595.903
000613.SZ,20200107,6.51,6.77,6.4,6.69,162690.69,107663.231
000623.SZ,20200107,17.04,17.23,16.9,17.09,102742.21,175059.643
000633.SZ,20200107,4.27,4.32,4.23,4.29,49865.43,21328.727
000636.SZ,20200107,17.94,18.48,16.8,17.18,1106533.19,1949437.692
000668.SZ,20200107,13.59,13.75,13.5,13.75,22762.46,30997.756
000670.SZ,20200107,2.16,2.27,2.16,2.25,216011.56,48117.197
600008.SH,20200107,3.33,3.39,3.33,3.36,387702.82,130449.8
600029.SH,20200107,6.97,7.07,6.95,7.05,636492.12,445156.096
603819.SH,20200107,14.01,14.2,14.01,14.13,15125.44,21336.016
603823.SH,20200107,26.85,27.28,26.4,26.61,28126.79,75172.681
603825.SH,20200107,27.0,27.87,24.38,24.88,244609.61,627005.419
603897.SH,20200107,19.78,20.17,19.64,20.13,25941.24,51808.196
603909.SH,20200107,13.51,14.03,13.48,14.0,44120.39,60778.032
603912.SH,20200107,14.27,14.39,14.13,14.33,27967.1,39905.744
603916.SH,20200107,16.83,17.55,16.76,17.35,115713.47,198030.884
603919.SH,20200107,17.35,17.53,17.3,17.52,20237.08,35305.813
603956.SH,20200107,17.0,17.24,16.96,17.17,28084.12,48041.602
603967.SH,20200107,16.29,16.35,16.19,16.33,28774.69,46829.405
603977.SH,20200107,8.32,8.58,8.32,8.46,37769.2,31928.673
603978.SH,20200107,27.23,27.4,26.87,27.25,34833.53,94317.775
688005.SH,20200107,33.88,34.1,32.81,33.59,43617.15,145212.554
688007.SH,20200107,29.1,29.25,28.53,29.0,22364.19,64489.826
688036.SH,20200107,49.88,51.48,49.05,50.02,52837.6,266590.9
688068.SH,20200107,47.79,48.55,47.1,48.4,6468.01,30949.414
688088.SH,20200107,53.86,55.46,51.43,55.33,46802.69,251384.014
688089.SH,20200107,38.13,38.43,37.68,38.41,29285.57,111562.191
688268.SH,20200107,50.0,53.66,49.58,50.9,88114.34,454439.477
300393.SZ,20200107,15.0,16.2,15.0,15.93,109801.1,172391.174
300402.SZ,20200107,9.43,9.66,9.41,9.65,22058.58,21135.972
300415.SZ,20200107,9.68,10.13,9.68,9.96,66127.19,65615.851
300416.SZ,20200107,32.52,33.49,32.13,32.55,23164.58,76173.185
300420.SZ,20200107,5.7,5.8,5.63,5.7,156023.0,88851.76
300423.SZ,20200107,13.46,13.73,13.38,13.7,42354.05,57463.55
300424.SZ,20200107,16.53,17.0,16.43,16.95,47226.12,79449.287
300436.SZ,20200107,33.5,34.21,33.31,33.94,15305.89,51860.81
300437.SZ,20200107,10.62,10.73,10.6,10.72,22972.97,24544.345
300448.SZ,20200107,8.04,8.36,8.04,8.35,338069.92,279301.671
300451.SZ,20200107,17.77,18.23,17.6,18.18,159760.51,286916.325
300457.SZ,20200107,34.3,34.56,33.06,33.69,50459.19,169107.929
300476.SZ,20200107,19.5,20.27,18.69,18.83,158977.63,301810.197
300483.SZ,20200107,39.04,40.45,38.69,40.29,7146.91,28361.229
300494.SZ,20200107,17.09,17.76,16.82,17.67,177738.47,309120.207
300496.SZ,20200107,48.5,49.38,48.1,48.99,104966.85,510770.296
300501.SZ,20200107,12.19,12.38,12.15,12.35,10816.31,13275.593
300506.SZ,20200107,8.82,8.89,8.76,8.86,47126.55,41569.928
300528.SZ,20200107,7.07,7.57,7.07,7.38,114430.63,83771.874
300536.SZ,20200107,7.64,7.72,7.58,7.66,50142.67,38287.928
300541.SZ,20200107,24.29,25.22,24.04,24.91,158385.29,392253.825
300556.SZ,20200107,17.72,18.2,17.68,18.04,42959.77,77232.401
300564.SZ,20200107,36.37,36.88,36.37,36.85,20985.44,76867.489
300584.SZ,20200107,27.95,28.57,27.87,28.4,21284.35,60228.409
300597.SZ,20200107,12.2,12.34,12.11,12.28,36110.2,44157.222
300601.SZ,20200107,80.8,83.94,79.6,83.88,53648.84,441972.543
300610.SZ,20200107,12.41,12.63,12.41,12.6,10807.6,13572.641
300615.SZ,20200107,20.89,20.93,20.67,20.92,25634.21,53348.855
688388.SH,20200107,59.0,59.85,57.48,58.85,30959.33,181147.16
688399.SH,20200107,58.6,59.47,58.27,59.46,12126.31,71498.851
300397.SZ,20200107,33.78,37.57,33.76,37.57,204919.24,738960.065
300404.SZ,20200107,14.64,15.44,14.51,15.33,48189.32,72081.769
300407.SZ,20200107,8.08,8.17,8.04,8.11,29574.91,23930.329
300412.SZ,20200107,6.78,6.98,6.76,6.95,39546.72,27335.224
300418.SZ,20200107,18.03,19.8,17.89,19.57,600320.53,1145013.994
300452.SZ,20200107,15.41,15.48,15.3,15.44,10463.54,16123.864
300454.SZ,20200107,115.9,118.66,114.19,117.6,20903.52,244979.227
300463.SZ,20200107,28.3,29.69,27.9,29.4,56135.12,162761.825
300466.SZ,20200107,6.03,6.16,6.01,6.09,77276.0,46909.544
300467.SZ,20200107,20.9,21.65,20.6,21.46,184842.35,392429.408
300471.SZ,20200107,9.55,9.72,9.42,9.61,120216.28,115148.464
300472.SZ,20200107,15.72,16.58,15.5,16.58,135833.09,220792.062
300488.SZ,20200107,16.24,16.41,16.17,16.4,10918.01,17845.341
300497.SZ,20200107,18.78,19.13,18.64,18.95,61522.83,116254.608
300503.SZ,20200107,11.39,11.6,11.35,11.55,33611.35,38577.911
300507.SZ,20200107,15.01,15.69,14.87,15.52,125906.48,191893.724
300518.SZ,20200107,27.85,28.94,27.85,28.7,26998.63,76917.551
300522.SZ,20200107,19.57,21.45,19.29,20.51,29901.13,60089.423
300537.SZ,20200107,18.54,18.67,18.28,18.58,62982.23,116208.713
300542.SZ,20200107,15.67,15.95,15.51,15.93,69596.92,109719.475
300549.SZ,20200107,13.88,14.02,13.79,13.93,9354.57,13003.2
300552.SZ,20200107,98.05,102.49,98.0,100.38,21937.19,218958.656
300553.SZ,20200107,37.4,37.88,37.4,37.75,2047.39,7711.943
300566.SZ,20200107,24.27,24.59,23.34,23.65,58995.41,140150.771
300572.SZ,20200107,51.65,53.99,50.88,53.14,40831.99,214347.461
300573.SZ,20200107,77.01,79.66,77.0,79.0,16106.14,126715.946
300578.SZ,20200107,27.4,28.88,27.01,28.6,87431.95,244658.381
300580.SZ,20200107,16.05,16.92,15.83,16.7,82202.0,134617.04
300588.SZ,20200107,10.44,10.6,10.41,10.56,30104.0,31587.007
300600.SZ,20200107,10.18,10.25,10.13,10.23,46724.28,47620.244
300625.SZ,20200107,16.43,16.95,16.43,16.95,38868.73,65383.669
300637.SZ,20200107,12.63,12.85,12.54,12.76,32531.8,41261.386
300641.SZ,20200107,5.08,5.12,5.04,5.12,26505.52,13500.69
300666.SZ,20200107,43.85,45.37,43.47,43.7,61635.15,271919.363
300668.SZ,20200107,17.08,17.56,17.08,17.55,25863.6,44819.314
300669.SZ,20200107,27.68,27.85,27.53,27.69,10156.41,28116.101
300685.SZ,20200107,64.83,67.57,64.39,67.5,22472.05,149042.95
300710.SZ,20200107,28.93,29.34,28.9,29.3,11762.34,34325.021
300712.SZ,20200107,11.95,12.4,11.92,12.19,32951.1,40123.084
300713.SZ,20200107,15.28,15.28,14.84,14.98,58092.84,87036.408
300715.SZ,20200107,21.32,21.57,21.2,21.51,9065.6,19422.024
300741.SZ,20200107,31.47,31.55,31.29,31.5,11262.51,35394.443
300755.SZ,20200107,23.05,23.18,22.88,23.04,27406.97,63060.89
300772.SZ,20200107,18.33,18.5,17.76,17.85,44146.09,79570.554
002222.SZ,20200107,12.76,12.95,12.6,12.89,130580.7,166838.896
603985.SH,20200107,15.8,16.31,15.79,16.23,21328.61,34367.887
603997.SH,20200107,8.25,8.41,8.18,8.4,40221.92,33500.006
688012.SH,20200107,104.52,107.8,102.5,107.0,37274.16,393301.59
688016.SH,20200107,143.77,144.08,142.58,143.9,4139.17,59359.07
688018.SH,20200107,186.5,191.3,183.56,186.7,10275.93,192404.003
688066.SH,20200107,43.03,44.77,42.2,44.28,48456.89,210620.623
688128.SH,20200107,20.14,20.58,20.01,20.57,49411.21,100275.216
688168.SH,20200107,102.51,106.06,102.51,106.04,9013.43,94112.324
688181.SH,20200107,58.0,60.7,57.25,60.26,80096.37,472458.96
688310.SH,20200107,30.22,30.93,29.93,30.66,18571.79,56648.176
688368.SH,20200107,87.2,88.35,85.38,87.9,7498.78,65427.053
300395.SZ,20200107,24.45,25.17,24.05,24.38,63822.35,156841.477
300406.SZ,20200107,16.0,16.13,15.89,16.11,43216.53,69182.063
300413.SZ,20200107,39.35,41.87,39.11,40.95,141938.24,580789.544
300425.SZ,20200107,4.47,4.59,4.47,4.58,45015.35,20526.271
300432.SZ,20200107,12.83,13.48,12.45,12.93,262381.61,338670.399
300453.SZ,20200107,7.69,7.8,7.69,7.78,22476.56,17414.812
300455.SZ,20200107,11.58,11.95,11.5,11.69,141776.45,165933.957
300460.SZ,20200107,17.64,18.35,17.02,17.38,99131.36,174523.106
300477.SZ,20200107,7.45,7.45,7.32,7.36,122985.5,90604.175
300481.SZ,20200107,17.57,18.58,17.57,18.17,133839.96,244121.64
300495.SZ,20200107,11.22,11.24,11.11,11.18,143284.57,159863.253
300512.SZ,20200107,11.67,11.93,11.66,11.9,10890.67,12918.651
300526.SZ,20200107,52.12,52.68,51.8,52.19,4228.2,22022.118
300527.SZ,20200107,11.52,11.52,11.28,11.45,121845.6,138715.368
300535.SZ,20200107,13.95,14.13,13.9,14.11,12317.55,17303.647
300539.SZ,20200107,7.49,7.54,7.45,7.52,13983.8,10496.299
300547.SZ,20200107,9.79,10.1,9.71,10.05,65230.36,65064.361
300550.SZ,20200107,29.29,30.01,29.1,29.91,21916.7,64995.865
300554.SZ,20200107,16.8,17.07,16.8,17.06,17256.86,29307.282
300565.SZ,20200107,11.97,12.26,11.97,12.19,43150.7,52392.479
300581.SZ,20200107,17.41,17.77,17.28,17.75,78954.41,138270.654
300590.SZ,20200107,39.01,39.86,38.75,39.3,34517.18,135310.309
300591.SZ,20200107,5.98,6.48,5.95,6.48,97724.77,61548.799
300607.SZ,20200107,49.46,51.99,49.3,51.71,51353.82,261879.704
300617.SZ,20200107,28.22,28.87,27.7,28.66,23371.64,65899.178
300623.SZ,20200107,28.33,28.58,27.85,28.3,88431.7,248681.295
300628.SZ,20200107,73.15,74.3,71.96,74.15,31140.1,228814.148
300647.SZ,20200107,13.6,13.9,13.6,13.88,36404.69,50206.171
300649.SZ,20200107,20.46,20.67,20.29,20.45,8954.54,18288.571
300678.SZ,20200107,23.16,23.24,22.82,23.22,40014.8,92306.126
300682.SZ,20200107,23.39,25.07,23.34,24.58,105548.78,255914.748
300688.SZ,20200107,22.85,23.25,22.76,23.06,15563.64,35839.44
300690.SZ,20200107,25.36,25.64,25.27,25.61,25987.33,66263.781
300692.SZ,20200107,12.61,12.9,12.61,12.81,27851.97,35481.576
300725.SZ,20200107,68.9,70.5,67.8,70.32,27895.52,192330.209
000807.SZ,20200107,5.31,5.51,5.29,5.39,719560.71,388005.537
000823.SZ,20200107,14.6,14.69,14.11,14.29,384037.7,548217.137
000833.SZ,20200107,5.19,5.24,5.12,5.2,47388.76,24533.586
000839.SZ,20200107,3.66,3.78,3.64,3.78,860414.42,320046.038
000850.SZ,20200107,4.07,4.1,4.06,4.1,103631.49,42294.42
000861.SZ,20200107,2.53,2.56,2.52,2.55,102828.5,26110.946
000868.SZ,20200107,6.09,6.29,6.02,6.29,266420.42,165168.231
000878.SZ,20200107,13.59,13.79,13.39,13.65,357277.74,485235.718
000885.SZ,20200107,11.02,11.24,10.98,11.2,73087.0,81416.348
000903.SZ,20200107,2.61,2.63,2.6,2.62,73331.2,19163.828
000910.SZ,20200107,14.6,14.77,14.49,14.64,40856.71,59539.277
000913.SZ,20200107,11.45,11.78,11.37,11.64,53816.01,62559.252
000919.SZ,20200107,7.33,7.38,7.32,7.38,44733.26,32897.728
000925.SZ,20200107,6.94,7.07,6.9,7.05,78793.0,55017.011
000929.SZ,20200107,7.1,7.16,7.09,7.15,24269.89,17286.55
000937.SZ,20200107,3.67,3.78,3.66,3.72,256206.78,95350.384
000953.SZ,20200107,4.36,4.36,4.29,4.3,24073.0,10383.005
000955.SZ,20200107,8.43,8.43,7.71,7.94,1251442.74,1000772.133
000971.SZ,20200107,3.23,3.3,3.18,3.18,272666.84,87230.373
000981.SZ,20200107,1.8,1.85,1.78,1.82,206671.78,37547.064
001914.SZ,20200107,18.85,18.85,18.44,18.57,60541.61,112325.108
002011.SZ,20200107,4.97,5.07,4.97,5.02,182569.65,91508.534
002021.SZ,20200107,2.43,2.44,2.34,2.4,58711.43,14075.934
002043.SZ,20200107,7.83,7.83,7.52,7.75,192432.4,147774.382
002047.SZ,20200107,6.11,6.11,6.03,6.06,160298.67,97061.088
002064.SZ,20200107,6.35,6.38,6.24,6.28,87085.14,54744.643
002071.SZ,20200107,3.62,3.74,3.53,3.68,264580.06,96691.574
002080.SZ,20200107,12.8,13.06,12.73,12.91,303372.56,389821.106
002099.SZ,20200107,7.17,7.2,7.11,7.2,207832.33,148803.267
002102.SZ,20200107,2.24,2.27,2.23,2.25,202243.36,45537.111
002110.SZ,20200107,9.2,9.5,9.2,9.47,318059.13,297921.244
002116.SZ,20200107,7.98,8.07,7.96,8.05,22237.53,17860.848
002123.SZ,20200107,19.52,19.7,18.78,19.19,448663.41,855021.966
002127.SZ,20200107,11.75,12.78,11.7,12.5,523790.79,646458.62
002135.SZ,20200107,6.07,6.16,5.88,6.09,125396.6,75578.979
002156.SZ,20200107,19.5,19.58,18.44,18.94,689892.05,1299163.105
002158.SZ,20200107,9.27,9.36,9.17,9.3,81781.66,75835.644
002169.SZ,20200107,7.6,7.68,7.37,7.45,434880.03,325089.717
002171.SZ,20200107,7.44,7.5,7.32,7.39,174744.22,128943.349
002187.SZ,20200107,8.72,8.9,8.68,8.86,27005.11,23827.523
002192.SZ,20200107,25.74,26.29,25.3,25.8,122961.01,316946.502
002208.SZ,20200107,6.69,6.84,6.68,6.8,67762.97,45851.393
002232.SZ,20200107,10.07,10.23,9.98,10.12,127280.8,128783.5
002237.SZ,20200107,15.7,15.96,15.46,15.83,765264.79,1201966.216
002240.SZ,20200107,9.16,9.21,8.9,9.15,271096.66,247035.501
002256.SZ,20200107,2.61,2.66,2.61,2.65,241940.46,63848.837
002262.SZ,20200107,11.77,11.86,11.7,11.81,93102.76,109750.66
600037.SH,20200107,9.46,9.94,9.45,9.87,355068.44,344429.007
600071.SH,20200107,11.95,12.17,11.89,12.06,18908.59,22765.99
600073.SH,20200107,8.1,8.24,8.08,8.2,134088.23,109524.166
600081.SH,20200107,12.24,12.43,12.12,12.37,91737.67,112422.507
600100.SH,20200107,9.03,9.08,8.95,9.07,442094.7,398389.339
600109.SH,20200107,9.35,9.48,9.28,9.39,338416.6,316881.714
600111.SH,20200107,11.23,11.32,11.04,11.18,573611.75,639459.889
600117.SH,20200107,3.58,3.8,3.58,3.75,270353.18,101040.355
600119.SH,20200107,5.78,5.93,5.78,5.89,43280.69,25410.705
600131.SH,20200107,20.7,21.3,20.58,21.11,78919.13,164700.504
600172.SH,20200107,2.99,3.02,2.97,3.02,187998.14,56367.025
600176.SH,20200107,10.75,10.94,10.68,10.8,251505.65,271287.632
600177.SH,20200107,7.17,7.24,7.14,7.18,132106.91,94839.049
600179.SH,20200107,4.8,5.03,4.79,5.03,99053.39,49269.346
600189.SH,20200107,3.92,3.96,3.91,3.94,35194.48,13819.097
600195.SH,20200107,12.01,12.49,12.01,12.4,241908.24,297661.804
600212.SH,20200107,4.25,4.25,4.2,4.25,91711.29,38759.982
600217.SH,20200107,5.17,5.35,5.15,5.32,348136.2,183734.789
600225.SH,20200107,3.01,3.09,3.0,3.05,103512.08,31513.786
600234.SH,20200107,9.47,9.84,9.4,9.76,9958.51,9700.709
600240.SH,20200107,0.34,0.35,0.33,0.34,477228.96,16242.243
600269.SH,20200107,4.15,4.18,4.15,4.17,78873.85,32839.345
000687.SZ,20200107,6.94,7.0,6.91,6.97,87059.85,60582.93
000691.SZ,20200107,4.03,4.1,4.03,4.09,33986.3,13844.903
000698.SZ,20200107,3.47,3.52,3.44,3.49,97744.7,34000.638
000712.SZ,20200107,15.3,15.42,15.02,15.27,221043.29,336331.652
000718.SZ,20200107,3.88,3.9,3.84,3.87,143650.36,55408.676
000723.SZ,20200107,9.53,9.86,9.53,9.61,1113696.1,1074661.284
000726.SZ,20200107,9.17,9.23,9.16,9.19,44283.27,40687.94
000739.SZ,20200107,12.8,13.66,12.75,13.42,324309.96,432163.441
000783.SZ,20200107,7.17,7.2,7.05,7.18,576451.33,411415.789
000798.SZ,20200107,6.39,6.42,6.3,6.38,34893.81,22190.842
000818.SZ,20200107,20.18,20.6,19.83,20.05,457967.45,924589.276
000836.SZ,20200107,3.79,3.88,3.78,3.86,358382.5,137352.434
000837.SZ,20200107,4.41,4.5,4.39,4.46,72745.5,32330.449
000838.SZ,20200107,3.24,3.28,3.24,3.27,76364.76,24876.977
000858.SZ,20200107,129.5,131.07,129.0,129.37,223277.93,2901574.233
000863.SZ,20200107,4.64,4.83,4.61,4.76,67196.48,31718.202
000889.SZ,20200107,9.57,9.65,9.43,9.65,42618.86,40664.909
000897.SZ,20200107,2.2,2.29,2.2,2.28,138380.92,31290.446
000949.SZ,20200107,3.6,3.66,3.53,3.65,375328.44,135681.626
000950.SZ,20200107,5.74,5.83,5.74,5.81,104563.18,60517.514
000952.SZ,20200107,9.55,9.65,9.54,9.64,28003.69,26885.481
000958.SZ,20200107,5.68,5.77,5.65,5.72,182958.74,104649.394
000959.SZ,20200107,3.52,3.57,3.51,3.57,146591.63,52109.265
000963.SZ,20200107,24.5,24.88,24.42,24.62,146719.57,361358.312
300648.SZ,20200107,16.26,16.49,16.1,16.42,25851.04,42165.156
300655.SZ,20200107,32.4,32.4,31.7,32.03,38077.29,121930.158
300656.SZ,20200107,22.36,23.79,22.36,23.17,39524.0,90772.534
300657.SZ,20200107,35.5,35.51,34.55,35.0,48242.96,168229.542
300661.SZ,20200107,239.8,242.92,232.68,233.6,19813.74,467740.391
300662.SZ,20200107,32.3,35.86,32.21,35.86,76007.97,264446.123
300663.SZ,20200107,26.79,27.49,26.51,27.35,124468.05,336950.698
300674.SZ,20200107,30.39,30.39,30.2,30.39,58689.59,178328.85
300686.SZ,20200107,23.5,24.98,22.5,24.3,196994.07,465627.86
300696.SZ,20200107,24.3,24.65,24.12,24.55,21484.33,52356.681
300698.SZ,20200107,16.84,17.11,16.75,17.1,26314.63,44702.966
300702.SZ,20200107,49.9,50.98,49.9,50.96,24774.61,125322.367
300703.SZ,20200107,12.1,12.55,12.1,12.52,52221.5,64843.731
300717.SZ,20200107,16.63,16.87,16.55,16.77,16541.8,27644.014
300737.SZ,20200107,12.39,12.67,12.28,12.61,116583.94,145502.894
300745.SZ,20200107,23.6,23.68,22.93,23.1,27386.71,63524.504
300749.SZ,20200107,12.55,13.21,12.55,13.08,44954.21,58344.115
300752.SZ,20200107,29.12,29.55,29.12,29.36,12109.36,35491.407
300780.SZ,20200107,23.61,23.61,22.92,23.37,36899.27,85617.888
300787.SZ,20200107,77.5,79.99,75.62,75.73,130454.74,1001826.822
300790.SZ,20200107,44.78,45.16,44.11,44.63,31270.06,139492.726
300805.SZ,20200107,25.71,26.77,25.6,26.1,126084.89,331202.33
300807.SZ,20200107,60.0,69.19,60.0,67.01,99824.35,648192.057
300810.SZ,20200107,75.1,76.5,75.06,76.0,27362.23,207747.837
300727.SZ,20200107,15.35,15.43,15.27,15.4,17856.89,27454.841
300732.SZ,20200107,17.23,17.77,17.23,17.75,26559.03,46769.834
300761.SZ,20200107,59.28,62.0,59.08,61.3,46724.27,284425.315
300765.SZ,20200107,35.69,36.39,35.55,36.0,14396.55,51875.908
300769.SZ,20200107,121.9,129.9,120.36,124.7,11292.85,141702.837
300771.SZ,20200107,63.42,63.85,62.78,63.5,14467.67,91397.036
300775.SZ,20200107,36.85,37.36,36.25,36.86,77006.12,283200.727
000005.SZ,20200107,3.16,3.21,3.14,3.2,148711.16,47208.301
000035.SZ,20200107,5.94,5.96,5.87,5.91,125880.51,74310.457
000037.SZ,20200107,12.44,12.5,12.34,12.4,15083.0,18744.403
000055.SZ,20200107,4.81,4.92,4.8,4.88,94888.93,46199.256
000069.SZ,20200107,7.79,7.84,7.72,7.84,299663.84,233394.948
000099.SZ,20200107,7.55,7.61,7.52,7.61,46854.01,35488.316
000407.SZ,20200107,3.81,3.85,3.77,3.83,206353.76,78555.477
000416.SZ,20200107,5.55,5.66,5.52,5.66,171279.8,95672.939
000428.SZ,20200107,2.68,2.71,2.66,2.71,64623.75,17394.224
000498.SZ,20200107,4.75,4.81,4.73,4.79,52546.86,25114.725
000501.SZ,20200107,13.59,13.67,13.38,13.6,54743.39,74179.241
000503.SZ,20200107,17.47,18.1,17.32,18.04,190981.08,340639.372
000518.SZ,20200107,3.6,3.63,3.55,3.62,203583.67,73078.842
000524.SZ,20200107,7.45,7.58,7.44,7.55,20259.49,15268.898
600230.SH,20200107,11.28,11.35,11.02,11.27,130341.21,145880.151
600237.SH,20200107,3.79,3.83,3.74,3.82,99072.61,37542.739
600243.SH,20200107,4.55,4.56,4.5,4.56,72248.47,32812.065
600251.SH,20200107,5.81,5.81,5.67,5.71,80943.05,46254.344
600256.SH,20200107,3.47,3.48,3.44,3.46,329103.33,113746.987
600267.SH,20200107,9.9,10.11,9.9,10.07,200578.16,200883.859
000700.SZ,20200107,4.55,4.65,4.55,4.65,129602.5,59986.73
000702.SZ,20200107,5.92,6.04,5.9,6.01,85801.86,51361.542
000708.SZ,20200107,22.51,24.76,22.4,24.11,105338.56,253061.61
000709.SZ,20200107,2.59,2.64,2.59,2.62,312494.84,81803.578
000728.SZ,20200107,9.36,9.47,9.22,9.38,280528.16,262092.941
000738.SZ,20200107,13.5,13.65,13.45,13.58,95384.7,129142.112
000755.SZ,20200107,4.02,4.06,4.01,4.05,48478.23,19572.773
000756.SZ,20200107,7.59,7.59,7.48,7.55,58632.1,44116.524
000759.SZ,20200107,7.3,7.38,7.26,7.34,22806.33,16721.962
000816.SZ,20200107,1.53,1.57,1.52,1.56,223427.49,34665.084
000828.SZ,20200107,8.28,8.33,8.27,8.31,28770.36,23887.767
000852.SZ,20200107,6.69,6.73,6.62,6.7,171349.36,114317.81
000862.SZ,20200107,5.25,5.69,5.25,5.51,565471.42,314741.802
000899.SZ,20200107,4.9,4.97,4.88,4.96,23624.72,11656.447
000908.SZ,20200107,3.88,4.03,3.86,3.93,251822.34,99287.626
000918.SZ,20200107,6.12,6.15,6.07,6.12,60038.01,36665.133
000923.SZ,20200107,15.2,15.44,15.14,15.26,25616.89,39079.288
000936.SZ,20200107,7.6,7.74,7.56,7.66,214832.99,164149.264
000960.SZ,20200107,10.65,10.82,10.61,10.69,163374.37,174658.409
002267.SZ,20200107,7.31,7.34,7.28,7.33,83233.79,60823.058
002268.SZ,20200107,27.06,27.29,26.6,27.1,160605.7,432099.986
002270.SZ,20200107,5.03,5.08,5.01,5.06,84051.47,42472.66
002272.SZ,20200107,4.59,4.65,4.59,4.65,31666.57,14669.48
002273.SZ,20200107,16.9,16.9,16.4,16.64,520311.03,863131.899
600275.SH,20200107,2.26,2.31,2.25,2.31,54907.0,12542.214
600297.SH,20200107,3.38,3.47,3.36,3.45,372480.2,127892.93
600303.SH,20200107,3.63,3.76,3.62,3.68,136655.99,50457.381
600308.SH,20200107,4.6,4.64,4.58,4.64,151783.53,69983.388
600317.SH,20200107,2.56,2.59,2.56,2.59,88042.51,22705.294
600321.SH,20200107,2.23,2.27,2.21,2.24,64647.6,14458.593
600336.SH,20200107,4.51,4.54,4.49,4.53,60923.31,27501.282
600337.SH,20200107,4.59,4.84,4.59,4.77,164182.75,77887.219
600351.SH,20200107,5.85,5.95,5.84,5.93,102585.55,60434.131
600355.SH,20200107,3.57,3.59,3.55,3.59,82026.0,29309.835
600363.SH,20200107,15.57,15.72,15.53,15.69,95809.2,149823.133
600375.SH,20200107,4.87,4.92,4.81,4.91,81380.58,39694.608
600378.SH,20200107,18.35,18.44,18.16,18.32,19376.59,35369.187
600405.SH,20200107,4.99,5.09,4.91,4.95,179040.28,89289.062
600456.SH,20200107,25.79,25.9,25.46,25.9,61535.48,158314.14
600463.SH,20200107,7.39,7.49,7.38,7.47,15200.6,11320.552
600467.SH,20200107,2.54,2.59,2.53,2.58,268633.29,68943.222
600469.SH,20200107,5.09,5.1,5.04,5.1,60063.82,30473.926
600478.SH,20200107,4.96,5.2,4.93,5.06,417394.99,211686.559
600488.SH,20200107,4.18,4.21,4.18,4.2,25272.75,10596.531
600496.SH,20200107,3.07,3.1,3.01,3.06,258844.36,78934.134
600503.SH,20200107,3.27,3.37,3.26,3.33,361862.87,119615.914
600507.SH,20200107,9.85,10.14,9.84,10.13,255472.17,256698.975
600515.SH,20200107,4.59,4.66,4.57,4.63,220127.13,101773.267
600518.SH,20200107,3.79,3.83,3.78,3.82,347983.33,132456.765
600537.SH,20200107,3.23,3.51,3.23,3.51,469991.42,160338.691
600555.SH,20200107,2.36,2.43,2.35,2.4,165546.05,39607.595
600568.SH,20200107,1.81,1.84,1.8,1.83,408722.29,74312.557
600572.SH,20200107,6.14,6.2,6.12,6.2,389286.79,239954.929
600583.SH,20200107,7.9,7.9,7.72,7.86,171793.22,134555.827
600587.SH,20200107,14.36,14.65,14.32,14.61,48311.19,69998.56
600599.SH,20200107,11.35,11.45,11.06,11.3,101050.18,113518.687
600600.SH,20200107,50.2,50.4,49.5,50.3,40810.7,204547.012
600602.SH,20200107,8.61,8.73,8.56,8.63,145383.75,125346.08
600609.SH,20200107,4.09,4.12,4.05,4.07,35492.37,14472.524
600622.SH,20200107,4.14,4.16,4.08,4.14,148050.82,61001.032
600624.SH,20200107,9.39,9.48,9.26,9.39,312889.9,292973.645
600628.SH,20200107,9.27,9.36,9.25,9.36,13450.1,12529.756
600641.SH,20200107,19.71,19.89,19.4,19.86,150974.27,296880.679
600651.SH,20200107,4.43,4.53,4.43,4.49,138434.25,61931.517
600662.SH,20200107,4.66,4.7,4.65,4.69,59940.77,28023.057
000967.SZ,20200107,6.28,6.44,6.27,6.41,109788.74,69981.42
000976.SZ,20200107,5.65,5.72,5.59,5.68,186274.28,105233.55
000982.SZ,20200107,1.73,1.78,1.67,1.73,487276.36,84076.83
000987.SZ,20200107,9.67,9.75,9.58,9.7,158045.4,152650.616
000999.SZ,20200107,31.41,31.52,31.19,31.41,28539.65,89465.937
001965.SZ,20200107,8.8,8.85,8.72,8.82,37754.29,33218.623
002005.SZ,20200107,1.98,1.99,1.94,1.95,159927.01,31380.674
002019.SZ,20200107,16.53,17.18,16.36,17.12,357041.71,600329.815
002026.SZ,20200107,5.35,5.43,5.31,5.36,44695.98,23921.921
002027.SZ,20200107,6.58,6.73,6.55,6.61,1111142.61,737995.582
002032.SZ,20200107,74.13,74.8,73.53,74.6,10461.29,77765.148
002041.SZ,20200107,11.8,13.34,11.48,13.34,958224.44,1186475.603
002048.SZ,20200107,17.05,17.52,16.6,17.38,328299.21,565263.383
002055.SZ,20200107,11.78,11.78,11.49,11.74,129876.12,151509.994
002056.SZ,20200107,8.85,9.14,8.78,9.0,569876.99,510479.293
002057.SZ,20200107,9.48,9.54,9.28,9.36,264281.8,246991.972
002062.SZ,20200107,3.54,3.69,3.54,3.66,81685.88,29561.839
002068.SZ,20200107,4.74,4.75,4.7,4.74,55100.11,26048.274
002077.SZ,20200107,6.46,6.63,6.26,6.51,440117.02,283911.899
002078.SZ,20200107,10.19,10.24,10.05,10.19,221259.39,224951.093
002084.SZ,20200107,6.52,6.69,6.51,6.68,92972.15,61630.417
002093.SZ,20200107,8.45,8.5,8.35,8.43,119879.22,100885.775
002101.SZ,20200107,8.24,8.76,8.1,8.53,347408.81,289858.323
002107.SZ,20200107,8.44,8.52,8.41,8.48,22846.17,19331.174
002108.SZ,20200107,4.32,4.48,4.2,4.24,1099800.1,475780.919
002114.SZ,20200107,7.69,7.77,7.61,7.67,54443.03,41750.859
002115.SZ,20200107,10.57,10.65,10.01,10.18,1157236.15,1191980.31
002120.SZ,20200107,32.65,33.08,32.11,32.5,119441.29,386575.0
002132.SZ,20200107,3.14,3.15,3.11,3.14,89283.85,27950.366
002139.SZ,20200107,5.9,5.99,5.84,5.98,389465.95,229645.274
002151.SZ,20200107,26.81,27.5,26.38,26.97,235424.76,631572.469
002183.SZ,20200107,4.38,4.44,4.36,4.42,202896.05,89320.657
002203.SZ,20200107,10.38,10.44,10.24,10.28,44578.12,46012.763
002205.SZ,20200107,14.72,14.9,14.58,14.89,54788.27,80835.875
002212.SZ,20200107,19.4,20.27,19.26,19.98,181132.94,359635.017
002214.SZ,20200107,11.3,11.41,11.13,11.24,129241.05,145049.106
002216.SZ,20200107,14.06,14.18,13.92,14.08,54035.16,75962.156
002219.SZ,20200107,2.46,2.51,2.44,2.5,163599.97,40632.883
002244.SZ,20200107,4.81,4.85,4.77,4.82,126837.36,60969.528
002248.SZ,20200107,8.19,8.29,8.11,8.28,17158.72,14104.103
002249.SZ,20200107,4.03,4.1,4.0,4.06,346430.41,140115.71
002251.SZ,20200107,9.14,9.69,9.09,9.62,98967.49,93795.28
002181.SZ,20200107,6.33,6.55,6.11,6.33,636292.25,403711.764
002189.SZ,20200107,20.76,21.06,20.7,20.79,57257.68,119301.201
002195.SZ,20200107,3.35,3.48,3.35,3.46,2568422.66,879716.219
002199.SZ,20200107,9.94,9.98,9.74,9.88,108369.03,106459.956
600674.SH,20200107,9.68,9.8,9.67,9.77,112726.38,109816.533
600684.SH,20200107,3.82,3.86,3.82,3.86,34405.05,13222.494
600691.SH,20200107,2.16,2.24,2.16,2.23,263682.64,58333.384
600710.SH,20200107,5.62,5.68,5.58,5.66,115860.52,65400.131
600717.SH,20200107,6.34,6.39,6.34,6.39,70184.58,44723.82
600718.SH,20200107,11.67,11.94,11.67,11.94,144674.32,171375.946
600735.SH,20200107,6.83,7.05,6.83,6.92,106037.67,73275.739
600756.SH,20200107,21.3,21.8,21.18,21.64,129190.33,278419.962
600758.SH,20200107,4.44,4.58,4.41,4.44,311897.24,139749.503
600770.SH,20200107,5.73,5.85,5.62,5.75,280525.26,160628.279
600774.SH,20200107,11.05,11.39,11.05,11.39,8379.69,9457.206
600779.SH,20200107,50.84,51.76,50.45,51.43,60045.15,307382.78
600784.SH,20200107,5.39,5.5,5.38,5.42,54843.52,29811.725
600785.SH,20200107,15.19,15.32,15.15,15.29,4940.02,7522.765
600793.SH,20200107,16.25,16.33,16.23,16.32,14300.0,23282.115
600797.SH,20200107,10.56,10.9,10.48,10.83,720183.0,771904.931
600815.SH,20200107,2.83,2.83,2.79,2.81,62358.67,17494.302
600818.SH,20200107,13.5,13.53,12.85,13.08,38588.74,50405.305
600822.SH,20200107,10.42,10.51,10.29,10.47,76587.83,79564.741
600833.SH,20200107,9.37,9.43,9.36,9.43,15078.01,14152.896
600854.SH,20200107,3.88,3.94,3.88,3.94,28539.71,11176.335
600856.SH,20200107,2.44,2.45,2.37,2.39,137663.54,32999.757
600865.SH,20200107,6.32,6.37,6.31,6.37,19916.26,12638.908
600876.SH,20200107,15.81,15.86,15.31,15.52,131301.09,203392.73
002297.SZ,20200107,6.65,6.76,6.62,6.71,63306.22,42291.55
002328.SZ,20200107,4.21,4.29,4.19,4.23,126627.12,53612.26
002356.SZ,20200107,2.25,2.38,2.24,2.38,177854.28,41723.671
002360.SZ,20200107,5.49,5.53,5.45,5.53,35963.17,19781.017
002365.SZ,20200107,9.61,9.68,9.53,9.6,48826.04,46782.704
002368.SZ,20200107,39.23,40.44,39.06,39.99,113730.94,454668.189
002372.SZ,20200107,13.35,13.47,13.07,13.15,153433.02,202033.949
002376.SZ,20200107,12.61,12.69,12.5,12.64,79984.33,100825.139
002388.SZ,20200107,7.49,7.55,7.41,7.54,79270.68,59329.305
002390.SZ,20200107,5.34,5.36,5.29,5.34,88291.65,46997.073
002397.SZ,20200107,4.95,5.0,4.95,4.99,41219.79,20481.562
002404.SZ,20200107,6.51,6.63,6.45,6.56,105285.89,68790.119
002411.SZ,20200107,16.17,17.79,16.16,17.35,612026.14,1032446.024
002414.SZ,20200107,24.0,24.12,23.42,23.84,116874.39,277416.954
002415.SZ,20200107,34.45,34.96,34.17,34.4,314561.51,1084694.852
002421.SZ,20200107,3.76,3.83,3.72,3.82,361607.55,136573.842
002432.SZ,20200107,5.13,5.18,5.12,5.17,78615.05,40502.887
002436.SZ,20200107,8.38,8.6,8.21,8.6,876441.8,738513.645
002437.SZ,20200107,3.1,3.19,3.08,3.18,484090.82,151734.244
002445.SZ,20200107,1.45,1.52,1.45,1.51,163687.86,24503.266
002446.SZ,20200107,9.29,9.42,9.18,9.39,422104.46,391765.163
002202.SZ,20200107,12.84,13.05,12.68,12.8,277296.75,354370.119
002206.SZ,20200107,4.09,4.33,4.06,4.3,233785.76,98976.565
002210.SZ,20200107,1.36,1.42,1.34,1.4,362400.49,50394.678
002218.SZ,20200107,3.13,3.38,3.13,3.38,974702.98,327120.995
002220.SZ,20200107,1.56,1.59,1.54,1.58,182573.12,28644.343
002221.SZ,20200107,8.11,8.16,8.02,8.11,161513.45,130514.7
002241.SZ,20200107,20.36,20.45,19.48,20.13,949048.72,1887711.71
002253.SZ,20200107,14.89,15.18,14.89,15.1,40243.32,60613.716
002254.SZ,20200107,10.86,11.45,10.85,11.31,183137.19,203463.35
002263.SZ,20200107,2.07,2.08,2.06,2.07,150882.12,31227.155
002264.SZ,20200107,5.12,5.21,5.12,5.15,112259.4,57910.642
002269.SZ,20200107,2.44,2.55,2.4,2.48,365297.95,89986.681
002280.SZ,20200107,4.26,4.37,4.22,4.29,1003846.53,431142.245
002283.SZ,20200107,3.77,3.84,3.77,3.83,84670.94,32273.592
002285.SZ,20200107,3.72,3.77,3.7,3.71,169745.32,63173.821
002286.SZ,20200107,6.08,6.19,6.06,6.19,36814.21,22585.627
600285.SH,20200107,10.01,10.19,10.0,10.13,93486.79,94481.615
600287.SH,20200107,6.11,6.15,6.05,6.13,46250.52,28278.94
600288.SH,20200107,12.04,13.25,12.02,12.9,189396.75,240330.744
600290.SH,20200107,2.61,2.71,2.59,2.69,557440.02,148349.805
600292.SH,20200107,5.74,5.82,5.74,5.81,45294.78,26198.258
600300.SH,20200107,3.06,3.1,3.04,3.08,178596.58,54813.337
600309.SH,20200107,55.2,55.99,54.59,54.78,200630.06,1105506.853
600354.SH,20200107,6.09,6.7,5.85,6.11,1038103.38,640988.416
600368.SH,20200107,4.53,4.7,4.52,4.66,282704.63,131106.055
600391.SH,20200107,14.76,15.21,14.72,14.93,68429.07,102272.274
600400.SH,20200107,3.39,3.42,3.38,3.4,44007.13,14949.869
600418.SH,20200107,5.18,5.32,5.15,5.24,246506.0,128811.727
600436.SH,20200107,108.94,110.07,107.75,110.05,39316.5,428715.925
600438.SH,20200107,15.18,15.31,14.91,15.19,450332.64,682788.582
600449.SH,20200107,11.25,11.5,11.25,11.35,85492.22,96954.374
600452.SH,20200107,18.5,18.72,18.41,18.7,27659.59,51418.625
600482.SH,20200107,20.73,20.78,20.49,20.62,46923.77,96689.821
600489.SH,20200107,9.13,9.16,9.02,9.12,729416.95,663555.281
600506.SH,20200107,10.6,10.69,10.52,10.63,28825.68,30590.449
600510.SH,20200107,6.8,6.86,6.75,6.8,40111.72,27268.157
600513.SH,20200107,8.6,8.82,8.34,8.64,325761.69,278420.645
600533.SH,20200107,3.36,3.42,3.36,3.42,162620.16,55208.328
600551.SH,20200107,8.43,8.73,8.39,8.73,50968.37,43880.546
600558.SH,20200107,3.39,3.42,3.37,3.41,72830.07,24728.162
600571.SH,20200107,10.2,10.61,10.18,10.53,188833.08,196885.385
600573.SH,20200107,6.63,6.68,6.61,6.66,23128.44,15361.159
600584.SH,20200107,23.55,23.56,22.52,22.93,685324.75,1568869.49
600590.SH,20200107,6.11,6.13,6.07,6.11,100546.17,61371.845
600597.SH,20200107,12.62,12.9,12.61,12.67,125080.49,158992.621
000338.SZ,20200107,15.31,15.75,15.17,15.29,1227518.6,1889526.305
000402.SZ,20200107,8.04,8.1,8.02,8.09,84336.57,67992.769
000404.SZ,20200107,3.99,4.06,3.99,4.05,66526.85,26753.102
000410.SZ,20200107,6.82,6.92,6.8,6.85,60626.08,41510.381
000519.SZ,20200107,8.38,8.44,8.27,8.37,575305.24,480690.355
000532.SZ,20200107,11.83,12.02,11.75,11.99,109951.95,131069.94
000547.SZ,20200107,10.82,11.46,10.8,11.41,412021.13,461684.656
000550.SZ,20200107,14.28,14.59,14.27,14.49,73831.68,106812.778
000558.SZ,20200107,3.31,3.35,3.3,3.35,90932.44,30311.757
000566.SZ,20200107,6.04,6.24,6.02,6.24,156484.25,96601.794
000595.SZ,20200107,3.34,3.42,3.3,3.39,291616.35,98255.812
000606.SZ,20200107,5.75,5.81,5.71,5.79,189082.72,108994.139
000607.SZ,20200107,5.17,5.41,5.17,5.35,222544.69,117710.177
000611.SZ,20200107,3.87,3.91,3.86,3.9,13446.0,5231.501
000638.SZ,20200107,5.1,5.18,5.08,5.16,56130.34,28786.249
000639.SZ,20200107,4.83,4.9,4.8,4.87,117941.79,57128.834
000651.SZ,20200107,66.17,67.55,66.0,67.32,410765.95,2759986.206
600004.SH,20200107,17.06,17.29,16.9,17.26,168007.6,287242.1
600018.SH,20200107,5.88,5.89,5.82,5.87,245066.3,143563.115
600025.SH,20200107,4.21,4.26,4.2,4.24,390184.37,165160.418
600036.SH,20200107,39.55,39.94,39.1,39.15,347671.28,1369304.771
600038.SH,20200107,48.45,49.25,48.45,48.79,47898.12,234309.206
600059.SH,20200107,8.54,8.97,8.51,8.76,95586.14,83093.754
600077.SH,20200107,3.03,3.05,3.0,3.04,52079.81,15732.656
600080.SH,20200107,6.1,6.19,6.08,6.18,60525.12,37142.001
600083.SH,20200107,20.64,20.91,20.53,20.62,29012.01,60007.788
600090.SH,20200107,4.26,4.37,4.26,4.36,220467.17,95503.196
600095.SH,20200107,10.34,10.96,10.3,10.75,626457.22,669784.594
600104.SH,20200107,23.43,23.53,23.34,23.53,186610.78,437713.475
600115.SH,20200107,5.54,5.63,5.53,5.62,590491.77,329082.91
600125.SH,20200107,6.0,6.04,5.97,6.01,109715.37,65816.592
600136.SH,20200107,13.73,15.2,13.66,14.88,253244.5,366308.207
600149.SH,20200107,5.38,5.47,5.34,5.43,24869.0,13465.421
600161.SH,20200107,27.16,28.07,27.16,27.92,69159.96,191747.698
600169.SH,20200107,2.39,2.4,2.37,2.39,150902.99,35987.789
600178.SH,20200107,4.92,5.05,4.9,4.96,37118.94,18458.844
600186.SH,20200107,2.65,2.67,2.52,2.53,256666.52,65543.103
600198.SH,20200107,10.96,11.14,10.91,11.09,187887.37,207214.823
600199.SH,20200107,6.2,6.27,6.17,6.27,96024.82,59794.343
600207.SH,20200107,4.77,4.81,4.75,4.79,76716.92,36662.962
600213.SH,20200107,9.24,9.24,9.03,9.11,93995.45,85649.541
600219.SH,20200107,2.3,2.4,2.29,2.37,1684139.37,396192.557
600227.SH,20200107,2.83,2.9,2.79,2.88,239654.72,68346.432
600249.SH,20200107,4.59,4.65,4.59,4.65,50884.11,23499.319
600257.SH,20200107,4.44,4.5,4.42,4.48,50394.11,22500.481
600258.SH,20200107,20.08,20.72,20.07,20.6,102236.95,208518.106
600611.SH,20200107,4.12,4.15,4.11,4.15,114206.32,47162.024
600612.SH,20200107,49.85,50.24,48.8,49.7,27707.27,137206.31
600630.SH,20200107,7.48,7.75,7.45,7.66,147543.1,112254.473
600640.SH,20200107,26.98,28.55,26.51,28.36,255263.56,707358.657
600645.SH,20200107,16.94,17.26,16.94,17.25,64146.36,109950.854
601881.SH,20200107,11.9,11.98,11.7,11.87,715491.74,846710.376
601882.SH,20200107,7.4,7.43,7.35,7.42,9122.0,6738.426
601886.SH,20200107,7.35,7.56,7.34,7.55,103125.61,76923.816
601928.SH,20200107,7.72,7.99,7.72,7.91,225821.37,177903.172
601933.SH,20200107,8.19,8.26,8.11,8.21,1043058.69,854829.759
601958.SH,20200107,8.04,8.08,7.95,8.0,138696.26,111010.558
601992.SH,20200107,3.77,3.84,3.74,3.77,449478.76,169831.338
603002.SH,20200107,4.38,4.43,4.34,4.41,115089.94,50489.69
603010.SH,20200107,11.68,11.86,11.6,11.72,33471.2,39145.84
603018.SH,20200107,10.66,10.84,10.63,10.76,50748.38,54661.697
603028.SH,20200107,11.62,12.94,11.61,12.94,73451.79,93350.215
603099.SH,20200107,9.55,9.66,9.55,9.66,36273.08,34888.237
603129.SH,20200107,49.29,49.45,48.31,48.76,15408.0,75426.189
603138.SH,20200107,18.7,19.4,18.56,18.94,85544.57,162462.791
603161.SH,20200107,13.74,13.86,13.69,13.82,12251.0,16883.231
603167.SH,20200107,10.86,10.89,10.75,10.8,47254.67,51056.921
603183.SH,20200107,10.9,11.16,10.9,11.06,36343.71,40082.535
603186.SH,20200107,40.58,44.22,40.5,43.98,96146.51,407552.27
603187.SH,20200107,32.38,32.92,32.31,32.79,20903.36,68367.25
603192.SH,20200107,28.31,28.65,28.28,28.62,8059.0,22997.685
603196.SH,20200107,9.93,10.2,9.52,10.04,224324.28,222260.012
603214.SH,20200107,42.59,44.2,42.41,44.03,23849.87,103894.288
603232.SH,20200107,33.53,36.8,33.04,36.8,60304.01,212203.516
603233.SH,20200107,51.15,52.25,50.62,52.11,29450.98,152383.156
603256.SH,20200107,15.8,15.92,15.67,15.69,79905.25,125907.886
603259.SH,20200107,86.95,88.46,86.21,87.91,125561.87,1101391.823
603279.SH,20200107,24.01,25.0,24.0,24.61,65157.43,159744.157
603315.SH,20200107,12.35,12.65,12.34,12.53,27849.0,34818.497
603317.SH,20200107,43.4,44.23,43.11,44.06,17279.93,75395.788
603335.SH,20200107,4.96,5.05,4.95,5.04,69624.77,34839.583
603358.SH,20200107,15.27,15.4,15.12,15.25,16206.3,24708.994
603367.SH,20200107,17.05,17.26,16.9,17.12,42224.78,72096.449
603393.SH,20200107,29.3,29.62,28.9,29.28,104834.03,306610.19
603421.SH,20200107,18.06,18.25,17.75,18.03,42571.31,76400.955
603444.SH,20200107,337.04,365.0,331.18,363.55,22964.73,806308.63
603486.SH,20200107,21.74,22.08,21.66,21.91,36521.82,79814.548
603516.SH,20200107,40.89,44.67,40.61,44.67,47209.94,205257.06
603536.SH,20200107,18.06,18.06,18.06,18.06,11692.0,21115.752
603558.SH,20200107,11.16,11.43,11.08,11.3,51729.42,58229.932
603559.SH,20200107,18.32,18.55,18.21,18.47,40071.89,73687.55
603568.SH,20200107,24.76,25.39,24.71,25.18,51997.94,130625.985
002826.SZ,20200107,10.16,10.29,10.14,10.2,22712.0,23175.981
300498.SZ,20200107,36.88,38.6,36.7,38.25,688791.66,2602278.309
300519.SZ,20200107,13.72,13.74,13.64,13.71,6771.07,9273.174
300520.SZ,20200107,18.73,18.97,18.62,18.95,52407.39,98618.316
300529.SZ,20200107,68.61,70.59,68.39,70.57,24028.76,166716.674
300532.SZ,20200107,11.09,11.22,11.06,11.22,39926.62,44524.404
300546.SZ,20200107,29.08,29.27,28.61,29.04,36274.66,104871.067
300548.SZ,20200107,74.55,74.99,72.3,74.09,8534.61,63036.112
300557.SZ,20200107,28.45,28.69,28.3,28.59,7031.0,20062.154
300576.SZ,20200107,25.5,25.68,24.84,25.63,110024.51,277982.784
300582.SZ,20200107,12.16,12.3,12.04,12.29,43254.69,52696.249
300586.SZ,20200107,22.67,22.88,21.45,21.7,217458.3,476730.608
300589.SZ,20200107,13.18,13.61,13.18,13.5,63283.02,85176.688
300592.SZ,20200107,12.41,12.73,12.41,12.53,39697.0,49873.424
300594.SZ,20200107,34.56,34.91,34.55,34.84,11067.47,38440.357
300605.SZ,20200107,13.58,13.65,13.35,13.62,43755.39,59167.417
300612.SZ,20200107,20.0,20.98,19.08,19.3,137350.25,270524.528
300621.SZ,20200107,10.79,11.0,10.79,10.95,17461.11,19046.598
300622.SZ,20200107,19.64,19.94,19.61,19.91,15350.78,30459.374
300624.SZ,20200107,68.99,75.79,68.99,75.79,55641.5,407979.751
300630.SZ,20200107,54.8,55.98,54.58,55.91,18624.24,103230.358
300632.SZ,20200107,24.99,25.08,24.7,24.96,45640.22,113307.373
300642.SZ,20200107,41.59,42.5,41.53,42.27,14225.84,59776.71
300673.SZ,20200107,29.02,29.3,28.21,28.5,23049.62,65676.866
300675.SZ,20200107,14.72,15.08,14.69,15.04,24654.85,36832.359
300683.SZ,20200107,30.69,30.98,30.6,30.78,6055.75,18588.376
300705.SZ,20200107,12.08,12.24,12.03,12.24,31431.6,38160.72
300708.SZ,20200107,14.15,14.19,13.93,14.09,52951.44,74184.636
300711.SZ,20200107,15.69,15.75,15.39,15.61,30797.8,47870.902
300720.SZ,20200107,15.85,15.85,15.66,15.8,11489.0,18098.6
300721.SZ,20200107,19.35,19.64,19.27,19.44,21882.58,42507.224
300726.SZ,20200107,28.31,28.43,27.94,28.29,58934.77,165910.082
300738.SZ,20200107,37.14,37.15,35.36,35.46,59148.2,213582.53
300753.SZ,20200107,41.06,41.76,41.06,41.65,13387.68,55473.169
300757.SZ,20200107,32.17,35.0,32.17,34.1,23634.17,80036.037
300766.SZ,20200107,37.93,39.99,37.7,38.3,37637.38,145772.918
300785.SZ,20200107,155.0,155.0,150.37,152.53,10735.0,163893.264
300791.SZ,20200107,60.2,60.49,59.98,60.38,8295.5,49940.568
300808.SZ,20200107,25.2,25.47,24.9,25.28,41318.15,104086.169
300811.SZ,20200107,60.82,60.82,60.82,60.82,450.0,2736.9
000028.SZ,20200107,47.8,48.63,47.18,48.45,24448.83,117586.99
000046.SZ,20200107,4.6,4.7,4.57,4.69,352293.32,163177.826
000061.SZ,20200107,5.74,5.76,5.69,5.75,97239.21,55708.183
000150.SZ,20200107,4.9,4.98,4.88,4.98,133308.26,65974.53
000153.SZ,20200107,6.64,6.7,6.61,6.69,57511.19,38309.273
000403.SZ,20200107,31.48,31.8,31.1,31.36,14958.89,46856.005
000413.SZ,20200107,3.46,3.6,3.45,3.6,2507401.03,882825.674
000429.SZ,20200107,8.44,8.44,8.34,8.37,50308.36,42127.659
002150.SZ,20200107,6.87,6.9,6.78,6.83,50555.32,34509.141
002153.SZ,20200107,39.72,40.4,39.19,40.4,58477.29,232687.834
002155.SZ,20200107,8.56,8.58,8.41,8.53,508558.61,432402.397
002162.SZ,20200107,3.7,3.72,3.67,3.71,56908.69,21012.723
002178.SZ,20200107,4.05,4.15,4.05,4.12,101766.08,41730.587
002186.SZ,20200107,10.38,10.53,10.38,10.5,24707.19,25838.148
002188.SZ,20200107,3.68,3.68,3.59,3.67,17458.0,6342.351
002193.SZ,20200107,8.06,8.16,8.02,8.14,28298.13,22899.023
002196.SZ,20200107,5.61,5.77,5.58,5.63,75732.46,42731.201
002213.SZ,20200107,12.7,13.7,12.62,13.7,90812.85,121842.138
002217.SZ,20200107,5.78,5.8,5.68,5.79,603239.84,347024.853
002226.SZ,20200107,5.5,5.66,5.5,5.59,117035.64,65352.151
002247.SZ,20200107,3.05,3.17,3.02,3.15,413441.69,128049.432
002261.SZ,20200107,9.24,9.46,8.92,9.15,1125354.46,1025374.4
002274.SZ,20200107,6.5,6.59,6.47,6.55,352384.58,230098.999
002281.SZ,20200107,30.9,31.0,30.26,30.62,103700.88,316499.811
002292.SZ,20200107,9.88,10.85,9.88,10.56,574212.19,607613.972
600278.SH,20200107,10.91,11.04,10.79,10.99,63757.4,69664.692
600283.SH,20200107,10.18,10.31,10.16,10.25,24310.41,24908.55
600293.SH,20200107,3.34,3.39,3.32,3.38,165769.38,55525.398
600301.SH,20200107,7.15,7.15,7.06,7.14,7698.0,5468.571
600311.SH,20200107,3.91,4.07,3.86,3.96,701156.2,277129.228
600315.SH,20200107,30.63,31.3,30.6,31.13,76619.63,237772.332
600326.SH,20200107,7.38,7.45,7.34,7.39,131309.27,96978.242
600331.SH,20200107,2.74,2.76,2.69,2.73,250638.25,68203.918
600333.SH,20200107,5.33,5.34,5.28,5.33,72122.99,38307.245
600335.SH,20200107,5.98,6.1,5.92,6.1,130768.06,78214.928
600348.SH,20200107,5.53,5.69,5.53,5.65,291321.41,164148.317
600360.SH,20200107,6.91,6.95,6.75,6.87,460467.44,315083.9
600377.SH,20200107,11.48,11.5,11.24,11.3,52225.26,59249.288
600385.SH,20200107,7.94,8.01,7.88,7.98,6168.06,4894.147
600386.SH,20200107,3.96,4.17,3.92,4.09,157438.53,63422.228
600399.SH,20200107,3.79,3.79,3.6,3.69,257879.51,95828.223
600408.SH,20200107,2.36,2.48,2.36,2.43,85482.33,20838.815
600409.SH,20200107,6.3,6.34,6.19,6.29,215350.68,135055.392
600425.SH,20200107,3.91,3.97,3.88,3.91,258726.13,101412.358
600439.SH,20200107,3.65,3.69,3.64,3.67,88365.62,32311.664
600468.SH,20200107,3.66,3.72,3.62,3.7,59906.17,22085.205
300660.SZ,20200107,16.16,16.42,16.15,16.38,18081.78,29467.67
300672.SZ,20200107,42.45,43.2,42.28,42.95,30786.75,131442.069
300691.SZ,20200107,19.56,19.6,19.3,19.57,37482.4,72906.203
300693.SZ,20200107,15.7,16.18,15.25,15.58,114136.27,178579.197
300695.SZ,20200107,61.93,63.69,61.93,63.35,8493.42,53668.404
300723.SZ,20200107,37.94,38.2,37.16,37.66,14157.74,53202.557
300740.SZ,20200107,10.2,10.68,10.05,10.25,288157.32,298270.136
300743.SZ,20200107,20.6,20.92,20.39,20.92,16491.0,34255.691
300746.SZ,20200107,13.74,13.99,13.74,13.87,21751.13,30192.121
920876.BJ,20200107,1.12,1.12,1.12,1.12,40.0,4.48
832317.BJ,20200107,9.72,9.97,9.5,9.93,760.0,735.78
920985.BJ,20200107,2.94,2.94,2.94,2.94,10.0,2.94
920689.BJ,20200107,5.0,5.0,4.99,4.99,30.0,14.99
920914.BJ,20200107,7.16,7.45,7.16,7.31,700.0,518.74
920639.BJ,20200107,2.18,2.18,2.18,2.18,20.0,4.36
920475.BJ,20200107,6.55,6.55,6.55,6.55,10.0,6.55
920566.BJ,20200107,15.38,16.44,15.38,15.8,2130.0,3380.04
920476.BJ,20200107,5.85,5.85,5.85,5.85,100.0,58.5
920599.BJ,20200107,10.0,10.0,8.0,8.0,50.0,42.2
920508.BJ,20200107,6.58,6.58,6.58,6.58,60.0,39.48
920039.BJ,20200107,4.26,4.28,4.25,4.27,60.0,25.6
920640.BJ,20200107,11.99,12.0,11.99,12.0,36.0,43.174
920418.BJ,20200107,14.37,14.69,13.21,13.26,2035.5,2782.206
920964.BJ,20200107,2.74,2.95,2.74,2.95,2904.0,828.392
920405.BJ,20200107,14.83,16.5,13.0,13.79,3540.0,5177.07
920491.BJ,20200107,6.66,6.66,6.39,6.4,370.0,239.75
920419.BJ,20200107,4.33,4.4,4.33,4.4,30.0,13.06
920971.BJ,20200107,2.3,2.3,2.3,2.3,250.0,57.5
920139.BJ,20200107,4.93,5.04,4.75,4.76,5490.0,2678.29
920368.BJ,20200107,36.0,36.0,35.99,35.99,60.0,215.98
920961.BJ,20200107,13.3,14.4,13.3,13.65,630.0,874.2
920415.BJ,20200107,5.57,5.63,5.4,5.46,760.0,417.99
920819.BJ,20200107,6.26,6.4,6.25,6.25,550.0,348.83
920510.BJ,20200107,7.5,7.5,7.5,7.5,20.0,15.0
920047.BJ,20200107,4.3,4.35,4.3,4.35,457.0,198.51
920489.BJ,20200107,8.35,8.63,8.35,8.63,240.0,203.91
920735.BJ,20200107,19.31,19.35,19.25,19.29,50.0,96.48
920266.BJ,20200107,7.87,8.09,7.71,7.76,1170.0,921.64
833874.BJ,20200107,16.87,17.26,16.87,17.04,440.0,747.66
920799.BJ,20200107,17.71,18.1,17.0,17.0,579.5,1006.055
920184.BJ,20200107,9.68,9.68,9.46,9.53,210.0,201.08
920185.BJ,20200107,43.08,46.1,38.07,39.38,14905.0,61085.73
833994.BJ,20200107,24.91,24.99,24.8,24.98,410.0,1021.13
920263.BJ,20200107,5.86,5.86,5.55,5.56,80.0,45.37
920275.BJ,20200107,5.0,5.0,5.0,5.0,40.0,20.0
920021.BJ,20200107,5.28,5.28,5.2,5.2,130.0,67.84
920445.BJ,20200107,10.24,10.58,10.24,10.58,120.0,126.08
920370.BJ,20200107,10.0,10.0,5.5,5.5,150.0,136.5
920092.BJ,20200107,10.0,10.0,10.0,10.0,6.0,6.0
920300.BJ,20200107,6.2,6.63,6.2,6.46,430.0,272.88
920879.BJ,20200107,2.65,2.67,2.56,2.56,590.0,151.71
920718.BJ,20200107,1.79,1.8,1.79,1.8,180.0,32.25
920351.BJ,20200107,5.4,5.4,4.9,5.05,150.0,77.08
920249.BJ,20200107,4.14,4.34,3.98,4.07,7820.0,3250.75
920809.BJ,20200107,1.26,1.29,1.23,1.25,2190.0,274.11
920023.BJ,20200107,1.35,1.35,1.29,1.3,70.0,9.17
920802.BJ,20200107,18.48,18.48,18.48,18.48,10.0,18.48
920261.BJ,20200107,16.5,16.5,16.49,16.49,870.0,1435.34
920974.BJ,20200107,6.08,6.08,6.08,6.08,10.0,6.08
920575.BJ,20200107,14.84,15.0,14.55,15.0,90.0,134.39
920556.BJ,20200107,4.3,4.59,4.15,4.49,2000.0,885.31
920471.BJ,20200107,6.65,6.85,6.65,6.85,50.0,33.45
920017.BJ,20200107,13.8,13.8,13.79,13.8,480.0,662.39
920982.BJ,20200107,21.5,21.5,21.5,21.5,112.0,240.8
920970.BJ,20200107,7.5,7.5,7.5,7.5,1300.0,975.0
920719.BJ,20200107,10.2,10.2,10.2,10.2,30.0,30.6
920175.BJ,20200107,3.42,3.62,3.33,3.35,25016.11,8812.942
920786.BJ,20200107,2.55,2.55,2.55,2.55,10.0,2.55
920522.BJ,20200107,3.41,3.49,3.35,3.35,1150.0,393.07
920438.BJ,20200107,1.79,1.79,1.79,1.79,80.0,14.32
302132.SZ,20200107,12.0,12.02,11.76,11.94,148324.32,176063.088
