ts_code,trade_date,open,high,low,close,vol,amount
689009.SH,20250819,63.95,65.22,63.17,64.05,157511.28,1009989.086
000001.SZ,20250819,12.1,12.12,12.02,12.06,892859.89,1077380.173
000002.SZ,20250819,6.54,6.61,6.51,6.53,1624186.52,1066264.304
000004.SZ,20250819,9.57,9.65,9.41,9.6,47863.0,45568.071
000006.SZ,20250819,7.71,8.07,7.59,7.86,990845.7,774424.741
000007.SZ,20250819,7.53,7.71,7.44,7.61,132861.5,100902.426
000008.SZ,20250819,2.88,2.9,2.87,2.9,466989.0,134768.171
000009.SZ,20250819,9.35,9.43,9.28,9.31,267002.24,249478.414
000010.SZ,20250819,4.67,4.71,4.57,4.7,515048.5,240142.618
000011.SZ,20250819,10.32,10.5,10.09,10.19,328241.29,337441.081
000012.SZ,20250819,4.79,4.79,4.74,4.76,135674.21,64635.779
000014.SZ,20250819,16.43,17.8,16.3,17.26,318150.19,543210.203
000016.SZ,20250819,5.43,5.62,5.42,5.51,1251358.96,693783.747
000017.SZ,20250819,6.54,6.6,6.49,6.57,186061.0,121896.196
000019.SZ,20250819,6.93,6.93,6.88,6.91,83522.4,57670.717
000020.SZ,20250819,14.09,14.2,13.88,14.13,47451.21,66870.346
000021.SZ,20250819,20.52,21.3,20.13,21.03,1558706.82,3220043.425
000025.SZ,20250819,17.6,17.95,17.54,17.78,123104.28,218244.348
000026.SZ,20250819,19.74,19.74,18.95,18.99,259597.5,496887.809
000027.SZ,20250819,6.96,6.99,6.87,6.89,282999.7,195874.105
000028.SZ,20250819,25.87,26.03,25.81,25.87,43993.05,114094.473
000029.SZ,20250819,24.6,25.44,24.32,24.5,71113.28,176315.479
000030.SZ,20250819,6.06,6.14,5.99,6.06,168272.41,101971.335
000031.SZ,20250819,3.23,3.27,3.21,3.22,214600.18,69527.85
000032.SZ,20250819,24.57,25.33,24.39,25.17,440490.95,1098654.505
000034.SZ,20250819,44.33,46.6,43.67,44.67,724544.48,3262510.731
000035.SZ,20250819,4.37,4.38,4.34,4.35,143026.6,62218.674
000036.SZ,20250819,4.07,4.16,4.05,4.15,251471.54,103489.95
000037.SZ,20250819,9.16,9.45,9.15,9.34,206619.12,192361.501
000039.SZ,20250819,8.07,8.09,8.03,8.06,369915.76,297974.254
000042.SZ,20250819,8.76,9.19,8.73,9.19,122296.51,109803.51
000045.SZ,20250819,11.65,11.74,11.49,11.6,129051.26,149666.423
000048.SZ,20250819,15.85,15.92,15.83,15.86,49170.84,78035.093
000049.SZ,20250819,23.96,24.07,23.75,23.99,54118.55,129507.41
000050.SZ,20250819,9.55,9.64,9.43,9.5,229525.06,218153.633
000055.SZ,20250819,4.15,4.18,4.11,4.17,137344.41,57048.809
000056.SZ,20250819,2.87,2.94,2.83,2.87,673443.0,194109.641
000058.SZ,20250819,9.17,9.29,9.15,9.19,130035.72,119822.131
000059.SZ,20250819,5.33,5.35,5.26,5.31,225383.42,119629.724
000060.SZ,20250819,5.0,5.03,4.97,5.01,471274.42,235332.59
000061.SZ,20250819,6.74,6.77,6.69,6.72,99435.0,66946.755
000062.SZ,20250819,31.01,32.06,29.77,29.99,1357112.01,4180217.235
000063.SZ,20250819,37.76,38.17,37.37,37.8,2106639.5,7958207.096
000065.SZ,20250819,12.63,12.97,12.26,12.38,513333.11,640892.13
000066.SZ,20250819,17.95,18.12,17.29,17.38,3374192.11,5972711.218
000068.SZ,20250819,3.86,3.91,3.78,3.89,696509.64,267531.307
000069.SZ,20250819,2.32,2.34,2.31,2.32,671963.35,156251.241
000070.SZ,20250819,10.28,10.66,9.96,10.01,1303715.84,1327697.597
000078.SZ,20250819,2.7,2.74,2.68,2.72,435989.0,118639.37
000088.SZ,20250819,4.57,4.58,4.55,4.56,203892.55,93111.823
000089.SZ,20250819,7.2,7.21,7.08,7.1,236969.01,168735.939
000090.SZ,20250819,3.6,3.63,3.56,3.61,294264.11,106128.187
000096.SZ,20250819,12.06,12.28,11.99,12.14,137329.37,166230.066
000099.SZ,20250819,23.63,23.78,23.26,23.5,242909.27,570723.692
000100.SZ,20250819,4.55,4.56,4.5,4.51,2308586.35,1045069.628
000151.SZ,20250819,13.22,13.31,13.0,13.06,80097.6,105015.809
000153.SZ,20250819,7.09,7.27,7.09,7.21,306256.68,220346.507
000155.SZ,20250819,10.28,10.29,10.21,10.22,180853.2,185288.903
000156.SZ,20250819,8.41,8.5,8.35,8.43,172842.68,145592.056
000157.SZ,20250819,7.49,7.51,7.41,7.43,602540.88,448887.745
000158.SZ,20250819,25.3,27.7,24.81,26.45,2937715.63,7730631.017
000159.SZ,20250819,5.85,5.9,5.8,5.88,161499.99,94689.189
000166.SZ,20250819,5.56,5.59,5.5,5.51,1189017.67,657987.587
000301.SZ,20250819,8.88,8.93,8.81,8.84,102424.21,90685.017
000333.SZ,20250819,73.2,73.63,72.2,72.68,537602.6,3916336.802
000338.SZ,20250819,15.4,15.47,15.22,15.26,730066.39,1117721.094
000400.SZ,20250819,22.91,23.29,22.66,22.77,260640.25,599456.875
000401.SZ,20250819,4.96,4.98,4.93,4.97,121444.33,60288.305
000402.SZ,20250819,3.02,3.08,3.01,3.04,506046.82,154670.215
000403.SZ,20250819,18.03,18.14,17.85,17.88,129178.79,232123.828
000404.SZ,20250819,7.51,7.68,7.49,7.62,155359.5,117741.866
000407.SZ,20250819,3.49,3.57,3.48,3.57,171898.88,60672.962
000408.SZ,20250819,49.69,50.43,49.69,49.84,88670.5,443625.083
000409.SZ,20250819,13.25,13.5,13.03,13.4,480433.33,638828.241
000410.SZ,20250819,6.73,6.85,6.7,6.84,256782.48,174147.465
000411.SZ,20250819,11.3,11.47,11.3,11.39,61317.16,69829.865
000415.SZ,20250819,3.59,3.6,3.54,3.56,790607.4,281943.493
000417.SZ,20250819,6.04,6.2,6.03,6.1,452417.97,276432.195
000419.SZ,20250819,5.8,5.85,5.77,5.85,132813.22,77270.44
000420.SZ,20250819,4.26,4.27,4.18,4.22,885341.91,373610.27
000421.SZ,20250819,6.63,6.68,6.55,6.67,94273.01,62586.621
000422.SZ,20250819,13.43,13.55,13.26,13.3,241965.45,323356.851
000423.SZ,20250819,50.42,51.1,50.3,50.68,75894.3,384682.313
000425.SZ,20250819,8.65,8.66,8.5,8.54,782403.77,668701.888
000426.SZ,20250819,20.46,20.93,19.72,19.95,490234.08,989862.717
000428.SZ,20250819,3.43,3.47,3.41,3.46,236242.07,81376.09
000429.SZ,20250819,12.16,12.16,12.05,12.08,65733.99,79528.84
000430.SZ,20250819,7.26,7.28,7.22,7.24,47682.0,34550.613
000488.SZ,20250819,2.28,2.29,2.26,2.26,297396.51,67522.933
000498.SZ,20250819,6.01,6.02,5.98,5.99,106768.98,64005.479
000501.SZ,20250819,12.11,12.67,11.88,12.56,954750.54,1168888.035
000503.SZ,20250819,11.04,11.28,11.0,11.13,294558.73,327875.942
000504.SZ,20250819,10.19,10.51,10.03,10.07,84651.56,87021.305
000505.SZ,20250819,6.71,6.78,6.69,6.75,107157.0,72273.293
000506.SZ,20250819,9.8,9.88,9.55,9.77,332405.51,322786.364
000507.SZ,20250819,5.58,5.6,5.55,5.6,133041.73,74094.971
000509.SZ,20250819,3.44,3.46,3.39,3.46,143264.0,49110.721
000510.SZ,20250819,5.26,5.39,5.23,5.37,508592.82,270988.597
000513.SZ,20250819,40.87,42.0,40.76,40.8,123484.45,510041.512
000514.SZ,20250819,5.75,5.95,5.75,5.86,714454.01,418587.931
000516.SZ,20250819,5.43,5.51,5.4,5.44,393320.98,215049.924
000517.SZ,20250819,1.95,1.98,1.94,1.97,246372.84,48469.463
000518.SZ,20250819,2.25,2.26,2.23,2.24,116085.67,26030.904
000519.SZ,20250819,22.75,22.78,22.21,22.31,708578.19,1581740.442
000520.SZ,20250819,4.84,4.85,4.8,4.84,172504.71,83218.794
000521.SZ,20250819,7.38,7.7,7.37,7.63,389339.8,295338.699
000523.SZ,20250819,3.29,3.32,3.28,3.3,165551.99,54679.282
000524.SZ,20250819,12.82,13.36,12.72,13.18,310667.47,406696.57
000525.SZ,20250819,6.95,7.07,6.91,6.93,276242.05,192317.497
000526.SZ,20250819,51.58,51.99,51.19,51.4,23902.27,123285.676
000528.SZ,20250819,11.22,11.25,11.05,11.07,450745.5,501400.872
000529.SZ,20250819,6.15,6.23,6.11,6.21,68861.4,42646.093
000530.SZ,20250819,6.66,6.87,6.63,6.78,564615.46,383072.589
000531.SZ,20250819,6.46,6.52,6.41,6.49,99183.72,64290.436
000532.SZ,20250819,16.21,16.8,16.16,16.35,185878.81,304635.605
000533.SZ,20250819,7.9,8.13,7.78,8.01,899898.68,716324.809
000534.SZ,20250819,16.65,17.24,16.47,16.74,270150.69,455168.259
000536.SZ,20250819,4.9,5.13,4.89,5.06,1647477.08,828410.911
000537.SZ,20250819,9.03,9.12,8.98,9.01,170849.01,154444.849
000538.SZ,20250819,57.12,57.3,56.43,56.53,131385.66,746214.038
000539.SZ,20250819,4.72,4.73,4.69,4.7,191352.0,90103.755
000541.SZ,20250819,6.93,7.45,6.93,7.13,1019005.05,735690.472
000543.SZ,20250819,7.1,7.12,7.09,7.1,183077.43,130008.207
000544.SZ,20250819,8.41,8.47,8.4,8.45,54824.41,46280.978
000545.SZ,20250819,3.15,3.22,3.08,3.16,821997.51,260102.866
000546.SZ,20250819,5.24,5.29,5.2,5.27,196618.0,103155.679
000547.SZ,20250819,8.67,8.68,8.55,8.6,457679.98,393620.435
000548.SZ,20250819,5.59,5.63,5.54,5.63,79774.92,44665.521
000550.SZ,20250819,21.27,21.55,21.27,21.54,63829.38,137126.549
000551.SZ,20250819,12.3,12.31,11.86,12.13,208558.22,251197.151
000552.SZ,20250819,2.52,2.53,2.51,2.52,273646.0,68981.756
000553.SZ,20250819,6.84,6.96,6.81,6.91,73203.02,50377.233
000554.SZ,20250819,6.89,6.91,6.83,6.9,149202.38,102646.319
000555.SZ,20250819,13.66,13.84,13.62,13.63,313432.28,430252.85
000557.SZ,20250819,5.63,5.66,5.52,5.57,124899.35,69862.068
000558.SZ,20250819,5.9,6.01,5.84,5.87,1589109.11,942157.582
000559.SZ,20250819,7.99,8.26,7.83,8.13,950356.72,766792.67
000560.SZ,20250819,3.01,3.09,3.01,3.06,1930984.23,587165.571
000561.SZ,20250819,16.0,16.1,14.5,14.92,1568103.35,2362239.238
000563.SZ,20250819,3.74,3.78,3.7,3.75,1080177.03,403900.772
000564.SZ,20250819,2.32,2.48,2.31,2.39,8045181.51,1931498.751
000565.SZ,20250819,8.7,8.8,8.6,8.78,251461.97,219465.722
000566.SZ,20250819,6.32,6.5,6.3,6.45,640815.6,412484.442
000567.SZ,20250819,6.85,6.95,6.78,6.89,377558.65,259075.34
000568.SZ,20250819,124.8,128.57,124.25,126.4,150263.08,1912980.891
000570.SZ,20250819,5.93,6.27,5.92,6.16,384533.96,236179.007
000571.SZ,20250819,4.41,4.55,4.37,4.53,157309.97,70630.199
000572.SZ,20250819,4.52,4.54,4.46,4.52,416002.23,187523.715
000573.SZ,20250819,4.18,4.29,4.18,4.28,278566.0,118466.214
000576.SZ,20250819,11.4,11.4,11.13,11.16,224892.98,251562.485
000581.SZ,20250819,20.53,20.63,20.2,20.48,220140.39,449404.249
000582.SZ,20250819,8.3,8.35,8.28,8.33,179032.65,148812.752
000586.SZ,20250819,12.29,12.52,12.15,12.49,100451.01,124478.715
000589.SZ,20250819,4.59,4.6,4.57,4.58,197744.13,90604.593
000590.SZ,20250819,12.5,12.76,12.43,12.46,117115.21,147020.115
000591.SZ,20250819,4.53,4.53,4.48,4.5,313229.78,141037.973
000592.SZ,20250819,3.06,3.11,3.04,3.08,1066764.0,328186.393
000593.SZ,20250819,6.64,6.77,6.56,6.72,112672.0,75194.039
000595.SZ,20250819,4.98,5.0,4.93,4.96,112982.0,55956.191
000596.SZ,20250819,148.0,154.8,147.51,153.98,70210.9,1071138.592
000597.SZ,20250819,5.85,5.98,5.84,5.88,327164.51,193120.039
000598.SZ,20250819,6.97,6.98,6.91,6.92,260988.1,180928.147
000599.SZ,20250819,5.03,5.08,5.0,5.05,122714.01,61917.845
000600.SZ,20250819,7.43,7.55,7.4,7.5,448794.51,335883.01
000601.SZ,20250819,5.26,5.32,5.24,5.31,289559.08,153314.055
000603.SZ,20250819,15.9,16.0,15.82,15.95,111327.24,177053.507
000605.SZ,20250819,7.21,7.34,7.17,7.29,90099.2,65492.085
000607.SZ,20250819,4.64,4.65,4.6,4.62,306790.0,141900.453
000608.SZ,20250819,1.86,1.89,1.85,1.87,141705.63,26490.283
000609.SZ,20250819,3.29,3.32,3.24,3.3,91476.0,29919.45
000610.SZ,20250819,13.09,13.09,12.85,12.93,117266.25,151786.931
000612.SZ,20250819,9.09,9.32,9.06,9.17,365638.41,336417.097
000615.SZ,20250819,3.2,3.29,3.18,3.26,121845.22,39543.064
000617.SZ,20250819,8.84,9.72,8.66,9.72,5979916.62,5610400.482
000619.SZ,20250819,6.26,6.41,6.25,6.41,106807.35,67696.295
000620.SZ,20250819,1.63,1.66,1.62,1.65,991723.79,163376.955
000623.SZ,20250819,20.01,20.14,19.82,19.88,213297.65,426262.835
000625.SZ,20250819,13.05,13.06,12.92,12.97,888585.56,1152723.837
000626.SZ,20250819,7.0,7.14,6.97,7.11,68870.02,48669.951
000628.SZ,20250819,56.89,59.74,56.44,57.25,307705.56,1776128.486
000629.SZ,20250819,2.76,2.77,2.73,2.74,786718.69,216069.857
000630.SZ,20250819,4.27,4.29,4.09,4.11,4452944.6,1858367.712
000631.SZ,20250819,2.99,3.04,2.97,3.02,167860.84,50558.058
000632.SZ,20250819,3.97,4.09,3.92,4.06,222091.18,89585.658
000633.SZ,20250819,6.9,7.1,6.88,7.03,259911.47,181698.1
000635.SZ,20250819,9.0,9.19,8.96,9.12,66602.09,60580.042
000636.SZ,20250819,14.89,14.94,14.7,14.8,194150.22,287126.616
000637.SZ,20250819,4.16,4.24,4.11,4.23,134657.01,56632.791
000638.SZ,20250819,4.45,4.53,4.37,4.48,116407.07,51734.068
000639.SZ,20250819,3.24,3.3,3.22,3.28,379931.17,124302.177
000650.SZ,20250819,5.78,5.88,5.77,5.8,296875.68,173131.389
000651.SZ,20250819,47.78,48.15,46.85,47.06,634121.26,2990236.717
000652.SZ,20250819,4.5,4.77,4.49,4.66,720175.43,337139.278
000655.SZ,20250819,8.68,8.8,8.66,8.75,123745.76,108224.765
000656.SZ,20250819,1.4,1.41,1.38,1.39,1138656.96,158253.805
000657.SZ,20250819,18.02,19.9,17.91,19.1,1673478.71,3182023.32
000659.SZ,20250819,2.92,2.94,2.87,2.93,268000.41,77965.989
000661.SZ,20250819,103.1,104.09,102.85,103.14,51480.63,532498.836
000663.SZ,20250819,6.87,7.0,6.8,6.96,70699.51,48790.334
000665.SZ,20250819,6.02,6.05,5.89,5.91,604458.64,359716.482
000668.SZ,20250819,9.12,9.47,9.04,9.47,32309.0,30143.069
000669.SZ,20250819,3.34,3.34,3.18,3.18,228062.02,73586.087
000670.SZ,20250819,8.19,8.33,8.13,8.21,675208.0,553871.285
000672.SZ,20250819,9.08,9.13,9.03,9.06,104088.83,94409.536
000676.SZ,20250819,9.12,9.98,9.05,9.62,1568777.39,1500151.176
000677.SZ,20250819,5.68,5.68,5.51,5.64,361219.51,201604.579
000678.SZ,20250819,16.21,16.79,15.91,16.46,602577.33,989500.82
000679.SZ,20250819,9.91,10.15,9.42,10.14,276104.3,269869.793
000680.SZ,20250819,9.9,9.97,9.8,9.81,286920.02,283116.779
000681.SZ,20250819,21.29,22.22,21.03,21.54,583151.15,1261812.79
000682.SZ,20250819,10.89,10.93,10.78,10.82,144179.51,156267.422
000683.SZ,20250819,5.89,5.91,5.74,5.76,604920.43,351412.56
000685.SZ,20250819,10.25,10.35,10.07,10.11,117070.57,119272.973
000686.SZ,20250819,8.76,8.79,8.65,8.68,367424.91,320082.006
000688.SZ,20250819,14.26,14.38,14.08,14.09,95480.35,135320.127
000690.SZ,20250819,4.78,4.81,4.75,4.77,423752.86,202650.986
000691.SZ,20250819,6.85,7.3,6.8,7.3,161987.01,116371.312
000692.SZ,20250819,3.58,3.66,3.56,3.65,114787.96,41504.641
000695.SZ,20250819,11.93,12.15,11.82,12.06,80035.43,96008.467
000697.SZ,20250819,8.13,8.41,8.1,8.32,120157.64,99385.644
000698.SZ,20250819,4.12,4.19,4.08,4.18,153907.54,63935.095
000700.SZ,20250819,9.4,9.58,9.22,9.46,885440.73,830797.784
000701.SZ,20250819,6.18,6.21,6.12,6.15,238808.86,147082.194
000702.SZ,20250819,7.94,8.02,7.86,8.0,193664.99,154241.335
000703.SZ,20250819,6.17,6.21,6.04,6.05,231025.0,140732.216
000705.SZ,20250819,9.41,9.58,9.41,9.56,169682.02,161892.665
000707.SZ,20250819,6.63,6.63,6.5,6.54,121833.43,79653.933
000708.SZ,20250819,12.5,12.68,12.47,12.55,195540.44,245810.027
000709.SZ,20250819,2.37,2.39,2.35,2.36,713911.6,169184.742
000710.SZ,20250819,14.65,14.79,14.53,14.6,211131.0,309895.621
000711.SZ,20250819,1.8,1.82,1.78,1.81,595100.94,107082.325
000712.SZ,20250819,15.23,15.46,15.13,15.27,430879.78,658374.297
000713.SZ,20250819,7.17,7.21,7.15,7.18,121298.73,87066.647
000715.SZ,20250819,6.13,6.19,6.09,6.17,115886.49,71314.375
000716.SZ,20250819,6.53,6.88,6.48,6.7,641015.23,428094.032
000717.SZ,20250819,2.83,2.89,2.81,2.83,396318.06,112707.6
000718.SZ,20250819,2.24,2.29,2.23,2.28,453280.45,102976.883
000719.SZ,20250819,13.13,13.15,12.97,13.04,44762.43,58280.158
000720.SZ,20250819,3.6,3.64,3.57,3.64,130768.91,47294.616
000721.SZ,20250819,9.02,9.05,8.88,8.95,232454.49,208460.762
000722.SZ,20250819,13.0,13.04,12.68,12.79,167615.16,214767.116
000723.SZ,20250819,4.63,4.79,4.6,4.72,1062619.07,500369.185
000725.SZ,20250819,3.95,3.96,3.92,3.93,4599047.95,1811213.49
000726.SZ,20250819,7.05,7.31,7.04,7.26,186234.37,133792.504
000727.SZ,20250819,2.56,2.61,2.52,2.58,1590511.39,409735.619
000728.SZ,20250819,9.11,9.14,8.98,9.01,576679.61,521738.757
000729.SZ,20250819,12.22,12.29,12.15,12.2,357761.87,437152.523
000731.SZ,20250819,7.21,7.22,7.17,7.2,76937.77,55301.385
000733.SZ,20250819,50.46,50.87,49.81,50.21,158941.48,797827.482
000735.SZ,20250819,6.35,6.41,6.34,6.37,263594.02,168003.786
000736.SZ,20250819,4.86,4.98,4.84,4.93,129673.98,63931.319
000737.SZ,20250819,11.52,11.54,11.3,11.35,818988.38,933346.147
000738.SZ,20250819,20.87,20.88,20.5,20.6,121961.01,251579.303
000739.SZ,20250819,16.49,16.76,16.26,16.3,154559.97,254886.726
000750.SZ,20250819,4.59,4.63,4.51,4.53,1656404.28,754117.367
000751.SZ,20250819,3.36,3.41,3.36,3.39,311368.14,105244.873
000752.SZ,20250819,11.18,11.41,11.04,11.41,47048.2,52704.903
000753.SZ,20250819,5.62,6.1,5.58,5.98,821542.28,482926.316
000755.SZ,20250819,4.92,4.95,4.9,4.94,78481.11,38632.512
000756.SZ,20250819,16.59,16.93,16.53,16.65,173218.78,290408.551
000757.SZ,20250819,4.92,5.04,4.87,5.03,134773.92,66964.542
000758.SZ,20250819,6.2,6.3,6.17,6.21,940609.31,584820.593
000759.SZ,20250819,7.47,7.55,7.45,7.53,327444.73,245904.163
000761.SZ,20250819,3.7,3.74,3.67,3.68,160762.53,59433.215
000762.SZ,20250819,22.58,22.7,22.3,22.6,142685.82,321528.52
000766.SZ,20250819,23.32,23.45,23.06,23.06,176115.0,409170.307
000767.SZ,20250819,3.01,3.03,3.0,3.0,272197.41,81910.533
000768.SZ,20250819,28.0,28.12,27.72,28.02,281965.52,786468.81
000776.SZ,20250819,20.7,21.0,20.62,20.71,573379.35,1190661.058
000777.SZ,20250819,21.25,21.28,20.97,21.03,108945.45,229683.192
000778.SZ,20250819,3.73,3.74,3.7,3.71,300305.73,111516.6
000779.SZ,20250819,9.42,9.49,9.39,9.46,78846.0,74520.823
000782.SZ,20250819,5.42,5.55,5.35,5.42,667407.02,364230.836
000783.SZ,20250819,8.06,8.12,7.97,8.0,1022394.9,821710.951
000785.SZ,20250819,2.96,2.97,2.94,2.95,838323.98,247721.195
000786.SZ,20250819,26.61,26.78,26.27,26.68,236066.62,625404.844
000788.SZ,20250819,6.36,6.54,6.36,6.46,295090.11,191259.351
000789.SZ,20250819,6.09,6.1,6.04,6.06,109382.64,66362.102
000790.SZ,20250819,4.2,4.3,4.18,4.24,212282.36,90447.044
000791.SZ,20250819,6.46,6.49,6.42,6.43,206642.5,133340.895
000792.SZ,20250819,19.19,19.34,19.06,19.11,489236.73,937467.041
000793.SZ,20250819,2.58,2.59,2.56,2.57,239947.61,61594.831
000795.SZ,20250819,11.95,12.25,11.86,12.05,808226.18,973823.5
000796.SZ,20250819,5.29,5.55,5.24,5.4,2269097.74,1233663.454
000797.SZ,20250819,2.78,2.82,2.76,2.79,273960.05,76500.825
000798.SZ,20250819,8.29,8.41,8.2,8.31,109547.0,91000.235
000799.SZ,20250819,52.68,57.7,52.6,57.7,317006.87,1800739.983
000800.SZ,20250819,7.06,7.09,7.03,7.07,121913.96,86084.093
000801.SZ,20250819,18.16,18.23,17.55,17.86,350363.32,626191.925
000802.SZ,20250819,5.0,5.01,4.91,4.97,374997.4,185425.923
000803.SZ,20250819,7.47,7.55,7.35,7.4,167893.32,124849.136
000807.SZ,20250819,17.32,17.56,17.15,17.22,262354.86,453602.134
000809.SZ,20250819,2.91,2.97,2.88,2.95,139395.95,40944.942
000810.SZ,20250819,12.23,12.64,12.17,12.47,509743.34,634761.028
000811.SZ,20250819,14.93,15.0,14.0,14.03,778529.48,1113401.693
000812.SZ,20250819,4.96,5.13,4.91,5.07,593805.7,299184.466
000813.SZ,20250819,4.21,4.27,4.11,4.13,925413.99,387559.025
000815.SZ,20250819,14.86,15.2,14.52,14.73,725469.79,1076093.82
000816.SZ,20250819,3.16,3.22,3.15,3.2,581854.95,185588.962
000818.SZ,20250819,23.7,23.95,23.36,23.45,350248.43,826188.563
000819.SZ,20250819,16.34,16.83,16.1,16.68,114295.41,188665.584
000820.SZ,20250819,2.74,2.74,2.69,2.7,55698.0,15079.955
000821.SZ,20250819,12.17,12.22,12.09,12.16,146598.05,178352.548
000822.SZ,20250819,5.97,5.99,5.92,5.95,172735.74,102891.965
000823.SZ,20250819,13.92,14.0,13.66,13.83,386538.65,535306.566
000825.SZ,20250819,4.18,4.19,4.13,4.15,379866.12,157921.657
000826.SZ,20250819,2.01,2.02,1.99,2.01,477642.01,95966.245
000828.SZ,20250819,11.22,11.27,11.1,11.15,74051.46,82951.297
000829.SZ,20250819,10.51,10.6,10.44,10.52,199493.97,209987.528
000830.SZ,20250819,12.18,12.25,11.94,11.96,202720.92,243875.624
000831.SZ,20250819,44.8,47.25,44.45,46.18,1190481.78,5456377.923
000833.SZ,20250819,12.38,12.48,12.22,12.46,267022.64,330189.384
000837.SZ,20250819,12.95,13.36,12.75,13.19,558622.9,731929.283
000838.SZ,20250819,2.84,2.89,2.82,2.87,251527.6,72047.387
000839.SZ,20250819,2.73,2.75,2.7,2.73,406946.73,111147.032
000848.SZ,20250819,8.88,8.9,8.82,8.89,151709.72,134403.068
000850.SZ,20250819,4.63,4.68,4.6,4.67,151731.5,70559.58
000851.SZ,20250819,1.55,1.55,1.55,1.55,6268.0,971.54
000852.SZ,20250819,6.92,6.97,6.89,6.92,132669.89,91907.109
000856.SZ,20250819,12.0,12.52,11.96,12.32,224587.0,275564.892
000858.SZ,20250819,123.77,125.75,123.77,124.41,327241.62,4087820.978
000859.SZ,20250819,7.14,7.17,7.04,7.12,277343.55,197008.61
000860.SZ,20250819,15.95,16.29,15.9,16.13,249730.02,403196.228
000862.SZ,20250819,5.6,5.61,5.57,5.6,107985.76,60373.818
000863.SZ,20250819,3.51,3.56,3.51,3.54,255473.28,90354.33
000868.SZ,20250819,5.8,5.85,5.75,5.84,181087.98,105262.784
000869.SZ,20250819,21.62,21.84,21.55,21.78,23060.99,50151.655
000875.SZ,20250819,5.33,5.35,5.26,5.28,413592.0,218764.288
000876.SZ,20250819,9.74,9.9,9.71,9.83,443899.52,436157.154
000877.SZ,20250819,5.73,5.79,5.64,5.74,612009.27,349692.567
000878.SZ,20250819,13.87,13.95,13.64,13.76,595704.58,821465.79
000880.SZ,20250819,57.05,57.57,52.65,53.21,336629.4,1864910.3
000881.SZ,20250819,8.0,8.03,7.85,7.92,170151.7,134801.954
000882.SZ,20250819,1.99,2.01,1.98,1.99,1172944.13,233909.241
000883.SZ,20250819,4.58,4.6,4.58,4.58,122210.0,56077.287
000885.SZ,20250819,14.85,15.14,14.83,15.05,76019.76,113874.174
000886.SZ,20250819,6.68,6.78,6.63,6.73,259463.25,173840.438
000887.SZ,20250819,22.08,22.86,20.9,21.94,1758219.8,3818679.56
000888.SZ,20250819,13.95,13.96,13.8,13.81,143604.0,199009.582
000889.SZ,20250819,3.95,3.98,3.88,3.9,297446.75,116527.459
000890.SZ,20250819,4.29,4.35,4.21,4.34,216879.1,93451.513
000892.SZ,20250819,5.39,5.78,5.08,5.33,1918813.66,1025976.163
000893.SZ,20250819,30.97,31.12,30.73,30.76,77849.13,240300.349
000895.SZ,20250819,25.15,25.23,25.01,25.22,133366.8,335095.298
000897.SZ,20250819,2.41,2.47,2.4,2.43,437850.74,106793.91
000898.SZ,20250819,2.7,2.74,2.67,2.69,481528.75,130175.806
000899.SZ,20250819,9.49,9.63,9.46,9.48,173266.85,165009.076
000900.SZ,20250819,4.34,4.38,4.33,4.36,114763.54,50055.581
000901.SZ,20250819,19.97,19.97,19.08,19.1,1302239.59,2527936.237
000902.SZ,20250819,14.12,14.22,14.03,14.06,148110.31,208772.092
000903.SZ,20250819,3.1,3.1,3.06,3.09,648687.47,199814.689
000905.SZ,20250819,8.2,8.46,8.16,8.31,219925.17,182747.067
000906.SZ,20250819,6.57,6.67,6.54,6.64,126713.71,83707.553
000908.SZ,20250819,5.73,5.83,5.73,5.75,107756.9,62223.302
000909.SZ,20250819,6.28,6.3,6.2,6.3,35270.42,22027.044
000910.SZ,20250819,7.81,7.99,7.72,7.91,78039.27,61428.772
000911.SZ,20250819,8.13,8.17,7.93,7.96,170350.76,136619.27
000912.SZ,20250819,4.49,4.52,4.48,4.52,145276.0,65420.22
000913.SZ,20250819,17.06,17.17,16.85,16.92,82112.67,139526.695
000915.SZ,20250819,34.1,34.38,33.92,34.04,55669.32,190049.204
000917.SZ,20250819,7.83,7.88,7.77,7.83,388867.51,304667.474
000919.SZ,20250819,7.12,7.29,7.12,7.23,232628.01,168231.31
000920.SZ,20250819,11.27,11.46,11.19,11.36,97335.02,110166.824
000921.SZ,20250819,24.59,24.66,24.34,24.45,119079.36,291545.258
000922.SZ,20250819,12.36,12.68,12.28,12.3,263126.86,326828.009
000923.SZ,20250819,14.39,14.45,14.28,14.35,82932.0,119063.166
000925.SZ,20250819,8.16,8.21,8.09,8.17,167668.2,136895.935
000926.SZ,20250819,3.1,3.12,3.02,3.02,570474.57,174805.872
000927.SZ,20250819,2.73,2.74,2.71,2.72,479069.27,130493.463
000928.SZ,20250819,6.68,6.75,6.64,6.65,369862.37,247077.617
000929.SZ,20250819,8.16,8.22,8.12,8.17,34072.0,27809.704
000930.SZ,20250819,6.38,6.39,6.25,6.25,327253.47,205960.581
000931.SZ,20250819,5.47,5.54,5.44,5.53,140920.99,77628.038
000932.SZ,20250819,5.66,5.86,5.57,5.6,1526416.41,871084.742
000933.SZ,20250819,19.22,19.8,19.13,19.24,359582.36,697139.177
000935.SZ,20250819,20.01,20.3,19.89,19.99,159877.26,320940.378
000936.SZ,20250819,7.55,7.58,7.46,7.53,208695.37,156736.923
000937.SZ,20250819,6.1,6.1,6.05,6.05,174674.23,106025.468
000938.SZ,20250819,26.61,26.62,26.12,26.2,824460.1,2169788.041
000948.SZ,20250819,20.7,20.88,20.52,20.62,208616.54,432349.744
000949.SZ,20250819,4.02,4.05,4.0,4.03,360869.49,145301.205
000950.SZ,20250819,5.37,5.46,5.36,5.42,332530.0,180135.77
000951.SZ,20250819,18.16,18.35,18.15,18.17,145402.4,265342.96
000952.SZ,20250819,6.8,6.99,6.75,6.93,66004.73,45601.482
000953.SZ,20250819,7.58,7.72,7.52,7.53,279666.0,212386.648
000955.SZ,20250819,4.96,5.01,4.92,4.98,147161.0,73134.856
000957.SZ,20250819,11.14,11.14,11.01,11.11,132916.02,147462.652
000958.SZ,20250819,6.99,7.06,6.92,6.99,626397.67,437128.993
000959.SZ,20250819,4.12,4.19,4.12,4.15,332490.56,138366.15
000960.SZ,20250819,18.35,18.54,18.16,18.38,238965.85,438644.981
000962.SZ,20250819,21.56,22.25,20.7,21.05,495766.88,1057876.39
000963.SZ,20250819,44.44,47.36,44.44,45.93,260202.76,1204351.833
000965.SZ,20250819,4.57,4.75,4.57,4.61,939408.79,435892.1
000966.SZ,20250819,4.53,4.57,4.52,4.54,290489.56,131953.582
000967.SZ,20250819,7.17,7.25,7.07,7.07,337133.35,240179.003
000968.SZ,20250819,7.19,7.19,7.15,7.16,108443.5,77754.871
000969.SZ,20250819,13.85,14.09,13.85,13.96,371439.06,518686.918
000970.SZ,20250819,15.01,15.42,14.95,15.17,1196149.88,1819059.582
000972.SZ,20250819,3.77,3.9,3.74,3.83,277368.82,105983.32
000973.SZ,20250819,7.22,7.26,7.09,7.12,443522.45,316396.624
000975.SZ,20250819,18.08,18.12,17.95,18.06,329239.09,593710.947
000977.SZ,20250819,60.75,60.77,59.47,59.95,821713.85,4929158.862
000978.SZ,20250819,6.43,6.53,6.41,6.49,97167.03,62904.356
000980.SZ,20250819,2.43,2.46,2.33,2.39,2181891.8,521468.677
000981.SZ,20250819,2.08,2.12,2.06,2.1,4375906.41,916169.213
000983.SZ,20250819,7.22,7.25,7.18,7.24,471777.13,340211.762
000985.SZ,20250819,18.88,19.1,18.76,19.07,17345.01,32839.349
000987.SZ,20250819,7.93,8.17,7.79,8.03,937138.62,744857.059
000988.SZ,20250819,52.49,54.44,52.28,52.83,539225.71,2873603.985
000989.SZ,20250819,12.26,12.71,12.02,12.02,618376.65,760293.093
000990.SZ,20250819,7.91,8.17,7.85,8.07,367289.84,296034.982
000993.SZ,20250819,10.7,10.82,10.7,10.79,128918.9,138871.0
000995.SZ,20250819,14.68,16.01,14.6,15.34,284085.58,435961.996
000997.SZ,20250819,29.28,29.74,29.01,29.05,260911.41,763293.186
000998.SZ,20250819,9.98,9.99,9.93,9.94,161014.47,160199.627
000999.SZ,20250819,30.3,30.44,30.2,30.27,193124.87,585283.801
001201.SZ,20250819,16.53,16.62,16.44,16.53,29721.71,49135.988
001202.SZ,20250819,17.03,17.03,15.01,15.42,253203.89,402734.203
001203.SZ,20250819,12.11,12.14,11.88,11.91,142618.52,170868.424
001205.SZ,20250819,16.45,16.64,16.34,16.53,39846.11,65725.426
001206.SZ,20250819,25.65,26.36,25.52,25.86,53287.5,138213.97
001207.SZ,20250819,26.06,26.18,25.83,26.0,45712.42,118816.547
001208.SZ,20250819,12.57,12.67,12.36,12.61,140589.0,175931.3
001209.SZ,20250819,18.12,18.94,18.01,18.73,40954.8,76259.293
001210.SZ,20250819,15.35,15.49,15.2,15.42,32325.24,49524.072
001211.SZ,20250819,24.64,25.09,24.39,25.09,14679.0,36446.62
001212.SZ,20250819,54.25,57.38,53.73,55.57,179341.6,989766.341
001213.SZ,20250819,4.25,4.27,4.23,4.25,168297.16,71507.961
001215.SZ,20250819,28.9,30.18,28.9,29.98,71480.2,211967.164
001216.SZ,20250819,14.61,14.68,14.51,14.6,58987.56,86062.173
001217.SZ,20250819,11.76,11.8,11.65,11.75,47035.14,55148.499
001218.SZ,20250819,18.99,19.38,18.89,19.38,17327.16,33192.979
001219.SZ,20250819,14.15,14.44,14.14,14.42,52189.2,74830.849
001221.SZ,20250819,48.49,49.84,48.45,48.58,52858.4,258953.505
001222.SZ,20250819,20.85,21.85,20.73,21.62,47961.37,102958.85
001223.SZ,20250819,47.59,47.81,46.7,47.13,12603.4,59459.548
001225.SZ,20250819,40.35,40.57,40.01,40.23,9734.0,39202.268
001226.SZ,20250819,35.66,35.79,35.38,35.58,15882.5,56500.197
001227.SZ,20250819,2.48,2.49,2.46,2.47,579725.0,143296.917
001228.SZ,20250819,25.51,25.85,25.25,25.85,15894.0,40663.6
001229.SZ,20250819,34.5,34.8,34.06,34.39,26557.4,91519.009
001230.SZ,20250819,26.81,27.77,26.32,27.3,49541.17,134984.762
001231.SZ,20250819,21.36,21.75,21.13,21.73,17365.11,37286.812
001234.SZ,20250819,23.45,23.66,23.13,23.62,30341.25,71218.273
001236.SZ,20250819,13.3,14.0,13.03,13.52,611686.45,820436.284
001238.SZ,20250819,45.65,47.33,45.47,47.19,9417.5,43801.684
001239.SZ,20250819,17.23,17.32,17.08,17.28,56485.74,97198.314
001255.SZ,20250819,34.5,34.56,33.93,34.47,15046.0,51612.234
001256.SZ,20250819,24.91,24.91,24.1,24.58,40210.0,98580.953
001258.SZ,20250819,7.19,7.19,7.12,7.17,90608.11,64844.671
001259.SZ,20250819,26.53,28.19,26.3,27.79,23932.08,65866.406
001260.SZ,20250819,20.27,20.88,20.08,20.66,23823.0,48993.371
001266.SZ,20250819,29.21,30.65,28.91,30.44,39478.12,118263.536
001267.SZ,20250819,13.36,14.55,13.2,14.36,885181.24,1258417.609
001268.SZ,20250819,35.4,35.97,34.8,35.37,33193.95,117310.138
001269.SZ,20250819,29.62,30.1,29.3,29.4,85339.6,252315.607
001270.SZ,20250819,43.32,43.89,43.15,43.43,39409.28,171064.686
001277.SZ,20250819,56.5,57.3,53.33,54.2,39624.26,218243.152
001278.SZ,20250819,18.81,18.98,18.69,18.96,41507.0,78246.24
001279.SZ,20250819,40.1,40.8,39.92,40.55,24512.65,99153.016
001282.SZ,20250819,21.21,21.99,20.97,21.69,81278.15,174622.385
001283.SZ,20250819,79.0,79.19,75.75,76.22,88770.23,683264.901
001286.SZ,20250819,9.28,9.3,9.24,9.26,85193.42,78962.265
001287.SZ,20250819,22.25,22.99,21.94,22.87,605040.89,1361358.267
001288.SZ,20250819,23.52,24.32,23.33,23.97,47863.19,114200.392
001289.SZ,20250819,16.62,16.75,16.59,16.64,54378.25,90584.795
001296.SZ,20250819,20.92,21.88,20.69,21.37,97395.2,207535.679
001298.SZ,20250819,34.42,37.5,34.2,35.08,649215.09,2306566.028
001299.SZ,20250819,12.41,12.56,12.2,12.47,35043.0,43540.056
001300.SZ,20250819,13.15,13.4,12.92,13.37,49709.08,66056.845
001301.SZ,20250819,55.3,55.4,54.18,54.48,50896.0,278277.009
001306.SZ,20250819,99.58,110.57,97.79,110.57,49190.93,515505.013
001308.SZ,20250819,24.55,25.79,24.55,25.03,76557.45,192874.455
001309.SZ,20250819,92.0,93.72,89.0,91.02,100023.84,915900.828
001311.SZ,20250819,24.19,24.19,23.62,23.8,50713.58,120709.649
001313.SZ,20250819,7.7,7.71,7.62,7.71,79267.0,60893.697
001314.SZ,20250819,53.29,55.8,52.7,54.42,119741.0,647776.231
001316.SZ,20250819,36.9,37.01,36.07,36.54,44531.57,161848.86
001317.SZ,20250819,47.29,48.49,46.53,47.22,42516.0,200881.273
001318.SZ,20250819,14.53,14.68,14.37,14.43,152137.0,220339.426
001319.SZ,20250819,28.42,28.94,27.83,28.61,46396.29,131953.472
001322.SZ,20250819,9.01,9.08,8.94,9.08,31722.0,28599.888
001323.SZ,20250819,32.4,32.72,32.13,32.18,8151.49,26318.642
001324.SZ,20250819,22.6,22.87,22.17,22.28,64207.68,144002.586
001326.SZ,20250819,35.74,36.18,35.39,36.18,9291.48,33360.654
001328.SZ,20250819,44.3,45.73,43.53,45.12,25760.16,115099.633
001330.SZ,20250819,4.88,4.96,4.8,4.91,302162.0,147742.569
001331.SZ,20250819,12.7,12.77,12.51,12.61,102827.65,129586.487
001332.SZ,20250819,38.8,39.44,38.66,39.16,10010.75,39099.495
001333.SZ,20250819,22.6,22.73,22.38,22.56,21524.0,48568.179
001335.SZ,20250819,40.8,40.8,39.71,40.2,20199.17,81111.867
001336.SZ,20250819,23.27,23.77,22.92,23.77,17291.68,40588.772
001337.SZ,20250819,23.26,23.34,23.22,23.28,45755.64,106476.047
001338.SZ,20250819,11.8,11.99,11.8,11.98,111310.45,132643.426
001339.SZ,20250819,59.18,61.55,58.18,60.33,206522.85,1237509.767
001356.SZ,20250819,14.95,14.99,14.84,14.98,70402.72,105120.061
001358.SZ,20250819,24.62,24.84,24.5,24.68,15000.02,36986.087
001359.SZ,20250819,51.9,53.33,49.71,50.35,84387.62,431765.266
001360.SZ,20250819,15.86,15.92,15.73,15.85,43865.86,69396.291
001366.SZ,20250819,12.78,13.29,12.68,13.13,50939.6,66516.575
001367.SZ,20250819,26.73,27.24,26.4,26.72,45607.31,122301.709
001368.SZ,20250819,25.68,25.77,25.41,25.7,20580.0,52761.201
001373.SZ,20250819,32.68,33.13,32.23,33.08,15381.0,50332.412
001376.SZ,20250819,12.22,12.23,12.15,12.19,57584.35,70169.921
001378.SZ,20250819,23.01,23.22,22.83,23.13,23467.42,54040.283
001379.SZ,20250819,22.97,23.0,22.38,22.43,66525.48,149791.678
001380.SZ,20250819,24.2,24.2,23.57,24.06,84202.92,201137.917
001382.SZ,20250819,21.93,22.03,21.77,21.87,46125.02,100910.367
001387.SZ,20250819,14.59,14.73,14.47,14.7,36236.11,52983.947
001388.SZ,20250819,47.85,48.25,47.31,47.59,38692.88,184293.027
001389.SZ,20250819,68.68,70.88,68.51,69.56,99269.0,692603.954
001390.SZ,20250819,24.64,24.87,24.47,24.59,39050.79,96176.753
001391.SZ,20250819,6.87,6.88,6.8,6.83,304102.67,207729.945
001395.SZ,20250819,51.82,52.36,50.42,52.19,35342.32,181898.341
001400.SZ,20250819,73.96,79.78,72.48,74.97,56077.28,422331.075
001696.SZ,20250819,25.4,25.96,24.71,25.46,657056.93,1663478.193
001872.SZ,20250819,20.39,20.58,20.33,20.53,27200.85,55702.785
001896.SZ,20250819,5.56,5.62,5.54,5.6,267081.01,149346.832
001914.SZ,20250819,12.65,12.83,12.59,12.64,111031.08,141039.128
001965.SZ,20250819,11.04,11.15,10.98,11.03,228572.78,252700.131
001979.SZ,20250819,9.1,9.23,9.09,9.18,766216.71,702373.572
002001.SZ,20250819,22.96,23.45,22.94,23.15,338596.97,786892.286
002003.SZ,20250819,11.17,11.4,11.11,11.28,104094.12,117507.722
002004.SZ,20250819,4.53,4.58,4.52,4.55,227080.42,103394.483
002005.SZ,20250819,2.67,2.71,2.65,2.68,137305.0,36851.672
002006.SZ,20250819,18.02,18.37,17.71,18.12,231163.28,416065.382
002007.SZ,20250819,16.79,17.05,16.76,16.83,239129.09,404058.687
002008.SZ,20250819,33.63,34.06,33.0,33.07,563073.89,1880855.915
002009.SZ,20250819,17.57,18.35,17.33,18.26,542273.43,972597.368
002010.SZ,20250819,6.16,6.39,6.16,6.33,911262.15,577492.304
002011.SZ,20250819,13.84,14.09,13.46,13.49,637980.67,876685.326
002012.SZ,20250819,6.16,6.2,5.98,6.08,282519.0,171726.788
002014.SZ,20250819,11.22,11.24,11.15,11.24,37087.4,41485.354
002015.SZ,20250819,12.43,12.48,12.14,12.37,783682.51,963193.895
002016.SZ,20250819,5.59,5.62,5.56,5.56,97984.01,54753.311
002017.SZ,20250819,34.84,35.8,33.64,33.75,1221511.84,4224673.144
002019.SZ,20250819,16.01,16.27,15.7,15.74,269975.0,429471.206
002020.SZ,20250819,19.36,20.2,18.94,19.04,410027.98,800037.713
002021.SZ,20250819,2.4,2.47,2.38,2.46,422735.59,103184.138
002022.SZ,20250819,7.42,7.65,7.38,7.54,192435.01,145082.807
002023.SZ,20250819,11.35,11.51,11.13,11.45,277133.53,312937.222
002024.SZ,20250819,1.9,1.91,1.89,1.9,94237.3,17919.895
002025.SZ,20250819,51.4,51.5,50.3,50.93,63015.25,320020.891
002026.SZ,20250819,13.98,13.98,13.55,13.74,250818.17,344320.997
002027.SZ,20250819,7.96,8.03,7.87,7.97,1131887.26,900980.012
002028.SZ,20250819,84.5,84.62,83.1,83.2,54363.97,455018.339
002029.SZ,20250819,7.48,7.88,7.46,7.72,353838.81,272146.152
002030.SZ,20250819,7.07,7.18,7.05,7.1,431668.12,306941.058
002031.SZ,20250819,8.22,8.59,8.13,8.39,2508907.16,2099748.715
002032.SZ,20250819,52.11,52.25,51.76,52.1,12835.68,66681.788
002033.SZ,20250819,9.0,9.07,8.95,9.03,161026.96,145168.371
002034.SZ,20250819,17.92,18.05,17.74,17.81,38834.23,69336.854
002035.SZ,20250819,6.54,6.57,6.49,6.53,120321.05,78499.374
002036.SZ,20250819,11.59,11.68,11.38,11.52,532372.13,613493.788
002037.SZ,20250819,11.94,12.03,11.84,11.93,208161.5,248556.307
002038.SZ,20250819,8.16,8.4,8.15,8.22,367501.64,305461.965
002039.SZ,20250819,15.82,15.86,15.72,15.74,45994.29,72474.883
002040.SZ,20250819,10.02,10.05,9.95,10.04,176499.0,176767.795
002041.SZ,20250819,9.98,9.98,9.93,9.93,76387.0,76041.384
002042.SZ,20250819,5.14,5.18,5.05,5.17,475836.06,243553.668
002043.SZ,20250819,10.5,10.77,10.38,10.4,279673.32,294413.491
002044.SZ,20250819,5.5,5.75,5.45,5.62,1764518.22,995727.539
002045.SZ,20250819,16.97,17.29,16.86,17.12,399017.52,682240.89
002046.SZ,20250819,34.19,36.81,33.99,36.81,489977.19,1761756.661
002047.SZ,20250819,2.21,2.25,2.19,2.21,126527.35,28079.521
002048.SZ,20250819,22.79,23.65,22.38,23.02,302351.86,692493.069
002049.SZ,20250819,83.0,86.77,81.97,82.2,591631.96,4972772.564
002050.SZ,20250819,28.93,31.52,28.51,30.46,2247966.76,6747014.912
002051.SZ,20250819,9.13,9.24,9.03,9.06,240523.17,218781.083
002052.SZ,20250819,18.25,18.25,17.01,18.25,1149734.47,2090659.059
002053.SZ,20250819,12.0,12.03,11.52,11.66,323175.24,379383.053
002054.SZ,20250819,6.98,7.06,6.92,7.04,80451.99,56366.14
002055.SZ,20250819,7.85,8.2,7.76,8.16,922720.82,739592.695
002056.SZ,20250819,17.13,17.42,17.02,17.18,384679.16,660783.312
002057.SZ,20250819,10.29,10.52,10.24,10.47,460114.89,477956.507
002058.SZ,20250819,13.93,14.36,13.8,14.36,47602.01,67475.901
002059.SZ,20250819,5.17,5.19,5.15,5.17,112713.9,58267.355
002060.SZ,20250819,3.65,3.66,3.64,3.64,140031.84,51098.102
002061.SZ,20250819,4.08,4.09,4.04,4.05,288458.6,117111.831
002062.SZ,20250819,6.57,7.28,6.57,7.28,920166.67,648461.189
002063.SZ,20250819,6.38,6.52,6.36,6.51,684784.23,442637.256
002064.SZ,20250819,7.75,7.77,7.58,7.6,196485.62,150224.645
002065.SZ,20250819,9.92,10.29,9.79,10.18,2203345.37,2224213.87
002066.SZ,20250819,12.94,13.68,12.71,13.3,114331.0,151086.82
002067.SZ,20250819,4.38,4.43,4.33,4.39,687144.18,300658.284
002068.SZ,20250819,11.8,11.88,11.5,11.55,265526.14,309653.72
002069.SZ,20250819,4.24,4.33,4.21,4.32,127047.01,54610.02
002072.SZ,20250819,7.34,7.43,7.2,7.22,100779.0,73357.548
002073.SZ,20250819,8.99,9.14,8.92,9.12,372725.26,337194.901
002074.SZ,20250819,30.64,33.5,30.4,32.43,1246484.32,3997271.852
002075.SZ,20250819,6.61,6.68,6.51,6.56,551355.79,363860.172
002076.SZ,20250819,1.89,1.92,1.88,1.9,307274.0,58372.063
002077.SZ,20250819,14.5,14.56,14.31,14.46,156276.52,225788.903
002078.SZ,20250819,14.61,14.76,14.43,14.58,161980.17,236189.771
002079.SZ,20250819,10.33,10.41,10.25,10.39,244410.01,252805.652
002080.SZ,20250819,32.94,33.63,32.21,32.89,434832.82,1429379.282
002081.SZ,20250819,3.58,3.62,3.55,3.57,350258.18,125484.566
002082.SZ,20250819,8.24,8.82,8.16,8.25,823062.69,693585.553
002083.SZ,20250819,4.99,5.06,4.98,5.05,203235.41,102163.995
002084.SZ,20250819,3.49,3.58,3.44,3.57,250076.91,88454.196
002085.SZ,20250819,16.98,17.23,16.72,17.05,877362.9,1491514.112
002086.SZ,20250819,2.94,2.96,2.9,2.92,784071.0,229362.482
002088.SZ,20250819,11.68,12.18,11.67,11.85,59312.84,70656.223
002090.SZ,20250819,10.31,10.43,10.23,10.38,169718.3,175593.642
002091.SZ,20250819,7.52,7.53,7.44,7.52,159010.39,119039.204
002092.SZ,20250819,4.71,4.77,4.68,4.75,412706.89,195080.643
002093.SZ,20250819,13.22,13.22,12.95,12.96,537887.7,701146.062
002094.SZ,20250819,8.77,8.94,8.66,8.85,734485.19,645687.815
002095.SZ,20250819,21.8,22.2,21.67,21.9,125813.02,276134.822
002096.SZ,20250819,14.0,14.13,13.9,14.04,141047.0,197641.995
002097.SZ,20250819,18.66,18.94,17.58,17.6,2295462.86,4154609.549
002098.SZ,20250819,9.61,9.93,9.56,9.93,162267.92,159209.226
002099.SZ,20250819,6.09,6.23,6.07,6.12,167330.97,103193.667
002100.SZ,20250819,6.47,6.52,6.45,6.49,266759.98,173025.128
002101.SZ,20250819,13.26,13.41,13.06,13.31,103447.29,136858.308
002102.SZ,20250819,4.25,4.43,4.2,4.31,1290513.09,560611.202
002103.SZ,20250819,10.58,10.69,10.49,10.61,215532.81,228214.722
002104.SZ,20250819,30.52,31.0,28.22,28.4,2684524.33,7874202.724
002105.SZ,20250819,7.49,7.6,7.43,7.6,144984.81,109186.688
002106.SZ,20250819,11.19,11.28,11.08,11.2,220975.1,247110.064
002107.SZ,20250819,7.01,7.35,7.01,7.18,321080.8,231873.516
002108.SZ,20250819,3.91,3.91,3.84,3.87,583884.79,226038.84
002109.SZ,20250819,3.56,3.56,3.5,3.54,120194.52,42429.277
002110.SZ,20250819,4.48,4.66,4.46,4.49,311901.04,142274.056
002111.SZ,20250819,10.87,10.9,10.76,10.85,101914.43,110317.626
002112.SZ,20250819,14.5,14.5,13.92,14.03,356748.4,503065.196
002114.SZ,20250819,7.17,7.31,7.15,7.28,138737.02,100418.231
002115.SZ,20250819,8.63,8.68,8.52,8.63,496119.3,427435.324
002116.SZ,20250819,10.63,10.72,10.58,10.68,66941.0,71231.534
002117.SZ,20250819,12.8,12.8,12.53,12.69,245582.56,311327.904
002119.SZ,20250819,17.29,17.49,17.16,17.37,217531.48,377268.409
002120.SZ,20250819,8.67,8.85,8.61,8.67,739860.31,644445.496
002121.SZ,20250819,7.23,7.28,7.12,7.18,865972.32,622817.936
002122.SZ,20250819,4.02,4.07,4.0,4.06,815516.86,329448.404
002123.SZ,20250819,15.17,15.33,15.05,15.2,519279.27,789493.907
002124.SZ,20250819,3.0,3.01,2.98,3.0,381101.4,114079.828
002125.SZ,20250819,13.59,13.98,13.36,13.9,600551.35,827189.58
002126.SZ,20250819,37.91,41.2,35.88,38.2,886642.5,3326031.672
002127.SZ,20250819,3.66,3.7,3.63,3.7,474611.59,174487.238
002128.SZ,20250819,19.85,19.97,19.57,19.65,109856.98,216785.199
002129.SZ,20250819,8.27,8.29,8.2,8.23,486257.42,401175.825
002130.SZ,20250819,25.25,25.78,24.8,25.32,1212112.8,3063161.98
002131.SZ,20250819,4.66,4.88,4.61,4.88,11052839.75,5264232.175
002132.SZ,20250819,3.87,3.89,3.82,3.89,314703.29,121469.254
002133.SZ,20250819,3.24,3.35,3.23,3.34,229802.2,75965.329
002134.SZ,20250819,25.19,25.6,24.37,25.56,276336.54,691201.33
002135.SZ,20250819,4.35,4.38,4.34,4.36,107895.0,47043.141
002136.SZ,20250819,11.03,11.4,10.93,11.24,104541.45,116831.222
002137.SZ,20250819,9.03,9.18,8.96,9.17,282291.0,256635.019
002138.SZ,20250819,31.69,31.71,30.83,31.41,225294.67,704158.034
002139.SZ,20250819,15.72,15.97,15.52,15.63,626479.38,984418.756
002140.SZ,20250819,10.27,10.3,10.18,10.23,53224.4,54495.928
002141.SZ,20250819,3.94,4.25,3.92,4.24,1145612.54,475408.99
002142.SZ,20250819,27.96,27.98,27.67,27.76,324068.73,900390.205
002144.SZ,20250819,12.36,12.56,12.23,12.56,46972.0,58390.17
002145.SZ,20250819,4.33,4.39,4.3,4.36,636352.85,276731.583
002146.SZ,20250819,1.44,1.47,1.43,1.46,1592676.69,231015.42
002148.SZ,20250819,13.58,13.67,12.66,12.66,1685225.47,2222656.258
002149.SZ,20250819,18.54,18.58,18.18,18.37,308059.82,565942.637
002150.SZ,20250819,12.66,12.82,12.61,12.66,85778.9,108692.816
002151.SZ,20250819,30.99,31.21,30.3,30.41,143146.99,437671.683
002152.SZ,20250819,13.84,14.56,13.82,14.09,1048284.53,1491701.328
002153.SZ,20250819,10.42,10.99,10.36,10.71,531613.76,568102.483
002154.SZ,20250819,3.83,3.86,3.81,3.85,324756.0,124858.436
002155.SZ,20250819,19.01,19.22,18.8,18.93,390506.74,740234.531
002156.SZ,20250819,29.54,29.54,28.79,28.8,770451.99,2237020.076
002157.SZ,20250819,2.85,2.88,2.84,2.85,977295.42,279199.573
002158.SZ,20250819,22.91,23.85,22.91,23.85,441063.23,1045502.653
002159.SZ,20250819,15.54,15.64,15.46,15.58,39453.75,61387.007
002160.SZ,20250819,4.48,4.52,4.46,4.5,177840.0,79822.171
002161.SZ,20250819,8.45,9.31,8.36,9.31,896754.85,804479.5
002162.SZ,20250819,4.63,4.81,4.62,4.75,405934.43,191624.921
002163.SZ,20250819,9.98,10.1,9.93,9.99,237760.46,237569.121
002164.SZ,20250819,11.57,12.6,11.5,12.01,1497895.18,1804870.378
002165.SZ,20250819,9.42,9.42,9.26,9.36,563333.64,526043.54
002166.SZ,20250819,8.52,8.69,8.45,8.55,302020.75,258413.549
002167.SZ,20250819,13.05,13.55,12.96,13.29,969287.91,1285936.039
002168.SZ,20250819,4.51,4.68,4.46,4.68,153360.94,70424.667
002169.SZ,20250819,6.7,6.76,6.67,6.73,111713.61,75086.221
002170.SZ,20250819,10.06,10.21,10.04,10.09,342674.16,346580.848
002171.SZ,20250819,10.09,10.13,9.9,9.98,615520.39,615242.169
002172.SZ,20250819,4.15,4.36,4.15,4.29,598348.51,255148.642
002173.SZ,20250819,25.79,27.17,24.68,24.84,1477990.31,3790252.152
002174.SZ,20250819,17.18,17.21,16.74,16.84,567192.29,960993.117
002175.SZ,20250819,4.75,4.83,4.71,4.8,820530.79,393039.222
002176.SZ,20250819,9.41,9.44,9.18,9.28,1467124.5,1364178.972
002177.SZ,20250819,7.01,7.51,7.01,7.51,2189244.05,1630816.718
002178.SZ,20250819,7.28,7.33,7.18,7.25,389681.6,283042.765
002179.SZ,20250819,41.78,42.0,40.59,41.16,277800.2,1146355.378
002180.SZ,20250819,24.41,24.8,24.05,24.5,154112.98,376745.456
002181.SZ,20250819,7.16,7.19,7.07,7.12,386881.86,275671.907
002182.SZ,20250819,14.55,15.65,14.28,14.97,1275906.86,1913688.36
002183.SZ,20250819,4.67,4.7,4.63,4.69,461101.6,215512.359
002184.SZ,20250819,13.9,14.07,13.74,13.97,108442.63,151103.801
002185.SZ,20250819,10.76,11.11,10.66,10.81,1727075.82,1872849.884
002186.SZ,20250819,11.52,12.26,11.48,11.87,177794.52,209822.707
002187.SZ,20250819,6.44,6.73,6.43,6.66,306611.41,202222.99
002188.SZ,20250819,5.66,5.96,5.58,5.83,144042.05,83686.356
002189.SZ,20250819,27.4,27.4,26.72,26.74,157042.65,421840.472
002190.SZ,20250819,36.69,37.0,36.0,36.65,278914.87,1018206.809
002191.SZ,20250819,4.08,4.13,4.07,4.13,229584.0,94134.324
002192.SZ,20250819,36.0,36.7,35.77,36.23,82941.56,299926.364
002193.SZ,20250819,6.04,6.4,5.99,6.38,172200.0,108121.467
002194.SZ,20250819,13.66,13.76,13.52,13.66,307930.53,420724.554
002195.SZ,20250819,6.16,6.68,6.15,6.37,7376472.83,4714784.079
002196.SZ,20250819,9.3,10.15,9.19,9.7,786142.38,752994.089
002197.SZ,20250819,7.6,8.01,7.56,8.01,237285.92,187658.807
002198.SZ,20250819,6.58,6.84,6.56,6.72,163549.0,110287.128
002199.SZ,20250819,10.16,10.69,10.16,10.69,37614.1,39682.252
002200.SZ,20250819,7.25,7.29,7.16,7.27,35518.0,25653.209
002201.SZ,20250819,8.52,8.56,8.07,8.24,613524.79,505839.577
002202.SZ,20250819,10.41,10.48,10.33,10.38,392849.3,408752.659
002203.SZ,20250819,13.35,13.5,12.93,13.18,611021.93,806494.711
002204.SZ,20250819,6.7,6.71,6.56,6.58,786602.41,520066.129
002205.SZ,20250819,14.71,14.89,14.36,14.55,110235.0,160261.299
002206.SZ,20250819,6.48,6.54,6.34,6.52,497540.0,321116.724
002207.SZ,20250819,7.29,7.34,7.22,7.31,143265.0,104518.863
002208.SZ,20250819,7.04,7.17,7.04,7.06,200895.8,142493.205
002209.SZ,20250819,17.11,17.49,16.9,17.31,150923.0,260275.217
002210.SZ,20250819,3.06,3.1,3.03,3.05,1225331.69,375602.271
002211.SZ,20250819,3.09,3.17,3.06,3.14,114343.0,35638.848
002212.SZ,20250819,8.13,8.21,8.1,8.14,322328.46,262424.017
002213.SZ,20250819,18.99,19.27,18.65,18.78,246989.1,465785.709
002214.SZ,20250819,10.69,11.14,10.63,10.98,49652.8,54470.488
002215.SZ,20250819,13.12,13.14,12.87,13.0,378031.19,489907.979
002216.SZ,20250819,11.39,11.5,11.37,11.41,72949.88,83405.225
002217.SZ,20250819,2.61,2.65,2.58,2.62,1664422.81,436275.099
002218.SZ,20250819,3.69,3.78,3.67,3.71,504952.0,187764.943
002219.SZ,20250819,2.29,2.31,2.25,2.26,1017857.39,231824.16
002221.SZ,20250819,9.31,9.32,9.1,9.16,237232.0,217904.939
002222.SZ,20250819,42.24,43.0,41.39,41.54,133099.55,559406.284
002223.SZ,20250819,35.66,36.33,35.63,35.99,159862.75,576352.473
002224.SZ,20250819,4.78,4.82,4.75,4.78,228063.0,108963.461
002225.SZ,20250819,7.56,7.56,7.18,7.25,569994.62,413996.138
002226.SZ,20250819,6.65,6.65,6.47,6.48,538153.82,350666.736
002227.SZ,20250819,14.6,14.6,14.14,14.22,84478.05,120510.913
002228.SZ,20250819,3.4,3.41,3.36,3.37,204433.29,69099.261
002229.SZ,20250819,19.8,20.11,19.71,19.93,608096.67,1210062.974
002230.SZ,20250819,49.81,50.21,49.6,49.67,447871.85,2234673.597
002231.SZ,20250819,4.62,4.62,4.62,4.62,13633.96,6298.89
002232.SZ,20250819,18.43,18.59,18.37,18.53,79516.0,147181.194
002233.SZ,20250819,8.6,8.66,8.58,8.64,125973.8,108671.743
002234.SZ,20250819,8.99,9.1,8.96,9.02,69600.63,62898.299
002235.SZ,20250819,8.88,8.98,8.66,8.68,935197.73,821410.67
002236.SZ,20250819,18.25,18.43,18.08,18.2,1504944.64,2747692.046
002237.SZ,20250819,12.21,12.23,12.08,12.13,143379.4,174017.126
002238.SZ,20250819,8.97,9.08,8.91,8.99,144214.92,129629.409
002239.SZ,20250819,3.03,3.06,3.0,3.06,819661.14,248766.027
002240.SZ,20250819,17.6,18.4,17.6,18.2,414000.0,746084.127
002241.SZ,20250819,28.23,28.98,27.92,28.2,1569352.97,4447336.653
002242.SZ,20250819,10.18,10.26,10.15,10.23,55244.23,56395.991
002243.SZ,20250819,8.66,8.67,8.55,8.59,178463.0,153696.858
002244.SZ,20250819,10.22,10.43,10.16,10.19,297871.21,306526.25
002245.SZ,20250819,18.71,18.76,17.88,18.53,1191399.7,2183697.291
002246.SZ,20250819,18.7,20.02,18.7,19.37,689549.98,1332411.416
002247.SZ,20250819,2.73,2.79,2.69,2.79,242612.0,66803.217
002248.SZ,20250819,10.6,10.77,10.43,10.69,376315.01,400270.956
002249.SZ,20250819,8.35,8.35,8.03,8.12,2096280.25,1710368.264
002250.SZ,20250819,10.16,10.3,10.13,10.17,439746.0,448593.629
002251.SZ,20250819,4.78,4.85,4.78,4.8,1218194.49,585284.442
002252.SZ,20250819,6.94,6.97,6.93,6.94,461262.25,320645.44
002253.SZ,20250819,10.22,10.74,10.17,10.71,156347.64,166654.393
002254.SZ,20250819,10.94,11.22,10.92,11.1,243728.79,270402.047
002255.SZ,20250819,8.88,8.92,8.76,8.9,387277.47,343281.117
002256.SZ,20250819,2.41,2.42,2.38,2.4,439361.08,105390.445
002258.SZ,20250819,12.06,12.26,12.0,12.2,213690.41,259861.173
002259.SZ,20250819,5.1,5.38,4.84,5.02,875427.75,450177.587
002261.SZ,20250819,33.8,35.68,33.48,34.16,2505716.07,8660003.127
002262.SZ,20250819,23.99,25.6,23.86,25.12,492303.99,1234191.231
002263.SZ,20250819,3.65,3.68,3.6,3.66,1334071.68,486741.918
002264.SZ,20250819,6.95,7.08,6.91,6.99,298773.0,208537.565
002265.SZ,20250819,40.7,40.7,39.15,39.6,424324.51,1688240.964
002266.SZ,20250819,3.56,3.58,3.54,3.56,697302.32,248258.586
002267.SZ,20250819,8.73,9.57,8.64,9.3,522214.38,474196.668
002268.SZ,20250819,18.54,18.69,18.35,18.38,177362.81,328127.717
002269.SZ,20250819,1.95,1.98,1.93,1.97,1450550.09,284745.935
002270.SZ,20250819,19.9,20.05,19.41,19.6,146970.97,288810.253
002271.SZ,20250819,12.12,12.5,12.11,12.46,579986.82,718285.714
002272.SZ,20250819,18.02,18.02,16.88,18.02,965547.87,1724061.272
002273.SZ,20250819,23.44,23.81,23.26,23.43,643966.51,1514365.16
002274.SZ,20250819,6.77,6.81,6.74,6.8,109291.69,74131.756
002275.SZ,20250819,15.5,15.84,15.46,15.62,87860.56,137864.227
002276.SZ,20250819,15.85,16.17,15.63,15.9,844964.42,1342039.888
002277.SZ,20250819,6.27,6.46,6.25,6.42,764924.75,486098.517
002278.SZ,20250819,10.88,10.88,10.47,10.51,602477.03,640870.818
002279.SZ,20250819,7.33,7.44,7.24,7.44,626987.95,462187.883
002281.SZ,20250819,54.8,57.9,54.75,55.0,649766.84,3622132.509
002282.SZ,20250819,7.74,7.91,7.68,7.9,93758.14,73354.768
002283.SZ,20250819,6.38,6.99,6.35,6.99,1239901.35,842523.59
002284.SZ,20250819,11.69,11.94,11.6,11.85,249028.75,294115.646
002285.SZ,20250819,2.44,2.49,2.43,2.47,445729.02,110069.238
002286.SZ,20250819,10.56,10.87,10.52,10.85,170104.61,183022.079
002287.SZ,20250819,28.7,30.01,28.7,29.24,199492.16,587461.354
002289.SZ,20250819,25.67,27.15,25.62,26.98,35798.5,95858.894
002290.SZ,20250819,30.0,30.1,29.45,29.79,43412.53,129161.867
002291.SZ,20250819,6.7,6.92,6.63,6.87,658728.21,448402.023
002292.SZ,20250819,9.65,9.74,9.53,9.69,680181.5,656257.75
002293.SZ,20250819,8.5,8.65,8.46,8.55,78239.77,66902.067
002294.SZ,20250819,49.92,52.6,49.6,50.53,120090.41,613556.42
002295.SZ,20250819,11.03,11.26,10.91,11.19,102196.0,113683.71
002296.SZ,20250819,11.96,12.14,11.84,12.07,205873.0,247067.559
002297.SZ,20250819,8.91,8.95,8.8,8.92,261909.43,232918.824
002298.SZ,20250819,11.89,12.44,11.88,12.44,1980040.04,2436916.655
002299.SZ,20250819,17.35,17.35,16.86,16.91,271603.02,462795.187
002300.SZ,20250819,6.51,6.53,6.46,6.5,110160.22,71597.855
002301.SZ,20250819,7.17,7.35,7.15,7.27,189492.93,137366.326
002302.SZ,20250819,7.04,7.08,6.97,7.01,344130.56,241676.364
002303.SZ,20250819,4.18,4.19,4.12,4.16,421021.0,174462.578
002304.SZ,20250819,69.6,74.08,69.5,73.58,280795.64,2040993.209
002305.SZ,20250819,4.5,4.58,4.14,4.14,927125.5,397908.329
002306.SZ,20250819,1.92,1.93,1.87,1.88,264268.04,49847.346
002307.SZ,20250819,4.85,4.89,4.75,4.78,934256.72,447898.83
002309.SZ,20250819,3.31,3.33,3.25,3.31,274155.0,90149.369
002310.SZ,20250819,2.1,2.11,2.08,2.09,483697.45,101178.819
002311.SZ,20250819,58.61,60.3,58.02,59.88,86497.13,513837.618
002312.SZ,20250819,11.26,11.42,11.2,11.36,497470.97,562717.412
002313.SZ,20250819,12.01,12.23,11.99,12.1,351185.0,424606.741
002314.SZ,20250819,2.92,2.96,2.91,2.94,420531.52,123653.366
002315.SZ,20250819,51.09,51.88,50.1,50.89,113364.4,576970.493
002316.SZ,20250819,6.15,6.2,6.03,6.1,191365.34,117054.452
002317.SZ,20250819,22.96,24.92,22.86,23.83,815886.53,1955379.238
002318.SZ,20250819,22.5,22.55,22.29,22.3,82135.94,183693.215
002319.SZ,20250819,12.4,12.49,12.25,12.39,61806.01,76374.705
002320.SZ,20250819,8.3,8.64,8.27,8.43,726501.81,617121.983
002321.SZ,20250819,2.66,2.68,2.62,2.63,277779.08,73470.09
002322.SZ,20250819,12.83,12.93,12.77,12.93,44607.0,57391.301
002323.SZ,20250819,1.87,1.96,1.8,1.85,3229736.54,599056.919
002324.SZ,20250819,14.15,14.33,13.87,14.13,257526.22,362381.725
002326.SZ,20250819,16.47,16.48,15.42,15.78,1284570.1,2035247.927
002327.SZ,20250819,7.31,7.35,7.3,7.35,66659.0,48901.104
002328.SZ,20250819,7.2,7.21,6.9,6.92,766893.15,535791.697
002329.SZ,20250819,3.79,3.83,3.77,3.83,304928.49,116197.865
002330.SZ,20250819,4.94,5.02,4.91,4.98,130864.98,65170.105
002331.SZ,20250819,9.03,9.14,8.92,9.06,354872.2,320589.856
002332.SZ,20250819,11.26,11.37,11.01,11.05,465037.69,520096.947
002333.SZ,20250819,5.36,5.4,5.31,5.37,83699.0,44825.268
002334.SZ,20250819,10.63,10.95,10.18,10.25,1543002.75,1615517.201
002335.SZ,20250819,53.25,54.37,51.35,52.8,548841.65,2899983.869
002337.SZ,20250819,5.85,5.99,5.82,5.93,179598.14,106085.032
002338.SZ,20250819,54.8,56.13,54.2,54.6,82840.92,454737.131
002339.SZ,20250819,8.74,8.94,8.65,8.67,216141.0,189251.05
002340.SZ,20250819,6.73,6.78,6.66,6.73,1037212.78,697066.621
002342.SZ,20250819,9.15,9.19,8.8,8.83,2097299.79,1874027.591
002343.SZ,20250819,9.14,9.57,8.92,9.57,1272464.31,1174898.965
002344.SZ,20250819,4.48,4.55,4.46,4.54,171100.0,77340.823
002345.SZ,20250819,15.47,15.47,14.87,14.96,209073.37,315131.045
002346.SZ,20250819,16.27,16.38,15.98,16.06,60078.58,96762.433
002347.SZ,20250819,7.27,7.45,7.21,7.45,340516.0,251081.139
002348.SZ,20250819,3.77,3.77,3.72,3.74,171491.02,64135.938
002349.SZ,20250819,7.73,7.99,7.7,7.82,309459.3,243480.209
002350.SZ,20250819,7.27,7.44,7.27,7.35,162928.36,119624.887
002351.SZ,20250819,13.94,14.1,13.79,14.04,248363.18,346661.167
002352.SZ,20250819,46.74,47.26,46.38,46.63,250683.01,1172131.808
002353.SZ,20250819,45.95,46.35,45.05,45.55,72403.28,330233.053
002354.SZ,20250819,7.84,8.12,7.8,7.91,2747711.37,2188028.746
002355.SZ,20250819,6.65,6.66,6.53,6.62,293738.23,193846.012
002356.SZ,20250819,3.2,3.3,3.18,3.28,423284.3,138383.531
002357.SZ,20250819,10.82,10.97,10.76,10.88,81701.2,88588.998
002358.SZ,20250819,5.42,5.47,5.39,5.44,183043.1,99397.608
002360.SZ,20250819,5.31,5.45,5.28,5.43,121472.01,65519.029
002361.SZ,20250819,7.4,7.43,7.21,7.32,463878.96,338620.022
002362.SZ,20250819,25.95,26.15,25.5,25.74,148777.13,383545.593
002363.SZ,20250819,8.44,8.58,8.31,8.58,158596.12,134321.869
002364.SZ,20250819,23.77,24.97,23.42,24.97,1428102.07,3473156.445
002365.SZ,20250819,20.72,20.96,20.42,20.54,243467.79,501455.17
002366.SZ,20250819,8.48,8.53,8.32,8.39,1361177.84,1145937.076
002367.SZ,20250819,7.38,7.55,7.38,7.53,155867.52,116694.762
002368.SZ,20250819,28.61,29.55,28.04,28.93,406673.11,1168457.076
002369.SZ,20250819,9.36,9.45,9.26,9.4,486156.25,455762.154
002370.SZ,20250819,7.25,7.65,7.2,7.23,2324468.84,1731853.92
002371.SZ,20250819,346.9,346.9,339.7,339.96,67809.83,2321505.357
002372.SZ,20250819,10.92,10.95,10.84,10.89,94591.86,103088.153
002373.SZ,20250819,11.55,11.72,11.47,11.54,387385.05,448621.359
002374.SZ,20250819,2.74,2.82,2.72,2.8,229541.52,64049.258
002375.SZ,20250819,3.92,3.97,3.89,3.93,179744.23,70694.609
002376.SZ,20250819,8.53,8.86,8.37,8.4,1216946.92,1042648.8
002377.SZ,20250819,3.11,3.15,3.09,3.14,220335.02,68967.728
002378.SZ,20250819,9.88,10.46,9.76,10.14,690459.51,698898.694
002379.SZ,20250819,15.2,15.84,15.11,15.32,198402.08,307872.137
002380.SZ,20250819,26.54,26.7,26.31,26.6,66795.88,176980.751
002381.SZ,20250819,7.05,7.21,7.02,7.17,75598.02,53906.935
002382.SZ,20250819,6.14,6.74,6.13,6.74,755399.46,495273.003
002383.SZ,20250819,10.5,10.57,10.33,10.46,334593.61,349548.022
002384.SZ,20250819,54.55,54.57,51.97,52.6,838322.13,4441771.454
002385.SZ,20250819,4.17,4.2,4.16,4.17,833411.63,348312.377
002386.SZ,20250819,5.21,5.22,5.16,5.19,185617.59,96176.412
002387.SZ,20250819,9.92,10.16,9.92,10.07,301585.58,303320.59
002388.SZ,20250819,4.82,5.01,4.8,4.97,190202.0,93428.114
002389.SZ,20250819,26.36,26.36,25.7,25.81,446927.21,1157235.889
002390.SZ,20250819,3.7,3.78,3.69,3.72,282413.39,105525.114
002391.SZ,20250819,6.26,6.26,6.19,6.25,95677.8,59627.267
002392.SZ,20250819,7.0,7.53,6.93,7.46,385692.04,281621.579
002393.SZ,20250819,25.35,26.7,25.25,26.7,207189.19,542688.155
002394.SZ,20250819,10.15,10.54,10.13,10.52,205296.32,212580.902
002395.SZ,20250819,19.12,19.36,18.86,19.28,93629.53,179014.732
002396.SZ,20250819,31.32,31.76,30.78,31.0,263922.54,823392.265
002397.SZ,20250819,3.62,3.96,3.62,3.96,753304.9,297014.636
002398.SZ,20250819,5.4,5.49,5.38,5.46,208505.91,113486.466
002399.SZ,20250819,13.27,13.61,13.25,13.26,81723.6,109638.679
002400.SZ,20250819,8.07,8.3,8.02,8.2,1532241.11,1254422.633
002401.SZ,20250819,19.45,19.76,19.15,19.55,205600.01,399044.728
002402.SZ,20250819,31.66,31.94,30.52,30.83,1107308.3,3443604.139
002403.SZ,20250819,15.49,15.98,15.28,15.83,235480.07,370086.912
002404.SZ,20250819,6.5,6.6,6.45,6.56,95652.38,62622.038
002405.SZ,20250819,8.88,8.96,8.84,8.89,529102.19,471043.005
002406.SZ,20250819,8.78,8.9,8.58,8.79,587749.57,513667.208
002407.SZ,20250819,13.2,13.38,13.0,13.15,342367.4,451028.708
002408.SZ,20250819,5.04,5.05,4.99,5.01,231316.76,116014.916
002409.SZ,20250819,59.82,61.05,59.51,60.2,146621.67,885775.568
002410.SZ,20250819,13.55,13.63,13.35,13.41,448892.26,605140.421
002412.SZ,20250819,6.76,7.03,6.76,6.89,156204.4,108140.482
002413.SZ,20250819,6.44,6.44,6.28,6.32,902119.52,570962.188
002414.SZ,20250819,12.86,12.88,12.31,12.45,1025010.87,1283854.414
002415.SZ,20250819,30.02,30.17,29.8,29.86,577844.83,1729825.288
002416.SZ,20250819,12.68,12.72,12.57,12.64,246887.79,312167.48
002418.SZ,20250819,4.93,5.37,4.93,5.04,3667030.29,1897507.352
002419.SZ,20250819,5.86,5.9,5.83,5.89,170669.47,100135.264
002420.SZ,20250819,7.28,7.33,7.07,7.09,357210.0,255575.691
002421.SZ,20250819,3.59,3.8,3.56,3.8,2637427.32,988128.414
002422.SZ,20250819,37.06,38.7,36.81,37.68,248192.14,944921.759
002423.SZ,20250819,12.97,13.79,12.81,13.45,1216437.2,1615908.487
002424.SZ,20250819,6.07,6.2,6.03,6.09,552491.0,337801.501
002425.SZ,20250819,3.37,3.4,3.32,3.35,122370.0,41042.509
002426.SZ,20250819,3.25,3.34,3.21,3.32,2793318.85,916843.342
002427.SZ,20250819,7.88,7.95,7.71,7.78,309456.0,241016.254
002428.SZ,20250819,23.5,25.82,23.03,25.82,1124987.54,2776157.295
002429.SZ,20250819,4.84,4.93,4.81,4.88,814869.56,397797.359
002430.SZ,20250819,23.72,24.27,23.49,23.6,116725.21,277756.561
002431.SZ,20250819,2.34,2.37,2.33,2.36,389923.99,91875.993
002432.SZ,20250819,40.82,42.44,40.82,41.44,163716.56,683770.321
002434.SZ,20250819,8.5,8.72,8.4,8.67,430420.22,369184.049
002436.SZ,20250819,16.6,16.82,16.33,16.52,1422449.74,2362672.225
002437.SZ,20250819,3.72,3.85,3.71,3.76,1427371.35,540182.888
002438.SZ,20250819,14.3,14.33,13.82,14.1,250777.26,352186.222
002439.SZ,20250819,16.77,16.79,16.51,16.6,271997.01,452505.281
002440.SZ,20250819,7.61,7.66,7.57,7.59,139866.87,106527.556
002441.SZ,20250819,9.54,9.6,9.46,9.57,74071.0,70723.66
002442.SZ,20250819,6.38,6.45,6.35,6.44,71714.09,46040.88
002443.SZ,20250819,7.07,7.25,7.05,7.2,175094.18,125913.483
002444.SZ,20250819,35.04,35.2,34.15,34.39,127005.0,438039.606
002445.SZ,20250819,2.4,2.64,2.38,2.64,3433651.93,887696.239
002446.SZ,20250819,7.78,7.85,7.7,7.77,343900.23,267038.616
002448.SZ,20250819,9.66,10.1,9.63,9.88,351119.19,347729.926
002449.SZ,20250819,9.81,10.17,9.8,10.01,664545.8,664560.02
002451.SZ,20250819,7.11,7.21,7.09,7.2,101403.63,72694.601
002452.SZ,20250819,7.54,7.61,7.52,7.57,141534.99,107181.204
002453.SZ,20250819,6.07,6.54,6.04,6.4,559453.74,352964.899
002454.SZ,20250819,9.31,9.4,9.11,9.22,263273.73,242617.705
002455.SZ,20250819,6.9,6.94,6.84,6.94,178060.84,122903.027
002456.SZ,20250819,12.19,12.87,12.15,12.62,3201914.85,4019239.047
002457.SZ,20250819,11.95,12.0,11.88,11.94,107856.59,128832.092
002458.SZ,20250819,9.11,9.16,9.06,9.08,129946.02,118268.394
002459.SZ,20250819,11.99,12.08,11.8,11.89,619040.0,737244.466
002460.SZ,20250819,39.01,39.57,38.77,38.95,300058.36,1172447.966
002461.SZ,20250819,10.52,10.62,10.52,10.57,88080.28,93152.963
002462.SZ,20250819,14.63,14.94,14.59,14.67,76889.02,113246.755
002463.SZ,20250819,55.83,57.62,54.26,54.95,732526.83,4066818.097
002465.SZ,20250819,14.11,14.6,13.86,14.4,1980247.01,2842487.736
002466.SZ,20250819,43.9,44.9,43.6,43.88,553553.71,2440269.619
002467.SZ,20250819,6.25,6.29,6.18,6.27,842979.95,526505.244
002468.SZ,20250819,17.21,17.72,17.02,17.28,362916.36,629787.915
002469.SZ,20250819,8.84,8.95,8.8,8.85,126794.53,112244.501
002470.SZ,20250819,1.73,1.75,1.71,1.73,693251.0,119849.813
002471.SZ,20250819,4.97,5.07,4.95,5.0,1453212.9,728136.192
002472.SZ,20250819,37.5,38.63,36.41,37.64,336319.05,1261718.699
002474.SZ,20250819,7.15,7.25,7.11,7.19,240426.24,172941.496
002475.SZ,20250819,39.6,39.75,38.61,39.1,1088495.9,4259042.373
002476.SZ,20250819,4.92,5.23,4.89,5.15,592218.0,302460.484
002478.SZ,20250819,5.53,5.55,5.51,5.55,92814.99,51355.119
002479.SZ,20250819,5.35,5.41,5.32,5.4,162058.51,86920.541
002480.SZ,20250819,6.76,6.89,6.71,6.85,214570.0,145849.412
002481.SZ,20250819,5.46,5.6,5.44,5.56,365553.02,202483.44
002482.SZ,20250819,1.8,1.83,1.79,1.81,443087.54,80132.359
002483.SZ,20250819,7.11,7.13,7.03,7.09,111927.34,79252.277
002484.SZ,20250819,30.23,30.51,29.05,29.91,584162.23,1728750.593
002485.SZ,20250819,3.82,3.88,3.79,3.79,29461.0,11262.451
002486.SZ,20250819,2.77,2.82,2.72,2.81,234682.26,65472.573
002487.SZ,20250819,32.89,32.96,32.13,32.29,122258.41,396102.854
002488.SZ,20250819,13.83,13.97,13.57,13.78,86417.71,118714.001
002489.SZ,20250819,3.9,3.91,3.87,3.9,346314.29,134689.776
002490.SZ,20250819,6.18,6.18,6.05,6.09,384640.0,235186.127
002491.SZ,20250819,5.66,5.73,5.6,5.62,690962.27,390060.473
002492.SZ,20250819,7.57,7.57,7.29,7.33,174094.55,128219.686
002493.SZ,20250819,9.18,9.2,9.02,9.07,259947.4,236511.108
002494.SZ,20250819,5.07,5.32,4.97,5.24,167924.0,87320.151
002495.SZ,20250819,2.71,2.76,2.69,2.76,255651.0,69940.393
002496.SZ,20250819,1.64,1.65,1.62,1.64,149057.2,24375.862
002497.SZ,20250819,14.2,14.36,14.11,14.13,392973.55,558332.74
002498.SZ,20250819,3.58,3.6,3.56,3.59,257796.7,92420.503
002500.SZ,20250819,6.62,6.66,6.55,6.56,454946.61,299833.156
002501.SZ,20250819,2.31,2.44,2.27,2.43,2670305.6,629653.498
002506.SZ,20250819,2.58,2.59,2.55,2.57,1000864.41,257802.945
002507.SZ,20250819,13.54,13.73,13.51,13.6,205329.2,279503.559
002508.SZ,20250819,19.51,19.59,19.39,19.46,67123.03,130834.848
002510.SZ,20250819,6.9,7.6,6.88,7.6,2068564.77,1510128.572
002511.SZ,20250819,8.12,8.32,8.12,8.31,274258.05,224910.902
002512.SZ,20250819,3.97,4.19,3.94,4.09,1076603.5,438269.245
002513.SZ,20250819,5.43,5.53,5.35,5.53,115149.0,63053.382
002514.SZ,20250819,6.46,6.63,6.4,6.49,494779.87,320895.475
002515.SZ,20250819,7.25,7.27,7.13,7.15,255350.0,183385.657
002516.SZ,20250819,5.7,5.73,5.63,5.7,389762.06,221337.468
002517.SZ,20250819,19.99,20.4,19.85,20.12,369198.8,744574.575
002518.SZ,20250819,33.67,33.74,32.83,33.74,198142.31,666586.151
002519.SZ,20250819,5.42,5.44,5.34,5.39,485610.9,261738.098
002520.SZ,20250819,6.93,7.15,6.82,7.11,767421.84,539295.203
002521.SZ,20250819,8.9,8.91,8.8,8.88,46984.55,41609.612
002522.SZ,20250819,5.16,5.22,5.11,5.21,269057.73,139169.957
002523.SZ,20250819,3.94,4.03,3.9,4.01,539874.0,214306.044
002524.SZ,20250819,4.58,4.69,4.57,4.66,138106.0,64250.812
002526.SZ,20250819,4.02,4.08,3.97,4.06,993282.55,400710.289
002527.SZ,20250819,17.22,18.1,16.96,17.7,391772.64,686748.479
002528.SZ,20250819,2.85,2.89,2.85,2.88,142851.61,40982.662
002529.SZ,20250819,6.4,6.42,6.34,6.39,50205.13,32017.791
002530.SZ,20250819,10.3,10.65,10.3,10.52,640331.66,673757.128
002531.SZ,20250819,6.86,6.91,6.8,6.87,246439.48,169079.72
002532.SZ,20250819,9.84,10.19,9.8,9.89,388109.96,386580.572
002533.SZ,20250819,11.75,11.88,11.57,11.75,258239.2,301992.477
002534.SZ,20250819,16.0,16.4,15.75,16.01,195234.83,312402.029
002535.SZ,20250819,4.08,4.14,4.05,4.14,208081.8,85422.356
002536.SZ,20250819,33.2,34.3,30.63,32.75,1556380.52,5061492.638
002537.SZ,20250819,10.07,10.46,10.03,10.31,1211767.24,1248028.058
002538.SZ,20250819,5.35,5.39,5.33,5.37,129210.16,69215.717
002539.SZ,20250819,10.11,10.15,9.95,9.97,199412.0,199741.863
002540.SZ,20250819,6.08,6.16,6.06,6.16,139726.0,85362.532
002541.SZ,20250819,17.79,17.85,17.5,17.55,59629.3,105147.762
002542.SZ,20250819,3.89,3.93,3.84,3.9,706034.5,274259.428
002543.SZ,20250819,12.74,12.84,12.56,12.64,73314.79,92731.357
002544.SZ,20250819,24.12,24.26,23.7,23.87,143420.27,342578.546
002545.SZ,20250819,9.73,9.79,9.6,9.61,133204.0,129022.766
002546.SZ,20250819,6.2,6.23,6.11,6.15,306410.86,188574.086
002547.SZ,20250819,4.51,4.74,4.48,4.64,919710.16,423653.862
002548.SZ,20250819,4.16,4.18,4.13,4.16,170761.16,71022.054
002549.SZ,20250819,16.68,18.68,16.6,17.76,1718839.21,3022010.209
002550.SZ,20250819,10.28,10.67,10.21,10.43,882829.08,923738.298
002551.SZ,20250819,5.01,5.49,4.95,5.2,1566385.1,828433.063
002552.SZ,20250819,16.38,16.38,15.99,16.21,82133.0,132844.67
002553.SZ,20250819,27.15,30.0,26.6,30.0,546168.55,1550215.896
002554.SZ,20250819,2.92,2.96,2.9,2.95,299365.0,88063.124
002555.SZ,20250819,17.39,17.46,17.17,17.19,471573.22,814728.234
002556.SZ,20250819,5.74,5.78,5.71,5.76,184638.49,106136.022
002557.SZ,20250819,22.73,22.98,22.71,22.81,54070.05,123544.131
002558.SZ,20250819,28.3,29.11,28.0,28.34,307441.53,876785.268
002559.SZ,20250819,10.19,10.49,10.05,10.38,380323.68,391032.109
002560.SZ,20250819,8.33,8.34,8.21,8.29,217700.0,180119.074
002561.SZ,20250819,8.6,8.74,8.58,8.72,117082.5,101576.485
002562.SZ,20250819,7.35,7.35,7.11,7.14,1451915.8,1044521.338
002563.SZ,20250819,5.48,5.53,5.47,5.52,266697.58,146735.489
002564.SZ,20250819,8.22,8.24,8.05,8.1,258719.0,210267.312
002565.SZ,20250819,8.69,8.73,8.35,8.53,596206.85,507448.694
002566.SZ,20250819,8.31,9.14,8.31,8.68,236878.88,208307.528
002567.SZ,20250819,4.85,4.87,4.84,4.85,302158.74,146668.293
002568.SZ,20250819,24.9,25.34,24.8,25.1,120494.64,302503.15
002569.SZ,20250819,9.47,9.56,9.42,9.53,13442.0,12772.55
002570.SZ,20250819,7.19,7.52,7.18,7.44,2504743.51,1840196.644
002571.SZ,20250819,7.23,7.25,7.04,7.19,246226.0,176005.672
002572.SZ,20250819,13.74,13.78,13.67,13.7,82886.54,113598.915
002573.SZ,20250819,3.97,4.01,3.95,3.99,85227.03,33963.748
002574.SZ,20250819,5.79,5.8,5.75,5.78,81304.0,46974.25
002575.SZ,20250819,8.12,8.13,7.99,8.04,187415.32,150842.803
002576.SZ,20250819,19.16,19.3,18.74,19.13,162329.52,308866.564
002577.SZ,20250819,21.97,21.97,21.57,21.94,65324.9,142427.465
002578.SZ,20250819,3.51,3.55,3.47,3.55,169435.0,59606.562
002579.SZ,20250819,14.14,14.65,13.9,14.01,945963.16,1338913.116
002580.SZ,20250819,14.47,14.91,14.42,14.76,432875.35,635106.865
002581.SZ,20250819,7.33,7.69,7.33,7.69,106334.51,80726.62
002582.SZ,20250819,9.78,10.36,9.75,10.15,405038.57,408297.889
002583.SZ,20250819,12.62,12.84,12.38,12.6,1106075.78,1393872.027
002584.SZ,20250819,9.44,9.47,9.35,9.39,454851.44,427511.159
002585.SZ,20250819,5.79,5.88,5.75,5.85,256398.9,149394.558
002586.SZ,20250819,3.4,3.48,3.37,3.44,83373.02,28598.059
002587.SZ,20250819,6.74,6.86,6.66,6.8,249512.0,169054.458
002588.SZ,20250819,9.36,9.44,9.32,9.37,93185.31,87379.262
002589.SZ,20250819,3.01,3.06,2.99,3.04,436827.25,132810.737
002590.SZ,20250819,14.47,14.74,14.25,14.72,275646.14,401162.656
002591.SZ,20250819,6.33,6.5,6.26,6.45,90449.0,57959.55
002592.SZ,20250819,7.44,7.45,7.28,7.33,44197.01,32457.656
002593.SZ,20250819,4.99,5.18,4.94,5.16,419242.0,213084.326
002594.SZ,20250819,108.67,108.92,107.18,107.63,389735.19,4205349.329
002595.SZ,20250819,58.57,59.17,57.9,58.11,25769.0,150408.357
002596.SZ,20250819,3.75,3.79,3.73,3.76,347730.96,130841.188
002597.SZ,20250819,23.03,23.25,22.91,23.16,75146.62,173728.889
002598.SZ,20250819,13.0,14.9,12.82,14.29,938348.85,1311494.323
002599.SZ,20250819,9.14,9.68,9.07,9.46,575858.91,541839.276
002600.SZ,20250819,11.4,12.24,11.28,12.24,6234616.62,7297420.463
002601.SZ,20250819,17.66,17.9,17.41,17.51,200601.72,351796.589
002602.SZ,20250819,13.53,13.54,13.01,13.22,1422385.54,1883408.582
002603.SZ,20250819,16.21,16.68,16.18,16.26,340394.68,559107.735
002605.SZ,20250819,27.52,27.73,27.17,27.26,123176.0,336918.219
002606.SZ,20250819,9.65,10.05,9.64,9.82,206663.86,203497.852
002607.SZ,20250819,3.0,3.01,2.97,3.0,2054725.8,613970.453
002608.SZ,20250819,7.6,7.65,7.57,7.59,135274.0,102845.852
002609.SZ,20250819,11.61,11.69,11.5,11.59,147341.0,170587.132
002611.SZ,20250819,19.0,19.8,18.12,19.29,2596673.23,4930171.586
002612.SZ,20250819,17.62,17.79,17.55,17.7,60771.01,107590.013
002613.SZ,20250819,4.09,4.11,4.07,4.09,260712.25,106412.339
002614.SZ,20250819,6.94,7.01,6.9,7.01,114454.59,79729.537
002615.SZ,20250819,8.62,8.67,8.55,8.64,110923.3,95720.084
002616.SZ,20250819,6.29,6.33,6.24,6.33,65845.0,41377.862
002617.SZ,20250819,7.86,7.94,7.77,7.88,737443.3,578929.745
002620.SZ,20250819,4.18,4.35,4.17,4.28,112705.5,48238.691
002622.SZ,20250819,3.68,3.74,3.56,3.6,805415.0,291440.651
002623.SZ,20250819,21.61,22.0,21.49,21.87,90786.14,197500.3
002624.SZ,20250819,15.64,15.82,15.36,15.38,480123.36,745177.572
002625.SZ,20250819,46.69,46.8,44.14,45.03,806231.46,3639749.81
002626.SZ,20250819,19.65,19.82,19.53,19.58,159300.24,312907.529
002627.SZ,20250819,5.64,5.67,5.6,5.62,250786.54,141280.951
002628.SZ,20250819,5.17,5.28,5.15,5.17,371196.9,192814.214
002629.SZ,20250819,6.94,7.14,6.88,7.11,267366.0,187887.176
002630.SZ,20250819,2.49,2.5,2.47,2.5,330715.6,82173.828
002631.SZ,20250819,4.89,5.04,4.85,4.96,178775.0,88466.292
002632.SZ,20250819,9.97,10.2,9.71,10.07,550091.25,547367.542
002633.SZ,20250819,17.69,18.07,16.86,16.96,101904.15,176634.05
002634.SZ,20250819,4.87,4.89,4.8,4.82,140650.6,68089.912
002635.SZ,20250819,14.2,14.29,14.01,14.29,133434.72,189283.676
002636.SZ,20250819,13.55,13.68,13.18,13.38,610884.97,818856.081
002637.SZ,20250819,10.89,11.06,10.81,11.04,97138.0,106534.955
002638.SZ,20250819,2.28,2.36,2.26,2.35,425779.53,99340.077
002639.SZ,20250819,12.14,12.35,11.9,11.96,1142070.51,1378194.656
002640.SZ,20250819,5.24,5.36,5.2,5.34,1927918.01,1020998.846
002641.SZ,20250819,4.29,4.29,4.24,4.28,112446.22,47970.891
002642.SZ,20250819,8.22,8.5,8.21,8.36,361634.5,302845.451
002643.SZ,20250819,13.12,13.13,12.91,13.0,177674.0,231439.58
002644.SZ,20250819,9.42,9.61,9.36,9.56,192853.13,183756.127
002645.SZ,20250819,17.15,18.05,17.07,18.05,981604.76,1752902.258
002646.SZ,20250819,10.12,10.42,10.09,10.26,153045.47,157397.759
002647.SZ,20250819,5.82,5.88,5.72,5.77,182024.22,105312.527
002648.SZ,20250819,18.89,19.18,18.83,18.86,459691.14,871602.906
002649.SZ,20250819,15.25,15.36,15.1,15.26,275915.65,420929.282
002650.SZ,20250819,6.02,6.02,5.98,5.98,36502.5,21877.221
002651.SZ,20250819,13.27,13.35,13.01,13.13,415154.0,547093.411
002652.SZ,20250819,3.85,3.88,3.77,3.85,267001.8,102560.419
002653.SZ,20250819,58.66,61.0,58.5,58.8,43134.77,257660.648
002654.SZ,20250819,12.4,12.44,12.27,12.32,398222.39,491480.814
002655.SZ,20250819,14.04,14.32,13.94,14.18,235111.03,331842.63
002656.SZ,20250819,2.29,2.29,2.27,2.28,55607.0,12659.822
002657.SZ,20250819,39.83,42.74,39.54,42.74,719251.99,3022920.894
002658.SZ,20250819,8.25,8.28,8.14,8.21,227139.01,186089.722
002659.SZ,20250819,5.32,5.38,5.28,5.37,167757.0,89544.541
002660.SZ,20250819,10.26,10.38,10.1,10.32,397052.42,406836.962
002661.SZ,20250819,10.47,10.57,10.4,10.55,62251.5,65427.325
002662.SZ,20250819,3.63,3.69,3.58,3.69,288305.1,104862.323
002663.SZ,20250819,1.85,1.89,1.83,1.88,438271.28,81966.234
002664.SZ,20250819,25.01,27.62,24.23,27.0,491113.53,1284867.146
002666.SZ,20250819,5.32,5.54,5.26,5.45,297370.0,161104.539
002667.SZ,20250819,12.38,12.65,12.21,12.47,88373.37,109810.532
002668.SZ,20250819,10.64,10.65,10.46,10.5,120450.59,126891.04
002669.SZ,20250819,14.52,14.62,14.27,14.31,284512.0,409984.532
002670.SZ,20250819,19.58,20.66,19.34,19.74,1680975.86,3383044.609
002671.SZ,20250819,4.85,4.91,4.83,4.9,123721.03,60374.078
002672.SZ,20250819,4.57,4.64,4.55,4.63,87181.0,40153.645
002673.SZ,20250819,9.32,9.35,9.1,9.11,1790258.87,1645508.037
002674.SZ,20250819,12.87,13.28,12.56,12.73,272341.99,349941.879
002675.SZ,20250819,17.73,18.26,17.69,17.75,200471.57,359242.551
002676.SZ,20250819,12.44,12.57,11.38,11.83,845175.92,1004113.187
002677.SZ,20250819,7.0,7.02,6.96,7.01,42692.0,29867.273
002678.SZ,20250819,4.9,4.94,4.86,4.92,62077.1,30485.607
002679.SZ,20250819,9.84,10.04,9.73,10.04,37724.2,37468.387
002681.SZ,20250819,7.06,7.31,6.96,7.2,1889747.89,1351002.577
002682.SZ,20250819,4.76,4.82,4.74,4.8,201329.5,96249.022
002683.SZ,20250819,34.48,34.55,33.33,33.84,145202.99,491783.643
002685.SZ,20250819,7.99,8.08,7.92,7.99,450448.21,360887.876
002686.SZ,20250819,7.08,7.55,7.02,7.24,354831.0,259453.792
002687.SZ,20250819,4.75,4.84,4.69,4.84,116635.66,55878.466
002688.SZ,20250819,7.5,7.74,7.45,7.49,459232.57,347720.946
002689.SZ,20250819,4.13,4.23,4.09,4.2,352583.27,147368.482
002690.SZ,20250819,17.46,17.75,17.36,17.45,74745.06,130923.985
002691.SZ,20250819,8.49,8.69,8.43,8.65,84604.1,72678.966
002692.SZ,20250819,5.09,5.13,5.06,5.12,143818.0,73491.142
002693.SZ,20250819,8.14,8.43,8.08,8.35,179178.77,148747.73
002694.SZ,20250819,4.48,4.51,4.42,4.49,97538.8,43549.96
002695.SZ,20250819,13.2,13.3,12.98,13.0,159981.2,210130.864
002696.SZ,20250819,6.49,6.68,6.45,6.67,123458.4,81634.907
002697.SZ,20250819,5.6,5.66,5.6,5.61,343214.85,193126.407
002698.SZ,20250819,17.06,17.31,16.77,17.19,220337.32,375644.859
002700.SZ,20250819,7.46,7.53,7.42,7.53,53242.22,39817.5
002701.SZ,20250819,5.46,5.58,5.44,5.56,358067.4,197357.525
002702.SZ,20250819,4.33,4.44,4.31,4.44,257734.2,113346.411
002703.SZ,20250819,12.71,12.85,12.59,12.82,310578.11,395871.731
002705.SZ,20250819,15.98,16.07,15.72,15.94,92791.35,147259.492
002706.SZ,20250819,11.32,12.0,11.15,11.8,893041.24,1047181.628
002707.SZ,20250819,7.83,7.84,7.75,7.83,294065.68,229480.429
002708.SZ,20250819,12.49,13.05,12.23,12.8,817506.13,1037213.041
002709.SZ,20250819,20.43,20.75,20.1,20.6,529128.3,1083669.581
002712.SZ,20250819,5.94,6.02,5.83,5.98,206417.0,122809.617
002713.SZ,20250819,4.79,4.88,4.79,4.87,80816.03,39146.396
002714.SZ,20250819,46.38,47.38,46.36,46.71,383484.33,1798218.097
002715.SZ,20250819,18.72,19.0,18.31,18.83,74831.5,139900.506
002716.SZ,20250819,4.92,5.0,4.87,4.93,1095651.67,539147.981
002717.SZ,20250819,1.65,1.65,1.62,1.63,640431.38,104594.492
002718.SZ,20250819,17.82,18.54,17.75,18.5,22996.8,41834.827
002719.SZ,20250819,9.63,9.95,9.6,9.93,107068.41,105169.183
002721.SZ,20250819,3.98,3.99,3.91,3.91,1275126.08,502028.722
002722.SZ,20250819,17.64,17.65,17.43,17.59,82259.0,144353.824
002723.SZ,20250819,8.94,9.25,8.9,9.09,184937.63,168154.443
002724.SZ,20250819,8.6,8.61,8.35,8.37,300915.68,253663.522
002725.SZ,20250819,14.0,15.3,14.0,14.58,309713.2,450926.816
002726.SZ,20250819,5.46,5.49,5.44,5.45,185763.05,101454.965
002727.SZ,20250819,15.05,15.66,15.03,15.35,229746.7,354577.338
002728.SZ,20250819,9.28,9.5,9.28,9.36,283699.62,267094.49
002729.SZ,20250819,15.03,15.34,14.92,15.25,97359.75,147823.041
002730.SZ,20250819,18.75,18.91,18.41,18.67,263436.0,492319.712
002731.SZ,20250819,13.56,13.69,13.38,13.39,99745.21,134670.946
002732.SZ,20250819,17.28,17.55,17.22,17.52,40873.08,71063.561
002733.SZ,20250819,22.86,24.3,22.82,24.3,687861.2,1622453.271
002734.SZ,20250819,21.27,21.35,20.71,20.73,341355.84,715761.488
002735.SZ,20250819,15.56,15.96,15.39,15.85,385269.06,606326.073
002736.SZ,20250819,14.12,14.14,13.95,14.01,422933.81,593227.845
002737.SZ,20250819,16.08,16.31,16.08,16.23,106656.46,172959.688
002738.SZ,20250819,40.8,42.2,40.68,41.63,240525.22,998750.007
002739.SZ,20250819,11.48,11.49,11.36,11.37,336215.69,383518.007
002741.SZ,20250819,21.61,22.95,21.38,22.12,513404.74,1137682.715
002742.SZ,20250819,4.95,4.96,4.79,4.8,179675.0,87366.111
002743.SZ,20250819,6.2,6.26,6.17,6.25,106492.01,66286.924
002745.SZ,20250819,8.65,8.78,8.62,8.76,249823.98,217366.457
002746.SZ,20250819,6.35,6.4,6.31,6.33,111765.1,71002.868
002747.SZ,20250819,24.36,25.1,23.9,24.54,586113.69,1435697.943
002748.SZ,20250819,9.57,9.8,9.49,9.76,63176.0,61173.257
002749.SZ,20250819,15.22,15.29,14.89,15.02,50565.95,76005.046
002752.SZ,20250819,5.71,5.74,5.68,5.72,93728.8,53544.801
002753.SZ,20250819,7.2,7.34,7.12,7.24,70689.74,51048.3
002755.SZ,20250819,26.5,26.91,25.46,25.51,108101.4,281634.579
002756.SZ,20250819,35.41,35.65,35.14,35.25,97725.74,345460.937
002757.SZ,20250819,20.41,20.85,20.23,20.55,229196.25,471215.68
002758.SZ,20250819,9.19,9.29,9.16,9.2,56853.18,52464.69
002759.SZ,20250819,10.03,10.03,9.77,9.88,244539.0,241545.908
002760.SZ,20250819,22.53,23.88,22.52,22.87,93834.67,216335.107
002761.SZ,20250819,9.54,9.58,9.5,9.52,175722.82,167603.634
002762.SZ,20250819,6.41,6.41,6.32,6.33,40790.5,25945.715
002763.SZ,20250819,7.13,7.31,7.06,7.22,94300.6,68130.434
002765.SZ,20250819,13.11,13.68,12.93,13.56,691942.64,925449.23
002766.SZ,20250819,5.4,5.48,5.4,5.47,158653.85,86475.369
002767.SZ,20250819,19.86,20.19,19.7,20.0,60738.0,121067.748
002768.SZ,20250819,48.79,50.38,47.28,48.0,58797.64,285264.054
002769.SZ,20250819,8.74,9.07,8.7,9.02,298620.99,267144.414
002771.SZ,20250819,20.48,20.6,19.5,19.51,305432.16,610016.668
002772.SZ,20250819,8.28,8.28,8.19,8.2,89792.45,73808.599
002773.SZ,20250819,44.01,44.94,43.23,43.29,70875.44,311318.161
002774.SZ,20250819,11.31,12.12,11.18,11.87,142717.0,166989.305
002775.SZ,20250819,4.57,4.6,4.51,4.58,317930.84,144549.565
002777.SZ,20250819,20.42,20.61,20.23,20.4,155056.14,316670.917
002778.SZ,20250819,18.44,18.64,18.3,18.56,34770.8,64255.338
002779.SZ,20250819,106.97,109.1,104.51,105.6,67034.32,713742.205
002780.SZ,20250819,13.77,14.41,13.61,14.21,95660.35,134844.33
002782.SZ,20250819,18.02,18.02,17.29,17.63,525935.53,927248.886
002783.SZ,20250819,10.62,10.62,10.41,10.45,203363.5,212928.675
002785.SZ,20250819,29.11,29.43,28.9,29.22,73834.36,215202.545
002786.SZ,20250819,9.93,10.02,9.83,9.98,153026.8,152128.991
002787.SZ,20250819,8.83,8.89,8.73,8.88,64028.0,56489.019
002788.SZ,20250819,8.59,8.79,8.58,8.78,95747.64,83327.218
002789.SZ,20250819,8.53,8.65,8.52,8.58,18689.2,16041.396
002790.SZ,20250819,7.62,7.74,7.59,7.73,46850.08,35962.375
002791.SZ,20250819,22.31,22.59,22.31,22.38,48094.52,107931.844
002792.SZ,20250819,17.2,17.85,16.95,17.54,340008.0,594643.128
002793.SZ,20250819,5.85,6.09,5.8,5.93,522743.8,312118.289
002795.SZ,20250819,5.06,5.16,5.01,5.14,278345.6,142113.229
002796.SZ,20250819,13.69,13.86,13.58,13.75,113345.85,155755.274
002797.SZ,20250819,7.94,8.0,7.83,7.85,1539389.8,1215297.342
002798.SZ,20250819,6.6,7.11,6.54,7.0,333032.25,226879.929
002799.SZ,20250819,8.53,8.55,8.46,8.54,96289.6,81896.925
002800.SZ,20250819,15.15,15.25,15.05,15.2,89099.36,135120.493
002801.SZ,20250819,39.6,39.8,38.0,38.58,71284.2,275071.093
002802.SZ,20250819,14.24,14.29,14.0,14.2,58258.21,82408.855
002803.SZ,20250819,16.79,16.8,16.52,16.73,73911.35,123177.757
002805.SZ,20250819,13.19,13.42,13.11,13.36,93793.9,124768.726
002806.SZ,20250819,12.31,12.49,12.26,12.48,70742.39,87850.107
002807.SZ,20250819,4.97,4.97,4.86,4.89,862888.32,424125.151
002808.SZ,20250819,5.66,5.7,5.48,5.57,64263.6,35601.039
002809.SZ,20250819,12.21,12.25,12.11,12.25,68286.91,83233.391
002810.SZ,20250819,13.69,13.9,13.54,13.72,89526.71,122920.577
002811.SZ,20250819,11.33,11.5,11.27,11.37,130616.2,148852.305
002812.SZ,20250819,31.99,32.32,31.54,31.99,170446.02,544258.352
002813.SZ,20250819,25.12,25.49,25.06,25.45,36470.5,92356.819
002815.SZ,20250819,14.8,16.29,14.62,15.82,1220447.27,1927859.465
002816.SZ,20250819,16.69,16.84,16.38,16.84,21653.0,36023.286
002817.SZ,20250819,7.94,8.08,7.89,8.06,67095.22,53831.286
002818.SZ,20250819,12.04,12.16,12.01,12.1,31184.74,37624.154
002819.SZ,20250819,31.3,34.38,30.97,32.48,214799.3,697490.961
002820.SZ,20250819,14.54,15.86,14.26,15.86,356922.4,544607.333
002821.SZ,20250819,107.39,109.6,104.02,104.56,113560.62,1211346.893
002822.SZ,20250819,3.53,3.58,3.51,3.52,73286.35,25888.128
002823.SZ,20250819,18.0,18.0,16.73,17.18,398658.64,682269.81
002824.SZ,20250819,19.4,19.6,19.0,19.25,120417.2,231940.318
002825.SZ,20250819,10.46,10.64,10.36,10.62,108291.9,113882.254
002826.SZ,20250819,24.34,25.4,24.16,24.39,200297.0,495205.754
002827.SZ,20250819,45.2,46.14,44.75,45.69,186084.27,846892.842
002828.SZ,20250819,10.49,10.76,10.44,10.67,208937.1,221770.078
002829.SZ,20250819,22.15,22.4,21.82,22.16,92265.0,203874.777
002830.SZ,20250819,16.48,17.2,16.3,16.8,77555.5,129510.372
002831.SZ,20250819,24.5,24.6,23.93,24.21,65558.0,158030.51
002832.SZ,20250819,16.08,16.5,16.05,16.49,189733.67,309615.795
002833.SZ,20250819,17.78,18.26,17.71,18.13,180607.25,325191.47
002835.SZ,20250819,19.31,19.36,19.12,19.28,37381.43,71922.408
002836.SZ,20250819,9.91,10.14,9.85,10.14,40404.4,40469.102
002837.SZ,20250819,69.0,69.99,64.99,67.46,1246640.23,8380671.977
002838.SZ,20250819,24.58,24.58,23.1,23.71,111234.15,263929.178
002839.SZ,20250819,4.52,4.54,4.48,4.49,438086.1,197242.491
002840.SZ,20250819,10.61,10.67,10.58,10.62,75654.2,80344.391
002841.SZ,20250819,38.66,39.04,38.36,38.4,66949.8,258249.815
002842.SZ,20250819,10.12,10.79,9.95,10.45,401265.89,416315.405
002843.SZ,20250819,25.03,25.95,24.88,25.34,207648.52,527050.067
002845.SZ,20250819,15.39,15.94,15.38,15.72,146069.6,229079.201
002846.SZ,20250819,17.1,18.07,16.76,17.63,483104.4,842452.155
002847.SZ,20250819,73.65,73.9,70.86,71.23,31612.58,228116.022
002848.SZ,20250819,9.01,9.01,8.6,8.87,109872.4,97122.037
002849.SZ,20250819,15.84,16.25,15.66,16.0,124877.6,198549.61
002850.SZ,20250819,121.76,131.94,121.53,128.43,113872.98,1443261.368
002851.SZ,20250819,78.48,80.66,74.27,74.77,573389.62,4386226.763
002852.SZ,20250819,11.93,11.98,11.85,11.9,87916.16,104808.207
002853.SZ,20250819,12.56,12.75,12.45,12.72,33461.0,42386.394
002855.SZ,20250819,18.82,19.53,18.82,19.35,94595.0,182108.007
002856.SZ,20250819,11.56,12.39,11.41,12.24,71575.6,85852.869
002857.SZ,20250819,26.64,26.82,25.67,26.29,61411.8,161085.1
002858.SZ,20250819,14.9,15.5,14.63,15.22,199645.0,300676.795
002859.SZ,20250819,27.67,27.68,26.8,27.32,88959.52,242622.287
002860.SZ,20250819,14.48,14.9,14.19,14.72,215537.85,312818.928
002861.SZ,20250819,16.13,16.43,16.0,16.36,117174.58,190975.804
002862.SZ,20250819,19.95,20.12,19.76,19.82,111496.49,222220.521
002863.SZ,20250819,5.31,5.48,5.28,5.46,158848.06,85638.828
002864.SZ,20250819,30.41,31.09,30.4,30.76,48850.0,150930.119
002865.SZ,20250819,44.98,49.79,44.8,47.86,221706.72,1050644.716
002866.SZ,20250819,19.07,19.1,18.78,19.05,101620.7,192785.165
002867.SZ,20250819,13.01,13.02,12.92,12.94,76538.5,99169.298
002868.SZ,20250819,28.44,29.13,27.96,28.39,10462.0,29688.51
002869.SZ,20250819,28.49,28.76,28.0,28.07,45834.81,129633.431
002870.SZ,20250819,34.86,35.77,34.13,35.17,40091.7,139956.347
002871.SZ,20250819,16.31,16.98,16.31,16.98,93243.23,156322.586
002872.SZ,20250819,4.78,4.81,4.74,4.79,31969.0,15253.115
002873.SZ,20250819,14.36,15.19,14.18,15.19,292907.06,437619.192
002875.SZ,20250819,17.01,17.5,16.86,17.24,82520.38,142269.504
002876.SZ,20250819,27.3,27.3,26.84,26.93,49684.81,134115.364
002877.SZ,20250819,8.86,9.03,8.79,9.02,80823.42,72113.75
002878.SZ,20250819,18.88,18.98,18.68,18.9,167429.45,315338.938
002879.SZ,20250819,20.63,20.96,19.49,19.99,275386.2,552177.839
002880.SZ,20250819,29.25,29.65,29.2,29.36,19182.37,56371.326
002881.SZ,20250819,51.81,53.8,51.3,52.94,185821.28,977297.217
002882.SZ,20250819,32.5,34.5,31.77,33.98,410140.69,1370185.608
002883.SZ,20250819,12.35,12.44,12.27,12.41,77451.04,95798.549
002884.SZ,20250819,18.16,18.29,17.57,17.7,121332.19,215913.054
002885.SZ,20250819,17.23,17.23,16.67,16.76,251097.58,422786.102
002886.SZ,20250819,22.42,22.52,21.97,22.26,174643.3,388526.522
002887.SZ,20250819,8.99,9.08,8.84,8.98,75022.95,67236.312
002888.SZ,20250819,19.06,19.37,18.87,19.27,34567.8,66313.585
002889.SZ,20250819,16.34,16.52,16.11,16.46,102306.17,166938.524
002890.SZ,20250819,15.38,15.75,15.2,15.66,40593.77,63033.804
002891.SZ,20250819,59.5,61.99,59.09,60.4,107928.9,653179.022
002892.SZ,20250819,14.86,15.17,14.53,14.96,385782.52,574263.463
002893.SZ,20250819,11.56,11.69,11.46,11.64,149582.39,173080.548
002895.SZ,20250819,25.8,25.97,25.53,25.57,76816.58,197477.516
002896.SZ,20250819,99.6,104.0,97.8,98.63,246866.86,2458438.054
002897.SZ,20250819,43.83,47.17,42.55,45.28,329276.36,1496613.99
002898.SZ,20250819,14.8,15.59,14.68,15.59,33584.3,51562.605
002899.SZ,20250819,23.6,23.64,23.04,23.11,38659.0,89702.477
002900.SZ,20250819,15.15,16.46,15.11,15.59,211540.28,333679.436
002901.SZ,20250819,59.0,62.11,57.77,57.88,96580.08,578964.202
002902.SZ,20250819,22.8,23.74,22.8,23.4,341371.15,799581.929
002903.SZ,20250819,21.8,23.1,21.66,22.75,141475.38,317889.776
002905.SZ,20250819,9.92,9.99,9.76,9.94,123238.4,121774.797
002906.SZ,20250819,31.89,32.67,31.68,32.47,135866.98,436985.698
002907.SZ,20250819,18.17,19.32,18.11,19.08,269303.79,506946.19
002908.SZ,20250819,11.8,11.8,11.6,11.66,261639.1,306153.801
002909.SZ,20250819,6.95,7.15,6.9,6.97,513469.13,360871.032
002910.SZ,20250819,9.95,10.47,9.86,10.35,185818.44,190798.071
002911.SZ,20250819,13.3,13.3,12.07,12.3,566268.53,705007.428
002912.SZ,20250819,27.95,28.45,27.87,27.92,55715.9,156485.147
002913.SZ,20250819,38.76,39.33,38.21,38.46,73158.82,283290.85
002915.SZ,20250819,30.0,30.73,29.06,29.61,592475.0,1768638.215
002916.SZ,20250819,146.0,149.61,143.1,145.0,115125.76,1678100.36
002917.SZ,20250819,14.71,14.89,14.66,14.83,104088.8,153866.968
002918.SZ,20250819,11.85,12.32,11.32,11.94,329400.91,386813.514
002919.SZ,20250819,15.77,15.77,15.6,15.74,41495.96,65092.797
002920.SZ,20250819,112.2,117.0,111.61,113.95,117099.63,1335622.789
002921.SZ,20250819,17.23,17.63,16.81,17.53,170973.07,293782.035
002922.SZ,20250819,20.45,20.96,19.96,20.47,511976.38,1041930.426
002923.SZ,20250819,14.37,15.5,14.25,14.92,290833.67,432168.526
002925.SZ,20250819,19.01,19.02,18.36,18.51,211840.07,394311.354
002926.SZ,20250819,10.51,10.85,10.5,10.65,730589.86,781359.319
002927.SZ,20250819,16.99,17.5,16.76,17.1,120829.48,206290.208
002928.SZ,20250819,9.01,9.08,8.92,8.95,139769.25,125545.786
002929.SZ,20250819,48.64,49.41,47.7,49.32,167942.5,812588.995
002930.SZ,20250819,12.1,12.58,12.05,12.45,128058.34,158838.836
002931.SZ,20250819,16.74,17.09,16.64,16.95,121455.12,205068.479
002932.SZ,20250819,21.08,21.38,20.9,21.08,42401.29,89685.483
002933.SZ,20250819,38.29,38.64,37.8,38.29,64646.81,246670.878
002935.SZ,20250819,16.91,16.98,16.6,16.72,76646.76,128428.715
002936.SZ,20250819,2.09,2.09,2.06,2.07,948647.38,196748.675
002937.SZ,20250819,20.14,20.31,19.55,20.03,136383.14,271332.452
002938.SZ,20250819,52.41,53.65,50.78,51.3,372504.64,1925206.984
002939.SZ,20250819,13.72,14.07,12.7,13.78,5422647.05,7272030.511
002940.SZ,20250819,50.9,55.5,50.9,54.86,256498.17,1372925.332
002941.SZ,20250819,15.8,16.05,15.48,15.48,691663.03,1086274.558
002942.SZ,20250819,19.4,19.4,19.18,19.33,26904.1,51836.051
002943.SZ,20250819,34.18,35.18,33.5,34.8,73334.32,253670.639
002945.SZ,20250819,16.63,18.29,16.5,17.32,798028.86,1398866.49
002946.SZ,20250819,17.5,17.82,17.38,17.67,63615.9,111889.833
002947.SZ,20250819,39.72,40.87,39.7,40.75,123389.04,499298.477
002948.SZ,20250819,4.93,4.95,4.89,4.9,256265.79,125917.279
002949.SZ,20250819,14.66,14.78,14.53,14.66,37062.0,54243.614
002950.SZ,20250819,9.66,9.83,9.63,9.7,84593.0,82277.971
002951.SZ,20250819,17.5,19.2,17.45,18.7,262458.63,476204.661
002952.SZ,20250819,20.94,21.15,20.76,21.09,31813.0,66843.401
002953.SZ,20250819,11.21,11.54,11.17,11.46,132483.87,150241.039
002955.SZ,20250819,26.21,26.58,26.03,26.05,48079.8,126122.494
002956.SZ,20250819,21.85,21.88,21.5,21.72,18973.81,41097.144
002957.SZ,20250819,17.5,17.67,17.2,17.6,93111.0,162480.45
002958.SZ,20250819,3.47,3.47,3.44,3.45,318308.0,109925.018
002959.SZ,20250819,51.38,51.9,50.67,50.73,17095.84,87229.172
002960.SZ,20250819,10.44,10.55,10.35,10.43,78266.97,81689.1
002961.SZ,20250819,23.56,24.47,23.16,23.78,140091.48,331676.004
002962.SZ,20250819,15.87,15.97,15.72,15.92,71461.2,113400.494
002963.SZ,20250819,13.79,13.9,13.53,13.86,60986.0,83668.534
002965.SZ,20250819,48.09,48.8,46.23,47.17,292086.73,1380098.826
002966.SZ,20250819,8.44,8.47,8.4,8.42,234862.21,197923.069
002967.SZ,20250819,21.68,21.75,21.15,21.22,94125.05,201310.597
002968.SZ,20250819,10.97,11.35,10.91,11.24,58377.3,65012.801
002969.SZ,20250819,3.63,3.67,3.61,3.66,145337.0,52967.034
002970.SZ,20250819,47.8,48.81,47.47,48.72,64928.62,312998.424
002971.SZ,20250819,28.58,28.66,27.83,28.38,31057.1,87748.173
002972.SZ,20250819,13.81,13.9,13.59,13.83,78994.86,108476.447
002973.SZ,20250819,14.63,14.96,14.47,14.74,94439.04,138824.816
002975.SZ,20250819,50.01,51.62,49.34,50.4,86188.61,434135.508
002976.SZ,20250819,26.85,27.07,26.39,26.94,24296.8,65080.902
002977.SZ,20250819,40.17,40.48,39.5,39.8,41063.76,163747.844
002978.SZ,20250819,30.78,30.78,30.41,30.5,47441.96,144964.778
002979.SZ,20250819,47.5,48.75,46.25,47.86,167849.17,795848.575
002980.SZ,20250819,24.18,24.55,23.8,24.52,56499.57,136778.357
002981.SZ,20250819,33.76,36.5,32.4,34.06,189983.29,646421.514
002982.SZ,20250819,16.18,16.25,16.07,16.18,60906.52,98602.305
002983.SZ,20250819,21.91,22.0,21.59,21.81,28852.43,62836.218
002984.SZ,20250819,19.4,19.42,19.21,19.29,148360.94,286342.747
002985.SZ,20250819,29.8,29.85,29.16,29.28,66492.34,195440.365
002986.SZ,20250819,12.69,12.7,12.4,12.48,74166.32,92642.684
002987.SZ,20250819,23.3,24.19,23.13,23.88,870255.8,2070011.942
002988.SZ,20250819,49.6,49.6,46.43,47.97,80287.15,385696.463
002989.SZ,20250819,30.3,30.84,29.93,30.75,43745.87,132493.662
002990.SZ,20250819,32.3,33.0,32.0,32.34,82003.0,265846.701
002991.SZ,20250819,58.1,58.92,57.9,58.68,15968.81,93406.653
002992.SZ,20250819,65.07,66.8,64.32,64.77,35963.7,234387.683
002993.SZ,20250819,50.5,52.2,49.16,50.69,227394.2,1157266.64
002995.SZ,20250819,19.95,20.06,19.73,19.94,61955.46,123339.223
002996.SZ,20250819,7.78,7.83,7.72,7.8,119189.21,92762.879
002997.SZ,20250819,42.07,42.1,41.21,41.75,75456.61,314633.64
002998.SZ,20250819,8.56,8.6,8.25,8.54,94899.0,79877.164
002999.SZ,20250819,7.05,7.18,6.99,7.15,96473.67,68544.23
003000.SZ,20250819,12.79,12.94,12.78,12.93,142696.37,184043.072
003001.SZ,20250819,28.28,28.29,27.88,27.98,40177.67,112673.939
003002.SZ,20250819,25.47,25.7,25.45,25.52,43129.21,110212.862
003003.SZ,20250819,12.6,12.68,12.45,12.66,73693.12,92800.399
003004.SZ,20250819,19.26,19.29,19.03,19.12,10687.0,20456.251
003005.SZ,20250819,24.7,25.27,24.28,25.01,162667.09,402356.886
003006.SZ,20250819,30.24,30.94,29.11,30.2,71700.46,214381.405
003007.SZ,20250819,40.0,41.0,39.1,39.49,78766.54,313882.478
003008.SZ,20250819,22.67,23.07,22.58,23.01,20469.1,46742.738
003009.SZ,20250819,56.0,56.57,53.94,54.33,155343.13,856630.2
003010.SZ,20250819,53.54,54.2,52.84,54.03,67339.48,361023.448
003011.SZ,20250819,20.91,21.38,20.82,21.29,30023.7,63705.881
003012.SZ,20250819,6.15,6.22,6.12,6.2,86219.54,53314.727
003013.SZ,20250819,14.7,14.76,14.62,14.74,22678.51,33339.18
003015.SZ,20250819,17.5,17.59,17.09,17.42,217771.0,377819.656
003016.SZ,20250819,8.01,8.11,7.97,8.09,66523.0,53548.443
003017.SZ,20250819,32.28,34.0,31.71,33.47,105936.2,349092.749
003018.SZ,20250819,12.59,13.18,12.47,12.88,42214.38,54257.551
003019.SZ,20250819,39.59,39.59,39.59,39.59,72569.05,287300.869
003020.SZ,20250819,34.2,37.0,34.2,37.0,89434.11,323482.191
003021.SZ,20250819,121.48,126.0,118.08,123.15,111227.69,1359229.048
003022.SZ,20250819,19.45,20.1,19.12,19.29,381213.2,739284.078
003023.SZ,20250819,23.65,23.65,23.28,23.45,62607.41,146613.0
003025.SZ,20250819,14.8,16.15,14.48,15.32,240451.18,368948.787
003026.SZ,20250819,36.6,38.0,36.38,37.65,92174.3,344708.994
003027.SZ,20250819,20.01,20.2,19.78,20.1,99053.21,198098.964
003028.SZ,20250819,35.2,35.2,34.39,34.94,29463.3,102430.524
003029.SZ,20250819,29.0,29.18,28.63,28.63,167092.46,481700.498
003030.SZ,20250819,19.25,20.17,19.22,20.05,29278.0,57594.178
003031.SZ,20250819,56.8,57.48,56.12,56.6,37070.82,210547.668
003032.SZ,20250819,6.66,6.66,6.57,6.66,71037.0,46936.543
003033.SZ,20250819,51.54,51.56,50.46,50.77,45640.75,232228.792
003035.SZ,20250819,4.71,4.73,4.69,4.7,114214.0,53743.804
003036.SZ,20250819,17.17,17.45,16.95,17.4,50537.0,87090.153
003037.SZ,20250819,8.98,9.02,8.9,9.0,150195.02,134778.827
003038.SZ,20250819,19.06,19.17,18.7,19.01,49776.69,94187.555
003039.SZ,20250819,14.22,14.22,14.06,14.09,39327.0,55531.673
003040.SZ,20250819,26.69,28.89,26.53,27.73,914947.14,2572812.673
003041.SZ,20250819,27.75,29.33,27.75,28.9,50477.12,144542.078
003042.SZ,20250819,17.24,17.76,17.12,17.59,60028.5,105052.82
003043.SZ,20250819,45.26,45.69,44.08,44.89,33840.14,152027.669
003816.SZ,20250819,3.69,3.7,3.66,3.67,1272330.04,467645.108
300001.SZ,20250819,23.7,23.85,23.55,23.58,134711.37,318746.53
300002.SZ,20250819,14.36,14.53,14.08,14.14,846591.93,1207110.511
300003.SZ,20250819,18.55,18.61,17.95,18.07,507762.78,926115.57
300004.SZ,20250819,10.31,12.07,10.25,11.44,1674322.67,1909714.764
300005.SZ,20250819,9.27,9.39,9.09,9.16,473517.17,437264.997
300006.SZ,20250819,5.08,5.39,5.08,5.17,810296.21,424504.068
300007.SZ,20250819,46.73,49.29,45.88,48.6,466767.86,2228594.914
300008.SZ,20250819,7.78,7.93,7.53,7.57,2157168.84,1648587.699
300009.SZ,20250819,11.83,12.51,11.78,11.95,1342834.9,1632321.42
300010.SZ,20250819,9.12,9.21,9.01,9.04,1098012.8,999167.942
300011.SZ,20250819,8.1,8.29,8.02,8.21,135764.63,110984.728
300012.SZ,20250819,12.77,12.84,12.62,12.66,337216.09,428457.575
300013.SZ,20250819,4.07,4.13,4.05,4.1,241288.03,98822.265
300014.SZ,20250819,47.43,48.31,47.0,47.63,393278.93,1875508.075
300015.SZ,20250819,13.22,13.27,13.06,13.08,975535.25,1283493.145
300016.SZ,20250819,10.4,11.98,10.35,11.26,1303468.26,1477022.269
300017.SZ,20250819,12.36,12.64,12.2,12.26,1701889.77,2102466.818
300018.SZ,20250819,8.93,8.93,8.73,8.84,192637.03,169918.79
300019.SZ,20250819,21.76,21.96,21.48,21.79,157878.45,343384.859
300020.SZ,20250819,3.99,4.05,3.95,4.03,263388.48,105211.705
300021.SZ,20250819,5.38,5.42,5.35,5.38,496456.48,267602.526
300022.SZ,20250819,8.6,8.67,8.46,8.55,122652.0,104683.369
300024.SZ,20250819,20.51,21.56,20.01,20.9,1488566.13,3094964.739
300025.SZ,20250819,7.16,7.29,7.12,7.26,212581.64,154031.027
300026.SZ,20250819,4.25,4.44,4.24,4.33,1233538.19,536790.787
300027.SZ,20250819,2.88,2.95,2.81,2.89,1862739.63,537246.509
300029.SZ,20250819,5.52,5.88,5.47,5.83,53745.01,30342.807
300030.SZ,20250819,9.11,9.3,8.95,8.99,293829.0,267369.573
300031.SZ,20250819,26.6,27.02,26.14,26.58,268017.52,710740.093
300032.SZ,20250819,5.7,5.98,5.64,5.86,884597.49,512709.248
300033.SZ,20250819,396.01,404.99,388.8,389.28,203162.72,8008488.565
300034.SZ,20250819,17.83,17.83,17.57,17.64,165639.29,292692.288
300035.SZ,20250819,18.32,18.46,18.05,18.27,399943.1,730684.612
300036.SZ,20250819,16.85,16.94,16.68,16.84,149689.89,251931.853
300037.SZ,20250819,41.56,42.9,41.0,41.7,338673.91,1412085.604
300039.SZ,20250819,6.79,6.99,6.78,6.88,496242.04,342735.292
300040.SZ,20250819,7.51,7.59,7.48,7.54,225111.66,169905.227
300041.SZ,20250819,11.33,11.35,11.03,11.18,389219.28,435278.819
300042.SZ,20250819,25.6,26.22,25.3,25.87,146068.63,376767.039
300043.SZ,20250819,4.66,4.75,4.63,4.7,599143.0,281812.043
300044.SZ,20250819,4.1,4.23,4.09,4.19,369401.61,154019.019
300045.SZ,20250819,21.29,21.33,20.92,21.07,311943.35,658807.418
300046.SZ,20250819,46.29,48.99,45.9,47.39,462058.54,2194583.043
300047.SZ,20250819,18.79,19.77,18.69,18.78,1233617.37,2359896.006
300048.SZ,20250819,6.73,6.84,6.69,6.79,388826.6,262324.874
300049.SZ,20250819,66.68,72.23,66.68,72.23,159353.16,1126836.804
300050.SZ,20250819,6.75,7.1,6.68,6.82,824916.0,566443.777
300051.SZ,20250819,7.76,7.76,7.63,7.66,136649.0,104911.533
300052.SZ,20250819,11.15,11.19,10.88,11.09,98437.32,108442.742
300053.SZ,20250819,14.25,14.34,14.1,14.17,250170.91,355355.095
300054.SZ,20250819,30.25,31.12,29.96,30.6,302802.7,928183.149
300055.SZ,20250819,6.47,6.58,6.44,6.56,140961.85,92039.075
300056.SZ,20250819,14.79,15.5,14.56,14.74,220351.45,327937.315
300057.SZ,20250819,5.8,5.91,5.77,5.88,318112.66,186243.599
300058.SZ,20250819,7.16,7.42,7.06,7.25,3088752.4,2241341.774
300059.SZ,20250819,27.39,27.86,26.83,26.9,9022578.2,24656743.772
300061.SZ,20250819,13.31,13.41,13.13,13.17,277569.3,367506.593
300062.SZ,20250819,5.72,5.74,5.66,5.74,100698.6,57485.797
300063.SZ,20250819,9.42,9.58,9.2,9.43,661031.5,621884.335
300065.SZ,20250819,23.2,24.32,22.07,22.71,1787282.31,4140116.078
300066.SZ,20250819,7.17,7.34,7.02,7.08,1331722.86,951575.564
300067.SZ,20250819,5.33,5.47,5.3,5.39,462714.41,249293.657
300068.SZ,20250819,17.87,18.28,17.38,17.58,783489.3,1387242.316
300069.SZ,20250819,21.72,21.72,21.46,21.55,95567.0,206117.372
300070.SZ,20250819,4.7,4.72,4.66,4.68,412186.43,193327.926
300071.SZ,20250819,5.34,5.43,5.29,5.36,399126.0,213849.248
300072.SZ,20250819,3.55,3.59,3.53,3.57,287213.13,102418.218
300073.SZ,20250819,43.21,43.82,42.83,43.48,184175.03,799327.387
300074.SZ,20250819,5.32,5.4,5.24,5.38,199176.78,106552.361
300075.SZ,20250819,18.9,19.27,18.8,18.88,338526.94,643388.167
300076.SZ,20250819,6.7,6.82,6.67,6.76,131446.0,88683.137
300077.SZ,20250819,26.65,27.1,26.32,26.51,594113.33,1587077.306
300078.SZ,20250819,3.51,3.61,3.47,3.52,888266.57,314743.055
300079.SZ,20250819,6.05,6.17,6.0,6.08,636265.17,387761.813
300080.SZ,20250819,4.41,4.43,4.34,4.41,182353.71,80009.075
300081.SZ,20250819,5.71,5.77,5.64,5.71,338510.66,193057.803
300082.SZ,20250819,7.93,8.0,7.85,7.91,180606.01,143183.332
300083.SZ,20250819,9.6,9.71,9.46,9.59,1118761.72,1071301.796
300084.SZ,20250819,8.33,8.42,8.21,8.27,140924.16,116776.328
300085.SZ,20250819,47.03,47.88,45.8,45.91,751347.61,3507648.074
300086.SZ,20250819,7.2,7.46,7.16,7.24,532332.5,389693.957
300087.SZ,20250819,9.37,9.41,9.25,9.29,219400.5,204063.741
300088.SZ,20250819,6.44,6.46,6.36,6.41,503684.92,323325.68
300091.SZ,20250819,2.93,3.15,2.9,2.99,871312.22,261306.441
300092.SZ,20250819,13.66,13.93,13.55,13.75,117329.04,160964.295
300093.SZ,20250819,13.99,14.25,13.69,13.7,50055.0,69999.075
300094.SZ,20250819,4.17,4.33,4.16,4.22,882055.22,374202.125
300095.SZ,20250819,10.93,10.93,10.69,10.84,251267.5,271110.14
300096.SZ,20250819,3.83,4.1,3.83,4.03,178601.47,71581.407
300097.SZ,20250819,5.58,5.64,5.51,5.6,64113.2,35738.314
300098.SZ,20250819,5.78,6.21,5.75,5.81,2865511.64,1702774.645
300099.SZ,20250819,7.7,7.71,7.56,7.61,335022.75,254906.53
300100.SZ,20250819,48.55,51.2,47.22,49.92,647838.02,3189642.045
300101.SZ,20250819,24.92,25.88,24.61,25.07,153692.86,387733.895
300102.SZ,20250819,13.96,14.07,13.7,13.85,431673.1,598838.22
300103.SZ,20250819,8.02,8.08,7.74,7.84,150364.58,117895.123
300105.SZ,20250819,8.01,8.02,7.9,7.98,146626.0,116592.459
300106.SZ,20250819,12.45,12.69,12.31,12.52,274283.08,343665.41
300107.SZ,20250819,8.2,8.25,8.1,8.21,109681.0,89697.555
300109.SZ,20250819,18.09,18.2,17.91,18.08,169063.33,304750.352
300110.SZ,20250819,3.59,3.66,3.57,3.59,320783.5,115986.538
300111.SZ,20250819,4.01,4.06,3.97,3.98,415712.16,166803.743
300112.SZ,20250819,9.64,9.79,9.56,9.74,79446.0,76935.375
300113.SZ,20250819,23.09,23.17,22.33,22.4,315357.94,716645.834
300115.SZ,20250819,25.45,25.98,24.81,25.41,998918.56,2532137.145
300118.SZ,20250819,10.7,10.85,10.64,10.78,351182.1,377726.494
300119.SZ,20250819,22.96,24.03,22.96,23.3,144349.38,338675.441
300120.SZ,20250819,9.34,9.34,9.17,9.24,275025.51,254090.56
300121.SZ,20250819,14.5,14.69,14.35,14.49,160174.0,232282.488
300122.SZ,20250819,23.08,24.11,22.8,23.68,717537.61,1682898.132
300123.SZ,20250819,6.82,6.83,6.68,6.78,406464.5,274775.44
300124.SZ,20250819,67.7,69.44,66.76,68.1,499193.46,3395709.169
300125.SZ,20250819,6.85,7.04,6.83,6.94,69399.05,48124.219
300126.SZ,20250819,8.04,8.1,7.9,8.08,66610.2,53456.186
300127.SZ,20250819,31.44,32.19,31.3,31.54,204244.84,648107.955
300128.SZ,20250819,5.9,5.96,5.76,5.8,797913.32,466125.4
300129.SZ,20250819,7.64,7.71,7.61,7.64,180612.7,138295.418
300130.SZ,20250819,32.19,34.6,31.98,33.4,620565.08,2064816.263
300131.SZ,20250819,9.11,9.55,9.07,9.12,667098.07,616502.986
300132.SZ,20250819,6.06,6.39,6.05,6.35,467895.0,292742.674
300133.SZ,20250819,9.29,9.58,8.84,9.43,3246212.84,3005736.77
300134.SZ,20250819,13.08,13.47,12.99,13.24,227005.0,299347.544
300135.SZ,20250819,4.44,4.48,4.42,4.44,289628.8,128804.038
300136.SZ,20250819,26.21,26.3,25.7,25.91,295460.38,767258.29
300137.SZ,20250819,7.03,7.1,6.96,7.03,66525.77,46781.287
300138.SZ,20250819,13.99,14.25,13.9,13.93,96710.18,135973.118
300139.SZ,20250819,18.93,19.05,18.82,18.95,163082.43,308770.886
300140.SZ,20250819,6.5,6.57,6.43,6.52,99673.92,64793.802
300141.SZ,20250819,9.65,9.79,9.53,9.78,57453.0,55780.532
300142.SZ,20250819,13.02,13.33,12.96,13.09,513713.29,675983.898
300143.SZ,20250819,10.65,10.71,10.52,10.56,101301.62,107390.811
300144.SZ,20250819,8.68,8.71,8.63,8.66,343964.92,298118.085
300145.SZ,20250819,5.47,5.61,5.15,5.17,2792731.99,1481235.955
300146.SZ,20250819,12.34,12.41,12.25,12.28,208200.14,256783.556
300147.SZ,20250819,8.92,10.54,8.86,10.54,668928.14,652348.934
300148.SZ,20250819,5.26,5.39,5.22,5.36,681561.49,363435.283
300149.SZ,20250819,13.3,14.25,13.25,13.72,755821.7,1049566.754
300150.SZ,20250819,5.39,5.45,5.32,5.42,166031.0,89614.299
300151.SZ,20250819,14.08,14.1,13.84,13.96,119440.23,166867.933
300152.SZ,20250819,2.86,2.99,2.84,2.92,342679.0,100209.984
300153.SZ,20250819,46.14,49.98,44.85,47.25,889296.17,4221917.461
300154.SZ,20250819,9.7,9.89,9.58,9.85,82091.02,80077.516
300155.SZ,20250819,5.28,5.33,5.21,5.32,110961.01,58810.226
300157.SZ,20250819,5.2,5.2,5.11,5.14,608836.12,313801.408
300158.SZ,20250819,8.5,9.88,8.42,9.09,2023508.59,1846609.852
300159.SZ,20250819,3.26,3.35,3.25,3.27,446169.0,146799.839
300160.SZ,20250819,6.31,6.33,6.23,6.26,282085.27,176841.911
300161.SZ,20250819,29.33,29.94,28.93,29.57,68516.0,201733.324
300162.SZ,20250819,7.92,7.99,7.86,7.97,109503.5,86975.314
300163.SZ,20250819,3.36,3.43,3.31,3.41,292512.0,99102.126
300164.SZ,20250819,5.22,5.27,5.19,5.27,399797.0,209650.722
300165.SZ,20250819,4.56,4.73,4.53,4.7,119599.0,55648.439
300166.SZ,20250819,12.39,12.96,12.27,12.48,1146415.44,1444475.908
300167.SZ,20250819,6.89,7.05,6.45,6.77,243486.76,164229.281
300168.SZ,20250819,8.23,8.27,8.13,8.15,283285.71,232014.77
300169.SZ,20250819,8.62,8.68,8.49,8.54,327915.0,280984.275
300170.SZ,20250819,19.29,20.25,19.0,19.53,1217408.98,2405326.142
300171.SZ,20250819,15.27,15.44,15.12,15.18,111106.0,169594.554
300172.SZ,20250819,5.61,5.69,5.6,5.67,230209.52,130190.444
300173.SZ,20250819,6.15,6.24,6.08,6.23,539583.03,333015.609
300174.SZ,20250819,17.61,18.86,17.38,18.33,480008.84,870521.461
300175.SZ,20250819,5.7,5.88,5.64,5.88,173591.84,100134.06
300176.SZ,20250819,7.35,7.49,7.28,7.48,98241.56,72826.459
300177.SZ,20250819,11.28,11.35,11.17,11.25,298562.32,335942.431
300179.SZ,20250819,10.9,10.94,10.45,10.62,380862.85,403254.258
300180.SZ,20250819,8.8,9.06,8.78,8.92,1302106.09,1157445.802
300181.SZ,20250819,20.48,21.07,20.25,20.28,210152.87,432170.728
300182.SZ,20250819,6.23,6.34,6.16,6.21,1623112.97,1012837.7
300183.SZ,20250819,17.78,17.93,17.58,17.76,129958.42,230847.858
300184.SZ,20250819,11.4,11.98,11.28,11.56,2254122.24,2621405.136
300185.SZ,20250819,3.07,3.12,3.04,3.05,1096466.19,336099.803
300187.SZ,20250819,5.34,5.43,5.28,5.42,71179.0,38286.899
300188.SZ,20250819,18.68,19.19,18.43,18.54,715434.15,1338358.985
300189.SZ,20250819,4.97,5.04,4.92,4.95,996056.64,494834.303
300190.SZ,20250819,3.81,3.87,3.78,3.87,115508.35,44339.088
300191.SZ,20250819,20.17,20.34,20.0,20.11,64328.51,129329.676
300192.SZ,20250819,17.7,17.97,17.3,17.5,277098.38,487071.7
300193.SZ,20250819,9.7,9.85,9.65,9.74,179657.22,174788.249
300194.SZ,20250819,4.88,5.11,4.86,4.95,769148.21,382702.276
300195.SZ,20250819,8.16,8.68,8.08,8.58,526456.7,444535.448
300196.SZ,20250819,16.86,16.9,16.4,16.66,216343.21,359493.018
300197.SZ,20250819,2.27,2.3,2.25,2.28,660623.39,150570.587
300198.SZ,20250819,2.33,2.35,2.32,2.35,176162.0,41094.033
300199.SZ,20250819,29.83,30.67,28.58,29.26,1570216.67,4635716.025
300200.SZ,20250819,11.01,11.05,10.81,10.98,219722.0,240603.886
300201.SZ,20250819,5.79,5.81,5.72,5.77,313365.37,180706.297
300203.SZ,20250819,20.63,21.36,20.22,20.91,236515.04,494066.596
300204.SZ,20250819,59.0,66.66,55.0,58.3,473190.68,2889605.655
300205.SZ,20250819,5.26,5.29,5.0,5.14,79563.01,40906.332
300206.SZ,20250819,13.38,13.57,13.27,13.37,76799.0,103120.595
300207.SZ,20250819,22.18,22.53,21.92,22.29,610612.8,1358418.811
300209.SZ,20250819,5.17,5.28,5.15,5.27,154442.83,80814.632
300210.SZ,20250819,11.25,12.19,11.21,11.94,356199.52,417153.582
300211.SZ,20250819,9.21,9.6,9.13,9.6,179394.04,167128.46
300212.SZ,20250819,23.76,24.27,23.56,23.79,270190.67,645489.669
300213.SZ,20250819,10.77,11.09,10.64,10.93,633832.37,689057.55
300214.SZ,20250819,8.42,8.44,8.11,8.18,438135.5,359979.839
300215.SZ,20250819,6.52,6.54,6.42,6.46,145213.98,93979.144
300217.SZ,20250819,5.44,5.52,5.35,5.45,503311.21,273093.722
300218.SZ,20250819,22.66,23.08,21.8,22.78,164201.0,367705.256
300219.SZ,20250819,7.07,7.24,7.02,7.24,236962.4,169514.044
300220.SZ,20250819,17.67,17.83,17.39,17.72,66202.03,116764.619
300221.SZ,20250819,9.88,10.47,9.64,10.05,658872.68,662449.161
300222.SZ,20250819,11.3,11.57,11.21,11.55,444532.95,508810.065
300223.SZ,20250819,71.6,72.28,70.42,71.08,162153.81,1159557.898
300224.SZ,20250819,18.9,19.45,18.53,18.66,804924.52,1518421.299
300225.SZ,20250819,4.29,4.36,4.22,4.29,174210.0,74658.613
300226.SZ,20250819,29.18,29.24,28.43,28.7,291247.64,838367.641
300227.SZ,20250819,9.56,9.6,9.41,9.56,207094.9,196792.219
300228.SZ,20250819,8.24,8.44,8.18,8.28,343495.45,285242.661
300229.SZ,20250819,26.02,28.01,25.68,26.73,980032.78,2628437.469
300230.SZ,20250819,5.28,5.31,5.22,5.3,235071.59,123906.733
300231.SZ,20250819,13.22,13.5,13.13,13.19,318775.54,423581.58
300232.SZ,20250819,8.38,8.54,8.03,8.17,832060.16,683076.289
300233.SZ,20250819,18.56,19.07,18.39,18.44,316157.86,592372.464
300234.SZ,20250819,5.5,5.62,5.46,5.6,129268.78,71851.645
300235.SZ,20250819,13.48,13.68,13.13,13.64,217479.85,290878.789
300236.SZ,20250819,49.79,52.7,49.79,51.49,194059.03,996790.286
300237.SZ,20250819,2.57,2.58,2.47,2.53,1812397.59,459355.143
300238.SZ,20250819,17.4,18.28,17.35,17.85,217096.21,388377.402
300239.SZ,20250819,6.0,6.12,5.99,6.04,163095.09,98604.325
300240.SZ,20250819,8.67,8.78,8.61,8.64,239198.0,207417.332
300241.SZ,20250819,6.1,6.15,6.03,6.1,196199.07,119406.343
300242.SZ,20250819,4.66,4.75,4.59,4.71,338604.0,158607.199
300243.SZ,20250819,11.32,11.39,11.19,11.31,73328.9,82831.986
300244.SZ,20250819,16.55,16.66,16.35,16.38,171853.49,283500.026
300245.SZ,20250819,18.9,19.18,18.77,18.81,220385.61,417455.239
300246.SZ,20250819,9.97,10.03,9.75,9.79,217606.67,214896.815
300247.SZ,20250819,4.74,4.89,4.7,4.83,358428.9,172715.427
300248.SZ,20250819,15.29,15.48,15.05,15.25,228925.2,348744.615
300249.SZ,20250819,18.75,19.5,18.24,18.51,653740.19,1216982.031
300250.SZ,20250819,17.29,17.65,17.14,17.51,166034.43,289462.708
300251.SZ,20250819,19.96,20.01,19.61,19.66,676773.56,1336360.004
300252.SZ,20250819,13.89,14.73,13.78,14.24,1059108.1,1505674.742
300253.SZ,20250819,10.7,10.77,10.55,10.58,711501.01,757924.97
300254.SZ,20250819,11.91,12.78,11.9,12.57,501776.16,630646.575
300255.SZ,20250819,50.81,51.5,49.2,49.25,399752.7,2003356.068
300256.SZ,20250819,4.27,4.39,4.18,4.34,1467230.0,629682.63
300257.SZ,20250819,14.41,14.69,13.9,14.08,202214.04,288081.753
300258.SZ,20250819,14.81,15.4,14.5,15.23,473855.02,709559.997
300259.SZ,20250819,3.81,3.84,3.78,3.83,156200.12,59641.88
300260.SZ,20250819,40.06,41.19,39.46,39.58,428718.65,1719062.515
300261.SZ,20250819,7.99,8.12,7.98,8.01,347265.13,279767.654
300263.SZ,20250819,8.75,8.81,8.58,8.7,462852.06,402658.946
300264.SZ,20250819,6.51,6.67,6.39,6.58,341665.02,224730.736
300265.SZ,20250819,10.14,10.21,10.05,10.11,132132.0,133693.935
300266.SZ,20250819,2.83,2.88,2.8,2.85,277772.61,79158.548
300267.SZ,20250819,4.1,4.24,4.06,4.11,1326499.27,550617.406
300268.SZ,20250819,11.5,11.69,11.37,11.48,20537.0,23594.467
300269.SZ,20250819,5.29,5.54,5.23,5.43,623156.46,338985.363
300270.SZ,20250819,8.57,8.72,8.49,8.71,69114.0,59792.226
300271.SZ,20250819,9.04,9.09,8.89,8.98,347054.0,312038.637
300272.SZ,20250819,6.71,7.09,6.7,6.99,335002.14,233647.135
300274.SZ,20250819,95.0,99.92,94.57,96.47,730130.99,7105945.462
300275.SZ,20250819,14.89,15.3,14.55,15.09,223777.6,334703.341
300276.SZ,20250819,10.8,11.33,10.61,11.07,1134875.85,1250104.232
300277.SZ,20250819,13.12,13.38,13.03,13.24,136956.93,181297.833
300278.SZ,20250819,5.88,6.05,5.81,5.98,586268.1,348029.619
300279.SZ,20250819,8.71,9.27,8.61,9.12,592041.24,530786.972
300281.SZ,20250819,8.28,8.33,8.21,8.28,260123.8,214893.539
300283.SZ,20250819,7.35,7.43,7.19,7.35,349666.25,255719.465
300284.SZ,20250819,9.84,9.93,9.79,9.85,305254.68,300499.883
300285.SZ,20250819,21.26,21.63,20.61,21.07,564401.31,1183581.298
300286.SZ,20250819,23.28,23.43,23.04,23.3,34971.55,81229.698
300287.SZ,20250819,6.02,6.37,6.01,6.07,2500837.29,1538216.416
300288.SZ,20250819,16.09,16.33,15.96,16.2,113440.06,184010.494
300289.SZ,20250819,9.9,10.37,9.7,9.72,692433.22,691196.068
300290.SZ,20250819,23.23,24.1,22.97,23.1,494123.33,1160567.278
300291.SZ,20250819,6.9,6.98,6.73,6.78,1367284.19,931840.523
300292.SZ,20250819,5.1,5.38,5.08,5.27,995889.0,522298.052
300293.SZ,20250819,27.07,27.3,26.7,26.8,203779.4,548798.248
300294.SZ,20250819,27.39,27.6,27.31,27.37,66879.93,183437.399
300295.SZ,20250819,14.98,15.42,14.89,15.13,99538.95,150820.848
300296.SZ,20250819,6.64,6.68,6.52,6.61,1161039.0,767569.779
300298.SZ,20250819,21.08,21.19,20.88,20.96,147502.38,310596.15
300299.SZ,20250819,7.7,7.85,7.61,7.69,619567.5,478779.882
300300.SZ,20250819,5.9,6.52,5.82,6.1,952865.48,588373.152
300301.SZ,20250819,2.35,2.41,2.33,2.35,160893.0,37984.987
300302.SZ,20250819,15.94,16.68,15.87,16.3,319263.18,520694.285
300303.SZ,20250819,6.63,6.75,6.59,6.64,476049.69,316884.359
300304.SZ,20250819,12.64,13.16,12.25,12.85,521446.12,663287.873
300305.SZ,20250819,6.87,6.96,6.78,6.93,83414.39,57553.773
300306.SZ,20250819,13.81,14.01,13.72,13.9,57537.0,79839.358
300307.SZ,20250819,8.01,8.1,7.94,8.04,259365.0,208161.374
300308.SZ,20250819,260.0,277.58,258.9,275.5,409789.34,11069282.565
300310.SZ,20250819,6.75,6.84,6.7,6.76,360599.46,244168.81
300311.SZ,20250819,5.26,5.29,5.23,5.25,172179.1,90448.141
300313.SZ,20250819,9.82,11.8,9.73,10.83,183570.52,197305.423
300314.SZ,20250819,14.88,15.34,14.81,15.05,147760.58,223480.677
300315.SZ,20250819,6.11,6.26,6.04,6.07,2688350.08,1653924.142
300316.SZ,20250819,29.79,30.2,29.51,29.71,185852.92,554099.285
300317.SZ,20250819,4.26,4.33,4.23,4.33,298282.06,128186.554
300318.SZ,20250819,6.38,6.49,6.36,6.41,111236.65,71424.02
300319.SZ,20250819,13.19,13.22,12.9,12.92,421748.49,548168.451
300320.SZ,20250819,10.83,11.15,10.62,10.93,201978.0,219642.813
300321.SZ,20250819,33.35,34.06,32.86,33.77,29552.3,98960.605
300322.SZ,20250819,27.49,27.61,25.88,25.9,1190866.39,3160362.931
300323.SZ,20250819,8.61,9.17,8.41,8.71,1149354.58,1000140.123
300324.SZ,20250819,5.9,6.16,5.8,5.85,2894733.48,1715294.417
300327.SZ,20250819,27.68,27.86,27.02,27.22,173400.23,473988.192
300328.SZ,20250819,14.0,16.98,13.89,16.98,1812015.32,2838544.404
300329.SZ,20250819,11.96,12.02,11.71,11.81,128053.0,151423.061
300331.SZ,20250819,23.52,23.78,23.17,23.5,150778.85,353448.516
300332.SZ,20250819,5.35,5.45,5.34,5.44,272095.57,147099.003
300333.SZ,20250819,15.01,15.18,14.89,14.92,273154.06,409819.154
300334.SZ,20250819,7.37,7.61,7.28,7.57,78326.45,58808.752
300335.SZ,20250819,6.05,6.09,5.96,6.07,169770.54,102686.061
300337.SZ,20250819,11.67,11.73,11.47,11.62,285678.94,330953.004
300338.SZ,20250819,3.88,3.89,3.83,3.85,75556.2,29130.319
300339.SZ,20250819,59.96,68.84,59.5,64.77,1854428.56,11957688.813
300340.SZ,20250819,17.45,18.73,17.25,18.27,447180.27,808572.71
300341.SZ,20250819,17.61,17.75,17.41,17.47,113217.11,198636.857
300342.SZ,20250819,18.68,18.81,18.43,18.63,232035.97,432220.652
300343.SZ,20250819,5.37,5.44,5.31,5.38,196564.71,105352.307
300344.SZ,20250819,5.9,5.92,5.76,5.77,359716.78,209320.525
300345.SZ,20250819,7.73,8.45,7.7,8.22,337930.0,275761.183
300346.SZ,20250819,35.1,35.13,34.35,34.48,396383.39,1373132.011
300347.SZ,20250819,68.3,71.18,66.96,67.0,142962.56,983402.512
300348.SZ,20250819,17.43,17.71,17.27,17.28,650098.08,1133089.01
300349.SZ,20250819,12.72,13.1,12.65,12.98,138098.27,177991.728
300350.SZ,20250819,6.71,6.72,6.56,6.61,232962.0,154064.781
300351.SZ,20250819,19.95,20.09,19.2,19.35,325221.46,634442.864
300352.SZ,20250819,6.61,6.92,6.46,6.6,2210252.64,1477393.893
300353.SZ,20250819,22.5,23.3,22.11,22.94,466651.82,1058038.292
300354.SZ,20250819,42.78,44.44,42.21,43.5,102758.45,444740.107
300355.SZ,20250819,4.48,4.61,4.48,4.53,919938.38,417919.099
300357.SZ,20250819,27.0,28.2,26.87,27.17,142022.89,389883.579
300358.SZ,20250819,8.75,9.0,8.75,8.85,154355.0,136678.357
300359.SZ,20250819,6.34,6.4,6.26,6.36,162282.0,103075.378
300360.SZ,20250819,16.91,17.0,16.72,16.84,95274.53,160209.359
300363.SZ,20250819,23.39,24.43,23.23,23.38,323512.26,771544.422
300364.SZ,20250819,27.01,27.43,26.72,26.94,536089.61,1449379.559
300365.SZ,20250819,7.15,7.27,7.09,7.24,199032.0,143422.116
300366.SZ,20250819,8.59,8.85,8.54,8.73,485403.59,423411.108
300368.SZ,20250819,16.22,17.63,16.22,16.28,1191430.32,2005856.975
300369.SZ,20250819,8.18,8.28,8.1,8.21,148051.57,121527.794
300370.SZ,20250819,3.14,3.16,3.1,3.15,509578.8,160097.177
300371.SZ,20250819,13.63,13.93,13.54,13.9,60403.3,83111.922
300373.SZ,20250819,58.23,58.5,56.88,57.19,151906.14,874705.474
300374.SZ,20250819,17.8,17.8,17.45,17.57,72506.3,127546.264
300375.SZ,20250819,5.64,5.9,5.56,5.86,1114265.97,644761.691
300376.SZ,20250819,4.71,4.91,4.71,4.77,426866.92,204732.443
300377.SZ,20250819,26.41,26.78,25.89,25.96,782722.63,2056778.802
300378.SZ,20250819,58.6,61.77,57.35,57.65,342929.86,2032221.471
300379.SZ,20250819,5.42,5.47,5.37,5.42,258700.4,140179.786
300380.SZ,20250819,50.62,51.79,50.36,50.52,116919.03,595629.494
300381.SZ,20250819,7.79,7.91,7.74,7.86,116863.0,91584.137
300382.SZ,20250819,15.16,15.54,14.95,15.29,155057.05,236314.094
300383.SZ,20250819,15.63,15.64,15.32,15.39,722997.24,1118504.635
300384.SZ,20250819,19.1,19.59,18.94,19.31,96606.83,186251.786
300385.SZ,20250819,5.58,5.72,5.52,5.71,81314.28,45956.412
300386.SZ,20250819,20.68,20.8,20.36,20.44,211075.04,433391.826
300387.SZ,20250819,9.52,9.63,9.47,9.62,81661.36,78238.571
300388.SZ,20250819,7.66,7.82,7.59,7.81,135375.31,104523.134
300389.SZ,20250819,12.18,12.26,12.06,12.26,43035.92,52487.343
300390.SZ,20250819,21.01,21.19,20.78,20.9,152739.97,320225.076
300391.SZ,20250819,4.23,4.27,4.22,4.25,73362.2,31093.335
300393.SZ,20250819,6.26,6.29,6.2,6.25,191738.19,119756.274
300394.SZ,20250819,112.01,126.5,110.51,121.98,533389.53,6470006.8
300395.SZ,20250819,99.0,100.01,93.97,95.1,288291.12,2773924.226
300396.SZ,20250819,15.11,15.24,15.04,15.13,49816.0,75418.858
300397.SZ,20250819,15.39,15.68,15.05,15.14,496936.08,757921.593
300398.SZ,20250819,24.4,24.53,23.7,23.75,671345.97,1609832.905
300399.SZ,20250819,32.72,33.2,32.2,32.26,180831.4,588907.487
300400.SZ,20250819,26.89,27.8,25.89,27.19,366858.36,983293.717
300401.SZ,20250819,15.82,15.92,15.53,15.59,287828.04,451624.929
300402.SZ,20250819,20.3,20.49,20.0,20.2,113325.0,228791.553
300403.SZ,20250819,16.38,17.02,15.98,16.76,579039.46,960714.025
300404.SZ,20250819,11.01,13.15,11.01,13.15,496995.21,618103.925
300405.SZ,20250819,6.23,6.39,6.16,6.37,133298.47,84129.767
300406.SZ,20250819,14.99,15.18,14.96,15.08,75880.25,114541.99
300407.SZ,20250819,11.93,11.96,11.72,11.82,68246.0,80568.913
300408.SZ,20250819,43.77,44.28,42.62,43.8,474479.01,2058889.543
300409.SZ,20250819,20.86,21.87,20.53,21.48,912865.6,1929328.547
300410.SZ,20250819,8.87,9.0,8.71,8.94,371357.0,330127.05
300411.SZ,20250819,14.08,14.21,13.95,14.07,226926.0,319257.978
300412.SZ,20250819,5.66,5.78,5.6,5.71,160596.68,91736.614
300413.SZ,20250819,26.44,26.94,25.45,26.38,760211.19,1994833.564
300414.SZ,20250819,14.26,14.66,14.06,14.4,268033.86,385101.372
300415.SZ,20250819,24.41,26.35,24.18,25.23,499827.03,1254148.916
300416.SZ,20250819,16.94,17.02,16.68,16.71,208167.11,349908.447
300417.SZ,20250819,13.83,14.0,13.62,13.9,41774.0,58008.0
300418.SZ,20250819,37.0,37.6,36.74,36.86,474056.34,1759691.144
300419.SZ,20250819,6.37,6.54,6.33,6.5,128523.0,82754.716
300420.SZ,20250819,4.07,4.17,4.01,4.14,699605.8,287443.891
300421.SZ,20250819,16.51,17.06,16.28,16.92,252338.86,422206.416
300422.SZ,20250819,5.33,5.44,5.28,5.42,107666.54,58020.04
300423.SZ,20250819,7.06,7.14,7.04,7.1,95686.35,67883.692
300424.SZ,20250819,17.03,17.27,16.85,17.13,103161.98,175811.727
300425.SZ,20250819,5.5,5.56,5.46,5.54,88276.68,48756.495
300426.SZ,20250819,11.96,12.23,11.24,11.32,754264.08,878010.697
300427.SZ,20250819,6.96,7.02,6.88,6.94,170814.0,118539.098
300428.SZ,20250819,19.25,19.43,19.02,19.33,113661.73,218696.196
300429.SZ,20250819,14.91,14.95,14.64,14.7,337500.07,498559.65
300430.SZ,20250819,23.86,24.43,23.43,23.54,290595.71,693392.792
300432.SZ,20250819,15.51,16.65,15.16,16.15,1562221.23,2472997.559
300433.SZ,20250819,25.7,25.98,25.13,25.62,764108.72,1949057.576
300434.SZ,20250819,10.68,11.66,10.68,11.17,424846.8,475589.594
300435.SZ,20250819,17.12,17.42,16.87,17.18,88842.73,151937.387
300436.SZ,20250819,170.39,188.93,156.3,160.88,192331.71,3329804.04
300437.SZ,20250819,9.21,9.41,9.13,9.38,63666.0,59351.007
300438.SZ,20250819,27.77,28.09,27.35,27.84,149983.84,416247.673
300439.SZ,20250819,11.68,11.85,11.6,11.77,65846.0,77469.477
300440.SZ,20250819,13.56,13.76,13.2,13.28,229222.85,307185.37
300441.SZ,20250819,9.22,9.48,9.14,9.2,319028.66,295525.497
300442.SZ,20250819,57.0,57.3,55.68,55.96,315432.49,1775397.56
300443.SZ,20250819,25.35,26.16,25.05,25.96,138051.84,354936.334
300444.SZ,20250819,7.72,7.81,7.66,7.74,344009.17,266418.368
300445.SZ,20250819,18.86,19.08,18.57,18.99,47581.02,89660.29
300446.SZ,20250819,18.56,18.68,18.2,18.5,172270.4,317771.651
300447.SZ,20250819,16.3,16.3,16.0,16.12,78368.28,126415.127
300448.SZ,20250819,6.92,7.1,6.86,7.04,271477.24,190935.052
300449.SZ,20250819,8.24,8.24,8.1,8.13,109212.4,89185.697
300450.SZ,20250819,28.28,28.73,27.99,28.42,497105.55,1411465.065
300451.SZ,20250819,5.51,5.61,5.47,5.5,651322.47,360003.53
300452.SZ,20250819,14.22,14.69,14.21,14.37,153985.29,223046.901
300453.SZ,20250819,10.89,11.64,10.76,11.06,445752.73,496501.887
300454.SZ,20250819,105.66,106.58,103.29,104.01,62506.32,656312.812
300455.SZ,20250819,18.87,19.07,18.41,18.44,393661.7,734313.212
300456.SZ,20250819,25.01,27.37,24.58,26.09,1376043.57,3558349.195
300457.SZ,20250819,21.63,22.2,21.51,21.97,312083.1,684057.115
300458.SZ,20250819,43.54,44.6,43.04,43.13,585000.43,2553304.333
300459.SZ,20250819,5.79,5.92,5.75,5.83,2185812.82,1275901.227
300460.SZ,20250819,11.57,11.75,11.49,11.68,161036.8,187306.465
300461.SZ,20250819,21.5,22.19,21.14,21.92,84798.2,183574.679
300462.SZ,20250819,10.52,11.09,10.46,10.76,92224.0,99654.286
300463.SZ,20250819,12.74,13.01,12.63,12.81,143881.0,184873.391
300464.SZ,20250819,5.95,5.95,5.82,5.88,144798.62,84947.43
300465.SZ,20250819,17.17,17.96,17.06,17.08,528054.66,917976.997
300466.SZ,20250819,10.88,11.04,10.68,10.98,238299.2,259417.961
300467.SZ,20250819,23.61,23.92,23.32,23.42,91632.0,215658.334
300468.SZ,20250819,46.03,48.08,45.88,46.16,1052565.21,4932771.757
300469.SZ,20250819,46.0,47.18,44.55,44.93,130333.41,595732.607
300470.SZ,20250819,38.82,38.96,38.35,38.57,29735.21,114846.267
300471.SZ,20250819,11.85,12.08,11.7,11.85,165456.05,196705.829
300472.SZ,20250819,5.96,6.5,5.96,6.11,296262.43,184130.855
300473.SZ,20250819,31.81,32.36,31.42,32.19,88494.55,283008.863
300474.SZ,20250819,86.5,87.45,82.12,83.27,555244.53,4700281.735
300475.SZ,20250819,37.18,37.38,36.69,36.86,132208.52,489338.47
300476.SZ,20250819,229.98,242.2,229.0,234.65,334481.14,7816104.845
300477.SZ,20250819,2.1,2.14,2.09,2.12,257600.18,54468.407
300478.SZ,20250819,16.39,16.88,16.06,16.58,92003.7,151878.587
300479.SZ,20250819,22.52,23.09,22.5,22.78,117503.16,268263.977
300480.SZ,20250819,16.86,17.05,16.61,16.9,122754.63,206358.925
300481.SZ,20250819,15.6,15.7,15.46,15.6,59355.0,92491.603
300482.SZ,20250819,24.62,25.27,24.53,24.8,184587.8,460428.038
300483.SZ,20250819,11.68,11.95,11.63,11.87,137806.57,162416.78
300484.SZ,20250819,23.33,23.48,22.95,23.24,133339.25,309196.296
300485.SZ,20250819,14.52,16.25,14.5,15.18,478878.79,740427.591
300486.SZ,20250819,22.0,24.35,20.64,23.03,731467.27,1686831.846
300487.SZ,20250819,52.98,54.78,52.75,53.89,72699.55,391504.322
300488.SZ,20250819,37.04,37.98,36.31,37.85,68026.65,253641.13
300489.SZ,20250819,43.05,44.2,42.76,43.9,71124.5,310796.538
300490.SZ,20250819,9.8,9.8,9.64,9.7,149551.0,145223.376
300491.SZ,20250819,23.5,23.8,22.36,23.33,170958.55,393014.975
300492.SZ,20250819,61.85,63.1,61.61,62.3,11522.88,71963.55
300493.SZ,20250819,21.9,22.38,21.78,22.09,401618.66,889086.545
300494.SZ,20250819,14.75,14.79,14.52,14.61,281674.6,412315.546
300496.SZ,20250819,63.5,65.79,63.18,64.38,346841.81,2238041.754
300497.SZ,20250819,10.42,10.68,10.4,10.48,150879.32,158840.828
300498.SZ,20250819,17.36,17.44,17.3,17.3,560233.39,972107.245
300499.SZ,20250819,33.76,36.04,32.1,33.0,1293645.84,4364559.682
300500.SZ,20250819,15.15,15.16,14.84,15.08,73300.3,109953.6
300501.SZ,20250819,16.5,17.35,16.43,16.91,100119.7,168619.373
300502.SZ,20250819,244.29,263.6,241.52,256.79,451175.54,11519713.373
300503.SZ,20250819,25.59,26.86,25.25,26.52,293176.4,766411.542
300504.SZ,20250819,16.39,16.7,16.34,16.59,58063.0,95966.435
300505.SZ,20250819,22.22,22.39,21.65,21.67,180240.84,394771.663
300506.SZ,20250819,4.0,4.01,3.91,3.98,88035.17,34862.915
300507.SZ,20250819,8.45,8.5,8.3,8.48,348045.53,292579.149
300508.SZ,20250819,31.85,31.95,31.2,31.74,19774.23,62442.497
300509.SZ,20250819,9.65,9.8,9.53,9.72,64742.37,62603.035
300510.SZ,20250819,6.11,6.18,5.99,6.02,369095.11,223876.175
300511.SZ,20250819,6.46,6.56,6.4,6.55,194481.75,126371.548
300512.SZ,20250819,9.1,9.15,8.92,9.11,60925.0,55176.621
300513.SZ,20250819,9.25,9.6,9.2,9.48,148617.37,140400.727
300514.SZ,20250819,14.38,14.48,14.2,14.42,37865.0,54328.798
300515.SZ,20250819,25.58,25.77,23.28,23.36,230605.7,544803.328
300516.SZ,20250819,41.6,41.99,40.61,40.74,38743.0,159497.451
300517.SZ,20250819,12.89,13.21,12.7,13.12,49244.84,64186.217
300518.SZ,20250819,13.32,14.36,13.18,13.85,128963.4,177795.763
300519.SZ,20250819,17.81,18.41,17.58,17.62,92823.0,166730.036
300520.SZ,20250819,26.0,26.38,25.68,26.03,217145.75,565854.365
300521.SZ,20250819,24.75,24.93,24.18,24.34,55916.2,136730.851
300522.SZ,20250819,14.45,14.56,14.35,14.4,109440.65,157963.712
300523.SZ,20250819,23.91,24.17,23.77,24.08,39583.5,95049.535
300525.SZ,20250819,15.81,16.05,15.58,15.89,273682.52,433801.486
300527.SZ,20250819,9.01,9.03,8.89,8.91,331862.13,296149.3
300528.SZ,20250819,18.47,19.47,18.04,19.0,563761.65,1063156.117
300529.SZ,20250819,23.73,23.95,23.51,23.57,84234.55,199699.74
300530.SZ,20250819,34.19,35.6,33.86,35.17,88859.5,310223.531
300531.SZ,20250819,20.65,20.88,20.38,20.45,235123.02,483410.462
300532.SZ,20250819,13.43,13.71,13.27,13.37,334813.87,450270.027
300533.SZ,20250819,39.38,39.66,38.35,38.45,190171.44,739189.761
300534.SZ,20250819,11.04,11.38,11.03,11.15,251612.0,282726.269
300535.SZ,20250819,22.18,23.36,21.56,22.86,57369.83,129054.886
300536.SZ,20250819,9.68,11.63,9.68,11.63,368533.5,391409.012
300537.SZ,20250819,28.26,28.37,27.5,27.8,120219.32,334794.308
300538.SZ,20250819,17.99,18.01,17.58,17.72,70702.0,125432.764
300539.SZ,20250819,32.97,37.0,31.64,35.5,329264.01,1124494.289
300540.SZ,20250819,18.0,18.13,17.69,17.86,56879.9,101464.073
300541.SZ,20250819,17.16,17.54,16.9,17.22,592869.96,1021031.935
300542.SZ,20250819,22.46,22.55,21.79,21.88,141406.27,311749.275
300543.SZ,20250819,12.65,12.85,12.47,12.76,167956.41,212802.96
300545.SZ,20250819,35.6,36.98,34.86,36.55,116649.66,420384.441
300546.SZ,20250819,30.6,31.68,30.01,30.8,288300.08,886949.827
300547.SZ,20250819,56.23,58.58,53.9,53.93,538924.79,3005796.41
300548.SZ,20250819,99.18,105.26,99.0,100.26,262394.37,2658383.873
300549.SZ,20250819,21.55,21.85,21.14,21.7,68367.0,147034.368
300550.SZ,20250819,13.42,13.7,13.29,13.58,52214.74,70717.398
300551.SZ,20250819,12.18,12.88,12.15,12.45,530858.5,664920.484
300552.SZ,20250819,28.21,28.49,28.11,28.37,51937.7,147133.321
300553.SZ,20250819,44.9,45.38,43.61,44.0,47699.52,211120.465
300554.SZ,20250819,25.77,25.88,25.0,25.53,66233.58,168361.148
300555.SZ,20250819,10.42,11.23,10.31,10.75,86642.5,93270.051
300556.SZ,20250819,21.84,22.03,21.68,21.8,86967.97,189894.181
300557.SZ,20250819,28.96,29.23,28.63,29.06,34476.65,99692.109
300558.SZ,20250819,69.0,70.85,68.5,70.21,112995.45,790903.374
300559.SZ,20250819,13.07,14.0,13.03,13.87,229307.78,316011.275
300560.SZ,20250819,14.8,14.81,14.58,14.73,61033.8,89768.976
300561.SZ,20250819,17.8,18.99,17.3,17.6,347143.3,629648.359
300562.SZ,20250819,16.43,16.89,16.4,16.47,170628.2,283582.02
300563.SZ,20250819,40.81,42.88,40.7,42.56,235894.87,988002.367
300564.SZ,20250819,17.95,18.67,17.77,18.18,117194.73,214170.537
300565.SZ,20250819,13.43,13.74,13.38,13.61,164437.0,223571.536
300566.SZ,20250819,20.47,20.47,20.12,20.23,93195.29,188963.555
300567.SZ,20250819,62.31,62.88,61.54,61.86,73875.28,458465.899
300568.SZ,20250819,12.35,12.52,12.22,12.35,623512.37,771185.013
300569.SZ,20250819,5.61,5.62,5.55,5.59,201977.13,112670.446
300570.SZ,20250819,121.0,135.0,120.62,128.14,314582.44,4012852.793
300571.SZ,20250819,33.45,33.85,33.19,33.59,78517.14,263321.217
300572.SZ,20250819,26.04,26.78,25.42,26.25,159833.46,416569.151
300573.SZ,20250819,63.61,66.21,63.61,64.29,168622.84,1094647.875
300575.SZ,20250819,6.87,6.94,6.83,6.92,126309.86,87101.545
300576.SZ,20250819,39.65,39.78,39.0,39.24,134368.53,528420.942
300577.SZ,20250819,21.83,22.41,21.72,22.06,32020.29,70837.016
300578.SZ,20250819,20.86,21.1,20.68,20.95,63259.78,132603.287
300579.SZ,20250819,40.36,41.41,39.41,39.97,177289.04,713018.577
300580.SZ,20250819,27.23,28.76,26.58,28.31,330672.3,920396.311
300581.SZ,20250819,23.09,23.39,22.66,22.88,465918.64,1065763.085
300582.SZ,20250819,14.88,16.05,14.74,15.9,251718.55,390488.728
300583.SZ,20250819,18.08,18.67,18.01,18.31,51929.48,95260.598
300584.SZ,20250819,60.0,62.0,56.17,57.08,203770.5,1195825.728
300585.SZ,20250819,15.54,15.64,15.21,15.56,54761.18,84652.506
300586.SZ,20250819,13.04,13.27,12.8,12.88,224455.71,290867.899
300587.SZ,20250819,8.4,8.53,8.08,8.27,475281.92,393779.014
300588.SZ,20250819,20.67,22.8,20.5,22.25,223363.77,490846.079
300589.SZ,20250819,16.02,16.16,15.56,15.62,360943.7,569530.626
300590.SZ,20250819,13.41,13.62,13.34,13.59,143643.08,193737.719
300591.SZ,20250819,12.67,13.79,12.33,13.52,1212014.88,1591425.087
300592.SZ,20250819,11.63,11.72,11.55,11.68,78618.3,91500.864
300593.SZ,20250819,19.29,20.53,18.35,20.28,421155.52,833871.131
300594.SZ,20250819,20.63,21.21,20.42,20.47,91313.62,189758.253
300595.SZ,20250819,19.23,19.98,19.11,19.32,239848.63,468784.931
300596.SZ,20250819,33.5,33.68,32.67,33.07,68765.09,227235.987
300597.SZ,20250819,10.0,10.19,9.94,10.17,84236.0,85120.966
300598.SZ,20250819,46.76,55.39,46.4,55.39,353467.49,1838240.058
300599.SZ,20250819,8.48,8.96,8.4,8.81,117933.3,102786.712
300600.SZ,20250819,22.35,23.06,22.0,22.02,342717.92,762569.614
300601.SZ,20250819,17.35,17.58,17.17,17.3,264561.69,459888.264
300602.SZ,20250819,34.79,36.33,33.82,35.24,744527.82,2618861.524
300603.SZ,20250819,12.96,13.66,12.96,13.04,640928.72,848929.884
300604.SZ,20250819,49.6,49.64,48.24,48.42,302655.7,1477792.226
300605.SZ,20250819,16.47,16.92,16.35,16.69,119453.74,197827.541
300606.SZ,20250819,23.74,24.24,23.18,24.15,138358.15,329241.234
300607.SZ,20250819,34.68,39.98,34.06,37.8,800276.71,2936468.601
300608.SZ,20250819,13.88,14.2,13.79,13.9,243790.36,340835.892
300609.SZ,20250819,57.81,60.6,57.51,58.97,131830.13,777447.641
300610.SZ,20250819,13.0,13.15,12.88,13.08,128068.6,166965.956
300611.SZ,20250819,25.62,26.95,25.12,26.87,282643.28,744558.736
300612.SZ,20250819,15.99,16.05,15.71,15.93,69019.0,109814.717
300613.SZ,20250819,53.72,58.8,52.79,56.82,160195.34,879833.687
300614.SZ,20250819,15.05,15.51,14.94,15.47,34391.0,52436.083
300615.SZ,20250819,15.17,15.33,15.03,15.26,84885.35,129250.014
300616.SZ,20250819,13.98,14.01,13.77,14.01,59333.64,82587.021
300617.SZ,20250819,36.1,38.02,36.06,38.0,126634.7,474185.832
300618.SZ,20250819,38.42,38.42,37.8,38.21,107473.47,409525.35
300619.SZ,20250819,27.27,27.49,26.9,27.33,68016.07,185255.42
300620.SZ,20250819,93.66,108.0,93.66,99.6,454394.24,4595481.57
300621.SZ,20250819,9.32,9.63,9.26,9.52,58703.5,55654.412
300622.SZ,20250819,36.71,36.73,35.68,36.23,171298.38,620087.915
300623.SZ,20250819,32.99,33.19,32.54,32.61,241119.02,790909.118
300624.SZ,20250819,79.86,83.53,79.34,80.8,181317.23,1479581.373
300625.SZ,20250819,12.44,12.55,12.35,12.53,33134.01,41279.69
300626.SZ,20250819,11.65,11.99,11.51,11.94,56142.6,66067.154
300627.SZ,20250819,36.71,37.42,36.5,36.62,103800.27,382854.671
300628.SZ,20250819,35.25,35.6,34.89,35.1,93152.98,327771.947
300629.SZ,20250819,22.81,22.95,22.42,22.73,121512.12,276029.43
300631.SZ,20250819,33.7,39.61,33.14,36.87,388466.47,1428640.442
300632.SZ,20250819,14.16,14.44,14.03,14.31,119480.72,170098.08
300633.SZ,20250819,34.24,35.23,34.09,34.6,52789.99,183718.353
300634.SZ,20250819,28.91,29.89,28.71,29.41,318692.64,936396.389
300635.SZ,20250819,14.72,14.76,14.15,14.44,67190.0,96058.523
300636.SZ,20250819,8.44,8.82,8.42,8.55,134876.31,116433.208
300637.SZ,20250819,16.3,16.3,15.69,15.72,401807.19,640513.28
300638.SZ,20250819,29.62,30.06,29.37,29.76,377363.29,1121869.651
300639.SZ,20250819,6.45,6.76,6.45,6.59,170724.83,113199.367
300640.SZ,20250819,6.73,6.9,6.66,6.87,158774.71,108162.945
300641.SZ,20250819,23.55,23.55,23.2,23.35,130107.86,304151.611
300642.SZ,20250819,19.25,23.09,19.11,23.09,297639.08,644862.173
300643.SZ,20250819,25.53,27.1,25.11,26.51,112601.0,294362.036
300644.SZ,20250819,40.51,40.51,38.53,39.06,142920.65,561586.819
300645.SZ,20250819,19.4,19.49,19.17,19.34,99187.0,191415.539
300647.SZ,20250819,7.47,7.64,7.36,7.56,345257.66,258745.904
300648.SZ,20250819,58.41,62.8,57.3,60.53,95823.97,570931.918
300649.SZ,20250819,17.17,18.98,17.17,18.22,176563.98,320926.838
300650.SZ,20250819,15.06,15.08,14.83,14.99,91763.9,137407.625
300651.SZ,20250819,22.98,24.28,22.86,23.0,162772.26,379554.281
300652.SZ,20250819,60.13,63.5,59.35,60.63,87172.8,532717.875
300653.SZ,20250819,22.33,22.85,22.28,22.39,42608.98,96063.658
300654.SZ,20250819,11.16,11.34,11.03,11.24,172630.06,193128.989
300655.SZ,20250819,11.89,11.93,11.61,11.67,787608.36,924366.621
300656.SZ,20250819,28.34,28.48,27.87,28.05,34210.54,96000.261
300657.SZ,20250819,34.12,35.78,33.88,34.35,527373.07,1837954.932
300658.SZ,20250819,6.9,7.22,6.81,7.18,158945.61,112609.115
300659.SZ,20250819,15.5,16.07,15.49,15.8,141463.61,223950.459
300660.SZ,20250819,50.0,55.4,49.12,54.3,381021.59,1999599.229
300661.SZ,20250819,76.35,77.17,75.01,75.48,156558.35,1186589.701
300662.SZ,20250819,32.74,33.24,32.22,32.3,44894.0,146709.773
300663.SZ,20250819,20.0,21.0,19.92,20.07,683360.33,1392569.252
300664.SZ,20250819,5.6,5.81,5.58,5.73,205101.04,117516.542
300665.SZ,20250819,10.33,11.0,10.19,10.87,348237.95,372153.287
300666.SZ,20250819,78.5,78.5,76.66,76.86,130719.67,1010398.253
300667.SZ,20250819,16.9,16.95,16.7,16.84,44527.0,74993.236
300668.SZ,20250819,18.29,19.18,18.18,18.65,28813.0,53905.993
300669.SZ,20250819,33.79,36.8,33.79,36.03,35754.5,128155.441
300670.SZ,20250819,7.74,7.8,7.63,7.74,152883.15,118175.298
300671.SZ,20250819,41.04,43.38,40.5,42.96,239129.0,1012806.104
300672.SZ,20250819,97.0,97.0,95.25,95.87,83985.66,806123.852
300673.SZ,20250819,16.77,17.27,16.66,17.0,132234.2,225321.79
300674.SZ,20250819,27.46,28.28,27.23,28.06,589541.11,1638028.598
300675.SZ,20250819,16.06,16.31,15.95,16.14,54423.0,87937.644
300676.SZ,20250819,52.49,52.98,51.68,51.8,70444.71,368854.382
300677.SZ,20250819,38.2,38.68,36.77,37.07,246156.9,923261.601
300678.SZ,20250819,39.03,39.49,38.5,38.55,178555.12,693592.219
300679.SZ,20250819,48.3,49.59,48.04,48.93,147657.77,720712.196
300680.SZ,20250819,40.57,45.96,39.26,45.89,340756.84,1470444.515
300681.SZ,20250819,32.28,32.86,31.1,32.63,163383.47,524703.544
300682.SZ,20250819,22.99,24.23,22.62,23.3,542983.29,1260465.388
300683.SZ,20250819,57.4,60.95,54.33,54.33,153269.04,888733.226
300684.SZ,20250819,37.77,38.13,35.62,36.15,388252.73,1419367.443
300685.SZ,20250819,24.26,24.97,24.18,24.4,136742.98,336570.903
300686.SZ,20250819,10.92,11.23,10.77,11.14,84663.96,93087.06
300687.SZ,20250819,32.0,33.26,31.6,32.16,218688.68,710472.139
300688.SZ,20250819,33.95,34.38,33.6,33.85,90868.5,308811.159
300689.SZ,20250819,59.97,60.98,58.08,59.6,50740.9,303661.955
300690.SZ,20250819,40.0,40.0,38.31,39.46,289640.17,1135032.23
300691.SZ,20250819,20.37,20.94,20.18,20.64,109679.39,225617.795
300692.SZ,20250819,6.67,6.7,6.53,6.6,150855.68,99343.415
300693.SZ,20250819,42.0,44.73,40.3,40.6,436475.97,1827353.701
300694.SZ,20250819,13.47,13.65,13.32,13.59,77917.0,105138.477
300695.SZ,20250819,110.0,113.67,106.88,107.87,26279.05,286398.089
300696.SZ,20250819,29.45,29.58,28.58,28.86,234623.88,679482.895
300697.SZ,20250819,15.74,15.76,15.41,15.62,186677.2,290613.76
300698.SZ,20250819,49.6,51.27,49.15,49.33,126134.43,630722.073
300699.SZ,20250819,31.64,31.66,31.02,31.28,346236.82,1083519.782
300700.SZ,20250819,12.33,12.48,12.13,12.21,165661.16,203242.101
300701.SZ,20250819,11.26,11.3,11.04,11.28,96201.6,107655.264
300702.SZ,20250819,27.5,27.91,27.31,27.43,103960.89,286504.717
300703.SZ,20250819,33.99,37.08,33.64,35.25,210189.0,744341.498
300705.SZ,20250819,18.93,19.74,18.75,19.27,400592.61,771307.364
300706.SZ,20250819,50.0,50.95,48.01,48.75,253034.75,1251110.676
300707.SZ,20250819,16.23,16.96,15.85,16.64,253754.71,416670.848
300708.SZ,20250819,9.18,9.18,8.95,9.07,549446.35,496735.226
300709.SZ,20250819,49.58,51.3,48.66,50.46,197641.8,987840.984
300710.SZ,20250819,20.7,20.96,20.41,20.88,37882.8,78486.671
300711.SZ,20250819,23.76,23.96,23.5,23.74,70772.0,168142.192
300712.SZ,20250819,26.0,26.34,25.82,26.23,32447.43,84659.838
300713.SZ,20250819,20.48,21.07,20.14,20.3,76416.57,156192.144
300715.SZ,20250819,10.86,11.05,10.73,10.92,36848.2,40025.446
300716.SZ,20250819,8.63,9.0,8.62,8.78,44202.0,38987.739
300717.SZ,20250819,23.46,23.46,22.65,22.79,76136.69,174759.796
300718.SZ,20250819,99.93,103.99,98.02,99.5,247683.06,2482525.76
300719.SZ,20250819,19.01,19.19,18.76,18.92,84868.24,160725.298
300720.SZ,20250819,24.79,25.34,24.51,24.97,66152.03,164943.571
300721.SZ,20250819,15.01,15.08,14.83,14.96,55030.1,82253.737
300722.SZ,20250819,38.66,38.76,38.1,38.23,88801.85,339732.753
300723.SZ,20250819,71.0,76.0,69.44,71.54,179106.07,1309972.946
300724.SZ,20250819,73.88,77.39,73.7,74.48,278191.81,2106379.783
300725.SZ,20250819,49.15,50.25,48.2,48.21,196481.03,964926.32
300726.SZ,20250819,36.98,37.3,36.3,36.62,82270.2,302171.6
300727.SZ,20250819,42.66,43.58,40.76,41.28,240369.67,1005330.753
300729.SZ,20250819,14.78,14.8,14.64,14.76,68104.64,100368.697
300730.SZ,20250819,20.14,22.27,19.85,20.12,835779.23,1740293.682
300731.SZ,20250819,56.15,58.0,54.29,56.03,283501.06,1579393.651
300732.SZ,20250819,10.82,11.08,10.52,10.52,337250.0,364713.962
300733.SZ,20250819,22.2,22.99,21.5,22.58,299582.6,664997.545
300735.SZ,20250819,28.72,30.28,28.61,29.94,509694.1,1513368.741
300736.SZ,20250819,11.87,12.16,11.7,12.14,62691.46,75382.065
300737.SZ,20250819,5.39,5.41,5.34,5.37,148216.01,79581.844
300738.SZ,20250819,22.25,22.4,21.83,22.0,673720.78,1486530.892
300739.SZ,20250819,16.97,19.3,16.87,18.57,553800.72,995328.345
300740.SZ,20250819,18.4,19.17,18.3,18.9,214691.67,404834.245
300741.SZ,20250819,19.35,19.37,18.53,18.85,86860.0,163828.62
300743.SZ,20250819,20.42,20.99,20.18,20.85,42841.61,88846.258
300745.SZ,20250819,21.49,21.49,20.82,21.12,61213.0,129152.135
300746.SZ,20250819,16.86,16.86,16.5,16.64,77451.0,129125.157
300747.SZ,20250819,30.19,30.88,29.53,29.59,245543.99,737528.744
300748.SZ,20250819,29.13,29.63,28.59,28.84,678938.18,1976654.088
300749.SZ,20250819,8.67,8.97,8.57,8.95,77114.6,68081.772
300750.SZ,20250819,283.0,284.0,276.22,277.8,244285.85,6816442.573
300751.SZ,20250819,78.43,79.08,77.33,77.45,47230.75,368658.251
300752.SZ,20250819,23.58,24.24,23.48,23.97,140076.78,333894.319
300753.SZ,20250819,35.29,36.21,34.69,35.42,135586.49,481199.585
300755.SZ,20250819,18.44,19.15,18.4,18.79,74394.8,140281.339
300756.SZ,20250819,32.99,32.99,31.5,32.15,34045.08,109629.865
300757.SZ,20250819,201.86,210.88,200.12,200.93,89141.68,1825657.683
300758.SZ,20250819,15.4,15.4,15.11,15.18,155025.78,235695.586
300759.SZ,20250819,31.0,32.0,29.98,29.99,630572.76,1947984.577
300760.SZ,20250819,236.65,238.49,234.14,234.18,69015.88,1629000.476
300761.SZ,20250819,19.8,19.88,19.33,19.5,185703.73,364189.11
300762.SZ,20250819,26.76,27.1,26.2,26.3,405825.53,1075968.354
300763.SZ,20250819,65.2,66.57,63.99,64.03,188785.31,1230887.325
300765.SZ,20250819,50.93,51.98,48.86,48.88,113903.23,570874.262
300766.SZ,20250819,43.58,44.95,42.82,42.84,622553.45,2722121.41
300767.SZ,20250819,20.03,21.65,20.03,21.3,506701.46,1059947.944
300768.SZ,20250819,18.25,18.62,18.18,18.32,126660.92,233278.904
300769.SZ,20250819,36.58,37.24,36.23,36.94,137795.75,506692.826
300770.SZ,20250819,42.9,43.11,41.91,42.05,77337.02,326986.904
300771.SZ,20250819,13.86,14.03,13.61,13.76,129943.7,179088.047
300772.SZ,20250819,15.33,15.38,14.86,14.93,276285.54,415362.883
300773.SZ,20250819,28.8,31.28,28.69,30.26,1155636.66,3455738.301
300774.SZ,20250819,9.52,9.59,9.47,9.54,56973.2,54296.249
300775.SZ,20250819,27.62,27.64,27.01,27.18,204160.23,555302.26
300776.SZ,20250819,74.53,75.66,72.67,72.82,65067.12,479415.435
300777.SZ,20250819,37.47,37.47,36.71,37.05,108219.13,400658.092
300778.SZ,20250819,16.21,16.49,15.95,16.24,142151.76,230410.356
300779.SZ,20250819,211.0,215.8,206.92,206.99,42557.35,892050.133
300780.SZ,20250819,19.8,19.8,19.2,19.38,136077.19,264511.788
300781.SZ,20250819,44.44,44.5,43.31,43.77,105183.66,460431.668
300782.SZ,20250819,80.1,82.88,78.6,81.31,162361.9,1308667.348
300783.SZ,20250819,26.38,26.5,26.21,26.37,122203.28,322243.976
300784.SZ,20250819,56.31,56.99,55.5,56.99,13032.81,73430.07
300785.SZ,20250819,34.59,34.89,33.85,34.57,104097.55,358083.506
300786.SZ,20250819,16.3,16.6,16.11,16.35,99975.79,163619.189
300787.SZ,20250819,14.79,15.04,14.64,15.0,75916.9,112686.16
300788.SZ,20250819,32.66,32.85,32.45,32.7,29772.14,97241.51
300789.SZ,20250819,31.7,31.75,30.2,31.0,34271.88,105772.092
300790.SZ,20250819,26.85,26.97,25.7,26.28,300089.0,788893.034
300791.SZ,20250819,23.73,23.84,23.52,23.7,31696.49,74970.382
300792.SZ,20250819,28.92,29.45,28.45,28.54,140445.0,405729.925
300793.SZ,20250819,19.59,20.33,19.5,20.33,410631.65,820495.628
300795.SZ,20250819,15.35,15.57,15.23,15.49,31051.7,48073.553
300796.SZ,20250819,11.54,12.63,11.43,12.25,337046.03,400917.676
300797.SZ,20250819,15.23,15.3,15.0,15.17,64187.5,97282.277
300798.SZ,20250819,8.95,9.13,8.86,9.02,194635.13,175924.239
300800.SZ,20250819,12.12,12.29,12.01,12.21,36749.5,44715.621
300801.SZ,20250819,25.52,25.65,24.7,24.97,142233.51,356025.614
300802.SZ,20250819,22.65,22.92,21.99,22.81,129488.12,290183.456
300803.SZ,20250819,123.26,129.09,123.0,126.55,854041.74,10770978.917
300804.SZ,20250819,42.45,43.72,42.17,43.0,34569.19,148152.281
300805.SZ,20250819,11.84,11.95,11.68,11.93,82581.0,98120.003
300806.SZ,20250819,23.86,24.18,23.0,23.3,289131.58,682384.038
300807.SZ,20250819,43.82,44.17,43.2,44.15,52426.0,228673.343
300808.SZ,20250819,32.92,32.99,31.5,31.62,62807.0,201440.718
300809.SZ,20250819,46.61,52.5,45.0,52.0,234514.14,1146584.224
300810.SZ,20250819,62.75,65.47,60.99,65.47,297417.25,1908766.068
300811.SZ,20250819,73.53,74.88,70.51,74.29,158537.36,1157502.227
300812.SZ,20250819,24.89,25.18,24.48,24.82,45990.6,113849.313
300813.SZ,20250819,24.4,27.5,24.4,26.25,78283.53,206682.706
300814.SZ,20250819,50.0,50.86,48.43,49.1,204418.36,1010769.249
300815.SZ,20250819,30.0,30.55,28.31,29.07,425977.84,1246130.685
300816.SZ,20250819,41.99,42.26,40.4,41.04,57135.5,235021.578
300817.SZ,20250819,23.54,24.47,23.18,24.35,125823.19,301121.068
300818.SZ,20250819,25.93,26.26,25.71,25.84,42302.62,110036.991
300819.SZ,20250819,26.8,27.91,26.16,27.91,106143.81,289123.062
300820.SZ,20250819,51.06,51.58,50.47,50.9,33311.42,169528.829
300821.SZ,20250819,10.6,10.72,10.48,10.53,283908.84,300116.341
300822.SZ,20250819,21.01,21.49,20.29,20.6,144148.09,297504.079
300823.SZ,20250819,16.22,16.56,16.08,16.52,30193.0,49447.242
300824.SZ,20250819,13.06,13.3,12.87,13.26,113884.54,149399.402
300825.SZ,20250819,11.99,12.24,11.85,12.14,254536.79,308016.477
300826.SZ,20250819,18.78,18.78,18.42,18.62,50294.66,93533.813
300827.SZ,20250819,24.74,25.09,24.46,24.55,212409.27,524980.581
300828.SZ,20250819,18.65,18.78,18.36,18.66,59275.5,110109.617
300829.SZ,20250819,19.06,19.61,18.87,19.27,127337.49,244495.123
300830.SZ,20250819,13.01,14.0,12.81,13.81,778712.08,1056527.551
300831.SZ,20250819,15.85,15.88,15.67,15.74,80094.0,126138.397
300832.SZ,20250819,58.94,59.68,58.64,59.19,35942.58,212780.525
300833.SZ,20250819,36.21,37.49,35.76,36.7,26312.03,96290.687
300834.SZ,20250819,23.79,23.99,23.71,23.95,22432.0,53513.379
300835.SZ,20250819,65.8,67.28,63.68,64.66,113048.3,734312.98
300836.SZ,20250819,40.3,40.49,39.78,40.12,18894.43,75747.171
300837.SZ,20250819,25.07,25.27,24.78,25.14,13612.0,34050.7
300838.SZ,20250819,15.1,15.82,15.08,15.77,39250.0,60927.429
300839.SZ,20250819,15.02,15.37,14.7,15.34,155480.26,233172.026
300840.SZ,20250819,23.26,24.37,23.0,23.71,271657.0,644295.393
300841.SZ,20250819,87.0,89.89,85.7,85.99,74130.23,650066.192
300842.SZ,20250819,45.5,46.15,45.28,45.58,46222.74,211131.108
300843.SZ,20250819,48.81,50.45,47.81,49.3,212385.99,1040868.431
300844.SZ,20250819,54.49,55.47,52.82,52.99,29959.28,161687.868
300845.SZ,20250819,13.18,13.43,12.9,13.11,238586.39,313034.302
300846.SZ,20250819,21.88,22.38,21.66,22.13,628940.85,1389391.501
300847.SZ,20250819,20.51,20.76,20.09,20.18,130657.5,265499.232
300848.SZ,20250819,16.73,16.9,16.45,16.8,61039.95,101843.041
300849.SZ,20250819,13.27,13.32,13.1,13.29,34837.71,46122.159
300850.SZ,20250819,39.24,39.61,38.56,38.75,129809.34,505831.988
300851.SZ,20250819,28.76,28.88,28.36,28.8,11074.0,31785.064
300852.SZ,20250819,35.03,36.16,34.41,35.63,52180.84,184553.395
300853.SZ,20250819,26.73,27.33,26.0,26.92,92209.8,246631.698
300854.SZ,20250819,17.74,18.8,17.44,18.6,69158.0,126195.334
300855.SZ,20250819,31.4,31.4,30.0,30.66,104944.38,322341.679
300856.SZ,20250819,15.52,15.59,15.39,15.45,59279.06,91729.909
300857.SZ,20250819,95.01,101.0,95.0,97.82,252580.69,2492830.939
300858.SZ,20250819,19.65,20.37,19.43,20.16,143531.47,286971.059
300859.SZ,20250819,41.21,43.12,40.57,41.84,185009.18,773041.387
300860.SZ,20250819,30.88,30.99,30.37,30.57,59206.52,181502.794
300861.SZ,20250819,15.02,15.21,14.95,15.08,80324.29,121474.826
300862.SZ,20250819,27.88,28.24,27.31,27.5,103667.76,286638.857
300863.SZ,20250819,37.28,38.28,37.0,38.0,56641.95,213548.889
300864.SZ,20250819,21.15,21.31,20.93,21.3,13423.31,28405.683
300865.SZ,20250819,34.87,36.89,34.55,36.8,94816.5,341493.944
300866.SZ,20250819,146.52,148.58,143.03,143.4,33916.07,491473.827
300867.SZ,20250819,18.17,18.18,17.95,17.98,59687.0,107649.508
300868.SZ,20250819,30.89,31.73,30.72,31.51,31270.39,97691.526
300869.SZ,20250819,18.83,19.07,18.53,18.62,128621.18,241658.184
300870.SZ,20250819,248.97,259.99,241.0,257.76,83133.28,2084124.565
300871.SZ,20250819,24.48,24.65,23.89,24.13,183153.65,443728.623
300872.SZ,20250819,26.48,27.1,26.12,26.19,485814.59,1285376.454
300873.SZ,20250819,24.62,24.7,24.18,24.52,78766.78,192592.432
300875.SZ,20250819,57.96,58.9,55.77,56.4,132817.69,758554.42
300876.SZ,20250819,30.4,30.9,30.15,30.22,12998.0,39483.436
300877.SZ,20250819,27.85,27.88,26.78,27.04,65259.94,177562.22
300878.SZ,20250819,25.02,27.24,24.8,24.86,105873.16,273511.519
300879.SZ,20250819,35.29,40.55,34.5,38.38,369190.35,1379359.305
300880.SZ,20250819,20.38,20.55,20.31,20.5,34546.32,70688.768
300881.SZ,20250819,36.6,37.25,36.51,36.94,22591.6,83220.881
300882.SZ,20250819,17.16,17.23,16.98,17.15,49664.18,84942.553
300883.SZ,20250819,6.94,6.94,6.73,6.84,174174.0,118620.206
300884.SZ,20250819,14.9,14.98,14.6,14.76,162167.24,239683.292
300885.SZ,20250819,27.76,28.39,26.68,28.36,255901.33,704132.347
300886.SZ,20250819,30.28,31.15,30.18,31.15,51229.0,157450.455
300887.SZ,20250819,8.98,8.99,8.86,8.98,122963.68,109739.751
300888.SZ,20250819,41.35,41.7,41.07,41.28,62387.22,257824.359
300889.SZ,20250819,15.85,15.85,15.51,15.63,45601.88,71297.685
300890.SZ,20250819,31.1,32.99,30.8,32.1,141603.37,453324.488
300891.SZ,20250819,10.16,10.96,10.02,10.55,300519.63,315005.548
300892.SZ,20250819,34.18,35.1,33.55,34.86,78686.66,272305.15
300893.SZ,20250819,25.85,26.73,25.41,26.65,47969.43,125043.915
300894.SZ,20250819,14.41,14.79,14.27,14.68,122161.7,177850.288
300895.SZ,20250819,49.0,50.3,48.5,50.05,139196.39,690561.587
300896.SZ,20250819,181.03,183.9,179.53,181.32,48499.01,880403.818
300897.SZ,20250819,28.7,33.18,28.26,32.96,122099.15,372265.291
300898.SZ,20250819,28.42,29.18,28.2,28.37,92530.31,264365.222
300899.SZ,20250819,25.16,25.46,25.06,25.23,4801.0,12106.128
300900.SZ,20250819,21.0,21.08,20.62,20.84,115736.36,240818.419
300901.SZ,20250819,17.52,17.85,17.41,17.53,36002.51,63436.188
300902.SZ,20250819,30.14,31.88,28.8,31.1,168429.71,511533.277
300903.SZ,20250819,12.41,12.53,12.15,12.4,387503.34,479017.685
300904.SZ,20250819,58.6,65.0,58.6,63.23,50544.6,313408.618
300905.SZ,20250819,34.15,34.44,33.45,33.55,92142.54,311084.912
300906.SZ,20250819,33.07,34.09,32.61,33.57,39173.34,130899.158
300907.SZ,20250819,40.18,44.79,39.98,42.88,173512.73,723454.124
300908.SZ,20250819,31.33,32.15,30.98,31.71,35227.92,111674.786
300909.SZ,20250819,33.22,34.19,32.9,33.69,53262.13,178210.461
300910.SZ,20250819,60.1,60.47,58.51,59.26,19940.7,117986.611
300911.SZ,20250819,52.3,52.46,50.15,50.98,41758.47,213728.683
300912.SZ,20250819,16.0,16.4,15.75,16.18,57447.21,92630.751
300913.SZ,20250819,53.2,64.0,53.01,59.8,345960.52,2005332.726
300915.SZ,20250819,26.83,26.99,26.61,26.9,18511.71,49714.103
300916.SZ,20250819,46.46,48.5,45.01,47.9,73469.55,343281.127
300917.SZ,20250819,47.53,48.29,46.94,47.49,127984.92,610315.374
300918.SZ,20250819,20.91,21.78,20.11,21.28,369393.24,773245.394
300919.SZ,20250819,35.51,35.56,35.1,35.34,80115.19,283000.037
300920.SZ,20250819,59.66,60.2,58.18,59.9,20294.41,120399.873
300921.SZ,20250819,25.28,25.55,24.95,25.4,97196.79,245766.343
300922.SZ,20250819,28.54,28.67,27.97,28.12,83218.76,234265.466
300923.SZ,20250819,27.04,27.13,26.51,27.1,18364.26,49373.846
300925.SZ,20250819,25.0,25.84,24.73,25.26,372505.54,942319.038
300926.SZ,20250819,28.2,29.96,27.77,29.17,128788.06,371205.039
300927.SZ,20250819,28.2,28.31,27.86,28.03,40409.9,113446.921
300928.SZ,20250819,36.01,36.8,35.69,36.45,22483.0,81494.944
300929.SZ,20250819,11.44,11.89,11.33,11.75,47099.6,54835.309
300930.SZ,20250819,33.63,34.17,33.3,33.59,28385.74,95571.899
300931.SZ,20250819,9.44,10.82,9.32,10.07,315516.26,316925.324
300932.SZ,20250819,12.26,12.29,12.06,12.21,42188.37,51414.514
300933.SZ,20250819,8.53,8.83,8.42,8.73,260208.14,225907.482
300935.SZ,20250819,26.67,28.45,26.33,28.41,37203.2,102984.7
300936.SZ,20250819,43.78,43.86,42.9,43.56,22396.1,97244.1
300937.SZ,20250819,30.11,31.13,29.99,30.61,32757.0,100118.612
300938.SZ,20250819,24.7,24.94,24.3,24.52,80901.57,199011.274
300939.SZ,20250819,35.1,35.4,33.98,34.4,78074.16,268554.076
300940.SZ,20250819,29.15,31.44,28.92,30.57,196770.33,598505.143
300941.SZ,20250819,29.61,30.8,28.86,28.92,146468.03,432441.266
300942.SZ,20250819,13.5,13.65,13.24,13.42,113723.51,152651.74
300943.SZ,20250819,18.3,18.35,17.87,18.04,96827.69,175012.965
300945.SZ,20250819,18.66,18.85,18.57,18.74,88597.0,165951.167
300946.SZ,20250819,58.2,60.44,57.2,59.75,77335.39,457075.715
300947.SZ,20250819,22.22,22.85,22.22,22.42,52472.18,118397.628
300948.SZ,20250819,11.48,12.9,11.35,12.26,138609.48,169451.865
300949.SZ,20250819,41.97,42.65,41.61,42.4,14033.0,59484.556
300950.SZ,20250819,30.68,30.98,30.05,30.28,76209.05,231410.966
300951.SZ,20250819,39.2,42.58,38.9,39.87,148150.98,599209.292
300952.SZ,20250819,29.96,30.08,29.22,29.6,80869.6,238994.605
300953.SZ,20250819,123.1,131.52,119.71,123.81,109962.27,1364319.757
300955.SZ,20250819,20.31,20.66,20.12,20.6,30371.0,62273.461
300956.SZ,20250819,17.44,17.6,17.2,17.6,86668.1,151021.955
300957.SZ,20250819,46.0,46.38,45.74,45.93,48367.36,222741.367
300958.SZ,20250819,14.01,14.28,13.83,14.25,72002.06,101626.635
300959.SZ,20250819,47.69,47.8,46.6,47.28,25213.0,118800.146
300960.SZ,20250819,41.03,41.03,33.71,35.38,162280.41,581555.892
300961.SZ,20250819,21.04,21.47,20.38,20.49,265076.4,550787.902
300962.SZ,20250819,18.02,18.35,17.9,18.34,82725.0,150540.525
300963.SZ,20250819,21.14,21.15,20.59,20.62,210981.57,437975.539
300964.SZ,20250819,48.89,50.59,48.65,49.88,48880.32,242933.65
300965.SZ,20250819,78.43,80.35,76.6,77.75,29956.98,235132.802
300966.SZ,20250819,24.19,25.62,24.01,25.03,125559.85,312471.501
300967.SZ,20250819,22.32,22.57,22.03,22.05,143341.95,318998.446
300968.SZ,20250819,15.59,15.7,15.33,15.63,106362.06,165416.46
300969.SZ,20250819,92.42,96.0,90.24,94.44,32247.15,300522.152
300970.SZ,20250819,15.3,15.78,15.18,15.7,42485.0,66151.515
300971.SZ,20250819,22.09,22.2,21.75,21.95,54092.18,118911.443
300972.SZ,20250819,154.4,161.55,154.05,158.65,20785.4,328694.023
300973.SZ,20250819,44.59,44.88,44.3,44.7,19112.92,85229.26
300975.SZ,20250819,12.48,12.52,12.3,12.48,220546.05,274333.73
300976.SZ,20250819,60.89,62.17,60.06,60.75,39824.25,242066.553
300977.SZ,20250819,19.86,19.99,19.72,19.85,19360.5,38402.112
300978.SZ,20250819,11.83,12.15,11.78,12.07,72724.07,87096.852
300979.SZ,20250819,51.68,52.0,51.45,51.91,28978.9,150134.353
300980.SZ,20250819,24.4,25.08,23.66,25.05,102574.92,251689.715
300981.SZ,20250819,16.24,18.38,16.24,16.96,265929.28,458199.247
300982.SZ,20250819,20.2,20.31,20.05,20.19,52114.3,105179.596
300983.SZ,20250819,22.22,22.32,22.02,22.2,6637.99,14711.456
300984.SZ,20250819,64.38,65.9,62.5,64.25,40139.71,256870.498
300985.SZ,20250819,20.3,20.49,19.86,19.93,46691.6,93679.694
300986.SZ,20250819,13.66,13.98,13.31,13.8,253758.8,347221.045
300987.SZ,20250819,19.88,19.88,19.54,19.75,89132.4,175669.524
300988.SZ,20250819,23.36,24.03,23.2,23.84,74444.56,176102.828
300989.SZ,20250819,17.12,17.15,16.89,16.92,47725.44,81028.187
300990.SZ,20250819,76.03,79.0,73.01,78.84,72078.48,543520.151
300991.SZ,20250819,33.41,33.59,32.42,33.33,57460.87,189576.26
300992.SZ,20250819,30.74,33.36,30.1,32.56,132250.17,418797.95
300993.SZ,20250819,18.33,18.39,17.85,18.05,133147.66,240489.159
300994.SZ,20250819,17.7,18.07,17.6,18.06,48439.2,86613.125
300995.SZ,20250819,56.33,66.86,54.67,64.11,117048.36,726105.86
300996.SZ,20250819,19.12,19.98,18.94,19.75,338215.31,657056.236
300997.SZ,20250819,16.13,17.29,16.12,17.16,182920.24,308824.746
300998.SZ,20250819,25.2,25.46,24.64,24.79,47805.0,119491.15
300999.SZ,20250819,32.28,32.75,32.11,32.2,157951.94,510856.856
301000.SZ,20250819,47.33,50.53,46.15,49.38,174013.63,847528.906
301001.SZ,20250819,32.26,32.83,32.18,32.59,19726.3,64157.076
301002.SZ,20250819,23.34,24.35,22.95,24.0,39582.62,94577.1
301003.SZ,20250819,37.0,39.3,36.01,39.3,80589.91,302029.449
301004.SZ,20250819,69.29,69.31,68.31,68.68,15798.57,108530.656
301005.SZ,20250819,52.58,52.58,50.53,50.6,145471.6,744638.139
301006.SZ,20250819,16.99,17.28,16.86,17.26,24155.0,41353.869
301007.SZ,20250819,43.52,46.33,42.43,46.09,153823.47,683193.329
301008.SZ,20250819,25.4,25.6,24.9,25.53,60291.98,152170.815
301009.SZ,20250819,15.05,17.56,14.96,16.98,374794.82,611812.653
301010.SZ,20250819,20.45,21.29,20.2,20.65,43285.27,89913.492
301011.SZ,20250819,29.55,31.83,29.26,30.99,127251.35,392790.134
301012.SZ,20250819,23.65,23.73,22.91,23.38,192846.07,449661.849
301013.SZ,20250819,18.91,20.28,18.63,20.0,313668.0,612380.159
301015.SZ,20250819,26.14,26.58,25.72,25.96,98720.9,257472.775
301016.SZ,20250819,18.38,18.48,18.2,18.29,52328.08,95969.011
301017.SZ,20250819,12.85,13.15,12.81,13.07,51659.0,67305.144
301018.SZ,20250819,70.88,71.6,67.0,68.11,236387.14,1625335.332
301019.SZ,20250819,18.1,18.15,17.81,18.05,30950.02,55750.078
301020.SZ,20250819,24.63,25.33,24.43,24.76,38728.46,96044.974
301021.SZ,20250819,37.63,37.9,36.23,36.76,88395.55,326140.945
301022.SZ,20250819,45.25,46.73,44.0,45.61,68442.6,309490.929
301023.SZ,20250819,46.26,48.36,45.3,47.57,50452.0,237015.383
301024.SZ,20250819,48.13,48.6,47.18,47.2,24607.52,117300.143
301025.SZ,20250819,11.51,11.59,11.36,11.55,95857.94,110136.559
301026.SZ,20250819,27.42,28.32,27.31,28.25,55464.4,155070.952
301027.SZ,20250819,15.6,15.75,15.44,15.55,78223.0,121856.527
301028.SZ,20250819,14.61,16.2,14.42,15.53,327522.66,504927.981
301029.SZ,20250819,27.0,27.37,26.42,27.11,238635.78,642463.524
301030.SZ,20250819,19.25,19.44,19.08,19.37,79703.0,153720.937
301031.SZ,20250819,90.86,91.7,89.5,91.42,20064.56,182059.136
301032.SZ,20250819,14.26,15.99,14.24,14.75,272296.57,404718.04
301033.SZ,20250819,86.05,89.59,85.01,85.68,12560.44,109065.288
301035.SZ,20250819,67.77,67.88,66.0,66.7,16312.6,109368.242
301036.SZ,20250819,38.46,38.49,37.8,38.16,27919.0,106470.742
301037.SZ,20250819,14.89,15.17,14.72,15.09,42733.28,64077.948
301038.SZ,20250819,35.76,37.45,34.8,35.12,213609.58,768943.169
301039.SZ,20250819,8.79,8.85,8.72,8.78,113692.54,99850.223
301040.SZ,20250819,30.38,30.48,29.8,29.95,38295.47,115327.415
301041.SZ,20250819,27.77,28.38,27.22,28.37,57017.0,158256.586
301042.SZ,20250819,39.89,39.95,39.06,39.88,15566.06,61532.564
301043.SZ,20250819,36.08,37.28,35.72,37.02,10399.0,38166.475
301045.SZ,20250819,25.21,25.34,24.73,25.3,23800.8,59674.931
301046.SZ,20250819,21.23,21.64,21.18,21.41,29463.5,63189.258
301047.SZ,20250819,73.77,75.39,73.61,73.72,19772.6,147141.876
301048.SZ,20250819,13.27,13.27,12.92,13.02,200750.11,261512.377
301049.SZ,20250819,24.13,24.97,23.72,24.77,25163.0,61857.386
301050.SZ,20250819,53.87,53.87,52.81,53.3,80810.76,430704.157
301051.SZ,20250819,23.25,23.58,23.1,23.42,37304.66,87091.763
301052.SZ,20250819,65.51,67.28,64.0,66.33,46533.48,308194.641
301053.SZ,20250819,37.67,38.5,36.74,37.1,50853.72,191032.837
301055.SZ,20250819,19.49,20.62,19.34,20.6,56338.0,113887.001
301056.SZ,20250819,11.92,12.22,11.76,11.99,50297.0,60176.076
301057.SZ,20250819,23.01,23.49,22.66,23.14,57126.0,132046.051
301058.SZ,20250819,11.88,12.52,11.71,12.38,380013.0,462169.718
301059.SZ,20250819,12.44,12.45,12.15,12.29,34399.1,42224.865
301060.SZ,20250819,10.55,10.7,10.45,10.5,81780.0,86477.638
301061.SZ,20250819,111.0,111.69,108.16,109.24,11523.74,125914.419
301062.SZ,20250819,8.8,9.41,8.79,9.17,349416.24,321172.875
301063.SZ,20250819,28.71,28.76,28.21,28.42,24366.0,69314.837
301065.SZ,20250819,24.05,24.45,23.95,24.16,27864.14,67509.752
301066.SZ,20250819,15.75,15.86,15.6,15.84,40586.58,63941.926
301067.SZ,20250819,38.78,39.38,37.85,39.37,73193.55,282993.513
301068.SZ,20250819,33.29,33.29,32.11,32.78,19897.45,64934.233
301069.SZ,20250819,25.06,25.06,24.2,24.2,320196.08,783427.172
301070.SZ,20250819,46.1,48.06,45.5,47.59,45779.54,215407.407
301071.SZ,20250819,30.85,30.97,30.41,30.91,48187.61,147941.468
301072.SZ,20250819,27.97,28.38,27.29,27.9,23915.21,66704.496
301073.SZ,20250819,23.71,23.75,23.37,23.69,71939.5,169669.904
301075.SZ,20250819,38.17,40.99,37.2,40.08,69502.99,271246.114
301076.SZ,20250819,60.2,61.58,57.5,58.16,271822.98,1606596.356
301077.SZ,20250819,23.26,23.8,23.08,23.51,50809.97,118938.667
301078.SZ,20250819,13.0,13.09,12.8,12.93,819476.93,1059221.607
301079.SZ,20250819,34.15,34.15,33.15,33.38,146825.5,493543.722
301080.SZ,20250819,55.7,59.18,55.6,56.68,35570.76,204725.385
301081.SZ,20250819,10.52,10.79,10.4,10.75,42190.27,44977.207
301082.SZ,20250819,19.4,19.46,19.12,19.37,81440.56,157331.766
301083.SZ,20250819,17.15,17.38,16.98,17.18,32599.59,56019.324
301085.SZ,20250819,63.8,67.8,63.38,66.3,88085.78,580159.849
301086.SZ,20250819,64.51,72.5,63.8,68.6,77537.52,536962.369
301087.SZ,20250819,42.51,43.36,41.86,42.64,50458.16,215481.463
301088.SZ,20250819,14.59,14.79,14.52,14.75,24961.0,36621.003
301089.SZ,20250819,36.03,36.84,35.8,36.02,75030.51,272977.035
301090.SZ,20250819,8.29,8.33,8.16,8.26,65132.0,53786.46
301091.SZ,20250819,33.27,33.4,32.67,32.69,120716.16,397808.507
301092.SZ,20250819,33.37,33.51,32.85,32.94,24653.0,81688.075
301093.SZ,20250819,31.8,32.99,31.02,32.55,157061.07,504794.799
301095.SZ,20250819,92.57,93.88,88.02,89.02,132357.56,1199004.499
301096.SZ,20250819,56.92,57.32,53.95,54.66,123401.29,685094.517
301097.SZ,20250819,45.38,46.03,45.02,45.48,5087.88,23116.849
301098.SZ,20250819,9.71,9.87,9.65,9.87,63826.43,62537.826
301099.SZ,20250819,40.0,40.36,39.18,39.99,66525.63,264868.499
301100.SZ,20250819,20.7,20.75,20.23,20.43,25830.0,52735.313
301101.SZ,20250819,48.17,48.96,47.55,48.3,71764.92,346218.317
301102.SZ,20250819,11.94,12.05,11.81,12.0,35605.51,42527.802
301103.SZ,20250819,23.97,24.02,23.57,23.68,23053.0,54887.405
301105.SZ,20250819,39.78,40.61,39.22,40.61,12575.44,50459.664
301106.SZ,20250819,32.49,32.9,32.12,32.8,18253.98,59493.729
301107.SZ,20250819,31.7,31.87,30.85,31.3,24688.46,77124.334
301108.SZ,20250819,26.6,27.46,26.54,27.24,19464.3,52733.542
301109.SZ,20250819,14.3,14.38,14.19,14.28,56596.83,80683.726
301110.SZ,20250819,58.46,60.6,57.21,59.74,68629.78,405404.027
301111.SZ,20250819,17.73,18.13,17.72,17.8,41596.0,74449.039
301112.SZ,20250819,45.84,46.34,44.93,45.27,39847.15,180641.498
301113.SZ,20250819,22.89,23.29,22.1,23.12,20405.52,46514.879
301115.SZ,20250819,16.34,16.57,16.21,16.43,28357.16,46441.642
301116.SZ,20250819,11.67,11.81,11.61,11.71,48130.6,56422.92
301117.SZ,20250819,36.7,38.7,36.06,37.9,169520.16,632070.475
301118.SZ,20250819,24.32,25.16,24.07,24.93,53584.0,131727.902
301119.SZ,20250819,40.17,41.6,39.99,40.77,34979.13,142542.294
301120.SZ,20250819,16.5,18.33,16.03,16.76,613914.13,1028499.457
301121.SZ,20250819,50.0,50.5,47.9,49.37,82424.06,405254.861
301122.SZ,20250819,24.17,24.79,24.17,24.36,19411.3,47421.207
301123.SZ,20250819,46.55,49.09,44.33,48.92,283519.09,1301781.115
301125.SZ,20250819,20.28,20.35,19.59,20.05,71976.44,143487.6
301126.SZ,20250819,12.87,13.5,12.86,13.24,191260.41,254085.347
301127.SZ,20250819,14.7,15.32,14.7,15.02,191810.75,289181.68
301128.SZ,20250819,90.68,105.0,87.05,97.98,181375.32,1710002.083
301129.SZ,20250819,30.2,30.29,29.41,29.61,39905.45,118433.81
301130.SZ,20250819,33.99,34.44,33.47,33.6,29862.0,101144.343
301131.SZ,20250819,54.5,54.5,52.55,53.78,39093.32,208577.538
301132.SZ,20250819,42.99,43.41,41.7,42.57,98160.75,417769.987
301133.SZ,20250819,28.66,31.55,27.85,30.2,156987.43,460365.197
301135.SZ,20250819,31.4,32.83,31.05,32.32,97733.38,312615.915
301136.SZ,20250819,12.67,12.8,12.62,12.74,48998.0,62335.572
301137.SZ,20250819,34.6,34.76,34.18,34.28,69388.47,238824.252
301138.SZ,20250819,38.54,39.18,37.9,38.91,42951.68,165760.374
301139.SZ,20250819,20.17,20.35,20.03,20.22,70036.0,141306.403
301141.SZ,20250819,72.02,75.85,71.02,72.13,155982.28,1142152.997
301148.SZ,20250819,24.91,25.98,24.74,25.71,27549.92,70298.752
301149.SZ,20250819,12.43,12.55,12.31,12.48,76632.11,95298.213
301150.SZ,20250819,30.78,30.96,29.81,30.33,108109.33,327452.087
301151.SZ,20250819,26.36,28.5,25.53,25.9,304767.11,818541.295
301152.SZ,20250819,28.73,29.1,28.51,28.88,33503.0,96690.236
301153.SZ,20250819,26.26,26.62,26.13,26.53,85329.32,225593.375
301155.SZ,20250819,80.36,80.69,77.78,77.88,27582.91,217182.647
301156.SZ,20250819,19.58,19.67,19.43,19.62,32079.03,62801.103
301157.SZ,20250819,56.28,57.78,55.15,55.25,27559.47,154080.542
301158.SZ,20250819,19.23,19.26,18.95,19.13,42125.82,80502.884
301159.SZ,20250819,37.77,38.5,37.43,38.33,32491.46,123751.866
301160.SZ,20250819,68.76,71.99,67.51,70.6,51826.53,361726.935
301161.SZ,20250819,44.01,47.45,43.75,45.88,143591.49,654103.865
301162.SZ,20250819,51.22,51.88,50.59,51.04,16291.91,83298.622
301163.SZ,20250819,28.95,29.11,28.63,28.99,25563.06,73859.428
301165.SZ,20250819,84.77,86.66,81.84,83.5,232159.53,1937248.524
301166.SZ,20250819,33.59,34.39,33.59,33.88,14092.0,47904.28
301167.SZ,20250819,17.09,17.35,16.91,17.3,33824.9,58186.207
301168.SZ,20250819,42.23,42.84,41.52,42.57,35710.43,150766.26
301169.SZ,20250819,47.37,49.0,46.42,48.16,31527.2,150835.877
301170.SZ,20250819,29.41,30.06,29.09,30.0,18840.94,55868.266
301171.SZ,20250819,32.0,35.5,31.6,33.42,745352.32,2487977.118
301172.SZ,20250819,21.73,22.69,21.62,22.25,54841.94,122054.796
301173.SZ,20250819,54.5,54.54,52.0,52.36,29655.98,156091.051
301175.SZ,20250819,5.63,5.7,5.62,5.66,232096.83,131333.486
301176.SZ,20250819,34.72,35.52,33.9,34.07,121983.15,419989.508
301177.SZ,20250819,29.38,29.6,29.09,29.37,13475.03,39576.215
301178.SZ,20250819,51.02,51.82,50.52,51.25,30237.01,154444.081
301179.SZ,20250819,16.38,16.5,16.23,16.37,64303.86,105207.299
301180.SZ,20250819,17.06,17.2,16.68,16.87,44260.0,74625.133
301181.SZ,20250819,34.3,34.3,32.46,32.65,92152.58,304569.65
301182.SZ,20250819,38.36,38.87,37.25,38.24,46355.62,176562.461
301183.SZ,20250819,74.81,85.01,73.0,82.0,182468.55,1411195.909
301185.SZ,20250819,20.69,20.88,20.56,20.76,46216.0,95834.211
301186.SZ,20250819,46.84,46.87,45.81,46.3,10159.0,47078.987
301187.SZ,20250819,34.09,34.44,32.66,33.45,108079.48,360244.7
301188.SZ,20250819,24.2,24.35,21.38,21.55,278151.78,622412.653
301189.SZ,20250819,35.56,36.29,34.31,36.03,56054.2,198812.637
301190.SZ,20250819,25.83,25.99,25.4,25.55,32752.67,83802.963
301191.SZ,20250819,103.99,109.96,103.8,104.88,50643.65,537180.045
301192.SZ,20250819,27.62,28.07,27.24,27.97,12395.5,34423.879
301193.SZ,20250819,21.37,21.45,20.79,21.13,53972.42,113923.869
301195.SZ,20250819,37.88,38.0,37.21,37.55,59165.43,222206.971
301196.SZ,20250819,99.0,105.76,94.48,98.0,97876.24,967357.822
301197.SZ,20250819,20.88,21.38,20.78,21.26,59671.14,126194.042
301198.SZ,20250819,12.4,12.7,12.31,12.6,49974.14,62752.257
301199.SZ,20250819,27.85,28.45,27.31,28.32,59042.93,165027.708
301200.SZ,20250819,89.85,90.51,87.9,88.42,90859.23,809350.672
301201.SZ,20250819,28.68,30.08,28.58,29.6,78055.72,229672.359
301202.SZ,20250819,51.92,53.34,50.9,51.96,78164.2,407068.642
301203.SZ,20250819,32.0,32.52,31.81,32.3,24667.78,79575.441
301205.SZ,20250819,103.74,118.85,103.53,112.0,125658.6,1419057.337
301206.SZ,20250819,29.27,29.74,29.23,29.55,23568.11,69628.524
301207.SZ,20250819,18.95,19.15,18.77,18.84,40752.92,77164.452
301208.SZ,20250819,49.0,50.55,48.23,50.46,128828.48,638304.155
301209.SZ,20250819,98.23,98.7,94.0,95.05,15897.6,152310.537
301210.SZ,20250819,44.78,46.18,43.78,45.72,61453.25,277135.245
301211.SZ,20250819,18.75,19.0,18.67,18.8,59844.77,112800.015
301212.SZ,20250819,28.04,28.87,27.89,28.65,22391.8,63747.589
301213.SZ,20250819,70.9,71.0,68.51,68.67,32577.03,225379.119
301215.SZ,20250819,6.39,6.44,6.34,6.39,94647.0,60448.729
301216.SZ,20250819,16.24,16.59,15.88,16.16,203046.54,328913.034
301217.SZ,20250819,32.01,32.97,31.33,32.28,589028.0,1888006.917
301218.SZ,20250819,23.61,24.0,23.37,23.94,33893.5,80431.286
301219.SZ,20250819,62.6,63.48,60.91,61.38,99350.49,612860.411
301220.SZ,20250819,48.79,49.34,47.74,49.08,33149.0,160871.295
301221.SZ,20250819,56.8,57.08,56.0,56.94,47001.33,265846.525
301222.SZ,20250819,32.0,32.0,30.17,30.98,31439.0,96771.741
301223.SZ,20250819,18.48,18.5,18.0,18.18,43820.53,79688.558
301225.SZ,20250819,86.55,89.45,83.18,83.87,21574.68,183425.925
301226.SZ,20250819,40.63,43.18,38.61,41.4,183675.9,750611.102
301227.SZ,20250819,34.83,36.48,34.62,35.57,35564.64,126605.427
301228.SZ,20250819,26.4,26.55,26.03,26.09,30426.0,79653.788
301229.SZ,20250819,22.51,23.41,22.26,23.25,80850.28,185804.058
301230.SZ,20250819,39.9,40.87,39.65,39.77,99656.89,400841.487
301231.SZ,20250819,27.22,28.48,27.0,27.82,75256.42,209277.645
301232.SZ,20250819,39.27,39.7,38.5,38.61,51132.71,198531.366
301233.SZ,20250819,58.85,58.9,57.63,58.71,14839.5,86671.646
301234.SZ,20250819,40.8,42.5,40.06,41.29,35710.97,147451.96
301235.SZ,20250819,33.16,34.36,32.66,33.09,107647.11,358589.294
301236.SZ,20250819,57.7,63.28,57.5,60.19,856324.36,5170902.189
301237.SZ,20250819,38.65,40.06,38.11,39.11,14386.05,56019.636
301238.SZ,20250819,19.07,19.38,18.9,19.17,118671.6,227416.627
301239.SZ,20250819,43.5,44.15,42.88,43.32,23895.25,103985.925
301246.SZ,20250819,15.69,15.86,15.66,15.78,47267.0,74582.0
301248.SZ,20250819,27.9,28.43,27.55,27.74,125723.99,351297.224
301251.SZ,20250819,61.0,63.1,59.2,60.56,124432.97,753252.016
301252.SZ,20250819,32.6,32.88,31.45,32.1,107661.2,344509.902
301255.SZ,20250819,34.79,37.21,33.7,36.41,146770.33,517214.96
301256.SZ,20250819,11.55,11.56,11.24,11.32,79073.09,89858.544
301257.SZ,20250819,39.17,40.54,38.98,39.3,27585.9,109778.089
301258.SZ,20250819,37.0,37.69,36.7,36.84,33715.2,125163.516
301259.SZ,20250819,45.25,45.6,41.81,42.07,166792.62,721085.085
301260.SZ,20250819,24.2,25.96,23.9,25.47,239151.47,598849.512
301261.SZ,20250819,86.82,94.86,85.01,90.7,75480.34,675924.749
301262.SZ,20250819,28.28,28.57,27.25,27.4,89651.3,246431.348
301263.SZ,20250819,35.9,36.6,35.59,35.6,65661.43,236975.136
301265.SZ,20250819,11.47,12.0,11.4,11.88,164212.22,193238.741
301266.SZ,20250819,35.5,35.5,34.95,35.16,23012.0,80978.821
301267.SZ,20250819,20.81,20.98,20.59,20.65,61780.15,128435.246
301268.SZ,20250819,22.8,22.98,22.06,22.24,60044.08,134294.569
301269.SZ,20250819,115.2,116.8,114.49,114.63,78195.17,900758.581
301270.SZ,20250819,43.03,43.3,42.1,42.3,40747.0,173440.809
301272.SZ,20250819,40.16,41.36,39.9,41.02,17514.5,71495.44
301273.SZ,20250819,28.45,29.38,28.09,29.25,22285.0,64367.172
301275.SZ,20250819,59.95,59.95,58.66,59.5,30916.0,182906.299
301276.SZ,20250819,24.85,25.63,24.32,25.36,35550.08,88764.555
301277.SZ,20250819,14.88,15.08,14.81,14.89,90545.61,135152.991
301278.SZ,20250819,35.99,36.3,35.74,36.1,12915.67,46517.836
301279.SZ,20250819,24.79,25.38,24.35,25.16,42487.64,106072.361
301280.SZ,20250819,53.57,53.81,50.89,51.87,44524.59,232294.212
301281.SZ,20250819,37.76,38.2,36.88,37.35,47606.01,178472.808
301282.SZ,20250819,27.86,28.09,27.48,28.0,82121.22,228373.118
301283.SZ,20250819,39.81,40.19,39.31,39.6,9281.0,36838.383
301285.SZ,20250819,48.76,49.38,47.0,49.11,63170.0,305815.305
301286.SZ,20250819,28.55,28.55,27.89,28.1,29709.0,83626.691
301287.SZ,20250819,43.4,43.45,42.69,43.11,19834.33,85332.078
301288.SZ,20250819,15.48,15.78,15.2,15.37,19120.0,29401.58
301289.SZ,20250819,52.74,52.99,52.22,52.68,10432.58,54860.734
301290.SZ,20250819,27.91,28.1,27.58,27.7,19942.0,55351.926
301291.SZ,20250819,45.01,45.16,43.05,43.9,100478.72,439312.172
301292.SZ,20250819,20.53,20.6,20.16,20.56,67110.1,136953.923
301293.SZ,20250819,66.0,69.64,65.51,66.16,234192.65,1575956.764
301295.SZ,20250819,26.11,26.52,25.71,26.5,31322.61,82195.99
301296.SZ,20250819,9.38,9.51,9.36,9.48,42781.0,40362.766
301297.SZ,20250819,44.01,44.1,43.13,43.46,87065.36,379941.193
301298.SZ,20250819,17.6,17.94,17.44,17.84,43439.0,76930.337
301299.SZ,20250819,67.0,67.25,66.14,66.66,19716.83,131494.202
301300.SZ,20250819,42.36,42.96,41.52,42.86,26259.4,111300.273
301301.SZ,20250819,12.51,12.68,12.43,12.47,334699.31,419786.652
301302.SZ,20250819,26.74,26.94,26.32,26.88,62967.87,167677.268
301303.SZ,20250819,17.89,17.9,17.65,17.8,49491.59,87936.022
301305.SZ,20250819,20.22,20.44,19.83,20.1,86222.92,172941.946
301306.SZ,20250819,66.31,66.99,63.81,64.0,57007.0,371802.416
301307.SZ,20250819,25.95,27.68,25.78,26.99,149907.0,405741.147
301308.SZ,20250819,91.51,92.58,90.09,90.57,83367.71,759204.439
301309.SZ,20250819,31.53,31.62,30.8,31.18,28647.22,89158.677
301310.SZ,20250819,47.02,47.42,45.36,46.18,43806.8,202135.476
301311.SZ,20250819,23.21,24.19,22.74,22.85,155735.86,363539.408
301312.SZ,20250819,49.0,49.97,48.2,48.72,66645.15,325692.795
301313.SZ,20250819,27.04,27.13,26.61,26.95,38985.13,104774.824
301314.SZ,20250819,44.97,45.22,44.18,45.12,8048.04,36022.761
301315.SZ,20250819,56.86,57.3,55.92,56.85,42018.42,237996.542
301316.SZ,20250819,53.16,54.0,50.82,50.98,214616.07,1115426.269
301317.SZ,20250819,38.61,39.55,38.05,38.75,75297.42,290996.687
301318.SZ,20250819,34.2,34.26,33.51,34.19,51471.05,174258.567
301319.SZ,20250819,32.28,32.49,31.57,32.2,56271.37,180440.664
301320.SZ,20250819,21.98,22.37,21.75,22.15,60062.0,132315.436
301321.SZ,20250819,16.42,19.32,16.39,19.32,89148.28,167048.639
301322.SZ,20250819,33.15,33.77,32.7,32.86,42903.59,141549.61
301323.SZ,20250819,60.02,61.8,59.01,59.68,52762.52,317690.46
301325.SZ,20250819,63.2,64.85,62.47,64.0,59283.89,378371.117
301326.SZ,20250819,115.0,116.5,103.77,106.01,48823.95,524277.069
301327.SZ,20250819,62.91,63.28,61.35,61.67,24341.14,150730.621
301328.SZ,20250819,49.02,49.69,48.5,49.16,36163.25,177423.71
301329.SZ,20250819,21.78,21.99,21.4,21.98,27229.0,59181.139
301330.SZ,20250819,30.21,30.38,29.78,29.95,80672.6,242393.046
301331.SZ,20250819,35.21,36.73,35.0,36.45,20416.36,73532.557
301332.SZ,20250819,11.22,11.32,11.12,11.29,56440.65,63386.097
301333.SZ,20250819,56.95,57.8,55.85,56.34,30073.4,171333.453
301335.SZ,20250819,32.69,34.1,32.62,33.49,100291.54,336541.986
301336.SZ,20250819,60.25,61.9,59.35,61.48,32027.99,195444.975
301337.SZ,20250819,30.55,31.45,30.4,31.27,30836.0,95909.301
301338.SZ,20250819,68.7,71.69,67.2,69.12,61038.17,421700.318
301339.SZ,20250819,17.96,18.03,17.8,18.01,84862.83,152321.566
301345.SZ,20250819,172.03,179.54,171.86,177.78,19247.92,339249.411
301348.SZ,20250819,21.97,22.2,21.76,22.06,106397.23,234239.354
301349.SZ,20250819,39.0,39.92,38.63,39.85,34154.98,134574.377
301353.SZ,20250819,26.79,27.1,26.37,26.93,18545.4,49629.217
301355.SZ,20250819,12.48,12.72,12.41,12.69,50436.13,63536.383
301356.SZ,20250819,18.31,18.68,18.17,18.68,21580.2,39897.235
301357.SZ,20250819,164.5,188.0,159.94,173.0,122679.48,2147568.325
301358.SZ,20250819,34.84,34.93,34.35,34.54,127560.08,441200.438
301359.SZ,20250819,22.58,23.22,22.21,22.92,29956.48,67918.423
301360.SZ,20250819,53.96,54.0,52.96,53.76,10862.0,58154.436
301361.SZ,20250819,34.85,35.17,34.24,34.68,31581.7,109245.545
301362.SZ,20250819,43.8,44.93,43.53,44.12,17463.2,77340.969
301363.SZ,20250819,20.0,20.42,19.8,20.17,159955.53,322520.965
301365.SZ,20250819,18.8,19.29,18.68,19.24,53626.88,102268.892
301366.SZ,20250819,44.37,44.64,43.0,43.58,100082.82,438254.136
301367.SZ,20250819,96.97,97.7,94.7,95.7,10867.8,104368.938
301368.SZ,20250819,67.88,79.0,67.2,76.39,217920.81,1586248.141
301369.SZ,20250819,63.81,63.98,62.0,62.27,20527.0,128728.826
301370.SZ,20250819,11.38,11.44,11.31,11.38,52845.5,60107.901
301371.SZ,20250819,26.8,27.09,26.65,26.85,23992.42,64386.965
301372.SZ,20250819,27.23,27.88,26.96,27.76,38744.48,106252.752
301373.SZ,20250819,36.5,36.54,35.74,35.86,21105.29,76013.329
301376.SZ,20250819,19.71,19.88,19.39,19.69,40674.0,79628.478
301377.SZ,20250819,61.18,63.11,59.99,60.33,63467.57,388384.146
301378.SZ,20250819,34.37,34.56,33.73,33.96,48338.6,164897.943
301379.SZ,20250819,25.83,27.2,25.23,26.72,145396.09,383078.777
301380.SZ,20250819,39.02,39.46,38.56,39.24,46989.82,183725.201
301381.SZ,20250819,21.4,21.69,21.23,21.63,57375.27,123226.499
301382.SZ,20250819,35.73,37.68,35.6,37.25,265829.82,977516.156
301383.SZ,20250819,40.67,41.98,40.16,41.4,53478.56,219631.288
301386.SZ,20250819,23.87,23.97,23.63,23.91,22807.55,54382.381
301387.SZ,20250819,43.9,44.48,43.16,43.6,27866.2,121570.105
301388.SZ,20250819,33.54,33.6,32.57,33.14,36431.0,120173.318
301389.SZ,20250819,52.4,53.6,51.0,52.2,153929.9,804294.326
301390.SZ,20250819,38.8,39.23,38.45,38.97,13061.0,50722.182
301391.SZ,20250819,51.49,53.8,50.58,53.58,29661.48,154610.041
301392.SZ,20250819,174.0,177.26,165.0,166.22,34410.43,584705.2
301393.SZ,20250819,59.56,60.39,58.5,58.83,26105.68,155193.681
301395.SZ,20250819,12.28,12.89,12.22,12.71,89362.13,112709.286
301396.SZ,20250819,65.93,68.8,63.43,63.43,263807.26,1731254.588
301397.SZ,20250819,49.0,51.15,46.0,46.34,162566.77,786116.042
301398.SZ,20250819,53.33,57.6,52.32,54.4,124372.15,675685.38
301399.SZ,20250819,24.08,24.15,23.03,23.18,91262.56,213240.666
301408.SZ,20250819,14.82,15.44,14.7,15.41,241029.97,366642.368
301413.SZ,20250819,107.59,120.41,102.38,117.0,78609.49,875947.668
301418.SZ,20250819,38.15,38.39,37.76,38.38,13042.39,49684.288
301419.SZ,20250819,34.5,35.8,33.83,35.22,81668.8,285334.873
301421.SZ,20250819,83.9,84.66,82.44,83.38,80298.08,668091.165
301428.SZ,20250819,40.8,41.05,40.5,40.94,37078.79,151363.713
301429.SZ,20250819,20.21,20.66,20.08,20.6,20690.01,42214.606
301439.SZ,20250819,16.97,17.34,16.86,17.24,92352.36,158399.471
301446.SZ,20250819,28.43,31.0,28.1,29.03,76238.29,224551.335
301448.SZ,20250819,34.69,34.81,33.65,34.22,22896.89,78531.343
301456.SZ,20250819,26.59,26.91,26.32,26.82,27486.19,73261.189
301458.SZ,20250819,38.9,40.19,38.5,39.9,129032.84,510913.968
301459.SZ,20250819,47.19,48.3,46.75,47.81,28531.02,135626.257
301468.SZ,20250819,26.65,26.89,26.4,26.76,23780.67,63570.603
301469.SZ,20250819,31.49,31.55,30.71,31.1,28554.0,88754.373
301479.SZ,20250819,113.35,113.72,107.0,107.29,63312.34,695967.13
301486.SZ,20250819,92.93,94.0,88.88,89.99,105420.29,958968.104
301487.SZ,20250819,22.96,23.08,22.32,22.62,224486.02,507915.901
301488.SZ,20250819,76.39,78.94,75.31,78.38,35132.3,271943.057
301489.SZ,20250819,166.0,185.0,163.12,181.66,64888.36,1155384.279
301491.SZ,20250819,66.71,67.7,65.5,65.99,64188.68,426970.155
301498.SZ,20250819,95.53,97.5,94.83,95.6,29599.34,285019.849
301499.SZ,20250819,29.6,30.13,29.25,30.0,27613.0,82176.057
301500.SZ,20250819,16.36,16.54,16.25,16.41,49162.95,80636.395
301501.SZ,20250819,55.8,56.06,54.78,55.05,33327.66,184010.61
301502.SZ,20250819,62.0,69.76,60.63,64.87,46193.66,298617.862
301503.SZ,20250819,43.45,43.6,42.77,43.41,12670.0,54755.34
301505.SZ,20250819,26.49,26.9,25.58,25.94,77998.75,204153.451
301507.SZ,20250819,15.29,15.68,15.26,15.52,80519.74,124802.134
301508.SZ,20250819,35.5,35.61,35.1,35.38,29219.77,103392.515
301509.SZ,20250819,41.84,46.61,41.4,44.46,163008.18,713444.926
301510.SZ,20250819,34.28,35.47,33.71,34.83,133897.63,463018.138
301511.SZ,20250819,39.02,41.16,37.6,40.8,575427.51,2235793.612
301512.SZ,20250819,46.33,46.88,45.8,46.84,14311.01,66308.256
301515.SZ,20250819,23.3,24.88,23.3,23.85,56291.29,135221.472
301516.SZ,20250819,18.81,19.98,18.75,19.16,130599.84,251598.873
301518.SZ,20250819,24.67,24.92,24.29,24.54,50342.71,123340.174
301519.SZ,20250819,14.41,15.08,14.36,14.95,56434.52,83461.996
301520.SZ,20250819,46.6,47.74,46.51,46.55,18957.27,89201.627
301522.SZ,20250819,36.78,36.87,36.31,36.72,38056.26,139187.892
301525.SZ,20250819,98.39,113.98,92.2,106.54,81822.93,832851.488
301526.SZ,20250819,6.94,7.1,6.52,6.57,2853091.07,1923153.549
301528.SZ,20250819,62.3,62.49,60.82,61.88,11933.48,73704.79
301529.SZ,20250819,79.59,88.74,76.66,83.39,45485.2,375248.023
301533.SZ,20250819,41.7,42.19,41.16,41.55,29339.61,122287.715
301535.SZ,20250819,21.44,21.44,20.94,21.28,90968.56,192882.466
301536.SZ,20250819,63.6,64.74,62.28,62.63,111298.75,702231.148
301538.SZ,20250819,72.99,74.87,69.4,71.3,34834.06,249645.692
301539.SZ,20250819,21.03,21.4,20.75,21.06,52924.0,111480.355
301548.SZ,20250819,54.0,54.11,52.52,53.61,18984.73,101178.306
301550.SZ,20250819,102.18,112.8,99.58,109.27,93953.32,999601.382
301551.SZ,20250819,52.28,53.28,51.86,51.9,39178.69,204946.424
301552.SZ,20250819,42.36,42.9,41.58,42.9,26755.2,113313.961
301555.SZ,20250819,33.35,34.0,32.99,33.18,36736.44,122744.97
301556.SZ,20250819,113.36,115.4,110.98,111.43,16156.29,183213.385
301557.SZ,20250819,77.0,77.56,75.73,76.49,6985.21,53325.747
301558.SZ,20250819,9.5,9.6,9.45,9.53,150499.99,143612.456
301559.SZ,20250819,17.95,19.03,17.87,18.53,119834.16,224252.211
301560.SZ,20250819,42.77,44.21,39.7,41.22,134376.39,549786.819
301565.SZ,20250819,24.38,24.38,23.81,24.24,108284.94,260682.331
301566.SZ,20250819,18.19,18.28,17.92,18.25,86619.72,157050.187
301567.SZ,20250819,44.66,45.08,43.98,45.08,16382.96,73152.577
301568.SZ,20250819,47.29,49.68,46.75,47.32,73312.29,351110.581
301571.SZ,20250819,50.33,51.12,49.33,49.56,50423.05,252992.497
301577.SZ,20250819,62.8,64.66,62.62,63.6,12357.08,78526.524
301578.SZ,20250819,38.27,39.18,37.81,38.9,28378.85,109757.959
301580.SZ,20250819,49.33,49.88,49.0,49.09,23131.94,114297.571
301581.SZ,20250819,63.01,64.58,62.77,63.14,37167.41,235772.69
301585.SZ,20250819,35.39,35.63,35.15,35.49,22136.62,78306.044
301586.SZ,20250819,58.32,58.32,57.05,57.7,14747.45,84972.094
301587.SZ,20250819,23.9,24.03,23.66,23.99,18751.03,44772.773
301588.SZ,20250819,19.39,20.14,19.3,20.11,41852.0,82822.685
301589.SZ,20250819,157.37,163.12,156.94,159.6,11020.05,177083.706
301590.SZ,20250819,176.0,176.81,169.0,170.2,13011.16,223307.755
301591.SZ,20250819,48.74,49.14,47.47,48.1,45606.52,219737.118
301592.SZ,20250819,168.0,168.3,162.0,162.9,21555.18,352840.684
301595.SZ,20250819,45.19,45.88,44.3,45.33,51776.58,233360.014
301596.SZ,20250819,93.41,96.58,91.3,94.9,33394.78,314023.04
301598.SZ,20250819,65.53,65.61,64.46,65.06,7810.82,50783.436
301600.SZ,20250819,116.4,116.85,109.21,112.88,35145.94,395826.938
301601.SZ,20250819,35.1,35.19,34.54,34.97,26544.88,92635.68
301602.SZ,20250819,28.35,28.6,27.88,28.19,58698.95,165317.033
301603.SZ,20250819,63.15,63.25,61.18,62.01,33836.55,210041.473
301606.SZ,20250819,68.54,69.67,65.51,66.66,37935.25,254174.424
301607.SZ,20250819,35.61,35.95,35.15,35.72,34735.98,123804.12
301608.SZ,20250819,86.2,86.4,84.06,85.12,15870.96,135138.297
301609.SZ,20250819,50.5,50.5,49.5,49.99,51439.82,256582.206
301611.SZ,20250819,56.92,58.0,55.98,56.07,96813.21,550236.32
301613.SZ,20250819,62.6,62.89,60.77,61.0,42201.54,259686.995
301616.SZ,20250819,63.45,63.48,60.6,61.41,64775.36,400387.036
301617.SZ,20250819,41.3,41.4,40.7,40.98,25223.75,103293.719
301618.SZ,20250819,61.0,61.54,60.7,61.45,13055.54,79862.563
301622.SZ,20250819,90.01,93.82,89.92,91.28,62151.26,572478.159
301626.SZ,20250819,156.23,159.83,153.69,157.22,29568.28,463392.04
301628.SZ,20250819,95.0,96.8,94.1,96.6,30512.15,291979.082
301629.SZ,20250819,171.2,171.27,165.78,170.0,19280.22,324339.511
301630.SZ,20250819,211.31,215.22,207.64,208.23,23387.59,492387.49
301631.SZ,20250819,86.88,87.31,85.6,87.1,14450.16,124978.395
301632.SZ,20250819,35.51,44.36,35.0,44.36,458476.16,1902559.293
301633.SZ,20250819,78.0,78.64,77.68,78.6,5949.07,46535.856
301636.SZ,20250819,58.0,58.47,57.38,58.4,16128.99,93470.33
301658.SZ,20250819,35.77,37.15,35.3,35.99,83871.06,302420.445
301662.SZ,20250819,106.01,111.99,104.06,110.0,34947.7,378971.719
301665.SZ,20250819,30.41,30.42,30.0,30.25,27066.0,81608.107
301678.SZ,20250819,84.84,87.8,83.6,84.05,93689.05,798032.5
302132.SZ,20250819,85.69,87.5,84.27,86.45,194670.77,1670256.133
920017.BJ,20250819,22.2,23.7,22.17,22.71,94838.13,217895.866
920047.BJ,20250819,26.06,32.49,26.06,28.44,211717.37,622176.452
920090.BJ,20250819,10.1,10.48,9.8,9.85,314442.12,315179.097
920139.BJ,20250819,28.38,28.75,27.34,27.35,148381.82,413897.808
920198.BJ,20250819,11.49,11.62,11.22,11.3,62571.62,71687.975
920300.BJ,20250819,18.05,18.94,17.96,17.98,74943.97,138484.152
920418.BJ,20250819,31.75,33.87,31.51,32.32,115655.33,376071.764
920425.BJ,20250819,25.18,25.92,24.73,25.34,65261.5,165381.663
920476.BJ,20250819,45.05,46.98,35.22,36.22,272778.98,1122312.031
920478.BJ,20250819,24.83,26.5,24.46,25.0,66492.45,168326.61
920510.BJ,20250819,22.82,23.79,22.3,23.1,74893.81,172604.36
920556.BJ,20250819,11.75,12.19,11.42,11.43,114772.16,135844.406
920564.BJ,20250819,27.53,28.5,26.86,27.1,61029.15,168042.546
920685.BJ,20250819,18.8,20.99,18.57,18.81,84353.04,165152.18
920718.BJ,20250819,19.7,20.27,19.42,19.86,39019.69,77654.287
600000.SH,20250819,13.64,13.76,13.58,13.69,494972.53,678047.554
600004.SH,20250819,9.6,9.61,9.52,9.52,123608.79,118027.673
600006.SH,20250819,7.66,7.7,7.59,7.67,364959.95,279089.875
600007.SH,20250819,20.57,20.61,20.42,20.47,21410.81,43822.557
600008.SH,20250819,3.15,3.15,3.12,3.13,594890.02,186309.379
600009.SH,20250819,31.95,32.1,31.87,31.87,118857.16,379776.726
600010.SH,20250819,2.68,2.75,2.63,2.66,19345104.72,5172038.855
600011.SH,20250819,7.28,7.33,7.26,7.27,743969.05,542083.657
600012.SH,20250819,15.49,15.53,15.41,15.51,37279.92,57691.482
600015.SH,20250819,7.79,7.83,7.76,7.79,479558.63,373610.027
600016.SH,20250819,4.71,4.74,4.68,4.69,1848579.49,870433.949
600017.SH,20250819,3.22,3.24,3.22,3.24,218426.0,70556.584
600018.SH,20250819,5.73,5.74,5.69,5.69,303209.95,172936.152
600019.SH,20250819,7.09,7.19,7.09,7.11,716474.95,510625.669
600020.SH,20250819,4.44,4.45,4.43,4.44,123827.86,54993.082
600021.SH,20250819,13.43,14.0,12.87,13.09,3102790.37,4122275.235
600022.SH,20250819,1.52,1.57,1.51,1.56,1337948.52,205553.744
600023.SH,20250819,5.19,5.2,5.17,5.17,309732.35,160388.157
600025.SH,20250819,9.12,9.18,9.09,9.16,213200.42,194836.893
600026.SH,20250819,10.09,10.11,10.06,10.11,236084.91,237977.804
600027.SH,20250819,5.33,5.39,5.32,5.36,857296.14,459625.61
600028.SH,20250819,5.69,5.69,5.66,5.67,905130.95,513756.265
600029.SH,20250819,5.88,5.93,5.85,5.9,730388.33,431257.152
600030.SH,20250819,31.5,31.83,30.94,31.02,1968582.62,6158371.746
600031.SH,20250819,20.72,20.99,20.15,20.22,948609.38,1939605.361
600032.SH,20250819,7.61,7.62,7.54,7.55,70899.58,53645.764
600033.SH,20250819,3.48,3.49,3.48,3.48,109825.47,38251.486
600035.SH,20250819,4.29,4.31,4.29,4.3,80062.45,34412.231
600036.SH,20250819,43.45,43.7,43.29,43.4,574118.52,2493609.522
600037.SH,20250819,9.0,9.39,9.0,9.2,388230.4,358235.31
600038.SH,20250819,39.58,39.65,39.04,39.1,107047.55,420143.359
600039.SH,20250819,8.33,8.35,8.21,8.23,355506.52,293373.921
600048.SH,20250819,8.06,8.12,7.98,7.99,2660594.21,2141878.97
600050.SH,20250819,5.54,5.57,5.47,5.47,4320666.75,2382050.532
600051.SH,20250819,7.63,8.08,7.62,8.01,189541.95,149669.041
600052.SH,20250819,4.48,4.52,4.44,4.45,144388.79,64655.088
600053.SH,20250819,18.42,19.45,18.31,18.97,258496.73,484898.394
600054.SH,20250819,12.12,12.17,11.97,12.01,229573.85,276349.162
600055.SH,20250819,17.74,18.03,17.7,17.77,86868.96,154943.445
600056.SH,20250819,10.97,11.06,10.92,10.93,198128.41,217637.269
600057.SH,20250819,6.96,7.03,6.95,6.98,113003.37,79019.619
600058.SH,20250819,8.26,8.37,8.21,8.28,93554.3,77456.374
600059.SH,20250819,9.78,10.12,9.78,10.02,282018.56,281702.722
600060.SH,20250819,21.2,21.44,20.92,20.99,314782.33,663918.664
600061.SH,20250819,8.16,8.33,8.1,8.23,623931.1,511654.773
600062.SH,20250819,20.4,20.7,20.35,20.4,211492.5,433600.816
600063.SH,20250819,5.2,5.22,5.08,5.1,479005.12,245100.23
600064.SH,20250819,7.73,7.74,7.68,7.7,148850.0,114788.315
600066.SH,20250819,26.2,26.25,25.91,26.14,99335.94,258901.5
600067.SH,20250819,3.14,3.24,3.11,3.22,348688.01,110811.995
600071.SH,20250819,21.9,22.07,21.62,21.88,55414.43,120941.473
600072.SH,20250819,13.57,13.6,13.21,13.25,324291.2,431880.115
600073.SH,20250819,7.64,7.75,7.6,7.72,216939.79,166661.523
600075.SH,20250819,4.54,4.56,4.5,4.54,223679.52,101211.445
600076.SH,20250819,2.7,2.97,2.65,2.97,1179361.04,335064.739
600078.SH,20250819,6.08,6.19,6.04,6.18,113821.1,69529.134
600079.SH,20250819,20.9,21.36,20.79,20.88,419486.95,883838.101
600080.SH,20250819,7.9,8.14,7.9,8.03,87662.58,70541.074
600081.SH,20250819,13.73,13.89,13.61,13.79,93642.02,128844.363
600082.SH,20250819,3.89,4.0,3.88,3.93,211107.0,83466.232
600084.SH,20250819,5.65,5.73,5.62,5.72,60840.0,34626.494
600085.SH,20250819,36.4,36.88,36.4,36.47,136153.91,498851.721
600088.SH,20250819,17.27,17.49,17.07,17.3,73587.82,127238.296
600089.SH,20250819,13.72,13.97,13.4,13.4,1305131.06,1781510.811
600094.SH,20250819,3.25,3.3,3.24,3.28,309560.95,101320.699
600095.SH,20250819,12.25,12.64,12.16,12.19,1184581.03,1459717.077
600096.SH,20250819,25.9,25.94,25.44,25.6,239564.99,614286.07
600097.SH,20250819,11.19,11.38,11.1,11.34,57007.01,64390.333
600098.SH,20250819,6.61,6.63,6.54,6.56,181939.74,119627.307
600099.SH,20250819,11.58,11.8,11.49,11.79,42921.67,50053.246
600100.SH,20250819,7.92,8.09,7.87,7.97,897137.69,716083.018
600101.SH,20250819,10.18,10.29,10.15,10.27,202587.22,207417.138
600103.SH,20250819,2.3,2.34,2.3,2.33,533045.56,123788.51
600104.SH,20250819,18.33,18.34,17.9,18.0,681514.17,1229606.244
600105.SH,20250819,9.33,9.55,9.29,9.38,1274469.22,1202915.765
600106.SH,20250819,7.7,8.23,7.56,7.74,904157.75,704829.89
600107.SH,20250819,4.78,4.78,4.66,4.78,52157.49,24888.944
600108.SH,20250819,3.01,3.04,3.0,3.02,266834.43,80711.24
600109.SH,20250819,10.05,10.12,9.92,9.96,726941.15,727095.073
600110.SH,20250819,8.3,8.47,7.98,8.47,3699631.5,3082136.169
600111.SH,20250819,44.17,47.0,43.9,44.45,4767207.92,21530767.178
600113.SH,20250819,50.1,53.0,48.62,51.19,223613.98,1132515.758
600114.SH,20250819,27.5,28.5,26.93,27.98,361456.76,1001160.535
600115.SH,20250819,4.02,4.09,4.0,4.07,860795.06,349375.934
600116.SH,20250819,6.77,6.78,6.75,6.76,76754.16,51907.98
600117.SH,20250819,3.63,3.63,3.56,3.59,877815.6,314953.118
600118.SH,20250819,29.57,29.62,29.2,29.24,174876.03,513017.701
600119.SH,20250819,9.3,9.43,9.25,9.4,88098.0,82338.563
600120.SH,20250819,6.37,6.47,6.35,6.41,1176473.72,753964.951
600121.SH,20250819,4.08,4.11,4.04,4.08,201189.61,82031.23
600123.SH,20250819,6.81,6.82,6.76,6.76,130500.27,88447.657
600125.SH,20250819,5.87,5.88,5.83,5.84,165460.0,96936.692
600126.SH,20250819,9.58,9.62,9.37,9.41,1410934.12,1336607.952
600127.SH,20250819,7.01,7.04,6.96,6.98,217038.15,151905.628
600128.SH,20250819,10.87,10.98,10.81,10.92,86612.11,94504.441
600129.SH,20250819,23.44,24.06,23.27,23.35,211368.12,499635.776
600130.SH,20250819,3.47,3.57,3.44,3.52,215050.01,75446.436
600131.SH,20250819,18.33,18.53,18.09,18.21,123204.11,225373.442
600132.SH,20250819,55.26,55.76,55.2,55.36,45786.7,253786.698
600133.SH,20250819,9.49,9.72,9.42,9.57,260061.72,248609.848
600135.SH,20250819,7.86,7.92,7.81,7.88,86905.17,68424.78
600136.SH,20250819,1.91,1.93,1.9,1.92,124435.05,23806.757
600137.SH,20250819,20.18,20.43,19.88,20.33,35510.5,71708.678
600138.SH,20250819,9.99,10.03,9.94,9.99,141170.83,140928.054
600141.SH,20250819,24.75,25.44,24.67,25.15,183083.58,458727.813
600143.SH,20250819,16.69,17.23,16.34,16.77,2593807.39,4363477.534
600148.SH,20250819,22.27,22.52,22.0,22.3,57309.0,127785.076
600149.SH,20250819,5.61,5.68,5.56,5.67,120738.01,68075.827
600150.SH,20250819,40.98,40.98,38.38,38.38,2474327.77,9759054.262
600151.SH,20250819,8.06,8.06,7.76,7.8,229843.02,180365.957
600152.SH,20250819,6.61,6.68,6.56,6.68,215323.16,143136.776
600153.SH,20250819,11.2,11.34,11.04,11.28,263302.19,296004.278
600155.SH,20250819,7.84,7.96,7.77,7.85,503483.79,395236.59
600156.SH,20250819,7.46,7.85,7.37,7.46,219609.01,166358.256
600157.SH,20250819,1.45,1.45,1.43,1.44,3070438.79,442085.86
600158.SH,20250819,8.97,9.25,8.93,9.02,353835.33,321593.062
600159.SH,20250819,2.85,2.94,2.83,2.93,246793.2,71658.439
600160.SH,20250819,31.67,32.12,30.65,31.13,618724.62,1933581.286
600161.SH,20250819,20.29,20.43,20.24,20.28,162296.7,329828.612
600162.SH,20250819,1.69,1.73,1.69,1.71,349976.64,59943.562
600163.SH,20250819,5.39,5.41,5.35,5.36,126677.08,68043.011
600165.SH,20250819,4.15,4.34,4.14,4.34,134099.65,57599.156
600166.SH,20250819,2.7,2.72,2.67,2.69,1131569.88,304876.113
600167.SH,20250819,6.41,6.46,6.39,6.44,77634.25,49854.26
600168.SH,20250819,4.84,4.85,4.8,4.82,103750.39,49977.724
600169.SH,20250819,2.42,2.43,2.4,2.41,334098.0,80736.193
600170.SH,20250819,2.41,2.42,2.39,2.4,1317350.46,316539.655
600171.SH,20250819,35.88,36.44,35.43,35.95,439855.02,1581696.766
600172.SH,20250819,4.97,5.04,4.88,4.97,884061.67,437808.014
600173.SH,20250819,6.34,6.44,6.33,6.4,97532.0,62342.512
600176.SH,20250819,13.35,13.5,12.95,12.99,886509.62,1165000.272
600177.SH,20250819,7.43,7.44,7.39,7.41,177022.71,131136.291
600178.SH,20250819,15.02,15.08,14.74,14.91,286173.8,425969.036
600179.SH,20250819,3.23,3.26,3.18,3.25,585964.13,188795.881
600180.SH,20250819,4.55,4.6,4.53,4.57,154416.0,70620.203
600182.SH,20250819,16.17,16.22,16.06,16.1,23685.0,38177.412
600183.SH,20250819,44.69,46.1,43.89,44.65,449011.24,2009974.277
600184.SH,20250819,22.7,22.71,21.5,21.65,350214.15,765281.208
600185.SH,20250819,5.75,5.76,5.71,5.72,195763.02,112159.697
600186.SH,20250819,6.28,6.49,6.23,6.41,1192500.89,759066.671
600187.SH,20250819,2.97,3.0,2.96,2.99,307077.38,91649.119
600188.SH,20250819,12.92,12.98,12.85,12.87,361984.04,466671.481
600189.SH,20250819,7.42,7.54,7.39,7.47,185698.34,138875.917
600191.SH,20250819,8.45,8.52,8.37,8.39,97270.43,82137.067
600192.SH,20250819,11.48,11.67,11.2,11.4,462079.09,526595.022
600193.SH,20250819,4.52,4.64,4.41,4.51,158685.0,71549.864
600195.SH,20250819,7.59,7.71,7.57,7.67,105145.74,80603.614
600196.SH,20250819,28.55,29.03,28.12,28.17,493421.6,1406212.694
600197.SH,20250819,15.32,15.9,15.31,15.7,177478.98,277993.894
600198.SH,20250819,9.1,9.13,8.97,9.05,296387.0,268278.261
600199.SH,20250819,10.62,11.01,10.58,10.87,450664.98,489917.694
600200.SH,20250819,0.95,0.97,0.93,0.93,539945.37,50641.272
600201.SH,20250819,8.9,9.29,8.88,9.16,516913.14,472983.807
600202.SH,20250819,5.83,5.99,5.78,5.95,120330.69,71138.055
600203.SH,20250819,17.75,18.61,17.58,17.99,2145646.04,3889430.95
600206.SH,20250819,20.14,20.25,19.89,19.97,587139.28,1176486.75
600207.SH,20250819,5.05,5.1,5.03,5.05,209203.23,105796.364
600208.SH,20250819,5.22,5.87,5.12,5.54,6591602.49,3645357.822
600210.SH,20250819,6.4,6.41,6.35,6.39,201466.02,128590.448
600211.SH,20250819,46.86,48.8,46.73,47.47,148842.94,711572.373
600212.SH,20250819,9.45,9.65,9.35,9.44,296324.48,281374.206
600215.SH,20250819,7.46,7.71,7.41,7.67,149734.5,113522.435
600216.SH,20250819,15.9,16.14,15.88,15.94,322041.65,515604.573
600217.SH,20250819,4.53,4.55,4.48,4.52,243923.7,109951.491
600218.SH,20250819,9.05,9.96,9.05,9.96,168382.08,163192.803
600219.SH,20250819,4.13,4.16,4.09,4.1,1176032.25,483753.703
600221.SH,20250819,1.53,1.54,1.52,1.53,2981898.66,456260.303
600222.SH,20250819,6.95,7.11,6.82,6.83,311592.13,216816.533
600223.SH,20250819,8.33,8.47,8.32,8.36,143594.5,120462.202
600226.SH,20250819,3.27,3.4,3.13,3.17,2711134.7,883230.285
600227.SH,20250819,2.53,2.6,2.53,2.58,651738.1,167976.628
600228.SH,20250819,4.56,4.56,4.45,4.5,96458.01,43332.666
600229.SH,20250819,7.37,7.37,7.12,7.22,442126.02,318965.117
600230.SH,20250819,13.4,13.7,13.13,13.55,359751.96,482533.774
600231.SH,20250819,2.07,2.1,2.06,2.08,262992.4,54727.803
600232.SH,20250819,7.96,8.17,7.84,8.04,242454.13,193472.339
600233.SH,20250819,17.62,17.95,17.41,17.66,180848.68,320007.171
600234.SH,20250819,9.03,9.22,8.89,9.12,39336.0,35784.306
600235.SH,20250819,6.46,6.62,6.42,6.54,94469.56,61750.146
600236.SH,20250819,6.4,6.45,6.39,6.43,112013.66,71942.898
600237.SH,20250819,8.02,8.02,7.87,7.93,189236.0,150057.883
600238.SH,20250819,6.74,6.74,6.65,6.68,83760.71,56041.687
600239.SH,20250819,2.45,2.5,2.44,2.48,312483.03,77250.907
600241.SH,20250819,8.6,8.7,8.54,8.7,64174.0,55429.87
600243.SH,20250819,4.14,4.32,4.11,4.32,142352.0,60921.548
600246.SH,20250819,8.62,9.59,8.62,8.85,4512833.11,3998230.883
600248.SH,20250819,3.96,3.98,3.95,3.95,129052.0,51094.696
600249.SH,20250819,5.8,5.88,5.78,5.84,128191.02,74841.621
600250.SH,20250819,11.44,11.66,11.44,11.59,154706.0,179045.361
600251.SH,20250819,8.49,8.53,8.4,8.41,86871.26,73469.917
600252.SH,20250819,2.85,2.91,2.84,2.87,660401.99,190606.199
600255.SH,20250819,4.59,5.04,4.39,4.78,4676777.98,2187784.079
600256.SH,20250819,5.39,5.4,5.35,5.35,804921.7,431991.298
600257.SH,20250819,5.47,5.94,5.46,5.63,571435.53,327364.269
600258.SH,20250819,14.31,14.5,14.27,14.33,161372.48,231482.474
600259.SH,20250819,62.82,64.88,62.3,63.92,280801.08,1780080.134
600261.SH,20250819,3.47,3.5,3.46,3.49,164241.0,57267.108
600262.SH,20250819,23.06,23.14,22.74,22.97,38614.92,88554.075
600265.SH,20250819,21.98,21.98,21.16,21.98,25364.5,55274.792
600266.SH,20250819,4.92,5.0,4.89,4.99,508204.84,251919.727
600267.SH,20250819,11.25,11.66,11.25,11.31,408430.44,466522.787
600268.SH,20250819,10.37,10.6,10.25,10.35,453459.6,470362.242
600269.SH,20250819,5.09,5.11,5.08,5.09,147074.01,74922.906
600271.SH,20250819,9.39,9.41,9.26,9.31,314871.7,294092.185
600272.SH,20250819,13.66,14.05,13.66,13.83,68234.0,94750.442
600273.SH,20250819,8.8,8.87,8.76,8.8,170399.24,150018.844
600276.SH,20250819,63.4,65.4,61.63,61.69,997700.49,6322095.612
600278.SH,20250819,7.87,8.14,7.78,8.04,208229.46,166072.196
600279.SH,20250819,5.68,5.7,5.63,5.64,124866.0,70674.214
600280.SH,20250819,3.48,3.52,3.47,3.51,280151.82,98014.78
600281.SH,20250819,6.87,7.19,6.83,7.15,569855.81,402196.711
600282.SH,20250819,4.4,4.48,4.39,4.47,355035.78,157573.16
600283.SH,20250819,9.91,9.97,9.86,9.94,64360.91,63822.99
600284.SH,20250819,7.3,7.32,7.14,7.17,195126.57,140665.205
600285.SH,20250819,23.05,23.36,23.01,23.17,119711.49,277404.872
600287.SH,20250819,5.96,6.1,5.93,6.07,89628.13,53927.701
600288.SH,20250819,13.03,13.08,12.84,12.84,166765.21,215497.079
600289.SH,20250819,6.93,6.93,6.77,6.8,61394.8,41851.97
600292.SH,20250819,12.91,12.91,12.61,12.64,268594.91,340829.793
600293.SH,20250819,3.17,3.17,3.12,3.17,273702.44,86193.807
600295.SH,20250819,10.19,10.24,10.08,10.08,88628.72,89883.582
600298.SH,20250819,39.0,39.08,38.26,38.68,147934.9,571201.874
600299.SH,20250819,10.3,10.37,10.26,10.27,64529.0,66545.996
600300.SH,20250819,3.41,3.43,3.4,3.43,346489.82,118491.647
600301.SH,20250819,26.0,26.66,25.5,26.3,167372.05,437915.929
600302.SH,20250819,7.04,7.16,6.95,7.15,141566.0,100242.906
600303.SH,20250819,3.61,3.68,3.58,3.67,256274.19,93362.749
600305.SH,20250819,7.97,8.07,7.96,8.04,143820.25,115340.765
600307.SH,20250819,1.71,1.74,1.7,1.72,599973.65,103332.24
600308.SH,20250819,3.54,3.58,3.52,3.58,144921.81,51463.987
600309.SH,20250819,62.9,64.2,62.13,62.19,381996.52,2402703.045
600310.SH,20250819,4.11,4.12,4.08,4.1,148117.76,60694.545
600312.SH,20250819,16.2,16.63,16.18,16.22,309322.32,505475.948
600313.SH,20250819,6.38,6.4,6.34,6.37,154287.35,98242.377
600315.SH,20250819,21.93,22.05,21.79,21.89,56743.07,124225.701
600316.SH,20250819,43.06,43.06,41.4,41.58,231582.23,970008.769
600318.SH,20250819,10.72,11.13,10.69,10.87,821900.6,893105.045
600319.SH,20250819,7.08,7.3,7.05,7.22,66311.01,47630.53
600320.SH,20250819,4.77,4.79,4.7,4.71,685236.27,324102.299
600322.SH,20250819,2.87,2.92,2.86,2.88,177604.9,51235.339
600323.SH,20250819,26.25,26.49,26.15,26.2,44801.0,117824.424
600325.SH,20250819,4.94,5.03,4.94,4.99,580042.92,289142.997
600326.SH,20250819,16.77,17.5,16.55,16.59,2758030.06,4672666.152
600327.SH,20250819,4.96,5.03,4.94,5.03,292970.62,146558.707
600328.SH,20250819,7.95,8.05,7.95,7.99,153359.3,122643.887
600329.SH,20250819,48.18,50.97,47.45,47.85,221193.54,1089437.632
600330.SH,20250819,9.65,9.66,9.12,9.16,1721871.53,1597311.386
600331.SH,20250819,10.55,10.69,10.42,10.58,350448.15,368557.263
600332.SH,20250819,27.44,27.55,27.09,27.16,143590.07,391917.553
600333.SH,20250819,5.25,5.39,5.22,5.36,165139.01,87751.884
600335.SH,20250819,6.51,6.57,6.46,6.55,183951.83,119927.113
600336.SH,20250819,7.53,7.58,7.44,7.49,341671.62,255933.663
600337.SH,20250819,1.99,2.03,1.98,2.03,411917.52,83064.39
600338.SH,20250819,11.98,12.16,11.81,12.02,410706.91,491509.152
600339.SH,20250819,3.49,3.52,3.46,3.46,296518.99,103020.483
600340.SH,20250819,2.21,2.35,2.2,2.27,2040694.41,464471.249
600343.SH,20250819,15.21,15.21,14.71,14.76,276870.4,411799.63
600345.SH,20250819,26.93,27.69,26.64,27.06,102110.0,277053.143
600346.SH,20250819,15.13,15.28,15.0,15.01,187740.05,283316.864
600348.SH,20250819,7.31,7.32,7.24,7.27,230892.35,167984.374
600350.SH,20250819,9.45,9.48,9.4,9.42,87105.37,82219.019
600351.SH,20250819,7.39,7.65,7.34,7.44,524918.13,394549.005
600352.SH,20250819,10.46,10.48,10.36,10.37,227647.02,236796.815
600353.SH,20250819,16.83,17.2,16.64,16.95,530904.93,898478.319
600354.SH,20250819,6.65,6.74,6.65,6.67,304022.09,203344.022
600355.SH,20250819,3.33,3.35,3.23,3.31,328916.24,108044.747
600356.SH,20250819,9.14,9.19,9.01,9.13,45884.97,41885.786
600358.SH,20250819,5.75,5.99,5.71,5.95,231076.28,135055.142
600359.SH,20250819,7.16,7.24,7.13,7.21,80543.97,58006.226
600360.SH,20250819,9.45,9.45,9.45,9.45,9216.68,8709.763
600361.SH,20250819,4.26,4.33,4.22,4.29,548679.47,233970.681
600362.SH,20250819,24.82,24.95,24.39,24.51,345836.62,852329.939
600363.SH,20250819,65.28,65.4,62.7,62.73,149729.73,950937.607
600365.SH,20250819,3.41,3.41,3.33,3.36,81071.0,27289.412
600366.SH,20250819,17.25,17.97,16.88,16.88,2123373.68,3681895.531
600367.SH,20250819,15.8,16.21,15.72,16.19,255282.0,409261.46
600368.SH,20250819,4.29,4.3,4.28,4.29,153015.21,65666.375
600369.SH,20250819,4.82,4.84,4.76,4.77,718030.52,343726.876
600370.SH,20250819,1.91,1.93,1.9,1.92,134400.26,25785.124
600371.SH,20250819,9.35,9.4,9.34,9.38,56137.93,52614.643
600372.SH,20250819,12.44,12.44,12.3,12.31,333492.64,411672.768
600373.SH,20250819,10.49,10.5,10.36,10.39,168391.4,175322.157
600375.SH,20250819,7.11,7.27,7.09,7.13,397692.25,284464.337
600376.SH,20250819,2.73,2.81,2.72,2.76,581560.09,161076.675
600377.SH,20250819,13.83,13.86,13.76,13.84,62655.95,86545.61
600378.SH,20250819,28.99,29.11,28.57,29.06,156187.31,450551.845
600379.SH,20250819,13.41,13.48,13.19,13.22,49725.11,66191.784
600380.SH,20250819,13.07,13.15,12.77,12.82,309275.45,399678.225
600381.SH,20250819,4.63,4.63,4.47,4.49,172577.57,78787.175
600382.SH,20250819,5.75,5.84,5.72,5.77,91888.6,52930.645
600383.SH,20250819,3.96,4.04,3.96,3.97,1206822.69,482354.862
600386.SH,20250819,4.59,4.63,4.55,4.62,91946.62,42280.858
600388.SH,20250819,12.45,12.62,12.36,12.43,121885.52,151999.02
600389.SH,20250819,22.38,23.82,22.38,23.35,107874.65,251104.612
600390.SH,20250819,6.32,6.66,6.26,6.48,1845320.57,1186153.174
600391.SH,20250819,31.31,31.32,30.34,30.47,172388.69,527670.773
600392.SH,20250819,25.25,26.44,24.33,24.42,3601720.74,9180695.314
600395.SH,20250819,4.99,5.0,4.95,4.96,140082.22,69640.039
600396.SH,20250819,3.34,3.46,3.34,3.43,656468.01,223894.417
600397.SH,20250819,6.16,6.46,6.11,6.28,527370.01,332346.716
600398.SH,20250819,6.98,7.1,6.98,7.06,335828.26,236512.278
600399.SH,20250819,5.61,5.64,5.58,5.59,523292.42,293433.084
600400.SH,20250819,2.5,2.67,2.45,2.67,1612326.62,412089.663
600403.SH,20250819,3.75,3.77,3.73,3.77,124333.95,46718.773
600405.SH,20250819,7.48,7.6,7.27,7.47,437775.05,324704.547
600406.SH,20250819,21.84,21.98,21.8,21.81,462351.72,1010833.421
600408.SH,20250819,2.23,2.29,2.21,2.28,245911.1,55472.266
600409.SH,20250819,5.73,5.73,5.64,5.69,182475.66,103620.742
600410.SH,20250819,21.92,22.75,21.46,22.75,4089580.36,9134776.232
600415.SH,20250819,20.25,20.51,20.01,20.25,852463.13,1726243.208
600416.SH,20250819,15.61,16.77,15.38,16.49,947246.72,1521902.91
600418.SH,20250819,46.75,46.98,46.25,46.41,759856.77,3537225.795
600419.SH,20250819,11.24,11.43,11.24,11.33,59498.81,67543.983
600420.SH,20250819,11.36,11.52,11.33,11.35,198899.74,227130.635
600421.SH,20250819,8.6,8.6,8.13,8.6,256915.12,217246.573
600422.SH,20250819,14.7,14.78,14.57,14.59,203967.36,299373.228
600423.SH,20250819,3.74,3.75,3.68,3.74,226411.0,84232.244
600425.SH,20250819,4.4,4.44,4.33,4.35,571475.92,249629.37
600426.SH,20250819,24.06,24.3,23.49,23.49,212351.41,503895.074
600428.SH,20250819,6.68,6.69,6.6,6.61,367477.75,243794.892
600429.SH,20250819,4.66,4.69,4.62,4.68,127865.54,59714.812
600433.SH,20250819,3.13,3.15,3.12,3.14,182644.88,57210.605
600435.SH,20250819,16.88,17.03,16.51,16.66,598805.57,996886.946
600436.SH,20250819,202.22,205.48,202.22,202.55,51097.87,1040279.67
600438.SH,20250819,20.79,21.06,20.56,20.61,727552.77,1512681.749
600439.SH,20250819,3.13,3.16,3.12,3.16,307872.56,96763.739
600444.SH,20250819,17.56,17.87,17.49,17.86,67935.0,120537.979
600446.SH,20250819,19.64,20.3,19.55,19.86,548930.6,1091299.803
600448.SH,20250819,3.39,3.49,3.35,3.48,653987.3,225104.744
600449.SH,20250819,13.95,14.03,13.89,13.96,81164.91,113247.176
600452.SH,20250819,12.23,12.23,11.64,11.75,469234.43,555401.181
600455.SH,20250819,27.95,28.32,27.83,28.1,18312.74,51449.973
600456.SH,20250819,33.32,33.53,32.73,32.9,157476.32,520056.448
600458.SH,20250819,14.66,14.78,14.34,14.43,165873.74,240664.005
600459.SH,20250819,15.74,15.86,15.57,15.72,133554.2,209814.726
600460.SH,20250819,27.74,28.05,27.52,27.56,449643.56,1246345.182
600461.SH,20250819,9.21,9.24,9.17,9.19,82975.98,76288.86
600463.SH,20250819,11.37,11.6,11.37,11.53,53948.0,62169.114
600467.SH,20250819,2.4,2.42,2.39,2.42,458575.08,110555.974
600468.SH,20250819,6.7,6.74,6.64,6.74,391266.95,262450.354
600469.SH,20250819,6.1,6.26,6.07,6.17,101394.9,62514.395
600470.SH,20250819,5.65,5.73,5.61,5.7,152897.8,86774.677
600475.SH,20250819,21.56,22.2,20.73,20.73,245257.48,524784.741
600476.SH,20250819,18.89,19.35,18.86,19.23,117839.67,225791.225
600477.SH,20250819,2.65,2.72,2.64,2.68,390908.18,104791.035
600478.SH,20250819,6.13,6.17,6.08,6.14,515805.16,316366.854
600479.SH,20250819,11.09,11.25,11.07,11.1,133586.21,148991.208
600480.SH,20250819,14.95,15.55,14.0,15.05,1474741.86,2167321.189
600481.SH,20250819,6.2,6.33,6.1,6.22,1144864.18,711494.198
600482.SH,20250819,23.88,23.88,23.17,23.2,308907.89,721700.706
600483.SH,20250819,9.7,9.75,9.66,9.67,132927.95,128758.955
600486.SH,20250819,64.4,65.43,63.61,63.8,40591.23,261241.094
600487.SH,20250819,18.03,19.0,17.98,18.66,1436864.79,2676896.322
600488.SH,20250819,4.47,4.58,4.46,4.52,139514.06,63113.626
600489.SH,20250819,14.45,14.49,14.33,14.36,716313.96,1030045.926
600490.SH,20250819,4.87,4.9,4.8,4.83,443051.74,214644.019
600491.SH,20250819,3.39,3.41,3.38,3.4,167330.07,56820.995
600493.SH,20250819,6.75,6.9,6.66,6.85,78567.0,53584.592
600495.SH,20250819,5.77,6.2,5.72,6.16,1395358.57,833837.525
600496.SH,20250819,3.33,3.41,3.31,3.36,304464.37,101984.344
600497.SH,20250819,5.76,5.84,5.69,5.79,1299982.61,748543.914
600498.SH,20250819,25.35,26.35,25.26,25.93,498701.29,1281692.646
600499.SH,20250819,11.81,11.86,11.68,11.72,95843.34,112591.247
600500.SH,20250819,4.06,4.07,4.04,4.05,183208.53,74253.247
600501.SH,20250819,24.52,24.58,23.9,24.07,129352.12,312323.111
600502.SH,20250819,4.84,4.85,4.79,4.8,180578.84,86909.518
600503.SH,20250819,2.99,3.26,2.98,3.26,1103151.96,351820.802
600505.SH,20250819,14.32,14.43,14.25,14.35,95248.61,136662.168
600506.SH,20250819,22.94,23.1,22.17,22.21,159606.38,358771.239
600507.SH,20250819,5.98,6.09,5.97,6.03,198963.77,120287.215
600508.SH,20250819,12.24,12.27,12.18,12.19,25108.72,30678.114
600509.SH,20250819,6.71,6.76,6.68,6.72,311005.81,208907.867
600510.SH,20250819,6.72,7.12,6.61,7.01,375403.69,259449.43
600511.SH,20250819,29.91,30.12,29.77,29.83,64509.9,193065.753
600512.SH,20250819,2.35,2.37,2.34,2.35,233317.01,54946.082
600513.SH,20250819,27.5,30.49,27.09,29.47,619805.91,1812442.394
600515.SH,20250819,3.92,3.99,3.89,3.94,1148454.83,451745.081
600516.SH,20250819,4.87,4.88,4.83,4.84,262377.45,127159.354
600517.SH,20250819,5.59,5.59,5.51,5.56,333862.39,185306.276
600518.SH,20250819,2.08,2.13,2.07,2.1,3821055.87,802712.437
600519.SH,20250819,1433.5,1446.66,1432.0,1438.0,46371.86,6678541.001
600520.SH,20250819,30.32,31.16,30.15,30.5,87814.52,269844.838
600521.SH,20250819,20.62,21.28,20.53,20.62,439182.07,914570.855
600522.SH,20250819,15.2,15.69,15.18,15.4,1104948.12,1701304.578
600523.SH,20250819,16.3,16.3,15.97,16.11,101174.47,163038.063
600525.SH,20250819,3.33,3.39,3.33,3.35,137523.66,46207.903
600526.SH,20250819,4.86,4.96,4.85,4.93,135034.02,66249.217
600527.SH,20250819,2.12,2.16,2.11,2.14,705974.47,151058.728
600528.SH,20250819,8.89,8.98,8.86,8.9,313045.06,278914.366
600529.SH,20250819,23.47,23.58,23.26,23.3,179034.81,419153.642
600530.SH,20250819,8.16,8.24,7.96,8.13,114527.01,92734.023
600531.SH,20250819,8.54,8.6,8.4,8.47,323414.7,273955.637
600533.SH,20250819,2.79,2.88,2.77,2.82,515946.04,145483.127
600535.SH,20250819,17.22,17.69,17.2,17.38,542082.98,946793.444
600536.SH,20250819,49.58,50.57,49.2,49.66,368705.07,1840852.69
600537.SH,20250819,3.93,3.97,3.84,3.86,1173613.78,456757.609
600538.SH,20250819,6.13,6.33,6.04,6.28,197950.0,122305.429
600539.SH,20250819,11.08,11.08,10.83,10.9,81638.62,89052.462
600540.SH,20250819,4.93,4.96,4.91,4.94,151533.0,74801.353
600543.SH,20250819,6.3,6.51,6.27,6.43,102597.2,65571.617
600545.SH,20250819,2.67,2.72,2.64,2.69,559722.61,150481.193
600546.SH,20250819,10.3,10.3,10.15,10.2,207716.31,211765.617
600547.SH,20250819,30.72,30.92,30.48,30.52,291776.73,893461.073
600548.SH,20250819,10.38,10.43,10.36,10.4,36951.01,38424.817
600549.SH,20250819,24.75,26.97,24.6,25.75,989056.26,2525740.482
600550.SH,20250819,8.84,9.02,8.79,8.93,694609.37,617778.289
600551.SH,20250819,9.38,9.45,9.22,9.31,193001.35,179858.461
600552.SH,20250819,12.63,12.87,12.58,12.86,336448.52,428460.075
600556.SH,20250819,5.28,5.32,5.19,5.27,652270.37,342725.66
600557.SH,20250819,19.16,19.83,19.16,19.83,391574.14,773900.284
600558.SH,20250819,5.53,5.58,5.47,5.56,278196.25,154047.104
600559.SH,20250819,17.1,17.73,17.09,17.41,434755.96,758609.625
600560.SH,20250819,17.59,17.68,17.4,17.64,33584.0,58968.527
600561.SH,20250819,6.93,7.11,6.84,7.06,94488.01,66153.974
600562.SH,20250819,29.25,29.29,28.22,28.25,236680.18,676767.492
600563.SH,20250819,118.0,119.66,114.8,115.15,60952.42,710198.186
600566.SH,20250819,26.63,26.87,26.5,26.58,69801.19,186142.512
600567.SH,20250819,1.92,1.93,1.91,1.93,1402140.87,269267.43
600568.SH,20250819,1.82,1.86,1.8,1.84,204804.01,37607.606
600569.SH,20250819,2.26,2.31,2.25,2.27,293217.62,66688.102
600570.SH,20250819,37.55,38.07,36.55,36.58,961954.62,3577731.648
600571.SH,20250819,19.41,20.17,19.3,19.56,511105.51,1009770.68
600572.SH,20250819,4.61,4.69,4.61,4.63,480791.89,223814.601
600573.SH,20250819,12.08,12.22,12.04,12.16,37923.0,46111.048
600575.SH,20250819,3.51,3.52,3.48,3.49,335260.21,117151.613
600576.SH,20250819,7.73,7.74,7.64,7.72,150670.27,115948.444
600577.SH,20250819,8.4,8.73,8.34,8.7,1297144.2,1110898.081
600578.SH,20250819,4.34,4.36,4.29,4.3,292218.0,126133.95
600579.SH,20250819,8.84,8.96,8.82,8.94,145103.0,129127.598
600580.SH,20250819,31.88,35.99,30.98,34.0,3338981.91,11177873.212
600581.SH,20250819,4.43,4.56,4.4,4.46,1043496.27,466966.545
600582.SH,20250819,6.23,6.25,6.21,6.23,307013.0,191228.243
600583.SH,20250819,5.61,5.66,5.53,5.57,662928.81,371359.193
600584.SH,20250819,36.9,37.2,36.33,36.33,693937.74,2540869.113
600585.SH,20250819,24.2,24.28,23.85,23.85,414999.63,996165.423
600586.SH,20250819,5.06,5.07,5.02,5.04,184509.8,93007.072
600587.SH,20250819,17.45,17.65,17.18,17.21,183307.3,318905.756
600588.SH,20250819,16.25,16.9,16.07,16.48,1198652.77,1988767.67
600589.SH,20250819,8.56,8.83,8.5,8.53,1362613.57,1174107.402
600590.SH,20250819,11.72,11.72,11.72,11.72,215810.78,252930.234
600592.SH,20250819,25.07,27.8,24.33,26.6,909966.12,2338854.09
600593.SH,20250819,32.18,32.36,31.96,32.0,38362.0,123312.413
600594.SH,20250819,4.2,4.59,4.18,4.59,425230.93,189303.579
600595.SH,20250819,5.46,5.5,5.31,5.34,635469.96,341664.105
600596.SH,20250819,9.96,10.31,9.94,10.28,366686.11,372739.34
600597.SH,20250819,8.67,8.68,8.62,8.67,146642.53,126933.561
600598.SH,20250819,14.96,15.0,14.87,14.9,220861.13,329712.675
600599.SH,20250819,8.13,8.42,8.09,8.31,47530.0,39371.757
600600.SH,20250819,67.91,68.25,67.85,67.94,74075.26,504266.102
600601.SH,20250819,7.49,7.73,7.22,7.63,5284875.79,3968225.301
600602.SH,20250819,22.85,23.68,22.74,23.0,500431.29,1155327.902
600603.SH,20250819,8.95,9.03,8.92,8.99,88533.69,79430.042
600604.SH,20250819,5.8,6.17,5.77,6.0,659294.74,396582.029
600605.SH,20250819,36.0,36.35,35.35,36.16,53598.19,191703.54
600606.SH,20250819,1.9,1.93,1.89,1.91,1440077.3,275341.546
600608.SH,20250819,4.08,4.16,4.08,4.15,22706.0,9363.314
600609.SH,20250819,4.93,5.4,4.87,5.17,989252.09,506648.796
600610.SH,20250819,13.24,13.62,13.0,13.23,560287.84,743455.536
600611.SH,20250819,6.32,6.33,6.29,6.31,367442.37,231726.454
600612.SH,20250819,47.39,47.49,47.2,47.28,15130.48,71513.503
600613.SH,20250819,6.92,7.53,6.92,7.19,324658.67,234397.666
600615.SH,20250819,13.3,13.75,13.12,13.64,104515.33,140501.119
600616.SH,20250819,5.72,5.86,5.7,5.81,250339.07,145251.412
600617.SH,20250819,2.92,2.94,2.89,2.93,190296.8,55510.914
600618.SH,20250819,10.32,10.39,10.21,10.33,95896.65,98792.115
600619.SH,20250819,22.14,24.99,21.88,24.99,1859407.53,4504487.41
600620.SH,20250819,6.25,6.42,6.24,6.41,146643.99,93310.533
600621.SH,20250819,16.61,17.14,16.53,16.59,335481.79,561159.228
600622.SH,20250819,3.07,3.14,3.04,3.09,756875.06,235138.158
600623.SH,20250819,8.54,8.65,8.35,8.36,196372.0,165746.998
600624.SH,20250819,7.32,7.53,7.28,7.43,310084.23,230427.581
600626.SH,20250819,4.16,4.31,4.16,4.25,297225.42,125952.584
600628.SH,20250819,7.48,7.58,7.44,7.53,104721.62,78830.777
600629.SH,20250819,13.59,13.9,13.32,13.56,464962.78,634059.671
600630.SH,20250819,8.67,8.8,8.6,8.74,123335.32,107698.631
600633.SH,20250819,15.33,15.68,15.07,15.35,679300.4,1045629.698
600635.SH,20250819,4.13,4.15,4.1,4.15,388228.24,160513.303
600636.SH,20250819,8.7,8.87,8.7,8.78,36076.59,31702.868
600637.SH,20250819,8.1,8.14,8.05,8.11,412891.16,334192.179
600638.SH,20250819,6.03,6.07,6.01,6.02,184539.51,111311.139
600639.SH,20250819,10.57,10.62,10.54,10.56,61379.34,64855.983
600640.SH,20250819,12.99,13.04,12.85,12.89,66688.05,86217.277
600641.SH,20250819,14.87,14.88,14.57,14.67,158969.83,233654.328
600642.SH,20250819,8.16,8.22,8.15,8.18,194359.42,158992.927
600643.SH,20250819,6.23,6.28,6.16,6.24,420552.08,261501.888
600644.SH,20250819,13.45,13.52,13.35,13.37,193675.25,259988.069
600645.SH,20250819,29.1,29.7,28.58,28.72,173440.1,502840.467
600648.SH,20250819,11.2,11.26,11.17,11.26,37282.2,41785.521
600649.SH,20250819,4.76,4.77,4.68,4.69,242857.53,114687.278
600650.SH,20250819,16.92,17.33,16.83,17.12,188486.94,322557.017
600651.SH,20250819,6.15,6.58,6.12,6.44,1025451.29,658211.17
600653.SH,20250819,1.93,1.97,1.92,1.96,571177.58,111659.674
600654.SH,20250819,3.71,3.98,3.68,3.73,2897424.87,1094797.617
600655.SH,20250819,5.8,5.82,5.79,5.81,81558.77,47359.763
600657.SH,20250819,4.12,4.39,4.12,4.12,874193.1,370569.613
600658.SH,20250819,6.8,7.71,6.6,7.71,1630924.95,1202136.144
600660.SH,20250819,56.9,57.45,55.65,55.77,273782.12,1535854.833
600661.SH,20250819,11.33,11.42,11.19,11.3,90524.51,102113.706
600662.SH,20250819,5.6,5.71,5.59,5.62,161829.52,91018.751
600663.SH,20250819,8.69,8.71,8.66,8.67,130278.98,113105.024
600664.SH,20250819,3.94,4.08,3.94,4.0,909302.66,366169.779
600665.SH,20250819,3.34,3.42,3.34,3.42,145272.81,49311.25
600666.SH,20250819,4.08,4.12,4.05,4.06,1329776.63,542618.538
600667.SH,20250819,6.94,7.0,6.91,6.93,309654.23,215160.842
600668.SH,20250819,12.25,12.31,12.21,12.22,98859.91,121127.584
600671.SH,20250819,16.1,17.05,15.6,16.89,95901.01,157983.373
600673.SH,20250819,17.82,19.25,16.92,18.61,1582640.51,2848951.116
600674.SH,20250819,15.34,15.42,15.33,15.36,177091.98,272244.773
600675.SH,20250819,3.02,3.08,3.01,3.03,441914.86,134454.563
600676.SH,20250819,5.85,5.98,5.83,5.87,185885.41,109714.382
600678.SH,20250819,10.69,10.84,10.55,10.61,545435.7,581739.784
600679.SH,20250819,13.23,13.34,13.11,13.27,90555.61,119948.09
600681.SH,20250819,3.69,3.73,3.68,3.72,106673.8,39567.431
600682.SH,20250819,7.97,8.82,7.97,8.82,322583.26,278253.814
600683.SH,20250819,4.15,4.25,4.13,4.19,109643.0,46042.124
600684.SH,20250819,4.8,4.84,4.77,4.82,236035.4,113499.772
600685.SH,20250819,30.0,30.12,28.81,28.89,266937.53,781866.202
600686.SH,20250819,12.51,12.59,12.45,12.55,215633.81,270121.564
600688.SH,20250819,2.86,2.87,2.85,2.85,232708.0,66447.974
600689.SH,20250819,12.9,13.47,12.8,13.33,72011.76,95631.766
600690.SH,20250819,25.57,25.83,25.2,25.2,639354.81,1625035.765
600691.SH,20250819,2.43,2.48,2.41,2.46,254060.49,62247.799
600692.SH,20250819,8.91,9.0,8.75,8.99,108297.0,96524.134
600693.SH,20250819,5.8,5.86,5.77,5.84,222541.02,129650.873
600694.SH,20250819,19.99,20.12,19.92,20.04,55457.05,111155.287
600696.SH,20250819,5.9,6.21,5.85,6.21,53670.15,32833.917
600697.SH,20250819,12.51,12.72,12.48,12.65,43004.44,54266.916
600698.SH,20250819,13.66,13.68,13.3,13.32,876191.93,1174439.622
600699.SH,20250819,20.55,20.59,20.02,20.32,461976.55,937378.296
600702.SH,20250819,54.23,59.36,54.22,57.84,303221.36,1741606.648
600703.SH,20250819,13.17,13.25,13.09,13.12,637845.52,839248.651
600704.SH,20250819,5.49,5.58,5.47,5.48,717687.49,396013.695
600706.SH,20250819,10.32,10.54,10.27,10.45,118792.98,123811.277
600707.SH,20250819,6.37,6.48,6.32,6.37,394035.8,251900.613
600708.SH,20250819,3.54,3.58,3.53,3.55,212426.57,75514.039
600710.SH,20250819,10.99,11.5,10.99,11.2,218151.75,246163.408
600711.SH,20250819,7.83,7.98,7.71,7.79,1309923.18,1024587.542
600712.SH,20250819,6.93,7.58,6.9,7.38,802542.81,595101.031
600713.SH,20250819,5.23,5.29,5.2,5.27,153474.01,80687.139
600714.SH,20250819,12.1,12.33,12.04,12.32,119762.0,146321.056
600715.SH,20250819,2.33,2.33,2.3,2.31,358514.0,82883.936
600716.SH,20250819,3.87,3.94,3.86,3.94,122010.0,47797.928
600717.SH,20250819,4.89,5.14,4.89,5.01,600213.04,301246.04
600718.SH,20250819,10.31,10.46,10.23,10.3,280904.91,290405.188
600719.SH,20250819,6.41,6.46,6.39,6.45,82248.0,52869.742
600720.SH,20250819,7.91,7.92,7.87,7.91,127113.09,100222.398
600721.SH,20250819,9.14,9.3,8.68,8.76,874182.15,782410.096
600722.SH,20250819,6.15,6.2,6.12,6.18,259875.01,160526.913
600724.SH,20250819,4.69,4.72,4.67,4.72,74939.08,35252.51
600725.SH,20250819,3.33,3.38,3.31,3.36,163735.28,54892.891
600726.SH,20250819,2.54,2.56,2.52,2.55,301600.0,76774.575
600727.SH,20250819,8.1,8.15,8.08,8.12,167943.81,136178.616
600728.SH,20250819,6.07,6.1,5.99,6.09,609778.8,369283.343
600729.SH,20250819,29.29,29.65,29.15,29.59,42577.0,125457.389
600730.SH,20250819,8.66,8.94,8.58,8.84,345262.0,303942.515
600731.SH,20250819,8.2,8.2,7.92,7.96,249285.58,199237.524
600732.SH,20250819,14.86,15.14,14.73,14.92,353621.84,527507.933
600733.SH,20250819,9.36,9.46,9.15,9.2,2157664.41,2003411.488
600734.SH,20250819,3.97,4.04,3.93,4.0,766736.51,305404.263
600735.SH,20250819,8.4,8.47,8.22,8.37,138045.0,114765.349
600736.SH,20250819,5.74,5.76,5.68,5.72,205808.4,117727.86
600737.SH,20250819,16.0,16.5,15.16,16.0,2406307.22,3807249.186
600738.SH,20250819,5.32,5.33,5.29,5.32,183333.0,97238.576
600739.SH,20250819,12.65,12.86,12.59,12.61,214028.85,272029.279
600740.SH,20250819,3.96,3.99,3.94,3.98,155227.32,61703.424
600741.SH,20250819,18.31,18.34,17.93,18.04,129812.54,234431.772
600742.SH,20250819,10.34,10.63,10.25,10.52,131597.02,137946.261
600743.SH,20250819,2.08,2.11,2.06,2.1,244584.26,51171.541
600744.SH,20250819,7.19,7.44,7.11,7.3,1802247.93,1319823.963
600745.SH,20250819,38.0,38.5,37.7,37.91,231820.4,882674.613
600746.SH,20250819,7.69,7.7,7.61,7.64,86638.58,66273.963
600748.SH,20250819,3.66,3.89,3.66,3.75,326007.71,123192.437
600749.SH,20250819,30.92,32.38,29.31,29.49,679891.9,2107950.119
600750.SH,20250819,22.09,22.22,22.06,22.08,60814.42,134685.147
600751.SH,20250819,4.81,4.83,4.68,4.73,976014.67,465380.064
600753.SH,20250819,6.83,6.88,6.73,6.79,17953.2,12201.663
600754.SH,20250819,22.8,22.91,22.63,22.68,88398.59,200965.978
600755.SH,20250819,6.28,6.3,6.25,6.28,168402.56,105632.658
600756.SH,20250819,15.88,16.23,15.74,16.0,246525.73,394367.673
600757.SH,20250819,9.61,9.65,9.47,9.52,119295.0,113581.242
600758.SH,20250819,3.91,3.95,3.88,3.94,189653.0,74335.107
600759.SH,20250819,2.41,2.42,2.39,2.39,1207428.41,290187.27
600760.SH,20250819,60.17,60.17,59.11,59.6,378671.02,2252574.168
600761.SH,20250819,18.57,18.78,18.24,18.58,131901.69,244067.176
600763.SH,20250819,46.26,46.59,45.73,45.81,114847.35,530411.77
600764.SH,20250819,36.5,37.2,35.52,35.7,222080.4,803984.152
600765.SH,20250819,17.18,17.19,16.95,16.98,216669.37,369051.545
600768.SH,20250819,12.67,12.99,12.58,12.92,59443.0,75963.859
600769.SH,20250819,11.05,11.84,10.92,11.63,184843.91,212725.418
600770.SH,20250819,5.72,5.79,5.69,5.74,391928.3,225498.224
600771.SH,20250819,22.3,22.3,21.42,21.47,368354.95,802189.194
600773.SH,20250819,11.42,11.96,11.28,11.67,494190.75,574536.035
600774.SH,20250819,10.46,10.7,10.42,10.56,143587.0,151915.923
600775.SH,20250819,13.48,14.33,13.43,13.43,1070796.96,1477077.786
600776.SH,20250819,11.43,11.49,11.36,11.46,131201.01,150056.186
600777.SH,20250819,4.39,4.39,4.17,4.17,605323.18,254654.911
600778.SH,20250819,6.98,7.11,6.91,6.98,241098.7,168878.468
600779.SH,20250819,42.51,45.06,42.51,44.05,145735.62,641785.967
600780.SH,20250819,5.97,5.98,5.95,5.96,108380.75,64634.185
600782.SH,20250819,4.07,4.16,4.06,4.07,539809.03,221846.885
600783.SH,20250819,13.05,13.17,12.97,13.03,73895.5,96420.288
600784.SH,20250819,6.74,6.79,6.68,6.73,92135.44,62056.233
600785.SH,20250819,12.65,12.8,12.53,12.8,82746.02,105452.32
600787.SH,20250819,6.13,6.13,6.07,6.07,392469.2,239046.673
600789.SH,20250819,10.27,10.36,10.24,10.27,356725.85,367177.395
600790.SH,20250819,3.81,3.83,3.8,3.82,83572.06,31861.108
600791.SH,20250819,4.81,5.07,4.79,4.99,134100.71,66623.453
600792.SH,20250819,3.74,3.8,3.72,3.77,158720.16,59584.14
600793.SH,20250819,25.3,25.48,24.96,25.25,56780.8,143392.992
600794.SH,20250819,4.56,4.58,4.53,4.55,248854.0,113251.518
600795.SH,20250819,4.66,4.84,4.66,4.77,6028214.32,2874539.011
600796.SH,20250819,5.92,5.96,5.85,5.95,78272.0,46360.04
600797.SH,20250819,11.21,11.43,11.04,11.09,1289846.18,1444417.093
600798.SH,20250819,4.04,4.04,4.01,4.02,274298.96,110216.952
600800.SH,20250819,4.35,4.42,4.3,4.36,302445.81,131644.842
600801.SH,20250819,15.43,15.8,15.36,15.48,333548.38,520124.951
600802.SH,20250819,5.46,5.53,5.44,5.52,89680.36,49251.748
600803.SH,20250819,18.78,18.82,18.62,18.7,65544.35,122360.313
600805.SH,20250819,5.41,5.91,5.38,5.91,284365.01,164143.76
600807.SH,20250819,3.25,3.43,3.23,3.33,511051.2,170768.734
600808.SH,20250819,3.9,3.93,3.8,3.81,932892.6,358554.924
600809.SH,20250819,190.09,195.85,190.09,193.73,130014.98,2524985.403
600810.SH,20250819,9.46,9.48,9.29,9.34,123439.91,115649.68
600812.SH,20250819,6.63,6.78,6.55,6.61,545343.45,364211.922
600814.SH,20250819,7.82,8.01,7.81,7.93,128657.86,101852.856
600815.SH,20250819,2.82,2.85,2.81,2.83,284799.34,80666.575
600816.SH,20250819,3.07,3.09,3.02,3.05,767249.67,234291.511
600817.SH,20250819,12.21,12.25,11.9,12.14,71075.61,86002.174
600818.SH,20250819,11.46,11.59,11.31,11.43,75964.74,86838.402
600819.SH,20250819,6.34,6.37,6.28,6.36,114115.75,72243.301
600820.SH,20250819,6.45,6.46,6.4,6.4,375428.06,240924.444
600821.SH,20250819,5.63,5.64,5.58,5.59,243075.34,136235.449
600822.SH,20250819,12.04,12.52,12.03,12.35,257990.04,317517.207
600824.SH,20250819,4.29,4.35,4.28,4.35,277570.4,120253.971
600825.SH,20250819,7.19,7.22,7.1,7.14,189871.58,135920.294
600826.SH,20250819,11.14,11.18,11.01,11.1,173591.46,192663.166
600827.SH,20250819,9.8,9.93,9.74,9.79,133074.35,130789.908
600828.SH,20250819,4.06,4.1,4.04,4.09,182977.9,74571.364
600829.SH,20250819,8.25,8.38,8.2,8.3,124851.0,103834.876
600830.SH,20250819,11.11,11.17,10.92,11.04,232374.0,256438.695
600831.SH,20250819,4.73,4.79,4.65,4.71,104644.23,49420.438
600833.SH,20250819,13.05,13.18,13.0,13.18,62250.86,81718.407
600834.SH,20250819,8.83,8.88,8.78,8.85,57105.01,50414.17
600835.SH,20250819,27.58,30.27,27.5,30.27,309361.07,918288.768
600838.SH,20250819,8.67,9.11,8.67,8.96,222077.38,197935.041
600839.SH,20250819,10.61,11.67,10.5,11.67,5175367.57,5799236.185
600841.SH,20250819,6.92,7.58,6.92,7.58,240049.3,180136.855
600843.SH,20250819,11.46,11.88,11.35,11.67,421688.83,489529.32
600844.SH,20250819,3.24,3.26,3.21,3.24,136019.0,44085.457
600845.SH,20250819,24.8,25.08,24.6,24.95,405442.51,1006739.884
600846.SH,20250819,9.92,10.07,9.84,9.98,74235.14,74097.14
600847.SH,20250819,11.28,11.6,11.17,11.6,41652.0,47712.962
600848.SH,20250819,9.25,9.25,9.19,9.2,92095.15,84899.441
600850.SH,20250819,26.61,26.61,26.21,26.36,171819.25,453228.078
600851.SH,20250819,7.31,7.42,7.23,7.26,172028.0,125843.959
600853.SH,20250819,4.01,4.01,3.97,3.98,198847.24,79192.912
600854.SH,20250819,5.39,5.51,5.37,5.47,97864.11,53279.824
600855.SH,20250819,16.3,16.3,15.88,15.92,242497.56,387710.825
600857.SH,20250819,13.01,13.61,12.86,13.61,68927.7,90612.273
600858.SH,20250819,5.68,5.79,5.66,5.79,177003.0,101766.746
600859.SH,20250819,14.19,14.24,14.07,14.16,248557.81,351887.675
600860.SH,20250819,13.78,14.15,13.61,13.8,303912.56,421685.687
600861.SH,20250819,20.8,20.9,20.64,20.7,31889.0,66151.742
600862.SH,20250819,25.79,25.79,25.31,25.39,192717.64,490882.329
600863.SH,20250819,4.05,4.08,4.04,4.06,460319.32,186876.117
600864.SH,20250819,7.35,7.76,7.31,7.49,1247896.9,936375.283
600865.SH,20250819,9.05,9.22,9.03,9.18,59080.81,54089.174
600866.SH,20250819,8.02,8.15,8.01,8.09,371270.92,300221.137
600867.SH,20250819,8.38,8.69,8.38,8.46,404626.62,346504.63
600868.SH,20250819,2.76,2.89,2.76,2.82,630288.89,178556.414
600869.SH,20250819,6.17,6.8,6.12,6.58,1514988.99,996258.875
600871.SH,20250819,2.03,2.05,2.03,2.03,1016711.73,207412.03
600872.SH,20250819,19.2,19.22,19.03,19.12,144290.51,276110.994
600873.SH,20250819,11.06,11.1,10.98,10.98,268466.29,295607.28
600874.SH,20250819,5.95,5.96,5.9,5.94,120050.71,71179.828
600875.SH,20250819,20.2,20.36,20.05,20.07,488214.33,984962.933
600876.SH,20250819,10.95,11.33,10.86,11.23,88045.14,97933.13
600877.SH,20250819,14.34,14.36,14.0,14.15,363108.96,513997.68
600879.SH,20250819,11.0,11.04,10.88,10.91,892784.35,976368.158
600880.SH,20250819,5.14,5.19,5.11,5.16,267450.78,138051.986
600881.SH,20250819,2.23,2.35,2.15,2.24,3909668.69,878134.147
600882.SH,20250819,27.33,27.73,27.18,27.6,70300.26,193166.441
600883.SH,20250819,8.22,8.41,8.07,8.41,45903.0,38124.106
600884.SH,20250819,11.86,12.06,11.36,11.95,1204612.85,1413604.187
600885.SH,20250819,25.85,25.92,25.33,25.43,207115.45,528520.462
600886.SH,20250819,14.62,14.75,14.62,14.63,178875.16,262694.227
600887.SH,20250819,27.35,27.59,27.2,27.21,772282.83,2113799.555
600888.SH,20250819,7.7,7.74,7.61,7.67,248623.08,190709.345
600889.SH,20250819,15.5,15.96,15.13,15.72,187918.18,293318.824
600892.SH,20250819,3.33,3.36,3.25,3.28,174964.0,57494.638
600893.SH,20250819,39.77,39.8,38.99,39.01,284280.28,1114357.718
600894.SH,20250819,10.75,11.05,10.67,10.75,108755.06,117461.395
600895.SH,20250819,34.43,35.45,33.96,34.71,1036098.82,3611518.06
600897.SH,20250819,14.88,15.08,14.79,14.91,38939.35,58063.569
600900.SH,20250819,27.65,27.78,27.61,27.63,1146023.98,3172704.27
600901.SH,20250819,5.67,5.72,5.65,5.67,458724.59,260476.507
600903.SH,20250819,7.11,7.19,7.06,7.15,162421.57,115538.555
600905.SH,20250819,4.25,4.25,4.23,4.24,1244808.02,527920.568
600906.SH,20250819,7.72,7.85,7.68,7.7,582852.06,451386.209
600908.SH,20250819,6.21,6.23,6.11,6.12,223828.19,137625.15
600909.SH,20250819,6.47,6.51,6.39,6.42,578940.33,372946.68
600916.SH,20250819,8.15,8.16,8.13,8.14,141895.0,115521.545
600917.SH,20250819,5.81,5.83,5.77,5.81,64730.0,37555.075
600918.SH,20250819,7.24,7.27,7.15,7.19,368272.06,265031.836
600919.SH,20250819,11.06,11.14,10.96,11.11,1221886.41,1353124.317
600925.SH,20250819,4.99,5.0,4.98,4.99,72601.92,36215.949
600926.SH,20250819,15.95,16.05,15.78,15.98,490896.55,779630.815
600927.SH,20250819,16.0,16.41,15.83,16.15,202183.46,325391.307
600928.SH,20250819,3.84,3.86,3.81,3.84,195587.62,74956.287
600929.SH,20250819,5.34,5.42,5.31,5.37,155328.67,83308.372
600930.SH,20250819,6.48,6.49,6.43,6.44,1286517.68,829538.562
600933.SH,20250819,18.96,20.39,18.81,19.95,350000.58,688817.652
600935.SH,20250819,2.5,2.53,2.49,2.51,194394.38,48836.871
600936.SH,20250819,3.79,3.79,3.74,3.76,134577.0,50603.388
600938.SH,20250819,25.57,25.63,25.5,25.5,306708.67,783569.2
600939.SH,20250819,3.68,3.69,3.62,3.68,183892.0,67349.734
600941.SH,20250819,108.36,108.54,107.0,107.0,274903.12,2956938.209
600955.SH,20250819,14.49,14.55,14.4,14.5,21555.84,31223.519
600956.SH,20250819,7.79,7.83,7.7,7.72,85766.54,66318.966
600958.SH,20250819,11.97,12.26,11.85,11.86,1123787.65,1346406.922
600959.SH,20250819,3.66,3.73,3.64,3.68,507085.32,186927.232
600960.SH,20250819,4.82,4.92,4.79,4.89,300561.34,146197.667
600961.SH,20250819,12.34,12.37,12.1,12.31,286156.73,350768.852
600962.SH,20250819,20.65,20.87,20.41,20.77,83251.0,171622.881
600963.SH,20250819,4.81,4.85,4.79,4.82,183076.93,88264.656
600965.SH,20250819,5.14,5.18,5.12,5.17,109332.05,56436.584
600966.SH,20250819,5.18,5.2,5.08,5.14,148574.43,76314.413
600967.SH,20250819,27.2,28.11,26.2,26.67,1627305.93,4392731.524
600968.SH,20250819,3.92,3.95,3.91,3.94,440334.09,173101.488
600969.SH,20250819,7.4,7.5,7.37,7.48,81698.8,60783.289
600970.SH,20250819,9.19,9.22,9.09,9.1,205953.44,188145.301
600971.SH,20250819,6.99,7.0,6.96,6.97,85612.1,59724.479
600973.SH,20250819,5.74,5.79,5.65,5.79,373000.31,213845.915
600975.SH,20250819,6.4,6.43,6.35,6.39,220187.07,140709.913
600976.SH,20250819,42.18,43.19,42.04,42.12,43381.67,185143.328
600977.SH,20250819,13.04,13.04,12.81,12.86,295089.49,380331.335
600979.SH,20250819,4.97,5.04,4.96,5.02,276316.44,138141.489
600980.SH,20250819,23.42,25.47,23.4,25.47,218609.07,539233.599
600981.SH,20250819,3.11,3.29,3.08,3.22,573109.68,183604.685
600982.SH,20250819,4.65,4.68,4.63,4.65,154488.62,71831.905
600983.SH,20250819,11.65,11.72,11.18,11.28,166699.28,189163.241
600984.SH,20250819,3.63,3.72,3.62,3.67,408920.3,150264.187
600985.SH,20250819,13.1,13.22,12.97,13.1,166365.57,217636.697
600986.SH,20250819,9.95,9.95,9.61,9.68,895458.07,870876.365
600987.SH,20250819,7.36,7.42,7.32,7.38,71074.4,52483.572
600988.SH,20250819,24.27,24.36,24.06,24.19,374030.25,905805.149
600989.SH,20250819,15.46,15.57,15.37,15.53,387997.61,600641.529
600990.SH,20250819,34.37,35.07,32.0,35.07,420363.97,1405839.327
600992.SH,20250819,15.37,15.39,15.17,15.19,56812.0,86571.256
600993.SH,20250819,27.99,28.53,27.89,28.13,75951.31,214808.912
600995.SH,20250819,10.17,10.18,10.09,10.11,89909.97,91013.609
600996.SH,20250819,8.59,8.73,8.5,8.57,203441.07,174717.415
600997.SH,20250819,6.24,6.35,6.23,6.27,75222.65,47328.15
600998.SH,20250819,5.35,5.41,5.32,5.38,362682.71,194661.115
600999.SH,20250819,18.88,18.97,18.56,18.61,419608.04,785149.851
601000.SH,20250819,4.03,4.04,4.02,4.03,315543.2,127053.859
601001.SH,20250819,13.73,13.75,13.43,13.54,196722.39,266587.289
601002.SH,20250819,5.74,5.74,5.67,5.73,359685.15,205126.912
601003.SH,20250819,5.95,6.05,5.91,5.95,287872.12,171667.412
601005.SH,20250819,1.5,1.52,1.49,1.51,1154650.0,173635.359
601006.SH,20250819,6.41,6.42,6.4,6.41,729205.28,467217.342
601007.SH,20250819,7.73,7.76,7.68,7.75,124960.63,96546.037
601008.SH,20250819,6.01,6.01,5.96,5.99,241301.07,144371.503
601009.SH,20250819,11.5,11.54,11.31,11.38,457496.64,521436.15
601010.SH,20250819,2.62,2.72,2.61,2.71,844738.85,225746.247
601011.SH,20250819,2.73,2.82,2.72,2.82,577110.76,161336.613
601012.SH,20250819,16.37,16.45,15.96,15.97,1252398.82,2023846.783
601015.SH,20250819,3.58,3.61,3.56,3.6,223611.25,80376.741
601016.SH,20250819,3.04,3.05,3.01,3.02,510124.44,154564.34
601018.SH,20250819,3.64,3.65,3.63,3.64,400985.93,145865.327
601019.SH,20250819,9.29,9.34,9.15,9.16,112498.36,103597.389
601020.SH,20250819,22.5,23.15,22.38,22.7,531839.58,1211754.502
601021.SH,20250819,52.73,52.98,52.43,52.81,42540.74,224168.629
601022.SH,20250819,9.66,9.67,9.6,9.63,113598.29,109452.477
601033.SH,20250819,15.51,15.58,15.46,15.53,27682.79,42990.565
601038.SH,20250819,13.47,13.48,13.39,13.47,44129.0,59316.491
601058.SH,20250819,13.11,13.34,12.82,13.24,678171.57,891690.852
601059.SH,20250819,18.4,18.55,18.11,18.14,504951.68,924187.664
601061.SH,20250819,8.71,8.74,8.54,8.58,160941.24,138555.62
601065.SH,20250819,8.55,8.57,8.52,8.54,43569.0,37229.621
601066.SH,20250819,27.59,27.88,27.28,27.33,226254.76,623226.654
601068.SH,20250819,5.07,5.08,4.98,4.99,139879.53,70113.334
601069.SH,20250819,19.03,19.1,18.98,19.01,113625.0,216055.836
601077.SH,20250819,6.5,6.55,6.46,6.49,536540.08,348814.823
601083.SH,20250819,12.35,12.38,12.22,12.22,84038.32,103167.552
601086.SH,20250819,10.73,11.23,10.65,11.1,405442.25,442363.879
601088.SH,20250819,39.15,39.23,38.26,38.27,694509.35,2674812.524
601089.SH,20250819,30.97,32.64,30.7,30.8,184466.14,583643.552
601096.SH,20250819,4.55,4.57,4.53,4.54,139108.3,63278.69
601098.SH,20250819,13.1,13.17,13.02,13.09,93418.58,122071.533
601099.SH,20250819,4.3,4.38,4.27,4.29,3337268.99,1439730.342
601100.SH,20250819,78.5,83.98,78.5,82.08,192471.77,1570045.928
601101.SH,20250819,7.58,7.6,7.5,7.52,126027.97,94984.045
601106.SH,20250819,3.0,3.03,2.97,2.98,389807.88,116464.469
601107.SH,20250819,5.63,5.63,5.61,5.62,85670.44,48121.198
601108.SH,20250819,8.61,8.66,8.5,8.52,679044.7,582302.14
601111.SH,20250819,7.44,7.53,7.4,7.49,831004.68,622396.826
601113.SH,20250819,4.01,4.01,3.93,3.96,265483.5,105164.179
601116.SH,20250819,10.8,10.91,10.78,10.84,87987.47,95551.867
601117.SH,20250819,8.06,8.1,7.99,8.0,740722.01,594659.591
601118.SH,20250819,5.1,5.13,5.06,5.1,474203.4,241724.421
601121.SH,20250819,6.55,6.58,6.53,6.56,109222.0,71546.871
601126.SH,20250819,17.65,18.07,17.65,17.69,142369.13,253359.032
601127.SH,20250819,128.41,133.33,128.41,131.47,421776.07,5523671.534
601128.SH,20250819,7.58,7.6,7.5,7.57,491673.08,370533.144
601133.SH,20250819,13.14,13.32,13.01,13.2,101841.38,134285.168
601136.SH,20250819,21.24,21.25,20.9,20.98,292761.39,616116.028
601137.SH,20250819,24.68,26.65,24.33,26.35,782374.37,1985130.058
601138.SH,20250819,44.02,48.91,43.68,48.91,2730438.27,12733532.496
601139.SH,20250819,6.92,6.96,6.73,6.76,590292.53,401637.258
601155.SH,20250819,16.32,16.73,15.99,16.01,144329.16,235584.582
601156.SH,20250819,14.7,14.7,14.42,14.5,143810.57,208805.377
601158.SH,20250819,4.71,4.72,4.69,4.7,80018.8,37631.569
601162.SH,20250819,5.7,5.88,5.6,5.63,11283527.5,6438653.866
601163.SH,20250819,14.1,14.17,14.09,14.11,30758.8,43431.83
601166.SH,20250819,22.62,22.69,22.42,22.55,464353.64,1047941.112
601168.SH,20250819,17.91,18.15,17.7,17.78,325872.86,582646.218
601169.SH,20250819,6.25,6.28,6.23,6.24,872515.27,545750.617
601177.SH,20250819,20.12,20.85,19.69,20.46,471093.01,956586.333
601179.SH,20250819,6.56,6.72,6.55,6.66,1129320.23,752499.409
601186.SH,20250819,8.12,8.14,8.07,8.09,619315.62,501445.551
601187.SH,20250819,6.76,6.8,6.72,6.73,138777.4,93609.954
601188.SH,20250819,3.52,3.52,3.49,3.5,136783.0,47885.688
601198.SH,20250819,11.88,11.92,11.74,11.8,542148.03,640333.668
601199.SH,20250819,6.64,6.73,6.48,6.65,272994.29,179315.261
601200.SH,20250819,8.29,8.35,8.25,8.31,80823.61,67152.097
601208.SH,20250819,19.19,19.4,18.12,18.37,771347.52,1438136.681
601211.SH,20250819,20.7,20.86,20.39,20.39,1300858.02,2675454.801
601212.SH,20250819,3.35,3.37,3.31,3.33,667636.76,222601.774
601216.SH,20250819,5.49,5.5,5.46,5.47,735995.4,402982.565
601218.SH,20250819,4.32,4.44,4.31,4.39,672006.0,293950.822
601222.SH,20250819,5.87,5.9,5.85,5.86,157273.0,92343.678
601225.SH,20250819,21.15,21.58,21.13,21.41,424334.25,909248.275
601226.SH,20250819,6.8,6.81,6.74,6.75,105483.0,71406.322
601228.SH,20250819,3.36,3.38,3.34,3.35,271516.38,91317.996
601229.SH,20250819,9.97,10.02,9.91,9.97,394766.31,393480.913
601231.SH,20250819,18.27,18.63,17.97,18.43,379467.06,696437.088
601233.SH,20250819,13.09,13.3,12.94,13.04,256430.7,335121.439
601236.SH,20250819,9.57,9.61,9.42,9.45,632367.41,600903.41
601238.SH,20250819,7.68,7.71,7.61,7.7,303309.93,232803.548
601279.SH,20250819,4.23,4.34,4.17,4.31,315136.99,134476.786
601288.SH,20250819,6.92,7.09,6.91,7.02,5444344.91,3828327.526
601298.SH,20250819,8.73,8.75,8.67,8.7,164959.86,143387.749
601311.SH,20250819,9.75,9.87,9.63,9.84,323612.8,315588.342
601318.SH,20250819,59.77,60.18,58.08,58.2,954809.96,5626016.6
601319.SH,20250819,8.56,8.6,8.41,8.42,717770.39,609030.846
601326.SH,20250819,3.34,3.36,3.32,3.34,175707.0,58680.024
601328.SH,20250819,7.45,7.53,7.45,7.51,1503442.09,1127526.493
601330.SH,20250819,7.13,7.13,7.05,7.1,57884.0,41018.977
601333.SH,20250819,2.93,2.93,2.91,2.92,292522.6,85378.444
601336.SH,20250819,67.2,68.56,65.66,66.1,185869.58,1243975.46
601339.SH,20250819,5.72,5.75,5.63,5.67,176656.93,100154.985
601360.SH,20250819,11.03,11.13,10.9,10.94,1417085.27,1559813.897
601366.SH,20250819,4.62,4.66,4.62,4.64,87859.4,40770.718
601368.SH,20250819,4.99,5.09,4.97,5.05,76208.0,38417.373
601369.SH,20250819,8.76,8.83,8.73,8.82,109048.01,95808.535
601375.SH,20250819,4.69,4.73,4.62,4.64,954248.42,445340.328
601377.SH,20250819,6.97,7.0,6.84,6.85,1157508.83,799419.882
601388.SH,20250819,2.59,2.62,2.58,2.61,365839.69,95198.307
601390.SH,20250819,5.67,5.69,5.64,5.65,1211516.73,686256.819
601398.SH,20250819,7.53,7.6,7.51,7.57,3385247.03,2560802.995
601399.SH,20250819,3.33,3.35,3.3,3.3,760205.76,251968.231
601456.SH,20250819,12.08,12.18,11.91,11.97,512053.08,614749.235
601500.SH,20250819,4.66,4.72,4.65,4.69,297657.42,139524.42
601512.SH,20250819,7.94,7.99,7.92,7.95,49189.0,39137.385
601515.SH,20250819,4.59,4.65,4.48,4.5,458412.93,208574.608
601518.SH,20250819,2.73,2.73,2.71,2.72,110440.52,30038.268
601519.SH,20250819,17.6,18.94,17.5,18.7,2219064.02,4052156.532
601528.SH,20250819,5.63,5.64,5.58,5.59,149652.79,83890.625
601555.SH,20250819,10.46,10.62,10.26,10.29,1229947.16,1280287.836
601566.SH,20250819,9.05,9.23,9.03,9.23,54834.0,50110.876
601567.SH,20250819,24.31,25.59,24.31,24.92,239502.53,601821.022
601568.SH,20250819,4.21,4.22,4.19,4.19,152678.3,64127.842
601577.SH,20250819,9.86,9.89,9.78,9.81,130571.88,128221.485
601579.SH,20250819,19.39,20.25,19.13,19.72,241551.52,477114.899
601588.SH,20250819,1.86,1.89,1.85,1.86,287518.01,53748.914
601595.SH,20250819,34.0,34.08,33.06,33.23,185276.8,618961.43
601598.SH,20250819,5.48,5.56,5.45,5.54,165607.26,91260.745
601599.SH,20250819,3.91,3.98,3.85,3.96,454351.79,178374.269
601600.SH,20250819,7.73,7.8,7.6,7.63,1952817.39,1499777.518
601601.SH,20250819,39.93,40.3,38.98,39.07,241696.32,955518.708
601606.SH,20250819,66.0,70.0,61.01,67.0,1188285.12,7960690.27
601607.SH,20250819,19.0,19.14,18.9,18.91,128091.01,243535.898
601608.SH,20250819,5.21,5.35,5.15,5.29,1247655.1,653532.345
601609.SH,20250819,13.78,13.78,12.8,13.41,4098109.38,5481466.911
601611.SH,20250819,9.32,9.33,9.22,9.23,185544.28,171824.265
601615.SH,20250819,12.45,12.53,12.24,12.4,364338.2,450393.739
601616.SH,20250819,3.87,3.94,3.86,3.92,193957.1,75878.741
601618.SH,20250819,3.21,3.33,3.2,3.32,2633759.24,861186.809
601619.SH,20250819,3.84,3.85,3.8,3.83,253706.36,96929.272
601628.SH,20250819,42.87,43.13,41.7,41.87,167078.56,706825.961
601633.SH,20250819,25.0,25.01,24.37,24.44,323816.41,796719.215
601636.SH,20250819,6.31,6.37,6.21,6.23,280009.69,175160.929
601658.SH,20250819,6.06,6.18,6.05,6.15,1637596.01,1005156.486
601665.SH,20250819,5.86,5.87,5.81,5.82,804499.43,469620.304
601666.SH,20250819,8.12,8.16,8.08,8.13,217043.87,176088.438
601668.SH,20250819,5.56,5.58,5.5,5.5,2631877.32,1453679.376
601669.SH,20250819,6.19,6.25,6.16,6.17,2608112.45,1616948.834
601677.SH,20250819,13.7,13.84,13.59,13.76,398666.33,546698.782
601678.SH,20250819,4.36,4.38,4.33,4.36,263567.79,114856.448
601686.SH,20250819,6.16,6.19,6.07,6.1,138096.0,84331.66
601688.SH,20250819,21.51,21.84,21.21,21.23,1025685.47,2204260.039
601689.SH,20250819,49.88,54.79,49.27,54.79,1102592.05,5858276.236
601696.SH,20250819,17.05,17.48,16.8,16.85,2011406.8,3424710.728
601698.SH,20250819,20.7,20.74,20.42,20.47,328531.46,674915.083
601699.SH,20250819,13.69,13.74,13.37,13.47,308013.19,416490.573
601700.SH,20250819,4.8,4.83,4.78,4.8,133022.8,63887.587
601702.SH,20250819,18.38,18.45,17.8,17.95,129105.9,232764.402
601717.SH,20250819,17.73,17.76,17.46,17.62,180887.0,318306.149
601718.SH,20250819,3.98,4.02,3.9,3.91,2180279.24,860908.994
601727.SH,20250819,8.7,8.78,8.6,8.64,3395694.86,2946192.586
601728.SH,20250819,7.48,7.48,7.38,7.38,1249823.41,926325.958
601766.SH,20250819,7.29,7.32,7.19,7.19,1297159.33,939458.733
601777.SH,20250819,10.79,10.96,10.61,10.9,570617.15,617692.082
601778.SH,20250819,3.74,3.98,3.68,3.97,2820023.42,1083813.028
601788.SH,20250819,19.25,19.34,18.88,18.95,626294.02,1193581.59
601789.SH,20250819,5.51,5.52,5.45,5.48,300093.48,164458.527
601798.SH,20250819,11.0,11.78,10.52,11.38,719692.62,807497.809
601799.SH,20250819,121.6,124.58,121.12,122.6,23829.81,292241.199
601800.SH,20250819,9.27,9.3,9.21,9.24,337818.33,312223.12
601801.SH,20250819,6.99,6.99,6.92,6.96,119128.98,82831.479
601808.SH,20250819,14.0,14.01,13.89,13.95,82414.01,114846.223
601811.SH,20250819,15.41,15.79,15.31,15.69,45516.65,71163.294
601816.SH,20250819,5.36,5.37,5.26,5.27,2965584.3,1575743.012
601818.SH,20250819,3.94,3.96,3.92,3.93,1384931.51,545561.225
601825.SH,20250819,8.81,8.84,8.73,8.76,241916.1,212105.155
601827.SH,20250819,8.5,8.52,8.44,8.45,52183.0,44205.487
601828.SH,20250819,2.92,2.96,2.92,2.94,210628.95,61910.096
601838.SH,20250819,18.07,18.25,17.91,18.13,301140.55,543842.872
601857.SH,20250819,8.58,8.61,8.51,8.52,1196715.52,1022471.464
601858.SH,20250819,20.25,20.5,20.06,20.3,79325.02,160881.646
601860.SH,20250819,2.98,2.99,2.95,2.96,492349.93,145743.173
601865.SH,20250819,16.6,16.85,16.44,16.68,239620.06,398853.308
601866.SH,20250819,2.5,2.51,2.49,2.5,622855.85,155607.899
601868.SH,20250819,2.51,2.52,2.48,2.49,3632245.29,908329.386
601869.SH,20250819,55.5,60.91,55.18,59.23,229914.41,1346087.827
601872.SH,20250819,6.11,6.12,6.1,6.1,281897.98,172168.462
601877.SH,20250819,24.56,24.67,24.12,24.21,195910.67,476494.961
601878.SH,20250819,12.12,12.18,11.95,11.97,866125.16,1042186.775
601880.SH,20250819,1.62,1.62,1.6,1.6,675107.72,108328.22
601881.SH,20250819,18.4,18.53,18.13,18.19,667580.02,1221747.596
601882.SH,20250819,20.06,20.35,19.74,20.29,68929.35,138434.668
601886.SH,20250819,7.45,7.68,7.45,7.64,85827.61,65383.755
601888.SH,20250819,65.68,66.52,65.5,65.73,226195.29,1491233.416
601890.SH,20250819,11.36,11.43,11.07,11.11,745935.23,834933.317
601898.SH,20250819,11.95,12.03,11.89,11.99,220832.49,264277.448
601899.SH,20250819,20.81,21.14,20.28,20.33,2352501.21,4846967.844
601900.SH,20250819,14.47,14.47,14.3,14.37,101897.92,146534.098
601901.SH,20250819,8.58,8.64,8.47,8.5,1218661.99,1039310.063
601908.SH,20250819,3.83,3.85,3.78,3.81,568705.7,216729.708
601916.SH,20250819,3.31,3.31,3.28,3.3,1465771.4,483532.573
601918.SH,20250819,6.56,6.57,6.52,6.53,329284.52,215300.103
601919.SH,20250819,15.43,15.49,15.28,15.29,995594.41,1529160.232
601921.SH,20250819,8.37,8.69,8.32,8.52,317251.5,270542.2
601928.SH,20250819,11.07,11.09,11.0,11.09,92058.0,101711.75
601929.SH,20250819,4.3,4.3,3.88,3.99,8576282.12,3481518.026
601933.SH,20250819,4.81,4.89,4.8,4.84,2700898.8,1309223.689
601939.SH,20250819,9.14,9.21,9.11,9.16,1364968.36,1251384.384
601949.SH,20250819,6.88,7.03,6.81,6.91,170773.0,117832.461
601952.SH,20250819,9.69,9.72,9.66,9.68,86000.3,83305.072
601956.SH,20250819,7.18,7.68,7.11,7.38,471856.76,347348.425
601958.SH,20250819,13.7,13.9,13.51,13.61,349614.19,477727.403
601963.SH,20250819,9.93,9.97,9.84,9.87,121262.03,119644.705
601965.SH,20250819,19.09,19.14,18.88,19.12,56400.7,107345.837
601966.SH,20250819,15.33,15.33,15.18,15.2,196433.24,299162.492
601968.SH,20250819,5.07,5.19,5.06,5.16,159470.57,81904.907
601969.SH,20250819,8.22,8.24,8.12,8.19,169044.1,138329.518
601975.SH,20250819,2.89,2.89,2.86,2.87,724841.01,208258.453
601985.SH,20250819,9.05,9.09,9.04,9.06,872816.94,790358.399
601988.SH,20250819,5.45,5.59,5.44,5.56,4400871.13,2430443.192
601990.SH,20250819,8.74,8.79,8.65,8.67,426143.88,370621.89
601991.SH,20250819,3.37,3.38,3.34,3.36,1019499.55,342528.015
601992.SH,20250819,1.63,1.64,1.62,1.63,498072.66,81232.673
601995.SH,20250819,38.35,38.77,37.75,37.86,294052.27,1122693.991
601996.SH,20250819,2.24,2.34,2.23,2.33,378128.0,86298.837
601997.SH,20250819,6.31,6.34,6.28,6.32,296733.34,187090.535
601998.SH,20250819,7.96,8.0,7.9,7.95,597023.93,475021.166
601999.SH,20250819,7.16,7.39,7.06,7.31,68809.0,49836.198
603000.SH,20250819,21.52,22.0,21.3,21.67,313219.73,679954.329
603001.SH,20250819,10.03,10.08,9.78,9.84,86021.0,85434.6
603002.SH,20250819,8.19,8.3,8.05,8.21,925207.0,756689.147
603004.SH,20250819,23.12,23.13,22.6,23.07,49379.57,113214.836
603005.SH,20250819,31.5,32.08,31.01,31.28,463976.77,1460294.211
603006.SH,20250819,13.02,13.47,12.77,13.45,72655.0,95913.603
603007.SH,20250819,4.73,4.74,4.66,4.66,114223.77,53447.838
603008.SH,20250819,16.35,16.43,16.2,16.28,81229.45,132291.668
603009.SH,20250819,43.2,45.88,42.46,44.94,217969.5,962937.37
603010.SH,20250819,10.34,10.35,10.23,10.28,41574.62,42777.062
603011.SH,20250819,16.18,16.35,15.85,16.08,356842.37,574343.364
603012.SH,20250819,6.15,6.17,6.1,6.14,107949.0,66233.089
603013.SH,20250819,21.32,22.13,20.81,21.75,90074.0,194129.331
603014.SH,20250819,40.4,40.85,39.84,40.02,40094.97,161131.878
603015.SH,20250819,12.99,13.05,12.72,12.97,152601.68,196866.87
603016.SH,20250819,27.17,27.49,27.04,27.25,24803.0,67625.239
603017.SH,20250819,9.67,9.71,9.61,9.7,52622.19,50847.504
603018.SH,20250819,8.24,8.25,8.2,8.23,102699.41,84491.475
603019.SH,20250819,74.5,75.24,73.0,73.01,649769.42,4804005.786
603020.SH,20250819,9.05,9.17,9.04,9.12,35916.0,32682.104
603021.SH,20250819,4.15,4.26,4.08,4.26,233582.8,98429.056
603022.SH,20250819,10.36,10.4,10.3,10.39,72007.15,74651.696
603023.SH,20250819,4.47,4.87,4.41,4.54,339067.29,155233.276
603025.SH,20250819,17.76,17.76,16.67,16.79,550046.01,935611.845
603026.SH,20250819,37.63,37.85,37.2,37.56,33199.45,124610.711
603027.SH,20250819,12.22,12.27,12.1,12.12,120837.47,147067.734
603028.SH,20250819,8.08,8.27,8.02,8.24,129691.3,106214.405
603029.SH,20250819,18.45,20.25,18.4,19.18,79796.69,153285.14
603030.SH,20250819,2.65,2.67,2.63,2.66,385077.0,101786.087
603031.SH,20250819,35.37,36.94,35.37,36.04,106796.67,384655.955
603032.SH,20250819,18.76,18.93,18.48,18.89,99424.28,186392.608
603033.SH,20250819,12.5,12.5,12.19,12.23,74175.08,91196.178
603035.SH,20250819,15.02,15.17,14.75,14.93,172971.14,258104.539
603036.SH,20250819,19.34,19.37,18.49,19.04,107912.0,203161.551
603037.SH,20250819,12.83,12.83,12.66,12.76,92551.57,117859.638
603038.SH,20250819,14.47,15.9,14.4,15.9,335374.22,519852.255
603039.SH,20250819,67.25,67.99,66.01,66.72,28927.0,193270.282
603040.SH,20250819,57.35,63.08,56.38,62.96,38251.43,230194.553
603041.SH,20250819,13.19,13.58,13.01,13.42,90376.0,120113.472
603042.SH,20250819,16.75,17.44,16.56,17.02,229790.41,390054.863
603043.SH,20250819,16.25,16.36,16.25,16.36,33193.69,54152.932
603045.SH,20250819,18.73,19.26,18.5,19.08,66619.09,126238.994
603048.SH,20250819,19.64,21.62,19.61,20.48,145748.34,302484.16
603049.SH,20250819,45.57,45.73,45.25,45.5,37075.47,168570.456
603050.SH,20250819,16.33,16.35,16.2,16.28,23176.25,37665.401
603051.SH,20250819,20.52,21.12,20.3,20.82,64029.41,132793.553
603052.SH,20250819,31.7,32.53,31.04,32.31,70102.06,222496.223
603053.SH,20250819,10.32,10.43,10.09,10.19,105209.4,107464.9
603055.SH,20250819,9.8,9.81,9.67,9.75,81734.65,79570.778
603056.SH,20250819,16.9,16.99,16.66,16.72,202051.86,338850.694
603057.SH,20250819,21.78,22.24,21.55,22.07,36443.0,79642.35
603059.SH,20250819,31.8,31.8,31.46,31.56,30312.46,95653.744
603060.SH,20250819,7.13,7.18,7.07,7.17,69105.22,49295.648
603061.SH,20250819,97.8,98.77,95.35,96.78,11998.25,115753.058
603062.SH,20250819,52.88,56.56,52.7,55.76,31059.0,172022.585
603063.SH,20250819,36.99,38.48,36.37,36.61,472731.69,1757817.461
603065.SH,20250819,8.99,9.05,8.94,8.99,51215.0,46047.677
603066.SH,20250819,12.18,12.33,12.05,12.26,55793.0,68074.716
603067.SH,20250819,18.0,18.15,17.55,17.83,204413.58,364637.402
603068.SH,20250819,39.15,39.15,37.71,37.93,99481.67,380570.874
603069.SH,20250819,20.98,21.04,20.62,20.86,68404.21,142651.597
603070.SH,20250819,14.55,14.7,14.4,14.49,52472.0,76101.342
603071.SH,20250819,13.65,13.74,13.59,13.71,32031.0,43848.696
603072.SH,20250819,53.99,54.98,53.6,54.18,108068.65,587178.41
603073.SH,20250819,17.82,18.49,17.68,18.33,28216.03,51142.388
603075.SH,20250819,23.89,25.58,23.46,24.61,86804.85,212339.56
603076.SH,20250819,27.86,28.22,27.76,28.11,23214.67,65059.707
603077.SH,20250819,1.89,1.91,1.89,1.9,851144.7,161813.001
603078.SH,20250819,19.49,19.84,19.27,19.43,160029.62,311411.353
603079.SH,20250819,18.65,18.8,18.48,18.58,36894.8,68647.099
603080.SH,20250819,21.9,21.98,21.6,21.72,89003.07,193437.014
603081.SH,20250819,13.96,13.96,13.61,13.8,244394.12,337252.687
603082.SH,20250819,41.62,42.74,41.2,42.46,38851.09,163449.161
603083.SH,20250819,60.68,64.83,60.02,64.83,207588.97,1316703.745
603085.SH,20250819,11.71,11.98,11.47,11.89,160355.3,188866.922
603086.SH,20250819,10.16,10.28,10.15,10.25,249982.8,254922.852
603087.SH,20250819,64.99,69.97,64.99,68.03,406123.73,2793189.139
603088.SH,20250819,9.39,10.33,9.37,10.1,531262.12,530238.933
603089.SH,20250819,15.93,16.35,15.65,16.1,117601.19,188314.972
603090.SH,20250819,32.29,34.48,31.87,32.58,99427.6,326830.697
603091.SH,20250819,62.27,62.6,61.06,61.32,6709.94,41368.433
603093.SH,20250819,24.4,27.15,23.79,25.86,472513.0,1188188.004
603095.SH,20250819,15.5,15.63,15.3,15.5,52008.5,80463.901
603096.SH,20250819,19.2,19.32,19.02,19.31,29829.2,57347.852
603097.SH,20250819,22.19,22.78,21.95,22.09,50789.33,112710.907
603098.SH,20250819,12.42,12.7,12.16,12.63,254946.12,316905.86
603099.SH,20250819,39.26,40.0,39.0,39.59,61710.06,244462.122
603100.SH,20250819,20.69,20.75,20.46,20.5,53900.72,110751.288
603101.SH,20250819,8.24,8.88,8.08,8.6,387235.91,326613.58
603102.SH,20250819,42.96,43.85,42.77,43.6,13937.02,60345.886
603103.SH,20250819,17.3,17.74,17.12,17.44,127881.8,223717.497
603105.SH,20250819,8.51,8.54,8.45,8.53,92515.6,78640.523
603106.SH,20250819,11.08,12.31,11.02,11.6,764398.41,890285.648
603107.SH,20250819,16.12,16.19,15.95,16.18,48900.0,78683.41
603108.SH,20250819,18.25,18.55,18.15,18.3,302477.39,556493.109
603109.SH,20250819,36.16,36.97,35.66,36.08,92513.8,335724.863
603110.SH,20250819,16.02,16.18,15.89,16.06,71944.96,115422.766
603111.SH,20250819,6.66,6.74,6.64,6.73,106164.0,71136.967
603112.SH,20250819,17.66,18.12,17.44,17.72,133786.29,236933.083
603113.SH,20250819,7.96,8.35,7.86,8.15,225803.0,182837.303
603115.SH,20250819,17.1,18.9,16.89,18.9,187512.71,339760.097
603116.SH,20250819,6.24,6.35,6.14,6.3,125826.8,78792.74
603117.SH,20250819,5.49,5.63,5.47,5.57,129608.23,71815.572
603118.SH,20250819,12.78,13.46,12.48,13.06,1435342.07,1872816.05
603119.SH,20250819,60.6,66.97,59.2,65.54,315933.67,2033152.475
603120.SH,20250819,42.2,42.29,41.7,41.9,21139.6,88644.284
603121.SH,20250819,18.7,18.94,18.25,18.82,112266.74,208360.357
603122.SH,20250819,7.06,7.27,7.03,7.25,109790.0,79129.827
603123.SH,20250819,14.05,14.46,14.03,14.14,623416.13,887301.315
603124.SH,20250819,75.3,81.1,73.77,78.0,110628.36,856245.07
603125.SH,20250819,18.71,18.72,18.32,18.39,97686.07,180041.431
603126.SH,20250819,7.19,7.28,7.1,7.22,265913.51,191388.674
603127.SH,20250819,33.14,34.59,32.0,32.19,374018.87,1245536.478
603128.SH,20250819,6.32,6.33,6.28,6.31,251530.99,158616.971
603129.SH,20250819,280.8,285.49,277.0,281.58,11935.97,335485.822
603130.SH,20250819,42.0,42.56,40.33,42.36,55767.0,233739.729
603131.SH,20250819,20.03,20.97,19.7,20.7,350607.48,722929.81
603132.SH,20250819,13.92,13.92,13.45,13.62,64531.0,87777.209
603135.SH,20250819,10.42,10.58,10.35,10.51,68813.4,71967.846
603136.SH,20250819,12.88,12.91,12.74,12.85,77127.45,98985.1
603137.SH,20250819,15.51,15.85,15.41,15.76,23918.0,37515.739
603138.SH,20250819,16.4,16.55,16.12,16.2,127313.96,207470.313
603139.SH,20250819,22.76,25.18,22.76,25.18,38349.64,93699.464
603150.SH,20250819,38.67,39.37,38.02,39.06,40572.0,157036.72
603151.SH,20250819,23.72,24.06,23.5,23.78,27929.0,66454.139
603153.SH,20250819,20.15,20.97,19.91,20.02,119621.69,242431.461
603155.SH,20250819,18.99,19.07,18.53,18.53,139444.21,260574.188
603156.SH,20250819,21.61,21.63,21.4,21.54,20523.87,44147.666
603158.SH,20250819,12.62,12.85,12.6,12.85,346573.75,442763.628
603159.SH,20250819,20.3,20.47,19.93,20.35,17564.6,35496.218
603160.SH,20250819,79.59,79.59,78.19,78.45,54088.11,425569.549
603162.SH,20250819,8.91,8.96,8.88,8.91,81245.57,72444.042
603163.SH,20250819,33.38,33.38,32.8,33.17,23164.0,76576.141
603165.SH,20250819,12.45,12.45,12.34,12.41,28439.02,35257.606
603166.SH,20250819,18.3,19.7,16.95,18.71,555236.26,1018728.799
603167.SH,20250819,10.47,10.5,10.4,10.41,33406.58,34851.516
603168.SH,20250819,7.96,8.59,7.95,8.24,162427.01,134002.734
603169.SH,20250819,7.85,7.98,7.81,7.82,291862.18,229583.108
603170.SH,20250819,13.56,13.84,13.56,13.74,45684.97,62706.308
603171.SH,20250819,50.66,55.88,50.66,54.2,63184.41,339934.829
603172.SH,20250819,17.11,17.37,16.92,17.27,32000.47,54868.698
603173.SH,20250819,46.32,47.65,46.03,47.46,27032.17,127333.907
603176.SH,20250819,6.87,6.88,6.74,6.8,161553.99,109940.555
603177.SH,20250819,9.77,9.92,9.64,9.88,68431.63,67255.347
603178.SH,20250819,19.7,19.74,19.1,19.68,111368.0,216165.256
603179.SH,20250819,46.2,49.88,46.19,47.6,209120.92,1002599.598
603180.SH,20250819,20.63,20.75,20.52,20.66,17560.48,36187.092
603181.SH,20250819,15.51,15.58,15.17,15.22,149740.26,229345.531
603182.SH,20250819,14.16,14.47,14.15,14.4,26331.0,37676.465
603183.SH,20250819,4.45,4.58,4.42,4.58,151038.88,68308.417
603185.SH,20250819,21.15,21.28,20.51,20.65,247125.74,515210.187
603186.SH,20250819,40.93,43.21,40.88,43.21,71302.38,302874.503
603187.SH,20250819,13.36,14.49,13.33,14.16,238102.48,332926.156
603188.SH,20250819,4.38,4.47,4.35,4.46,130475.0,57831.665
603189.SH,20250819,22.75,23.29,22.66,22.66,176828.8,404618.701
603190.SH,20250819,25.1,25.11,24.61,25.0,25504.0,63390.703
603191.SH,20250819,15.71,15.86,15.58,15.74,129955.43,204255.964
603192.SH,20250819,24.96,27.45,24.8,27.45,151005.96,395903.17
603193.SH,20250819,31.7,31.7,30.62,30.79,99533.52,308376.315
603194.SH,20250819,43.12,43.66,42.34,42.99,36375.31,156371.898
603195.SH,20250819,47.8,48.04,47.55,47.68,46416.66,221588.553
603196.SH,20250819,21.66,22.0,21.36,21.77,51342.0,111220.003
603197.SH,20250819,42.28,43.18,41.38,42.95,88060.9,373411.998
603198.SH,20250819,42.1,43.46,42.04,43.03,140495.04,604313.865
603199.SH,20250819,36.36,36.36,36.05,36.11,18954.0,68593.841
603200.SH,20250819,67.5,72.15,66.09,71.38,143464.83,1001641.406
603201.SH,20250819,17.1,17.35,16.93,17.21,33440.31,57332.977
603202.SH,20250819,103.05,107.63,103.0,105.5,43737.27,462912.718
603203.SH,20250819,28.22,30.91,27.9,29.85,104775.12,310455.861
603205.SH,20250819,30.26,30.57,30.26,30.5,26176.89,79740.172
603206.SH,20250819,18.18,18.54,18.1,18.33,59658.8,109270.575
603207.SH,20250819,36.89,37.33,36.38,36.7,36971.75,135863.929
603208.SH,20250819,14.92,14.97,14.8,14.94,22114.11,32951.56
603209.SH,20250819,15.37,15.45,15.26,15.44,48122.2,73953.936
603210.SH,20250819,21.26,21.35,20.93,21.16,61886.88,130556.665
603211.SH,20250819,21.34,21.84,20.6,21.29,289447.0,613005.69
603212.SH,20250819,11.81,11.95,11.67,11.87,153542.0,181833.765
603213.SH,20250819,13.88,15.29,13.8,15.29,164494.89,243165.389
603214.SH,20250819,19.5,19.89,19.48,19.73,100944.0,199166.2
603215.SH,20250819,20.15,20.62,19.7,20.22,175786.0,353690.363
603216.SH,20250819,14.6,15.39,14.5,15.0,103480.0,155750.081
603217.SH,20250819,18.47,18.59,18.38,18.48,16963.6,31335.243
603218.SH,20250819,13.23,13.3,13.14,13.16,149962.68,198043.844
603219.SH,20250819,19.15,20.68,19.15,20.68,293305.6,588199.616
603220.SH,20250819,22.87,22.98,22.44,22.73,187196.07,425519.202
603221.SH,20250819,16.94,17.6,15.17,15.17,424105.56,673442.569
603222.SH,20250819,10.78,10.78,10.21,10.78,455251.12,486803.05
603223.SH,20250819,10.04,10.04,9.83,9.89,63847.13,63260.745
603225.SH,20250819,13.66,13.97,13.5,13.69,138177.52,190052.231
603226.SH,20250819,20.95,22.13,20.9,21.92,77594.05,167427.36
603227.SH,20250819,8.77,8.96,8.7,8.86,278538.99,245618.689
603228.SH,20250819,57.59,59.2,56.55,57.45,288343.69,1668256.733
603229.SH,20250819,11.34,11.94,11.28,11.53,381219.72,446016.046
603230.SH,20250819,13.27,13.41,13.14,13.39,30563.0,40726.902
603231.SH,20250819,17.36,17.47,17.33,17.42,21235.46,36929.107
603232.SH,20250819,16.15,16.4,16.04,16.07,73944.58,119471.29
603233.SH,20250819,17.14,17.44,17.1,17.14,59672.1,102860.58
603235.SH,20250819,28.82,29.08,28.7,28.95,11113.0,32173.181
603236.SH,20250819,87.66,94.4,87.66,92.8,179251.08,1631827.727
603237.SH,20250819,17.7,17.82,17.61,17.79,26310.99,46673.577
603238.SH,20250819,20.27,20.34,19.8,20.1,34161.4,68474.882
603239.SH,20250819,16.12,16.43,15.92,16.35,63242.0,102585.618
603255.SH,20250819,32.48,33.23,32.18,32.49,18795.7,61158.418
603256.SH,20250819,35.0,37.98,34.5,35.8,598003.0,2163778.739
603257.SH,20250819,52.85,53.8,52.52,52.97,22032.02,116939.043
603258.SH,20250819,23.1,23.18,22.8,22.88,46106.0,105699.418
603259.SH,20250819,97.15,99.0,90.01,90.26,1311654.25,12319742.559
603260.SH,20250819,52.4,52.58,51.94,51.95,45040.28,234937.87
603261.SH,20250819,22.65,22.65,21.6,21.78,21100.0,46221.899
603262.SH,20250819,30.8,30.8,30.45,30.6,37312.78,114080.808
603266.SH,20250819,22.23,24.19,22.04,23.76,232752.7,539403.26
603267.SH,20250819,56.73,56.95,55.0,56.46,57973.12,324365.985
603268.SH,20250819,55.29,56.7,54.0,56.7,27035.2,151738.166
603269.SH,20250819,12.32,12.49,11.9,12.02,220416.32,266770.149
603270.SH,20250819,27.6,27.94,27.33,27.82,55459.0,153672.432
603271.SH,20250819,41.54,44.7,41.54,43.33,94793.97,410183.293
603272.SH,20250819,18.8,20.1,18.65,19.31,40424.3,77988.853
603273.SH,20250819,22.38,23.9,21.65,23.48,203713.53,460848.376
603275.SH,20250819,55.6,56.35,54.05,55.96,37506.57,207614.192
603276.SH,20250819,17.22,17.23,16.85,17.01,28341.22,48176.802
603277.SH,20250819,17.26,17.5,17.15,17.34,26424.61,45722.028
603278.SH,20250819,10.85,11.15,10.66,10.92,207885.01,225724.353
603279.SH,20250819,15.88,16.05,15.82,15.99,56563.74,90231.018
603280.SH,20250819,55.84,56.9,52.36,52.5,76793.81,413925.212
603281.SH,20250819,26.96,27.08,26.56,26.93,43427.4,116443.427
603282.SH,20250819,18.19,18.31,18.09,18.28,20935.97,38148.219
603283.SH,20250819,42.02,42.75,41.18,41.91,132238.3,554150.89
603285.SH,20250819,24.8,24.88,24.55,24.77,35915.16,88752.552
603286.SH,20250819,33.6,35.44,32.8,34.48,117472.7,399186.189
603288.SH,20250819,39.32,39.5,39.2,39.26,183225.68,720749.096
603289.SH,20250819,10.15,10.38,10.0,10.33,85803.3,87296.069
603290.SH,20250819,98.47,99.8,96.9,97.07,75335.02,735756.059
603291.SH,20250819,12.3,12.48,12.21,12.25,45443.0,55889.208
603296.SH,20250819,87.21,87.44,85.11,86.51,98851.01,853471.738
603297.SH,20250819,99.96,101.28,97.28,98.2,21692.55,215301.865
603298.SH,20250819,21.99,22.02,21.4,21.74,81208.56,176273.249
603299.SH,20250819,11.19,11.34,11.12,11.27,87802.33,98805.184
603300.SH,20250819,10.78,11.08,10.73,10.84,1424056.8,1550624.494
603301.SH,20250819,23.53,24.57,23.51,24.18,62011.61,149550.154
603303.SH,20250819,14.6,15.0,14.5,14.9,41424.8,61231.165
603305.SH,20250819,14.88,15.49,14.71,15.25,393487.84,594885.791
603306.SH,20250819,51.95,54.23,51.67,53.22,183430.98,970778.491
603307.SH,20250819,39.89,40.01,39.41,39.97,5802.0,23099.241
603308.SH,20250819,28.75,28.85,28.04,28.4,115830.0,328143.392
603309.SH,20250819,14.88,15.11,14.81,14.86,72155.6,107825.167
603310.SH,20250819,18.53,18.53,18.31,18.45,58125.02,107007.013
603311.SH,20250819,11.75,11.94,11.68,11.93,47152.0,55790.267
603312.SH,20250819,46.65,47.33,46.14,46.51,21185.1,98868.524
603313.SH,20250819,8.42,8.68,8.39,8.64,152588.65,131031.733
603315.SH,20250819,13.41,13.57,13.25,13.4,73441.0,98325.056
603316.SH,20250819,8.6,8.68,8.5,8.66,104636.0,90114.658
603317.SH,20250819,12.05,12.05,11.89,11.93,72087.17,86088.554
603318.SH,20250819,6.74,7.09,6.71,6.97,191024.0,131587.188
603319.SH,20250819,34.92,36.3,33.6,34.51,300885.0,1044852.9
603320.SH,20250819,22.23,22.24,20.6,21.35,129374.5,273613.498
603321.SH,20250819,8.41,8.74,8.4,8.68,77657.88,66733.011
603322.SH,20250819,39.2,39.64,38.86,39.22,94968.0,372928.47
603323.SH,20250819,5.48,5.52,5.41,5.42,306314.81,166665.637
603324.SH,20250819,27.83,27.86,27.4,27.78,27967.6,77365.95
603325.SH,20250819,89.69,90.3,88.22,89.2,8986.0,80307.092
603326.SH,20250819,9.18,9.46,9.12,9.41,69709.0,64684.014
603327.SH,20250819,10.11,10.15,9.94,10.13,157534.45,158559.012
603328.SH,20250819,11.01,11.61,10.91,11.42,473517.52,535645.476
603329.SH,20250819,12.12,12.28,12.06,12.27,40644.5,49618.252
603330.SH,20250819,7.38,7.55,7.35,7.49,123251.16,91829.911
603331.SH,20250819,11.14,11.35,11.1,11.33,69192.0,77818.732
603332.SH,20250819,14.34,14.41,14.16,14.39,59883.02,85821.069
603333.SH,20250819,8.15,8.18,8.06,8.08,130124.0,105404.935
603335.SH,20250819,5.27,5.45,5.21,5.44,191392.14,102447.617
603336.SH,20250819,8.34,9.17,8.34,9.17,354084.53,317354.996
603337.SH,20250819,54.0,54.0,49.73,50.4,86971.68,444502.952
603338.SH,20250819,54.7,54.88,53.58,54.13,66232.29,357844.708
603339.SH,20250819,15.2,16.04,14.88,16.04,415486.67,637795.176
603341.SH,20250819,43.78,43.8,42.85,43.18,134886.78,584089.398
603344.SH,20250819,27.08,27.6,26.8,27.5,59588.95,162394.852
603345.SH,20250819,74.8,74.85,74.01,74.54,82108.92,610142.147
603348.SH,20250819,21.55,22.1,21.33,21.82,75482.97,163868.034
603350.SH,20250819,43.35,43.5,42.21,42.51,64998.75,277797.378
603351.SH,20250819,32.0,32.6,31.85,32.28,18486.0,59708.973
603353.SH,20250819,17.08,17.82,17.0,17.5,55154.8,96303.361
603355.SH,20250819,24.5,24.59,24.16,24.36,29651.4,72066.006
603356.SH,20250819,13.43,14.08,13.21,13.93,91149.0,124680.274
603357.SH,20250819,8.82,8.85,8.78,8.82,61849.0,54538.329
603358.SH,20250819,39.21,39.69,38.5,38.72,21408.86,83385.718
603359.SH,20250819,7.78,7.83,7.55,7.56,281209.0,215048.595
603360.SH,20250819,22.28,22.35,21.72,21.82,133646.77,293122.819
603363.SH,20250819,3.68,3.7,3.66,3.68,156580.3,57590.303
603365.SH,20250819,18.29,18.65,17.85,18.21,38728.69,70552.888
603366.SH,20250819,9.67,9.89,9.6,9.78,259496.17,253243.411
603367.SH,20250819,32.34,35.06,32.34,34.05,301326.74,1018619.315
603368.SH,20250819,18.44,18.69,18.4,18.5,104658.74,194219.618
603369.SH,20250819,40.3,41.4,40.2,41.12,230324.03,946079.147
603373.SH,20250819,55.44,56.89,53.5,56.03,37473.23,206796.186
603375.SH,20250819,41.7,41.95,40.98,41.55,31647.03,131058.485
603377.SH,20250819,3.1,3.1,3.1,3.1,4521.52,1401.671
603378.SH,20250819,6.02,6.08,5.98,6.06,51134.72,30938.396
603379.SH,20250819,54.32,54.95,53.01,53.91,117151.99,629271.117
603380.SH,20250819,40.6,42.66,38.28,40.8,85714.96,344949.024
603381.SH,20250819,23.13,23.56,22.93,23.45,103074.93,240627.971
603382.SH,20250819,32.23,32.43,31.97,32.26,31073.2,100047.567
603383.SH,20250819,45.5,47.16,45.19,46.2,161966.59,749667.166
603385.SH,20250819,6.87,7.14,6.86,7.06,59497.0,41619.028
603386.SH,20250819,15.24,15.79,15.06,15.78,183215.0,284100.963
603387.SH,20250819,8.76,8.98,8.72,8.9,104108.32,92433.78
603388.SH,20250819,2.27,2.34,2.25,2.28,176685.0,40395.961
603390.SH,20250819,13.53,13.79,13.52,13.73,120691.0,165123.762
603391.SH,20250819,40.27,40.78,40.21,40.5,13687.3,55407.875
603392.SH,20250819,56.0,57.1,55.45,56.76,82929.68,467143.091
603393.SH,20250819,30.22,30.22,29.88,30.05,44364.33,133245.978
603395.SH,20250819,34.16,34.21,33.95,34.11,24341.13,83005.201
603396.SH,20250819,28.35,28.44,28.15,28.23,26149.0,73960.416
603398.SH,20250819,5.24,5.42,5.18,5.28,229628.24,122020.339
603399.SH,20250819,10.6,10.81,10.56,10.69,234908.84,250746.208
603400.SH,20250819,63.9,68.3,62.0,66.48,62031.0,400357.057
603406.SH,20250819,44.3,44.8,44.02,44.19,67606.25,299197.844
603408.SH,20250819,12.3,12.67,12.26,12.56,33401.0,41780.496
603409.SH,20250819,36.5,36.65,36.2,36.48,13479.67,49108.595
603416.SH,20250819,59.0,60.0,57.5,58.61,34831.77,204343.955
603421.SH,20250819,6.88,7.07,6.88,7.05,98991.25,69429.578
603429.SH,20250819,9.86,9.94,9.73,9.74,80087.0,78473.64
603439.SH,20250819,13.07,13.33,13.05,13.11,124638.0,164486.048
603444.SH,20250819,386.87,389.99,379.05,382.9,17713.71,680136.917
603456.SH,20250819,18.83,19.35,18.72,18.79,429951.28,818461.595
603458.SH,20250819,10.48,10.5,9.97,10.07,162925.9,165448.19
603466.SH,20250819,10.95,10.96,10.79,10.87,227057.25,246736.312
603477.SH,20250819,20.8,21.02,20.7,20.87,136378.85,284778.205
603486.SH,20250819,91.55,91.82,88.01,89.2,87316.1,781330.966
603488.SH,20250819,8.87,9.1,8.78,9.09,122212.8,109742.55
603489.SH,20250819,29.25,29.81,28.8,29.48,49956.77,146372.954
603496.SH,20250819,30.83,32.98,30.05,31.83,612409.21,1913940.182
603499.SH,20250819,18.82,18.82,18.13,18.59,123694.0,228650.371
603500.SH,20250819,12.41,13.09,12.08,12.7,312918.78,393666.322
603501.SH,20250819,128.5,129.68,125.52,125.73,258218.2,3291935.022
603505.SH,20250819,17.28,17.32,17.03,17.08,110667.74,189758.464
603506.SH,20250819,13.66,14.25,13.56,14.23,82119.2,114528.736
603507.SH,20250819,27.88,28.34,27.68,27.83,100703.51,281820.446
603508.SH,20250819,33.78,33.8,33.02,33.13,80602.49,268212.524
603511.SH,20250819,15.21,15.37,15.16,15.33,31527.64,48233.865
603515.SH,20250819,18.44,18.88,18.36,18.38,19553.96,36151.392
603516.SH,20250819,120.66,123.5,114.02,114.02,193705.86,2253455.781
603517.SH,20250819,15.85,15.98,15.82,15.9,115601.4,183687.289
603518.SH,20250819,10.65,11.28,10.52,11.07,419304.25,458337.508
603519.SH,20250819,13.01,13.4,13.01,13.26,35848.72,47351.987
603520.SH,20250819,11.05,12.16,11.05,12.16,228238.91,269231.837
603527.SH,20250819,11.82,11.94,11.65,11.86,123035.88,144719.179
603528.SH,20250819,10.01,10.26,9.88,10.25,570259.35,573787.368
603529.SH,20250819,36.65,36.7,36.08,36.28,77028.37,280133.566
603530.SH,20250819,29.8,30.06,29.34,29.53,33029.95,97555.906
603533.SH,20250819,21.26,21.41,20.96,21.3,161294.1,342512.905
603535.SH,20250819,12.56,12.68,11.93,12.23,260307.32,317570.659
603536.SH,20250819,9.34,9.66,9.32,9.6,120043.0,114369.102
603538.SH,20250819,28.48,31.12,28.38,29.03,416962.89,1238475.649
603551.SH,20250819,11.55,11.55,11.27,11.34,37820.0,42974.06
603556.SH,20250819,27.1,28.09,27.1,27.9,110348.54,306385.97
603557.SH,20250819,2.69,2.72,2.67,2.7,73517.0,19813.206
603558.SH,20250819,9.6,9.75,9.56,9.75,41571.0,40253.767
603559.SH,20250819,8.5,8.54,8.37,8.38,15693.0,13188.58
603565.SH,20250819,10.39,10.44,10.26,10.4,120255.98,124411.686
603566.SH,20250819,14.97,15.4,14.93,15.24,77180.43,117391.801
603567.SH,20250819,12.6,12.79,12.4,12.44,113810.0,143105.105
603568.SH,20250819,19.11,19.17,19.03,19.14,54799.15,104713.896
603569.SH,20250819,8.13,8.18,8.08,8.13,75157.0,61140.852
603577.SH,20250819,9.88,9.95,9.82,9.92,95661.0,94630.811
603578.SH,20250819,13.83,14.19,13.83,14.14,31790.08,44606.341
603579.SH,20250819,40.0,40.42,37.53,37.53,181335.54,696097.151
603580.SH,20250819,14.99,15.04,14.93,15.01,11081.0,16602.0
603583.SH,20250819,39.44,41.4,38.68,41.09,266562.5,1070239.202
603585.SH,20250819,19.44,19.79,19.41,19.61,33822.49,66129.836
603586.SH,20250819,19.68,20.08,19.6,19.95,57190.0,113704.348
603587.SH,20250819,13.55,13.55,13.36,13.53,41059.0,55246.528
603588.SH,20250819,6.63,7.07,6.58,6.97,745876.53,511933.025
603589.SH,20250819,34.42,35.33,34.37,35.01,122282.86,427270.767
603590.SH,20250819,56.0,57.63,54.04,55.33,63878.76,353357.436
603595.SH,20250819,19.33,19.56,19.2,19.42,45888.16,88987.467
603596.SH,20250819,51.9,53.86,51.09,52.23,113141.72,592109.419
603598.SH,20250819,18.25,18.49,18.08,18.29,133216.21,243206.228
603599.SH,20250819,12.0,12.05,11.84,12.03,118655.2,141706.721
603600.SH,20250819,11.34,11.34,11.17,11.24,48900.0,54946.394
603601.SH,20250819,6.03,6.3,5.71,6.12,2306192.48,1390296.748
603602.SH,20250819,16.0,16.05,15.79,16.03,70201.22,112024.601
603605.SH,20250819,84.86,84.86,83.83,83.91,54989.86,463263.448
603606.SH,20250819,54.66,54.86,52.4,52.79,155726.28,828393.856
603607.SH,20250819,27.64,27.65,26.87,27.17,144080.16,392025.945
603608.SH,20250819,7.3,7.78,7.11,7.62,451649.37,335999.721
603609.SH,20250819,8.91,8.97,8.81,8.87,87912.17,78100.384
603610.SH,20250819,14.73,14.73,14.19,14.26,228663.54,328278.569
603611.SH,20250819,27.88,29.5,27.79,28.94,206652.47,595592.382
603612.SH,20250819,23.9,24.49,23.65,24.03,273016.98,656764.843
603613.SH,20250819,24.52,24.95,24.4,24.58,144814.04,356376.086
603615.SH,20250819,24.14,24.79,23.97,24.5,36922.0,89935.056
603616.SH,20250819,5.9,5.93,5.83,5.87,231914.78,136278.133
603617.SH,20250819,9.38,10.24,9.1,9.99,839312.73,806086.08
603618.SH,20250819,6.83,6.84,6.74,6.8,161045.92,109340.145
603619.SH,20250819,19.5,19.58,19.39,19.5,82888.0,161439.45
603626.SH,20250819,11.46,11.46,11.0,11.46,1635042.11,1855983.763
603628.SH,20250819,13.86,14.37,13.78,13.82,245244.61,342732.663
603629.SH,20250819,25.1,25.6,24.83,25.11,187317.0,471265.277
603630.SH,20250819,23.37,23.66,23.05,23.41,51741.4,120807.189
603633.SH,20250819,9.68,9.77,9.55,9.67,121369.03,117289.356
603636.SH,20250819,13.5,13.63,13.37,13.38,197563.37,266480.605
603637.SH,20250819,11.12,11.12,10.93,11.02,58243.13,64149.441
603638.SH,20250819,18.76,18.96,18.51,18.9,63215.08,118553.554
603639.SH,20250819,14.5,14.54,14.4,14.48,30227.63,43717.706
603648.SH,20250819,11.49,11.72,11.39,11.72,133752.5,155280.083
603650.SH,20250819,35.1,35.1,34.39,34.67,114240.75,396178.428
603655.SH,20250819,35.58,36.56,34.4,36.41,36801.0,131877.909
603656.SH,20250819,19.63,19.66,19.34,19.61,41947.0,81773.192
603657.SH,20250819,34.75,38.7,34.75,38.7,47551.45,176653.746
603658.SH,20250819,41.49,41.8,41.23,41.25,35869.17,148817.764
603659.SH,20250819,18.51,18.63,18.26,18.47,254392.09,469092.814
603660.SH,20250819,7.88,8.1,7.81,8.0,354871.8,283176.374
603661.SH,20250819,29.99,30.05,29.6,29.76,9713.53,28939.41
603662.SH,20250819,70.0,72.3,68.3,70.5,169338.8,1188487.032
603663.SH,20250819,26.68,27.61,26.27,27.61,226803.83,615809.946
603665.SH,20250819,27.55,27.75,27.17,27.47,14898.48,40935.788
603666.SH,20250819,32.62,33.42,32.12,33.14,101919.16,334872.644
603667.SH,20250819,40.85,43.0,40.11,42.33,406332.99,1692155.546
603668.SH,20250819,13.83,13.83,13.58,13.74,100921.1,138170.301
603669.SH,20250819,5.69,5.9,5.65,5.68,302893.52,174385.568
603676.SH,20250819,12.81,13.12,12.79,12.9,71049.0,92150.383
603677.SH,20250819,20.51,21.35,20.27,21.13,80769.0,168635.612
603678.SH,20250819,37.88,37.9,36.83,36.97,123863.53,459611.609
603679.SH,20250819,18.62,19.66,18.26,19.52,180798.8,348065.974
603680.SH,20250819,13.4,13.57,13.3,13.45,47870.22,64143.535
603681.SH,20250819,15.98,16.24,15.91,16.19,52127.65,83879.677
603682.SH,20250819,6.12,6.29,6.11,6.24,128431.0,79835.888
603683.SH,20250819,25.9,26.84,25.61,26.21,95760.24,251286.303
603685.SH,20250819,15.78,16.88,15.49,16.4,57083.27,92761.775
603686.SH,20250819,19.59,20.17,19.2,19.35,562138.35,1097372.892
603687.SH,20250819,7.63,7.73,7.57,7.7,144293.0,110389.277
603688.SH,20250819,39.2,42.09,39.2,40.75,381320.89,1561302.437
603689.SH,20250819,8.78,8.85,8.74,8.83,57480.0,50546.583
603690.SH,20250819,26.76,26.76,26.35,26.53,172569.15,458877.013
603693.SH,20250819,13.49,13.58,13.42,13.55,68597.9,92695.787
603696.SH,20250819,11.0,11.08,10.92,11.08,94173.6,103843.013
603697.SH,20250819,12.85,12.96,12.71,12.9,67975.6,87406.922
603698.SH,20250819,18.3,18.45,18.02,18.11,55496.3,100788.931
603699.SH,20250819,32.81,33.4,32.49,32.99,50145.75,165242.959
603700.SH,20250819,12.5,12.82,12.46,12.79,45216.45,57234.152
603701.SH,20250819,22.02,22.09,21.07,21.39,81695.82,176277.535
603703.SH,20250819,10.74,11.1,10.64,10.96,168083.3,183116.494
603706.SH,20250819,22.28,22.28,21.8,22.14,49604.9,109056.172
603707.SH,20250819,11.5,11.77,11.5,11.55,188616.35,219475.62
603708.SH,20250819,10.66,10.91,10.65,10.82,51170.17,55361.292
603709.SH,20250819,15.05,16.82,14.88,14.92,95546.12,151017.314
603711.SH,20250819,13.6,13.65,13.56,13.62,34615.0,47122.561
603712.SH,20250819,22.95,23.64,22.76,23.55,436215.38,1018895.18
603713.SH,20250819,61.11,61.77,60.2,60.7,33977.02,206654.373
603716.SH,20250819,29.8,32.86,29.51,31.4,616702.22,1977414.111
603717.SH,20250819,8.26,8.26,8.1,8.15,96238.63,78525.428
603718.SH,20250819,7.24,7.54,7.21,7.34,254644.8,187970.6
603719.SH,20250819,13.5,13.8,13.5,13.71,140199.9,191585.216
603721.SH,20250819,19.39,19.76,19.39,19.61,29571.42,58003.119
603722.SH,20250819,46.0,47.41,45.76,46.48,25027.0,116208.578
603725.SH,20250819,11.45,12.22,11.24,11.27,233596.68,272791.346
603726.SH,20250819,19.4,19.45,19.1,19.17,51346.34,98634.398
603727.SH,20250819,14.6,14.63,14.41,14.58,27570.0,40048.727
603728.SH,20250819,63.38,67.03,62.15,65.19,213466.37,1378917.466
603729.SH,20250819,18.04,18.2,17.71,18.18,31788.18,57432.051
603730.SH,20250819,5.83,5.95,5.77,5.92,266507.85,156449.605
603733.SH,20250819,25.69,26.6,25.3,26.34,62645.75,163542.556
603737.SH,20250819,44.53,44.76,43.55,43.89,39618.84,174236.164
603738.SH,20250819,15.96,16.22,15.85,16.11,193663.47,310661.161
603739.SH,20250819,15.36,15.73,15.36,15.43,82380.6,127655.2
603755.SH,20250819,28.28,28.38,28.01,28.16,13817.59,38890.903
603757.SH,20250819,49.0,49.77,46.67,46.67,272814.29,1302745.58
603758.SH,20250819,13.89,14.47,13.6,14.19,144408.66,202873.711
603759.SH,20250819,8.72,8.77,8.68,8.74,49235.12,42943.46
603766.SH,20250819,13.6,13.69,13.46,13.56,154461.0,209603.637
603767.SH,20250819,31.15,33.98,30.8,31.76,463594.59,1509259.299
603768.SH,20250819,12.81,13.09,12.75,13.09,53150.0,68818.194
603773.SH,20250819,30.77,31.53,30.71,30.98,82481.36,256412.588
603776.SH,20250819,23.12,23.12,22.5,22.71,74238.31,168509.132
603777.SH,20250819,13.43,13.83,13.36,13.68,159590.97,217844.466
603778.SH,20250819,3.83,3.91,3.78,3.91,357411.5,138197.856
603779.SH,20250819,7.46,7.61,7.45,7.55,105147.7,79395.928
603786.SH,20250819,53.65,55.28,53.01,54.85,42143.99,229107.482
603787.SH,20250819,13.06,13.25,12.97,13.23,52352.0,68764.736
603788.SH,20250819,16.82,17.34,16.65,17.29,74652.0,127221.238
603789.SH,20250819,6.01,6.04,5.8,5.86,92283.01,54216.001
603790.SH,20250819,19.47,19.47,18.8,19.07,24784.7,47101.851
603797.SH,20250819,4.74,4.78,4.71,4.77,69207.36,32911.152
603798.SH,20250819,12.54,13.75,12.54,13.75,67175.88,89779.538
603799.SH,20250819,45.1,45.26,43.87,44.07,693254.68,3075507.054
603800.SH,20250819,53.0,53.72,48.49,48.49,261723.88,1320350.788
603801.SH,20250819,10.07,10.1,10.01,10.08,66442.5,66867.905
603803.SH,20250819,8.75,8.97,8.7,8.86,173211.85,153053.307
603806.SH,20250819,14.3,14.67,14.18,14.39,356842.94,513236.631
603808.SH,20250819,8.16,8.38,8.1,8.36,67504.25,55785.142
603809.SH,20250819,15.86,17.0,15.31,16.73,671090.69,1083935.163
603810.SH,20250819,15.64,16.18,15.53,15.97,36100.1,57080.305
603811.SH,20250819,15.3,16.82,15.3,16.82,312277.94,513996.132
603813.SH,20250819,15.48,15.49,15.21,15.38,6649.17,10212.002
603815.SH,20250819,8.13,8.32,8.1,8.27,115159.0,94666.704
603816.SH,20250819,27.25,27.44,27.15,27.3,32411.38,88381.815
603817.SH,20250819,5.92,6.0,5.89,5.96,62923.02,37454.405
603818.SH,20250819,4.5,4.53,4.41,4.52,263593.0,118248.282
603819.SH,20250819,12.43,12.54,12.29,12.54,70036.38,87029.515
603822.SH,20250819,63.0,63.0,59.25,60.56,27974.9,169954.894
603823.SH,20250819,13.7,13.96,13.57,13.77,120245.52,165283.906
603825.SH,20250819,11.91,12.15,11.89,12.03,68753.8,82599.873
603826.SH,20250819,19.7,19.74,19.5,19.54,33812.18,66167.715
603828.SH,20250819,4.4,4.49,4.4,4.45,37698.78,16733.069
603829.SH,20250819,18.79,19.3,18.57,19.26,34961.5,66446.878
603833.SH,20250819,53.61,53.74,52.72,52.94,34616.19,183791.722
603836.SH,20250819,13.77,13.97,13.75,13.89,24261.03,33646.758
603838.SH,20250819,6.38,6.7,6.33,6.63,51612.46,34328.564
603839.SH,20250819,7.56,7.74,7.53,7.74,138349.0,105961.593
603843.SH,20250819,2.6,2.62,2.57,2.59,196818.0,50897.921
603848.SH,20250819,21.0,22.47,20.6,22.35,74068.27,160267.942
603855.SH,20250819,22.34,23.1,22.22,22.69,78802.08,178459.926
603856.SH,20250819,12.42,12.49,12.32,12.37,54077.0,66905.25
603858.SH,20250819,18.6,19.08,18.6,18.78,103850.67,195844.458
603859.SH,20250819,42.6,44.17,42.6,43.21,136785.52,593885.063
603860.SH,20250819,32.77,33.06,32.6,33.04,14467.0,47588.638
603861.SH,20250819,10.2,10.29,10.1,10.2,129592.71,131998.728
603863.SH,20250819,17.83,18.45,17.57,18.44,132036.0,238280.631
603866.SH,20250819,5.61,5.63,5.58,5.6,218145.5,122278.495
603867.SH,20250819,28.65,28.99,28.33,28.49,52445.3,149793.237
603868.SH,20250819,40.04,40.04,39.21,39.23,12832.0,50580.664
603869.SH,20250819,8.43,8.67,8.4,8.65,27022.4,23224.178
603871.SH,20250819,11.18,11.46,11.16,11.24,175739.26,198558.016
603876.SH,20250819,9.56,9.61,9.48,9.59,163533.37,156113.25
603877.SH,20250819,14.65,14.8,14.58,14.68,17883.33,26308.51
603878.SH,20250819,5.6,5.63,5.58,5.61,63248.59,35459.68
603879.SH,20250819,6.76,6.83,6.65,6.79,105233.2,71059.174
603880.SH,20250819,6.79,6.92,6.74,6.87,69074.0,47355.578
603881.SH,20250819,28.62,29.1,28.29,28.5,504188.76,1438852.718
603882.SH,20250819,30.91,31.19,30.57,30.73,76423.63,235345.576
603883.SH,20250819,18.43,19.23,18.4,18.78,317845.39,599971.684
603885.SH,20250819,12.65,12.83,12.6,12.65,141193.4,179283.575
603886.SH,20250819,12.77,12.82,12.7,12.8,36784.0,47040.743
603887.SH,20250819,18.4,18.7,18.11,18.38,260904.29,479502.146
603888.SH,20250819,19.74,20.6,19.67,20.08,185761.72,373352.301
603889.SH,20250819,6.0,6.06,5.99,6.06,75415.84,45424.789
603890.SH,20250819,13.63,13.86,13.56,13.83,200524.85,275141.225
603893.SH,20250819,181.97,189.97,179.45,180.3,148874.46,2754236.166
603895.SH,20250819,29.35,29.51,29.08,29.25,15473.4,45293.861
603896.SH,20250819,22.5,22.71,22.37,22.42,32768.39,73891.684
603897.SH,20250819,28.0,28.0,27.6,27.61,118976.92,330242.193
603898.SH,20250819,11.53,11.71,11.24,11.55,53338.22,60985.946
603899.SH,20250819,31.1,31.2,30.8,31.08,39978.13,123910.234
603900.SH,20250819,10.28,10.4,10.2,10.39,136573.0,140949.772
603901.SH,20250819,11.43,11.6,11.15,11.38,239974.0,271544.067
603903.SH,20250819,8.59,8.6,8.34,8.48,149172.5,125746.282
603906.SH,20250819,15.15,15.7,14.82,15.44,441850.14,674875.141
603908.SH,20250819,26.12,26.29,25.84,26.27,17481.37,45744.875
603909.SH,20250819,10.16,10.34,10.1,10.3,23753.58,24349.367
603912.SH,20250819,11.3,11.9,11.0,11.09,647088.91,730743.024
603915.SH,20250819,16.09,16.82,15.78,16.58,240557.18,393981.015
603916.SH,20250819,11.21,11.21,11.07,11.11,85505.05,95126.99
603917.SH,20250819,13.66,13.96,13.5,13.96,84123.4,115876.451
603918.SH,20250819,19.65,20.02,19.54,19.7,200393.29,395877.246
603919.SH,20250819,19.01,19.96,19.0,19.61,100735.08,197302.897
603920.SH,20250819,36.63,37.46,35.92,37.27,352983.16,1298287.012
603922.SH,20250819,21.6,22.6,21.44,21.8,122194.7,268784.327
603926.SH,20250819,12.8,13.49,12.8,13.24,83362.7,109428.331
603927.SH,20250819,20.71,20.82,20.5,20.59,168516.24,347852.843
603928.SH,20250819,15.95,16.14,15.8,16.06,92888.84,148540.507
603929.SH,20250819,35.5,35.5,34.43,34.82,50603.0,175761.688
603931.SH,20250819,27.99,28.2,27.73,27.95,39300.67,109844.524
603933.SH,20250819,17.22,17.4,17.11,17.32,50430.0,87129.597
603936.SH,20250819,11.9,12.01,11.55,11.92,761215.65,898544.837
603937.SH,20250819,11.15,11.17,10.96,11.08,90943.74,100539.075
603938.SH,20250819,15.38,15.52,15.25,15.44,56217.89,86444.415
603939.SH,20250819,23.88,24.36,23.8,24.06,94198.76,226787.95
603948.SH,20250819,21.18,21.6,21.07,21.58,40460.0,86508.842
603949.SH,20250819,19.0,19.27,18.81,19.16,43878.2,83561.406
603950.SH,20250819,26.84,28.94,26.71,27.96,248945.09,689761.491
603955.SH,20250819,40.81,40.87,39.85,39.95,58333.4,234337.068
603956.SH,20250819,6.89,7.2,6.86,7.11,371764.83,262243.94
603958.SH,20250819,16.68,16.98,16.41,16.78,51796.0,85945.775
603959.SH,20250819,5.59,5.71,5.47,5.58,188566.2,105219.614
603960.SH,20250819,20.19,20.52,20.04,20.37,116730.07,236904.394
603966.SH,20250819,11.22,11.25,11.13,11.16,160334.59,179443.772
603967.SH,20250819,11.64,11.75,11.59,11.69,43367.3,50684.663
603968.SH,20250819,12.83,13.0,12.55,12.94,29132.0,37403.496
603969.SH,20250819,9.78,10.23,9.66,9.91,405160.41,400070.215
603970.SH,20250819,14.08,14.23,14.07,14.17,24676.23,34934.74
603976.SH,20250819,22.28,22.61,22.0,22.18,36427.0,81102.43
603977.SH,20250819,12.74,12.85,12.61,12.7,85548.25,108906.921
603978.SH,20250819,17.07,17.34,17.02,17.19,51569.0,88523.964
603979.SH,20250819,52.3,52.89,52.07,52.27,41008.53,215160.442
603980.SH,20250819,5.68,5.75,5.62,5.72,213522.0,121817.529
603982.SH,20250819,9.29,9.44,9.19,9.43,147200.94,137588.516
603983.SH,20250819,43.19,44.46,42.6,43.78,45407.0,198833.214
603985.SH,20250819,18.4,18.48,18.12,18.32,134048.39,245183.501
603986.SH,20250819,125.48,128.88,122.85,123.26,323175.2,4046363.006
603987.SH,20250819,8.92,9.19,8.85,9.08,205986.4,186784.72
603988.SH,20250819,23.69,24.05,23.4,23.65,51864.32,122958.239
603989.SH,20250819,17.47,18.13,17.12,17.57,117333.35,205015.123
603990.SH,20250819,15.4,15.55,15.21,15.42,161532.7,248821.018
603991.SH,20250819,61.59,62.66,61.4,61.73,35491.69,219763.658
603992.SH,20250819,27.13,29.55,26.33,29.06,115620.59,320828.899
603993.SH,20250819,10.77,11.05,10.77,10.85,2430296.86,2645447.371
603995.SH,20250819,18.41,18.42,18.12,18.2,73680.35,134294.083
603997.SH,20250819,12.24,12.54,12.08,12.39,248591.68,306670.188
603998.SH,20250819,11.52,11.74,11.43,11.51,204210.0,236733.026
603999.SH,20250819,6.89,6.98,6.77,6.94,153144.0,105803.473
605001.SH,20250819,7.79,7.86,7.72,7.85,66574.5,51947.991
605003.SH,20250819,22.48,22.6,21.95,22.38,16863.25,37513.034
605005.SH,20250819,19.5,20.29,19.38,20.01,75665.0,150589.292
605006.SH,20250819,8.66,8.76,8.5,8.53,457128.99,391971.899
605007.SH,20250819,12.35,12.52,12.29,12.52,31160.37,38723.298
605008.SH,20250819,14.4,14.44,14.11,14.36,36416.6,51950.829
605009.SH,20250819,41.5,42.66,41.1,42.1,54431.67,227980.555
605011.SH,20250819,22.34,22.5,22.24,22.36,36053.06,80587.494
605016.SH,20250819,20.42,21.23,20.06,21.2,123731.1,255622.918
605018.SH,20250819,13.24,13.68,12.85,13.17,151474.0,199072.374
605020.SH,20250819,30.6,32.48,30.37,30.46,205011.26,635597.349
605028.SH,20250819,20.1,22.2,19.46,22.2,111793.29,236630.903
605033.SH,20250819,21.34,21.4,21.13,21.35,34738.0,73926.666
605050.SH,20250819,14.93,15.39,14.84,15.21,81285.78,122779.191
605055.SH,20250819,7.29,7.52,7.29,7.52,114501.0,84816.763
605056.SH,20250819,15.0,15.14,14.75,15.08,33757.99,50498.95
605058.SH,20250819,30.6,30.6,29.88,30.43,35371.0,107060.053
605060.SH,20250819,26.26,26.26,24.18,24.54,64618.0,160717.572
605066.SH,20250819,8.28,8.38,8.19,8.25,261953.25,216339.265
605068.SH,20250819,25.54,25.54,24.02,25.54,125758.25,319500.175
605069.SH,20250819,11.23,11.46,11.12,11.41,89995.8,101666.327
605077.SH,20250819,17.65,18.32,17.55,18.23,65257.39,117493.64
605080.SH,20250819,28.06,28.39,27.6,28.36,31297.8,87455.329
605081.SH,20250819,13.42,13.5,13.21,13.34,21523.53,28631.13
605086.SH,20250819,28.26,28.69,27.95,28.09,20068.4,56540.685
605088.SH,20250819,39.0,39.15,38.0,38.88,84197.44,324988.903
605089.SH,20250819,26.3,27.54,26.18,27.48,36923.08,99675.725
605090.SH,20250819,29.83,29.88,28.66,28.91,161030.58,470043.047
605098.SH,20250819,37.9,38.18,37.56,37.82,15485.6,58474.537
605099.SH,20250819,31.51,31.78,31.29,31.44,36482.7,114898.549
605100.SH,20250819,21.72,23.78,21.71,23.78,117516.17,272859.45
605108.SH,20250819,19.84,20.14,19.7,20.09,54971.18,109641.505
605111.SH,20250819,34.58,34.84,34.01,34.4,138438.62,476525.226
605116.SH,20250819,23.92,26.33,23.9,25.03,165746.54,425024.224
605117.SH,20250819,57.08,58.52,56.6,56.8,232145.95,1332513.184
605118.SH,20250819,32.23,32.3,31.0,31.23,70355.0,221904.421
605122.SH,20250819,14.08,14.2,14.0,14.16,38984.23,55055.07
605123.SH,20250819,76.84,76.86,73.2,74.27,35843.88,265224.439
605128.SH,20250819,38.87,39.41,37.5,38.69,48067.28,184690.815
605133.SH,20250819,33.16,34.76,32.01,34.26,132281.5,444866.47
605136.SH,20250819,10.06,10.33,9.95,10.28,310377.7,315820.616
605138.SH,20250819,7.44,8.18,7.35,7.9,190886.0,149304.906
605151.SH,20250819,19.57,20.55,19.21,20.15,47762.0,95239.878
605155.SH,20250819,13.6,14.9,13.58,14.59,124745.0,177003.771
605158.SH,20250819,9.09,9.13,9.0,9.13,69421.4,63001.98
605162.SH,20250819,8.89,9.07,8.87,9.04,140734.0,126336.622
605166.SH,20250819,12.04,12.24,11.92,12.13,99838.0,120532.327
605167.SH,20250819,10.89,11.11,10.86,11.03,75706.0,83229.096
605168.SH,20250819,34.0,34.53,33.7,34.17,66775.8,228451.071
605169.SH,20250819,18.48,18.49,17.24,17.45,303063.81,534710.748
605177.SH,20250819,20.69,21.1,20.69,20.94,23566.0,49333.394
605178.SH,20250819,24.76,26.05,24.61,25.7,67076.8,170251.009
605179.SH,20250819,20.41,21.0,20.35,20.83,131021.0,271235.956
605180.SH,20250819,15.64,16.06,15.6,15.8,51770.41,81752.186
605183.SH,20250819,21.52,22.56,21.3,21.41,70517.99,154339.153
605186.SH,20250819,23.13,23.35,22.92,23.24,19945.0,46243.004
605188.SH,20250819,12.39,12.84,12.22,12.43,295387.2,369664.786
605189.SH,20250819,16.34,16.72,16.05,16.5,55939.13,91618.366
605196.SH,20250819,22.03,22.52,21.45,21.87,137282.0,301320.162
605198.SH,20250819,49.8,50.11,48.73,49.11,23272.1,114499.018
605199.SH,20250819,9.16,9.3,9.16,9.21,60197.0,55643.668
605208.SH,20250819,16.0,16.75,15.46,15.83,281984.13,447488.715
605218.SH,20250819,23.62,24.0,23.46,23.89,37077.0,88360.06
605222.SH,20250819,16.05,16.31,15.97,16.13,43263.95,69822.142
605228.SH,20250819,17.4,17.94,17.11,17.63,145582.5,255984.017
605258.SH,20250819,32.31,32.78,32.08,32.77,28079.0,91371.341
605259.SH,20250819,27.74,28.77,27.6,28.25,32683.32,92497.107
605266.SH,20250819,21.58,21.89,21.58,21.81,20532.93,44687.391
605268.SH,20250819,10.01,10.12,9.9,10.02,66264.0,66303.171
605277.SH,20250819,27.49,27.49,26.27,26.37,443242.51,1184060.199
605286.SH,20250819,43.75,45.41,42.88,43.25,48618.58,213900.181
605287.SH,20250819,15.91,16.71,15.89,16.6,50025.4,81968.539
605288.SH,20250819,57.27,59.88,56.49,58.98,20097.2,117388.219
605289.SH,20250819,40.79,41.2,39.88,40.97,35030.25,142151.78
605296.SH,20250819,31.99,32.84,31.99,32.34,43718.7,141658.983
605298.SH,20250819,23.01,23.06,22.0,22.21,80186.72,179615.198
605299.SH,20250819,9.98,10.02,9.82,9.84,132987.0,131517.844
605300.SH,20250819,13.78,14.27,13.7,14.25,101146.42,142716.619
605303.SH,20250819,14.29,15.05,13.2,15.05,166758.4,235610.205
605305.SH,20250819,39.93,40.49,39.55,39.98,79294.35,316833.845
605318.SH,20250819,29.76,29.76,29.04,29.66,18264.0,53603.466
605319.SH,20250819,34.88,35.1,33.96,34.6,40369.49,139337.067
605333.SH,20250819,33.91,34.34,33.1,34.11,60643.0,204825.63
605336.SH,20250819,16.0,16.0,15.81,16.0,28447.0,45279.389
605337.SH,20250819,12.83,14.05,12.77,14.05,309454.03,415968.395
605338.SH,20250819,20.01,21.4,19.99,21.4,65077.0,135933.291
605339.SH,20250819,18.05,18.23,18.0,18.12,15430.92,27930.862
605358.SH,20250819,25.85,25.85,25.4,25.67,119298.48,305844.908
605365.SH,20250819,15.9,16.08,15.8,16.01,35576.61,56733.371
605366.SH,20250819,6.46,6.53,6.43,6.52,134157.44,87204.099
605368.SH,20250819,10.11,10.18,10.09,10.13,40374.8,40927.87
605369.SH,20250819,20.44,20.62,20.36,20.48,24225.78,49607.464
605376.SH,20250819,42.32,46.24,42.1,46.24,112621.91,502129.744
605377.SH,20250819,9.51,9.65,9.42,9.5,66924.84,63730.528
605378.SH,20250819,25.9,27.3,25.5,27.3,192769.27,511338.583
605388.SH,20250819,7.58,7.75,7.58,7.71,170514.8,130829.059
605389.SH,20250819,44.28,44.54,43.09,43.65,25842.6,113208.282
605398.SH,20250819,32.86,33.76,32.5,33.44,96721.24,322188.187
605399.SH,20250819,13.59,13.78,13.55,13.75,53633.42,73540.9
605488.SH,20250819,33.66,35.1,32.97,34.39,173409.77,591902.594
605499.SH,20250819,285.33,298.5,285.22,296.65,38295.92,1127750.906
605500.SH,20250819,10.05,10.11,9.95,10.07,96870.05,97177.521
605507.SH,20250819,23.45,23.62,22.91,22.92,82123.24,190236.628
605555.SH,20250819,17.9,18.16,17.55,18.05,111196.54,199002.099
605566.SH,20250819,24.41,26.34,24.2,25.25,118285.33,299216.414
605567.SH,20250819,10.77,11.06,10.71,11.0,61051.0,66769.33
605577.SH,20250819,13.78,13.91,13.59,13.81,40170.0,55256.932
605580.SH,20250819,17.5,17.6,17.07,17.32,73366.2,126298.566
605588.SH,20250819,59.51,61.64,57.1,57.19,106852.5,629857.61
605589.SH,20250819,33.58,33.77,31.55,31.82,406160.39,1308603.422
605598.SH,20250819,27.4,27.75,27.05,27.15,123700.4,336594.667
605599.SH,20250819,14.95,15.07,14.91,15.04,34946.56,52358.741
688001.SH,20250819,28.8,28.8,27.88,28.45,31712.54,89642.781
688002.SH,20250819,68.2,69.38,67.68,68.04,49717.33,340586.713
688003.SH,20250819,55.9,58.77,55.18,57.39,94062.4,536481.114
688004.SH,20250819,26.27,26.66,25.62,25.99,30459.4,79736.271
688005.SH,20250819,22.67,22.88,22.26,22.65,184812.87,417179.247
688006.SH,20250819,21.69,21.69,21.14,21.4,64684.43,138244.224
688007.SH,20250819,18.25,20.0,17.9,19.51,397649.88,762946.668
688008.SH,20250819,92.33,93.07,89.5,89.6,350897.28,3205167.959
688009.SH,20250819,5.48,5.49,5.41,5.42,269999.96,146879.109
688010.SH,20250819,35.41,35.94,35.04,35.33,43205.91,153017.724
688011.SH,20250819,45.0,45.2,42.47,42.78,52430.14,226970.651
688012.SH,20250819,194.44,196.26,191.6,191.61,107560.88,2087225.008
688013.SH,20250819,40.0,40.49,39.4,39.96,11294.08,45028.257
688015.SH,20250819,22.05,22.45,21.78,22.16,17369.99,38267.87
688016.SH,20250819,119.34,120.1,115.99,116.72,24019.43,282277.019
688017.SH,20250819,147.48,154.44,145.68,151.18,99141.61,1486591.184
688018.SH,20250819,169.65,174.88,168.5,170.28,46436.99,799298.922
688019.SH,20250819,149.13,152.35,148.39,148.68,34534.58,518390.448
688020.SH,20250819,56.88,60.27,56.55,57.87,55110.19,322409.545
688021.SH,20250819,20.73,20.9,19.41,19.9,55878.06,111207.551
688022.SH,20250819,17.51,18.05,17.26,17.8,71470.07,126316.799
688023.SH,20250819,59.18,60.31,58.63,58.78,42576.14,252516.333
688025.SH,20250819,135.85,135.85,125.0,132.5,24080.82,309495.624
688026.SH,20250819,20.1,20.62,19.8,19.87,47640.75,95912.463
688027.SH,20250819,298.76,299.5,291.44,293.0,23015.46,678263.384
688028.SH,20250819,25.8,25.92,25.17,25.63,33984.12,86893.116
688029.SH,20250819,95.41,96.49,93.0,93.29,41870.75,395380.736
688030.SH,20250819,20.41,20.6,20.16,20.27,27990.65,56981.28
688031.SH,20250819,53.26,54.55,52.47,53.51,51393.37,275169.385
688032.SH,20250819,113.9,113.9,111.0,111.26,14791.86,165823.91
688033.SH,20250819,7.16,7.19,7.08,7.18,149931.94,107156.173
688035.SH,20250819,57.4,65.3,55.5,60.66,175649.01,1051950.37
688036.SH,20250819,82.5,83.45,81.51,81.7,60429.18,495807.977
688037.SH,20250819,125.5,125.6,121.7,122.0,40801.65,501683.992
688038.SH,20250819,17.71,17.71,17.2,17.51,35724.1,62521.57
688039.SH,20250819,52.5,54.54,52.07,53.0,75688.33,403178.998
688041.SH,20250819,152.1,153.66,148.7,148.73,363116.41,5472754.781
688045.SH,20250819,43.1,43.18,41.38,41.61,35449.23,148268.792
688046.SH,20250819,18.97,19.19,18.06,18.08,60630.58,112326.071
688047.SH,20250819,133.23,135.84,131.01,132.34,59009.85,787244.445
688048.SH,20250819,76.6,77.96,74.78,75.55,66918.76,508325.254
688049.SH,20250819,54.22,55.19,53.13,53.49,84804.92,459174.715
688050.SH,20250819,77.62,78.29,76.8,76.82,40510.28,313752.293
688051.SH,20250819,39.79,42.0,39.03,41.19,33111.86,135090.681
688052.SH,20250819,181.0,186.32,173.13,175.9,35292.03,625983.523
688053.SH,20250819,36.45,36.7,35.6,36.32,19265.36,69665.069
688055.SH,20250819,4.14,4.19,4.11,4.14,91738.76,38043.653
688056.SH,20250819,39.52,40.27,38.84,39.31,10135.77,39868.252
688057.SH,20250819,13.41,13.56,13.41,13.47,21634.24,29164.179
688058.SH,20250819,32.0,33.3,31.48,32.62,29605.84,96778.799
688059.SH,20250819,67.0,69.98,63.85,68.04,61239.6,411177.639
688060.SH,20250819,41.71,42.33,41.53,41.95,5486.05,23013.413
688061.SH,20250819,35.18,35.95,35.05,35.68,13035.39,46320.944
688062.SH,20250819,36.71,39.31,36.42,36.6,162546.95,612835.628
688063.SH,20250819,45.8,47.45,45.8,46.72,82692.19,386854.279
688065.SH,20250819,51.94,52.2,50.89,50.89,45752.36,235224.87
688066.SH,20250819,22.84,23.65,22.44,23.32,173189.54,401051.075
688067.SH,20250819,26.81,27.11,26.42,26.86,17447.14,46659.601
688068.SH,20250819,227.51,247.9,226.8,233.25,27595.3,658203.943
688069.SH,20250819,25.3,25.9,25.21,25.5,13122.71,33517.147
688070.SH,20250819,56.88,57.7,55.03,56.42,30482.57,172431.427
688071.SH,20250819,48.0,49.44,46.73,48.05,30187.38,144549.39
688072.SH,20250819,169.7,169.7,166.06,166.19,39900.99,668869.714
688073.SH,20250819,61.24,61.99,59.42,59.62,12420.35,74928.985
688075.SH,20250819,42.9,43.19,42.32,42.56,8643.17,36863.577
688076.SH,20250819,46.26,47.21,45.21,45.8,87268.63,403079.397
688077.SH,20250819,34.18,35.9,34.05,35.02,112842.37,394314.817
688078.SH,20250819,34.71,34.99,33.87,33.87,20753.24,71075.149
688079.SH,20250819,12.25,12.35,12.06,12.15,53770.82,65657.768
688080.SH,20250819,51.0,51.3,50.04,51.08,24621.72,125035.453
688081.SH,20250819,25.01,26.39,24.6,25.2,67359.95,172155.415
688082.SH,20250819,118.46,118.47,114.83,114.98,46584.6,541221.26
688083.SH,20250819,76.8,77.15,75.3,76.27,30573.31,233169.482
688084.SH,20250819,98.6,102.5,96.8,99.08,30562.4,305189.777
688085.SH,20250819,20.93,21.45,20.76,20.93,39729.28,83533.712
688087.SH,20250819,28.88,28.88,28.32,28.57,17804.09,50865.095
688088.SH,20250819,51.98,52.71,50.9,52.15,116024.15,600873.816
688089.SH,20250819,29.2,29.2,28.01,28.24,77764.85,220692.157
688090.SH,20250819,36.15,38.08,35.88,37.02,55363.65,205641.202
688091.SH,20250819,81.08,81.75,74.2,74.4,61797.0,480012.162
688092.SH,20250819,25.71,25.88,25.34,25.75,14046.12,35973.987
688093.SH,20250819,36.9,37.31,36.31,36.6,42950.03,157545.487
688095.SH,20250819,78.0,80.44,77.38,78.87,27420.68,216787.092
688096.SH,20250819,9.57,9.95,9.43,9.67,90786.45,87680.666
688097.SH,20250819,33.54,33.54,32.42,33.0,77362.57,254747.465
688098.SH,20250819,15.4,15.4,14.31,15.4,195625.25,295948.898
688099.SH,20250819,78.68,80.5,78.17,79.56,137059.66,1087758.197
688100.SH,20250819,35.38,35.58,34.97,35.15,24262.04,85507.64
688101.SH,20250819,14.83,15.87,14.83,15.49,72834.89,112460.683
688102.SH,20250819,16.34,16.66,16.1,16.25,152737.16,249267.596
688103.SH,20250819,67.4,68.49,65.86,67.61,23259.68,155611.021
688105.SH,20250819,26.44,26.44,25.81,25.89,32514.86,84510.59
688106.SH,20250819,19.18,19.18,18.83,18.95,88001.2,166992.444
688107.SH,20250819,29.81,30.58,29.59,29.93,61251.9,183857.859
688108.SH,20250819,42.52,47.0,39.01,40.42,811715.53,3480725.029
688109.SH,20250819,40.51,40.88,40.2,40.55,18173.17,73625.652
688110.SH,20250819,100.08,103.98,97.0,102.11,359296.07,3624096.493
688111.SH,20250819,300.9,305.99,296.25,296.35,55253.42,1660552.955
688112.SH,20250819,40.11,40.29,39.25,39.61,38953.84,154085.151
688113.SH,20250819,41.56,41.75,40.63,41.3,10030.62,41249.856
688114.SH,20250819,71.13,71.99,69.52,69.6,43475.47,305912.181
688115.SH,20250819,71.85,72.85,69.99,70.29,6522.41,46066.018
688116.SH,20250819,44.5,45.2,43.85,44.82,105136.99,467729.984
688117.SH,20250819,43.41,46.0,43.0,44.71,122477.09,546071.136
688118.SH,20250819,31.5,38.0,31.39,35.51,136403.82,476824.311
688119.SH,20250819,4.44,4.5,4.42,4.45,147536.18,65700.314
688120.SH,20250819,113.0,113.0,110.03,110.31,62735.29,695923.967
688121.SH,20250819,14.39,14.49,14.21,14.27,34530.9,49588.094
688122.SH,20250819,58.75,59.9,57.9,58.34,121960.23,715017.828
688123.SH,20250819,78.47,78.79,77.2,77.56,50205.85,390881.54
688125.SH,20250819,43.97,44.43,43.02,43.34,13596.58,59247.086
688126.SH,20250819,19.59,19.74,19.26,19.33,319683.31,622101.975
688127.SH,20250819,31.94,33.48,31.7,32.02,84176.58,272672.842
688128.SH,20250819,28.22,28.38,27.82,27.97,27401.56,76812.627
688129.SH,20250819,25.89,25.89,25.35,25.59,13733.45,35092.67
688130.SH,20250819,25.38,25.5,24.82,25.15,30755.52,77144.715
688131.SH,20250819,57.94,58.24,55.15,55.26,71324.41,403707.75
688132.SH,20250819,21.66,21.66,21.09,21.09,25331.97,53885.328
688133.SH,20250819,28.2,28.68,27.6,27.7,51622.67,144533.058
688135.SH,20250819,23.0,23.0,22.4,22.73,71587.31,162392.924
688136.SH,20250819,45.11,47.15,45.05,45.2,98597.81,457145.787
688137.SH,20250819,46.63,47.62,46.5,46.8,10874.65,51109.18
688138.SH,20250819,32.79,32.86,31.7,31.87,50257.83,161367.537
688139.SH,20250819,35.71,35.95,34.92,35.0,36729.38,129817.116
688141.SH,20250819,35.07,35.07,33.1,33.6,238618.63,807667.416
688143.SH,20250819,50.65,51.28,49.5,49.61,42495.59,212981.848
688146.SH,20250819,40.08,41.51,39.58,39.58,142838.74,576020.38
688147.SH,20250819,38.1,38.38,37.03,37.35,99827.98,374818.121
688148.SH,20250819,5.82,5.95,5.77,5.92,121768.48,71615.967
688150.SH,20250819,27.92,28.0,26.45,26.76,67510.84,182148.548
688151.SH,20250819,26.38,26.38,25.7,25.74,75071.95,194033.932
688152.SH,20250819,48.45,51.45,48.0,50.12,56511.65,282387.84
688153.SH,20250819,34.7,35.2,33.9,34.46,46772.33,161250.652
688155.SH,20250819,57.57,59.8,56.87,58.87,59467.53,348227.012
688156.SH,20250819,21.64,22.68,21.41,22.58,38119.42,84332.623
688157.SH,20250819,40.91,44.86,40.52,44.15,50169.11,212738.806
688158.SH,20250819,27.15,27.34,26.28,26.35,357446.09,956694.002
688159.SH,20250819,73.58,75.61,71.64,72.91,67284.39,493834.032
688160.SH,20250819,95.6,99.83,93.12,97.59,27778.62,269378.13
688161.SH,20250819,31.85,32.59,31.43,31.56,28451.7,90597.024
688162.SH,20250819,32.88,33.16,32.1,32.96,27740.31,90798.939
688163.SH,20250819,26.3,26.8,26.01,26.38,16680.72,43984.684
688165.SH,20250819,25.4,27.26,24.75,26.7,433759.5,1135674.161
688166.SH,20250819,111.5,113.59,107.72,109.6,98384.28,1088996.506
688167.SH,20250819,118.0,122.58,114.02,118.97,81157.68,967025.976
688168.SH,20250819,77.53,78.95,75.85,77.17,19426.47,149871.852
688169.SH,20250819,208.0,208.21,200.88,206.7,66622.16,1368600.259
688170.SH,20250819,35.82,36.34,34.6,35.0,89130.75,314074.969
688171.SH,20250819,43.9,44.15,42.72,43.1,12221.76,52634.078
688172.SH,20250819,20.84,21.05,20.6,20.62,68364.4,141987.354
688173.SH,20250819,15.8,15.85,15.43,15.77,113406.4,177603.789
688175.SH,20250819,21.81,23.15,21.81,22.72,33393.96,75602.464
688176.SH,20250819,12.45,12.74,12.24,12.26,201819.0,251012.114
688177.SH,20250819,33.9,35.24,33.63,33.97,52614.28,180819.124
688178.SH,20250819,24.6,24.8,23.87,24.66,17852.7,43867.521
688179.SH,20250819,15.55,15.8,15.31,15.36,89598.19,138612.969
688180.SH,20250819,47.0,47.6,45.31,45.32,210417.45,976654.616
688181.SH,20250819,38.44,38.44,37.0,38.1,106581.96,402564.931
688182.SH,20250819,28.13,28.14,27.4,27.69,54022.89,149931.814
688183.SH,20250819,56.0,57.42,53.99,54.72,248207.01,1367283.732
688184.SH,20250819,11.05,11.05,10.79,10.86,17356.79,18851.694
688185.SH,20250819,85.19,86.95,83.62,84.0,36346.85,310187.489
688186.SH,20250819,26.3,26.87,26.23,26.48,127281.47,337240.179
688187.SH,20250819,45.63,45.67,44.9,45.0,53245.99,240642.162
688188.SH,20250819,138.99,142.4,137.64,140.8,32592.53,456333.996
688189.SH,20250819,17.19,18.18,15.77,16.11,513980.62,868843.823
688190.SH,20250819,100.01,100.75,97.68,97.95,10513.68,103908.419
688191.SH,20250819,26.25,26.72,25.63,25.89,27661.62,72212.573
688192.SH,20250819,84.44,85.44,81.32,81.35,26658.4,221631.109
688193.SH,20250819,51.76,52.29,50.86,51.58,7123.51,36591.888
688195.SH,20250819,70.03,75.58,66.66,67.43,259737.74,1819358.023
688196.SH,20250819,45.81,46.36,45.2,45.68,9109.25,41766.346
688197.SH,20250819,54.0,56.0,52.45,52.55,32599.75,175790.584
688198.SH,20250819,123.95,124.8,120.83,121.43,6110.11,74784.782
688199.SH,20250819,29.79,30.8,29.02,29.11,129167.99,382168.04
688200.SH,20250819,145.58,147.43,143.69,144.48,12737.67,184726.188
688201.SH,20250819,12.34,12.69,12.27,12.39,114917.32,142704.065
688202.SH,20250819,66.7,70.39,64.23,64.23,108910.12,737683.348
688203.SH,20250819,14.16,14.18,13.67,13.77,55432.18,76606.199
688205.SH,20250819,86.0,97.98,86.0,90.01,238933.72,2188973.616
688206.SH,20250819,35.2,35.52,34.14,34.46,73784.87,256216.191
688207.SH,20250819,16.55,16.78,16.36,16.58,78623.59,130717.089
688208.SH,20250819,36.83,38.49,36.83,38.23,223522.64,843234.521
688209.SH,20250819,20.22,20.27,19.84,19.93,55089.88,110312.704
688210.SH,20250819,40.17,42.99,39.8,42.1,101641.96,421521.117
688211.SH,20250819,36.17,36.17,35.46,35.84,8428.1,30086.533
688212.SH,20250819,51.82,53.47,51.12,51.35,17656.96,91928.755
688213.SH,20250819,102.0,103.1,99.3,99.99,60594.97,611702.931
688215.SH,20250819,66.16,66.99,63.46,65.82,19028.82,124314.99
688216.SH,20250819,26.41,26.62,25.51,25.81,38207.91,98811.08
688217.SH,20250819,30.07,30.46,29.8,29.97,11041.2,33235.365
688218.SH,20250819,23.79,24.69,23.4,24.44,75783.69,182529.674
688219.SH,20250819,14.82,14.98,14.26,14.51,376901.48,548178.825
688220.SH,20250819,91.09,101.95,91.09,96.57,147174.3,1421977.379
688221.SH,20250819,19.63,20.08,18.88,19.09,196417.09,379355.365
688222.SH,20250819,23.04,23.87,22.65,22.79,233245.31,542457.143
688223.SH,20250819,5.62,5.66,5.55,5.57,728626.25,407386.422
688225.SH,20250819,21.69,21.77,21.23,21.56,60144.2,129508.058
688226.SH,20250819,46.92,48.07,46.6,48.0,47827.53,226721.576
688227.SH,20250819,34.58,35.45,33.69,34.15,51507.94,177233.994
688229.SH,20250819,68.0,75.15,67.66,72.25,34865.26,251857.756
688230.SH,20250819,71.7,73.96,70.01,70.62,26181.64,188110.872
688231.SH,20250819,21.16,21.53,20.89,21.23,47687.58,101053.553
688232.SH,20250819,29.51,29.93,29.26,29.52,39905.18,117949.5
688233.SH,20250819,35.8,37.8,35.66,37.1,77454.49,287690.961
688234.SH,20250819,68.85,68.85,66.63,66.87,85783.16,579890.786
688235.SH,20250819,242.47,245.95,234.6,234.7,39523.54,945025.318
688236.SH,20250819,23.54,24.08,22.71,22.93,34151.1,79544.278
688237.SH,20250819,33.05,33.15,32.51,32.8,8782.16,28810.998
688238.SH,20250819,8.73,9.2,8.33,8.33,408237.66,356527.012
688239.SH,20250819,37.37,37.82,36.76,37.63,43450.65,162403.728
688244.SH,20250819,27.45,28.39,27.2,27.7,59542.83,164940.219
688246.SH,20250819,36.36,37.0,35.9,36.84,36081.6,131894.767
688247.SH,20250819,12.67,13.15,12.35,12.4,90674.52,115695.27
688248.SH,20250819,35.02,35.46,34.71,34.97,31580.09,110744.519
688249.SH,20250819,22.8,23.03,22.61,22.64,218615.53,498161.124
688251.SH,20250819,23.65,24.74,23.0,24.0,39210.77,93319.224
688252.SH,20250819,26.42,26.7,26.13,26.46,71879.64,190139.848
688253.SH,20250819,33.8,34.24,33.38,33.49,36367.75,122593.024
688255.SH,20250819,36.35,37.48,35.44,36.54,50351.0,183859.24
688256.SH,20250819,939.0,1001.1,927.92,933.98,105469.57,10074664.704
688257.SH,20250819,17.0,17.02,16.72,16.85,40478.76,68204.452
688258.SH,20250819,72.54,83.8,71.88,78.9,92501.22,721404.621
688259.SH,20250819,45.75,46.28,44.55,45.7,35707.22,161983.414
688260.SH,20250819,30.05,31.6,29.5,31.31,72844.86,223291.039
688261.SH,20250819,69.81,71.41,68.21,70.5,76396.74,531834.841
688262.SH,20250819,30.1,30.83,29.56,30.01,134666.86,405302.023
688265.SH,20250819,70.2,70.2,64.1,65.0,46464.44,307265.708
688266.SH,20250819,110.72,113.0,104.5,104.92,61367.96,661091.756
688267.SH,20250819,31.0,31.5,30.7,30.82,29518.35,91551.938
688268.SH,20250819,61.42,61.42,59.6,59.66,44650.2,268418.509
688269.SH,20250819,39.0,40.48,39.0,39.57,35129.12,139362.677
688270.SH,20250819,69.68,73.31,68.66,72.91,182999.61,1302338.688
688271.SH,20250819,130.39,133.3,129.5,129.55,55882.28,732269.163
688272.SH,20250819,28.54,29.79,28.26,29.62,26669.84,77360.459
688273.SH,20250819,46.8,49.4,45.93,46.91,55861.48,264679.789
688275.SH,20250819,47.38,47.8,46.8,47.21,28354.9,133793.937
688276.SH,20250819,25.21,25.73,25.12,25.26,57408.5,145677.561
688277.SH,20250819,19.1,20.7,18.98,19.67,202597.31,404485.68
688278.SH,20250819,88.0,89.32,86.5,87.4,29116.69,255819.859
688279.SH,20250819,216.0,222.0,207.5,213.2,17845.52,383959.067
688280.SH,20250819,8.43,8.51,8.26,8.4,180750.23,151728.411
688281.SH,20250819,71.95,73.2,70.18,70.45,25255.93,179604.591
688282.SH,20250819,50.03,50.77,48.2,48.45,9753.33,47594.959
688283.SH,20250819,29.75,31.49,29.15,31.19,23855.89,72452.989
688285.SH,20250819,9.2,9.28,9.09,9.21,31242.23,28673.285
688286.SH,20250819,76.1,79.88,75.9,79.03,28157.64,219846.333
688287.SH,20250819,5.06,5.15,5.01,5.09,42473.03,21550.896
688288.SH,20250819,31.44,31.67,31.02,31.31,18063.04,56586.154
688289.SH,20250819,22.0,22.24,21.86,21.9,77216.58,170116.759
688290.SH,20250819,57.94,60.44,56.0,59.78,62605.5,367579.461
688291.SH,20250819,39.84,41.11,39.11,39.24,76957.44,305145.145
688292.SH,20250819,24.25,24.42,23.71,24.0,55262.22,132934.106
688293.SH,20250819,56.82,58.33,56.0,56.22,12314.13,70590.374
688295.SH,20250819,23.1,23.16,22.5,22.67,42721.88,97140.908
688296.SH,20250819,14.75,15.04,14.55,14.95,21294.57,31700.874
688297.SH,20250819,56.1,56.15,54.91,55.3,98212.39,542655.861
688298.SH,20250819,29.6,30.5,29.43,29.73,58214.46,174250.638
688299.SH,20250819,18.5,18.74,18.18,18.25,110984.26,203763.534
688300.SH,20250819,58.7,59.01,56.61,57.0,46203.07,265498.772
688301.SH,20250819,106.44,115.85,106.17,110.0,57507.03,639066.009
688302.SH,20250819,66.8,68.38,63.5,64.01,45321.93,297711.774
688303.SH,20250819,26.3,26.62,25.99,26.01,130002.08,341427.627
688305.SH,20250819,61.58,61.58,60.1,60.78,28632.07,174071.773
688306.SH,20250819,13.5,13.55,12.52,12.96,742779.28,955002.694
688307.SH,20250819,36.66,36.81,35.69,36.15,22773.26,82381.94
688308.SH,20250819,21.13,21.45,20.69,21.31,27578.33,58143.403
688309.SH,20250819,23.22,23.56,22.81,23.32,16509.56,38238.697
688310.SH,20250819,18.21,18.36,17.87,17.88,35294.04,63729.162
688311.SH,20250819,39.88,40.4,39.28,39.59,42708.02,169941.323
688312.SH,20250819,28.45,29.37,28.01,29.08,32513.23,93896.616
688313.SH,20250819,63.54,67.17,63.27,64.31,427233.96,2774552.518
688314.SH,20250819,40.05,41.0,39.81,39.95,20784.36,83532.682
688315.SH,20250819,16.54,16.83,16.26,16.28,73516.37,121275.592
688316.SH,20250819,77.98,81.42,77.01,78.11,39536.46,311880.754
688317.SH,20250819,24.51,25.05,24.35,24.51,44794.58,110289.663
688318.SH,20250819,149.76,153.79,147.74,150.0,102557.31,1544436.938
688319.SH,20250819,27.69,33.23,27.23,31.21,275614.68,830777.762
688320.SH,20250819,47.5,55.89,46.41,54.02,226554.19,1160663.158
688321.SH,20250819,40.1,41.8,39.0,39.06,322612.66,1295679.618
688322.SH,20250819,80.1,85.5,78.59,82.66,170373.86,1391764.187
688323.SH,20250819,17.25,17.34,16.8,17.01,32682.51,55593.153
688325.SH,20250819,61.9,65.8,60.81,62.81,22392.9,141476.003
688326.SH,20250819,105.1,105.89,102.61,104.48,9766.75,101742.641
688327.SH,20250819,16.63,18.17,16.49,17.5,1005922.92,1744917.393
688328.SH,20250819,26.98,28.04,26.9,27.52,42812.94,117807.652
688329.SH,20250819,22.31,22.6,21.94,22.51,13616.61,30322.718
688330.SH,20250819,27.81,27.96,27.51,27.71,17048.43,47260.35
688331.SH,20250819,81.3,84.48,79.12,80.8,131410.77,1077550.497
688332.SH,20250819,104.6,109.8,103.11,109.0,49593.67,530267.032
688333.SH,20250819,76.97,78.96,75.2,77.0,105771.67,812983.874
688334.SH,20250819,19.19,19.21,18.93,19.0,32457.21,61810.851
688335.SH,20250819,14.6,14.6,14.14,14.49,20925.98,30076.186
688336.SH,20250819,55.99,56.87,53.99,54.1,85924.76,476676.541
688337.SH,20250819,41.86,43.78,41.0,41.79,64939.79,275786.649
688338.SH,20250819,28.09,28.45,27.81,28.19,14143.19,39713.847
688339.SH,20250819,24.66,25.5,24.33,25.11,90368.72,225524.885
688343.SH,20250819,63.0,66.5,62.65,65.5,187204.22,1210597.146
688345.SH,20250819,29.49,29.52,28.8,29.26,10179.37,29740.058
688348.SH,20250819,48.3,49.15,47.85,48.1,22202.21,107281.817
688349.SH,20250819,27.95,27.95,27.35,27.53,27396.78,75615.252
688350.SH,20250819,23.5,24.65,23.15,24.24,37351.95,90276.725
688351.SH,20250819,25.8,27.31,25.0,26.68,125401.71,328395.254
688352.SH,20250819,12.13,12.27,12.04,12.15,130187.41,158535.231
688353.SH,20250819,35.99,37.79,35.35,36.41,68880.11,253163.251
688355.SH,20250819,20.59,20.75,19.97,20.32,23479.11,47556.035
688356.SH,20250819,100.99,104.48,94.99,95.3,23820.48,236157.433
688357.SH,20250819,34.8,34.96,33.6,34.06,19573.36,66711.967
688358.SH,20250819,33.62,34.5,33.41,33.92,23043.51,78070.271
688359.SH,20250819,70.0,70.99,67.8,69.0,33454.51,230787.596
688360.SH,20250819,23.5,23.76,22.88,23.22,97059.58,225479.986
688361.SH,20250819,89.0,89.4,85.71,86.08,48392.87,422558.896
688362.SH,20250819,35.7,36.29,34.9,36.0,133441.21,475718.005
688363.SH,20250819,53.85,54.24,53.53,53.81,33175.63,178692.583
688365.SH,20250819,17.17,17.35,16.9,16.98,105256.59,179840.594
688366.SH,20250819,55.83,58.97,55.69,56.75,25608.77,146820.136
688367.SH,20250819,20.45,20.85,20.11,20.73,19539.64,40049.71
688368.SH,20250819,105.9,107.9,104.2,105.76,26165.52,275871.749
688369.SH,20250819,33.04,33.66,31.93,32.23,86292.47,281863.777
688370.SH,20250819,26.52,27.2,25.82,27.09,41099.09,109268.771
688371.SH,20250819,20.65,20.83,20.11,20.78,70224.8,144019.469
688372.SH,20250819,67.5,69.79,66.69,68.26,78940.18,538257.586
688373.SH,20250819,8.11,8.35,8.0,8.03,154482.7,126040.119
688375.SH,20250819,62.81,63.28,60.51,61.0,34516.3,211514.283
688376.SH,20250819,51.0,51.0,49.16,50.4,25162.45,125500.396
688377.SH,20250819,30.9,32.08,30.68,31.4,21131.29,66137.791
688378.SH,20250819,19.82,19.92,19.49,19.75,58241.89,114695.338
688379.SH,20250819,66.15,67.53,63.0,66.47,73166.87,480001.121
688380.SH,20250819,30.31,30.47,29.8,30.02,82631.38,248736.336
688381.SH,20250819,24.97,29.76,24.9,29.76,329294.55,922490.322
688382.SH,20250819,41.2,43.0,40.59,40.85,152340.09,639073.934
688383.SH,20250819,76.31,77.5,74.54,75.55,21434.39,162198.04
688385.SH,20250819,52.2,53.53,51.75,51.86,124536.95,655488.935
688386.SH,20250819,66.24,69.0,63.5,67.8,29977.61,197383.089
688387.SH,20250819,6.25,6.4,6.2,6.3,347222.39,218981.36
688388.SH,20250819,23.88,24.47,23.32,24.03,244180.55,582080.63
688389.SH,20250819,14.6,14.7,14.47,14.49,60910.05,88747.243
688390.SH,20250819,49.34,49.52,48.26,48.45,83625.98,407722.3
688391.SH,20250819,32.65,33.62,32.44,33.33,20755.41,68612.487
688392.SH,20250819,90.0,91.99,82.24,84.12,59683.07,511945.445
688393.SH,20250819,30.76,32.3,30.6,31.62,47233.67,148774.091
688395.SH,20250819,27.92,27.92,26.29,26.66,48997.87,131026.774
688396.SH,20250819,48.1,48.47,47.82,48.2,97189.12,468144.54
688398.SH,20250819,20.93,20.99,20.5,20.59,33344.37,69023.307
688399.SH,20250819,65.74,65.81,63.46,65.06,22145.71,143214.18
688400.SH,20250819,35.82,36.8,34.98,35.29,304379.94,1086340.054
688401.SH,20250819,45.01,45.01,43.53,44.25,61446.2,272107.558
688403.SH,20250819,14.35,14.9,14.0,14.42,438047.13,632542.943
688408.SH,20250819,52.25,52.6,51.51,51.86,38260.09,199199.365
688409.SH,20250819,61.26,61.76,59.97,60.78,45897.12,279153.446
688410.SH,20250819,17.98,18.45,17.58,17.85,80741.87,144787.358
688411.SH,20250819,108.48,109.5,106.6,107.9,14533.79,156485.514
688416.SH,20250819,43.38,43.38,42.33,42.54,23428.63,99979.154
688418.SH,20250819,30.27,30.65,29.65,29.88,79299.29,237541.747
688419.SH,20250819,30.05,30.1,29.41,29.63,22566.65,67018.365
688420.SH,20250819,26.94,27.13,26.55,26.95,11147.0,29820.97
688425.SH,20250819,5.95,6.1,5.93,6.06,927952.04,558190.495
688426.SH,20250819,24.15,24.87,23.88,24.44,11194.68,27342.357
688428.SH,20250819,33.51,33.6,31.43,31.81,107399.19,347190.633
688429.SH,20250819,15.0,15.3,15.0,15.23,17685.91,26871.81
688432.SH,20250819,12.49,12.49,12.25,12.28,103564.84,127622.187
688433.SH,20250819,42.67,42.96,41.1,41.8,62324.78,261149.433
688435.SH,20250819,36.68,38.15,36.37,37.55,36578.25,136893.057
688439.SH,20250819,61.0,61.28,59.9,60.55,31131.47,188700.308
688443.SH,20250819,34.01,34.78,32.9,33.05,77216.09,260248.663
688448.SH,20250819,61.22,69.16,61.22,65.15,63843.47,416414.248
688449.SH,20250819,47.5,48.03,46.59,47.01,43499.15,204939.301
688450.SH,20250819,30.74,31.23,30.53,31.05,11618.75,35953.351
688455.SH,20250819,15.22,17.85,14.89,16.58,123732.97,201471.634
688456.SH,20250819,46.87,47.96,45.81,47.3,37560.23,175448.535
688458.SH,20250819,44.3,45.98,43.85,45.15,27413.61,122846.078
688459.SH,20250819,10.97,11.09,10.68,10.71,79852.28,86510.752
688466.SH,20250819,22.59,22.75,22.15,22.7,20265.09,45618.706
688468.SH,20250819,8.8,9.04,8.73,8.78,103885.79,92017.744
688469.SH,20250819,5.49,5.49,5.4,5.43,898548.62,489818.183
688472.SH,20250819,9.79,9.79,9.56,9.62,526316.23,507815.021
688475.SH,20250819,34.99,34.99,34.37,34.67,45525.39,157954.756
688478.SH,20250819,38.65,41.99,37.86,41.8,78619.81,316298.897
688479.SH,20250819,20.55,20.96,20.2,20.83,22897.78,47375.089
688480.SH,20250819,41.39,42.74,41.2,41.92,10598.06,44352.126
688484.SH,20250819,47.6,47.7,45.92,45.96,87039.16,404994.106
688485.SH,20250819,13.28,13.53,13.15,13.51,26268.65,35016.807
688486.SH,20250819,72.43,72.43,69.0,69.54,50209.12,352127.267
688488.SH,20250819,17.35,18.45,17.23,17.73,196256.61,349271.296
688489.SH,20250819,42.47,43.88,42.46,42.88,19807.59,85301.048
688496.SH,20250819,10.02,10.33,9.99,10.13,56020.41,56709.422
688498.SH,20250819,277.49,292.02,271.53,275.0,30504.37,854953.622
688499.SH,20250819,62.35,64.18,60.81,62.23,102402.62,641717.38
688500.SH,20250819,74.8,77.68,72.98,74.45,54430.43,408338.198
688501.SH,20250819,30.81,32.16,30.52,31.82,30217.07,95483.31
688502.SH,20250819,384.0,395.0,369.43,377.27,13862.45,527082.433
688503.SH,20250819,52.37,53.25,51.37,52.17,68114.56,356190.689
688505.SH,20250819,10.7,10.94,10.43,10.48,174022.79,186036.06
688506.SH,20250819,318.0,330.02,307.19,313.0,15613.78,497465.029
688507.SH,20250819,102.77,112.99,101.51,107.18,56595.75,603999.999
688508.SH,20250819,62.3,63.06,61.68,61.77,63878.72,397755.064
688509.SH,20250819,4.75,4.87,4.7,4.81,131308.84,63134.799
688510.SH,20250819,26.05,26.09,24.8,25.83,132478.82,335998.811
688511.SH,20250819,23.7,24.11,23.32,23.47,12954.74,30487.286
688512.SH,20250819,12.82,13.03,12.7,12.93,170187.85,218876.28
688513.SH,20250819,63.8,67.51,61.5,65.02,69211.19,446169.989
688515.SH,20250819,101.95,101.95,99.22,99.8,23585.29,236450.874
688516.SH,20250819,41.01,41.19,39.0,39.24,133514.11,530604.297
688517.SH,20250819,15.95,16.03,15.73,16.0,21890.22,34880.185
688518.SH,20250819,23.99,23.99,23.28,23.38,124925.13,293733.271
688519.SH,20250819,64.99,69.17,59.88,66.0,192001.22,1234307.735
688520.SH,20250819,72.99,78.84,71.0,71.4,145494.14,1086755.537
688521.SH,20250819,110.3,134.7,110.3,127.28,286473.57,3593098.92
688522.SH,20250819,46.69,46.88,45.01,45.81,66123.22,302010.697
688523.SH,20250819,25.34,25.48,24.5,24.61,68562.52,169617.802
688525.SH,20250819,67.58,68.13,66.7,67.21,105678.77,712343.198
688526.SH,20250819,17.34,17.88,17.34,17.57,60906.02,107303.078
688528.SH,20250819,11.63,11.85,11.51,11.8,30507.67,35656.663
688529.SH,20250819,22.8,23.3,22.46,23.11,72835.75,166783.151
688530.SH,20250819,18.95,18.95,18.58,18.86,24978.82,46957.072
688531.SH,20250819,61.23,61.88,57.61,58.42,78600.57,466015.898
688533.SH,20250819,28.69,28.91,28.1,28.75,30582.04,87379.264
688535.SH,20250819,92.0,94.36,91.16,91.92,38764.76,357392.692
688536.SH,20250819,143.99,143.99,140.5,142.0,32447.37,462014.588
688538.SH,20250819,2.64,2.66,2.62,2.64,723022.99,190732.515
688539.SH,20250819,35.28,37.24,34.8,35.57,76172.37,271194.088
688543.SH,20250819,56.86,57.99,55.75,57.14,82487.95,470587.81
688545.SH,20250819,34.08,34.1,32.3,32.88,105623.47,348703.615
688548.SH,20250819,11.13,11.22,10.88,10.99,244799.27,270094.675
688549.SH,20250819,8.79,8.79,8.56,8.61,230265.22,198777.029
688550.SH,20250819,44.6,44.6,43.4,43.73,40310.09,177003.009
688551.SH,20250819,43.0,44.75,42.35,43.37,41696.76,180595.16
688552.SH,20250819,40.01,40.01,38.41,39.18,85917.03,335014.448
688553.SH,20250819,25.5,26.59,25.41,25.52,130604.87,336985.84
688556.SH,20250819,11.88,13.15,11.88,13.03,716071.57,895008.703
688557.SH,20250819,38.56,41.13,36.88,39.76,58734.32,229383.826
688558.SH,20250819,29.11,29.46,28.64,29.05,21190.75,61440.853
688559.SH,20250819,31.45,31.46,30.58,30.66,127219.93,393662.998
688560.SH,20250819,15.41,15.54,15.13,15.4,34933.85,53612.96
688561.SH,20250819,35.1,35.47,34.68,34.72,75419.03,264192.828
688562.SH,20250819,19.07,19.16,18.58,18.66,70926.4,133021.184
688563.SH,20250819,57.09,57.28,56.49,56.7,23413.05,132978.077
688565.SH,20250819,11.45,11.62,11.08,11.38,45403.72,51579.168
688566.SH,20250819,36.75,38.62,35.91,37.52,61083.59,227895.111
688567.SH,20250819,17.93,18.74,17.6,18.19,342688.67,622401.911
688568.SH,20250819,39.51,39.85,39.02,39.41,121816.41,480846.42
688569.SH,20250819,23.1,23.4,23.02,23.09,17489.06,40470.079
688570.SH,20250819,22.21,22.32,21.83,21.99,34731.76,76444.926
688571.SH,20250819,9.05,9.1,8.89,8.97,59312.72,53174.854
688573.SH,20250819,32.26,32.45,31.0,31.49,82967.44,261114.496
688575.SH,20250819,15.54,15.63,15.36,15.39,92272.82,142924.923
688576.SH,20250819,71.15,72.26,71.02,71.6,5424.71,38802.277
688577.SH,20250819,65.9,66.94,64.75,66.4,17669.93,116114.146
688578.SH,20250819,91.51,92.88,89.91,89.99,47412.41,431796.199
688579.SH,20250819,13.58,13.58,12.8,12.94,257851.06,338331.511
688580.SH,20250819,55.23,59.5,55.01,57.5,41468.46,238876.098
688581.SH,20250819,85.69,86.4,81.5,82.9,20946.15,174728.666
688582.SH,20250819,85.06,85.06,78.8,79.65,202846.52,1645596.569
688583.SH,20250819,98.88,98.88,95.3,97.85,14835.15,143507.871
688584.SH,20250819,26.7,26.83,25.2,25.21,229233.73,593842.68
688585.SH,20250819,93.0,93.0,85.58,85.65,187244.45,1662382.859
688586.SH,20250819,12.68,12.68,12.36,12.42,125766.22,156658.532
688588.SH,20250819,17.5,18.18,17.48,17.81,222887.15,396952.308
688589.SH,20250819,24.48,24.68,24.26,24.59,32873.77,80553.013
688590.SH,20250819,26.51,26.87,25.58,25.8,181121.24,474683.273
688591.SH,20250819,54.0,54.0,50.0,50.68,200490.26,1026760.338
688592.SH,20250819,44.11,44.53,43.4,44.0,18654.08,81952.492
688593.SH,20250819,18.5,18.94,18.3,18.65,113851.64,211701.867
688595.SH,20250819,40.48,42.55,40.07,41.6,74789.68,309036.323
688596.SH,20250819,38.92,39.1,38.23,38.47,101678.91,392153.328
688597.SH,20250819,8.59,8.65,8.47,8.5,50773.01,43305.852
688598.SH,20250819,26.97,28.57,26.83,28.3,120321.5,334239.013
688599.SH,20250819,16.28,16.36,16.09,16.16,218058.85,353595.25
688600.SH,20250819,23.6,24.37,23.39,23.8,36275.93,86465.995
688601.SH,20250819,44.5,44.5,43.65,44.08,39997.17,176139.785
688602.SH,20250819,9.46,9.59,9.31,9.42,124804.74,117463.518
688603.SH,20250819,95.77,106.45,93.0,94.11,83891.16,828403.657
688605.SH,20250819,63.44,63.87,62.51,62.92,27968.27,176406.053
688606.SH,20250819,74.55,75.77,74.3,74.65,5153.9,38641.345
688607.SH,20250819,29.87,30.22,29.41,29.55,35042.32,104175.126
688608.SH,20250819,255.0,267.7,254.0,259.99,61108.72,1606223.907
688609.SH,20250819,11.51,12.29,11.51,11.86,450051.71,540104.268
688610.SH,20250819,52.01,52.69,51.6,51.95,7929.55,41224.133
688611.SH,20250819,40.35,40.49,39.01,40.07,23740.6,94531.757
688612.SH,20250819,33.55,34.5,32.8,33.88,59586.55,199949.877
688613.SH,20250819,22.13,22.13,21.48,21.55,50382.32,109622.837
688615.SH,20250819,176.04,176.58,172.85,173.1,15132.71,263771.205
688616.SH,20250819,14.01,14.16,13.93,14.08,18691.7,26237.597
688617.SH,20250819,289.19,291.2,286.21,286.8,10160.33,292975.141
688618.SH,20250819,26.83,27.21,26.67,26.9,15261.79,41038.7
688619.SH,20250819,17.15,18.78,17.13,18.0,96374.34,172596.486
688620.SH,20250819,13.52,13.75,13.31,13.68,163856.61,222487.572
688621.SH,20250819,81.75,86.5,77.6,82.41,61651.83,503735.262
688622.SH,20250819,116.0,117.5,111.6,111.73,11785.72,133751.919
688623.SH,20250819,70.56,71.4,69.9,70.58,5527.42,38986.904
688625.SH,20250819,34.2,34.4,33.64,34.09,25949.12,88164.749
688626.SH,20250819,61.58,63.6,60.9,61.96,53334.66,332226.902
688627.SH,20250819,95.5,96.1,92.56,93.12,23547.73,220774.913
688628.SH,20250819,36.96,37.2,36.34,36.67,15203.01,55672.094
688629.SH,20250819,62.87,66.93,62.16,64.58,216994.42,1399375.298
688630.SH,20250819,135.33,137.33,126.4,128.9,97435.76,1264884.209
688631.SH,20250819,100.0,100.99,98.41,98.45,34891.7,347349.319
688633.SH,20250819,27.74,27.98,26.87,27.58,18116.61,49800.556
688636.SH,20250819,38.01,38.83,37.33,37.5,69668.24,263872.758
688638.SH,20250819,40.29,40.36,39.4,39.97,6889.06,27470.772
688639.SH,20250819,36.06,36.6,35.86,36.06,44882.22,162812.825
688646.SH,20250819,31.48,31.51,30.74,31.07,17950.49,55809.991
688648.SH,20250819,73.0,81.83,70.0,77.0,101347.19,765262.027
688651.SH,20250819,37.26,37.68,36.73,36.98,24306.12,90198.077
688652.SH,20250819,64.75,65.0,62.96,63.09,27076.12,172464.246
688653.SH,20250819,13.77,13.83,13.54,13.73,104498.28,142990.915
688655.SH,20250819,27.62,27.77,26.33,27.29,63893.32,172468.853
688656.SH,20250819,115.49,118.28,114.08,114.95,10805.12,125073.579
688657.SH,20250819,51.87,52.97,51.13,52.26,22450.99,116782.735
688658.SH,20250819,34.35,35.57,33.0,33.28,69985.64,241054.348
688659.SH,20250819,10.83,10.94,10.69,10.81,55349.71,59882.016
688660.SH,20250819,18.13,18.43,17.58,18.06,536690.78,968512.598
688661.SH,20250819,48.06,48.36,46.08,47.05,80170.53,377969.566
688662.SH,20250819,49.0,52.49,49.0,50.74,61279.72,311214.704
688663.SH,20250819,33.95,34.57,33.12,33.33,32856.81,110362.589
688665.SH,20250819,62.39,62.39,59.12,59.7,33773.73,204079.154
688667.SH,20250819,69.0,69.17,66.7,68.1,13389.15,90711.241
688668.SH,20250819,117.0,122.88,110.51,112.67,79052.72,909540.021
688669.SH,20250819,26.22,26.93,25.88,26.92,40944.16,108642.789
688670.SH,20250819,16.28,17.74,16.28,17.05,27230.66,46328.289
688671.SH,20250819,23.39,23.98,23.18,23.79,11926.49,28145.926
688676.SH,20250819,54.67,56.23,53.36,54.58,210151.89,1147446.268
688677.SH,20250819,46.13,46.87,45.3,45.46,28869.53,132618.741
688678.SH,20250819,28.01,28.71,25.92,28.32,278585.64,765192.514
688679.SH,20250819,17.89,20.79,17.46,20.79,83029.2,158760.344
688680.SH,20250819,47.6,49.8,47.48,48.77,33223.76,161614.428
688681.SH,20250819,16.62,16.88,16.43,16.81,15834.1,26417.978
688682.SH,20250819,35.6,36.97,35.12,36.29,24041.38,87238.417
688683.SH,20250819,32.9,33.98,32.07,33.15,28105.79,92399.58
688685.SH,20250819,56.45,56.95,55.3,55.58,31939.52,178775.185
688686.SH,20250819,112.88,115.2,111.77,113.33,11196.35,127175.53
688687.SH,20250819,36.81,40.19,36.61,38.59,134597.98,524485.642
688689.SH,20250819,26.84,26.86,26.26,26.68,19645.87,52222.216
688690.SH,20250819,27.55,28.2,27.22,27.37,73621.67,203559.676
688691.SH,20250819,72.0,83.13,69.0,77.6,129795.44,983476.874
688692.SH,20250819,250.0,251.82,245.5,248.8,13223.42,327971.557
688693.SH,20250819,38.65,38.65,37.58,38.1,24754.46,94004.38
688695.SH,20250819,33.11,33.65,32.55,33.31,20359.35,67441.497
688696.SH,20250819,116.35,118.74,113.96,114.68,22437.36,258863.861
688697.SH,20250819,15.6,15.86,15.34,15.72,85388.99,133396.09
688698.SH,20250819,55.0,57.99,52.76,57.0,125584.92,691221.758
688699.SH,20250819,39.15,40.18,38.7,39.62,25574.06,100792.215
688700.SH,20250819,48.95,49.96,47.4,47.83,106149.89,514563.858
688701.SH,20250819,9.66,9.78,9.53,9.71,27454.13,26579.487
688702.SH,20250819,94.02,99.97,90.01,92.5,79070.43,743737.765
688707.SH,20250819,15.39,15.68,14.98,15.54,135174.88,207398.846
688708.SH,20250819,76.0,76.3,73.6,75.11,18710.11,139713.77
688709.SH,20250819,34.69,36.4,33.99,35.81,105853.21,370792.1
688710.SH,20250819,43.9,44.79,42.53,42.53,21757.6,94644.442
688711.SH,20250819,29.08,30.83,28.33,28.39,187120.89,554123.357
688716.SH,20250819,55.0,56.68,53.78,53.82,149107.96,822115.496
688717.SH,20250819,71.76,74.5,68.21,69.28,62740.87,440049.069
688718.SH,20250819,15.46,15.66,15.25,15.53,21543.48,33270.801
688719.SH,20250819,42.25,42.33,40.81,40.98,21746.61,89734.754
688720.SH,20250819,50.0,50.82,48.5,50.6,63079.73,312773.536
688721.SH,20250819,56.48,56.48,54.8,55.44,51625.43,286622.102
688722.SH,20250819,23.39,23.49,22.66,23.02,91301.59,209871.993
688726.SH,20250819,48.87,49.0,47.66,47.98,23620.13,113724.994
688728.SH,20250819,16.14,16.34,15.94,16.17,129131.35,208725.937
688729.SH,20250819,27.9,28.85,27.2,27.73,528370.26,1469687.424
688733.SH,20250819,30.75,31.0,28.8,29.36,226901.8,672687.486
688737.SH,20250819,26.6,26.6,25.41,26.1,46370.46,120207.235
688739.SH,20250819,29.0,29.22,28.93,29.0,29923.38,86890.802
688750.SH,20250819,25.02,25.08,24.01,24.33,114249.26,279808.139
688755.SH,20250819,51.8,52.1,50.28,50.74,19796.22,100765.18
688757.SH,20250819,32.01,33.83,31.58,31.85,52261.73,169655.058
688758.SH,20250819,19.6,20.18,19.3,19.69,47932.28,94657.083
688766.SH,20250819,73.17,74.0,71.85,72.29,51362.14,373572.402
688767.SH,20250819,45.8,48.96,44.9,45.0,86442.19,405376.545
688768.SH,20250819,55.17,55.49,53.83,54.4,17979.58,98040.856
688772.SH,20250819,16.87,17.09,16.59,16.98,299643.97,504993.872
688775.SH,20250819,313.07,318.88,276.3,300.0,143798.47,4288209.901
688776.SH,20250819,88.32,88.32,86.02,86.1,22986.09,199507.833
688777.SH,20250819,49.22,50.18,48.51,49.27,180316.33,886586.91
688778.SH,20250819,56.95,58.87,56.48,56.77,103388.8,593790.71
688779.SH,20250819,5.96,6.04,5.93,6.01,257568.76,154275.914
688786.SH,20250819,27.3,27.38,26.72,27.2,27541.26,74393.986
688787.SH,20250819,129.87,138.0,127.5,132.29,47363.11,631777.146
688788.SH,20250819,93.78,94.49,87.0,89.05,65156.84,586610.16
688789.SH,20250819,75.27,77.28,74.85,74.99,24341.96,184693.613
688793.SH,20250819,35.44,35.44,34.5,34.95,20886.02,72996.845
688798.SH,20250819,78.58,83.36,78.11,81.4,63466.8,511881.968
688799.SH,20250819,52.02,53.5,51.0,51.4,46022.99,239188.624
688800.SH,20250819,76.43,85.0,73.31,80.66,251095.13,1988089.378
688819.SH,20250819,28.97,29.08,28.55,28.75,26528.77,76298.978
688981.SH,20250819,91.67,92.48,89.35,89.35,744652.14,6762914.098
920779.BJ,20250819,43.78,45.29,43.72,44.44,27760.13,123764.906
920809.BJ,20250819,5.93,6.06,5.86,5.88,305486.17,182035.3
920832.BJ,20250819,8.8,8.98,8.79,8.79,54440.29,48406.237
920839.BJ,20250819,35.5,44.4,35.5,39.8,113133.73,449096.472
920879.BJ,20250819,29.31,30.48,28.7,29.7,83036.29,245368.998
920896.BJ,20250819,20.75,21.0,20.19,20.34,38282.33,78927.164
920946.BJ,20250819,12.7,13.55,12.59,12.81,177714.63,232934.399
920964.BJ,20250819,8.61,8.72,8.5,8.58,87654.07,75535.106
920974.BJ,20250819,9.08,9.43,9.08,9.2,54784.55,50878.707
920010.BJ,20250819,13.97,15.25,13.73,15.05,234517.93,342093.115
920039.BJ,20250819,16.58,16.99,16.32,16.36,86612.93,144017.153
920087.BJ,20250819,18.32,18.63,18.14,18.45,71086.45,130727.428
920152.BJ,20250819,21.0,21.35,20.87,21.01,20743.72,43812.326
920267.BJ,20250819,30.4,31.59,30.31,30.33,36622.85,113142.389
920375.BJ,20250819,17.43,17.98,17.31,17.33,59572.04,105122.253
920195.BJ,20250819,20.2,24.26,20.2,21.61,103181.65,228497.991
920378.BJ,20250819,12.65,13.1,12.45,12.55,54974.57,70011.231
920304.BJ,20250819,14.44,14.85,14.43,14.53,48294.56,70791.668
920405.BJ,20250819,22.2,22.99,22.13,22.2,46743.11,105290.86
920370.BJ,20250819,5.1,5.22,5.02,5.04,181745.46,93044.236
920496.BJ,20250819,11.85,12.03,11.7,11.7,85017.08,100846.072
920526.BJ,20250819,33.76,33.76,32.4,32.45,43724.28,144322.279
920627.BJ,20250819,27.5,28.1,27.29,27.5,32299.76,89700.939
920641.BJ,20250819,20.13,24.46,20.13,22.16,120479.72,280772.568
920689.BJ,20250819,46.35,46.35,44.01,44.31,55482.17,248736.597
920726.BJ,20250819,20.55,21.99,20.45,21.51,57092.57,122075.241
920768.BJ,20250819,11.9,12.71,11.88,12.47,87310.76,108191.631
920932.BJ,20250819,23.25,23.97,23.11,23.29,59271.44,139486.428
920834.BJ,20250819,15.5,16.15,14.87,14.99,68918.11,106926.881
920855.BJ,20250819,21.39,22.2,21.37,21.38,30851.51,67124.204
920856.BJ,20250819,21.45,22.15,21.23,21.86,43377.35,94787.138
920906.BJ,20250819,24.25,25.46,24.03,24.38,27016.41,66721.145
920961.BJ,20250819,24.88,26.27,24.11,24.2,155706.38,391681.159
920000.BJ,20250819,21.49,21.78,21.21,21.28,25822.87,55634.053
920023.BJ,20250819,4.68,4.83,4.67,4.7,202187.94,96051.898
920089.BJ,20250819,18.12,18.66,17.87,18.24,81736.59,149620.23
920110.BJ,20250819,40.83,42.85,40.5,40.98,18759.77,77699.289
920145.BJ,20250819,21.45,22.55,21.21,22.12,18013.01,39740.317
920249.BJ,20250819,16.39,18.44,16.36,16.82,310951.85,534710.974
920171.BJ,20250819,31.53,32.3,30.91,30.93,58836.05,185631.8
920175.BJ,20250819,13.04,13.33,12.95,12.97,46732.62,61421.241
920225.BJ,20250819,29.8,29.81,28.16,28.59,163922.48,473260.656
920278.BJ,20250819,11.71,12.26,11.61,11.87,84074.71,100765.559
920419.BJ,20250819,22.77,23.79,22.77,23.47,53261.52,124386.799
920469.BJ,20250819,17.49,19.96,17.1,18.44,237343.04,438040.886
920471.BJ,20250819,15.88,16.24,15.74,15.83,26055.83,41805.286
920491.BJ,20250819,34.2,35.5,32.5,32.84,153407.1,515055.929
920522.BJ,20250819,57.0,62.6,56.73,61.05,80899.31,485636.455
920566.BJ,20250819,14.24,14.86,14.21,14.32,102092.45,148310.46
920651.BJ,20250819,33.39,34.98,33.02,34.19,16694.58,56970.528
920662.BJ,20250819,45.27,47.6,44.0,45.79,98626.34,447325.317
920735.BJ,20250819,39.8,43.99,39.57,41.03,88455.69,371044.83
920786.BJ,20250819,11.1,11.66,11.09,11.19,258324.4,292157.528
920802.BJ,20250819,20.1,21.89,19.89,20.0,54136.55,111685.008
920876.BJ,20250819,34.5,41.2,34.2,36.72,103088.81,385874.516
920885.BJ,20250819,26.5,27.9,25.81,26.06,147378.12,394541.829
920978.BJ,20250819,26.55,28.55,26.31,28.1,116375.56,319202.809
920982.BJ,20250819,307.92,320.61,306.62,314.96,14381.96,453487.736
920130.BJ,20250819,31.72,33.85,31.35,31.78,55107.46,179089.429
920075.BJ,20250819,32.79,33.39,32.47,32.93,22483.79,74220.094
920571.BJ,20250819,11.28,11.58,11.22,11.27,240201.37,272683.822
920230.BJ,20250819,17.0,18.15,16.98,17.35,38820.86,68445.012
920266.BJ,20250819,11.6,12.22,11.56,11.9,94018.94,112584.628
920284.BJ,20250819,26.85,28.49,26.5,27.55,97051.92,267435.79
920346.BJ,20250819,30.5,30.93,30.08,30.24,36262.27,110572.267
920394.BJ,20250819,44.96,51.07,44.96,48.01,78597.79,378522.533
920427.BJ,20250819,17.27,17.99,16.9,16.97,70941.06,123105.027
920429.BJ,20250819,21.86,22.11,21.49,21.58,57597.71,125443.551
920454.BJ,20250819,21.55,22.47,21.23,21.88,82081.26,179490.983
920455.BJ,20250819,10.57,10.74,10.49,10.66,24790.36,26395.687
920509.BJ,20250819,29.56,30.68,28.5,28.68,98925.33,288590.9
920523.BJ,20250819,26.02,26.5,25.96,26.1,34651.19,91025.317
920533.BJ,20250819,35.65,37.8,35.3,36.91,90739.49,333026.035
920575.BJ,20250819,17.35,18.32,17.25,17.63,75620.02,134907.35
920580.BJ,20250819,14.97,15.41,14.88,15.04,65092.19,98737.87
920751.BJ,20250819,22.03,22.55,21.61,21.92,38669.24,85577.392
920781.BJ,20250819,11.88,12.37,11.87,12.15,79785.73,97073.744
920873.BJ,20250819,8.49,8.75,8.39,8.42,104239.96,89267.684
920914.BJ,20250819,42.33,42.33,40.05,40.33,62533.32,256001.723
920943.BJ,20250819,29.47,30.47,28.89,29.08,42335.03,126459.142
920014.BJ,20250819,14.06,14.36,14.05,14.06,19669.93,27981.214
920021.BJ,20250819,8.0,8.65,7.75,8.06,580952.38,472668.051
920033.BJ,20250819,20.18,20.5,20.0,20.03,17692.46,35873.206
920058.BJ,20250819,35.64,36.28,35.31,35.64,13789.53,49471.66
920062.BJ,20250819,12.7,13.5,12.02,12.02,284884.23,362068.475
920261.BJ,20250819,16.58,16.86,16.11,16.37,49548.9,81673.188
920407.BJ,20250819,19.46,20.8,19.26,19.78,36537.02,73325.527
920415.BJ,20250819,16.76,17.12,16.65,16.72,58325.15,98524.849
920475.BJ,20250819,23.19,23.74,22.77,23.27,39634.23,92226.267
920599.BJ,20250819,24.19,25.4,24.15,24.83,123576.86,306246.525
920639.BJ,20250819,9.27,9.45,9.25,9.29,72948.8,68317.41
920765.BJ,20250819,17.81,18.16,17.56,17.65,33684.96,60290.542
920770.BJ,20250819,20.75,20.75,19.87,19.93,79377.44,160383.363
920950.BJ,20250819,24.55,24.78,23.9,24.0,25683.93,62589.387
920174.BJ,20250819,64.98,70.7,64.6,67.13,90945.45,612511.186
920179.BJ,20250819,39.41,40.77,38.5,39.88,82666.99,327015.667
920184.BJ,20250819,28.79,29.84,27.89,27.96,179678.16,516943.245
920185.BJ,20250819,22.8,23.3,22.72,22.9,133514.51,307301.602
920207.BJ,20250819,31.1,33.02,31.0,31.23,78432.18,251340.851
920237.BJ,20250819,24.0,24.16,23.51,23.95,26422.64,63058.059
920305.BJ,20250819,16.97,16.98,16.29,16.36,46115.2,75836.981
920368.BJ,20250819,29.9,32.3,29.6,30.26,130693.13,403531.013
920438.BJ,20250819,50.66,58.88,48.31,51.61,218535.23,1151953.557
920508.BJ,20250819,30.16,30.48,29.79,29.84,19856.07,59983.309
920579.BJ,20250819,31.3,32.71,30.57,31.85,72437.22,229270.964
920640.BJ,20250819,28.87,29.6,28.54,28.68,97954.65,284313.877
920670.BJ,20250819,15.08,15.68,14.96,15.25,61040.55,93896.658
920057.BJ,20250819,7.92,8.08,7.85,7.85,84098.62,67037.552
920992.BJ,20250819,22.67,23.72,22.41,23.0,56947.94,131847.253
920985.BJ,20250819,10.4,10.52,10.24,10.28,76843.71,79666.669
920077.BJ,20250819,14.7,14.97,14.52,14.6,114720.38,169419.278
920149.BJ,20250819,16.19,16.61,16.07,16.07,40120.4,65738.079
920208.BJ,20250819,29.22,30.68,28.95,29.08,56684.49,168534.259
920221.BJ,20250819,21.8,23.32,21.62,22.82,76214.07,171573.475
920239.BJ,20250819,35.93,37.88,35.9,36.52,81444.4,299005.244
920247.BJ,20250819,37.03,40.02,36.0,37.3,168951.05,640724.251
920260.BJ,20250819,14.63,15.25,14.55,14.89,41100.19,61556.875
920263.BJ,20250819,16.2,16.98,16.03,16.19,82093.3,134947.804
920270.BJ,20250819,18.05,18.5,17.81,17.95,29121.8,52885.727
920395.BJ,20250819,15.12,15.5,15.01,15.33,55673.79,85288.021
920414.BJ,20250819,15.64,16.15,15.4,15.47,43763.9,69076.463
920519.BJ,20250819,15.01,15.31,14.84,15.01,33954.37,51429.274
920422.BJ,20250819,14.45,15.0,14.36,14.49,38569.79,56934.991
920433.BJ,20250819,7.82,8.15,7.8,7.84,110165.75,87644.379
920504.BJ,20250819,29.21,37.42,29.21,34.03,75055.42,261669.573
920547.BJ,20250819,26.34,27.4,26.3,26.89,28592.15,77277.323
920675.BJ,20250819,12.92,13.12,12.77,12.77,30532.41,39492.5
920699.BJ,20250819,65.12,71.88,57.35,58.57,65397.82,424690.572
920717.BJ,20250819,13.1,13.45,12.96,13.08,22444.43,29668.991
920720.BJ,20250819,15.8,16.7,15.68,15.9,126548.78,203087.2
920807.BJ,20250819,22.49,23.58,21.3,21.46,283789.65,635988.898
920826.BJ,20250819,12.62,13.05,12.55,12.75,74357.64,95421.745
920871.BJ,20250819,17.8,18.23,17.66,17.88,26971.38,48593.003
920892.BJ,20250819,18.93,19.34,18.71,18.96,29218.82,55568.688
920942.BJ,20250819,50.05,52.4,49.79,50.0,64193.19,326993.123
920957.BJ,20250819,15.94,16.3,15.66,16.1,17257.47,27704.825
920061.BJ,20250819,40.88,42.97,40.8,41.4,42894.12,179670.004
920006.BJ,20250819,34.99,35.28,34.39,34.77,41905.48,146394.945
920123.BJ,20250819,18.98,19.36,18.81,19.1,41374.71,79116.25
920046.BJ,20250819,16.54,16.93,16.33,16.43,48812.37,81382.352
920092.BJ,20250819,44.96,49.77,44.88,45.84,42629.51,202400.166
920274.BJ,20250819,18.2,18.8,18.0,18.18,30755.31,56761.647
920212.BJ,20250819,18.2,18.55,18.01,18.07,37355.61,68349.821
920242.BJ,20250819,39.72,44.46,39.06,41.36,50341.98,212372.811
920344.BJ,20250819,30.95,35.17,30.72,32.65,75057.78,249615.006
920403.BJ,20250819,24.64,25.25,24.36,25.15,33742.82,84242.926
920592.BJ,20250819,54.6,56.17,53.63,53.75,44299.97,242502.66
920663.BJ,20250819,25.41,26.38,24.53,25.26,72511.51,184491.262
920748.BJ,20250819,64.98,68.88,62.99,67.1,51516.18,340231.593
920821.BJ,20250819,33.98,35.88,33.28,33.31,72161.91,247618.83
920030.BJ,20250819,7.57,7.78,7.56,7.65,59619.18,45938.28
920163.BJ,20250819,18.4,18.73,18.27,18.38,30058.21,55610.347
920271.BJ,20250819,19.88,20.18,19.0,19.3,53520.35,104029.277
920227.BJ,20250819,73.19,74.49,71.71,72.1,13297.04,97401.104
920262.BJ,20250819,27.35,28.18,27.29,27.55,27720.09,76699.416
920275.BJ,20250819,10.12,10.5,10.1,10.17,42388.03,43709.599
920402.BJ,20250819,14.01,15.89,13.51,13.65,347975.4,507221.516
920870.BJ,20250819,19.49,19.6,18.95,19.15,47013.61,90624.624
920701.BJ,20250819,20.64,21.28,20.55,20.67,37483.43,78402.895
920810.BJ,20250819,16.68,17.25,16.5,17.19,69606.11,117597.124
920837.BJ,20250819,18.21,19.4,17.61,17.62,85610.45,157178.66
920924.BJ,20250819,29.45,30.2,29.15,29.27,56475.09,167595.527
920971.BJ,20250819,39.07,39.65,38.38,38.63,54682.08,213258.852
920273.BJ,20250819,38.7,42.9,38.7,40.47,76056.91,310877.565
920371.BJ,20250819,11.15,11.3,10.96,11.03,61780.33,68836.486
920493.BJ,20250819,178.0,185.58,172.45,172.54,52805.29,940705.511
920680.BJ,20250819,8.72,8.72,8.34,8.41,71374.07,60390.657
920719.BJ,20250819,16.83,17.85,16.75,17.27,102946.01,179023.254
920725.BJ,20250819,29.74,30.28,29.6,29.81,29404.37,87909.5
920729.BJ,20250819,10.25,12.5,10.19,10.88,173980.39,194760.675
920790.BJ,20250819,55.13,55.66,52.78,52.82,60333.24,325374.046
920792.BJ,20250819,13.84,14.3,13.58,14.09,74164.02,103607.56
920146.BJ,20250819,10.3,10.48,10.16,10.16,85786.61,88635.553
920199.BJ,20250819,46.91,50.0,45.72,46.1,63247.27,303300.109
920204.BJ,20250819,23.3,23.65,23.11,23.15,32372.64,75639.098
920299.BJ,20250819,20.29,20.95,20.29,20.57,32765.81,67700.727
920357.BJ,20250819,27.31,27.92,26.93,27.16,32833.33,89714.373
920436.BJ,20250819,20.67,21.44,20.67,20.96,28092.21,59143.899
920608.BJ,20250819,22.56,23.69,22.28,23.16,19337.6,44697.918
920656.BJ,20250819,18.89,19.74,18.82,19.15,28700.34,55321.725
920926.BJ,20250819,17.43,18.38,17.2,18.06,43364.73,78069.38
920866.BJ,20250819,10.1,10.24,10.04,10.06,44765.84,45432.877
920976.BJ,20250819,27.9,28.81,27.8,28.0,32148.02,90976.547
920245.BJ,20250819,33.29,35.75,33.0,35.51,44201.33,153300.965
920363.BJ,20250819,22.69,22.99,22.43,22.59,37403.35,85145.726
920396.BJ,20250819,37.0,37.6,36.12,36.39,36940.68,135491.833
920578.BJ,20250819,29.6,35.29,29.05,32.22,74959.43,240044.408
920553.BJ,20250819,10.14,10.29,10.1,10.19,32754.31,33446.439
920634.BJ,20250819,28.59,29.28,28.43,28.73,26811.54,77540.555
920642.BJ,20250819,20.0,20.07,19.39,19.48,79497.8,156972.767
920694.BJ,20250819,23.81,24.5,23.4,23.42,57858.05,137983.993
920753.BJ,20250819,29.14,30.46,29.0,29.18,31274.35,92405.218
920857.BJ,20250819,19.99,20.55,19.44,20.02,17000.0,34339.223
920970.BJ,20250819,10.06,10.45,10.02,10.23,59407.81,61018.03
920981.BJ,20250819,50.0,54.94,44.7,46.71,153100.81,751733.366
920190.BJ,20250819,34.98,35.88,33.53,33.53,74867.87,259422.994
920351.BJ,20250819,29.63,30.66,29.46,29.5,33382.3,100405.708
920374.BJ,20250819,33.07,34.0,32.88,33.07,24823.46,83077.301
920392.BJ,20250819,36.0,36.5,34.94,35.6,14092.69,50082.43
920541.BJ,20250819,17.85,18.22,17.63,17.7,78594.5,140306.246
920808.BJ,20250819,100.0,106.0,90.09,91.21,147972.78,1424438.197
920895.BJ,20250819,30.58,31.83,30.32,31.83,18456.44,57914.894
920925.BJ,20250819,25.6,31.98,25.37,30.18,54734.03,153546.35
920931.BJ,20250819,18.98,19.87,18.81,19.48,27195.16,52700.384
920953.BJ,20250819,42.8,45.86,40.73,40.78,107263.29,462355.28
920001.BJ,20250819,26.29,26.86,25.57,25.78,78230.08,205344.151
920122.BJ,20250819,45.27,45.3,44.43,44.43,17261.71,77469.842
920132.BJ,20250819,24.5,24.97,23.54,24.49,17284.41,42043.287
920252.BJ,20250819,20.39,20.89,20.2,20.63,55104.08,113713.457
920367.BJ,20250819,26.31,27.7,26.31,26.51,42427.53,114623.705
920169.BJ,20250819,38.83,39.28,38.16,38.55,48185.59,186835.418
920223.BJ,20250819,13.7,14.9,13.02,14.3,173872.35,238162.149
920505.BJ,20250819,66.45,70.83,65.7,67.3,41812.07,285027.377
920339.BJ,20250819,10.66,10.97,10.63,10.73,41940.53,45207.95
920527.BJ,20250819,21.22,22.05,21.14,21.72,34545.65,75137.732
920570.BJ,20250819,46.7,47.9,45.0,45.66,35235.14,163198.719
920576.BJ,20250819,33.77,33.98,33.18,33.4,27463.53,92147.938
920593.BJ,20250819,41.9,50.0,41.7,46.3,187814.32,849427.836
920665.BJ,20250819,15.66,15.88,15.37,15.5,30859.21,48252.417
920679.BJ,20250819,22.8,25.98,22.54,23.33,33106.87,79603.76
920690.BJ,20250819,28.52,29.15,28.1,28.75,28167.96,80721.307
920693.BJ,20250819,57.5,58.68,54.42,54.5,51446.97,287257.472
920703.BJ,20250819,17.98,18.0,17.4,17.43,46727.29,82908.942
920706.BJ,20250819,29.25,30.8,28.54,28.77,85830.59,252842.117
920026.BJ,20250819,42.92,46.2,41.18,43.31,78469.32,336967.608
920806.BJ,20250819,16.57,16.96,16.28,16.36,124921.39,208353.467
920833.BJ,20250819,22.56,23.5,21.91,21.95,65453.8,148745.939
920002.BJ,20250819,133.0,139.5,130.0,135.18,39873.5,537419.872
920005.BJ,20250819,53.25,54.93,52.81,52.93,38939.2,209225.295
920007.BJ,20250819,77.25,79.3,77.11,77.28,15114.88,117993.826
920008.BJ,20250819,39.61,40.18,39.18,39.59,39990.58,158971.5
920016.BJ,20250819,25.5,25.85,25.13,25.36,21266.6,54225.552
920019.BJ,20250819,24.4,24.94,24.36,24.7,40947.24,100900.134
920027.BJ,20250819,31.7,32.67,31.43,31.81,45913.33,146562.422
920029.BJ,20250819,95.8,104.44,95.8,100.19,41423.24,419214.786
920037.BJ,20250819,97.0,108.97,97.0,104.45,44866.64,463058.176
920060.BJ,20250819,41.1,42.8,38.9,39.0,138647.97,564624.957
920066.BJ,20250819,33.1,33.68,32.77,33.13,18676.78,62248.707
920068.BJ,20250819,22.0,22.68,21.23,21.3,136809.12,299559.927
920082.BJ,20250819,22.86,23.42,22.67,23.0,61394.0,141599.384
920088.BJ,20250819,40.3,40.5,39.66,39.8,40769.67,163159.455
920098.BJ,20250819,36.0,37.39,35.92,36.84,35106.77,128479.536
920099.BJ,20250819,32.6,33.32,32.56,33.0,26584.57,87730.063
920101.BJ,20250819,56.89,60.3,55.21,56.05,82205.98,472299.041
920106.BJ,20250819,105.48,107.45,101.0,102.19,40148.47,415777.964
920108.BJ,20250819,17.78,18.1,17.65,17.7,50362.79,90072.16
920111.BJ,20250819,28.66,29.49,28.65,29.05,44970.03,131035.55
920116.BJ,20250819,71.73,73.9,71.33,71.7,38556.05,280217.319
920118.BJ,20250819,28.06,28.83,28.06,28.3,10950.44,31151.208
920128.BJ,20250819,35.65,39.66,35.65,37.2,53529.97,201505.545
920167.BJ,20250819,20.7,20.98,20.3,20.4,28301.4,58535.12
920445.BJ,20250819,11.55,12.05,11.47,11.63,62250.63,73069.777
920489.BJ,20250819,23.78,24.37,23.6,23.85,88278.52,212000.763
920682.BJ,20250819,10.86,11.2,10.77,10.79,145020.58,159151.132
920799.BJ,20250819,63.0,64.98,61.66,61.92,120211.7,760420.295
920819.BJ,20250819,4.42,4.57,4.38,4.39,319694.99,143015.288
