ts_code,trade_date,open,high,low,close,vol,amount
603609.SH,20200312,11.68,11.72,11.34,11.48,96260.81,110797.788
603611.SH,20200312,19.4,20.15,19.08,19.41,37422.07,73145.82
603613.SH,20200312,108.0,115.0,107.64,111.0,17311.3,192359.707
603617.SH,20200312,16.81,16.9,15.85,16.41,35712.6,59139.457
603618.SH,20200312,5.93,6.28,5.9,6.2,265415.57,161915.105
603629.SH,20200312,24.55,25.36,24.3,24.7,8738.68,21652.056
603677.SH,20200312,11.58,11.93,11.49,11.89,20488.58,24079.63
603681.SH,20200312,22.65,22.66,21.35,21.52,30926.28,67269.93
603689.SH,20200312,10.8,10.86,10.71,10.79,20963.24,22608.954
603693.SH,20200312,9.16,9.17,8.95,9.02,37725.6,34214.366
603709.SH,20200312,24.33,24.33,23.33,24.08,4512.96,10773.392
603713.SH,20200312,56.2,57.0,52.7,54.0,27674.35,150157.72
603719.SH,20200312,59.17,59.17,59.17,59.17,10687.44,63237.582
603727.SH,20200312,17.54,17.54,17.03,17.15,21956.0,37772.97
603737.SH,20200312,93.57,94.87,91.0,94.55,14442.7,134262.478
603790.SH,20200312,13.48,13.48,13.2,13.28,21837.72,29083.773
603808.SH,20200312,12.81,12.87,12.65,12.74,40287.7,51368.713
603816.SH,20200312,41.86,41.86,40.98,41.65,18617.22,77082.741
603838.SH,20200312,7.81,7.85,7.65,7.69,10918.0,8424.608
603858.SH,20200312,21.11,21.26,20.63,20.66,124963.11,261122.639
603860.SH,20200312,26.9,27.48,26.1,26.67,3897.74,10345.801
603861.SH,20200312,8.8,8.96,8.56,8.71,36468.79,31873.069
603866.SH,20200312,48.4,48.95,47.01,48.21,31151.22,149123.935
603879.SH,20200312,11.3,11.72,11.01,11.36,37494.4,42956.044
603889.SH,20200312,5.63,5.66,5.43,5.48,57970.17,31952.654
603896.SH,20200312,28.55,28.89,28.32,28.51,7220.0,20646.376
603898.SH,20200312,15.1,15.14,14.62,14.79,11192.59,16668.014
000676.SZ,20200312,9.0,9.17,8.8,8.93,263274.35,236787.525
000695.SZ,20200312,7.99,8.13,7.77,7.9,14411.93,11441.17
000061.SZ,20200312,6.31,6.37,6.12,6.18,243622.14,151601.833
600009.SH,20200312,69.3,70.29,68.18,69.64,123503.77,853825.573
600015.SH,20200312,7.04,7.07,7.01,7.04,166334.61,117003.138
000150.SZ,20200312,4.59,4.67,4.42,4.51,385547.22,174624.416
000153.SZ,20200312,7.04,7.09,6.88,6.91,41173.01,28670.729
600023.SH,20200312,3.48,3.49,3.46,3.47,179406.42,62262.822
600030.SH,20200312,24.0,24.34,23.86,23.98,1696419.05,4077325.242
600035.SH,20200312,3.33,3.42,3.28,3.3,682025.6,228231.835
000403.SZ,20200312,35.61,37.3,34.78,36.66,30621.52,110464.597
600050.SH,20200312,5.59,5.64,5.52,5.57,1680394.89,934871.292
000413.SZ,20200312,3.55,3.58,3.45,3.5,1398435.28,491237.879
600058.SH,20200312,7.24,7.3,7.07,7.12,43625.37,31148.98
600062.SH,20200312,13.2,13.21,12.87,12.96,115166.52,150003.365
000429.SZ,20200312,7.38,7.38,7.28,7.35,31574.0,23087.979
000430.SZ,20200312,5.03,5.09,4.89,4.94,42788.3,21261.549
600066.SH,20200312,14.3,14.39,14.12,14.24,102129.94,145291.197
600070.SH,20200312,10.84,11.03,10.69,10.82,137799.93,149328.573
002288.SZ,20200312,5.53,5.75,5.45,5.68,316601.87,178166.888
002291.SZ,20200312,25.17,26.9,24.39,25.32,425627.75,1089034.817
002305.SZ,20200312,2.81,3.02,2.68,2.7,2022845.56,565665.014
002306.SZ,20200312,2.3,2.31,2.27,2.3,31688.0,7275.77
002309.SZ,20200312,6.7,6.83,6.57,6.66,113038.01,75538.279
002319.SZ,20200312,7.87,7.9,7.61,7.81,18848.02,14516.733
002327.SZ,20200312,6.79,6.84,6.71,6.8,22668.0,15376.066
002334.SZ,20200312,5.7,5.93,5.59,5.68,1176591.94,668262.613
002345.SZ,20200312,3.72,3.73,3.65,3.68,85182.18,31381.502
002348.SZ,20200312,3.24,3.28,3.19,3.22,138744.23,44878.848
002373.SZ,20200312,24.0,24.96,23.88,24.75,317446.37,779798.694
002379.SZ,20200312,3.79,3.85,3.76,3.79,105869.95,40311.977
002387.SZ,20200312,12.55,12.65,12.27,12.39,93121.76,115980.848
002391.SZ,20200312,9.7,9.84,9.44,9.53,257196.64,247783.636
002399.SZ,20200312,24.02,24.02,22.77,22.94,106888.3,248090.835
002403.SZ,20200312,8.82,8.9,8.67,8.72,23613.71,20704.148
002405.SZ,20200312,17.9,18.29,17.6,18.14,662799.87,1186485.023
002406.SZ,20200312,5.8,5.88,5.74,5.81,45513.0,26364.343
002409.SZ,20200312,35.25,36.24,34.67,35.25,179794.55,636607.701
002410.SZ,20200312,41.44,42.28,41.05,41.9,76608.68,318647.728
002420.SZ,20200312,3.92,3.96,3.83,3.84,45692.4,17753.455
002423.SZ,20200312,8.61,8.9,8.53,8.67,56577.01,49258.57
002425.SZ,20200312,5.46,5.46,5.34,5.38,175486.86,94605.343
603929.SH,20200312,15.45,15.79,15.32,15.54,27525.0,42785.097
603959.SH,20200312,8.06,8.14,7.82,7.99,90322.98,72008.489
603966.SH,20200312,10.2,10.4,9.98,10.08,34594.17,35130.126
603970.SH,20200312,15.4,15.99,15.36,15.49,92117.89,143872.801
603988.SH,20200312,9.6,9.72,9.5,9.63,21887.22,21032.837
603996.SH,20200312,3.69,3.73,3.59,3.67,26164.02,9570.252
688006.SH,20200312,41.0,41.99,40.73,41.05,12542.47,51782.694
688009.SH,20200312,7.01,7.17,6.92,6.98,743474.76,523050.151
688019.SH,20200312,156.0,160.0,154.0,155.8,4757.76,74790.991
688020.SH,20200312,96.75,99.04,94.9,96.16,9246.79,89315.526
688028.SH,20200312,58.51,58.96,57.5,58.13,10406.05,60400.239
688029.SH,20200312,186.68,191.0,184.06,185.75,8299.78,154918.294
688039.SH,20200312,98.0,101.99,97.0,100.24,8952.17,88854.722
688122.SH,20200312,36.7,36.8,35.8,36.17,20403.64,73975.915
688138.SH,20200312,19.73,20.77,19.71,20.37,36582.53,74127.195
688177.SH,20200312,56.24,57.89,53.77,54.28,52149.06,287304.167
688258.SH,20200312,98.5,102.67,96.01,98.2,13284.66,131659.385
688288.SH,20200312,36.06,36.97,35.04,35.89,16180.84,58234.284
688357.SH,20200312,50.0,50.25,48.99,49.48,6796.07,33687.285
688358.SH,20200312,77.4,79.91,74.0,74.98,6556.02,50430.473
688396.SH,20200312,41.02,43.27,40.81,42.22,255098.68,1077245.17
002443.SZ,20200312,6.24,6.31,6.18,6.3,61056.46,38111.883
002463.SZ,20200312,27.57,28.49,27.38,28.15,690639.7,1927211.077
000514.SZ,20200312,4.1,4.15,4.04,4.08,63077.29,25769.267
000531.SZ,20200312,6.56,6.59,6.38,6.41,42529.86,27473.782
000539.SZ,20200312,3.67,3.67,3.6,3.63,93698.3,33975.077
600086.SH,20200312,2.07,2.09,2.05,2.06,204671.69,42268.961
600096.SH,20200312,5.51,5.59,5.33,5.37,210142.46,114276.618
600107.SH,20200312,6.15,6.16,5.96,6.07,115360.44,69852.948
600112.SH,20200312,1.86,1.88,1.81,1.82,59774.2,10988.384
600118.SH,20200312,39.0,39.12,35.7,36.26,778944.83,2907563.048
600133.SH,20200312,7.02,7.24,6.91,7.24,920237.96,659396.451
600137.SH,20200312,14.78,14.95,14.4,14.61,4577.0,6707.896
600151.SH,20200312,4.89,4.89,4.73,4.78,126827.17,60683.34
000586.SZ,20200312,11.29,11.87,11.1,11.7,152344.9,175153.08
000587.SZ,20200312,1.7,1.7,1.65,1.67,276330.34,46265.468
600155.SH,20200312,13.4,13.88,13.4,13.8,322778.92,440643.894
000589.SZ,20200312,4.24,4.24,4.14,4.18,124328.84,51992.231
600159.SH,20200312,2.55,2.7,2.54,2.62,199728.03,52350.98
000599.SZ,20200312,4.22,4.28,4.17,4.24,63830.01,26972.444
600166.SH,20200312,2.0,2.05,1.97,2.02,834354.36,167042.552
600170.SH,20200312,3.43,3.48,3.38,3.39,367984.91,125701.599
600171.SH,20200312,18.03,18.87,17.99,18.7,260809.01,482853.709
600206.SH,20200312,13.43,14.19,13.4,14.13,443125.31,615027.857
600222.SH,20200312,5.74,5.75,5.48,5.54,201219.11,112838.079
600226.SH,20200312,2.77,2.79,2.7,2.72,522078.01,143054.199
600238.SH,20200312,4.72,5.03,4.7,5.03,51356.91,25334.08
600247.SH,20200312,3.51,3.51,3.39,3.4,25192.0,8640.12
600250.SH,20200312,5.79,6.5,5.72,6.24,146536.19,90567.816
600255.SH,20200312,1.31,1.32,1.29,1.3,188014.44,24501.896
600259.SH,20200312,28.7,28.98,28.33,28.71,50592.34,144705.684
000617.SZ,20200312,10.75,10.75,10.41,10.48,18951.36,19904.605
000619.SZ,20200312,5.5,5.53,5.35,5.39,46920.42,25481.544
600262.SH,20200312,16.11,16.24,15.81,15.96,5754.71,9175.371
600268.SH,20200312,6.0,6.18,5.81,5.89,311410.57,186837.373
000629.SZ,20200312,2.37,2.39,2.32,2.34,461700.95,108864.558
600279.SH,20200312,3.96,3.97,3.91,3.93,51237.36,20172.613
000657.SZ,20200312,6.32,6.38,6.15,6.19,113741.19,70973.794
000659.SZ,20200312,2.42,2.46,2.38,2.4,98377.22,23736.303
600295.SH,20200312,7.93,7.98,7.86,7.93,46518.04,36819.399
600302.SH,20200312,4.37,4.51,4.32,4.38,51955.15,22723.785
000673.SZ,20200312,3.54,3.58,3.48,3.52,213466.0,75310.18
600316.SH,20200312,14.02,14.86,13.87,14.47,315732.01,455158.636
600319.SH,20200312,5.69,5.69,5.54,5.58,17967.03,10064.265
600323.SH,20200312,20.48,20.48,19.85,19.99,95000.85,190915.479
600338.SH,20200312,9.75,9.87,9.66,9.78,76848.77,75006.015
600340.SH,20200312,24.65,24.65,23.85,23.95,140031.95,337913.566
600356.SH,20200312,7.01,7.13,6.96,7.06,31986.0,22530.066
002472.SZ,20200312,5.4,5.43,5.28,5.34,55838.0,29838.228
002476.SZ,20200312,7.06,7.15,6.9,7.06,137151.2,96197.669
002489.SZ,20200312,5.74,6.06,5.43,5.45,972943.86,544726.244
002494.SZ,20200312,4.9,4.92,4.83,4.85,50609.21,24606.105
002500.SZ,20200312,8.12,8.25,8.01,8.08,287488.52,233154.858
002503.SZ,20200312,4.56,4.75,4.1,4.1,5210606.19,2239309.547
002512.SZ,20200312,5.93,6.05,5.84,5.9,224902.0,133524.906
002514.SZ,20200312,5.01,5.05,4.87,4.92,92479.69,45804.044
002539.SZ,20200312,4.69,4.79,4.65,4.74,109072.5,51366.862
002541.SZ,20200312,14.8,15.56,14.68,15.05,125866.04,190047.251
002545.SZ,20200312,6.86,6.98,6.66,6.73,159077.65,107917.226
002558.SZ,20200312,17.98,18.1,17.7,17.9,42253.38,75724.147
002581.SZ,20200312,10.89,12.27,10.78,12.27,645358.8,751148.87
002589.SZ,20200312,6.15,6.19,6.01,6.05,280913.45,170538.535
002591.SZ,20200312,9.0,9.2,8.59,8.63,94436.21,83199.165
002597.SZ,20200312,21.3,21.3,20.19,20.38,100806.39,206779.865
002603.SZ,20200312,15.26,15.57,15.09,15.2,169091.6,258642.786
002613.SZ,20200312,4.56,4.88,4.49,4.76,566473.78,267475.647
002615.SZ,20200312,5.11,5.15,5.04,5.06,23008.25,11667.378
002634.SZ,20200312,5.59,5.6,5.38,5.41,133279.11,72924.918
002640.SZ,20200312,6.78,7.14,6.66,7.07,979417.73,681915.89
002641.SZ,20200312,5.99,5.99,5.8,5.85,136538.46,80376.887
002650.SZ,20200312,3.71,3.89,3.71,3.73,315907.97,119415.36
002652.SZ,20200312,3.77,3.77,3.63,3.66,36856.23,13578.742
002657.SZ,20200312,16.65,16.92,16.5,16.76,77415.26,129381.497
002666.SZ,20200312,5.82,5.86,5.68,5.8,140466.0,81117.26
002687.SZ,20200312,5.72,5.72,5.55,5.58,63587.62,35643.386
002689.SZ,20200312,5.22,5.58,5.22,5.22,719246.1,382414.676
002698.SZ,20200312,9.8,9.92,9.66,9.74,72533.96,70790.819
002715.SZ,20200312,19.01,19.07,18.2,18.43,9042.0,16781.045
002737.SZ,20200312,14.4,14.46,14.17,14.23,61181.24,87519.189
002747.SZ,20200312,11.74,11.96,11.47,11.68,92982.11,108570.9
002753.SZ,20200312,7.48,7.58,7.33,7.58,13115.5,9766.494
002763.SZ,20200312,8.43,8.52,8.05,8.15,57580.67,47487.876
002766.SZ,20200312,5.0,5.16,4.95,5.16,96171.02,48778.017
002767.SZ,20200312,13.1,13.28,12.63,12.81,7543.5,9675.542
002791.SZ,20200312,52.27,52.27,48.43,50.8,18863.42,95109.741
002795.SZ,20200312,12.8,12.8,12.4,12.47,17863.0,22411.286
002810.SZ,20200312,16.9,17.08,16.25,16.6,30877.08,51058.233
002816.SZ,20200312,26.88,28.38,26.5,27.2,22356.0,61695.303
002823.SZ,20200312,11.33,11.46,11.07,11.35,42324.37,47511.785
002832.SZ,20200312,23.72,24.64,22.81,23.09,75513.21,178127.371
002835.SZ,20200312,11.62,11.65,11.25,11.4,36963.0,42259.99
002839.SZ,20200312,6.15,6.31,6.1,6.24,1008208.39,625389.111
002856.SZ,20200312,16.77,16.94,16.49,16.54,16978.99,28211.438
002860.SZ,20200312,23.5,23.9,22.88,23.11,63797.0,149439.13
600358.SH,20200312,3.69,3.75,3.63,3.67,43952.0,16200.864
600361.SH,20200312,3.83,3.83,3.68,3.74,78713.82,29477.79
600366.SH,20200312,5.79,5.79,5.61,5.69,166295.77,94443.299
600371.SH,20200312,12.01,12.04,11.6,11.7,98622.07,116515.562
600390.SH,20200312,7.9,8.29,7.83,8.16,297044.39,241196.464
600392.SH,20200312,7.18,7.19,7.04,7.09,141320.92,100405.43
600393.SH,20200312,2.7,2.72,2.66,2.67,138209.66,37100.984
600396.SH,20200312,1.83,1.84,1.8,1.83,50957.01,9280.413
600398.SH,20200312,6.83,6.91,6.77,6.8,93493.79,63760.875
600423.SH,20200312,3.03,3.09,2.97,3.03,22893.3,6930.289
600426.SH,20200312,16.3,16.64,16.19,16.32,140424.51,229647.334
600429.SH,20200312,5.09,5.09,4.98,5.02,28367.07,14235.015
600435.SH,20200312,8.01,8.08,7.91,7.96,183253.66,146481.373
600446.SH,20200312,19.0,19.38,18.88,19.08,191981.46,366656.261
600462.SH,20200312,1.43,1.46,1.4,1.44,47192.0,6747.732
600490.SH,20200312,3.97,3.97,3.89,3.91,171219.07,67235.685
600502.SH,20200312,4.06,4.12,4.02,4.06,163902.94,66446.989
600508.SH,20200312,8.46,8.47,8.38,8.41,25737.02,21668.216
600509.SH,20200312,3.49,3.52,3.38,3.41,91596.5,31519.005
600519.SH,20200312,1141.22,1153.0,1125.1,1138.5,36630.63,4172606.105
600527.SH,20200312,3.12,3.15,2.88,2.92,753216.53,227206.346
600552.SH,20200312,6.17,6.31,6.12,6.25,181003.67,112407.72
600561.SH,20200312,5.2,5.29,5.12,5.17,32830.0,17019.932
600567.SH,20200312,3.3,3.31,3.23,3.25,664195.34,216666.076
600592.SH,20200312,13.09,13.1,12.56,12.84,53405.57,68244.315
600603.SH,20200312,5.62,5.99,5.61,5.99,386091.38,224783.657
600613.SH,20200312,7.69,7.69,7.39,7.4,60246.0,45158.531
600621.SH,20200312,14.89,16.47,14.86,15.8,775638.55,1238410.536
600634.SH,20200312,1.51,1.52,1.46,1.46,125270.14,18524.424
600667.SH,20200312,11.8,13.0,11.71,12.67,1380210.82,1737761.159
600671.SH,20200312,11.75,11.75,11.5,11.6,19043.1,22120.299
600673.SH,20200312,7.72,7.74,7.51,7.57,225433.07,171659.688
600675.SH,20200312,4.38,4.44,4.33,4.38,58344.79,25494.955
600678.SH,20200312,8.02,8.34,7.96,8.09,237774.5,194012.904
600690.SH,20200312,17.1,17.1,16.7,16.75,528774.11,890155.226
600695.SH,20200312,8.8,9.2,8.6,8.87,288585.09,258507.127
600703.SH,20200312,22.51,23.77,22.3,23.33,1093130.02,2541651.738
600715.SH,20200312,3.1,3.11,3.0,3.03,134159.66,40894.982
600724.SH,20200312,4.06,4.25,3.97,4.21,287793.94,117550.207
600726.SH,20200312,1.67,1.68,1.65,1.67,47463.0,7913.345
600740.SH,20200312,5.9,5.95,5.81,5.85,89895.48,52751.618
600750.SH,20200312,12.5,12.6,12.14,12.23,84627.96,104157.345
600757.SH,20200312,5.52,5.6,5.47,5.58,115953.14,64196.753
600760.SH,20200312,30.3,31.8,29.89,30.73,440059.53,1357005.806
600769.SH,20200312,5.17,5.36,5.08,5.15,268727.54,140022.689
600789.SH,20200312,12.19,12.57,11.44,11.63,1046397.08,1251510.324
600792.SH,20200312,3.23,3.23,3.14,3.16,74805.02,23682.038
600805.SH,20200312,4.95,4.96,4.78,4.83,89321.58,43452.088
600809.SH,20200312,92.6,92.6,89.2,91.0,50084.03,455582.889
600816.SH,20200312,3.01,3.1,2.99,3.05,458518.74,139411.797
600821.SH,20200312,4.61,4.71,4.59,4.61,82802.01,38326.577
600828.SH,20200312,4.05,4.09,3.98,4.01,49469.74,19891.244
600857.SH,20200312,9.8,9.8,9.64,9.79,8027.31,7783.675
600873.SH,20200312,4.61,4.63,4.51,4.55,267317.24,122024.588
600881.SH,20200312,3.24,3.26,3.2,3.23,163036.09,52551.441
600898.SH,20200312,6.9,6.99,6.81,6.91,24527.05,16950.024
600929.SH,20200312,5.93,5.96,5.84,5.87,70143.03,41246.306
600959.SH,20200312,3.78,3.82,3.75,3.8,232463.79,88032.086
600962.SH,20200312,8.14,8.83,7.85,8.39,230066.06,193890.813
600977.SH,20200312,13.85,13.89,13.46,13.61,154999.24,211745.184
600979.SH,20200312,4.19,4.23,4.11,4.16,44003.69,18378.457
600983.SH,20200312,4.43,4.44,4.35,4.37,17037.45,7479.896
600985.SH,20200312,8.6,8.63,8.46,8.55,59363.41,50563.128
600987.SH,20200312,6.15,6.21,6.11,6.13,46914.13,28857.609
600996.SH,20200312,8.6,8.68,8.36,8.45,97144.72,82951.896
601001.SH,20200312,3.77,3.78,3.73,3.75,89119.43,33478.011
601012.SH,20200312,29.04,29.28,28.22,28.42,531657.39,1521557.26
601019.SH,20200312,6.72,6.74,6.56,6.59,40669.26,27021.491
601028.SH,20200312,6.46,6.61,6.29,6.61,71857.02,46709.299
601058.SH,20200312,4.43,4.43,4.22,4.31,334519.67,143220.545
601099.SH,20200312,3.68,3.75,3.66,3.69,1524417.85,563943.138
601100.SH,20200312,54.08,55.3,53.3,53.93,40685.29,220423.862
601101.SH,20200312,4.2,4.24,4.16,4.21,73479.27,30820.499
601107.SH,20200312,3.65,3.67,3.6,3.63,54656.99,19868.74
601118.SH,20200312,4.8,4.94,4.69,4.76,934099.18,447495.681
601138.SH,20200312,16.25,16.34,15.83,16.1,679763.65,1090709.84
601211.SH,20200312,17.61,17.71,17.34,17.55,380338.22,666064.352
601231.SH,20200312,20.0,20.65,19.82,20.15,234941.49,473056.307
601319.SH,20200312,6.83,6.89,6.8,6.83,451167.13,308113.56
601588.SH,20200312,2.89,2.9,2.83,2.85,166780.41,47650.535
601595.SH,20200312,13.68,13.76,13.35,13.43,48222.0,65155.362
601608.SH,20200312,3.67,3.71,3.62,3.65,273664.14,100198.765
601669.SH,20200312,4.2,4.24,4.14,4.18,391403.56,163600.034
601727.SH,20200312,4.97,4.98,4.87,4.93,339375.72,167342.701
601808.SH,20200312,14.33,14.33,13.73,13.94,175343.68,244890.299
601818.SH,20200312,3.82,3.84,3.79,3.81,914876.31,348852.251
601858.SH,20200312,10.5,10.52,10.28,10.42,27232.89,28281.368
601866.SH,20200312,2.23,2.26,2.17,2.2,1028285.88,226545.401
601899.SH,20200312,3.91,3.95,3.86,3.92,2213173.98,864047.673
601966.SH,20200312,20.9,20.96,20.24,20.67,107100.54,220100.478
601985.SH,20200312,4.65,4.67,4.62,4.62,243927.9,113022.507
002862.SZ,20200312,23.88,24.58,23.33,23.45,15458.02,36751.623
002870.SZ,20200312,20.5,20.96,20.0,20.19,11673.77,23655.238
002873.SZ,20200312,17.0,17.2,16.7,16.8,16092.8,27290.704
002875.SZ,20200312,14.15,14.3,13.78,13.98,16580.45,23199.182
002885.SZ,20200312,18.6,19.08,18.21,18.62,92694.72,172470.713
002895.SZ,20200312,12.08,12.1,11.6,11.76,55665.85,65926.738
002900.SZ,20200312,12.08,12.09,11.82,11.84,20999.5,25036.382
002902.SZ,20200312,24.0,24.4,23.5,24.1,88411.29,211513.225
002908.SZ,20200312,13.41,13.62,13.15,13.31,59260.21,79278.878
601989.SH,20200312,4.45,4.46,4.38,4.41,806639.16,356111.382
601999.SH,20200312,7.7,7.71,7.34,7.45,95270.02,71494.572
603019.SH,20200312,43.0,44.38,42.66,43.18,241986.8,1045836.491
603020.SH,20200312,8.1,8.1,7.9,7.95,37512.45,29923.779
603022.SH,20200312,16.62,17.36,16.58,16.85,40001.0,67991.43
603025.SH,20200312,8.94,9.89,8.71,9.65,101736.72,93662.948
603030.SH,20200312,5.66,5.77,5.61,5.62,70892.65,40301.567
603031.SH,20200312,35.28,39.5,34.8,38.9,29578.6,110832.074
603036.SH,20200312,9.53,9.53,9.26,9.31,22244.0,20792.524
603063.SH,20200312,9.09,9.22,8.86,8.95,42588.32,38343.188
603067.SH,20200312,5.45,5.47,5.35,5.39,43479.62,23528.02
603076.SH,20200312,22.05,22.05,21.42,21.5,6935.07,15043.308
603080.SH,20200312,14.28,14.36,13.86,13.97,21275.0,29894.001
603098.SH,20200312,9.59,9.76,9.43,9.56,12748.4,12155.571
603100.SH,20200312,9.9,10.19,9.8,10.06,43041.37,42989.1
603101.SH,20200312,7.25,7.25,6.97,7.19,56162.8,39553.246
603110.SH,20200312,16.82,16.87,15.88,15.96,54253.93,88248.607
603126.SH,20200312,4.68,4.83,4.62,4.64,112515.38,53247.723
603165.SH,20200312,17.39,17.39,16.92,17.07,14736.75,25229.735
603168.SH,20200312,8.93,8.98,8.73,8.83,49992.41,44297.322
603169.SH,20200312,5.04,5.05,4.91,4.95,127612.28,63609.215
603178.SH,20200312,9.5,9.59,9.25,9.3,30759.0,28876.586
603195.SH,20200312,156.0,165.88,154.0,164.13,58130.41,930441.228
603217.SH,20200312,43.8,43.95,42.9,43.1,6533.56,28431.626
603222.SH,20200312,53.37,53.6,52.38,53.37,3877.27,20546.108
603238.SH,20200312,26.88,27.63,25.6,26.16,43179.99,114623.108
603286.SH,20200312,16.6,17.16,16.36,17.1,23709.81,39791.178
603288.SH,20200312,104.5,104.94,102.11,102.66,36883.71,378837.621
603289.SH,20200312,8.6,8.68,8.48,8.52,15817.4,13574.732
603305.SH,20200312,41.43,42.36,41.01,41.69,47800.15,199112.372
603319.SH,20200312,19.51,19.88,19.15,19.3,11808.7,22937.455
603338.SH,20200312,64.2,65.21,62.35,64.08,29036.54,185343.309
603377.SH,20200312,15.21,15.29,14.63,15.14,25696.0,38388.832
603385.SH,20200312,10.31,10.43,10.18,10.33,26169.57,26936.29
603387.SH,20200312,36.4,37.45,34.8,34.85,85539.19,307211.969
603388.SH,20200312,7.54,7.59,7.36,7.44,15983.8,11931.887
603528.SH,20200312,7.9,8.18,7.78,8.18,111908.5,90139.323
603578.SH,20200312,21.9,22.27,21.72,22.02,9548.92,21026.066
603579.SH,20200312,28.0,28.38,27.53,28.15,9558.12,26657.323
603580.SH,20200312,12.0,12.0,11.6,11.81,13882.6,16346.936
603587.SH,20200312,23.33,23.33,22.65,22.87,15866.11,36357.273
603606.SH,20200312,12.85,13.54,12.68,13.48,322431.76,425844.03
603633.SH,20200312,11.8,12.1,11.62,11.8,53989.38,63835.084
603637.SH,20200312,13.97,13.98,13.8,13.8,7834.08,10862.798
603638.SH,20200312,32.06,32.39,30.99,31.14,11613.27,36480.198
603666.SH,20200312,91.5,92.3,89.88,92.0,6369.21,58010.638
002911.SZ,20200312,14.17,14.29,13.83,14.08,15090.0,21198.178
002918.SZ,20200312,23.97,23.97,22.67,23.2,36768.27,84938.954
002920.SZ,20200312,39.92,41.5,38.94,39.71,60760.95,242493.47
002929.SZ,20200312,32.66,34.3,32.61,33.84,69639.54,232451.411
002930.SZ,20200312,16.5,17.79,16.18,17.79,521881.03,893178.425
002945.SZ,20200312,15.82,16.9,15.68,16.79,806590.58,1309212.752
002948.SZ,20200312,5.38,5.51,5.38,5.41,182805.0,99291.018
002971.SZ,20200312,24.8,24.83,23.94,24.23,32985.78,80333.619
002975.SZ,20200312,137.2,145.97,134.0,137.67,40370.52,563638.742
300002.SZ,20200312,3.99,4.2,3.95,4.18,644497.87,263860.799
002495.SZ,20200312,2.82,2.82,2.75,2.77,73103.38,20361.846
002498.SZ,20200312,3.61,3.69,3.45,3.52,1270492.13,452494.528
002505.SZ,20200312,2.05,2.08,2.01,2.03,1168049.32,238024.018
002510.SZ,20200312,5.67,5.73,5.46,5.61,421308.66,236276.264
002515.SZ,20200312,5.43,5.74,5.4,5.52,467259.39,260992.368
002516.SZ,20200312,3.2,3.29,3.16,3.25,189038.49,60940.044
002518.SZ,20200312,14.74,15.38,14.27,14.87,192272.48,284545.214
002529.SZ,20200312,10.66,10.8,10.01,10.01,488516.64,502495.845
002532.SZ,20200312,6.19,6.38,6.11,6.21,61472.0,38066.734
002549.SZ,20200312,6.46,6.5,6.26,6.31,57732.24,36644.959
002563.SZ,20200312,8.01,8.03,7.87,7.96,86507.94,68650.556
002571.SZ,20200312,4.91,4.93,4.75,4.83,64623.01,31347.026
002579.SZ,20200312,14.58,14.97,14.41,14.67,82713.93,121097.595
002588.SZ,20200312,4.21,4.22,4.06,4.14,132423.45,54800.727
002592.SZ,20200312,10.59,10.84,10.43,10.57,41478.2,43650.835
002630.SZ,20200312,2.4,2.46,2.39,2.41,337132.4,81507.235
002635.SZ,20200312,21.56,22.18,21.31,21.57,165317.33,358461.623
002637.SZ,20200312,11.46,12.24,11.33,11.92,136171.39,159844.118
002654.SZ,20200312,4.97,4.99,4.8,4.86,170533.24,83398.715
002660.SZ,20200312,9.26,9.68,9.23,9.55,106417.6,100371.116
002662.SZ,20200312,2.97,3.08,2.93,3.02,336310.61,100496.807
002668.SZ,20200312,5.03,5.12,5.0,5.03,295310.81,148839.228
002674.SZ,20200312,9.2,9.33,9.06,9.12,27645.41,25289.565
002675.SZ,20200312,15.35,15.58,15.02,15.16,128379.37,195035.121
002692.SZ,20200312,3.96,4.04,3.86,3.93,44524.74,17499.87
002693.SZ,20200312,5.67,5.87,5.56,5.66,118952.01,67450.543
002703.SZ,20200312,4.79,4.86,4.71,4.77,62914.77,30057.238
002716.SZ,20200312,2.18,2.19,2.12,2.13,203169.0,43515.481
002730.SZ,20200312,8.46,8.56,8.14,8.24,54818.16,45664.867
002731.SZ,20200312,6.59,6.67,6.43,6.54,49733.7,32511.872
002732.SZ,20200312,19.41,19.54,19.03,19.18,18557.63,35773.455
002739.SZ,20200312,18.4,18.95,17.8,18.23,315373.68,574248.981
002758.SZ,20200312,10.77,10.9,10.52,10.54,30996.5,33078.119
002765.SZ,20200312,4.81,5.37,4.8,5.09,279865.78,145610.464
002775.SZ,20200312,5.59,5.64,5.5,5.54,39702.64,22053.573
002788.SZ,20200312,8.23,8.29,8.07,8.12,47361.45,38613.122
603679.SH,20200312,49.18,50.7,48.21,48.87,20902.0,102611.188
603697.SH,20200312,12.62,12.85,12.32,12.49,44219.02,55682.88
603699.SH,20200312,13.47,13.47,12.78,13.14,44612.3,58330.906
603711.SH,20200312,24.68,25.1,24.0,24.24,24063.3,58714.001
603728.SH,20200312,12.7,13.31,12.6,12.93,50515.78,65271.33
603778.SH,20200312,3.8,3.8,3.71,3.72,55857.36,20938.185
603798.SH,20200312,10.3,10.31,10.06,10.15,21814.37,22176.26
603800.SH,20200312,11.26,11.26,10.92,11.13,24973.0,27644.575
603815.SH,20200312,24.0,25.14,23.19,23.9,151544.83,364457.801
603856.SH,20200312,11.0,11.01,10.76,10.86,30962.1,33701.535
603859.SH,20200312,31.61,32.75,31.38,31.8,38690.03,123586.15
603869.SH,20200312,11.26,11.28,11.04,11.17,16676.37,18613.953
603877.SH,20200312,15.46,15.46,15.06,15.11,10804.0,16422.697
603886.SH,20200312,17.07,17.22,16.7,16.79,31990.46,54216.856
603888.SH,20200312,24.19,24.5,23.56,23.93,85342.82,205097.649
603901.SH,20200312,11.18,11.37,10.4,10.55,227949.28,246914.573
603906.SH,20200312,9.98,10.09,9.76,9.88,29281.48,29075.509
002239.SZ,20200312,4.5,4.58,4.23,4.3,2174490.59,957954.402
002245.SZ,20200312,4.72,4.74,4.61,4.63,161507.91,75402.156
002277.SZ,20200312,3.49,3.57,3.44,3.47,306620.77,107274.981
002293.SZ,20200312,8.89,8.89,8.66,8.69,27773.46,24246.72
002294.SZ,20200312,18.23,18.27,18.04,18.07,40613.35,73521.544
002298.SZ,20200312,9.0,9.14,8.88,9.06,134109.01,120832.92
002300.SZ,20200312,7.33,7.44,7.03,7.1,411687.28,295585.409
002302.SZ,20200312,10.81,10.98,10.72,10.74,165609.69,179048.745
002311.SZ,20200312,35.7,36.17,35.07,35.29,65512.47,231476.792
002320.SZ,20200312,17.58,18.16,16.4,16.4,527943.21,901773.936
002336.SZ,20200312,5.39,5.39,5.27,5.29,12353.23,6571.163
002343.SZ,20200312,10.69,10.69,10.09,10.11,138277.8,142677.346
002347.SZ,20200312,4.55,4.63,4.5,4.58,80886.94,36933.299
002351.SZ,20200312,19.2,19.3,18.57,18.68,206416.94,388881.187
002382.SZ,20200312,19.48,20.28,18.61,18.8,614865.08,1186528.621
002398.SZ,20200312,7.8,7.98,7.55,7.77,259124.53,200744.905
002400.SZ,20200312,3.09,3.11,3.01,3.06,505751.11,154180.522
002412.SZ,20200312,8.31,8.45,8.23,8.25,37057.68,30808.574
002418.SZ,20200312,2.77,3.1,2.76,3.02,847352.82,251433.794
002419.SZ,20200312,9.09,9.13,8.9,8.96,71334.08,64151.1
002426.SZ,20200312,2.08,2.1,2.03,2.05,555118.96,114452.642
603920.SH,20200312,22.62,23.43,22.35,22.74,56792.5,129167.185
603926.SH,20200312,11.97,11.97,11.67,11.92,13854.95,16353.348
603960.SH,20200312,31.0,33.2,31.0,32.84,14232.85,46119.606
603992.SH,20200312,18.39,18.46,17.91,18.13,46339.82,84233.489
603993.SH,20200312,4.01,4.06,3.9,3.93,1827869.89,724205.177
688001.SH,20200312,45.5,46.41,44.25,44.65,24566.27,111049.196
688015.SH,20200312,46.3,49.49,46.3,47.83,55067.16,262172.249
688111.SH,20200312,206.98,219.0,201.08,215.52,25950.53,544540.77
002803.SZ,20200312,34.5,35.29,33.72,34.49,32051.82,110899.831
002812.SZ,20200312,54.01,55.38,53.33,53.96,96331.8,521931.051
002815.SZ,20200312,22.12,23.1,20.94,21.65,397368.67,870836.369
002819.SZ,20200312,25.07,25.4,24.56,24.87,29236.14,72945.704
002824.SZ,20200312,23.5,24.5,22.65,22.96,85638.69,201024.512
002825.SZ,20200312,13.5,13.5,13.0,13.15,25741.74,34106.24
002827.SZ,20200312,9.78,9.9,9.46,9.6,28382.5,27441.964
002831.SZ,20200312,24.61,24.8,24.11,24.25,22864.92,55680.495
002833.SZ,20200312,40.15,40.65,38.65,39.4,11291.33,44371.301
002836.SZ,20200312,10.79,10.79,10.48,10.53,10713.14,11326.531
002838.SZ,20200312,52.2,53.56,46.08,46.08,502838.42,2450441.611
002840.SZ,20200312,14.94,15.19,14.83,15.06,17413.5,26084.867
002843.SZ,20200312,7.78,7.83,7.62,7.7,24092.0,18549.332
002878.SZ,20200312,35.51,35.51,34.07,34.99,20197.5,70477.75
002884.SZ,20200312,18.18,18.51,17.86,18.12,22989.64,41681.758
002886.SZ,20200312,34.07,34.9,30.56,32.5,148875.86,480811.226
002909.SZ,20200312,11.5,11.56,11.15,11.31,28912.2,32740.16
002937.SZ,20200312,16.6,16.79,16.0,16.27,105415.74,172577.98
002939.SZ,20200312,14.14,14.63,14.01,14.3,896605.7,1281516.656
002950.SZ,20200312,46.5,47.56,42.26,44.06,184769.81,838263.664
002952.SZ,20200312,29.24,29.24,28.11,28.32,9086.02,25913.234
002972.SZ,20200312,27.13,29.1,27.02,29.0,107532.83,305329.854
300006.SZ,20200312,5.42,5.47,5.27,5.37,124317.41,66634.897
300013.SZ,20200312,6.08,6.2,6.04,6.07,125614.13,76600.986
300035.SZ,20200312,7.72,7.73,7.31,7.5,223884.18,168055.278
300042.SZ,20200312,16.21,18.0,16.21,17.65,143942.02,250184.936
300047.SZ,20200312,8.34,8.89,8.34,8.79,563434.64,489131.87
300052.SZ,20200312,14.79,15.1,14.7,14.86,64991.04,96451.769
300054.SZ,20200312,12.4,13.06,11.98,12.48,479383.58,601643.856
300079.SZ,20200312,5.65,5.79,5.53,5.71,354823.9,200596.235
300090.SZ,20200312,1.34,1.35,1.29,1.3,362713.0,47517.324
300092.SZ,20200312,7.08,7.35,7.07,7.18,40834.76,29353.51
300098.SZ,20200312,7.48,8.33,7.37,8.19,1698219.27,1338261.149
300114.SZ,20200312,11.1,11.2,10.93,11.08,100585.25,111286.209
300118.SZ,20200312,14.59,14.91,14.38,14.55,179137.46,261925.652
300123.SZ,20200312,13.51,14.12,13.22,13.55,494229.09,672859.143
300125.SZ,20200312,12.0,12.2,11.93,12.18,30285.77,36459.871
300131.SZ,20200312,6.35,6.68,6.33,6.45,424059.09,274602.653
300146.SZ,20200312,16.08,16.29,15.79,15.84,127190.95,203012.534
300152.SZ,20200312,3.22,3.33,3.16,3.24,172852.5,55968.591
300153.SZ,20200312,6.17,6.38,6.08,6.32,70218.42,43509.942
300158.SZ,20200312,5.12,5.19,5.07,5.16,141398.08,72543.194
300167.SZ,20200312,5.79,6.25,5.71,6.15,281540.54,169779.936
300170.SZ,20200312,11.01,11.43,10.85,11.36,438792.48,489548.012
300175.SZ,20200312,6.48,6.53,6.25,6.39,86863.0,55335.667
300182.SZ,20200312,4.45,4.65,4.36,4.57,601156.26,270967.478
688118.SH,20200312,49.0,49.35,47.01,47.8,24782.93,119390.904
688196.SH,20200312,41.49,41.99,40.11,40.63,13921.3,56882.445
688299.SH,20200312,22.87,23.66,22.65,23.37,30580.9,71093.847
688333.SH,20200312,59.02,59.85,57.5,58.48,12003.14,70281.732
688363.SH,20200312,84.52,84.6,82.37,83.28,15509.92,129622.983
688389.SH,20200312,21.22,21.66,20.71,20.78,20745.17,43750.653
002442.SZ,20200312,4.59,4.63,4.43,4.5,149118.9,67464.672
002452.SZ,20200312,5.96,6.68,5.9,6.61,373652.01,243415.756
002453.SZ,20200312,5.35,5.35,5.08,5.12,188176.02,97911.56
002456.SZ,20200312,16.57,17.15,16.25,16.47,1396870.56,2315892.828
002460.SZ,20200312,49.39,50.1,47.84,49.73,375260.75,1835383.616
002468.SZ,20200312,18.73,18.79,18.22,18.42,66868.63,123631.33
002471.SZ,20200312,2.5,2.65,2.42,2.52,766816.96,194233.136
002475.SZ,20200312,42.41,44.08,42.15,43.23,651609.83,2803008.753
002496.SZ,20200312,2.82,2.86,2.73,2.76,228205.38,63728.179
002501.SZ,20200312,1.65,1.68,1.63,1.65,77946.47,12826.924
002502.SZ,20200312,3.47,3.6,3.25,3.32,870755.52,298158.091
002504.SZ,20200312,2.87,2.88,2.79,2.81,129907.68,36823.476
002506.SZ,20200312,5.0,5.33,4.95,5.18,1286119.0,660806.203
002507.SZ,20200312,28.86,29.53,28.39,29.2,133835.68,387714.967
002519.SZ,20200312,4.43,4.64,4.39,4.61,370835.18,167227.524
002526.SZ,20200312,2.33,2.43,2.31,2.37,474430.21,112519.763
002534.SZ,20200312,7.75,7.75,7.49,7.55,23600.0,17881.425
002546.SZ,20200312,4.96,5.02,4.72,4.86,399211.4,194438.723
002561.SZ,20200312,7.65,7.65,7.45,7.53,14657.15,11034.023
002568.SZ,20200312,32.37,32.53,31.42,31.9,37837.96,120815.581
002576.SZ,20200312,9.76,9.88,9.61,9.77,32974.71,32056.315
002577.SZ,20200312,11.1,11.21,10.8,10.99,39084.25,42972.504
002585.SZ,20200312,5.08,5.13,4.99,5.05,142688.83,72168.263
002587.SZ,20200312,7.55,7.6,7.3,7.44,126748.78,94491.158
002606.SZ,20200312,9.53,10.48,9.1,9.43,1424823.79,1425467.278
002609.SZ,20200312,12.11,12.25,11.66,11.94,68074.34,81282.38
002618.SZ,20200312,11.48,11.76,11.34,11.5,76214.5,88075.891
002619.SZ,20200312,2.72,2.73,2.65,2.66,257955.74,69064.344
002631.SZ,20200312,8.0,8.04,7.82,7.9,70287.0,55739.126
002638.SZ,20200312,2.99,3.04,2.92,3.01,210009.55,62902.388
002639.SZ,20200312,9.05,9.13,8.77,8.92,329433.64,294912.76
002658.SZ,20200312,7.04,7.32,7.01,7.2,49789.91,35858.969
002663.SZ,20200312,2.67,2.72,2.61,2.65,288957.29,76566.183
002670.SZ,20200312,11.06,11.26,10.89,11.03,181995.22,201234.146
002679.SZ,20200312,15.33,15.45,14.9,15.03,23001.02,34677.162
002690.SZ,20200312,36.76,36.77,35.08,35.4,45580.46,163213.748
002694.SZ,20200312,3.42,3.45,3.34,3.39,201767.2,68404.503
002696.SZ,20200312,5.92,6.12,5.86,6.06,109345.97,65714.763
002699.SZ,20200312,5.84,5.88,5.68,5.71,105389.6,60741.435
002702.SZ,20200312,4.9,5.17,4.76,4.87,617152.58,308738.387
300198.SZ,20200312,3.83,3.91,3.75,3.88,150578.4,57965.915
300214.SZ,20200312,8.05,8.05,7.82,7.9,46211.93,36489.0
300221.SZ,20200312,5.83,6.15,5.75,6.01,269006.33,159180.343
300222.SZ,20200312,10.09,10.26,9.88,10.06,339106.75,342108.587
300223.SZ,20200312,101.6,108.6,101.6,105.99,56148.64,593199.058
300234.SZ,20200312,11.99,12.3,11.58,11.7,94905.16,113226.263
300245.SZ,20200312,10.39,10.77,10.29,10.51,101079.01,106103.006
300247.SZ,20200312,3.8,3.8,3.53,3.8,1082515.93,404471.008
300251.SZ,20200312,10.16,10.25,9.85,9.91,315724.28,315577.354
300252.SZ,20200312,11.43,12.74,11.43,12.56,391466.91,477517.968
300254.SZ,20200312,8.24,8.24,8.05,8.1,34351.84,27937.294
300272.SZ,20200312,5.32,6.08,5.17,6.08,342473.04,197822.366
300294.SZ,20200312,35.5,35.5,33.94,34.0,73038.43,251423.053
300313.SZ,20200312,4.72,4.77,4.64,4.66,50805.2,23805.03
300316.SZ,20200312,21.4,22.29,21.05,21.63,267712.4,579890.447
300337.SZ,20200312,3.85,3.92,3.77,3.83,117671.0,45115.864
300342.SZ,20200312,27.08,28.25,24.58,26.69,568251.16,1516429.456
300347.SZ,20200312,75.15,75.88,72.83,73.41,68189.39,503656.219
300348.SZ,20200312,24.0,24.61,23.56,23.95,133570.24,321054.3
300358.SZ,20200312,8.35,8.76,8.03,8.66,170587.24,143341.899
300366.SZ,20200312,12.94,14.26,12.81,14.13,589898.14,794597.6
300369.SZ,20200312,22.23,22.33,21.51,21.82,69949.69,152679.571
300385.SZ,20200312,15.1,16.28,15.01,15.58,164712.82,258797.467
300387.SZ,20200312,8.47,8.56,8.4,8.42,41910.8,35488.098
300391.SZ,20200312,8.42,8.68,8.26,8.39,64054.98,53671.676
300399.SZ,20200312,14.02,14.3,13.85,14.0,39747.79,55780.589
300405.SZ,20200312,6.41,6.41,6.16,6.26,46642.92,29216.085
300411.SZ,20200312,10.9,11.28,10.31,10.45,99192.19,106267.231
300435.SZ,20200312,10.45,10.52,10.11,10.5,36746.31,37746.213
300439.SZ,20200312,15.01,15.36,14.58,15.08,134171.13,201256.469
300441.SZ,20200312,9.35,9.4,9.17,9.21,32885.6,30499.49
300445.SZ,20200312,18.67,19.59,18.2,18.7,49467.83,93645.784
300456.SZ,20200312,25.22,26.83,25.22,25.73,149033.58,386471.985
300461.SZ,20200312,20.31,20.32,19.21,19.25,39839.23,78656.033
300465.SZ,20200312,12.9,13.37,12.7,12.91,154576.76,200583.71
300470.SZ,20200312,26.63,26.63,25.88,26.26,17612.0,45968.175
300473.SZ,20200312,27.0,27.0,26.21,26.44,24806.03,65676.948
300474.SZ,20200312,59.36,61.32,59.2,59.84,40859.93,245299.113
300478.SZ,20200312,12.77,13.4,12.77,13.38,40968.27,53882.411
300511.SZ,20200312,7.86,8.09,7.62,7.67,111781.35,87135.596
300515.SZ,20200312,9.37,10.0,9.26,9.8,74041.01,72285.974
300531.SZ,20200312,16.55,16.55,16.15,16.28,26858.38,43721.565
300545.SZ,20200312,32.0,32.45,31.03,31.65,39847.0,127108.409
300559.SZ,20200312,29.6,29.95,28.68,29.41,25167.4,73728.626
300561.SZ,20200312,15.55,16.28,15.2,15.7,149576.11,234069.253
300579.SZ,20200312,42.9,43.32,41.77,42.05,30737.36,130434.175
002709.SZ,20200312,24.55,24.87,24.1,24.41,62920.42,153701.896
002712.SZ,20200312,6.72,6.72,6.51,6.58,68407.17,45317.863
002714.SZ,20200312,125.2,126.97,120.0,121.8,265826.77,3248070.078
002721.SZ,20200312,4.98,4.98,4.74,4.82,154584.1,74893.027
002736.SZ,20200312,12.15,12.28,11.94,12.02,209495.23,252735.936
002756.SZ,20200312,18.59,18.59,18.12,18.28,34112.95,62482.547
002760.SZ,20200312,18.31,18.6,18.28,18.48,11194.23,20598.712
002778.SZ,20200312,22.79,23.3,21.96,22.32,13440.0,30145.829
002797.SZ,20200312,7.77,7.95,7.64,7.73,1004902.23,782847.809
002805.SZ,20200312,14.3,14.7,14.12,14.6,65504.07,94581.836
002828.SZ,20200312,9.76,9.79,9.51,9.62,48971.11,47192.113
002829.SZ,20200312,27.18,28.5,27.18,27.96,36097.0,100451.346
002846.SZ,20200312,22.8,23.01,21.74,22.04,29745.48,65433.219
002847.SZ,20200312,51.28,54.49,51.28,52.67,28847.26,153426.557
002851.SZ,20200312,24.09,24.2,23.62,23.7,48865.24,116685.509
002852.SZ,20200312,12.22,12.29,11.91,11.99,21996.99,26550.353
002861.SZ,20200312,29.89,30.18,28.65,29.07,17134.6,50435.583
002866.SZ,20200312,14.26,14.45,14.01,14.24,31783.57,45267.057
002877.SZ,20200312,7.97,8.15,7.88,7.93,43996.44,35153.01
002883.SZ,20200312,19.08,19.08,18.64,18.74,9076.6,17051.006
002891.SZ,20200312,24.56,24.93,23.37,23.79,27031.43,64146.622
002903.SZ,20200312,13.35,13.4,12.98,13.31,33335.0,44010.818
002912.SZ,20200312,160.11,163.0,156.88,158.98,15629.79,249949.442
002919.SZ,20200312,15.98,16.75,15.76,16.49,57364.21,93672.976
002927.SZ,20200312,18.34,18.46,17.77,18.1,47771.55,86423.787
002928.SZ,20200312,13.71,14.2,13.31,13.36,202687.1,276398.553
002931.SZ,20200312,25.9,25.9,24.85,24.97,10054.89,25362.227
002932.SZ,20200312,38.46,42.38,38.3,42.38,34308.98,141654.112
002933.SZ,20200312,37.88,38.11,36.89,37.24,10774.12,40397.345
002938.SZ,20200312,39.2,39.6,38.36,38.77,138390.79,536843.559
002956.SZ,20200312,48.35,48.6,46.98,47.07,9956.51,47423.863
002976.SZ,20200312,40.07,40.07,40.07,40.07,2125.99,8518.841
300009.SZ,20200312,15.02,15.1,14.67,14.78,120819.51,179781.557
300012.SZ,20200312,16.2,16.4,15.9,15.96,246079.84,395078.461
300014.SZ,20200312,68.29,69.47,66.67,67.78,222297.73,1512639.957
300016.SZ,20200312,10.5,10.67,10.07,10.07,361960.56,371421.601
300019.SZ,20200312,11.37,11.46,10.79,10.9,98225.18,108617.384
300030.SZ,20200312,13.02,13.43,12.1,12.24,500806.11,633980.526
300031.SZ,20200312,19.43,19.66,18.58,18.91,77949.27,148372.603
300038.SZ,20200312,11.11,11.4,10.83,11.29,618467.42,690648.944
300043.SZ,20200312,4.74,4.76,4.62,4.68,190459.2,89302.498
300055.SZ,20200312,7.36,7.48,7.21,7.28,157806.96,115648.174
300067.SZ,20200312,4.15,4.29,4.1,4.2,289882.95,121560.96
300083.SZ,20200312,6.1,6.13,5.92,6.1,378194.95,228050.696
300087.SZ,20200312,13.8,13.99,13.0,13.26,192787.11,258915.604
300097.SZ,20200312,10.56,10.8,10.36,10.5,68180.98,71954.388
300099.SZ,20200312,6.82,6.95,6.61,6.8,317161.53,215087.687
300101.SZ,20200312,11.59,12.15,11.48,11.76,205512.14,242359.838
300102.SZ,20200312,5.9,6.42,5.77,6.42,368499.95,230153.528
300105.SZ,20200312,4.7,4.7,4.54,4.62,65726.83,30258.389
300110.SZ,20200312,4.79,4.92,4.68,4.72,363243.0,173742.472
300126.SZ,20200312,5.9,5.98,5.82,5.93,35955.0,21221.226
300128.SZ,20200312,3.7,3.87,3.69,3.75,255352.78,96208.639
300139.SZ,20200312,8.84,9.15,8.65,8.72,132951.32,117795.419
300145.SZ,20200312,4.23,4.37,4.05,4.07,754709.7,316916.6
300150.SZ,20200312,5.38,5.53,5.28,5.36,85101.56,45749.826
300164.SZ,20200312,4.88,4.9,4.8,4.83,90313.09,43746.992
300171.SZ,20200312,8.76,8.92,8.57,8.62,77725.37,67774.553
300188.SZ,20200312,20.9,21.25,20.6,21.0,100224.84,210082.575
300193.SZ,20200312,8.71,8.83,8.61,8.72,63480.81,55279.986
300194.SZ,20200312,5.61,5.65,5.48,5.51,278742.71,154642.827
300202.SZ,20200312,9.88,10.03,9.57,9.76,103052.35,101091.463
300205.SZ,20200312,13.39,13.65,13.1,13.36,168036.2,224868.48
300209.SZ,20200312,15.45,15.8,15.12,15.54,118938.31,183757.094
300213.SZ,20200312,7.62,7.96,7.62,7.89,234874.32,182486.365
300218.SZ,20200312,8.0,8.01,7.8,7.85,32914.0,25969.627
300226.SZ,20200312,82.94,82.94,79.87,80.78,25650.5,207780.26
300227.SZ,20200312,15.07,15.59,14.5,14.9,54031.5,80401.343
300231.SZ,20200312,8.66,8.86,8.6,8.71,86891.06,75593.953
300236.SZ,20200312,52.1,54.9,51.58,53.08,180348.49,958862.208
300239.SZ,20200312,5.81,6.41,5.81,6.41,579131.26,362401.981
300263.SZ,20200312,7.87,8.35,7.86,8.2,577347.71,468010.236
300274.SZ,20200312,11.5,12.05,11.4,11.84,427586.3,504038.111
300284.SZ,20200312,9.27,9.65,9.04,9.56,192605.54,180003.857
300295.SZ,20200312,14.56,15.25,14.42,15.15,183361.54,274055.59
300301.SZ,20200312,3.49,3.5,3.36,3.45,156246.64,53573.56
300308.SZ,20200312,61.91,62.55,58.73,59.75,114085.56,687499.926
300311.SZ,20200312,8.05,8.21,7.95,8.04,166736.97,134386.722
300317.SZ,20200312,4.02,4.07,3.95,3.98,87870.68,35210.805
300323.SZ,20200312,7.1,7.34,6.99,7.14,135289.0,96479.448
300326.SZ,20200312,21.49,21.65,20.19,20.54,173137.63,359779.463
300346.SZ,20200312,25.47,26.75,25.32,25.76,264310.99,685315.7
300350.SZ,20200312,4.53,4.63,4.49,4.51,56694.8,25787.307
300355.SZ,20200312,3.34,3.44,3.3,3.38,299675.02,100848.754
300373.SZ,20200312,25.82,27.04,25.52,26.39,121669.51,321420.709
300378.SZ,20200312,16.95,17.5,16.8,17.3,130026.35,222592.61
300386.SZ,20200312,15.63,16.0,15.46,15.73,73587.23,115694.898
300400.SZ,20200312,12.82,12.96,12.55,12.61,39374.0,50109.381
300403.SZ,20200312,5.28,5.28,5.0,5.06,345730.49,178428.447
300414.SZ,20200312,13.67,14.04,13.33,13.63,163482.66,223492.065
300422.SZ,20200312,12.81,13.4,12.6,12.75,159792.67,207348.697
300430.SZ,20200312,8.41,8.52,8.23,8.4,42514.54,35602.339
300438.SZ,20200312,25.8,26.79,25.41,26.18,73106.01,191430.857
300442.SZ,20200312,17.52,17.65,17.1,17.2,10679.0,18479.475
300444.SZ,20200312,4.86,5.4,4.85,5.4,314410.01,166664.069
300447.SZ,20200312,11.8,12.32,11.47,11.9,58810.18,69922.652
300484.SZ,20200312,10.25,10.38,9.42,9.59,189691.37,187281.865
300486.SZ,20200312,27.5,28.0,27.0,27.2,15853.27,43337.026
300489.SZ,20200312,25.55,25.87,25.11,25.44,9921.22,25189.481
300490.SZ,20200312,10.55,10.57,10.2,10.3,37962.0,39319.205
300498.SZ,20200312,33.21,33.62,32.62,32.82,452420.84,1491025.908
300519.SZ,20200312,14.0,14.05,13.71,13.74,12578.82,17394.255
300520.SZ,20200312,22.65,23.24,22.4,22.91,64007.61,146023.482
300529.SZ,20200312,91.94,92.0,88.89,90.06,23847.37,215618.086
300532.SZ,20200312,11.72,12.05,11.65,11.87,77395.32,91741.909
300546.SZ,20200312,29.1,29.16,28.18,28.53,20283.0,58050.597
300548.SZ,20200312,98.55,100.36,95.01,95.5,15151.0,148072.503
300557.SZ,20200312,28.52,29.25,28.01,28.5,19052.38,54427.538
300576.SZ,20200312,28.91,29.76,28.2,28.42,39983.0,115392.03
300582.SZ,20200312,13.14,13.35,12.96,13.25,32561.21,42836.201
300586.SZ,20200312,25.5,25.5,21.65,21.65,297445.98,705887.956
300589.SZ,20200312,11.64,11.92,11.3,11.5,39868.12,46202.327
300594.SZ,20200312,31.89,31.89,31.02,31.24,15113.42,47537.296
300605.SZ,20200312,14.18,14.5,14.07,14.37,29967.48,42851.531
300612.SZ,20200312,15.04,15.26,14.7,15.0,23758.61,35609.011
300621.SZ,20200312,10.9,11.23,10.53,11.15,43878.5,47456.93
300622.SZ,20200312,17.55,17.55,16.92,17.02,12812.64,21939.171
300624.SZ,20200312,78.04,81.14,77.89,78.43,19522.49,154419.047
300630.SZ,20200312,68.22,68.99,66.15,66.53,34596.33,232632.311
300632.SZ,20200312,23.48,23.84,22.5,22.75,41702.81,95849.487
300642.SZ,20200312,48.15,48.74,46.42,46.8,19745.54,93712.704
300673.SZ,20200312,26.25,26.89,26.09,26.4,10266.31,27260.177
300675.SZ,20200312,13.72,13.81,13.48,13.54,25115.0,34227.348
300683.SZ,20200312,84.44,84.44,78.01,84.44,208609.08,1740468.386
300705.SZ,20200312,12.5,12.7,12.2,12.26,25802.07,32125.122
300708.SZ,20200312,15.49,16.35,15.35,15.77,80797.62,128256.487
300711.SZ,20200312,17.2,18.49,17.2,18.29,94927.17,170749.568
300720.SZ,20200312,15.0,15.14,14.7,14.88,14065.59,20909.23
300721.SZ,20200312,20.07,20.5,19.7,19.97,20181.54,40407.236
300726.SZ,20200312,29.8,31.19,29.78,30.55,79540.11,242053.08
300738.SZ,20200312,61.99,69.0,57.4,65.8,114496.68,693322.303
300753.SZ,20200312,41.86,42.55,41.0,41.65,11908.69,49689.874
300757.SZ,20200312,38.49,39.35,37.6,38.42,10388.43,39766.829
300766.SZ,20200312,35.98,36.5,34.82,35.29,15810.18,55930.537
300785.SZ,20200312,166.62,171.48,164.25,165.04,4541.91,75428.959
300791.SZ,20200312,51.6,51.65,50.65,51.15,5979.0,30538.828
300808.SZ,20200312,20.9,21.58,20.7,21.03,21160.7,44362.03
000707.SZ,20200312,2.9,2.92,2.8,2.89,37807.02,10858.246
000710.SZ,20200312,47.01,49.5,46.01,46.5,74416.02,352002.077
000717.SZ,20200312,4.02,4.09,4.0,4.03,409311.18,165328.732
000729.SZ,20200312,6.02,6.03,5.92,5.95,78608.54,46880.23
000732.SZ,20200312,5.97,6.17,5.91,6.05,543849.7,327950.416
000750.SZ,20200312,4.95,5.12,4.91,5.01,1578711.99,792764.927
000803.SZ,20200312,13.12,13.29,13.0,13.1,4144.21,5428.724
000819.SZ,20200312,9.58,9.79,8.95,9.07,142359.0,132482.689
000820.SZ,20200312,1.35,1.35,1.31,1.32,67733.01,8985.12
000877.SZ,20200312,11.68,11.78,11.36,11.43,219626.16,253455.704
000881.SZ,20200312,8.33,8.58,8.02,8.09,221533.19,182430.287
000883.SZ,20200312,3.69,3.7,3.66,3.68,107092.71,39353.719
000886.SZ,20200312,4.56,4.66,4.39,4.43,529819.76,238368.816
000888.SZ,20200312,6.28,6.32,6.14,6.18,86922.4,53975.661
000892.SZ,20200312,4.88,4.89,4.68,4.73,147609.31,70451.921
000898.SZ,20200312,2.87,2.89,2.82,2.84,238660.71,68073.523
300811.SZ,20200312,77.49,79.2,77.0,77.32,9518.31,74117.277
300820.SZ,20200312,111.0,122.33,108.38,117.42,14620.3,171991.237
000028.SZ,20200312,42.49,42.49,41.27,41.6,28758.57,119900.728
000046.SZ,20200312,4.35,4.41,4.3,4.35,202694.31,88147.842
300025.SZ,20200312,5.5,5.88,5.5,5.85,545391.18,310746.486
300037.SZ,20200312,36.8,37.45,36.37,36.7,55302.79,203013.228
300058.SZ,20200312,6.73,6.96,6.66,6.82,545657.67,371829.131
300071.SZ,20200312,2.67,2.71,2.62,2.68,190186.76,50596.105
300073.SZ,20200312,28.3,28.79,27.38,27.63,93090.78,259822.048
300078.SZ,20200312,13.91,14.06,13.46,13.66,191088.75,262656.3
300085.SZ,20200312,15.58,15.64,15.05,15.25,139295.09,213487.783
300086.SZ,20200312,6.17,6.35,5.93,6.0,232854.88,141123.807
300113.SZ,20200312,24.0,24.27,23.36,23.58,101766.54,241062.032
300115.SZ,20200312,19.8,20.3,19.2,19.5,303288.02,596124.207
300120.SZ,20200312,7.68,8.21,7.66,8.21,124827.02,98786.819
300122.SZ,20200312,64.0,64.7,61.42,61.75,139520.19,877410.576
300127.SZ,20200312,15.67,15.88,15.4,15.52,37083.42,57883.008
300130.SZ,20200312,16.34,16.54,16.03,16.27,84850.18,138168.735
300155.SZ,20200312,7.35,7.6,7.2,7.38,170136.38,125472.294
300177.SZ,20200312,10.24,10.59,10.13,10.36,236427.65,244507.364
300185.SZ,20200312,1.83,1.86,1.82,1.84,418670.79,76944.041
300204.SZ,20200312,13.1,13.1,12.25,12.4,71089.28,89377.124
300211.SZ,20200312,7.88,7.9,7.56,7.75,89996.37,69829.128
300212.SZ,20200312,47.55,47.88,46.0,46.8,102741.83,482096.429
300215.SZ,20200312,7.68,8.09,7.63,7.8,206938.96,162107.263
300219.SZ,20200312,8.37,8.37,8.06,8.12,25630.54,20963.983
300224.SZ,20200312,8.6,8.71,8.32,8.69,87278.11,74447.536
300229.SZ,20200312,18.68,19.45,18.5,18.83,121838.03,230603.787
300230.SZ,20200312,5.6,5.74,5.47,5.57,232762.82,130266.925
300233.SZ,20200312,20.27,20.45,19.7,19.79,22123.29,44118.868
300255.SZ,20200312,5.69,5.76,5.64,5.72,106745.1,60901.791
300261.SZ,20200312,5.17,5.73,5.08,5.39,675751.33,362351.39
300262.SZ,20200312,4.76,4.9,4.71,4.8,132676.13,63585.837
300270.SZ,20200312,8.79,8.93,8.6,8.8,73397.4,64275.77
300278.SZ,20200312,4.52,4.56,4.44,4.55,189062.33,85115.544
300279.SZ,20200312,6.26,6.6,6.24,6.5,129148.56,83505.961
300283.SZ,20200312,4.66,4.87,4.52,4.85,91088.66,42718.411
300292.SZ,20200312,5.77,6.16,5.76,6.13,1116840.81,668826.806
300318.SZ,20200312,4.71,4.81,4.62,4.63,95202.68,44628.832
300319.SZ,20200312,12.59,13.16,12.52,12.77,194455.63,249272.924
300325.SZ,20200312,3.69,3.8,3.65,3.65,947935.2,348609.09
300330.SZ,20200312,10.36,10.84,10.12,10.44,88895.35,93399.737
300331.SZ,20200312,30.85,31.33,29.61,30.15,57158.0,173417.785
300332.SZ,20200312,4.66,5.04,4.61,4.96,286114.2,139079.415
300335.SZ,20200312,5.21,5.27,5.13,5.18,77509.76,40326.737
300381.SZ,20200312,10.9,10.9,10.54,10.69,53500.1,57269.208
000915.SZ,20200312,28.22,28.4,27.01,27.96,103494.93,287309.779
000921.SZ,20200312,10.25,10.3,10.08,10.14,105911.04,107742.742
000926.SZ,20200312,5.62,5.63,5.49,5.54,128682.0,71512.98
000927.SZ,20200312,4.05,4.57,4.01,4.57,288105.62,123975.022
000930.SZ,20200312,7.19,7.24,7.03,7.07,172398.45,122643.007
000957.SZ,20200312,7.56,8.18,7.46,8.1,189744.95,147333.063
000966.SZ,20200312,4.13,4.17,4.06,4.08,149720.75,61359.398
000993.SZ,20200312,6.95,6.95,6.75,6.78,42291.58,28819.132
002002.SZ,20200312,4.53,4.56,4.41,4.44,610181.48,272822.926
002006.SZ,20200312,5.25,5.43,4.9,5.0,202071.59,103951.579
002007.SZ,20200312,42.27,42.37,40.7,40.89,184603.4,760067.76
002010.SZ,20200312,6.81,6.85,6.64,6.72,221781.13,149616.813
002012.SZ,20200312,6.01,6.08,5.8,5.96,236131.01,140082.875
002023.SZ,20200312,16.37,17.65,16.25,17.11,575794.11,982675.631
002031.SZ,20200312,2.11,2.19,2.07,2.12,1275840.95,270236.621
002033.SZ,20200312,5.95,6.05,5.85,5.88,108520.88,64127.884
002044.SZ,20200312,13.53,13.6,13.12,13.3,204951.52,272292.544
002053.SZ,20200312,6.85,6.85,6.68,6.72,22120.37,14917.83
002065.SZ,20200312,15.14,15.28,14.68,14.97,549004.65,821072.426
002081.SZ,20200312,8.81,8.81,8.6,8.67,166980.96,145140.867
002090.SZ,20200312,10.2,10.37,9.82,10.08,74394.74,74974.706
002091.SZ,20200312,6.96,7.04,6.79,6.89,116598.85,80672.09
002094.SZ,20200312,4.25,4.26,4.14,4.17,118939.02,49856.18
002111.SZ,20200312,16.03,16.13,15.6,15.8,62502.91,99085.839
002121.SZ,20200312,4.15,4.28,4.05,4.09,271734.54,112261.851
002124.SZ,20200312,11.65,11.86,11.05,11.22,625291.19,710956.519
002125.SZ,20200312,8.4,8.75,8.09,8.41,281252.09,236589.885
002137.SZ,20200312,8.58,8.85,8.41,8.5,258028.03,221921.234
002138.SZ,20200312,23.44,24.11,22.91,23.33,240251.05,564488.048
002149.SZ,20200312,7.56,7.66,7.38,7.47,80455.0,60344.712
002157.SZ,20200312,19.1,19.59,18.05,18.4,1199037.68,2240092.419
002159.SZ,20200312,12.43,12.69,11.96,12.39,62040.51,76286.97
002165.SZ,20200312,4.88,4.95,4.78,4.86,88969.21,43084.617
002173.SZ,20200312,5.9,6.11,5.9,5.96,44535.01,26678.11
002174.SZ,20200312,21.52,22.67,21.29,22.09,549321.07,1217319.733
002176.SZ,20200312,2.82,2.84,2.76,2.79,311662.27,86954.456
002211.SZ,20200312,5.83,5.83,5.65,5.76,46224.0,26513.141
002229.SZ,20200312,7.74,7.74,7.47,7.5,239302.88,181850.873
002234.SZ,20200312,27.96,28.68,27.96,28.19,126005.83,356100.037
000008.SZ,20200312,3.54,3.61,3.43,3.49,687086.39,241427.265
000010.SZ,20200312,3.55,3.59,3.52,3.56,25076.0,8898.376
000026.SZ,20200312,9.38,9.45,9.14,9.18,66695.86,61614.554
000027.SZ,20200312,5.5,5.52,5.45,5.47,88927.7,48689.12
000034.SZ,20200312,26.85,27.56,26.01,26.7,152515.47,407652.133
000040.SZ,20200312,3.96,4.12,3.92,4.06,819614.18,330191.855
000058.SZ,20200312,6.8,6.85,6.62,6.68,132845.36,89457.405
300388.SZ,20200312,11.88,11.97,11.26,11.34,177746.01,206270.643
300390.SZ,20200312,10.58,10.94,9.98,10.3,325108.11,337471.537
300394.SZ,20200312,48.5,51.0,47.74,51.0,47278.07,234232.364
300408.SZ,20200312,22.7,23.12,22.28,22.5,182105.31,412763.821
300426.SZ,20200312,5.19,5.34,5.06,5.16,59311.0,30648.411
300429.SZ,20200312,16.57,17.1,16.47,16.99,185045.89,311161.691
300433.SZ,20200312,17.9,18.64,17.73,18.16,641188.28,1159480.541
300440.SZ,20200312,10.4,10.95,10.16,10.65,182569.61,193960.294
300468.SZ,20200312,37.08,37.79,36.31,36.95,90873.72,336735.691
300480.SZ,20200312,17.51,17.97,17.35,17.61,26776.19,47285.238
300485.SZ,20200312,11.28,11.96,10.6,10.67,169383.11,187906.702
300491.SZ,20200312,14.0,14.15,13.5,13.71,53674.34,73950.701
600026.SH,20200312,7.0,7.65,6.86,7.33,1511647.34,1098308.64
600028.SH,20200312,4.7,4.74,4.62,4.64,1750364.26,817379.908
000401.SZ,20200312,19.42,19.81,19.03,19.25,392596.97,758812.676
600039.SH,20200312,3.63,3.67,3.6,3.62,325087.8,117832.569
600053.SH,20200312,27.65,28.53,26.86,27.16,85175.4,235447.644
600057.SH,20200312,4.55,4.73,4.47,4.68,249331.69,114510.284
000422.SZ,20200312,2.65,2.67,2.62,2.64,61526.56,16282.643
000423.SZ,20200312,30.14,30.15,29.81,30.05,63582.71,190426.442
600060.SH,20200312,12.91,13.0,12.52,12.63,122714.19,156403.466
600061.SH,20200312,13.6,13.85,13.51,13.68,254580.65,347719.756
600069.SH,20200312,2.74,2.86,2.52,2.53,915095.0,241438.658
600072.SH,20200312,12.01,12.12,11.81,11.89,131615.71,157032.167
000507.SZ,20200312,5.29,5.31,5.21,5.23,78321.0,41118.093
000513.SZ,20200312,36.67,36.95,36.23,36.54,72501.73,264653.745
000523.SZ,20200312,6.83,6.83,6.61,6.65,92667.0,62126.674
000526.SZ,20200312,42.15,43.09,41.3,42.4,11999.68,50513.953
600084.SH,20200312,2.55,2.58,2.52,2.53,62660.26,15971.676
000538.SZ,20200312,78.6,78.6,76.89,77.16,54044.96,419166.374
600094.SH,20200312,6.36,6.4,6.18,6.27,389157.44,243433.204
600097.SH,20200312,9.6,9.69,9.36,9.52,15648.01,14868.365
600101.SH,20200312,6.26,6.35,6.2,6.26,29118.9,18166.56
600103.SH,20200312,2.17,2.2,2.12,2.15,313491.63,67597.554
000546.SZ,20200312,9.0,9.0,8.8,8.83,46961.63,41728.283
600123.SH,20200312,5.63,5.68,5.59,5.63,99349.36,55931.187
000557.SZ,20200312,3.03,3.06,2.99,3.01,57275.0,17300.364
600132.SH,20200312,49.52,50.6,48.59,50.28,31430.82,156818.278
600135.SH,20200312,7.95,8.05,7.8,7.91,69003.73,54717.272
600141.SH,20200312,10.52,10.65,10.25,10.3,171471.52,178857.574
600146.SH,20200312,14.05,14.48,13.72,13.8,140005.15,195692.895
000576.SZ,20200312,6.95,7.1,6.72,6.91,134033.0,92204.484
600148.SH,20200312,11.95,11.95,11.53,11.7,13848.15,16192.344
600158.SH,20200312,9.73,9.81,9.4,9.48,164548.46,157856.651
600173.SH,20200312,4.89,4.95,4.81,4.81,25522.0,12368.71
600004.SH,20200312,15.45,15.46,14.93,14.97,191117.23,287549.235
000089.SZ,20200312,8.18,8.19,8.08,8.11,183519.35,148984.894
600018.SH,20200312,4.76,4.77,4.67,4.73,322290.06,152179.375
000151.SZ,20200312,9.0,9.35,8.63,9.35,116206.56,105466.207
600025.SH,20200312,3.8,3.81,3.73,3.75,257860.21,96933.594
000301.SZ,20200312,4.88,4.89,4.8,4.85,79562.33,38476.947
000338.SZ,20200312,14.04,14.21,13.8,13.87,481887.82,671768.763
000402.SZ,20200312,7.08,7.11,6.98,7.02,111545.67,78374.445
600036.SH,20200312,34.37,34.59,34.02,34.16,619180.02,2118258.08
000404.SZ,20200312,3.8,3.8,3.71,3.74,81751.6,30657.779
600038.SH,20200312,44.0,44.5,42.55,43.15,83044.69,359755.366
000410.SZ,20200312,5.45,5.46,5.37,5.37,52666.05,28456.592
600059.SH,20200312,7.7,7.73,7.52,7.59,41666.01,31781.072
600077.SH,20200312,2.95,2.98,2.92,2.94,83890.12,24712.027
000519.SZ,20200312,7.52,7.71,7.44,7.5,298143.82,225672.377
000532.SZ,20200312,11.11,11.66,11.0,11.13,129722.68,146660.9
600080.SH,20200312,6.37,7.12,6.33,6.97,463684.07,320479.975
600083.SH,20200312,12.35,12.36,11.93,12.05,170328.21,206995.113
600090.SH,20200312,4.51,4.52,4.37,4.41,228214.82,101548.929
600095.SH,20200312,9.3,9.49,9.2,9.37,186527.01,174526.54
600104.SH,20200312,22.78,22.83,22.3,22.67,188033.29,422872.696
600115.SH,20200312,4.79,4.79,4.67,4.7,716678.75,338445.709
000547.SZ,20200312,14.25,14.7,14.14,14.53,329363.79,474623.678
000550.SZ,20200312,12.8,12.89,12.53,12.8,59043.38,75005.962
600125.SH,20200312,5.31,5.35,5.23,5.26,151738.22,80283.57
000558.SZ,20200312,2.98,3.0,2.91,2.93,147512.16,43492.103
600136.SH,20200312,11.09,11.19,10.75,10.84,118943.87,130180.622
000566.SZ,20200312,8.3,8.5,8.13,8.17,403612.6,333827.104
600149.SH,20200312,4.94,4.98,4.84,4.9,28232.0,13886.812
000595.SZ,20200312,3.0,3.32,2.96,3.2,781292.53,238996.257
600161.SH,20200312,33.41,33.41,32.15,32.57,89493.41,293179.646
600169.SH,20200312,2.25,2.32,2.16,2.2,936592.34,210198.328
000606.SZ,20200312,4.54,4.56,4.42,4.45,113577.0,50922.537
000607.SZ,20200312,4.44,4.51,4.34,4.36,105534.7,46493.193
600178.SH,20200312,4.67,4.8,4.64,4.78,52660.01,24836.111
600186.SH,20200312,3.04,3.04,2.96,2.97,99009.0,29579.416
600198.SH,20200312,10.67,11.37,10.49,11.28,482504.81,523477.109
600199.SH,20200312,5.3,5.32,5.21,5.24,68050.15,35707.732
600207.SH,20200312,4.54,4.59,4.45,4.49,81120.0,36606.503
600213.SH,20200312,7.94,8.17,7.75,8.13,63959.78,50822.817
600219.SH,20200312,2.11,2.14,2.1,2.12,659149.21,139497.43
600227.SH,20200312,2.98,3.13,2.95,3.02,296321.02,89411.715
600249.SH,20200312,4.25,4.39,4.16,4.21,69447.5,29508.178
000611.SZ,20200312,3.92,3.97,3.84,3.9,24033.01,9383.163
600257.SH,20200312,3.85,3.9,3.77,3.83,60136.0,22950.084
600258.SH,20200312,17.16,17.74,16.99,17.15,200129.04,347752.566
000610.SZ,20200312,8.45,8.9,8.36,8.7,198405.34,170835.626
600175.SH,20200312,1.41,1.43,1.4,1.41,477875.24,67598.342
600182.SH,20200312,14.1,14.4,14.02,14.27,20755.0,29379.145
600183.SH,20200312,31.7,32.83,31.07,32.77,466420.74,1488959.519
600201.SH,20200312,20.67,20.8,20.26,20.46,117151.94,240338.769
600202.SH,20200312,4.65,4.77,4.6,4.62,61878.1,28785.559
600209.SH,20200312,3.08,3.11,2.97,3.0,109337.0,32935.239
600229.SH,20200312,7.42,7.44,7.21,7.33,68994.25,50604.22
600241.SH,20200312,4.23,4.23,4.07,4.14,31604.54,13055.797
000612.SZ,20200312,3.8,3.8,3.69,3.76,69244.88,25850.32
600265.SH,20200312,21.42,21.52,21.18,21.2,1452.0,3088.882
600266.SH,20200312,7.33,7.39,7.23,7.25,113753.98,82895.282
000625.SZ,20200312,10.98,11.39,10.87,11.28,424717.18,471777.81
000626.SZ,20200312,8.45,8.45,8.07,8.21,52808.0,43628.499
000630.SZ,20200312,2.09,2.1,2.07,2.08,603310.93,125726.885
600278.SH,20200312,10.21,10.68,10.11,10.41,99228.6,103228.838
600283.SH,20200312,9.22,9.22,9.02,9.04,20018.08,18209.38
000655.SZ,20200312,5.49,5.52,5.35,5.4,93720.75,50837.473
600293.SH,20200312,3.67,3.89,3.36,3.38,1264918.27,455558.037
000667.SZ,20200312,2.78,2.79,2.73,2.76,133130.62,36682.173
000669.SZ,20200312,2.8,2.87,2.79,2.8,82359.6,23220.365
600301.SH,20200312,6.17,6.19,6.03,6.09,14646.73,8954.17
600311.SH,20200312,2.92,2.94,2.86,2.87,195565.0,56527.688
600315.SH,20200312,27.0,27.22,26.42,26.6,47160.72,126111.869
600326.SH,20200312,6.83,6.93,6.66,6.73,181882.6,122903.886
600331.SH,20200312,2.48,2.61,2.45,2.54,317183.54,80498.459
600333.SH,20200312,4.52,4.55,4.45,4.47,34426.8,15440.038
600335.SH,20200312,5.55,5.62,5.46,5.51,88057.3,48598.542
600348.SH,20200312,4.78,4.81,4.71,4.73,153774.43,72906.713
600360.SH,20200312,8.73,9.91,8.73,9.91,2092880.62,2031048.206
600377.SH,20200312,10.31,10.38,10.22,10.35,56548.93,58176.521
600385.SH,20200312,7.79,7.85,7.72,7.77,3827.0,2973.331
600386.SH,20200312,4.11,4.37,4.07,4.37,883730.65,377292.528
600399.SH,20200312,3.79,3.93,3.75,3.79,152900.38,58289.324
600408.SH,20200312,2.41,2.52,2.35,2.44,176920.92,43226.777
600409.SH,20200312,6.02,6.15,5.88,5.92,464968.33,277679.769
600425.SH,20200312,3.99,4.11,3.97,4.02,360216.01,144732.968
600439.SH,20200312,3.14,3.15,3.07,3.1,129854.92,40280.733
600468.SH,20200312,4.22,4.34,4.17,4.24,139332.04,59118.059
600475.SH,20200312,9.8,10.48,9.71,10.48,90239.28,92442.081
600477.SH,20200312,4.28,4.34,4.1,4.16,398256.21,167136.964
600480.SH,20200312,10.5,11.0,9.91,10.13,171601.94,177694.331
600485.SH,20200312,1.68,1.7,1.65,1.65,652877.25,108439.365
600491.SH,20200312,7.58,7.64,7.37,7.48,131584.0,98656.206
600495.SH,20200312,4.35,4.72,4.31,4.56,585949.13,266595.762
600499.SH,20200312,5.06,5.08,4.85,4.94,148084.74,73311.879
600271.SH,20200312,22.0,22.21,21.61,21.85,164271.71,359509.584
600272.SH,20200312,7.14,7.22,6.99,7.03,19837.49,14051.428
600273.SH,20200312,9.92,10.02,9.83,9.99,185324.96,183539.673
600280.SH,20200312,2.13,2.15,2.07,2.1,169421.59,35659.06
000638.SZ,20200312,4.84,5.0,4.84,5.0,68377.7,33733.873
600282.SH,20200312,3.16,3.18,3.12,3.13,397729.79,125152.776
000639.SZ,20200312,5.0,5.08,4.96,5.04,82874.67,41493.463
600284.SH,20200312,6.42,6.57,6.42,6.48,103847.41,67308.363
000651.SZ,20200312,58.88,59.05,57.98,58.22,496562.45,2899265.452
600318.SH,20200312,11.35,12.06,11.11,11.27,586062.16,679042.508
600322.SH,20200312,2.71,2.8,2.68,2.77,292426.06,80206.236
600346.SH,20200312,14.15,14.3,13.92,14.04,239363.57,336114.969
600359.SH,20200312,5.55,5.64,5.47,5.55,146950.4,81737.212
600372.SH,20200312,13.9,14.0,13.6,13.67,108390.07,149496.761
600373.SH,20200312,13.5,13.5,13.07,13.21,127232.2,168751.068
600376.SH,20200312,7.07,7.14,6.98,7.04,94127.56,66263.77
600381.SH,20200312,5.08,5.1,4.97,5.09,39998.27,20153.716
600383.SH,20200312,14.5,14.99,14.41,14.65,205192.9,301691.087
600403.SH,20200312,3.99,3.99,3.87,3.91,14717.02,5759.718
600406.SH,20200312,21.41,22.56,21.4,21.63,489212.66,1070782.418
600410.SH,20200312,11.95,12.51,11.7,12.22,917826.02,1111279.856
600421.SH,20200312,10.88,11.17,10.59,10.95,5877.04,6374.557
600476.SH,20200312,13.7,13.86,13.4,13.57,28012.91,38135.787
600479.SH,20200312,8.9,8.95,8.78,8.82,80342.81,71123.613
600481.SH,20200312,3.2,3.24,3.16,3.17,62115.21,19844.715
600486.SH,20200312,69.61,70.0,66.99,67.09,44577.98,303163.467
600501.SH,20200312,9.05,9.11,8.71,8.84,95630.82,84820.443
600505.SH,20200312,9.75,10.19,9.48,10.19,63745.61,62654.75
600531.SH,20200312,4.21,4.22,4.12,4.18,183102.97,76375.65
600538.SH,20200312,6.07,6.19,5.9,6.13,237716.75,144075.92
600545.SH,20200312,6.18,6.31,6.05,6.06,156183.86,96102.583
600546.SH,20200312,10.4,10.58,10.01,10.12,266165.48,271425.629
600548.SH,20200312,9.64,9.65,9.54,9.58,44984.0,43104.47
600556.SH,20200312,12.5,12.5,12.02,12.02,46741.63,56381.76
600566.SH,20200312,23.77,23.77,22.9,23.27,83997.34,194436.325
600577.SH,20200312,2.98,3.02,2.91,2.93,258378.52,76321.039
600580.SH,20200312,13.39,13.4,12.9,13.09,372014.47,488554.806
600588.SH,20200312,42.0,43.65,41.02,42.96,367672.9,1555551.365
600604.SH,20200312,8.11,8.27,7.9,8.0,437269.45,353035.218
600606.SH,20200312,5.96,6.02,5.87,5.92,548294.98,324725.616
600615.SH,20200312,9.12,9.12,8.83,8.91,29645.57,26493.982
600617.SH,20200312,4.21,4.33,4.18,4.25,55670.0,23743.968
600637.SH,20200312,10.04,10.09,9.92,9.99,176660.22,176493.958
600650.SH,20200312,9.33,9.85,9.3,9.63,43684.95,41972.311
600653.SH,20200312,2.07,2.09,2.04,2.07,196088.6,40429.36
600654.SH,20200312,2.29,2.29,2.21,2.26,80735.58,18185.305
600517.SH,20200312,7.82,8.1,7.66,7.9,311573.83,245746.493
600522.SH,20200312,10.19,10.96,10.19,10.93,2631301.16,2763755.967
600526.SH,20200312,5.37,5.48,5.34,5.36,53791.01,28969.684
600528.SH,20200312,10.34,10.6,10.3,10.35,115325.03,119988.426
600535.SH,20200312,14.99,14.99,14.7,14.75,154784.12,229222.342
600540.SH,20200312,3.94,3.99,3.84,3.94,126831.44,49652.627
600549.SH,20200312,11.98,12.02,11.81,11.86,87993.96,104605.35
600560.SH,20200312,9.02,9.99,9.02,9.93,136447.01,130110.563
600562.SH,20200312,15.55,16.05,15.4,15.78,178726.56,280175.31
600569.SH,20200312,2.32,2.35,2.29,2.32,196550.92,45544.179
600575.SH,20200312,2.33,2.33,2.29,2.29,270476.07,62341.957
600576.SH,20200312,4.3,4.52,4.24,4.47,140612.18,62022.672
600595.SH,20200312,1.93,1.96,1.91,1.94,59758.24,11489.585
600618.SH,20200312,8.1,8.27,7.94,8.07,67131.08,54304.911
600626.SH,20200312,6.3,6.47,6.26,6.35,133822.34,85213.887
600636.SH,20200312,12.35,12.35,11.96,12.19,63380.52,76769.23
600647.SH,20200312,14.25,15.68,14.05,15.68,113464.38,172937.154
600685.SH,20200312,13.3,13.4,13.11,13.18,53841.39,71161.266
600692.SH,20200312,6.08,6.13,5.74,5.96,209493.55,125015.379
600696.SH,20200312,11.39,11.39,11.1,11.19,5615.33,6288.145
600707.SH,20200312,4.62,4.76,4.57,4.61,243216.78,112699.664
600708.SH,20200312,3.17,3.19,3.12,3.14,153039.94,48168.282
600712.SH,20200312,6.46,6.47,6.08,6.16,385518.96,240267.999
600720.SH,20200312,12.62,12.8,12.35,12.47,196213.56,245796.919
600722.SH,20200312,4.19,4.19,4.1,4.13,55435.68,22967.679
600723.SH,20200312,5.53,5.54,5.45,5.54,51187.5,28156.229
600775.SH,20200312,10.27,10.95,10.18,10.8,362048.11,384349.711
600780.SH,20200312,3.34,3.38,3.3,3.3,27756.12,9259.852
600787.SH,20200312,5.0,5.01,4.85,4.89,147393.57,72339.897
300505.SZ,20200312,21.0,21.19,20.5,20.62,18676.98,38800.106
300510.SZ,20200312,5.28,5.54,5.24,5.36,250773.77,134636.684
300514.SZ,20200312,13.39,14.2,13.25,13.96,120708.27,164735.351
300521.SZ,20200312,10.67,11.08,10.44,10.78,32331.7,34726.928
300530.SZ,20200312,31.49,31.75,31.13,31.36,4506.25,14169.279
300540.SZ,20200312,13.6,13.8,13.35,13.62,13837.54,18746.828
300543.SZ,20200312,23.6,25.2,23.3,24.46,62410.0,151658.706
300558.SZ,20200312,76.1,76.5,73.09,73.95,60013.69,448101.048
300560.SZ,20200312,17.52,17.89,16.95,17.52,101962.42,177451.526
300568.SZ,20200312,33.84,34.59,31.44,31.85,103832.99,338058.703
300569.SZ,20200312,14.77,14.99,14.45,14.57,59049.38,86482.418
300571.SZ,20200312,57.03,57.99,56.18,57.45,41506.4,236980.498
300577.SZ,20200312,32.7,32.7,31.49,31.73,20462.36,65320.154
300595.SZ,20200312,56.88,57.09,54.66,55.2,54205.05,300711.761
300602.SZ,20200312,55.67,57.45,54.81,55.75,54977.16,307165.047
300603.SZ,20200312,36.96,37.25,34.51,35.98,123390.17,444835.028
300609.SZ,20200312,43.71,45.4,43.15,44.49,12609.44,55694.352
600666.SH,20200312,2.39,2.41,2.31,2.34,181062.52,42565.433
600679.SH,20200312,11.1,11.3,11.1,11.14,13154.0,14679.956
600686.SH,20200312,6.59,6.78,6.54,6.69,39418.13,26162.642
600693.SH,20200312,5.07,5.08,4.91,4.96,41279.68,20506.691
600702.SH,20200312,24.6,24.6,24.03,24.11,69119.3,167758.712
600729.SH,20200312,26.61,26.76,26.45,26.53,56070.9,148819.668
600738.SH,20200312,5.4,5.8,5.2,5.34,349960.52,193541.161
600739.SH,20200312,20.05,20.13,19.58,19.68,243978.26,484175.003
600751.SH,20200312,3.34,3.42,3.26,3.32,708582.77,235348.39
600754.SH,20200312,28.88,29.45,28.22,28.89,30394.34,87429.323
600761.SH,20200312,9.35,9.45,9.18,9.19,74317.97,69076.226
600777.SH,20200312,1.92,1.92,1.88,1.89,837844.45,159113.713
600783.SH,20200312,15.8,15.94,15.08,15.34,227022.99,352173.546
600811.SH,20200312,3.29,3.32,3.2,3.22,317203.07,103042.397
600823.SH,20200312,4.2,4.2,4.15,4.17,95445.47,39748.989
600829.SH,20200312,7.8,7.87,7.55,7.59,61471.0,47183.841
600831.SH,20200312,9.26,9.44,9.06,9.18,198321.66,183018.837
600835.SH,20200312,14.77,14.96,14.7,14.8,58662.06,86801.843
600851.SH,20200312,8.55,8.88,8.3,8.36,128871.5,110790.869
600859.SH,20200312,12.9,12.9,12.5,12.57,54753.51,69085.512
600879.SH,20200312,7.24,7.28,6.86,7.03,1084633.46,767024.474
600890.SH,20200312,8.41,8.82,8.4,8.69,68378.01,58708.667
600892.SH,20200312,5.02,5.16,4.8,4.86,61824.07,30683.846
600961.SH,20200312,6.84,6.84,6.59,6.6,54206.37,36152.628
600969.SH,20200312,6.15,6.21,6.08,6.12,34313.2,21083.023
600973.SH,20200312,4.42,4.5,4.29,4.32,334888.04,146946.583
600984.SH,20200312,12.35,12.46,11.8,11.97,98065.27,118087.5
600988.SH,20200312,7.52,7.65,7.23,7.36,997465.17,741935.636
600990.SH,20200312,43.63,43.97,42.61,42.84,16711.6,72001.263
601002.SH,20200312,6.2,6.46,6.17,6.21,194313.01,122512.259
601005.SH,20200312,1.68,1.71,1.66,1.71,419328.34,70723.907
601007.SH,20200312,8.43,8.57,8.29,8.29,29499.74,24781.665
601008.SH,20200312,3.81,3.95,3.75,3.81,201210.99,76787.84
601066.SH,20200312,35.5,36.26,34.96,35.52,420759.56,1497019.009
601077.SH,20200312,5.82,5.9,5.78,5.8,355865.45,207296.655
601113.SH,20200312,2.92,2.96,2.91,2.92,58888.0,17244.951
601179.SH,20200312,4.05,4.18,3.98,4.0,564015.31,229245.842
601186.SH,20200312,10.39,10.77,10.25,10.63,1263409.02,1330084.503
601188.SH,20200312,2.81,2.84,2.79,2.82,66268.18,18615.913
601200.SH,20200312,11.68,11.91,11.5,11.62,131705.45,154256.807
601225.SH,20200312,7.75,7.8,7.65,7.7,303844.21,234043.9
601326.SH,20200312,2.92,2.94,2.86,2.88,89825.67,25971.715
601558.SH,20200312,1.01,1.02,1.0,1.01,358581.0,36254.88
601567.SH,20200312,8.18,8.26,7.97,8.05,126496.62,102428.02
601616.SH,20200312,3.22,3.37,3.2,3.29,324734.93,106079.75
601619.SH,20200312,3.43,3.5,3.41,3.45,146666.85,50537.218
300626.SZ,20200312,8.65,8.79,8.3,8.3,44236.32,37518.345
300627.SZ,20200312,25.61,26.16,25.08,25.5,47460.78,121691.501
300631.SZ,20200312,18.06,18.35,17.65,17.88,21910.6,39289.288
300636.SZ,20200312,34.85,36.2,34.75,35.03,28109.0,99544.562
300638.SZ,20200312,74.88,76.38,73.5,74.1,30723.26,229406.367
300639.SZ,20200312,28.38,28.38,27.06,27.32,31548.96,86908.897
300650.SZ,20200312,15.99,15.99,15.45,15.7,11624.38,18216.617
300651.SZ,20200312,26.68,29.26,26.0,28.2,73240.59,203376.765
300660.SZ,20200312,16.45,16.65,16.1,16.13,59241.76,96879.711
300672.SZ,20200312,51.11,52.78,50.3,51.67,39948.86,206043.044
300691.SZ,20200312,18.3,18.66,17.91,18.12,36040.49,65797.59
300693.SZ,20200312,17.19,18.5,17.06,18.41,75219.9,136377.421
300695.SZ,20200312,66.3,66.31,63.45,64.5,9499.0,61331.884
300723.SZ,20200312,40.72,40.96,39.2,39.81,12304.21,48862.18
300740.SZ,20200312,8.08,8.08,7.85,7.89,61559.38,48990.049
300743.SZ,20200312,18.85,19.1,18.4,18.62,15151.2,28276.594
300746.SZ,20200312,12.22,12.34,12.02,12.12,21151.0,25694.561
300748.SZ,20200312,32.08,32.1,30.75,30.96,78707.89,245977.851
300756.SZ,20200312,31.78,31.81,31.02,31.81,6019.2,18866.08
300760.SZ,20200312,255.68,255.79,241.0,244.2,87439.52,2163913.399
300767.SZ,20200312,84.68,84.68,80.1,80.72,14289.0,116619.212
300770.SZ,20200312,152.29,154.0,149.5,151.85,9734.77,147402.779
300783.SZ,20200312,67.0,67.19,63.4,64.48,15469.26,100127.801
300786.SZ,20200312,50.88,50.88,49.58,50.03,7814.0,39210.173
300802.SZ,20200312,44.68,44.8,43.66,44.12,9332.03,41229.564
300815.SZ,20200312,105.0,110.2,104.0,106.34,22138.47,236866.907
300818.SZ,20200312,37.15,37.44,36.45,36.63,13383.04,49436.261
000009.SZ,20200312,7.06,7.16,6.87,6.98,907321.28,636765.86
000012.SZ,20200312,5.13,5.21,5.03,5.09,320659.16,163599.791
000014.SZ,20200312,8.4,8.47,8.28,8.35,25638.71,21433.904
000017.SZ,20200312,4.4,4.7,4.3,4.68,240670.64,109227.451
000056.SZ,20200312,3.8,3.84,3.7,3.73,62238.52,23393.839
000070.SZ,20200312,10.99,11.52,10.88,11.5,449965.92,509841.567
600020.SH,20200312,4.11,4.16,4.03,4.05,319578.57,130475.744
000155.SZ,20200312,4.27,4.27,4.12,4.17,153818.34,64248.976
000157.SZ,20200312,6.07,6.07,5.9,5.95,459906.12,274570.677
000685.SZ,20200312,8.03,8.1,7.92,7.97,66173.82,53010.5
000690.SZ,20200312,5.32,5.41,5.25,5.33,137070.7,72701.891
000711.SZ,20200312,4.46,4.47,4.35,4.37,155607.2,68385.949
000715.SZ,20200312,5.73,5.73,5.6,5.67,15018.83,8475.854
000720.SZ,20200312,5.21,5.23,5.09,5.22,59918.2,30965.307
000721.SZ,20200312,3.92,4.22,3.9,4.1,254574.81,103846.632
000761.SZ,20200312,3.66,3.66,3.6,3.61,42065.0,15245.793
000778.SZ,20200312,3.73,3.73,3.66,3.66,269022.88,99112.252
000780.SZ,20200312,2.65,2.67,2.61,2.64,30163.0,7953.527
601717.SH,20200312,6.04,6.04,5.83,5.93,367658.98,217650.082
601816.SH,20200312,6.81,6.87,6.76,6.79,1172698.43,798641.874
601869.SH,20200312,38.88,42.2,38.88,42.18,154366.31,629210.025
601877.SH,20200312,25.92,25.92,24.89,25.1,232799.72,587225.105
601900.SH,20200312,10.08,10.08,9.79,9.87,72011.66,71386.647
601908.SH,20200312,3.3,3.36,3.28,3.31,124315.87,41163.25
601939.SH,20200312,6.49,6.55,6.45,6.54,1020851.27,663980.723
603000.SH,20200312,20.02,20.39,19.81,19.97,164100.12,328097.054
603007.SH,20200312,6.85,6.85,6.65,6.72,30041.9,20262.453
603008.SH,20200312,13.1,13.1,12.58,12.74,55470.99,70531.887
603027.SH,20200312,24.1,24.28,23.35,23.6,52366.81,123947.688
603039.SH,20200312,79.0,80.17,76.35,78.62,6579.41,51590.041
603041.SH,20200312,18.08,18.35,17.6,18.15,18473.04,33168.518
603050.SH,20200312,14.0,14.17,13.5,13.88,91498.69,126916.422
603053.SH,20200312,15.38,15.75,15.23,15.46,69619.42,107719.126
603056.SH,20200312,11.8,11.92,11.5,11.55,70678.27,82404.091
603059.SH,20200312,27.02,27.99,26.41,26.75,30119.58,81429.802
603078.SH,20200312,38.6,41.38,38.12,40.0,33306.5,133047.278
603083.SH,20200312,35.7,36.48,34.66,35.14,93869.36,332439.507
603111.SH,20200312,7.4,7.76,7.32,7.46,348240.24,261296.614
603115.SH,20200312,18.76,18.8,18.43,18.59,22330.44,41548.432
603118.SH,20200312,16.4,17.5,16.13,17.46,554895.29,926129.479
603121.SH,20200312,18.0,18.19,17.45,17.68,53886.1,95278.638
603123.SH,20200312,8.79,9.17,8.64,8.71,69064.0,60904.646
603199.SH,20200312,21.29,22.01,20.95,21.11,8025.76,17044.819
603203.SH,20200312,27.94,27.94,27.09,27.23,12125.72,33172.812
603258.SH,20200312,30.83,31.35,30.05,30.6,33235.07,101810.518
603320.SH,20200312,16.16,17.0,16.11,16.29,19306.65,31809.969
603329.SH,20200312,12.06,12.15,11.71,11.9,23874.0,28477.524
603333.SH,20200312,7.34,7.36,7.14,7.18,103742.14,75065.49
603356.SH,20200312,14.2,14.43,13.85,14.3,24749.0,34923.737
603357.SH,20200312,10.53,10.73,10.36,10.71,53406.14,56428.571
603366.SH,20200312,6.31,6.32,6.04,6.11,185666.24,114772.357
603369.SH,20200312,31.95,32.3,31.33,31.74,88328.21,281035.123
603389.SH,20200312,5.08,5.08,4.87,4.93,31108.0,15366.73
603396.SH,20200312,24.1,24.1,22.5,22.83,14661.66,33708.507
603398.SH,20200312,9.2,9.27,8.86,8.94,38953.23,35038.628
603458.SH,20200312,18.01,18.13,17.8,17.91,23825.59,42779.541
603489.SH,20200312,87.53,87.93,83.21,84.89,21534.8,183957.143
603506.SH,20200312,19.86,20.12,19.36,19.53,14647.58,28811.538
603518.SH,20200312,8.41,8.68,8.01,8.11,109758.9,91109.862
603551.SH,20200312,16.7,17.08,16.67,16.9,20196.26,34052.019
603577.SH,20200312,12.09,12.35,11.71,11.86,110682.88,132791.668
603595.SH,20200312,34.8,34.8,32.81,33.1,31231.01,104721.665
603607.SH,20200312,19.45,19.78,19.02,19.13,15124.4,29169.856
603608.SH,20200312,12.84,13.18,11.96,11.96,366913.21,459103.283
000785.SZ,20200312,10.86,11.06,9.85,9.87,447235.14,464584.19
000786.SZ,20200312,27.51,27.9,27.0,27.57,71856.15,196778.046
000792.SZ,20200312,9.9,10.13,9.84,9.95,131099.76,130523.491
000795.SZ,20200312,5.44,5.45,5.24,5.31,207144.28,110601.641
000825.SZ,20200312,3.58,3.6,3.53,3.55,189635.85,67486.477
000826.SZ,20200312,10.0,10.36,9.9,10.11,516741.95,526598.71
000829.SZ,20200312,5.77,5.86,5.71,5.79,106548.13,61658.728
000831.SZ,20200312,10.42,10.52,10.3,10.4,146098.25,152034.359
000880.SZ,20200312,7.43,7.62,7.38,7.44,17041.0,12773.319
000887.SZ,20200312,9.25,9.27,8.99,9.09,184604.16,168049.058
000900.SZ,20200312,4.15,4.25,4.13,4.15,148851.54,62126.314
000906.SZ,20200312,5.43,5.55,5.42,5.48,71038.64,38978.545
000911.SZ,20200312,7.33,7.54,6.98,7.06,112294.34,81090.901
000931.SZ,20200312,9.34,9.44,9.06,9.3,140335.24,130259.969
000962.SZ,20200312,6.88,6.94,6.77,6.81,56846.15,38885.379
000975.SZ,20200312,13.78,13.88,13.43,13.67,465606.58,634340.847
000983.SZ,20200312,5.12,5.13,5.05,5.07,196084.89,99734.159
001696.SZ,20200312,6.06,6.35,6.0,6.24,521220.36,322690.774
002004.SZ,20200312,5.14,5.16,5.05,5.06,196830.81,100151.547
002022.SZ,20200312,15.24,15.43,14.53,15.21,337542.62,509785.542
002035.SZ,20200312,12.11,12.22,11.85,11.98,108014.16,129422.544
002036.SZ,20200312,16.66,17.1,16.49,16.95,275769.11,465036.658
002038.SZ,20200312,12.89,13.0,12.67,12.71,93419.89,119678.353
002061.SZ,20200312,5.5,5.68,5.46,5.57,130090.53,72395.681
002063.SZ,20200312,13.9,14.23,13.21,13.45,541458.62,741645.995
002066.SZ,20200312,8.6,8.98,8.52,8.7,65339.56,57001.555
002075.SZ,20200312,11.0,11.64,10.66,11.64,1585067.48,1792099.968
002098.SZ,20200312,7.07,7.45,6.96,7.33,318152.02,229047.897
002105.SZ,20200312,5.88,5.97,5.74,5.84,72458.0,42286.154
002109.SZ,20200312,3.22,3.25,3.16,3.19,58675.4,18714.032
002118.SZ,20200312,5.8,5.87,5.71,5.74,158682.56,91460.582
002126.SZ,20200312,10.08,10.21,9.85,10.12,203921.45,205092.672
002130.SZ,20200312,5.11,5.22,5.05,5.12,209132.06,107292.824
002131.SZ,20200312,4.09,4.35,3.95,4.18,3145621.73,1309242.914
002144.SZ,20200312,9.88,9.89,9.7,9.89,23120.62,22630.604
002152.SZ,20200312,9.2,9.32,9.03,9.17,475060.01,435806.297
002161.SZ,20200312,11.45,11.64,11.2,11.36,275788.39,314990.064
002164.SZ,20200312,3.82,3.86,3.73,3.73,378802.54,143455.412
002170.SZ,20200312,3.73,3.78,3.66,3.71,208602.2,77473.695
002201.SZ,20200312,17.08,17.13,16.7,16.77,86213.39,145116.517
002235.SZ,20200312,9.35,9.39,9.1,9.16,306594.6,282942.874
002242.SZ,20200312,28.3,29.08,27.65,27.81,52221.03,146035.133
002246.SZ,20200312,8.65,8.76,8.29,8.37,121568.59,103173.272
002250.SZ,20200312,16.31,16.46,15.64,15.89,74307.96,118802.2
002252.SZ,20200312,8.7,8.83,8.52,8.62,484158.72,418207.788
002282.SZ,20200312,7.53,7.65,7.46,7.49,25973.05,19581.502
300625.SZ,20200312,16.2,16.4,15.8,16.01,23257.63,37431.54
300637.SZ,20200312,12.17,12.36,11.96,12.08,54995.1,66962.058
300641.SZ,20200312,4.91,4.93,4.8,4.84,28327.3,13769.029
300666.SZ,20200312,55.85,60.36,54.8,60.21,148859.99,867215.485
300668.SZ,20200312,16.8,16.91,16.51,16.6,13254.5,22119.925
300669.SZ,20200312,31.4,32.8,30.73,32.29,27868.0,89075.38
300685.SZ,20200312,77.0,77.52,73.6,74.0,19204.5,144306.086
300710.SZ,20200312,27.95,29.2,27.61,29.2,29792.15,85390.885
300712.SZ,20200312,11.99,12.09,11.45,11.67,62223.54,73135.134
300713.SZ,20200312,13.99,14.64,13.75,14.49,40328.5,57545.177
300715.SZ,20200312,29.13,29.5,27.51,28.56,57215.89,163482.083
002364.SZ,20200312,12.88,14.2,12.81,14.2,304552.81,418558.793
002370.SZ,20200312,6.18,6.21,6.08,6.1,130025.78,79725.266
002374.SZ,20200312,2.8,2.97,2.77,2.94,249011.26,71631.345
002377.SZ,20200312,4.95,5.32,4.84,5.32,1000007.07,510322.545
002394.SZ,20200312,9.38,9.55,9.31,9.5,34583.93,32579.092
002402.SZ,20200312,15.55,15.73,14.99,15.35,531722.81,817185.567
002416.SZ,20200312,6.89,7.17,6.81,6.87,148077.91,103077.834
002417.SZ,20200312,7.62,8.04,7.51,7.94,166880.54,130901.182
002435.SZ,20200312,4.18,4.62,4.09,4.35,364940.24,159817.86
002439.SZ,20200312,39.65,40.28,38.7,39.99,113964.78,451144.511
002441.SZ,20200312,8.97,9.13,8.66,8.8,201907.87,179253.051
603928.SH,20200312,11.2,11.24,11.03,11.06,11540.55,12829.781
603936.SH,20200312,20.8,21.37,20.33,20.54,76399.36,159116.271
603937.SH,20200312,10.19,10.24,10.0,10.06,16846.82,17001.768
603955.SH,20200312,16.33,16.48,16.06,16.35,13287.58,21610.239
688081.SH,20200312,47.63,48.79,45.89,46.45,17083.55,79619.249
688086.SH,20200312,60.0,61.28,57.5,59.0,77289.77,458738.833
688090.SH,20200312,66.88,68.09,66.02,66.81,8727.72,58342.748
688099.SH,20200312,61.41,63.2,60.98,61.58,16724.96,103451.047
688100.SH,20200312,28.31,29.32,28.2,28.6,21383.56,61309.792
688186.SH,20200312,36.49,36.6,35.63,35.75,24088.39,86838.942
688218.SH,20200312,29.76,30.44,29.52,30.05,13178.62,39387.97
688300.SH,20200312,54.98,56.79,54.5,55.6,7419.98,41085.089
688388.SH,20200312,62.5,62.66,60.02,61.09,17697.43,108460.053
688399.SH,20200312,83.0,88.58,81.08,87.0,26826.49,229325.863
002461.SZ,20200312,6.31,6.33,6.21,6.25,44124.85,27639.326
002484.SZ,20200312,9.07,9.41,8.99,9.33,194321.11,179699.215
002485.SZ,20200312,5.81,5.86,5.68,5.73,35190.1,20255.063
002488.SZ,20200312,7.52,7.52,7.01,7.2,562351.69,409217.485
002497.SZ,20200312,8.8,8.85,8.5,8.56,295634.13,255503.365
002508.SZ,20200312,29.85,30.09,29.3,29.66,76124.76,225225.394
002509.SZ,20200312,1.17,1.17,1.15,1.15,359756.68,41642.155
002511.SZ,20200312,15.45,15.79,15.17,15.35,153173.84,236114.239
002522.SZ,20200312,6.27,6.38,6.1,6.33,248711.0,155028.909
002523.SZ,20200312,2.79,2.83,2.78,2.82,67038.5,18769.363
002192.SZ,20200312,18.11,18.13,17.69,17.98,41336.01,73911.121
002208.SZ,20200312,6.84,7.12,6.76,7.01,138542.7,96795.106
002232.SZ,20200312,10.26,11.52,10.18,11.22,254607.45,276056.002
002237.SZ,20200312,13.6,13.68,13.3,13.4,319227.7,428985.331
002240.SZ,20200312,9.76,9.93,9.54,9.6,119694.01,116213.802
002256.SZ,20200312,2.65,2.66,2.49,2.53,1088408.28,278725.245
002262.SZ,20200312,11.82,11.94,11.33,11.41,183246.85,211483.82
002267.SZ,20200312,6.31,6.39,6.26,6.28,36776.04,23151.592
002268.SZ,20200312,28.73,29.35,28.03,28.35,213753.08,611020.332
002270.SZ,20200312,4.9,5.14,4.85,4.93,222773.75,110733.713
002272.SZ,20200312,4.49,4.78,4.48,4.73,134495.46,62707.102
002273.SZ,20200312,15.4,15.65,15.2,15.35,452133.56,697783.701
002297.SZ,20200312,6.05,6.15,5.93,6.0,66941.39,40350.138
002328.SZ,20200312,5.99,6.18,5.85,6.0,440881.16,266195.686
002356.SZ,20200312,1.86,1.87,1.8,1.8,70217.26,12791.804
002360.SZ,20200312,5.39,5.39,5.27,5.31,40479.92,21543.61
002365.SZ,20200312,9.96,10.2,9.84,9.9,84740.01,84643.897
002368.SZ,20200312,44.25,45.65,44.1,44.39,90267.49,403546.528
002372.SZ,20200312,12.46,12.66,12.25,12.61,94722.9,117800.968
002376.SZ,20200312,11.82,11.88,11.5,11.61,105154.73,122993.07
002388.SZ,20200312,7.2,7.43,7.17,7.37,119659.43,87369.192
002390.SZ,20200312,5.29,5.33,5.23,5.26,100602.9,52916.993
002397.SZ,20200312,5.14,5.22,5.06,5.2,113388.18,58076.232
002404.SZ,20200312,6.2,6.24,6.02,6.05,124674.65,76123.978
002411.SZ,20200312,12.48,12.65,12.02,12.14,471846.5,581055.006
002414.SZ,20200312,41.77,42.95,40.01,40.87,135969.33,560940.913
002415.SZ,20200312,33.2,33.38,32.75,32.88,476428.99,1572588.732
002421.SZ,20200312,3.68,3.74,3.58,3.65,462396.18,169096.592
002432.SZ,20200312,12.5,12.95,11.18,11.5,1149908.77,1422159.509
002436.SZ,20200312,14.45,15.08,13.97,14.18,1235537.36,1777713.031
002437.SZ,20200312,2.67,2.7,2.65,2.68,185254.73,49496.487
603922.SH,20200312,15.38,15.41,15.05,15.15,8926.51,13569.649
603948.SH,20200312,31.73,32.43,30.93,31.52,151464.11,476899.866
603968.SH,20200312,13.85,13.85,13.25,13.37,26899.13,36076.955
603982.SH,20200312,16.2,17.1,15.9,16.62,48157.54,78561.343
603983.SH,20200312,72.08,72.56,69.13,70.35,28481.16,200592.606
603990.SH,20200312,48.9,49.97,48.01,48.85,19109.22,93567.098
603998.SH,20200312,7.1,7.1,6.94,6.97,47887.0,33543.568
688002.SH,20200312,45.5,45.79,44.21,44.64,38191.42,172411.911
688003.SH,20200312,30.12,30.45,29.55,29.81,18220.04,54475.383
688008.SH,20200312,80.09,84.18,79.78,82.98,54868.08,450997.508
688021.SH,20200312,36.89,36.89,35.09,35.58,7374.95,26383.456
688033.SH,20200312,31.76,33.88,31.53,32.28,65536.31,214639.788
688058.SH,20200312,157.0,166.99,153.23,161.9,11297.0,183034.716
688098.SH,20200312,18.8,18.98,18.2,18.39,27930.68,51537.499
688123.SH,20200312,70.48,73.51,70.15,72.26,19369.41,139353.65
600512.SH,20200312,3.53,3.54,3.42,3.48,944845.12,328238.728
600520.SH,20200312,9.99,10.07,9.69,9.83,22741.53,22463.036
600525.SH,20200312,5.41,5.57,5.41,5.52,176492.22,96624.35
600530.SH,20200312,3.94,3.94,3.81,3.84,77315.72,29708.389
600532.SH,20200312,3.36,3.46,3.34,3.37,98586.0,33325.985
600543.SH,20200312,5.4,5.46,5.31,5.34,33276.0,17891.506
600547.SH,20200312,33.76,33.97,33.16,33.6,444108.02,1486411.165
600559.SH,20200312,9.38,9.39,9.2,9.24,129957.39,120568.717
600563.SH,20200312,50.0,50.5,48.83,49.48,25212.81,125072.421
600565.SH,20200312,3.08,3.11,3.04,3.07,179750.04,55131.379
600579.SH,20200312,8.8,8.93,8.33,8.33,596193.61,508441.086
000100.SZ,20200312,5.6,5.67,5.39,5.5,8553985.82,4723606.894
000156.SZ,20200312,10.25,10.42,10.02,10.15,206759.39,210497.071
600022.SH,20200312,1.34,1.35,1.32,1.33,589930.39,78778.11
000159.SZ,20200312,5.8,6.03,5.72,5.89,347422.09,203858.486
600031.SH,20200312,17.1,17.39,16.82,17.0,687928.05,1173754.933
000408.SZ,20200312,6.59,6.63,6.38,6.42,67396.75,43693.378
000409.SZ,20200312,4.57,4.57,4.44,4.49,30635.73,13726.097
000488.SZ,20200312,4.71,4.76,4.68,4.7,193873.28,91321.117
600067.SH,20200312,3.86,3.87,3.74,3.77,64327.12,24431.403
000505.SZ,20200312,5.9,5.96,5.7,5.73,219815.16,127446.51
000506.SZ,20200312,2.96,2.96,2.87,2.87,265516.8,77123.555
000528.SZ,20200312,6.63,6.7,6.53,6.57,233543.35,153956.425
000533.SZ,20200312,3.39,3.39,3.13,3.13,938730.7,302167.351
000537.SZ,20200312,7.14,7.37,7.07,7.26,209988.48,151556.519
600085.SH,20200312,26.28,26.28,25.8,25.86,62346.27,161694.436
600093.SH,20200312,13.61,13.77,13.26,13.38,157478.49,213037.731
600106.SH,20200312,2.88,2.9,2.84,2.85,83038.28,23805.483
600110.SH,20200312,5.45,5.47,5.25,5.33,337933.49,180754.012
600126.SH,20200312,6.61,7.39,6.61,7.39,1151021.45,806419.107
600130.SH,20200312,4.53,5.12,4.49,5.12,817715.02,406345.692
000565.SZ,20200312,4.98,5.03,4.89,4.92,37450.73,18503.333
000567.SZ,20200312,9.62,9.76,9.22,9.29,262845.5,248004.857
600143.SH,20200312,10.1,10.4,9.3,9.41,1565684.26,1525247.692
000581.SZ,20200312,20.0,20.2,19.76,19.91,73368.47,146762.687
600152.SH,20200312,6.98,7.02,6.84,6.92,68843.03,47620.093
600162.SH,20200312,2.19,2.26,2.18,2.23,301946.11,67339.168
000598.SZ,20200312,4.55,4.66,4.51,4.62,284037.2,130183.027
000600.SZ,20200312,4.81,4.92,4.74,4.82,113987.98,54924.126
000601.SZ,20200312,6.82,7.02,6.53,6.64,373474.74,251710.57
600168.SH,20200312,10.17,11.3,9.85,9.94,986111.07,1034111.455
000608.SZ,20200312,5.81,5.81,5.6,5.78,29102.24,16647.735
600185.SH,20200312,4.54,4.77,4.5,4.65,129159.8,60337.593
600187.SH,20200312,2.44,2.56,2.43,2.5,224277.07,56184.844
600192.SH,20200312,5.12,5.23,5.05,5.15,77479.54,39749.597
600208.SH,20200312,3.23,3.27,3.21,3.22,665983.06,215290.659
002544.SZ,20200312,17.0,17.59,16.89,17.4,196518.42,338013.366
002560.SZ,20200312,6.04,6.38,6.04,6.19,112465.66,69898.424
002562.SZ,20200312,6.23,6.4,6.13,6.23,388675.73,243345.021
002566.SZ,20200312,7.33,7.37,7.14,7.18,46741.01,33839.488
002574.SZ,20200312,4.76,4.78,4.69,4.72,44014.81,20854.526
002584.SZ,20200312,6.68,7.07,6.61,6.81,287018.08,196191.392
002596.SZ,20200312,8.8,9.67,8.52,9.2,1376154.36,1239275.615
002598.SZ,20200312,6.31,6.33,6.14,6.18,35479.28,22092.186
002600.SZ,20200312,10.7,10.84,10.27,10.48,1039254.71,1099412.791
002612.SZ,20200312,8.3,8.4,8.1,8.17,39313.2,32232.356
002617.SZ,20200312,6.04,6.38,6.0,6.18,916145.24,566318.994
002646.SZ,20200312,10.07,10.11,9.85,9.9,25348.87,25249.017
002648.SZ,20200312,15.98,15.98,15.21,15.46,310301.69,483657.003
002655.SZ,20200312,11.65,11.84,11.27,11.41,169992.0,196049.56
002656.SZ,20200312,2.41,2.44,2.39,2.43,88155.98,21303.822
002672.SZ,20200312,11.11,11.25,10.72,10.87,282964.83,310043.845
002673.SZ,20200312,9.55,9.71,9.4,9.48,349181.78,333165.486
002676.SZ,20200312,4.8,4.8,4.8,4.8,174951.68,83976.806
002682.SZ,20200312,4.5,4.7,4.4,4.56,166106.75,75685.616
002686.SZ,20200312,5.5,5.51,5.35,5.38,27448.0,14863.279
600415.SH,20200312,3.48,3.51,3.46,3.47,138942.09,48361.997
600416.SH,20200312,10.9,11.55,10.7,10.96,277526.71,305087.562
600420.SH,20200312,9.54,9.58,9.32,9.37,77366.18,72901.79
600428.SH,20200312,3.51,3.64,3.45,3.57,337374.69,119607.563
600433.SH,20200312,3.37,3.44,3.33,3.37,147681.58,49894.225
600444.SH,20200312,9.96,9.96,9.67,9.78,14230.71,13920.727
600460.SH,20200312,16.06,16.88,16.01,16.67,494123.9,820886.821
600470.SH,20200312,3.59,3.61,3.51,3.53,81051.36,28756.798
600497.SH,20200312,3.68,3.72,3.65,3.67,324548.3,119214.204
600500.SH,20200312,5.93,6.05,5.83,5.91,288459.15,170744.451
600516.SH,20200312,10.07,10.14,9.95,9.98,488917.49,490098.162
600521.SH,20200312,20.65,21.03,20.02,20.26,203594.49,417773.195
600523.SH,20200312,13.41,13.58,13.03,13.16,51795.26,68675.993
600536.SH,20200312,79.0,82.57,78.9,80.09,129939.29,1043509.119
600578.SH,20200312,2.9,2.91,2.85,2.86,111452.91,32071.935
600582.SH,20200312,3.37,3.37,3.26,3.27,439883.51,145201.009
600589.SH,20200312,5.95,6.07,5.82,5.96,181209.02,107902.348
600593.SH,20200312,39.25,39.42,38.95,39.18,6115.2,23952.161
600598.SH,20200312,12.59,12.82,12.33,12.42,380818.73,478102.338
600601.SH,20200312,3.45,3.47,3.37,3.4,210830.01,71984.507
600619.SH,20200312,8.03,8.16,7.97,7.98,29823.01,23951.75
600629.SH,20200312,7.91,7.96,7.87,7.93,14345.4,11349.572
600635.SH,20200312,4.46,4.52,4.39,4.43,370423.4,164639.169
600638.SH,20200312,5.75,5.77,5.6,5.65,34948.86,19888.028
600642.SH,20200312,5.28,5.33,5.24,5.3,115757.02,61326.94
600648.SH,20200312,15.37,15.37,14.94,15.33,49695.7,75359.616
688139.SH,20200312,38.21,38.58,36.55,36.8,34842.49,130389.524
688202.SH,20200312,83.93,83.93,76.13,78.8,11230.81,89157.213
688369.SH,20200312,70.98,71.9,69.2,70.52,12394.78,87304.009
002445.SZ,20200312,1.34,1.44,1.34,1.44,234531.9,33510.846
002446.SZ,20200312,9.03,9.75,8.98,9.68,1085866.93,1031226.992
002454.SZ,20200312,5.43,5.48,5.26,5.31,68480.0,36611.371
002455.SZ,20200312,5.46,5.5,5.33,5.4,104974.0,56912.033
002459.SZ,20200312,15.64,15.8,15.18,15.48,104058.0,160594.727
002462.SZ,20200312,15.6,15.63,15.41,15.5,26890.01,41676.17
002470.SZ,20200312,2.88,2.92,2.78,2.8,890648.55,253546.944
002483.SZ,20200312,6.14,6.69,6.03,6.36,819093.8,522243.168
002486.SZ,20200312,4.32,4.41,4.2,4.27,517688.29,222114.14
002520.SZ,20200312,6.92,7.0,6.77,6.82,36052.18,24686.97
002537.SZ,20200312,6.33,6.4,6.15,6.18,170470.2,106617.864
002554.SZ,20200312,2.86,2.88,2.82,2.83,117208.56,33320.995
002559.SZ,20200312,6.15,6.32,6.04,6.25,121450.88,74786.434
002570.SZ,20200312,6.3,6.43,6.16,6.34,162152.13,101792.094
002573.SZ,20200312,6.12,6.25,6.09,6.14,79270.86,48908.869
002601.SZ,20200312,16.0,16.2,15.7,15.92,139087.51,221304.448
002607.SZ,20200312,22.0,22.4,21.6,22.06,92385.45,202885.326
002608.SZ,20200312,6.63,6.63,6.46,6.51,26877.0,17523.197
002614.SZ,20200312,14.28,14.93,13.69,14.62,825767.07,1194921.396
002621.SZ,20200312,11.08,11.08,10.6,10.83,33753.13,36432.388
002623.SZ,20200312,36.5,36.87,34.72,35.34,48380.16,171960.397
002627.SZ,20200312,9.9,9.9,9.51,9.65,32014.31,30875.46
002628.SZ,20200312,4.32,4.34,4.17,4.21,155541.44,66268.449
002633.SZ,20200312,8.46,8.64,8.35,8.43,13907.0,11763.071
002645.SZ,20200312,9.56,9.56,9.19,9.32,72294.48,67644.733
002649.SZ,20200312,10.38,10.52,10.16,10.29,205300.83,211872.293
002659.SZ,20200312,6.14,6.24,6.09,6.13,68627.44,42331.84
002671.SZ,20200312,4.56,4.56,4.41,4.46,48811.0,21827.722
002677.SZ,20200312,12.44,12.47,12.11,12.19,36961.76,45311.696
002683.SZ,20200312,28.65,29.21,27.57,27.96,165209.33,468846.715
002685.SZ,20200312,6.21,6.43,6.09,6.12,86146.58,53479.318
002688.SZ,20200312,7.56,7.64,7.32,7.39,150858.55,112549.232
002705.SZ,20200312,21.71,22.03,20.68,21.5,62986.09,135138.533
002706.SZ,20200312,10.71,10.84,10.2,10.47,112839.78,117791.351
002718.SZ,20200312,14.4,14.6,14.15,14.23,8704.07,12453.178
002724.SZ,20200312,7.17,7.4,7.17,7.3,48474.28,35357.078
002725.SZ,20200312,10.26,10.56,10.16,10.35,70610.17,73018.119
002726.SZ,20200312,6.8,6.8,6.51,6.58,235049.79,155424.712
002727.SZ,20200312,21.4,21.44,21.07,21.17,32897.82,69763.716
002733.SZ,20200312,23.48,23.5,22.7,22.96,93255.5,214914.878
002772.SZ,20200312,7.01,7.17,6.97,7.02,50329.68,35458.916
002782.SZ,20200312,10.17,10.4,10.01,10.19,69533.1,70924.859
600236.SH,20200312,4.49,4.56,4.47,4.53,43158.87,19439.217
600242.SH,20200312,7.38,7.48,7.32,7.4,102752.35,76002.001
600246.SH,20200312,5.4,5.54,5.3,5.4,79284.4,42835.923
000615.SZ,20200312,4.0,4.05,3.88,3.92,113823.68,45232.77
000622.SZ,20200312,4.75,4.77,4.63,4.67,110011.26,51641.212
000635.SZ,20200312,8.3,8.44,8.15,8.18,56626.74,46794.32
000637.SZ,20200312,5.06,5.15,4.74,4.8,219204.03,107373.465
600285.SH,20200312,9.22,9.22,8.98,9.03,83966.49,76064.353
600287.SH,20200312,6.06,6.23,6.01,6.13,76369.21,46780.605
600288.SH,20200312,12.05,12.05,11.63,11.74,73390.76,86808.276
600290.SH,20200312,1.84,1.86,1.83,1.83,156235.0,28760.844
600292.SH,20200312,5.43,5.46,5.27,5.31,60083.25,32236.387
600300.SH,20200312,3.09,3.2,3.07,3.18,420721.46,132664.911
000672.SZ,20200312,20.66,21.08,20.22,20.55,155553.58,319801.785
600309.SH,20200312,47.9,47.9,45.67,46.47,345961.3,1612544.58
600354.SH,20200312,4.6,4.62,4.45,4.49,197407.2,89224.173
600368.SH,20200312,4.15,4.21,4.11,4.15,143467.55,59696.113
600391.SH,20200312,20.07,21.48,19.71,20.28,216894.59,443227.071
600400.SH,20200312,4.33,4.38,4.01,4.07,580789.29,242540.867
600418.SH,20200312,5.38,5.76,5.33,5.68,436417.89,241903.31
600909.SH,20200312,8.72,8.92,8.57,8.7,989928.04,864417.112
600928.SH,20200312,6.25,6.3,6.15,6.23,236041.02,146832.797
600960.SH,20200312,3.25,3.29,3.19,3.24,80003.16,25893.447
600975.SH,20200312,8.54,8.63,8.15,8.24,345563.03,288631.121
600989.SH,20200312,9.67,9.91,9.4,9.45,352240.96,338352.095
601003.SH,20200312,5.27,5.37,5.22,5.27,134203.76,70878.254
601015.SH,20200312,2.87,2.88,2.81,2.84,69740.39,19803.076
601098.SH,20200312,11.11,11.12,10.87,10.91,94481.77,103750.191
601158.SH,20200312,5.43,5.52,5.42,5.44,53591.23,29293.556
601163.SH,20200312,14.08,14.18,13.9,13.94,47699.6,66861.855
601199.SH,20200312,4.0,4.21,3.92,4.21,361266.31,150852.6
601333.SH,20200312,2.62,2.64,2.6,2.61,305236.46,79858.627
601369.SH,20200312,6.15,6.16,6.0,6.04,92737.39,56367.777
601577.SH,20200312,8.2,8.3,8.16,8.19,116918.04,95962.535
601601.SH,20200312,30.61,30.61,30.0,30.46,295360.45,893099.431
601607.SH,20200312,18.39,18.45,17.9,17.95,239909.19,434465.468
601628.SH,20200312,29.01,29.05,28.19,28.53,150378.31,428332.133
601666.SH,20200312,4.39,4.49,4.36,4.46,166471.46,73878.908
601689.SH,20200312,21.64,21.94,21.23,21.6,135997.32,293228.809
601799.SH,20200312,99.9,100.75,97.6,98.98,14355.4,141809.229
601881.SH,20200312,11.3,11.43,10.94,11.17,655288.5,731503.783
601882.SH,20200312,7.05,7.28,6.97,7.22,42012.51,29946.619
601886.SH,20200312,6.91,6.91,6.69,6.76,85960.85,58214.724
601928.SH,20200312,6.81,6.85,6.76,6.81,64247.43,43683.715
601933.SH,20200312,9.87,9.98,9.64,9.88,930627.43,912797.268
601958.SH,20200312,6.43,6.46,6.35,6.4,135930.68,86919.093
600655.SH,20200312,7.32,7.34,7.15,7.17,87875.76,63366.452
600657.SH,20200312,3.67,3.78,3.62,3.71,112158.55,41474.633
600687.SH,20200312,1.28,1.29,1.26,1.27,86589.0,11029.507
600689.SH,20200312,8.87,8.87,8.55,8.58,34175.0,29544.976
600699.SH,20200312,23.34,23.95,23.02,23.36,308319.3,720587.936
600701.SH,20200312,1.78,1.78,1.72,1.76,72621.45,12698.669
600704.SH,20200312,4.85,4.89,4.8,4.84,240972.51,116460.673
600706.SH,20200312,7.89,8.23,7.8,8.16,52957.34,42495.207
600714.SH,20200312,5.35,5.35,5.21,5.26,12849.08,6745.637
600727.SH,20200312,7.49,7.65,7.42,7.57,88754.43,66769.649
600734.SH,20200312,5.24,5.28,5.11,5.19,172506.52,89558.565
600742.SH,20200312,12.96,13.11,12.39,12.6,75578.19,95951.346
600753.SH,20200312,20.6,21.51,20.38,21.51,60856.45,128075.537
600778.SH,20200312,4.97,5.08,4.95,5.02,46349.07,23174.428
600794.SH,20200312,3.71,3.82,3.62,3.69,371973.79,138021.891
600803.SH,20200312,9.99,9.99,9.7,9.76,103319.94,101424.879
600824.SH,20200312,3.22,3.22,3.14,3.16,38649.4,12255.122
600825.SH,20200312,4.86,4.93,4.8,4.84,60176.34,29202.139
600827.SH,20200312,7.8,7.8,7.67,7.69,62263.49,48083.605
600839.SH,20200312,3.16,3.23,3.15,3.2,1040160.04,330907.887
600841.SH,20200312,7.0,7.06,6.9,6.93,24959.1,17346.501
600843.SH,20200312,8.32,8.48,7.82,7.87,151078.79,121955.08
600850.SH,20200312,24.88,25.35,24.36,24.59,69464.73,172088.477
600863.SH,20200312,2.72,2.77,2.71,2.73,170447.38,46607.361
600866.SH,20200312,5.79,6.05,5.66,6.03,544264.11,320432.561
600868.SH,20200312,3.38,3.5,3.37,3.41,497227.7,170514.892
600880.SH,20200312,3.82,3.93,3.79,3.91,120710.63,46391.6
600882.SH,20200312,19.1,19.8,19.05,19.48,27130.0,52699.973
600884.SH,20200312,13.12,13.41,13.05,13.19,129208.13,170532.731
600889.SH,20200312,5.24,5.32,5.03,5.11,122712.48,63045.787
600893.SH,20200312,24.05,24.99,23.85,24.19,168715.8,411021.794
600895.SH,20200312,13.41,13.54,13.18,13.23,174533.2,232062.152
600896.SH,20200312,6.29,6.6,6.2,6.53,796045.52,520706.141
600917.SH,20200312,6.58,6.63,6.51,6.56,37917.0,24902.255
600967.SH,20200312,10.51,10.57,10.24,10.31,138021.82,143180.099
601011.SH,20200312,3.71,3.73,3.62,3.65,198574.7,72769.585
601016.SH,20200312,2.37,2.39,2.34,2.36,264046.64,62316.333
601086.SH,20200312,5.14,5.24,5.11,5.2,48620.75,25154.394
601166.SH,20200312,17.33,17.44,17.14,17.19,757275.04,1305807.877
601208.SH,20200312,5.94,5.99,5.75,5.81,160448.0,93894.697
601229.SH,20200312,8.57,8.6,8.48,8.54,214513.06,183056.018
601233.SH,20200312,13.71,13.91,13.51,13.76,283515.41,388742.744
601236.SH,20200312,23.8,24.8,23.6,24.01,460346.6,1112027.44
601318.SH,20200312,77.25,77.48,76.53,76.65,901290.53,6925926.414
601339.SH,20200312,3.78,3.78,3.66,3.68,75776.68,28132.065
002783.SZ,20200312,11.2,11.2,10.66,10.88,80249.57,87146.62
002798.SZ,20200312,24.48,24.6,23.71,24.22,32872.09,79578.297
002799.SZ,20200312,16.76,16.85,16.27,16.66,18017.71,29864.766
603701.SH,20200312,11.48,12.1,11.48,11.85,43015.9,50792.111
603730.SH,20200312,33.0,33.37,31.65,32.67,26521.13,86469.617
603739.SH,20200312,23.4,23.44,23.02,23.09,27898.42,64643.025
603768.SH,20200312,10.14,10.14,9.86,9.96,10041.41,9998.07
603822.SH,20200312,24.7,24.87,24.21,24.39,8719.0,21330.595
603829.SH,20200312,9.96,10.09,9.85,10.02,11664.83,11623.299
603833.SH,20200312,113.3,114.44,109.05,109.32,17628.06,194356.903
603855.SH,20200312,8.73,8.83,8.62,8.68,17410.0,15146.214
603882.SH,20200312,58.0,58.55,55.55,56.6,57369.13,325866.892
603883.SH,20200312,75.63,75.86,73.88,74.38,17182.69,128391.819
603885.SH,20200312,11.9,11.9,11.6,11.68,210906.36,247122.633
603890.SH,20200312,10.98,11.41,10.91,11.2,59581.24,66451.714
603899.SH,20200312,45.48,45.48,44.21,45.14,29544.6,132512.818
603903.SH,20200312,13.3,13.64,13.3,13.4,18666.8,25077.38
603918.SH,20200312,12.07,12.32,11.9,12.08,45799.05,55333.935
000686.SZ,20200312,9.51,9.7,9.4,9.47,415119.54,395417.55
000697.SZ,20200312,10.55,10.68,10.27,10.39,74189.01,77573.966
000719.SZ,20200312,7.19,7.19,6.96,7.02,57879.04,40877.523
000722.SZ,20200312,6.15,6.19,6.05,6.1,42821.01,26161.947
000737.SZ,20200312,2.8,2.84,2.7,2.76,47957.2,13208.126
000751.SZ,20200312,2.97,2.98,2.92,2.94,138227.88,40716.166
000753.SZ,20200312,2.79,2.86,2.74,2.85,119298.72,33488.228
000762.SZ,20200312,7.63,7.79,7.55,7.61,77242.42,59196.029
000766.SZ,20200312,6.08,6.13,5.99,6.0,98615.44,59566.142
000776.SZ,20200312,14.77,14.89,14.6,14.69,407117.22,599157.215
000793.SZ,20200312,3.4,3.48,3.3,3.33,757685.93,256647.234
000796.SZ,20200312,7.95,8.31,7.87,8.16,177326.26,143311.029
000797.SZ,20200312,3.55,3.61,3.5,3.56,94123.74,33415.533
000801.SZ,20200312,5.45,5.66,5.37,5.61,107005.25,58803.659
000807.SZ,20200312,4.31,4.32,4.22,4.26,364425.37,155234.034
000823.SZ,20200312,13.3,13.78,13.22,13.48,202298.67,272539.501
000833.SZ,20200312,4.82,4.85,4.75,4.77,50406.32,24166.989
000839.SZ,20200312,3.49,3.52,3.41,3.45,476190.26,164629.23
000850.SZ,20200312,4.67,4.68,4.47,4.5,321308.87,146077.847
000861.SZ,20200312,2.58,2.68,2.57,2.66,378889.89,99748.131
000868.SZ,20200312,5.1,5.2,5.0,5.12,203431.38,103439.593
000878.SZ,20200312,10.61,10.66,10.44,10.54,234763.24,247552.892
000885.SZ,20200312,11.15,11.52,11.15,11.4,79249.86,90082.858
000903.SZ,20200312,4.42,4.42,3.82,4.23,4052357.74,1714274.948
000910.SZ,20200312,13.8,13.83,13.35,13.49,50027.42,67726.526
000913.SZ,20200312,10.9,10.91,10.56,10.63,49048.54,52461.243
000919.SZ,20200312,7.55,7.57,7.3,7.31,63122.77,46721.72
000925.SZ,20200312,9.1,9.33,9.01,9.24,257794.85,236809.891
601992.SH,20200312,3.48,3.53,3.44,3.46,450694.13,156506.456
603010.SH,20200312,14.25,14.4,13.8,13.99,95819.0,134647.75
603018.SH,20200312,11.08,11.57,10.94,11.4,140243.69,158560.767
603028.SH,20200312,10.77,10.77,10.43,10.51,13091.18,13796.829
603099.SH,20200312,8.48,8.64,8.37,8.44,16853.0,14317.415
603129.SH,20200312,43.15,45.35,42.29,43.87,30612.71,133244.875
603138.SH,20200312,22.79,23.33,22.35,22.83,44497.32,101436.317
603161.SH,20200312,13.17,13.25,13.0,13.09,10196.0,13347.821
603167.SH,20200312,8.98,8.98,8.79,8.8,76299.01,67585.29
603183.SH,20200312,9.75,9.8,9.6,9.68,31246.04,30296.866
603186.SH,20200312,55.8,57.95,54.5,56.12,23385.16,130708.806
603187.SH,20200312,37.0,37.37,35.51,36.04,46645.2,169356.019
603192.SH,20200312,26.32,26.38,25.66,26.1,15104.94,39296.19
603196.SH,20200312,9.13,9.48,8.51,8.84,173891.0,155281.46
603214.SH,20200312,36.25,36.48,34.78,35.65,14488.19,51682.527
603232.SH,20200312,42.38,43.25,41.0,41.58,28114.64,118428.653
603233.SH,20200312,57.51,59.1,55.0,56.67,26958.25,152311.374
603256.SH,20200312,13.53,13.68,13.1,13.45,56728.0,75784.955
603259.SH,20200312,105.88,106.44,101.31,102.5,160489.39,1660743.443
603279.SH,20200312,22.16,22.44,21.75,21.79,21819.0,48144.418
603315.SH,20200312,11.31,11.42,11.09,11.15,21398.97,23976.666
603317.SH,20200312,42.5,43.8,41.61,42.35,13793.95,58424.214
603335.SH,20200312,4.37,4.43,4.29,4.42,84083.86,36542.234
603358.SH,20200312,16.07,16.25,15.68,16.04,25433.24,40600.369
603367.SH,20200312,17.45,17.59,16.88,17.04,61793.52,105959.964
603393.SH,20200312,39.0,39.3,38.2,38.59,53845.8,208608.0
603421.SH,20200312,17.5,17.87,17.3,17.71,64616.62,113470.94
603444.SH,20200312,388.91,391.29,377.29,382.58,8276.7,318140.424
603486.SH,20200312,23.21,23.73,23.21,23.6,25448.15,59633.708
603516.SH,20200312,42.39,44.0,42.1,43.55,23734.61,102405.697
603536.SH,20200312,13.28,13.76,12.85,13.23,53872.37,71616.984
603558.SH,20200312,11.14,11.17,10.64,10.81,61419.0,66441.332
603559.SH,20200312,30.2,34.1,30.1,34.1,764761.03,2502958.378
603568.SH,20200312,27.57,27.83,27.13,27.47,29119.45,80049.457
603586.SH,20200312,17.62,17.62,17.12,17.15,16868.0,29158.737
603655.SH,20200312,27.77,28.49,27.0,28.0,10206.0,28342.667
603658.SH,20200312,125.19,127.0,121.0,124.0,14300.89,175904.366
603663.SH,20200312,13.7,13.88,13.53,13.8,29294.68,40113.913
603665.SH,20200312,22.92,22.94,21.8,22.05,16223.25,36000.83
603667.SH,20200312,8.72,8.87,8.6,8.72,30881.99,26936.498
603686.SH,20200312,15.0,15.18,14.3,14.49,172038.59,253041.832
603700.SH,20200312,32.35,33.57,31.55,32.01,36526.85,117688.338
603706.SH,20200312,17.38,17.38,16.89,17.05,19839.26,33929.34
603716.SH,20200312,17.36,17.46,16.96,17.07,31691.1,54595.819
603721.SH,20200312,30.02,30.48,28.29,28.8,47092.0,137049.514
601515.SH,20200312,7.03,7.15,6.75,6.83,180999.83,124893.738
601519.SH,20200312,8.2,8.38,8.1,8.26,441463.99,364397.215
601566.SH,20200312,10.98,11.28,10.92,11.04,36930.0,41059.593
601579.SH,20200312,7.94,7.97,7.8,7.83,11994.0,9448.052
601633.SH,20200312,9.06,9.28,8.87,9.19,254322.46,230917.861
601678.SH,20200312,4.98,5.06,4.96,4.99,191713.91,95830.614
601766.SH,20200312,6.58,6.6,6.46,6.52,837114.11,546209.409
601789.SH,20200312,4.37,4.52,4.31,4.42,496925.43,218851.497
601801.SH,20200312,5.18,5.18,5.03,5.05,84647.46,43004.291
601811.SH,20200312,11.38,11.5,11.1,11.15,24736.3,27737.151
601872.SH,20200312,6.6,7.28,6.4,6.9,3077225.89,2085505.619
601901.SH,20200312,7.84,7.93,7.62,7.71,638628.78,495709.369
601918.SH,20200312,2.9,2.91,2.87,2.9,206767.5,59762.27
601968.SH,20200312,4.65,4.67,4.57,4.66,31973.0,14759.72
601975.SH,20200312,2.64,2.75,2.58,2.63,1492864.09,395332.809
603009.SH,20200312,7.22,7.4,7.12,7.3,97030.0,70475.459
603012.SH,20200312,7.7,7.78,7.4,7.45,306832.11,231978.068
603013.SH,20200312,13.31,13.43,13.01,13.15,22945.77,30123.572
603015.SH,20200312,6.61,6.9,6.4,6.5,61104.68,40811.194
603079.SH,20200312,45.0,47.0,44.52,45.99,36056.78,165457.013
603106.SH,20200312,8.0,8.36,7.93,8.11,97250.49,79391.578
603113.SH,20200312,10.01,10.04,9.9,9.95,55853.67,55584.95
603133.SH,20200312,21.21,21.72,20.94,21.2,39284.0,83426.213
603159.SH,20200312,12.22,12.5,12.0,12.19,17485.2,21369.502
603166.SH,20200312,5.74,5.77,5.65,5.69,20344.0,11598.906
603185.SH,20200312,47.7,48.31,45.0,48.25,29618.51,138750.832
603198.SH,20200312,16.68,16.68,16.33,16.42,42175.12,69455.1
603239.SH,20200312,12.86,13.21,12.0,12.96,35976.94,46048.397
603267.SH,20200312,58.0,59.8,57.01,58.49,23905.32,139683.622
603278.SH,20200312,8.39,8.39,8.24,8.28,11555.5,9588.716
603313.SH,20200312,24.48,25.28,23.79,24.89,60478.37,147316.948
603326.SH,20200312,18.4,18.4,17.91,18.25,23151.4,42110.133
603331.SH,20200312,16.47,17.25,16.3,17.05,27125.27,45698.241
603336.SH,20200312,14.41,14.58,14.01,14.2,49574.22,70767.19
603379.SH,20200312,33.63,35.7,33.16,35.3,38301.36,131645.723
603386.SH,20200312,15.63,16.05,15.46,15.68,24776.96,38959.592
603456.SH,20200312,20.69,20.69,19.61,19.73,96199.65,192801.704
603466.SH,20200312,14.09,14.44,13.79,13.88,29868.34,41704.633
603505.SH,20200312,25.17,25.24,23.94,24.4,53498.0,131526.762
603515.SH,20200312,25.36,25.36,24.83,24.9,33290.77,83179.862
603530.SH,20200312,20.6,21.38,20.01,20.15,77712.86,159885.677
603555.SH,20200312,3.8,3.8,3.68,3.7,50225.0,18697.485
603588.SH,20200312,13.0,13.71,12.81,13.09,385375.29,512231.045
603598.SH,20200312,13.46,13.99,13.12,13.23,103895.73,139605.525
603600.SH,20200312,11.88,11.99,11.42,11.46,41229.1,48070.847
000929.SZ,20200312,6.67,6.67,6.5,6.57,15422.51,10157.432
000937.SZ,20200312,3.18,3.2,3.15,3.17,165375.21,52397.305
000953.SZ,20200312,5.66,5.66,5.36,5.37,63370.0,34565.298
000955.SZ,20200312,13.74,14.12,12.5,12.53,1149737.59,1514710.364
000971.SZ,20200312,2.28,2.3,2.21,2.21,105040.48,23453.704
000981.SZ,20200312,1.47,1.47,1.43,1.44,152724.3,22064.18
001914.SZ,20200312,24.87,24.91,24.01,24.23,46963.3,114102.677
002011.SZ,20200312,5.02,5.02,4.78,4.84,136968.61,66804.591
002021.SZ,20200312,2.13,2.19,2.08,2.13,52624.1,11196.788
002043.SZ,20200312,8.44,8.92,8.33,8.57,313963.96,272837.835
002047.SZ,20200312,4.88,4.88,4.69,4.73,206286.01,97941.306
300771.SZ,20200312,68.22,70.34,68.0,69.58,9960.37,68815.785
300775.SZ,20200312,31.3,31.94,30.85,31.18,37510.17,117295.407
300819.SZ,20200312,18.08,21.7,18.08,21.7,713.25,1541.818
000005.SZ,20200312,3.05,3.07,2.95,2.97,170896.88,51367.829
000035.SZ,20200312,5.19,5.2,5.03,5.08,139610.22,71212.342
000037.SZ,20200312,11.72,12.12,11.68,11.85,36323.01,43108.808
000055.SZ,20200312,4.32,4.32,4.2,4.23,63645.59,27074.876
600006.SH,20200312,4.14,4.36,4.09,4.26,316253.07,132526.638
000069.SZ,20200312,6.64,6.73,6.58,6.64,366680.7,243205.598
600012.SH,20200312,5.6,5.78,5.53,5.56,172638.09,97238.534
000099.SZ,20200312,6.87,6.92,6.7,6.79,77444.46,52765.604
600021.SH,20200312,7.17,7.18,7.05,7.13,62971.98,44799.839
600027.SH,20200312,3.35,3.36,3.31,3.33,244863.96,81552.265
000407.SZ,20200312,3.47,3.52,3.39,3.52,150016.29,51691.206
000416.SZ,20200312,5.2,5.82,5.15,5.55,546998.14,305770.203
600054.SH,20200312,8.4,8.54,8.28,8.39,60518.07,50743.982
000428.SZ,20200312,2.76,3.16,2.76,3.09,302531.46,91876.884
600063.SH,20200312,4.05,4.11,3.96,4.02,374833.68,150443.118
000498.SZ,20200312,5.49,5.6,5.4,5.44,167858.08,92125.2
600068.SH,20200312,6.62,6.77,6.55,6.66,363496.84,241408.692
000501.SZ,20200312,11.22,11.48,11.12,11.35,130961.08,148368.246
000503.SZ,20200312,14.82,15.06,14.55,14.72,199213.8,294542.164
600075.SH,20200312,5.35,5.36,5.05,5.13,202649.61,105280.003
000518.SZ,20200312,5.76,5.93,5.42,5.5,497606.44,281293.853
000524.SZ,20200312,6.45,6.45,6.3,6.38,35242.43,22441.391
000529.SZ,20200312,6.92,6.98,6.73,6.83,103330.0,70820.048
000534.SZ,20200312,9.41,9.48,8.99,9.13,44406.78,40772.239
000536.SZ,20200312,2.36,2.38,2.31,2.32,247556.55,57918.899
000540.SZ,20200312,3.55,3.68,3.53,3.6,587905.04,211629.065
600089.SH,20200312,7.4,7.61,7.24,7.35,1101943.8,818162.743
000543.SZ,20200312,4.11,4.14,4.05,4.07,175338.2,71602.418
600098.SH,20200312,6.11,6.13,6.01,6.06,38040.11,23015.879
600099.SH,20200312,6.87,6.87,6.45,6.58,140522.53,93421.138
600105.SH,20200312,4.98,5.18,4.93,5.17,497885.04,250626.561
600113.SH,20200312,6.81,7.65,6.8,7.38,409876.05,305944.631
603726.SH,20200312,24.6,26.17,24.0,26.05,27851.64,70233.781
603789.SH,20200312,13.47,13.54,13.34,13.42,20995.68,28184.704
603806.SH,20200312,46.51,46.6,44.62,44.85,18136.88,82240.076
603817.SH,20200312,6.36,6.55,6.31,6.55,55838.0,36097.797
603819.SH,20200312,12.52,12.82,12.2,12.34,19627.8,24378.373
603823.SH,20200312,26.15,26.68,25.82,26.38,12717.5,33431.929
603825.SH,20200312,25.78,26.19,24.32,24.86,55689.31,140106.341
603897.SH,20200312,17.6,17.85,17.35,17.52,13726.45,24049.48
603909.SH,20200312,14.4,14.67,14.23,14.65,18370.8,26755.593
603912.SH,20200312,25.15,26.22,25.08,25.08,238556.62,603863.791
603916.SH,20200312,18.88,19.1,18.33,18.4,66632.84,123936.904
603919.SH,20200312,14.54,14.6,14.22,14.33,31706.2,45629.06
000703.SZ,20200312,13.27,13.55,13.01,13.53,130828.23,173863.912
000716.SZ,20200312,3.84,3.9,3.72,3.78,278271.0,105954.573
000731.SZ,20200312,4.89,4.89,4.78,4.8,69853.61,33768.012
000733.SZ,20200312,22.8,23.68,22.75,23.29,116158.34,269719.514
000757.SZ,20200312,4.22,4.22,4.12,4.16,63235.01,26294.81
000760.SZ,20200312,1.31,1.31,1.28,1.3,120658.0,15606.409
000767.SZ,20200312,2.23,2.25,2.22,2.24,59435.21,13257.003
000779.SZ,20200312,10.39,10.51,10.03,10.18,24232.89,24811.5
000788.SZ,20200312,6.8,6.81,6.7,6.7,66111.01,44516.217
000802.SZ,20200312,11.58,11.59,11.19,11.35,155547.53,176773.431
000809.SZ,20200312,2.27,2.29,2.23,2.25,63041.42,14206.656
000810.SZ,20200312,12.53,12.86,12.45,12.58,151824.51,192098.194
000812.SZ,20200312,3.37,3.39,3.24,3.31,315792.24,104650.17
000815.SZ,20200312,8.21,8.34,7.8,8.02,241313.0,195379.449
000822.SZ,20200312,4.0,4.0,3.88,3.93,146890.3,57764.587
000830.SZ,20200312,9.0,9.05,8.91,8.95,208125.85,186545.351
000851.SZ,20200312,6.61,7.16,6.56,7.11,725281.83,500163.996
000905.SZ,20200312,6.93,6.95,6.79,6.83,90812.3,62274.371
000917.SZ,20200312,7.21,7.6,7.19,7.46,762272.44,563214.982
000920.SZ,20200312,6.48,6.55,6.35,6.45,52573.55,33882.535
000951.SZ,20200312,19.2,19.37,18.47,18.67,56375.61,106455.866
000961.SZ,20200312,8.4,8.51,8.21,8.38,355092.03,295830.317
000965.SZ,20200312,3.18,3.21,3.15,3.17,84947.52,26965.391
000970.SZ,20200312,10.0,10.08,9.81,9.89,215482.33,213943.102
000972.SZ,20200312,3.23,3.27,3.19,3.23,34327.08,11064.568
600419.SH,20200312,11.76,11.76,11.45,11.58,35696.23,41383.402
600436.SH,20200312,123.0,123.47,120.17,120.92,44689.61,541251.877
600438.SH,20200312,15.19,15.4,14.97,15.07,794694.84,1204205.907
600449.SH,20200312,10.98,11.04,10.63,10.73,112077.38,120817.609
600452.SH,20200312,18.2,18.29,17.71,17.92,28614.08,51403.12
600482.SH,20200312,17.1,17.1,16.79,16.9,47620.26,80580.011
600489.SH,20200312,8.09,8.12,7.91,7.98,411284.01,328856.011
600506.SH,20200312,8.98,9.12,8.71,8.83,37615.64,33258.31
600510.SH,20200312,7.66,7.96,7.55,7.89,120090.52,92928.232
603601.SH,20200312,16.78,17.24,15.31,16.92,1241063.84,2067775.71
603605.SH,20200312,113.94,114.89,107.77,109.58,22752.63,250756.962
603626.SH,20200312,12.03,12.03,11.36,11.53,82583.42,95751.608
603630.SH,20200312,12.75,12.75,12.42,12.55,19157.61,24078.127
603639.SH,20200312,25.31,25.67,25.11,25.3,13633.13,34539.611
603683.SH,20200312,12.17,12.2,11.88,12.05,15044.0,18060.577
603685.SH,20200312,13.02,13.04,12.7,12.92,17302.43,22226.36
603698.SH,20200312,11.69,11.77,11.5,11.56,24974.85,29002.726
603703.SH,20200312,16.99,18.68,16.71,18.58,101613.25,183415.2
603722.SH,20200312,32.8,32.8,30.4,30.55,31969.72,99439.445
603766.SH,20200312,3.63,3.77,3.56,3.76,256192.15,94082.887
603767.SH,20200312,7.44,7.49,7.35,7.41,19490.24,14460.638
603773.SH,20200312,35.34,36.88,35.03,36.11,26756.66,96720.874
603788.SH,20200312,17.38,17.49,16.74,17.0,10937.6,18677.008
603801.SH,20200312,24.2,24.7,23.2,23.4,36732.67,87454.691
603803.SH,20200312,15.71,16.2,15.14,15.57,216104.77,337909.756
603811.SH,20200312,24.24,24.5,23.76,23.79,12812.25,30792.474
603813.SH,20200312,17.76,17.97,17.5,17.67,9907.8,17485.439
603826.SH,20200312,24.4,24.57,23.73,23.73,28664.7,68808.937
603887.SH,20200312,33.86,34.33,33.18,34.14,52280.2,175751.996
603917.SH,20200312,10.2,10.2,9.9,10.06,22010.75,22040.666
000677.SZ,20200312,3.6,3.69,3.45,3.49,275038.75,97230.636
000681.SZ,20200312,17.07,17.28,16.85,17.02,87500.43,148789.078
000682.SZ,20200312,5.36,5.65,5.32,5.49,329147.88,180389.997
000683.SZ,20200312,2.12,2.14,2.1,2.11,366110.3,77489.199
000692.SZ,20200312,2.86,2.87,2.79,2.8,51886.72,14634.883
000713.SZ,20200312,8.96,9.01,8.71,8.83,222071.26,196640.64
000736.SZ,20200312,8.88,9.47,8.88,9.13,148379.28,136925.5
000768.SZ,20200312,17.9,18.44,17.8,18.1,294340.65,532247.443
000782.SZ,20200312,4.02,4.1,3.96,3.98,92127.98,37052.369
000790.SZ,20200312,5.65,5.75,5.41,5.49,336865.86,188332.942
000791.SZ,20200312,3.41,3.43,3.34,3.37,114393.45,38649.411
000799.SZ,20200312,32.88,32.98,32.35,32.52,52392.92,170928.527
000800.SZ,20200312,9.1,9.67,9.01,9.37,171111.42,158506.448
000856.SZ,20200312,10.63,11.07,10.61,10.71,120775.11,130419.078
000859.SZ,20200312,5.5,5.59,5.38,5.41,338435.28,185198.177
000869.SZ,20200312,25.22,25.22,24.8,24.95,13807.77,34439.178
000890.SZ,20200312,4.78,4.95,4.7,4.8,110869.94,53514.968
000895.SZ,20200312,36.08,36.25,34.97,35.68,199999.49,711138.178
000902.SZ,20200312,8.08,8.08,7.71,7.78,284398.1,223967.384
000912.SZ,20200312,4.58,4.6,4.48,4.5,87262.5,39513.213
000935.SZ,20200312,14.58,14.78,14.11,14.23,95491.1,137865.353
000948.SZ,20200312,12.25,12.57,11.88,12.07,307738.87,377166.804
000978.SZ,20200312,4.83,4.83,4.66,4.76,76828.75,36442.151
000988.SZ,20200312,23.68,24.34,23.01,23.6,600524.48,1417578.7
000989.SZ,20200312,8.74,8.74,8.46,8.49,106516.47,91590.397
600120.SH,20200312,9.72,9.95,9.59,9.75,160139.36,156429.521
600122.SH,20200312,2.35,2.39,2.25,2.27,829221.93,190978.649
000548.SZ,20200312,3.95,3.99,3.89,3.91,52404.23,20596.289
000553.SZ,20200312,10.7,10.99,10.62,10.95,124508.9,134693.607
600127.SH,20200312,4.56,4.59,4.48,4.5,202470.33,91593.031
000555.SZ,20200312,16.89,17.27,16.44,16.79,184610.16,311162.14
600129.SH,20200312,12.54,12.55,12.2,12.27,45451.18,56034.78
600139.SH,20200312,3.11,3.17,3.05,3.07,111144.82,34420.941
000573.SZ,20200312,2.98,3.05,2.92,2.96,89364.9,26593.556
600150.SH,20200312,19.06,19.08,18.8,18.87,123740.26,233997.979
000585.SZ,20200312,1.75,1.76,1.7,1.72,96415.12,16637.705
000590.SZ,20200312,10.8,10.83,10.5,10.63,44017.45,46948.448
600157.SH,20200312,1.41,1.43,1.4,1.41,982997.59,139030.537
000592.SZ,20200312,2.7,2.71,2.58,2.61,1221304.88,321575.251
600167.SH,20200312,15.24,15.24,13.09,14.03,135033.78,189586.178
000603.SZ,20200312,11.71,11.83,11.46,11.66,171329.96,199658.523
000605.SZ,20200312,6.3,6.37,6.14,6.17,32945.62,20550.779
000609.SZ,20200312,5.05,5.13,4.95,5.02,98104.0,49380.523
600197.SH,20200312,13.59,13.59,13.32,13.41,46050.16,61828.715
600220.SH,20200312,2.48,2.5,2.4,2.43,154910.27,37891.815
600231.SH,20200312,2.39,2.4,2.35,2.38,106241.64,25212.318
600233.SH,20200312,13.09,13.2,12.67,12.72,207929.18,266973.997
600235.SH,20200312,5.01,5.04,4.85,4.9,123679.01,61009.152
600252.SH,20200312,3.65,3.76,3.45,3.49,1184578.77,421342.154
600260.SH,20200312,14.54,15.78,14.54,15.64,1169113.01,1791922.369
000627.SZ,20200312,6.0,6.15,5.96,6.08,212614.59,128622.837
600275.SH,20200312,2.06,2.14,2.06,2.11,77490.13,16243.841
000631.SZ,20200312,2.73,2.73,2.68,2.69,44240.48,11959.737
000650.SZ,20200312,7.26,7.35,6.95,7.03,582817.31,415221.694
000652.SZ,20200312,13.39,13.76,12.18,12.27,2609252.43,3358681.407
000656.SZ,20200312,7.88,7.98,7.72,7.77,319022.25,249532.299
000661.SZ,20200312,507.9,507.9,484.0,486.99,30460.06,1499527.92
000662.SZ,20200312,3.9,3.95,3.8,3.87,277184.87,106883.928
600297.SH,20200312,4.45,4.74,4.42,4.6,589976.43,268931.74
600303.SH,20200312,3.36,3.45,3.34,3.44,90692.51,30756.127
600308.SH,20200312,4.6,4.62,4.52,4.56,160119.4,73297.074
600317.SH,20200312,2.29,2.31,2.25,2.26,120428.96,27317.651
600321.SH,20200312,2.06,2.09,2.05,2.06,52404.48,10827.177
600336.SH,20200312,5.8,5.83,5.45,5.58,367419.84,206988.122
600337.SH,20200312,4.15,4.2,4.08,4.2,117469.78,48560.421
600351.SH,20200312,5.4,5.44,5.29,5.32,74291.1,39690.838
600355.SH,20200312,4.54,4.66,4.14,4.18,1257046.19,547773.796
600363.SH,20200312,16.2,16.3,15.63,16.05,195515.29,312411.301
600375.SH,20200312,4.6,4.67,4.53,4.64,64706.0,29786.231
600513.SH,20200312,13.8,14.09,12.71,13.05,311433.91,414847.466
600533.SH,20200312,3.41,3.58,3.37,3.55,454971.99,158222.058
600551.SH,20200312,7.81,7.81,7.66,7.7,15012.0,11600.512
600558.SH,20200312,3.09,3.11,3.02,3.06,112168.97,34287.225
600571.SH,20200312,10.48,10.85,10.4,10.57,162015.15,171643.649
600573.SH,20200312,6.04,6.08,5.95,5.97,30950.01,18560.775
600584.SH,20200312,23.8,24.98,23.8,24.81,542701.64,1330857.79
600590.SH,20200312,6.06,6.38,6.04,6.25,243629.5,152065.753
600597.SH,20200312,10.75,10.78,10.51,10.6,112456.97,119539.349
600611.SH,20200312,3.73,3.78,3.67,3.69,109363.17,40577.062
600612.SH,20200312,43.32,43.32,42.05,42.23,12967.96,55118.316
600630.SH,20200312,9.0,9.19,8.51,8.6,218979.64,192869.47
600640.SH,20200312,19.75,19.75,18.97,19.29,88869.38,171394.567
600645.SH,20200312,23.1,23.81,22.08,22.51,277450.59,632996.181
600658.SH,20200312,4.72,4.74,4.56,4.61,47199.47,21878.911
600664.SH,20200312,4.4,4.46,4.28,4.32,517459.89,224995.625
600665.SH,20200312,3.38,3.42,3.31,3.34,47469.77,15943.514
600698.SH,20200312,2.66,2.73,2.65,2.69,66907.66,17999.951
600711.SH,20200312,4.57,4.59,4.48,4.5,273736.17,123875.312
600731.SH,20200312,7.03,7.09,6.84,6.9,92685.43,64586.5
600744.SH,20200312,2.47,2.47,2.38,2.39,89970.2,21643.246
600746.SH,20200312,7.23,7.23,6.96,7.03,44096.0,31144.425
600765.SH,20200312,10.09,10.31,9.94,10.06,124210.03,125250.391
600771.SH,20200312,15.35,15.38,14.93,15.15,81531.23,123208.512
600796.SH,20200312,5.6,5.69,5.55,5.6,39212.91,22015.301
600800.SH,20200312,5.09,5.09,4.87,4.91,118098.55,58419.28
600808.SH,20200312,2.91,3.08,2.85,2.97,1746351.35,522495.358
600810.SH,20200312,8.95,9.23,8.42,8.62,441242.3,386136.489
600819.SH,20200312,4.92,4.93,4.75,4.8,64924.68,31333.896
600820.SH,20200312,5.91,5.93,5.83,5.87,160603.96,94229.443
600837.SH,20200312,14.18,14.32,14.05,14.12,737100.7,1044081.26
600838.SH,20200312,5.79,5.79,5.55,5.59,50333.49,28339.546
600845.SH,20200312,47.0,47.46,45.71,46.33,84792.36,394238.46
600846.SH,20200312,8.93,8.95,8.7,8.75,155246.63,136806.247
600858.SH,20200312,4.44,4.45,4.35,4.42,55645.0,24512.423
600861.SH,20200312,10.87,10.89,10.61,10.79,23708.59,25444.233
600864.SH,20200312,7.61,7.82,7.58,7.74,427898.95,330025.929
600872.SH,20200312,42.9,43.39,42.2,43.1,63185.99,270144.544
600874.SH,20200312,7.05,7.08,6.91,6.99,93303.51,65170.026
600886.SH,20200312,7.72,7.72,7.64,7.68,159101.27,122037.565
600894.SH,20200312,6.99,6.99,6.82,6.86,69658.84,47977.521
600897.SH,20200312,19.74,19.8,19.31,19.34,12461.5,24222.533
600900.SH,20200312,17.51,17.59,17.31,17.45,243778.0,425631.021
688030.SH,20200312,44.12,45.5,43.84,44.4,19740.69,87957.187
002092.SZ,20200312,5.64,5.66,5.53,5.58,304544.36,170442.729
002103.SZ,20200312,4.97,5.03,4.85,4.89,208713.0,102924.471
002104.SZ,20200312,7.8,8.05,7.76,7.87,279003.83,219776.066
002119.SZ,20200312,13.6,14.09,13.51,13.98,148195.92,205583.752
002140.SZ,20200312,7.4,7.7,7.3,7.55,95603.87,72027.924
002154.SZ,20200312,3.67,3.79,3.61,3.71,1048681.57,387810.109
002179.SZ,20200312,37.7,38.2,37.44,37.78,73669.17,278577.578
002184.SZ,20200312,12.26,13.94,12.13,13.94,183155.48,237370.607
002185.SZ,20200312,12.16,12.96,12.03,12.74,2594311.81,3273955.388
002191.SZ,20200312,9.86,10.04,9.77,9.83,195469.93,193013.152
002194.SZ,20200312,28.3,30.88,28.3,30.6,527639.87,1564312.473
002197.SZ,20200312,10.3,11.22,10.1,11.22,815515.47,877276.931
002200.SZ,20200312,6.89,6.92,6.79,6.87,18240.51,12498.176
002209.SZ,20200312,6.66,6.66,6.47,6.56,29111.01,19095.456
002215.SZ,20200312,6.53,6.68,6.38,6.45,270037.91,176319.633
002223.SZ,20200312,31.54,32.17,29.57,29.75,356247.37,1089930.153
002224.SZ,20200312,7.12,7.24,7.03,7.15,147343.86,105046.085
002225.SZ,20200312,4.15,4.2,4.06,4.09,54815.88,22632.793
002230.SZ,20200312,39.0,39.08,37.9,38.44,677960.9,2609873.813
002233.SZ,20200312,11.93,12.06,11.72,11.9,227886.32,270879.497
002238.SZ,20200312,8.3,8.36,8.11,8.18,57253.0,47064.958
002243.SZ,20200312,14.22,14.44,13.66,14.2,140161.7,195691.426
002259.SZ,20200312,2.59,2.59,2.59,2.59,28005.02,7253.3
002276.SZ,20200312,10.09,10.53,9.72,10.0,917146.06,925073.175
002287.SZ,20200312,21.57,21.57,20.93,21.03,13408.09,28324.649
002289.SZ,20200312,12.97,12.97,12.53,12.77,20423.53,25977.063
002303.SZ,20200312,5.28,5.41,5.23,5.3,281599.53,150423.489
002308.SZ,20200312,6.75,7.02,6.68,6.71,265650.01,181478.057
002322.SZ,20200312,12.89,12.99,12.6,12.89,48745.0,62418.309
002323.SZ,20200312,2.65,2.72,2.64,2.65,37736.0,10064.745
002326.SZ,20200312,13.04,13.36,12.7,12.72,384923.91,498107.585
002331.SZ,20200312,11.27,11.33,10.86,11.02,198172.94,219785.163
002335.SZ,20200312,23.72,25.08,23.63,24.26,115491.8,281307.326
002357.SZ,20200312,5.55,5.82,5.48,5.59,181096.92,100899.399
002371.SZ,20200312,121.19,127.98,121.19,126.0,130777.86,1642318.038
002378.SZ,20200312,4.62,4.65,4.5,4.55,75957.41,34677.883
002383.SZ,20200312,11.34,11.84,11.33,11.5,269378.2,311666.769
002386.SZ,20200312,6.26,6.31,5.97,6.05,283331.8,173494.104
002396.SZ,20200312,44.51,46.08,43.53,44.58,189774.56,845408.196
002401.SZ,20200312,11.6,11.7,11.28,11.35,42897.64,49095.048
002428.SZ,20200312,10.32,10.46,10.18,10.31,171406.43,176714.587
002434.SZ,20200312,8.75,8.83,8.53,8.64,48284.89,41706.363
002438.SZ,20200312,8.2,8.34,7.96,8.05,57488.86,46546.345
603933.SH,20200312,14.1,14.7,14.03,14.39,28398.89,40981.865
603969.SH,20200312,4.11,4.2,4.0,4.04,103347.24,42241.112
603980.SH,20200312,7.93,7.98,7.8,7.94,86517.51,68127.198
600378.SH,20200312,21.73,22.45,20.85,21.19,122673.19,266719.063
600405.SH,20200312,5.62,6.23,5.5,6.09,514229.11,304324.779
600456.SH,20200312,26.6,26.62,25.77,26.27,86755.5,226557.795
600463.SH,20200312,6.69,6.86,6.59,6.59,28204.6,18866.238
600467.SH,20200312,2.38,2.46,2.35,2.45,367044.93,88055.368
600469.SH,20200312,5.66,5.79,5.61,5.67,88464.25,50259.124
600478.SH,20200312,4.37,4.42,4.28,4.35,176665.0,76802.368
600488.SH,20200312,4.71,4.74,4.61,4.64,86560.94,40363.852
600496.SH,20200312,3.7,3.78,3.65,3.69,285984.17,105750.161
600503.SH,20200312,3.34,3.39,3.31,3.35,224472.47,75176.244
600507.SH,20200312,8.71,8.89,8.68,8.75,108039.01,94688.79
600515.SH,20200312,6.0,6.25,5.69,6.03,1031228.49,614878.244
600518.SH,20200312,3.24,3.26,3.21,3.23,290882.22,94041.885
600537.SH,20200312,3.35,3.41,3.31,3.33,178842.77,59891.278
600555.SH,20200312,2.85,2.85,2.75,2.85,746587.41,212284.883
600568.SH,20200312,1.7,1.77,1.67,1.73,500836.06,86763.0
600572.SH,20200312,5.85,5.89,5.76,5.79,351287.56,203793.771
600583.SH,20200312,5.51,5.54,5.31,5.38,287404.5,155374.077
600587.SH,20200312,18.78,19.28,18.18,18.3,139953.09,261657.269
600599.SH,20200312,8.2,9.32,8.2,9.32,192194.73,176255.396
600600.SH,20200312,44.65,44.65,43.31,43.68,58648.13,256238.179
600602.SH,20200312,8.25,8.4,8.15,8.22,111058.83,91713.818
600609.SH,20200312,3.9,4.02,3.77,3.93,115108.01,44567.275
600622.SH,20200312,4.19,4.35,4.16,4.27,271819.47,115412.49
600624.SH,20200312,9.97,10.1,9.61,9.72,289028.34,285110.84
600628.SH,20200312,10.3,10.31,10.0,10.02,36871.05,37244.978
600641.SH,20200312,20.54,21.38,20.4,20.73,179557.27,373839.72
600651.SH,20200312,3.72,3.76,3.62,3.64,107803.69,39619.135
600662.SH,20200312,4.12,4.16,4.05,4.08,84807.08,34787.362
600674.SH,20200312,9.17,9.17,9.03,9.07,44146.5,40055.182
600684.SH,20200312,3.36,3.44,3.33,3.37,82080.17,27710.319
600691.SH,20200312,2.04,2.07,2.02,2.03,155108.72,31707.247
600710.SH,20200312,5.79,5.92,5.57,5.62,371962.12,213328.029
600717.SH,20200312,5.79,5.79,5.7,5.72,109057.4,62548.482
600718.SH,20200312,13.1,13.44,12.88,13.09,154768.96,202836.186
600735.SH,20200312,6.23,6.26,6.14,6.17,50764.94,31458.117
600756.SH,20200312,19.8,19.96,19.5,19.67,80301.41,158332.289
600758.SH,20200312,3.76,3.78,3.72,3.73,113893.0,42628.534
600770.SH,20200312,5.3,5.35,5.19,5.21,170500.75,89655.361
600774.SH,20200312,12.09,12.26,11.24,11.62,42363.01,50149.71
600779.SH,20200312,45.9,46.0,44.9,45.34,40225.67,182080.342
600784.SH,20200312,4.59,4.75,4.56,4.74,50458.57,23569.754
600785.SH,20200312,14.2,14.27,14.05,14.11,3579.7,5071.398
600793.SH,20200312,13.97,14.1,13.53,13.79,12727.0,17550.718
600797.SH,20200312,9.62,9.78,9.36,9.54,330982.73,317280.599
600815.SH,20200312,2.2,2.23,2.18,2.2,32055.01,7060.525
688078.SH,20200312,47.3,47.77,46.3,46.8,10753.31,50536.469
688101.SH,20200312,20.79,20.97,20.36,20.5,32058.4,66157.091
688108.SH,20200312,17.4,17.4,16.9,17.03,18444.47,31484.617
688158.SH,20200312,76.01,79.4,75.0,77.78,36301.12,279506.615
688166.SH,20200312,46.88,47.41,44.58,44.69,29183.61,132763.684
688199.SH,20200312,60.98,61.55,60.13,60.51,11495.89,69627.263
688200.SH,20200312,221.14,226.1,220.11,222.86,9379.43,209102.48
002444.SZ,20200312,11.79,12.02,11.37,11.44,214881.6,250000.248
002451.SZ,20200312,9.22,9.37,9.03,9.28,120457.93,110877.686
002513.SZ,20200312,5.88,5.9,5.72,5.77,56372.33,32712.257
002528.SZ,20200312,5.7,5.7,5.44,5.56,287584.76,160069.419
002530.SZ,20200312,12.96,13.28,12.7,12.84,77946.8,100662.767
002531.SZ,20200312,6.05,6.15,5.89,5.96,240325.76,144355.231
002536.SZ,20200312,5.88,6.05,5.57,5.66,168994.79,97995.262
002538.SZ,20200312,5.03,5.06,4.84,4.86,294620.82,145198.639
002555.SZ,20200312,31.7,32.17,30.83,31.15,356956.39,1122820.117
002569.SZ,20200312,10.12,10.13,9.92,10.06,1909.0,1914.146
002583.SZ,20200312,7.86,8.26,7.81,8.18,503386.06,405943.124
002644.SZ,20200312,8.9,9.33,8.71,8.73,243640.83,218818.062
002653.SZ,20200312,21.52,21.8,20.38,20.82,54939.53,114654.231
002669.SZ,20200312,15.2,15.48,14.64,14.85,83183.0,124675.692
002678.SZ,20200312,7.3,7.32,7.0,7.11,10071.7,7207.43
002713.SZ,20200312,7.57,7.57,7.28,7.35,45000.46,33264.522
002719.SZ,20200312,9.2,9.25,9.01,9.11,23170.6,21080.315
002728.SZ,20200312,16.61,16.77,16.18,16.3,10161.0,16622.876
002741.SZ,20200312,12.35,12.61,12.11,12.31,43137.11,53304.932
002742.SZ,20200312,6.05,6.11,5.83,5.95,84242.68,50037.73
002743.SZ,20200312,6.88,7.06,6.71,6.91,120488.85,82892.886
002746.SZ,20200312,15.25,15.77,15.1,15.51,157275.33,244173.139
002757.SZ,20200312,25.19,25.8,24.0,24.24,91100.19,223367.482
002768.SZ,20200312,58.0,60.78,50.32,50.32,499719.95,2776871.851
002770.SZ,20200312,2.39,2.48,2.32,2.35,287167.81,68590.391
002776.SZ,20200312,10.75,11.1,10.0,10.09,360935.58,377209.923
002777.SZ,20200312,41.66,42.11,40.5,41.43,20444.18,84432.624
002781.SZ,20200312,14.15,14.45,14.07,14.27,32687.0,46594.704
002786.SZ,20200312,8.94,9.26,8.76,8.93,83530.0,75029.806
002790.SZ,20200312,6.42,6.48,6.28,6.34,27570.01,17507.054
002792.SZ,20200312,33.42,34.51,33.24,34.1,159635.19,539696.464
002793.SZ,20200312,14.5,15.05,14.4,14.57,64414.45,94734.061
002802.SZ,20200312,20.29,20.3,19.3,19.62,8271.0,16339.755
002806.SZ,20200312,13.15,13.29,13.01,13.15,17532.0,23003.599
002807.SZ,20200312,4.36,4.45,4.33,4.4,291959.69,127883.901
002822.SZ,20200312,9.99,10.2,9.63,9.7,233200.02,231707.777
002841.SZ,20200312,85.96,86.4,84.65,85.3,15625.91,133237.377
002858.SZ,20200312,14.0,14.0,13.35,13.52,23026.92,31494.535
002867.SZ,20200312,19.61,19.61,18.8,18.93,41724.64,79562.222
300583.SZ,20200312,31.1,32.9,30.68,32.29,21925.44,70594.046
300593.SZ,20200312,20.5,20.85,19.96,20.25,51062.93,104225.718
300606.SZ,20200312,30.82,30.99,29.15,29.63,69624.74,207923.557
300613.SZ,20200312,156.0,160.17,153.24,157.36,7032.5,110494.729
300616.SZ,20200312,67.2,68.5,64.53,67.05,10360.81,68627.97
300620.SZ,20200312,39.29,40.23,39.16,39.9,15451.0,61212.747
300633.SZ,20200312,28.62,29.95,27.51,27.79,36141.12,102683.536
300634.SZ,20200312,20.07,21.16,20.03,21.16,42975.36,88506.796
300664.SZ,20200312,16.5,16.51,15.6,15.84,206184.02,330594.708
300671.SZ,20200312,29.64,30.54,29.06,29.64,38893.81,115818.422
300676.SZ,20200312,80.0,81.8,77.36,79.38,94081.84,749283.849
300681.SZ,20200312,34.0,34.83,32.7,33.03,4309.0,14361.947
300694.SZ,20200312,12.85,12.9,12.45,12.59,35400.46,44695.073
300697.SZ,20200312,14.9,15.35,14.45,14.68,49618.5,73260.302
300707.SZ,20200312,16.61,16.9,16.38,16.66,36836.24,61331.753
300716.SZ,20200312,11.2,11.35,10.4,10.62,149883.51,161891.518
300731.SZ,20200312,36.38,37.5,36.2,36.43,12495.9,45792.792
300739.SZ,20200312,19.84,20.38,19.68,20.06,47459.25,94892.748
300742.SZ,20200312,27.2,27.88,25.88,25.88,71057.45,186980.208
300750.SZ,20200312,136.2,136.77,131.32,134.2,333857.59,4454589.854
300768.SZ,20200312,47.16,50.89,45.22,49.0,73166.93,346757.471
300777.SZ,20200312,37.7,40.0,37.4,38.77,45275.56,176469.451
300781.SZ,20200312,30.49,30.49,28.9,29.3,15099.0,44559.444
300795.SZ,20200312,24.8,25.08,24.53,24.68,17040.93,42209.88
300798.SZ,20200312,14.22,14.4,13.73,13.96,70209.43,98419.074
000001.SZ,20200312,14.65,14.84,14.53,14.68,986497.11,1447436.641
000011.SZ,20200312,7.91,8.12,7.84,8.02,31407.87,25014.625
000019.SZ,20200312,6.31,6.47,6.18,6.46,98024.44,61959.765
000039.SZ,20200312,8.3,8.3,8.1,8.13,89055.99,72650.033
000049.SZ,20200312,42.08,42.4,41.02,41.3,61861.81,257404.727
000059.SZ,20200312,6.2,6.24,5.98,6.03,285531.79,173792.447
000063.SZ,20200312,51.13,52.06,50.01,51.42,1250095.25,6368247.612
000066.SZ,20200312,13.72,14.02,13.6,13.76,483027.07,665011.681
000068.SZ,20200312,3.56,3.56,3.45,3.48,129216.86,45177.677
000088.SZ,20200312,4.88,4.88,4.76,4.76,73227.02,35093.607
600011.SH,20200312,4.8,4.82,4.74,4.76,199914.87,95412.062
600016.SH,20200312,5.79,5.8,5.76,5.8,757007.24,437570.229
600019.SH,20200312,5.21,5.23,5.16,5.18,563217.76,292159.63
000158.SZ,20200312,12.5,13.53,12.27,13.5,1696118.46,2227295.006
600033.SH,20200312,2.91,2.92,2.86,2.89,106985.1,30851.231
600048.SH,20200312,16.11,16.54,15.93,16.39,709346.34,1153011.471
600051.SH,20200312,5.68,5.72,5.62,5.67,29313.66,16600.192
000415.SZ,20200312,3.33,3.39,3.31,3.34,255702.38,85538.279
600056.SH,20200312,14.41,14.44,14.01,14.09,159537.37,226309.337
000425.SZ,20200312,5.21,5.26,5.07,5.19,1066260.94,549180.526
000516.SZ,20200312,4.8,4.96,4.77,4.89,387304.55,188643.235
603985.SH,20200312,17.5,17.54,16.94,17.29,12322.86,21261.405
603997.SH,20200312,7.86,7.87,7.26,7.38,84045.02,62633.814
688012.SH,20200312,144.98,154.55,142.22,151.35,40683.35,610572.965
688016.SH,20200312,162.32,165.41,156.77,158.18,4419.76,70942.645
688018.SH,20200312,229.99,233.9,223.0,227.02,8095.9,183977.248
688066.SH,20200312,47.76,50.48,47.6,48.43,34746.2,168518.868
688128.SH,20200312,20.05,20.07,19.72,19.81,20667.32,41008.736
688159.SH,20200312,64.74,69.16,64.03,68.2,31397.58,210183.908
688168.SH,20200312,106.01,109.8,106.01,107.31,6934.66,74461.542
688181.SH,20200312,50.42,51.96,50.42,51.02,7030.8,35937.65
688208.SH,20200312,45.96,46.46,44.77,45.03,26780.96,122065.148
688310.SH,20200312,32.3,32.57,31.82,31.96,7084.11,22855.971
688368.SH,20200312,82.0,84.48,80.77,83.58,6757.18,55853.643
688398.SH,20200312,56.9,57.88,56.5,56.87,9791.01,55760.179
002447.SZ,20200312,2.57,2.6,2.51,2.52,290310.39,74065.694
002465.SZ,20200312,12.74,13.17,12.6,12.85,740152.22,952431.617
002466.SZ,20200312,31.0,31.45,30.01,30.73,299191.19,918962.973
002469.SZ,20200312,4.35,4.36,4.25,4.31,77636.07,33396.123
002482.SZ,20200312,4.13,4.13,4.03,4.05,77919.2,31687.385
002493.SZ,20200312,10.8,10.82,10.6,10.61,57450.78,61299.817
002517.SZ,20200312,3.06,3.08,2.96,3.0,650695.91,196752.216
002521.SZ,20200312,5.77,5.8,5.64,5.72,74838.16,42810.404
002524.SZ,20200312,8.74,8.85,8.6,8.67,125292.74,108685.821
002527.SZ,20200312,6.09,6.11,5.92,5.97,97607.88,58395.63
002533.SZ,20200312,5.97,6.03,5.71,5.76,265105.5,155830.658
002543.SZ,20200312,8.58,8.58,8.45,8.5,21063.77,17905.672
002547.SZ,20200312,9.45,9.68,9.2,9.49,927851.71,876811.69
002548.SZ,20200312,9.36,9.37,9.03,9.1,165955.68,152068.195
002551.SZ,20200312,12.94,12.94,12.0,12.94,1923810.46,2463055.823
002556.SZ,20200312,7.5,7.9,7.22,7.22,460766.41,345951.002
002557.SZ,20200312,41.35,41.98,40.09,40.77,44546.74,181571.191
002572.SZ,20200312,19.9,20.12,19.44,19.65,133456.88,262706.83
002575.SZ,20200312,6.5,6.5,6.19,6.26,42848.2,26941.647
002580.SZ,20200312,5.56,6.02,5.51,5.91,233795.34,135394.794
002582.SZ,20200312,9.29,9.45,9.15,9.28,89527.0,83181.41
002586.SZ,20200312,2.68,2.68,2.62,2.63,30229.0,8002.328
002590.SZ,20200312,7.67,7.79,7.55,7.68,50708.45,38849.803
002593.SZ,20200312,3.73,3.93,3.68,3.89,162181.0,61860.86
002599.SZ,20200312,4.6,4.7,4.53,4.64,78995.3,36400.148
002605.SZ,20200312,29.19,29.48,27.49,28.23,130481.9,369965.987
002611.SZ,20200312,5.38,5.52,5.11,5.21,711052.64,376555.33
002616.SZ,20200312,8.17,8.26,8.05,8.17,27717.5,22584.86
002620.SZ,20200312,5.9,6.07,5.81,5.98,46912.45,27812.262
002624.SZ,20200312,43.51,44.44,42.18,43.33,161904.82,699170.467
002629.SZ,20200312,3.1,3.36,3.07,3.36,199173.3,64320.582
002632.SZ,20200312,8.03,8.1,7.72,7.89,130083.0,103223.251
600817.SH,20200312,9.73,9.87,9.62,9.67,12992.05,12606.188
600818.SH,20200312,10.49,10.49,10.0,10.17,18936.11,19267.1
600822.SH,20200312,9.4,9.4,9.18,9.24,41827.0,38674.573
600833.SH,20200312,10.01,10.01,9.66,9.67,22866.01,22351.613
600854.SH,20200312,3.97,3.98,3.8,3.88,86432.86,33667.748
600856.SH,20200312,1.61,1.62,1.59,1.61,67729.0,10880.718
600865.SH,20200312,6.19,6.2,6.08,6.09,28211.26,17273.127
600876.SH,20200312,14.87,15.35,14.63,14.77,85961.76,127696.495
600888.SH,20200312,4.8,4.87,4.72,4.78,180068.44,86223.443
600971.SH,20200312,4.98,5.03,4.93,4.97,106715.55,53122.511
600976.SH,20200312,17.3,17.44,16.8,16.89,16114.99,27542.961
600986.SH,20200312,4.09,4.11,4.0,4.05,412505.99,167125.555
600992.SH,20200312,6.5,6.58,6.38,6.46,19181.86,12432.54
600993.SH,20200312,15.89,15.89,15.52,15.63,70839.28,110539.213
600997.SH,20200312,5.0,5.0,4.92,4.93,42864.77,21232.111
601006.SH,20200312,7.09,7.17,7.05,7.13,420869.28,298152.629
601009.SH,20200312,7.75,7.83,7.71,7.73,397750.75,308225.915
601010.SH,20200312,3.18,3.2,3.15,3.16,68539.99,21714.552
601021.SH,20200312,37.46,37.47,36.47,36.68,89710.25,330165.207
601069.SH,20200312,14.59,14.67,14.2,14.32,168051.83,241342.652
601088.SH,20200312,16.34,16.36,16.17,16.26,177864.08,289215.796
601106.SH,20200312,2.77,2.78,2.74,2.76,303905.0,83883.556
601108.SH,20200312,11.35,11.59,11.18,11.4,1040139.72,1182459.203
601111.SH,20200312,8.03,8.06,7.82,7.86,741768.58,585777.378
601117.SH,20200312,6.81,6.98,6.68,6.84,342169.24,233244.263
601128.SH,20200312,7.93,7.98,7.71,7.85,338419.89,264690.755
601139.SH,20200312,6.88,6.98,6.73,6.97,231843.93,159482.727
601169.SH,20200312,5.15,5.16,5.11,5.14,513134.79,263325.012
601177.SH,20200312,8.2,8.38,8.12,8.21,29612.01,24300.923
601212.SH,20200312,3.1,3.1,3.03,3.05,230338.44,70386.178
601336.SH,20200312,44.0,44.22,43.63,43.91,92988.2,407961.479
601360.SH,20200312,21.28,21.67,21.0,21.17,301696.78,640471.894
601368.SH,20200312,5.59,5.59,5.46,5.53,29108.0,16094.369
601377.SH,20200312,6.89,6.97,6.76,6.8,807310.81,552969.962
601398.SH,20200312,5.3,5.32,5.27,5.29,2462964.88,1303003.586
601606.SH,20200312,9.77,9.77,9.51,9.59,68004.0,65315.059
600594.SH,20200312,5.33,5.64,5.3,5.6,349725.59,192756.7
600605.SH,20200312,10.37,10.52,10.11,10.32,16224.26,16712.192
600608.SH,20200312,4.36,4.37,4.28,4.34,23348.87,10087.956
600614.SH,20200312,1.38,1.4,1.36,1.37,121836.83,16757.581
600616.SH,20200312,4.53,4.53,4.45,4.48,37610.24,16869.863
600620.SH,20200312,6.25,6.28,6.03,6.1,39530.06,24237.327
600623.SH,20200312,5.95,5.95,5.82,5.86,106065.43,62293.551
600633.SH,20200312,9.3,9.43,9.18,9.3,108671.01,101027.815
600644.SH,20200312,5.1,5.12,5.04,5.06,26405.65,13387.958
600652.SH,20200312,2.51,2.53,2.45,2.49,103921.0,25888.32
002868.SZ,20200312,16.6,16.7,16.23,16.4,8127.61,13379.747
002879.SZ,20200312,17.01,18.03,16.7,17.9,68293.6,119952.875
002893.SZ,20200312,11.03,11.15,10.91,11.04,18159.8,20008.917
002897.SZ,20200312,33.65,38.1,33.65,37.4,133903.54,479868.278
002916.SZ,20200312,239.14,250.5,237.0,250.39,68133.75,1655384.307
002923.SZ,20200312,17.78,17.78,17.16,17.35,27968.2,48804.243
002925.SZ,20200312,61.03,62.8,58.9,59.4,60293.51,364205.056
002940.SZ,20200312,40.07,40.07,38.58,38.88,9958.0,38988.434
002951.SZ,20200312,16.1,16.13,15.82,15.84,15017.0,23882.005
002953.SZ,20200312,24.92,27.98,24.92,27.01,144511.72,385847.683
002960.SZ,20200312,24.54,24.58,23.91,24.1,20660.53,50109.903
002966.SZ,20200312,9.68,9.9,9.6,9.73,360767.39,351262.74
002967.SZ,20200312,37.9,38.2,37.11,37.55,24655.83,92931.753
002968.SZ,20200312,63.0,63.3,60.6,61.6,4241.42,26152.506
002969.SZ,20200312,8.9,9.0,8.71,8.81,78437.28,69344.447
003816.SZ,20200312,3.12,3.12,3.08,3.09,602635.46,186539.981
300007.SZ,20200312,16.97,17.19,15.7,15.9,317077.74,514792.198
300017.SZ,20200312,9.57,9.85,9.42,9.65,677870.67,652630.251
300020.SZ,20200312,9.8,10.08,9.73,9.87,166210.6,164383.615
300023.SZ,20200312,7.1,7.61,7.1,7.49,88334.07,65737.707
300041.SZ,20200312,11.3,11.48,10.88,11.01,97928.0,108822.58
300048.SZ,20200312,2.93,3.0,2.85,2.96,845805.69,246697.927
300051.SZ,20200312,9.64,9.87,9.25,9.54,274452.23,263839.939
300063.SZ,20200312,5.21,5.39,4.99,5.18,329863.49,169683.447
300084.SZ,20200312,4.22,4.26,4.16,4.21,68556.24,28799.899
300088.SZ,20200312,10.27,10.64,10.16,10.24,895769.46,925566.707
300089.SZ,20200312,3.36,3.58,3.31,3.4,426506.0,146909.042
300093.SZ,20200312,11.39,11.39,10.88,11.05,44111.71,48805.197
300094.SZ,20200312,4.5,4.66,4.39,4.49,160024.73,72109.557
300117.SZ,20200312,3.66,3.77,3.6,3.63,75809.0,27726.432
300119.SZ,20200312,16.1,16.29,15.28,15.51,120392.57,188165.326
300135.SZ,20200312,2.74,2.75,2.62,2.67,179177.78,47964.642
300157.SZ,20200312,3.51,3.54,3.41,3.45,108921.15,37775.077
300159.SZ,20200312,4.61,4.7,4.53,4.62,231161.6,106350.174
300166.SZ,20200312,16.24,16.85,16.04,16.51,454223.85,749112.953
300174.SZ,20200312,16.95,18.09,16.71,17.85,79327.95,139711.663
300176.SZ,20200312,7.95,7.95,7.74,7.79,76892.9,60274.544
300183.SZ,20200312,16.38,16.96,16.28,16.6,108874.45,180603.033
300191.SZ,20200312,19.19,19.2,18.6,18.81,38847.31,73308.016
300195.SZ,20200312,7.74,7.95,7.23,7.37,179873.02,135870.274
300199.SZ,20200312,7.5,7.85,7.35,7.67,227763.12,172733.465
300207.SZ,20200312,18.57,18.83,18.07,18.29,293868.91,539643.546
300210.SZ,20200312,3.16,3.24,3.09,3.24,82021.34,25950.514
300259.SZ,20200312,5.51,5.61,5.4,5.42,186154.85,102469.362
300260.SZ,20200312,14.8,16.49,14.6,16.17,113035.02,179910.83
300289.SZ,20200312,5.76,5.87,5.63,5.69,51596.21,29542.673
000517.SZ,20200312,2.83,3.0,2.83,2.92,292940.03,85698.156
000521.SZ,20200312,3.63,3.69,3.46,3.5,428673.01,151749.041
000530.SZ,20200312,4.12,4.16,4.03,4.07,161115.34,65890.742
600079.SH,20200312,13.86,14.14,13.8,13.92,123930.79,172943.511
600082.SH,20200312,3.68,3.7,3.58,3.64,57482.14,20991.778
000544.SZ,20200312,6.43,6.5,6.25,6.32,63967.65,40803.224
600116.SH,20200312,8.27,8.56,8.09,8.15,163014.03,134860.957
600121.SH,20200312,2.12,2.15,2.1,2.11,78067.6,16543.209
000551.SZ,20200312,8.21,8.21,7.84,7.95,84106.87,67696.143
000552.SZ,20200312,2.32,2.32,2.27,2.3,102051.67,23465.718
600128.SH,20200312,7.18,7.23,7.07,7.1,48087.15,34310.24
000561.SZ,20200312,8.87,8.87,8.01,8.26,623293.34,522981.823
000564.SZ,20200312,2.27,2.29,2.22,2.24,311402.98,70093.334
600138.SH,20200312,10.85,10.96,10.59,10.64,257487.35,276378.74
000568.SZ,20200312,80.5,80.5,78.62,80.25,91076.4,725465.649
000570.SZ,20200312,4.71,4.86,4.65,4.8,117185.98,55789.161
600156.SH,20200312,5.7,5.87,5.5,5.81,311106.94,177825.053
600160.SH,20200312,7.44,7.72,7.24,7.59,670630.22,497228.219
000596.SZ,20200312,129.5,129.55,125.5,127.74,27290.2,347082.315
000597.SZ,20200312,7.88,7.88,7.55,7.59,175572.56,134965.038
600163.SH,20200312,3.35,3.35,3.28,3.29,50322.27,16656.042
600184.SH,20200312,10.14,10.33,9.93,10.03,49113.2,49534.557
600203.SH,20200312,12.88,13.71,12.47,12.98,1109718.3,1459034.656
600211.SH,20200312,37.88,38.81,37.13,38.21,44625.15,169433.023
600216.SH,20200312,16.8,17.56,16.51,16.8,554253.3,941555.834
600223.SH,20200312,7.8,7.91,7.61,7.66,241347.04,187062.722
600232.SH,20200312,7.43,7.46,7.06,7.11,107779.8,78173.881
600239.SH,20200312,3.01,3.08,2.95,3.0,228884.1,68804.983
600261.SH,20200312,4.03,4.06,3.95,3.96,184025.3,73502.395
000632.SZ,20200312,5.17,5.75,5.11,5.66,211132.87,115655.034
000663.SZ,20200312,4.52,4.53,4.29,4.33,153218.55,67350.373
000665.SZ,20200312,6.41,6.77,6.36,6.46,209478.06,136793.098
000671.SZ,20200312,7.34,7.52,7.24,7.27,271791.91,199161.1
600312.SH,20200312,8.35,8.64,8.0,8.14,932286.31,770924.68
600320.SH,20200312,3.39,3.41,3.35,3.37,82308.73,27773.359
600327.SH,20200312,4.05,4.07,3.98,4.04,174701.43,70240.412
600352.SH,20200312,13.62,13.65,13.25,13.43,671677.36,903398.894
600365.SH,20200312,3.69,3.75,3.64,3.67,61813.77,22778.121
600367.SH,20200312,7.73,7.73,7.5,7.56,29070.67,22049.677
600370.SH,20200312,3.37,3.42,3.13,3.18,344182.55,112060.995
600382.SH,20200312,6.49,6.5,6.3,6.34,36590.6,23377.723
600388.SH,20200312,10.88,10.97,10.7,10.81,91768.84,99126.128
600389.SH,20200312,21.1,21.14,20.52,20.77,24235.31,50283.427
600397.SH,20200312,2.37,2.48,2.35,2.38,178732.81,43046.607
600795.SH,20200312,2.11,2.11,2.08,2.1,863098.0,180863.315
600814.SH,20200312,4.92,4.92,4.82,4.86,28659.0,13949.026
002636.SZ,20200312,8.8,9.16,8.7,9.04,113718.93,102434.921
002651.SZ,20200312,4.71,4.71,4.55,4.6,53925.05,24853.223
002664.SZ,20200312,14.64,14.93,14.51,14.7,41287.0,60671.431
002665.SZ,20200312,3.78,3.94,3.63,3.8,2156812.16,816926.249
002697.SZ,20200312,8.94,9.1,8.7,8.9,163918.3,145774.726
002707.SZ,20200312,6.29,6.46,6.04,6.27,272144.48,169747.789
002711.SZ,20200312,1.31,1.42,1.3,1.42,614291.94,84643.895
002717.SZ,20200312,5.1,5.13,5.02,5.04,223623.4,113354.803
002722.SZ,20200312,13.24,13.24,12.95,13.09,18514.48,24142.463
002729.SZ,20200312,42.5,43.37,41.1,42.9,4052.11,17216.063
002734.SZ,20200312,14.74,15.03,14.33,14.46,59555.82,87487.315
002735.SZ,20200312,18.15,18.59,17.88,18.42,12712.7,23181.449
002740.SZ,20200312,9.21,9.32,8.96,9.09,69008.61,62883.252
002749.SZ,20200312,10.6,10.71,10.5,10.63,14889.06,15755.872
002751.SZ,20200312,25.4,25.58,24.8,25.03,32138.3,80915.063
002755.SZ,20200312,15.85,15.88,15.36,15.55,39877.87,62166.679
002759.SZ,20200312,8.45,8.45,8.15,8.21,40233.91,33290.301
002762.SZ,20200312,5.49,5.54,5.34,5.39,58829.54,31905.933
002773.SZ,20200312,35.0,35.46,34.2,35.02,53176.6,184614.426
002785.SZ,20200312,13.62,13.67,13.01,13.24,14807.0,19647.798
002787.SZ,20200312,7.0,7.06,6.81,6.87,22817.0,15734.093
002789.SZ,20200312,14.31,14.39,14.1,14.33,20658.81,29382.604
002796.SZ,20200312,43.96,44.71,43.1,44.6,101815.98,447926.393
002800.SZ,20200312,24.66,25.0,24.21,24.32,18657.0,45863.788
002821.SZ,20200312,171.63,174.5,168.0,172.07,36949.14,632230.863
002855.SZ,20200312,12.58,12.92,12.58,12.72,30713.0,39067.763
002857.SZ,20200312,11.69,11.75,11.4,11.71,7527.86,8747.991
002865.SZ,20200312,15.15,15.5,14.55,14.77,95185.21,142060.437
002871.SZ,20200312,17.98,18.1,17.5,17.77,12541.6,22294.021
002872.SZ,20200312,5.62,5.83,5.61,5.72,65809.02,37729.387
002880.SZ,20200312,65.83,66.1,64.12,64.75,10511.0,68325.049
002887.SZ,20200312,16.57,17.14,16.26,16.54,33733.1,56194.156
002889.SZ,20200312,28.45,28.46,26.89,27.23,40814.72,112536.427
002899.SZ,20200312,13.64,13.77,13.34,13.62,21114.0,28563.772
002905.SZ,20200312,15.02,15.75,14.98,15.53,116383.39,178245.454
002961.SZ,20200312,32.48,33.5,32.09,32.85,33332.0,109168.509
002970.SZ,20200312,124.61,127.0,121.3,123.89,14125.84,174141.308
300005.SZ,20200312,4.11,4.13,4.05,4.06,96862.06,39581.229
300008.SZ,20200312,2.69,2.7,2.63,2.67,177709.06,47388.957
300010.SZ,20200312,17.5,18.12,17.09,17.59,217527.67,382872.678
300015.SZ,20200312,42.7,42.76,40.99,41.58,251998.4,1049391.176
300018.SZ,20200312,5.97,6.37,5.97,6.13,758059.56,466255.98
300021.SZ,20200312,5.16,5.21,5.02,5.05,224770.96,114600.615
300024.SZ,20200312,15.85,15.98,15.41,15.6,342690.75,536983.023
300040.SZ,20200312,6.02,6.77,5.97,6.77,364377.28,235392.668
300045.SZ,20200312,13.82,15.16,13.82,14.5,925779.33,1332583.358
600661.SH,20200312,17.85,17.86,17.4,17.49,29574.01,51946.06
600663.SH,20200312,11.8,11.87,11.68,11.77,38016.26,44669.354
600668.SH,20200312,14.61,14.85,14.44,14.54,81045.58,118315.051
600681.SH,20200312,5.67,5.76,5.58,5.73,69089.11,39101.556
600682.SH,20200312,10.33,10.49,9.96,10.03,272074.25,276560.039
600683.SH,20200312,4.08,4.15,4.04,4.05,30628.64,12493.218
600705.SH,20200312,4.29,4.38,4.28,4.31,357845.15,154657.179
600716.SH,20200312,4.15,4.23,4.1,4.16,61497.0,25612.119
600719.SH,20200312,4.17,4.19,4.02,4.06,35297.02,14418.718
600725.SH,20200312,2.36,2.37,2.3,2.32,38929.14,9088.719
600728.SH,20200312,10.2,10.53,10.12,10.33,488560.32,504515.163
600733.SH,20200312,6.02,6.17,5.8,6.04,254404.85,151599.187
600737.SH,20200312,8.54,8.73,8.5,8.53,175082.53,150082.261
600748.SH,20200312,5.51,5.75,5.48,5.64,311593.69,175607.532
600749.SH,20200312,8.82,8.99,8.7,8.83,23979.01,21254.19
600755.SH,20200312,6.8,6.8,6.65,6.67,177089.71,118743.159
600764.SH,20200312,29.1,30.03,28.42,28.66,33724.64,98058.926
600767.SH,20200312,4.12,4.12,3.98,4.02,23049.17,9278.671
600768.SH,20200312,10.6,10.66,10.38,10.47,32488.4,34167.375
600773.SH,20200312,5.95,6.09,5.92,6.01,122997.31,73714.989
600781.SH,20200312,5.25,5.3,5.18,5.22,66066.86,34544.086
600798.SH,20200312,3.54,3.78,3.45,3.57,538422.88,194118.141
600801.SH,20200312,24.55,25.02,24.1,24.27,208235.89,508906.861
600802.SH,20200312,11.5,11.95,11.28,11.84,293970.54,343837.062
600804.SH,20200312,7.6,8.02,7.55,7.68,995756.54,770798.296
600807.SH,20200312,3.4,3.42,3.35,3.37,46981.87,15848.435
600812.SH,20200312,8.89,9.06,8.51,8.65,323647.72,282613.944
600830.SH,20200312,7.02,7.72,7.02,7.72,298130.84,219260.963
600867.SH,20200312,11.7,11.75,11.38,11.46,361104.59,416405.658
600869.SH,20200312,4.4,4.55,4.39,4.45,468959.0,209540.338
600877.SH,20200312,7.17,7.26,6.94,6.94,184893.0,129652.249
600883.SH,20200312,10.18,10.2,9.76,9.91,31813.0,31630.207
600901.SH,20200312,5.52,5.65,5.49,5.59,204925.59,113891.539
600936.SH,20200312,3.89,3.9,3.84,3.86,51390.0,19873.529
600939.SH,20200312,4.41,4.45,4.35,4.42,41318.15,18166.804
600963.SH,20200312,4.69,4.74,4.56,4.61,210809.86,97698.26
600970.SH,20200312,6.14,6.2,6.06,6.09,207981.55,127115.083
600981.SH,20200312,3.76,4.15,3.75,4.15,586029.53,237081.925
600982.SH,20200312,2.88,2.88,2.83,2.87,41909.0,11953.787
600999.SH,20200312,18.13,18.41,17.92,18.09,225922.9,409146.706
601068.SH,20200312,4.69,4.77,4.66,4.7,110242.0,51833.454
601137.SH,20200312,13.09,13.47,13.05,13.25,95196.44,125939.291
601222.SH,20200312,6.01,6.09,5.8,5.83,438322.58,259546.462
601226.SH,20200312,4.03,4.07,4.0,4.01,48074.04,19374.244
601228.SH,20200312,3.35,3.39,3.35,3.36,84778.71,28532.373
300296.SZ,20200312,7.85,7.99,7.59,7.75,769645.55,599580.267
300302.SZ,20200312,12.45,12.78,12.11,12.59,112501.04,140681.909
300312.SZ,20200312,6.98,7.55,6.91,7.52,423000.48,309306.113
300321.SZ,20200312,18.78,19.67,18.62,18.91,16821.89,32286.678
300327.SZ,20200312,32.51,33.69,32.41,32.8,67099.25,221258.926
300329.SZ,20200312,7.8,7.81,7.61,7.64,39715.97,30541.264
300351.SZ,20200312,9.28,9.28,8.65,8.95,274186.28,243962.505
300363.SZ,20200312,25.5,27.39,24.81,25.35,444596.77,1156725.121
300382.SZ,20200312,6.99,6.99,6.58,6.63,163780.73,110452.324
300384.SZ,20200312,18.69,19.45,18.69,18.91,37923.95,72007.183
300392.SZ,20200312,7.58,7.69,7.46,7.52,49547.0,37497.746
300398.SZ,20200312,19.03,19.79,18.68,19.05,117846.13,225367.017
300409.SZ,20200312,12.3,12.37,12.09,12.18,66119.83,80699.199
300421.SZ,20200312,6.2,6.24,6.07,6.11,41930.1,25744.088
300427.SZ,20200312,18.91,19.89,18.88,19.06,84009.99,161331.398
300446.SZ,20200312,14.7,14.94,14.45,14.69,47959.08,70292.474
300450.SZ,20200312,47.34,49.44,47.02,48.36,130900.96,633685.128
300458.SZ,20200312,31.78,32.88,31.6,31.95,64366.82,207497.357
300469.SZ,20200312,13.91,14.15,13.71,13.95,30674.57,42533.784
300493.SZ,20200312,10.63,11.18,10.46,11.01,286194.5,312522.566
300499.SZ,20200312,16.75,17.1,16.2,16.49,46812.44,77316.801
300500.SZ,20200312,15.62,15.85,15.4,15.5,19553.6,30436.938
300502.SZ,20200312,66.49,67.18,64.04,65.02,106347.79,697018.18
300504.SZ,20200312,27.55,28.45,26.9,27.63,93354.24,258148.124
300508.SZ,20200312,29.7,30.27,29.11,30.0,13597.28,40142.717
300509.SZ,20200312,8.19,8.29,8.1,8.17,10849.9,8870.626
300513.SZ,20200312,17.49,17.5,16.65,16.87,155277.76,264490.349
300517.SZ,20200312,14.7,14.95,14.65,14.92,17016.0,25144.763
300525.SZ,20200312,31.81,32.37,31.04,31.25,53213.9,167956.371
300533.SZ,20200312,50.3,50.9,49.75,50.33,20370.17,102281.05
300534.SZ,20200312,6.66,6.78,6.39,6.5,82830.89,54547.418
300555.SZ,20200312,11.0,11.2,10.53,10.78,167255.88,181965.387
300562.SZ,20200312,19.03,19.03,18.12,18.34,41195.8,75932.397
300575.SZ,20200312,28.0,28.0,26.88,27.05,17009.4,46322.478
300585.SZ,20200312,15.08,15.47,14.81,14.93,42999.74,64739.366
300587.SZ,20200312,16.7,17.0,16.37,16.54,29485.6,48873.751
300598.SZ,20200312,278.56,310.0,278.0,287.11,46805.82,1389301.264
300599.SZ,20200312,11.04,11.07,10.8,10.92,32314.23,35227.013
300611.SZ,20200312,8.94,9.06,8.72,8.85,17361.0,15371.996
300635.SZ,20200312,20.45,21.24,20.01,20.37,55767.2,114396.654
300652.SZ,20200312,20.49,20.49,19.23,19.83,23084.88,45853.129
300653.SZ,20200312,79.11,79.61,76.17,77.1,13477.98,104501.256
300658.SZ,20200312,29.25,30.0,26.51,26.65,86493.64,240230.594
300659.SZ,20200312,76.32,79.6,73.9,79.6,30714.13,238049.767
300667.SZ,20200312,30.58,31.02,29.58,30.19,31664.5,95634.779
300680.SZ,20200312,22.5,22.68,22.04,22.54,20931.0,46855.316
600836.SH,20200312,4.48,4.58,4.41,4.56,97115.06,43633.583
600848.SH,20200312,20.8,20.88,20.53,20.66,48113.19,99487.094
600855.SH,20200312,11.85,11.93,11.43,11.51,71071.72,82805.124
600860.SH,20200312,4.71,4.9,4.58,4.75,59660.0,28196.958
600870.SH,20200312,2.92,2.95,2.85,2.87,33642.0,9750.376
600871.SH,20200312,2.19,2.19,2.1,2.11,569048.83,121349.714
600875.SH,20200312,9.39,9.5,9.32,9.41,132555.78,124468.76
600885.SH,20200312,33.51,33.99,32.75,33.22,75781.54,252424.538
600887.SH,20200312,28.98,28.99,28.38,28.57,548952.7,1569879.524
600903.SH,20200312,12.12,12.2,11.89,11.96,86266.79,103582.642
600919.SH,20200312,6.39,6.44,6.33,6.34,352504.96,224571.412
600926.SH,20200312,8.61,8.68,8.49,8.52,182325.86,156076.769
600958.SH,20200312,10.36,10.51,10.25,10.34,379493.82,393662.745
600965.SH,20200312,7.69,7.88,7.61,7.71,52100.24,40254.591
600966.SH,20200312,8.66,9.0,8.33,8.39,390574.56,335816.982
600968.SH,20200312,2.51,2.53,2.49,2.51,583717.69,146437.794
600995.SH,20200312,7.45,7.45,7.31,7.34,50837.29,37415.659
600998.SH,20200312,17.78,18.09,16.9,17.01,145947.88,251917.353
601000.SH,20200312,2.36,2.37,2.32,2.34,332659.66,77966.803
601018.SH,20200312,3.48,3.48,3.39,3.41,272778.11,93321.244
601020.SH,20200312,8.85,8.98,8.46,8.56,142361.2,123534.186
601198.SH,20200312,12.1,12.25,11.86,12.0,254968.46,306810.847
601218.SH,20200312,3.06,3.06,2.96,3.02,138281.86,41660.825
601238.SH,20200312,11.84,12.2,11.66,12.06,315945.5,380528.751
601258.SH,20200312,1.36,1.37,1.33,1.35,451707.0,60870.526
601288.SH,20200312,3.42,3.44,3.4,3.43,1858719.71,635881.206
601328.SH,20200312,5.27,5.29,5.24,5.28,725859.52,381990.593
601330.SH,20200312,12.0,13.19,11.8,12.48,667322.69,840510.088
601366.SH,20200312,6.1,6.25,6.01,6.04,153036.93,93293.334
601512.SH,20200312,11.83,11.97,11.73,11.75,75077.96,88732.075
601636.SH,20200312,5.27,5.29,5.09,5.18,377703.09,195231.862
601677.SH,20200312,11.14,11.23,11.0,11.08,59601.39,66103.381
601696.SH,20200312,22.5,22.5,22.5,22.5,57246.77,128805.233
601860.SH,20200312,4.78,5.1,4.74,4.93,1437548.66,703032.28
601865.SH,20200312,12.46,12.52,12.03,12.2,72388.81,88721.537
601888.SH,20200312,80.98,81.58,78.88,79.08,140498.71,1121514.481
601990.SH,20200312,17.59,18.64,17.5,18.35,2341088.0,4252831.01
601991.SH,20200312,2.2,2.2,2.15,2.16,153416.36,33326.124
601997.SH,20200312,8.28,8.34,8.23,8.25,209904.87,173615.467
603006.SH,20200312,11.26,11.55,11.13,11.32,19971.32,22595.819
603011.SH,20200312,6.3,6.55,5.77,5.92,298425.87,182092.294
603021.SH,20200312,6.63,6.63,6.35,6.42,25096.93,16193.847
603023.SH,20200312,6.3,6.9,5.88,6.9,658365.84,425826.007
603026.SH,20200312,35.52,35.82,34.59,35.0,64868.67,227509.188
603068.SH,20200312,94.44,97.58,93.9,94.92,20920.84,199459.944
603069.SH,20200312,14.01,14.36,13.28,13.28,154327.4,210434.312
300049.SZ,20200312,8.6,9.05,8.51,8.67,104034.8,91299.994
300059.SZ,20200312,17.95,18.36,17.78,18.11,2833130.96,5115009.489
300070.SZ,20200312,11.2,11.2,10.3,10.71,1083330.96,1160906.57
300074.SZ,20200312,5.18,5.4,5.12,5.31,191009.4,100765.494
300081.SZ,20200312,11.71,11.85,11.36,11.62,111290.2,129363.774
300095.SZ,20200312,6.7,6.92,6.63,6.8,85634.57,57902.438
300112.SZ,20200312,8.86,9.07,8.61,8.74,91973.51,81221.983
300134.SZ,20200312,18.74,21.21,18.68,20.39,563842.02,1129438.676
300138.SZ,20200312,8.66,9.54,8.66,9.25,197528.84,179991.152
300142.SZ,20200312,31.46,32.16,30.58,31.0,224165.14,700799.022
300147.SZ,20200312,10.05,10.09,9.81,9.87,143570.0,142674.612
300156.SZ,20200312,1.4,1.4,1.36,1.38,195327.5,26904.198
300163.SZ,20200312,3.9,3.94,3.78,3.87,144581.0,55615.45
300165.SZ,20200312,4.83,4.91,4.77,4.82,92652.7,44717.368
300169.SZ,20200312,6.01,6.14,5.89,6.07,84959.43,51246.957
300173.SZ,20200312,6.53,6.63,6.37,6.48,142032.74,92197.68
300178.SZ,20200312,4.35,4.58,4.3,4.38,278044.94,123104.209
300181.SZ,20200312,5.48,5.66,5.37,5.56,174746.85,96265.226
300192.SZ,20200312,14.9,15.39,14.63,15.28,58173.0,87643.001
300201.SZ,20200312,3.82,4.28,3.76,4.28,451789.24,186943.523
300232.SZ,20200312,10.11,10.38,9.98,10.12,195430.88,198677.818
300238.SZ,20200312,22.84,22.84,22.84,22.84,37768.09,86262.317
300240.SZ,20200312,6.19,6.19,5.95,6.02,52992.29,31887.044
300244.SZ,20200312,25.64,25.64,24.33,24.74,103220.48,255952.164
300256.SZ,20200312,6.6,7.09,6.4,7.08,653263.2,446741.429
300265.SZ,20200312,10.15,11.47,10.15,11.47,149721.61,165906.626
300266.SZ,20200312,4.46,4.65,4.36,4.47,601717.94,271966.738
300293.SZ,20200312,8.47,8.53,8.22,8.33,60698.92,50699.199
300304.SZ,20200312,4.26,4.34,4.2,4.28,128416.0,54684.623
300307.SZ,20200312,5.22,5.56,5.06,5.51,471123.15,253294.885
300333.SZ,20200312,11.42,12.23,11.42,11.85,455906.5,540630.698
300334.SZ,20200312,6.6,6.89,6.6,6.73,78472.0,52963.129
300341.SZ,20200312,9.67,9.77,9.36,9.63,113814.34,109039.738
300345.SZ,20200312,7.0,7.16,6.94,6.98,82484.0,57802.029
300349.SZ,20200312,16.03,16.23,15.67,15.76,35630.28,56733.083
300371.SZ,20200312,13.31,13.43,12.86,13.07,29801.0,38964.469
300375.SZ,20200312,4.0,4.09,3.93,3.96,189249.69,75688.894
300383.SZ,20200312,27.39,28.09,27.04,27.95,733469.52,2024012.757
300389.SZ,20200312,10.5,10.56,10.13,10.32,36313.34,37538.61
300395.SZ,20200312,23.86,23.86,22.51,23.15,43393.18,99768.67
300406.SZ,20200312,19.59,19.65,18.91,19.19,63856.68,122911.784
300413.SZ,20200312,44.0,44.2,41.05,41.9,121030.19,509326.779
300425.SZ,20200312,4.77,5.32,4.75,5.11,377852.31,194419.327
300432.SZ,20200312,11.31,11.49,11.02,11.15,109677.23,123362.261
300453.SZ,20200312,13.16,13.67,12.5,12.53,467973.74,614775.156
300455.SZ,20200312,15.6,16.06,15.06,15.2,113980.64,176520.416
601298.SH,20200312,6.07,6.08,5.97,6.0,112638.67,67744.195
601388.SH,20200312,1.9,2.0,1.86,1.9,753903.04,144692.011
601390.SH,20200312,5.66,5.74,5.56,5.68,738062.5,416588.566
601600.SH,20200312,3.07,3.11,3.06,3.08,534887.42,164415.935
601618.SH,20200312,2.72,2.75,2.66,2.69,787523.06,212844.516
601668.SH,20200312,5.45,5.5,5.36,5.37,2563194.89,1386960.987
601688.SH,20200312,18.81,19.0,18.66,18.77,755826.33,1420255.35
601698.SH,20200312,18.23,18.3,17.2,17.48,562719.95,1001182.78
601700.SH,20200312,7.01,7.25,6.66,6.8,779762.44,543074.518
601898.SH,20200312,4.34,4.37,4.3,4.34,147422.05,63864.04
601919.SH,20200312,4.36,4.5,4.27,4.4,489618.32,212850.871
601952.SH,20200312,8.13,8.33,8.04,8.13,328152.53,267481.833
601965.SH,20200312,9.2,9.21,8.96,9.08,59486.27,53943.209
601998.SH,20200312,5.44,5.47,5.39,5.43,241377.61,130893.867
603001.SH,20200312,7.92,8.0,7.81,7.91,13946.11,11014.228
603003.SH,20200312,9.03,9.2,8.8,9.2,103765.62,93429.187
603016.SH,20200312,20.59,21.25,19.29,19.6,56971.81,115585.989
603032.SH,20200312,19.69,19.77,19.25,19.39,29935.0,58412.559
603035.SH,20200312,16.51,17.16,16.26,16.3,115908.87,192681.594
603037.SH,20200312,17.28,17.57,17.03,17.26,16588.5,28647.764
603040.SH,20200312,30.4,30.4,28.7,28.97,9065.1,26451.096
603045.SH,20200312,14.1,14.5,14.06,14.08,53478.56,76260.396
603081.SH,20200312,13.06,13.24,12.68,12.88,36207.41,46667.64
603090.SH,20200312,17.77,18.11,17.22,17.52,18713.82,33032.384
603108.SH,20200312,11.18,11.3,10.76,10.88,89311.1,97529.321
603127.SH,20200312,74.98,75.98,70.51,71.78,35793.58,260293.886
603156.SH,20200312,26.16,26.16,25.65,25.73,23140.24,59854.208
603157.SH,20200312,4.9,4.9,4.67,4.74,55871.0,26631.257
603177.SH,20200312,9.04,9.05,8.76,8.82,14678.0,13004.301
603180.SH,20200312,66.11,67.47,64.96,65.56,9166.0,60217.97
603228.SH,20200312,45.19,46.11,45.03,45.48,41252.47,187309.249
603277.SH,20200312,9.68,9.77,9.51,9.59,16161.0,15592.87
603283.SH,20200312,46.8,47.27,43.99,45.2,38674.0,177171.774
603297.SH,20200312,35.5,36.94,35.07,36.56,17709.99,63846.127
603321.SH,20200312,7.79,7.79,7.65,7.7,24740.23,19066.329
603332.SH,20200312,25.47,25.92,24.92,25.06,10255.0,25873.973
603348.SH,20200312,19.96,20.32,19.85,20.02,34396.74,68812.042
603360.SH,20200312,29.28,29.28,28.45,28.82,19086.14,54994.671
603365.SH,20200312,14.25,14.36,14.06,14.1,19355.0,27388.162
603378.SH,20200312,30.0,30.7,29.07,29.42,8984.75,26784.371
603383.SH,20200312,64.1,65.69,64.01,64.6,11848.87,76846.515
603501.SH,20200312,155.13,166.5,154.6,164.0,75753.66,1214939.097
603556.SH,20200312,17.39,17.49,16.98,17.17,55991.83,96342.368
603569.SH,20200312,9.56,9.56,9.19,9.3,16214.92,15087.012
603619.SH,20200312,13.29,13.34,13.1,13.18,54445.55,71921.213
603650.SH,20200312,18.05,18.27,17.68,17.94,34978.95,62846.512
300689.SZ,20200312,42.0,42.36,41.14,41.95,7961.0,33302.973
300699.SZ,20200312,49.39,50.25,48.66,48.77,43897.55,215655.259
300709.SZ,20200312,109.06,111.75,107.0,109.35,16277.0,178155.481
300718.SZ,20200312,18.87,19.55,18.6,19.25,31126.16,59693.085
300722.SZ,20200312,19.99,20.08,19.2,19.91,12459.48,24669.357
300724.SZ,20200312,65.79,67.42,64.0,64.91,31420.07,204858.246
300729.SZ,20200312,21.71,21.97,21.16,21.41,14746.31,31676.954
300733.SZ,20200312,10.39,11.43,10.18,11.37,93155.58,101205.137
300735.SZ,20200312,29.3,30.46,29.13,29.99,90724.57,271286.548
300747.SZ,20200312,98.25,99.1,96.97,98.03,13261.21,129977.712
300751.SZ,20200312,181.33,185.5,177.49,179.02,6329.0,113952.589
300762.SZ,20200312,56.83,57.58,54.23,54.68,29913.29,167333.156
300773.SZ,20200312,80.0,81.0,78.5,79.7,23748.14,189436.557
300782.SZ,20200312,511.53,523.04,503.13,510.11,12592.44,646152.052
300792.SZ,20200312,202.1,204.9,195.0,199.52,8444.11,167769.44
300793.SZ,20200312,39.75,39.77,38.4,39.04,21565.29,84373.512
300806.SZ,20200312,36.5,37.0,36.3,36.88,17299.96,63324.604
300817.SZ,20200312,35.49,36.2,34.52,35.01,35960.25,127143.542
600000.SH,20200312,10.75,10.75,10.61,10.64,326323.5,348157.969
000020.SZ,20200312,10.0,10.0,9.71,9.86,14993.01,14747.323
000031.SZ,20200312,5.71,5.77,5.66,5.71,102470.48,58439.453
000036.SZ,20200312,3.64,3.66,3.57,3.61,89419.4,32294.795
000038.SZ,20200312,9.5,9.55,9.3,9.36,59594.14,55972.504
000050.SZ,20200312,15.78,16.0,15.5,15.72,190402.63,299287.885
000096.SZ,20200312,11.08,11.3,10.8,10.86,18186.1,19861.701
300601.SZ,20200312,110.97,110.97,105.17,105.76,44047.02,471942.133
300610.SZ,20200312,11.65,11.87,11.51,11.63,11083.34,12914.526
300615.SZ,20200312,19.49,20.06,19.11,19.73,54662.25,107064.964
300648.SZ,20200312,15.92,16.2,15.54,15.88,30049.94,47504.13
300655.SZ,20200312,37.22,38.86,36.88,37.23,65510.81,246583.41
300656.SZ,20200312,24.04,24.53,23.8,24.0,12603.68,30310.619
300657.SZ,20200312,33.2,33.71,32.07,32.48,45545.39,149155.343
300661.SZ,20200312,262.4,265.0,251.88,261.65,13976.93,364714.361
300662.SZ,20200312,38.77,38.83,37.09,37.35,12750.71,47988.909
300663.SZ,20200312,24.13,24.75,24.11,24.26,52556.79,128096.247
300674.SZ,20200312,35.02,35.87,34.77,35.11,20958.69,73704.351
300686.SZ,20200312,27.18,27.18,25.0,25.65,139305.22,364077.687
300696.SZ,20200312,41.03,42.28,39.74,40.74,19310.96,78442.172
300698.SZ,20200312,19.46,20.5,18.86,19.8,175653.72,345885.386
300702.SZ,20200312,66.78,68.9,65.11,65.75,27270.72,181420.497
300703.SZ,20200312,13.01,13.06,12.66,12.74,26017.6,33340.295
300717.SZ,20200312,15.41,15.58,15.18,15.25,11457.4,17537.247
300737.SZ,20200312,16.0,16.41,15.57,16.08,115677.65,183374.145
300745.SZ,20200312,22.29,22.58,21.47,21.82,34696.18,76401.938
300749.SZ,20200312,12.0,12.2,11.84,12.07,23468.2,28326.518
300752.SZ,20200312,25.46,25.99,25.0,25.31,7460.56,18937.672
603085.SH,20200312,7.05,7.12,6.87,6.97,48660.9,34022.172
603089.SH,20200312,12.62,12.98,12.45,12.55,13919.25,17546.72
603093.SH,20200312,25.11,26.53,25.08,26.35,101980.22,264362.011
603096.SH,20200312,52.03,53.38,51.06,52.73,10570.85,55621.496
603109.SH,20200312,20.97,21.18,20.74,20.82,18518.4,38766.184
603131.SH,20200312,19.64,20.09,18.7,19.22,99026.85,192193.751
603139.SH,20200312,17.3,17.48,17.08,17.24,9294.42,16004.943
603160.SH,20200312,286.0,287.99,273.0,281.6,77435.45,2167611.512
603181.SH,20200312,17.2,17.24,16.29,16.4,46752.81,77714.871
603188.SH,20200312,6.56,6.56,6.45,6.53,18482.0,11996.026
603197.SH,20200312,30.56,30.98,30.14,30.48,31164.8,95263.043
603218.SH,20200312,19.45,19.6,18.7,19.51,31097.59,59240.682
603269.SH,20200312,14.1,14.13,13.81,13.87,12456.0,17368.359
603290.SH,20200312,143.0,151.33,142.06,151.33,136144.5,2019480.469
603300.SH,20200312,8.25,8.61,8.2,8.59,513645.33,434297.924
603303.SH,20200312,11.1,11.1,10.33,10.45,100082.8,106608.218
603306.SH,20200312,16.5,16.5,15.46,16.0,63496.21,101328.81
603318.SH,20200312,8.93,8.99,8.71,8.8,107793.7,95297.316
603355.SH,20200312,23.86,23.88,22.85,22.98,26610.01,61617.528
603416.SH,20200312,37.58,38.49,36.29,37.0,13737.62,50878.719
603429.SH,20200312,36.67,36.89,35.61,36.0,24875.13,89810.362
603508.SH,20200312,59.0,60.5,57.07,58.18,23946.47,139791.596
603517.SH,20200312,45.9,47.65,45.72,46.7,83601.28,390408.673
603520.SH,20200312,57.99,57.99,53.88,54.92,28990.12,161263.523
603535.SH,20200312,16.65,16.69,16.16,16.18,15261.35,25031.401
603538.SH,20200312,29.11,31.12,28.98,29.19,116978.05,352578.658
603557.SH,20200312,11.02,11.35,10.94,11.19,200021.27,224318.655
603567.SH,20200312,12.8,12.89,12.47,12.52,34480.34,43699.223
603596.SH,20200312,27.84,28.36,27.0,27.5,50406.81,138546.831
603602.SH,20200312,25.0,26.27,25.0,25.63,156865.93,402638.257
603612.SH,20200312,13.39,13.53,12.64,12.8,74197.67,96920.114
603615.SH,20200312,8.95,8.95,8.68,8.72,22327.22,19526.723
603648.SH,20200312,9.06,9.1,8.8,8.9,40148.0,35860.925
603656.SH,20200312,14.7,14.85,14.45,14.65,9168.88,13443.87
603657.SH,20200312,24.0,24.19,23.77,23.85,13017.94,31189.67
603676.SH,20200312,10.72,11.36,10.61,11.03,119835.01,131766.686
603687.SH,20200312,14.07,14.24,13.6,13.71,59207.75,82030.586
603688.SH,20200312,24.51,25.6,24.1,24.6,81042.62,200750.593
603690.SH,20200312,32.05,33.3,32.05,32.64,49474.0,161432.062
603708.SH,20200312,28.7,28.7,27.5,28.21,17048.01,48047.631
603712.SH,20200312,26.65,27.29,25.87,26.2,71172.86,187864.183
603725.SH,20200312,6.66,6.67,6.48,6.55,18585.82,12187.165
603729.SH,20200312,15.0,15.25,14.3,14.96,23559.68,35387.652
603733.SH,20200312,15.62,15.85,15.15,15.17,41910.36,64527.554
603758.SH,20200312,6.88,7.2,6.84,7.06,40086.0,28355.523
603777.SH,20200312,11.37,12.25,11.37,12.21,111846.18,133775.098
300460.SZ,20200312,20.84,21.56,20.31,20.8,61877.0,129170.659
300477.SZ,20200312,7.68,7.74,7.38,7.42,158506.5,119501.389
300481.SZ,20200312,16.96,17.14,16.32,16.59,74644.23,124185.041
300495.SZ,20200312,10.45,10.65,10.29,10.65,340541.37,358459.752
300512.SZ,20200312,11.41,11.77,11.19,11.45,37235.31,42638.747
300526.SZ,20200312,77.57,86.71,77.01,86.71,6488.47,54838.817
300527.SZ,20200312,9.64,9.82,9.53,9.62,104007.53,100573.459
300535.SZ,20200312,13.06,13.06,12.72,12.79,13111.06,16883.763
300539.SZ,20200312,8.27,9.01,8.23,8.85,138754.55,120836.539
300547.SZ,20200312,8.74,8.89,8.66,8.77,30840.8,27042.487
300550.SZ,20200312,34.81,38.15,34.19,36.46,36283.26,130979.442
300554.SZ,20200312,15.23,15.36,14.86,14.94,17890.23,26943.286
300565.SZ,20200312,12.16,12.89,12.02,12.77,111632.27,139223.794
300581.SZ,20200312,16.75,17.76,16.41,17.41,72361.4,124919.107
300590.SZ,20200312,55.5,56.25,53.1,55.8,42684.91,234903.027
300591.SZ,20200312,5.82,5.99,5.65,5.77,61572.2,35567.747
300607.SZ,20200312,58.07,59.5,57.07,57.71,34404.93,199860.497
300617.SZ,20200312,36.32,38.24,36.3,37.55,25957.28,96968.285
300623.SZ,20200312,34.97,36.48,34.1,35.58,90854.04,324288.87
300628.SZ,20200312,96.52,97.6,93.18,93.9,61109.91,580350.286
300647.SZ,20200312,16.2,16.79,15.5,16.01,323792.97,524415.501
300649.SZ,20200312,18.2,18.48,18.09,18.26,8920.91,16268.641
300678.SZ,20200312,25.08,27.67,25.08,27.2,159976.57,424389.47
300682.SZ,20200312,29.3,30.45,29.02,29.41,64660.27,191736.58
300688.SZ,20200312,25.06,25.8,24.6,24.99,83255.74,209351.702
300690.SZ,20200312,24.65,24.97,23.86,24.19,24771.4,60241.97
300692.SZ,20200312,12.96,13.75,12.72,13.35,98458.56,131253.507
300725.SZ,20200312,86.0,86.0,81.88,82.45,23989.69,200090.74
300727.SZ,20200312,13.68,13.85,13.59,13.7,10721.17,14663.897
300732.SZ,20200312,17.6,17.6,17.08,17.3,33384.16,57700.31
300761.SZ,20200312,50.49,50.63,48.38,48.92,25593.77,126170.044
300765.SZ,20200312,35.99,36.17,35.26,35.48,20317.66,72608.423
300769.SZ,20200312,162.99,172.0,160.0,166.9,11761.63,194445.675
300741.SZ,20200312,29.5,29.58,29.21,29.26,11585.86,33975.227
300755.SZ,20200312,20.97,21.04,20.24,20.8,38974.66,80286.101
300772.SZ,20200312,14.5,14.73,14.33,14.4,41074.17,59395.492
300776.SZ,20200312,134.3,134.3,131.68,133.0,7988.0,106163.371
300779.SZ,20200312,26.99,27.09,26.41,26.56,11086.24,29570.921
300789.SZ,20200312,72.94,72.94,70.25,70.9,8370.0,59543.587
300796.SZ,20200312,21.2,21.59,20.85,21.1,12214.0,25879.812
300797.SZ,20200312,17.51,17.52,16.97,17.08,32749.9,56271.196
300799.SZ,20200312,90.01,92.78,89.07,90.91,10256.0,93186.068
300803.SZ,20200312,58.0,63.85,57.41,62.8,116247.39,702112.577
300812.SZ,20200312,65.42,68.88,64.8,66.86,18758.66,125349.209
300813.SZ,20200312,63.9,64.59,60.0,60.3,22238.57,137433.86
300821.SZ,20200312,8.28,9.94,8.28,9.94,11197.61,11102.046
603660.SH,20200312,13.08,13.63,12.88,13.3,107457.15,142560.099
603668.SH,20200312,7.92,7.92,7.74,7.86,69264.11,54005.98
603678.SH,20200312,26.33,27.26,26.2,26.74,122395.05,325941.312
603707.SH,20200312,49.36,49.78,47.0,48.0,26219.23,126776.008
603718.SH,20200312,15.9,16.17,15.67,15.73,32869.5,52155.301
603738.SH,20200312,26.63,27.45,26.08,26.57,79503.13,212016.72
603757.SH,20200312,15.74,15.85,15.28,15.42,23142.8,35703.411
603776.SH,20200312,20.2,20.28,19.69,19.86,40882.68,81680.223
603809.SH,20200312,13.41,13.64,13.1,13.2,39199.19,52287.298
603810.SH,20200312,29.3,29.3,28.56,28.77,5934.72,17158.458
603839.SH,20200312,16.8,16.87,15.4,15.61,67761.95,108393.716
603900.SH,20200312,8.15,8.19,7.95,8.06,26469.28,21291.21
000687.SZ,20200312,5.0,5.0,4.86,4.94,89718.53,44159.036
000691.SZ,20200312,3.93,4.15,3.88,3.99,70424.0,28139.409
000698.SZ,20200312,4.06,4.12,3.9,3.91,215709.01,85942.886
000712.SZ,20200312,14.31,14.76,14.24,14.37,179790.38,260078.085
000718.SZ,20200312,3.21,3.26,3.18,3.2,120522.04,38628.594
000723.SZ,20200312,7.78,7.83,7.6,7.66,469854.45,361442.788
000726.SZ,20200312,9.2,9.27,9.1,9.21,57979.13,53292.534
000739.SZ,20200312,17.65,17.99,16.48,16.86,248539.26,421701.976
000783.SZ,20200312,7.18,7.62,7.15,7.62,2252446.12,1679415.033
000798.SZ,20200312,5.58,6.15,5.49,5.78,69070.05,39707.178
000818.SZ,20200312,25.27,26.28,25.27,25.83,235758.12,607246.574
000836.SZ,20200312,3.93,4.13,3.92,4.1,766136.49,309024.453
000837.SZ,20200312,4.04,4.24,3.99,4.13,150109.82,61170.638
000838.SZ,20200312,2.97,3.17,2.97,3.11,220984.13,68296.304
000858.SZ,20200312,126.88,128.11,125.86,126.04,252660.0,3199005.135
000863.SZ,20200312,4.19,4.2,4.11,4.11,29987.1,12422.879
000889.SZ,20200312,9.35,9.44,9.12,9.24,44264.23,41027.381
000897.SZ,20200312,2.58,2.63,2.44,2.54,485409.28,122938.759
000949.SZ,20200312,4.83,5.06,4.49,4.56,732616.75,345855.089
000950.SZ,20200312,5.64,5.64,5.5,5.53,112776.02,62704.908
000952.SZ,20200312,10.36,10.45,10.18,10.3,48467.33,49986.607
000958.SZ,20200312,4.75,4.77,4.64,4.74,140173.22,65970.672
000959.SZ,20200312,3.05,3.07,3.02,3.05,95005.59,28896.116
000963.SZ,20200312,19.68,19.69,19.4,19.41,126203.61,246260.139
000967.SZ,20200312,6.45,6.47,6.21,6.27,189328.06,119774.464
000976.SZ,20200312,5.45,5.51,5.21,5.31,388918.46,207608.402
000982.SZ,20200312,1.43,1.43,1.4,1.4,110571.89,15603.9
000987.SZ,20200312,8.6,8.71,8.45,8.54,103798.3,88955.227
000999.SZ,20200312,31.69,31.88,30.57,30.76,79562.7,247358.021
001965.SZ,20200312,7.45,7.47,7.4,7.43,56998.11,42327.199
002005.SZ,20200312,1.77,1.78,1.74,1.76,116034.0,20454.568
002019.SZ,20200312,17.68,18.71,17.65,18.38,256486.02,468599.323
002026.SZ,20200312,5.4,5.42,5.25,5.31,90602.21,48299.42
002027.SZ,20200312,5.16,5.17,5.04,5.09,1304564.07,665550.625
300780.SZ,20200312,18.65,18.75,18.0,18.21,17970.7,32951.221
300787.SZ,20200312,60.0,60.76,58.85,59.54,13241.0,79153.657
300790.SZ,20200312,39.28,39.49,38.71,39.24,11462.0,44804.429
300805.SZ,20200312,26.5,27.18,26.1,26.32,42799.5,113129.687
300807.SZ,20200312,54.72,61.8,54.72,59.1,75808.1,438310.33
300810.SZ,20200312,65.11,67.58,65.11,65.88,25445.0,168414.935
000980.SZ,20200312,2.61,2.66,2.51,2.61,327373.27,84222.953
000997.SZ,20200312,17.82,18.14,17.7,18.0,203814.62,364892.879
001872.SZ,20200312,15.0,15.1,14.76,14.86,23916.61,35601.902
001896.SZ,20200312,3.49,3.55,3.42,3.45,117093.44,40633.382
002003.SZ,20200312,6.4,6.5,6.27,6.32,80171.55,51001.839
002009.SZ,20200312,9.38,9.56,9.15,9.28,145915.24,136179.686
002013.SZ,20200312,7.84,7.98,7.67,7.89,357554.45,279950.338
002024.SZ,20200312,9.4,9.45,9.3,9.33,530733.57,496632.806
002029.SZ,20200312,5.6,5.65,5.49,5.52,90851.0,50426.588
002030.SZ,20200312,16.3,17.5,15.88,17.14,1196313.67,2002239.591
002039.SZ,20200312,13.55,13.61,13.41,13.45,14763.34,19930.974
002040.SZ,20200312,7.09,7.2,6.8,6.93,146726.81,102741.954
002060.SZ,20200312,2.95,2.95,2.88,2.93,97983.83,28499.122
002074.SZ,20200312,20.59,20.91,20.06,20.44,285489.02,583733.025
002088.SZ,20200312,10.16,10.24,9.93,10.1,32385.21,32540.435
002096.SZ,20200312,6.23,6.23,6.09,6.12,24571.0,15085.018
002117.SZ,20200312,12.9,13.05,12.6,12.73,159199.88,204220.421
002128.SZ,20200312,7.62,7.68,7.57,7.63,91675.0,69795.143
002133.SZ,20200312,3.18,3.31,3.14,3.31,222634.07,72304.76
002141.SZ,20200312,3.38,3.43,3.3,3.35,116334.74,39165.041
002146.SZ,20200312,8.66,8.73,8.54,8.55,279750.14,240871.159
002148.SZ,20200312,5.41,5.67,5.39,5.6,219866.73,121735.355
002166.SZ,20200312,9.01,9.09,8.8,8.82,158478.58,140988.401
002168.SZ,20200312,8.9,8.95,8.49,8.55,231402.15,201117.782
002172.SZ,20200312,4.64,4.78,4.3,4.47,860005.49,386085.689
002175.SZ,20200312,2.63,2.74,2.6,2.67,114956.39,30835.077
002177.SZ,20200312,5.18,5.25,5.07,5.12,228400.33,117612.249
002181.SZ,20200312,5.39,5.55,5.28,5.33,124118.02,66720.565
002189.SZ,20200312,21.01,21.88,20.8,21.31,58144.09,123761.842
002195.SZ,20200312,3.06,3.11,3.04,3.07,1036200.93,318308.827
002199.SZ,20200312,9.55,9.76,9.4,9.52,79836.57,76322.362
002202.SZ,20200312,10.4,10.4,10.2,10.22,264161.75,271190.331
002206.SZ,20200312,3.99,4.05,3.89,3.9,200265.47,78947.17
002210.SZ,20200312,1.19,1.2,1.16,1.18,166132.68,19590.293
002218.SZ,20200312,3.53,3.62,3.46,3.6,442765.57,156236.555
002220.SZ,20200312,1.3,1.31,1.26,1.29,118603.2,15255.627
002221.SZ,20200312,10.93,11.04,9.81,10.02,834983.45,862147.76
002241.SZ,20200312,20.07,20.17,19.2,19.63,1008703.34,1985137.145
002253.SZ,20200312,14.29,14.52,14.07,14.25,36788.07,52654.481
002254.SZ,20200312,13.91,14.09,13.25,13.4,99677.61,135466.557
603786.SH,20200312,63.43,63.43,60.98,61.5,9034.93,55959.637
603787.SH,20200312,13.82,13.97,13.51,13.66,32414.0,44468.897
603797.SH,20200312,10.51,10.67,10.33,10.51,30518.17,32122.498
603799.SH,20200312,37.5,37.95,36.34,36.8,393221.77,1458086.417
603818.SH,20200312,7.46,7.51,7.28,7.29,20892.0,15370.123
603843.SH,20200312,4.44,4.48,4.32,4.37,124197.2,54427.786
603848.SH,20200312,13.13,13.33,13.04,13.16,14594.03,19198.301
603863.SH,20200312,16.67,17.71,15.48,17.06,190422.31,313879.732
603867.SH,20200312,22.5,22.5,21.81,22.0,12963.0,28621.66
603868.SH,20200312,36.2,36.53,35.6,36.0,11717.23,42196.384
603871.SH,20200312,28.48,28.48,27.68,27.89,9843.2,27492.324
603880.SH,20200312,19.0,19.66,17.3,17.72,127077.99,233515.105
603893.SH,20200312,72.51,76.99,69.2,74.6,117292.19,869585.159
603895.SH,20200312,19.6,19.94,19.3,19.46,9122.17,17876.486
603908.SH,20200312,24.24,24.4,23.5,23.8,4733.0,11293.944
603915.SH,20200312,14.9,15.2,14.29,14.36,91717.03,134905.971
000678.SZ,20200312,6.08,6.08,5.88,5.91,45272.0,26973.885
000679.SZ,20200312,3.67,4.09,3.54,3.8,159180.75,61100.187
000680.SZ,20200312,3.62,3.76,3.56,3.63,264409.27,95902.408
000688.SZ,20200312,15.84,15.97,15.08,15.53,133111.3,206342.103
000701.SZ,20200312,5.09,5.27,5.0,5.1,326397.76,166376.019
000705.SZ,20200312,7.1,7.1,6.98,7.01,60650.83,42672.425
000725.SZ,20200312,4.74,4.78,4.53,4.61,13460761.0,6278553.525
000727.SZ,20200312,1.88,1.88,1.85,1.86,351291.24,65417.021
000735.SZ,20200312,10.4,10.82,10.08,10.18,1100362.39,1139883.905
000752.SZ,20200312,4.28,4.28,4.12,4.14,19744.02,8273.069
000758.SZ,20200312,4.9,4.99,4.82,4.88,308459.12,150836.199
000777.SZ,20200312,11.93,11.98,11.72,11.85,60163.06,71286.061
000789.SZ,20200312,11.54,11.65,11.3,11.47,157638.56,180488.364
000806.SZ,20200312,1.95,1.98,1.92,1.93,115496.26,22444.193
000811.SZ,20200312,7.5,7.85,7.37,7.46,245650.36,185948.419
000813.SZ,20200312,5.66,5.7,5.54,5.57,127485.29,71423.246
000821.SZ,20200312,6.7,6.86,6.49,6.54,119228.93,79236.081
000835.SZ,20200312,4.0,4.17,3.88,4.07,143136.64,57437.795
000848.SZ,20200312,6.82,6.82,6.66,6.71,91644.03,61651.683
000860.SZ,20200312,59.0,59.5,57.08,57.39,92837.16,537513.895
000875.SZ,20200312,4.25,4.32,4.2,4.27,355402.16,151097.12
000876.SZ,20200312,29.07,29.24,27.5,27.77,737598.28,2078219.859
000882.SZ,20200312,2.15,2.16,2.1,2.12,248288.83,52841.42
000893.SZ,20200312,5.87,5.87,5.63,5.67,32406.75,18530.981
000901.SZ,20200312,11.59,11.85,11.4,11.52,133987.65,155382.322
000909.SZ,20200312,8.46,8.88,8.42,8.86,136029.74,118107.849
000922.SZ,20200312,8.19,8.3,7.91,7.96,108288.29,87607.253
000928.SZ,20200312,4.93,5.4,4.9,5.31,785645.55,408225.126
000932.SZ,20200312,4.07,4.18,4.05,4.16,543504.46,223845.663
000933.SZ,20200312,4.45,4.47,4.37,4.42,273091.24,120482.592
000006.SZ,20200312,4.83,4.83,4.74,4.77,114936.75,54974.257
000025.SZ,20200312,19.1,19.35,18.88,19.03,45612.04,86899.406
000032.SZ,20200312,17.63,17.86,17.27,17.3,41700.57,72918.302
000060.SZ,20200312,3.8,3.84,3.76,3.78,275883.94,104523.068
600007.SH,20200312,14.04,14.04,13.48,13.54,23068.0,31535.244
000078.SZ,20200312,5.79,5.98,5.45,5.53,1431749.12,815158.498
600010.SH,20200312,1.18,1.19,1.17,1.18,1987016.34,234474.162
000090.SZ,20200312,4.94,5.0,4.85,4.88,149414.74,73414.219
600017.SH,20200312,2.68,2.7,2.64,2.66,163504.21,43435.677
000166.SZ,20200312,4.75,4.79,4.64,4.67,769859.1,361921.203
000333.SZ,20200312,53.85,53.87,52.88,53.17,344055.01,1833239.648
600052.SH,20200312,4.55,4.55,4.42,4.45,115832.21,51921.729
000419.SZ,20200312,4.42,4.5,4.29,4.46,72380.66,31701.571
600055.SH,20200312,14.51,15.15,13.58,13.86,179888.24,257668.713
000420.SZ,20200312,3.6,3.76,3.18,3.18,3218581.97,1091570.376
000426.SZ,20200312,5.26,5.29,5.14,5.17,119277.04,61935.488
600064.SH,20200312,9.23,9.25,9.1,9.12,123929.69,113481.755
600076.SH,20200312,4.0,4.02,3.92,3.96,127656.0,50666.273
000510.SZ,20200312,4.32,4.39,4.26,4.32,122753.41,52994.138
600078.SH,20200312,4.93,4.97,4.78,4.87,190761.14,92959.492
000520.SZ,20200312,4.01,4.11,3.9,3.97,172659.45,68549.144
000525.SZ,20200312,10.99,11.65,10.88,11.6,496826.11,567533.906
600088.SH,20200312,14.1,14.3,13.89,14.11,72002.9,101359.884
600091.SH,20200312,3.65,3.74,3.6,3.65,23548.29,8627.245
600108.SH,20200312,3.12,3.14,3.02,3.02,1049425.55,321895.335
600114.SH,20200312,11.52,11.7,11.31,11.43,216371.6,248560.69
000559.SZ,20200312,5.62,5.66,5.54,5.59,103015.78,57619.987
000563.SZ,20200312,3.98,4.07,3.95,3.99,522613.52,209274.275
000571.SZ,20200312,2.96,2.96,2.82,2.94,205249.54,59776.868
000582.SZ,20200312,8.88,9.15,8.7,9.06,89713.3,80390.231
000584.SZ,20200312,6.3,6.41,6.2,6.34,114725.39,72368.528
600153.SH,20200312,7.86,7.9,7.74,7.82,151533.11,118431.144
000591.SZ,20200312,3.77,3.84,3.7,3.75,416777.56,156723.663
600165.SH,20200312,4.4,4.65,4.29,4.29,543441.5,243535.544
600180.SH,20200312,6.73,6.77,6.41,6.5,47876.24,31467.836
600188.SH,20200312,9.12,9.14,9.01,9.11,152090.0,137859.883
600190.SH,20200312,3.09,3.19,3.01,3.08,154853.35,47765.969
600191.SH,20200312,5.3,5.76,5.2,5.52,153892.25,84720.749
600193.SH,20200312,3.59,3.59,3.47,3.55,20245.9,7144.725
600196.SH,20200312,27.14,27.28,26.39,26.59,231342.34,620084.302
600200.SH,20200312,8.16,8.29,7.49,7.69,471998.12,372177.383
600210.SH,20200312,4.45,4.62,4.41,4.62,362059.67,163658.164
600218.SH,20200312,9.88,9.88,9.57,9.65,90327.47,87438.357
600221.SH,20200312,1.81,1.85,1.77,1.78,2913558.4,524258.767
600230.SH,20200312,10.01,10.11,9.44,9.72,143317.43,139707.475
600237.SH,20200312,4.7,5.08,4.7,4.9,856630.86,418149.926
002032.SZ,20200312,71.35,71.42,70.3,70.98,9900.44,70095.87
002041.SZ,20200312,10.41,10.48,10.02,10.12,204740.23,208883.61
002048.SZ,20200312,21.98,22.14,21.35,21.82,177810.7,386416.35
002055.SZ,20200312,15.38,15.85,15.0,15.31,165677.72,254967.104
002056.SZ,20200312,12.6,13.03,12.34,12.64,590235.2,747517.56
002057.SZ,20200312,7.54,7.61,7.36,7.42,136759.54,102116.168
002062.SZ,20200312,5.76,6.02,5.53,5.83,1421060.85,819238.264
002068.SZ,20200312,4.0,4.0,3.9,3.93,49993.41,19692.032
002077.SZ,20200312,6.58,6.9,6.46,6.68,211699.5,141942.17
002078.SZ,20200312,10.01,10.31,9.81,9.91,190693.17,190147.902
002084.SZ,20200312,5.88,5.88,5.62,5.68,46277.92,26463.336
002093.SZ,20200312,10.55,11.41,10.02,11.41,1775661.72,1931164.585
002101.SZ,20200312,8.13,8.28,8.03,8.11,65509.97,53257.999
002107.SZ,20200312,11.31,11.64,11.28,11.57,32927.93,37957.299
002108.SZ,20200312,3.8,3.83,3.71,3.72,220265.6,82771.492
002114.SZ,20200312,7.23,7.35,7.03,7.08,66047.27,47360.577
002115.SZ,20200312,11.68,12.05,11.5,11.74,359875.25,423756.243
002120.SZ,20200312,30.62,30.62,29.72,30.05,62603.56,187666.34
002132.SZ,20200312,2.94,3.07,2.94,3.05,617439.85,187004.777
002139.SZ,20200312,6.69,6.82,6.44,6.57,669593.69,443483.202
002151.SZ,20200312,30.18,30.99,29.7,30.12,202976.3,612743.391
002183.SZ,20200312,4.2,4.26,4.12,4.17,285753.56,119748.822
002203.SZ,20200312,9.09,9.12,8.96,8.99,28156.18,25377.052
002205.SZ,20200312,12.8,13.17,12.62,12.71,30216.51,38611.147
002212.SZ,20200312,27.76,27.76,26.62,27.0,150174.01,406452.985
002214.SZ,20200312,21.5,21.95,19.8,20.18,456833.48,941161.649
002216.SZ,20200312,18.32,18.62,17.75,18.25,53221.13,96629.565
002219.SZ,20200312,2.46,2.48,2.38,2.41,236097.42,57124.043
002244.SZ,20200312,4.52,4.66,4.45,4.64,232126.98,105875.17
002248.SZ,20200312,8.66,8.96,8.48,8.56,65149.22,56639.773
002249.SZ,20200312,3.82,3.87,3.76,3.79,253519.2,96302.508
002251.SZ,20200312,8.9,8.97,8.8,8.81,38708.6,34315.027
002266.SZ,20200312,4.05,4.07,3.99,4.03,144001.06,57946.579
002271.SZ,20200312,31.61,32.09,31.11,31.4,203327.59,642504.946
002278.SZ,20200312,6.04,6.19,5.91,6.15,73566.9,44427.774
002290.SZ,20200312,4.81,5.05,4.77,5.05,15583.09,7736.764
002304.SZ,20200312,94.9,94.9,93.01,93.1,63542.23,594509.499
002310.SZ,20200312,6.15,6.27,5.95,6.06,867779.92,528873.015
002313.SZ,20200312,22.07,22.44,21.35,21.78,103971.3,227963.93
002314.SZ,20200312,2.86,2.86,2.82,2.85,80111.38,22711.996
002315.SZ,20200312,17.83,18.0,16.8,17.44,100796.64,176857.893
002316.SZ,20200312,8.1,8.48,8.08,8.22,170781.2,140906.044
002325.SZ,20200312,3.28,3.32,3.24,3.29,111916.41,36710.096
002329.SZ,20200312,4.92,4.98,4.87,4.89,76446.56,37554.826
002330.SZ,20200312,6.64,6.7,6.46,6.51,93009.0,60923.497
002332.SZ,20200312,11.5,11.93,11.12,11.14,402621.15,462880.547
002263.SZ,20200312,1.94,1.96,1.92,1.95,219333.0,42438.38
002264.SZ,20200312,4.21,4.26,4.15,4.16,50166.74,21028.094
002269.SZ,20200312,2.24,2.28,2.17,2.2,136472.0,30302.008
002280.SZ,20200312,3.13,3.26,3.1,3.17,764355.52,243349.691
002283.SZ,20200312,3.93,3.98,3.82,3.84,167302.77,65064.228
002285.SZ,20200312,3.13,3.16,3.07,3.1,151791.92,47137.205
002286.SZ,20200312,7.08,7.26,7.01,7.1,38338.77,27350.005
002296.SZ,20200312,8.51,9.19,8.48,9.19,474196.97,424358.65
002318.SZ,20200312,8.3,8.31,8.0,8.08,221972.53,180610.379
002324.SZ,20200312,17.55,17.66,15.89,16.3,236367.09,391222.557
002337.SZ,20200312,3.59,3.64,3.47,3.54,80308.67,28439.379
002338.SZ,20200312,14.3,15.5,14.25,14.88,72652.0,107173.104
002341.SZ,20200312,8.25,8.48,7.61,7.77,934166.36,753573.59
002344.SZ,20200312,4.06,4.07,3.99,4.01,102676.08,41379.405
002361.SZ,20200312,4.81,4.88,4.63,4.7,206305.7,97779.172
002375.SZ,20200312,5.65,6.28,5.64,6.28,371846.29,228692.407
002380.SZ,20200312,15.2,15.34,14.79,15.11,53948.37,81259.961
002385.SZ,20200312,7.77,7.84,7.27,7.4,2646829.08,1998503.877
002392.SZ,20200312,3.9,4.04,3.9,3.99,126861.49,50376.593
002407.SZ,20200312,12.22,13.32,12.14,13.32,675329.16,860834.444
002429.SZ,20200312,4.85,4.89,4.61,4.7,1261744.04,600624.245
002430.SZ,20200312,12.29,12.29,11.96,12.02,102617.24,123987.391
002433.SZ,20200312,4.82,4.84,4.73,4.76,85597.04,40925.284
603949.SH,20200312,22.06,22.06,22.06,22.06,645.42,1423.797
603956.SH,20200312,19.37,20.19,18.51,20.0,58993.53,115015.27
603967.SH,20200312,15.14,15.6,15.14,15.2,41987.18,64292.944
603977.SH,20200312,8.31,8.35,8.16,8.25,28588.0,23566.986
603978.SH,20200312,23.8,24.14,23.29,23.7,24991.72,59217.333
688005.SH,20200312,38.75,38.77,37.37,37.77,25735.18,97737.364
688007.SH,20200312,28.0,28.22,26.9,27.23,20852.73,57463.334
688036.SH,20200312,53.89,53.89,51.77,52.38,18472.43,97242.266
688068.SH,20200312,58.51,61.5,56.46,60.1,22302.03,132709.26
688080.SH,20200312,99.0,102.37,98.14,102.02,7709.25,77182.472
688088.SH,20200312,70.0,73.7,68.36,71.79,31606.7,225074.19
688089.SH,20200312,35.03,35.59,34.48,34.66,13406.02,46827.499
688178.SH,20200312,45.51,46.71,44.87,45.41,9994.5,45575.665
688266.SH,20200312,58.5,58.5,56.38,56.63,18907.11,108245.692
688268.SH,20200312,56.4,60.0,56.22,58.08,16545.65,96035.021
002448.SZ,20200312,5.23,5.29,5.16,5.2,57575.49,30026.322
002449.SZ,20200312,13.14,13.59,13.07,13.21,187746.36,249963.184
002464.SZ,20200312,6.1,6.14,6.01,6.05,139862.26,84819.386
002473.SZ,20200312,7.85,7.86,7.61,7.77,14692.07,11327.908
002474.SZ,20200312,8.64,8.73,8.46,8.6,108520.67,93373.36
002478.SZ,20200312,5.57,5.59,5.45,5.53,50951.02,28095.904
002479.SZ,20200312,6.17,6.26,6.06,6.1,115062.6,70554.599
002480.SZ,20200312,4.57,4.68,4.4,4.6,206358.04,93894.518
002487.SZ,20200312,4.86,4.87,4.74,4.77,59725.7,28635.443
000938.SZ,20200312,42.81,43.79,41.87,42.59,215452.95,921101.044
000968.SZ,20200312,8.73,8.77,8.63,8.71,30800.41,26762.665
000969.SZ,20200312,6.92,6.92,6.67,6.76,174059.63,118044.968
000985.SZ,20200312,14.66,14.69,13.9,13.99,29009.44,41020.881
002001.SZ,20200312,27.25,27.73,26.28,26.6,320071.94,862439.153
002015.SZ,20200312,7.45,7.55,7.32,7.48,144667.26,107864.157
002016.SZ,20200312,7.41,7.46,7.27,7.31,51307.0,37691.797
002017.SZ,20200312,14.09,14.3,13.88,14.05,161310.1,227110.32
002045.SZ,20200312,10.9,10.94,10.52,10.68,127099.95,136587.823
002046.SZ,20200312,6.84,6.94,6.69,6.71,74313.17,50372.203
002050.SZ,20200312,21.08,21.36,20.5,20.68,282338.59,587126.013
002054.SZ,20200312,8.07,8.9,7.98,8.42,452908.86,381234.014
002059.SZ,20200312,4.62,4.73,4.53,4.58,55871.0,25729.323
002067.SZ,20200312,3.34,3.4,3.32,3.34,194865.18,65433.502
002069.SZ,20200312,3.51,3.51,3.46,3.51,535025.34,187777.729
002076.SZ,20200312,3.4,3.71,3.06,3.5,2092964.4,715709.402
002079.SZ,20200312,11.15,11.74,11.11,11.51,287059.26,328707.618
002082.SZ,20200312,11.24,11.37,10.75,10.86,71439.0,79113.729
002083.SZ,20200312,8.1,8.18,7.65,7.78,157286.03,123878.188
002095.SZ,20200312,21.26,21.26,20.55,20.74,36514.83,75965.077
002136.SZ,20200312,7.9,8.1,7.77,7.85,48272.31,38133.254
002150.SZ,20200312,6.37,6.37,6.15,6.18,33157.6,20627.94
002153.SZ,20200312,36.0,36.0,34.6,35.48,58477.78,206417.065
002155.SZ,20200312,7.76,7.86,7.62,7.7,227195.18,174915.076
002162.SZ,20200312,3.65,3.85,3.6,3.8,295471.25,110938.727
002178.SZ,20200312,4.01,4.19,4.0,4.08,195981.34,79933.782
002186.SZ,20200312,9.82,9.85,9.53,9.67,39598.41,38331.777
002188.SZ,20200312,4.9,5.05,4.81,4.85,45924.03,22566.518
002193.SZ,20200312,7.71,7.77,7.5,7.55,43911.06,33288.245
002196.SZ,20200312,5.39,5.44,5.29,5.31,47703.45,25528.245
002213.SZ,20200312,15.0,15.2,14.63,14.9,29122.16,43302.309
002217.SZ,20200312,6.78,6.95,6.69,6.82,925581.59,629980.189
002226.SZ,20200312,5.15,5.21,5.07,5.13,129067.34,66254.455
002247.SZ,20200312,2.37,2.38,2.31,2.32,126140.4,29472.58
002261.SZ,20200312,9.34,9.8,9.3,9.45,441102.87,419628.915
002274.SZ,20200312,6.15,6.22,6.01,6.09,238316.65,145507.132
002281.SZ,20200312,34.01,34.62,32.8,34.44,390924.77,1317615.104
002292.SZ,20200312,7.63,7.72,7.45,7.59,103109.65,78011.924
002295.SZ,20200312,6.98,6.98,6.78,6.82,26058.5,17800.378
002301.SZ,20200312,15.31,15.51,14.71,14.86,93705.94,140870.954
002317.SZ,20200312,13.0,13.08,12.52,12.63,143513.26,183231.872
002321.SZ,20200312,5.35,5.35,5.17,5.22,219777.18,114984.812
002354.SZ,20200312,2.53,2.53,2.45,2.47,116153.39,28730.977
002355.SZ,20200312,6.11,6.21,6.05,6.1,58510.65,35776.509
002358.SZ,20200312,6.94,7.11,6.8,6.88,377988.13,261335.189
002359.SZ,20200312,2.22,2.28,2.18,2.18,404756.4,88631.038
600243.SH,20200312,3.62,4.07,3.62,4.07,252909.27,101412.562
600248.SH,20200312,4.17,4.22,4.13,4.14,55543.98,23151.441
600251.SH,20200312,5.86,5.91,5.76,5.82,88922.66,51837.193
600256.SH,20200312,2.84,2.86,2.81,2.83,370219.88,104671.317
000616.SZ,20200312,2.61,2.79,2.54,2.67,465943.33,122721.826
000620.SZ,20200312,3.21,3.21,3.13,3.16,94910.0,30065.644
600267.SH,20200312,13.91,14.11,13.39,13.4,408040.76,560955.311
000628.SZ,20200312,9.31,9.61,9.2,9.34,34439.26,32084.189
600276.SH,20200312,87.51,89.0,86.0,86.38,250774.54,2177872.617
600281.SH,20200312,3.85,3.89,3.75,3.83,38964.13,14899.728
600291.SH,20200312,7.66,7.82,7.63,7.7,108989.09,84054.286
000666.SZ,20200312,11.2,11.5,10.66,10.76,135464.22,148979.313
600305.SH,20200312,18.0,18.04,17.44,17.53,154064.4,272616.082
600329.SH,20200312,13.43,13.43,13.15,13.18,34483.34,45651.595
600345.SH,20200312,27.0,28.82,26.1,27.55,353528.19,978868.373
600350.SH,20200312,4.39,4.44,4.35,4.41,99987.71,43842.039
600369.SH,20200312,5.1,5.19,5.05,5.11,410813.28,209932.218
600380.SH,20200312,11.78,11.87,11.41,11.53,249565.28,290190.461
600422.SH,20200312,10.4,10.45,10.07,10.15,132368.64,135027.991
600448.SH,20200312,7.02,7.2,6.39,6.63,606001.14,416938.19
600461.SH,20200312,6.24,6.49,6.2,6.44,107973.07,69011.185
600498.SH,20200312,36.72,41.6,36.61,41.35,1197949.17,4634706.635
600529.SH,20200312,34.97,34.99,33.01,34.03,53375.08,181166.469
600539.SH,20200312,6.04,6.07,5.91,5.91,9138.0,5452.381
600550.SH,20200312,7.66,7.88,7.29,7.29,1548377.51,1169171.122
600557.SH,20200312,13.57,13.65,13.15,13.18,74146.35,98654.383
600570.SH,20200312,90.56,92.8,89.71,91.17,194671.06,1770926.671
600581.SH,20200312,3.25,3.32,3.23,3.27,385194.31,125660.631
600585.SH,20200312,55.05,55.7,53.89,55.19,344925.45,1889428.388
600586.SH,20200312,3.05,3.07,2.99,3.01,196625.57,59320.366
600596.SH,20200312,9.1,9.12,8.89,8.94,124345.72,111803.927
600639.SH,20200312,12.57,12.86,12.56,12.62,18564.27,23507.542
600643.SH,20200312,8.7,8.82,8.59,8.67,147019.36,127711.237
600649.SH,20200312,6.0,6.05,5.76,5.88,174106.29,102347.811
600660.SH,20200312,22.8,22.9,22.28,22.41,158309.53,356176.379
600676.SH,20200312,4.22,4.37,4.22,4.36,152958.73,65784.048
600677.SH,20200312,5.25,5.6,5.2,5.6,333533.54,183007.118
600688.SH,20200312,4.71,4.78,4.41,4.41,1186408.55,541087.545
600694.SH,20200312,24.59,24.8,24.06,24.23,25785.31,62860.823
600697.SH,20200312,15.59,15.63,15.43,15.55,11244.0,17450.914
600713.SH,20200312,4.69,4.69,4.57,4.64,134102.0,62073.078
600721.SH,20200312,6.16,6.16,6.03,6.06,32152.98,19529.807
600730.SH,20200312,4.76,4.82,4.7,4.76,64058.24,30463.153
600732.SH,20200312,8.61,8.75,8.48,8.5,269648.67,231795.102
600736.SH,20200312,6.01,6.18,5.8,5.87,523059.72,311298.136
600741.SH,20200312,25.17,25.44,24.68,25.09,197288.89,494149.246
002350.SZ,20200312,6.26,6.4,6.11,6.15,126838.1,78962.775
002352.SZ,20200312,45.31,45.6,44.55,44.78,147576.31,664566.74
002363.SZ,20200312,8.62,8.89,8.28,8.7,168675.99,145876.892
002366.SZ,20200312,6.05,6.05,5.86,5.93,166612.15,98990.265
002367.SZ,20200312,9.1,9.26,8.81,8.91,277793.06,249536.77
002381.SZ,20200312,8.58,8.66,8.33,8.43,73815.27,62396.486
002384.SZ,20200312,28.33,28.68,27.51,27.91,537419.61,1505671.017
002393.SZ,20200312,26.39,26.59,25.86,25.98,12188.62,31908.869
002408.SZ,20200312,6.44,6.44,6.29,6.34,99452.7,63138.42
002424.SZ,20200312,9.02,9.06,8.82,8.87,85861.11,76540.782
002427.SZ,20200312,8.87,9.03,8.62,8.67,17497.16,15369.966
002440.SZ,20200312,10.75,10.87,10.53,10.62,129341.56,137731.077
603927.SH,20200312,65.05,66.13,64.88,65.27,19551.0,127675.368
603939.SH,20200312,85.46,85.46,82.72,83.61,21491.91,180372.451
603976.SH,20200312,16.75,16.9,16.4,16.61,19369.0,32201.957
603986.SH,20200312,288.25,303.88,286.74,300.2,108860.83,3232645.889
603987.SH,20200312,11.9,12.54,11.03,11.19,199741.2,232957.284
603991.SH,20200312,21.7,23.69,21.5,23.69,63631.3,148527.192
688010.SH,20200312,41.0,41.45,40.05,40.67,13122.4,53475.451
688022.SH,20200312,49.31,50.2,48.2,48.68,15973.82,78486.639
688025.SH,20200312,43.45,43.86,42.7,43.34,8555.83,37051.932
688026.SH,20200312,91.07,91.98,84.08,84.48,56419.63,497265.81
002801.SZ,20200312,34.69,35.5,33.86,34.22,9313.0,32213.617
002809.SZ,20200312,17.51,17.68,17.0,17.23,28960.0,49989.284
002820.SZ,20200312,10.93,10.93,10.67,10.74,14654.2,15809.359
002859.SZ,20200312,45.36,46.72,44.68,45.87,24782.99,113173.135
002876.SZ,20200312,46.9,46.9,44.4,45.57,35307.58,161095.53
002890.SZ,20200312,29.6,31.28,29.6,30.81,6915.47,21156.525
002898.SZ,20200312,13.19,13.19,12.71,12.83,10271.22,13209.278
002906.SZ,20200312,14.83,14.84,14.07,14.33,80712.86,116696.174
002913.SZ,20200312,57.28,58.1,56.6,57.78,18608.3,106664.953
002917.SZ,20200312,15.68,15.87,15.11,15.28,43562.44,67286.668
002935.SZ,20200312,38.11,38.73,35.8,36.85,103070.98,384472.88
002936.SZ,20200312,4.16,4.19,4.07,4.12,274542.7,113298.456
002942.SZ,20200312,25.76,25.77,25.0,25.38,15271.19,38792.677
002943.SZ,20200312,26.85,27.26,26.01,26.12,33201.63,88153.486
002946.SZ,20200312,11.0,11.18,10.91,10.91,26588.13,29202.634
002959.SZ,20200312,80.88,82.85,77.1,78.95,26789.8,213191.753
002965.SZ,20200312,37.78,38.85,37.72,38.2,29055.77,110890.623
002973.SZ,20200312,25.5,26.8,25.05,25.38,111640.16,289991.817
300027.SZ,20200312,3.98,4.01,3.92,3.97,286564.98,113437.792
300029.SZ,20200312,5.93,6.01,5.85,5.93,45301.01,26854.196
300032.SZ,20200312,4.01,4.11,3.99,4.05,134541.62,54423.805
300033.SZ,20200312,119.85,122.98,118.0,119.73,110566.29,1324271.007
300053.SZ,20200312,12.95,13.06,12.69,12.83,228657.99,294333.416
300056.SZ,20200312,7.49,7.49,6.82,6.96,103525.74,73903.844
002491.SZ,20200312,6.7,7.05,6.51,6.95,455687.45,311490.257
002499.SZ,20200312,3.86,3.9,3.83,3.85,13765.0,5309.702
002535.SZ,20200312,2.58,2.65,2.55,2.62,119059.06,31048.688
002540.SZ,20200312,4.86,4.92,4.78,4.82,115691.51,55994.522
002542.SZ,20200312,4.05,4.09,3.96,3.96,273580.98,109814.003
002550.SZ,20200312,4.74,4.75,4.64,4.71,102763.75,48109.683
002552.SZ,20200312,19.8,20.02,19.07,19.28,62206.0,121336.119
002553.SZ,20200312,5.24,5.38,5.07,5.33,141513.0,74258.844
002564.SZ,20200312,4.57,4.6,4.46,4.51,70301.0,31778.635
002565.SZ,20200312,5.24,5.55,5.21,5.43,338162.11,183540.512
002567.SZ,20200312,8.49,8.5,8.13,8.27,365936.41,303723.263
002578.SZ,20200312,3.21,3.24,3.15,3.16,46876.0,14898.548
002594.SZ,20200312,57.31,57.66,55.9,57.03,232382.54,1319050.413
002595.SZ,20200312,20.7,20.7,19.92,20.15,20362.04,41026.297
002602.SZ,20200312,13.2,13.5,13.04,13.19,295207.36,390712.555
002610.SZ,20200312,1.63,1.65,1.61,1.64,1115599.67,182119.109
002622.SZ,20200312,3.49,3.52,3.41,3.42,295175.46,101810.979
002625.SZ,20200312,8.33,8.42,8.06,8.13,199062.58,163211.001
002626.SZ,20200312,20.5,20.94,20.14,20.35,70607.92,144717.331
002642.SZ,20200312,7.05,7.12,6.86,6.86,256007.8,177466.002
002643.SZ,20200312,16.9,16.94,16.24,16.45,145734.75,240513.52
002647.SZ,20200312,23.11,23.7,23.11,23.58,88996.43,209164.913
002661.SZ,20200312,15.56,15.72,15.05,15.17,98005.95,149846.43
002667.SZ,20200312,6.56,6.8,6.54,6.64,75658.42,50553.759
002681.SZ,20200312,4.18,4.28,4.12,4.19,272102.6,114043.58
002684.SZ,20200312,6.26,6.47,6.16,6.24,137945.96,87270.521
002700.SZ,20200312,6.24,6.24,6.04,6.1,60140.96,36823.153
002745.SZ,20200312,12.02,12.16,11.78,11.86,138460.84,165430.928
002748.SZ,20200312,6.97,7.03,6.83,6.88,18228.0,12578.397
002750.SZ,20200312,10.7,10.88,10.61,10.66,45518.02,48670.136
002752.SZ,20200312,5.58,5.59,5.47,5.48,16454.06,9047.457
002771.SZ,20200312,14.51,14.74,14.06,14.14,92920.01,133338.468
002808.SZ,20200312,8.76,8.79,8.52,8.64,50092.65,43365.548
002811.SZ,20200312,14.93,15.6,14.6,15.29,22922.77,34857.201
002817.SZ,20200312,24.0,24.0,23.43,23.55,13908.25,32805.389
002818.SZ,20200312,11.7,11.87,11.65,11.73,23757.16,27931.449
002826.SZ,20200312,10.5,10.5,10.3,10.31,24409.48,25326.312
002845.SZ,20200312,21.91,22.45,21.29,21.84,63365.0,138650.815
002848.SZ,20200312,13.84,14.65,13.83,14.53,147022.01,211183.32
002849.SZ,20200312,13.58,13.58,13.12,13.26,13232.94,17595.316
002853.SZ,20200312,17.97,18.15,17.1,17.31,26295.3,46140.39
002881.SZ,20200312,26.5,27.15,25.42,26.09,45211.74,119467.004
002882.SZ,20200312,10.02,10.27,9.95,10.07,32120.12,32411.586
002892.SZ,20200312,24.58,24.96,24.12,24.25,31675.4,77400.722
002896.SZ,20200312,23.98,24.14,23.6,23.99,11138.0,26615.025
002901.SZ,20200312,71.22,71.37,67.0,68.32,22686.2,156065.184
002362.SZ,20200312,18.74,19.12,18.38,18.73,87857.73,164603.181
002369.SZ,20200312,11.3,12.6,11.22,12.1,778022.02,934670.909
002389.SZ,20200312,13.04,13.65,12.79,13.09,207950.04,274869.45
002395.SZ,20200312,27.83,27.83,26.9,27.12,11890.87,32347.101
002413.SZ,20200312,8.45,8.96,8.11,8.88,979521.06,846286.883
002422.SZ,20200312,22.97,23.0,22.18,22.41,179163.3,405450.759
002431.SZ,20200312,2.8,2.83,2.74,2.8,144775.19,40247.794
603938.SH,20200312,31.19,32.41,30.62,31.2,32805.0,102928.84
603958.SH,20200312,6.89,6.95,6.72,6.78,27276.79,18649.456
603963.SH,20200312,11.12,11.14,10.83,10.89,16791.0,18361.15
603979.SH,20200312,8.6,8.72,8.5,8.56,43380.17,37316.459
603989.SH,20200312,25.0,25.25,24.42,24.92,24156.25,60045.356
603995.SH,20200312,22.31,22.5,22.09,22.25,21798.71,48481.99
603999.SH,20200312,6.35,6.39,6.19,6.26,94223.01,59187.466
688011.SH,20200312,41.71,42.32,40.4,41.36,11852.57,48753.563
688023.SH,20200312,189.0,202.96,187.0,194.6,5275.43,103145.554
688037.SH,20200312,105.36,120.98,101.0,112.5,53201.26,603871.845
688116.SH,20200312,44.1,44.7,43.28,44.15,10872.58,47907.026
688169.SH,20200312,421.0,424.4,413.02,416.59,9764.64,408111.973
688188.SH,20200312,139.0,140.78,137.5,140.32,5107.32,71066.977
688198.SH,20200312,46.95,47.42,45.6,45.96,8365.79,38659.649
688233.SH,20200312,54.29,56.22,54.01,54.46,27817.06,152609.474
688278.SH,20200312,34.88,35.75,34.5,34.78,13787.17,48400.853
688298.SH,20200312,87.86,87.99,82.6,85.0,32008.76,271867.95
688321.SH,20200312,54.16,54.98,53.65,53.9,12081.08,65258.719
688366.SH,20200312,84.5,84.8,83.15,83.99,4365.96,36612.367
002457.SZ,20200312,7.89,7.89,7.67,7.73,71279.45,55390.317
002458.SZ,20200312,31.54,31.93,30.71,31.11,230715.26,722232.486
002467.SZ,20200312,7.45,7.68,7.36,7.48,548951.84,411889.695
002481.SZ,20200312,11.8,12.13,11.42,11.75,404464.34,476055.092
002490.SZ,20200312,3.45,3.45,3.33,3.34,36513.01,12270.527
002492.SZ,20200312,6.15,6.26,5.8,6.0,488335.36,293149.244
000990.SZ,20200312,15.2,16.95,15.02,16.95,273223.97,443932.881
000996.SZ,20200312,9.4,9.54,9.12,9.21,87838.83,81557.968
001979.SZ,20200312,18.05,18.08,17.66,17.83,106391.11,189643.166
002020.SZ,20200312,10.6,10.64,10.4,10.44,116571.37,122343.818
002034.SZ,20200312,15.5,15.95,15.13,15.25,28478.9,44194.044
002037.SZ,20200312,6.34,6.47,6.33,6.4,32315.7,20656.742
002042.SZ,20200312,6.42,6.42,6.0,6.23,96662.66,59399.19
002049.SZ,20200312,54.22,55.73,53.9,54.54,156473.29,854175.869
002052.SZ,20200312,3.05,3.11,3.03,3.07,169148.97,51987.713
002072.SZ,20200312,5.19,5.28,5.02,5.07,66934.0,34278.282
002073.SZ,20200312,4.87,4.94,4.75,4.83,222237.66,107780.91
002085.SZ,20200312,7.02,7.05,6.82,6.96,89000.46,61701.914
002086.SZ,20200312,2.9,2.91,2.85,2.87,124117.32,35620.238
002089.SZ,20200312,3.09,3.17,3.0,3.17,829169.14,257792.912
600743.SH,20200312,2.3,2.38,2.28,2.32,107893.11,25026.458
600759.SH,20200312,2.45,2.5,2.38,2.41,736906.37,179082.233
600763.SH,20200312,107.53,108.77,105.88,107.1,36024.23,385839.235
600776.SH,20200312,19.31,19.77,19.0,19.2,257218.51,497502.318
600782.SH,20200312,4.4,4.45,4.35,4.38,394067.36,172838.05
600790.SH,20200312,3.25,3.27,3.22,3.23,117436.9,37986.529
600791.SH,20200312,3.55,3.55,3.45,3.5,40515.94,14142.664
600826.SH,20200312,10.71,10.71,10.49,10.66,20506.63,21651.155
600834.SH,20200312,6.67,6.67,6.48,6.54,20276.0,13281.884
600844.SH,20200312,4.47,4.52,4.29,4.32,149586.25,65357.822
600847.SH,20200312,12.03,12.17,11.69,11.87,15966.31,19053.911
600853.SH,20200312,3.83,3.91,3.7,3.78,555057.46,210985.041
600862.SH,20200312,12.5,12.74,12.25,12.48,139651.41,174629.911
600908.SH,20200312,5.29,5.38,5.26,5.29,138062.65,73264.385
600933.SH,20200312,13.75,13.92,13.17,13.36,45217.48,60810.011
600978.SH,20200312,2.64,2.68,2.61,2.66,171227.38,45281.147
600980.SH,20200312,12.8,12.9,12.55,12.65,18227.0,23129.175
601038.SH,20200312,6.61,6.82,6.49,6.59,184025.05,121410.112
601116.SH,20200312,12.18,12.35,11.94,11.98,44504.05,53636.411
601126.SH,20200312,6.4,6.51,6.16,6.23,204612.32,129031.695
601155.SH,20200312,33.95,34.44,32.99,33.2,172503.81,577784.366
601168.SH,20200312,6.17,6.21,6.06,6.13,196118.59,120093.476
601216.SH,20200312,2.71,2.74,2.66,2.69,418444.49,112740.166
601311.SH,20200312,9.9,9.95,9.58,9.65,192340.38,187504.55
601375.SH,20200312,5.82,5.94,5.71,5.82,669221.36,389973.262
601500.SH,20200312,6.05,6.1,5.94,5.96,20799.0,12494.698
601518.SH,20200312,2.56,2.68,2.53,2.59,385200.07,99052.897
601555.SH,20200312,9.31,9.48,9.18,9.21,740881.82,688286.522
601598.SH,20200312,3.78,3.96,3.69,3.85,583705.13,223452.299
601599.SH,20200312,3.25,3.43,3.25,3.37,321658.37,107888.907
601611.SH,20200312,6.7,6.77,6.61,6.65,91364.6,60916.68
601718.SH,20200312,4.96,4.98,4.52,4.57,908165.61,428373.613
601777.SH,20200312,2.78,2.98,2.74,2.93,313537.76,89899.016
601788.SH,20200312,12.25,12.4,12.11,12.2,219030.97,267477.844
601838.SH,20200312,8.08,8.15,8.03,8.06,205340.19,165955.649
601857.SH,20200312,5.08,5.11,5.06,5.07,943174.42,478813.02
601880.SH,20200312,1.84,1.85,1.81,1.82,290069.01,52854.374
601890.SH,20200312,5.48,5.57,5.38,5.43,143567.87,78404.351
601916.SH,20200312,4.23,4.26,4.21,4.24,596859.58,252377.846
601929.SH,20200312,2.26,2.28,2.21,2.24,397177.89,89090.752
601949.SH,20200312,5.69,5.72,5.56,5.6,86267.3,48584.699
601969.SH,20200312,5.29,5.39,5.05,5.13,187036.42,97654.184
601988.SH,20200312,3.58,3.59,3.56,3.58,722892.23,258457.725
603005.SH,20200312,96.74,103.33,96.7,100.08,209612.63,2075809.487
603033.SH,20200312,22.4,22.49,21.4,21.86,19335.43,42127.609
603038.SH,20200312,13.56,13.64,13.25,13.47,7032.68,9443.993
300057.SZ,20200312,5.92,5.97,5.81,5.85,131515.78,77310.798
300062.SZ,20200312,7.23,7.55,7.09,7.55,348146.47,258227.764
300082.SZ,20200312,6.74,6.75,6.51,6.55,63691.85,42057.01
300096.SZ,20200312,10.9,11.25,10.85,11.24,135214.07,149750.459
300109.SZ,20200312,19.28,19.78,18.71,18.79,90868.77,173622.655
300124.SZ,20200312,28.19,28.49,27.51,27.9,172235.93,481963.202
300129.SZ,20200312,4.8,4.86,4.7,4.76,117756.12,56079.312
300137.SZ,20200312,7.97,8.13,7.81,7.88,143917.63,114371.295
300140.SZ,20200312,10.6,11.27,10.38,11.1,190558.26,208835.442
300143.SZ,20200312,9.65,10.06,9.46,9.79,56429.24,55359.692
300148.SZ,20200312,4.1,4.17,4.06,4.12,235667.46,96768.28
300151.SZ,20200312,8.92,9.18,8.29,8.3,146673.0,127286.556
300154.SZ,20200312,5.8,5.84,5.65,5.7,43723.01,25079.28
300160.SZ,20200312,9.26,9.75,9.03,9.32,563270.14,525759.211
300161.SZ,20200312,23.8,26.9,23.71,26.9,178650.72,459643.971
300179.SZ,20200312,7.08,7.25,6.79,6.93,161307.47,112470.377
300180.SZ,20200312,8.78,8.85,8.66,8.7,104834.15,91481.935
300189.SZ,20200312,3.6,3.6,3.43,3.49,437903.46,153738.996
300196.SZ,20200312,11.3,11.3,10.65,10.8,51627.8,56122.435
300217.SZ,20200312,2.93,3.0,2.84,2.88,1016329.99,296689.678
300237.SZ,20200312,2.79,2.91,2.75,2.82,543177.25,153782.036
300241.SZ,20200312,6.56,6.9,6.42,6.78,309390.66,208869.784
300243.SZ,20200312,7.26,7.39,7.14,7.32,15732.9,11452.112
300248.SZ,20200312,11.63,12.05,11.38,11.58,111131.51,129384.523
300253.SZ,20200312,22.9,23.47,22.3,22.72,563779.24,1282865.006
300264.SZ,20200312,5.6,5.75,5.46,5.66,122896.43,69317.25
300267.SZ,20200312,4.83,4.86,4.68,4.71,285997.62,135544.862
300268.SZ,20200312,13.41,13.95,13.26,13.5,26556.0,36114.807
300271.SZ,20200312,29.05,29.45,28.55,29.1,100587.16,292065.061
300275.SZ,20200312,11.18,11.22,10.9,11.02,36621.0,40434.665
300281.SZ,20200312,6.66,6.79,6.5,6.58,51118.5,33850.147
300282.SZ,20200312,7.35,7.39,7.17,7.2,97743.85,70859.334
300287.SZ,20200312,4.61,4.73,4.55,4.63,533752.24,247503.798
300291.SZ,20200312,5.4,5.64,5.35,5.53,107359.15,59094.56
300297.SZ,20200312,5.18,5.27,5.08,5.17,288008.81,148673.087
300305.SZ,20200312,9.38,9.43,9.08,9.39,16265.51,15182.368
300310.SZ,20200312,6.15,6.58,6.05,6.46,762996.58,479655.325
300322.SZ,20200312,21.08,21.6,20.9,21.23,221204.19,469002.716
300328.SZ,20200312,15.53,16.06,15.29,15.49,148875.8,232226.107
300339.SZ,20200312,11.92,12.06,11.68,11.78,268357.31,318318.677
300344.SZ,20200312,5.0,5.1,4.91,4.98,84385.16,42169.561
300356.SZ,20200312,7.05,7.34,6.96,7.04,172278.0,122320.531
300357.SZ,20200312,45.0,45.0,42.9,43.23,55949.01,244029.064
300360.SZ,20200312,12.81,12.89,12.33,12.47,63659.2,79798.367
300368.SZ,20200312,7.69,7.8,7.55,7.66,95129.0,73193.894
300379.SZ,20200312,47.21,50.37,47.21,48.99,220528.5,1086001.493
002915.SZ,20200312,24.51,27.3,24.3,26.88,52525.06,135637.027
002922.SZ,20200312,15.15,15.58,14.72,14.93,37522.0,56660.368
002926.SZ,20200312,11.78,12.1,11.71,11.94,505154.18,600009.566
002941.SZ,20200312,17.11,17.77,17.08,17.22,127673.61,221462.54
002947.SZ,20200312,52.3,52.3,49.8,50.07,15349.99,77389.133
002958.SZ,20200312,5.55,5.68,5.5,5.53,219419.21,122410.647
300001.SZ,20200312,23.23,23.86,22.54,23.0,284683.08,658058.263
300003.SZ,20200312,39.57,39.98,37.25,37.6,292609.14,1118890.591
300022.SZ,20200312,4.13,4.5,4.04,4.24,249096.05,105838.805
300034.SZ,20200312,16.58,16.93,16.3,16.67,90988.48,150976.168
300036.SZ,20200312,24.99,25.6,24.81,25.24,117018.33,294673.312
300039.SZ,20200312,5.57,5.77,5.53,5.58,141163.63,79103.288
300044.SZ,20200312,7.98,8.52,7.94,8.33,432784.36,360190.24
300046.SZ,20200312,22.91,24.14,22.36,23.0,470233.06,1094093.13
300050.SZ,20200312,5.98,6.67,5.9,6.67,717214.21,467125.782
300064.SZ,20200312,3.34,3.37,3.25,3.3,143908.0,47649.693
300065.SZ,20200312,11.33,11.5,11.08,11.2,51470.49,57851.184
300069.SZ,20200312,16.21,16.89,16.0,16.46,17848.1,29171.88
300075.SZ,20200312,13.43,13.88,13.33,13.65,67845.31,92092.106
300076.SZ,20200312,5.3,5.36,5.18,5.26,86168.72,45435.744
300080.SZ,20200312,5.94,5.98,5.72,5.8,84390.5,49270.315
300091.SZ,20200312,3.9,3.91,3.76,3.79,224314.54,85890.819
300100.SZ,20200312,6.0,6.1,5.67,5.7,138000.0,80767.891
300103.SZ,20200312,9.29,9.32,9.07,9.14,33475.0,30735.642
300108.SZ,20200312,3.78,3.79,3.67,3.68,65588.05,24341.516
300111.SZ,20200312,2.42,2.48,2.41,2.43,116059.2,28325.018
300116.SZ,20200312,1.74,1.76,1.73,1.74,452237.0,78788.734
300132.SZ,20200312,13.65,14.04,13.46,13.6,79389.0,108473.829
300136.SZ,20200312,44.0,44.88,43.01,43.8,411055.22,1806010.45
300172.SZ,20200312,5.3,5.3,5.12,5.18,49289.07,25603.53
300190.SZ,20200312,7.85,8.08,7.79,7.89,95161.63,75244.355
300203.SZ,20200312,14.4,14.4,13.88,14.0,56186.99,79104.966
300208.SZ,20200312,6.08,6.23,6.03,6.12,54037.56,32945.158
300225.SZ,20200312,5.88,5.94,5.69,5.74,113197.47,65520.896
300246.SZ,20200312,21.77,21.77,20.54,21.77,318387.29,683412.401
300249.SZ,20200312,8.15,8.64,8.09,8.32,576277.74,479873.902
300250.SZ,20200312,15.61,16.44,15.5,16.15,87832.42,141351.144
300257.SZ,20200312,10.99,11.46,10.83,11.05,60864.3,67860.556
300258.SZ,20200312,12.5,12.57,12.09,12.39,19145.59,23516.985
300276.SZ,20200312,8.85,9.09,8.82,8.97,98369.39,87966.277
300280.SZ,20200312,30.85,31.02,29.0,29.97,53852.0,162179.092
300285.SZ,20200312,23.81,24.35,23.51,23.7,66722.77,159215.561
300286.SZ,20200312,12.1,12.6,12.0,12.29,42035.5,51511.188
300298.SZ,20200312,15.92,16.89,15.68,16.03,158514.72,255878.545
300299.SZ,20200312,5.39,5.78,5.33,5.73,766710.5,428089.138
300300.SZ,20200312,7.83,8.03,7.76,7.92,128772.66,101656.601
002097.SZ,20200312,6.61,7.28,6.61,7.05,678081.41,473650.315
002100.SZ,20200312,12.83,13.14,12.12,12.23,561843.57,700269.607
002106.SZ,20200312,9.68,9.82,9.51,9.58,180322.97,174219.82
002112.SZ,20200312,8.22,9.3,7.77,9.3,608333.91,536792.914
002113.SZ,20200312,1.64,1.64,1.62,1.63,158913.7,25882.517
002122.SZ,20200312,1.68,1.68,1.64,1.66,54789.12,9072.519
002129.SZ,20200312,16.7,17.88,16.5,17.6,1438659.75,2506457.426
002134.SZ,20200312,10.21,11.0,10.19,10.79,182589.05,194971.902
002142.SZ,20200312,26.68,26.78,25.95,26.19,243518.53,638949.415
002145.SZ,20200312,4.26,4.31,4.18,4.22,202186.77,85841.007
002147.SZ,20200312,1.93,1.93,1.89,1.91,38188.93,7283.867
002160.SZ,20200312,5.12,5.37,5.04,5.13,456383.97,236550.34
002163.SZ,20200312,6.76,6.97,6.42,6.6,396498.33,267199.453
002167.SZ,20200312,6.12,6.12,5.89,5.93,85473.44,51120.009
002180.SZ,20200312,37.5,38.65,36.98,37.6,134728.91,506124.621
002182.SZ,20200312,11.0,11.0,10.49,10.67,257972.12,276389.789
002190.SZ,20200312,24.5,24.54,23.47,23.75,52271.95,124518.271
002198.SZ,20200312,4.81,4.83,4.73,4.75,81082.38,38699.774
002204.SZ,20200312,3.16,3.16,3.08,3.12,79826.99,24848.157
002207.SZ,20200312,5.58,5.58,5.38,5.4,13370.0,7276.76
002222.SZ,20200312,11.91,12.08,11.79,11.91,90366.05,107709.82
002227.SZ,20200312,16.8,18.73,15.62,18.73,347737.82,628910.737
002228.SZ,20200312,3.87,3.88,3.81,3.84,83221.16,31964.381
002231.SZ,20200312,8.25,8.96,8.15,8.94,318416.51,272986.263
002236.SZ,20200312,18.81,18.97,18.3,18.6,547830.48,1021325.251
002255.SZ,20200312,4.6,4.8,4.38,4.49,732746.61,333512.16
002258.SZ,20200312,13.86,14.05,13.83,13.88,56898.08,79092.762
002265.SZ,20200312,8.74,8.79,8.44,8.63,46130.1,39726.894
002275.SZ,20200312,13.7,13.7,13.44,13.48,13444.83,18187.822
002279.SZ,20200312,7.0,7.15,6.91,7.06,188966.29,132809.63
002284.SZ,20200312,5.17,5.19,5.04,5.15,100826.0,51485.434
002299.SZ,20200312,23.1,23.1,22.15,22.4,230039.74,518292.996
002307.SZ,20200312,5.75,5.94,5.72,5.78,170712.68,99302.845
002312.SZ,20200312,5.03,5.16,4.97,5.12,221583.77,112237.496
002333.SZ,20200312,4.39,4.44,4.31,4.36,26662.0,11662.236
002339.SZ,20200312,6.72,6.94,6.67,6.85,111832.98,76063.008
002340.SZ,20200312,5.09,5.18,5.01,5.05,1058419.6,536069.611
002342.SZ,20200312,3.32,3.42,3.26,3.27,254021.0,84212.228
002346.SZ,20200312,12.35,12.65,12.07,12.12,78116.87,95826.524
002349.SZ,20200312,5.72,5.78,5.55,5.66,77242.97,43686.56
002353.SZ,20200312,29.8,30.3,28.9,29.24,264841.89,780842.264
002691.SZ,20200312,5.3,5.37,5.23,5.36,31002.36,16398.22
002695.SZ,20200312,18.74,19.4,18.17,18.39,127874.8,239923.438
002701.SZ,20200312,4.43,4.43,4.31,4.33,197801.66,85882.226
002708.SZ,20200312,7.18,7.28,7.04,7.11,63710.82,45506.444
002723.SZ,20200312,8.79,8.84,8.55,8.68,25983.79,22561.713
603042.SH,20200312,22.5,24.53,22.5,24.53,318783.38,763885.917
603055.SH,20200312,6.31,6.45,6.17,6.23,38010.0,23768.84
603086.SH,20200312,21.98,22.05,21.5,21.58,11207.23,24372.975
603103.SH,20200312,16.39,16.77,16.2,16.35,62393.33,102469.097
603105.SH,20200312,8.25,8.38,7.81,8.01,288801.61,235438.607
603116.SH,20200312,6.93,6.94,6.71,6.79,40480.84,27635.962
603136.SH,20200312,23.28,23.28,22.52,22.75,17283.26,39342.866
603158.SH,20200312,21.77,22.53,21.53,22.15,33777.08,74288.504
603200.SH,20200312,43.33,45.49,41.76,43.61,35289.4,155069.87
603225.SH,20200312,11.12,11.26,11.02,11.04,29689.3,32930.164
603226.SH,20200312,19.45,22.03,19.11,20.61,174821.34,358618.028
603227.SH,20200312,4.52,4.56,4.44,4.48,92226.64,41374.374
603299.SH,20200312,6.2,6.22,6.09,6.11,56172.88,34521.418
603301.SH,20200312,51.2,51.21,48.0,51.21,289426.16,1473893.948
603309.SH,20200312,18.09,18.45,17.41,17.89,106517.2,191246.144
603311.SH,20200312,14.91,15.2,14.42,14.44,78117.0,115108.88
603323.SH,20200312,4.81,4.9,4.77,4.83,296587.7,143111.358
603328.SH,20200312,11.5,11.87,11.42,11.72,137860.58,160626.709
603339.SH,20200312,13.26,13.26,12.7,12.76,20217.12,26010.426
603345.SH,20200312,76.34,78.35,75.4,77.0,13327.88,102489.515
603380.SH,20200312,17.6,18.14,17.46,17.8,35733.07,63548.53
603488.SH,20200312,8.56,8.57,8.35,8.44,21611.0,18232.723
603519.SH,20200312,13.61,13.88,13.3,13.5,15881.2,21369.237
603533.SH,20200312,20.02,20.89,19.88,20.09,135543.34,274431.629
603583.SH,20200312,44.43,45.21,43.01,44.08,31160.55,137817.0
603585.SH,20200312,20.09,20.09,19.72,19.76,11028.45,21872.16
603589.SH,20200312,43.13,43.32,42.39,42.68,56022.95,239497.726
603599.SH,20200312,15.4,15.48,14.94,15.39,73154.22,111209.329
603603.SH,20200312,8.23,8.47,8.0,8.04,61453.72,50336.411
603610.SH,20200312,41.9,42.0,40.65,41.1,25366.03,104739.955
603616.SH,20200312,7.68,7.76,7.47,7.54,42882.96,32554.443
603680.SH,20200312,10.3,10.44,9.99,10.12,39515.64,40215.911
603717.SH,20200312,8.05,8.12,7.89,7.97,27685.6,22138.431
603755.SH,20200312,46.64,46.64,45.1,46.16,5256.99,24203.764
603779.SH,20200312,5.14,5.22,5.1,5.13,9464.32,4871.798
603828.SH,20200312,4.7,4.7,4.51,4.58,84548.76,39037.03
603876.SH,20200312,16.07,16.78,16.07,16.25,73637.34,120261.449
603878.SH,20200312,10.73,10.84,10.5,10.59,40423.96,43080.507
603881.SH,20200312,51.3,52.65,50.31,51.9,62253.44,320178.819
000700.SZ,20200312,11.1,11.55,10.5,10.8,924409.98,1015246.924
000702.SZ,20200312,5.45,5.47,5.25,5.33,98624.48,52738.527
000708.SZ,20200312,27.1,27.16,25.55,26.08,75639.94,197880.6
000709.SZ,20200312,2.28,2.29,2.26,2.27,382563.31,86912.119
000728.SZ,20200312,9.58,9.72,9.41,9.49,349267.26,333788.965
000738.SZ,20200312,14.21,15.16,14.12,14.69,483447.98,711964.679
000755.SZ,20200312,3.83,3.85,3.77,3.81,60039.0,22900.504
300380.SZ,20200312,21.28,22.1,20.97,21.59,37435.29,80748.287
300396.SZ,20200312,21.25,21.78,20.3,20.48,57308.6,120169.331
300401.SZ,20200312,13.15,13.51,12.84,12.93,213329.82,280712.789
300410.SZ,20200312,8.28,8.85,8.15,8.43,237583.01,202425.837
300417.SZ,20200312,38.54,39.82,37.55,38.0,20220.64,77339.399
300419.SZ,20200312,6.02,6.09,5.92,6.0,59854.44,35928.782
300428.SZ,20200312,15.21,15.48,14.92,15.02,32144.6,48662.791
300431.SZ,20200312,3.0,3.0,2.88,2.94,131788.03,38771.111
300434.SZ,20200312,7.91,7.91,7.59,7.65,27421.2,21181.792
300443.SZ,20200312,15.0,15.09,14.62,14.77,59132.61,87798.901
300449.SZ,20200312,9.13,9.15,8.87,9.05,68981.0,61954.195
300459.SZ,20200312,3.6,3.62,3.47,3.51,589167.99,208170.925
300462.SZ,20200312,26.8,27.1,25.88,26.12,38040.9,100519.193
300464.SZ,20200312,13.75,13.8,13.3,13.46,61013.5,82506.408
300475.SZ,20200312,11.63,11.63,11.21,11.33,20276.5,23076.896
300479.SZ,20200312,18.21,18.95,17.95,18.6,108295.25,200324.964
300482.SZ,20200312,78.11,82.79,76.0,76.45,49847.14,392152.734
300487.SZ,20200312,35.87,35.87,34.8,35.1,33247.8,116981.361
300492.SZ,20200312,45.6,45.6,43.17,43.58,5725.95,25120.508
300516.SZ,20200312,32.2,33.2,31.56,32.87,31500.58,101978.314
300523.SZ,20200312,49.24,49.24,46.9,47.07,24353.58,115957.704
300538.SZ,20200312,19.2,19.46,18.6,18.93,55161.95,104891.532
300551.SZ,20200312,25.89,26.19,25.4,25.48,34004.0,87699.65
300563.SZ,20200312,30.4,32.27,30.4,31.87,29995.36,94661.252
300567.SZ,20200312,62.96,67.95,62.08,67.92,153515.49,1013269.555
300570.SZ,20200312,28.93,30.99,28.66,30.99,100946.96,303860.383
300596.SZ,20200312,32.3,32.44,30.97,31.79,47805.5,151173.165
300604.SZ,20200312,25.82,26.56,25.61,25.82,38705.86,100723.414
300608.SZ,20200312,19.85,20.39,19.38,19.95,38255.43,76161.076
300618.SZ,20200312,62.0,62.95,60.23,60.93,63753.02,391253.909
300619.SZ,20200312,23.15,23.18,22.63,22.9,8051.0,18389.898
300629.SZ,20200312,19.99,20.59,19.81,20.27,19840.25,40257.485
300640.SZ,20200312,7.92,7.92,7.68,7.91,22103.35,17273.898
300643.SZ,20200312,16.1,16.39,15.9,16.25,54407.9,88035.21
300644.SZ,20200312,38.57,39.14,34.63,35.3,97812.76,355374.647
300645.SZ,20200312,15.8,15.97,15.41,15.87,47829.5,74921.76
300654.SZ,20200312,14.8,15.11,14.47,14.64,65068.91,95749.335
300665.SZ,20200312,10.24,10.58,10.1,10.28,126404.37,130642.282
300670.SZ,20200312,8.19,8.95,8.18,8.95,132061.3,112869.629
300677.SZ,20200312,53.88,55.97,50.5,51.66,126581.76,672397.189
300679.SZ,20200312,41.69,42.52,40.9,41.9,40897.05,169850.856
300684.SZ,20200312,33.88,35.09,33.38,34.91,64848.08,223846.359
300687.SZ,20200312,19.2,19.37,18.68,19.15,39302.26,74756.217
300700.SZ,20200312,17.76,17.99,17.1,17.26,17751.0,30923.035
300701.SZ,20200312,33.0,33.6,31.49,31.8,90677.5,293018.782
300706.SZ,20200312,31.4,35.4,31.4,34.65,148034.13,499341.757
300306.SZ,20200312,12.79,12.88,12.32,12.53,56842.0,71618.465
300309.SZ,20200312,3.82,3.85,3.7,3.76,422250.06,159335.761
300315.SZ,20200312,5.84,6.02,5.73,5.98,487293.87,288655.104
300320.SZ,20200312,6.2,6.23,6.02,6.09,149958.6,91627.185
300336.SZ,20200312,5.8,6.45,5.68,6.14,908874.31,553296.415
300338.SZ,20200312,8.51,8.56,8.3,8.33,27502.83,23021.756
300340.SZ,20200312,13.6,14.06,13.5,14.06,137540.37,191498.579
300343.SZ,20200312,2.68,2.72,2.66,2.7,241187.04,64771.74
300352.SZ,20200312,8.3,8.64,8.17,8.43,539527.5,453977.49
300353.SZ,20200312,15.15,16.78,15.03,16.7,780420.28,1248416.093
300354.SZ,20200312,12.72,12.88,12.5,12.65,29940.99,37960.718
300359.SZ,20200312,6.4,6.44,6.26,6.35,127938.58,81244.073
300364.SZ,20200312,3.9,3.92,3.81,3.83,140326.95,54092.305
300367.SZ,20200312,4.3,4.68,4.18,4.68,591515.36,269245.501
300376.SZ,20200312,5.81,5.88,5.65,5.78,386486.86,222526.616
300393.SZ,20200312,15.0,15.0,14.34,14.58,110466.54,161351.455
300402.SZ,20200312,8.58,8.77,8.58,8.69,14927.0,12935.074
300415.SZ,20200312,8.68,8.77,8.51,8.6,56551.46,48880.867
300416.SZ,20200312,34.76,35.09,33.96,34.8,11937.54,41274.239
300420.SZ,20200312,6.61,6.74,6.51,6.67,187115.62,124098.573
300423.SZ,20200312,13.97,14.09,13.73,13.75,55857.81,77481.472
300424.SZ,20200312,17.24,17.4,16.85,16.94,56181.5,95857.805
300436.SZ,20200312,36.9,37.45,36.01,36.1,20078.67,73828.88
300437.SZ,20200312,11.26,11.26,11.03,11.21,23734.83,26479.46
300448.SZ,20200312,10.75,11.16,10.6,10.85,168347.52,183661.145
300451.SZ,20200312,22.2,23.08,22.0,22.36,134569.31,301642.712
300457.SZ,20200312,66.01,67.2,61.58,62.0,74871.71,477474.042
300476.SZ,20200312,21.63,22.39,21.18,21.49,115547.43,250294.982
300483.SZ,20200312,35.86,35.86,35.12,35.17,6143.0,21732.769
300494.SZ,20200312,14.26,14.46,14.01,14.17,41745.99,59248.852
300496.SZ,20200312,60.5,63.28,59.97,62.06,124644.49,769052.024
300501.SZ,20200312,12.95,13.24,12.82,12.87,17138.95,22293.616
300506.SZ,20200312,6.89,6.96,6.76,6.81,58001.7,39667.562
300528.SZ,20200312,6.9,7.02,6.7,6.83,162154.0,111049.152
300536.SZ,20200312,7.59,7.77,7.38,7.48,48853.7,36700.556
300541.SZ,20200312,23.46,24.27,23.25,23.6,44422.55,105663.944
300556.SZ,20200312,17.11,17.5,16.59,16.9,34898.81,58897.662
300564.SZ,20200312,31.54,31.75,30.08,31.13,21443.29,66987.602
300584.SZ,20200312,26.77,26.77,25.17,25.47,28252.5,72839.665
300597.SZ,20200312,13.5,14.1,13.18,13.79,160494.56,220019.751
002738.SZ,20200312,16.78,16.94,16.3,16.52,26449.22,43755.302
002761.SZ,20200312,9.74,9.81,9.38,9.5,110805.95,105974.249
002769.SZ,20200312,8.03,8.15,7.84,8.07,53591.28,42843.46
002774.SZ,20200312,6.79,6.84,6.68,6.75,23691.79,15969.752
002779.SZ,20200312,14.7,14.84,14.3,14.46,3351.57,4838.361
002780.SZ,20200312,19.56,20.12,18.72,18.89,40879.9,79250.556
002813.SZ,20200312,25.08,25.7,24.9,25.53,23694.0,59858.308
002830.SZ,20200312,11.85,12.06,11.74,11.9,11257.44,13335.318
002837.SZ,20200312,46.5,48.8,44.61,45.69,64985.85,301811.018
002842.SZ,20200312,10.55,10.61,10.29,10.32,46094.4,47939.609
002850.SZ,20200312,54.48,55.49,53.11,53.98,29719.28,160836.075
002863.SZ,20200312,5.08,5.08,4.98,5.02,32334.7,16214.589
002864.SZ,20200312,26.9,27.18,26.3,26.48,9418.0,25158.029
002869.SZ,20200312,76.98,77.0,74.8,75.85,31002.98,234785.375
002888.SZ,20200312,19.8,20.35,19.4,19.71,21812.8,43263.214
002907.SZ,20200312,17.89,18.15,17.68,17.96,28640.65,51225.996
002910.SZ,20200312,10.6,10.6,10.29,10.39,24155.0,25245.427
002921.SZ,20200312,18.98,18.98,18.02,18.36,22750.8,41967.812
002949.SZ,20200312,17.9,18.05,17.6,17.78,18245.0,32431.753
002955.SZ,20200312,67.66,70.3,67.13,70.19,18209.99,125877.927
002957.SZ,20200312,29.15,32.55,28.12,32.13,101032.1,317431.559
002962.SZ,20200312,32.94,33.7,32.7,33.03,22015.97,72806.885
002963.SZ,20200312,28.2,28.57,27.95,28.14,14865.1,41829.253
300004.SZ,20200312,5.83,5.83,5.72,5.72,47690.31,27532.084
300011.SZ,20200312,6.89,6.94,6.65,6.75,123135.45,83932.352
300026.SZ,20200312,4.48,4.55,4.37,4.38,439330.36,194881.079
300061.SZ,20200312,6.19,6.22,6.03,6.11,58526.2,35833.35
300066.SZ,20200312,5.19,5.29,5.16,5.21,205844.92,107370.809
300068.SZ,20200312,12.55,12.91,12.45,12.73,133611.1,169153.871
300072.SZ,20200312,5.75,5.77,5.62,5.7,335859.07,191014.304
300077.SZ,20200312,7.7,8.38,7.61,8.17,462664.12,374299.597
300106.SZ,20200312,5.9,5.96,5.81,5.83,35853.25,21046.679
300107.SZ,20200312,6.8,6.88,6.67,6.71,138797.0,94025.826
300121.SZ,20200312,8.1,8.27,8.0,8.06,34856.21,28198.539
300133.SZ,20200312,8.27,8.39,8.08,8.26,171931.12,141305.434
300141.SZ,20200312,8.04,8.56,8.04,8.31,116470.24,96516.862
300144.SZ,20200312,29.48,29.71,28.93,29.25,146990.74,429558.49
300149.SZ,20200312,14.9,15.28,14.72,15.0,64449.39,96724.241
300162.SZ,20200312,8.69,9.04,8.61,8.79,75381.38,66415.571
300168.SZ,20200312,21.3,23.07,20.82,22.47,502870.41,1119676.558
300184.SZ,20200312,7.25,7.85,7.12,7.69,794985.9,598838.465
300187.SZ,20200312,5.0,5.27,4.86,5.27,203410.57,105357.197
300197.SZ,20200312,3.4,3.54,3.34,3.35,669974.74,228971.911
300200.SZ,20200312,12.22,12.39,12.03,12.1,45054.0,54821.579
300206.SZ,20200312,14.6,14.99,13.14,13.32,511483.23,717239.559
300220.SZ,20200312,47.7,47.95,46.5,47.42,11643.09,54774.89
000756.SZ,20200312,9.66,9.99,9.47,9.68,175056.92,170364.106
000759.SZ,20200312,6.95,6.99,6.82,6.83,23636.01,16266.763
000816.SZ,20200312,1.3,1.31,1.28,1.29,157091.13,20287.031
000828.SZ,20200312,7.72,7.74,7.56,7.61,47495.07,36190.976
000852.SZ,20200312,5.5,5.55,5.38,5.42,121879.43,66453.802
000862.SZ,20200312,4.42,4.78,4.38,4.63,372578.51,171169.303
000899.SZ,20200312,4.5,4.5,4.41,4.48,17622.79,7829.952
000908.SZ,20200312,3.46,3.65,3.41,3.51,203312.15,71571.126
000918.SZ,20200312,5.18,5.2,5.03,5.07,97402.0,49620.141
000923.SZ,20200312,13.19,13.31,12.86,12.99,23371.59,30470.029
000936.SZ,20200312,9.36,9.58,8.8,9.06,523961.13,479993.234
000960.SZ,20200312,9.2,9.26,9.13,9.2,130870.31,120195.297
000973.SZ,20200312,5.79,6.02,5.7,5.88,606298.24,354956.827
000998.SZ,20200312,17.39,17.73,17.05,17.11,193170.14,333278.242
002008.SZ,20200312,35.31,35.31,33.5,34.2,319472.75,1091302.905
002014.SZ,20200312,10.09,10.24,9.63,9.8,51848.88,51111.655
002025.SZ,20200312,25.2,25.21,24.51,24.68,56372.95,139798.295
002028.SZ,20200312,17.2,17.89,16.8,16.96,297621.04,513258.419
002051.SZ,20200312,8.83,9.26,8.77,9.15,131058.99,118385.109
002058.SZ,20200312,19.7,19.97,19.3,19.69,6465.0,12687.899
002087.SZ,20200312,5.33,5.58,4.86,4.89,1507801.18,774326.123
601615.SH,20200312,11.89,11.9,11.52,11.55,218429.29,255650.591
601658.SH,20200312,5.5,5.54,5.48,5.51,396899.35,218318.654
601699.SH,20200312,6.14,6.19,6.1,6.14,132710.0,81313.82
601798.SH,20200312,5.77,5.81,5.64,5.72,8272.0,4722.372
601800.SH,20200312,9.03,9.31,8.89,9.16,826010.2,750009.967
601828.SH,20200312,10.6,10.71,10.41,10.49,57562.13,60391.147
601878.SH,20200312,11.67,12.02,11.58,11.93,735950.63,867907.156
601996.SH,20200312,2.8,2.87,2.78,2.83,173363.05,49016.969
603017.SH,20200312,10.48,10.48,10.18,10.23,23021.0,23693.234
603029.SH,20200312,14.37,14.59,14.04,14.15,11102.0,15824.968
603043.SH,20200312,29.57,30.38,29.3,29.72,64176.09,190803.886
603058.SH,20200312,7.07,7.07,6.8,6.82,20247.8,13930.296
603060.SH,20200312,20.7,20.87,20.3,20.41,18333.83,37550.028
603066.SH,20200312,10.26,10.4,9.93,10.12,172784.67,175934.372
603077.SH,20200312,1.56,1.59,1.54,1.57,999382.37,155932.81
603088.SH,20200312,9.23,9.37,9.09,9.16,14839.41,13657.602
603117.SH,20200312,3.83,3.99,3.81,3.96,156486.82,61253.281
603128.SH,20200312,5.88,5.88,5.6,5.62,362211.77,206462.871
603179.SH,20200312,23.86,24.39,22.85,23.9,40182.52,94381.502
603189.SH,20200312,23.91,25.1,23.8,24.34,68176.99,166141.866
603208.SH,20200312,90.75,90.75,83.05,87.95,16585.0,142639.382
603220.SH,20200312,24.32,25.78,24.12,25.78,244001.05,610615.502
603223.SH,20200312,9.25,9.89,9.25,9.56,67583.69,64569.346
603229.SH,20200312,23.61,23.99,22.5,22.93,8061.97,18640.904
300719.SZ,20200312,11.4,11.54,11.13,11.27,54023.12,61090.398
300730.SZ,20200312,15.48,16.5,15.29,16.5,125746.81,200538.365
300736.SZ,20200312,9.91,10.39,9.72,9.86,31112.31,31148.917
300758.SZ,20200312,29.98,30.17,28.98,29.28,10900.46,32139.059
300759.SZ,20200312,62.0,63.05,59.88,61.1,31148.35,191491.133
300763.SZ,20200312,65.4,65.4,61.76,62.68,14543.0,91825.53
300778.SZ,20200312,35.52,35.72,35.0,35.16,7440.4,26175.973
300788.SZ,20200312,44.0,45.03,43.53,44.9,10708.99,47609.81
300800.SZ,20200312,70.1,71.19,69.98,70.5,7857.0,55351.591
300801.SZ,20200312,48.2,50.0,47.11,48.05,75772.78,367316.373
300809.SZ,20200312,24.07,24.07,23.4,23.59,18557.02,43934.609
300816.SZ,20200312,41.78,42.35,41.1,41.37,15652.56,65205.247
000002.SZ,20200312,30.01,30.63,29.6,29.95,593494.28,1776382.654
000004.SZ,20200312,38.2,39.58,37.25,38.41,62910.72,241828.348
000007.SZ,20200312,8.88,8.88,8.42,8.5,69459.43,59986.092
000016.SZ,20200312,11.73,12.55,11.32,11.43,3075127.27,3614133.381
000021.SZ,20200312,16.94,17.64,16.86,17.19,437439.42,752460.547
000023.SZ,20200312,13.37,13.95,13.28,13.94,42990.72,58960.916
000030.SZ,20200312,6.16,6.38,6.03,6.33,186891.37,115543.024
000042.SZ,20200312,10.08,10.08,9.77,9.88,14952.3,14806.767
000045.SZ,20200312,8.03,8.03,7.7,7.85,108849.14,85659.928
000048.SZ,20200312,21.88,22.26,21.58,21.63,9791.33,21299.511
000062.SZ,20200312,13.11,13.28,12.9,13.02,48470.24,63242.756
000065.SZ,20200312,8.13,8.13,7.82,7.93,62647.72,49860.148
600008.SH,20200312,3.29,3.37,3.25,3.28,341080.12,112854.321
600029.SH,20200312,6.11,6.11,5.96,5.99,683118.62,411278.674
000400.SZ,20200312,14.1,15.06,14.1,14.59,392693.47,571866.516
600037.SH,20200312,9.55,9.64,9.36,9.4,168980.09,160282.016
000411.SZ,20200312,12.27,12.4,12.02,12.1,26707.01,32510.319
000417.SZ,20200312,4.7,4.7,4.6,4.64,67642.73,31414.111
000421.SZ,20200312,4.35,4.4,4.25,4.25,71333.89,30679.285
600071.SH,20200312,9.8,9.89,9.51,9.68,25162.0,24396.352
000504.SZ,20200312,7.06,7.2,7.06,7.13,8851.06,6315.437
600073.SH,20200312,8.1,8.16,7.85,7.91,209840.99,167812.159
000509.SZ,20200312,2.26,2.37,2.24,2.25,235754.56,53805.256
600081.SH,20200312,11.55,11.69,11.26,11.44,61934.85,70842.132
000541.SZ,20200312,4.84,4.88,4.74,4.77,87999.69,42101.963
000545.SZ,20200312,2.98,2.99,2.93,2.95,91133.0,26937.565
600100.SH,20200312,8.77,9.1,8.73,9.03,391028.39,349217.132
600109.SH,20200312,10.3,10.49,10.17,10.24,535795.13,551370.094
600111.SH,20200312,9.14,9.18,9.09,9.13,256386.08,233853.658
600117.SH,20200312,3.31,3.55,3.3,3.5,269739.67,93319.949
600119.SH,20200312,5.75,5.84,5.57,5.57,77428.32,43462.411
000554.SZ,20200312,4.91,5.05,4.8,4.9,166190.21,81597.831
600131.SH,20200312,18.8,19.55,18.56,19.22,138172.38,264746.249
000560.SZ,20200312,3.68,3.7,3.57,3.59,142429.4,51703.031
300228.SZ,20200312,4.18,4.22,4.04,4.08,186151.57,76666.711
300235.SZ,20200312,18.81,19.16,18.38,18.6,84116.04,157532.519
300242.SZ,20200312,4.95,5.1,4.94,5.02,120156.0,60203.249
300269.SZ,20200312,4.43,4.45,4.25,4.34,97403.63,42471.864
300273.SZ,20200312,6.13,6.24,5.87,5.92,276289.26,167044.019
300277.SZ,20200312,8.43,8.56,8.25,8.33,51679.4,43362.792
300288.SZ,20200312,12.94,13.3,12.93,13.09,43833.0,57327.539
300290.SZ,20200312,7.14,7.23,7.01,7.12,109352.85,77733.623
300303.SZ,20200312,5.93,6.09,5.9,5.95,380794.94,227384.695
300314.SZ,20200312,11.26,11.53,10.76,10.88,74919.6,83321.812
300324.SZ,20200312,8.56,8.81,8.29,8.59,524201.37,448913.099
300362.SZ,20200312,2.26,2.32,2.11,2.15,344017.4,75789.231
300365.SZ,20200312,14.99,15.35,14.3,14.6,238188.12,350854.959
300370.SZ,20200312,3.7,3.77,3.65,3.72,366211.68,135681.999
300374.SZ,20200312,8.92,8.93,8.67,8.75,17480.0,15363.931
300377.SZ,20200312,11.38,11.6,11.23,11.4,195859.59,223231.142
300397.SZ,20200312,43.42,45.88,43.41,45.01,86108.0,385923.19
300404.SZ,20200312,23.29,23.5,20.99,23.04,94481.53,207954.198
300407.SZ,20200312,8.63,8.88,8.52,8.7,62930.99,54698.106
300412.SZ,20200312,7.94,8.23,7.8,7.81,111067.74,89042.937
300418.SZ,20200312,21.6,21.93,21.16,21.35,315673.32,679259.849
300452.SZ,20200312,16.31,16.61,15.69,15.91,42643.67,68914.613
300454.SZ,20200312,176.98,179.97,172.04,176.35,28242.55,497028.173
300463.SZ,20200312,31.2,31.51,29.72,29.97,66179.18,200716.849
300466.SZ,20200312,6.05,6.96,6.01,6.96,291855.9,191709.993
300467.SZ,20200312,17.5,17.75,17.22,17.4,43281.0,75529.284
300471.SZ,20200312,10.61,10.89,10.44,10.62,108791.19,115292.654
300472.SZ,20200312,12.0,12.28,11.74,12.25,99151.31,119307.51
300488.SZ,20200312,17.3,17.71,17.11,17.55,16940.19,29451.784
300497.SZ,20200312,26.8,26.81,25.88,26.65,106363.19,279782.267
300503.SZ,20200312,11.24,12.15,11.24,11.29,190987.35,217302.945
300507.SZ,20200312,12.63,12.98,12.48,12.73,35600.86,45376.301
300518.SZ,20200312,23.37,23.37,22.7,22.86,10188.0,23351.897
300522.SZ,20200312,17.63,17.63,16.5,17.11,18858.42,32443.829
300537.SZ,20200312,17.48,17.88,17.2,17.37,54579.8,95555.548
300542.SZ,20200312,16.77,17.42,16.51,17.27,94153.82,161453.169
300549.SZ,20200312,12.16,12.3,12.04,12.16,10615.48,12916.963
300552.SZ,20200312,91.0,94.5,89.73,92.52,29778.72,272996.545
300553.SZ,20200312,37.61,38.45,37.31,37.65,4759.0,17960.896
300566.SZ,20200312,25.6,25.84,24.7,24.93,37555.35,94159.533
300572.SZ,20200312,45.75,46.26,45.3,45.58,18823.48,85816.454
300573.SZ,20200312,99.0,99.97,93.8,95.15,18664.69,179401.401
300578.SZ,20200312,59.41,61.0,57.38,59.98,97530.68,577405.488
300580.SZ,20200312,19.65,19.9,19.36,19.6,21466.81,41968.521
300588.SZ,20200312,10.56,10.85,10.44,10.61,42092.0,44646.837
300600.SZ,20200312,9.92,9.96,9.37,9.49,45518.44,43728.078
603236.SH,20200312,205.0,211.0,203.5,209.48,8847.28,183462.692
603260.SH,20200312,28.8,28.93,27.7,27.96,51578.08,145683.52
603266.SH,20200312,11.37,11.62,11.13,11.33,31518.85,35722.378
603268.SH,20200312,15.01,15.29,14.9,15.02,6778.8,10226.091
603298.SH,20200312,13.38,13.39,13.04,13.09,28824.35,37938.84
603308.SH,20200312,17.23,17.83,17.04,17.3,56771.0,98410.331
603316.SH,20200312,9.85,10.31,9.85,9.99,43212.31,43527.028
603322.SH,20200312,24.5,26.1,23.79,24.93,238451.56,585106.686
603327.SH,20200312,28.44,28.6,27.72,28.16,29135.0,81806.051
603330.SH,20200312,15.4,15.8,15.03,15.28,33175.45,51013.175
603337.SH,20200312,20.72,20.72,19.81,19.89,12538.1,25165.488
603351.SH,20200312,32.0,32.67,31.37,32.55,9957.6,31778.275
603359.SH,20200312,21.08,21.47,20.33,20.88,49367.91,103573.214
603363.SH,20200312,20.62,20.81,19.27,19.86,167940.41,334176.739
603368.SH,20200312,33.14,33.29,32.43,32.8,28147.59,92245.38
603390.SH,20200312,14.9,14.99,14.53,14.65,57777.65,85242.639
603477.SH,20200312,11.95,11.95,11.4,11.81,83437.13,97484.563
603496.SH,20200312,24.11,24.9,23.79,24.31,48230.57,117287.811
603499.SH,20200312,15.5,15.66,15.05,15.26,13949.72,21338.706
603500.SH,20200312,14.7,15.6,14.61,15.1,47141.47,71286.45
603507.SH,20200312,24.4,24.45,23.5,24.35,4208.28,10048.274
603527.SH,20200312,15.12,15.29,14.36,14.7,23947.31,35515.867
603566.SH,20200312,19.81,19.9,18.42,18.68,48216.0,91703.113
603590.SH,20200312,39.28,40.3,38.71,39.31,34456.91,136391.13
603628.SH,20200312,7.81,7.81,7.51,7.64,15464.1,11813.439
603636.SH,20200312,13.45,13.8,13.21,13.35,128711.12,172821.14
603659.SH,20200312,77.0,77.99,74.88,77.39,47977.77,367854.839
603661.SH,20200312,37.78,37.94,37.06,37.63,9202.0,34541.212
603662.SH,20200312,44.51,44.59,43.04,43.61,15630.78,68415.466
603669.SH,20200312,10.01,10.61,9.73,9.84,171207.76,173101.739
603696.SH,20200312,8.37,8.69,8.32,8.51,53063.14,44998.943
002064.SZ,20200312,5.9,5.93,5.7,5.74,198778.28,114974.984
002071.SZ,20200312,2.81,2.91,2.74,2.8,156057.59,43755.962
002080.SZ,20200312,12.92,12.98,12.36,12.7,219648.44,278476.96
002099.SZ,20200312,6.92,6.99,6.73,6.77,287929.68,196410.069
002102.SZ,20200312,2.14,2.18,2.13,2.15,274313.93,58924.94
002110.SZ,20200312,8.37,8.4,8.23,8.31,280810.62,233515.98
002116.SZ,20200312,8.16,8.22,8.01,8.1,30421.86,24695.008
002123.SZ,20200312,17.5,17.65,17.12,17.18,132517.56,229610.907
002127.SZ,20200312,10.95,11.17,10.8,11.07,166164.64,182835.621
002135.SZ,20200312,7.42,7.66,7.4,7.58,139315.21,104730.147
002156.SZ,20200312,22.82,24.65,22.72,24.16,516011.45,1240359.131
002158.SZ,20200312,13.75,15.48,13.75,14.88,661231.72,978121.145
002169.SZ,20200312,8.85,9.17,8.6,8.8,542786.36,479829.401
002171.SZ,20200312,9.65,9.86,9.02,9.18,682454.42,642665.158
002187.SZ,20200312,7.92,7.95,7.83,7.87,13408.0,10563.587
000572.SZ,20200312,2.32,2.34,2.26,2.27,376394.59,85880.828
000593.SZ,20200312,5.3,5.3,5.13,5.16,36664.01,19004.903
600172.SH,20200312,3.47,3.88,3.35,3.67,1440671.6,508234.522
600176.SH,20200312,9.02,9.07,8.65,8.72,598636.51,526699.665
600177.SH,20200312,6.62,6.64,6.56,6.57,170102.85,112102.896
600179.SH,20200312,4.66,4.72,4.56,4.64,47418.6,21975.852
600189.SH,20200312,3.44,3.45,3.36,3.4,81901.53,27769.329
600195.SH,20200312,13.3,13.4,12.81,12.89,231614.29,301052.911
600212.SH,20200312,3.63,3.68,3.46,3.51,259339.44,92789.562
600215.SH,20200312,8.72,9.01,8.56,8.73,63795.53,55806.976
600217.SH,20200312,5.8,5.88,5.62,5.83,135942.17,78043.535
600225.SH,20200312,2.6,2.76,2.58,2.68,226368.04,60305.814
600234.SH,20200312,9.06,9.38,9.02,9.17,4142.1,3810.446
000613.SZ,20200312,6.6,6.84,6.26,6.3,319951.14,207988.934
000623.SZ,20200312,16.52,16.6,16.26,16.3,147437.17,242059.782
600269.SH,20200312,3.75,3.75,3.7,3.73,111260.91,41420.401
600277.SH,20200312,4.27,4.32,4.15,4.19,433230.07,183176.472
000633.SZ,20200312,3.87,3.87,3.7,3.73,60493.31,22695.146
000636.SZ,20200312,21.02,22.32,20.91,21.85,621302.31,1344597.705
600289.SH,20200312,5.93,5.93,5.71,5.93,120561.71,71392.483
600298.SH,20200312,33.11,34.07,32.02,33.22,154022.91,510760.778
600299.SH,20200312,10.98,11.3,10.89,11.18,113551.74,125923.347
000668.SZ,20200312,11.98,12.15,11.59,11.65,26499.0,31459.979
000670.SZ,20200312,1.92,1.97,1.92,1.96,113373.08,22097.232
600306.SH,20200312,5.28,5.45,4.99,5.17,58595.0,30303.973
600307.SH,20200312,1.81,1.82,1.8,1.81,398131.94,71917.247
600313.SH,20200312,3.08,3.14,3.05,3.08,360255.0,111031.934
600325.SH,20200312,6.9,6.95,6.75,6.84,214736.82,147237.472
600328.SH,20200312,8.37,8.55,8.31,8.35,61553.01,51812.362
600330.SH,20200312,8.38,8.61,8.24,8.35,307879.87,258473.509
600332.SH,20200312,33.5,33.79,33.03,33.07,98348.02,327943.258
600339.SH,20200312,2.94,2.94,2.85,2.86,505170.83,145765.867
600343.SH,20200312,9.19,9.52,9.05,9.19,132214.83,121972.014
600353.SH,20200312,5.77,6.07,5.76,5.94,275801.44,162106.372
600362.SH,20200312,13.9,13.93,13.71,13.79,196382.22,270768.254
600379.SH,20200312,5.8,5.87,5.63,5.74,37526.19,21557.634
600387.SH,20200312,7.87,7.93,7.57,7.71,123527.54,95624.111
600395.SH,20200312,5.76,5.86,5.67,5.7,59291.0,34041.552
600455.SH,20200312,26.75,26.99,26.0,26.32,25478.41,67236.452
600458.SH,20200312,7.8,8.05,7.72,7.85,143850.01,113067.476
600459.SH,20200312,15.44,15.44,14.86,15.04,115154.19,173624.295
600466.SH,20200312,6.66,6.71,6.46,6.53,167449.97,109555.423
600483.SH,20200312,8.4,8.6,8.35,8.44,74680.28,63483.666
600487.SH,20200312,20.8,21.61,20.3,21.61,2347724.79,4911108.599
600493.SH,20200312,5.85,5.99,5.58,5.61,125207.66,71847.971
600511.SH,20200312,26.55,26.7,25.65,25.77,55001.24,142851.506
920964.BJ,20200312,3.02,3.04,3.02,3.02,884.0,267.352
920689.BJ,20200312,4.61,4.61,4.61,4.61,30.0,13.83
920871.BJ,20200312,5.5,5.5,5.5,5.5,60.0,33.0
832317.BJ,20200312,11.54,11.63,10.85,11.21,4260.0,4739.57
920419.BJ,20200312,5.1,5.1,5.1,5.1,30.0,15.3
920914.BJ,20200312,6.89,6.89,6.89,6.89,140.0,96.46
920832.BJ,20200312,8.0,8.09,8.0,8.09,90.0,72.18
920946.BJ,20200312,5.65,5.65,5.6,5.6,2130.0,1199.8
920476.BJ,20200312,4.28,4.28,4.28,4.28,10.0,4.28
920271.BJ,20200312,6.01,6.64,6.01,6.64,20.0,12.65
920599.BJ,20200312,9.12,9.12,9.12,9.12,30.0,27.36
920039.BJ,20200312,4.39,4.39,4.38,4.39,100.0,43.85
920564.BJ,20200312,2.72,2.72,2.7,2.7,60.0,16.26
920344.BJ,20200312,24.27,24.3,24.27,24.3,370.0,898.8
920826.BJ,20200312,4.51,6.9,4.51,6.9,60.0,36.62
920139.BJ,20200312,5.76,6.25,5.72,5.77,10100.0,6033.26
920640.BJ,20200312,12.1,12.1,12.0,12.0,150.0,180.73
920179.BJ,20200312,7.01,7.01,7.01,7.01,10.0,7.01
920146.BJ,20200312,7.25,7.25,7.25,7.25,60.0,43.5
920892.BJ,20200312,20.0,22.0,20.0,22.0,220.0,480.0
920405.BJ,20200312,18.81,18.81,18.05,18.48,380.0,703.66
920985.BJ,20200312,3.3,3.3,3.3,3.3,10.0,3.3
920685.BJ,20200312,7.5,7.55,7.5,7.55,670.0,505.52
920396.BJ,20200312,10.5,10.5,10.5,10.5,30.0,31.5
920961.BJ,20200312,20.0,20.31,19.15,19.78,660.0,1307.44
920445.BJ,20200312,10.15,10.3,10.15,10.25,240.0,245.8
920000.BJ,20200312,7.0,7.0,7.0,7.0,30.0,21.0
920021.BJ,20200312,6.08,6.08,6.08,6.08,10.0,6.08
920885.BJ,20200312,6.53,6.55,6.53,6.55,100.0,65.4
920090.BJ,20200312,2.38,2.45,2.38,2.44,270.0,65.39
920418.BJ,20200312,17.54,17.63,17.46,17.5,450.0,787.64
920819.BJ,20200312,5.9,5.9,5.7,5.72,1790.0,1027.28
920242.BJ,20200312,13.05,13.15,13.05,13.15,60.0,78.4
920735.BJ,20200312,23.99,24.1,23.99,24.09,40.0,96.27
920415.BJ,20200312,6.65,6.74,6.6,6.68,180.0,120.35
833874.BJ,20200312,14.08,14.08,14.08,14.08,100.0,140.8
920799.BJ,20200312,23.88,26.12,23.88,25.6,1267.5,3155.47
920266.BJ,20200312,7.91,7.91,7.89,7.9,90.0,71.11
920145.BJ,20200312,10.0,10.0,10.0,10.0,100.0,100.0
920184.BJ,20200312,12.98,13.1,12.86,12.9,130.0,168.35
920047.BJ,20200312,5.54,5.54,5.08,5.08,380.0,194.72
833994.BJ,20200312,33.0,33.11,32.06,33.11,160.0,527.87
920185.BJ,20200312,54.74,54.74,53.75,54.5,1470.0,7962.28
920729.BJ,20200312,33.9,34.0,32.38,32.38,50.0,168.08
920263.BJ,20200312,6.48,6.48,6.48,6.48,10.0,6.48
920275.BJ,20200312,5.0,5.0,5.0,5.0,10.0,5.0
920873.BJ,20200312,5.35,5.35,5.35,5.35,40.0,21.4
920765.BJ,20200312,6.0,6.0,6.0,6.0,30.0,18.0
920566.BJ,20200312,17.17,18.0,17.17,17.46,3580.0,6290.19
920368.BJ,20200312,45.01,45.01,45.01,45.01,20.0,90.02
920781.BJ,20200312,1.32,1.47,1.32,1.47,40.0,5.71
920392.BJ,20200312,7.96,7.97,7.96,7.97,720.0,573.78
920190.BJ,20200312,28.69,28.69,28.69,28.69,10.0,28.69
920300.BJ,20200312,5.7,5.7,5.65,5.7,62.5,35.612
920718.BJ,20200312,2.07,2.07,2.0,2.0,40.0,8.1
920351.BJ,20200312,4.6,4.6,4.51,4.56,50.0,22.82
920249.BJ,20200312,4.83,4.9,4.58,4.76,8340.0,3966.27
920478.BJ,20200312,10.0,10.0,9.99,9.99,80.0,79.98
920809.BJ,20200312,2.6,2.64,2.55,2.6,5050.0,1310.93
920802.BJ,20200312,14.0,14.0,13.51,13.51,1410.0,1914.71
920261.BJ,20200312,18.88,18.88,18.88,18.88,30.0,56.64
920407.BJ,20200312,3.51,3.51,3.51,3.51,40.0,14.04
920575.BJ,20200312,17.1,17.87,17.07,17.11,40.0,69.15
920556.BJ,20200312,4.0,4.0,3.86,3.86,110.0,43.48
920792.BJ,20200312,5.88,5.88,5.88,5.88,190.0,111.72
920906.BJ,20200312,10.5,10.5,10.5,10.5,40.0,42.0
920175.BJ,20200312,2.66,2.67,2.6,2.63,1220.0,321.43
920198.BJ,20200312,15.67,15.67,15.67,15.67,30.0,47.01
920786.BJ,20200312,2.62,2.68,2.56,2.59,190.0,49.27
920627.BJ,20200312,5.5,5.5,5.5,5.5,50.0,27.5
920579.BJ,20200312,10.8,10.8,10.5,10.55,130.0,137.1
920522.BJ,20200312,3.35,3.41,3.32,3.33,310.0,103.51
920123.BJ,20200312,6.99,7.0,6.99,7.0,40.0,27.98
302132.SZ,20200312,11.1,11.2,10.93,11.08,100585.25,111286.209
