ts_code,trade_date,open,high,low,close,vol,amount
002337.SZ,20240806,3.76,3.88,3.75,3.85,84387.0,32265.592
600405.SH,20240806,3.45,3.5,3.44,3.5,46985.62,16349.695
605123.SH,20240806,50.32,52.04,50.32,51.5,8336.0,42671.935
300025.SZ,20240806,8.65,8.95,8.62,8.92,54450.01,47764.75
600179.SH,20240806,2.25,2.27,2.23,2.26,167351.0,37688.567
300277.SZ,20240806,6.25,6.37,6.17,6.29,25544.0,15956.165
002679.SZ,20240806,6.66,6.82,6.65,6.77,30573.0,20611.854
600365.SH,20240806,2.33,2.36,2.32,2.35,15359.0,3588.834
300838.SZ,20240806,9.76,9.99,9.76,9.98,6636.0,6561.929
300514.SZ,20240806,11.8,12.0,11.72,12.0,29767.59,35300.429
301158.SZ,20240806,12.48,13.18,12.43,12.84,37418.0,48002.811
002306.SZ,20240806,2.6,2.72,2.6,2.71,167103.0,44526.45
301089.SZ,20240806,31.51,33.05,31.26,32.84,55326.61,178713.109
688561.SH,20240806,23.26,23.49,23.1,23.41,27359.85,63677.698
300508.SZ,20240806,20.71,21.2,20.57,20.89,18387.36,38279.468
600108.SH,20240806,2.45,2.49,2.43,2.46,174324.39,42809.418
300484.SZ,20240806,14.01,14.13,13.52,13.66,129656.0,177684.116
301428.SZ,20240806,29.4,29.5,27.75,28.3,28811.16,81806.138
001300.SZ,20240806,10.95,11.23,10.81,11.11,83815.0,92119.582
301487.SZ,20240806,23.05,23.53,22.86,23.13,21549.17,49882.736
301357.SZ,20240806,30.4,31.2,29.73,30.81,32171.09,98304.671
002386.SZ,20240806,3.8,3.85,3.79,3.84,42876.05,16385.283
000989.SZ,20240806,6.89,7.0,6.81,6.98,73237.99,50681.162
002963.SZ,20240806,10.04,10.19,9.91,10.17,22686.0,22844.956
603580.SH,20240806,19.8,21.21,19.8,21.21,144653.96,298001.113
600693.SH,20240806,2.98,3.08,2.96,3.06,109406.58,32991.524
600983.SH,20240806,6.97,7.05,6.91,7.05,10015.11,6993.553
603058.SH,20240806,7.5,7.6,7.46,7.59,45742.0,34471.217
688772.SH,20240806,14.03,14.34,13.99,14.26,87380.1,123858.796
603757.SH,20240806,19.19,19.3,18.62,18.82,6094.0,11506.533
002978.SZ,20240806,25.31,25.48,24.76,25.07,11922.54,29891.809
603861.SH,20240806,7.6,7.68,7.52,7.63,22013.0,16736.531
300320.SZ,20240806,7.39,7.86,7.37,7.55,61256.96,46456.278
688668.SH,20240806,36.33,36.33,35.14,35.7,29552.36,105140.718
601688.SH,20240806,13.01,13.09,12.74,12.87,417729.23,537430.379
002848.SZ,20240806,6.78,6.83,6.64,6.82,33374.0,22533.736
603101.SH,20240806,4.6,4.84,4.55,4.76,60146.6,28225.309
002264.SZ,20240806,4.93,5.02,4.91,5.02,75912.0,37672.703
300854.SZ,20240806,10.05,10.21,9.96,10.17,13239.0,13355.018
000883.SZ,20240806,4.98,5.03,4.94,5.0,205159.21,102181.539
002406.SZ,20240806,4.77,4.83,4.72,4.77,72766.73,34639.544
002536.SZ,20240806,8.83,8.93,8.76,8.84,97434.75,85967.466
300599.SZ,20240806,4.87,5.03,4.87,4.98,10653.0,5272.83
600628.SH,20240806,5.97,6.04,5.94,6.03,31722.49,18980.229
688048.SH,20240806,28.99,29.26,28.4,29.0,14861.92,42673.637
002378.SZ,20240806,5.38,5.48,5.2,5.27,153936.7,81197.932
300571.SZ,20240806,19.2,19.56,18.97,19.17,14069.0,26989.72
300240.SZ,20240806,6.27,6.32,6.1,6.28,245390.95,152386.252
002661.SZ,20240806,8.4,8.62,8.35,8.62,44877.31,38336.172
001299.SZ,20240806,11.51,11.73,11.5,11.72,11822.27,13743.969
603377.SH,20240806,1.43,1.45,1.36,1.39,148170.02,20553.778
600855.SH,20240806,10.85,11.5,10.31,11.21,516721.33,572005.774
688378.SH,20240806,18.84,18.99,18.34,18.75,24905.56,46287.223
002119.SZ,20240806,11.21,11.3,10.95,11.15,121569.0,134755.474
300328.SZ,20240806,4.46,4.51,4.37,4.44,86737.37,38374.806
300463.SZ,20240806,11.74,11.95,11.67,11.94,53347.16,63271.422
001222.SZ,20240806,10.76,10.89,10.66,10.84,11040.0,11934.558
002138.SZ,20240806,24.15,24.46,23.94,24.43,158766.87,384887.923
000553.SZ,20240806,4.37,4.48,4.37,4.46,31677.79,14045.447
300078.SZ,20240806,2.6,2.81,2.52,2.72,1353257.18,360248.76
002396.SZ,20240806,12.7,12.87,12.59,12.74,35751.87,45486.144
605066.SH,20240806,4.99,5.05,4.95,5.0,29700.25,14788.399
300561.SZ,20240806,8.12,8.25,7.98,8.1,82402.0,66417.841
600633.SH,20240806,8.47,8.66,8.42,8.57,95926.0,81953.795
301418.SZ,20240806,35.82,36.27,35.51,36.11,8146.48,29193.39
601106.SH,20240806,2.4,2.44,2.4,2.44,224573.5,54473.107
600671.SH,20240806,6.45,6.58,6.29,6.56,3957.0,2546.422
301237.SZ,20240806,22.42,22.85,22.21,22.52,5964.0,13406.887
002980.SZ,20240806,20.55,20.87,20.55,20.83,6518.0,13512.002
300801.SZ,20240806,13.84,14.13,13.84,14.0,7958.0,11106.655
688479.SH,20240806,15.11,15.29,15.03,15.24,4779.5,7241.254
603161.SH,20240806,9.16,9.31,9.13,9.27,14849.64,13684.84
600648.SH,20240806,9.05,9.09,8.92,9.08,32205.26,29015.262
603386.SH,20240806,11.22,11.36,10.92,11.09,82713.48,91777.697
300937.SZ,20240806,21.93,23.52,21.85,23.07,72684.28,166526.334
300345.SZ,20240806,6.19,6.53,6.15,6.51,60657.59,38570.625
000960.SZ,20240806,13.56,13.69,13.24,13.39,158417.31,212624.884
600050.SH,20240806,4.67,4.7,4.53,4.59,1892499.71,869137.596
603725.SH,20240806,5.91,6.01,5.87,5.93,26295.0,15598.484
300776.SZ,20240806,45.86,46.85,45.4,45.69,35034.96,161427.956
301091.SZ,20240806,35.05,36.58,31.41,33.73,388058.27,1341685.006
300660.SZ,20240806,23.62,23.83,23.31,23.56,20914.4,49262.57
300152.SZ,20240806,1.83,1.87,1.78,1.84,293055.0,53335.875
600556.SH,20240806,3.68,3.75,3.65,3.71,299687.0,110450.018
601096.SH,20240806,3.92,3.99,3.92,3.97,171212.52,67628.035
603348.SH,20240806,22.66,22.98,22.43,22.85,30783.9,69797.0
603208.SH,20240806,16.55,16.95,16.55,16.85,7631.26,12784.846
300913.SZ,20240806,28.99,29.43,28.44,28.87,28893.5,83158.742
300583.SZ,20240806,12.63,13.24,12.38,13.18,103646.46,132889.007
301211.SZ,20240806,14.7,16.23,14.7,15.99,92045.85,143899.279
300209.SZ,20240806,2.78,2.95,2.7,2.72,119376.01,33723.505
300327.SZ,20240806,19.17,19.35,18.79,19.22,64417.58,122785.752
688501.SH,20240806,11.92,12.27,11.86,12.21,6914.69,8352.217
301159.SZ,20240806,28.5,28.75,27.72,28.67,27379.0,77538.618
300889.SZ,20240806,10.35,10.44,10.22,10.39,34501.0,35581.25
688017.SH,20240806,77.78,78.5,75.26,76.61,24701.13,188980.045
603815.SH,20240806,5.4,5.46,5.32,5.41,27409.0,14788.856
002991.SZ,20240806,55.55,56.83,54.54,55.54,14257.31,79244.305
603015.SH,20240806,6.74,6.87,6.72,6.85,42722.0,29140.095
600315.SH,20240806,17.6,17.89,17.57,17.85,32556.0,57689.637
301355.SZ,20240806,10.22,10.67,10.09,10.22,63709.52,65711.171
300965.SZ,20240806,27.0,28.06,27.0,27.87,2797.0,7732.325
002923.SZ,20240806,9.02,9.25,8.96,9.24,27933.67,25605.151
603970.SH,20240806,12.67,12.88,12.58,12.75,14048.25,17853.069
603906.SH,20240806,6.99,7.11,6.98,7.09,53639.01,37861.707
002522.SZ,20240806,3.08,3.15,3.08,3.15,59377.0,18565.991
300454.SZ,20240806,47.81,47.89,46.99,47.57,17165.75,81254.107
002408.SZ,20240806,5.14,5.22,5.09,5.14,92124.6,47355.618
688698.SH,20240806,22.5,22.87,22.3,22.63,10702.46,24185.505
603286.SH,20240806,16.08,16.49,15.7,16.21,62169.0,99617.86
000572.SZ,20240806,3.47,3.55,3.28,3.36,782334.75,261819.634
002208.SZ,20240806,4.29,4.36,4.26,4.35,56648.6,24358.102
300263.SZ,20240806,5.38,5.52,5.37,5.44,67725.0,36825.407
000631.SZ,20240806,2.37,2.4,2.33,2.37,73122.63,17272.18
300675.SZ,20240806,11.76,11.94,11.51,11.7,40272.55,47169.025
300001.SZ,20240806,19.15,19.25,18.9,19.1,98370.15,187334.126
300011.SZ,20240806,5.52,5.61,5.43,5.55,159759.0,88151.476
300593.SZ,20240806,10.09,10.7,10.05,10.48,138080.1,143540.093
601188.SH,20240806,3.49,3.54,3.24,3.26,805480.63,266007.741
603717.SH,20240806,5.73,5.85,5.69,5.84,30218.0,17515.494
603067.SH,20240806,11.99,12.62,11.95,12.37,148583.0,182974.338
603929.SH,20240806,23.4,23.56,22.92,23.2,23122.54,53605.978
000882.SZ,20240806,1.16,1.21,1.16,1.19,962766.2,113875.831
600148.SH,20240806,12.81,12.97,12.56,12.85,19035.1,24325.52
000921.SZ,20240806,28.15,28.45,27.35,27.63,130222.9,359883.418
688597.SH,20240806,7.52,7.63,7.33,7.46,24190.62,17945.375
688403.SH,20240806,7.41,7.48,7.23,7.47,112958.18,83045.937
600231.SH,20240806,1.37,1.39,1.37,1.38,58655.4,8086.676
301217.SZ,20240806,9.52,9.72,9.42,9.54,50748.7,48343.748
600019.SH,20240806,6.52,6.64,6.38,6.45,891951.54,575631.305
002250.SZ,20240806,4.96,5.01,4.91,4.99,91041.84,45257.497
601608.SH,20240806,3.69,3.75,3.66,3.72,222738.12,82415.188
600319.SH,20240806,3.17,3.26,3.12,3.24,38038.01,12182.445
000564.SZ,20240806,1.74,1.77,1.73,1.75,1232892.25,215241.007
300305.SZ,20240806,4.77,4.88,4.74,4.85,90756.06,43692.902
603869.SH,20240806,4.44,4.55,4.44,4.54,19926.15,8970.861
603132.SH,20240806,11.58,11.82,11.51,11.65,31750.26,36865.169
000593.SZ,20240806,4.58,4.66,4.56,4.65,39269.0,18100.736
000880.SZ,20240806,10.87,11.64,10.23,11.32,499783.84,553742.808
301092.SZ,20240806,21.77,21.8,21.45,21.74,5504.63,11921.61
300295.SZ,20240806,9.0,9.33,8.92,9.29,125611.6,115060.141
603169.SH,20240806,4.42,4.49,4.42,4.48,63384.68,28287.388
002926.SZ,20240806,6.81,6.86,6.67,6.73,100320.14,67633.642
300740.SZ,20240806,11.99,12.26,11.95,12.23,58677.0,71139.754
002467.SZ,20240806,3.23,3.28,3.23,3.28,142675.37,46484.252
603183.SH,20240806,3.13,3.2,3.13,3.2,54969.6,17407.322
002476.SZ,20240806,3.86,3.89,3.77,3.83,63296.0,24195.839
300375.SZ,20240806,4.01,4.08,3.96,4.02,158454.0,63315.713
600963.SH,20240806,3.45,3.48,3.4,3.44,208206.02,71516.056
301311.SZ,20240806,16.86,17.35,16.57,17.26,38410.32,65148.666
688616.SH,20240806,8.26,8.46,8.24,8.42,8057.16,6739.587
600109.SH,20240806,7.71,7.75,7.59,7.69,151419.6,116038.252
688611.SH,20240806,24.55,24.8,24.1,24.59,3712.29,9080.703
000923.SZ,20240806,13.87,14.33,13.87,14.15,157281.46,222127.191
603307.SH,20240806,32.68,32.81,32.08,32.43,6269.0,20325.497
001298.SZ,20240806,19.93,20.15,19.3,19.97,76670.1,151075.319
301229.SZ,20240806,20.95,21.1,20.57,21.02,11939.03,24815.071
688282.SH,20240806,22.18,22.2,21.7,22.1,1514.07,3335.488
688215.SH,20240806,16.59,17.19,16.51,16.72,3394.99,5671.83
688213.SH,20240806,50.5,51.2,49.65,50.66,25388.96,127813.217
688283.SH,20240806,20.92,21.75,20.8,21.05,9827.68,20816.022
688289.SH,20240806,18.88,19.07,18.69,18.92,24960.52,47015.126
688248.SH,20240806,26.5,26.8,26.02,26.47,18526.33,48987.677
002531.SZ,20240806,7.97,8.18,7.91,8.04,191409.13,154291.0
600266.SH,20240806,3.86,4.16,3.8,4.11,992924.36,394947.745
603626.SH,20240806,4.82,4.89,4.77,4.82,105085.0,50611.716
002355.SZ,20240806,5.23,5.3,4.81,5.16,621907.58,312455.14
002603.SZ,20240806,16.16,16.45,16.03,16.42,132020.56,215411.458
002434.SZ,20240806,4.85,4.9,4.81,4.89,64459.75,31321.023
002735.SZ,20240806,9.14,9.29,8.94,9.12,193714.35,175667.72
002028.SZ,20240806,64.3,65.39,62.99,63.76,40880.77,260868.496
605228.SH,20240806,8.19,8.36,8.17,8.27,30254.99,24934.204
688661.SH,20240806,25.78,26.01,25.01,25.74,9837.6,25082.76
688680.SH,20240806,28.55,29.78,28.45,29.19,27119.03,79322.898
600525.SH,20240806,3.7,3.75,3.69,3.72,33348.5,12378.108
002880.SZ,20240806,27.25,27.78,27.22,27.76,4750.0,13077.89
600886.SH,20240806,16.98,17.14,16.65,16.89,225143.4,379113.707
688069.SH,20240806,13.16,13.27,13.03,13.2,1896.08,2490.644
002915.SZ,20240806,9.15,9.28,9.1,9.28,32749.4,30180.079
002984.SZ,20240806,21.8,22.03,21.45,21.77,65219.99,141305.001
600522.SH,20240806,14.21,14.32,13.63,13.79,533393.35,741109.144
300670.SZ,20240806,5.1,5.15,5.02,5.12,43896.0,22255.074
301112.SZ,20240806,23.04,23.5,22.73,23.21,57646.38,133507.79
002869.SZ,20240806,28.89,29.43,27.68,29.36,218234.0,628285.57
300252.SZ,20240806,6.67,6.74,6.53,6.71,224504.8,149172.634
300679.SZ,20240806,31.87,32.26,31.21,31.66,43583.13,137796.984
603319.SH,20240806,15.09,15.25,14.85,15.03,24663.0,36924.801
601633.SH,20240806,22.6,22.77,22.22,22.4,147744.42,330477.638
603373.SH,20240806,36.8,36.91,31.28,31.8,134944.98,461825.026
300942.SZ,20240806,6.46,6.79,6.37,6.78,82492.0,54801.485
002832.SZ,20240806,20.93,21.24,20.45,20.82,50069.0,104022.351
002562.SZ,20240806,3.62,3.85,3.59,3.79,829238.19,305737.81
688063.SH,20240806,40.44,41.43,40.15,41.0,25813.39,105320.027
002093.SZ,20240806,5.92,6.18,5.85,6.08,194608.53,117257.86
600249.SH,20240806,3.83,3.89,3.82,3.88,45512.02,17531.006
688646.SH,20240806,25.89,26.19,25.8,26.16,4237.56,11024.459
603848.SH,20240806,12.88,13.02,12.7,13.0,22682.0,29150.974
603165.SH,20240806,10.26,10.34,9.92,10.06,36973.0,37322.789
300558.SZ,20240806,34.36,36.59,34.36,36.22,189672.51,676905.292
300715.SZ,20240806,6.26,6.42,6.21,6.4,9040.0,5726.774
300191.SZ,20240806,13.1,13.45,12.95,13.37,41294.21,54579.472
300315.SZ,20240806,4.18,4.24,4.12,4.18,706405.4,295081.35
600000.SH,20240806,8.43,8.45,8.19,8.24,416040.73,344150.545
002958.SZ,20240806,2.58,2.6,2.55,2.58,401870.32,103534.795
688292.SH,20240806,13.89,13.89,13.55,13.72,14295.26,19556.839
688162.SH,20240806,17.79,18.19,17.77,18.09,6526.86,11731.779
688270.SH,20240806,24.8,25.0,24.1,24.55,73587.73,179847.268
688208.SH,20240806,23.99,24.18,23.62,24.01,55116.74,131841.326
688186.SH,20240806,9.18,9.33,9.14,9.28,25757.17,23765.518
688153.SH,20240806,32.66,33.58,32.4,33.2,18085.3,59673.041
688115.SH,20240806,19.78,19.96,19.22,19.6,10018.95,19644.657
688249.SH,20240806,14.83,14.88,14.46,14.68,66867.53,97986.998
688290.SH,20240806,30.3,31.1,29.69,31.05,4699.28,14292.992
688309.SH,20240806,11.78,12.06,11.76,12.05,2536.55,3023.281
688136.SH,20240806,15.56,16.32,15.56,16.29,8051.08,12990.137
688271.SH,20240806,115.41,119.97,115.02,118.06,33250.55,392482.094
688159.SH,20240806,27.3,27.93,27.3,27.85,16244.11,45004.795
688265.SH,20240806,22.13,22.55,22.04,22.45,1301.9,2904.374
688303.SH,20240806,20.02,20.98,20.02,20.83,127051.13,262694.796
688219.SH,20240806,7.3,7.37,7.24,7.32,14718.92,10755.038
688173.SH,20240806,9.91,9.98,9.58,9.77,48476.65,47124.498
688288.SH,20240806,13.37,13.49,13.04,13.28,20903.17,27605.421
688272.SH,20240806,14.31,14.5,14.07,14.32,4667.91,6660.371
688178.SH,20240806,9.76,10.09,9.66,9.88,3075.38,3017.255
688251.SH,20240806,11.88,12.09,11.78,11.96,3587.36,4269.627
688111.SH,20240806,201.0,204.26,197.6,201.02,33161.17,663366.829
688310.SH,20240806,10.28,11.5,10.21,11.3,51859.58,55980.532
688191.SH,20240806,14.67,15.28,14.41,15.01,9521.49,14203.116
688261.SH,20240806,36.9,37.4,36.36,37.05,13667.65,50323.333
688189.SH,20240806,5.88,6.07,5.86,6.04,41875.64,25137.164
688262.SH,20240806,17.0,17.1,16.41,16.76,52078.58,86624.089
688168.SH,20240806,23.95,24.35,23.78,24.26,2070.65,4989.139
688098.SH,20240806,4.08,4.2,4.08,4.2,16456.18,6833.069
688252.SH,20240806,15.78,16.1,15.66,15.94,64742.97,102582.099
688147.SH,20240806,23.33,24.02,23.33,23.8,16710.75,39562.817
688256.SH,20240806,238.03,240.0,228.3,233.46,68355.96,1592301.66
688260.SH,20240806,12.66,12.88,12.55,12.77,26749.16,34060.679
688205.SH,20240806,24.63,24.8,24.34,24.75,10382.28,25537.419
688160.SH,20240806,36.78,37.53,36.3,37.28,15249.73,56254.894
688259.SH,20240806,38.4,38.7,37.63,38.7,10470.68,40027.083
688308.SH,20240806,17.42,18.64,17.42,17.88,31524.53,56415.779
688221.SH,20240806,5.35,5.5,5.34,5.5,39712.05,21597.271
688172.SH,20240806,14.96,15.15,14.59,14.82,16659.78,24638.788
688099.SH,20240806,61.09,61.29,59.0,59.87,35607.83,213061.644
688285.SH,20240806,6.62,6.68,6.53,6.65,10053.47,6644.631
001208.SZ,20240806,8.52,8.66,8.25,8.42,233763.0,196265.632
300026.SZ,20240806,3.28,3.39,3.25,3.38,489528.96,163443.271
603966.SH,20240806,6.25,6.35,6.21,6.31,36962.28,23280.457
002110.SZ,20240806,2.88,2.9,2.85,2.89,57132.5,16447.501
300033.SZ,20240806,103.58,104.09,100.62,102.06,58239.21,594161.104
000651.SZ,20240806,41.11,41.49,40.29,40.68,356467.53,1448654.365
603977.SH,20240806,10.3,10.32,10.0,10.27,75462.21,76838.063
001979.SZ,20240806,8.63,8.9,8.63,8.83,686707.78,602634.82
603095.SH,20240806,14.81,15.45,14.73,15.13,31419.38,47292.549
300589.SZ,20240806,11.93,12.58,11.67,12.42,240333.9,293117.719
603726.SH,20240806,13.4,13.58,13.22,13.56,32836.99,44073.294
001328.SZ,20240806,25.42,26.66,25.42,26.28,31190.23,81913.072
605033.SH,20240806,11.6,11.66,11.37,11.58,12211.17,14082.51
600764.SH,20240806,19.48,19.98,19.3,19.94,50154.32,99180.706
301096.SZ,20240806,44.53,45.97,43.93,45.61,41680.66,187749.582
002168.SZ,20240806,2.81,2.97,2.74,2.94,1194834.07,347080.251
600792.SH,20240806,3.08,3.15,3.08,3.15,78746.0,24587.726
600785.SH,20240806,10.17,10.33,10.1,10.33,71889.0,73435.334
600166.SH,20240806,2.59,2.61,2.5,2.54,1582536.51,401045.5
000795.SZ,20240806,5.64,5.71,5.55,5.62,78132.0,43956.758
300354.SZ,20240806,31.43,32.72,31.25,32.38,18535.0,59590.409
600839.SH,20240806,4.37,4.41,4.3,4.35,643225.14,279455.42
000612.SZ,20240806,5.4,5.48,5.37,5.42,143868.49,77897.802
001314.SZ,20240806,33.09,33.79,32.8,33.45,31828.16,105862.453
688027.SH,20240806,154.0,155.88,151.42,153.57,9409.98,144245.802
601326.SH,20240806,3.42,3.48,3.39,3.46,206020.1,70701.786
300748.SZ,20240806,11.78,11.96,11.67,11.84,63686.04,75203.217
300966.SZ,20240806,16.22,17.03,16.07,16.95,42168.96,70293.043
000718.SZ,20240806,1.68,1.71,1.67,1.71,165775.3,28097.902
600422.SH,20240806,14.81,15.15,14.73,15.14,87213.0,130672.684
600363.SH,20240806,27.79,28.05,26.9,27.29,96513.24,264539.44
603333.SH,20240806,3.04,3.12,3.04,3.12,61954.0,19147.696
300819.SZ,20240806,10.85,11.06,10.81,11.03,12314.0,13472.58
301317.SZ,20240806,15.27,15.73,15.27,15.45,4397.0,6776.333
300880.SZ,20240806,15.78,15.99,15.5,15.99,29760.88,47009.251
301383.SZ,20240806,25.13,25.6,24.91,25.4,21367.4,53896.628
002581.SZ,20240806,9.7,9.94,9.7,9.9,39634.0,38943.536
002042.SZ,20240806,3.26,3.28,3.17,3.22,168250.0,53998.796
002819.SZ,20240806,21.02,21.68,20.91,21.41,50119.9,106859.482
600284.SH,20240806,5.65,5.69,5.54,5.6,98363.26,55023.601
688223.SH,20240806,6.97,7.18,6.97,7.11,469747.78,333898.782
688150.SH,20240806,16.33,16.82,16.22,16.72,24555.2,40580.201
688287.SH,20240806,5.55,5.58,5.36,5.46,116751.29,63879.166
688206.SH,20240806,14.6,14.79,14.19,14.71,41472.47,60081.372
688238.SH,20240806,4.64,4.83,4.6,4.81,86631.54,40992.139
688122.SH,20240806,36.95,37.93,36.69,37.5,32579.1,121600.884
688138.SH,20240806,17.66,17.81,17.39,17.66,17223.42,30243.317
688266.SH,20240806,53.55,54.23,52.84,53.67,13323.54,71327.692
688146.SH,20240806,27.8,27.98,27.43,27.91,14016.17,38795.37
688151.SH,20240806,11.84,12.2,11.77,12.16,8062.02,9685.739
688298.SH,20240806,29.6,30.05,29.44,30.02,15896.98,47223.381
688222.SH,20240806,10.11,10.4,10.02,10.36,43927.12,44882.375
688236.SH,20240806,12.46,12.7,12.38,12.7,23898.07,30041.789
688121.SH,20240806,10.87,11.04,10.73,10.85,17773.54,19322.134
688152.SH,20240806,34.98,36.12,34.06,36.12,17378.66,61280.754
688176.SH,20240806,5.13,5.26,5.11,5.26,39751.55,20684.115
688275.SH,20240806,26.79,27.39,26.65,27.03,7167.96,19397.721
688169.SH,20240806,284.99,288.72,278.07,282.0,15923.43,447977.216
688211.SH,20240806,23.69,24.73,23.48,24.1,2954.25,7122.827
688247.SH,20240806,8.58,8.94,8.58,8.93,20723.87,18201.348
688117.SH,20240806,23.08,24.18,23.06,23.89,30443.83,71763.857
688277.SH,20240806,7.28,7.41,7.23,7.41,27779.96,20301.084
688299.SH,20240806,11.37,11.37,11.12,11.18,13764.47,15428.401
688108.SH,20240806,7.98,8.15,7.88,7.99,53056.03,42464.774
688297.SH,20240806,32.6,34.31,32.05,33.71,62027.33,207747.06
688106.SH,20240806,18.1,18.24,17.87,18.05,20252.77,36499.328
688158.SH,20240806,9.99,10.08,9.82,9.95,44767.07,44465.245
688131.SH,20240806,22.51,23.44,22.51,23.18,25493.77,58742.719
688123.SH,20240806,48.6,48.93,47.15,48.26,32231.74,154372.798
688157.SH,20240806,35.63,36.28,35.17,35.68,3465.98,12321.385
688268.SH,20240806,47.19,48.18,46.74,47.34,4784.11,22626.537
688198.SH,20240806,100.13,101.1,99.02,100.34,1775.29,17752.38
688316.SH,20240806,26.5,27.24,26.47,26.78,6506.73,17436.994
688244.SH,20240806,23.0,23.3,22.39,23.02,3671.81,8346.49
688175.SH,20240806,13.75,13.88,13.53,13.76,3510.63,4801.9
688207.SH,20240806,11.11,11.23,10.95,11.07,30725.62,34033.695
688231.SH,20240806,13.42,13.75,13.42,13.7,8315.07,11329.583
688286.SH,20240806,39.47,40.23,38.03,38.8,10123.93,39572.137
688180.SH,20240806,29.09,29.68,28.82,29.33,31735.61,92745.269
688235.SH,20240806,132.0,137.33,132.0,137.08,25884.59,351339.44
688220.SH,20240806,35.6,35.84,35.08,35.61,20746.82,73311.207
603515.SH,20240806,15.44,15.69,15.12,15.56,15010.54,23110.631
300270.SZ,20240806,5.97,6.01,5.84,5.98,102453.02,60699.109
600138.SH,20240806,9.89,10.05,9.89,10.05,116548.44,116435.851
002248.SZ,20240806,5.98,6.3,5.98,6.17,150570.01,92465.731
301302.SZ,20240806,16.74,16.94,16.41,16.85,26275.5,43919.996
600487.SH,20240806,14.99,15.17,14.12,14.3,577358.46,834491.236
002571.SZ,20240806,3.98,4.07,3.97,4.07,63066.0,25399.667
301277.SZ,20240806,13.11,13.53,12.96,13.53,60842.8,81040.979
603300.SH,20240806,4.89,4.93,4.83,4.88,83065.87,40459.181
688389.SH,20240806,15.33,15.88,15.33,15.66,21423.18,33504.413
002565.SZ,20240806,2.64,2.67,2.58,2.62,189068.5,49224.388
300910.SZ,20240806,39.94,40.5,39.0,39.6,11167.2,44281.929
600612.SH,20240806,49.88,50.57,49.2,49.84,17331.97,86156.269
300797.SZ,20240806,8.85,9.09,8.81,9.04,46420.84,41623.577
600753.SH,20240806,4.96,5.45,4.91,5.45,72480.0,38426.35
002461.SZ,20240806,8.4,8.62,8.37,8.6,97757.54,83703.712
688347.SH,20240806,33.9,34.05,33.35,33.86,44964.3,151525.519
000888.SZ,20240806,11.92,13.19,11.86,12.9,696456.26,873682.434
300588.SZ,20240806,7.61,7.72,7.48,7.67,30782.0,23414.246
301391.SZ,20240806,37.26,37.88,37.03,37.78,8345.0,31260.844
300976.SZ,20240806,45.2,45.58,44.38,44.8,10552.7,47304.331
000937.SZ,20240806,5.51,5.6,5.51,5.58,305096.5,169589.462
600552.SH,20240806,9.04,9.18,8.98,9.12,76994.0,69900.561
002174.SZ,20240806,7.5,7.66,7.46,7.63,154282.0,116701.834
002057.SZ,20240806,6.54,6.67,6.54,6.67,39763.5,26306.575
000524.SZ,20240806,9.4,9.79,9.24,9.79,313349.4,299951.058
600816.SH,20240806,2.65,2.67,2.6,2.64,178835.64,47103.468
002232.SZ,20240806,21.89,21.95,20.38,20.38,584985.52,1211680.916
300070.SZ,20240806,4.12,4.14,4.08,4.12,179195.23,73681.007
002941.SZ,20240806,8.95,9.04,8.91,9.0,46182.0,41461.577
301360.SZ,20240806,41.22,41.92,40.9,41.69,9589.0,39690.053
300134.SZ,20240806,6.43,6.73,6.42,6.59,64345.0,41800.998
603605.SH,20240806,85.83,86.55,85.08,86.15,20755.82,178217.461
002815.SZ,20240806,8.13,8.18,7.95,8.08,119266.0,95889.411
600958.SH,20240806,8.46,8.52,8.37,8.46,312080.59,263228.084
603601.SH,20240806,2.65,2.71,2.64,2.7,78101.22,20973.953
601118.SH,20240806,4.4,4.43,4.36,4.4,131420.1,57786.159
000501.SZ,20240806,7.12,7.25,7.1,7.23,76159.65,54689.514
002240.SZ,20240806,12.5,12.83,12.5,12.64,89522.5,113163.849
301353.SZ,20240806,25.31,25.69,25.18,25.52,6739.0,17142.685
600288.SH,20240806,6.52,6.62,6.46,6.6,45530.02,29798.601
688212.SH,20240806,43.1,45.3,43.1,44.75,8499.15,37733.692
688237.SH,20240806,18.5,19.27,18.5,18.91,6351.44,12028.633
688155.SH,20240806,33.3,33.89,32.02,33.76,6418.94,21256.249
688101.SH,20240806,11.41,11.55,11.36,11.51,4908.25,5620.687
688105.SH,20240806,20.38,20.79,20.05,20.78,11270.48,23107.487
688291.SH,20240806,15.23,15.26,14.86,15.08,3740.39,5634.967
688225.SH,20240806,11.08,11.3,10.93,11.18,8318.8,9228.992
688301.SH,20240806,98.98,103.11,97.3,101.99,12371.51,125320.987
688202.SH,20240806,31.61,32.78,31.4,32.5,39651.11,127538.613
688128.SH,20240806,16.15,16.38,16.07,16.26,13058.95,21177.432
688306.SH,20240806,3.91,4.05,3.89,3.96,70491.59,27857.017
688109.SH,20240806,27.54,27.87,26.36,27.17,12569.25,34370.979
688102.SH,20240806,8.55,8.59,8.2,8.4,96153.3,80260.391
688190.SH,20240806,62.67,63.8,61.42,63.45,3335.61,20913.594
688229.SH,20240806,26.4,26.79,26.16,26.63,2406.4,6355.578
688170.SH,20240806,19.85,20.28,19.85,20.14,5482.16,10973.094
688148.SH,20240806,3.99,4.13,3.99,4.09,49440.69,20121.486
688253.SH,20240806,34.53,35.82,34.47,35.73,15950.7,56480.411
688226.SH,20240806,14.33,14.94,14.33,14.87,23383.06,34557.511
688216.SH,20240806,15.9,16.0,15.55,15.81,13388.33,21038.795
688209.SH,20240806,10.45,10.52,10.26,10.41,31745.72,32876.424
688182.SH,20240806,10.98,11.2,10.93,11.09,27168.25,29999.985
688227.SH,20240806,10.8,10.93,10.59,10.79,12137.82,13022.9
688199.SH,20240806,12.29,12.5,12.25,12.39,10673.6,13214.125
688193.SH,20240806,25.36,26.25,25.36,26.14,1670.06,4317.868
688246.SH,20240806,19.35,21.53,19.01,20.99,32260.51,66667.732
688120.SH,20240806,139.9,140.88,136.59,140.58,16574.46,230072.72
688119.SH,20240806,3.27,3.3,3.22,3.28,19624.31,6393.571
688139.SH,20240806,32.8,33.7,32.09,32.63,38935.05,127501.176
688126.SH,20240806,15.26,15.3,14.81,15.17,88277.67,133299.132
688305.SH,20240806,61.67,63.3,61.14,62.29,4374.54,27127.932
688163.SH,20240806,12.58,13.01,12.57,12.94,5386.95,6917.905
688091.SH,20240806,22.56,23.25,22.54,23.18,17488.4,40216.28
688133.SH,20240806,17.26,17.85,17.26,17.85,27496.61,48363.727
688137.SH,20240806,30.6,31.98,30.41,31.95,3607.38,11367.91
688255.SH,20240806,18.25,18.72,18.11,18.32,6005.1,11011.607
688100.SH,20240806,38.4,38.73,36.7,37.16,14304.41,53567.005
688177.SH,20240806,21.78,22.25,21.53,21.89,20575.36,44899.886
688184.SH,20240806,12.06,12.25,12.0,12.19,1934.24,2348.721
688197.SH,20240806,34.96,38.87,34.96,37.64,11261.67,41861.817
688093.SH,20240806,15.8,15.84,15.19,15.55,11113.18,17202.431
600587.SH,20240806,16.69,16.92,16.58,16.92,44276.56,74263.901
300983.SZ,20240806,15.5,15.55,15.24,15.47,5361.17,8251.892
600812.SH,20240806,4.86,4.99,4.85,4.99,153803.59,76013.759
300083.SZ,20240806,5.41,5.47,5.32,5.4,200222.0,107820.196
601166.SH,20240806,16.45,16.53,16.14,16.21,474186.52,770943.872
600971.SH,20240806,9.88,10.13,9.88,10.09,76573.31,76651.968
002123.SZ,20240806,6.03,6.12,6.01,6.1,106363.26,64455.653
600658.SH,20240806,3.2,3.25,3.17,3.22,67699.0,21681.642
603308.SH,20240806,11.97,12.34,11.97,12.31,98904.0,120454.142
301515.SZ,20240806,18.85,19.2,18.52,19.15,12037.97,22773.225
603980.SH,20240806,3.37,3.41,3.35,3.4,35869.0,12125.19
003035.SZ,20240806,4.19,4.23,4.17,4.22,98871.0,41530.869
600790.SH,20240806,3.3,3.32,3.28,3.31,34085.53,11249.331
300039.SZ,20240806,5.5,5.72,5.46,5.69,288958.03,162456.734
688609.SH,20240806,7.83,7.92,7.66,7.78,85471.68,66344.063
301222.SZ,20240806,21.84,22.16,21.7,22.03,4472.0,9814.043
002340.SZ,20240806,5.94,6.0,5.82,5.9,539330.48,318009.306
000059.SZ,20240806,4.01,4.1,4.01,4.09,62883.6,25553.652
002969.SZ,20240806,2.86,2.92,2.86,2.92,79803.0,23106.187
002207.SZ,20240806,4.6,4.97,4.43,4.74,360337.0,172086.551
301067.SZ,20240806,19.81,20.07,19.51,19.89,26867.2,53086.147
603033.SH,20240806,10.29,10.38,10.15,10.32,20571.54,21114.82
300247.SZ,20240806,2.49,2.52,2.46,2.52,107161.0,26727.738
601198.SH,20240806,8.63,8.68,8.45,8.55,249401.24,212878.257
300257.SZ,20240806,8.85,9.06,8.74,8.96,57426.76,51203.986
301170.SZ,20240806,21.39,21.68,21.08,21.4,9182.92,19570.33
000948.SZ,20240806,12.19,12.23,12.05,12.19,37338.0,45309.788
600318.SH,20240806,6.32,6.36,6.24,6.32,127743.0,80311.473
603156.SH,20240806,20.76,21.11,20.57,20.79,25415.35,52853.176
300145.SZ,20240806,2.44,2.48,2.43,2.46,140204.0,34302.031
601811.SH,20240806,13.86,14.18,13.66,13.93,25047.6,34769.484
301071.SZ,20240806,24.78,25.03,24.44,24.91,17214.0,42624.481
002589.SZ,20240806,2.27,2.33,2.26,2.33,263022.0,60641.894
300173.SZ,20240806,3.46,3.48,3.41,3.46,80461.0,27726.69
002329.SZ,20240806,3.09,3.33,3.07,3.33,936979.78,303308.491
688568.SH,20240806,31.09,31.98,30.77,31.56,39897.97,125313.037
301080.SZ,20240806,36.7,38.55,36.7,38.27,30271.0,114585.454
688067.SH,20240806,13.6,13.92,13.52,13.77,4690.15,6459.521
600051.SH,20240806,5.17,5.22,5.16,5.2,12203.04,6328.67
600381.SH,20240806,3.27,3.36,3.15,3.22,169637.02,54694.807
002055.SZ,20240806,6.26,6.38,6.19,6.32,174592.0,109358.614
688141.SH,20240806,15.58,15.58,14.96,15.3,36047.49,54674.49
688112.SH,20240806,24.01,24.51,23.91,24.28,8329.19,20164.509
688116.SH,20240806,20.9,21.26,20.67,20.97,51502.74,107738.602
688127.SH,20240806,17.2,17.5,16.71,16.98,49073.37,83269.476
688228.SH,20240806,34.02,34.41,33.18,33.8,7754.01,26110.218
688107.SH,20240806,21.77,21.82,21.21,21.6,22208.21,47605.203
688113.SH,20240806,24.36,24.85,24.36,24.73,1203.24,2965.839
688181.SH,20240806,16.65,16.87,16.39,16.59,9272.47,15325.766
688318.SH,20240806,87.92,88.48,83.58,85.7,50486.54,430569.222
688187.SH,20240806,54.04,54.66,53.39,54.02,26673.16,143869.914
688276.SH,20240806,29.43,30.08,29.13,30.02,29778.87,88034.581
688293.SH,20240806,30.62,33.81,30.43,33.42,11608.84,37873.932
688273.SH,20240806,19.16,19.6,19.07,19.54,5280.24,10215.194
688125.SH,20240806,29.37,29.48,28.71,28.94,3295.11,9578.388
688232.SH,20240806,20.19,20.41,19.98,20.39,12408.6,25084.222
688217.SH,20240806,14.67,15.0,14.34,14.88,9616.94,14065.835
688200.SH,20240806,87.49,89.4,86.77,89.11,6528.87,57548.389
688183.SH,20240806,21.6,21.9,20.81,21.12,94281.18,200326.176
688313.SH,20240806,8.87,8.87,8.66,8.77,61673.73,53879.393
688317.SH,20240806,14.73,15.07,14.73,15.06,14081.25,21068.124
688210.SH,20240806,17.69,18.34,17.67,18.14,14361.17,25957.809
688295.SH,20240806,18.59,18.85,18.46,18.75,14048.8,26202.341
688203.SH,20240806,7.95,8.09,7.94,8.07,5018.13,4023.112
688307.SH,20240806,19.25,19.46,18.92,19.4,7966.96,15277.348
688279.SH,20240806,102.9,105.01,101.2,105.0,3725.52,38474.494
688239.SH,20240806,33.92,34.41,32.93,33.46,43664.87,147219.931
688311.SH,20240806,19.17,20.72,19.16,20.08,68168.47,137160.751
688179.SH,20240806,9.86,10.03,9.78,9.89,28919.57,28658.128
688267.SH,20240806,19.83,19.97,19.51,19.87,3151.23,6222.676
688300.SH,20240806,45.77,46.25,44.02,44.82,15289.66,68602.444
688196.SH,20240806,19.97,20.46,19.97,20.31,3004.25,6069.558
688090.SH,20240806,37.75,38.55,37.21,37.96,21057.79,79425.402
688129.SH,20240806,11.97,12.03,11.79,11.98,3940.2,4696.912
688165.SH,20240806,7.65,7.8,7.59,7.69,28446.97,21842.608
688233.SH,20240806,16.77,16.93,16.5,16.86,24461.19,40782.724
688192.SH,20240806,39.97,41.97,39.67,40.54,23794.39,96761.761
688167.SH,20240806,48.0,48.68,47.62,48.38,14010.05,67448.127
688156.SH,20240806,12.4,12.53,12.23,12.35,6174.21,7645.37
688097.SH,20240806,20.0,20.3,19.82,20.15,20171.17,40425.405
688302.SH,20240806,26.3,27.29,25.66,27.29,9797.5,26123.701
688269.SH,20240806,21.98,22.35,21.98,22.2,4017.39,8905.07
300825.SZ,20240806,10.0,10.13,9.7,9.88,141726.26,139854.407
301098.SZ,20240806,7.4,7.51,7.4,7.5,16909.5,12600.779
688088.SH,20240806,25.5,25.52,24.72,25.12,26555.24,66482.327
688031.SH,20240806,30.51,31.12,30.13,30.62,15605.58,47719.093
605100.SH,20240806,10.99,11.14,10.93,11.1,8146.6,8987.858
600489.SH,20240806,15.53,15.6,15.02,15.24,521100.64,796071.917
300396.SZ,20240806,16.58,17.11,16.58,17.08,59666.4,100873.496
000069.SZ,20240806,2.02,2.05,2.01,2.05,457717.0,92969.872
603938.SH,20240806,10.45,10.48,10.29,10.47,15071.74,15676.269
301095.SZ,20240806,42.2,43.51,41.62,43.31,42838.47,182717.638
300982.SZ,20240806,16.55,17.07,16.55,16.95,30332.8,51115.756
601838.SH,20240806,14.37,14.46,14.06,14.19,139356.46,197965.75
002802.SZ,20240806,7.95,8.15,7.95,8.13,14393.0,11622.082
603057.SH,20240806,14.19,14.54,14.1,14.52,11808.31,16954.967
300513.SZ,20240806,7.31,7.46,7.24,7.46,47587.28,34893.749
300046.SZ,20240806,20.09,20.26,18.79,19.78,300002.83,585832.401
002728.SZ,20240806,7.75,7.99,7.71,7.98,111574.91,87853.534
002326.SZ,20240806,7.85,8.0,7.85,7.98,57043.21,45321.756
301580.SZ,20240806,62.44,62.67,61.18,62.41,19875.99,123026.729
600218.SH,20240806,6.74,6.79,6.67,6.76,25874.01,17383.303
601801.SH,20240806,6.32,6.41,6.29,6.4,92968.0,59032.868
002755.SZ,20240806,10.29,10.87,10.15,10.71,68484.98,72782.047
603327.SH,20240806,11.28,11.39,11.17,11.35,63007.17,70964.219
603125.SH,20240806,17.68,17.75,17.41,17.62,11600.69,20367.324
605378.SH,20240806,14.59,14.77,14.45,14.65,12214.02,17811.354
300639.SZ,20240806,4.64,4.79,4.62,4.79,76027.46,35950.807
688536.SH,20240806,86.02,86.44,82.88,84.5,14113.09,118932.354
002331.SZ,20240806,6.77,7.23,6.68,6.99,199227.8,138316.143
000720.SZ,20240806,2.39,2.42,2.39,2.41,58502.18,14071.356
300921.SZ,20240806,16.57,16.84,16.36,16.6,14215.0,23492.48
600918.SH,20240806,5.89,5.93,5.84,5.9,137955.0,81056.616
000056.SZ,20240806,1.78,1.84,1.76,1.83,221741.1,40028.163
300758.SZ,20240806,10.25,10.38,10.13,10.35,95068.56,97663.281
002051.SZ,20240806,7.17,7.26,7.11,7.19,56906.4,40892.274
603082.SH,20240806,35.49,35.69,33.81,34.48,61789.68,213123.434
600706.SH,20240806,9.23,9.77,9.19,9.75,149226.8,141377.093
300902.SZ,20240806,18.58,19.14,18.21,18.67,40580.8,75525.54
001215.SZ,20240806,26.66,27.57,26.46,27.36,31743.62,86283.424
603203.SH,20240806,19.91,20.25,19.73,20.21,12582.03,25194.477
002275.SZ,20240806,12.85,13.14,12.85,13.13,23729.3,30995.032
688321.SH,20240806,17.83,18.33,17.72,18.3,32670.79,59035.496
688143.SH,20240806,19.67,19.88,18.88,19.44,17051.38,33147.053
688171.SH,20240806,13.26,13.52,13.21,13.33,5956.64,7918.575
688315.SH,20240806,10.45,10.89,10.45,10.87,29723.31,31914.199
688110.SH,20240806,18.56,18.56,18.05,18.47,47974.42,87773.267
688096.SH,20240806,4.81,4.92,4.81,4.88,9641.93,4691.937
688135.SH,20240806,15.18,15.29,14.89,15.13,16170.94,24293.739
688166.SH,20240806,26.22,26.28,25.5,26.08,71679.92,185548.341
688132.SH,20240806,16.45,16.62,16.15,16.5,7786.8,12757.921
688185.SH,20240806,40.22,41.06,39.94,40.8,14689.94,59646.763
688234.SH,20240806,52.18,52.55,50.2,51.17,30933.38,157670.924
688103.SH,20240806,34.72,35.5,33.81,34.31,18485.14,64003.162
688118.SH,20240806,12.86,13.13,12.77,13.01,13425.78,17344.681
688258.SH,20240806,22.2,22.68,21.93,22.52,16205.44,36169.289
688218.SH,20240806,15.9,16.17,15.75,16.08,18457.5,29520.658
688195.SH,20240806,22.0,22.15,21.4,21.65,15662.47,33902.604
688296.SH,20240806,8.6,8.83,8.58,8.8,8716.7,7585.715
688281.SH,20240806,85.37,89.98,84.6,87.88,12031.05,105017.052
688257.SH,20240806,14.18,14.25,13.95,14.17,10445.73,14750.532
688161.SH,20240806,20.4,20.93,20.1,20.91,8726.36,18041.675
688095.SH,20240806,39.99,40.59,39.59,40.38,7892.02,31564.26
688201.SH,20240806,7.12,7.2,7.01,7.13,48561.52,34453.622
688114.SH,20240806,43.47,43.77,42.86,43.38,10329.37,44722.671
688314.SH,20240806,18.26,18.7,18.03,18.68,4536.23,8384.125
688280.SH,20240806,3.89,3.94,3.86,3.93,29056.56,11312.39
688230.SH,20240806,32.49,32.9,31.81,32.18,5758.47,18479.028
688278.SH,20240806,50.34,52.3,50.34,51.62,12606.76,64912.044
688130.SH,20240806,18.35,18.55,18.18,18.49,4679.98,8588.28
688312.SH,20240806,18.24,18.73,18.11,18.59,20380.37,37582.539
688092.SH,20240806,18.47,19.03,18.47,18.85,7479.03,14033.533
688188.SH,20240806,140.03,140.97,138.2,140.42,6459.5,90072.213
920405.BJ,20240806,9.85,9.92,9.82,9.85,699.05,690.569
920689.BJ,20240806,10.31,10.66,10.31,10.5,3238.67,3380.934
920974.BJ,20240806,4.8,4.86,4.76,4.84,3886.77,1867.184
920346.BJ,20240806,11.75,12.06,11.6,11.9,14317.26,16934.793
920651.BJ,20240806,12.71,12.78,12.61,12.78,714.89,906.3
920058.BJ,20240806,15.5,15.5,15.17,15.3,1768.93,2703.52
920834.BJ,20240806,4.69,4.72,4.58,4.69,1881.27,879.448
920475.BJ,20240806,6.72,6.85,6.68,6.74,3682.37,2478.205
920906.BJ,20240806,11.69,11.75,11.23,11.26,14358.46,16296.212
920089.BJ,20240806,8.55,8.64,8.45,8.47,2221.5,1890.227
920726.BJ,20240806,7.5,7.52,7.42,7.52,1797.39,1345.293
301046.SZ,20240806,18.65,19.12,18.65,19.05,12689.9,24059.684
605155.SH,20240806,9.0,9.05,8.91,9.01,9844.44,8836.285
002223.SZ,20240806,35.87,36.3,35.2,35.56,39114.4,139704.616
301063.SZ,20240806,14.56,15.06,14.52,14.9,40478.97,59751.478
600461.SH,20240806,11.63,11.76,11.28,11.43,131954.8,150910.551
300622.SZ,20240806,14.39,15.14,14.39,14.95,67005.34,98979.038
000581.SZ,20240806,16.25,16.38,16.05,16.16,57578.05,93033.8
301319.SZ,20240806,24.61,25.07,24.53,24.9,6023.4,14930.232
300131.SZ,20240806,4.3,4.37,4.26,4.31,186105.57,79937.969
000650.SZ,20240806,5.61,5.68,5.6,5.68,226680.47,127964.179
600190.SH,20240806,1.5,1.51,1.48,1.51,160774.0,24056.27
603171.SH,20240806,24.63,24.88,24.28,24.73,49044.72,120378.63
300267.SZ,20240806,2.21,2.28,2.2,2.27,196892.52,44252.881
300629.SZ,20240806,16.82,17.1,16.67,16.96,45087.8,76281.384
600596.SH,20240806,7.72,7.82,7.67,7.78,65670.88,50839.751
301286.SZ,20240806,28.0,28.44,27.68,28.08,1466.0,4109.635
600469.SH,20240806,5.45,5.5,5.33,5.37,73768.0,39890.088
300366.SZ,20240806,7.43,7.65,7.34,7.49,170077.1,126881.964
300993.SZ,20240806,8.22,8.32,8.15,8.32,29613.29,24471.962
300699.SZ,20240806,27.66,28.29,27.44,28.15,84607.05,236322.175
688349.SH,20240806,24.37,24.64,24.11,24.28,12715.08,30948.603
688485.SH,20240806,7.71,8.09,7.7,7.84,3272.78,2567.868
300275.SZ,20240806,10.01,10.32,9.88,10.31,46947.2,47700.774
002935.SZ,20240806,12.69,13.1,12.69,12.91,45602.54,58825.504
600158.SH,20240806,7.37,7.51,7.36,7.5,148441.42,110302.188
300084.SZ,20240806,5.06,5.14,5.01,5.07,22903.0,11592.873
603828.SH,20240806,1.62,1.65,1.62,1.65,40997.91,6698.638
603988.SH,20240806,11.8,12.77,11.3,11.56,263848.21,313891.557
300215.SZ,20240806,4.71,4.87,4.71,4.85,139876.0,67203.272
600520.SH,20240806,15.98,16.17,15.54,15.94,91328.01,144315.483
600396.SH,20240806,2.53,2.55,2.47,2.5,240974.0,60156.856
300278.SZ,20240806,2.82,2.91,2.82,2.9,99186.0,28522.044
301305.SZ,20240806,15.43,15.75,15.32,15.75,9994.53,15579.7
002440.SZ,20240806,5.67,5.73,5.65,5.72,17717.62,10074.145
300132.SZ,20240806,3.65,3.67,3.59,3.63,83309.6,30206.199
688625.SH,20240806,33.0,33.52,33.0,33.5,1075.78,3587.948
300493.SZ,20240806,7.3,7.39,7.21,7.31,69605.56,50695.369
600925.SH,20240806,4.9,4.94,4.88,4.94,55454.02,27242.017
605289.SH,20240806,21.21,22.46,21.21,22.2,16209.25,35519.556
002157.SZ,20240806,2.82,2.86,2.77,2.82,352795.69,99094.636
600538.SH,20240806,3.29,3.33,3.25,3.33,36953.0,12202.848
920198.BJ,20240806,5.38,5.49,5.32,5.4,16114.46,8699.053
920090.BJ,20240806,2.97,3.05,2.88,3.0,74658.63,22231.286
920978.BJ,20240806,9.1,9.28,9.1,9.18,6861.91,6294.454
920087.BJ,20240806,6.28,6.69,6.19,6.28,63089.84,40805.786
920267.BJ,20240806,10.98,11.12,10.9,11.08,2926.82,3219.491
920261.BJ,20240806,6.69,7.08,6.69,6.9,5913.37,4055.506
920950.BJ,20240806,11.24,11.4,11.09,11.18,2015.45,2260.976
920799.BJ,20240806,9.95,10.16,9.81,9.96,30006.75,29768.919
920195.BJ,20240806,7.28,7.43,7.28,7.36,4974.2,3648.048
920139.BJ,20240806,8.93,9.04,8.84,8.92,10943.92,9772.988
920682.BJ,20240806,4.55,4.57,4.49,4.53,6655.39,3012.493
920284.BJ,20240806,5.62,5.68,5.55,5.64,4924.97,2755.455
920445.BJ,20240806,4.13,4.16,4.09,4.11,3380.78,1394.93
920304.BJ,20240806,6.26,6.27,6.2,6.25,4137.56,2575.668
920566.BJ,20240806,6.86,6.96,6.81,6.92,7507.39,5158.843
920152.BJ,20240806,8.28,8.28,8.03,8.16,1455.76,1179.129
920641.BJ,20240806,7.91,8.35,7.91,8.29,45882.91,37402.243
920171.BJ,20240806,6.17,6.25,6.06,6.15,9582.7,5865.312
920809.BJ,20240806,3.75,3.79,3.71,3.77,6746.31,2529.123
920556.BJ,20240806,4.18,4.19,4.12,4.16,3106.75,1288.57
920021.BJ,20240806,3.23,3.31,3.23,3.28,53542.66,17487.458
920564.BJ,20240806,10.6,10.77,10.18,10.64,28610.44,30143.556
920471.BJ,20240806,9.27,9.37,9.07,9.21,6996.94,6411.909
920418.BJ,20240806,13.51,13.81,13.49,13.74,6177.55,8431.109
920599.BJ,20240806,7.85,7.91,7.75,7.85,12192.64,9555.938
920075.BJ,20240806,11.39,11.5,11.12,11.25,2920.36,3288.462
920876.BJ,20240806,9.15,9.61,9.1,9.46,23735.18,22216.132
920375.BJ,20240806,10.24,10.48,10.1,10.3,5605.66,5728.87
920062.BJ,20240806,4.83,4.89,4.8,4.82,8782.76,4251.206
920510.BJ,20240806,11.18,11.42,11.07,11.3,14586.88,16415.234
920685.BJ,20240806,7.4,7.46,7.32,7.46,1947.53,1438.901
920407.BJ,20240806,8.9,8.9,8.65,8.76,4620.94,4049.96
920839.BJ,20240806,9.57,9.69,9.5,9.54,324.91,310.811
920786.BJ,20240806,4.36,4.54,4.34,4.43,24913.73,11036.487
920768.BJ,20240806,4.28,4.39,4.23,4.31,8263.91,3544.123
920047.BJ,20240806,11.64,11.88,11.5,11.8,4162.27,4863.45
920174.BJ,20240806,14.68,14.8,14.54,14.66,2908.01,4269.478
920802.BJ,20240806,8.18,8.19,8.05,8.18,4275.31,3471.041
920469.BJ,20240806,7.3,7.41,7.21,7.33,10958.59,8015.772
920266.BJ,20240806,8.16,8.65,8.13,8.36,8689.25,7266.343
920478.BJ,20240806,11.85,12.36,11.65,12.31,21181.04,25576.648
601138.SH,20240806,21.03,21.23,20.5,20.81,1429615.73,2970093.528
600478.SH,20240806,3.65,3.68,3.61,3.67,89984.38,32835.194
301389.SZ,20240806,13.14,13.29,13.01,13.25,44632.0,58782.409
300946.SZ,20240806,24.75,24.89,24.01,24.28,11038.4,26812.594
301548.SZ,20240806,48.69,50.58,48.48,49.39,12129.56,60172.722
003007.SZ,20240806,22.6,23.34,22.6,23.03,10377.0,23798.434
300522.SZ,20240806,9.42,9.66,9.34,9.53,29296.9,27821.658
301429.SZ,20240806,14.03,14.35,14.0,14.31,8554.0,12163.143
601788.SH,20240806,14.94,15.0,14.69,14.86,145601.6,215402.033
603056.SH,20240806,12.55,12.76,12.5,12.72,38232.0,48290.212
603087.SH,20240806,43.99,44.35,43.01,43.83,47511.98,206866.738
002655.SZ,20240806,10.3,10.41,10.17,10.27,55486.0,56882.514
688327.SH,20240806,10.25,10.38,10.12,10.23,80735.01,82661.269
002428.SZ,20240806,11.9,12.42,11.87,12.16,380499.28,460370.155
603153.SH,20240806,16.25,16.48,16.21,16.36,10790.04,17595.826
688584.SH,20240806,15.05,15.12,14.8,15.01,8260.61,12365.477
002293.SZ,20240806,7.32,7.47,7.32,7.47,14807.6,10982.714
002011.SZ,20240806,10.36,10.58,10.36,10.58,77240.0,81008.91
688618.SH,20240806,20.54,20.68,20.12,20.55,5565.43,11364.897
603609.SH,20240806,6.98,7.06,6.95,7.04,22922.5,16054.538
000700.SZ,20240806,5.58,5.61,5.49,5.56,107406.0,59528.938
601512.SH,20240806,7.22,7.48,7.21,7.42,36397.93,26722.899
300604.SZ,20240806,31.27,31.75,30.48,31.44,132992.9,412386.042
002468.SZ,20240806,8.73,8.78,8.57,8.64,83612.38,72429.226
301262.SZ,20240806,21.92,22.22,21.6,21.97,15781.99,34424.187
601933.SH,20240806,2.22,2.3,2.21,2.28,1154275.0,259445.949
002886.SZ,20240806,13.83,14.08,13.75,13.94,53903.5,74848.417
002952.SZ,20240806,18.12,18.74,18.12,18.72,43437.15,80406.251
002940.SZ,20240806,12.38,12.72,12.31,12.71,19553.69,24507.099
688557.SH,20240806,15.36,15.65,15.35,15.54,2783.36,4320.209
600502.SH,20240806,4.13,4.17,4.09,4.14,148446.47,61309.215
301270.SZ,20240806,22.47,22.76,22.14,22.6,13535.12,30415.7
605268.SH,20240806,6.61,6.7,6.61,6.67,8371.0,5569.738
002086.SZ,20240806,2.12,2.15,2.06,2.14,130016.77,27351.154
688370.SH,20240806,15.78,15.98,15.78,15.93,1127.4,1792.156
600267.SH,20240806,7.66,7.92,7.66,7.92,127979.47,100019.309
300698.SZ,20240806,31.5,31.86,31.0,31.58,5351.28,16805.804
600237.SH,20240806,4.78,4.82,4.7,4.77,106153.0,50403.851
603206.SH,20240806,11.5,11.68,11.39,11.61,16201.42,18689.652
002311.SZ,20240806,42.0,42.19,41.46,41.8,35315.26,147430.694
600776.SH,20240806,8.92,9.08,8.92,9.06,63601.04,57214.771
920496.BJ,20240806,4.85,4.85,4.77,4.85,7926.5,3813.711
920415.BJ,20240806,6.3,6.42,6.05,6.2,54700.35,33939.745
920765.BJ,20240806,6.35,6.35,6.2,6.28,2152.22,1349.07
920946.BJ,20240806,6.49,6.8,6.35,6.71,30033.75,19843.443
920639.BJ,20240806,3.84,3.86,3.83,3.86,4974.69,1911.782
920735.BJ,20240806,22.48,22.48,22.06,22.39,728.93,1622.001
920832.BJ,20240806,3.98,4.02,3.95,3.97,1699.36,675.714
920879.BJ,20240806,8.0,8.08,7.88,7.96,665.79,530.607
920476.BJ,20240806,7.5,7.56,7.41,7.44,3338.16,2495.225
920023.BJ,20240806,2.44,2.44,2.39,2.42,19467.33,4687.386
920010.BJ,20240806,3.75,3.77,3.71,3.76,8125.19,3033.022
920145.BJ,20240806,4.89,4.9,4.82,4.9,373.57,181.08
920175.BJ,20240806,8.14,8.23,8.14,8.19,2647.46,2163.021
920571.BJ,20240806,3.76,3.82,3.76,3.79,42520.96,16084.136
920419.BJ,20240806,7.59,7.75,7.5,7.61,1377.93,1048.169
920225.BJ,20240806,8.02,8.15,8.01,8.1,4566.18,3676.645
920885.BJ,20240806,6.05,6.5,6.02,6.29,53909.72,33808.975
920522.BJ,20240806,11.85,12.0,11.75,11.88,6784.59,8043.087
920249.BJ,20240806,3.69,3.74,3.62,3.66,16550.96,6046.982
920856.BJ,20240806,4.58,4.69,4.55,4.62,2287.14,1052.938
920110.BJ,20240806,14.75,15.0,14.75,14.92,1109.52,1648.805
920184.BJ,20240806,5.53,5.58,5.47,5.57,6270.49,3469.49
920425.BJ,20240806,9.99,10.05,9.77,9.97,8955.88,8877.505
920278.BJ,20240806,4.94,5.08,4.92,5.0,9380.8,4673.496
920982.BJ,20240806,165.1,170.58,165.1,169.7,3891.39,65518.885
920130.BJ,20240806,15.36,15.5,14.38,14.8,81369.37,121191.395
920896.BJ,20240806,7.05,7.18,6.96,7.18,7080.6,4997.411
920039.BJ,20240806,5.23,5.31,5.19,5.21,5579.87,2924.317
920855.BJ,20240806,7.5,7.58,7.49,7.53,1224.15,921.312
920378.BJ,20240806,4.04,4.06,3.98,4.02,9047.53,3631.537
920718.BJ,20240806,9.08,9.29,8.94,9.27,8583.9,7885.481
920961.BJ,20240806,9.5,9.55,9.3,9.43,13106.84,12323.49
920779.BJ,20240806,20.87,20.96,20.29,20.58,3107.08,6367.495
920300.BJ,20240806,7.05,7.22,6.93,7.16,9231.05,6538.032
920662.BJ,20240806,9.0,9.14,8.85,9.0,4280.65,3838.322
920526.BJ,20240806,17.99,18.21,17.6,17.94,13892.43,24926.693
920627.BJ,20240806,8.2,8.4,8.0,8.21,11943.3,9790.31
920000.BJ,20240806,6.75,6.87,6.63,6.76,3534.49,2390.085
920964.BJ,20240806,2.93,2.99,2.91,2.94,17670.71,5206.739
920491.BJ,20240806,12.07,12.25,11.88,12.05,11327.45,13656.221
920230.BJ,20240806,9.51,11.66,9.51,11.17,72087.97,76401.686
600132.SH,20240806,61.0,61.84,60.81,61.39,17257.86,105711.924
300359.SZ,20240806,4.63,5.49,4.48,5.17,754422.56,374671.871
603066.SH,20240806,8.88,8.94,8.79,8.92,23285.0,20674.751
301261.SZ,20240806,36.8,37.14,36.14,36.7,12228.71,44765.977
601018.SH,20240806,3.58,3.58,3.53,3.57,181023.36,64332.434
300694.SZ,20240806,8.25,8.32,8.14,8.27,18680.0,15350.034
300232.SZ,20240806,4.86,4.93,4.8,4.87,100587.0,48749.853
300245.SZ,20240806,5.71,5.8,5.61,5.68,91384.0,51798.254
000977.SZ,20240806,34.99,35.18,34.3,34.83,311915.08,1080809.807
688077.SH,20240806,13.99,14.23,13.8,14.17,4872.83,6859.832
003037.SZ,20240806,5.21,5.32,5.21,5.31,36045.18,18986.32
600698.SH,20240806,3.4,3.44,3.35,3.42,48474.0,16481.72
600387.SH,20240806,2.59,2.66,2.57,2.65,30914.21,8094.073
600080.SH,20240806,6.25,6.37,6.25,6.36,21935.0,13866.433
300904.SZ,20240806,45.0,45.99,44.05,45.82,18806.07,85090.749
002821.SZ,20240806,74.9,75.74,73.8,74.92,38163.34,285340.38
002342.SZ,20240806,3.01,3.06,2.99,3.04,96032.01,29125.949
600603.SH,20240806,5.05,5.16,5.05,5.12,94666.4,48266.789
603518.SH,20240806,7.04,7.13,7.02,7.13,35588.4,25220.72
603385.SH,20240806,5.48,5.62,5.47,5.6,18048.67,10007.838
300377.SZ,20240806,5.65,5.75,5.48,5.6,189990.58,105707.642
603978.SH,20240806,9.98,10.2,9.15,9.42,142674.96,134974.953
688016.SH,20240806,98.44,100.11,97.9,99.0,12769.91,126116.603
300559.SZ,20240806,8.79,9.39,8.71,9.34,388475.8,351419.566
603773.SH,20240806,19.22,19.29,18.4,19.07,64802.22,122122.351
300378.SZ,20240806,15.1,15.26,14.94,15.2,39360.61,59527.537
600716.SH,20240806,2.62,2.67,2.6,2.65,65331.0,17182.433
600724.SH,20240806,3.61,3.67,3.59,3.66,42236.27,15312.191
600289.SH,20240806,1.31,1.32,1.29,1.31,19157.84,2499.734
300291.SZ,20240806,4.1,4.2,4.08,4.16,162937.0,67189.392
688526.SH,20240806,13.58,13.81,13.53,13.75,12052.17,16486.331
002384.SZ,20240806,22.25,22.63,21.7,22.03,733434.84,1622565.89
603718.SH,20240806,6.53,6.71,6.52,6.7,64576.0,42790.727
300590.SZ,20240806,10.8,11.0,10.56,10.72,125418.42,134087.725
301328.SZ,20240806,36.5,36.82,35.75,36.3,11459.0,41531.783
600521.SH,20240806,17.54,17.87,17.26,17.82,113822.55,200537.927
000751.SZ,20240806,2.55,2.58,2.53,2.57,66357.32,16975.041
002488.SZ,20240806,5.3,5.45,5.27,5.43,245991.14,131916.744
600098.SH,20240806,6.12,6.19,6.06,6.18,126064.25,77299.006
600584.SH,20240806,30.5,30.65,29.5,30.05,330418.06,988203.784
002689.SZ,20240806,2.28,2.33,2.28,2.32,127424.18,29338.26
920370.BJ,20240806,1.93,2.02,1.92,1.97,27312.08,5340.073
920770.BJ,20240806,5.28,5.6,5.28,5.47,34781.13,19118.553
920017.BJ,20240806,10.78,10.97,10.66,10.91,7240.99,7851.211
920033.BJ,20240806,15.01,15.2,14.66,14.78,5273.54,7852.64
920932.BJ,20240806,10.83,11.06,10.74,10.82,3565.46,3857.834
920179.BJ,20240806,16.24,16.4,16.22,16.27,867.34,1412.936
920489.BJ,20240806,6.33,6.46,6.25,6.32,32109.22,20389.608
920580.BJ,20240806,5.65,5.87,5.65,5.8,13240.09,7588.916
920422.BJ,20240806,5.24,5.39,5.24,5.3,750.51,396.733
920262.BJ,20240806,9.87,10.06,9.82,9.94,1520.74,1508.522
920725.BJ,20240806,9.46,9.63,9.35,9.55,1832.8,1741.318
920819.BJ,20240806,2.93,2.97,2.92,2.95,8124.98,2392.057
920992.BJ,20240806,8.07,8.25,8.06,8.19,6212.59,5060.619
920429.BJ,20240806,9.93,9.93,9.8,9.89,2512.06,2478.282
920970.BJ,20240806,5.12,5.25,5.12,5.19,15132.96,7831.63
920592.BJ,20240806,18.98,19.16,17.66,18.13,44873.82,81227.609
920247.BJ,20240806,13.09,13.35,12.9,13.05,10228.45,13353.108
920223.BJ,20240806,4.38,5.18,4.2,4.77,193804.17,93116.367
920092.BJ,20240806,18.44,18.8,18.31,18.56,5095.06,9429.681
920351.BJ,20240806,6.0,6.05,5.96,6.02,4136.79,2484.018
920270.BJ,20240806,6.75,6.97,6.75,6.89,2161.94,1483.771
920509.BJ,20240806,7.09,7.16,6.96,7.02,13772.64,9678.823
920942.BJ,20240806,7.9,8.11,7.9,8.03,737.33,589.683
920806.BJ,20240806,8.56,8.65,8.43,8.55,39632.64,33747.045
920026.BJ,20240806,16.37,16.86,16.3,16.36,2059.42,3403.32
920957.BJ,20240806,6.33,6.42,6.32,6.42,1076.71,686.741
920808.BJ,20240806,34.39,35.08,34.01,34.36,5463.6,18828.79
920679.BJ,20240806,11.58,11.64,11.41,11.58,2291.58,2638.421
920729.BJ,20240806,5.09,5.18,5.0,5.12,1387.66,706.152
920001.BJ,20240806,7.37,7.49,7.28,7.34,11129.15,8194.835
920810.BJ,20240806,5.7,5.78,5.64,5.71,2936.04,1676.756
920533.BJ,20240806,11.08,11.26,10.98,11.1,3798.42,4204.584
920790.BJ,20240806,7.81,8.4,7.71,8.39,46455.69,37670.352
920374.BJ,20240806,9.29,9.58,9.16,9.43,4855.11,4533.167
920077.BJ,20240806,9.13,9.32,9.13,9.27,6266.69,5776.239
920237.BJ,20240806,10.45,10.45,10.19,10.25,1707.14,1754.687
920339.BJ,20240806,4.01,4.06,3.98,4.05,1641.12,660.397
920870.BJ,20240806,8.73,8.86,8.56,8.75,17414.29,15165.386
920057.BJ,20240806,3.09,3.13,3.08,3.12,5667.74,1760.925
920665.BJ,20240806,7.79,7.94,7.65,7.91,11927.79,9344.082
920212.BJ,20240806,6.85,6.96,6.82,6.89,10704.81,7362.312
920132.BJ,20240806,7.75,7.89,7.52,7.83,8847.03,6807.511
300804.SZ,20240806,20.76,21.2,20.76,21.09,7845.22,16487.793
301036.SZ,20240806,30.0,30.38,28.28,30.0,100786.0,295645.251
301468.SZ,20240806,19.7,20.13,19.7,20.13,7412.1,14794.631
300890.SZ,20240806,24.35,24.95,24.21,24.73,29554.02,72679.486
300005.SZ,20240806,4.68,4.86,4.68,4.76,350697.19,166609.145
002887.SZ,20240806,6.18,6.29,6.13,6.19,37189.59,23042.289
300900.SZ,20240806,17.76,18.5,17.37,18.29,161218.28,291049.927
300464.SZ,20240806,3.42,3.59,3.42,3.53,59295.5,20761.242
301398.SZ,20240806,35.77,36.7,35.43,35.89,6838.0,24488.693
600721.SH,20240806,7.5,8.67,7.18,8.0,1097785.92,858553.834
002151.SZ,20240806,25.3,25.9,24.95,25.44,77309.4,195890.798
300102.SZ,20240806,6.41,6.6,6.2,6.42,421982.12,269828.337
603556.SH,20240806,40.17,40.57,39.56,40.1,15928.31,63714.082
300188.SZ,20240806,11.06,11.18,10.83,10.99,62712.25,68788.25
000157.SZ,20240806,6.51,6.57,6.45,6.52,300170.2,194957.645
688010.SH,20240806,14.45,14.5,14.13,14.27,3598.49,5117.048
000727.SZ,20240806,1.92,1.94,1.89,1.91,331086.28,63309.153
688596.SH,20240806,26.69,26.9,25.96,26.42,40324.38,106253.113
603004.SH,20240806,18.54,20.45,18.35,19.85,116012.22,226135.935
301589.SZ,20240806,159.6,163.48,157.93,163.48,5902.61,95473.205
300696.SZ,20240806,14.15,14.6,13.9,14.26,108595.56,155267.263
600894.SH,20240806,10.1,10.66,10.1,10.52,101772.57,106533.345
600663.SH,20240806,8.61,8.65,8.48,8.59,66908.01,57205.787
600664.SH,20240806,3.19,3.29,3.19,3.28,463061.19,150403.923
600033.SH,20240806,3.72,3.74,3.62,3.65,232703.0,85321.997
600624.SH,20240806,3.5,3.5,3.5,3.5,104339.0,36518.65
300548.SZ,20240806,17.5,17.67,17.3,17.58,47751.0,83435.488
300108.SZ,20240806,2.15,2.44,2.15,2.34,675069.68,155960.06
600499.SH,20240806,6.98,7.15,6.98,7.14,144707.07,102433.371
300438.SZ,20240806,17.71,18.32,17.71,17.99,98859.0,177889.768
600549.SH,20240806,16.5,16.61,16.24,16.48,102514.86,168367.131
300200.SZ,20240806,7.33,7.38,7.11,7.19,49700.0,35850.668
688509.SH,20240806,2.93,2.98,2.9,2.96,60949.34,17888.072
002258.SZ,20240806,7.46,7.61,7.46,7.6,29137.58,22043.378
300311.SZ,20240806,3.97,4.07,3.93,4.0,135004.91,53697.047
300720.SZ,20240806,11.35,11.57,11.3,11.46,12420.0,14155.229
002140.SZ,20240806,7.06,7.16,7.01,7.08,42768.0,30290.633
300775.SZ,20240806,29.5,31.22,29.48,30.55,184607.66,563040.717
300352.SZ,20240806,3.87,3.9,3.8,3.87,137027.0,52615.788
002568.SZ,20240806,17.63,18.17,17.56,18.12,133015.93,237873.443
301538.SZ,20240806,81.9,83.38,80.78,82.98,9149.07,75345.325
002607.SZ,20240806,2.43,2.43,2.06,2.43,13967835.11,3263777.307
301539.SZ,20240806,20.22,20.5,20.08,20.4,21778.0,44130.569
000657.SZ,20240806,8.28,8.35,8.15,8.25,115728.7,95354.228
603375.SH,20240806,39.7,39.92,37.9,38.69,38424.97,148229.842
300381.SZ,20240806,6.44,6.89,6.23,6.75,353564.48,231228.874
688612.SH,20240806,21.68,21.9,20.75,21.08,28606.93,60767.972
688345.SH,20240806,14.92,15.45,14.92,15.29,4902.96,7500.866
002045.SZ,20240806,11.05,11.1,10.85,11.0,107339.33,117592.103
600713.SH,20240806,4.41,4.45,4.38,4.45,68318.1,30158.271
000901.SZ,20240806,13.0,13.23,11.53,12.7,2462799.83,3179264.31
603933.SH,20240806,11.77,12.01,11.73,11.93,16463.96,19498.035
600543.SH,20240806,4.06,4.11,4.02,4.1,49653.0,20181.41
601001.SH,20240806,14.44,15.01,14.41,14.86,125343.48,185035.149
300738.SZ,20240806,9.34,9.49,9.18,9.36,208378.97,194300.925
003005.SZ,20240806,22.79,25.3,22.2,24.29,97997.0,234685.107
002738.SZ,20240806,26.77,27.45,26.55,27.05,137329.64,370447.214
002178.SZ,20240806,3.51,3.65,3.48,3.53,329775.0,116743.127
000532.SZ,20240806,11.9,12.0,11.64,11.85,70883.69,83377.753
688320.SH,20240806,20.22,20.46,20.05,20.44,6828.97,13835.767
002696.SZ,20240806,3.92,3.98,3.86,3.97,47091.0,18577.873
603920.SH,20240806,18.78,19.13,18.7,18.91,152527.61,287888.533
600571.SH,20240806,9.37,9.5,9.3,9.43,96566.6,90604.04
600906.SH,20240806,6.01,6.05,5.9,5.98,138304.88,82348.479
300370.SZ,20240806,1.7,1.71,1.67,1.7,111677.0,18844.881
605169.SH,20240806,7.81,8.18,7.79,8.16,64718.03,52025.229
600686.SH,20240806,16.61,17.0,16.29,16.29,692334.75,1134124.674
003038.SZ,20240806,12.58,13.0,12.58,12.91,29694.88,38080.309
603595.SH,20240806,16.99,16.99,16.34,16.58,27267.0,45030.571
603529.SH,20240806,27.49,28.28,27.38,28.0,61995.19,172561.949
000592.SZ,20240806,1.39,1.43,1.39,1.42,245979.06,34607.984
603389.SH,20240806,5.4,5.7,5.26,5.54,255899.8,139744.323
301137.SZ,20240806,13.74,14.1,13.67,13.94,13781.0,19121.35
300355.SZ,20240806,2.3,2.34,2.29,2.33,138541.0,32115.956
601366.SH,20240806,5.04,5.06,5.0,5.06,12337.2,6205.346
001380.SZ,20240806,17.71,17.78,17.11,17.37,29338.47,51013.718
000584.SZ,20240806,1.66,1.7,1.61,1.67,203606.01,33352.821
300107.SZ,20240806,9.98,10.13,9.38,9.51,540909.45,520837.865
300181.SZ,20240806,14.6,14.85,14.28,14.73,161195.0,235156.66
002585.SZ,20240806,4.52,4.62,4.52,4.6,99937.0,45653.125
003021.SZ,20240806,42.61,42.98,41.6,42.35,32623.5,137643.556
300105.SZ,20240806,5.57,5.66,5.56,5.65,53602.0,30101.373
920833.BJ,20240806,7.87,7.87,7.74,7.84,1293.26,1009.347
920807.BJ,20240806,4.67,4.67,4.56,4.62,2802.28,1288.519
920924.BJ,20240806,7.41,7.47,7.26,7.41,6395.69,4691.985
920527.BJ,20240806,6.91,7.14,6.89,7.04,1939.6,1356.766
920271.BJ,20240806,9.74,9.92,9.58,9.76,4477.52,4362.874
920371.BJ,20240806,4.2,4.25,4.17,4.23,8510.4,3579.107
920701.BJ,20240806,12.5,12.71,12.35,12.57,8873.47,11083.622
920344.BJ,20240806,14.41,14.79,14.1,14.51,2268.33,3289.783
920873.BJ,20240806,2.83,2.87,2.82,2.85,4504.22,1279.58
920926.BJ,20240806,10.47,11.15,10.42,11.04,18657.77,19909.931
920670.BJ,20240806,9.55,9.61,9.45,9.58,7978.64,7610.196
920239.BJ,20240806,15.72,15.9,15.39,15.62,3749.72,5849.793
920593.BJ,20240806,16.77,17.3,16.77,17.0,8908.96,15131.329
920260.BJ,20240806,5.67,5.93,5.67,5.76,3445.64,1988.994
920699.BJ,20240806,17.82,18.08,17.6,17.87,9678.71,17226.237
920368.BJ,20240806,22.77,23.46,22.75,23.11,6312.38,14589.873
920826.BJ,20240806,5.32,5.66,5.18,5.66,67199.35,36549.796
920427.BJ,20240806,8.41,8.52,8.22,8.52,3623.26,3028.965
920971.BJ,20240806,8.92,9.34,8.92,9.21,4460.52,4090.471
920953.BJ,20240806,12.1,12.24,11.92,12.13,8695.39,10505.376
920454.BJ,20240806,7.53,7.73,7.53,7.71,16709.17,12760.622
920305.BJ,20240806,10.49,10.49,10.19,10.38,6764.93,6986.718
920242.BJ,20240806,13.07,13.23,13.02,13.11,1187.26,1560.792
920578.BJ,20240806,12.22,12.39,12.03,12.2,6966.46,8463.731
920719.BJ,20240806,7.95,8.0,7.88,7.95,4509.35,3577.031
920146.BJ,20240806,5.1,5.48,5.05,5.22,164414.83,86421.439
920821.BJ,20240806,22.62,23.5,22.02,22.8,66016.56,150675.538
920392.BJ,20240806,9.78,9.78,9.34,9.52,637.32,607.882
920553.BJ,20240806,4.09,4.21,4.0,4.16,29369.32,12054.454
920706.BJ,20240806,8.51,8.6,8.42,8.55,1931.29,1639.326
920781.BJ,20240806,4.14,4.16,4.08,4.14,7186.99,2957.744
920914.BJ,20240806,7.7,7.78,7.66,7.71,2482.8,1915.747
920208.BJ,20240806,21.53,21.96,21.47,21.6,530.78,1147.63
920221.BJ,20240806,11.4,11.62,11.3,11.48,6390.35,7322.483
920185.BJ,20240806,17.16,17.42,17.13,17.28,6115.04,10545.574
920523.BJ,20240806,10.79,10.93,10.62,10.83,3661.5,3963.566
920123.BJ,20240806,9.8,10.39,9.8,10.28,10408.42,10554.725
920403.BJ,20240806,9.15,9.65,9.15,9.2,25402.65,23800.119
920505.BJ,20240806,11.33,11.35,10.82,11.14,20337.98,22580.085
920163.BJ,20240806,15.17,15.27,15.07,15.17,983.01,1496.18
920981.BJ,20240806,11.15,11.45,10.6,11.29,14306.87,15905.429
301325.SZ,20240806,37.27,38.28,37.0,38.07,19604.17,74135.956
603306.SH,20240806,18.0,18.16,17.81,18.13,29175.0,52466.562
002063.SZ,20240806,5.17,5.2,5.1,5.18,148846.57,76639.689
688032.SH,20240806,129.09,137.9,128.9,137.61,26381.88,355365.655
002079.SZ,20240806,7.9,7.97,7.81,7.91,67454.0,53279.851
000851.SZ,20240806,2.32,2.37,2.2,2.23,842738.41,187632.341
600992.SH,20240806,14.34,14.48,14.18,14.37,44904.0,64271.32
300153.SZ,20240806,5.55,5.68,5.55,5.66,32396.31,18228.093
000603.SZ,20240806,10.98,11.09,10.28,10.43,211896.08,223652.967
001358.SZ,20240806,20.97,22.55,20.7,21.71,51785.22,110948.511
601717.SH,20240806,11.75,11.97,11.66,11.79,150095.93,176857.019
301322.SZ,20240806,18.9,19.0,18.61,18.91,6532.39,12278.556
002524.SZ,20240806,3.23,3.34,3.22,3.34,84508.0,27786.228
003015.SZ,20240806,10.19,10.28,9.96,10.2,238194.9,240563.275
301331.SZ,20240806,22.83,23.76,22.61,23.5,13303.96,30873.835
603799.SH,20240806,22.65,23.45,22.65,23.04,305507.67,702357.988
600873.SH,20240806,10.09,10.18,9.93,10.01,139862.09,140157.871
600410.SH,20240806,3.83,3.89,3.79,3.87,112045.8,42988.856
601216.SH,20240806,3.68,3.72,3.66,3.68,212120.94,78103.991
601069.SH,20240806,11.73,11.93,11.43,11.65,122428.0,142354.416
301113.SZ,20240806,19.32,19.99,19.32,19.74,7750.27,15149.861
688376.SH,20240806,25.1,25.25,24.41,24.81,4891.0,12115.068
603915.SH,20240806,8.75,8.95,8.75,8.91,53935.2,47747.709
301606.SZ,20240806,31.14,31.38,30.5,31.04,61640.8,190585.507
300523.SZ,20240806,15.71,15.89,15.66,15.86,11590.0,18289.658
300601.SZ,20240806,15.48,15.79,15.39,15.78,99409.05,155300.401
301068.SZ,20240806,19.31,19.67,18.77,18.98,5523.4,10516.201
300988.SZ,20240806,17.45,17.65,17.1,17.22,25860.0,44578.621
001288.SZ,20240806,24.38,24.93,24.3,24.7,8358.48,20616.057
600008.SH,20240806,2.88,2.9,2.85,2.88,573910.14,164869.772
600662.SH,20240806,4.41,4.44,4.34,4.42,124279.12,54593.351
002486.SZ,20240806,1.51,1.57,1.51,1.57,142259.0,21998.95
002989.SZ,20240806,15.8,16.4,15.8,16.13,15175.8,24512.938
301308.SZ,20240806,75.6,75.91,73.5,74.48,37334.14,277747.687
600526.SH,20240806,3.69,3.72,3.65,3.71,53617.0,19731.929
301167.SZ,20240806,10.94,11.2,10.94,11.15,12992.0,14426.667
603565.SH,20240806,8.6,8.68,8.45,8.57,31275.67,26779.676
603002.SH,20240806,4.71,4.77,4.66,4.75,179120.02,84483.413
002292.SZ,20240806,5.7,5.79,5.6,5.74,283941.81,162079.59
300437.SZ,20240806,8.56,8.61,8.4,8.52,27461.35,23290.111
002194.SZ,20240806,7.5,7.66,7.48,7.58,64580.11,48703.969
301273.SZ,20240806,15.21,16.13,15.21,15.67,20378.39,31801.193
001219.SZ,20240806,11.25,11.46,11.25,11.44,99859.07,113536.005
600236.SH,20240806,6.86,6.95,6.81,6.9,95070.25,65449.663
301372.SZ,20240806,23.11,23.29,22.95,23.28,6224.0,14391.156
688052.SH,20240806,103.0,103.59,99.0,102.17,13825.59,139887.008
600592.SH,20240806,8.95,9.07,8.83,8.94,102325.4,91344.485
601966.SH,20240806,16.23,16.35,16.09,16.31,90305.78,146550.56
300633.SZ,20240806,35.04,36.25,35.04,35.7,31468.64,112098.035
002471.SZ,20240806,2.2,2.26,2.13,2.16,465875.31,101309.483
600641.SH,20240806,10.79,10.92,10.58,10.75,55217.0,59041.819
600129.SH,20240806,24.6,25.25,24.35,24.8,174666.29,430163.838
600285.SH,20240806,21.2,21.7,21.11,21.5,59589.63,127262.676
300387.SZ,20240806,5.92,6.0,5.87,5.99,58057.68,34486.643
001318.SZ,20240806,10.02,10.23,9.96,10.23,23845.0,24103.304
603078.SH,20240806,13.12,13.14,12.81,13.01,51897.74,67181.663
688331.SH,20240806,26.99,27.7,26.58,27.38,38266.66,104180.496
688571.SH,20240806,4.81,4.86,4.76,4.82,35436.66,16974.404
603028.SH,20240806,5.39,5.57,5.39,5.55,24622.0,13540.035
688359.SH,20240806,27.99,30.1,27.58,29.49,16751.98,48689.578
603268.SH,20240806,12.89,13.13,12.74,13.07,5634.0,7280.475
000636.SZ,20240806,13.67,13.78,13.42,13.6,111769.0,151526.675
301127.SZ,20240806,7.84,8.05,7.8,7.99,39300.0,31197.476
688392.SH,20240806,33.33,34.88,33.33,34.47,3736.08,12814.05
688651.SH,20240806,28.8,28.9,27.8,28.1,16234.61,45848.045
002983.SZ,20240806,14.88,15.22,14.73,14.92,13416.4,19976.058
600537.SH,20240806,2.4,2.51,2.39,2.48,381655.4,94172.62
300389.SZ,20240806,10.0,10.21,9.68,9.97,159066.1,157128.087
605068.SH,20240806,13.24,13.41,13.21,13.36,12542.56,16689.597
301381.SZ,20240806,22.21,22.48,22.0,22.43,18000.0,40063.035
002807.SZ,20240806,3.74,3.74,3.67,3.69,248134.19,91839.203
001366.SZ,20240806,10.94,11.38,10.81,11.27,59582.0,66172.828
002864.SZ,20240806,25.56,26.89,25.56,26.78,38122.89,100943.078
600143.SH,20240806,6.55,6.65,6.52,6.64,157608.15,104132.083
002949.SZ,20240806,9.07,9.2,9.06,9.13,15596.0,14241.077
601011.SH,20240806,1.57,1.62,1.57,1.61,271412.03,43336.844
603638.SH,20240806,14.07,14.1,13.91,14.06,14978.0,20996.209
000159.SZ,20240806,6.06,6.35,6.02,6.24,159963.15,98706.401
603061.SH,20240806,62.71,63.54,62.25,63.1,7229.0,45441.328
002534.SZ,20240806,10.15,10.24,10.02,10.17,55011.0,55776.907
603979.SH,20240806,39.83,40.54,39.5,39.96,40212.15,160611.624
002668.SZ,20240806,8.89,9.11,8.72,8.93,291428.08,258993.378
920608.BJ,20240806,7.83,7.93,7.73,7.85,3315.55,2598.33
920576.BJ,20240806,16.45,16.95,16.45,16.79,3350.31,5602.147
920493.BJ,20240806,40.6,40.61,39.0,39.49,3630.64,14363.97
920680.BJ,20240806,11.6,11.63,11.31,11.52,6381.92,7314.687
920030.BJ,20240806,4.13,4.13,3.93,4.05,80567.99,32212.881
920299.BJ,20240806,6.5,6.66,6.4,6.62,11189.78,7261.005
920394.BJ,20240806,12.51,12.75,12.4,12.41,6510.8,8178.369
920204.BJ,20240806,7.2,7.26,7.09,7.2,7167.07,5131.061
920438.BJ,20240806,12.11,12.36,12.0,12.19,10987.33,13357.493
920455.BJ,20240806,4.08,4.1,4.0,4.08,9004.13,3643.015
920663.BJ,20240806,9.21,9.35,9.05,9.23,5338.79,4906.834
920547.BJ,20240806,13.8,14.19,13.55,14.0,4056.46,5618.826
920149.BJ,20240806,5.44,5.58,5.42,5.52,7220.67,3959.698
920976.BJ,20240806,8.92,9.07,8.71,8.94,4622.83,4113.929
920167.BJ,20240806,14.2,15.49,14.2,14.81,30580.85,45823.147
920575.BJ,20240806,20.85,20.99,20.5,20.82,14479.38,30143.168
920508.BJ,20240806,13.3,13.47,13.0,13.33,8073.35,10683.018
920275.BJ,20240806,3.21,3.27,3.21,3.27,5785.58,1874.282
920357.BJ,20240806,13.29,13.7,13.2,13.48,12620.33,16930.69
920046.BJ,20240806,7.8,8.01,7.57,7.99,26973.62,20936.598
920717.BJ,20240806,5.16,5.23,5.1,5.21,4026.49,2080.531
920925.BJ,20240806,10.61,10.8,10.52,10.64,2964.18,3166.059
920675.BJ,20240806,5.61,5.65,5.53,5.6,1707.37,952.043
920245.BJ,20240806,10.32,10.46,10.26,10.42,1852.57,1914.185
920753.BJ,20240806,25.57,26.68,25.25,25.7,21591.74,55917.239
920720.BJ,20240806,7.91,8.0,7.71,7.89,17518.47,13759.184
920273.BJ,20240806,9.92,9.93,9.8,9.92,449.7,444.889
920252.BJ,20240806,7.0,7.0,6.9,6.95,7279.87,5050.462
920061.BJ,20240806,12.21,12.33,12.07,12.24,4595.52,5601.269
920693.BJ,20240806,22.58,22.75,22.13,22.45,6868.45,15364.121
920943.BJ,20240806,7.92,8.32,7.82,8.13,12000.43,9769.239
920570.BJ,20240806,24.65,25.25,24.01,24.4,5631.25,13789.52
920642.BJ,20240806,7.27,7.93,7.12,7.52,48658.68,36876.281
920640.BJ,20240806,12.58,12.75,12.2,12.53,3620.82,4534.154
920199.BJ,20240806,10.7,10.84,10.55,10.69,2510.29,2671.173
920227.BJ,20240806,19.99,20.5,19.86,20.35,2521.45,5054.957
920895.BJ,20240806,7.33,7.43,7.16,7.21,5650.38,4116.605
920694.BJ,20240806,10.49,10.87,10.49,10.61,4396.72,4664.819
920871.BJ,20240806,6.03,6.23,6.03,6.14,1981.67,1210.028
920395.BJ,20240806,6.69,6.69,6.5,6.68,5772.83,3819.026
920169.BJ,20240806,8.0,8.98,7.28,8.6,132524.43,108891.015
600793.SH,20240806,9.05,9.55,9.01,9.23,25282.0,23415.461
688682.SH,20240806,32.55,32.59,31.5,32.02,16567.01,53039.789
003042.SZ,20240806,11.67,11.94,11.67,11.86,20803.5,24537.787
688613.SH,20240806,12.53,12.88,12.5,12.86,11285.73,14332.598
001316.SZ,20240806,31.1,33.67,29.78,33.67,55319.0,177656.155
300877.SZ,20240806,10.28,10.45,10.28,10.45,9605.0,9972.951
002508.SZ,20240806,21.18,21.33,20.88,21.24,43781.9,92269.384
603578.SH,20240806,11.07,11.3,10.98,11.29,7426.0,8346.775
301591.SZ,20240806,36.79,37.0,35.41,35.95,22695.08,81446.389
002511.SZ,20240806,7.17,7.4,7.17,7.33,93892.54,68563.865
603282.SH,20240806,15.07,15.45,15.06,15.45,4976.0,7598.483
300418.SZ,20240806,28.82,29.17,28.24,28.9,268906.8,772018.142
001202.SZ,20240806,10.78,10.84,10.62,10.82,6474.56,6952.931
002965.SZ,20240806,28.38,28.52,28.06,28.33,14271.9,40332.31
600076.SH,20240806,1.53,1.54,1.49,1.52,133491.0,20122.519
000809.SZ,20240806,2.08,2.11,2.05,2.09,12775.0,2656.507
301500.SZ,20240806,17.11,17.48,17.02,17.24,30087.17,51679.552
603276.SH,20240806,14.15,14.48,13.95,14.35,26885.87,38207.468
300800.SZ,20240806,9.75,9.88,9.59,9.75,13776.91,13395.891
000995.SZ,20240806,8.24,8.55,8.01,8.51,99030.62,83010.255
000422.SZ,20240806,11.25,11.45,11.2,11.33,102519.7,116000.0
603036.SH,20240806,9.58,9.86,9.57,9.74,18056.0,17560.358
300177.SZ,20240806,7.19,7.3,6.84,7.13,503548.19,354999.913
688015.SH,20240806,18.47,18.65,17.89,18.21,24346.64,44264.551
688002.SH,20240806,26.19,26.69,26.0,26.52,43497.66,114435.001
300557.SZ,20240806,23.9,24.43,23.4,23.96,19945.4,47423.708
600356.SH,20240806,6.1,6.14,6.07,6.14,16582.0,10122.317
002322.SZ,20240806,13.88,14.19,13.74,13.97,28816.0,40082.061
002426.SZ,20240806,1.53,1.57,1.53,1.55,216077.5,33421.584
688484.SH,20240806,30.35,30.42,29.45,30.0,34553.08,103039.541
002327.SZ,20240806,9.05,9.1,8.66,8.71,69542.19,61205.884
300042.SZ,20240806,16.55,17.29,16.55,17.22,58658.94,99450.358
002632.SZ,20240806,6.59,6.66,6.51,6.64,74502.0,49172.539
002847.SZ,20240806,37.29,38.16,37.29,38.16,19610.2,74195.193
601778.SH,20240806,2.36,2.41,2.34,2.38,478640.55,113304.069
605208.SH,20240806,6.18,6.28,6.13,6.23,36006.75,22388.088
301316.SZ,20240806,13.64,13.92,13.48,13.68,63528.0,86629.137
002592.SZ,20240806,4.24,4.29,4.2,4.28,26080.0,11066.282
000020.SZ,20240806,9.8,9.8,9.39,9.57,30375.0,28846.125
600233.SH,20240806,14.58,14.77,14.26,14.4,86445.58,125139.461
603665.SH,20240806,15.34,15.99,14.5,15.95,143618.52,215598.994
300649.SZ,20240806,9.85,10.14,9.8,10.04,23669.0,23652.614
002515.SZ,20240806,4.31,4.4,4.21,4.4,286938.4,123100.393
301448.SZ,20240806,19.88,20.19,19.6,19.96,14797.46,29428.922
601360.SH,20240806,7.31,7.45,7.3,7.44,478517.76,352643.934
300650.SZ,20240806,9.13,9.42,9.1,9.3,51499.0,47444.149
000558.SZ,20240806,2.37,2.66,2.32,2.49,1044681.83,254611.131
300840.SZ,20240806,8.5,8.7,8.47,8.7,66372.0,56938.173
688575.SH,20240806,19.15,19.57,18.88,19.53,28760.04,55337.411
688011.SH,20240806,13.3,13.6,13.14,13.43,7635.01,10203.737
300003.SZ,20240806,12.69,12.82,12.46,12.65,238549.59,301312.57
301050.SZ,20240806,47.89,48.41,47.2,47.9,39743.6,190036.637
688326.SH,20240806,64.84,66.07,63.22,64.4,11191.11,71821.821
002682.SZ,20240806,4.32,4.36,4.0,4.09,502464.9,204972.903
300832.SZ,20240806,66.48,66.68,64.37,64.85,30671.98,199781.972
601238.SH,20240806,7.75,7.95,7.69,7.82,174093.78,135350.785
002290.SZ,20240806,12.28,12.31,11.99,12.07,9754.0,11802.368
300164.SZ,20240806,3.61,3.8,3.6,3.73,412333.02,151901.694
002449.SZ,20240806,6.7,6.86,6.58,6.67,69148.0,45998.101
601677.SH,20240806,11.75,11.87,11.51,11.67,140333.4,163649.067
300961.SZ,20240806,7.94,8.08,7.91,8.0,22062.0,17637.785
600178.SH,20240806,8.62,8.7,8.45,8.57,85010.34,72651.399
603706.SH,20240806,15.0,15.24,14.65,14.81,19685.69,29188.468
300449.SZ,20240806,4.6,4.8,4.46,4.75,138626.4,64266.304
002351.SZ,20240806,11.33,11.41,11.15,11.32,87930.64,98978.842
002566.SZ,20240806,6.41,6.48,6.3,6.47,35623.34,22806.513
300787.SZ,20240806,10.21,10.68,10.21,10.41,32946.2,34271.002
603893.SH,20240806,58.39,58.44,56.68,57.47,31017.12,177311.25
300414.SZ,20240806,6.26,6.42,6.24,6.39,36614.0,23170.646
300540.SZ,20240806,18.76,19.04,18.49,18.75,17885.0,33470.136
000860.SZ,20240806,17.28,17.55,17.17,17.39,152161.3,263871.199
300379.SZ,20240806,8.0,8.04,7.86,8.0,116734.0,92714.912
002058.SZ,20240806,7.29,7.49,7.26,7.39,48078.0,35428.125
603305.SH,20240806,9.68,9.83,9.64,9.79,64472.78,62783.096
603198.SH,20240806,50.9,52.13,50.12,51.54,43276.02,221991.286
600299.SH,20240806,10.82,10.98,10.76,10.88,72548.0,78835.243
301125.SZ,20240806,9.53,9.69,9.15,9.39,63529.13,59613.734
603505.SH,20240806,26.06,26.45,25.51,25.87,22746.9,58915.172
300812.SZ,20240806,18.4,18.66,18.13,18.39,21090.0,38581.469
605286.SH,20240806,21.2,21.8,21.15,21.67,16013.0,34368.299
300149.SZ,20240806,5.89,7.18,5.37,6.63,968601.93,597246.357
301079.SZ,20240806,15.8,16.9,15.58,16.36,185191.08,300667.692
920751.BJ,20240806,8.29,8.38,8.16,8.27,13844.05,11436.149
920122.BJ,20240806,35.44,36.89,35.44,35.81,10258.84,36964.981
920748.BJ,20240806,14.27,14.4,13.99,14.08,9218.5,13021.792
920414.BJ,20240806,6.57,6.78,6.52,6.57,20581.77,13681.055
920433.BJ,20240806,3.99,4.19,3.94,4.14,53169.78,21658.289
920703.BJ,20240806,15.58,15.84,15.57,15.68,5303.84,8310.862
920363.BJ,20240806,11.49,11.74,11.27,11.45,17276.58,19779.911
920541.BJ,20240806,5.63,5.71,5.54,5.64,29993.38,16900.433
920002.BJ,20240806,47.99,48.3,46.51,47.62,5813.73,27504.018
920190.BJ,20240806,13.25,13.42,13.05,13.24,16845.74,22230.264
920504.BJ,20240806,11.55,11.55,11.15,11.5,2655.36,3015.998
920634.BJ,20240806,10.03,10.3,9.99,10.15,7695.79,7799.678
920690.BJ,20240806,11.4,11.4,11.22,11.29,3109.17,3513.587
920792.BJ,20240806,5.9,5.9,5.69,5.76,3692.42,2124.41
920274.BJ,20240806,8.66,8.66,8.52,8.62,1315.21,1129.551
920006.BJ,20240806,11.47,11.77,11.25,11.49,17495.09,20159.057
920985.BJ,20240806,5.02,5.18,5.02,5.12,20743.34,10618.219
920396.BJ,20240806,9.6,9.75,9.6,9.68,1377.3,1334.204
920656.BJ,20240806,13.71,13.77,13.58,13.7,506.48,693.199
920436.BJ,20240806,7.41,7.6,7.35,7.47,11373.54,8479.878
920931.BJ,20240806,7.37,7.51,7.33,7.39,9433.14,6965.889
920263.BJ,20240806,3.99,4.05,3.97,4.01,1916.34,765.977
920866.BJ,20240806,5.1,5.24,5.1,5.14,4126.71,2136.935
920579.BJ,20240806,11.87,12.09,11.78,12.08,12736.12,15190.111
920014.BJ,20240806,7.63,7.73,7.57,7.63,1620.69,1239.848
920519.BJ,20240806,6.84,6.89,6.8,6.84,1454.82,994.733
920837.BJ,20240806,5.25,5.38,5.25,5.32,4016.59,2127.071
920402.BJ,20240806,6.39,6.54,6.35,6.45,11614.21,7483.96
920857.BJ,20240806,10.37,10.38,10.18,10.31,3930.44,4035.084
920367.BJ,20240806,9.94,10.52,9.75,10.33,17292.88,17514.618
920207.BJ,20240806,7.6,7.86,7.51,7.78,18961.53,14600.103
920892.BJ,20240806,7.75,7.82,7.64,7.8,3341.47,2580.966
603162.SH,20240806,9.63,9.77,9.58,9.67,31334.59,30271.665
002451.SZ,20240806,4.8,4.91,4.79,4.89,50985.0,24780.004
000698.SZ,20240806,3.03,3.08,3.0,3.06,42599.63,12930.121
002628.SZ,20240806,2.12,2.18,2.01,2.08,443856.29,92040.894
002889.SZ,20240806,16.12,16.28,15.73,16.04,58029.04,92567.272
000917.SZ,20240806,5.0,5.06,4.98,5.05,134121.0,67306.153
003004.SZ,20240806,23.46,23.6,23.0,23.29,11727.34,27222.955
002868.SZ,20240806,13.2,13.8,13.16,13.78,30137.0,40945.665
002490.SZ,20240806,1.91,1.97,1.84,1.91,99408.13,19116.255
000692.SZ,20240806,2.98,3.01,2.96,2.99,32875.0,9789.497
603527.SH,20240806,6.73,6.86,6.73,6.84,27213.29,18509.495
601900.SH,20240806,11.51,12.36,11.5,12.24,247681.0,298061.073
003026.SZ,20240806,29.9,30.38,27.79,28.27,181105.85,515881.492
000622.SZ,20240806,1.84,1.88,1.79,1.86,60167.0,11006.602
601965.SH,20240806,16.54,16.55,16.1,16.25,25010.41,40671.984
688686.SH,20240806,55.4,55.74,54.25,54.99,6991.48,38357.255
603985.SH,20240806,10.72,11.01,10.71,10.9,81134.1,88041.665
603076.SH,20240806,19.95,20.25,19.81,20.19,5719.0,11457.267
002385.SZ,20240806,4.1,4.15,4.08,4.13,381195.5,156860.255
301386.SZ,20240806,19.88,20.26,19.68,19.92,12772.6,25379.697
300980.SZ,20240806,14.78,14.97,14.64,14.84,8019.0,11859.957
301065.SZ,20240806,17.31,19.43,17.04,18.52,62538.04,115162.227
002103.SZ,20240806,4.9,4.98,4.89,4.97,63511.0,31401.927
603922.SH,20240806,15.5,15.65,15.22,15.38,4673.0,7202.593
601636.SH,20240806,5.89,6.01,5.88,5.95,233253.21,138667.911
301283.SZ,20240806,25.11,25.57,25.11,25.4,4268.0,10808.506
601877.SH,20240806,18.72,18.99,18.71,18.92,78594.32,148279.64
601949.SH,20240806,5.85,5.94,5.84,5.93,86704.05,50989.815
603313.SH,20240806,6.35,6.49,6.35,6.46,38956.27,25032.908
600382.SH,20240806,3.5,3.52,3.47,3.5,12631.14,4410.827
605566.SH,20240806,14.53,14.85,14.48,14.7,4024.56,5885.301
300109.SZ,20240806,11.47,11.63,11.33,11.62,62116.5,71322.48
600079.SH,20240806,20.43,20.95,20.37,20.6,159095.35,328127.829
002563.SZ,20240806,4.93,4.99,4.87,4.95,103199.82,50817.267
002192.SZ,20240806,31.5,32.49,31.46,32.15,142899.46,456592.023
002381.SZ,20240806,6.35,6.41,6.27,6.38,16321.0,10362.124
688443.SH,20240806,31.65,33.7,31.65,32.81,11657.88,37774.724
002109.SZ,20240806,2.66,2.69,2.62,2.67,79655.0,21153.178
002906.SZ,20240806,24.5,24.76,24.29,24.51,56370.92,138013.189
300030.SZ,20240806,3.89,4.14,3.84,4.11,174247.25,69735.295
603065.SH,20240806,7.0,7.19,7.0,7.19,15983.0,11356.763
300398.SZ,20240806,11.54,11.64,11.27,11.51,101641.97,115934.26
301101.SZ,20240806,20.33,20.97,20.33,20.8,28080.78,58053.03
600808.SH,20240806,1.99,2.01,1.97,1.99,208764.42,41495.493
600682.SH,20240806,5.22,5.39,5.16,5.38,233435.98,123079.095
002201.SZ,20240806,4.47,4.54,4.44,4.49,48556.02,21782.856
002132.SZ,20240806,2.11,2.15,2.11,2.15,85907.5,18332.491
002418.SZ,20240806,1.98,2.01,1.92,1.95,420981.0,82094.317
600616.SH,20240806,4.76,4.81,4.73,4.79,25352.0,12082.816
002997.SZ,20240806,27.55,28.15,27.55,27.9,25366.33,70493.284
002251.SZ,20240806,2.76,2.97,2.76,2.86,207654.03,58459.601
603606.SH,20240806,49.19,49.58,47.4,47.99,66362.13,319277.315
600778.SH,20240806,4.28,4.66,4.28,4.66,224418.14,102832.852
600223.SH,20240806,6.43,6.56,6.36,6.55,98652.17,63757.49
605168.SH,20240806,24.01,24.6,24.01,24.47,25248.31,61302.688
600482.SH,20240806,22.57,22.88,22.33,22.86,145275.79,329351.486
603173.SH,20240806,22.42,22.42,21.8,22.17,13434.0,29710.3
300236.SZ,20240806,31.33,31.48,30.8,31.18,19292.5,59856.432
301419.SZ,20240806,21.75,22.06,21.23,21.92,7121.0,15541.79
603288.SH,20240806,35.15,35.78,35.0,35.29,83780.09,296294.293
300772.SZ,20240806,10.91,11.26,10.91,11.09,130277.14,143781.091
688538.SH,20240806,2.03,2.05,2.02,2.04,251607.0,51226.02
002981.SZ,20240806,17.1,17.21,16.83,17.11,24962.2,42358.02
300952.SZ,20240806,16.38,17.09,16.38,16.85,6533.0,11017.304
688633.SH,20240806,19.87,19.87,19.3,19.63,2743.2,5382.079
001210.SZ,20240806,12.22,12.42,12.11,12.38,11540.4,14136.474
600408.SH,20240806,1.56,1.57,1.54,1.57,60044.0,9352.69
605060.SH,20240806,12.19,12.28,12.02,12.25,15204.64,18465.031
600295.SH,20240806,8.3,8.37,8.26,8.36,58250.15,48397.753
688548.SH,20240806,7.8,7.88,7.63,7.76,50068.42,38803.363
605589.SH,20240806,18.56,18.83,17.95,18.25,104724.91,191597.632
603303.SH,20240806,11.6,11.85,11.6,11.82,9384.0,11013.34
301252.SZ,20240806,26.5,26.93,26.16,26.51,11887.5,31437.731
300871.SZ,20240806,9.2,9.4,9.19,9.4,20651.0,19206.104
603707.SH,20240806,12.51,12.87,12.34,12.51,47078.58,59295.625
002779.SZ,20240806,30.95,31.9,30.8,31.72,11946.0,37532.117
300063.SZ,20240806,3.97,4.01,3.9,3.97,294394.5,116145.544
688325.SH,20240806,33.8,34.06,32.82,33.56,13259.45,44183.662
002608.SZ,20240806,6.95,6.97,6.86,6.9,89168.03,61655.96
000777.SZ,20240806,14.43,14.82,14.4,14.77,77694.0,113845.481
688084.SH,20240806,37.01,38.77,37.01,38.26,12418.37,46954.633
601021.SH,20240806,56.03,56.88,55.41,55.85,47782.06,268088.384
300757.SZ,20240806,82.9,87.35,81.72,86.4,113067.6,958519.411
300711.SZ,20240806,15.83,16.04,15.22,15.72,111076.43,174002.928
002081.SZ,20240806,3.15,3.2,3.14,3.17,115071.61,36405.684
688448.SH,20240806,18.52,18.88,18.4,18.74,4679.01,8713.873
601077.SH,20240806,5.09,5.13,4.97,5.02,440685.05,221516.776
603052.SH,20240806,27.42,27.93,26.91,27.5,9387.12,25679.976
000811.SZ,20240806,8.6,8.7,8.56,8.66,70464.85,60799.185
300013.SZ,20240806,1.78,1.89,1.78,1.88,166664.5,30727.576
603519.SH,20240806,9.15,9.26,9.13,9.24,13786.24,12672.594
600016.SH,20240806,3.5,3.52,3.45,3.48,1488806.6,517256.716
301516.SZ,20240806,16.55,16.8,16.41,16.67,33935.08,56330.34
300821.SZ,20240806,6.58,6.68,6.52,6.66,41239.0,27304.726
000652.SZ,20240806,3.12,3.15,3.09,3.13,75551.0,23523.915
688560.SH,20240806,10.28,10.32,10.05,10.24,27089.12,27680.424
600409.SH,20240806,5.55,5.6,5.47,5.53,135975.0,75199.195
600568.SH,20240806,1.28,1.28,1.26,1.28,20343.4,2580.845
301111.SZ,20240806,15.0,15.87,14.97,15.77,44876.0,69564.03
688516.SH,20240806,37.0,38.77,36.9,38.2,80897.48,307133.776
001289.SZ,20240806,16.68,16.83,16.52,16.77,41967.82,70013.068
002967.SZ,20240806,12.35,12.6,12.32,12.58,48526.76,60622.229
002255.SZ,20240806,4.65,4.71,4.62,4.68,68551.0,31988.231
600241.SH,20240806,5.24,5.38,5.22,5.38,19375.0,10292.144
002247.SZ,20240806,1.42,1.45,1.4,1.44,147908.13,21102.442
605507.SH,20240806,16.94,17.28,16.94,17.25,19490.99,33431.965
603817.SH,20240806,4.67,4.71,4.65,4.68,29448.0,13773.663
301335.SZ,20240806,16.09,16.24,16.03,16.18,3341.35,5389.581
001337.SZ,20240806,23.5,23.84,23.0,23.29,56622.0,131922.548
300560.SZ,20240806,10.17,10.26,9.99,10.16,53361.0,53892.077
600350.SH,20240806,8.85,8.88,8.6,8.65,116316.81,100940.485
688798.SH,20240806,44.36,44.36,42.92,44.11,18413.58,80192.437
301008.SZ,20240806,17.42,18.15,17.38,18.13,38987.09,69591.333
600500.SH,20240806,3.8,3.85,3.77,3.82,93866.73,35795.563
600272.SH,20240806,9.92,10.79,9.75,10.79,190315.52,196474.882
688360.SH,20240806,10.61,10.73,10.52,10.73,5614.3,5980.155
000036.SZ,20240806,2.98,3.01,2.96,3.0,42155.91,12585.204
603992.SH,20240806,16.35,16.57,16.15,16.49,8655.0,14169.816
300292.SZ,20240806,3.16,3.19,3.12,3.16,202382.0,63689.514
000810.SZ,20240806,7.8,7.87,7.71,7.84,80308.0,62559.003
002712.SZ,20240806,3.59,3.69,3.59,3.69,152384.0,55520.125
300828.SZ,20240806,11.02,11.14,10.88,11.02,27294.0,30030.626
603320.SH,20240806,13.12,13.28,12.94,13.14,27554.0,36012.711
000630.SZ,20240806,3.05,3.1,3.03,3.06,1744732.37,533304.092
002034.SZ,20240806,13.0,13.22,12.97,13.19,30974.6,40639.245
002539.SZ,20240806,6.68,6.8,6.68,6.75,56556.0,38136.883
301191.SZ,20240806,60.5,60.73,59.23,59.88,7636.8,45627.714
300250.SZ,20240806,11.04,11.24,10.97,11.23,43977.0,48838.178
002716.SZ,20240806,3.08,3.11,3.0,3.04,371308.75,112915.447
603170.SH,20240806,11.34,11.57,11.34,11.51,14969.0,17151.392
600858.SH,20240806,4.08,4.15,4.06,4.15,68700.44,28212.217
603073.SH,20240806,13.74,13.97,13.7,13.9,5506.0,7634.538
300950.SZ,20240806,13.07,13.48,13.07,13.41,17412.5,23172.235
002419.SZ,20240806,4.3,4.37,4.29,4.36,109725.2,47623.163
603656.SH,20240806,9.93,10.15,9.84,10.14,15076.32,15118.793
603798.SH,20240806,7.75,7.83,7.73,7.82,24759.8,19279.664
601968.SH,20240806,4.55,4.73,4.53,4.67,79853.0,37019.706
000010.SZ,20240806,1.76,1.79,1.74,1.76,160859.0,28346.534
300655.SZ,20240806,6.9,6.95,6.77,6.86,87663.37,59886.803
002394.SZ,20240806,6.11,6.18,6.09,6.18,19344.0,11859.646
600929.SH,20240806,5.3,5.36,5.28,5.36,68570.78,36535.454
000507.SZ,20240806,4.6,4.62,4.55,4.59,45882.4,21048.33
603668.SH,20240806,11.37,11.53,11.28,11.36,32301.9,36765.587
688408.SH,20240806,60.13,63.88,60.13,62.31,30159.0,188536.729
000506.SZ,20240806,1.43,1.45,1.36,1.36,731710.53,100868.898
300613.SZ,20240806,39.41,39.78,38.3,39.32,100710.78,393437.524
600372.SH,20240806,12.55,12.9,12.51,12.81,379402.03,482596.827
600509.SH,20240806,4.91,4.91,4.8,4.85,91609.38,44385.653
601066.SH,20240806,19.51,19.61,19.26,19.45,68166.39,132225.16
688337.SH,20240806,26.38,26.88,25.78,26.51,10482.76,27771.978
300461.SZ,20240806,15.62,15.72,15.35,15.61,38490.52,59824.609
002261.SZ,20240806,10.25,10.43,10.17,10.33,179401.06,184384.435
000516.SZ,20240806,4.72,4.78,4.68,4.77,136339.23,64520.833
688469.SH,20240806,3.87,3.89,3.82,3.86,182303.63,70260.463
002715.SZ,20240806,11.14,11.45,11.04,11.39,40970.24,46296.863
002403.SZ,20240806,6.35,6.47,6.31,6.42,27938.0,17797.252
002675.SZ,20240806,12.46,12.69,12.37,12.65,53555.0,67239.586
603043.SH,20240806,15.35,15.82,15.35,15.81,32608.26,51088.017
603679.SH,20240806,12.23,12.38,11.91,12.03,107375.72,129430.61
600926.SH,20240806,13.24,13.27,12.85,13.0,250292.07,325383.179
300506.SZ,20240806,2.05,2.15,2.01,2.09,192786.02,39937.885
301072.SZ,20240806,17.98,18.33,17.88,18.24,11319.0,20531.532
603051.SH,20240806,24.87,25.52,24.6,25.28,72393.2,181622.639
002799.SZ,20240806,6.02,6.18,6.02,6.14,24654.36,15046.697
688003.SH,20240806,31.64,31.93,31.4,31.82,7874.78,24952.183
600429.SH,20240806,3.89,3.93,3.86,3.92,67545.01,26306.117
002519.SZ,20240806,5.09,5.35,5.0,5.25,485486.37,251741.804
000716.SZ,20240806,3.8,4.1,3.77,3.94,317361.53,124027.179
300018.SZ,20240806,4.47,4.56,4.42,4.5,41558.0,18599.508
002976.SZ,20240806,21.54,21.6,21.01,21.28,6565.0,13917.881
300882.SZ,20240806,13.6,13.85,13.6,13.81,25116.6,34459.743
688456.SH,20240806,29.18,29.85,28.96,29.25,5603.9,16458.812
600054.SH,20240806,11.08,11.28,11.07,11.28,64389.16,72123.617
300587.SZ,20240806,3.88,3.95,3.87,3.92,79009.14,30847.788
600833.SH,20240806,11.19,11.48,11.16,11.43,37358.03,42367.912
601886.SH,20240806,4.65,4.74,4.65,4.72,62989.03,29594.122
001238.SZ,20240806,20.02,20.53,19.65,19.99,4217.7,8387.14
300447.SZ,20240806,12.49,12.82,12.32,12.7,62624.0,78995.48
300614.SZ,20240806,8.57,8.84,8.57,8.83,15957.3,13928.266
000898.SZ,20240806,2.13,2.15,2.11,2.14,208588.6,44436.211
301376.SZ,20240806,18.54,18.95,18.5,18.84,10230.2,19125.241
301536.SZ,20240806,33.55,33.82,32.81,33.37,23517.57,78092.914
600818.SH,20240806,12.59,12.74,12.36,12.58,74130.0,92707.449
603883.SH,20240806,14.1,14.1,13.62,13.99,307277.08,425704.906
603811.SH,20240806,6.37,6.49,6.31,6.49,51715.44,33199.463
603159.SH,20240806,9.72,9.92,9.6,9.88,9091.0,8883.025
000025.SZ,20240806,13.95,14.15,13.91,14.07,27923.9,39102.423
600362.SH,20240806,20.48,20.53,19.91,20.23,186476.6,376017.205
300434.SZ,20240806,7.78,7.79,7.56,7.78,45422.0,34963.645
002600.SZ,20240806,6.44,6.57,6.34,6.48,1475905.72,949901.875
600704.SH,20240806,4.34,4.42,4.34,4.42,421884.15,185154.583
300219.SZ,20240806,5.24,5.3,5.17,5.24,73300.0,38235.677
300222.SZ,20240806,5.65,5.74,5.62,5.71,124912.9,70923.157
600225.SH,20240806,1.7,1.73,1.68,1.72,148504.0,25251.16
688466.SH,20240806,11.05,11.26,10.93,11.25,3669.89,4065.157
301373.SZ,20240806,21.6,21.96,21.6,21.94,1995.87,4357.76
002291.SZ,20240806,4.45,4.63,4.45,4.56,428759.01,194632.962
603982.SH,20240806,8.09,8.12,7.84,7.93,60845.36,48146.995
300927.SZ,20240806,14.53,15.14,14.31,14.78,46696.6,68438.574
600768.SH,20240806,6.64,6.83,6.52,6.77,15048.0,10113.555
600323.SH,20240806,21.11,21.3,20.89,21.06,47724.2,100552.531
300015.SZ,20240806,11.1,11.19,10.98,11.11,695143.75,770520.662
301367.SZ,20240806,68.07,69.6,67.95,69.17,6967.12,47910.812
600819.SH,20240806,4.6,4.65,4.53,4.62,135171.72,62061.241
300716.SZ,20240806,6.49,7.67,6.49,7.67,165957.5,123957.402
605598.SH,20240806,18.2,18.38,17.92,18.29,14312.8,25998.002
605098.SH,20240806,36.95,39.36,34.01,39.36,102947.39,378656.652
002346.SZ,20240806,7.23,7.36,7.21,7.36,10874.02,7946.372
300677.SZ,20240806,25.34,25.7,24.93,25.2,86012.0,216884.626
600250.SH,20240806,8.78,9.77,8.58,9.23,668691.9,598535.414
603657.SH,20240806,11.08,11.24,10.93,11.18,45989.9,50788.767
000571.SZ,20240806,2.95,3.01,2.95,3.0,78658.0,23387.434
300845.SZ,20240806,10.38,10.8,10.12,10.59,54992.32,57458.358
300118.SZ,20240806,10.6,11.38,10.59,11.0,603104.12,666030.704
300909.SZ,20240806,18.12,18.33,17.7,18.17,32616.5,58612.255
300701.SZ,20240806,7.62,7.69,7.45,7.57,30918.12,23319.378
002221.SZ,20240806,8.09,8.25,8.07,8.2,34763.02,28403.71
301345.SZ,20240806,45.42,45.66,44.58,45.08,7482.95,33741.488
603338.SH,20240806,50.87,51.25,49.73,50.29,23791.46,120045.936
603800.SH,20240806,19.34,19.7,19.25,19.45,6529.0,12692.25
600276.SH,20240806,42.63,43.18,42.48,42.91,217715.13,931702.111
688336.SH,20240806,18.1,18.39,17.8,18.23,16902.6,30596.188
002423.SZ,20240806,8.02,8.13,7.85,7.94,186412.31,148333.187
300067.SZ,20240806,3.5,3.57,3.48,3.54,277921.35,97813.352
603258.SH,20240806,15.6,16.45,15.5,16.11,105025.0,168164.768
688581.SH,20240806,50.07,51.16,50.07,50.95,4009.55,20312.732
002053.SZ,20240806,10.84,10.88,10.72,10.82,43147.0,46576.555
300159.SZ,20240806,2.63,2.74,2.53,2.69,2256872.04,596653.705
301399.SZ,20240806,21.01,21.87,20.8,21.57,43262.15,91981.164
000402.SZ,20240806,2.24,2.28,2.22,2.27,250630.01,56250.99
688569.SH,20240806,20.0,20.42,19.92,20.2,5053.63,10195.342
000709.SZ,20240806,1.94,1.95,1.92,1.94,302412.18,58493.243
300445.SZ,20240806,14.91,15.09,14.71,14.89,14921.0,22209.022
300713.SZ,20240806,14.3,14.49,14.15,14.49,69188.5,99042.692
003041.SZ,20240806,11.3,11.35,11.19,11.33,5935.72,6688.13
688435.SH,20240806,21.71,22.2,21.52,21.78,6463.77,14023.99
300211.SZ,20240806,5.01,5.12,4.98,5.11,38256.53,19287.459
301256.SZ,20240806,5.85,5.94,5.83,5.93,11387.0,6701.347
000831.SZ,20240806,23.1,23.44,23.05,23.29,88294.24,205361.987
300037.SZ,20240806,30.88,31.69,30.64,31.03,36682.66,114303.464
688335.SH,20240806,8.08,8.23,8.01,8.13,1555.2,1258.079
600872.SH,20240806,19.2,19.68,19.2,19.67,194709.44,380123.557
603568.SH,20240806,18.29,18.46,18.12,18.33,29598.61,54081.557
000538.SZ,20240806,50.67,51.05,50.27,51.0,59831.93,303513.733
002500.SZ,20240806,4.91,4.95,4.86,4.91,154531.53,75755.812
605183.SH,20240806,14.27,14.56,14.27,14.49,7872.0,11364.942
301059.SZ,20240806,8.66,8.67,8.52,8.65,10151.82,8742.86
605388.SH,20240806,5.24,5.36,5.2,5.35,39149.4,20662.804
600316.SH,20240806,20.72,23.49,20.4,23.49,326832.85,735992.79
300861.SZ,20240806,18.67,19.4,18.52,19.21,41876.58,79762.598
002810.SZ,20240806,11.02,12.03,11.02,11.5,90890.03,105513.953
002398.SZ,20240806,3.56,3.61,3.54,3.6,32508.0,11630.802
301282.SZ,20240806,17.06,17.35,16.85,17.11,21607.37,36814.171
300689.SZ,20240806,13.0,13.3,12.92,13.21,18556.2,24347.501
300225.SZ,20240806,5.02,5.12,5.02,5.11,59390.36,30129.963
001896.SZ,20240806,3.7,3.72,3.65,3.69,93975.15,34609.085
688369.SH,20240806,14.5,14.85,14.43,14.74,17746.28,25964.997
301190.SZ,20240806,14.15,14.25,13.53,13.96,11117.0,15294.806
605398.SH,20240806,19.11,19.41,18.92,19.18,7023.24,13406.947
000823.SZ,20240806,7.59,7.69,7.52,7.61,71941.17,54593.529
301001.SZ,20240806,17.96,19.6,17.96,19.17,42940.42,80602.927
301577.SZ,20240806,53.1,54.3,52.63,53.1,10124.0,53733.68
600868.SH,20240806,1.72,1.74,1.7,1.73,100858.39,17336.46
603520.SH,20240806,9.31,9.54,9.28,9.53,44966.51,42281.859
300183.SZ,20240806,10.65,10.77,10.48,10.63,39580.4,41890.278
300302.SZ,20240806,10.45,10.58,10.1,10.31,153989.1,158087.508
002289.SZ,20240806,2.65,2.73,2.65,2.7,28879.0,7760.64
002334.SZ,20240806,5.97,6.02,5.9,5.97,93140.32,55483.031
002485.SZ,20240806,2.87,2.87,2.78,2.81,4832.6,1355.876
002883.SZ,20240806,8.76,9.08,8.65,8.82,66448.08,58493.315
002723.SZ,20240806,5.41,5.45,5.29,5.38,45342.0,24235.752
000601.SZ,20240806,3.68,3.76,3.68,3.73,41801.0,15557.497
600809.SH,20240806,183.59,186.4,182.01,185.0,62940.12,1157218.497
000728.SZ,20240806,6.5,6.55,6.44,6.48,237692.08,154003.49
600310.SH,20240806,3.93,3.97,3.91,3.95,133910.0,52664.095
300580.SZ,20240806,14.76,14.9,14.33,14.58,96291.39,140086.893
000668.SZ,20240806,6.27,6.42,6.11,6.36,25236.0,15914.143
688505.SH,20240806,6.6,6.82,6.59,6.81,33424.5,22521.392
688631.SH,20240806,61.88,62.47,58.0,58.95,46190.13,275632.409
000066.SZ,20240806,8.3,8.35,8.19,8.27,215727.44,177775.583
600346.SH,20240806,13.39,13.57,13.32,13.4,86852.4,116497.398
300581.SZ,20240806,7.97,8.44,7.74,8.14,226711.62,184399.471
600515.SH,20240806,3.4,3.43,3.38,3.42,270908.49,92277.486
603097.SH,20240806,21.87,22.09,21.57,21.86,14057.0,30644.71
300072.SZ,20240806,2.05,2.08,2.03,2.06,155444.6,31921.034
600418.SH,20240806,18.6,18.72,18.22,18.43,702936.0,1294984.6
301041.SZ,20240806,20.43,21.13,20.36,20.75,27275.0,56227.142
300517.SZ,20240806,8.6,8.81,8.49,8.78,75195.0,65093.947
603810.SH,20240806,7.93,8.15,7.93,8.12,17829.0,14394.635
000951.SZ,20240806,14.72,14.8,14.49,14.63,122316.63,178696.693
300859.SZ,20240806,26.66,26.87,26.24,26.6,63921.29,169541.59
601519.SH,20240806,5.84,5.91,5.75,5.84,157926.5,91878.673
002554.SZ,20240806,2.3,2.36,2.26,2.3,269796.02,61831.629
002432.SZ,20240806,39.68,39.88,39.43,39.75,34783.42,137842.871
300322.SZ,20240806,9.46,9.47,9.1,9.25,264225.03,243885.28
600903.SH,20240806,6.3,6.33,6.25,6.33,29521.8,18576.318
688050.SH,20240806,80.44,82.47,79.53,80.61,15471.7,124891.488
600880.SH,20240806,3.66,3.8,3.65,3.77,244731.9,91430.154
600707.SH,20240806,6.04,6.13,6.0,6.09,158316.8,95844.945
600496.SH,20240806,2.46,2.5,2.45,2.48,97604.0,24174.363
603021.SH,20240806,2.64,2.75,2.64,2.75,80611.0,21852.461
688777.SH,20240806,37.23,37.79,37.08,37.66,66427.98,248509.485
301363.SZ,20240806,26.17,26.29,25.72,26.11,9010.77,23470.653
603789.SH,20240806,7.08,7.3,7.08,7.23,81460.25,58758.442
301123.SZ,20240806,15.99,16.17,15.76,15.91,33365.0,53118.866
000598.SZ,20240806,8.0,8.09,7.7,7.84,406675.87,318646.542
300892.SZ,20240806,16.39,18.49,16.31,18.02,72627.69,126557.217
301297.SZ,20240806,19.7,19.89,19.27,19.58,50911.15,99168.222
601606.SH,20240806,9.95,10.17,9.85,10.11,127115.0,127545.802
000869.SZ,20240806,21.41,21.88,21.28,21.7,18714.54,40288.333
603060.SH,20240806,5.75,5.8,5.7,5.78,17712.62,10211.075
603007.SH,20240806,5.11,5.36,5.11,5.28,20318.0,10706.241
002300.SZ,20240806,4.87,4.92,4.84,4.91,43436.96,21201.114
300478.SZ,20240806,7.03,7.13,7.0,7.13,21883.5,15493.83
600681.SH,20240806,3.36,3.39,3.36,3.39,21315.0,7197.302
603989.SH,20240806,12.78,12.9,12.63,12.76,27451.0,34911.89
002806.SZ,20240806,9.51,9.69,9.21,9.58,106117.28,100288.708
300816.SZ,20240806,18.08,18.5,18.08,18.46,8348.0,15288.409
601975.SH,20240806,3.17,3.23,3.17,3.21,604987.62,193917.916
600774.SH,20240806,7.17,7.38,7.14,7.38,53727.0,39020.11
000548.SZ,20240806,4.19,4.21,4.13,4.18,95133.01,39607.478
600403.SH,20240806,2.45,2.51,2.45,2.5,58013.0,14384.398
600575.SH,20240806,3.56,3.63,3.54,3.62,268160.1,96535.177
002903.SZ,20240806,15.2,15.36,15.1,15.31,27508.16,41893.329
600255.SH,20240806,1.78,1.79,1.76,1.78,106467.0,18893.253
002010.SZ,20240806,3.87,3.92,3.83,3.88,92732.0,35838.593
001228.SZ,20240806,18.65,19.22,18.65,18.99,8272.0,15618.256
002827.SZ,20240806,19.77,20.17,19.26,19.64,54515.0,107530.229
002371.SZ,20240806,328.3,329.63,316.8,321.61,45093.6,1446838.462
600073.SH,20240806,5.76,5.8,5.72,5.79,55238.95,31809.947
300306.SZ,20240806,8.66,8.85,8.66,8.81,23644.0,20735.159
600120.SH,20240806,3.56,3.58,3.51,3.55,114653.19,40647.382
001308.SZ,20240806,19.5,19.68,19.39,19.54,15384.68,29976.884
000409.SZ,20240806,7.52,7.58,7.39,7.49,48728.33,36300.239
300462.SZ,20240806,10.15,10.3,9.75,10.21,148350.91,149318.447
002993.SZ,20240806,29.3,29.52,28.56,29.0,22187.0,64223.144
600705.SH,20240806,2.32,2.34,2.31,2.34,325552.0,75705.72
601156.SH,20240806,15.5,15.64,15.03,15.16,53177.17,80991.258
300428.SZ,20240806,16.68,16.92,16.51,16.74,33979.34,56823.767
688429.SH,20240806,16.13,16.57,15.88,16.0,8051.05,13100.017
600653.SH,20240806,1.34,1.37,1.33,1.35,357163.0,48013.193
603117.SH,20240806,4.36,4.53,4.31,4.53,59896.2,26556.323
300989.SZ,20240806,13.98,14.7,13.45,13.92,198443.58,279217.807
002857.SZ,20240806,10.15,10.59,10.13,10.51,55235.0,57346.364
300788.SZ,20240806,23.98,24.78,23.85,24.71,23176.0,56520.928
600463.SH,20240806,8.99,9.55,8.9,9.22,97212.0,90057.621
301129.SZ,20240806,19.86,20.09,19.02,19.7,31936.0,62185.632
600479.SH,20240806,10.24,10.39,10.17,10.39,49542.67,51031.451
603499.SH,20240806,15.77,15.91,15.38,15.54,31446.26,49042.398
605365.SH,20240806,14.85,14.85,14.33,14.54,14105.0,20482.196
002817.SZ,20240806,5.29,5.44,5.28,5.43,40032.62,21506.294
300494.SZ,20240806,9.59,10.35,9.59,10.06,493596.63,494189.05
002032.SZ,20240806,48.61,49.05,48.15,48.72,7452.93,36208.114
300296.SZ,20240806,4.18,4.27,4.14,4.19,175046.11,73133.209
002027.SZ,20240806,5.84,5.89,5.7,5.8,682317.46,393952.834
000839.SZ,20240806,2.4,2.43,2.36,2.41,197696.5,47231.153
002771.SZ,20240806,14.9,15.2,14.76,15.1,56341.9,84477.645
603106.SH,20240806,4.59,4.67,4.43,4.5,218450.79,98448.99
603075.SH,20240806,18.59,19.08,18.48,19.07,31483.15,59318.589
600780.SH,20240806,5.13,5.21,5.11,5.17,47408.0,24437.707
002237.SZ,20240806,10.86,11.07,10.63,10.76,115342.0,124549.639
603259.SH,20240806,42.95,43.7,42.5,43.4,573473.47,2478751.675
600798.SH,20240806,2.78,2.81,2.76,2.77,62726.1,17440.029
002243.SZ,20240806,5.55,5.64,5.51,5.61,86494.0,48197.396
301010.SZ,20240806,11.16,11.28,11.02,11.27,8435.0,9421.457
600928.SH,20240806,3.22,3.25,3.18,3.21,131250.87,42139.224
601600.SH,20240806,6.4,6.44,6.26,6.38,1194962.88,758217.387
002623.SZ,20240806,15.6,16.09,15.6,16.03,14440.0,23008.854
603517.SH,20240806,15.01,15.46,15.01,15.45,104349.4,159402.018
603212.SH,20240806,9.89,10.66,9.89,10.66,81001.27,85498.134
300671.SZ,20240806,30.6,30.86,29.35,30.04,68926.74,205419.682
600512.SH,20240806,2.16,2.19,2.07,2.09,531464.07,112071.398
002516.SZ,20240806,3.64,3.7,3.6,3.65,85902.0,31266.329
300329.SZ,20240806,4.51,5.14,4.19,5.02,546916.51,251742.162
002641.SZ,20240806,3.89,3.92,3.87,3.92,44023.31,17159.633
688390.SH,20240806,59.31,64.5,59.0,63.38,63659.64,395267.481
300122.SZ,20240806,26.96,27.4,26.84,27.3,216923.06,589075.161
300635.SZ,20240806,7.43,7.68,7.43,7.64,30591.0,23154.967
605366.SH,20240806,5.27,5.35,5.23,5.34,24166.7,12776.865
600941.SH,20240806,105.7,105.8,102.66,104.49,107762.83,1118274.503
603012.SH,20240806,4.39,4.47,4.39,4.46,50864.6,22569.38
603267.SH,20240806,38.5,39.43,37.94,38.79,91147.74,352928.435
002643.SZ,20240806,9.18,9.32,8.72,9.24,60613.58,55733.072
605118.SH,20240806,13.38,13.68,13.3,13.65,16944.0,22874.016
605296.SH,20240806,35.0,36.88,34.56,35.85,47529.12,170604.337
300938.SZ,20240806,18.62,19.05,18.36,18.78,22661.7,42338.48
300848.SZ,20240806,13.99,14.23,13.83,14.0,12223.7,17087.237
600217.SH,20240806,4.51,4.57,4.47,4.53,101657.68,45923.479
002007.SZ,20240806,16.23,16.39,16.05,16.36,68202.17,110898.158
688677.SH,20240806,31.96,32.74,31.68,32.48,8149.87,26229.208
300853.SZ,20240806,12.35,12.61,12.25,12.59,19675.0,24402.945
600366.SH,20240806,5.46,5.54,5.43,5.5,69736.21,38270.436
002968.SZ,20240806,8.37,8.65,8.37,8.64,27480.08,23400.469
000659.SZ,20240806,1.84,1.89,1.84,1.88,97581.1,18162.25
301118.SZ,20240806,17.54,18.23,17.1,17.75,40560.15,71629.64
300196.SZ,20240806,9.45,9.63,9.45,9.51,8152.0,7755.394
002609.SZ,20240806,7.15,7.33,7.06,7.28,74963.0,53933.852
603663.SH,20240806,13.88,14.6,13.5,14.19,192296.49,270697.16
000639.SZ,20240806,2.39,2.46,2.37,2.45,142437.28,34389.234
688503.SH,20240806,26.44,27.71,26.44,27.01,23596.57,64085.177
002942.SZ,20240806,11.67,11.95,11.67,11.86,11558.0,13640.5
002438.SZ,20240806,11.26,11.39,10.9,11.09,87535.67,97421.687
688007.SH,20240806,14.91,15.15,14.76,15.14,39846.47,59690.159
300992.SZ,20240806,16.27,16.55,15.89,16.32,13963.91,22604.473
600340.SH,20240806,1.08,1.09,1.06,1.09,616092.48,66222.744
002982.SZ,20240806,16.9,17.29,16.73,17.24,43247.7,73611.431
002224.SZ,20240806,3.8,3.83,3.71,3.81,26846.42,10179.904
605151.SH,20240806,14.5,14.67,14.44,14.58,4861.0,7062.011
300810.SZ,20240806,15.89,17.5,15.66,16.45,65505.59,108310.686
600642.SH,20240806,8.02,8.1,7.81,7.89,247016.78,195444.967
603585.SH,20240806,9.82,10.1,9.82,9.94,5228.4,5201.459
300307.SZ,20240806,5.26,5.37,5.26,5.37,109952.96,58501.325
688799.SH,20240806,38.94,39.36,38.5,39.28,3012.32,11710.569
000557.SZ,20240806,4.18,4.22,4.13,4.17,50136.3,20893.818
300221.SZ,20240806,4.78,4.81,4.64,4.73,117775.03,55421.217
002569.SZ,20240806,6.49,6.59,6.39,6.49,13132.02,8481.23
000153.SZ,20240806,5.28,5.44,5.28,5.43,69724.0,37378.723
002241.SZ,20240806,20.29,20.45,19.76,20.02,596070.56,1195259.525
300811.SZ,20240806,37.55,37.8,36.5,37.12,24223.37,89678.346
688981.SH,20240806,47.7,47.96,46.3,47.27,177103.37,832925.225
600640.SH,20240806,10.18,10.39,10.14,10.32,48782.01,50054.872
600783.SH,20240806,9.55,9.59,9.4,9.49,13335.04,12643.586
300598.SZ,20240806,28.8,28.93,28.11,28.41,38902.2,110697.512
000876.SZ,20240806,9.79,9.85,9.67,9.76,220847.1,215385.571
603779.SH,20240806,7.97,8.08,7.94,8.01,20834.25,16634.183
001270.SZ,20240806,34.43,35.32,34.05,34.6,40278.09,139729.065
600635.SH,20240806,3.6,3.6,3.38,3.38,1875242.81,642310.617
300908.SZ,20240806,25.51,26.25,25.3,25.93,13929.81,36013.378
301393.SZ,20240806,41.26,42.41,41.0,42.25,17714.17,74126.998
002164.SZ,20240806,3.76,3.9,3.76,3.86,87651.0,33482.199
300912.SZ,20240806,9.62,9.79,9.48,9.73,24820.0,23918.9
605580.SH,20240806,8.39,8.47,8.3,8.45,21618.69,18128.096
300936.SZ,20240806,33.99,34.22,33.05,33.6,14508.34,48666.216
600739.SH,20240806,8.35,8.45,8.34,8.42,96580.94,81057.391
300052.SZ,20240806,12.67,13.66,12.58,13.29,207465.63,271856.863
002538.SZ,20240806,4.61,4.73,4.61,4.68,65090.95,30357.751
603220.SH,20240806,19.38,19.54,18.89,19.17,104119.3,199343.506
000707.SZ,20240806,6.48,6.58,6.48,6.56,27525.0,17986.888
600563.SH,20240806,83.08,87.26,83.08,87.16,30564.89,261522.091
603660.SH,20240806,5.45,5.45,5.45,5.45,135741.0,73978.845
603336.SH,20240806,3.11,3.19,3.1,3.18,164197.75,51775.961
301336.SZ,20240806,29.8,30.2,29.26,29.69,3232.0,9573.84
600343.SH,20240806,8.48,9.25,8.23,9.25,207891.1,185341.262
601566.SH,20240806,7.7,7.94,7.7,7.91,18949.8,14838.624
001227.SZ,20240806,2.24,2.25,2.22,2.24,214401.24,47938.849
000417.SZ,20240806,4.24,4.31,4.23,4.3,114097.13,48740.545
688425.SH,20240806,3.72,3.74,3.69,3.73,167869.18,62403.076
300541.SZ,20240806,8.01,8.07,7.92,8.0,44529.6,35511.594
603713.SH,20240806,48.5,49.11,46.03,46.87,27880.37,131638.212
600228.SH,20240806,4.66,4.75,4.63,4.75,50680.3,23796.541
300830.SZ,20240806,5.59,5.67,5.5,5.64,51911.0,28942.62
600082.SH,20240806,1.98,2.0,1.96,2.0,79628.0,15773.113
600884.SH,20240806,7.44,7.58,7.44,7.54,85317.73,64116.743
300637.SZ,20240806,9.08,9.18,8.77,9.09,143345.9,128659.862
600219.SH,20240806,3.5,3.53,3.44,3.48,801047.84,278646.344
001331.SZ,20240806,10.5,10.65,10.41,10.56,12409.92,13047.008
002249.SZ,20240806,4.6,4.62,4.51,4.56,171275.4,78140.787
601700.SH,20240806,3.89,3.92,3.86,3.92,66556.74,25942.672
301288.SZ,20240806,10.92,11.02,10.75,11.02,7967.0,8694.908
300668.SZ,20240806,16.51,16.52,16.0,16.2,8382.0,13610.293
603129.SH,20240806,128.07,130.3,126.5,128.41,7319.0,93512.753
600335.SH,20240806,6.17,6.23,6.09,6.18,152723.98,93939.432
603329.SH,20240806,10.95,11.08,10.88,11.05,13061.0,14337.318
600162.SH,20240806,1.34,1.35,1.33,1.35,130095.5,17458.236
000818.SZ,20240806,18.83,18.94,17.41,17.88,163954.8,296712.943
688590.SH,20240806,10.76,10.97,10.7,10.88,54098.11,58527.892
001283.SZ,20240806,33.58,34.12,33.14,33.76,10528.0,35452.966
002077.SZ,20240806,12.15,12.24,11.91,12.09,146727.11,176554.736
300422.SZ,20240806,4.31,4.42,4.31,4.37,75015.78,32649.754
688353.SH,20240806,16.1,16.41,16.03,16.36,3552.01,5775.125
000534.SZ,20240806,9.8,10.1,9.8,10.08,33426.92,33343.341
600398.SH,20240806,6.45,6.51,6.3,6.38,254088.0,161871.033
600874.SH,20240806,5.64,5.71,5.63,5.69,58880.38,33387.748
300268.SZ,20240806,6.89,7.32,6.8,7.16,15762.0,11213.996
600745.SH,20240806,28.2,28.4,27.63,28.03,127488.18,355892.638
002104.SZ,20240806,5.05,5.11,5.03,5.09,53484.64,27088.932
300527.SZ,20240806,6.65,6.75,6.59,6.72,83960.47,56103.549
601860.SH,20240806,2.52,2.54,2.5,2.52,306025.34,77052.709
603022.SH,20240806,6.41,6.57,6.41,6.53,36983.0,24024.249
000862.SZ,20240806,4.26,4.33,4.25,4.31,70830.29,30404.124
603381.SH,20240806,24.6,25.77,24.29,25.53,152684.91,385257.223
600452.SH,20240806,9.98,10.11,9.88,10.0,79191.61,79229.806
603260.SH,20240806,47.0,47.7,46.29,46.85,10568.65,49685.223
000688.SZ,20240806,9.77,9.93,9.73,9.85,27267.0,26791.919
301565.SZ,20240806,23.92,25.47,22.63,24.74,251721.09,603681.327
000505.SZ,20240806,5.18,5.32,5.18,5.27,35674.0,18738.1
301097.SZ,20240806,35.29,36.68,34.82,36.68,3451.45,12313.877
301248.SZ,20240806,14.71,14.71,14.17,14.3,41615.0,59664.296
301555.SZ,20240806,27.58,28.0,27.2,27.67,13209.59,36446.997
301039.SZ,20240806,8.39,8.43,8.23,8.33,89645.42,74524.834
603163.SH,20240806,23.69,23.76,23.33,23.76,4305.0,10125.882
300792.SZ,20240806,14.92,15.2,14.91,15.19,23369.23,35185.523
300864.SZ,20240806,19.58,19.62,19.23,19.4,4625.69,8976.077
600085.SH,20240806,36.92,37.78,36.54,37.34,130329.0,485242.468
002225.SZ,20240806,3.44,3.47,3.4,3.45,97554.0,33509.715
600089.SH,20240806,13.28,13.47,13.23,13.36,219149.65,292654.054
300537.SZ,20240806,15.3,15.5,14.97,15.13,64667.2,98069.238
600877.SH,20240806,11.48,11.56,11.06,11.22,96923.0,108670.589
300274.SZ,20240806,68.32,71.66,68.3,70.88,358613.28,2526378.209
601998.SH,20240806,6.24,6.27,6.05,6.1,448374.08,274178.54
600186.SH,20240806,3.32,3.38,3.31,3.37,265961.01,88947.207
600756.SH,20240806,10.53,10.58,10.27,10.4,50969.33,53021.086
300667.SZ,20240806,14.2,14.65,13.65,14.22,119679.92,168455.727
301281.SZ,20240806,22.22,22.99,21.86,22.85,19981.53,45088.843
688012.SH,20240806,155.55,155.98,151.66,154.13,49967.47,767890.098
301314.SZ,20240806,29.78,30.38,29.43,30.27,6840.9,20495.336
301596.SZ,20240806,78.0,82.98,77.01,79.2,40268.0,321032.476
301203.SZ,20240806,26.13,26.28,25.96,26.13,2168.77,5652.859
300085.SZ,20240806,8.6,8.69,8.43,8.6,78047.0,66598.49
600189.SH,20240806,7.39,7.66,7.37,7.57,80712.0,60654.189
603270.SH,20240806,19.41,20.09,19.22,19.79,43618.56,85943.831
301232.SZ,20240806,29.99,34.28,29.99,34.28,123317.66,403895.944
002893.SZ,20240806,8.67,8.73,8.55,8.63,29070.85,25032.021
600420.SH,20240806,12.39,12.57,12.3,12.48,127725.02,159040.457
000919.SZ,20240806,6.47,6.6,6.46,6.6,46947.03,30691.914
000816.SZ,20240806,1.78,1.81,1.77,1.8,235901.7,42229.114
002826.SZ,20240806,8.3,8.76,8.27,8.62,96274.47,82366.342
000715.SZ,20240806,5.13,5.24,4.95,5.15,193793.86,98255.53
600206.SH,20240806,8.85,8.95,8.77,8.88,60973.01,53980.05
603909.SH,20240806,7.38,7.51,7.35,7.49,17226.0,12818.638
002217.SZ,20240806,1.2,1.22,1.19,1.21,219858.0,26522.051
300528.SZ,20240806,7.35,7.96,7.27,7.77,285230.6,217005.907
603586.SH,20240806,11.86,11.98,11.8,11.95,38146.46,45290.587
002674.SZ,20240806,8.9,9.0,8.89,8.96,13807.0,12344.075
002274.SZ,20240806,6.77,6.86,6.74,6.81,53133.04,36062.874
002404.SZ,20240806,5.37,5.4,5.32,5.38,29172.02,15640.11
003030.SZ,20240806,13.44,13.75,13.44,13.75,4740.0,6451.035
301301.SZ,20240806,11.95,13.12,11.76,12.95,803887.65,1002902.655
000100.SZ,20240806,3.73,3.78,3.7,3.77,1578109.13,589242.941
603116.SH,20240806,4.27,4.32,4.26,4.32,30846.8,13249.466
300180.SZ,20240806,3.73,3.79,3.7,3.74,274427.23,102589.37
603829.SH,20240806,11.41,11.53,11.26,11.45,22246.0,25381.515
002667.SZ,20240806,4.89,5.31,4.89,5.31,73509.0,37636.241
688399.SH,20240806,78.3,79.77,77.76,79.0,6181.17,48697.382
002333.SZ,20240806,5.35,5.36,5.26,5.32,17414.0,9227.118
000426.SZ,20240806,12.07,12.21,11.47,11.63,355175.9,417039.179
002094.SZ,20240806,2.05,2.09,2.04,2.09,195330.1,40420.596
002591.SZ,20240806,3.87,4.0,3.87,3.99,99028.0,39037.289
600804.SH,20240806,1.42,1.44,1.37,1.41,427611.0,59766.332
605136.SH,20240806,5.93,6.07,5.91,6.07,94313.55,56552.975
688079.SH,20240806,6.57,6.65,6.38,6.5,25200.63,16353.81
002205.SZ,20240806,6.18,6.23,6.12,6.2,22114.0,13668.37
600153.SH,20240806,7.64,7.7,7.58,7.64,150734.37,114948.031
688683.SH,20240806,15.15,15.2,14.88,14.93,2670.92,4003.419
603983.SH,20240806,22.42,22.98,22.17,22.92,35723.84,80840.534
600867.SH,20240806,8.01,8.16,8.01,8.15,144725.91,117388.161
600601.SH,20240806,2.75,2.78,2.72,2.75,593726.2,162616.442
301156.SZ,20240806,12.2,12.82,12.16,12.6,28719.6,35761.6
600729.SH,20240806,18.68,19.02,18.68,18.96,22146.11,41766.731
000537.SZ,20240806,8.6,8.75,8.6,8.74,54203.0,47065.151
002613.SZ,20240806,3.53,3.6,3.53,3.58,115401.31,41089.174
300525.SZ,20240806,11.23,11.54,11.13,11.33,54532.63,61716.158
000661.SZ,20240806,93.81,94.99,93.25,94.43,47566.54,447673.815
300376.SZ,20240806,2.66,2.72,2.62,2.66,288068.88,76630.018
000695.SZ,20240806,9.35,9.58,9.22,9.5,11485.1,10826.821
002167.SZ,20240806,5.2,5.35,5.14,5.27,162528.01,85229.387
300553.SZ,20240806,21.23,21.62,21.19,21.58,9998.0,21410.265
600730.SH,20240806,4.44,4.69,4.3,4.6,365247.04,164478.14
688047.SH,20240806,99.6,99.77,94.4,97.7,33693.68,325564.81
002352.SZ,20240806,34.74,34.86,34.35,34.5,78712.5,271833.104
600871.SH,20240806,1.85,1.88,1.85,1.87,390149.0,72880.731
688549.SH,20240806,6.23,6.27,6.15,6.22,40147.99,24873.074
300643.SZ,20240806,11.32,11.36,11.07,11.18,50808.0,56727.243
301238.SZ,20240806,13.5,13.69,13.41,13.66,39381.0,53434.297
002543.SZ,20240806,9.27,9.38,9.15,9.27,23111.64,21345.801
002061.SZ,20240806,3.65,3.69,3.63,3.68,118461.2,43355.941
300239.SZ,20240806,4.65,4.76,4.62,4.75,57582.0,27052.722
300069.SZ,20240806,10.51,11.05,10.35,10.94,52452.0,56289.575
600761.SH,20240806,16.9,17.32,16.85,17.11,93805.39,160180.655
601010.SH,20240806,1.77,1.84,1.77,1.83,144642.32,26065.341
002161.SZ,20240806,4.4,4.46,4.36,4.41,79811.0,35051.722
603231.SH,20240806,16.79,17.04,16.51,17.01,35929.64,60528.075
688458.SH,20240806,24.1,24.44,23.8,24.15,6878.85,16541.391
601121.SH,20240806,5.7,5.76,5.68,5.74,33422.0,19127.674
300969.SZ,20240806,68.0,68.49,66.6,67.21,7752.0,52126.008
301387.SZ,20240806,28.39,28.68,28.04,28.59,11486.36,32533.749
002214.SZ,20240806,12.43,12.99,12.11,12.59,84473.75,106546.95
688620.SH,20240806,7.21,7.34,7.18,7.29,15869.93,11516.202
000607.SZ,20240806,3.03,3.09,3.03,3.09,70672.0,21649.658
000513.SZ,20240806,36.33,36.69,36.03,36.6,44454.92,161701.074
300097.SZ,20240806,5.39,5.46,5.32,5.41,64322.0,34582.358
301358.SZ,20240806,27.15,27.44,26.81,27.23,28275.0,76720.367
002614.SZ,20240806,5.5,5.54,5.47,5.51,37405.83,20584.108
000797.SZ,20240806,2.5,2.55,2.49,2.54,296875.04,74734.219
300468.SZ,20240806,7.91,8.01,7.84,7.95,75298.82,59498.338
688058.SH,20240806,19.77,19.89,19.29,19.54,3987.71,7788.447
300897.SZ,20240806,16.9,17.27,16.78,17.23,5538.24,9434.664
002773.SZ,20240806,20.56,21.09,20.53,20.84,48121.45,100155.246
688450.SH,20240806,20.05,20.5,20.03,20.4,2478.15,5012.554
605303.SH,20240806,6.55,6.71,6.49,6.68,22035.0,14614.58
603003.SH,20240806,4.5,4.54,4.28,4.54,118245.0,52099.003
003022.SZ,20240806,13.35,13.65,13.33,13.45,43932.1,59184.462
603192.SH,20240806,12.73,12.91,12.67,12.8,9023.0,11530.985
000590.SZ,20240806,5.25,5.44,5.22,5.42,40306.0,21607.847
688655.SH,20240806,8.58,8.63,8.41,8.58,9790.11,8350.377
600960.SH,20240806,2.85,2.89,2.8,2.85,139623.0,39563.557
002033.SZ,20240806,8.75,8.94,8.74,8.93,126166.98,111716.244
002236.SZ,20240806,14.35,14.39,14.16,14.28,184271.55,262660.055
600476.SH,20240806,12.51,12.81,12.4,12.66,60837.0,76703.417
301088.SZ,20240806,10.52,10.72,10.52,10.71,9380.76,9995.195
002995.SZ,20240806,14.18,14.4,13.98,14.31,47218.63,66948.312
002649.SZ,20240806,7.7,7.81,7.67,7.76,65668.0,50818.729
300217.SZ,20240806,3.55,3.58,3.51,3.55,109980.8,38938.618
600817.SH,20240806,9.3,9.52,9.16,9.5,104688.0,98299.201
600302.SH,20240806,3.53,3.66,3.52,3.65,40591.0,14631.929
301196.SZ,20240806,27.0,27.37,26.93,27.32,3271.0,8874.457
300693.SZ,20240806,20.23,21.64,20.23,20.75,139508.78,291010.528
301033.SZ,20240806,37.77,38.99,37.77,38.7,3396.0,13054.415
688578.SH,20240806,51.47,52.62,50.8,51.26,36694.05,188737.667
601128.SH,20240806,7.04,7.1,6.95,7.02,158992.22,111245.365
600198.SH,20240806,5.01,5.05,4.96,5.03,50313.75,25180.106
603378.SH,20240806,7.45,7.54,6.93,6.97,180051.98,128059.986
301117.SZ,20240806,27.39,27.59,26.18,27.47,68786.44,185990.227
601229.SH,20240806,7.33,7.37,7.13,7.19,434267.53,313212.05
600234.SH,20240806,2.96,3.13,2.93,2.94,73721.4,22206.501
300958.SZ,20240806,10.29,10.29,10.05,10.24,14038.67,14274.834
300049.SZ,20240806,45.45,46.06,44.38,45.23,23013.0,104076.388
002097.SZ,20240806,6.06,6.13,5.98,6.07,154976.33,93965.865
600067.SH,20240806,1.91,1.92,1.87,1.91,101517.0,19217.407
600183.SH,20240806,18.29,18.62,18.09,18.4,216773.4,396657.275
603122.SH,20240806,5.43,5.67,5.43,5.67,110573.0,61747.191
301182.SZ,20240806,17.2,17.6,16.78,17.07,31801.9,54208.649
300455.SZ,20240806,12.45,13.23,12.15,12.83,409339.86,520240.14
603826.SH,20240806,27.32,27.97,27.15,27.46,17548.6,48120.65
300138.SZ,20240806,7.99,8.09,7.95,8.09,30804.0,24752.682
301446.SZ,20240806,18.15,18.66,18.12,18.65,22970.7,42348.196
002295.SZ,20240806,5.09,5.2,5.09,5.19,23926.0,12306.507
002286.SZ,20240806,6.32,6.44,6.29,6.43,47499.0,30191.027
600732.SH,20240806,9.28,9.74,9.2,9.48,734529.72,697619.029
000825.SZ,20240806,3.53,3.57,3.5,3.52,185353.15,65414.988
002239.SZ,20240806,2.37,2.39,2.34,2.37,264208.66,62406.05
600651.SH,20240806,2.85,2.91,2.84,2.87,92467.2,26549.366
002479.SZ,20240806,3.55,3.58,3.54,3.57,37060.0,13192.017
688567.SH,20240806,9.07,9.35,9.07,9.31,70897.34,65391.516
000555.SZ,20240806,8.47,8.58,8.42,8.55,64043.85,54455.047
300898.SZ,20240806,16.52,17.22,16.52,17.17,22438.0,38086.708
601588.SH,20240806,1.38,1.4,1.37,1.39,154270.13,21412.032
002429.SZ,20240806,4.93,4.99,4.58,4.7,753488.29,354759.167
002072.SZ,20240806,3.84,3.84,3.84,3.84,24480.0,9400.32
300054.SZ,20240806,20.63,20.75,20.2,20.62,61360.66,125379.612
002338.SZ,20240806,28.5,28.6,27.78,28.13,55781.92,156506.192
300474.SZ,20240806,61.0,61.5,60.03,60.93,48754.54,295819.092
603068.SH,20240806,20.79,20.83,20.09,20.4,39535.98,80307.434
605077.SH,20240806,13.6,13.95,13.56,13.75,8846.44,12131.912
688381.SH,20240806,18.5,18.64,18.1,18.44,28218.93,51594.046
688693.SH,20240806,31.87,31.99,30.3,30.81,22609.17,69906.402
301230.SZ,20240806,23.0,24.58,22.71,24.02,65204.54,154509.681
002437.SZ,20240806,1.88,1.94,1.87,1.93,490894.33,93564.045
301235.SZ,20240806,18.07,18.44,18.0,18.4,7260.18,13240.465
301231.SZ,20240806,16.68,16.95,16.42,16.9,44583.01,74451.389
600456.SH,20240806,24.48,24.9,24.46,24.82,45017.95,111053.186
002567.SZ,20240806,5.59,5.65,5.47,5.58,370002.11,205425.559
000605.SZ,20240806,4.69,4.74,4.67,4.74,31382.0,14789.703
002454.SZ,20240806,5.5,5.53,5.43,5.49,37926.0,20761.995
600159.SH,20240806,2.15,2.2,2.13,2.2,135688.2,29387.919
002196.SZ,20240806,4.62,4.71,4.39,4.46,578423.54,258740.422
300782.SZ,20240806,73.41,73.58,71.37,72.5,48098.95,347811.625
601016.SH,20240806,2.94,2.97,2.92,2.95,265738.6,78178.391
300745.SZ,20240806,13.92,14.14,13.78,14.02,25240.0,35110.457
300065.SZ,20240806,6.29,6.52,6.29,6.45,158874.87,101858.975
300460.SZ,20240806,8.4,8.5,8.2,8.39,108885.56,90560.359
002328.SZ,20240806,4.65,4.68,4.58,4.65,41870.7,19412.276
002324.SZ,20240806,8.01,8.1,7.95,8.06,42259.44,33910.02
002483.SZ,20240806,4.4,4.46,4.37,4.43,68310.0,30187.993
603279.SH,20240806,17.88,18.37,17.88,18.28,19679.11,35785.074
300657.SZ,20240806,13.29,13.59,13.05,13.21,58819.03,77588.24
301255.SZ,20240806,28.51,29.78,28.31,29.33,16609.12,48361.586
300584.SZ,20240806,16.35,17.2,16.08,17.2,55536.0,92889.725
600599.SH,20240806,8.19,8.27,8.05,8.24,8626.0,7028.478
301169.SZ,20240806,30.27,30.56,29.3,30.14,17197.0,51367.124
002481.SZ,20240806,4.41,4.5,4.4,4.49,132441.39,58908.411
002611.SZ,20240806,5.89,6.05,5.76,5.99,923765.22,547357.635
603685.SH,20240806,10.55,10.88,10.54,10.68,7037.91,7476.201
688585.SH,20240806,5.05,5.07,4.94,5.07,15086.92,7554.377
300170.SZ,20240806,5.98,6.04,5.89,5.96,153291.65,91221.519
300441.SZ,20240806,6.1,6.16,6.04,6.12,82683.0,50460.036
002162.SZ,20240806,2.83,2.93,2.81,2.93,120139.09,34488.546
688432.SH,20240806,9.34,9.38,9.12,9.27,23488.57,21606.5
002676.SZ,20240806,4.19,4.22,4.12,4.18,102876.7,42756.722
002189.SZ,20240806,14.36,14.5,14.18,14.43,39509.41,56735.056
300851.SZ,20240806,25.72,26.22,24.7,25.7,45312.73,114582.768
603759.SH,20240806,5.75,5.76,5.7,5.74,11534.28,6608.671
603867.SH,20240806,20.55,21.22,20.55,20.89,13692.5,28537.869
600865.SH,20240806,6.68,6.9,6.68,6.89,13281.0,9031.84
601179.SH,20240806,6.96,7.0,6.77,6.94,433381.74,297954.694
002929.SZ,20240806,27.2,27.36,26.68,27.02,30290.0,81634.12
300920.SZ,20240806,13.87,14.14,13.75,14.02,8401.57,11717.818
600070.SH,20240806,1.16,1.16,1.16,1.16,49167.03,5703.375
600654.SH,20240806,2.33,2.38,2.32,2.34,111000.64,26096.425
002560.SZ,20240806,5.61,5.76,5.59,5.64,107472.0,60819.699
688348.SH,20240806,47.38,49.61,47.38,48.77,40429.56,196825.047
601890.SH,20240806,7.16,7.26,7.12,7.24,113923.99,81962.048
603380.SH,20240806,17.94,17.94,17.6,17.81,9771.0,17351.762
301370.SZ,20240806,10.49,10.87,10.39,10.83,154326.93,164791.255
002358.SZ,20240806,3.17,3.2,3.16,3.19,70298.47,22359.292
688525.SH,20240806,51.0,51.51,48.91,49.86,124282.66,617311.656
002677.SZ,20240806,7.17,7.25,7.14,7.25,13270.0,9561.787
300705.SZ,20240806,24.5,24.5,23.7,24.07,28939.48,69405.852
600096.SH,20240806,19.21,19.38,19.01,19.23,136428.24,261962.602
300112.SZ,20240806,6.61,6.77,6.61,6.74,46691.9,31344.809
000672.SZ,20240806,6.38,6.44,6.3,6.37,25189.0,16004.861
300630.SZ,20240806,8.73,9.75,8.42,9.55,583782.26,532902.114
601298.SH,20240806,8.95,8.99,8.54,8.67,171644.0,148670.667
000030.SZ,20240806,5.0,5.08,4.77,4.84,147777.24,71641.346
301588.SZ,20240806,21.24,21.65,21.24,21.54,15109.11,32448.622
000833.SZ,20240806,4.86,4.98,4.86,4.97,52666.28,25926.262
301310.SZ,20240806,21.13,22.2,20.98,21.8,12424.89,26624.571
601607.SH,20240806,19.0,19.15,18.76,19.13,117887.25,223640.926
603629.SH,20240806,15.98,16.11,15.68,15.96,37886.0,60107.587
600322.SH,20240806,1.34,1.38,1.33,1.38,259129.38,35146.726
601059.SH,20240806,14.03,14.09,13.6,13.85,188987.0,260684.563
300155.SZ,20240806,3.3,3.38,3.25,3.38,100634.0,33347.22
300435.SZ,20240806,10.76,10.96,10.74,10.86,26658.0,28855.94
002472.SZ,20240806,21.19,21.42,20.8,21.06,79121.95,166482.81
601390.SH,20240806,6.18,6.22,6.05,6.1,809972.75,494737.89
002747.SZ,20240806,13.09,13.25,12.77,13.0,117442.0,152471.379
300235.SZ,20240806,7.72,8.29,7.64,8.09,110345.5,88014.942
600727.SH,20240806,6.82,6.89,6.76,6.86,169340.0,115406.957
600066.SH,20240806,20.88,20.98,20.5,20.7,223376.3,461652.084
601065.SH,20240806,8.63,8.73,8.63,8.7,26975.0,23415.041
603344.SH,20240806,21.85,21.97,21.59,21.76,20470.59,44606.415
603281.SH,20240806,23.12,23.43,23.12,23.38,7359.62,17149.067
000031.SZ,20240806,2.4,2.42,2.37,2.42,83297.0,19985.226
300403.SZ,20240806,6.45,6.55,6.41,6.52,95840.5,62087.397
000822.SZ,20240806,5.52,5.58,5.49,5.55,50874.08,28156.512
002877.SZ,20240806,6.77,6.86,6.74,6.86,27787.0,18913.921
688562.SH,20240806,14.86,15.38,14.81,15.19,28492.59,43037.324
600293.SH,20240806,2.46,2.49,2.45,2.48,44529.77,10977.263
000858.SZ,20240806,126.52,128.0,125.38,125.9,153472.83,1940983.189
600801.SH,20240806,13.99,14.14,13.67,13.9,42537.6,58804.33
000561.SZ,20240806,6.47,6.68,6.45,6.6,107949.59,70825.918
600358.SH,20240806,2.63,2.63,2.51,2.62,132333.0,34145.304
000421.SZ,20240806,5.4,5.45,5.09,5.2,520080.0,269502.653
301012.SZ,20240806,19.99,20.36,19.87,20.17,29038.4,58433.695
301030.SZ,20240806,22.2,23.7,22.2,23.63,135739.46,316309.949
000498.SZ,20240806,5.1,5.17,5.1,5.14,50474.0,25895.288
000596.SZ,20240806,181.21,183.6,179.06,180.83,14153.5,255747.799
300032.SZ,20240806,3.05,3.12,3.04,3.1,105049.79,32327.088
605055.SH,20240806,4.14,4.21,4.1,4.21,14358.0,5999.353
605008.SH,20240806,11.65,11.84,11.59,11.76,11310.2,13272.354
301011.SZ,20240806,13.83,14.31,13.78,14.16,19788.61,27793.933
603856.SH,20240806,10.1,10.17,10.02,10.14,9105.6,9176.412
600561.SH,20240806,6.28,6.28,5.75,5.75,488114.94,286988.355
002947.SZ,20240806,32.12,33.05,31.5,32.2,41988.89,135411.574
002265.SZ,20240806,8.78,9.0,8.77,8.96,25543.17,22692.125
600032.SH,20240806,7.13,7.22,7.08,7.15,49882.39,35647.009
600259.SH,20240806,25.47,25.6,25.23,25.48,13747.0,34988.861
600048.SH,20240806,8.33,8.65,8.3,8.58,1260067.44,1069015.006
300127.SZ,20240806,14.25,14.47,14.18,14.3,13432.0,19201.633
603050.SH,20240806,26.29,26.78,26.15,26.54,31171.45,82507.499
600004.SH,20240806,9.59,9.69,9.51,9.58,93266.01,89425.151
688768.SH,20240806,24.47,24.7,23.6,24.05,3386.02,8091.535
300284.SZ,20240806,7.94,8.09,7.51,7.65,961384.14,742373.331
002075.SZ,20240806,4.23,4.26,4.17,4.23,306053.6,128976.509
301280.SZ,20240806,33.69,34.31,33.33,33.76,9350.0,31518.206
300530.SZ,20240806,15.35,15.84,15.35,15.7,11839.0,18517.966
002683.SZ,20240806,18.61,19.06,18.55,18.8,32377.41,60823.681
600498.SH,20240806,14.8,14.85,14.45,14.59,124336.5,181369.403
000738.SZ,20240806,21.16,21.6,21.02,21.33,94169.05,200461.239
603716.SH,20240806,6.39,6.85,6.1,6.74,305381.22,198266.459
002878.SZ,20240806,10.74,10.9,10.66,10.89,53589.49,57775.34
605488.SH,20240806,11.84,12.08,11.84,12.05,16805.75,20092.01
603131.SH,20240806,14.6,15.71,14.2,15.41,418091.1,634623.403
603026.SH,20240806,30.2,30.6,30.01,30.4,16983.71,51423.647
688365.SH,20240806,5.67,5.75,5.64,5.73,35803.67,20397.759
000533.SZ,20240806,3.13,3.17,3.11,3.17,50475.9,15848.62
002026.SZ,20240806,8.26,8.4,8.24,8.34,53929.0,44845.117
002746.SZ,20240806,5.76,5.84,5.73,5.79,45434.58,26282.624
300409.SZ,20240806,8.71,8.95,8.7,8.81,69702.23,61384.036
603059.SH,20240806,20.86,21.42,20.82,21.3,4316.0,9150.195
601033.SH,20240806,14.93,15.09,14.7,14.9,25513.17,37902.191
601083.SH,20240806,9.23,9.31,9.19,9.28,39904.07,36913.721
002415.SZ,20240806,27.7,27.9,27.54,27.73,257510.85,712425.213
002561.SZ,20240806,8.3,8.5,8.05,8.43,315701.52,261577.441
688387.SH,20240806,4.99,5.08,4.98,5.02,94130.42,47219.886
605179.SH,20240806,9.05,9.36,9.05,9.32,26611.0,24598.945
300470.SZ,20240806,30.49,30.87,30.15,30.53,6551.45,19998.919
688377.SH,20240806,11.95,12.15,11.93,12.1,8629.52,10396.963
300047.SZ,20240806,6.45,6.53,6.35,6.46,128523.0,82526.627
002601.SZ,20240806,16.81,16.9,16.46,16.57,101097.3,167875.045
002299.SZ,20240806,13.18,13.3,13.1,13.26,51499.03,68053.6
688375.SH,20240806,41.79,43.39,41.61,42.95,14005.9,59843.04
688550.SH,20240806,21.34,21.67,21.2,21.45,15679.97,33551.997
300538.SZ,20240806,13.84,14.1,13.7,14.06,51548.0,71625.358
000829.SZ,20240806,8.5,8.64,8.21,8.3,632462.74,528689.101
603855.SH,20240806,18.91,19.15,18.71,18.96,10373.81,19605.584
000063.SZ,20240806,26.15,26.27,25.85,26.05,430292.42,1119120.586
002069.SZ,20240806,2.5,2.57,2.49,2.57,83517.5,21192.702
003009.SZ,20240806,39.75,41.33,39.28,40.69,37667.72,152111.22
002798.SZ,20240806,3.23,3.32,3.22,3.31,58534.0,19205.317
300808.SZ,20240806,16.16,16.37,15.97,16.13,10704.0,17249.948
002951.SZ,20240806,4.12,4.13,4.05,4.08,7464.0,3040.522
002170.SZ,20240806,5.09,5.15,5.08,5.15,41164.01,21060.9
600029.SH,20240806,6.0,6.09,5.86,5.91,592229.86,353244.918
600025.SH,20240806,11.45,11.58,11.32,11.41,215678.3,246239.433
300824.SZ,20240806,7.88,7.94,7.67,7.86,51750.0,40300.315
688630.SH,20240806,55.0,55.3,53.75,55.2,11249.12,61610.722
605358.SH,20240806,22.9,23.03,22.25,22.55,65759.84,147884.606
002370.SZ,20240806,2.55,2.64,2.52,2.62,258152.5,66624.346
300876.SZ,20240806,15.22,15.58,15.2,15.4,5595.49,8587.92
688510.SH,20240806,15.55,16.08,15.35,15.86,28480.64,44942.264
002977.SZ,20240806,29.17,30.45,28.5,29.58,56880.96,167833.058
002430.SZ,20240806,19.15,19.57,19.0,19.33,40977.28,78705.464
600901.SH,20240806,4.91,4.93,4.74,4.76,442967.92,212415.962
600843.SH,20240806,9.5,9.73,8.33,8.33,1080092.18,930345.58
300659.SZ,20240806,11.92,12.3,11.77,12.1,31774.0,38302.128
600608.SH,20240806,2.43,2.55,2.42,2.55,62923.36,15721.198
600935.SH,20240806,2.22,2.26,2.22,2.25,64576.11,14472.277
300343.SZ,20240806,4.61,4.64,4.52,4.57,92886.18,42533.922
603630.SH,20240806,9.97,10.05,9.91,10.05,14259.5,14233.399
688502.SH,20240806,90.64,92.9,87.8,90.18,4429.6,39671.786
600169.SH,20240806,1.9,1.91,1.88,1.91,96052.0,18197.42
000906.SZ,20240806,6.26,6.32,6.24,6.3,27510.73,17280.136
002175.SZ,20240806,1.7,1.72,1.67,1.71,129192.0,21892.632
300061.SZ,20240806,6.0,6.25,5.9,6.04,1265272.88,765137.556
600869.SH,20240806,3.37,3.45,3.36,3.41,387321.35,131872.895
688363.SH,20240806,63.22,64.96,63.11,64.77,22436.94,144279.525
002645.SZ,20240806,6.34,6.42,6.3,6.4,79817.0,50799.024
601088.SH,20240806,38.51,38.7,37.89,38.15,190758.06,728251.59
603639.SH,20240806,11.21,11.66,11.21,11.65,19882.75,22828.188
600459.SH,20240806,12.96,13.08,12.8,12.94,42266.51,54605.8
000151.SZ,20240806,9.37,9.43,9.23,9.37,38592.0,36024.55
688692.SH,20240806,218.11,228.0,215.12,226.54,10042.1,224185.644
601012.SH,20240806,14.35,14.68,14.25,14.45,1188741.57,1718248.81
603112.SH,20240806,10.16,10.17,9.95,10.06,12137.0,12180.495
688707.SH,20240806,8.71,8.99,8.53,8.77,62210.52,54477.165
300837.SZ,20240806,19.37,19.77,19.37,19.77,6169.0,12096.883
603299.SH,20240806,9.25,9.33,9.17,9.25,42487.71,39263.896
605167.SH,20240806,7.82,7.95,7.8,7.88,23350.0,18381.879
000301.SZ,20240806,7.79,7.96,7.76,7.83,94160.82,73962.017
600462.SH,20240806,1.17,1.22,1.17,1.22,86685.0,10377.157
603209.SH,20240806,13.7,14.45,13.7,14.29,42869.92,60693.598
605222.SH,20240806,16.63,16.95,16.45,16.68,18380.0,30656.069
002015.SZ,20240806,7.4,7.63,7.4,7.61,199820.9,150443.109
300340.SZ,20240806,6.57,6.67,6.51,6.58,26558.0,17470.255
300532.SZ,20240806,12.57,12.72,11.97,12.19,126963.74,155839.677
000677.SZ,20240806,2.64,2.69,2.6,2.64,122657.08,32232.205
002442.SZ,20240806,4.23,4.28,4.21,4.28,54317.12,23070.186
000702.SZ,20240806,4.73,4.92,4.62,4.82,402114.2,191564.7
603363.SH,20240806,3.71,3.74,3.67,3.72,90734.69,33583.682
001203.SZ,20240806,8.21,8.33,8.2,8.27,51803.08,42783.585
001332.SZ,20240806,23.04,24.2,23.0,23.41,12509.4,29433.229
301155.SZ,20240806,40.4,42.08,40.4,41.38,22201.0,91230.926
688603.SH,20240806,50.0,51.18,49.41,51.18,7139.37,35877.653
000913.SZ,20240806,15.4,15.64,15.17,15.4,85350.89,131245.187
600755.SH,20240806,6.34,6.39,6.26,6.32,99350.28,62813.08
300500.SZ,20240806,10.37,10.95,10.37,10.61,51212.2,54145.45
000525.SZ,20240806,6.77,6.77,6.5,6.6,59258.0,39223.381
603309.SH,20240806,11.3,11.8,11.28,11.73,62035.69,71913.205
600106.SH,20240806,3.99,4.06,3.89,3.95,208773.68,82598.873
002988.SZ,20240806,14.42,14.67,14.4,14.65,16390.0,23824.169
301013.SZ,20240806,9.31,9.55,9.22,9.33,44881.0,41943.362
600610.SH,20240806,3.9,3.97,3.89,3.96,103254.0,40616.306
603590.SH,20240806,23.8,24.28,23.41,24.28,9305.0,22236.232
002736.SZ,20240806,8.83,8.92,8.71,8.76,119875.1,105248.19
300731.SZ,20240806,14.19,14.35,14.03,14.21,19246.0,27261.337
300725.SZ,20240806,30.49,31.02,30.01,30.99,57833.82,177555.401
603350.SH,20240806,35.5,36.2,34.1,35.19,104397.64,367309.693
688046.SH,20240806,11.32,11.8,11.2,11.72,32326.65,37215.851
002364.SZ,20240806,5.79,5.86,5.77,5.85,62318.0,36255.5
603948.SH,20240806,15.06,15.39,15.01,15.26,6583.0,9983.934
002908.SZ,20240806,7.12,7.26,7.11,7.24,43059.36,30900.656
600585.SH,20240806,23.2,23.62,23.07,23.53,161984.86,378179.728
002727.SZ,20240806,13.54,13.82,13.43,13.62,145550.86,197296.794
301456.SZ,20240806,21.89,22.49,21.89,22.31,18868.19,41817.497
002577.SZ,20240806,11.47,11.66,11.23,11.42,18361.0,20858.585
300516.SZ,20240806,28.6,29.41,28.48,29.1,22938.5,66502.304
001360.SZ,20240806,13.81,14.26,13.55,14.22,50013.83,70017.696
000881.SZ,20240806,6.19,6.26,6.17,6.24,46300.0,28807.821
603615.SH,20240806,11.27,11.56,11.2,11.45,33613.0,38183.28
000981.SZ,20240806,1.22,1.31,1.17,1.22,3473053.63,424401.005
002304.SZ,20240806,80.62,81.5,80.2,80.69,33528.93,270429.042
300079.SZ,20240806,4.0,4.05,3.96,4.02,143467.38,57402.688
002726.SZ,20240806,7.01,7.13,6.96,7.1,214200.9,151319.445
601186.SH,20240806,8.26,8.3,8.15,8.24,420798.0,345457.875
300706.SZ,20240806,18.1,18.39,17.88,18.1,18513.0,33369.836
002721.SZ,20240806,2.13,2.15,2.12,2.15,32873.0,7006.792
301131.SZ,20240806,32.55,33.09,32.45,32.75,5830.0,19060.328
002582.SZ,20240806,5.17,5.37,5.15,5.34,82934.0,43730.319
688539.SH,20240806,24.62,25.52,24.62,25.09,9225.42,23040.95
002837.SZ,20240806,21.65,22.09,21.29,21.45,111212.31,239881.972
301076.SZ,20240806,17.4,17.69,17.3,17.55,17725.31,30972.366
300510.SZ,20240806,3.41,3.48,3.41,3.47,72889.0,25123.91
000789.SZ,20240806,4.56,4.59,4.5,4.53,31804.0,14435.674
300826.SZ,20240806,12.42,12.56,12.2,12.53,69675.82,86529.275
603010.SH,20240806,8.99,9.08,8.96,9.07,10889.0,9824.704
688579.SH,20240806,7.46,7.59,7.38,7.51,34508.08,25786.12
002537.SZ,20240806,5.19,5.28,5.16,5.21,69585.41,36220.227
603890.SH,20240806,7.89,8.0,7.86,7.98,89357.0,70807.262
002697.SZ,20240806,4.25,4.32,4.24,4.32,174564.24,74759.128
600893.SH,20240806,38.73,39.64,38.6,39.1,154180.49,603065.175
603588.SH,20240806,5.08,5.12,4.92,5.0,203182.82,101638.86
300554.SZ,20240806,22.4,22.63,21.8,22.19,47618.0,105449.41
301108.SZ,20240806,24.02,24.39,23.9,24.28,5447.54,13166.886
300114.SZ,20240806,46.97,47.18,46.44,47.09,78360.39,366913.657
002774.SZ,20240806,6.03,6.21,6.03,6.18,31011.5,19030.641
600201.SH,20240806,6.72,6.85,6.71,6.85,107554.04,73095.461
300253.SZ,20240806,5.42,5.57,5.39,5.55,304226.43,166658.624
688626.SH,20240806,28.35,28.35,27.65,28.3,6431.35,18017.431
600056.SH,20240806,10.44,10.59,10.37,10.58,124172.61,130565.916
002514.SZ,20240806,4.0,4.11,3.99,4.11,101737.0,41381.948
603699.SH,20240806,17.35,17.56,17.17,17.4,31002.91,53806.588
000798.SZ,20240806,6.29,6.45,6.29,6.43,42510.02,27079.299
300802.SZ,20240806,14.33,14.56,13.83,14.08,11448.6,15992.208
603227.SH,20240806,6.65,7.05,6.65,6.99,190660.65,131845.822
002105.SZ,20240806,3.99,4.09,3.99,4.07,39962.0,16153.183
002180.SZ,20240806,25.44,25.58,24.81,25.09,56096.98,140749.484
301185.SZ,20240806,13.64,14.41,13.47,14.13,56439.9,78313.691
603688.SH,20240806,26.99,28.26,26.99,27.77,122406.57,338699.337
600847.SH,20240806,6.89,6.9,6.86,6.9,16798.0,11559.745
600905.SH,20240806,4.77,4.8,4.72,4.76,776368.57,369124.919
301298.SZ,20240806,12.33,12.68,12.19,12.68,15898.72,19766.926
688602.SH,20240806,6.93,7.08,6.93,7.08,30935.32,21648.999
301133.SZ,20240806,21.31,22.08,21.22,21.79,21957.7,47410.877
300568.SZ,20240806,7.77,7.87,7.71,7.83,141519.34,110345.078
002666.SZ,20240806,3.51,3.58,3.5,3.54,49076.0,17373.081
605258.SH,20240806,27.0,27.16,26.27,26.91,39065.36,103958.412
300473.SZ,20240806,15.34,16.2,15.03,16.09,131485.59,206271.433
600674.SH,20240806,18.83,18.93,18.42,18.55,140571.67,261528.742
300719.SZ,20240806,18.08,18.38,16.99,18.0,238194.03,426982.585
603357.SH,20240806,8.7,8.7,8.44,8.59,115724.85,98972.474
600227.SH,20240806,1.44,1.47,1.42,1.47,232371.0,33579.44
301603.SZ,20240806,40.5,41.37,40.2,40.81,39587.38,161031.318
601798.SH,20240806,5.06,5.4,5.06,5.26,148171.02,77877.751
301529.SZ,20240806,30.33,30.6,29.51,29.99,7558.06,22632.678
300010.SZ,20240806,2.88,3.2,2.71,3.08,1564134.02,463401.313
001376.SZ,20240806,17.5,17.94,17.49,17.68,45204.0,79900.76
600155.SH,20240806,6.34,6.38,6.21,6.29,248828.0,156092.226
002266.SZ,20240806,2.87,2.91,2.85,2.88,163830.61,47142.032
603816.SH,20240806,25.23,25.66,24.5,25.03,113101.0,282996.631
301533.SZ,20240806,26.15,26.38,25.8,26.36,11030.78,28911.141
600517.SH,20240806,4.23,4.24,4.14,4.18,115995.6,48602.037
300157.SZ,20240806,1.92,1.96,1.92,1.96,87487.0,16952.564
601988.SH,20240806,4.66,4.68,4.58,4.61,1789459.01,825638.637
300953.SZ,20240806,52.0,52.8,49.41,50.35,12709.0,64692.69
600176.SH,20240806,10.5,10.57,10.32,10.42,91140.45,94734.749
300956.SZ,20240806,16.39,16.64,16.13,16.38,87868.12,143267.469
300777.SZ,20240806,21.9,22.29,21.62,22.05,57508.21,126612.317
300402.SZ,20240806,12.88,13.09,12.75,13.0,34953.0,45144.933
300814.SZ,20240806,23.76,24.02,23.32,23.65,21312.0,50233.267
601990.SH,20240806,7.85,7.89,7.7,7.78,110880.45,86040.755
603181.SH,20240806,8.24,8.36,8.24,8.33,11310.03,9385.577
002400.SZ,20240806,4.91,4.93,4.86,4.89,235388.77,115240.205
601139.SH,20240806,6.74,6.77,6.65,6.71,76732.25,51507.532
603356.SH,20240806,13.0,13.26,12.85,13.02,26748.99,34782.915
600455.SH,20240806,14.67,15.4,14.53,15.23,23672.01,35546.644
002187.SZ,20240806,4.38,4.5,4.38,4.5,43694.0,19401.129
300076.SZ,20240806,3.24,3.37,3.24,3.33,112634.52,37082.363
300176.SZ,20240806,4.46,4.57,4.44,4.52,47202.0,21191.952
002587.SZ,20240806,6.0,6.09,5.87,5.93,255970.52,152453.714
002019.SZ,20240806,12.17,12.4,12.05,12.38,75629.5,92600.46
300214.SZ,20240806,5.19,5.28,5.19,5.25,22207.0,11605.046
002895.SZ,20240806,16.51,16.69,16.26,16.42,22504.33,36975.771
300048.SZ,20240806,4.45,4.56,4.45,4.51,44571.46,20065.295
603776.SH,20240806,11.45,11.5,10.68,11.01,98479.0,107275.932
002313.SZ,20240806,6.17,6.46,6.04,6.45,356445.49,220947.927
600854.SH,20240806,3.8,3.85,3.75,3.84,52818.0,20077.205
603859.SH,20240806,17.49,17.69,17.22,17.66,43968.44,76624.637
688082.SH,20240806,88.17,88.7,86.62,88.15,8452.99,73942.987
000665.SZ,20240806,3.45,3.49,3.44,3.48,60021.8,20801.596
688037.SH,20240806,66.47,67.67,65.0,67.21,42023.46,279117.478
000425.SZ,20240806,6.35,6.49,6.35,6.48,579175.53,373288.754
000802.SZ,20240806,4.96,5.04,4.95,5.03,40142.3,20049.841
600829.SH,20240806,5.81,6.01,5.8,6.01,55268.0,32704.16
000037.SZ,20240806,7.63,7.7,7.51,7.68,59318.0,45237.724
002366.SZ,20240806,3.57,3.88,3.54,3.66,402914.0,148647.673
600325.SH,20240806,5.74,5.93,5.72,5.89,305421.0,177800.301
001696.SZ,20240806,15.0,15.09,13.35,13.76,2352483.13,3256327.059
603118.SH,20240806,5.69,5.73,5.6,5.69,67128.0,37986.441
600938.SH,20240806,27.15,27.57,26.66,26.96,436425.34,1177268.998
688500.SH,20240806,31.72,32.0,31.46,31.88,3007.15,9538.643
605288.SH,20240806,30.9,31.45,30.78,31.44,3418.4,10641.811
600551.SH,20240806,7.41,7.6,7.41,7.58,48966.8,36751.627
000821.SZ,20240806,11.01,11.32,11.0,11.17,126000.0,140973.287
605117.SH,20240806,94.02,100.63,94.02,99.85,111404.29,1089629.285
601398.SH,20240806,5.88,5.89,5.78,5.8,2754700.37,1604677.49
000925.SZ,20240806,5.89,5.94,5.75,5.87,136356.28,79703.119
300634.SZ,20240806,15.98,16.19,15.74,16.0,58273.19,92821.843
000739.SZ,20240806,14.91,15.46,14.86,15.42,123823.91,189089.21
601857.SH,20240806,8.48,8.57,8.42,8.49,1358303.97,1152287.288
603285.SH,20240806,22.99,23.19,22.82,23.05,44357.04,101888.458
600844.SH,20240806,2.57,2.64,2.57,2.62,97603.0,25454.916
603080.SH,20240806,13.6,13.7,13.46,13.62,14778.0,20041.171
002399.SZ,20240806,10.09,10.3,10.05,10.29,43164.54,44090.244
000401.SZ,20240806,4.45,4.49,4.42,4.47,55233.64,24588.598
301327.SZ,20240806,66.88,68.65,66.5,67.15,6994.48,47215.815
688617.SH,20240806,346.1,351.56,338.59,344.1,6807.07,234053.841
300233.SZ,20240806,14.29,14.67,14.2,14.67,50876.0,73541.083
300901.SZ,20240806,9.79,10.07,9.7,9.97,56525.0,56052.597
300875.SZ,20240806,19.91,20.6,19.72,20.25,45885.04,92433.646
600063.SH,20240806,3.43,3.48,3.39,3.43,91352.0,31313.637
600135.SH,20240806,4.98,5.13,4.94,5.11,107287.4,54184.183
301379.SZ,20240806,16.09,16.25,15.88,16.16,27720.06,44475.693
600391.SH,20240806,15.99,16.87,15.85,16.41,118335.84,194454.443
688580.SH,20240806,25.36,25.36,24.77,25.28,3932.52,9860.819
603496.SH,20240806,21.48,21.8,21.17,21.38,96041.0,206128.884
002016.SZ,20240806,6.21,6.21,6.18,6.2,70804.02,43877.23
600529.SH,20240806,24.23,24.72,24.06,24.36,52498.37,127968.013
688006.SH,20240806,16.6,16.8,16.46,16.7,21173.91,35276.439
002080.SZ,20240806,11.19,11.32,11.07,11.22,70821.01,79356.53
600740.SH,20240806,3.6,3.65,3.59,3.64,93083.03,33721.176
300151.SZ,20240806,15.79,16.03,15.55,15.77,39205.0,61901.944
000850.SZ,20240806,3.13,3.17,3.13,3.15,28112.5,8842.282
601865.SH,20240806,17.7,18.63,17.7,18.56,426350.97,780302.21
300384.SZ,20240806,11.71,11.91,11.65,11.78,16664.0,19624.963
688409.SH,20240806,37.62,37.92,36.75,37.3,18927.93,70324.669
300160.SZ,20240806,4.56,4.66,4.56,4.64,52385.0,24134.076
688388.SH,20240806,9.1,9.32,9.1,9.24,58770.51,54197.866
688619.SH,20240806,6.41,6.5,6.37,6.49,13147.5,8483.018
002862.SZ,20240806,13.38,13.38,13.02,13.29,28650.5,37702.08
605111.SH,20240806,31.58,31.76,30.51,31.07,129605.75,401129.49
301507.SZ,20240806,13.3,13.65,13.1,13.59,70069.18,93588.603
603102.SH,20240806,29.86,30.47,29.86,30.28,5876.0,17707.555
603369.SH,20240806,43.2,43.82,42.85,43.65,43240.88,187188.342
300467.SZ,20240806,13.41,13.87,13.21,13.5,49572.0,66878.578
600661.SH,20240806,10.96,11.74,10.32,11.74,356137.6,400801.902
603676.SH,20240806,8.29,8.53,8.28,8.53,35295.0,29714.402
002707.SZ,20240806,6.87,6.95,6.73,6.93,487951.9,334420.218
000430.SZ,20240806,5.91,6.03,5.9,6.02,88135.0,52567.657
603323.SH,20240806,4.84,4.86,4.73,4.76,174935.8,83804.747
605337.SH,20240806,9.46,9.72,9.46,9.71,23770.73,22878.481
002705.SZ,20240806,12.88,13.1,12.82,12.98,40320.38,52111.679
603557.SH,20240806,1.86,1.88,1.85,1.86,12728.72,2372.642
600167.SH,20240806,5.4,5.57,5.4,5.57,64020.77,35313.018
000407.SZ,20240806,2.62,2.65,2.61,2.65,48523.98,12779.372
301057.SZ,20240806,10.75,10.98,10.68,10.97,8592.0,9342.065
002135.SZ,20240806,4.02,4.05,3.98,4.01,59713.0,24004.369
300440.SZ,20240806,5.27,5.9,4.97,5.07,216535.01,113123.143
300926.SZ,20240806,17.6,17.98,17.35,17.96,29978.07,53057.654
600692.SH,20240806,6.01,6.1,5.68,5.79,526218.29,305792.428
601919.SH,20240806,12.93,13.01,12.62,12.71,756747.83,966410.012
300907.SZ,20240806,16.68,17.06,16.68,17.04,8172.0,13809.473
300733.SZ,20240806,10.3,10.48,10.08,10.37,65221.58,67210.595
600481.SH,20240806,4.22,4.35,4.22,4.34,243573.0,104995.309
600746.SH,20240806,6.18,6.22,6.14,6.21,20143.0,12462.691
002651.SZ,20240806,5.46,6.0,5.46,6.0,130135.5,76478.832
000815.SZ,20240806,7.18,7.26,7.08,7.26,89778.55,64250.501
002962.SZ,20240806,13.55,13.75,13.31,13.55,75278.0,101391.431
600097.SH,20240806,7.92,8.08,7.91,8.04,41308.0,33048.271
300546.SZ,20240806,11.64,11.87,11.25,11.47,69618.4,79615.309
002879.SZ,20240806,13.03,13.16,12.86,13.05,10675.0,13837.793
300834.SZ,20240806,17.22,17.89,17.22,17.87,8831.6,15600.269
600136.SH,20240806,1.39,1.46,1.39,1.42,33951.61,4854.464
002268.SZ,20240806,13.05,13.22,12.96,13.18,70037.01,91687.172
600438.SH,20240806,18.58,19.13,18.55,18.83,386078.2,726931.948
300119.SZ,20240806,13.3,13.55,13.26,13.54,31925.1,42845.266
603669.SH,20240806,4.63,4.63,4.52,4.62,12595.85,5770.461
600125.SH,20240806,6.11,6.12,5.98,6.06,204525.2,123355.692
300862.SZ,20240806,21.0,21.88,20.33,21.8,46336.0,98595.235
301315.SZ,20240806,32.91,33.29,32.43,33.02,29140.0,95450.875
688057.SH,20240806,9.44,9.53,9.36,9.47,3771.32,3565.342
300357.SZ,20240806,19.38,19.9,19.22,19.88,82619.1,162254.702
001213.SZ,20240806,4.06,4.09,4.03,4.06,145453.0,58976.632
000048.SZ,20240806,14.75,15.3,14.58,15.2,47173.0,70512.388
301038.SZ,20240806,13.48,13.77,13.38,13.71,23960.76,32635.731
002003.SZ,20240806,12.0,12.1,11.8,11.96,50543.55,60206.509
601028.SH,20240806,14.62,14.78,13.56,14.36,344185.6,487876.276
601989.SH,20240806,5.53,5.59,5.48,5.59,1083751.36,600214.51
300150.SZ,20240806,2.55,2.67,2.53,2.59,81678.0,21147.203
300166.SZ,20240806,6.09,6.19,6.04,6.12,105052.6,64161.103
002453.SZ,20240806,3.95,4.04,3.93,4.03,80790.0,32221.928
605499.SH,20240806,231.98,239.99,231.5,239.13,10730.7,253578.892
300570.SZ,20240806,29.58,29.78,28.9,29.57,48863.0,143182.886
600513.SH,20240806,8.29,8.57,8.28,8.57,83187.91,70337.611
300975.SZ,20240806,8.85,8.95,8.34,8.46,393166.19,333361.211
603236.SH,20240806,42.99,43.29,41.7,42.52,56344.68,238111.548
600113.SH,20240806,7.74,7.83,7.67,7.75,17565.2,13552.313
600493.SH,20240806,4.27,4.34,4.25,4.33,26916.01,11570.241
300380.SZ,20240806,17.36,17.66,17.08,17.39,52853.0,91441.902
300996.SZ,20240806,15.3,15.35,14.88,15.33,44190.3,66815.924
300185.SZ,20240806,1.86,1.89,1.86,1.87,187597.28,35154.172
300569.SZ,20240806,4.22,4.35,4.22,4.32,134172.84,57575.864
600985.SH,20240806,14.49,14.93,14.48,14.8,179241.07,263826.83
600017.SH,20240806,2.85,2.87,2.82,2.85,251107.5,71286.906
301227.SZ,20240806,17.03,17.3,16.97,17.28,9790.85,16798.568
600545.SH,20240806,1.41,1.43,1.41,1.43,149697.0,21240.172
600988.SH,20240806,19.0,19.08,18.3,18.55,365734.21,679309.322
300133.SZ,20240806,5.89,5.94,5.77,5.88,645085.0,377273.741
300959.SZ,20240806,23.33,24.19,23.33,23.96,7947.31,18924.484
002202.SZ,20240806,7.76,7.84,7.67,7.72,278231.63,215382.704
301205.SZ,20240806,52.5,54.14,52.1,53.09,17845.38,94253.356
688039.SH,20240806,21.11,21.49,20.48,20.91,12444.92,25914.163
600510.SH,20240806,3.65,3.72,3.64,3.71,53857.4,19772.232
002885.SZ,20240806,9.73,9.9,9.66,9.8,26661.76,26016.089
001389.SZ,20240806,40.01,40.01,39.04,39.45,22710.74,89457.874
300318.SZ,20240806,4.95,5.07,4.91,5.06,63517.0,31841.647
300565.SZ,20240806,10.1,10.31,10.01,10.28,62005.18,63047.585
600281.SH,20240806,2.58,2.68,2.58,2.67,56678.16,14931.614
002920.SZ,20240806,89.75,90.18,86.01,87.86,79391.43,696239.265
688558.SH,20240806,17.17,17.39,16.92,17.2,4810.07,8222.257
300483.SZ,20240806,7.21,7.36,7.19,7.36,26064.8,18961.643
603127.SH,20240806,16.01,16.19,15.59,16.09,250012.6,399427.519
300856.SZ,20240806,31.51,31.82,30.85,31.17,30521.0,95460.264
600446.SH,20240806,9.61,9.72,9.55,9.66,60216.0,57930.016
688528.SH,20240806,7.09,7.27,7.08,7.26,6556.41,4719.808
688678.SH,20240806,8.89,9.08,8.83,9.0,22934.45,20489.806
600667.SH,20240806,5.44,5.48,5.3,5.37,219223.32,117623.045
300549.SZ,20240806,13.52,13.68,13.27,13.46,21665.0,28993.937
600371.SH,20240806,7.21,7.3,7.1,7.19,48103.2,34653.862
603636.SH,20240806,7.62,7.72,7.55,7.67,64567.17,49294.791
300095.SZ,20240806,5.46,5.64,5.46,5.61,38953.0,21744.65
002686.SZ,20240806,4.02,4.12,4.02,4.1,46232.0,18815.118
000877.SZ,20240806,5.34,5.37,5.27,5.32,41744.28,22171.217
002421.SZ,20240806,2.24,2.26,2.21,2.25,196831.41,43976.1
603045.SH,20240806,9.28,9.43,9.23,9.43,16911.0,15782.541
600980.SH,20240806,12.82,13.13,12.82,13.08,17129.0,22282.937
001311.SZ,20240806,22.21,22.6,22.21,22.49,13135.22,29361.493
002550.SZ,20240806,5.48,5.6,5.45,5.59,153273.0,84898.973
002495.SZ,20240806,1.55,1.62,1.52,1.6,414551.03,65366.891
002763.SZ,20240806,6.39,6.5,6.39,6.48,18796.4,12128.665
600998.SH,20240806,4.63,4.71,4.58,4.64,310402.43,143921.655
603053.SH,20240806,9.37,9.4,9.27,9.35,18197.0,16969.935
002520.SZ,20240806,3.87,3.94,3.82,3.92,154030.0,59886.429
300021.SZ,20240806,3.37,3.4,3.31,3.35,114295.0,38227.128
002513.SZ,20240806,3.34,3.54,3.34,3.5,119817.77,41326.473
600581.SH,20240806,2.61,2.64,2.6,2.63,52959.02,13873.166
300135.SZ,20240806,2.63,2.68,2.59,2.64,265502.0,69609.797
003008.SZ,20240806,16.13,16.56,16.13,16.49,12082.39,19793.654
600238.SH,20240806,8.49,8.73,8.46,8.7,42736.0,36688.915
000065.SZ,20240806,9.55,9.73,9.51,9.62,67129.75,64479.583
600161.SH,20240806,24.46,24.72,24.14,24.43,63310.08,154456.574
002427.SZ,20240806,2.93,3.01,2.9,3.0,53088.87,15707.447
002788.SZ,20240806,7.56,7.69,7.55,7.69,30129.86,22957.736
603666.SH,20240806,13.89,14.32,13.89,14.2,30569.4,43167.96
301512.SZ,20240806,40.9,41.14,40.12,40.63,5949.61,24080.396
002718.SZ,20240806,9.72,9.9,9.5,9.85,12391.0,12077.114
300697.SZ,20240806,10.11,10.21,10.0,10.15,31831.6,32130.334
300623.SZ,20240806,17.5,17.63,16.89,17.2,118226.5,202517.423
003816.SZ,20240806,4.7,4.77,4.64,4.72,1424416.04,671037.699
002462.SZ,20240806,11.16,11.42,11.16,11.41,35573.95,40206.2
603661.SH,20240806,33.19,33.85,33.05,33.63,7113.81,23791.782
603690.SH,20240806,21.35,21.5,21.03,21.26,31771.55,67406.663
300413.SZ,20240806,20.35,20.62,20.21,20.49,91879.52,187698.361
000782.SZ,20240806,4.1,4.16,4.08,4.16,28374.49,11716.952
603277.SH,20240806,23.77,24.09,23.54,24.07,8599.12,20471.702
002580.SZ,20240806,5.96,6.07,5.96,6.07,42931.8,25861.233
688475.SH,20240806,27.4,28.2,27.18,28.0,34614.26,95552.324
603567.SH,20240806,10.94,11.24,10.94,11.24,28626.98,31829.543
300471.SZ,20240806,7.93,7.98,7.86,7.94,24748.36,19596.94
600535.SH,20240806,14.71,14.77,14.17,14.31,469482.52,674897.013
002953.SZ,20240806,7.32,7.49,7.32,7.41,21993.77,16240.797
000875.SZ,20240806,4.86,4.96,4.85,4.94,366203.6,179960.862
301085.SZ,20240806,39.89,39.92,39.03,39.62,8564.91,33739.316
601006.SH,20240806,6.94,6.97,6.85,6.9,812091.98,559241.399
002896.SZ,20240806,27.33,27.6,26.4,27.09,61829.0,166299.851
688676.SH,20240806,37.0,37.98,36.01,37.58,82899.68,304634.643
600759.SH,20240806,2.42,2.51,2.42,2.46,149725.32,36855.466
603172.SH,20240806,17.69,18.24,17.69,18.13,42527.0,76542.663
688586.SH,20240806,9.42,9.67,9.34,9.59,61924.55,58980.9
603283.SH,20240806,60.77,61.44,59.27,60.43,45315.27,273038.962
002090.SZ,20240806,7.45,7.58,7.44,7.55,32576.99,24433.102
000897.SZ,20240806,2.05,2.07,2.03,2.07,197870.4,40616.48
600936.SH,20240806,2.04,2.09,2.04,2.09,76191.04,15688.261
002507.SZ,20240806,12.35,12.54,12.3,12.41,123990.6,153743.721
605198.SH,20240806,22.88,23.55,22.75,23.48,34275.56,79428.097
000623.SZ,20240806,13.49,13.61,13.46,13.54,59498.24,80441.328
000681.SZ,20240806,11.26,11.41,11.18,11.35,66062.0,74619.829
603458.SH,20240806,5.32,5.54,5.3,5.38,135597.0,73437.743
300453.SZ,20240806,6.14,6.37,6.14,6.37,70019.93,44027.0
300628.SZ,20240806,32.85,33.0,31.74,32.09,74411.35,238827.319
000045.SZ,20240806,7.5,7.62,7.43,7.56,25898.0,19443.282
601318.SH,20240806,42.37,42.48,40.64,40.9,634343.23,2614553.598
002542.SZ,20240806,1.51,1.54,1.49,1.52,257035.12,38873.945
002793.SZ,20240806,3.93,4.11,3.9,4.11,100845.86,40511.908
000717.SZ,20240806,1.72,1.74,1.71,1.73,79915.0,13794.209
300511.SZ,20240806,2.75,2.98,2.75,2.84,272278.25,77092.521
600380.SH,20240806,10.5,10.71,10.49,10.68,152653.01,162184.824
603858.SH,20240806,15.3,15.57,15.28,15.55,43418.42,67148.228
300846.SZ,20240806,9.47,9.52,9.26,9.41,80460.0,75380.535
600927.SH,20240806,11.37,11.46,11.31,11.45,28296.0,32182.331
600708.SH,20240806,1.81,1.85,1.79,1.84,245377.23,44525.612
300520.SZ,20240806,15.68,15.88,15.34,15.57,69720.17,108362.393
002478.SZ,20240806,4.86,4.91,4.85,4.89,34671.0,16919.554
301020.SZ,20240806,16.18,16.38,16.06,16.37,14721.74,23927.596
002957.SZ,20240806,12.1,12.28,12.08,12.23,24326.5,29594.041
601136.SH,20240806,20.18,20.26,19.5,20.18,469807.1,934778.853
301295.SZ,20240806,19.19,19.42,18.86,19.32,19320.75,36934.478
300736.SZ,20240806,8.1,8.16,7.93,8.16,85360.2,68907.907
301022.SZ,20240806,19.05,19.38,18.8,19.02,10600.0,20099.679
300056.SZ,20240806,8.29,8.56,8.29,8.56,90584.26,76587.528
688702.SH,20240806,39.88,40.61,39.32,40.25,9817.51,39244.613
603997.SH,20240806,11.2,11.65,11.1,11.38,69343.91,78723.942
300388.SZ,20240806,5.66,5.68,5.57,5.65,26666.44,15016.095
002152.SZ,20240806,9.49,9.6,9.4,9.53,117740.6,111787.421
600022.SH,20240806,1.31,1.32,1.3,1.3,183347.58,23965.015
600779.SH,20240806,36.32,36.74,36.02,36.67,37797.85,137619.107
002620.SZ,20240806,2.69,2.94,2.68,2.94,257596.0,75034.0
603018.SH,20240806,8.85,8.96,8.7,8.9,174226.49,153865.819
603637.SH,20240806,5.79,5.85,5.74,5.84,11496.0,6674.384
002526.SZ,20240806,2.36,2.41,2.35,2.39,353537.36,84149.533
002474.SZ,20240806,4.24,4.34,4.2,4.34,96638.0,41300.185
002829.SZ,20240806,21.15,21.15,21.15,21.15,70787.0,149714.505
301206.SZ,20240806,24.86,25.28,24.83,25.2,6075.0,15238.373
002917.SZ,20240806,8.25,8.67,8.24,8.48,60175.0,50962.255
000838.SZ,20240806,2.19,2.26,2.19,2.25,102448.0,22863.591
000040.SZ,20240806,1.3,1.35,1.3,1.35,507719.13,68089.863
300106.SZ,20240806,6.01,6.37,6.01,6.26,65047.99,40294.407
688638.SH,20240806,27.33,27.94,27.33,27.66,684.93,1894.099
300939.SZ,20240806,29.39,29.78,28.7,29.3,31917.0,92882.267
002287.SZ,20240806,19.43,20.0,19.41,19.96,13012.65,25684.271
601658.SH,20240806,4.79,4.8,4.71,4.73,1120828.33,531801.215
301032.SZ,20240806,6.56,6.62,6.39,6.6,46746.0,30407.972
002671.SZ,20240806,3.59,3.65,3.58,3.64,49384.53,17896.034
301550.SZ,20240806,45.56,46.48,44.39,46.18,60261.83,274311.711
688722.SH,20240806,10.52,10.6,10.37,10.44,6470.76,6747.612
002246.SZ,20240806,7.8,8.12,7.77,8.0,193177.0,153862.511
000543.SZ,20240806,8.58,8.68,8.29,8.39,228960.91,192873.18
300100.SZ,20240806,12.49,12.76,12.25,12.4,134761.38,167308.815
603321.SH,20240806,6.24,6.35,6.24,6.35,22311.0,14071.287
688419.SH,20240806,26.56,27.18,25.94,26.36,8715.35,22963.536
603991.SH,20240806,36.8,37.9,36.36,36.9,15119.0,56050.73
300747.SZ,20240806,16.17,16.42,16.14,16.33,46120.15,75019.475
002410.SZ,20240806,10.48,10.69,10.45,10.59,193693.09,204597.224
001267.SZ,20240806,5.58,5.71,5.55,5.7,107312.5,60335.044
603678.SH,20240806,24.68,25.29,24.61,25.0,58923.0,146829.844
300640.SZ,20240806,3.81,3.92,3.81,3.91,27811.0,10756.291
605199.SH,20240806,10.16,10.46,10.01,10.45,55553.0,57202.518
002811.SZ,20240806,6.61,6.8,6.61,6.8,30943.0,20787.718
002076.SZ,20240806,1.59,1.62,1.58,1.61,257947.04,41186.178
000617.SZ,20240806,5.5,5.54,5.45,5.49,299525.28,164526.804
603701.SH,20240806,10.21,10.48,10.21,10.45,13525.88,13989.9
300617.SZ,20240806,24.55,24.78,24.3,24.52,6219.09,15250.419
300280.SZ,20240806,16.45,18.28,16.45,17.83,386884.04,675542.836
605005.SH,20240806,14.92,14.98,14.71,14.88,7558.0,11181.697
688577.SH,20240806,30.32,31.31,30.11,31.31,5631.24,17394.178
300172.SZ,20240806,4.5,4.53,4.47,4.53,108405.55,48755.443
002625.SZ,20240806,16.96,17.52,16.95,17.32,260832.22,450158.156
301289.SZ,20240806,40.2,40.88,39.81,40.52,8708.0,35095.14
000999.SZ,20240806,42.27,42.85,41.5,42.2,109087.2,458641.16
603712.SH,20240806,17.52,18.48,17.52,18.13,125686.78,227408.993
688059.SH,20240806,48.33,50.0,46.28,48.44,36518.87,174029.349
603967.SH,20240806,8.76,8.89,8.71,8.82,13148.0,11524.582
301361.SZ,20240806,22.68,23.58,22.35,23.58,33373.0,76000.92
300678.SZ,20240806,23.51,23.9,23.27,23.67,47612.25,111911.051
600088.SH,20240806,14.72,15.09,14.72,15.06,62045.06,92781.936
300207.SZ,20240806,16.15,16.28,15.9,16.09,247516.86,398606.465
002452.SZ,20240806,7.11,7.22,7.01,7.22,87382.86,62270.975
300618.SZ,20240806,24.15,24.49,24.03,24.3,34121.59,82816.855
002382.SZ,20240806,4.44,4.55,4.41,4.55,68800.19,30950.29
300582.SZ,20240806,8.33,8.44,8.25,8.41,58492.64,48770.416
601399.SH,20240806,2.63,2.68,2.62,2.65,285775.0,75675.871
600301.SH,20240806,16.34,16.8,15.81,16.11,87487.0,141526.316
603677.SH,20240806,11.11,11.11,10.86,10.95,10608.0,11619.21
300029.SZ,20240806,4.04,4.24,3.9,4.05,49067.73,20105.761
003039.SZ,20240806,11.78,12.05,11.72,11.87,38602.77,45791.053
002921.SZ,20240806,9.5,9.64,9.3,9.61,13318.5,12662.645
603297.SH,20240806,56.4,58.06,55.67,57.86,8933.46,50783.098
002267.SZ,20240806,7.01,7.1,7.01,7.08,108110.0,76285.966
300575.SZ,20240806,5.75,5.83,5.73,5.82,25644.0,14816.292
601777.SH,20240806,4.22,4.28,4.12,4.25,424946.48,178437.292
000514.SZ,20240806,3.12,3.18,3.09,3.17,114679.22,35889.181
600215.SH,20240806,6.15,6.24,6.07,6.18,71657.74,43955.57
603727.SH,20240806,10.82,11.08,10.8,10.96,37152.0,40627.465
300136.SZ,20240806,17.58,17.78,17.02,17.36,227699.82,394623.626
301062.SZ,20240806,10.86,10.99,10.74,10.94,29641.99,32142.089
002173.SZ,20240806,6.32,6.52,6.31,6.52,117174.0,75172.174
600256.SH,20240806,5.96,6.06,5.95,6.0,394927.78,237038.006
300163.SZ,20240806,1.46,1.55,1.45,1.52,321657.0,48364.01
300310.SZ,20240806,3.59,3.63,3.55,3.6,135652.0,48563.17
600589.SH,20240806,2.63,2.64,2.54,2.64,149898.5,38711.991
001339.SZ,20240806,27.77,28.08,27.56,27.99,41562.0,115585.67
300199.SZ,20240806,9.51,9.78,9.41,9.75,216651.0,208236.342
300594.SZ,20240806,14.93,14.95,14.62,14.73,37148.0,54771.036
301029.SZ,20240806,18.87,19.06,18.19,18.61,76160.46,141231.954
600827.SH,20240806,7.9,8.12,7.82,8.1,136053.87,108640.713
002622.SZ,20240806,1.38,1.42,1.38,1.42,179353.8,25133.535
002911.SZ,20240806,10.2,10.34,10.15,10.28,31983.74,32736.737
002365.SZ,20240806,7.18,7.37,7.12,7.36,31802.0,23147.031
002678.SZ,20240806,3.62,3.78,3.56,3.77,127348.54,46747.356
603937.SH,20240806,7.45,7.56,7.43,7.56,11666.64,8755.317
301126.SZ,20240806,9.92,10.53,9.88,10.42,149291.04,152105.905
603326.SH,20240806,5.43,5.53,5.43,5.51,24840.0,13586.748
300700.SZ,20240806,6.71,6.85,6.65,6.73,60314.26,40486.184
300321.SZ,20240806,14.39,14.89,14.39,14.86,16491.0,24280.27
603500.SH,20240806,6.61,6.76,6.52,6.73,38992.44,25746.75
300126.SZ,20240806,4.52,4.55,4.44,4.54,34791.0,15650.81
300255.SZ,20240806,9.79,10.23,9.65,10.17,277081.44,276988.708
001324.SZ,20240806,16.31,16.57,16.27,16.51,13313.91,21875.793
301362.SZ,20240806,31.0,31.57,31.0,31.44,3140.35,9849.302
600666.SH,20240806,1.27,1.3,1.27,1.29,94818.16,12160.554
002277.SZ,20240806,2.25,2.3,2.24,2.3,209358.0,47444.808
603589.SH,20240806,37.53,38.2,37.41,38.02,29926.44,113272.496
601375.SH,20240806,3.6,3.62,3.53,3.57,229338.27,81814.426
002630.SZ,20240806,2.28,2.34,2.28,2.33,160980.85,37329.476
603755.SH,20240806,22.13,22.45,21.7,22.43,2777.04,6168.452
300391.SZ,20240806,4.17,4.39,3.92,4.29,459382.0,191652.797
603456.SH,20240806,14.22,14.55,14.19,14.53,163009.09,234651.106
300611.SZ,20240806,8.26,8.33,8.1,8.24,56831.55,46564.599
300960.SZ,20240806,19.36,19.45,18.84,19.45,41152.3,78955.005
300123.SZ,20240806,4.9,5.62,4.86,5.32,1118659.87,590701.551
600009.SH,20240806,34.79,35.37,34.39,34.73,87484.69,304245.349
002383.SZ,20240806,6.14,6.17,5.97,6.11,180020.0,109431.769
301382.SZ,20240806,16.4,16.65,16.28,16.54,24625.33,40460.82
000929.SZ,20240806,6.0,6.09,5.97,6.04,28831.0,17368.238
000791.SZ,20240806,5.76,5.82,5.72,5.8,101919.8,58841.641
301026.SZ,20240806,23.3,23.98,23.01,23.58,25222.83,58897.294
300349.SZ,20240806,10.44,10.63,10.35,10.48,34619.0,36269.949
000068.SZ,20240806,2.64,2.67,2.61,2.66,105493.01,27870.441
300977.SZ,20240806,15.72,16.21,15.72,16.16,53010.54,84628.726
301081.SZ,20240806,7.05,7.23,7.02,7.21,21940.06,15710.129
002998.SZ,20240806,5.33,5.42,5.33,5.42,25162.0,13525.873
002768.SZ,20240806,17.91,18.1,17.85,18.07,12243.89,21995.911
600283.SH,20240806,11.55,11.68,11.55,11.68,13443.01,15632.276
002961.SZ,20240806,10.99,11.08,10.74,10.91,57815.8,62968.773
300619.SZ,20240806,18.17,18.69,18.08,18.6,32567.25,59739.039
603877.SH,20240806,13.45,13.66,13.44,13.66,13914.45,18833.357
301210.SZ,20240806,26.4,26.99,26.4,26.86,6360.22,17007.631
600626.SH,20240806,3.02,3.07,2.95,3.01,163315.0,48925.154
300923.SZ,20240806,20.31,20.62,19.9,20.6,52672.27,106854.79
603226.SH,20240806,3.25,3.29,3.24,3.29,37819.0,12365.142
300835.SZ,20240806,22.98,23.15,22.78,23.04,19712.0,45289.562
300609.SZ,20240806,20.4,20.76,19.99,20.35,24611.0,50019.263
603096.SH,20240806,16.22,16.3,15.88,16.16,7942.0,12734.673
000927.SZ,20240806,2.49,2.5,2.45,2.48,201703.0,49946.268
000887.SZ,20240806,11.3,11.41,11.18,11.31,72433.04,81795.069
603027.SH,20240806,13.89,14.24,13.85,14.05,105470.3,148058.238
600673.SH,20240806,6.6,6.67,6.5,6.58,108227.9,71138.023
002068.SZ,20240806,6.52,6.64,6.49,6.59,67590.02,44402.454
603655.SH,20240806,13.65,13.88,13.56,13.87,6495.0,8913.336
603201.SH,20240806,14.6,14.88,14.36,14.82,15798.29,23129.479
001209.SZ,20240806,12.69,13.06,12.65,13.04,10657.0,13736.668
300053.SZ,20240806,11.66,11.83,11.08,11.62,871510.68,1003137.345
300658.SZ,20240806,4.13,4.24,4.13,4.24,27674.2,11622.905
601601.SH,20240806,29.31,29.37,27.15,27.45,473848.32,1316648.226
000957.SZ,20240806,11.3,11.43,10.74,11.14,606639.79,668014.617
002112.SZ,20240806,8.13,8.2,8.05,8.19,57140.8,46485.922
000510.SZ,20240806,2.95,2.98,2.9,2.98,60607.52,17804.508
300641.SZ,20240806,25.5,27.88,24.0,25.08,700330.36,1834631.957
300332.SZ,20240806,5.26,5.31,5.23,5.3,39879.0,21037.226
002269.SZ,20240806,1.3,1.32,1.25,1.27,2028581.98,257424.217
002054.SZ,20240806,4.81,4.88,4.81,4.87,23697.01,11483.703
600397.SH,20240806,1.81,1.98,1.81,1.9,309638.0,59202.177
601279.SH,20240806,3.67,3.71,3.59,3.66,126177.27,45961.315
603111.SH,20240806,5.64,5.64,5.53,5.59,43042.0,24029.502
603687.SH,20240806,6.77,6.84,6.73,6.83,25425.58,17263.075
300416.SZ,20240806,11.27,11.54,10.89,11.08,189255.87,211324.332
000902.SZ,20240806,11.04,11.28,11.03,11.19,44047.53,49102.436
601808.SH,20240806,14.27,14.45,14.25,14.38,72958.77,104712.75
600796.SH,20240806,4.24,4.31,4.22,4.28,35224.0,15012.207
600638.SH,20240806,4.02,4.09,3.96,4.07,182414.97,73225.61
000708.SZ,20240806,12.15,12.21,12.04,12.17,61755.58,74884.049
603931.SH,20240806,18.83,18.9,18.53,18.85,10012.0,18717.12
601000.SH,20240806,5.1,5.16,4.97,5.06,520322.29,261590.946
600307.SH,20240806,1.18,1.19,1.17,1.18,90715.0,10704.595
002401.SZ,20240806,13.88,14.3,13.78,14.27,51271.0,72407.207
002374.SZ,20240806,1.78,1.83,1.78,1.81,156334.52,28173.594
603316.SH,20240806,3.63,3.73,3.58,3.7,48823.0,17846.314
002733.SZ,20240806,10.29,10.47,10.25,10.36,14477.0,14948.091
002636.SZ,20240806,6.11,6.2,6.05,6.16,40809.0,24964.119
300082.SZ,20240806,4.45,4.96,4.45,4.59,192847.0,89373.633
002919.SZ,20240806,13.1,13.43,12.57,13.43,360834.26,476008.358
300142.SZ,20240806,11.45,11.83,11.45,11.79,232633.73,272241.529
301075.SZ,20240806,17.6,20.99,16.91,20.99,81379.09,152958.243
601228.SH,20240806,3.18,3.35,3.16,3.2,537767.0,173391.288
300662.SZ,20240806,14.56,15.57,14.56,15.48,122742.0,185985.98
002765.SZ,20240806,4.66,4.72,4.62,4.65,63887.0,29757.598
301186.SZ,20240806,30.51,31.01,30.13,30.45,5238.0,15927.915
600229.SH,20240806,6.47,6.54,6.41,6.51,26772.0,17289.231
002218.SZ,20240806,2.83,2.92,2.83,2.9,226770.99,65385.296
603737.SH,20240806,30.08,30.77,29.5,30.73,52390.52,158667.516
002256.SZ,20240806,1.63,1.68,1.6,1.63,467454.55,76404.314
002583.SZ,20240806,3.91,3.95,3.88,3.94,298771.0,116822.898
601377.SH,20240806,5.37,5.41,5.3,5.34,264314.28,141207.703
600101.SH,20240806,7.99,8.21,7.88,8.17,363314.25,292448.461
000723.SZ,20240806,4.28,4.33,4.26,4.33,197323.17,84874.994
603351.SH,20240806,20.35,20.61,20.21,20.51,4129.0,8451.586
603090.SH,20240806,15.51,15.87,15.49,15.81,9362.0,14665.374
002227.SZ,20240806,7.32,7.55,7.32,7.54,24656.0,18387.52
688529.SH,20240806,11.36,11.57,11.36,11.51,6030.03,6918.981
603767.SH,20240806,10.86,10.99,10.72,10.86,33902.0,36665.301
002901.SZ,20240806,24.48,24.99,24.34,24.88,9802.59,24201.272
603730.SH,20240806,8.56,8.81,8.56,8.72,33761.55,29332.047
002229.SZ,20240806,9.65,9.86,9.6,9.81,203750.02,198565.932
300091.SZ,20240806,1.41,1.47,1.4,1.45,403954.41,57910.003
300071.SZ,20240806,2.06,2.43,2.06,2.31,829784.09,185589.491
000049.SZ,20240806,23.24,23.54,22.68,23.0,101687.07,234202.486
001965.SZ,20240806,12.65,12.73,12.17,12.28,259419.57,320898.813
603390.SH,20240806,11.2,11.8,11.05,11.8,784404.41,912915.429
002353.SZ,20240806,29.84,30.25,29.0,29.47,66748.19,196024.049
300504.SZ,20240806,11.12,11.2,10.95,11.13,15665.0,17351.355
300957.SZ,20240806,47.13,47.88,46.75,47.45,18966.35,89476.637
605333.SH,20240806,22.69,22.85,22.3,22.59,19991.0,45044.963
300371.SZ,20240806,7.83,8.11,7.72,7.98,40828.85,32176.299
002833.SZ,20240806,15.9,16.28,15.9,16.26,25642.6,41408.348
002137.SZ,20240806,4.51,4.62,4.49,4.6,78627.0,35768.853
600100.SH,20240806,4.95,4.99,4.84,4.91,275559.61,134946.982
300858.SZ,20240806,13.89,14.36,13.89,14.21,12591.0,17814.093
603225.SH,20240806,12.82,12.82,12.45,12.56,48603.85,61037.927
000793.SZ,20240806,1.27,1.29,1.22,1.26,1587473.5,198571.152
605339.SH,20240806,15.07,15.38,15.07,15.35,5454.44,8303.715
301115.SZ,20240806,12.36,12.46,12.25,12.43,9652.39,11954.188
000886.SZ,20240806,4.55,4.6,4.46,4.52,182242.55,82285.733
003000.SZ,20240806,11.12,11.29,11.0,11.19,62693.18,69841.041
002262.SZ,20240806,27.0,27.16,26.17,26.47,111171.74,295824.123
300809.SZ,20240806,20.07,20.31,19.84,20.1,35514.2,71346.48
000676.SZ,20240806,5.5,5.55,5.46,5.53,196496.7,108159.582
002465.SZ,20240806,9.68,10.03,9.59,9.83,366296.45,359060.38
002466.SZ,20240806,28.42,29.2,28.35,28.76,214862.15,617481.233
300932.SZ,20240806,9.41,9.69,9.37,9.55,38056.8,36137.662
300399.SZ,20240806,10.24,10.58,9.79,10.38,175265.91,177776.194
600876.SH,20240806,8.92,9.07,8.91,9.02,24485.01,22028.476
002039.SZ,20240806,16.57,16.65,16.24,16.32,35404.89,57947.571
002231.SZ,20240806,3.9,4.0,3.81,3.97,96707.76,38049.812
600579.SH,20240806,5.33,6.0,5.25,5.64,219476.01,121866.115
002025.SZ,20240806,46.79,48.15,46.35,48.13,52490.1,249473.214
603100.SH,20240806,17.67,17.91,17.46,17.85,41906.72,74061.439
300256.SZ,20240806,1.7,1.73,1.69,1.72,163819.0,28027.87
002898.SZ,20240806,9.25,9.73,8.94,9.56,156167.65,145629.357
002839.SZ,20240806,3.94,3.96,3.89,3.91,146861.8,57598.731
002347.SZ,20240806,3.96,4.36,3.92,4.36,489782.97,206549.625
601158.SH,20240806,4.97,5.02,4.95,4.99,72428.82,36094.21
688728.SH,20240806,11.58,11.64,11.25,11.45,75025.03,85460.886
600211.SH,20240806,33.97,34.2,33.5,34.09,21474.03,72701.057
001239.SZ,20240806,18.2,20.59,17.7,20.59,253779.28,484291.332
600505.SH,20240806,8.85,8.99,8.76,8.95,96327.01,85510.17
002310.SZ,20240806,1.27,1.3,1.27,1.3,299105.61,38339.596
688396.SH,20240806,39.2,39.22,38.3,38.87,31886.82,123360.76
301106.SZ,20240806,24.85,25.13,24.42,24.85,6757.0,16723.105
002494.SZ,20240806,3.07,3.13,3.05,3.12,76980.0,23773.85
002144.SZ,20240806,8.6,8.77,8.58,8.72,47797.16,41432.083
300763.SZ,20240806,63.8,67.25,63.29,67.09,147754.61,973014.941
002859.SZ,20240806,18.2,18.44,17.93,18.24,21934.54,39831.583
688593.SH,20240806,9.13,9.38,9.07,9.26,14342.83,13167.508
301259.SZ,20240806,23.95,25.3,23.72,24.9,38390.36,93637.291
603289.SH,20240806,8.02,8.08,7.84,7.95,27544.29,21853.158
000420.SZ,20240806,3.19,3.21,3.16,3.19,207351.2,65954.843
600820.SH,20240806,7.05,7.09,6.91,6.95,341902.76,238475.271
603722.SH,20240806,36.48,37.11,36.37,37.1,4531.0,16635.501
688073.SH,20240806,30.3,32.66,30.19,32.65,21184.65,67326.789
300774.SZ,20240806,6.32,6.51,6.28,6.41,21659.0,13793.289
300535.SZ,20240806,10.85,11.14,10.85,11.09,11992.0,13215.221
600989.SH,20240806,14.52,14.88,14.52,14.85,221358.13,326093.339
600309.SH,20240806,72.83,73.65,71.46,72.3,117388.67,849772.117
605567.SH,20240806,7.54,7.7,7.52,7.68,16386.0,12456.494
300451.SZ,20240806,3.39,3.46,3.34,3.46,557142.01,189438.351
300552.SZ,20240806,30.73,31.2,29.5,30.05,91195.06,273130.909
002006.SZ,20240806,12.7,12.99,12.63,12.9,30640.5,39335.994
603439.SH,20240806,11.47,11.56,11.33,11.53,74794.0,85511.244
300313.SZ,20240806,5.85,6.1,5.84,5.99,70128.0,41845.548
600444.SH,20240806,13.25,14.69,13.18,14.69,162518.0,234671.506
603185.SH,20240806,15.03,15.74,15.03,15.64,124540.58,193350.379
002445.SZ,20240806,1.66,1.7,1.66,1.7,219687.0,37037.775
300591.SZ,20240806,2.98,3.08,2.94,3.07,101675.0,30784.604
603197.SH,20240806,30.7,31.0,30.11,30.43,24283.0,73962.516
301329.SZ,20240806,16.5,16.7,16.26,16.61,16219.0,26652.515
002932.SZ,20240806,16.38,16.97,16.38,16.9,15451.79,25847.674
603239.SH,20240806,12.84,12.84,12.6,12.79,25806.9,32787.789
300092.SZ,20240806,9.58,9.71,9.51,9.63,31411.0,30177.95
002203.SZ,20240806,7.63,7.74,7.6,7.65,49738.18,38010.176
002497.SZ,20240806,8.66,8.83,8.64,8.75,84196.0,73581.978
000050.SZ,20240806,6.73,6.85,6.62,6.71,121877.0,81488.023
301356.SZ,20240806,11.86,12.27,11.86,12.22,10826.8,13106.083
688518.SH,20240806,13.77,13.98,13.66,13.88,52911.39,73052.829
301510.SZ,20240806,25.74,26.05,25.21,25.66,11934.77,30605.217
300827.SZ,20240806,28.7,30.38,28.64,29.86,179357.21,531206.272
605277.SH,20240806,12.45,12.75,12.26,12.63,78053.96,97258.554
000528.SZ,20240806,9.54,9.8,9.54,9.73,167850.3,162707.702
300358.SZ,20240806,7.25,7.37,7.21,7.37,42622.0,31129.158
600028.SH,20240806,6.46,6.5,6.4,6.44,954960.76,614772.78
002395.SZ,20240806,13.09,13.24,12.95,13.19,40434.0,53042.119
300299.SZ,20240806,4.12,4.37,3.99,4.34,1048747.16,438018.882
600657.SH,20240806,2.87,2.92,2.85,2.91,121960.0,35211.052
301368.SZ,20240806,41.78,42.6,40.85,41.69,39003.0,162404.648
688656.SH,20240806,21.7,22.45,21.7,22.42,1481.4,3293.11
002188.SZ,20240806,4.01,4.15,3.99,4.15,82303.0,33467.853
688690.SH,20240806,18.18,18.41,18.02,18.41,22063.77,40288.067
002380.SZ,20240806,15.89,16.09,15.78,15.98,37492.0,59682.823
000859.SZ,20240806,3.13,3.21,3.13,3.2,95129.0,30222.402
002492.SZ,20240806,4.41,4.48,4.38,4.47,31662.5,14063.943
300638.SZ,20240806,11.99,12.1,11.8,12.06,219971.3,262737.438
301225.SZ,20240806,25.0,25.13,24.57,25.12,5380.91,13372.617
301559.SZ,20240806,15.06,15.14,14.95,15.04,10521.31,15816.791
003032.SZ,20240806,9.1,9.62,8.73,9.26,359898.23,330288.112
002570.SZ,20240806,2.51,2.58,2.51,2.58,122273.12,31136.847
601005.SH,20240806,1.08,1.09,1.06,1.07,413353.0,44364.608
002312.SZ,20240806,6.69,6.77,6.62,6.68,109283.21,73122.956
600222.SH,20240806,4.58,5.04,4.52,4.92,469527.64,224968.285
300724.SZ,20240806,48.4,50.86,48.4,50.23,106610.13,531931.418
601901.SH,20240806,7.5,7.56,7.3,7.41,727263.8,537057.266
000970.SZ,20240806,8.26,8.32,8.18,8.28,67294.63,55521.816
600421.SH,20240806,5.81,5.84,5.65,5.77,14929.0,8576.011
000936.SZ,20240806,5.47,5.52,5.43,5.52,102267.99,55999.624
603398.SH,20240806,15.1,15.38,14.91,15.08,20900.64,31607.864
000683.SZ,20240806,6.48,6.55,6.39,6.44,207090.0,133656.897
600863.SH,20240806,4.12,4.17,4.03,4.07,747730.0,305288.078
603768.SH,20240806,10.55,10.61,10.38,10.57,13009.0,13642.627
300886.SZ,20240806,16.27,16.64,16.18,16.52,6752.2,11109.757
605088.SH,20240806,17.55,17.88,17.52,17.75,11845.0,20982.689
603868.SH,20240806,37.4,37.96,36.86,37.92,7951.0,29860.498
300419.SZ,20240806,4.59,4.71,4.59,4.68,137486.79,63862.136
300099.SZ,20240806,5.74,5.98,5.15,5.15,987070.13,540866.539
002321.SZ,20240806,1.57,1.59,1.55,1.58,99038.4,15550.811
600649.SH,20240806,3.41,3.52,3.4,3.51,334634.72,115398.815
002871.SZ,20240806,8.37,8.51,8.35,8.51,23250.79,19585.824
300998.SZ,20240806,14.75,15.2,14.6,14.78,22514.0,33297.925
300288.SZ,20240806,11.05,11.35,10.96,11.19,68249.03,75843.65
301166.SZ,20240806,26.88,27.64,26.66,27.42,9768.63,26579.293
600802.SH,20240806,2.79,2.84,2.78,2.83,34066.96,9569.511
002271.SZ,20240806,12.3,12.43,12.2,12.42,228868.89,282086.149
600257.SH,20240806,4.35,4.5,4.35,4.5,212174.1,94201.601
002822.SZ,20240806,1.68,1.73,1.63,1.69,183457.0,30911.358
688793.SH,20240806,31.17,31.23,29.88,31.11,12183.38,37513.533
002922.SZ,20240806,16.53,16.77,16.35,16.54,65854.0,108879.632
688070.SH,20240806,29.87,30.29,28.61,29.1,14206.55,41645.209
300616.SZ,20240806,11.04,11.18,11.01,11.14,14153.0,15698.928
600655.SH,20240806,5.43,5.53,5.43,5.5,102435.05,56141.088
688716.SH,20240806,18.04,18.38,17.87,18.22,6309.66,11438.934
600643.SH,20240806,4.06,4.09,4.0,4.04,70138.36,28306.969
603899.SH,20240806,29.84,30.48,29.73,30.18,24304.53,73082.474
300220.SZ,20240806,6.87,7.08,6.87,7.06,28827.0,20176.444
002850.SZ,20240806,73.97,75.3,72.6,73.68,12089.5,89268.416
002487.SZ,20240806,21.03,21.64,20.96,21.19,66735.68,141521.281
301396.SZ,20240806,20.02,20.31,19.75,20.25,27281.6,54685.201
603221.SH,20240806,8.7,8.95,8.7,8.88,34163.0,30196.476
301180.SZ,20240806,12.5,12.6,12.26,12.59,32390.0,40207.657
000978.SZ,20240806,6.07,6.25,6.06,6.25,90683.14,56046.964
600488.SH,20240806,3.64,3.74,3.64,3.73,55401.0,20466.99
688029.SH,20240806,60.5,61.92,60.5,61.5,16150.36,98639.57
300040.SZ,20240806,4.75,4.92,4.74,4.92,200025.27,96545.087
688591.SH,20240806,18.05,18.24,17.81,18.14,12967.88,23366.306
600506.SH,20240806,11.28,11.38,11.2,11.36,26540.0,29976.877
000034.SZ,20240806,22.92,23.17,22.59,22.96,143644.17,328120.464
002278.SZ,20240806,5.19,5.34,4.89,4.98,937973.91,480954.009
600280.SH,20240806,3.16,3.16,2.97,3.16,916480.68,287378.746
600426.SH,20240806,23.38,23.62,23.07,23.22,93670.54,218001.929
000755.SZ,20240806,4.17,4.19,4.12,4.16,27816.61,11564.82
300676.SZ,20240806,36.5,37.04,36.18,36.7,19794.64,72436.254
002805.SZ,20240806,9.99,10.04,9.74,9.91,67344.6,66373.755
688488.SH,20240806,8.88,9.39,8.88,9.27,40203.45,36881.028
300730.SZ,20240806,9.15,9.27,8.93,9.12,98464.63,89152.402
002436.SZ,20240806,8.95,9.06,8.8,8.93,271620.64,241903.085
688589.SH,20240806,23.4,23.42,22.88,23.25,11397.16,26379.495
002038.SZ,20240806,7.19,7.33,7.15,7.32,121270.1,87940.828
300368.SZ,20240806,2.77,2.99,2.62,2.7,427154.0,118308.368
300503.SZ,20240806,13.15,13.35,12.89,13.13,109028.0,142812.775
000570.SZ,20240806,4.5,4.55,4.48,4.54,41951.0,18934.52
605003.SH,20240806,15.83,16.03,15.69,15.74,6760.0,10705.294
300137.SZ,20240806,4.19,4.25,4.08,4.22,84583.8,35208.638
000629.SZ,20240806,2.36,2.38,2.33,2.35,400333.19,94362.895
000333.SZ,20240806,61.61,62.26,59.52,59.92,384931.82,2316733.895
600822.SH,20240806,8.25,8.33,8.0,8.24,95469.0,77782.415
600415.SH,20240806,7.64,7.77,7.61,7.71,256710.86,198075.923
002729.SZ,20240806,9.45,9.64,9.35,9.64,51525.62,48836.648
300755.SZ,20240806,13.68,13.88,13.57,13.86,19491.38,26780.368
603733.SH,20240806,16.66,16.93,16.51,16.71,23019.94,38359.615
002375.SZ,20240806,3.27,3.3,3.24,3.29,39988.07,13067.354
600644.SH,20240806,5.69,5.77,5.65,5.77,56678.0,32424.719
300469.SZ,20240806,11.74,11.98,11.48,11.71,172653.72,201473.092
301018.SZ,20240806,18.8,19.09,18.78,19.04,25563.0,48401.436
002916.SZ,20240806,107.65,108.1,103.15,104.78,60823.41,635502.24
002772.SZ,20240806,5.98,5.99,5.9,5.96,27413.93,16286.585
002876.SZ,20240806,20.28,20.3,19.99,20.21,18953.8,38126.432
300767.SZ,20240806,8.22,8.41,8.2,8.37,46694.85,38950.918
603217.SH,20240806,13.78,13.98,13.76,13.97,8655.92,12009.991
300894.SZ,20240806,13.49,13.68,13.33,13.55,114188.66,153785.203
600718.SH,20240806,8.03,8.07,7.83,7.89,132835.0,105089.244
301202.SZ,20240806,25.69,25.88,25.29,25.67,13263.56,33892.429
603139.SH,20240806,12.17,12.67,12.17,12.63,15138.0,18896.389
603839.SH,20240806,4.43,4.61,4.43,4.58,33400.0,15168.876
688329.SH,20240806,13.48,13.86,13.48,13.66,3113.29,4235.684
600226.SH,20240806,2.06,2.14,2.05,2.13,304011.0,64118.141
002573.SZ,20240806,3.57,3.62,3.56,3.61,40045.81,14366.989
300773.SZ,20240806,12.11,12.26,12.02,12.2,63479.6,76951.636
688556.SH,20240806,11.68,12.06,11.65,11.86,109541.92,129770.173
688018.SH,20240806,104.5,105.1,101.01,102.59,24074.85,245720.599
603698.SH,20240806,12.2,13.09,12.16,12.84,77331.62,98529.157
603315.SH,20240806,9.77,10.08,9.7,9.91,14459.0,14240.201
001330.SZ,20240806,4.33,4.49,4.33,4.46,71236.63,31444.347
300194.SZ,20240806,4.01,4.13,3.98,4.13,325678.0,132566.386
300350.SZ,20240806,4.67,4.72,4.61,4.69,156933.83,73221.617
603960.SH,20240806,20.34,21.78,20.2,21.78,254195.0,540475.091
600011.SH,20240806,7.42,7.52,7.35,7.52,767055.75,571243.453
688373.SH,20240806,4.41,4.47,4.38,4.43,39456.01,17444.397
001378.SZ,20240806,25.28,25.44,24.3,24.57,25156.5,62264.981
002813.SZ,20240806,27.85,28.5,26.94,27.22,26207.0,71529.628
300326.SZ,20240806,4.01,4.07,3.98,4.07,59790.49,24092.056
301558.SZ,20240806,8.16,8.21,8.09,8.21,38301.28,31230.421
600292.SH,20240806,4.87,4.92,4.87,4.9,28701.0,14035.859
000563.SZ,20240806,2.91,2.93,2.86,2.89,352377.88,101957.956
000736.SZ,20240806,8.03,8.17,7.95,8.15,138944.13,112246.512
002825.SZ,20240806,6.03,6.1,5.98,6.08,21409.71,12963.039
300933.SZ,20240806,5.46,5.67,5.46,5.67,81414.0,45323.627
000521.SZ,20240806,8.25,8.66,8.19,8.42,473278.45,396070.905
301218.SZ,20240806,19.78,20.05,19.46,19.75,21080.94,41467.48
688416.SH,20240806,26.98,27.1,25.93,26.36,21644.72,56984.757
605318.SH,20240806,16.15,16.28,15.75,15.84,15707.0,25087.528
600133.SH,20240806,8.07,8.15,7.9,8.1,195031.37,156343.1
000967.SZ,20240806,4.28,4.31,4.21,4.25,170550.62,72616.143
000930.SZ,20240806,5.09,5.12,5.06,5.12,88693.92,45179.498
301220.SZ,20240806,23.9,24.38,23.79,24.38,9534.0,22992.307
300687.SZ,20240806,12.5,12.83,12.39,12.69,51600.65,65056.433
301009.SZ,20240806,7.4,7.6,7.36,7.56,18572.0,13932.63
002128.SZ,20240806,17.37,17.66,17.1,17.28,102078.44,176746.147
000966.SZ,20240806,4.23,4.27,4.2,4.26,89867.51,38058.152
600611.SH,20240806,11.2,11.2,10.1,10.1,4982735.21,5160184.173
605266.SH,20240806,21.35,21.87,21.25,21.67,28440.3,61086.906
002948.SZ,20240806,3.26,3.27,3.19,3.22,297313.1,95729.39
600006.SH,20240806,7.09,7.17,6.88,6.95,615845.0,428019.985
688030.SH,20240806,10.0,10.19,9.98,10.18,5997.13,6060.188
002379.SZ,20240806,4.92,5.1,4.92,5.07,77867.0,39096.877
603538.SH,20240806,12.2,12.38,12.0,12.37,31003.01,38000.191
300793.SZ,20240806,11.56,11.65,11.44,11.62,35972.6,41509.633
000852.SZ,20240806,5.4,5.49,5.4,5.48,44400.46,24171.949
603008.SH,20240806,14.88,15.25,14.88,15.2,30423.22,45790.929
600035.SH,20240806,4.43,4.45,4.25,4.31,228037.34,98819.614
000526.SZ,20240806,58.0,61.94,56.99,61.94,27024.67,163303.032
688667.SH,20240806,35.0,35.71,34.42,35.5,3372.67,11755.476
000565.SZ,20240806,4.02,4.13,4.02,4.12,39604.8,16201.441
300615.SZ,20240806,8.8,10.0,8.72,9.41,91259.77,86560.469
600279.SH,20240806,3.7,3.7,3.66,3.7,24674.0,9088.981
300111.SZ,20240806,2.16,2.25,2.16,2.25,304867.6,67319.578
002017.SZ,20240806,7.78,7.88,7.75,7.86,40604.45,31741.663
601918.SH,20240806,7.72,7.98,7.71,7.91,319567.63,251998.709
300004.SZ,20240806,4.15,4.26,4.15,4.25,64705.08,27258.057
001336.SZ,20240806,15.97,16.14,15.8,16.11,10948.96,17512.56
603016.SH,20240806,14.66,14.94,14.66,14.83,8651.0,12802.834
002179.SZ,20240806,37.2,38.88,37.18,38.88,134283.8,513476.187
002752.SZ,20240806,4.56,4.66,4.56,4.65,59993.59,27651.078
600984.SH,20240806,2.32,2.39,2.31,2.38,105286.42,24662.961
000788.SZ,20240806,5.48,5.62,5.45,5.61,91511.75,50730.942
002222.SZ,20240806,21.84,21.93,21.37,21.66,67602.56,145675.599
002648.SZ,20240806,16.46,16.58,16.22,16.3,122621.44,200256.21
603822.SH,20240806,20.55,21.55,20.51,21.2,14251.8,30126.611
600195.SH,20240806,6.55,6.72,6.55,6.72,91169.56,60677.538
002992.SZ,20240806,45.54,46.71,44.27,46.02,19400.5,88137.604
603711.SH,20240806,11.65,11.9,11.6,11.89,20573.28,24237.14
601702.SH,20240806,16.36,16.48,16.01,16.11,35766.05,57838.76
300117.SZ,20240806,1.49,1.54,1.44,1.5,334540.25,49692.214
603559.SH,20240806,4.95,4.95,4.95,4.95,2552.0,1263.24
300682.SZ,20240806,8.2,8.27,8.08,8.25,106869.75,87354.204
001206.SZ,20240806,12.74,12.96,12.68,12.88,13553.32,17374.191
000725.SZ,20240806,3.78,3.81,3.73,3.77,3083969.45,1160670.986
002552.SZ,20240806,11.05,11.23,11.0,11.23,27947.0,31152.338
000911.SZ,20240806,6.37,6.44,6.31,6.37,25177.15,15978.381
600900.SH,20240806,29.9,30.09,29.3,29.46,936573.65,2766826.003
603019.SH,20240806,41.3,41.48,40.08,41.11,319584.14,1301646.416
000962.SZ,20240806,9.8,9.86,9.7,9.84,48626.2,47590.764
600313.SH,20240806,5.85,5.98,5.64,5.7,274765.0,157843.266
002881.SZ,20240806,18.5,18.6,18.2,18.45,20177.71,37045.185
002496.SZ,20240806,2.6,2.79,2.6,2.79,280696.39,76256.154
300596.SZ,20240806,23.92,24.44,23.86,24.2,15442.85,37147.584
300502.SZ,20240806,89.9,92.2,88.97,90.49,285643.86,2580476.506
001255.SZ,20240806,20.82,21.15,20.64,20.96,7100.0,14772.13
600678.SH,20240806,5.18,5.23,5.06,5.17,144717.56,74224.111
000680.SZ,20240806,6.9,7.04,6.74,6.86,153532.56,105023.175
000670.SZ,20240806,4.83,4.89,4.68,4.86,383568.93,183768.863
000722.SZ,20240806,8.76,8.82,8.69,8.82,48709.8,42620.881
601992.SH,20240806,1.38,1.39,1.36,1.38,328588.0,45256.787
600308.SH,20240806,3.24,3.27,3.21,3.23,43646.85,14127.084
603037.SH,20240806,13.09,13.25,12.63,12.92,79595.65,102555.806
603071.SH,20240806,12.25,12.33,12.13,12.3,17893.03,21894.7
300281.SZ,20240806,5.26,5.67,5.15,5.59,606321.8,330134.305
603399.SH,20240806,6.25,6.33,6.22,6.3,47435.5,29785.794
603324.SH,20240806,21.59,22.16,20.83,22.06,31317.6,67288.705
002812.SZ,20240806,30.0,30.35,29.58,30.0,92991.06,278784.913
000096.SZ,20240806,9.42,9.63,9.33,9.63,57698.0,54971.483
300182.SZ,20240806,3.71,3.75,3.66,3.72,469701.98,174120.745
600864.SH,20240806,5.1,5.11,4.99,5.05,215252.0,108450.498
601330.SH,20240806,5.89,5.94,5.8,5.9,48601.0,28581.561
002719.SZ,20240806,5.95,6.15,5.95,6.15,67703.2,41193.548
688552.SH,20240806,16.15,16.72,16.0,16.54,24849.81,40799.799
000735.SZ,20240806,4.95,5.0,4.92,4.99,212863.0,105524.323
601928.SH,20240806,10.3,10.36,10.04,10.21,100595.72,102086.13
688531.SH,20240806,39.18,40.0,39.03,39.7,7636.83,30100.413
000932.SZ,20240806,4.59,4.65,4.59,4.61,359815.94,166261.159
603823.SH,20240806,9.14,9.33,9.12,9.29,34074.8,31374.371
002116.SZ,20240806,8.73,8.82,8.7,8.81,35278.71,30920.119
300509.SZ,20240806,4.49,4.57,4.47,4.56,26885.8,12164.757
603507.SH,20240806,21.16,21.75,21.13,21.39,23237.0,49739.374
600834.SH,20240806,8.11,8.11,7.45,7.66,293319.01,223211.371
605399.SH,20240806,10.82,11.16,10.82,11.06,22238.7,24427.901
002512.SZ,20240806,3.29,3.36,3.19,3.29,410146.29,133970.444
600531.SH,20240806,5.64,5.67,5.55,5.63,173989.0,97592.598
603486.SH,20240806,39.84,39.97,38.54,39.08,40657.61,158977.798
600837.SH,20240806,8.68,8.72,8.52,8.58,229854.56,197669.063
002323.SZ,20240806,1.16,1.19,1.14,1.16,597843.9,69562.562
688060.SH,20240806,28.01,28.38,27.73,28.02,2555.68,7148.769
601958.SH,20240806,10.25,10.29,9.92,10.05,124880.0,125376.594
601108.SH,20240806,6.73,6.75,6.64,6.71,255479.8,171049.688
000752.SZ,20240806,6.99,7.12,6.96,7.0,15168.79,10649.03
600748.SH,20240806,2.56,2.6,2.54,2.6,71696.0,18419.272
300771.SZ,20240806,9.05,9.1,8.9,9.08,83732.49,75262.983
002897.SZ,20240806,34.5,34.59,33.86,34.38,50794.2,173806.779
002840.SZ,20240806,14.33,14.65,14.03,14.28,91160.92,130501.106
603897.SH,20240806,16.99,17.38,16.93,17.15,19507.0,33338.334
603682.SH,20240806,3.79,3.84,3.76,3.84,48801.0,18533.766
301016.SZ,20240806,19.68,20.04,19.27,19.82,86777.36,170435.06
000892.SZ,20240806,2.65,2.79,2.62,2.78,618664.17,168063.614
301141.SZ,20240806,29.7,29.98,29.4,29.84,19420.6,57651.747
601225.SH,20240806,23.41,23.41,22.41,22.64,260375.0,592149.281
688520.SH,20240806,37.82,39.08,37.82,39.05,20245.39,77984.86
600379.SH,20240806,7.92,8.04,7.89,8.0,18818.27,14976.969
600996.SH,20240806,7.6,7.72,7.48,7.59,79483.03,60311.85
688439.SH,20240806,52.8,54.08,52.6,53.74,19282.42,102702.62
002253.SZ,20240806,10.67,10.8,10.36,10.55,141923.24,149721.219
300751.SZ,20240806,101.54,107.17,101.54,105.69,27334.24,287893.027
603650.SH,20240806,26.6,26.8,26.22,26.7,40326.09,106923.689
601231.SH,20240806,14.18,14.45,13.99,14.1,117050.74,165997.824
603786.SH,20240806,48.23,48.48,47.43,48.44,16203.73,77783.799
000949.SZ,20240806,3.5,3.54,3.47,3.53,149929.0,52649.941
600497.SH,20240806,5.22,5.27,5.08,5.16,711013.44,366032.862
000597.SZ,20240806,4.42,4.42,4.42,4.42,104112.68,46017.805
002800.SZ,20240806,8.9,8.98,8.77,8.89,24099.64,21338.735
600737.SH,20240806,8.48,8.56,8.4,8.5,167425.4,141727.599
300585.SZ,20240806,11.7,11.91,11.5,11.75,71905.0,83664.93
603995.SH,20240806,17.0,17.66,16.73,16.94,117630.76,201412.42
000028.SZ,20240806,29.15,29.75,29.03,29.4,41312.6,121117.977
300896.SZ,20240806,172.0,175.5,170.8,173.59,22840.49,395159.83
601555.SH,20240806,6.23,6.27,6.17,6.22,235139.29,146041.777
688506.SH,20240806,178.88,180.0,171.77,176.23,9421.36,164241.15
002950.SZ,20240806,6.58,6.79,6.58,6.78,37364.5,25064.754
000678.SZ,20240806,3.75,3.81,3.71,3.8,46000.0,17324.924
600018.SH,20240806,6.08,6.12,5.94,6.03,292750.14,175801.118
300680.SZ,20240806,18.34,18.7,17.87,18.28,88843.6,161897.841
002724.SZ,20240806,4.2,4.23,4.16,4.23,35272.0,14811.883
000408.SZ,20240806,22.22,22.27,21.97,22.14,71364.26,157675.569
300364.SZ,20240806,19.66,19.79,19.22,19.59,384782.97,747751.667
688600.SH,20240806,12.26,12.78,12.22,12.75,6837.18,8594.527
300338.SZ,20240806,1.94,2.15,1.86,2.09,803538.62,160073.092
300708.SZ,20240806,9.05,9.14,8.81,8.94,163866.4,146211.116
002165.SZ,20240806,3.47,3.52,3.47,3.52,127603.93,44609.515
002044.SZ,20240806,3.68,3.75,3.68,3.74,216636.71,80623.82
605058.SH,20240806,16.99,17.15,16.86,17.09,9572.0,16267.315
300442.SZ,20240806,21.2,21.34,20.84,21.26,87010.8,183419.531
002742.SZ,20240806,2.85,2.85,2.71,2.71,96725.0,26445.964
002734.SZ,20240806,6.79,6.88,6.7,6.77,62326.3,42164.575
600536.SH,20240806,31.48,31.57,30.8,31.42,189930.79,591938.128
603809.SH,20240806,7.58,7.84,7.43,7.67,120476.12,92352.226
603516.SH,20240806,28.15,28.57,27.65,28.42,85585.17,240359.874
301019.SZ,20240806,12.91,13.19,12.91,13.15,4646.91,6074.377
603955.SH,20240806,8.86,9.11,8.73,9.0,45956.6,40867.215
688333.SH,20240806,50.31,52.16,50.16,51.35,25650.57,131381.564
600470.SH,20240806,4.07,4.1,4.03,4.09,36358.2,14760.545
002557.SZ,20240806,26.26,27.36,26.17,27.35,75982.25,205021.204
601162.SH,20240806,2.48,2.5,2.39,2.44,2389082.86,580519.809
002700.SZ,20240806,9.9,10.05,9.82,10.0,17846.6,17773.116
002884.SZ,20240806,16.1,16.34,15.88,16.17,17417.23,28015.725
301212.SZ,20240806,19.28,19.45,18.96,19.22,6668.0,12784.005
600605.SH,20240806,27.24,27.95,27.14,27.78,21683.8,59622.928
300167.SZ,20240806,1.81,1.91,1.79,1.85,196033.0,36003.463
300691.SZ,20240806,14.18,14.38,14.08,14.34,25181.32,35827.96
000012.SZ,20240806,4.99,5.05,4.96,5.03,98758.28,49495.794
300198.SZ,20240806,1.39,1.44,1.38,1.41,473430.8,66487.325
600282.SH,20240806,4.43,4.45,4.28,4.33,269474.86,117085.728
605189.SH,20240806,11.12,11.32,11.05,11.24,9287.2,10388.046
601696.SH,20240806,9.21,9.24,9.06,9.15,119293.89,108958.999
688382.SH,20240806,7.56,8.08,7.56,7.92,74887.77,58684.335
301365.SZ,20240806,10.3,10.47,10.25,10.36,12344.59,12784.986
600477.SH,20240806,2.31,2.35,2.31,2.34,101281.14,23588.657
000078.SZ,20240806,2.37,2.43,2.35,2.42,229102.41,54814.81
300210.SZ,20240806,7.28,7.37,7.19,7.3,82054.86,59655.389
601969.SH,20240806,5.7,5.8,5.7,5.76,68251.51,39225.932
300465.SZ,20240806,6.76,6.95,6.75,6.83,39910.0,27154.338
605028.SH,20240806,13.02,13.2,13.0,13.19,4846.0,6348.179
688521.SH,20240806,30.99,31.39,30.52,31.1,51989.12,160480.644
601800.SH,20240806,8.6,8.68,8.42,8.52,357018.0,304258.737
300174.SZ,20240806,13.02,13.28,13.02,13.12,18344.0,24064.672
600845.SH,20240806,30.85,30.94,30.26,30.6,39849.52,121570.477
300479.SZ,20240806,13.98,14.09,13.63,13.99,26644.64,36860.56
600151.SH,20240806,4.76,5.09,4.76,4.95,363385.28,179956.15
300212.SZ,20240806,16.13,16.78,16.02,16.62,183548.0,300349.083
600030.SH,20240806,19.32,19.37,18.93,19.11,750600.05,1433376.713
600449.SH,20240806,10.85,11.02,10.79,10.94,37563.27,40973.704
600251.SH,20240806,7.15,7.25,7.15,7.23,41900.0,30211.502
600639.SH,20240806,9.94,10.05,9.93,10.05,38133.1,38119.042
301578.SZ,20240806,36.99,37.26,35.62,36.4,11545.61,41787.182
002586.SZ,20240806,1.58,1.58,1.53,1.57,44577.02,6912.311
688065.SH,20240806,38.26,38.61,37.38,38.4,16623.1,63281.848
300169.SZ,20240806,5.61,5.67,5.25,5.58,379159.0,207473.612
688607.SH,20240806,10.86,11.26,10.86,11.15,7102.27,7860.49
002910.SZ,20240806,6.06,6.24,6.06,6.24,23641.0,14615.494
603261.SH,20240806,29.73,30.37,28.69,29.88,34225.0,102116.549
003031.SZ,20240806,40.97,41.79,40.61,41.18,14147.29,57965.203
300663.SZ,20240806,9.5,9.58,9.37,9.5,55893.5,52939.565
002987.SZ,20240806,9.56,9.68,9.51,9.62,40488.29,38856.516
000609.SZ,20240806,1.88,1.91,1.86,1.9,31594.01,5963.381
000820.SZ,20240806,2.23,2.3,2.23,2.29,67839.69,15372.814
300251.SZ,20240806,7.49,7.55,7.35,7.45,198804.4,147841.413
301528.SZ,20240806,44.12,45.38,43.37,45.37,15103.16,67291.19
300806.SZ,20240806,9.79,9.79,9.46,9.59,58705.04,56290.458
002545.SZ,20240806,6.05,6.16,6.04,6.13,70923.7,43237.332
600337.SH,20240806,1.59,1.6,1.53,1.56,125748.1,19500.286
600789.SH,20240806,8.97,9.6,8.45,9.07,2988104.49,2707100.292
301371.SZ,20240806,27.9,28.51,27.71,28.47,9562.18,26958.538
601003.SH,20240806,2.66,2.69,2.64,2.67,47865.0,12763.683
600533.SH,20240806,1.82,1.87,1.82,1.86,82288.0,15180.097
603322.SH,20240806,25.07,25.28,24.3,24.73,41599.4,102484.912
000633.SZ,20240806,3.86,3.9,3.82,3.89,59565.0,23006.825
301388.SZ,20240806,19.02,19.31,18.55,19.21,36932.0,70058.627
300213.SZ,20240806,5.81,6.07,5.67,5.96,390412.24,227767.3
300162.SZ,20240806,5.93,6.07,5.81,5.9,170468.0,100249.424
688512.SH,20240806,7.07,7.16,6.95,7.08,47472.73,33458.99
300703.SZ,20240806,7.64,7.82,7.6,7.81,38573.0,29852.469
600486.SH,20240806,54.72,55.55,54.1,54.74,7117.32,38966.495
000088.SZ,20240806,4.61,4.64,4.53,4.58,74679.84,34211.226
002685.SZ,20240806,3.56,3.94,3.47,3.79,2423370.93,928145.723
002482.SZ,20240806,1.51,1.65,1.5,1.65,286288.9,45705.134
300743.SZ,20240806,11.74,11.95,11.66,11.83,21039.83,24836.575
603367.SH,20240806,13.24,13.61,13.24,13.6,37828.01,50877.987
300411.SZ,20240806,12.86,12.96,12.15,12.37,380539.02,471482.396
300406.SZ,20240806,13.45,13.94,13.4,13.93,67183.05,92276.519
000338.SZ,20240806,13.0,13.09,12.8,12.96,585701.24,758073.937
601568.SH,20240806,3.84,3.89,3.84,3.88,81631.45,31542.337
300597.SZ,20240806,6.72,6.88,6.69,6.87,40148.0,27328.572
002865.SZ,20240806,38.86,42.06,38.79,42.06,207400.64,862628.183
688049.SH,20240806,21.57,21.79,21.05,21.38,20774.03,44216.328
000530.SZ,20240806,3.74,3.78,3.72,3.77,70211.0,26324.77
688687.SH,20240806,22.8,23.18,22.13,22.65,20374.22,45992.65
603477.SH,20240806,22.89,23.08,22.3,22.76,96141.42,217969.422
601995.SH,20240806,29.67,29.89,29.01,29.4,100498.54,294401.007
600613.SH,20240806,5.58,5.75,5.58,5.75,77883.71,44254.235
688400.SH,20240806,13.97,14.3,13.97,14.27,19108.3,27057.087
600021.SH,20240806,9.01,9.09,8.94,9.01,122083.38,109792.802
000016.SZ,20240806,2.77,2.88,2.66,2.66,1004727.73,272074.865
603608.SH,20240806,2.44,2.58,2.42,2.58,76131.6,19228.526
600572.SH,20240806,4.35,4.4,4.32,4.39,266949.14,116773.896
688041.SH,20240806,75.18,75.4,72.81,74.87,108730.47,804589.61
300572.SZ,20240806,11.94,12.28,11.7,12.28,60788.56,73555.363
000620.SZ,20240806,1.65,1.68,1.56,1.62,1177962.05,189501.034
600897.SH,20240806,13.2,13.31,13.08,13.21,18603.77,24553.607
603721.SH,20240806,22.17,22.6,21.7,22.24,91706.6,201992.109
002853.SZ,20240806,7.02,7.05,6.88,7.01,27394.95,19097.029
600062.SH,20240806,18.8,19.12,18.56,19.01,132348.62,249733.288
603697.SH,20240806,5.73,5.88,5.73,5.86,20920.5,12165.704
002801.SZ,20240806,17.82,17.94,17.46,17.93,7200.0,12789.963
000729.SZ,20240806,9.63,9.85,9.59,9.83,181457.04,177227.396
002693.SZ,20240806,5.06,5.58,4.82,5.2,419495.97,215972.913
688371.SH,20240806,8.88,9.1,8.71,8.91,38898.82,34644.085
300075.SZ,20240806,13.6,13.69,13.39,13.55,80704.9,109045.774
002204.SZ,20240806,4.17,4.22,4.16,4.2,105464.0,44228.079
300656.SZ,20240806,17.49,17.72,17.21,17.58,18931.38,32987.184
688013.SH,20240806,14.36,14.76,14.36,14.76,5903.94,8623.159
002393.SZ,20240806,16.18,16.43,16.01,16.41,19593.2,31748.632
601929.SH,20240806,1.1,1.12,1.06,1.08,1459560.0,158329.367
002930.SZ,20240806,11.66,11.7,11.42,11.6,9554.76,11003.825
688401.SH,20240806,21.14,21.5,20.62,21.0,12645.76,26480.685
600993.SH,20240806,27.26,27.63,27.1,27.42,32197.25,87967.61
300752.SZ,20240806,11.8,11.95,11.61,11.88,32862.0,38711.599
600353.SH,20240806,5.55,5.63,5.49,5.57,90309.0,50080.611
600939.SH,20240806,2.28,2.3,2.26,2.29,55294.0,12612.482
001259.SZ,20240806,19.73,19.88,19.64,19.86,6672.28,13191.513
600383.SH,20240806,3.07,3.12,3.04,3.12,1199959.71,369563.787
002171.SZ,20240806,6.09,6.15,6.0,6.08,89564.14,54331.624
600997.SH,20240806,5.96,6.05,5.94,6.03,57114.0,34324.372
300512.SZ,20240806,5.5,5.6,5.49,5.6,12250.5,6809.663
300507.SZ,20240806,5.94,5.98,5.76,5.9,259139.02,151742.771
600182.SH,20240806,12.72,12.85,12.7,12.8,6170.26,7879.503
000737.SZ,20240806,8.5,8.56,8.3,8.46,400221.1,336344.379
603069.SH,20240806,17.96,18.23,16.97,17.98,171355.61,300396.724
603801.SH,20240806,10.9,11.15,10.88,11.08,40153.41,44187.593
600750.SH,20240806,22.51,22.9,22.3,22.7,48915.76,110574.888
001278.SZ,20240806,14.16,14.44,14.16,14.44,12879.0,18436.269
301135.SZ,20240806,18.17,18.61,18.08,18.28,8400.28,15332.701
300337.SZ,20240806,7.18,7.23,6.91,7.03,188864.0,132613.957
002169.SZ,20240806,4.32,4.37,4.29,4.33,49898.75,21591.194
002872.SZ,20240806,3.4,3.44,3.36,3.42,31296.5,10679.355
600898.SH,20240806,1.17,1.22,1.15,1.22,87381.04,10518.316
600355.SH,20240806,2.99,3.03,2.97,3.0,113862.0,34039.516
003001.SZ,20240806,14.94,15.28,14.65,15.15,10373.17,15560.911
601611.SH,20240806,7.99,8.02,7.79,7.88,185114.6,145794.461
688068.SH,20240806,26.11,26.68,26.0,26.64,9739.88,25774.427
002186.SZ,20240806,8.9,9.19,8.89,9.19,73574.0,66856.253
601615.SH,20240806,9.65,9.94,9.65,9.87,284321.92,279250.175
688036.SH,20240806,76.39,77.2,73.79,74.8,39300.62,294810.322
600602.SH,20240806,10.22,10.32,10.09,10.26,133257.66,135697.796
603126.SH,20240806,5.12,5.21,5.12,5.17,38508.0,19846.183
688383.SH,20240806,43.98,44.49,42.91,43.6,6271.92,27329.894
603506.SH,20240806,7.58,7.75,7.5,7.74,32272.37,24721.643
601528.SH,20240806,4.83,4.85,4.75,4.78,116806.92,55933.831
300551.SZ,20240806,6.39,6.49,6.27,6.49,194998.57,124508.062
300669.SZ,20240806,12.37,12.64,12.22,12.4,4899.0,6085.175
601818.SH,20240806,3.15,3.16,3.08,3.11,1491920.39,463683.117
002475.SZ,20240806,35.5,35.97,34.83,35.39,600475.68,2121263.051
300395.SZ,20240806,32.0,32.47,31.48,32.26,69438.77,222575.942
688361.SH,20240806,52.65,56.2,52.05,55.61,57462.46,310806.795
002933.SZ,20240806,23.23,24.06,23.13,23.87,15705.0,37150.644
688062.SH,20240806,24.36,25.1,24.15,24.96,33943.67,83877.762
002376.SZ,20240806,5.2,5.3,5.17,5.29,42804.21,22376.994
600582.SH,20240806,5.62,5.72,5.58,5.67,207238.91,117007.327
603085.SH,20240806,8.17,8.35,8.08,8.29,65210.0,53609.156
603416.SH,20240806,31.12,31.63,31.12,31.5,18460.0,57867.589
001229.SZ,20240806,26.45,28.0,25.18,26.9,61563.47,165168.475
300466.SZ,20240806,5.79,5.85,5.71,5.85,75196.88,43454.113
300293.SZ,20240806,15.13,15.47,14.82,15.28,222534.31,336166.193
001286.SZ,20240806,9.88,9.94,9.67,9.77,183697.51,179200.244
002673.SZ,20240806,6.39,6.45,6.29,6.36,219237.4,139210.499
600329.SH,20240806,33.2,33.57,32.92,33.34,30369.91,100934.804
002596.SZ,20240806,1.58,1.6,1.53,1.56,392204.45,61150.428
301037.SZ,20240806,8.92,9.25,8.67,8.92,14074.21,12451.439
600031.SH,20240806,15.5,15.65,15.2,15.46,299267.59,461136.147
603813.SH,20240806,9.51,9.65,9.1,9.53,17330.0,16331.011
600733.SH,20240806,9.2,9.75,8.82,9.22,3836544.12,3560621.976
301110.SZ,20240806,26.88,27.8,26.59,26.95,7016.61,18931.601
000058.SZ,20240806,5.51,5.55,5.44,5.53,65320.0,35950.414
603501.SH,20240806,96.0,96.5,93.33,94.93,117463.52,1108194.041
300248.SZ,20240806,6.32,6.46,6.25,6.41,39716.12,25199.306
600370.SH,20240806,1.29,1.3,1.26,1.28,84024.0,10702.536
600760.SH,20240806,42.15,42.95,41.92,42.69,142685.87,605937.066
688418.SH,20240806,15.0,15.3,14.69,14.97,46851.21,70159.294
300103.SZ,20240806,4.46,4.47,4.33,4.43,135229.5,59330.673
688739.SH,20240806,24.06,24.28,23.95,24.28,13949.18,33593.637
301239.SZ,20240806,39.3,40.69,38.73,40.51,49013.53,194804.74
300648.SZ,20240806,16.03,16.61,15.98,16.27,15058.63,24552.63
688080.SH,20240806,23.57,23.93,23.44,23.83,8726.06,20666.319
603998.SH,20240806,10.86,11.13,10.76,11.12,38347.0,42275.191
300652.SZ,20240806,17.51,17.63,17.23,17.56,10564.53,18415.036
301246.SZ,20240806,12.89,13.24,12.71,13.22,42531.45,55618.76
003011.SZ,20240806,12.21,12.31,12.1,12.31,7806.0,9533.321
600435.SH,20240806,9.07,9.53,8.89,9.31,364708.62,337014.58
000035.SZ,20240806,4.41,4.52,4.41,4.5,173243.0,77272.624
300915.SZ,20240806,26.73,27.5,26.49,27.38,6665.5,18059.033
002741.SZ,20240806,10.77,10.85,10.4,10.7,51140.43,54319.004
600770.SH,20240806,2.55,2.61,2.46,2.49,433899.09,108551.167
603345.SH,20240806,78.2,80.3,77.82,79.24,38436.74,303269.562
002145.SZ,20240806,3.31,3.36,3.28,3.33,188771.3,62591.661
000531.SZ,20240806,4.81,4.86,4.8,4.85,36118.86,17449.85
002769.SZ,20240806,4.97,4.99,4.85,4.91,54439.0,26803.757
603296.SH,20240806,48.6,49.04,47.65,48.99,15437.11,74500.034
601727.SH,20240806,3.79,3.8,3.73,3.76,195714.76,73532.095
600192.SH,20240806,4.14,4.53,4.13,4.53,75800.4,34069.808
002048.SZ,20240806,12.77,12.85,12.38,12.54,40821.6,51180.548
002598.SZ,20240806,7.17,7.36,7.17,7.29,32569.27,23685.804
300192.SZ,20240806,11.34,13.0,10.88,13.0,771453.9,935587.982
000785.SZ,20240806,2.63,2.71,2.59,2.61,652241.0,172668.893
002762.SZ,20240806,4.95,5.11,4.92,5.08,64090.75,32211.295
600460.SH,20240806,22.8,23.0,20.8,21.28,962752.16,2068613.781
002652.SZ,20240806,2.83,2.91,2.82,2.91,107525.6,30754.51
603214.SH,20240806,10.89,10.97,10.78,10.97,11953.93,13010.859
301083.SZ,20240806,13.5,13.65,13.3,13.44,25076.0,33752.1
002756.SZ,20240806,32.3,33.05,32.23,32.68,61134.57,199229.159
002480.SZ,20240806,3.12,3.17,3.1,3.16,126080.72,39519.451
002431.SZ,20240806,1.58,1.61,1.55,1.61,144431.5,22889.976
000890.SZ,20240806,2.47,2.54,2.45,2.54,89127.0,22262.638
600177.SH,20240806,7.1,7.16,7.1,7.15,127412.66,90910.776
601686.SH,20240806,5.34,5.38,5.32,5.37,13896.0,7432.538
001368.SZ,20240806,17.7,18.88,17.7,18.54,40173.86,73735.383
601952.SH,20240806,9.44,9.52,9.32,9.49,78303.0,73851.416
600665.SH,20240806,2.28,2.35,2.26,2.35,148599.0,34234.409
002846.SZ,20240806,6.84,6.88,6.74,6.83,38967.0,26476.645
300386.SZ,20240806,8.36,8.46,8.16,8.38,131941.0,109346.542
300781.SZ,20240806,44.5,45.25,43.94,44.97,58612.6,260838.73
603365.SH,20240806,13.3,13.33,13.07,13.22,16711.0,22027.136
000963.SZ,20240806,29.33,29.78,29.11,29.6,93141.73,274873.876
300148.SZ,20240806,2.45,2.75,2.45,2.64,870356.12,223600.671
300795.SZ,20240806,15.65,16.01,15.4,15.85,19871.56,31275.606
002405.SZ,20240806,6.71,6.75,6.56,6.64,319596.0,211755.1
603358.SH,20240806,29.1,29.8,28.67,29.75,18299.44,53375.897
300986.SZ,20240806,6.93,7.09,6.89,7.07,18791.21,13199.403
300264.SZ,20240806,4.19,4.25,4.12,4.19,161930.0,67621.271
002349.SZ,20240806,6.89,7.04,6.85,7.03,128958.0,89824.624
001359.SZ,20240806,22.56,24.05,21.75,22.93,145651.94,333560.132
002176.SZ,20240806,7.3,7.39,7.22,7.32,219837.76,160666.428
603255.SH,20240806,25.02,25.71,25.02,25.35,7580.0,19203.295
002640.SZ,20240806,1.53,1.61,1.51,1.55,1158446.33,179391.241
002842.SZ,20240806,5.05,5.12,5.02,5.12,25724.92,13045.216
601369.SH,20240806,7.67,7.85,7.63,7.73,67819.88,52405.287
601595.SH,20240806,20.23,20.36,19.61,20.03,164102.53,327105.213
600597.SH,20240806,8.19,8.32,8.18,8.31,92794.71,76677.382
000559.SZ,20240806,4.53,4.58,4.47,4.53,128316.14,58051.646
300766.SZ,20240806,9.24,9.39,9.12,9.24,58230.0,53719.935
002830.SZ,20240806,9.6,9.77,9.3,9.68,12380.0,11827.092
000908.SZ,20240806,2.44,2.45,2.38,2.45,377382.09,92150.062
002690.SZ,20240806,15.39,15.55,15.16,15.33,16990.8,26055.107
002469.SZ,20240806,5.27,5.34,5.24,5.3,38279.0,20233.922
601007.SH,20240806,6.43,6.68,6.43,6.66,91135.0,59758.648
600580.SH,20240806,12.2,12.29,11.75,11.94,410815.01,492289.408
600501.SH,20240806,21.4,22.57,20.25,20.25,1123352.06,2352400.795
002927.SZ,20240806,11.54,11.98,11.19,11.49,151149.27,174820.445
000404.SZ,20240806,5.64,5.75,5.6,5.74,135896.5,77009.396
600268.SH,20240806,5.35,5.37,5.28,5.35,66423.44,35377.325
688083.SH,20240806,68.54,70.88,68.35,70.8,7783.22,54308.025
300606.SZ,20240806,17.3,17.6,17.09,17.29,32445.0,56003.794
301128.SZ,20240806,39.6,39.85,37.88,38.62,30268.73,116560.747
000762.SZ,20240806,18.05,18.4,17.98,18.2,102889.49,187053.749
600023.SH,20240806,6.45,6.52,6.33,6.41,349508.06,223528.202
300486.SZ,20240806,5.29,5.4,5.22,5.3,158212.75,83673.809
300995.SZ,20240806,14.72,15.09,14.69,14.82,11391.0,16881.269
002890.SZ,20240806,8.38,8.53,8.28,8.38,16948.08,14241.273
002066.SZ,20240806,7.77,7.95,7.75,7.93,35656.25,27967.673
600026.SH,20240806,14.34,14.79,14.34,14.77,146648.03,213675.137
300833.SZ,20240806,39.23,39.92,38.96,39.84,6123.5,24183.978
603863.SH,20240806,23.5,24.99,22.92,24.99,198079.0,488106.587
002024.SZ,20240806,1.3,1.32,1.29,1.31,143142.45,18636.175
600141.SH,20240806,17.8,18.0,17.69,17.87,78996.02,140850.393
600609.SH,20240806,4.0,4.04,3.88,3.96,191215.0,75146.502
603176.SH,20240806,3.66,3.73,3.62,3.7,14804.0,5431.37
300948.SZ,20240806,8.67,8.75,8.62,8.72,12984.5,11290.779
002809.SZ,20240806,7.19,7.62,7.1,7.6,63302.13,46733.644
000541.SZ,20240806,4.58,4.63,4.53,4.57,67417.16,30796.333
688391.SH,20240806,26.87,26.87,25.88,26.24,3801.28,9936.351
000591.SZ,20240806,4.35,4.41,4.34,4.38,167782.42,73396.75
600083.SH,20240806,2.14,2.23,2.1,2.23,94550.0,20739.338
688089.SH,20240806,15.75,16.38,15.52,16.19,40716.51,65023.627
600333.SH,20240806,3.76,3.79,3.73,3.79,37448.78,14081.477
688379.SH,20240806,12.93,13.07,12.87,13.03,3634.96,4721.313
603887.SH,20240806,5.28,5.33,5.15,5.25,68867.0,35970.345
688499.SH,20240806,18.53,18.95,18.38,18.63,14010.95,26114.847
002368.SZ,20240806,15.7,15.94,15.61,15.91,105168.09,165792.559
603766.SH,20240806,6.55,6.75,6.35,6.41,258929.5,168559.732
300970.SZ,20240806,11.28,11.65,11.28,11.64,22307.0,25701.283
001258.SZ,20240806,5.98,6.08,5.93,6.05,50074.0,30124.385
000790.SZ,20240806,3.49,3.6,3.49,3.59,117042.52,41646.672
688323.SH,20240806,9.26,9.37,9.07,9.37,9406.89,8676.483
688563.SH,20240806,50.63,50.98,50.13,50.63,8948.03,45287.513
301251.SZ,20240806,31.55,31.75,30.66,31.24,35531.35,110534.11
601208.SH,20240806,6.42,6.51,6.38,6.47,92729.98,59771.462
600467.SH,20240806,1.51,1.53,1.49,1.53,139115.0,21019.636
000006.SZ,20240806,3.83,3.97,3.83,3.87,321735.93,125133.579
000429.SZ,20240806,11.08,11.12,10.48,10.53,163753.43,174942.683
300519.SZ,20240806,11.93,13.5,11.63,12.71,146194.25,182808.046
603182.SH,20240806,10.33,10.45,10.3,10.44,8241.46,8566.644
003029.SZ,20240806,18.8,18.98,18.01,18.32,92024.19,168802.449
002971.SZ,20240806,16.85,17.37,16.74,16.89,13169.7,22431.118
301488.SZ,20240806,53.6,54.25,52.5,54.25,20600.99,110633.854
300472.SZ,20240806,4.51,5.34,4.51,5.34,128079.93,66946.852
603926.SH,20240806,7.91,7.99,7.84,7.99,14493.0,11483.824
002343.SZ,20240806,5.1,5.42,5.08,5.32,334627.55,174184.549
300891.SZ,20240806,7.08,7.25,7.08,7.25,29354.23,21055.267
300024.SZ,20240806,9.71,9.82,9.65,9.78,155217.0,151245.723
300457.SZ,20240806,14.67,14.87,14.48,14.72,88321.34,129537.892
688660.SH,20240806,3.09,3.1,3.05,3.09,39759.29,12229.149
300424.SZ,20240806,14.78,15.36,14.02,14.46,470900.78,686658.135
300477.SZ,20240806,2.3,2.36,2.3,2.36,173231.71,40311.907
301053.SZ,20240806,21.13,22.38,21.03,22.32,26929.55,58467.282
603880.SH,20240806,3.45,3.55,3.37,3.54,42690.21,14867.984
300231.SZ,20240806,7.02,7.09,6.95,7.05,45361.4,31819.573
300044.SZ,20240806,4.5,4.55,4.41,4.48,329072.28,146649.112
600300.SH,20240806,2.41,2.45,2.41,2.44,129565.21,31483.577
600955.SH,20240806,14.09,14.19,13.97,14.08,5972.0,8398.885
300285.SZ,20240806,17.82,17.97,17.33,17.63,60933.49,107267.521
300555.SZ,20240806,6.08,6.15,5.95,5.99,17024.15,10262.489
600866.SH,20240806,5.51,5.87,5.41,5.74,833018.82,471092.838
002970.SZ,20240806,32.28,32.8,31.62,31.96,27919.0,89377.066
600127.SH,20240806,6.09,6.15,6.02,6.1,99807.0,60728.272
300918.SZ,20240806,8.02,8.14,7.98,8.14,32209.0,25963.251
300481.SZ,20240806,12.53,12.73,12.53,12.69,25773.0,32498.56
600439.SH,20240806,2.14,2.17,2.13,2.16,106983.6,23024.039
600191.SH,20240806,4.9,4.98,4.88,4.97,18804.0,9270.131
001223.SZ,20240806,32.3,32.9,32.19,32.85,4900.19,15936.731
300841.SZ,20240806,51.48,52.58,51.23,52.49,14076.95,73109.478
301339.SZ,20240806,21.0,21.53,20.65,21.04,30217.0,63329.817
688636.SH,20240806,22.08,23.66,21.6,22.96,67812.78,155356.609
000807.SZ,20240806,11.69,11.73,11.44,11.57,244720.23,282646.163
688398.SH,20240806,14.31,14.45,13.89,14.06,13044.03,18388.441
603619.SH,20240806,19.6,20.16,19.6,19.94,63926.32,127070.307
601991.SH,20240806,2.85,2.89,2.83,2.85,704482.0,201155.248
603987.SH,20240806,6.28,6.53,6.28,6.51,61936.47,39738.892
002259.SZ,20240806,2.35,2.39,2.35,2.37,8847.0,2095.968
300476.SZ,20240806,32.02,32.94,31.32,31.81,394836.01,1264167.213
600305.SH,20240806,7.3,7.41,7.25,7.4,57469.61,42342.421
002506.SZ,20240806,1.95,2.01,1.94,1.98,710986.79,140673.067
300935.SZ,20240806,16.67,16.9,16.11,16.52,41843.59,68480.185
600675.SH,20240806,2.62,2.65,2.58,2.64,129354.05,33848.916
300031.SZ,20240806,15.16,15.62,15.1,15.38,194992.9,299574.518
000545.SZ,20240806,1.72,1.75,1.72,1.74,62443.0,10824.32
603280.SH,20240806,18.09,18.56,18.08,18.53,8569.07,15739.355
300456.SZ,20240806,15.18,15.28,14.71,14.97,107961.05,161052.935
000656.SZ,20240806,1.13,1.15,1.13,1.14,607442.0,69024.075
605319.SH,20240806,16.12,16.34,15.8,16.11,14206.96,22755.802
300066.SZ,20240806,2.93,2.95,2.91,2.95,64527.0,18925.866
300940.SZ,20240806,11.45,11.66,11.44,11.65,14177.2,16355.126
300684.SZ,20240806,14.36,14.45,14.1,14.29,51144.0,72844.035
001914.SZ,20240806,9.68,9.77,9.54,9.65,120615.5,116149.407
301321.SZ,20240806,10.11,10.35,10.0,10.23,22818.2,23088.806
002062.SZ,20240806,3.59,3.63,3.53,3.6,42477.0,15214.998
000783.SZ,20240806,5.05,5.1,4.99,5.03,261072.63,131198.664
002861.SZ,20240806,8.87,9.06,8.76,8.89,60669.0,53784.346
600376.SH,20240806,2.1,2.15,2.09,2.15,90463.01,19199.854
300014.SZ,20240806,36.9,37.37,36.5,36.96,94248.44,347312.615
002669.SZ,20240806,8.12,8.18,8.04,8.11,43705.4,35418.27
600507.SH,20240806,3.95,3.98,3.92,3.95,87214.49,34435.522
600326.SH,20240806,4.12,4.17,4.08,4.12,184229.26,75728.767
002065.SZ,20240806,4.47,4.54,4.47,4.53,168916.6,76039.86
002597.SZ,20240806,20.67,21.09,20.37,20.89,70464.98,146097.131
300577.SZ,20240806,17.3,17.74,17.25,17.67,8045.55,14070.25
002999.SZ,20240806,5.29,5.38,5.29,5.38,43997.8,23519.797
300193.SZ,20240806,7.05,7.25,7.05,7.18,24484.0,17533.946
300480.SZ,20240806,12.88,13.18,12.73,13.05,29105.52,37646.548
002633.SZ,20240806,6.7,7.08,6.61,7.07,45525.46,31227.97
603610.SH,20240806,9.27,9.34,9.18,9.29,16988.4,15714.026
600560.SH,20240806,12.45,12.6,12.26,12.42,25384.03,31460.543
300895.SZ,20240806,24.87,25.12,24.6,25.05,16589.32,41309.114
002037.SZ,20240806,5.88,6.01,5.88,5.99,54670.0,32588.417
603393.SH,20240806,34.58,34.58,33.55,33.62,25253.24,85693.131
688719.SH,20240806,23.19,23.39,22.98,23.35,3893.56,9019.244
002281.SZ,20240806,30.11,30.82,29.75,30.19,189207.93,570652.253
002722.SZ,20240806,11.48,11.6,11.38,11.56,19903.0,22886.424
688788.SH,20240806,24.04,24.34,23.8,24.1,3691.34,8880.99
300721.SZ,20240806,10.9,11.04,10.65,10.92,38358.44,41496.375
600548.SH,20240806,10.69,10.75,10.34,10.48,64900.0,68109.744
301192.SZ,20240806,15.32,15.78,15.2,15.69,7004.5,10929.119
600979.SH,20240806,3.19,3.23,3.17,3.23,181859.2,58157.03
301025.SZ,20240806,8.66,8.75,8.51,8.72,46056.77,39841.226
002767.SZ,20240806,11.14,11.32,11.08,11.26,19511.0,21833.312
600170.SH,20240806,2.29,2.33,2.25,2.28,789592.06,180264.404
603119.SH,20240806,14.77,14.92,14.56,14.78,24319.77,35779.294
601187.SH,20240806,5.2,5.21,5.1,5.14,125043.08,64302.342
600699.SH,20240806,14.53,14.61,14.2,14.4,147029.54,211421.921
300683.SZ,20240806,22.43,23.48,22.43,23.31,14918.0,34400.586
002544.SZ,20240806,18.09,18.35,17.84,18.06,50765.4,91702.633
301263.SZ,20240806,13.5,13.78,13.36,13.78,42319.37,57712.565
000566.SZ,20240806,3.04,3.14,3.04,3.14,92781.0,28720.043
600977.SH,20240806,10.7,10.87,10.7,10.87,74375.59,80262.153
688691.SH,20240806,49.6,49.88,48.67,49.3,10462.73,51460.62
603105.SH,20240806,7.7,7.94,7.7,7.91,91151.0,71612.965
300796.SZ,20240806,9.67,9.76,8.85,9.08,340478.17,312728.799
300229.SZ,20240806,12.26,12.36,12.01,12.22,98972.25,120303.859
300401.SZ,20240806,15.04,15.19,14.7,14.96,349324.36,521302.948
002892.SZ,20240806,8.21,8.26,8.07,8.19,90879.98,73996.303
300020.SZ,20240806,2.16,2.32,2.16,2.22,824649.48,182755.79
300836.SZ,20240806,36.59,36.69,35.0,35.72,9520.2,33896.357
300088.SZ,20240806,4.28,4.31,4.21,4.26,325953.66,138730.495
688565.SH,20240806,5.02,5.15,4.98,5.08,22191.68,11172.27
001266.SZ,20240806,21.75,21.79,20.07,20.51,83814.44,173025.474
301162.SZ,20240806,35.6,36.72,35.41,36.58,11425.0,41288.302
000768.SZ,20240806,25.4,26.21,25.4,25.89,235978.66,609988.179
600518.SH,20240806,1.88,1.9,1.87,1.9,1124900.14,211861.56
600775.SH,20240806,7.72,7.84,7.65,7.74,161782.5,125138.27
601668.SH,20240806,5.49,5.53,5.38,5.43,1835351.78,996256.861
601880.SH,20240806,1.27,1.27,1.25,1.27,421872.73,53248.555
002407.SZ,20240806,10.7,10.86,10.65,10.79,98167.22,105658.902
002457.SZ,20240806,8.02,8.07,7.96,8.07,72324.0,57953.11
301320.SZ,20240806,12.98,13.17,12.78,12.92,31472.31,40614.773
002367.SZ,20240806,5.65,5.72,5.63,5.7,51443.72,29222.729
301226.SZ,20240806,20.81,21.21,20.6,21.02,56261.0,117404.483
601816.SH,20240806,5.78,5.83,5.67,5.73,1399704.57,801790.022
300316.SZ,20240806,28.05,29.06,28.05,28.69,110055.69,314994.055
300718.SZ,20240806,12.83,13.02,12.76,12.97,22993.32,29620.441
688357.SH,20240806,19.8,20.15,19.7,20.08,7991.8,15920.43
300642.SZ,20240806,11.35,11.72,11.35,11.69,12851.4,14941.648
002317.SZ,20240806,11.85,12.14,11.85,12.14,186349.36,223841.602
300673.SZ,20240806,12.42,12.6,12.39,12.55,19112.0,23836.715
603535.SH,20240806,14.78,15.0,14.62,14.84,16618.87,24579.48
000905.SZ,20240806,5.86,5.86,5.74,5.78,33217.0,19226.378
000403.SZ,20240806,25.46,25.92,24.95,25.3,48563.27,123611.264
300563.SZ,20240806,36.08,37.68,35.9,37.12,307992.72,1129982.571
603388.SH,20240806,2.06,2.12,2.0,2.08,88201.0,18109.339
603990.SH,20240806,7.89,7.97,7.86,7.96,31463.04,24927.887
300951.SZ,20240806,27.18,27.37,26.56,27.07,25456.54,68410.641
300141.SZ,20240806,7.84,7.93,7.7,7.86,45093.5,35233.453
000691.SZ,20240806,3.58,3.69,3.58,3.68,41273.0,15086.439
300768.SZ,20240806,11.86,12.08,11.6,11.79,46344.5,54507.162
600715.SH,20240806,1.55,1.58,1.53,1.56,144674.0,22514.93
003010.SZ,20240806,11.62,11.81,11.4,11.81,74446.49,86659.478
300146.SZ,20240806,12.4,12.41,11.9,12.06,428181.29,516886.989
301198.SZ,20240806,7.85,8.01,7.83,8.0,52314.23,41443.87
000411.SZ,20240806,9.68,9.78,9.62,9.78,30861.2,30029.714
000726.SZ,20240806,5.56,5.61,5.53,5.61,42761.0,23804.536
603808.SH,20240806,6.19,6.27,6.14,6.26,18920.0,11765.525
600039.SH,20240806,6.21,6.23,6.1,6.21,156319.2,96322.586
002708.SZ,20240806,7.84,7.92,7.65,7.78,239522.01,185726.005
300446.SZ,20240806,13.59,14.02,13.45,13.73,284870.79,391140.366
601689.SH,20240806,34.15,34.66,33.62,34.66,165183.74,563121.612
600797.SH,20240806,4.63,4.66,4.55,4.62,68198.0,31398.359
002339.SZ,20240806,5.24,5.34,5.22,5.33,90362.0,47789.441
300444.SZ,20240806,5.66,5.73,5.62,5.7,83800.0,47532.157
300269.SZ,20240806,2.43,2.49,2.41,2.48,145661.0,35674.569
301175.SZ,20240806,4.52,4.57,4.5,4.55,83371.7,37745.805
002551.SZ,20240806,2.48,2.54,2.48,2.54,105662.1,26496.598
688045.SH,20240806,27.88,28.17,27.04,27.6,7440.57,20434.684
002659.SZ,20240806,3.79,4.11,3.65,4.11,885911.01,348009.947
688659.SH,20240806,5.29,5.44,5.27,5.43,19777.77,10615.23
605020.SH,20240806,17.06,17.3,16.83,17.04,19853.8,33861.044
688005.SH,20240806,23.26,23.47,22.61,23.0,82439.31,189537.668
300333.SZ,20240806,4.55,4.58,4.43,4.53,127651.71,57397.787
301293.SZ,20240806,36.57,36.73,35.93,36.64,36824.09,133793.528
301052.SZ,20240806,19.25,19.86,19.2,19.72,39956.2,78064.781
300491.SZ,20240806,13.78,13.92,13.58,13.92,35987.0,49495.063
300450.SZ,20240806,16.3,16.66,16.3,16.62,182538.41,301383.624
600573.SH,20240806,9.4,9.52,9.38,9.52,33488.0,31741.848
002163.SZ,20240806,5.75,5.82,5.73,5.82,54801.1,31696.529
301002.SZ,20240806,14.89,15.3,14.8,15.29,16313.74,24594.194
600887.SH,20240806,24.41,24.53,24.13,24.31,417169.65,1011703.959
300238.SZ,20240806,8.99,9.33,8.97,9.32,60329.0,55355.996
002129.SZ,20240806,8.41,8.76,8.41,8.59,1272148.3,1094001.356
688786.SH,20240806,20.08,20.53,20.08,20.52,4131.08,8413.809
600511.SH,20240806,33.66,34.24,33.48,33.8,63575.44,215588.689
600986.SH,20240806,4.12,4.17,4.09,4.15,133373.19,55158.263
300903.SZ,20240806,6.52,6.57,6.4,6.49,110119.0,71321.036
300373.SZ,20240806,41.4,41.59,39.76,40.49,93427.41,377163.627
601766.SH,20240806,7.78,7.84,7.64,7.72,779737.1,601583.607
603928.SH,20240806,7.4,7.52,7.38,7.52,14542.4,10844.498
000856.SZ,20240806,5.92,6.05,5.92,6.04,29208.02,17514.991
300008.SZ,20240806,3.78,3.88,3.76,3.86,461724.0,176994.238
600600.SH,20240806,66.99,67.44,66.51,67.3,36763.41,245997.292
603160.SH,20240806,59.9,60.15,57.91,58.91,53393.8,313143.353
000410.SZ,20240806,6.67,6.73,6.61,6.67,56245.0,37459.769
603070.SH,20240806,11.32,11.52,11.32,11.5,12747.0,14563.289
300041.SZ,20240806,7.3,7.34,7.19,7.31,44273.36,32179.943
002946.SZ,20240806,8.43,8.63,8.4,8.62,28192.95,24089.077
300533.SZ,20240806,15.65,17.68,15.52,16.88,245518.29,408439.583
688319.SH,20240806,9.22,9.65,9.13,9.4,23650.71,22166.166
600433.SH,20240806,2.75,2.82,2.75,2.8,73523.03,20502.938
301027.SZ,20240806,7.5,7.63,7.47,7.59,48705.0,36796.442
603939.SH,20240806,22.8,23.0,21.91,22.25,368444.73,818797.114
301069.SZ,20240806,12.15,12.25,12.01,12.16,18472.5,22400.136
601598.SH,20240806,4.75,4.79,4.7,4.74,233797.13,110857.212
603039.SH,20240806,28.58,29.23,28.56,28.83,12576.68,36227.79
600078.SH,20240806,5.22,5.31,5.2,5.29,52088.1,27425.777
300717.SZ,20240806,13.68,13.68,13.27,13.46,11763.0,15758.059
603871.SH,20240806,18.09,18.26,17.59,17.82,59175.95,105301.06
300785.SZ,20240806,15.86,16.15,15.83,16.15,22463.88,35957.057
688779.SH,20240806,4.54,4.66,4.53,4.66,111791.01,51671.328
002456.SZ,20240806,7.73,7.81,7.58,7.71,675970.43,518521.296
301148.SZ,20240806,15.93,16.65,15.93,16.41,14681.0,23937.272
601921.SH,20240806,8.14,8.36,8.05,8.28,186657.68,153251.279
688356.SH,20240806,54.44,57.2,54.44,56.7,4529.97,25325.432
300556.SZ,20240806,16.21,16.21,15.79,16.11,33401.0,53484.172
603709.SH,20240806,8.87,9.1,8.83,8.99,11706.28,10494.811
600875.SH,20240806,15.58,15.7,15.41,15.58,96168.87,149638.59
603895.SH,20240806,16.72,17.12,16.63,16.82,6718.0,11304.604
688075.SH,20240806,32.84,33.26,32.45,33.2,5282.73,17396.938
600719.SH,20240806,7.12,7.24,7.03,7.18,171439.0,122360.412
600059.SH,20240806,8.14,8.19,8.11,8.16,39025.0,31784.058
605259.SH,20240806,12.19,12.56,12.19,12.54,3234.36,4019.204
000975.SZ,20240806,17.63,17.9,17.11,17.37,312831.61,544364.593
603298.SH,20240806,15.73,15.85,15.4,15.73,88287.48,138092.218
301333.SZ,20240806,50.1,51.17,47.87,48.59,25165.4,124419.808
601222.SH,20240806,6.13,6.23,6.13,6.19,92208.5,56975.395
600777.SH,20240806,1.73,1.76,1.73,1.75,258597.0,44998.72
300922.SZ,20240806,13.27,13.58,13.11,13.46,72497.78,96949.399
002023.SZ,20240806,9.61,9.78,9.45,9.61,189029.62,181791.24
603598.SH,20240806,12.51,12.7,12.46,12.68,82206.0,103508.428
002446.SZ,20240806,5.56,5.74,5.52,5.66,241531.54,136034.378
002786.SZ,20240806,7.2,7.29,7.08,7.19,99149.0,71005.53
688081.SH,20240806,8.85,9.03,8.79,8.93,7543.13,6711.487
002107.SZ,20240806,3.98,4.07,3.94,4.07,45226.88,18141.77
603177.SH,20240806,7.06,7.1,6.97,7.1,14842.0,10473.862
601579.SH,20240806,10.14,10.29,10.08,10.2,44009.0,44743.553
600981.SH,20240806,1.7,1.75,1.69,1.74,131993.0,22780.915
003002.SZ,20240806,10.07,10.28,10.05,10.18,9898.0,10026.773
002064.SZ,20240806,7.38,7.48,7.31,7.4,163302.5,120886.836
000926.SZ,20240806,2.15,2.16,2.11,2.15,436711.11,93087.161
600965.SH,20240806,3.63,3.71,3.63,3.71,33676.0,12357.031
002553.SZ,20240806,8.85,8.95,8.75,8.88,45886.0,40571.518
002576.SZ,20240806,12.6,13.55,12.6,12.91,132415.01,171621.112
300651.SZ,20240806,12.29,13.98,12.25,13.47,99104.5,127835.184
300567.SZ,20240806,57.02,58.0,56.41,57.27,29432.98,168201.278
603223.SH,20240806,8.22,8.25,8.11,8.22,38582.48,31609.501
002040.SZ,20240806,5.62,5.67,5.59,5.65,27106.5,15241.916
603189.SH,20240806,10.9,11.07,10.85,11.04,26009.0,28456.738
688718.SH,20240806,8.17,8.36,8.12,8.31,3805.68,3146.206
300098.SZ,20240806,4.18,4.21,4.08,4.17,736617.64,303699.056
002783.SZ,20240806,7.1,7.18,7.07,7.13,24016.88,17088.262
600758.SH,20240806,2.83,2.87,2.82,2.85,64173.0,18197.905
000029.SZ,20240806,10.56,10.75,10.43,10.74,27650.05,29370.642
603648.SH,20240806,8.22,8.3,8.2,8.29,35424.0,29236.932
002413.SZ,20240806,3.78,3.9,3.71,3.83,488195.84,186476.459
000021.SZ,20240806,13.36,13.45,13.17,13.34,243564.09,323689.94
600696.SH,20240806,8.05,8.44,7.31,8.44,376766.48,304204.304
300769.SZ,20240806,26.34,27.07,26.0,26.38,91841.73,243457.599
002642.SZ,20240806,5.39,5.5,5.39,5.49,111767.0,60790.235
300094.SZ,20240806,2.63,2.74,2.63,2.72,424073.74,113934.346
002615.SZ,20240806,6.5,6.55,6.42,6.52,87743.55,56800.354
600262.SH,20240806,18.07,19.57,17.78,19.57,102501.0,192472.348
601319.SH,20240806,5.7,5.71,5.55,5.61,716446.0,402122.387
688352.SH,20240806,9.99,10.07,9.81,10.0,40753.69,40475.253
603098.SH,20240806,7.55,7.73,7.5,7.71,43232.0,33084.94
600386.SH,20240806,4.33,4.41,4.24,4.24,604082.0,258276.302
301028.SZ,20240806,8.39,8.43,8.2,8.39,19614.76,16334.681
000713.SZ,20240806,5.61,5.68,5.53,5.57,89043.57,49701.276
300432.SZ,20240806,6.22,6.32,6.13,6.22,79331.09,49224.099
688566.SH,20240806,20.79,21.86,20.78,21.82,14227.05,30344.187
600375.SH,20240806,4.13,4.17,4.04,4.09,26663.0,10911.477
000518.SZ,20240806,2.14,2.31,2.05,2.26,971673.23,213772.216
600590.SH,20240806,3.52,3.71,3.52,3.66,132585.82,48027.372
300260.SZ,20240806,18.6,18.87,18.36,18.6,51104.0,94745.431
301265.SZ,20240806,7.89,7.97,7.8,7.88,13490.22,10622.283
002215.SZ,20240806,6.59,6.7,6.57,6.65,116897.01,77400.793
600406.SH,20240806,23.78,23.9,23.24,23.53,261441.32,613754.045
603228.SH,20240806,23.62,23.98,23.21,23.4,168420.29,395488.644
002030.SZ,20240806,5.14,5.29,5.1,5.28,166824.36,86901.364
600879.SH,20240806,7.82,8.3,7.8,8.15,1195305.0,965903.34
000685.SZ,20240806,7.37,7.41,7.29,7.36,57498.48,42265.678
300427.SZ,20240806,3.96,4.01,3.94,4.01,25556.0,10156.305
002106.SZ,20240806,8.54,8.66,8.47,8.55,101359.52,86702.803
603729.SH,20240806,12.53,13.4,12.51,13.08,54488.2,70458.313
600975.SH,20240806,6.33,6.47,6.23,6.41,466999.0,296051.54
603379.SH,20240806,30.78,31.0,29.92,30.6,39331.25,119818.043
600736.SH,20240806,4.26,4.32,4.22,4.31,105051.29,44946.29
601233.SH,20240806,13.11,13.22,12.88,13.02,124681.0,162368.835
605336.SH,20240806,10.82,10.95,10.74,10.92,18028.3,19562.711
301193.SZ,20240806,14.06,14.39,13.89,14.27,13807.6,19572.258
603508.SH,20240806,19.16,19.55,18.86,19.5,79329.76,152876.491
000156.SZ,20240806,6.24,6.31,6.16,6.26,61208.14,38179.216
600617.SH,20240806,2.37,2.4,2.37,2.4,84840.6,20263.286
301139.SZ,20240806,19.28,19.52,19.11,19.4,17552.04,33897.939
600351.SH,20240806,5.62,5.77,5.61,5.76,149916.1,85345.091
301332.SZ,20240806,8.78,8.9,8.69,8.85,30109.0,26442.058
601939.SH,20240806,7.49,7.52,7.4,7.43,963652.99,716500.896
000767.SZ,20240806,2.34,2.37,2.33,2.36,91600.74,21547.962
001387.SZ,20240806,14.82,15.6,14.39,15.16,57497.46,86664.084
002276.SZ,20240806,6.54,6.69,6.54,6.65,126451.74,83763.04
601177.SH,20240806,7.2,7.3,7.18,7.26,43774.0,31712.399
002074.SZ,20240806,19.28,19.48,18.98,19.3,98622.41,189706.919
002191.SZ,20240806,3.78,3.84,3.76,3.84,86731.4,33067.879
002843.SZ,20240806,11.84,12.35,11.76,11.84,108170.4,129672.618
600188.SH,20240806,14.48,14.55,14.3,14.47,169424.67,243858.918
002200.SZ,20240806,5.05,5.08,5.02,5.06,5876.0,2967.75
002986.SZ,20240806,9.86,10.05,9.86,10.03,15683.18,15653.948
300732.SZ,20240806,7.55,7.77,7.47,7.52,144645.77,109658.839
600149.SH,20240806,3.25,3.31,3.23,3.31,44765.0,14665.786
688372.SH,20240806,38.8,39.34,38.0,38.63,15020.75,57767.978
002373.SZ,20240806,8.41,8.47,8.17,8.28,226674.6,187255.42
002925.SZ,20240806,11.55,11.67,11.42,11.59,32237.24,37239.831
300130.SZ,20240806,14.7,15.15,14.7,15.08,131203.39,196508.706
301048.SZ,20240806,8.25,8.36,8.21,8.31,35026.48,28969.637
000910.SZ,20240806,5.99,6.08,5.99,6.08,13324.0,8041.083
002095.SZ,20240806,11.71,11.98,11.71,11.93,22467.73,26602.087
600530.SH,20240806,2.82,2.9,2.7,2.85,220373.68,61515.621
600419.SH,20240806,7.56,7.73,7.56,7.72,18932.7,14513.265
603005.SH,20240806,19.65,19.77,18.91,19.35,264913.73,508853.796
300850.SZ,20240806,16.55,18.64,16.54,17.65,270363.07,472500.264
301177.SZ,20240806,18.31,18.95,18.13,18.88,14224.0,26597.57
002108.SZ,20240806,3.08,3.11,3.08,3.11,89041.19,27559.714
301502.SZ,20240806,39.59,39.81,38.91,39.56,8386.81,32945.936
002858.SZ,20240806,10.12,10.54,10.07,10.5,94806.0,97838.53
300929.SZ,20240806,7.16,7.28,7.06,7.26,8394.65,6033.066
000837.SZ,20240806,7.58,7.68,7.49,7.62,125036.0,94916.547
301078.SZ,20240806,5.38,5.48,5.33,5.48,192469.8,104295.821
002414.SZ,20240806,7.29,7.42,6.96,7.3,2483174.82,1786984.132
301459.SZ,20240806,34.24,34.85,34.09,34.5,3309.26,11380.42
688028.SH,20240806,14.71,14.9,14.56,14.74,11119.66,16356.83
600962.SH,20240806,12.03,12.33,11.95,12.29,24790.0,30113.803
000488.SZ,20240806,3.64,3.71,3.61,3.65,219211.0,80208.026
001269.SZ,20240806,26.22,28.31,26.07,28.31,40834.22,114570.478
002706.SZ,20240806,6.08,6.25,6.08,6.19,146523.69,90341.186
600826.SH,20240806,5.44,5.52,5.42,5.49,24782.2,13564.571
001260.SZ,20240806,12.96,13.24,12.62,13.19,14591.0,19051.624
688350.SH,20240806,10.83,10.86,10.68,10.85,5040.79,5427.004
600956.SH,20240806,7.15,7.33,7.15,7.23,52178.44,37694.375
002238.SZ,20240806,7.48,7.56,7.43,7.53,48830.6,36583.018
600782.SH,20240806,3.27,3.29,3.24,3.27,136658.0,44649.315
600095.SH,20240806,7.5,7.79,6.75,6.88,1576539.83,1146708.12
688358.SH,20240806,24.79,25.29,24.71,25.23,6225.37,15575.016
002273.SZ,20240806,17.2,17.35,16.83,17.06,278532.42,474495.11
300873.SZ,20240806,14.24,14.61,14.24,14.59,22170.0,32143.257
300062.SZ,20240806,4.82,4.9,4.78,4.85,69313.23,33446.417
601169.SH,20240806,5.29,5.33,5.21,5.26,1116874.66,586127.616
603325.SH,20240806,61.4,62.93,61.38,61.87,2037.51,12638.038
688679.SH,20240806,6.53,6.62,6.49,6.6,9670.24,6330.686
601618.SH,20240806,3.15,3.18,3.12,3.14,811685.74,255066.171
000812.SZ,20240806,3.85,3.91,3.78,3.88,118278.67,45544.588
002856.SZ,20240806,7.0,7.26,7.0,7.26,32659.0,23383.438
600690.SH,20240806,26.04,26.2,25.28,25.48,329089.33,838228.381
002463.SZ,20240806,31.29,31.61,30.59,31.19,473012.02,1472944.169
600697.SH,20240806,9.99,10.27,9.99,10.27,25485.0,25817.519
600230.SH,20240806,10.2,10.4,10.01,10.3,51314.44,52140.128
600800.SH,20240806,2.0,2.06,2.0,2.06,52677.21,10713.614
002533.SZ,20240806,9.09,9.15,8.78,8.92,103563.31,92108.053
600576.SH,20240806,4.83,4.84,4.46,4.84,581988.22,275171.368
605162.SH,20240806,6.55,6.62,6.49,6.6,23216.0,15215.973
605287.SH,20240806,10.8,11.05,10.8,11.0,9374.0,10257.053
600480.SH,20240806,8.6,8.7,8.46,8.61,100211.25,85955.444
002350.SZ,20240806,4.83,4.91,4.82,4.9,68112.46,33181.856
688530.SH,20240806,17.8,18.05,17.69,17.91,13588.46,24238.978
600126.SH,20240806,3.7,3.73,3.58,3.62,379251.02,137691.878
688498.SH,20240806,97.03,97.55,95.0,96.58,25623.65,246245.965
600539.SH,20240806,3.73,3.85,3.67,3.84,45760.0,17304.504
600338.SH,20240806,8.97,9.05,8.83,8.98,94270.0,84123.66
301213.SZ,20240806,36.34,37.46,34.92,35.73,98666.15,353809.929
300707.SZ,20240806,10.56,10.74,10.5,10.66,46275.07,49027.913
600055.SH,20240806,12.4,12.73,12.4,12.73,36839.94,46403.978
002870.SZ,20240806,28.3,28.53,28.07,28.52,8519.0,24105.269
301149.SZ,20240806,8.04,8.16,8.02,8.15,17970.0,14567.017
301378.SZ,20240806,20.59,20.76,20.27,20.75,10795.63,22139.692
300158.SZ,20240806,4.09,4.26,4.04,4.25,393103.42,164105.767
300941.SZ,20240806,15.26,15.33,14.9,15.16,26147.0,39369.834
601881.SH,20240806,10.96,11.02,10.61,10.77,537185.68,578234.541
301395.SZ,20240806,9.28,9.49,9.28,9.49,13029.17,12297.575
300624.SZ,20240806,46.05,46.75,45.3,46.19,43690.63,200883.361
688433.SH,20240806,16.62,16.97,16.48,16.9,10416.58,17464.158
002937.SZ,20240806,17.8,17.98,17.71,17.95,21242.33,37900.792
601858.SH,20240806,17.77,18.06,17.7,18.05,51147.48,91487.909
300867.SZ,20240806,10.66,10.86,10.56,10.82,24981.18,26908.043
600805.SH,20240806,3.69,3.72,3.64,3.69,80850.36,29684.299
603900.SH,20240806,5.51,5.7,5.51,5.51,386771.5,214488.879
300868.SZ,20240806,17.07,17.62,16.8,17.1,41647.0,71015.29
000011.SZ,20240806,7.88,7.94,7.63,7.79,117076.16,91318.9
688523.SH,20240806,18.35,18.56,17.78,18.12,41711.24,75687.117
300485.SZ,20240806,6.35,7.26,6.35,6.88,126497.1,86150.399
601311.SH,20240806,7.28,7.36,7.17,7.27,73711.71,53533.22
601022.SH,20240806,8.43,8.47,8.3,8.42,56616.0,47447.645
603103.SH,20240806,12.54,12.9,12.53,12.88,33741.55,42963.976
300949.SZ,20240806,28.73,30.09,28.73,29.8,9859.0,29068.696
301258.SZ,20240806,25.35,27.19,24.78,27.03,70859.39,185778.725
301023.SZ,20240806,30.68,31.17,30.38,30.91,5669.0,17435.701
688009.SH,20240806,5.9,5.94,5.8,5.85,196674.52,115003.428
603803.SH,20240806,5.63,5.72,5.53,5.68,52755.0,29696.072
603188.SH,20240806,2.55,2.68,2.52,2.67,194522.0,50847.495
603530.SH,20240806,21.85,22.22,21.47,22.08,40314.29,88370.477
002777.SZ,20240806,14.11,14.16,13.78,13.98,109709.83,152802.08
603681.SH,20240806,10.89,10.96,10.82,10.95,22797.0,24833.486
000519.SZ,20240806,13.06,13.56,12.93,13.39,350679.43,466083.239
003043.SZ,20240806,38.5,38.9,37.8,38.57,12916.0,49348.571
300997.SZ,20240806,10.97,11.49,10.97,11.49,25458.2,28659.934
301051.SZ,20240806,22.66,22.98,22.31,22.56,6783.7,15272.171
605180.SH,20240806,11.39,11.46,11.22,11.45,21331.08,24216.394
688627.SH,20240806,44.59,45.44,44.16,45.03,6613.93,29608.737
002448.SZ,20240806,5.6,5.69,5.6,5.66,68294.41,38570.148
300261.SZ,20240806,5.3,5.4,5.24,5.39,92885.0,49534.763
600765.SH,20240806,19.15,19.55,19.11,19.42,191651.28,370425.117
002121.SZ,20240806,3.58,3.64,3.58,3.62,74406.0,26840.227
605128.SH,20240806,22.5,22.89,22.31,22.89,11092.31,25035.741
600221.SH,20240806,1.11,1.13,1.1,1.12,1411052.86,157551.968
002588.SZ,20240806,6.34,6.49,6.32,6.43,101091.23,64812.292
300347.SZ,20240806,57.0,57.86,55.75,57.5,117586.02,669560.261
301165.SZ,20240806,28.44,28.78,28.22,28.75,16020.77,45606.501
000552.SZ,20240806,2.7,2.75,2.69,2.74,351516.7,95797.751
300421.SZ,20240806,8.5,8.69,8.4,8.55,65966.6,56213.605
002133.SZ,20240806,2.1,2.16,2.1,2.16,68484.2,14595.569
600751.SH,20240806,2.14,2.15,2.1,2.12,147070.53,31222.196
300695.SZ,20240806,34.47,35.18,34.47,34.99,1387.0,4841.375
002691.SZ,20240806,4.42,4.54,4.38,4.52,57888.7,25870.224
002501.SZ,20240806,1.08,1.1,1.07,1.09,272854.0,29527.988
601133.SH,20240806,10.13,10.15,9.98,10.09,27998.87,28138.717
688819.SH,20240806,21.89,22.21,21.72,21.94,14954.02,32802.677
600620.SH,20240806,4.8,4.87,4.74,4.86,77317.75,37274.561
300761.SZ,20240806,22.69,22.95,22.24,22.67,33607.0,76059.388
002907.SZ,20240806,13.18,14.4,13.0,14.22,179455.5,245763.521
688699.SH,20240806,27.99,28.5,27.73,28.21,5385.14,15082.737
688078.SH,20240806,20.55,21.09,20.55,21.04,4433.6,9239.473
301392.SZ,20240806,48.84,48.88,47.25,47.88,21786.19,103935.268
000799.SZ,20240806,40.51,41.22,40.16,40.89,54969.31,223762.169
300692.SZ,20240806,4.3,4.39,4.3,4.37,25596.7,11103.899
688393.SH,20240806,14.4,14.81,14.4,14.81,5169.14,7564.114
002314.SZ,20240806,2.03,2.06,2.02,2.05,129895.0,26513.472
600909.SH,20240806,4.56,4.61,4.54,4.6,213025.7,97440.303
002489.SZ,20240806,2.61,2.66,2.61,2.65,119014.0,31330.677
605007.SH,20240806,12.16,12.36,12.1,12.24,29957.0,36629.801
301116.SZ,20240806,9.85,10.11,9.79,10.1,37591.01,37464.858
002120.SZ,20240806,7.2,7.37,7.12,7.21,236285.59,170535.025
000637.SZ,20240806,3.24,3.3,3.22,3.24,43121.0,13999.186
301508.SZ,20240806,34.3,34.6,33.59,34.18,26077.99,88680.075
002624.SZ,20240806,7.95,8.08,7.83,7.95,324497.0,257720.162
300709.SZ,20240806,26.75,26.9,25.82,26.34,91212.92,239745.959
601898.SH,20240806,11.79,11.94,11.64,11.77,149871.94,176440.326
301272.SZ,20240806,33.49,33.94,33.2,33.57,3341.08,11179.729
605555.SH,20240806,16.3,16.45,15.87,16.14,24839.46,40038.114
300390.SZ,20240806,17.25,17.49,17.03,17.38,87538.86,151330.639
600629.SH,20240806,4.38,4.41,4.33,4.38,80405.82,35122.733
600053.SH,20240806,13.01,13.1,12.75,12.97,44312.96,57058.38
002760.SZ,20240806,12.88,13.48,12.68,13.15,29935.96,39161.595
000766.SZ,20240806,14.42,14.54,14.2,14.39,106708.95,152803.792
301505.SZ,20240806,24.8,25.14,24.23,24.56,23525.94,57968.741
688733.SH,20240806,13.34,13.65,13.3,13.45,13971.72,18823.586
300968.SZ,20240806,7.98,8.11,7.9,8.01,64286.31,51247.852
002936.SZ,20240806,1.76,1.78,1.74,1.76,420583.61,73903.823
601100.SH,20240806,43.72,44.35,42.61,43.95,51964.66,225455.242
300086.SZ,20240806,3.75,3.85,3.69,3.85,132628.0,50329.843
300365.SZ,20240806,4.55,4.75,4.51,4.75,120311.5,55437.889
002692.SZ,20240806,3.38,3.43,3.37,3.41,37326.6,12676.386
000090.SZ,20240806,3.72,3.76,3.7,3.75,96391.42,35968.154
002797.SZ,20240806,5.18,5.2,5.09,5.14,254357.4,130556.386
000166.SZ,20240806,4.55,4.59,4.49,4.52,453427.88,205365.9
600064.SH,20240806,5.91,5.95,5.88,5.94,94619.02,56042.556
000757.SZ,20240806,3.03,3.05,2.88,2.96,377015.97,110448.129
002213.SZ,20240806,9.4,9.44,9.19,9.28,31731.0,29421.187
300501.SZ,20240806,10.41,10.61,10.39,10.6,12142.0,12765.547
688601.SH,20240806,38.88,38.89,38.15,38.71,17797.07,68528.906
688737.SH,20240806,14.36,14.49,14.27,14.46,5869.08,8451.946
600676.SH,20240806,4.01,4.09,3.77,3.77,712858.52,274095.972
002990.SZ,20240806,18.45,18.84,18.37,18.63,14692.0,27220.112
300612.SZ,20240806,12.88,13.18,12.88,13.09,28093.4,36606.214
002532.SZ,20240806,6.58,6.66,6.42,6.51,317345.42,206831.111
603001.SH,20240806,4.36,4.41,4.3,4.41,17173.0,7481.644
002356.SZ,20240806,3.0,3.05,2.99,3.03,49554.8,14946.975
605577.SH,20240806,14.25,14.7,14.24,14.7,55376.0,80379.644
002005.SZ,20240806,1.16,1.17,1.14,1.17,97036.0,11219.006
001379.SZ,20240806,37.45,39.64,32.44,32.44,431273.64,1518650.145
600312.SH,20240806,19.21,19.36,18.8,19.18,139730.05,266868.189
600824.SH,20240806,3.11,3.16,3.09,3.15,53033.99,16543.45
600330.SH,20240806,6.27,6.39,6.24,6.33,90506.54,57124.601
600968.SH,20240806,3.7,3.76,3.67,3.7,312199.09,115815.837
301509.SZ,20240806,33.97,34.76,33.2,34.11,60963.0,205833.859
600811.SH,20240806,1.24,1.32,1.16,1.22,4695725.84,575085.872
603616.SH,20240806,2.86,2.91,2.84,2.91,74583.99,21505.546
605001.SH,20240806,5.39,5.42,5.19,5.29,163245.9,85825.257
600258.SH,20240806,12.6,12.88,12.59,12.76,182817.26,232980.881
300576.SZ,20240806,34.5,34.73,33.76,34.35,76430.77,261092.228
603079.SH,20240806,11.66,12.48,11.46,12.33,141439.28,170873.474
000032.SZ,20240806,13.74,13.97,13.49,13.7,112097.33,152995.057
603086.SH,20240806,3.75,3.85,3.73,3.85,27923.4,10663.883
300175.SZ,20240806,6.0,6.19,6.0,6.11,237278.0,144577.267
600369.SH,20240806,3.85,3.88,3.8,3.84,258866.69,99170.549
001301.SZ,20240806,36.96,37.78,36.63,37.28,11986.83,44531.227
603739.SH,20240806,13.25,14.63,13.02,14.63,293985.0,404747.222
002939.SZ,20240806,6.79,6.84,6.67,6.73,137313.47,92426.824
600566.SH,20240806,31.72,32.27,31.39,32.13,59313.4,189089.507
300779.SZ,20240806,42.63,43.63,41.26,42.1,24996.8,105264.434
600562.SH,20240806,13.59,13.9,13.48,13.79,70833.12,97027.533
601878.SH,20240806,11.18,11.26,10.98,11.18,478892.44,531548.175
300400.SZ,20240806,11.02,11.14,10.72,10.9,46549.0,50617.617
603613.SH,20240806,20.18,20.29,19.55,19.87,108841.12,216033.29
002882.SZ,20240806,14.2,14.3,14.0,14.23,39315.56,55729.016
300945.SZ,20240806,9.14,9.39,9.1,9.33,196562.55,181028.962
688468.SH,20240806,6.2,6.32,6.15,6.32,31479.14,19709.767
605116.SH,20240806,24.34,25.13,24.34,24.95,16245.85,40357.685
000608.SZ,20240806,1.5,1.55,1.48,1.54,88196.0,13388.834
300265.SZ,20240806,6.6,6.73,6.44,6.55,119676.0,78277.78
002283.SZ,20240806,4.17,4.22,4.14,4.17,129056.0,53872.496
300184.SZ,20240806,4.53,4.57,4.46,4.52,259705.6,117010.996
300298.SZ,20240806,23.16,24.1,22.9,23.82,53978.87,127496.326
301421.SZ,20240806,40.5,40.85,39.47,40.28,23791.52,94985.227
300536.SZ,20240806,7.03,7.17,6.94,7.07,31344.0,22056.059
301183.SZ,20240806,35.76,36.13,35.0,35.77,23453.0,83207.646
001296.SZ,20240806,14.8,14.95,14.68,14.94,11852.69,17548.331
600645.SH,20240806,16.81,17.54,16.81,17.38,79752.0,137467.023
301278.SZ,20240806,31.5,32.95,31.15,32.82,22108.4,71726.805
002209.SZ,20240806,7.66,8.42,7.64,8.42,101072.0,81492.844
688322.SH,20240806,24.58,24.8,24.13,24.77,28719.56,70218.142
002141.SZ,20240806,1.24,1.28,1.24,1.24,254966.0,31632.465
688570.SH,20240806,18.48,18.59,18.32,18.52,4628.89,8528.457
600795.SH,20240806,5.45,5.54,5.4,5.49,909234.61,498072.669
688330.SH,20240806,19.08,19.52,19.02,19.3,5880.94,11300.894
603035.SH,20240806,12.61,12.65,12.31,12.48,35744.0,44483.028
300849.SZ,20240806,13.45,13.55,13.39,13.53,20043.5,26973.327
000099.SZ,20240806,20.03,20.3,18.49,18.72,1200053.63,2289189.032
000413.SZ,20240806,0.49,0.49,0.49,0.49,12420.0,608.58
300055.SZ,20240806,4.07,4.14,4.07,4.14,37708.39,15455.412
688496.SH,20240806,7.56,7.82,7.56,7.76,19857.98,15291.19
301290.SZ,20240806,20.08,20.5,19.87,20.49,9664.3,19654.921
603038.SH,20240806,6.98,7.27,6.97,7.21,41370.47,29546.159
601669.SH,20240806,5.54,5.57,5.4,5.46,1163039.1,635068.047
600373.SH,20240806,12.91,12.99,12.74,12.96,85898.73,110243.4
301326.SZ,20240806,27.16,28.0,26.8,27.36,14496.0,39451.787
601718.SH,20240806,2.51,2.53,2.49,2.52,232900.0,58507.512
601168.SH,20240806,15.25,15.53,15.01,15.18,266247.57,404587.643
603272.SH,20240806,8.48,8.65,8.22,8.61,15585.0,13252.627
301107.SZ,20240806,22.44,23.19,22.44,22.71,6168.0,14014.182
600754.SH,20240806,24.38,24.97,24.1,24.63,147318.55,362173.201
600400.SH,20240806,2.14,2.18,2.13,2.18,131653.24,28447.73
600588.SH,20240806,9.14,9.25,9.06,9.18,159187.04,145583.691
605080.SH,20240806,14.77,15.14,14.7,15.12,18131.54,27082.069
301120.SZ,20240806,8.6,8.99,8.44,8.99,50937.42,43780.539
002102.SZ,20240806,2.73,2.83,2.67,2.73,745301.0,203674.003
605050.SH,20240806,8.19,8.29,8.19,8.27,11224.0,9248.836
601127.SH,20240806,76.3,77.0,75.13,76.26,240686.02,1829229.158
603950.SH,20240806,12.8,13.1,12.6,12.81,42270.0,53945.314
603797.SH,20240806,3.26,3.29,3.23,3.29,43402.6,14158.438
600037.SH,20240806,5.97,6.03,5.94,6.0,87396.0,52283.448
601868.SH,20240806,2.23,2.25,2.21,2.22,1798727.89,399956.955
002008.SZ,20240806,20.68,20.78,20.19,20.51,168338.65,343899.092
002242.SZ,20240806,10.45,10.58,10.4,10.54,24079.45,25231.516
300436.SZ,20240806,15.41,18.5,15.41,17.44,71575.65,122329.805
688026.SH,20240806,11.22,11.7,11.22,11.68,27155.75,31249.131
603195.SH,20240806,67.55,68.8,67.21,68.16,22045.01,150025.8
002521.SZ,20240806,9.9,10.05,9.79,9.88,31264.0,31002.867
000786.SZ,20240806,24.4,24.59,24.16,24.56,80520.38,195964.347
600668.SH,20240806,8.42,8.65,8.42,8.54,63490.84,54138.486
688695.SH,20240806,28.2,28.29,27.74,28.1,6790.05,19008.609
603178.SH,20240806,20.12,21.49,20.01,20.82,86873.0,180093.053
601068.SH,20240806,4.18,4.24,4.17,4.22,56231.0,23629.482
002056.SZ,20240806,12.09,12.38,12.06,12.17,90948.61,111002.439
002078.SZ,20240806,12.77,12.94,12.57,12.68,144060.34,183613.453
601086.SH,20240806,3.74,3.98,3.7,3.84,161570.0,61932.629
603383.SH,20240806,33.04,33.2,31.16,31.53,45979.08,146848.766
688621.SH,20240806,38.3,40.55,37.86,40.48,26159.82,103303.295
688717.SH,20240806,72.8,81.0,72.63,78.67,40577.24,314080.709
688623.SH,20240806,52.97,52.97,52.19,52.55,646.77,3388.271
603088.SH,20240806,7.32,7.34,7.21,7.3,42431.16,30842.506
002083.SZ,20240806,4.55,4.64,4.54,4.63,54918.44,25297.79
603155.SH,20240806,10.55,10.71,10.49,10.66,32314.89,34257.524
002354.SZ,20240806,2.77,2.84,2.75,2.81,419215.0,117063.794
301138.SZ,20240806,22.3,22.68,22.15,22.45,9242.48,20709.515
600287.SH,20240806,2.81,2.87,2.8,2.85,95690.0,27116.852
301077.SZ,20240806,16.5,16.76,16.48,16.72,9148.0,15200.371
003003.SZ,20240806,7.7,7.82,7.6,7.8,21228.48,16387.076
300139.SZ,20240806,13.59,13.97,13.16,13.64,549262.17,744270.724
301082.SZ,20240806,8.8,8.96,8.71,8.95,44988.4,39858.107
600916.SH,20240806,8.72,8.81,8.69,8.78,112454.53,98349.022
301267.SZ,20240806,20.02,20.35,19.93,20.32,32551.51,65680.588
301200.SZ,20240806,29.17,29.95,29.17,29.83,5563.36,16456.342
002050.SZ,20240806,17.32,17.51,17.02,17.28,413208.18,709467.599
300346.SZ,20240806,27.4,27.55,26.72,27.16,123575.67,334104.549
603025.SH,20240806,12.23,12.23,11.84,12.0,41791.94,50040.13
603917.SH,20240806,11.25,11.25,10.82,11.08,50899.6,55723.788
600027.SH,20240806,5.34,5.52,5.22,5.52,1204020.03,648563.242
002845.SZ,20240806,11.47,11.67,11.36,11.51,53617.72,61546.942
605056.SH,20240806,9.47,9.54,9.31,9.45,23877.0,22504.92
301055.SZ,20240806,11.86,12.14,11.86,12.09,7111.0,8550.829
601098.SH,20240806,11.96,12.02,11.49,11.66,118766.01,138407.324
002301.SZ,20240806,4.73,4.87,4.73,4.85,49373.76,23733.005
605133.SH,20240806,16.08,16.2,15.93,16.15,9039.19,14533.153
300382.SZ,20240806,5.38,5.46,5.35,5.44,71399.99,38635.737
600345.SH,20240806,16.1,16.25,15.63,16.24,38027.0,61128.824
603229.SH,20240806,7.34,7.64,7.33,7.64,97447.88,73200.818
300632.SZ,20240806,9.18,9.2,9.02,9.18,15693.0,14304.282
000997.SZ,20240806,12.93,13.11,12.85,13.01,77524.87,100522.915
600105.SH,20240806,3.46,3.5,3.43,3.47,140560.44,48570.222
002458.SZ,20240806,8.87,8.92,8.75,8.91,89141.19,78890.12
688721.SH,20240806,41.0,41.15,34.53,34.9,185603.08,690676.341
603211.SH,20240806,14.09,14.3,13.9,14.26,48940.0,69072.89
301266.SZ,20240806,31.66,36.6,31.66,34.12,115761.0,395224.717
000895.SZ,20240806,22.73,23.11,22.48,23.08,108180.55,246517.558
600015.SH,20240806,6.21,6.23,6.13,6.16,302435.96,186393.05
603077.SH,20240806,1.73,1.74,1.71,1.74,422784.8,73058.639
301188.SZ,20240806,12.66,13.0,12.63,12.99,30054.5,38565.898
600187.SH,20240806,2.39,2.63,2.39,2.63,1989086.87,498923.816
301292.SZ,20240806,11.78,11.99,11.78,11.95,12497.66,14881.518
000756.SZ,20240806,14.9,15.2,14.76,15.2,103199.6,155586.049
002955.SZ,20240806,21.88,23.26,21.5,23.13,68096.89,152710.767
600423.SH,20240806,2.35,2.41,2.33,2.4,68276.0,16228.528
688368.SH,20240806,56.68,56.68,55.22,56.05,4935.87,27532.237
000987.SZ,20240806,5.21,5.24,5.13,5.17,119533.8,61951.955
002125.SZ,20240806,8.75,8.89,8.71,8.84,68459.89,60255.324
002085.SZ,20240806,15.0,15.12,13.71,14.09,2256062.88,3198854.272
600104.SH,20240806,14.55,14.66,14.16,14.25,200073.92,286206.252
301330.SZ,20240806,20.6,21.09,20.6,20.87,10083.8,20990.98
688543.SH,20240806,42.2,44.2,41.37,43.41,36881.1,159525.052
000972.SZ,20240806,2.27,2.5,2.26,2.5,213220.4,51270.427
300341.SZ,20240806,8.16,8.63,8.11,8.55,58887.04,49266.538
301348.SZ,20240806,30.79,31.0,29.55,30.3,29323.26,88251.487
300729.SZ,20240806,14.2,14.29,13.91,14.11,30995.2,43611.64
600160.SH,20240806,19.42,19.45,18.88,19.13,125406.45,239345.24
300579.SZ,20240806,20.67,20.98,20.32,20.7,36479.11,75110.313
002284.SZ,20240806,7.07,7.14,6.91,7.04,137204.52,95937.531
001872.SZ,20240806,20.3,20.39,19.84,20.25,42902.0,86323.21
300930.SZ,20240806,21.83,21.86,20.95,21.31,26683.61,56726.168
603587.SH,20240806,10.54,10.61,10.47,10.57,7442.4,7843.69
603693.SH,20240806,10.82,10.99,10.8,10.9,39467.4,42957.437
300101.SZ,20240806,14.01,14.43,13.91,14.28,102936.71,145928.294
600831.SH,20240806,2.05,2.09,2.03,2.06,175302.39,36068.724
300204.SZ,20240806,6.69,8.05,6.57,7.68,488597.42,355966.256
603628.SH,20240806,13.07,13.85,13.06,13.61,274840.76,371508.402
603833.SH,20240806,44.33,45.49,44.3,44.79,22329.92,99836.623
600623.SH,20240806,6.04,6.13,6.02,6.09,94040.9,57099.277
300412.SZ,20240806,3.06,3.17,3.02,3.17,182942.41,56654.265
002443.SZ,20240806,5.35,5.4,5.33,5.38,21367.69,11462.226
603618.SH,20240806,4.28,4.35,4.28,4.34,66253.54,28590.723
605090.SH,20240806,27.95,28.43,27.87,28.11,32029.48,90074.058
000779.SZ,20240806,6.37,6.5,6.37,6.48,40380.0,26033.504
300981.SZ,20240806,9.14,9.52,9.13,9.51,31378.71,29323.739
002749.SZ,20240806,14.44,14.7,14.34,14.69,17002.0,24705.228
603029.SH,20240806,14.33,14.43,14.14,14.35,24603.0,35139.293
301161.SZ,20240806,15.05,15.54,15.05,15.44,14114.0,21657.634
002791.SZ,20240806,22.67,23.22,22.64,23.05,34821.19,79687.062
300820.SZ,20240806,40.9,41.85,40.45,41.55,41462.39,171245.912
300009.SZ,20240806,8.55,8.67,8.47,8.67,112862.32,96980.487
600825.SH,20240806,3.9,3.94,3.87,3.93,86555.0,33755.01
002139.SZ,20240806,9.64,9.71,9.45,9.55,199820.06,191190.277
002824.SZ,20240806,12.64,12.88,12.21,12.46,52984.65,66015.09
603758.SH,20240806,7.02,7.14,7.0,7.08,18319.85,12925.645
600689.SH,20240806,7.09,7.26,6.99,7.24,73557.55,52439.683
300885.SZ,20240806,7.85,7.94,7.73,7.9,30764.04,24158.602
000705.SZ,20240806,7.26,7.49,7.21,7.46,144941.37,106709.482
688800.SH,20240806,23.86,23.88,23.4,23.84,10155.53,24038.232
300963.SZ,20240806,7.25,7.41,7.16,7.27,32890.15,23903.882
600859.SH,20240806,14.41,15.56,14.34,15.3,835914.02,1244992.071
002159.SZ,20240806,13.3,13.6,13.27,13.58,50428.0,67819.223
002059.SZ,20240806,5.5,5.72,5.33,5.5,437276.98,240581.066
603191.SH,20240806,11.56,11.75,11.52,11.71,29804.54,34675.36
002230.SZ,20240806,38.17,38.34,35.2,36.42,508689.23,1850530.614
000711.SZ,20240806,1.64,1.66,1.62,1.66,42599.22,7010.269
300578.SZ,20240806,15.3,15.32,14.15,14.45,92627.31,134634.876
002888.SZ,20240806,14.9,15.58,14.49,15.58,146896.0,221478.243
301021.SZ,20240806,17.7,17.95,17.27,17.74,58927.74,104017.41
603658.SH,20240806,41.77,42.58,41.37,42.26,33052.68,139239.288
000731.SZ,20240806,6.36,6.41,6.31,6.37,24574.44,15624.439
000958.SZ,20240806,3.71,3.76,3.67,3.7,105476.67,39142.3
600888.SH,20240806,6.66,6.69,6.57,6.64,76772.88,50824.895
688766.SH,20240806,67.88,69.57,67.27,69.4,21902.33,149810.753
001225.SZ,20240806,27.9,28.37,27.85,28.2,2706.09,7596.197
002297.SZ,20240806,6.2,6.55,6.13,6.4,204401.63,130195.423
300489.SZ,20240806,18.54,18.96,18.34,18.76,17565.0,32783.704
300113.SZ,20240806,10.09,10.25,10.02,10.24,96424.0,97872.915
688709.SH,20240806,17.68,17.85,17.4,17.71,19924.91,35107.115
301306.SZ,20240806,36.87,37.15,35.46,36.78,51136.91,186403.006
301040.SZ,20240806,9.9,10.19,9.88,10.1,19735.0,19811.023
601211.SH,20240806,14.21,14.26,14.01,14.18,215188.5,304466.365
600121.SH,20240806,3.15,3.18,3.12,3.17,91364.25,28779.838
002294.SZ,20240806,28.85,29.3,28.74,29.14,32111.91,93372.835
002391.SZ,20240806,4.38,4.45,4.38,4.45,11279.0,4985.356
300289.SZ,20240806,3.85,4.03,3.82,4.01,48057.5,18937.014
002282.SZ,20240806,6.09,6.25,6.07,6.2,32169.3,19869.548
600594.SH,20240806,3.15,3.28,3.14,3.28,128135.0,41237.751
002009.SZ,20240806,12.06,13.18,11.95,12.4,411605.71,513490.489
601328.SH,20240806,7.4,7.44,7.26,7.3,1144863.74,837941.257
605186.SH,20240806,21.26,21.62,21.01,21.6,33970.0,72461.646
002918.SZ,20240806,8.22,8.36,8.19,8.34,21897.6,18115.272
301228.SZ,20240806,9.78,10.05,9.78,10.04,38443.9,38157.226
300271.SZ,20240806,4.61,4.68,4.55,4.66,122693.0,56668.239
688428.SH,20240806,9.12,9.3,9.11,9.28,24547.98,22551.935
001309.SZ,20240806,73.01,73.5,70.73,71.9,34571.29,247591.124
002702.SZ,20240806,3.44,3.53,3.43,3.52,114773.63,40056.802
601200.SH,20240806,7.45,7.49,7.39,7.45,41744.85,31081.508
301215.SZ,20240806,5.45,5.49,5.29,5.36,145514.8,77952.84
300059.SZ,20240806,10.87,10.92,10.62,10.75,1588949.52,1706135.475
002559.SZ,20240806,7.4,7.49,7.33,7.46,131007.5,96952.006
600583.SH,20240806,5.28,5.39,5.24,5.27,294751.61,155727.343
301061.SZ,20240806,44.82,45.04,42.43,43.02,9945.0,42907.878
300884.SZ,20240806,8.17,8.3,8.11,8.25,27200.03,22289.348
002493.SZ,20240806,8.97,9.12,8.96,9.12,165326.5,149470.831
002388.SZ,20240806,3.05,3.09,3.0,3.06,86478.0,26298.583
000627.SZ,20240806,1.83,1.86,1.79,1.82,229810.01,41768.419
688001.SH,20240806,21.49,21.97,21.49,21.74,12445.59,27030.834
605018.SH,20240806,7.66,7.88,7.63,7.81,26943.45,20923.823
603392.SH,20240806,67.38,68.86,67.1,68.84,30637.33,208514.837
300140.SZ,20240806,4.83,4.85,4.77,4.85,84584.0,40698.866
000985.SZ,20240806,12.1,12.45,12.1,12.43,10243.46,12667.254
000619.SZ,20240806,3.91,3.99,3.91,3.98,34467.0,13609.943
300789.SZ,20240806,12.49,12.74,12.31,12.48,17947.53,22365.856
603341.SH,20240806,35.98,36.08,34.8,35.26,25337.0,89420.478
603332.SH,20240806,7.34,7.45,7.28,7.35,22939.64,16828.895
300294.SZ,20240806,31.58,32.18,31.25,31.88,24589.1,78040.211
002127.SZ,20240806,2.69,2.76,2.69,2.75,269235.0,73277.911
603335.SH,20240806,4.07,4.14,4.05,4.08,27100.0,11063.1
002046.SZ,20240806,10.42,11.33,10.39,11.19,516685.41,572528.795
000610.SZ,20240806,11.95,12.34,11.9,12.32,108385.0,132253.57
300625.SZ,20240806,10.58,10.98,10.45,10.8,64560.28,69112.683
300259.SZ,20240806,2.5,2.54,2.49,2.53,64609.0,16234.337
688366.SH,20240806,59.36,61.66,58.6,60.9,4507.24,27344.341
301178.SZ,20240806,21.1,21.7,20.41,21.64,35555.0,75216.891
601666.SH,20240806,10.28,10.57,10.23,10.49,299938.45,313270.214
605588.SH,20240806,37.5,37.75,36.8,37.27,11417.0,42390.252
300843.SZ,20240806,27.02,27.4,26.24,26.76,95764.0,256110.361
301176.SZ,20240806,17.8,18.1,17.3,17.69,40126.31,70353.112
301236.SZ,20240806,31.85,32.0,31.2,31.86,159657.9,504289.559
688720.SH,20240806,37.72,38.25,37.21,37.93,10763.44,40487.731
600660.SH,20240806,42.65,43.14,42.4,42.87,124315.63,531110.57
002637.SZ,20240806,8.92,9.0,8.55,8.72,59118.1,51335.24
601339.SH,20240806,4.67,4.7,4.49,4.55,63829.0,29121.152
300807.SZ,20240806,29.63,30.0,28.6,29.56,58385.94,170701.559
300760.SZ,20240806,260.9,266.36,260.28,261.29,30952.22,814164.341
688657.SH,20240806,32.86,33.17,32.49,32.83,1583.24,5189.088
000419.SZ,20240806,4.29,4.37,4.29,4.37,64220.0,27902.169
002732.SZ,20240806,14.24,14.45,14.24,14.41,7906.0,11348.714
600278.SH,20240806,5.66,5.72,5.61,5.72,35237.0,19950.096
300203.SZ,20240806,11.77,11.95,11.61,11.86,48160.0,56800.678
301151.SZ,20240806,13.59,13.85,13.59,13.75,12541.0,17185.293
300331.SZ,20240806,13.88,14.04,13.73,14.02,36042.4,50040.186
301300.SZ,20240806,22.07,22.34,21.9,22.2,12635.78,27940.759
688055.SH,20240806,2.76,2.85,2.75,2.8,52578.4,14630.473
603017.SH,20240806,8.68,8.7,8.4,8.53,85245.0,72500.222
300893.SZ,20240806,26.65,26.77,26.05,26.37,9456.39,24969.95
000697.SZ,20240806,6.19,6.36,6.03,6.3,174757.02,109137.444
300266.SZ,20240806,1.43,1.47,1.41,1.43,323205.33,46218.896
603063.SH,20240806,14.32,14.65,14.19,14.38,113644.0,163597.911
688056.SH,20240806,20.46,20.85,20.33,20.72,2290.96,4717.969
603886.SH,20240806,14.33,14.47,14.26,14.45,8679.0,12491.868
600156.SH,20240806,3.09,3.2,3.09,3.18,47026.0,14783.969
000009.SZ,20240806,8.3,8.39,8.21,8.31,75567.14,62648.693
003040.SZ,20240806,10.5,10.69,10.42,10.55,38946.88,40994.102
603612.SH,20240806,11.15,11.39,11.1,11.3,38716.0,43450.911
601008.SH,20240806,3.55,3.58,3.52,3.56,65258.0,23169.857
300765.SZ,20240806,23.9,24.09,22.33,23.25,135075.45,309823.514
002959.SZ,20240806,47.11,48.29,47.11,48.1,12662.36,60394.968
688334.SH,20240806,14.25,14.47,14.25,14.42,5869.69,8424.097
002899.SZ,20240806,12.57,12.79,12.39,12.72,15649.89,19708.732
600072.SH,20240806,12.8,13.1,12.8,13.01,89919.15,116521.632
600757.SH,20240806,7.99,8.02,7.76,7.95,100272.0,78903.149
000761.SZ,20240806,2.62,2.66,2.59,2.65,56912.33,14978.483
000089.SZ,20240806,6.63,6.68,6.53,6.59,97986.0,64665.964
300319.SZ,20240806,8.76,8.83,8.56,8.66,253325.67,219414.191
300823.SZ,20240806,11.89,12.06,11.51,11.79,49982.51,58628.098
688410.SH,20240806,11.56,12.1,11.45,12.09,31610.48,37414.868
600550.SH,20240806,4.95,5.01,4.87,4.99,163911.56,80937.395
300051.SZ,20240806,6.18,7.2,6.15,6.73,116887.64,77955.686
300301.SZ,20240806,1.26,1.31,1.26,1.29,113692.26,14584.016
002198.SZ,20240806,6.34,6.47,6.34,6.43,30339.0,19464.715
002688.SZ,20240806,3.81,3.87,3.78,3.87,81777.0,31382.659
300124.SZ,20240806,45.02,46.17,44.62,45.32,114372.03,518579.689
300905.SZ,20240806,23.4,23.93,23.2,23.63,34981.0,82254.343
603919.SH,20240806,17.8,18.44,17.8,18.28,25295.15,46022.425
605300.SH,20240806,11.29,11.45,11.18,11.31,7576.0,8553.617
002795.SZ,20240806,3.56,3.67,3.55,3.65,82460.91,29714.081
600621.SH,20240806,13.58,13.65,13.19,13.51,324716.01,434973.823
688051.SH,20240806,16.2,16.91,16.2,16.8,5844.64,9732.989
603339.SH,20240806,9.53,9.61,9.41,9.59,15982.72,15243.94
300007.SZ,20240806,13.18,13.24,13.01,13.19,41268.0,54163.744
300654.SZ,20240806,8.13,8.6,8.07,8.44,214609.5,179268.546
300955.SZ,20240806,11.98,12.24,11.87,12.2,10415.0,12597.844
300672.SZ,20240806,52.17,52.58,50.4,51.17,54918.52,280516.082
002572.SZ,20240806,13.5,13.68,13.4,13.59,55732.44,75358.826
600210.SH,20240806,4.94,4.99,4.89,4.94,117248.0,57768.228
600171.SH,20240806,23.9,24.05,22.3,22.61,971235.73,2206820.488
300081.SZ,20240806,4.31,4.42,4.28,4.37,177960.0,77318.206
600081.SH,20240806,8.8,8.92,8.72,8.81,26812.1,23523.175
605108.SH,20240806,18.9,19.41,18.9,19.27,48549.66,93192.505
603216.SH,20240806,8.97,9.09,8.93,9.08,6523.0,5868.568
000988.SZ,20240806,28.25,28.47,28.0,28.28,112059.77,316667.337
000002.SZ,20240806,6.85,6.92,6.77,6.88,1263768.63,864549.136
002319.SZ,20240806,8.92,9.25,8.82,9.18,27341.0,24924.544
002750.SZ,20240806,2.16,2.16,2.16,2.16,73244.0,15820.704
603368.SH,20240806,17.39,17.64,17.24,17.45,73771.67,128152.699
300433.SZ,20240806,16.85,16.99,16.52,16.9,382546.46,640133.492
600117.SH,20240806,2.18,2.23,2.17,2.19,28816.91,6308.889
300573.SZ,20240806,120.1,121.77,116.0,118.3,39152.12,461920.034
688689.SH,20240806,18.92,18.96,18.5,18.74,8701.82,16312.851
301157.SZ,20240806,31.68,33.15,31.68,32.27,9776.52,31559.892
000586.SZ,20240806,7.09,7.15,6.98,7.1,26960.0,19073.669
002387.SZ,20240806,5.89,5.97,5.84,5.9,87483.01,51576.539
300385.SZ,20240806,3.47,3.55,3.46,3.54,19312.68,6769.694
603006.SH,20240806,9.13,9.24,9.0,9.15,20507.0,18660.722
300883.SZ,20240806,4.17,4.28,4.17,4.26,29116.9,12306.263
002270.SZ,20240806,18.91,19.2,18.7,19.14,61913.5,117703.721
301209.SZ,20240806,22.0,22.62,21.6,22.47,34470.0,76877.379
301312.SZ,20240806,34.83,34.95,34.08,34.74,13357.4,46140.165
603790.SH,20240806,9.01,9.21,9.01,9.21,19906.45,18160.47
002099.SZ,20240806,5.25,5.38,5.2,5.36,88321.46,46671.781
601038.SH,20240806,14.98,15.13,14.63,14.8,54523.0,81041.951
001216.SZ,20240806,11.32,11.46,11.23,11.36,16085.0,18220.489
301318.SZ,20240806,25.69,27.88,25.69,26.68,37572.7,100350.949
300415.SZ,20240806,18.18,18.88,17.95,18.22,52599.57,95844.109
603700.SH,20240806,9.03,9.21,9.03,9.2,8866.0,8113.211
603355.SH,20240806,21.15,21.45,21.03,21.39,13600.4,28822.426
300241.SZ,20240806,3.75,3.8,3.66,3.74,137659.27,51082.652
000778.SZ,20240806,3.54,3.58,3.54,3.58,161974.59,57711.392
300303.SZ,20240806,4.59,4.63,4.47,4.53,198709.14,90001.49
300746.SZ,20240806,6.18,6.38,6.18,6.31,35141.0,22109.064
300249.SZ,20240806,6.31,6.39,6.26,6.35,69237.0,43733.817
301221.SZ,20240806,36.79,36.83,35.07,36.15,34298.5,122425.509
600769.SH,20240806,6.15,6.27,6.15,6.25,29724.02,18447.8
688072.SH,20240806,130.2,133.93,130.0,133.38,28626.66,379023.751
601999.SH,20240806,5.33,5.42,5.33,5.41,30809.01,16582.32
000813.SZ,20240806,2.4,2.45,2.38,2.45,288282.5,69918.603
600458.SH,20240806,9.58,9.83,9.53,9.77,52598.0,50832.079
600703.SH,20240806,11.4,11.49,11.26,11.4,249120.16,282865.711
002653.SZ,20240806,27.94,28.99,27.84,28.36,36864.56,104239.524
300397.SZ,20240806,9.25,9.42,9.06,9.34,130648.8,121267.366
603186.SH,20240806,19.2,19.69,19.18,19.58,26532.2,51575.956
600115.SH,20240806,4.09,4.15,4.03,4.06,519944.69,212158.338
002244.SZ,20240806,7.78,8.41,7.69,8.34,813977.92,660121.969
301163.SZ,20240806,19.45,19.73,19.38,19.61,16156.99,31558.434
603108.SH,20240806,13.3,13.38,13.13,13.34,108701.58,144124.251
601020.SH,20240806,11.87,12.08,11.5,11.76,468770.03,553478.312
300110.SZ,20240806,3.12,3.25,3.11,3.24,264518.53,84276.996
002316.SZ,20240806,3.15,3.15,3.15,3.15,1832.0,577.08
300043.SZ,20240806,2.37,2.52,2.36,2.47,710455.26,173189.645
002664.SZ,20240806,11.81,11.95,11.68,11.92,26436.0,31213.588
300931.SZ,20240806,5.44,5.53,5.31,5.49,76774.0,41686.139
300798.SZ,20240806,5.7,5.73,5.62,5.71,38470.0,21848.426
002595.SZ,20240806,35.28,36.58,35.25,35.59,34159.35,122089.491
603128.SH,20240806,5.51,5.55,5.43,5.49,100923.0,55250.523
002211.SZ,20240806,2.38,2.5,2.38,2.46,74133.0,18027.115
301313.SZ,20240806,19.65,19.88,19.4,19.79,23290.0,45752.756
000893.SZ,20240806,16.1,16.38,15.82,16.09,107480.12,172754.805
600846.SH,20240806,7.1,7.28,7.1,7.2,41367.79,29679.252
301066.SZ,20240806,8.11,8.27,8.03,8.22,20381.97,16639.517
300999.SZ,20240806,26.88,27.08,26.66,26.9,39823.76,106887.938
603180.SH,20240806,17.7,17.74,17.44,17.6,10177.76,17885.709
300096.SZ,20240806,2.67,2.83,2.6,2.66,213801.08,57529.534
601116.SH,20240806,8.12,8.35,8.01,8.34,96919.86,79731.405
603898.SH,20240806,7.42,7.5,7.35,7.47,18517.31,13774.85
600265.SH,20240806,13.57,13.83,13.57,13.81,3794.46,5215.746
300393.SZ,20240806,5.65,5.95,5.65,5.85,270246.0,157764.598
300369.SZ,20240806,4.97,5.02,4.91,4.99,121029.0,60029.534
002523.SZ,20240806,2.27,2.32,2.27,2.32,153756.0,35329.123
601882.SH,20240806,21.97,22.3,21.69,22.05,26742.59,58776.741
301309.SZ,20240806,23.85,24.06,22.89,23.47,12556.0,29423.929
301216.SZ,20240806,11.37,11.48,11.28,11.38,10449.34,11896.321
603121.SH,20240806,6.94,7.03,6.83,6.92,51311.36,35414.799
001211.SZ,20240806,15.25,15.49,15.01,15.47,12088.0,18564.691
688489.SH,20240806,23.62,23.98,23.5,23.84,2369.84,5631.472
600377.SH,20240806,13.29,13.4,12.85,13.0,85998.0,111985.646
300741.SZ,20240806,14.9,15.15,14.85,15.12,13146.0,19797.035
002357.SZ,20240806,6.7,6.7,6.17,6.37,526704.0,333966.205
301004.SZ,20240806,79.9,81.7,79.49,80.51,4744.84,38152.034
300017.SZ,20240806,7.09,7.15,6.96,7.07,348177.82,245001.548
300928.SZ,20240806,31.8,32.17,30.4,31.06,21357.99,66271.058
002973.SZ,20240806,9.2,9.5,8.94,9.07,33028.63,30140.789
600212.SH,20240806,5.62,5.74,5.62,5.73,40297.0,22917.395
002828.SZ,20240806,8.15,8.38,8.07,8.24,156600.86,128109.279
301397.SZ,20240806,22.42,22.68,22.28,22.68,9449.12,21243.116
300505.SZ,20240806,11.72,11.96,11.6,11.72,56314.0,65928.221
603366.SH,20240806,3.63,3.66,3.58,3.65,54704.0,19821.898
301042.SZ,20240806,29.77,30.14,29.29,30.03,5170.0,15459.016
601916.SH,20240806,2.79,2.8,2.73,2.75,1021348.09,281618.507
600368.SH,20240806,3.81,3.84,3.72,3.76,209830.31,78952.017
300784.SZ,20240806,54.71,55.7,54.56,55.43,14519.0,80023.885
603999.SH,20240806,4.78,4.85,4.77,4.84,44448.8,21384.165
002060.SZ,20240806,3.47,3.52,3.45,3.49,100172.75,34911.971
002309.SZ,20240806,1.54,1.57,1.5,1.54,77156.0,11813.183
002305.SZ,20240806,1.51,1.56,1.5,1.55,748471.0,114462.176
000504.SZ,20240806,6.97,7.12,6.9,7.1,65023.32,45756.252
603836.SH,20240806,11.78,11.88,11.7,11.82,10717.0,12622.517
300529.SZ,20240806,27.38,27.44,26.8,27.15,53862.0,146018.922
601567.SH,20240806,27.93,28.17,27.4,28.02,50491.22,140146.641
603667.SH,20240806,14.9,15.06,14.65,14.94,72111.0,107055.17
002372.SZ,20240806,13.5,13.75,13.5,13.71,64301.09,87760.616
002117.SZ,20240806,6.88,6.99,6.86,6.96,26581.0,18392.603
603013.SH,20240806,12.84,12.98,12.7,12.91,18365.0,23589.477
001218.SZ,20240806,14.04,14.29,14.04,14.24,5757.2,8140.081
603881.SH,20240806,12.69,12.86,12.53,12.77,47746.51,60683.754
000868.SZ,20240806,5.2,5.3,4.91,5.0,669414.47,335427.508
000990.SZ,20240806,6.94,7.01,6.9,6.98,87918.0,61050.578
300783.SZ,20240806,17.26,17.79,17.26,17.61,98755.25,173310.767
603040.SH,20240806,18.85,18.85,17.75,17.96,5591.09,10022.938
600107.SH,20240806,3.22,3.47,3.22,3.47,212638.77,73034.954
600828.SH,20240806,2.47,2.59,2.45,2.58,127590.71,32081.492
301587.SZ,20240806,24.93,25.5,24.92,25.5,24242.62,61009.289
002574.SZ,20240806,4.11,4.19,4.11,4.17,89019.4,36955.068
600184.SH,20240806,8.76,9.08,8.75,9.01,51826.1,46334.986
002528.SZ,20240806,2.16,2.27,2.16,2.25,334869.54,74001.488
300242.SZ,20240806,1.95,2.01,1.94,1.99,387099.5,76463.062
300726.SZ,20240806,21.82,22.6,21.8,22.58,54498.0,121538.521
600123.SH,20240806,7.92,8.07,7.91,7.99,86167.73,68720.644
301102.SZ,20240806,8.18,8.35,8.11,8.34,29500.31,24313.218
688599.SH,20240806,16.9,17.78,16.9,17.56,355182.23,619610.129
002031.SZ,20240806,2.4,2.43,2.38,2.41,525058.53,126263.008
600243.SH,20240806,3.05,3.15,3.05,3.13,133775.99,41609.386
002233.SZ,20240806,7.15,7.45,7.12,7.44,195456.0,143154.149
002216.SZ,20240806,11.01,11.24,11.01,11.18,25807.19,28778.922
688025.SH,20240806,32.74,33.36,32.67,33.17,15570.69,51419.461
601699.SH,20240806,14.91,15.04,14.7,14.96,144497.15,214875.258
002131.SZ,20240806,1.48,1.5,1.47,1.48,603507.7,89638.169
301006.SZ,20240806,10.62,10.89,10.57,10.78,7645.9,8187.834
301058.SZ,20240806,8.8,8.86,8.69,8.81,36379.0,31882.736
601963.SH,20240806,7.07,7.11,6.92,6.98,70943.33,49611.291
000878.SZ,20240806,10.99,11.06,10.86,10.99,203558.01,222991.15
600094.SH,20240806,3.59,3.69,3.49,3.63,380502.18,136760.114
688328.SH,20240806,12.14,12.38,12.09,12.3,16759.38,20491.052
002757.SZ,20240806,11.3,11.41,11.21,11.35,22660.25,25630.149
600320.SH,20240806,3.81,3.84,3.75,3.8,289684.0,109841.114
603353.SH,20240806,12.02,12.35,12.02,12.35,22728.3,27786.287
300947.SZ,20240806,14.75,15.41,14.52,15.32,133238.2,200905.042
002558.SZ,20240806,9.28,9.59,9.27,9.41,546904.78,515276.433
301307.SZ,20240806,18.78,18.94,18.46,18.61,12153.41,22618.334
002315.SZ,20240806,24.95,25.5,24.77,25.14,38524.0,96765.949
301100.SZ,20240806,12.81,13.25,12.81,13.25,26402.08,34540.964
300916.SZ,20240806,22.45,22.89,21.98,22.27,16866.5,37682.246
000753.SZ,20240806,2.76,2.81,2.75,2.81,53545.0,14923.749
000679.SZ,20240806,3.75,3.77,3.56,3.77,761739.46,285007.931
002527.SZ,20240806,5.88,5.98,5.85,5.93,96091.3,56827.105
605081.SH,20240806,12.38,13.09,11.92,13.0,116560.35,145214.311
000520.SZ,20240806,2.35,2.37,2.28,2.31,307130.0,71098.744
002348.SZ,20240806,2.3,2.39,2.3,2.35,87191.0,20367.057
600495.SH,20240806,3.25,3.28,3.24,3.28,67549.92,22029.507
600235.SH,20240806,4.6,4.7,4.57,4.69,72205.34,33589.403
301109.SZ,20240806,14.09,14.34,14.07,14.3,12224.79,17381.099
001234.SZ,20240806,15.74,16.05,15.61,16.03,10796.0,17153.224
600475.SH,20240806,8.56,8.69,8.53,8.62,43681.17,37592.615
000635.SZ,20240806,5.98,6.14,5.98,6.12,29113.0,17682.874
300664.SZ,20240806,4.38,4.41,4.35,4.41,38834.0,17017.722
000600.SZ,20240806,4.97,5.06,4.96,5.01,149020.47,74609.602
002808.SZ,20240806,1.68,1.75,1.67,1.75,70638.68,12125.526
601101.SH,20240806,7.9,8.11,7.86,8.03,98870.96,79008.11
600348.SH,20240806,7.22,7.37,7.2,7.29,365614.64,265943.272
300865.SZ,20240806,14.64,15.02,14.64,14.93,6613.3,9838.568
600810.SH,20240806,6.05,6.08,5.96,6.01,56592.26,34061.028
002599.SZ,20240806,4.9,5.15,4.85,5.11,310447.0,155876.085
002022.SZ,20240806,5.47,5.63,5.45,5.63,41083.0,22862.186
300566.SZ,20240806,13.98,14.25,13.97,14.24,36803.45,51915.399
603107.SH,20240806,17.09,17.31,16.72,17.28,87006.6,148500.667
601985.SH,20240806,10.88,10.96,10.6,10.75,1514065.24,1626265.419
301003.SZ,20240806,19.08,19.55,19.08,19.44,5789.8,11220.846
002332.SZ,20240806,12.03,12.1,11.73,11.87,82570.25,97921.21
301197.SZ,20240806,13.03,13.19,12.75,13.02,28903.35,37374.272
002052.SZ,20240806,1.38,1.43,1.36,1.43,159087.02,22636.696
300550.SZ,20240806,10.95,11.98,10.71,11.7,129260.91,145892.898
600208.SH,20240806,1.72,1.73,1.69,1.71,650232.1,111228.008
300223.SZ,20240806,53.5,53.6,51.92,52.8,54497.85,286215.324
603269.SH,20240806,7.91,8.07,7.91,8.02,28023.8,22368.908
000983.SZ,20240806,8.03,8.14,8.01,8.12,200202.81,161447.854
603238.SH,20240806,9.26,9.32,9.14,9.3,7545.5,6976.975
603968.SH,20240806,9.2,9.38,9.13,9.24,10026.48,9225.248
300984.SZ,20240806,18.87,19.39,18.87,19.34,3023.0,5787.759
300050.SZ,20240806,2.89,3.33,2.89,3.05,474156.22,145849.777
002584.SZ,20240806,6.09,6.17,6.04,6.14,217661.52,132773.793
688420.SH,20240806,18.98,19.13,18.7,18.89,735.48,1387.509
688022.SH,20240806,12.13,12.28,12.05,12.26,17410.43,21219.15
000830.SZ,20240806,10.87,11.03,10.72,10.83,164813.0,178586.698
601908.SH,20240806,2.4,2.47,2.4,2.45,168458.0,41125.134
601599.SH,20240806,2.91,2.99,2.86,2.93,415113.65,121003.454
002190.SZ,20240806,14.59,14.99,14.49,14.87,35138.98,51933.511
002975.SZ,20240806,25.7,25.94,25.45,25.9,7495.85,19271.107
601515.SH,20240806,2.71,2.72,2.65,2.69,114664.17,30720.947
603878.SH,20240806,5.99,6.05,5.88,5.95,29512.16,17575.939
600569.SH,20240806,1.42,1.44,1.41,1.42,64371.0,9150.929
603918.SH,20240806,9.41,9.53,9.36,9.5,76926.53,72649.596
603806.SH,20240806,15.0,16.1,15.0,16.1,587905.84,927552.318
300439.SZ,20240806,8.98,9.26,8.98,9.26,38728.0,35362.987
002835.SZ,20240806,14.39,14.68,14.36,14.56,25595.0,37048.794
002254.SZ,20240806,8.29,8.42,8.29,8.38,54688.74,45685.299
301486.SZ,20240806,35.9,36.2,35.36,36.19,12582.11,45102.012
300842.SZ,20240806,35.1,36.58,35.1,36.16,55188.21,199256.109
300962.SZ,20240806,13.79,14.06,13.73,14.04,22168.0,30861.006
300195.SZ,20240806,4.18,4.24,4.16,4.23,45090.18,18957.135
002662.SZ,20240806,2.86,2.9,2.83,2.87,91163.38,26062.46
000826.SZ,20240806,1.6,1.63,1.52,1.54,441332.0,68375.964
002739.SZ,20240806,10.95,11.08,10.86,11.03,185388.71,203331.138
688061.SH,20240806,23.52,23.61,23.24,23.45,4323.63,10114.141
300168.SZ,20240806,5.4,5.52,5.29,5.47,310079.15,167820.238
600895.SH,20240806,18.65,18.72,18.27,18.48,193743.0,356938.768
688608.SH,20240806,158.08,161.96,155.24,157.65,17371.71,274212.625
605368.SH,20240806,13.2,13.28,12.92,13.01,28439.71,37087.272
605376.SH,20240806,21.7,22.07,21.51,21.92,30508.0,66632.535
301257.SZ,20240806,28.41,29.3,27.97,29.3,26279.92,75470.821
600052.SH,20240806,3.82,3.86,3.8,3.85,42820.3,16381.477
600269.SH,20240806,5.14,5.15,4.92,4.96,214780.23,107600.205
601698.SH,20240806,17.08,17.44,16.54,17.15,673914.28,1148913.35
603444.SH,20240806,177.72,185.05,176.01,184.7,33541.35,609947.237
002455.SZ,20240806,7.62,7.76,7.47,7.56,196472.0,148550.022
300822.SZ,20240806,9.8,10.07,9.66,9.83,49035.35,47905.261
000952.SZ,20240806,5.15,5.34,5.12,5.33,57875.08,30393.519
300205.SZ,20240806,6.71,6.78,6.62,6.69,24464.0,16322.24
603200.SH,20240806,17.82,18.26,17.68,17.94,19477.2,34863.884
002084.SZ,20240806,2.45,2.53,2.45,2.53,66917.2,16710.773
603301.SH,20240806,20.69,20.98,20.44,20.8,10251.11,21174.751
000682.SZ,20240806,10.76,10.93,10.68,10.79,92067.41,99286.648
000536.SZ,20240806,1.88,1.89,1.86,1.89,222295.65,41684.597
300545.SZ,20240806,21.84,22.06,21.62,21.93,17794.8,38911.988
301005.SZ,20240806,26.55,27.1,25.93,26.41,67388.3,177845.223
003027.SZ,20240806,12.12,12.34,12.12,12.34,16101.5,19722.008
300737.SZ,20240806,4.27,4.31,4.21,4.31,76033.67,32358.936
603489.SH,20240806,18.36,18.7,18.28,18.56,16797.14,31030.286
301377.SZ,20240806,16.33,16.48,15.99,16.29,19029.0,30822.191
002459.SZ,20240806,10.4,11.15,10.39,11.02,1109422.85,1210473.841
603787.SH,20240806,9.38,9.58,9.34,9.47,17774.0,16782.705
300595.SZ,20240806,16.1,16.33,15.97,16.3,66076.59,107007.306
601113.SH,20240806,3.0,3.04,2.99,3.03,69493.0,20962.268
002420.SZ,20240806,4.88,4.89,4.76,4.83,144567.0,69536.909
600741.SH,20240806,15.28,15.3,14.88,15.01,116879.0,175635.12
300739.SZ,20240806,11.43,11.52,11.2,11.36,43129.12,48804.292
300600.SZ,20240806,5.51,5.7,5.5,5.65,49107.31,27395.789
002658.SZ,20240806,5.72,5.9,5.3,5.58,230084.13,127951.815
002617.SZ,20240806,5.42,5.52,5.39,5.47,270340.57,147348.183
000920.SZ,20240806,7.3,7.39,7.24,7.36,24082.84,17613.987
603222.SH,20240806,5.79,5.96,5.76,5.94,87400.2,51200.312
300144.SZ,20240806,8.07,8.53,8.07,8.36,769912.74,640856.584
000615.SZ,20240806,2.01,2.05,1.98,2.03,98455.0,19796.795
003013.SZ,20240806,14.14,14.29,14.09,14.26,14595.0,20713.668
600987.SH,20240806,6.78,6.86,6.76,6.85,26206.55,17862.787
000912.SZ,20240806,3.52,3.57,3.51,3.55,48177.34,17065.87
002154.SZ,20240806,4.08,4.12,4.01,4.06,193403.0,78413.149
000800.SZ,20240806,8.01,8.09,7.86,7.95,102726.19,81589.811
002197.SZ,20240806,3.54,3.58,3.51,3.57,90544.0,32094.033
603866.SH,20240806,5.56,5.68,5.54,5.64,95670.1,53697.015
002156.SZ,20240806,21.2,21.35,20.64,21.05,445029.9,930147.946
300407.SZ,20240806,8.04,8.2,7.86,8.09,63121.23,50591.844
002092.SZ,20240806,3.4,3.43,3.38,3.43,120632.55,41070.851
300762.SZ,20240806,16.82,17.01,15.96,16.3,552036.23,906220.326
300627.SZ,20240806,28.48,28.9,27.92,28.25,74202.79,209737.466
002681.SZ,20240806,3.4,3.43,3.35,3.39,173103.03,58496.552
002841.SZ,20240806,29.5,29.88,29.0,29.85,25746.28,76099.476
603391.SH,20240806,47.61,47.99,45.98,46.28,57551.02,268621.686
300237.SZ,20240806,1.33,1.35,1.31,1.33,338860.0,44969.304
000776.SZ,20240806,12.29,12.35,12.08,12.16,179071.56,218100.941
002730.SZ,20240806,6.39,6.48,6.34,6.44,39922.0,25585.155
688711.SH,20240806,13.98,14.11,13.75,13.98,28516.47,39764.847
002134.SZ,20240806,7.85,8.08,7.83,8.08,62882.0,50237.996
300348.SZ,20240806,7.4,7.45,7.27,7.36,93583.0,68661.962
603843.SH,20240806,2.7,2.79,2.7,2.75,98044.4,26952.228
301199.SZ,20240806,23.62,24.83,23.52,24.4,25885.0,62811.417
600743.SH,20240806,1.2,1.21,1.18,1.21,162090.93,19426.236
600246.SH,20240806,6.45,6.63,6.36,6.52,204785.31,133147.873
000568.SZ,20240806,127.91,129.42,125.87,126.89,89528.38,1139087.373
600636.SH,20240806,7.87,8.47,7.76,8.38,201288.08,163953.695
601956.SH,20240806,4.45,4.55,4.45,4.51,31265.7,14069.898
300990.SZ,20240806,26.91,27.46,26.8,27.24,13189.88,35780.959
002579.SZ,20240806,6.5,6.55,6.37,6.46,68844.6,44309.71
002073.SZ,20240806,6.6,6.72,6.52,6.58,103913.0,68572.967
300036.SZ,20240806,14.25,14.37,13.93,14.1,98659.0,139012.731
603888.SH,20240806,20.04,20.14,19.8,20.14,53002.77,105834.258
600361.SH,20240806,3.91,3.92,3.75,3.88,362907.01,138822.906
603908.SH,20240806,21.29,22.66,20.67,21.97,61291.24,134185.652
601827.SH,20240806,8.94,8.95,8.46,8.6,86777.03,75082.209
600598.SH,20240806,13.31,13.49,13.16,13.28,155351.41,206770.51
002556.SZ,20240806,4.69,4.75,4.63,4.7,86182.97,40298.172
002335.SZ,20240806,18.67,19.28,18.67,19.03,85548.0,162451.14
002484.SZ,20240806,12.5,12.68,12.4,12.63,47913.0,60135.526
603488.SH,20240806,7.87,8.26,7.86,8.25,48219.14,39112.094
002548.SZ,20240806,3.9,3.96,3.87,3.92,76658.1,29917.582
300770.SZ,20240806,32.36,32.69,32.04,32.32,8263.0,26725.14
603123.SH,20240806,6.09,6.23,6.08,6.22,85605.0,52559.404
300870.SZ,20240806,36.24,36.45,35.55,36.33,11866.73,42775.278
002782.SZ,20240806,9.95,10.1,9.92,10.05,42342.0,42371.733
600821.SH,20240806,5.08,5.16,5.06,5.13,93407.3,47782.638
300911.SZ,20240806,22.18,22.39,21.7,22.33,13435.99,29652.464
601872.SH,20240806,7.44,7.75,7.44,7.74,428189.23,326972.114
003016.SZ,20240806,6.0,6.06,5.98,6.06,7021.0,4227.196
603896.SH,20240806,22.7,23.32,22.7,23.32,21646.38,49927.303
002654.SZ,20240806,9.44,9.54,9.22,9.53,299398.06,280527.494
002694.SZ,20240806,3.47,3.52,3.45,3.5,28966.0,10085.59
300074.SZ,20240806,3.19,3.27,3.18,3.27,89783.0,28982.958
002644.SZ,20240806,6.58,7.22,6.54,7.22,99668.27,69918.576
600742.SH,20240806,7.75,7.81,7.7,7.77,47230.8,36549.373
001207.SZ,20240806,13.52,13.68,13.46,13.55,16156.0,21886.853
300542.SZ,20240806,13.02,13.13,12.59,12.84,160068.9,205026.058
300300.SZ,20240806,1.43,1.58,1.41,1.57,573543.27,84748.718
600425.SH,20240806,3.1,3.12,3.08,3.11,50927.4,15786.13
600172.SH,20240806,2.0,2.05,2.0,2.03,136965.8,27770.658
600567.SH,20240806,1.44,1.46,1.43,1.46,299763.82,43385.168
002389.SZ,20240806,13.78,15.06,13.78,15.06,621757.58,918326.94
600995.SH,20240806,9.32,9.43,9.29,9.38,41921.5,39221.871
301566.SZ,20240806,16.65,16.88,16.27,16.52,25452.32,42092.026
605086.SH,20240806,14.88,14.91,14.61,14.89,13799.2,20394.985
600061.SH,20240806,5.85,5.85,5.76,5.81,131869.44,76494.878
000503.SZ,20240806,7.35,7.44,7.19,7.42,207558.87,151754.242
300208.SZ,20240806,1.95,2.26,1.88,2.18,473563.19,99628.237
002660.SZ,20240806,6.77,6.83,6.73,6.8,27032.0,18308.95
300187.SZ,20240806,4.08,4.17,4.08,4.16,27296.48,11288.268
688351.SH,20240806,21.8,22.33,21.5,22.08,8666.63,19037.321
301499.SZ,20240806,22.85,23.15,22.45,22.75,18138.71,41292.546
000055.SZ,20240806,3.42,3.47,3.41,3.46,26996.88,9264.978
600710.SH,20240806,7.79,7.87,7.72,7.78,69926.01,54464.619
600694.SH,20240806,16.01,16.13,15.87,16.09,22625.26,36249.075
601009.SH,20240806,9.97,10.06,9.79,9.89,297825.49,294333.543
300749.SZ,20240806,5.17,5.24,5.12,5.24,15748.0,8173.195
301439.SZ,20240806,11.28,11.4,11.17,11.28,14714.98,16558.985
688087.SH,20240806,25.92,26.25,24.58,24.89,9088.66,22873.416
002792.SZ,20240806,9.98,10.13,9.88,10.01,65101.25,65004.931
002867.SZ,20240806,11.47,11.63,11.36,11.46,86277.41,98889.405
300129.SZ,20240806,6.78,7.1,6.75,6.96,140276.66,97287.071
300756.SZ,20240806,12.53,12.9,12.53,12.8,11168.0,14238.384
002182.SZ,20240806,9.8,9.89,9.68,9.77,102693.12,100491.76
000550.SZ,20240806,25.38,25.65,24.27,24.72,423479.83,1048472.223
300987.SZ,20240806,12.02,12.2,11.99,12.19,13784.6,16686.692
002369.SZ,20240806,3.31,3.35,3.27,3.34,91417.0,30278.699
600615.SH,20240806,9.99,10.25,9.76,9.92,51544.0,51219.044
600327.SH,20240806,3.4,3.48,3.39,3.48,86705.12,29861.336
603566.SH,20240806,12.47,12.7,12.35,12.68,29542.18,37087.713
600807.SH,20240806,2.73,2.77,2.73,2.77,42714.0,11738.88
601388.SH,20240806,2.2,2.23,2.18,2.21,209289.0,45986.967
600503.SH,20240806,1.76,1.8,1.75,1.79,120197.0,21306.145
688020.SH,20240806,30.95,30.96,29.66,30.71,10830.69,32854.788
002866.SZ,20240806,11.01,11.27,11.0,11.19,30128.0,33547.007
002891.SZ,20240806,18.88,19.14,18.75,19.04,18145.58,34413.475
600483.SH,20240806,10.13,10.24,9.92,9.98,119104.64,119381.103
300308.SZ,20240806,114.9,117.24,112.92,114.48,333817.85,3824830.262
600720.SH,20240806,9.05,9.15,8.92,9.04,52459.27,47323.649
600199.SH,20240806,12.04,12.2,11.97,12.18,90041.09,108882.277
688019.SH,20240806,107.0,108.54,105.22,108.0,14018.79,150016.691
002634.SZ,20240806,3.38,3.69,3.38,3.59,215208.71,77117.237
002909.SZ,20240806,3.83,3.88,3.79,3.86,59659.7,22897.785
000885.SZ,20240806,11.45,11.54,11.36,11.47,16796.5,19212.002
002996.SZ,20240806,5.41,5.53,5.4,5.49,43595.6,23801.956
600010.SH,20240806,1.46,1.47,1.44,1.46,1243057.23,180600.393
000060.SZ,20240806,4.1,4.14,4.07,4.11,262083.84,107596.041
002703.SZ,20240806,11.47,11.6,11.12,11.3,225855.24,254732.496
600128.SH,20240806,6.51,6.6,6.49,6.57,25212.0,16498.513
600388.SH,20240806,11.43,11.54,11.36,11.5,21604.5,24745.71
300496.SZ,20240806,42.18,42.34,41.18,42.16,98218.98,409936.001
600354.SH,20240806,4.9,4.99,4.76,4.8,118362.48,57185.535
601678.SH,20240806,3.5,3.54,3.5,3.53,100452.17,35340.709
002785.SZ,20240806,28.0,29.7,28.0,28.7,121065.02,347636.52
688519.SH,20240806,18.49,19.08,18.26,19.08,20589.14,38630.433
002778.SZ,20240806,9.51,10.23,9.3,10.23,32850.06,32315.309
300636.SZ,20240806,8.78,8.8,8.55,8.76,21317.5,18538.827
300087.SZ,20240806,6.46,6.54,6.25,6.3,172060.99,109693.643
300258.SZ,20240806,7.68,7.77,7.59,7.71,35831.0,27508.576
300045.SZ,20240806,17.55,17.85,17.25,17.59,240432.27,420684.994
603949.SH,20240806,10.37,10.49,10.18,10.45,11103.0,11491.96
002529.SZ,20240806,4.81,5.28,4.81,5.28,31355.16,16445.72
002402.SZ,20240806,9.67,9.73,9.55,9.7,103005.57,99167.699
300201.SZ,20240806,3.26,3.31,3.16,3.23,181143.67,58097.972
000042.SZ,20240806,3.87,3.96,3.84,3.96,117028.0,45698.997
601665.SH,20240806,4.55,4.6,4.5,4.56,203860.35,92547.061
688629.SH,20240806,26.36,26.57,25.2,25.99,55320.18,143372.9
002605.SZ,20240806,18.2,18.99,18.2,18.84,157297.41,293150.51
002758.SZ,20240806,7.73,7.87,7.7,7.76,21700.0,16805.055
001317.SZ,20240806,25.88,27.0,25.48,26.73,53818.31,141467.755
002285.SZ,20240806,1.62,1.76,1.6,1.76,704510.13,119035.551
603138.SH,20240806,9.95,10.1,9.92,10.05,24250.71,24292.237
605338.SH,20240806,13.62,13.64,13.39,13.61,14844.0,20075.575
603312.SH,20240806,27.3,28.38,27.27,27.94,37573.48,104860.055
601728.SH,20240806,5.97,6.02,5.86,5.96,900576.78,533183.088
000554.SZ,20240806,5.17,5.21,5.14,5.21,51636.0,26724.585
300665.SZ,20240806,5.04,5.14,5.03,5.14,38682.69,19641.167
300759.SZ,20240806,21.99,22.46,21.82,22.28,169512.51,375886.581
600075.SH,20240806,3.74,3.81,3.73,3.78,57506.6,21726.239
000027.SZ,20240806,6.61,6.65,6.54,6.6,146942.88,96869.624
003023.SZ,20240806,15.36,15.58,15.31,15.5,11825.0,18228.433
688535.SH,20240806,60.19,60.2,57.85,58.98,9956.19,58580.59
301489.SZ,20240806,57.74,59.03,56.85,57.97,7459.48,42978.506
688071.SH,20240806,17.96,18.48,17.9,18.28,9113.16,16576.837
600331.SH,20240806,5.44,5.53,5.35,5.43,176881.55,95718.403
605377.SH,20240806,12.08,12.24,12.05,12.19,14067.04,17077.155
688066.SH,20240806,16.32,17.07,15.9,16.43,138932.26,228623.212
301208.SZ,20240806,25.66,25.72,24.65,25.17,25989.8,65331.332
688355.SH,20240806,11.89,12.16,11.89,12.04,5739.14,6890.715
688595.SH,20240806,25.63,26.03,25.12,25.7,17898.66,45714.673
002945.SZ,20240806,10.54,10.71,10.24,10.35,121276.07,126014.195
600688.SH,20240806,2.72,2.73,2.7,2.73,170777.0,46391.273
300143.SZ,20240806,7.61,7.73,7.56,7.7,32143.0,24626.309
300631.SZ,20240806,16.48,16.88,16.48,16.78,14099.0,23569.884
300497.SZ,20240806,8.69,8.87,8.6,8.87,56721.0,49691.261
600976.SH,20240806,47.31,50.48,47.31,50.25,34684.73,171356.397
300279.SZ,20240806,4.16,4.2,4.09,4.19,101677.01,42153.455
002650.SZ,20240806,1.8,1.82,1.78,1.81,46262.0,8339.925
000158.SZ,20240806,5.99,6.03,5.87,5.97,223812.53,132801.582
600448.SH,20240806,1.97,2.0,1.97,2.0,81056.0,16106.35
301168.SZ,20240806,27.04,28.37,27.01,27.79,44431.65,123720.039
600630.SH,20240806,8.0,8.1,7.88,8.09,161723.0,129580.103
300339.SZ,20240806,19.59,19.72,19.28,19.52,130578.99,254064.216
002823.SZ,20240806,12.92,13.06,12.52,13.04,199122.83,255947.501
603959.SH,20240806,1.7,1.71,1.62,1.71,119052.84,19840.431
300283.SZ,20240806,4.56,4.68,4.52,4.59,93510.0,42747.547
301408.SZ,20240806,11.28,11.98,11.2,11.69,111450.43,129374.912
000017.SZ,20240806,6.0,6.25,5.91,6.16,297411.95,180807.28
000721.SZ,20240806,7.01,7.35,7.01,7.35,235121.99,169722.194
002616.SZ,20240806,4.25,4.3,4.2,4.28,65222.7,27736.243
688606.SH,20240806,53.28,53.48,51.92,52.42,3711.76,19511.485
600771.SH,20240806,18.25,18.6,18.14,18.52,46370.1,85265.572
300012.SZ,20240806,11.69,11.82,11.58,11.7,143428.76,167745.165
603311.SH,20240806,8.39,8.45,8.34,8.43,11554.0,9704.115
301015.SZ,20240806,23.5,23.51,23.0,23.39,21414.04,49716.873
600919.SH,20240806,7.58,7.62,7.43,7.48,932994.48,699240.676
603328.SH,20240806,7.0,7.05,6.82,6.9,246653.76,170166.126
300847.SZ,20240806,13.98,14.35,13.88,14.28,44467.0,62870.138
300317.SZ,20240806,3.44,3.5,3.43,3.49,118417.15,41059.555
600271.SH,20240806,8.06,8.3,8.0,8.2,178947.15,146025.066
603290.SH,20240806,88.9,88.99,85.68,86.47,41064.11,356782.825
603115.SH,20240806,9.86,10.03,9.84,9.98,7930.0,7891.325
600593.SH,20240806,17.39,17.93,17.38,17.9,48773.88,86250.589
300702.SZ,20240806,16.38,16.68,15.8,16.5,16372.0,26868.699
301526.SZ,20240806,3.28,3.32,3.27,3.31,137120.65,45185.425
688787.SH,20240806,45.42,46.46,44.54,44.86,14315.74,64943.186
301179.SZ,20240806,15.52,15.88,15.52,15.88,21428.48,33603.937
002790.SZ,20240806,7.6,7.76,7.58,7.75,37689.52,29004.916
601288.SH,20240806,4.63,4.65,4.54,4.57,3567590.89,1633599.566
300426.SZ,20240806,6.78,7.0,6.78,7.0,68588.88,47450.023
301152.SZ,20240806,25.04,25.43,24.18,24.76,20834.0,51566.1
300417.SZ,20240806,7.59,7.72,7.53,7.65,25399.0,19337.618
688553.SH,20240806,11.64,11.85,11.52,11.85,20913.49,24476.359
600578.SH,20240806,3.23,3.27,3.21,3.26,195014.79,63255.054
600150.SH,20240806,39.8,40.18,39.01,39.59,377390.82,1489910.468
600119.SH,20240806,6.55,6.64,6.38,6.5,155708.0,100847.518
300780.SZ,20240806,14.11,14.48,13.93,14.32,96008.05,136477.114
601799.SH,20240806,119.29,121.11,117.61,121.0,6059.33,72376.128
002153.SZ,20240806,5.34,5.43,5.33,5.42,94022.69,50533.857
600389.SH,20240806,12.33,12.6,12.33,12.49,35543.16,44317.09
600595.SH,20240806,2.38,2.41,2.35,2.38,325675.62,77112.019
300592.SZ,20240806,10.81,11.04,10.71,10.96,48104.8,52420.467
600835.SH,20240806,11.38,11.57,11.36,11.47,74914.0,85711.488
300290.SZ,20240806,9.25,9.39,9.05,9.23,300549.57,275676.1
002852.SZ,20240806,6.85,6.93,6.81,6.93,45851.02,31502.37
000968.SZ,20240806,5.89,5.94,5.86,5.92,48753.84,28744.084
301171.SZ,20240806,13.2,13.33,13.08,13.3,70848.09,93574.418
002787.SZ,20240806,6.48,6.56,6.45,6.56,27839.66,18102.81
002126.SZ,20240806,15.35,15.89,15.35,15.64,141626.15,221723.96
688669.SH,20240806,10.0,10.29,9.97,10.2,6072.88,6136.672
000928.SZ,20240806,5.62,5.69,5.58,5.64,115403.89,64928.779
002530.SZ,20240806,6.82,6.91,6.7,6.77,75369.2,51001.851
603196.SH,20240806,6.71,6.94,6.67,6.94,46982.0,32026.126
000001.SZ,20240806,10.07,10.12,9.89,9.93,1265536.91,1261997.757
301337.SZ,20240806,26.65,26.68,26.03,26.53,23418.81,61534.669
300488.SZ,20240806,19.45,19.85,19.45,19.75,5845.0,11489.267
003006.SZ,20240806,20.51,21.29,20.45,20.98,26143.8,54479.163
600207.SH,20240806,3.72,3.9,3.71,3.84,232640.0,88911.004
000509.SZ,20240806,2.4,2.44,2.38,2.43,49564.0,11947.848
002363.SZ,20240806,5.62,5.7,5.58,5.67,34231.0,19312.174
603318.SH,20240806,5.76,5.8,5.72,5.8,31047.85,17896.698
002725.SZ,20240806,8.09,8.14,7.97,8.07,27948.0,22443.544
605158.SH,20240806,6.24,6.47,6.2,6.46,50891.78,32348.191
688053.SH,20240806,20.99,21.49,20.82,21.37,13867.68,29429.065
300035.SZ,20240806,8.15,8.28,8.12,8.27,76219.74,62608.991
002219.SZ,20240806,2.2,2.39,1.97,2.24,2043852.63,434076.398
688035.SH,20240806,27.4,27.57,26.9,27.33,11436.51,31132.455
300813.SZ,20240806,16.53,17.3,16.4,17.25,24815.35,41973.411
002647.SZ,20240806,3.35,3.4,3.34,3.38,100519.0,33813.936
688362.SH,20240806,18.35,18.48,17.93,18.29,36335.35,66104.687
601789.SH,20240806,3.64,3.69,3.62,3.67,110606.18,40488.436
300452.SZ,20240806,11.01,11.22,10.98,11.19,27726.2,30792.662
300490.SZ,20240806,7.14,7.27,7.13,7.21,57245.0,41165.757
600336.SH,20240806,4.8,5.25,4.77,5.25,335430.63,168258.594
603237.SH,20240806,15.1,15.32,15.1,15.3,2876.32,4380.892
002510.SZ,20240806,3.7,3.73,3.65,3.68,134151.02,49346.294
300374.SZ,20240806,14.35,14.57,14.2,14.55,98572.0,141826.329
000546.SZ,20240806,4.07,4.12,4.06,4.11,84565.0,34572.819
300034.SZ,20240806,15.3,15.67,15.2,15.54,142228.84,219852.382
300723.SZ,20240806,15.94,16.44,15.8,16.29,76762.72,124324.858
002979.SZ,20240806,20.59,20.89,20.1,20.51,151716.25,310476.016
000796.SZ,20240806,3.25,3.29,3.19,3.26,72469.49,23497.493
600180.SH,20240806,3.82,3.85,3.79,3.84,34105.0,13026.091
002021.SZ,20240806,1.68,1.7,1.66,1.69,258801.0,43500.543
688385.SH,20240806,30.92,31.2,30.48,30.94,39460.11,121617.129
301219.SZ,20240806,37.78,38.04,37.0,37.63,25252.2,94569.929
603151.SH,20240806,10.02,10.24,10.02,10.2,9871.01,10015.583
002564.SZ,20240806,3.27,3.34,3.27,3.3,61454.1,20291.149
601336.SH,20240806,31.43,31.5,29.96,30.26,176478.41,538956.353
301195.SZ,20240806,27.98,28.18,27.6,28.02,10092.3,28115.89
300645.SZ,20240806,11.28,11.64,11.2,11.53,33002.36,37674.399
300314.SZ,20240806,10.66,10.79,10.55,10.79,36912.88,39443.104
603879.SH,20240806,2.77,2.82,2.71,2.78,93721.0,25924.389
600392.SH,20240806,8.09,8.2,8.06,8.12,106483.27,86498.458
600110.SH,20240806,3.09,3.14,3.07,3.12,148344.61,46075.17
000973.SZ,20240806,3.56,3.61,3.56,3.6,56489.0,20270.216
603023.SH,20240806,1.97,2.01,1.96,1.99,91108.14,18029.365
600416.SH,20240806,10.08,10.27,9.97,10.15,115891.84,117068.484
600883.SH,20240806,5.54,5.68,5.54,5.67,15507.0,8722.363
601137.SH,20240806,13.2,13.41,13.1,13.26,86171.74,114286.24
688662.SH,20240806,22.39,22.5,21.82,22.2,4566.38,10095.35
688339.SH,20240806,20.3,20.38,19.94,20.22,12488.75,25173.237
002460.SZ,20240806,27.39,28.22,27.33,27.88,236741.92,659906.384
603536.SH,20240806,7.63,8.06,7.58,8.03,109149.51,85816.238
600428.SH,20240806,5.67,5.7,5.59,5.64,136567.0,77151.121
300872.SZ,20240806,11.8,11.98,11.68,11.86,42163.7,49739.272
600197.SH,20240806,16.55,16.8,16.55,16.75,33958.18,56554.428
301087.SZ,20240806,31.2,32.05,31.2,31.77,8810.04,27919.332
600712.SH,20240806,3.67,3.77,3.46,3.73,288158.46,105338.551
688767.SH,20240806,24.57,25.19,24.46,25.17,3123.98,7793.519
600604.SH,20240806,3.82,3.88,3.74,3.82,149001.69,56581.616
000576.SZ,20240806,5.81,6.05,5.81,6.01,39971.09,23807.0
300610.SZ,20240806,8.31,8.37,8.22,8.37,13856.0,11509.743
601155.SH,20240806,9.34,9.62,9.27,9.6,203442.49,192285.903
002900.SZ,20240806,8.69,8.98,8.69,8.96,34884.5,30907.774
000061.SZ,20240806,5.18,5.25,5.15,5.25,60701.0,31676.874
301380.SZ,20240806,32.6,32.98,32.02,32.62,7173.0,23248.869
688663.SH,20240806,20.31,20.55,19.96,20.26,16897.68,34204.213
600303.SH,20240806,2.54,2.57,2.53,2.56,63451.1,16190.674
002320.SZ,20240806,5.21,5.26,5.16,5.22,92053.0,47948.048
603360.SH,20240806,11.0,11.15,10.9,11.08,25871.44,28495.818
002212.SZ,20240806,4.56,4.63,4.54,4.61,169930.46,77771.294
600882.SH,20240806,13.74,14.24,13.74,14.13,68461.0,96269.235
600982.SH,20240806,3.53,3.55,3.51,3.55,35544.0,12557.618
603055.SH,20240806,10.59,10.78,10.52,10.7,49128.72,52305.051
603708.SH,20240806,8.3,8.46,8.3,8.45,29034.15,24343.752
300620.SZ,20240806,31.85,32.38,31.49,32.06,32442.89,103273.434
603408.SH,20240806,11.07,11.32,11.06,11.31,18022.0,20217.959
002130.SZ,20240806,15.29,15.45,14.72,15.15,1249822.88,1883383.505
603009.SH,20240806,16.78,17.46,16.6,17.1,173962.75,295109.2
002803.SZ,20240806,10.37,10.68,10.37,10.62,54185.0,57258.915
300786.SZ,20240806,10.29,10.36,10.05,10.26,24502.4,24984.537
603969.SH,20240806,4.28,4.37,4.25,4.29,82726.25,35503.132
600815.SH,20240806,1.94,1.97,1.93,1.97,36925.5,7213.037
301086.SZ,20240806,37.78,38.0,36.8,37.93,14215.5,53205.49
301150.SZ,20240806,17.38,17.69,17.19,17.41,13276.89,23083.268
600744.SH,20240806,3.01,3.04,2.98,3.04,187519.0,56609.243
688508.SH,20240806,33.05,33.7,32.44,33.7,22170.61,73192.15
002177.SZ,20240806,3.26,3.3,3.22,3.27,299847.0,97405.246
605299.SH,20240806,7.58,7.87,7.46,7.71,67830.74,51762.459
300688.SZ,20240806,23.86,25.4,23.62,24.95,98496.71,242357.355
603686.SH,20240806,9.28,9.38,8.79,9.12,218404.38,196754.588
000400.SZ,20240806,29.9,30.02,29.08,29.53,111535.0,327769.089
600838.SH,20240806,5.99,6.06,5.93,6.05,73503.0,44055.663
002049.SZ,20240806,50.57,50.99,50.0,50.96,116946.4,591385.898
603958.SH,20240806,8.35,8.46,8.16,8.33,64960.6,53774.376
002184.SZ,20240806,8.23,8.42,8.23,8.36,32662.94,27229.329
688004.SH,20240806,10.05,10.35,10.05,10.23,7099.23,7213.857
603278.SH,20240806,8.72,8.72,7.14,7.14,597693.55,465817.668
688507.SH,20240806,45.52,46.99,45.46,46.67,6065.12,27998.699
600637.SH,20240806,6.35,6.38,6.28,6.35,159298.34,100731.445
002905.SZ,20240806,6.39,6.85,6.3,6.75,183281.77,120859.003
688008.SH,20240806,54.4,54.64,52.6,53.17,190137.91,1013559.265
002330.SZ,20240806,3.85,3.91,3.83,3.91,66075.31,25670.573
300077.SZ,20240806,10.45,10.6,10.09,10.36,262747.32,269900.646
600131.SH,20240806,16.8,17.38,16.8,17.34,110197.65,189054.344
301287.SZ,20240806,25.36,25.63,25.11,25.48,7758.0,19647.683
300879.SZ,20240806,13.03,13.22,12.91,13.18,21223.55,27694.974
000899.SZ,20240806,8.1,8.22,8.05,8.19,104736.72,85351.119
603190.SH,20240806,21.06,21.22,20.74,21.05,10513.0,22011.977
603215.SH,20240806,12.52,12.77,12.52,12.72,11202.0,14179.592
603099.SH,20240806,22.0,22.98,22.0,22.89,129976.16,292094.173
601866.SH,20240806,2.42,2.46,2.41,2.43,327609.24,79674.82
301181.SZ,20240806,18.99,19.34,18.91,19.3,7519.1,14333.388
300272.SZ,20240806,4.87,5.06,4.82,5.0,149856.62,74027.15
300878.SZ,20240806,15.22,16.15,14.95,15.99,51853.81,81234.001
300154.SZ,20240806,5.17,5.27,5.16,5.26,30814.0,16074.842
300344.SZ,20240806,3.08,3.13,3.07,3.13,70680.4,21929.203
001230.SZ,20240806,14.82,14.99,14.68,14.93,11689.74,17382.094
300171.SZ,20240806,11.37,11.63,11.32,11.61,51705.76,59428.971
603683.SH,20240806,7.4,7.5,7.39,7.46,25207.68,18748.872
000803.SZ,20240806,3.28,3.36,3.28,3.36,38075.72,12660.532
000062.SZ,20240806,8.55,8.62,8.46,8.59,35464.96,30271.588
688522.SH,20240806,45.0,45.8,44.56,45.2,20049.12,90529.925
603599.SH,20240806,10.8,10.96,10.7,10.86,51734.71,56094.76
301132.SZ,20240806,24.19,24.45,23.61,24.09,46432.83,111163.735
603885.SH,20240806,12.19,12.45,11.85,12.04,300872.13,365882.44
300323.SZ,20240806,4.05,4.13,4.02,4.08,80689.56,32722.304
300829.SZ,20240806,13.65,13.93,13.6,13.93,14606.9,20090.772
002172.SZ,20240806,2.5,2.55,2.48,2.54,102369.0,25822.309
688033.SH,20240806,5.59,5.7,5.54,5.63,127418.17,71708.535
002541.SZ,20240806,13.73,13.95,13.6,13.76,34380.77,47289.641
002546.SZ,20240806,3.1,3.13,3.07,3.12,73783.03,22865.768
688038.SH,20240806,8.9,9.03,8.63,8.75,12811.18,11185.72
605009.SH,20240806,36.77,37.18,36.38,36.96,4192.59,15418.846
300120.SZ,20240806,5.3,5.38,5.25,5.35,302272.64,160792.356
000582.SZ,20240806,7.72,7.78,7.6,7.69,87236.95,67059.0
301511.SZ,20240806,13.4,13.57,13.21,13.4,28691.59,38280.228
002035.SZ,20240806,6.41,6.5,6.3,6.43,188269.65,120417.599
000950.SZ,20240806,4.77,4.85,4.77,4.83,89822.87,43200.86
600728.SH,20240806,3.79,3.83,3.74,3.79,136215.0,51481.86
601888.SH,20240806,67.2,68.35,66.48,68.04,205514.58,1385243.418
003012.SZ,20240806,5.75,5.86,5.75,5.84,28419.0,16500.02
002590.SZ,20240806,13.0,13.11,12.57,12.71,150187.61,191430.79
300487.SZ,20240806,38.55,38.88,37.9,38.47,13998.5,53671.174
002199.SZ,20240806,5.38,5.52,5.38,5.5,90645.6,49476.261
603042.SH,20240806,9.15,9.33,9.08,9.26,53421.0,49112.831
600969.SH,20240806,5.24,5.33,5.24,5.32,48118.6,25406.392
000848.SZ,20240806,7.86,7.97,7.83,7.97,76131.76,60245.016
002938.SZ,20240806,35.48,35.48,34.26,34.99,207500.19,722453.911
300459.SZ,20240806,3.5,3.6,3.49,3.54,1144998.63,405565.303
600367.SH,20240806,9.58,9.75,9.58,9.69,30511.01,29492.083
001282.SZ,20240806,17.79,18.11,17.67,17.99,9719.69,17373.823
000965.SZ,20240806,2.6,2.65,2.58,2.64,139023.6,36344.925
603596.SH,20240806,38.2,38.47,36.73,37.3,70076.56,261139.496
000517.SZ,20240806,2.67,2.69,2.65,2.69,166212.0,44444.573
300128.SZ,20240806,3.15,3.3,3.14,3.21,318811.5,102542.449
600711.SH,20240806,3.88,3.9,3.88,3.88,2703003.0,1049084.083
301525.SZ,20240806,50.38,51.1,50.01,50.57,4723.47,23843.995
301201.SZ,20240806,18.97,19.75,18.97,19.69,29665.2,57665.124
000523.SZ,20240806,2.61,2.67,2.61,2.65,63940.0,16820.769
002195.SZ,20240806,2.39,2.43,2.36,2.41,485669.86,116156.181
300351.SZ,20240806,14.21,14.42,14.07,14.33,71791.55,102226.706
300991.SZ,20240806,16.12,16.25,15.88,16.2,58591.6,94071.963
603551.SH,20240806,9.76,9.98,9.72,9.98,11753.0,11601.347
000669.SZ,20240806,1.32,1.36,1.32,1.36,42404.0,5659.809
603577.SH,20240806,6.6,6.76,6.6,6.76,35833.6,23978.3
603788.SH,20240806,11.4,11.53,11.31,11.47,11897.0,13589.715
600735.SH,20240806,3.73,3.79,3.67,3.75,69506.02,25858.127
600352.SH,20240806,8.74,8.84,8.73,8.79,70175.0,61644.022
002657.SZ,20240806,10.97,11.1,10.92,11.08,47235.19,51991.356
600714.SH,20240806,7.13,7.26,7.11,7.22,18261.54,13116.388
603331.SH,20240806,8.73,8.86,8.67,8.83,21164.0,18579.708
002392.SZ,20240806,3.05,3.08,3.03,3.07,60063.0,18360.873
603533.SH,20240806,16.77,17.16,16.72,17.11,87337.0,148383.568
300605.SZ,20240806,10.06,10.34,9.64,10.07,84586.34,84163.937
600203.SH,20240806,5.7,5.81,5.62,5.71,137814.0,78469.281
605011.SH,20240806,20.95,21.5,20.95,21.45,52349.0,111490.453
605389.SH,20240806,19.4,19.65,19.28,19.53,10086.2,19631.55
300906.SZ,20240806,20.1,20.6,20.07,20.6,11395.0,23170.995
002656.SZ,20240806,1.27,1.35,1.27,1.35,52877.0,7104.022
001212.SZ,20240806,22.08,22.85,21.62,22.2,60752.53,134019.599
002687.SZ,20240806,4.06,4.09,4.04,4.08,24207.24,9843.277
688551.SH,20240806,27.87,28.5,27.81,28.41,4855.57,13697.65
300443.SZ,20240806,16.05,16.93,16.05,16.45,105698.39,173703.445
002263.SZ,20240806,2.0,2.03,1.97,1.99,80529.0,16118.353
002836.SZ,20240806,5.92,5.99,5.89,5.99,23870.48,14171.659
603032.SH,20240806,13.87,14.3,13.6,13.87,133444.59,185063.164
300448.SZ,20240806,4.6,4.86,4.39,4.68,502394.73,233994.091
001205.SZ,20240806,15.14,15.3,15.11,15.3,6306.0,9592.484
002096.SZ,20240806,10.83,11.19,10.72,11.0,88868.03,97703.902
603031.SH,20240806,24.72,25.25,24.66,25.07,14333.45,35664.007
000039.SZ,20240806,7.46,7.54,7.28,7.42,236630.68,175208.615
301234.SZ,20240806,21.81,22.68,21.81,22.65,10921.0,24385.556
688380.SH,20240806,16.24,16.38,15.94,16.26,27031.37,43643.6
000070.SZ,20240806,4.26,4.33,4.26,4.32,125191.2,53806.043
600961.SH,20240806,7.82,7.87,7.59,7.72,136363.0,104952.765
002518.SZ,20240806,16.98,17.55,16.97,17.55,87568.02,152330.604
001313.SZ,20240806,6.68,6.77,6.63,6.76,17672.0,11876.524
002775.SZ,20240806,2.12,2.22,2.08,2.2,234359.52,51008.694
002818.SZ,20240806,11.31,11.39,11.23,11.34,15775.15,17832.853
002555.SZ,20240806,13.34,14.11,13.34,13.98,1120943.04,1543012.31
000019.SZ,20240806,5.94,6.01,5.92,6.01,31124.4,18580.646
300817.SZ,20240806,9.5,9.66,9.36,9.6,40189.82,38354.502
600725.SH,20240806,2.49,2.49,2.49,2.49,51232.0,12756.768
601997.SH,20240806,5.16,5.18,5.11,5.14,231563.39,118986.095
603359.SH,20240806,3.57,3.61,3.55,3.59,43312.96,15521.786
600007.SH,20240806,21.22,21.49,20.96,21.31,14622.0,30974.156
300647.SZ,20240806,4.47,4.49,4.35,4.42,152160.0,66971.251
605188.SH,20240806,6.44,6.85,6.44,6.81,196909.0,129346.618
605255.SH,20240806,11.81,11.98,11.64,11.83,11871.0,13968.786
300080.SZ,20240806,2.84,2.92,2.82,2.91,140359.0,40580.579
002517.SZ,20240806,9.41,9.78,9.4,9.66,864047.37,829367.387
300967.SZ,20240806,10.42,10.66,10.31,10.49,55920.46,58402.451
688513.SH,20240806,32.18,33.85,31.88,33.41,9452.79,31367.583
605178.SH,20240806,13.3,13.88,12.8,13.52,68355.24,91039.517
300831.SZ,20240806,10.33,10.62,10.2,10.41,33395.0,34507.792
600546.SH,20240806,12.42,12.93,12.37,12.85,244480.1,310940.985
002150.SZ,20240806,13.1,13.64,13.09,13.4,44422.13,59512.474
688648.SH,20240806,21.98,22.5,21.65,22.17,18919.79,41833.435
300778.SZ,20240806,10.48,10.83,10.26,10.45,88141.54,92398.105
300246.SZ,20240806,6.06,6.19,5.95,6.18,50381.0,30780.408
002639.SZ,20240806,5.13,5.22,5.12,5.19,58445.0,30186.164
301285.SZ,20240806,21.6,21.81,21.08,21.46,13647.84,29175.375
688021.SH,20240806,8.52,8.52,8.26,8.44,10731.59,8963.298
601061.SH,20240806,6.8,6.86,6.74,6.82,65113.99,44279.138
603232.SH,20240806,10.03,10.29,9.87,10.1,61242.0,61347.925
688598.SH,20240806,16.31,17.05,16.31,16.79,65188.65,109200.772
600999.SH,20240806,14.78,14.84,14.55,14.68,158163.36,231794.52
600577.SH,20240806,4.31,4.59,4.24,4.44,909064.83,399053.988
603218.SH,20240806,10.02,10.24,10.02,10.17,66365.05,67406.027
300058.SZ,20240806,5.25,5.33,5.21,5.28,284357.95,149878.758
601163.SH,20240806,14.91,15.1,14.72,14.95,51474.0,76729.825
600173.SH,20240806,3.81,3.87,3.77,3.87,36024.0,13787.089
000626.SZ,20240806,4.09,4.35,4.09,4.22,198469.61,84402.476
300666.SZ,20240806,50.8,51.0,49.8,50.46,42269.63,212551.101
603602.SH,20240806,13.42,13.58,13.01,13.45,78362.71,104046.963
301060.SZ,20240806,8.02,8.28,7.98,8.28,44354.0,36197.637
002185.SZ,20240806,8.23,8.32,7.87,7.97,654827.69,523787.86
002012.SZ,20240806,3.1,3.17,3.1,3.17,63938.01,20113.386
600722.SH,20240806,3.73,3.77,3.7,3.76,31998.11,11951.152
300547.SZ,20240806,14.1,14.28,13.88,14.1,23007.6,32331.234
000903.SZ,20240806,1.81,1.83,1.8,1.82,176097.04,31943.961
603213.SH,20240806,7.25,7.38,7.25,7.37,10928.0,7991.771
002115.SZ,20240806,4.48,4.51,4.39,4.49,205753.2,91560.006
301043.SZ,20240806,22.86,23.42,22.86,23.37,4437.0,10271.172
600339.SH,20240806,3.17,3.2,3.13,3.16,229896.11,72783.023
000544.SZ,20240806,7.25,7.3,7.19,7.28,46997.65,34097.781
300972.SZ,20240806,20.55,20.78,20.31,20.66,23640.0,48527.966
002362.SZ,20240806,15.24,15.37,15.0,15.36,44009.31,66725.012
603219.SH,20240806,14.02,14.18,13.77,13.91,35111.4,49010.028
603110.SH,20240806,9.74,10.14,9.74,10.09,55132.58,54928.589
002753.SZ,20240806,5.67,5.74,5.66,5.72,26679.37,15192.532
300276.SZ,20240806,3.39,3.44,3.37,3.42,130072.12,44251.094
300863.SZ,20240806,36.22,36.46,35.6,36.34,9232.5,33292.341
300335.SZ,20240806,3.85,3.92,3.82,3.92,68659.65,26604.703
002575.SZ,20240806,4.26,4.33,4.21,4.3,51326.0,21965.807
002838.SZ,20240806,8.52,8.76,8.52,8.75,24363.85,21158.534
000428.SZ,20240806,2.91,3.09,2.9,3.06,231199.22,69136.178
688386.SH,20240806,25.34,25.79,25.23,25.5,3129.62,7959.808
603903.SH,20240806,5.97,6.05,5.93,6.05,28075.75,16841.883
605122.SH,20240806,9.42,9.51,9.3,9.48,5975.6,5628.714
601869.SH,20240806,22.76,22.93,22.3,22.63,10148.0,22925.689
605305.SH,20240806,22.99,23.68,22.78,23.45,22812.2,53123.519
000690.SZ,20240806,4.6,4.65,4.53,4.58,220190.0,100999.651
601828.SH,20240806,2.5,2.52,2.44,2.47,194257.4,48105.107
603230.SH,20240806,10.95,11.12,10.93,11.12,19682.0,21714.565
300430.SZ,20240806,10.78,11.09,10.78,11.09,124556.0,136306.517
600111.SH,20240806,17.25,17.47,17.17,17.32,147073.66,254267.881
600726.SH,20240806,2.08,2.1,2.05,2.1,138996.98,28929.818
300985.SZ,20240806,15.04,15.19,14.8,14.97,15785.52,23667.228
002098.SZ,20240806,6.72,6.84,6.67,6.77,29084.0,19607.211
000655.SZ,20240806,5.42,5.52,5.41,5.51,31111.41,17014.413
600114.SH,20240806,14.45,14.58,13.97,14.22,247110.87,350830.348
000969.SZ,20240806,8.37,8.51,8.32,8.4,99363.59,83498.406
002912.SZ,20240806,15.69,16.05,15.69,16.04,18824.4,29872.422
000686.SZ,20240806,5.87,6.13,5.85,5.97,365572.48,219002.124
000573.SZ,20240806,2.18,2.23,2.16,2.22,78851.29,17282.918
600193.SH,20240806,3.36,3.42,3.35,3.41,26047.0,8825.817
603273.SH,20240806,17.77,17.91,17.5,17.86,33971.51,60106.841
300815.SZ,20240806,11.88,11.99,11.76,11.9,24649.12,29261.108
002067.SZ,20240806,2.77,2.88,2.77,2.81,205325.0,57913.065
002272.SZ,20240806,4.57,4.67,4.55,4.64,108639.2,50031.993
600850.SH,20240806,16.96,17.05,16.67,16.92,30835.16,51992.289
002860.SZ,20240806,7.73,7.98,7.73,7.9,27392.96,21601.696
600558.SH,20240806,3.57,3.62,3.51,3.57,98946.0,35287.455
600851.SH,20240806,5.05,5.47,4.9,5.47,225363.82,119075.641
300564.SZ,20240806,8.11,8.32,8.11,8.29,8164.13,6724.984
600519.SH,20240806,1422.0,1424.0,1394.01,1404.7,27444.33,3860735.014
301119.SZ,20240806,17.91,18.22,17.73,18.12,10627.9,19092.715
600559.SH,20240806,17.54,18.14,17.38,17.85,270478.34,480468.551
300073.SZ,20240806,29.8,30.3,29.58,29.98,85345.58,255663.79
601333.SH,20240806,3.6,3.63,3.54,3.57,408303.94,145885.163
300002.SZ,20240806,8.25,8.66,8.25,8.5,929267.8,789478.963
300218.SZ,20240806,14.51,14.59,14.19,14.37,30355.0,43528.45
603838.SH,20240806,4.33,4.41,4.27,4.4,32816.0,14279.67
601019.SH,20240806,11.15,11.18,10.6,10.76,80814.0,87223.328
300360.SZ,20240806,13.9,14.06,13.75,13.9,41732.91,57797.082
002631.SZ,20240806,3.46,3.59,3.46,3.58,42831.0,15116.439
000828.SZ,20240806,10.15,10.22,9.7,9.82,221618.73,218571.544
688789.SH,20240806,57.86,60.43,57.84,59.39,9345.32,55312.88
000415.SZ,20240806,2.78,2.82,2.71,2.74,566259.0,155892.47
002663.SZ,20240806,1.34,1.35,1.32,1.34,104988.41,14021.842
600057.SH,20240806,5.26,5.32,5.22,5.26,185510.74,97598.335
600933.SH,20240806,12.93,13.19,12.88,13.0,49747.06,64561.006
000819.SZ,20240806,15.44,15.44,14.96,15.14,22284.15,33811.597
300425.SZ,20240806,4.04,4.07,4.03,4.07,34323.0,13903.843
002091.SZ,20240806,6.48,6.53,6.4,6.46,66606.51,43064.282
001322.SZ,20240806,6.63,6.84,6.63,6.82,39173.0,26462.885
300602.SZ,20240806,13.46,13.57,13.21,13.34,56202.57,75062.58
300608.SZ,20240806,8.69,8.85,8.61,8.77,37026.06,32287.489
002672.SZ,20240806,3.62,3.66,3.61,3.66,26517.0,9638.386
600163.SH,20240806,5.18,5.26,5.15,5.19,62832.0,32689.534
601199.SH,20240806,5.09,5.13,5.07,5.12,46335.0,23625.399
300790.SZ,20240806,12.71,12.95,12.59,12.94,52863.1,67516.398
600116.SH,20240806,6.89,6.95,6.86,6.92,86846.31,60021.103
002160.SZ,20240806,2.98,3.01,2.96,3.0,95016.14,28313.999
301153.SZ,20240806,18.94,19.63,18.62,19.39,70143.77,133906.367
000980.SZ,20240806,2.2,2.22,1.82,1.82,5592619.37,1106853.542
002831.SZ,20240806,22.96,23.21,22.7,22.83,21488.0,49144.61
603167.SH,20240806,7.85,7.89,7.71,7.8,33541.0,26110.521
603528.SH,20240806,6.1,6.17,6.0,6.09,120387.56,72794.683
300093.SZ,20240806,12.3,13.2,12.25,12.88,272222.01,349043.812
300498.SZ,20240806,20.27,20.41,19.95,20.19,289968.38,584262.118
600547.SH,20240806,29.32,29.58,28.62,29.02,252291.03,732988.217
000703.SZ,20240806,6.33,6.38,6.25,6.37,162759.3,102812.567
600200.SH,20240806,8.9,9.0,8.73,8.92,165072.01,146646.008
300839.SZ,20240806,5.57,5.7,5.49,5.58,19411.0,10807.274
000953.SZ,20240806,4.87,4.87,4.05,4.87,1134164.91,539803.855
301552.SZ,20240806,49.28,49.6,48.67,49.42,27119.19,133203.303
301189.SZ,20240806,20.29,20.6,20.14,20.41,7944.83,16118.159
002390.SZ,20240806,3.36,3.43,3.34,3.43,177024.39,60172.543
603912.SH,20240806,6.04,6.1,5.82,5.95,138082.36,82023.015
600185.SH,20240806,5.06,5.1,4.96,5.04,191608.0,96159.025
002336.SZ,20240806,2.78,2.96,2.78,2.96,62513.2,18014.313
002234.SZ,20240806,8.55,8.59,8.45,8.57,22047.69,18760.234
601236.SH,20240806,6.9,6.96,6.71,6.8,249029.22,169309.612
000599.SZ,20240806,3.42,3.48,3.38,3.43,47951.0,16388.463
600860.SH,20240806,8.21,8.3,8.13,8.27,30472.0,25007.443
300068.SZ,20240806,8.24,8.39,8.17,8.28,133142.27,110076.478
003020.SZ,20240806,17.95,18.48,17.77,18.45,16485.27,30142.426
301276.SZ,20240806,19.38,19.6,19.34,19.43,1894.0,3683.328
600232.SH,20240806,4.42,4.53,4.4,4.52,33482.0,14974.815
301035.SZ,20240806,39.14,40.67,39.01,40.16,13448.0,53819.48
001319.SZ,20240806,14.9,15.13,14.72,14.84,13410.44,19915.599
300712.SZ,20240806,19.79,20.37,19.79,20.34,12871.0,25965.987
000628.SZ,20240806,40.86,41.13,39.87,41.04,148400.0,601349.669
688367.SH,20240806,12.0,12.08,11.76,11.91,6156.88,7339.271
601577.SH,20240806,7.48,7.54,7.33,7.42,196136.74,145405.877
000922.SZ,20240806,11.9,12.03,11.72,11.94,60012.88,71388.932
600202.SH,20240806,3.59,3.66,3.59,3.66,47315.0,17188.237
600683.SH,20240806,3.73,3.77,3.69,3.77,75766.0,28288.447
688610.SH,20240806,28.2,28.79,28.16,28.56,1932.27,5488.183
603617.SH,20240806,5.3,5.39,5.28,5.38,52370.26,27956.774
000560.SZ,20240806,2.77,2.99,2.68,2.99,5309541.29,1521726.239
688559.SH,20240806,31.3,32.05,31.06,31.92,30230.75,95511.691
002166.SZ,20240806,7.0,7.22,7.0,7.2,175191.12,124917.836
600359.SH,20240806,5.92,6.1,5.88,5.93,118803.0,70793.413
002698.SZ,20240806,12.08,12.24,11.89,12.09,91899.84,110684.505
600252.SH,20240806,2.25,2.29,2.25,2.29,239568.0,54404.618
002635.SZ,20240806,13.11,13.25,12.88,13.05,67183.18,87552.464
600908.SH,20240806,5.2,5.21,5.08,5.1,121154.94,62180.709
600036.SH,20240806,32.36,32.39,31.51,31.7,514388.64,1637765.272
301093.SZ,20240806,18.8,19.23,18.8,19.23,8142.74,15522.366
600679.SH,20240806,9.41,9.46,9.2,9.41,73087.0,68281.842
301568.SZ,20240806,27.16,27.37,26.43,27.0,13257.22,35725.043
301413.SZ,20240806,37.68,37.93,37.2,37.6,8654.5,32470.947
603600.SH,20240806,8.95,9.08,8.82,8.96,25455.78,22711.38
300243.SZ,20240806,8.31,8.58,8.25,8.48,81961.3,68780.947
603611.SH,20240806,15.67,15.8,15.55,15.77,21939.0,34406.524
002245.SZ,20240806,8.17,8.3,8.06,8.19,181900.93,148755.039
300685.SZ,20240806,18.73,19.15,18.63,19.03,40940.94,77338.307
002004.SZ,20240806,3.96,4.02,3.95,4.01,87000.67,34743.445
301349.SZ,20240806,24.3,24.82,24.28,24.7,5458.0,13408.535
002960.SZ,20240806,10.95,11.15,10.85,11.03,60035.04,66023.763
301070.SZ,20240806,42.24,43.97,38.86,40.1,31136.0,128078.467
601518.SH,20240806,2.52,2.54,2.49,2.51,106917.91,26865.832
002210.SZ,20240806,1.49,1.55,1.49,1.54,423049.44,64815.291
002701.SZ,20240806,4.23,4.28,4.22,4.27,142466.59,60578.233
600685.SH,20240806,28.1,28.34,27.28,27.85,112543.34,312265.809
688338.SH,20240806,21.87,22.16,21.69,22.13,3046.35,6685.185
300727.SZ,20240806,21.2,21.28,20.78,21.02,15377.4,32261.667
301269.SZ,20240806,79.8,83.67,79.03,80.21,33785.74,272948.231
002296.SZ,20240806,8.35,8.43,8.15,8.33,143291.08,118527.165
603659.SH,20240806,12.5,12.75,12.46,12.71,144301.95,181987.003
300287.SZ,20240806,2.6,2.69,2.48,2.65,1425847.6,364574.673
601368.SH,20240806,4.25,4.29,4.23,4.27,34734.45,14767.06
600378.SH,20240806,28.14,28.64,28.07,28.49,12283.42,34883.874
600516.SH,20240806,4.41,4.46,4.4,4.44,153798.18,68163.388
300224.SZ,20240806,8.64,8.7,8.44,8.55,42690.0,36556.877
688652.SH,20240806,40.77,41.66,40.5,41.1,10091.92,41269.476
002279.SZ,20240806,4.74,4.77,4.65,4.75,196859.87,92777.137
002361.SZ,20240806,3.23,3.35,3.2,3.29,206125.0,67566.045
603569.SH,20240806,6.95,7.04,6.88,7.04,81215.2,56520.431
603011.SH,20240806,5.76,5.97,5.76,5.86,103255.47,60338.666
000589.SZ,20240806,4.72,4.76,4.69,4.74,190792.89,90028.884
688592.SH,20240806,36.29,36.7,35.82,36.19,4303.47,15539.816
002602.SZ,20240806,3.21,3.26,3.18,3.23,786105.97,253137.258
002928.SZ,20240806,6.48,6.69,6.44,6.51,197866.0,129599.961
300925.SZ,20240806,9.5,9.58,9.3,9.54,76546.61,72416.118
002088.SZ,20240806,11.03,11.3,11.0,11.12,16226.09,18038.351
605016.SH,20240806,16.13,16.58,16.13,16.49,8683.55,14240.794
603956.SH,20240806,4.85,4.91,4.8,4.89,23590.0,11462.898
603583.SH,20240806,16.63,16.82,16.4,16.67,52260.42,86755.312
600606.SH,20240806,1.42,1.44,1.41,1.44,625779.39,89174.333
603607.SH,20240806,12.4,12.57,12.33,12.54,40862.0,50818.049
600038.SH,20240806,41.0,42.28,40.97,41.74,58045.08,242341.159
301338.SZ,20240806,30.1,30.85,29.68,30.25,17810.2,53455.03
600619.SH,20240806,5.55,5.55,5.39,5.5,91746.0,50111.654
300978.SZ,20240806,9.88,10.04,9.6,9.82,88589.18,86594.344
601126.SH,20240806,16.86,17.0,16.51,16.73,70025.36,117012.691
603633.SH,20240806,6.96,7.03,6.91,7.01,54269.39,37835.242
300586.SZ,20240806,5.77,5.78,5.64,5.71,40685.3,23140.204
300226.SZ,20240806,16.87,17.1,16.73,17.1,77048.22,130658.117
002873.SZ,20240806,8.5,9.2,8.34,9.2,219115.08,191379.992
600734.SH,20240806,2.8,2.84,2.76,2.84,221333.15,61896.441
300189.SZ,20240806,2.08,2.22,2.01,2.05,850940.78,179165.147
605500.SH,20240806,6.12,6.23,6.12,6.22,11306.94,6986.187
001306.SZ,20240806,53.51,54.9,53.05,54.18,15590.16,84295.695
600490.SH,20240806,2.32,2.35,2.3,2.33,206766.0,48030.389
601218.SH,20240806,2.88,2.99,2.88,2.96,292850.0,85895.293
688478.SH,20240806,26.51,26.93,26.02,26.56,16422.24,43361.364
300753.SZ,20240806,11.04,11.28,10.92,11.26,33431.15,37168.119
600491.SH,20240806,2.63,2.66,2.58,2.62,127173.08,33206.373
688658.SH,20240806,18.04,18.92,18.04,18.88,29315.4,54672.91
603662.SH,20240806,24.28,24.69,23.78,24.39,175115.77,424360.261
600248.SH,20240806,3.57,3.6,3.55,3.59,101901.0,36444.599
600360.SH,20240806,3.71,3.74,3.51,3.64,353485.25,126887.781
688639.SH,20240806,42.53,43.2,41.41,42.37,21191.99,89469.9
000955.SZ,20240806,2.95,2.97,2.91,2.96,40153.0,11806.477
600814.SH,20240806,6.07,6.17,6.05,6.17,80987.0,49588.06
300394.SZ,20240806,87.45,88.18,84.77,85.93,176767.41,1523615.601
300674.SZ,20240806,10.33,10.4,10.12,10.29,65316.0,66963.186
300964.SZ,20240806,34.3,35.09,33.6,35.05,45083.0,155148.363
688023.SH,20240806,28.52,29.0,28.38,28.98,15162.52,43461.872
605138.SH,20240806,4.69,4.78,4.69,4.77,14036.0,6647.119
300917.SZ,20240806,31.46,32.99,31.13,32.83,155207.45,500195.492
600436.SH,20240806,211.05,212.35,209.01,211.28,13644.6,287149.465
300420.SZ,20240806,2.23,2.25,2.21,2.24,97348.1,21657.283
600773.SH,20240806,11.31,11.38,11.18,11.37,47322.57,53366.78
600570.SH,20240806,17.85,17.96,17.48,17.67,144859.9,255899.524
601899.SH,20240806,15.7,15.78,15.16,15.35,1753033.08,2685324.518
603135.SH,20240806,8.99,9.07,8.93,9.07,18723.33,16854.334
300228.SZ,20240806,5.65,5.75,5.61,5.69,126515.0,71721.329
603089.SH,20240806,7.97,8.12,7.92,8.06,17272.0,13811.337
688480.SH,20240806,25.2,25.77,25.14,25.63,4815.6,12254.287
001268.SZ,20240806,15.74,16.02,15.66,16.02,6915.0,10940.663
605196.SH,20240806,8.7,8.76,8.56,8.66,38761.0,33537.687
603275.SH,20240806,29.43,29.5,29.06,29.36,2949.75,8641.055
001256.SZ,20240806,13.51,14.0,13.4,13.75,18504.8,25334.187
301279.SZ,20240806,17.54,17.84,17.34,17.75,19103.0,33462.962
001323.SZ,20240806,28.15,28.88,28.01,28.52,16556.09,47085.885
002985.SZ,20240806,20.79,21.36,20.5,21.16,50932.04,106982.595
605177.SH,20240806,20.13,20.28,19.96,20.28,6238.0,12547.117
301090.SZ,20240806,6.02,6.11,6.02,6.11,60801.0,36915.175
600990.SH,20240806,17.86,18.29,17.49,17.98,88299.15,158261.678
002308.SZ,20240806,0.67,0.67,0.67,0.67,19359.0,1297.053
002345.SZ,20240806,4.32,4.43,4.32,4.4,70733.0,30936.747
601002.SH,20240806,3.22,3.24,3.1,3.15,146329.19,46064.307
001236.SZ,20240806,7.09,7.24,6.96,7.1,116613.55,82157.319
603882.SH,20240806,30.2,31.29,29.99,30.79,125110.34,383210.433
002606.SZ,20240806,7.56,7.68,7.52,7.65,55957.0,42604.965
603689.SH,20240806,8.93,9.01,8.84,9.0,25466.8,22762.71
603081.SH,20240806,9.64,9.71,9.58,9.68,14984.0,14449.807
002695.SZ,20240806,6.28,6.42,6.28,6.41,27643.0,17608.885
301130.SZ,20240806,22.5,23.4,22.5,23.36,4534.0,10491.08
688576.SH,20240806,57.84,58.6,57.84,58.53,2068.78,12051.991
603558.SH,20240806,8.29,8.4,8.14,8.3,69782.0,57596.78
000889.SZ,20240806,1.73,1.81,1.73,1.8,207742.6,36882.505
688696.SH,20240806,63.3,64.4,62.7,64.15,3738.64,23722.848
603168.SH,20240806,6.85,6.97,6.8,6.97,45679.26,31474.66
000625.SZ,20240806,13.4,13.48,13.11,13.29,1437250.18,1899682.252
002114.SZ,20240806,4.4,4.47,4.37,4.44,63991.0,28231.323
002228.SZ,20240806,2.36,2.39,2.35,2.39,48692.8,11544.702
300304.SZ,20240806,5.99,6.06,5.88,5.98,99747.97,59458.761
600099.SH,20240806,6.95,7.27,6.86,7.27,131074.75,93510.765
688085.SH,20240806,17.69,18.48,17.4,18.11,20258.1,36777.891
603166.SH,20240806,4.7,4.74,4.66,4.72,42981.8,20211.461
301233.SZ,20240806,39.55,41.02,39.01,40.55,32898.01,131775.472
600540.SH,20240806,3.55,3.57,3.51,3.55,53977.0,19112.848
300227.SZ,20240806,4.88,4.96,4.83,4.94,86335.8,42317.063
603579.SH,20240806,13.15,13.4,13.13,13.36,20671.6,27474.619
603137.SH,20240806,10.5,10.81,10.48,10.55,10493.35,11088.091
002737.SZ,20240806,22.3,22.69,22.24,22.67,28677.88,64532.846
688517.SH,20240806,12.15,12.48,12.15,12.41,15167.41,18747.677
002549.SZ,20240806,5.25,5.3,5.17,5.26,101994.1,53346.527
600586.SH,20240806,5.63,5.73,5.63,5.7,88040.0,50024.687
601111.SH,20240806,7.4,7.52,7.35,7.41,618667.52,459961.919
301122.SZ,20240806,18.05,18.45,17.9,18.44,14456.51,26299.575
688700.SH,20240806,23.65,24.26,23.3,24.01,20658.97,49147.566
600137.SH,20240806,11.53,11.8,11.5,11.71,10031.0,11658.995
000701.SZ,20240806,3.85,3.89,3.78,3.88,162013.0,62015.866
601619.SH,20240806,3.0,3.03,2.98,3.02,92433.0,27800.107
603113.SH,20240806,4.93,5.01,4.91,5.01,55462.0,27513.621
688582.SH,20240806,30.0,32.3,29.7,32.21,70302.82,219082.334
600527.SH,20240806,1.41,1.42,1.4,1.42,66407.3,9372.908
301567.SZ,20240806,40.39,40.94,39.8,40.55,12680.0,51081.102
002972.SZ,20240806,9.89,10.23,9.48,10.08,114579.63,112753.494
001217.SZ,20240806,9.19,9.35,9.18,9.34,31047.0,28791.745
301099.SZ,20240806,38.02,38.97,35.68,36.65,55461.0,205557.609
002863.SZ,20240806,3.73,3.78,3.71,3.75,79102.0,29621.037
002206.SZ,20240806,3.64,3.68,3.62,3.67,79671.71,29078.554
603330.SH,20240806,4.68,4.8,4.63,4.79,73149.0,34797.125
603429.SH,20240806,3.88,3.97,3.87,3.96,64295.4,25119.974
300121.SZ,20240806,7.55,7.67,7.47,7.53,26905.0,20276.267
605166.SH,20240806,9.41,9.65,9.41,9.53,21725.0,20697.512
000567.SZ,20240806,5.34,5.47,5.27,5.37,131353.68,70409.505
002849.SZ,20240806,9.93,10.09,9.9,10.08,18778.8,18771.046
002943.SZ,20240806,18.12,18.72,18.12,18.56,36660.54,67766.38
301291.SZ,20240806,31.1,31.67,30.52,31.18,25191.37,78353.421
002956.SZ,20240806,13.26,13.43,13.12,13.3,21902.24,29014.602
605006.SH,20240806,4.28,4.28,4.21,4.25,8301.6,3518.328
300022.SZ,20240806,3.7,3.78,3.67,3.77,83021.0,31014.205
300852.SZ,20240806,22.05,22.33,21.94,22.19,15415.16,34072.277
002101.SZ,20240806,10.13,10.31,10.05,10.28,62588.74,63683.244
002444.SZ,20240806,23.3,23.71,23.01,23.31,61499.29,142936.911
002796.SZ,20240806,8.02,8.17,7.94,8.12,83362.0,67169.479
600738.SH,20240806,3.75,3.81,3.7,3.8,154767.07,58400.794
600763.SH,20240806,46.15,46.95,45.68,46.94,126842.2,588697.616
002302.SZ,20240806,5.13,5.19,5.11,5.17,58159.0,29983.089
600012.SH,20240806,15.66,15.73,14.35,14.66,152338.01,225821.533
301260.SZ,20240806,12.58,12.71,12.49,12.64,21161.02,26651.217
301172.SZ,20240806,25.3,25.74,25.13,25.43,11959.68,30303.06
301519.SZ,20240806,12.8,13.08,12.8,13.04,20252.38,26229.002
601099.SH,20240806,3.29,3.32,3.21,3.26,2265511.92,735697.719
300860.SZ,20240806,20.81,21.39,20.7,21.39,32364.34,68247.344
300206.SZ,20240806,8.26,8.46,8.26,8.45,30041.0,25187.608
603778.SH,20240806,2.78,3.11,2.78,3.11,439195.07,134632.69
002547.SZ,20240806,2.48,2.5,2.44,2.48,131618.19,32469.455
600395.SH,20240806,5.53,5.59,5.52,5.57,83065.0,46131.856
301469.SZ,20240806,24.55,27.0,24.55,26.25,49418.72,128418.597
600966.SH,20240806,4.39,4.5,4.38,4.49,246085.12,109260.817
600468.SH,20240806,4.07,4.12,4.06,4.11,80229.0,32798.722
000733.SZ,20240806,38.81,40.15,38.8,39.57,72144.0,284699.893
002155.SZ,20240806,15.93,16.09,15.39,15.64,434383.67,678817.166
688685.SH,20240806,22.99,23.3,22.6,23.01,14375.73,33014.493
600691.SH,20240806,1.57,1.6,1.55,1.58,189656.98,29918.627
300539.SZ,20240806,7.43,7.59,7.38,7.55,17643.2,13222.117
601212.SH,20240806,2.65,2.7,2.62,2.65,386364.09,102253.393
000915.SZ,20240806,27.22,27.35,27.0,27.2,23608.26,64119.089
300943.SZ,20240806,11.69,12.3,11.42,12.0,202714.93,240004.843
300244.SZ,20240806,12.56,13.08,12.56,12.89,107167.0,137940.857
600328.SH,20240806,7.48,7.55,7.34,7.5,126845.09,94946.947
601609.SH,20240806,5.09,5.15,5.05,5.11,57658.0,29355.4
000998.SZ,20240806,10.26,10.33,10.0,10.1,199101.1,201446.388
601616.SH,20240806,2.75,2.79,2.75,2.78,84234.0,23329.846
603396.SH,20240806,26.39,28.64,26.34,27.61,84039.68,232109.372
601825.SH,20240806,6.52,6.55,6.38,6.47,170795.02,110335.985
301056.SZ,20240806,7.33,7.52,7.33,7.48,22992.0,17091.812
600239.SH,20240806,1.91,1.93,1.9,1.93,112426.5,21532.372
000155.SZ,20240806,9.76,9.87,9.68,9.78,77025.0,75281.267
300254.SZ,20240806,8.57,9.1,8.36,9.1,266552.61,234691.041
301520.SZ,20240806,42.07,44.75,41.44,44.23,34324.27,148100.952
300027.SZ,20240806,1.67,1.73,1.67,1.72,512613.1,87354.238
000959.SZ,20240806,2.77,2.79,2.75,2.77,157376.86,43562.765
002360.SZ,20240806,4.8,4.86,4.75,4.86,26023.0,12544.473
603266.SH,20240806,16.36,16.66,15.87,16.51,74361.0,121403.481
600803.SH,20240806,18.05,18.24,17.91,18.08,51291.85,92646.516
300919.SZ,20240806,29.43,29.77,29.02,29.47,35878.08,105266.424
300404.SZ,20240806,7.7,7.98,7.59,7.9,167143.11,130545.804
002043.SZ,20240806,9.29,9.44,9.26,9.44,61703.0,57696.589
688628.SH,20240806,28.49,28.76,27.77,28.29,5986.32,16855.269
300482.SZ,20240806,24.34,24.56,23.92,24.19,46340.14,112241.041
300869.SZ,20240806,12.98,13.4,12.98,13.4,35143.0,46555.023
301017.SZ,20240806,10.96,11.66,10.68,11.42,113904.17,127812.121
002780.SZ,20240806,9.24,10.59,9.24,9.99,193816.06,193431.051
300661.SZ,20240806,72.3,72.6,69.41,70.02,31147.5,218916.891
002424.SZ,20240806,3.55,3.75,3.55,3.75,567658.65,209019.44
688426.SH,20240806,23.45,26.19,23.45,26.18,29778.84,73937.83
301268.SZ,20240806,15.24,15.78,15.17,15.5,20283.72,31246.596
603825.SH,20240806,8.33,8.44,8.23,8.42,75164.0,62770.609
300230.SZ,20240806,3.19,3.23,3.18,3.22,48528.64,15545.635
002714.SZ,20240806,44.96,45.08,44.07,44.69,212492.24,946876.977
002594.SZ,20240806,234.0,234.62,225.98,228.94,129101.51,2955783.827
300543.SZ,20240806,6.82,6.97,6.79,6.95,39503.84,27176.774
300016.SZ,20240806,4.55,4.8,4.55,4.78,130320.0,61251.357
000759.SZ,20240806,3.14,3.23,3.03,3.19,454428.47,142067.203
600399.SH,20240806,5.44,5.56,5.4,5.51,358504.5,196341.75
600973.SH,20240806,3.38,3.44,3.38,3.43,80664.5,27544.217
301007.SZ,20240806,12.4,12.67,12.16,12.37,65098.0,80220.908
600557.SH,20240806,14.08,14.38,14.01,14.33,90234.0,128332.11
603976.SH,20240806,13.96,14.45,13.96,14.44,12097.0,17255.791
301517.SZ,20240806,53.9,55.2,52.46,54.39,39136.95,211215.182
603421.SH,20240806,4.04,4.12,4.04,4.09,90929.0,37066.811
002731.SZ,20240806,8.06,8.18,7.96,8.12,60417.4,48808.885
601500.SH,20240806,4.44,4.5,4.36,4.42,264114.61,116389.577
000792.SZ,20240806,14.75,14.91,14.53,14.63,223566.22,329030.75
603109.SH,20240806,12.93,13.24,12.9,13.08,19749.88,25775.762
601226.SH,20240806,4.72,4.79,4.71,4.76,30448.0,14462.661
688665.SH,20240806,23.94,24.11,23.73,24.07,4214.4,10098.334
002540.SZ,20240806,4.96,5.0,4.91,4.96,54960.19,27174.517
300644.SZ,20240806,18.85,18.89,18.17,18.48,54764.33,101016.705
002626.SZ,20240806,14.19,14.66,14.1,14.52,70847.0,102019.167
300115.SZ,20240806,10.57,10.63,10.22,10.45,374356.82,389547.697
603860.SH,20240806,26.94,27.42,26.51,27.34,31141.0,84119.507
301121.SZ,20240806,32.5,33.35,32.36,32.64,7462.98,24383.555
300653.SZ,20240806,21.44,21.71,21.09,21.28,24106.2,51525.641
002146.SZ,20240806,1.39,1.41,1.38,1.41,784919.83,109499.884
300881.SZ,20240806,22.92,23.2,22.45,23.08,10756.0,24699.65
300973.SZ,20240806,26.89,27.99,26.56,27.45,55534.54,152394.718
300735.SZ,20240806,18.4,18.54,17.9,18.16,174082.5,316199.367
002578.SZ,20240806,2.57,2.6,2.56,2.59,68482.0,17656.048
001226.SZ,20240806,22.0,22.66,22.0,22.65,18115.0,40540.775
688697.SH,20240806,14.86,15.17,14.77,15.05,19175.75,28689.569
603235.SH,20240806,26.9,27.26,26.89,27.24,5814.94,15753.297
600020.SH,20240806,3.75,3.78,3.69,3.71,161102.92,59899.056
002041.SZ,20240806,8.5,8.57,8.36,8.49,73948.12,62563.246
603703.SH,20240806,9.38,9.69,9.24,9.45,111744.91,105762.637
300626.SZ,20240806,7.49,7.77,7.4,7.76,62793.0,47907.215
300803.SZ,20240806,38.7,39.07,36.98,37.6,94126.79,354400.645
605089.SH,20240806,19.35,19.43,18.72,19.13,9487.29,18117.621
301296.SZ,20240806,7.3,7.39,7.26,7.39,15805.0,11564.438
603030.SH,20240806,1.79,1.92,1.79,1.9,110241.22,20333.645
600261.SH,20240806,2.68,2.7,2.67,2.7,45970.0,12338.966
002759.SZ,20240806,6.03,6.17,6.03,6.17,55477.0,33966.429
600970.SH,20240806,10.06,10.23,9.93,10.04,85042.5,85593.319
600917.SH,20240806,5.52,5.52,5.44,5.49,17061.19,9336.571
002902.SZ,20240806,18.61,18.68,18.06,18.45,83046.0,151992.573
600749.SH,20240806,10.95,11.39,10.91,11.35,110901.69,123930.959
002535.SZ,20240806,3.32,3.35,3.28,3.32,246752.11,81647.175
301073.SZ,20240806,18.09,18.58,17.9,18.51,105369.25,191757.792
688459.SH,20240806,8.08,8.19,8.06,8.14,3638.52,2952.573
300844.SZ,20240806,29.0,30.19,27.1,28.33,29248.8,84477.572
000014.SZ,20240806,8.48,8.57,8.36,8.55,45124.95,38213.045
300429.SZ,20240806,10.76,10.86,10.3,10.56,216148.54,227242.556
300324.SZ,20240806,2.14,2.2,2.12,2.19,557115.8,120483.832
000993.SZ,20240806,8.25,8.39,8.24,8.39,46367.0,38593.408
300899.SZ,20240806,18.55,18.97,18.35,18.78,24656.75,45838.854
600058.SH,20240806,6.3,6.38,6.28,6.36,43371.0,27455.017
601628.SH,20240806,32.23,32.48,30.1,30.36,213038.79,658773.742
600885.SH,20240806,26.28,26.59,25.92,26.4,46782.87,122679.11
600892.SH,20240806,3.66,3.72,3.56,3.71,82941.0,30246.179
300006.SZ,20240806,2.46,2.63,2.44,2.61,242318.36,61813.164
300342.SZ,20240806,13.57,14.06,13.12,13.65,299647.24,406787.384
603136.SH,20240806,10.18,10.65,10.18,10.63,60483.4,63340.959
603020.SH,20240806,6.6,6.69,6.57,6.67,17791.0,11817.224
603387.SH,20240806,7.73,7.92,7.72,7.89,32168.15,25187.179
002235.SZ,20240806,4.04,4.11,4.02,4.11,113957.97,46455.613
605099.SH,20240806,17.7,17.85,17.56,17.79,5148.0,9122.778
002111.SZ,20240806,10.72,10.82,10.46,10.7,91862.76,97847.878
300971.SZ,20240806,18.8,19.22,18.5,19.14,57586.0,109011.378
688332.SH,20240806,49.5,51.84,49.26,51.82,17369.38,87958.841
002717.SZ,20240806,1.27,1.33,1.16,1.24,2795590.67,349513.247
300363.SZ,20240806,13.4,13.67,13.31,13.48,110185.14,148285.128
301223.SZ,20240806,14.74,14.85,14.6,14.74,4537.59,6662.438
603901.SH,20240806,6.44,6.54,6.43,6.53,33920.0,21989.025
688486.SH,20240806,50.0,50.0,48.75,49.68,4911.0,24185.313
300531.SZ,20240806,9.68,9.92,9.62,9.83,58259.49,56690.581
600118.SH,20240806,23.08,23.65,22.71,23.34,263479.33,611700.504
603179.SH,20240806,39.19,39.8,38.91,39.75,25349.0,100170.879
300334.SZ,20240806,4.8,4.86,4.77,4.86,59723.0,28810.093
002743.SZ,20240806,3.69,3.76,3.69,3.75,43268.0,16106.824
002149.SZ,20240806,13.16,13.7,13.08,13.55,55017.0,74060.324
300518.SZ,20240806,7.64,7.96,7.64,7.93,39132.0,30673.144
603818.SH,20240806,2.41,2.48,2.39,2.48,114202.0,27824.098
603993.SH,20240806,7.03,7.12,6.9,6.98,1320244.04,921057.194
688588.SH,20240806,6.64,6.67,6.5,6.64,24349.17,16013.228
300888.SZ,20240806,25.79,26.35,25.7,26.13,17742.86,46298.703
002183.SZ,20240806,2.99,3.03,2.98,3.01,165121.2,49594.721
002913.SZ,20240806,25.3,25.65,24.92,25.63,31108.0,78794.979
688670.SH,20240806,11.47,12.0,11.33,11.94,8495.09,9999.62
603317.SH,20240806,10.4,10.63,10.35,10.59,47227.58,49669.952
600622.SH,20240806,1.86,1.9,1.84,1.9,147417.21,27579.917
600508.SH,20240806,11.86,11.98,11.82,11.93,35902.0,42722.986
603083.SH,20240806,27.88,28.03,27.31,27.68,72289.11,199466.937
000595.SZ,20240806,3.91,4.04,3.85,3.99,181084.27,71774.998
002409.SZ,20240806,53.3,54.26,52.88,53.66,95922.44,514303.713
002036.SZ,20240806,6.46,6.57,6.36,6.53,253258.36,163942.446
002931.SZ,20240806,8.54,8.75,8.44,8.74,37558.0,32411.925
002193.SZ,20240806,3.61,3.86,3.6,3.84,202361.0,75346.499
601456.SH,20240806,9.92,9.97,9.76,9.88,218809.16,215231.66
002491.SZ,20240806,3.17,3.23,3.15,3.22,51345.93,16469.518
300458.SZ,20240806,24.62,24.76,23.49,23.98,256969.5,613494.778
001367.SZ,20240806,23.56,24.86,23.27,24.71,43797.03,105376.76
002148.SZ,20240806,4.56,4.6,4.51,4.57,137495.6,62614.647
600084.SH,20240806,4.85,4.97,4.82,4.95,62358.01,30476.961
002709.SZ,20240806,15.18,15.38,14.98,15.21,166278.25,252125.885
002298.SZ,20240806,3.82,3.89,3.8,3.86,127522.02,48962.163
603936.SH,20240806,7.35,7.4,7.23,7.33,151396.0,110329.357
600130.SH,20240806,3.17,3.19,3.14,3.18,97084.12,30744.15
002307.SZ,20240806,2.83,2.88,2.83,2.86,50456.0,14401.816
001201.SZ,20240806,16.9,17.2,16.56,16.96,34289.13,57625.964
300686.SZ,20240806,6.34,6.43,6.27,6.37,45703.0,28935.626
300423.SZ,20240806,5.06,5.14,5.0,5.12,57398.33,29155.921
001373.SZ,20240806,26.35,26.48,24.45,24.82,37301.94,93681.371
002318.SZ,20240806,20.51,20.61,20.07,20.34,53451.29,108522.46
002670.SZ,20240806,10.25,10.32,9.16,9.72,1056623.18,1024715.052
300750.SZ,20240806,178.41,179.39,173.71,174.95,157687.03,2771240.102
605069.SH,20240806,5.92,6.21,5.72,6.21,63997.4,38543.357
000909.SZ,20240806,3.95,4.01,3.92,3.98,54593.01,21609.3
600152.SH,20240806,4.92,5.05,4.92,4.99,80505.0,40206.665
001326.SZ,20240806,34.2,34.98,34.2,34.54,6199.47,21397.732
300866.SZ,20240806,51.51,51.68,50.3,50.86,29509.47,149893.843
601996.SH,20240806,1.74,1.77,1.74,1.76,61574.54,10801.823
603819.SH,20240806,9.24,9.47,9.2,9.47,8303.86,7767.636
000423.SZ,20240806,48.1,48.74,47.73,48.18,66652.49,320743.092
002627.SZ,20240806,4.95,4.99,4.82,4.95,120218.85,58789.409
002713.SZ,20240806,2.65,2.83,2.51,2.55,499146.76,131695.566
002470.SZ,20240806,1.42,1.43,1.4,1.41,135405.0,19121.587
000008.SZ,20240806,2.12,2.18,2.09,2.11,631686.17,133917.052
603000.SH,20240806,19.4,19.63,19.22,19.6,141510.31,274904.27
603680.SH,20240806,7.01,7.12,6.89,7.03,54389.06,38037.182
603738.SH,20240806,12.85,13.03,12.64,12.8,74402.26,94930.017
300383.SZ,20240806,7.99,8.09,7.8,7.91,128699.22,101823.221
688671.SH,20240806,17.68,17.99,17.62,17.99,3804.39,6787.042
002014.SZ,20240806,9.1,9.22,9.09,9.18,18532.68,16964.189
301136.SZ,20240806,11.76,13.8,11.76,13.8,260342.4,336794.517
002416.SZ,20240806,9.95,10.1,9.01,9.25,711665.01,672720.86
603187.SH,20240806,10.89,11.08,10.87,11.05,37279.83,40897.206
002439.SZ,20240806,14.77,14.92,14.56,14.73,94388.0,138740.477
603466.SH,20240806,7.27,7.41,7.25,7.39,59402.07,43519.733
000750.SZ,20240806,3.04,3.06,2.99,3.03,397270.19,119990.665
601058.SH,20240806,12.57,12.7,12.31,12.5,228222.44,284142.825
002344.SZ,20240806,3.16,3.18,3.14,3.18,38969.6,12298.831
002498.SZ,20240806,3.13,3.17,3.12,3.16,126411.1,39748.597
300805.SZ,20240806,8.3,8.47,7.62,7.95,222003.0,177225.267
002397.SZ,20240806,1.89,1.93,1.87,1.93,90241.0,17183.581
002816.SZ,20240806,8.44,8.89,8.22,8.89,6220.46,5344.211
600390.SH,20240806,4.22,4.26,4.19,4.22,175918.79,74183.119
300607.SZ,20240806,11.8,11.89,11.58,11.73,50904.6,59618.912
600523.SH,20240806,10.38,10.66,10.25,10.55,51958.64,54514.275
300994.SZ,20240806,9.48,9.53,9.34,9.48,18439.39,17413.112
600967.SH,20240806,7.48,7.7,7.48,7.65,116126.17,88560.156
002082.SZ,20240806,4.39,4.45,4.33,4.45,44744.0,19719.64
300125.SZ,20240806,3.9,4.44,3.71,3.89,674472.18,271218.644
300019.SZ,20240806,11.43,11.58,11.32,11.57,30644.19,35158.222
603233.SH,20240806,13.43,13.65,13.24,13.47,149117.75,199514.621
600650.SH,20240806,13.9,13.9,13.05,13.05,378623.67,498189.361
301323.SZ,20240806,27.77,27.98,27.38,27.68,5616.54,15536.227
300165.SZ,20240806,2.4,2.47,2.39,2.45,248850.1,60416.356
601117.SH,20240806,7.25,7.32,7.23,7.32,353595.1,257516.463
605218.SH,20240806,16.5,16.74,16.22,16.64,56292.0,92816.937
688343.SH,20240806,26.7,26.96,26.26,26.57,34125.57,90438.939
600731.SH,20240806,4.37,4.42,4.36,4.42,18384.9,8092.068
688511.SH,20240806,15.55,15.84,15.35,15.64,17567.2,27372.21
300979.SZ,20240806,56.28,59.44,56.28,59.26,26511.72,154628.282
600216.SH,20240806,14.41,14.52,13.71,14.1,624220.49,878232.296
300887.SZ,20240806,7.05,7.16,7.0,7.12,75041.34,53014.31
603777.SH,20240806,8.87,9.02,8.8,9.02,20384.2,18219.279
603696.SH,20240806,6.63,7.0,6.6,6.9,66370.08,45344.449
300791.SZ,20240806,22.12,22.78,22.12,22.66,22135.85,49822.239
000900.SZ,20240806,3.84,3.89,3.81,3.84,105183.57,40493.243
600889.SH,20240806,4.74,4.83,4.69,4.81,119965.01,56962.571
002422.SZ,20240806,30.85,31.2,30.5,30.92,86910.4,267947.303
002020.SZ,20240806,10.46,10.72,10.45,10.68,82878.06,87946.679
600717.SH,20240806,4.69,4.7,4.59,4.63,235223.5,109039.401
300562.SZ,20240806,8.42,8.71,8.35,8.7,74552.6,63932.675
300190.SZ,20240806,2.82,2.88,2.82,2.88,34909.0,9954.627
301160.SZ,20240806,33.25,33.86,33.13,33.66,6257.5,20927.94
300161.SZ,20240806,23.13,23.4,22.8,23.15,28285.0,65344.295
002122.SZ,20240806,2.05,2.1,2.04,2.1,219030.0,45441.945
300499.SZ,20240806,10.74,11.01,10.72,10.87,69520.6,75315.102
002612.SZ,20240806,13.61,14.02,13.61,14.02,59356.11,82488.538
603889.SH,20240806,6.32,6.43,6.3,6.42,45777.0,29099.153
300410.SZ,20240806,4.63,4.7,4.61,4.68,69545.95,32396.526
002377.SZ,20240806,1.76,1.77,1.72,1.77,90630.0,15801.666
301045.SZ,20240806,16.1,16.2,15.71,15.87,16452.0,26116.706
002748.SZ,20240806,5.58,5.73,5.47,5.7,30378.0,16934.003
301207.SZ,20240806,17.28,17.71,17.28,17.68,48599.55,85082.214
000935.SZ,20240806,11.81,11.96,11.75,11.86,18821.45,22303.919
000719.SZ,20240806,10.02,10.18,9.92,10.08,61989.0,62266.694
002629.SZ,20240806,1.7,1.76,1.67,1.71,322780.5,55041.273
603728.SH,20240806,39.88,40.04,38.65,39.62,96155.12,378755.725
300855.SZ,20240806,25.12,25.87,24.95,25.32,22360.7,56784.307
300353.SZ,20240806,7.24,7.37,7.16,7.26,72798.71,52687.766
000863.SZ,20240806,3.6,3.84,3.6,3.78,261498.09,97413.814
603256.SH,20240806,6.45,6.53,6.31,6.41,74176.0,47357.202
301608.SZ,20240806,72.89,74.88,67.53,68.41,76418.59,539396.129
000801.SZ,20240806,10.71,11.1,10.4,10.53,646631.62,688012.56
300179.SZ,20240806,6.56,6.73,6.56,6.72,27520.49,18349.622
002855.SZ,20240806,17.53,17.69,17.23,17.55,32302.0,56463.298
688455.SH,20240806,8.12,8.2,8.02,8.19,3477.43,2835.701
600794.SH,20240806,3.07,3.09,3.05,3.09,63633.0,19535.746
603916.SH,20240806,6.49,6.57,6.47,6.56,19689.6,12829.824
600959.SH,20240806,2.79,2.84,2.78,2.84,238127.2,66973.585
603062.SH,20240806,30.81,31.4,30.7,31.4,15439.76,48161.022
002441.SZ,20240806,7.19,7.32,7.17,7.31,34063.0,24731.022
000539.SZ,20240806,4.56,4.65,4.56,4.63,149626.0,68930.559
003018.SZ,20240806,7.02,7.2,7.02,7.2,14973.0,10713.709
000933.SZ,20240806,16.12,16.23,15.82,16.06,222472.37,356244.867
000710.SZ,20240806,7.51,7.73,7.36,7.7,83341.57,63037.79
002593.SZ,20240806,2.77,2.81,2.74,2.78,85513.0,23694.9
600857.SH,20240806,5.71,6.17,5.64,5.87,77364.3,44809.426
688701.SH,20240806,4.75,4.84,4.7,4.82,13511.17,6449.454
600071.SH,20240806,15.4,15.59,15.22,15.57,21353.0,32871.781
600853.SH,20240806,3.12,3.16,3.09,3.12,80771.24,25152.193
002761.SZ,20240806,8.05,8.17,7.91,8.15,350644.0,282661.728
300475.SZ,20240806,26.37,26.99,26.26,26.84,78414.2,208464.509
300057.SZ,20240806,3.82,3.85,3.78,3.85,71749.27,27365.028
000529.SZ,20240806,5.94,6.0,5.87,5.98,42984.0,25520.853
301503.SZ,20240806,27.09,27.31,26.47,27.02,12087.0,32402.373
600103.SH,20240806,1.76,1.81,1.76,1.8,298688.7,53380.905
002851.SZ,20240806,24.4,24.94,23.35,23.73,120987.49,289559.351
002875.SZ,20240806,10.95,11.48,10.95,11.43,85496.46,96451.278
002136.SZ,20240806,8.92,9.09,8.92,9.06,13797.23,12438.045
600848.SH,20240806,9.39,9.56,9.37,9.48,34241.4,32350.863
688681.SH,20240806,8.48,8.69,8.48,8.62,8214.36,7052.557
300690.SZ,20240806,20.73,20.83,20.1,20.44,120689.85,245966.861
002100.SZ,20240806,6.93,6.97,6.8,6.91,217044.78,149478.656
605298.SH,20240806,7.71,7.88,7.69,7.86,10411.25,8117.4
300722.SZ,20240806,19.9,21.0,19.6,20.51,102397.21,209108.856
000663.SZ,20240806,4.26,4.31,4.22,4.3,60726.0,25906.657
002789.SZ,20240806,8.76,8.85,8.21,8.31,40506.0,34448.227
301105.SZ,20240806,24.21,24.8,24.2,24.58,3185.0,7784.948
689009.SH,20240806,39.98,41.49,39.98,41.47,82397.08,335385.509
000931.SZ,20240806,4.0,4.11,4.0,4.11,90197.8,36634.589
688622.SH,20240806,15.9,16.1,15.42,15.94,2075.5,3288.17
600298.SH,20240806,29.8,30.04,29.27,29.64,46472.18,137730.029
301187.SZ,20240806,18.5,18.76,18.35,18.6,18021.0,33413.053
603158.SH,20240806,7.31,7.45,7.09,7.25,355837.56,256121.161
301366.SZ,20240806,28.38,28.93,27.82,28.3,26047.0,73432.881
003025.SZ,20240806,13.2,13.32,13.0,13.23,75686.66,99642.245
000551.SZ,20240806,9.44,9.7,9.28,9.46,68982.01,65130.858
300197.SZ,20240806,1.42,1.44,1.39,1.41,496155.22,69960.009
600830.SH,20240806,8.18,8.19,7.94,8.08,195653.0,157620.986
688778.SH,20240806,29.18,29.66,28.7,29.34,12547.1,36738.368
002425.SZ,20240806,2.56,2.66,2.56,2.62,355544.0,92992.815
600862.SH,20240806,19.53,20.15,19.37,19.94,154084.37,305857.387
688076.SH,20240806,65.75,66.78,64.7,66.51,38870.3,254901.62
603130.SH,20240806,19.1,19.26,19.04,19.16,2647.0,5061.973
301024.SZ,20240806,23.13,24.65,23.13,24.47,38629.45,92949.393
000938.SZ,20240806,21.2,21.33,20.45,20.93,515036.92,1073647.392
002047.SZ,20240806,1.62,1.64,1.61,1.63,142675.0,23136.493
603719.SH,20240806,11.2,11.37,11.1,11.37,48661.28,54815.916
002124.SZ,20240806,2.4,2.44,2.38,2.42,433736.0,104513.169
301000.SZ,20240806,13.35,13.55,13.16,13.35,33051.67,43973.731
603291.SH,20240806,10.05,10.29,10.05,10.19,32460.0,32997.429
003028.SZ,20240806,33.39,33.87,32.95,33.44,5912.0,19712.766
603193.SH,20240806,17.51,17.97,17.18,17.73,18318.92,32387.022
301047.SZ,20240806,65.25,66.38,64.95,66.24,4692.65,30901.529
688395.SH,20240806,13.39,13.54,13.28,13.47,2086.44,2793.509
300515.SZ,20240806,8.95,9.23,8.95,9.19,23060.42,20971.666
300621.SZ,20240806,7.29,7.57,7.21,7.46,35759.5,26473.004
600196.SH,20240806,23.4,23.79,23.35,23.78,112213.69,265260.602
688472.SH,20240806,9.35,9.83,9.33,9.63,342580.04,330353.845
002303.SZ,20240806,2.48,2.56,2.48,2.54,134230.57,33988.11
600273.SH,20240806,7.37,7.46,7.28,7.37,184453.0,135676.158
002158.SZ,20240806,17.83,18.16,17.76,17.99,46788.93,83958.15
301369.SZ,20240806,41.98,42.21,40.91,41.63,12887.0,53349.156
605599.SH,20240806,10.98,11.29,10.98,11.12,33946.86,37675.114
000712.SZ,20240806,12.8,13.1,11.25,11.25,1207726.3,1414077.743
300286.SZ,20240806,17.94,18.48,17.9,18.16,23998.0,43641.866
001287.SZ,20240806,15.06,15.28,14.92,15.09,37748.75,56814.904
000026.SZ,20240806,8.88,9.0,8.88,8.98,14664.0,13108.491
605369.SH,20240806,28.44,29.12,28.31,28.89,5180.0,14868.136
300603.SZ,20240806,7.26,7.32,7.14,7.24,74671.0,53890.417
301299.SZ,20240806,41.47,41.88,41.0,41.58,8481.0,35070.902
301031.SZ,20240806,75.41,77.1,74.8,76.01,3420.0,25945.843
603199.SH,20240806,32.5,33.33,32.09,33.0,34703.56,113732.794
300408.SZ,20240806,31.31,31.7,31.2,31.6,106477.33,334435.072
601015.SH,20240806,2.72,2.75,2.7,2.75,86811.1,23717.812
603927.SH,20240806,16.56,16.73,16.4,16.61,55505.53,91865.698
600684.SH,20240806,2.89,3.04,2.82,2.97,619571.34,181972.309
003033.SZ,20240806,22.4,22.91,22.38,22.85,3664.77,8288.321
003036.SZ,20240806,7.57,7.72,7.55,7.69,17065.0,13011.564
301103.SZ,20240806,21.15,21.77,20.91,21.73,14056.9,30124.847
301390.SZ,20240806,28.43,28.75,28.1,28.64,5029.0,14277.655
603337.SH,20240806,26.74,27.5,26.31,27.03,25651.92,69019.451
600060.SH,20240806,16.9,17.11,16.56,16.77,83552.28,140017.178
688533.SH,20240806,22.32,22.68,22.28,22.66,9147.81,20573.5
600881.SH,20240806,1.1,1.11,1.06,1.08,1009362.08,109110.695
000004.SZ,20240806,11.4,11.56,11.25,11.43,67614.0,77040.93
000007.SZ,20240806,4.8,4.84,4.69,4.78,35354.0,16747.272
600165.SH,20240806,1.8,1.82,1.72,1.72,407448.0,71043.358
001333.SZ,20240806,15.7,15.87,15.7,15.83,2085.0,3291.828
301359.SZ,20240806,19.02,19.3,18.9,19.25,10674.0,20423.161
002745.SZ,20240806,7.76,7.88,7.6,7.68,133885.7,102782.648
688776.SH,20240806,47.56,47.56,45.51,46.38,10727.94,49544.945
688515.SH,20240806,61.2,61.86,58.14,59.49,12995.69,77359.713
603150.SH,20240806,24.8,25.05,24.67,24.92,7143.5,17736.194
003019.SZ,20240806,20.86,21.3,20.86,21.21,27052.61,57098.991
600861.SH,20240806,15.6,15.93,15.45,15.85,38063.47,59574.401
603511.SH,20240806,10.6,10.76,10.6,10.74,5797.0,6201.627
603986.SH,20240806,78.98,79.48,76.93,78.18,127303.23,992610.022
300521.SZ,20240806,10.25,10.58,10.18,10.45,15435.8,16050.92
002820.SZ,20240806,7.49,7.75,7.49,7.69,41836.0,31910.341
002181.SZ,20240806,3.2,3.27,3.18,3.27,56468.5,18230.436
600168.SH,20240806,3.93,3.96,3.9,3.94,34953.01,13721.052
601089.SH,20240806,14.48,14.78,14.44,14.77,34860.11,51116.163
301049.SZ,20240806,20.21,20.86,19.81,20.68,50738.73,103616.268
688573.SH,20240806,17.72,17.82,17.45,17.66,3240.27,5699.072
002638.SZ,20240806,1.68,1.71,1.65,1.71,143834.0,24192.759
301303.SZ,20240806,11.05,11.22,11.05,11.18,6389.2,7127.739
600787.SH,20240806,4.91,4.95,4.82,4.87,108952.37,53107.917
600332.SH,20240806,29.55,29.8,29.32,29.77,61247.74,181373.191
002142.SZ,20240806,21.39,21.64,20.71,20.96,269002.6,566079.751
300234.SZ,20240806,3.82,3.91,3.81,3.88,34203.0,13191.213
603093.SH,20240806,9.2,9.28,9.04,9.15,37595.0,34375.071
002766.SZ,20240806,4.72,4.76,4.6,4.68,335997.0,156396.406
300681.SZ,20240806,12.42,12.56,12.29,12.42,29213.95,36245.203
301498.SZ,20240806,42.88,43.29,42.3,43.15,10072.1,43166.114
002226.SZ,20240806,4.29,4.35,4.29,4.34,63001.0,27256.196
600528.SH,20240806,7.47,7.5,7.35,7.4,68989.0,51113.345
300818.SZ,20240806,20.68,21.56,20.68,21.22,16290.6,34481.195
603876.SH,20240806,8.73,8.83,8.65,8.75,35323.8,30849.99
002001.SZ,20240806,20.69,20.8,20.16,20.44,288675.17,589435.752
002252.SZ,20240806,7.7,7.77,7.65,7.72,237644.7,183172.161
603048.SH,20240806,13.17,13.3,13.08,13.25,9647.0,12708.515
301518.SZ,20240806,16.11,16.43,16.09,16.23,8499.9,13771.073
002646.SZ,20240806,10.19,10.44,10.16,10.42,38683.0,39967.874
002029.SZ,20240806,5.08,5.12,5.07,5.11,37603.0,19155.559
600791.SH,20240806,3.35,3.39,3.32,3.38,59600.0,19997.413
000632.SZ,20240806,2.74,2.76,2.69,2.74,76594.0,20881.506
001338.SZ,20240806,10.11,10.3,10.06,10.18,83642.0,84999.618
300710.SZ,20240806,15.45,15.53,15.15,15.48,34899.44,53576.899
000758.SZ,20240806,4.65,4.67,4.56,4.62,190144.96,87627.083
688653.SH,20240806,12.06,12.23,11.92,12.13,16073.69,19414.782
003017.SZ,20240806,15.41,15.65,15.35,15.63,5192.4,8050.986
300492.SZ,20240806,74.5,78.6,74.35,78.4,18286.78,140684.087
300534.SZ,20240806,7.72,7.95,7.61,7.95,152872.5,119920.356
600618.SH,20240806,8.18,8.51,8.14,8.24,101606.26,84384.454
600784.SH,20240806,4.72,4.82,4.67,4.78,39517.96,18737.207
002966.SZ,20240806,7.13,7.19,7.01,7.05,260351.0,184436.959
300857.SZ,20240806,54.5,54.95,52.3,53.28,90850.7,484013.302
002412.SZ,20240806,5.52,5.72,5.52,5.71,93435.64,52582.697
001231.SZ,20240806,14.33,15.2,14.01,14.16,42067.35,60378.55
300405.SZ,20240806,3.6,3.7,3.55,3.68,58656.0,21358.042
600841.SH,20240806,4.29,4.42,4.12,4.36,361777.16,154489.419
600702.SH,20240806,54.99,56.18,54.7,55.62,62205.26,344437.212
000547.SZ,20240806,6.91,7.31,6.63,7.16,955550.49,669401.922
300147.SZ,20240806,5.96,7.13,5.46,7.13,1434527.14,911321.768
000638.SZ,20240806,3.56,3.67,3.5,3.67,142670.0,51510.267
603041.SH,20240806,9.45,9.66,9.42,9.61,7739.2,7387.27
302132.SZ,20240806,46.97,47.18,46.44,47.09,78360.39,366913.657
