ts_code,trade_date,open,high,low,close,vol,amount
000001.SZ,20250716,12.73,12.76,12.5,12.64,1927863.79,2424983.973
000002.SZ,20250716,6.55,6.65,6.53,6.56,849081.16,558859.431
000004.SZ,20250716,8.78,8.94,8.7,8.83,38114.0,33529.226
000006.SZ,20250716,6.26,6.31,6.25,6.26,131711.2,82587.869
000007.SZ,20250716,7.0,7.13,6.98,7.11,59192.0,41813.601
000008.SZ,20250716,2.79,2.81,2.77,2.78,442913.36,123351.09
000009.SZ,20250716,8.72,8.77,8.67,8.71,136780.24,119151.845
000010.SZ,20250716,3.56,3.64,3.37,3.37,1362190.05,470992.128
000011.SZ,20250716,8.75,8.85,8.69,8.76,41806.87,36616.868
000012.SZ,20250716,4.78,4.8,4.74,4.77,113334.1,54007.487
000014.SZ,20250716,12.11,12.14,11.9,12.04,72383.72,86966.966
000016.SZ,20250716,4.99,5.09,4.98,5.02,383286.04,193038.753
000017.SZ,20250716,6.33,6.42,6.31,6.4,106894.0,68286.753
000019.SZ,20250716,6.72,6.84,6.72,6.82,93550.62,63669.387
000020.SZ,20250716,13.28,13.45,13.1,13.35,22038.0,29418.328
000021.SZ,20250716,18.57,18.73,18.38,18.48,279721.5,518808.725
000025.SZ,20250716,17.22,17.36,17.14,17.3,48670.07,83949.224
000026.SZ,20250716,16.29,16.72,15.93,16.41,202125.73,329287.377
000027.SZ,20250716,6.62,6.65,6.53,6.56,199546.0,131324.617
000028.SZ,20250716,25.02,25.21,25.02,25.2,31344.0,78686.285
000029.SZ,20250716,19.59,19.59,18.87,18.89,104112.38,198850.681
000030.SZ,20250716,5.88,5.96,5.85,5.95,76742.65,45423.033
000031.SZ,20250716,3.01,3.03,2.96,2.99,299950.61,89701.989
000032.SZ,20250716,21.22,21.51,20.88,21.08,198916.11,421704.109
000034.SZ,20250716,38.88,39.27,38.22,38.43,391889.08,1519168.842
000035.SZ,20250716,4.31,4.34,4.3,4.33,103152.0,44592.451
000036.SZ,20250716,3.69,3.72,3.64,3.71,191251.2,70627.949
000037.SZ,20250716,9.58,9.86,9.38,9.71,308893.11,298324.171
000039.SZ,20250716,7.9,8.01,7.88,7.93,326493.42,259261.997
000042.SZ,20250716,8.33,8.52,8.3,8.42,102907.64,86387.112
000045.SZ,20250716,10.56,10.64,10.54,10.6,40204.0,42605.698
000048.SZ,20250716,16.14,16.14,15.8,15.94,73634.85,117215.66
000049.SZ,20250716,22.49,22.71,22.44,22.59,46053.99,103989.01
000050.SZ,20250716,8.88,8.98,8.82,8.91,194685.93,173591.177
000055.SZ,20250716,4.17,4.2,4.14,4.19,107004.0,44724.98
000056.SZ,20250716,3.23,3.28,3.19,3.2,417971.0,135203.331
000058.SZ,20250716,8.28,8.38,8.24,8.31,59476.0,49500.032
000059.SZ,20250716,5.1,5.13,5.02,5.06,244201.0,123401.117
000060.SZ,20250716,4.77,4.79,4.68,4.71,399669.89,188790.51
000061.SZ,20250716,6.38,6.44,6.34,6.4,63627.0,40754.295
000062.SZ,20250716,26.48,26.65,26.1,26.21,150255.46,396165.797
000063.SZ,20250716,33.68,33.85,33.12,33.24,709837.83,2374551.268
000065.SZ,20250716,10.93,11.02,10.82,10.88,173995.53,190047.397
000066.SZ,20250716,14.78,15.3,14.73,14.96,1525838.37,2297046.784
000068.SZ,20250716,3.34,3.4,3.33,3.37,179007.12,60108.187
000069.SZ,20250716,2.32,2.34,2.3,2.31,485799.52,112619.28
000070.SZ,20250716,7.7,7.79,7.6,7.64,303030.51,232641.432
000078.SZ,20250716,2.6,2.65,2.59,2.64,314664.75,82537.723
000088.SZ,20250716,4.53,4.56,4.53,4.55,105636.28,48000.979
000089.SZ,20250716,7.01,7.08,7.01,7.06,89517.0,63082.091
000090.SZ,20250716,3.57,3.62,3.55,3.58,204686.5,73240.175
000096.SZ,20250716,12.3,12.49,12.27,12.41,75592.0,93698.788
000099.SZ,20250716,21.75,22.29,21.64,21.93,204976.01,449706.091
000100.SZ,20250716,4.51,4.53,4.46,4.47,1970777.61,884191.55
000151.SZ,20250716,12.97,13.41,12.86,12.93,78453.0,101830.772
000153.SZ,20250716,6.65,6.78,6.64,6.76,212763.42,143147.066
000155.SZ,20250716,9.9,9.94,9.86,9.89,117393.32,116127.045
000156.SZ,20250716,8.02,8.12,8.0,8.09,106441.63,85972.754
000157.SZ,20250716,7.38,7.41,7.36,7.4,242255.0,178938.39
000158.SZ,20250716,22.15,22.39,21.94,22.05,463393.22,1027348.719
000159.SZ,20250716,5.63,5.68,5.63,5.67,94148.3,53292.306
000166.SZ,20250716,5.19,5.24,5.14,5.18,906297.4,469411.03
000301.SZ,20250716,8.55,8.6,8.51,8.55,57699.45,49358.75
000333.SZ,20250716,73.47,74.09,72.8,72.89,206888.07,1514278.424
000338.SZ,20250716,15.31,15.48,15.29,15.44,476238.12,734001.564
000400.SZ,20250716,21.87,21.97,21.61,21.67,128288.22,278887.899
000401.SZ,20250716,4.68,4.7,4.63,4.68,161202.78,75166.545
000402.SZ,20250716,2.96,2.99,2.93,2.95,337055.49,99751.158
000403.SZ,20250716,17.58,18.28,17.58,17.96,180414.29,324473.456
000404.SZ,20250716,7.2,7.25,7.16,7.23,96174.75,69442.379
000407.SZ,20250716,3.47,3.49,3.45,3.47,82991.0,28810.714
000408.SZ,20250716,42.84,43.0,42.15,42.38,57554.48,244088.106
000409.SZ,20250716,12.98,13.3,12.15,12.18,1198655.08,1509463.748
000410.SZ,20250716,6.67,6.78,6.63,6.71,153226.04,102858.494
000411.SZ,20250716,10.93,11.27,10.87,11.2,64678.0,71904.086
000415.SZ,20250716,3.42,3.54,3.38,3.49,1325046.06,461081.873
000417.SZ,20250716,5.56,5.62,5.55,5.6,85241.25,47696.967
000419.SZ,20250716,5.78,5.86,5.75,5.86,89606.0,52222.71
000420.SZ,20250716,4.11,4.17,4.07,4.09,1239651.16,511200.184
000421.SZ,20250716,6.69,6.76,6.64,6.74,116119.0,77822.277
000422.SZ,20250716,11.97,12.0,11.81,11.84,199855.0,237186.011
000423.SZ,20250716,49.04,49.75,49.04,49.45,90870.09,450195.408
000425.SZ,20250716,8.14,8.19,7.96,8.16,662388.83,534724.022
000426.SZ,20250716,18.21,18.39,17.58,17.77,513140.73,915098.613
000428.SZ,20250716,3.3,3.35,3.3,3.33,183302.26,60940.628
000429.SZ,20250716,12.8,12.89,12.78,12.83,83022.0,106638.463
000430.SZ,20250716,7.38,7.45,7.11,7.21,176227.46,127926.886
000488.SZ,20250716,1.9,1.93,1.89,1.91,267150.8,51004.397
000498.SZ,20250716,6.02,6.04,5.96,5.98,88144.17,52854.936
000501.SZ,20250716,8.76,9.03,8.76,8.95,168250.72,149990.693
000503.SZ,20250716,10.6,11.1,10.6,10.8,278286.0,303393.439
000504.SZ,20250716,9.06,9.3,9.02,9.29,21322.0,19590.926
000505.SZ,20250716,6.54,6.96,6.51,6.84,277203.02,188305.94
000506.SZ,20250716,10.8,11.38,10.75,11.3,491851.28,549142.32
000507.SZ,20250716,5.53,5.56,5.48,5.52,124578.86,68852.93
000509.SZ,20250716,3.42,3.46,3.4,3.42,95578.0,32720.522
000510.SZ,20250716,4.84,4.89,4.83,4.86,178543.01,86958.527
000513.SZ,20250716,38.63,42.47,38.63,42.47,392670.0,1616872.899
000514.SZ,20250716,6.96,7.48,6.81,6.85,1888398.02,1352360.07
000516.SZ,20250716,5.11,5.21,5.11,5.15,195865.5,100940.058
000517.SZ,20250716,1.92,1.95,1.91,1.92,232506.52,44766.143
000518.SZ,20250716,2.36,2.42,2.35,2.4,112305.0,26904.407
000519.SZ,20250716,20.15,20.19,19.79,19.86,448271.4,895549.272
000520.SZ,20250716,5.05,5.14,5.04,5.05,285967.38,145240.4
000521.SZ,20250716,7.3,7.36,7.27,7.29,119534.31,87213.843
000523.SZ,20250716,3.24,3.26,3.22,3.25,109071.96,35383.939
000524.SZ,20250716,11.83,12.05,11.78,11.9,132143.0,157835.84
000525.SZ,20250716,6.46,6.54,6.4,6.51,318443.62,206724.064
000526.SZ,20250716,50.29,52.9,50.29,52.58,52145.89,271223.638
000528.SZ,20250716,10.12,10.13,10.01,10.04,244419.13,245596.287
000529.SZ,20250716,6.26,6.3,6.22,6.27,43238.36,27105.542
000530.SZ,20250716,6.6,6.72,6.48,6.54,495127.7,325329.119
000531.SZ,20250716,6.62,6.85,6.59,6.71,222346.82,149898.709
000532.SZ,20250716,15.53,15.79,15.38,15.63,121928.03,190202.369
000533.SZ,20250716,6.86,7.02,6.86,6.9,271120.43,188012.292
000534.SZ,20250716,14.24,14.28,14.15,14.17,44895.06,63813.393
000536.SZ,20250716,4.3,4.37,4.28,4.29,378851.05,163584.909
000537.SZ,20250716,8.66,8.68,8.55,8.56,119277.95,102736.877
000538.SZ,20250716,55.6,56.04,55.5,55.91,54925.05,306359.189
000539.SZ,20250716,4.85,4.88,4.8,4.82,313868.37,151581.635
000541.SZ,20250716,6.64,6.71,6.63,6.66,211303.13,140677.083
000543.SZ,20250716,7.36,7.38,7.27,7.3,283530.58,207231.662
000544.SZ,20250716,8.37,8.42,8.34,8.38,36677.51,30739.576
000545.SZ,20250716,3.3,3.3,2.89,3.06,2664168.76,820854.516
000546.SZ,20250716,4.95,4.97,4.84,4.86,219154.0,107142.519
000547.SZ,20250716,7.61,7.71,7.55,7.65,210081.06,160688.262
000548.SZ,20250716,5.47,5.51,5.42,5.49,49696.21,27223.734
000550.SZ,20250716,20.47,20.66,20.4,20.58,28759.0,59121.523
000551.SZ,20250716,10.61,10.77,10.56,10.77,64085.9,68456.624
000552.SZ,20250716,2.49,2.5,2.47,2.48,384878.19,95729.092
000553.SZ,20250716,6.92,6.92,6.76,6.81,172013.37,117375.279
000554.SZ,20250716,6.76,6.84,6.73,6.81,163604.05,111184.671
000555.SZ,20250716,13.95,13.98,13.61,13.68,295899.0,405716.602
000557.SZ,20250716,5.4,5.44,5.37,5.41,69844.8,37756.472
000558.SZ,20250716,4.58,4.66,4.56,4.61,466928.0,215653.438
000559.SZ,20250716,7.89,8.06,7.84,7.96,517221.96,411534.746
000560.SZ,20250716,3.05,3.1,3.03,3.05,1066386.85,326355.108
000561.SZ,20250716,9.43,9.54,9.37,9.49,154179.01,146081.687
000563.SZ,20250716,3.71,3.73,3.67,3.72,701326.52,259349.605
000564.SZ,20250716,2.32,2.35,2.31,2.34,1950696.28,455276.331
000565.SZ,20250716,9.02,9.15,8.96,9.11,248543.38,225171.462
000566.SZ,20250716,5.94,6.3,5.94,6.22,804378.76,494993.534
000567.SZ,20250716,6.02,6.66,6.01,6.4,908617.11,584813.994
000568.SZ,20250716,118.7,121.54,118.59,120.69,88930.21,1072314.282
000570.SZ,20250716,6.04,6.19,5.94,6.11,385381.77,234758.225
000571.SZ,20250716,4.54,4.77,4.5,4.71,282259.82,131628.214
000572.SZ,20250716,4.43,4.64,4.43,4.57,577163.3,263009.935
000573.SZ,20250716,4.2,4.24,4.13,4.17,279374.44,116853.784
000576.SZ,20250716,9.35,9.47,9.25,9.44,81973.46,77039.955
000581.SZ,20250716,19.16,19.38,19.06,19.26,114391.1,220316.93
000582.SZ,20250716,8.14,8.19,8.13,8.17,112057.64,91435.226
000586.SZ,20250716,11.23,11.33,11.17,11.25,45377.0,51070.799
000589.SZ,20250716,4.5,4.53,4.48,4.52,131946.4,59529.374
000590.SZ,20250716,13.6,13.72,12.47,12.47,456110.2,575048.46
000591.SZ,20250716,4.51,4.51,4.46,4.48,252751.6,113256.504
000592.SZ,20250716,3.0,3.02,3.0,3.01,397277.34,119611.243
000593.SZ,20250716,6.04,6.11,6.0,6.07,61664.01,37404.173
000595.SZ,20250716,4.97,5.02,4.94,5.0,112931.85,56305.017
000596.SZ,20250716,135.1,137.15,135.08,136.99,22035.81,300724.936
000597.SZ,20250716,5.38,5.47,5.35,5.46,150460.44,81640.204
000598.SZ,20250716,7.59,7.62,7.49,7.51,153985.88,116175.522
000599.SZ,20250716,4.95,5.0,4.92,4.98,91925.93,45718.04
000600.SZ,20250716,8.08,8.14,7.73,7.78,642299.37,504148.889
000601.SZ,20250716,5.6,5.7,5.52,5.64,623694.26,351296.533
000603.SZ,20250716,15.95,16.04,15.57,15.65,169422.7,266792.218
000605.SZ,20250716,7.12,7.21,7.1,7.19,54208.4,38913.537
000607.SZ,20250716,5.26,5.4,5.08,5.14,1526679.56,795922.831
000608.SZ,20250716,1.87,1.92,1.87,1.89,94991.32,17967.319
000609.SZ,20250716,3.1,3.24,3.09,3.24,118690.0,37925.548
000610.SZ,20250716,12.46,12.63,12.46,12.58,45670.24,57400.233
000612.SZ,20250716,8.2,8.29,8.15,8.19,239245.98,196400.764
000615.SZ,20250716,3.15,3.23,3.13,3.19,72050.04,22860.034
000617.SZ,20250716,8.82,9.04,8.72,8.9,3363182.76,2975365.057
000619.SZ,20250716,6.15,6.21,6.1,6.2,45277.0,27991.057
000620.SZ,20250716,1.62,1.64,1.61,1.63,565983.98,92204.571
000623.SZ,20250716,18.2,18.28,18.01,18.14,131983.75,238947.404
000625.SZ,20250716,12.75,12.88,12.73,12.8,632510.21,810714.044
000626.SZ,20250716,7.05,7.2,6.98,7.19,56916.0,40470.384
000627.SZ,20250716,1.91,1.91,1.91,1.91,25013.0,4777.483
000628.SZ,20250716,43.29,43.65,43.0,43.19,43415.0,188263.162
000629.SZ,20250716,2.61,2.63,2.59,2.6,616964.94,160738.547
000630.SZ,20250716,3.38,3.39,3.33,3.34,1591646.82,533285.59
000631.SZ,20250716,3.14,3.16,3.12,3.15,124857.2,39244.7
000632.SZ,20250716,3.98,4.12,3.94,4.08,209933.01,84972.458
000633.SZ,20250716,5.99,6.05,5.95,6.01,104731.0,62785.931
000635.SZ,20250716,9.13,9.16,8.98,8.99,123081.0,111294.325
000636.SZ,20250716,13.9,13.91,13.72,13.76,81778.0,112874.848
000637.SZ,20250716,4.17,4.19,4.15,4.17,103393.0,43137.791
000638.SZ,20250716,4.85,4.98,4.8,4.92,165697.01,81230.513
000639.SZ,20250716,3.21,3.27,3.2,3.25,302278.23,97897.052
000650.SZ,20250716,5.55,5.65,5.55,5.65,221011.38,123790.349
000651.SZ,20250716,48.09,48.09,47.34,47.48,279248.58,1328279.572
000652.SZ,20250716,4.38,4.46,4.34,4.37,214216.63,94124.834
000655.SZ,20250716,8.42,8.47,8.14,8.22,467464.37,384853.151
000656.SZ,20250716,1.46,1.47,1.45,1.46,412068.03,60087.989
000657.SZ,20250716,12.57,13.29,12.57,13.05,613127.81,798713.987
000659.SZ,20250716,2.72,2.74,2.66,2.71,284401.0,76992.033
000661.SZ,20250716,99.83,100.37,98.97,99.43,41911.42,417053.2
000663.SZ,20250716,6.69,6.9,6.68,6.88,88149.0,60010.549
000665.SZ,20250716,5.16,5.32,5.12,5.27,480924.0,253025.849
000668.SZ,20250716,7.77,8.16,7.75,8.16,39919.58,32094.955
000669.SZ,20250716,2.62,2.72,2.62,2.67,65723.4,17586.259
000670.SZ,20250716,7.45,7.8,7.41,7.68,950454.11,726124.164
000672.SZ,20250716,8.63,8.69,8.51,8.56,77287.43,66280.161
000676.SZ,20250716,8.91,9.13,8.87,9.03,449738.41,404586.273
000677.SZ,20250716,5.49,5.74,5.41,5.46,469952.83,259683.642
000678.SZ,20250716,16.48,17.21,16.08,17.06,1033635.62,1727696.022
000679.SZ,20250716,7.29,7.45,7.25,7.37,107854.34,79175.19
000680.SZ,20250716,9.39,9.45,9.31,9.39,115112.51,107884.925
000681.SZ,20250716,20.25,20.5,20.03,20.27,295720.0,600914.565
000682.SZ,20250716,10.57,10.61,10.44,10.5,107569.04,113176.078
000683.SZ,20250716,4.98,5.0,4.92,4.94,322240.33,159457.245
000685.SZ,20250716,9.2,9.23,9.09,9.13,68215.37,62310.494
000686.SZ,20250716,8.06,8.16,7.99,8.08,256243.14,206978.705
000688.SZ,20250716,13.18,13.25,12.99,13.09,91982.62,120576.61
000690.SZ,20250716,4.8,4.83,4.76,4.79,272991.26,130828.968
000691.SZ,20250716,5.03,5.25,5.03,5.25,135679.0,70611.908
000692.SZ,20250716,3.66,3.68,3.58,3.66,89336.38,32577.004
000695.SZ,20250716,12.46,12.83,12.44,12.61,87386.18,110705.423
000697.SZ,20250716,8.13,8.13,7.93,7.96,67232.0,53788.1
000698.SZ,20250716,3.96,4.03,3.93,4.0,148125.0,59051.37
000700.SZ,20250716,7.42,7.5,7.37,7.49,183095.45,136534.292
000701.SZ,20250716,6.17,6.35,6.17,6.28,265921.0,166896.164
000702.SZ,20250716,7.45,7.54,7.38,7.53,183878.66,137638.856
000703.SZ,20250716,5.82,5.85,5.8,5.81,102528.6,59667.699
000705.SZ,20250716,9.29,9.59,9.21,9.59,139668.36,132720.86
000707.SZ,20250716,6.49,6.51,6.42,6.44,51838.09,33455.22
000708.SZ,20250716,12.62,12.67,12.4,12.5,134790.78,168126.305
000709.SZ,20250716,2.37,2.38,2.31,2.32,936512.56,217925.915
000710.SZ,20250716,13.88,14.24,13.8,14.22,195240.71,275553.404
000711.SZ,20250716,1.78,1.8,1.77,1.79,214605.0,38387.792
000712.SZ,20250716,13.45,14.38,13.37,13.88,731426.54,1012648.445
000713.SZ,20250716,7.06,7.11,7.05,7.1,88387.52,62671.118
000715.SZ,20250716,5.97,6.05,5.9,6.02,115341.0,68855.857
000716.SZ,20250716,6.08,6.11,6.06,6.1,70028.62,42661.634
000717.SZ,20250716,2.79,2.79,2.69,2.71,583187.48,158772.438
000718.SZ,20250716,2.27,2.29,2.25,2.28,245212.2,55802.431
000719.SZ,20250716,13.33,13.41,12.9,12.95,86716.1,113532.474
000720.SZ,20250716,3.84,3.85,3.72,3.72,330269.02,124090.894
000721.SZ,20250716,8.5,8.59,8.48,8.55,76687.0,65568.292
000722.SZ,20250716,12.83,13.16,12.78,13.06,198223.0,257730.072
000723.SZ,20250716,4.61,4.65,4.58,4.61,561623.12,258879.805
000725.SZ,20250716,3.97,3.98,3.94,3.95,3061837.52,1210681.338
000726.SZ,20250716,6.91,6.99,6.87,6.88,184668.04,127947.525
000727.SZ,20250716,2.29,2.32,2.29,2.3,571634.0,131845.656
000728.SZ,20250716,8.2,8.23,8.13,8.18,342693.78,280258.697
000729.SZ,20250716,12.78,12.93,12.74,12.84,156235.67,200387.871
000731.SZ,20250716,7.01,7.03,6.94,6.98,64776.0,45171.166
000733.SZ,20250716,47.03,47.2,46.62,46.84,89630.44,420738.642
000735.SZ,20250716,6.0,6.37,5.99,6.22,509807.8,317268.002
000736.SZ,20250716,4.64,4.68,4.63,4.65,57305.65,26660.535
000737.SZ,20250716,10.98,11.02,10.61,10.72,889143.91,955832.209
000738.SZ,20250716,20.02,20.14,19.89,19.99,67487.01,134998.29
000739.SZ,20250716,14.61,14.81,14.52,14.8,79886.1,117614.693
000750.SZ,20250716,4.19,4.23,4.17,4.19,771058.59,323433.291
000751.SZ,20250716,3.28,3.29,3.21,3.24,271591.72,88077.022
000752.SZ,20250716,8.38,8.45,8.36,8.42,14407.01,12122.721
000753.SZ,20250716,5.58,5.62,5.48,5.52,252724.06,139857.351
000755.SZ,20250716,5.08,5.11,5.05,5.1,55562.0,28209.429
000756.SZ,20250716,16.68,17.86,16.65,17.5,482909.05,839466.458
000757.SZ,20250716,4.64,4.78,4.59,4.73,285657.79,134675.563
000758.SZ,20250716,5.62,5.67,5.51,5.53,1065674.24,593234.496
000759.SZ,20250716,7.46,7.57,7.46,7.51,167454.12,125929.382
000761.SZ,20250716,3.79,3.82,3.73,3.75,99323.39,37272.651
000762.SZ,20250716,19.88,19.95,19.65,19.77,84207.5,166597.378
000766.SZ,20250716,23.83,24.36,23.76,24.28,205904.24,497518.082
000767.SZ,20250716,3.3,3.38,3.23,3.24,1238429.47,406953.219
000768.SZ,20250716,27.4,27.46,27.06,27.14,177969.14,484718.548
000776.SZ,20250716,17.8,17.85,17.45,17.52,443088.39,778024.443
000777.SZ,20250716,21.41,21.49,20.94,21.18,259002.36,548792.7
000778.SZ,20250716,3.68,3.7,3.66,3.67,341659.36,125584.419
000779.SZ,20250716,9.46,9.54,9.4,9.43,69425.65,65742.165
000782.SZ,20250716,4.99,4.99,4.91,4.94,104948.6,51854.937
000783.SZ,20250716,7.12,7.15,7.03,7.08,507245.42,359291.106
000785.SZ,20250716,2.96,3.02,2.95,3.0,539350.0,161760.453
000786.SZ,20250716,25.8,26.1,25.68,26.0,99885.25,259494.62
000788.SZ,20250716,6.42,6.55,6.39,6.53,187374.9,121585.098
000789.SZ,20250716,5.95,5.99,5.82,5.86,122773.4,72269.118
000790.SZ,20250716,3.9,4.01,3.89,4.0,195865.83,77763.035
000791.SZ,20250716,6.95,7.03,6.82,6.9,332490.53,230526.84
000792.SZ,20250716,17.43,17.48,17.11,17.2,411849.23,710363.321
000793.SZ,20250716,2.53,2.58,2.53,2.58,137572.6,35337.804
000795.SZ,20250716,10.91,11.06,10.85,10.97,382817.0,419027.536
000796.SZ,20250716,4.12,4.3,4.1,4.17,837625.81,351507.995
000797.SZ,20250716,2.75,2.78,2.73,2.75,166248.9,45774.976
000798.SZ,20250716,7.76,7.89,7.76,7.86,87371.7,68508.075
000799.SZ,20250716,45.65,49.5,45.51,48.87,224112.53,1071403.003
000800.SZ,20250716,6.85,6.94,6.85,6.93,119021.16,82280.597
000801.SZ,20250716,14.81,15.07,14.8,14.9,113717.01,169847.093
000802.SZ,20250716,4.89,4.97,4.88,4.91,117128.0,57689.512
000803.SZ,20250716,7.28,7.42,7.0,7.17,410898.8,295177.588
000807.SZ,20250716,15.66,15.75,15.49,15.55,398017.9,619871.496
000809.SZ,20250716,3.02,3.08,3.01,3.03,102378.5,31196.932
000810.SZ,20250716,11.23,11.45,11.23,11.28,128344.43,145669.271
000811.SZ,20250716,11.93,12.66,11.72,11.79,920091.77,1108517.842
000812.SZ,20250716,4.62,4.69,4.61,4.69,137406.5,64067.972
000813.SZ,20250716,3.32,3.42,3.29,3.41,486008.81,163664.15
000815.SZ,20250716,13.38,13.8,13.24,13.33,652326.9,881864.175
000816.SZ,20250716,3.12,3.16,3.11,3.14,264523.79,82942.444
000818.SZ,20250716,22.69,23.11,22.3,22.38,456794.5,1036610.785
000819.SZ,20250716,17.95,18.8,17.5,18.27,177382.76,323075.921
000820.SZ,20250716,2.92,3.03,2.9,3.03,194994.27,58653.549
000821.SZ,20250716,11.93,12.0,11.81,11.87,133831.0,159009.591
000822.SZ,20250716,5.68,5.73,5.66,5.71,135724.91,77448.413
000823.SZ,20250716,12.39,12.44,12.07,12.11,334163.74,407254.627
000825.SZ,20250716,4.08,4.1,3.98,3.99,633731.42,254478.46
000826.SZ,20250716,1.94,1.96,1.91,1.95,455647.83,88278.994
000828.SZ,20250716,11.14,11.2,11.05,11.08,56382.67,62617.257
000829.SZ,20250716,9.91,10.08,9.91,9.98,112678.05,112737.085
000830.SZ,20250716,10.4,10.43,10.31,10.34,141482.87,146564.853
000831.SZ,20250716,37.76,38.67,37.68,37.84,489049.6,1863289.947
000833.SZ,20250716,12.04,12.12,11.99,12.06,126071.2,151973.184
000837.SZ,20250716,12.02,12.5,11.96,12.43,554961.03,681603.111
000838.SZ,20250716,2.89,2.92,2.85,2.88,277563.15,79950.957
000839.SZ,20250716,2.68,2.71,2.66,2.69,214937.0,57763.177
000848.SZ,20250716,8.75,8.82,8.7,8.79,225318.34,197260.221
000850.SZ,20250716,4.54,4.56,4.49,4.53,195420.45,88522.607
000851.SZ,20250716,2.8,2.94,2.79,2.94,405437.21,118065.328
000852.SZ,20250716,6.81,6.87,6.76,6.8,132206.1,89987.343
000856.SZ,20250716,11.14,11.14,10.87,10.9,110486.97,121348.26
000858.SZ,20250716,124.6,125.88,124.6,125.28,178699.45,2237883.046
000859.SZ,20250716,6.8,6.84,6.75,6.81,135865.81,92343.082
000860.SZ,20250716,15.47,15.67,15.43,15.59,77147.21,120052.233
000862.SZ,20250716,5.74,5.78,5.7,5.75,122615.0,70417.01
000863.SZ,20250716,3.56,3.61,3.55,3.57,210901.0,75459.148
000868.SZ,20250716,5.77,5.9,5.74,5.85,325241.0,190170.606
000869.SZ,20250716,21.45,21.7,21.43,21.69,16177.0,34932.781
000875.SZ,20250716,5.23,5.27,5.21,5.23,238414.05,124809.488
000876.SZ,20250716,9.71,9.76,9.66,9.68,221182.21,214648.324
000877.SZ,20250716,5.01,5.06,4.99,5.03,168690.92,84905.999
000878.SZ,20250716,12.89,12.96,12.72,12.79,245179.34,314249.294
000880.SZ,20250716,44.88,45.78,43.3,45.78,110209.18,496725.488
000881.SZ,20250716,8.07,8.15,7.99,8.13,135355.44,109362.466
000882.SZ,20250716,1.93,1.95,1.93,1.94,523377.0,101514.092
000883.SZ,20250716,4.58,4.6,4.57,4.59,108183.57,49650.206
000885.SZ,20250716,14.04,14.18,13.92,13.99,30963.84,43334.109
000886.SZ,20250716,6.72,7.07,6.72,6.94,458929.54,319039.143
000887.SZ,20250716,17.2,17.92,17.2,17.76,635532.63,1121138.957
000888.SZ,20250716,13.65,13.84,13.6,13.74,87052.0,119655.819
000889.SZ,20250716,3.62,3.68,3.61,3.66,215903.8,78923.447
000890.SZ,20250716,3.83,4.21,3.8,4.21,295669.02,122523.169
000892.SZ,20250716,4.74,5.14,4.71,4.92,1355007.87,673945.273
000893.SZ,20250716,31.8,32.23,31.31,31.81,76783.0,244171.569
000895.SZ,20250716,24.88,24.98,24.85,24.89,53619.63,133460.952
000897.SZ,20250716,2.37,2.39,2.35,2.37,282403.2,66928.253
000898.SZ,20250716,2.68,2.68,2.61,2.63,505975.15,132947.93
000899.SZ,20250716,9.59,9.75,9.51,9.72,297377.81,286834.112
000900.SZ,20250716,4.42,4.46,4.4,4.43,120111.8,53161.767
000901.SZ,20250716,12.74,12.74,12.32,12.42,462366.19,575092.614
000902.SZ,20250716,13.93,14.1,13.87,13.91,84114.0,117225.275
000903.SZ,20250716,3.47,3.47,3.47,3.47,83410.0,28943.27
000905.SZ,20250716,8.08,8.15,8.06,8.15,81745.0,66391.318
000906.SZ,20250716,6.53,6.54,6.47,6.5,81026.26,52705.0
000908.SZ,20250716,6.03,6.03,5.94,5.94,114385.81,68201.591
000909.SZ,20250716,6.23,6.37,6.22,6.33,27482.0,17311.81
000910.SZ,20250716,7.81,7.82,7.73,7.8,22836.0,17767.229
000911.SZ,20250716,7.46,7.58,7.44,7.55,54366.0,40914.607
000912.SZ,20250716,4.5,4.53,4.49,4.52,73842.19,33347.537
000913.SZ,20250716,16.7,16.91,16.27,16.37,153183.0,252706.08
000915.SZ,20250716,33.01,33.3,32.78,33.06,32406.78,106837.476
000917.SZ,20250716,7.58,7.83,7.57,7.75,480162.25,371974.252
000919.SZ,20250716,6.89,7.11,6.87,7.04,146160.46,102465.272
000920.SZ,20250716,11.17,11.17,11.02,11.1,146143.01,162256.572
000921.SZ,20250716,26.3,26.58,26.3,26.43,99926.25,264413.0
000922.SZ,20250716,11.11,11.25,11.08,11.16,65506.0,73173.566
000923.SZ,20250716,13.81,13.9,13.77,13.84,49016.38,67781.588
000925.SZ,20250716,7.64,7.73,7.62,7.67,85324.31,65481.263
000926.SZ,20250716,2.5,2.69,2.48,2.66,1408237.83,368683.273
000927.SZ,20250716,2.67,2.68,2.64,2.66,314551.6,83747.812
000928.SZ,20250716,6.43,6.46,6.31,6.35,233753.12,148869.222
000929.SZ,20250716,8.19,8.3,8.12,8.17,15752.0,12881.76
000930.SZ,20250716,5.89,5.9,5.84,5.88,118779.7,69764.391
000931.SZ,20250716,5.42,5.57,5.4,5.53,151370.52,83433.545
000932.SZ,20250716,5.27,5.29,5.05,5.1,1561778.92,799432.819
000933.SZ,20250716,16.96,16.98,16.75,16.82,227948.68,383809.416
000935.SZ,20250716,18.84,18.87,18.5,18.61,121483.01,226343.216
000936.SZ,20250716,7.19,7.24,7.12,7.15,377839.07,271500.419
000937.SZ,20250716,5.86,5.9,5.84,5.88,149421.7,87789.356
000938.SZ,20250716,24.96,25.14,24.6,24.67,613888.65,1525860.01
000948.SZ,20250716,20.61,20.87,20.36,20.43,176524.1,362211.6
000949.SZ,20250716,3.8,3.83,3.79,3.8,170864.69,65056.74
000950.SZ,20250716,5.19,5.24,5.18,5.24,175731.17,91480.821
000951.SZ,20250716,18.13,18.2,17.9,18.06,70026.98,126163.646
000952.SZ,20250716,6.63,6.77,6.62,6.73,54463.17,36462.262
000953.SZ,20250716,7.29,7.4,7.25,7.36,175972.0,129255.062
000955.SZ,20250716,5.09,5.44,5.04,5.27,350337.7,184970.805
000957.SZ,20250716,11.21,11.28,11.17,11.23,128115.0,143865.791
000958.SZ,20250716,6.86,6.9,6.83,6.87,285281.82,195914.772
000959.SZ,20250716,3.98,4.0,3.84,3.87,575796.84,224103.818
000960.SZ,20250716,16.19,16.33,16.02,16.25,209506.22,339014.66
000962.SZ,20250716,16.72,16.89,16.55,16.61,102748.05,171398.229
000963.SZ,20250716,42.0,42.66,41.72,42.47,319692.56,1350662.734
000965.SZ,20250716,4.68,4.84,4.52,4.53,2542401.45,1190719.861
000966.SZ,20250716,4.59,4.61,4.54,4.6,297074.31,136160.806
000967.SZ,20250716,6.28,6.37,6.25,6.27,366274.0,230925.356
000968.SZ,20250716,7.01,7.06,7.01,7.03,107198.9,75404.169
000969.SZ,20250716,13.01,13.17,12.95,13.08,265626.45,346924.949
000970.SZ,20250716,12.35,12.45,12.18,12.27,330828.32,406529.745
000972.SZ,20250716,3.14,3.14,3.14,3.14,21369.0,6709.866
000973.SZ,20250716,6.66,6.72,6.65,6.67,148689.0,99365.445
000975.SZ,20250716,18.84,18.98,18.69,18.86,194043.9,365321.894
000977.SZ,20250716,55.31,55.67,54.36,54.52,814363.63,4483836.932
000978.SZ,20250716,6.25,6.31,6.23,6.27,67796.43,42545.757
000980.SZ,20250716,1.95,1.98,1.95,1.97,866519.41,170290.811
000981.SZ,20250716,2.14,2.16,2.12,2.13,2288537.07,488483.798
000983.SZ,20250716,6.43,6.45,6.39,6.41,398856.11,255809.113
000985.SZ,20250716,18.7,18.96,18.6,18.77,16967.0,31883.765
000987.SZ,20250716,7.44,7.53,7.39,7.49,658144.92,492034.394
000988.SZ,20250716,48.27,49.09,47.65,47.7,386980.63,1875331.631
000989.SZ,20250716,11.09,11.43,10.82,11.41,812406.73,903295.978
000990.SZ,20250716,7.46,7.5,7.42,7.44,114947.82,85671.051
000993.SZ,20250716,10.21,10.31,10.11,10.27,110052.21,112776.784
000995.SZ,20250716,14.56,15.08,14.25,14.65,231657.35,337391.826
000997.SZ,20250716,33.01,33.66,32.7,32.7,199925.78,661934.384
000998.SZ,20250716,9.73,9.85,9.73,9.83,90732.82,88991.778
000999.SZ,20250716,30.67,30.96,30.5,30.88,130589.66,401157.367
001201.SZ,20250716,16.74,16.79,16.61,16.77,18957.6,31696.582
001202.SZ,20250716,13.4,13.46,13.24,13.39,23177.4,30941.947
001203.SZ,20250716,10.62,10.64,10.32,10.47,242959.94,253962.387
001205.SZ,20250716,16.21,16.48,16.2,16.42,29415.15,48161.902
001206.SZ,20250716,22.69,22.85,22.5,22.69,45146.23,102223.173
001207.SZ,20250716,23.66,24.09,23.62,23.93,30040.0,71797.281
001208.SZ,20250716,11.15,11.24,11.06,11.18,70386.2,78632.33
001209.SZ,20250716,17.63,17.98,17.52,17.89,21152.93,37744.175
001210.SZ,20250716,14.23,14.37,14.15,14.35,34747.8,49651.756
001211.SZ,20250716,22.91,23.13,22.8,23.0,11616.0,26672.967
001212.SZ,20250716,36.53,37.19,36.48,36.84,47167.3,174252.746
001213.SZ,20250716,4.13,4.14,4.1,4.13,121686.0,50130.33
001215.SZ,20250716,28.0,28.29,27.93,28.21,11067.0,31202.371
001216.SZ,20250716,13.55,13.81,13.49,13.81,33167.0,45378.603
001217.SZ,20250716,11.36,11.46,11.33,11.4,35953.75,41000.138
001218.SZ,20250716,18.06,18.34,18.0,18.25,17416.33,31732.449
001219.SZ,20250716,13.9,13.96,13.82,13.89,17142.22,23849.522
001222.SZ,20250716,18.38,18.73,18.37,18.47,27085.0,50272.568
001223.SZ,20250716,42.86,44.44,42.86,43.55,8946.0,39069.558
001225.SZ,20250716,35.17,35.18,34.76,35.13,4406.0,15431.932
001226.SZ,20250716,28.95,29.28,28.84,29.15,8893.05,25886.706
001227.SZ,20250716,2.64,2.65,2.6,2.63,1062064.48,277993.774
001228.SZ,20250716,24.92,25.16,24.78,24.82,12670.0,31560.073
001229.SZ,20250716,32.79,32.96,32.63,32.77,11718.0,38400.408
001230.SZ,20250716,22.05,22.28,21.82,22.06,37631.4,82862.211
001231.SZ,20250716,20.2,20.57,20.18,20.53,14226.0,29048.802
001234.SZ,20250716,21.55,21.67,21.43,21.51,21487.0,46310.981
001236.SZ,20250716,13.1,13.89,12.94,13.59,753003.0,1004830.023
001238.SZ,20250716,39.71,40.25,39.03,39.89,7697.0,30661.415
001239.SZ,20250716,15.69,15.83,15.54,15.67,56818.0,89031.6
001255.SZ,20250716,32.2,32.25,31.6,32.03,14494.0,46447.65
001256.SZ,20250716,22.5,22.78,22.26,22.47,47994.0,108352.198
001258.SZ,20250716,7.26,7.31,7.2,7.29,118924.0,86436.951
001259.SZ,20250716,26.29,26.47,25.73,26.01,10535.0,27362.533
001260.SZ,20250716,19.5,19.65,19.35,19.64,12078.0,23623.889
001266.SZ,20250716,27.41,27.78,27.2,27.51,25159.2,69001.343
001267.SZ,20250716,12.3,12.3,11.8,11.97,175745.83,210600.171
001268.SZ,20250716,26.7,27.38,26.61,26.93,21706.0,58524.688
001269.SZ,20250716,27.36,27.48,26.87,27.09,54070.58,146601.569
001270.SZ,20250716,40.0,40.08,39.45,39.6,23148.78,91949.547
001277.SZ,20250716,44.4,44.89,43.31,43.45,18373.5,80765.831
001278.SZ,20250716,17.3,17.58,17.23,17.49,29316.63,51094.326
001279.SZ,20250716,39.02,39.58,39.02,39.28,10190.3,40131.608
001282.SZ,20250716,20.31,20.95,20.3,20.79,58703.12,121579.715
001283.SZ,20250716,62.1,65.66,61.68,64.69,46281.95,297167.109
001286.SZ,20250716,8.82,8.84,8.77,8.83,85534.0,75288.727
001287.SZ,20250716,22.18,22.29,21.45,22.29,611225.01,1347019.843
001288.SZ,20250716,19.66,19.89,19.52,19.76,14777.4,29147.022
001289.SZ,20250716,16.43,16.51,16.32,16.34,28640.15,46827.497
001296.SZ,20250716,20.78,20.79,20.37,20.6,45692.66,93809.331
001298.SZ,20250716,30.36,30.52,29.83,30.0,138782.79,418269.279
001299.SZ,20250716,11.62,11.67,11.54,11.66,18585.2,21601.592
001300.SZ,20250716,12.92,13.11,12.76,13.07,30018.0,38986.872
001301.SZ,20250716,49.19,51.42,49.19,50.8,77679.64,394169.648
001306.SZ,20250716,75.9,82.56,75.55,80.24,44822.73,354152.389
001308.SZ,20250716,23.0,23.14,22.86,23.0,21399.66,49314.972
001309.SZ,20250716,83.44,86.3,83.23,83.56,60548.56,512983.939
001311.SZ,20250716,21.0,21.36,20.92,21.28,26096.69,55368.9
001313.SZ,20250716,8.12,8.21,8.04,8.13,63351.0,51424.27
001314.SZ,20250716,46.32,46.87,45.8,46.58,48274.0,224601.534
001316.SZ,20250716,33.43,33.48,32.72,32.74,29932.6,98964.374
001317.SZ,20250716,44.52,45.98,44.51,45.52,30149.0,136912.583
001318.SZ,20250716,13.13,13.2,13.06,13.19,55839.7,73397.941
001319.SZ,20250716,26.55,27.4,26.35,27.4,61382.06,165803.216
001322.SZ,20250716,8.45,8.54,8.45,8.54,25998.0,22086.011
001323.SZ,20250716,31.4,32.01,31.3,31.65,8110.0,25706.549
001324.SZ,20250716,20.03,20.22,19.91,20.09,23640.98,47425.308
001326.SZ,20250716,33.39,33.83,33.35,33.74,6880.23,23196.198
001328.SZ,20250716,44.38,45.32,44.31,44.94,10468.44,47078.7
001330.SZ,20250716,4.58,4.7,4.56,4.64,174104.93,80977.138
001331.SZ,20250716,10.33,10.38,10.26,10.3,38310.4,39474.784
001332.SZ,20250716,36.31,36.89,36.31,36.79,5948.25,21848.797
001333.SZ,20250716,20.8,21.05,20.71,20.92,22143.0,46283.233
001335.SZ,20250716,37.6,37.69,37.37,37.46,8680.02,32577.254
001336.SZ,20250716,22.5,22.56,21.78,22.45,22450.99,49737.161
001337.SZ,20250716,23.89,24.01,23.83,23.94,54070.01,129325.077
001338.SZ,20250716,12.1,12.18,12.04,12.12,70011.41,84688.605
001339.SZ,20250716,50.38,50.58,49.3,49.4,72412.36,360152.608
001356.SZ,20250716,14.97,15.16,14.97,15.05,67510.75,101683.917
001358.SZ,20250716,23.2,23.45,23.0,23.27,9974.6,23176.381
001359.SZ,20250716,37.42,39.33,37.42,38.4,88702.0,340318.521
001360.SZ,20250716,14.22,14.37,14.18,14.3,15734.3,22476.522
001366.SZ,20250716,12.44,12.65,12.39,12.6,28035.0,35152.371
001367.SZ,20250716,22.93,24.08,22.78,23.97,62011.47,146367.011
001368.SZ,20250716,23.37,23.69,23.37,23.6,12352.97,29148.405
001373.SZ,20250716,30.35,30.98,30.28,30.77,11927.0,36656.278
001376.SZ,20250716,12.18,12.33,12.17,12.29,50611.17,61974.715
001378.SZ,20250716,22.58,23.08,22.54,22.92,17639.6,40298.553
001379.SZ,20250716,20.7,20.9,20.56,20.76,21576.81,44835.511
001380.SZ,20250716,21.08,21.44,21.0,21.18,42137.83,89476.334
001382.SZ,20250716,21.08,21.15,20.98,21.09,23171.16,48836.075
001387.SZ,20250716,14.81,15.27,14.6,14.75,150227.2,223278.06
001388.SZ,20250716,46.3,46.76,46.23,46.62,31973.46,148843.377
001389.SZ,20250716,63.0,63.01,60.01,60.32,155030.37,940952.559
001390.SZ,20250716,24.35,24.47,24.21,24.28,46783.58,113801.951
001391.SZ,20250716,6.81,6.88,6.81,6.85,178824.26,122477.381
001395.SZ,20250716,45.77,46.07,45.45,45.99,11705.27,53705.542
001400.SZ,20250716,58.0,58.45,57.8,58.16,6701.73,38992.268
001696.SZ,20250716,23.2,23.53,23.03,23.3,269581.14,627902.037
001872.SZ,20250716,20.41,20.49,20.32,20.36,16949.0,34519.373
001896.SZ,20250716,6.55,6.92,6.25,6.92,1086118.02,722339.387
001914.SZ,20250716,12.18,12.22,12.07,12.18,47669.07,57890.774
001965.SZ,20250716,11.9,11.96,11.87,11.9,80387.09,95791.158
001979.SZ,20250716,8.93,8.97,8.82,8.86,609257.1,540635.496
002001.SZ,20250716,21.5,21.6,21.48,21.54,148992.22,320763.019
002003.SZ,20250716,10.55,10.78,10.54,10.71,200669.05,214564.597
002004.SZ,20250716,4.37,4.41,4.34,4.41,156206.5,68363.04
002005.SZ,20250716,2.48,2.61,2.48,2.57,390765.11,101179.622
002006.SZ,20250716,16.39,16.47,16.26,16.41,111750.07,183175.404
002007.SZ,20250716,15.99,16.1,15.95,16.09,133567.92,214452.089
002008.SZ,20250716,24.22,24.43,24.14,24.28,138841.71,337460.354
002009.SZ,20250716,15.77,15.93,15.62,15.83,167069.23,263804.402
002010.SZ,20250716,5.47,5.57,5.45,5.56,279712.77,154901.88
002011.SZ,20250716,11.62,11.72,11.57,11.64,96757.65,112607.928
002012.SZ,20250716,5.4,5.41,5.28,5.31,63993.0,34100.156
002014.SZ,20250716,11.9,11.97,11.86,11.94,12611.51,15035.362
002015.SZ,20250716,12.93,12.95,12.29,12.49,1001428.38,1252654.451
002016.SZ,20250716,5.64,5.72,5.61,5.66,65806.0,37312.035
002017.SZ,20250716,16.9,18.24,16.9,18.24,1312395.65,2320783.785
002019.SZ,20250716,14.43,14.55,14.19,14.42,168310.0,242059.314
002020.SZ,20250716,15.2,15.66,15.09,15.52,231055.71,356480.048
002021.SZ,20250716,2.36,2.4,2.35,2.39,231062.01,54998.316
002022.SZ,20250716,6.54,6.58,6.46,6.57,84801.13,55254.679
002023.SZ,20250716,10.42,10.53,10.4,10.45,84380.0,88333.755
002024.SZ,20250716,1.91,1.93,1.91,1.92,128134.52,24580.804
002025.SZ,20250716,49.45,51.07,49.45,49.81,52862.56,264912.588
002026.SZ,20250716,11.66,11.88,11.66,11.86,93492.14,110491.257
002027.SZ,20250716,7.66,7.74,7.5,7.55,981637.37,745601.616
002028.SZ,20250716,82.58,82.71,79.7,80.1,133895.22,1083342.228
002029.SZ,20250716,6.81,6.88,6.78,6.87,64806.0,44406.004
002030.SZ,20250716,6.24,6.3,6.19,6.3,180640.46,113113.19
002031.SZ,20250716,8.0,8.22,7.96,8.08,822472.83,665146.288
002032.SZ,20250716,52.75,53.18,52.46,52.78,10762.64,56797.642
002033.SZ,20250716,8.7,8.78,8.69,8.73,69300.36,60547.221
002034.SZ,20250716,17.3,17.36,16.97,17.03,36201.19,61896.747
002035.SZ,20250716,6.42,6.46,6.39,6.44,92662.0,59534.342
002036.SZ,20250716,10.73,10.86,10.65,10.76,316743.74,341507.774
002037.SZ,20250716,9.1,10.03,9.06,9.64,616529.0,598477.203
002038.SZ,20250716,7.48,7.67,7.47,7.66,220539.76,167433.421
002039.SZ,20250716,15.98,16.86,15.98,16.46,163616.8,269799.641
002040.SZ,20250716,10.28,10.44,10.15,10.17,200291.0,205300.766
002041.SZ,20250716,9.75,9.89,9.74,9.84,64147.04,62982.393
002042.SZ,20250716,4.6,4.67,4.58,4.62,258727.63,119941.543
002043.SZ,20250716,9.95,9.98,9.87,9.94,60515.0,60032.282
002044.SZ,20250716,4.99,5.2,4.98,5.1,1798798.19,919811.311
002045.SZ,20250716,15.35,15.58,15.33,15.41,148164.0,229364.541
002046.SZ,20250716,15.9,16.8,15.85,16.52,346854.19,571759.429
002047.SZ,20250716,2.08,2.1,2.04,2.05,155638.31,32137.206
002048.SZ,20250716,18.51,18.9,18.31,18.55,319168.01,592700.095
002049.SZ,20250716,66.1,67.79,66.0,66.37,132185.76,885037.453
002050.SZ,20250716,26.6,28.17,26.57,27.53,1609092.1,4418392.633
002051.SZ,20250716,8.46,8.49,8.37,8.41,99683.0,83911.282
002052.SZ,20250716,11.28,11.66,11.11,11.15,240194.04,270631.89
002053.SZ,20250716,10.71,10.75,10.66,10.69,34973.46,37437.048
002054.SZ,20250716,7.14,7.19,7.08,7.13,59410.46,42364.602
002055.SZ,20250716,7.6,8.04,7.38,7.84,1092756.32,839109.835
002056.SZ,20250716,15.59,16.07,15.5,15.74,1020592.46,1605694.968
002057.SZ,20250716,9.41,9.46,9.14,9.18,348618.94,322701.646
002058.SZ,20250716,13.89,13.89,13.89,13.89,6464.0,8978.496
002059.SZ,20250716,5.08,5.12,5.08,5.1,70660.0,36076.844
002060.SZ,20250716,3.64,3.65,3.6,3.61,163122.0,59016.652
002061.SZ,20250716,4.03,4.08,4.02,4.04,200656.0,81156.176
002062.SZ,20250716,4.97,4.99,4.88,4.94,204787.34,100898.492
002063.SZ,20250716,6.21,6.38,6.18,6.22,509389.19,319301.154
002064.SZ,20250716,6.76,6.78,6.69,6.75,242475.84,162924.911
002065.SZ,20250716,9.49,9.55,9.35,9.4,686819.15,648397.456
002066.SZ,20250716,12.48,12.49,12.32,12.37,31603.0,39126.178
002067.SZ,20250716,4.01,4.2,3.99,4.07,888514.58,364669.591
002068.SZ,20250716,10.0,10.3,9.99,10.2,120975.58,123290.738
002069.SZ,20250716,4.0,4.02,3.97,4.0,103584.99,41432.511
002072.SZ,20250716,5.71,5.84,5.68,5.72,50031.0,28698.768
002073.SZ,20250716,8.7,8.85,8.69,8.75,148079.0,129769.502
002074.SZ,20250716,29.39,29.66,29.21,29.42,367657.7,1081032.123
002075.SZ,20250716,6.03,6.1,5.88,5.94,508647.0,303984.825
002076.SZ,20250716,1.86,1.9,1.85,1.89,300449.39,56246.616
002077.SZ,20250716,13.96,14.15,13.9,13.99,87482.94,122852.611
002078.SZ,20250716,13.58,13.62,13.41,13.54,168320.64,227443.019
002079.SZ,20250716,10.0,10.04,9.91,9.95,101460.0,101214.032
002080.SZ,20250716,24.82,25.47,24.53,24.73,365256.18,913558.343
002081.SZ,20250716,3.69,3.71,3.64,3.66,146487.5,53683.446
002082.SZ,20250716,8.09,8.57,7.9,8.57,983001.39,806141.653
002083.SZ,20250716,4.92,4.94,4.89,4.92,86435.37,42465.694
002084.SZ,20250716,3.51,3.6,3.5,3.59,197696.87,70460.49
002085.SZ,20250716,16.1,16.49,16.04,16.42,764965.97,1246522.231
002086.SZ,20250716,2.96,2.99,2.9,2.94,2514899.24,739668.979
002088.SZ,20250716,10.47,10.64,10.47,10.59,52549.87,55576.646
002090.SZ,20250716,10.55,10.68,10.4,10.57,113903.99,119640.071
002091.SZ,20250716,7.28,7.31,7.26,7.29,76078.42,55436.485
002092.SZ,20250716,4.61,4.62,4.59,4.6,205124.9,94467.978
002093.SZ,20250716,12.71,12.91,12.66,12.75,502048.21,641185.282
002094.SZ,20250716,9.45,9.64,9.34,9.48,1067760.09,1010886.162
002095.SZ,20250716,21.41,21.49,21.11,21.26,106355.84,226450.592
002096.SZ,20250716,12.97,13.72,12.89,12.94,222556.69,295211.916
002097.SZ,20250716,7.94,8.0,7.9,7.98,112932.45,89897.397
002098.SZ,20250716,9.63,10.25,9.63,10.06,369309.7,369799.201
002099.SZ,20250716,6.12,6.22,6.09,6.2,130989.0,80752.884
002100.SZ,20250716,6.29,6.34,6.29,6.33,204134.23,128935.408
002101.SZ,20250716,12.67,12.76,12.57,12.66,102258.19,129377.5
002102.SZ,20250716,3.95,4.16,3.94,4.09,1478488.47,598113.613
002103.SZ,20250716,10.55,10.79,10.48,10.59,249418.6,265617.099
002104.SZ,20250716,21.96,24.35,21.1,23.52,2357130.18,5402499.453
002105.SZ,20250716,7.5,7.63,7.48,7.59,116047.54,87944.17
002106.SZ,20250716,10.39,10.45,10.33,10.4,83705.53,87010.048
002107.SZ,20250716,6.82,7.0,6.67,6.69,527001.1,356710.786
002108.SZ,20250716,3.67,3.68,3.63,3.65,279073.44,102039.249
002109.SZ,20250716,3.49,3.5,3.46,3.48,142562.01,49619.946
002110.SZ,20250716,4.14,4.17,4.06,4.1,505744.5,207649.255
002111.SZ,20250716,10.6,10.68,10.56,10.65,64603.4,68737.32
002112.SZ,20250716,14.1,14.2,13.71,13.73,114296.91,158952.043
002114.SZ,20250716,6.99,7.05,6.93,6.94,109580.0,76463.663
002115.SZ,20250716,8.51,8.63,8.5,8.54,383079.73,327965.747
002116.SZ,20250716,10.47,10.47,10.35,10.38,51323.0,53422.342
002117.SZ,20250716,11.34,12.47,11.34,12.47,656257.25,796645.988
002119.SZ,20250716,16.47,16.73,16.34,16.53,98557.23,163539.578
002120.SZ,20250716,6.96,7.0,6.92,6.96,207001.74,143950.691
002121.SZ,20250716,6.3,6.36,6.01,6.03,1996887.38,1221854.543
002122.SZ,20250716,3.99,4.09,3.98,4.06,511366.6,207566.952
002123.SZ,20250716,14.38,14.84,14.35,14.58,467407.68,684662.821
002124.SZ,20250716,3.02,3.04,3.01,3.03,265470.59,80250.299
002125.SZ,20250716,13.19,13.37,13.17,13.27,182845.78,242742.375
002126.SZ,20250716,23.85,26.0,23.85,25.43,859756.25,2153971.447
002127.SZ,20250716,3.82,3.9,3.82,3.85,366311.38,141531.012
002128.SZ,20250716,19.36,19.58,19.21,19.22,49140.73,94828.335
002129.SZ,20250716,8.16,8.18,8.04,8.16,558926.95,453619.195
002130.SZ,20250716,24.94,25.0,24.28,24.33,871716.01,2142929.573
002131.SZ,20250716,3.89,3.93,3.74,3.76,12657986.72,4839509.87
002132.SZ,20250716,3.74,3.74,3.62,3.65,334840.53,122404.051
002133.SZ,20250716,3.41,3.41,3.16,3.19,1179502.6,379586.029
002134.SZ,20250716,21.34,21.7,21.25,21.29,51292.02,110113.563
002135.SZ,20250716,4.36,4.36,4.32,4.34,91744.01,39790.491
002136.SZ,20250716,10.65,10.69,10.5,10.51,88214.01,93264.352
002137.SZ,20250716,8.5,8.58,8.47,8.53,99682.0,84862.244
002138.SZ,20250716,28.82,28.95,28.5,28.58,62448.0,179312.117
002139.SZ,20250716,13.85,14.02,13.78,13.95,257893.33,359034.827
002140.SZ,20250716,9.65,9.7,9.45,9.55,95890.2,91555.73
002141.SZ,20250716,3.93,3.97,3.87,3.91,321868.0,125943.996
002142.SZ,20250716,27.09,27.15,26.57,26.77,293746.4,786223.046
002144.SZ,20250716,11.83,12.08,11.79,12.04,49141.0,58907.351
002145.SZ,20250716,4.19,4.21,4.17,4.19,288912.35,121023.467
002146.SZ,20250716,1.41,1.43,1.4,1.41,792398.0,112118.931
002148.SZ,20250716,6.96,7.06,6.95,7.02,113147.1,79499.896
002149.SZ,20250716,19.43,19.84,19.31,19.67,140619.98,276308.008
002150.SZ,20250716,11.9,11.96,11.82,11.9,50968.83,60585.349
002151.SZ,20250716,27.4,27.65,27.35,27.61,53973.0,148678.886
002152.SZ,20250716,13.87,13.95,13.73,13.83,398027.87,550247.82
002153.SZ,20250716,10.41,10.64,10.21,10.26,889378.59,922085.822
002154.SZ,20250716,3.83,3.87,3.82,3.85,184347.98,71004.327
002155.SZ,20250716,17.96,18.05,17.82,17.9,296691.62,531454.698
002156.SZ,20250716,25.77,26.66,25.76,25.91,615715.23,1610081.973
002157.SZ,20250716,2.78,2.82,2.78,2.81,530800.11,148411.521
002158.SZ,20250716,17.5,17.75,17.5,17.68,58776.54,103897.702
002159.SZ,20250716,15.49,15.55,15.27,15.42,30253.5,46632.068
002160.SZ,20250716,4.32,4.34,4.27,4.29,149276.04,64136.921
002161.SZ,20250716,7.48,7.7,7.12,7.3,1326250.37,980232.764
002162.SZ,20250716,4.24,4.28,4.21,4.27,169602.0,72116.253
002163.SZ,20250716,9.53,10.1,9.53,9.96,429463.37,426324.112
002164.SZ,20250716,9.47,9.64,9.37,9.56,391710.0,373221.919
002165.SZ,20250716,9.28,9.35,9.2,9.26,369660.85,342801.24
002166.SZ,20250716,8.15,8.3,8.07,8.24,185396.65,152136.259
002167.SZ,20250716,10.81,10.88,10.56,10.62,482253.1,515920.775
002168.SZ,20250716,3.61,3.7,3.58,3.61,72598.09,26354.623
002169.SZ,20250716,6.39,6.42,6.32,6.35,65938.16,41910.144
002170.SZ,20250716,10.44,10.52,10.18,10.24,341769.35,353263.517
002171.SZ,20250716,8.95,8.99,8.77,8.81,423738.05,374746.947
002172.SZ,20250716,3.87,3.9,3.84,3.89,214113.4,83074.108
002173.SZ,20250716,13.88,14.01,13.72,13.94,309891.84,429656.185
002174.SZ,20250716,12.65,13.23,12.65,12.97,677582.93,880528.038
002175.SZ,20250716,4.52,4.63,4.49,4.5,537250.8,244047.374
002176.SZ,20250716,7.23,7.27,7.18,7.2,222318.0,160459.819
002177.SZ,20250716,6.74,6.8,6.68,6.77,554045.14,373628.254
002178.SZ,20250716,6.41,6.66,6.4,6.44,579452.0,377538.212
002179.SZ,20250716,38.6,39.12,38.2,38.53,123835.04,477801.629
002180.SZ,20250716,25.5,25.6,24.85,25.04,153313.0,384859.486
002181.SZ,20250716,7.0,7.06,6.93,6.94,308378.64,215498.007
002182.SZ,20250716,11.85,11.93,11.82,11.87,80391.92,95414.499
002183.SZ,20250716,4.65,4.71,4.61,4.61,405888.06,188634.583
002184.SZ,20250716,13.48,13.49,13.24,13.31,139157.47,185838.542
002185.SZ,20250716,9.83,10.0,9.81,9.89,560301.44,555645.618
002186.SZ,20250716,10.63,10.77,10.62,10.7,39703.95,42526.135
002187.SZ,20250716,6.36,6.48,6.35,6.45,102069.43,65668.372
002188.SZ,20250716,5.65,5.74,5.62,5.74,70484.81,40120.385
002189.SZ,20250716,25.47,25.48,24.93,25.06,118673.53,298127.069
002190.SZ,20250716,35.12,35.2,34.65,34.87,123117.0,430656.841
002191.SZ,20250716,4.0,4.02,3.99,4.0,104434.52,41766.302
002192.SZ,20250716,33.29,33.32,32.41,32.71,105472.66,346553.001
002193.SZ,20250716,6.15,6.25,6.09,6.2,66040.0,40837.471
002194.SZ,20250716,13.0,13.22,12.98,13.11,268211.21,351887.865
002195.SZ,20250716,5.62,5.83,5.56,5.65,3915565.02,2227430.144
002196.SZ,20250716,9.02,9.34,8.98,9.2,437459.0,402488.031
002197.SZ,20250716,7.13,7.25,7.1,7.18,78615.48,56412.339
002198.SZ,20250716,6.44,6.59,6.41,6.59,85602.0,55860.953
002199.SZ,20250716,8.7,8.94,8.67,8.82,50511.68,44564.632
002200.SZ,20250716,7.77,8.01,7.77,7.98,38855.69,30684.087
002201.SZ,20250716,8.04,8.09,7.93,7.96,298103.33,238047.115
002202.SZ,20250716,9.75,9.81,9.68,9.72,263895.72,256588.094
002203.SZ,20250716,10.44,10.55,10.41,10.42,72505.38,75728.904
002204.SZ,20250716,6.26,6.32,6.22,6.31,533185.0,334843.354
002205.SZ,20250716,11.26,11.4,11.16,11.18,57905.0,64940.613
002206.SZ,20250716,5.71,5.74,5.6,5.62,366927.74,206957.848
002207.SZ,20250716,7.35,7.38,7.31,7.36,136888.0,100651.308
002208.SZ,20250716,7.28,7.3,7.15,7.18,200169.01,144432.501
002209.SZ,20250716,17.19,18.54,17.19,18.54,229003.01,409044.699
002210.SZ,20250716,3.01,3.02,2.87,2.88,1877638.46,547850.671
002211.SZ,20250716,2.9,2.94,2.89,2.93,47465.0,13874.036
002212.SZ,20250716,8.25,8.3,8.15,8.25,418000.8,343805.034
002213.SZ,20250716,17.09,17.38,16.99,17.14,173741.06,298791.862
002214.SZ,20250716,10.35,10.45,10.34,10.43,24098.6,25007.183
002215.SZ,20250716,10.29,10.41,10.29,10.36,165852.0,171829.067
002216.SZ,20250716,10.99,11.11,10.99,11.06,27927.24,30865.294
002217.SZ,20250716,2.52,2.56,2.51,2.54,717216.0,181935.985
002218.SZ,20250716,3.95,3.99,3.76,3.81,1807666.21,690667.348
002219.SZ,20250716,2.13,2.16,2.12,2.14,448135.65,96039.754
002221.SZ,20250716,9.63,9.68,9.45,9.58,122357.4,116963.526
002222.SZ,20250716,32.95,33.72,32.88,33.12,86630.4,289109.325
002223.SZ,20250716,34.5,34.96,34.45,34.95,90943.9,316493.664
002224.SZ,20250716,4.54,4.59,4.52,4.57,142850.0,65301.433
002225.SZ,20250716,6.13,6.18,5.95,6.02,410881.61,247212.322
002226.SZ,20250716,5.7,5.72,5.58,5.6,314161.04,176365.954
002227.SZ,20250716,13.84,14.06,13.73,13.8,61953.02,85949.097
002228.SZ,20250716,3.6,3.7,3.6,3.62,178344.05,64853.472
002229.SZ,20250716,17.1,18.69,17.1,18.69,680917.92,1250606.029
002230.SZ,20250716,47.36,47.86,46.91,47.08,282587.89,1338939.509
002231.SZ,20250716,3.0,3.04,2.97,3.02,78874.0,23689.276
002232.SZ,20250716,18.17,18.27,18.03,18.06,54211.0,98390.705
002233.SZ,20250716,8.07,8.16,7.96,8.03,104565.19,83822.891
002234.SZ,20250716,8.11,8.28,8.1,8.24,57076.17,46825.974
002235.SZ,20250716,9.65,10.1,9.48,9.64,1668570.14,1635004.728
002236.SZ,20250716,16.2,16.28,16.04,16.09,386357.02,623764.315
002237.SZ,20250716,11.98,12.08,11.91,12.05,131891.08,158237.685
002238.SZ,20250716,8.6,8.77,8.58,8.66,68931.4,59873.184
002239.SZ,20250716,2.89,2.93,2.88,2.92,595873.0,173599.363
002240.SZ,20250716,12.89,13.0,12.71,12.76,179203.8,229970.047
002241.SZ,20250716,22.58,22.84,22.22,22.26,701542.53,1576229.329
002242.SZ,20250716,9.76,9.82,9.75,9.82,31265.79,30610.605
002243.SZ,20250716,8.11,8.21,8.11,8.16,55981.0,45728.747
002244.SZ,20250716,9.93,9.99,9.66,9.7,350783.79,342905.726
002245.SZ,20250716,14.08,14.19,13.85,13.92,402898.0,563755.4
002246.SZ,20250716,14.52,14.9,14.45,14.7,219363.01,322506.608
002247.SZ,20250716,2.71,2.75,2.69,2.73,194482.0,53001.668
002248.SZ,20250716,9.1,9.14,9.02,9.1,132742.0,120754.885
002249.SZ,20250716,6.77,6.79,6.71,6.75,327725.13,221364.751
002250.SZ,20250716,10.38,10.56,10.36,10.46,321580.23,336317.724
002251.SZ,20250716,4.87,5.01,4.86,4.94,586884.03,289528.034
002252.SZ,20250716,6.86,6.94,6.85,6.93,427482.25,294822.326
002253.SZ,20250716,9.91,10.1,9.91,10.09,22421.51,22513.423
002254.SZ,20250716,10.23,10.31,10.21,10.25,68282.77,69981.491
002255.SZ,20250716,8.89,8.92,8.77,8.83,247066.0,217919.226
002256.SZ,20250716,2.29,2.3,2.26,2.29,288902.0,65979.975
002258.SZ,20250716,11.44,11.57,11.35,11.53,136005.4,155845.674
002259.SZ,20250716,4.25,4.32,4.16,4.19,137479.0,58333.916
002261.SZ,20250716,31.35,31.36,30.54,30.65,745477.64,2303547.774
002262.SZ,20250716,21.61,22.54,21.59,22.42,301689.42,669225.063
002263.SZ,20250716,3.79,3.89,3.76,3.81,1824177.0,697640.567
002264.SZ,20250716,6.56,6.61,6.51,6.55,127797.0,83814.056
002265.SZ,20250716,27.71,28.48,27.28,27.78,353930.54,989325.012
002266.SZ,20250716,3.26,3.27,3.21,3.22,428903.8,138371.519
002267.SZ,20250716,7.8,7.86,7.8,7.85,62786.12,49196.504
002268.SZ,20250716,17.57,17.7,17.45,17.55,112216.59,196980.587
002269.SZ,20250716,1.93,1.95,1.91,1.93,942971.0,182238.044
002270.SZ,20250716,17.11,17.33,17.0,17.22,55165.24,94888.03
002271.SZ,20250716,11.25,11.37,11.18,11.29,222535.32,250615.553
002272.SZ,20250716,10.57,11.08,10.56,10.75,471336.0,510896.996
002273.SZ,20250716,19.67,20.0,19.48,19.71,366761.42,727350.509
002274.SZ,20250716,6.84,6.87,6.8,6.82,105111.01,71787.489
002275.SZ,20250716,14.7,14.95,14.68,14.94,45713.43,67842.375
002276.SZ,20250716,14.56,14.65,14.39,14.4,522667.88,758560.225
002277.SZ,20250716,5.9,5.97,5.86,5.94,209450.53,124300.999
002278.SZ,20250716,9.28,9.34,9.08,9.27,257541.13,237492.146
002279.SZ,20250716,7.13,7.18,6.98,7.06,621011.54,439052.989
002281.SZ,20250716,48.77,49.07,47.39,47.47,446461.22,2152057.57
002282.SZ,20250716,7.66,7.75,7.65,7.75,59887.75,46193.883
002283.SZ,20250716,6.18,6.29,6.17,6.27,218283.79,136328.608
002284.SZ,20250716,11.15,11.3,11.11,11.26,189344.71,212439.692
002285.SZ,20250716,2.42,2.46,2.4,2.42,278262.0,67548.255
002286.SZ,20250716,10.84,11.02,10.84,10.92,153289.7,167493.68
002287.SZ,20250716,22.38,22.68,22.34,22.66,16097.0,36313.232
002289.SZ,20250716,16.53,18.1,16.52,17.78,95262.66,158707.273
002290.SZ,20250716,32.02,32.3,31.56,31.86,34313.42,109429.077
002291.SZ,20250716,6.3,6.69,6.29,6.39,442808.0,285925.354
002292.SZ,20250716,9.71,9.98,9.7,9.82,830027.48,817992.889
002293.SZ,20250716,9.0,9.13,8.98,9.05,32417.51,29420.312
002294.SZ,20250716,46.68,48.65,46.38,48.32,159957.58,765429.323
002295.SZ,20250716,9.83,10.98,9.83,10.37,420576.09,438923.979
002296.SZ,20250716,11.52,11.56,11.4,11.46,76102.02,87310.497
002297.SZ,20250716,7.74,7.83,7.66,7.7,146110.17,112853.005
002298.SZ,20250716,7.14,7.17,6.93,6.98,905362.0,636557.774
002299.SZ,20250716,16.22,16.3,16.06,16.2,132674.71,214725.869
002300.SZ,20250716,6.53,6.57,6.48,6.5,147102.33,95905.487
002301.SZ,20250716,6.95,7.12,6.95,7.05,105553.99,74564.66
002302.SZ,20250716,6.07,6.09,6.0,6.06,84980.0,51338.941
002303.SZ,20250716,3.66,3.73,3.66,3.72,236462.0,87518.975
002304.SZ,20250716,66.15,66.95,66.15,66.81,45836.01,305719.395
002305.SZ,20250716,2.31,2.39,2.3,2.36,275475.5,64922.046
002306.SZ,20250716,1.9,1.93,1.89,1.92,117360.0,22439.892
002307.SZ,20250716,3.92,3.92,3.87,3.88,113277.31,44087.035
002309.SZ,20250716,3.26,3.28,3.2,3.27,250105.56,81212.819
002310.SZ,20250716,2.13,2.14,2.11,2.12,464453.95,98610.319
002311.SZ,20250716,55.4,56.33,55.23,56.1,62805.7,351287.509
002312.SZ,20250716,11.28,11.29,11.23,11.26,181036.62,203778.105
002313.SZ,20250716,9.52,9.7,9.52,9.61,85957.0,82816.952
002314.SZ,20250716,3.03,3.07,2.95,2.97,1012877.81,302331.774
002315.SZ,20250716,50.18,53.82,50.11,51.32,177379.89,929252.333
002316.SZ,20250716,5.18,5.21,5.07,5.15,90670.29,46601.917
002317.SZ,20250716,15.88,16.71,15.88,16.55,759152.61,1248752.186
002318.SZ,20250716,23.7,23.86,23.36,23.47,57889.0,136238.606
002319.SZ,20250716,12.06,12.4,11.99,12.3,47859.0,58551.69
002320.SZ,20250716,6.54,6.78,6.53,6.64,266258.85,177780.115
002321.SZ,20250716,2.42,2.46,2.4,2.44,267732.0,65168.819
002322.SZ,20250716,12.55,12.66,12.5,12.58,23943.0,30098.804
002323.SZ,20250716,1.61,1.63,1.59,1.62,477292.0,76915.537
002324.SZ,20250716,11.97,12.18,11.81,11.89,321933.51,386324.336
002326.SZ,20250716,13.31,13.47,13.12,13.32,238737.84,316662.985
002327.SZ,20250716,7.31,7.34,7.3,7.32,39568.0,28974.058
002328.SZ,20250716,5.84,5.94,5.83,5.9,122467.7,72073.718
002329.SZ,20250716,3.69,4.16,3.68,4.16,1488215.87,580285.012
002330.SZ,20250716,4.7,4.77,4.67,4.76,93164.77,44152.671
002331.SZ,20250716,8.1,8.14,8.02,8.05,80357.0,64890.874
002332.SZ,20250716,9.49,9.65,9.49,9.63,198662.5,190656.559
002333.SZ,20250716,5.65,5.71,5.62,5.69,42678.0,24213.421
002334.SZ,20250716,8.2,8.28,8.13,8.19,204903.0,168129.0
002335.SZ,20250716,43.08,44.4,42.88,43.36,436858.04,1907969.176
002337.SZ,20250716,6.02,6.05,5.97,6.03,132406.52,79638.401
002338.SZ,20250716,43.9,45.89,43.89,44.4,61014.0,272955.232
002339.SZ,20250716,8.13,8.18,8.08,8.11,143885.9,116822.18
002340.SZ,20250716,6.39,6.42,6.33,6.36,521268.07,331776.022
002342.SZ,20250716,7.1,7.55,6.86,7.35,1617136.5,1161997.859
002343.SZ,20250716,7.54,7.74,7.53,7.63,246804.35,189031.644
002344.SZ,20250716,4.45,4.5,4.42,4.49,114143.0,51148.461
002345.SZ,20250716,13.26,13.61,13.2,13.55,218062.55,293449.758
002346.SZ,20250716,13.1,13.3,13.0,13.16,38196.0,50286.134
002347.SZ,20250716,7.09,7.57,7.08,7.4,561253.0,413659.511
002348.SZ,20250716,3.78,3.87,3.77,3.85,210897.0,80975.163
002349.SZ,20250716,7.37,7.52,7.35,7.52,170451.0,127122.956
002350.SZ,20250716,7.2,7.23,7.1,7.15,78616.5,56313.785
002351.SZ,20250716,13.14,13.27,13.11,13.19,86713.23,114535.203
002352.SZ,20250716,46.97,47.18,46.61,47.04,135915.83,637313.991
002353.SZ,20250716,37.08,37.57,36.53,37.52,84477.55,314010.42
002354.SZ,20250716,6.74,6.83,6.65,6.77,1427624.39,962690.494
002355.SZ,20250716,6.61,6.78,6.45,6.47,1135271.59,743181.307
002356.SZ,20250716,3.5,3.58,3.35,3.38,790023.83,271783.448
002357.SZ,20250716,9.83,9.91,9.65,9.75,75029.0,73355.486
002358.SZ,20250716,5.21,5.26,5.18,5.23,130240.5,68053.08
002360.SZ,20250716,5.3,5.37,5.28,5.35,65403.0,34791.978
002361.SZ,20250716,6.34,6.39,6.25,6.27,210890.0,132955.655
002362.SZ,20250716,22.48,22.71,22.3,22.38,50872.49,114513.406
002363.SZ,20250716,8.1,8.18,7.99,8.13,168643.2,136676.619
002364.SZ,20250716,16.42,17.48,16.15,16.45,892373.09,1502759.318
002365.SZ,20250716,23.12,23.65,23.11,23.4,295019.81,690409.082
002366.SZ,20250716,8.79,8.84,8.4,8.5,2429497.14,2082811.648
002367.SZ,20250716,7.42,7.59,7.38,7.57,149259.63,112192.423
002368.SZ,20250716,24.09,24.28,23.85,24.11,127517.95,307541.799
002369.SZ,20250716,8.77,8.92,8.75,8.81,165374.01,146201.852
002370.SZ,20250716,3.99,4.41,3.99,4.41,1536997.15,659786.577
002371.SZ,20250716,322.5,325.36,320.6,320.86,35953.99,1158400.393
002372.SZ,20250716,10.57,10.59,10.5,10.55,85886.04,90624.375
002373.SZ,20250716,9.77,10.08,9.74,9.97,766023.94,759721.949
002374.SZ,20250716,2.84,2.94,2.81,2.89,249610.68,71766.467
002375.SZ,20250716,4.02,4.04,3.99,4.03,85994.0,34506.764
002376.SZ,20250716,7.99,8.09,7.9,8.03,382003.83,305498.015
002377.SZ,20250716,3.27,3.34,3.24,3.32,402237.0,132623.815
002378.SZ,20250716,8.09,8.41,8.03,8.28,382496.63,316602.964
002379.SZ,20250716,13.26,13.62,13.16,13.36,173920.0,232866.931
002380.SZ,20250716,25.02,25.17,24.64,24.8,57091.0,142250.699
002381.SZ,20250716,6.74,6.84,6.73,6.83,40244.03,27388.002
002382.SZ,20250716,5.96,6.1,5.87,6.08,252401.47,151853.858
002383.SZ,20250716,9.66,9.77,9.64,9.7,142669.0,138462.632
002384.SZ,20250716,51.48,52.2,50.28,50.28,615172.39,3141598.014
002385.SZ,20250716,4.09,4.12,4.08,4.11,481695.39,197916.165
002386.SZ,20250716,5.0,5.0,4.9,4.94,271523.8,133964.723
002387.SZ,20250716,9.17,9.34,9.17,9.23,89417.0,82760.087
002388.SZ,20250716,4.49,4.53,4.44,4.48,122782.0,55020.627
002389.SZ,20250716,24.12,24.3,23.7,24.08,239858.0,576965.671
002390.SZ,20250716,3.59,3.66,3.59,3.66,218507.56,79445.501
002391.SZ,20250716,5.87,5.92,5.83,5.9,95623.02,56186.017
002392.SZ,20250716,6.38,6.58,6.35,6.52,264340.0,170832.713
002393.SZ,20250716,22.36,23.88,22.18,23.88,342406.38,790294.779
002394.SZ,20250716,10.32,10.67,9.93,10.67,754003.36,792361.385
002395.SZ,20250716,19.37,19.46,19.02,19.1,89866.0,172321.632
002396.SZ,20250716,25.2,25.63,24.93,25.06,202828.4,511972.426
002397.SZ,20250716,3.6,3.72,3.56,3.68,256909.98,94362.815
002398.SZ,20250716,5.16,5.19,5.1,5.13,155247.0,79936.632
002399.SZ,20250716,12.08,12.37,12.05,12.35,48760.41,59702.674
002400.SZ,20250716,7.77,7.94,7.76,7.78,659454.02,517059.474
002401.SZ,20250716,19.48,20.4,18.62,18.83,829240.42,1601682.23
002402.SZ,20250716,22.64,22.65,22.13,22.27,456558.94,1018469.272
002403.SZ,20250716,14.14,14.5,14.14,14.37,112937.76,162396.591
002404.SZ,20250716,6.46,6.61,6.43,6.58,111907.0,73247.98
002405.SZ,20250716,8.21,8.32,8.19,8.23,266658.08,219890.769
002406.SZ,20250716,7.34,7.45,7.33,7.42,246238.32,182269.427
002407.SZ,20250716,12.01,12.05,11.89,11.92,119081.5,142399.963
002408.SZ,20250716,4.64,4.66,4.62,4.64,88024.62,40817.617
002409.SZ,20250716,53.89,54.6,53.75,54.05,61000.77,330799.437
002410.SZ,20250716,13.58,13.88,13.5,13.64,309476.41,424732.206
002412.SZ,20250716,6.55,6.8,6.53,6.72,138822.73,92853.143
002413.SZ,20250716,5.52,5.58,5.47,5.53,364490.0,201540.763
002414.SZ,20250716,10.14,10.18,10.01,10.04,547553.79,551889.084
002415.SZ,20250716,27.81,27.85,27.68,27.72,366517.62,1017030.735
002416.SZ,20250716,12.17,12.3,12.11,12.19,138889.0,169575.125
002418.SZ,20250716,3.63,3.78,3.61,3.68,940393.11,347165.848
002419.SZ,20250716,5.41,5.59,5.4,5.54,273597.33,151190.264
002420.SZ,20250716,6.45,6.65,6.4,6.57,242072.0,158974.25
002421.SZ,20250716,3.29,3.34,3.28,3.3,281382.9,93155.66
002422.SZ,20250716,33.88,34.13,33.2,33.52,146752.76,492411.438
002423.SZ,20250716,12.65,12.73,12.57,12.67,384293.0,486161.653
002424.SZ,20250716,5.25,5.64,5.23,5.42,869400.0,471837.707
002425.SZ,20250716,3.15,3.24,3.15,3.21,120488.3,38620.846
002426.SZ,20250716,3.03,3.09,3.02,3.05,813499.0,248941.507
002427.SZ,20250716,8.15,8.22,8.06,8.15,247326.81,201066.005
002428.SZ,20250716,20.25,20.68,20.05,20.09,315695.36,641495.15
002429.SZ,20250716,4.55,4.59,4.54,4.55,251850.0,114927.551
002430.SZ,20250716,21.67,22.07,21.36,21.97,180576.47,393142.997
002431.SZ,20250716,2.3,2.32,2.28,2.31,280773.24,64738.797
002432.SZ,20250716,39.39,39.5,38.36,38.6,117829.58,455157.105
002434.SZ,20250716,7.57,7.84,7.55,7.71,268891.65,207407.166
002436.SZ,20250716,13.91,14.56,13.9,14.17,1288644.25,1843638.856
002437.SZ,20250716,3.12,3.2,3.1,3.17,1536140.46,483218.031
002438.SZ,20250716,12.98,13.07,12.89,12.96,75872.0,98371.778
002439.SZ,20250716,15.93,16.12,15.78,15.92,221000.38,352347.126
002440.SZ,20250716,7.88,7.89,7.71,7.79,107788.52,83992.587
002441.SZ,20250716,9.3,9.35,9.24,9.29,57632.0,53601.594
002442.SZ,20250716,6.52,6.62,6.48,6.57,70984.0,46469.458
002443.SZ,20250716,6.6,6.63,6.54,6.58,66697.0,43907.301
002444.SZ,20250716,31.58,32.48,31.38,31.81,244463.44,779509.803
002445.SZ,20250716,2.48,2.49,2.45,2.47,363632.0,89935.723
002446.SZ,20250716,6.99,7.04,6.92,6.95,174432.43,121753.676
002448.SZ,20250716,8.83,9.0,8.76,8.94,295305.8,262283.126
002449.SZ,20250716,9.28,9.35,9.21,9.3,121317.18,112791.481
002451.SZ,20250716,6.98,7.09,6.98,7.06,84736.0,59674.789
002452.SZ,20250716,7.24,7.27,7.16,7.23,147035.2,105970.02
002453.SZ,20250716,5.59,5.64,5.53,5.62,133086.0,74453.675
002454.SZ,20250716,8.3,8.34,8.16,8.3,162879.5,134522.688
002455.SZ,20250716,6.71,6.81,6.67,6.77,149182.0,100564.714
002456.SZ,20250716,11.1,11.32,11.07,11.27,697002.87,783341.677
002457.SZ,20250716,11.6,11.74,11.57,11.61,119602.0,139173.624
002458.SZ,20250716,8.36,8.4,8.33,8.37,67318.57,56306.688
002459.SZ,20250716,11.25,11.3,11.13,11.26,638482.64,716426.42
002460.SZ,20250716,34.4,34.46,33.8,33.96,202377.02,688673.629
002461.SZ,20250716,11.08,11.26,11.06,11.2,66188.27,73912.73
002462.SZ,20250716,13.58,13.75,13.57,13.75,43491.0,59556.439
002463.SZ,20250716,51.9,51.95,48.86,48.91,702763.94,3545380.964
002465.SZ,20250716,12.59,12.68,12.45,12.51,472714.52,593271.827
002466.SZ,20250716,33.62,33.86,32.91,33.04,337193.72,1119773.686
002467.SZ,20250716,6.12,6.2,6.08,6.11,698238.4,428745.434
002468.SZ,20250716,12.28,12.56,12.21,12.38,282228.05,349144.015
002469.SZ,20250716,8.23,8.31,8.23,8.29,70258.5,58216.677
002470.SZ,20250716,1.73,1.74,1.71,1.72,577177.0,99614.976
002471.SZ,20250716,4.66,4.72,4.62,4.68,672207.62,313546.988
002472.SZ,20250716,33.58,34.43,32.85,34.23,250256.93,850009.311
002474.SZ,20250716,7.08,7.13,7.0,7.04,143903.99,101643.985
002475.SZ,20250716,36.61,37.69,36.5,37.05,1186524.84,4422970.732
002476.SZ,20250716,4.77,4.85,4.74,4.81,203002.73,97745.138
002478.SZ,20250716,5.5,5.51,5.45,5.48,91570.0,50091.292
002479.SZ,20250716,5.44,5.46,5.4,5.44,130330.94,70765.786
002480.SZ,20250716,6.39,6.44,6.34,6.4,100630.0,64374.918
002481.SZ,20250716,5.46,5.51,5.46,5.49,92943.86,50986.337
002482.SZ,20250716,1.79,1.81,1.78,1.79,260863.28,46786.519
002483.SZ,20250716,6.43,6.46,6.38,6.41,98176.54,63005.892
002484.SZ,20250716,21.75,21.88,21.3,21.34,241706.0,520269.607
002485.SZ,20250716,4.21,4.26,4.18,4.23,21690.7,9153.378
002486.SZ,20250716,2.7,2.74,2.68,2.73,181815.0,49488.871
002487.SZ,20250716,32.55,32.8,31.91,32.06,118461.98,381659.735
002488.SZ,20250716,13.88,13.95,13.77,13.9,44006.65,61078.015
002489.SZ,20250716,3.66,3.71,3.64,3.7,245795.97,90703.021
002490.SZ,20250716,5.52,5.56,5.47,5.55,252744.0,139676.64
002491.SZ,20250716,5.01,5.09,4.91,4.94,974824.46,486753.568
002492.SZ,20250716,6.4,6.49,6.35,6.39,91372.0,58598.777
002493.SZ,20250716,8.52,8.53,8.42,8.44,167323.3,141365.252
002494.SZ,20250716,5.12,5.19,5.06,5.13,96898.0,49799.631
002495.SZ,20250716,2.58,2.66,2.57,2.66,318478.78,83806.957
002496.SZ,20250716,1.75,1.76,1.7,1.74,232909.9,40191.05
002497.SZ,20250716,11.53,11.6,11.4,11.47,178924.0,205597.914
002498.SZ,20250716,3.46,3.47,3.43,3.46,180468.9,62323.023
002500.SZ,20250716,6.13,6.15,6.06,6.1,287758.52,175584.778
002501.SZ,20250716,2.06,2.09,2.05,2.07,377015.0,78104.335
002506.SZ,20250716,2.77,2.78,2.66,2.68,1756603.97,472886.521
002507.SZ,20250716,12.83,12.89,12.82,12.88,68884.78,88571.324
002508.SZ,20250716,19.03,19.12,18.97,19.1,46500.58,88604.304
002510.SZ,20250716,6.54,6.65,6.51,6.58,401461.67,264561.331
002511.SZ,20250716,7.85,8.04,7.77,7.94,424429.28,335197.782
002512.SZ,20250716,4.79,4.89,4.77,4.84,316286.3,152845.962
002513.SZ,20250716,5.7,5.77,5.58,5.59,182209.68,102930.869
002514.SZ,20250716,5.75,5.79,5.69,5.75,128924.0,74070.307
002515.SZ,20250716,6.15,6.22,6.07,6.19,190130.79,116930.792
002516.SZ,20250716,5.18,5.24,5.17,5.23,104543.0,54541.029
002517.SZ,20250716,19.0,19.5,18.82,19.1,651742.86,1249407.086
002518.SZ,20250716,22.88,23.15,22.68,22.73,103982.85,237995.796
002519.SZ,20250716,5.02,5.06,4.97,5.03,263932.93,132748.101
002520.SZ,20250716,6.57,6.75,6.55,6.66,742184.53,493394.284
002521.SZ,20250716,9.02,9.05,8.97,9.01,28747.0,25896.867
002522.SZ,20250716,4.94,5.14,4.94,5.1,445372.19,226034.371
002523.SZ,20250716,3.72,3.75,3.69,3.74,265961.8,99228.358
002524.SZ,20250716,4.58,4.75,4.55,4.66,155113.0,71931.931
002526.SZ,20250716,3.86,3.92,3.84,3.9,623933.88,242842.632
002527.SZ,20250716,15.79,16.28,15.5,16.25,448597.63,715720.682
002528.SZ,20250716,3.0,3.01,2.95,2.99,92500.31,27578.174
002529.SZ,20250716,6.75,6.76,6.6,6.61,46455.01,30932.261
002530.SZ,20250716,10.83,10.94,10.7,10.78,380327.53,411383.628
002531.SZ,20250716,6.67,6.72,6.63,6.71,150471.79,100629.518
002532.SZ,20250716,8.39,8.44,8.32,8.41,342412.1,286656.385
002533.SZ,20250716,9.98,10.03,9.94,9.98,102455.02,102221.404
002534.SZ,20250716,11.5,11.58,11.43,11.57,36869.0,42466.966
002535.SZ,20250716,3.98,4.05,3.96,4.02,224498.4,90188.384
002536.SZ,20250716,15.35,15.79,15.33,15.61,178470.48,278267.949
002537.SZ,20250716,10.76,11.44,10.35,11.03,1985588.41,2143393.095
002538.SZ,20250716,5.34,5.36,5.29,5.32,90220.0,47973.201
002539.SZ,20250716,10.17,10.18,9.95,10.0,149221.54,149456.233
002540.SZ,20250716,5.92,5.94,5.88,5.91,54957.4,32486.605
002541.SZ,20250716,17.19,17.65,17.06,17.56,44865.9,78267.285
002542.SZ,20250716,3.36,3.37,3.32,3.35,322665.38,107958.839
002543.SZ,20250716,11.93,11.98,11.77,11.95,43391.52,51639.637
002544.SZ,20250716,22.16,22.46,22.09,22.18,57565.3,128228.136
002545.SZ,20250716,9.4,9.58,9.18,9.25,183500.97,170623.841
002546.SZ,20250716,6.06,6.09,5.94,5.98,539993.43,324289.29
002547.SZ,20250716,4.52,4.6,4.49,4.54,279457.0,127291.863
002548.SZ,20250716,3.87,3.91,3.86,3.89,155413.11,60379.973
002549.SZ,20250716,11.15,11.26,11.06,11.1,304505.0,339132.113
002550.SZ,20250716,9.74,10.69,9.6,10.69,1378416.04,1420909.172
002551.SZ,20250716,3.81,3.84,3.79,3.84,166972.34,63776.122
002552.SZ,20250716,16.49,17.17,16.25,16.38,230313.0,384923.095
002553.SZ,20250716,23.56,25.5,23.56,25.16,843881.9,2083906.883
002554.SZ,20250716,2.8,2.81,2.78,2.79,190071.5,53091.723
002555.SZ,20250716,16.82,16.94,16.56,16.69,681294.72,1137211.468
002556.SZ,20250716,5.78,5.86,5.76,5.84,133408.0,77648.823
002557.SZ,20250716,21.6,21.73,21.5,21.55,40120.3,86628.768
002558.SZ,20250716,25.65,25.95,24.2,24.9,781222.01,1936784.233
002559.SZ,20250716,9.53,9.72,9.53,9.69,176379.5,170438.101
002560.SZ,20250716,7.9,7.95,7.83,7.91,278878.45,220338.914
002561.SZ,20250716,8.52,8.61,8.5,8.58,64985.16,55709.091
002562.SZ,20250716,6.44,6.5,6.17,6.24,1816084.02,1144082.324
002563.SZ,20250716,5.19,5.23,5.18,5.21,135790.81,70701.321
002564.SZ,20250716,6.3,6.46,6.14,6.16,499109.8,311184.745
002565.SZ,20250716,6.42,6.6,6.25,6.4,490351.89,314382.948
002566.SZ,20250716,8.08,8.26,8.04,8.25,65580.0,53683.971
002567.SZ,20250716,4.74,4.78,4.74,4.76,221240.0,105341.516
002568.SZ,20250716,24.61,25.65,24.61,25.24,145665.25,367883.324
002569.SZ,20250716,9.48,9.58,9.36,9.53,13944.0,13198.163
002570.SZ,20250716,6.18,6.23,6.14,6.19,582231.39,360375.506
002571.SZ,20250716,5.86,6.01,5.8,5.99,112286.05,66505.248
002572.SZ,20250716,14.1,14.21,14.02,14.19,44161.0,62413.928
002573.SZ,20250716,3.94,3.97,3.91,3.95,95925.0,37849.548
002574.SZ,20250716,5.78,5.83,5.74,5.82,103223.0,59879.871
002575.SZ,20250716,8.67,9.2,8.61,8.88,337622.6,301298.959
002576.SZ,20250716,16.75,16.93,16.64,16.9,56648.66,95324.337
002577.SZ,20250716,20.3,20.88,20.15,20.5,58616.28,120528.862
002578.SZ,20250716,3.39,3.4,3.34,3.39,122993.0,41570.769
002579.SZ,20250716,13.1,13.1,12.34,12.41,1026140.97,1285685.327
002580.SZ,20250716,13.45,14.19,13.44,13.88,508001.67,708401.417
002581.SZ,20250716,7.7,8.49,7.7,8.18,621855.86,495725.217
002582.SZ,20250716,9.76,9.89,9.73,9.87,80772.12,79419.467
002583.SZ,20250716,11.6,12.08,11.57,11.83,584399.0,692253.661
002584.SZ,20250716,8.98,9.06,8.84,8.99,211940.0,189834.764
002585.SZ,20250716,5.69,5.72,5.58,5.61,147431.01,82775.905
002586.SZ,20250716,3.11,3.11,3.06,3.08,32948.02,10135.781
002587.SZ,20250716,7.05,7.05,6.81,6.81,473867.51,326001.228
002588.SZ,20250716,8.89,8.95,8.84,8.88,51044.0,45417.043
002589.SZ,20250716,2.98,3.03,2.97,3.03,262507.0,79108.064
002590.SZ,20250716,13.81,14.06,13.81,14.0,117195.58,163622.108
002591.SZ,20250716,5.87,6.05,5.84,5.95,105113.0,62452.003
002592.SZ,20250716,6.52,6.57,6.48,6.52,41194.0,26887.935
002593.SZ,20250716,4.92,4.99,4.92,4.97,183354.0,90987.074
002594.SZ,20250716,323.06,325.91,323.06,323.72,110758.35,3594544.238
002595.SZ,20250716,58.12,58.63,57.69,58.54,18159.0,105973.47
002596.SZ,20250716,3.85,4.21,3.83,4.01,1359446.19,553520.048
002597.SZ,20250716,22.3,22.48,22.24,22.3,64165.99,143231.217
002598.SZ,20250716,10.94,11.07,10.9,10.96,67561.0,74198.21
002599.SZ,20250716,8.81,9.14,8.71,8.76,376118.02,334683.879
002600.SZ,20250716,9.01,9.16,8.93,9.08,969017.17,878041.212
002601.SZ,20250716,16.26,16.34,16.15,16.21,132421.0,214580.479
002602.SZ,20250716,13.07,13.07,12.36,12.36,2062784.46,2591790.412
002603.SZ,20250716,14.81,15.15,14.75,15.1,227680.69,341166.835
002605.SZ,20250716,27.23,27.69,26.96,27.18,115093.89,313878.975
002606.SZ,20250716,9.29,9.38,9.22,9.28,74279.0,69089.255
002607.SZ,20250716,3.02,3.08,3.02,3.05,1162166.62,354750.386
002608.SZ,20250716,7.61,7.63,7.52,7.57,143588.0,108776.003
002609.SZ,20250716,11.75,11.85,11.6,11.7,161615.0,188869.104
002611.SZ,20250716,12.21,12.73,12.16,12.47,820049.9,1021293.308
002612.SZ,20250716,17.91,18.55,17.81,18.14,129159.38,235645.878
002613.SZ,20250716,3.74,3.76,3.7,3.74,133083.0,49667.821
002614.SZ,20250716,6.57,6.65,6.55,6.63,65000.0,43022.412
002615.SZ,20250716,8.28,8.49,8.28,8.44,218869.5,184408.908
002616.SZ,20250716,6.36,6.41,6.31,6.37,66738.0,42427.161
002617.SZ,20250716,7.71,7.8,7.71,7.74,524242.18,406824.483
002620.SZ,20250716,4.01,4.2,4.01,4.16,137385.0,56451.023
002622.SZ,20250716,3.1,3.13,3.06,3.12,223813.66,69279.8
002623.SZ,20250716,25.04,26.79,24.51,26.4,379318.6,964194.022
002624.SZ,20250716,14.44,14.73,14.31,14.53,374857.74,543985.359
002625.SZ,20250716,40.01,40.21,39.45,39.53,175521.2,697249.338
002626.SZ,20250716,19.45,19.73,19.28,19.5,96491.0,187800.933
002627.SZ,20250716,5.34,5.39,5.34,5.37,161381.56,86623.663
002628.SZ,20250716,4.9,4.97,4.79,4.8,453801.0,220749.819
002629.SZ,20250716,5.92,6.12,5.9,6.09,185059.5,111968.73
002630.SZ,20250716,2.65,2.67,2.63,2.65,249458.26,65976.788
002631.SZ,20250716,4.79,4.79,4.73,4.77,103771.0,49394.106
002632.SZ,20250716,9.06,9.12,8.99,9.05,70904.08,64251.152
002633.SZ,20250716,16.61,16.65,16.5,16.58,49957.5,82788.478
002634.SZ,20250716,4.15,4.22,4.14,4.17,91950.0,38370.612
002635.SZ,20250716,13.37,13.52,13.33,13.4,46658.0,62726.215
002636.SZ,20250716,12.25,12.34,11.92,12.08,648448.14,784661.833
002637.SZ,20250716,10.03,10.12,9.98,10.02,42177.25,42315.003
002638.SZ,20250716,2.43,2.45,2.36,2.38,361813.62,86229.594
002639.SZ,20250716,10.57,10.68,10.46,10.53,494899.0,522802.336
002640.SZ,20250716,5.36,5.57,5.36,5.41,2106492.95,1145544.922
002641.SZ,20250716,4.21,4.22,4.18,4.2,79431.0,33335.757
002642.SZ,20250716,7.95,8.05,7.9,7.93,167995.0,133896.967
002643.SZ,20250716,11.73,12.02,11.64,11.84,223081.5,264392.416
002644.SZ,20250716,8.43,8.6,8.38,8.58,70522.0,60118.598
002645.SZ,20250716,12.88,13.92,12.87,13.92,1427085.23,1918763.517
002646.SZ,20250716,9.41,9.62,9.38,9.57,69623.99,66319.325
002647.SZ,20250716,6.1,6.13,6.03,6.05,134442.03,81388.101
002648.SZ,20250716,17.62,17.68,17.35,17.39,549140.55,957568.941
002649.SZ,20250716,15.15,15.19,14.81,14.91,296490.14,443946.32
002650.SZ,20250716,6.2,6.24,6.09,6.12,57203.0,35187.144
002651.SZ,20250716,11.51,11.61,11.49,11.55,174376.73,201570.002
002652.SZ,20250716,3.22,3.33,3.19,3.31,165707.86,54328.475
002653.SZ,20250716,46.51,48.11,46.45,47.76,30400.24,144181.801
002654.SZ,20250716,11.76,11.92,11.71,11.76,164621.05,194383.87
002655.SZ,20250716,13.03,13.11,12.93,13.01,97209.01,126652.502
002656.SZ,20250716,2.39,2.41,2.36,2.37,98342.92,23402.549
002657.SZ,20250716,29.75,31.87,29.19,31.5,793408.01,2441543.514
002658.SZ,20250716,8.22,8.22,8.1,8.14,229984.31,187280.569
002659.SZ,20250716,5.2,5.26,5.17,5.24,114315.0,59823.554
002660.SZ,20250716,9.3,9.42,9.21,9.31,51598.84,48284.375
002661.SZ,20250716,10.57,10.59,10.47,10.54,38447.0,40467.985
002662.SZ,20250716,3.5,3.54,3.48,3.53,100081.64,35238.307
002663.SZ,20250716,1.87,1.89,1.84,1.85,259919.76,48334.997
002664.SZ,20250716,18.11,18.85,18.02,18.63,185565.0,343533.158
002666.SZ,20250716,5.13,5.17,5.08,5.16,90851.0,46684.538
002667.SZ,20250716,12.77,12.77,12.45,12.48,64590.0,80938.671
002668.SZ,20250716,9.64,9.82,9.64,9.75,126168.0,123170.291
002669.SZ,20250716,12.52,12.67,12.34,12.5,182824.65,228498.391
002670.SZ,20250716,14.44,14.54,14.28,14.52,443854.16,640329.924
002671.SZ,20250716,4.83,4.85,4.76,4.79,137599.0,66035.554
002672.SZ,20250716,4.76,4.78,4.68,4.71,60288.0,28358.673
002673.SZ,20250716,7.97,8.0,7.89,7.92,353597.2,280628.426
002674.SZ,20250716,11.33,11.67,10.9,10.96,393114.67,439467.31
002675.SZ,20250716,14.49,15.08,14.4,15.07,255508.0,380171.134
002676.SZ,20250716,7.7,7.77,7.6,7.71,161060.0,124076.862
002677.SZ,20250716,7.03,7.16,7.03,7.14,66419.28,47312.305
002678.SZ,20250716,4.87,4.96,4.84,4.96,92473.14,45505.373
002679.SZ,20250716,9.46,9.62,9.33,9.6,30530.76,29096.182
002681.SZ,20250716,6.48,6.64,6.46,6.53,606222.2,397141.057
002682.SZ,20250716,4.66,4.73,4.62,4.73,214015.0,100570.424
002683.SZ,20250716,36.27,36.58,36.02,36.28,84153.04,305334.88
002685.SZ,20250716,7.23,7.47,7.23,7.31,302817.2,222345.455
002686.SZ,20250716,6.53,6.6,6.49,6.57,73591.0,48255.889
002687.SZ,20250716,4.74,4.81,4.7,4.77,74296.66,35440.827
002688.SZ,20250716,6.66,6.95,6.66,6.9,483106.17,330178.841
002689.SZ,20250716,3.99,4.06,3.93,4.03,450165.51,180951.057
002690.SZ,20250716,16.5,16.86,16.47,16.85,51319.4,85932.071
002691.SZ,20250716,8.05,8.27,8.05,8.21,51417.3,42237.769
002692.SZ,20250716,4.92,5.0,4.9,4.95,81075.0,40264.566
002693.SZ,20250716,7.42,7.59,7.4,7.58,112894.0,84840.141
002694.SZ,20250716,4.81,4.89,4.81,4.88,64230.0,31237.352
002695.SZ,20250716,11.43,11.81,11.43,11.66,109381.08,127014.394
002696.SZ,20250716,6.25,6.33,6.25,6.3,97665.7,61521.675
002697.SZ,20250716,5.43,5.49,5.42,5.48,180961.07,99102.693
002698.SZ,20250716,16.17,16.35,16.09,16.24,97550.5,158331.494
002700.SZ,20250716,8.35,8.37,8.28,8.34,28656.11,23850.791
002701.SZ,20250716,5.77,5.84,5.66,5.67,452949.25,258275.008
002702.SZ,20250716,4.19,4.28,4.19,4.27,140464.0,59686.485
002703.SZ,20250716,12.32,12.75,12.25,12.65,303594.07,381431.307
002705.SZ,20250716,14.9,15.13,14.77,14.86,111687.76,166420.183
002706.SZ,20250716,9.26,9.28,9.12,9.18,83877.2,77169.385
002707.SZ,20250716,7.61,7.72,7.59,7.61,214385.62,164029.046
002708.SZ,20250716,10.55,10.83,10.54,10.76,179851.0,193276.529
002709.SZ,20250716,18.37,18.46,18.2,18.28,158850.0,290970.178
002712.SZ,20250716,5.71,5.85,5.69,5.77,142274.8,82424.217
002713.SZ,20250716,4.46,4.68,4.46,4.68,207681.86,96106.25
002714.SZ,20250716,44.78,45.18,44.48,45.14,274436.01,1230783.565
002715.SZ,20250716,18.18,18.92,18.08,18.59,76793.07,143206.627
002716.SZ,20250716,4.65,4.72,4.55,4.58,2035073.79,938715.091
002717.SZ,20250716,1.81,1.82,1.78,1.79,478741.95,86009.038
002718.SZ,20250716,16.09,16.34,15.93,16.23,17577.0,28389.097
002719.SZ,20250716,8.96,9.24,8.96,9.18,92786.35,84922.123
002721.SZ,20250716,4.01,4.18,3.91,4.14,3012524.28,1217606.856
002722.SZ,20250716,16.1,17.71,16.08,16.86,216911.43,370584.576
002723.SZ,20250716,7.1,7.65,7.08,7.54,252639.12,186994.989
002724.SZ,20250716,8.16,8.16,7.8,7.94,375119.4,296153.009
002725.SZ,20250716,15.5,15.53,14.2,14.23,727194.85,1072675.467
002726.SZ,20250716,5.69,5.74,5.68,5.72,76558.17,43764.416
002727.SZ,20250716,15.9,16.03,15.69,15.79,171036.73,270831.43
002728.SZ,20250716,8.84,9.61,8.81,9.22,734763.88,680906.373
002729.SZ,20250716,14.84,14.97,14.78,14.86,82289.21,122393.893
002730.SZ,20250716,16.33,18.01,16.33,18.01,219531.2,388965.014
002731.SZ,20250716,12.96,13.26,12.88,13.19,79864.5,104901.942
002732.SZ,20250716,16.75,16.96,16.68,16.92,22370.0,37780.114
002733.SZ,20250716,16.53,17.15,16.45,16.7,211737.25,357189.276
002734.SZ,20250716,20.97,21.12,20.1,20.13,503892.03,1030221.308
002735.SZ,20250716,16.01,16.39,15.71,16.14,406937.19,652197.463
002736.SZ,20250716,12.1,12.19,11.93,12.06,233097.0,280726.427
002737.SZ,20250716,15.78,16.23,15.77,16.2,99035.65,158905.708
002738.SZ,20250716,31.92,32.01,31.31,31.47,142613.96,450913.124
002739.SZ,20250716,11.26,11.82,11.26,11.56,572410.61,664436.776
002741.SZ,20250716,19.24,19.52,18.92,18.96,179300.98,343493.989
002742.SZ,20250716,5.19,5.19,5.09,5.1,44684.0,22896.534
002743.SZ,20250716,5.9,5.99,5.88,5.98,83779.0,49902.634
002745.SZ,20250716,7.97,8.08,7.97,8.05,158490.0,127469.926
002746.SZ,20250716,6.17,6.25,6.13,6.17,254978.8,157731.317
002747.SZ,20250716,20.59,20.8,20.37,20.56,236230.1,486951.344
002748.SZ,20250716,9.84,9.98,9.82,9.89,31922.0,31620.841
002749.SZ,20250716,15.3,15.39,15.2,15.38,18852.88,28860.828
002752.SZ,20250716,5.58,5.67,5.57,5.64,82265.5,46314.203
002753.SZ,20250716,7.1,7.13,7.05,7.13,65414.0,46367.778
002755.SZ,20250716,21.23,23.83,21.06,23.83,421708.62,958946.517
002756.SZ,20250716,33.38,33.52,32.81,32.93,90326.48,298887.988
002757.SZ,20250716,18.0,18.44,17.9,17.97,155964.25,283429.153
002758.SZ,20250716,9.37,9.39,9.27,9.35,61529.32,57418.781
002759.SZ,20250716,9.04,9.07,8.97,9.04,102164.0,92145.631
002760.SZ,20250716,19.48,20.11,19.26,19.63,50544.12,99882.759
002761.SZ,20250716,9.1,9.14,9.03,9.04,105475.0,95620.843
002762.SZ,20250716,5.99,6.21,5.95,6.19,232586.28,142011.212
002763.SZ,20250716,7.08,7.14,7.05,7.13,46360.2,32973.362
002765.SZ,20250716,13.32,13.45,13.1,13.22,467792.0,619593.044
002766.SZ,20250716,5.17,5.27,5.15,5.25,108143.0,56628.241
002767.SZ,20250716,18.03,18.2,17.8,17.88,54855.6,98716.766
002768.SZ,20250716,30.91,32.71,30.76,32.25,85441.96,273087.085
002769.SZ,20250716,8.58,8.76,8.53,8.65,96846.0,83977.573
002771.SZ,20250716,16.1,16.57,16.1,16.25,83983.82,137507.523
002772.SZ,20250716,8.15,8.32,8.15,8.3,122902.47,101418.053
002773.SZ,20250716,31.73,32.58,31.6,32.24,73295.43,236172.54
002774.SZ,20250716,9.32,10.25,9.19,10.25,98411.32,98753.229
002775.SZ,20250716,3.81,3.87,3.79,3.83,84454.0,32326.873
002777.SZ,20250716,19.51,19.51,18.98,19.1,292142.94,560905.457
002779.SZ,20250716,78.39,83.49,77.01,80.8,100811.5,811233.741
002780.SZ,20250716,13.23,13.54,13.23,13.44,39655.35,53286.734
002782.SZ,20250716,13.5,13.63,13.34,13.44,59063.0,79660.377
002783.SZ,20250716,9.09,9.24,9.03,9.11,212140.91,193539.402
002785.SZ,20250716,27.79,28.7,27.5,28.19,56132.0,159069.231
002786.SZ,20250716,9.56,9.65,9.53,9.63,87558.0,84183.895
002787.SZ,20250716,8.22,8.6,8.22,8.47,93544.56,78977.979
002788.SZ,20250716,8.46,8.58,8.43,8.57,43945.3,37465.439
002789.SZ,20250716,8.4,8.52,8.37,8.49,16307.0,13768.293
002790.SZ,20250716,7.38,7.48,7.36,7.46,32946.0,24495.871
002791.SZ,20250716,21.72,21.8,21.61,21.74,33065.0,71774.994
002792.SZ,20250716,15.5,15.85,15.5,15.59,193507.7,302973.93
002793.SZ,20250716,4.93,5.05,4.92,5.04,254058.2,127036.927
002795.SZ,20250716,5.52,5.55,5.42,5.44,134945.56,73864.254
002796.SZ,20250716,11.47,11.7,11.47,11.55,50553.23,58735.75
002797.SZ,20250716,7.32,7.37,7.26,7.3,627270.34,458278.69
002798.SZ,20250716,6.72,6.75,6.58,6.66,137876.47,91643.765
002799.SZ,20250716,8.2,8.4,8.17,8.29,71739.0,59674.792
002800.SZ,20250716,13.39,13.79,13.35,13.58,54032.8,73599.61
002801.SZ,20250716,33.61,34.18,33.41,33.78,46144.9,156255.126
002802.SZ,20250716,13.78,13.98,13.7,13.88,31992.27,44350.426
002803.SZ,20250716,15.38,15.6,15.36,15.49,192962.93,299144.249
002805.SZ,20250716,12.94,12.96,12.68,12.82,66788.6,85547.706
002806.SZ,20250716,11.91,12.04,11.87,12.01,74672.44,89433.985
002807.SZ,20250716,4.91,4.92,4.8,4.87,359526.38,174192.647
002808.SZ,20250716,5.1,5.31,4.96,5.31,139643.4,71477.625
002809.SZ,20250716,12.17,12.28,12.1,12.23,58508.88,71511.43
002810.SZ,20250716,12.81,12.95,12.75,12.87,50813.0,65308.24
002811.SZ,20250716,10.4,10.51,10.38,10.5,60926.33,63786.597
002812.SZ,20250716,28.11,28.44,28.06,28.19,81231.62,229241.399
002813.SZ,20250716,22.62,22.97,22.56,22.91,19946.0,45570.119
002815.SZ,20250716,11.76,11.81,11.54,11.59,175013.0,203994.041
002816.SZ,20250716,18.07,18.29,18.05,18.09,29075.0,52706.146
002817.SZ,20250716,7.6,7.77,7.59,7.76,60609.01,46711.53
002818.SZ,20250716,12.45,12.6,12.44,12.58,19566.89,24548.505
002819.SZ,20250716,28.16,29.13,28.16,28.48,57987.44,165861.543
002820.SZ,20250716,10.98,11.15,10.95,11.09,88940.98,98454.023
002821.SZ,20250716,97.46,97.6,95.24,95.99,57602.5,553436.757
002822.SZ,20250716,3.6,3.61,3.54,3.55,68069.79,24247.318
002823.SZ,20250716,14.38,14.57,14.28,14.5,83317.98,120489.864
002824.SZ,20250716,16.4,16.67,16.3,16.62,44553.52,73796.761
002825.SZ,20250716,10.58,10.76,10.58,10.6,63916.91,68162.792
002826.SZ,20250716,17.77,18.05,17.72,18.03,83146.0,148855.739
002827.SZ,20250716,40.88,41.33,37.0,38.09,236490.03,920974.676
002828.SZ,20250716,10.2,10.2,10.08,10.17,118346.2,120251.089
002829.SZ,20250716,20.14,20.29,19.94,20.2,48483.47,97835.987
002830.SZ,20250716,15.13,15.51,15.13,15.43,26701.0,41064.733
002831.SZ,20250716,24.22,24.81,23.94,24.66,36602.71,89588.437
002832.SZ,20250716,15.9,16.44,15.86,16.22,127768.48,207228.334
002833.SZ,20250716,16.3,16.43,16.22,16.38,32593.01,53331.605
002835.SZ,20250716,18.16,18.41,18.14,18.26,32689.88,59804.787
002836.SZ,20250716,9.61,9.8,9.57,9.76,28121.12,27358.752
002837.SZ,20250716,33.92,35.2,32.68,32.72,497217.01,1679319.867
002838.SZ,20250716,19.07,19.58,18.45,19.39,74228.06,142850.275
002839.SZ,20250716,4.72,4.74,4.63,4.68,476338.15,222261.352
002840.SZ,20250716,10.49,10.55,10.46,10.53,68087.0,71619.555
002841.SZ,20250716,34.24,34.74,33.91,34.21,43322.0,148678.379
002842.SZ,20250716,8.7,8.96,8.61,8.77,206805.49,182094.16
002843.SZ,20250716,20.34,21.2,20.26,20.56,119628.5,248249.068
002845.SZ,20250716,15.15,15.18,14.68,14.72,117182.76,173659.621
002846.SZ,20250716,15.18,15.55,15.18,15.24,140663.79,215293.927
002847.SZ,20250716,73.4,75.86,73.4,74.64,26793.23,200542.709
002848.SZ,20250716,7.59,7.7,7.52,7.67,36501.0,27869.285
002849.SZ,20250716,15.19,15.27,15.03,15.06,43934.0,66438.371
002850.SZ,20250716,110.59,117.65,110.47,116.38,85014.66,981514.606
002851.SZ,20250716,53.79,54.66,52.66,52.71,335424.96,1792790.734
002852.SZ,20250716,11.13,12.13,11.09,11.64,430029.58,498172.835
002853.SZ,20250716,13.24,13.55,13.11,13.46,29206.0,39158.591
002855.SZ,20250716,17.73,18.06,17.7,18.04,29626.0,53252.648
002856.SZ,20250716,10.94,11.59,10.94,11.37,60766.6,68722.023
002857.SZ,20250716,23.88,24.95,23.45,24.6,68558.0,167425.413
002858.SZ,20250716,12.87,13.13,12.81,13.01,61659.0,80336.028
002859.SZ,20250716,20.0,20.08,19.8,19.85,30959.38,61672.596
002860.SZ,20250716,13.11,13.64,13.0,13.49,222453.26,298400.912
002861.SZ,20250716,14.42,14.51,14.33,14.4,53704.6,77388.473
002862.SZ,20250716,18.11,19.47,18.11,18.79,101930.74,190952.558
002863.SZ,20250716,5.19,5.27,5.16,5.26,104396.22,54622.033
002864.SZ,20250716,29.12,29.57,28.96,29.52,33330.29,97699.013
002865.SZ,20250716,42.43,43.22,42.15,43.14,93556.0,400181.649
002866.SZ,20250716,18.22,18.37,18.09,18.12,101894.0,185565.74
002867.SZ,20250716,13.09,13.18,13.06,13.16,38727.75,50901.031
002868.SZ,20250716,23.64,23.8,23.38,23.75,9150.69,21587.993
002869.SZ,20250716,23.28,23.78,23.24,23.62,54151.92,127750.838
002870.SZ,20250716,32.31,33.62,32.1,33.13,44605.19,147135.985
002871.SZ,20250716,10.4,10.63,10.38,10.62,62170.63,65721.419
002872.SZ,20250716,4.57,4.63,4.56,4.62,18602.5,8557.346
002873.SZ,20250716,10.19,10.25,9.98,10.21,140718.09,142553.035
002875.SZ,20250716,15.92,16.12,15.7,15.85,45678.0,72449.744
002876.SZ,20250716,25.08,25.4,25.0,25.13,24397.84,61543.713
002877.SZ,20250716,8.37,8.51,8.3,8.47,51920.41,43873.077
002878.SZ,20250716,18.99,19.25,18.87,19.17,196331.52,375628.976
002879.SZ,20250716,15.27,15.45,15.21,15.34,31745.34,48774.459
002880.SZ,20250716,28.75,29.44,28.74,29.34,24539.61,71626.408
002881.SZ,20250716,44.36,45.32,44.01,44.58,74912.76,336235.087
002882.SZ,20250716,31.92,32.37,31.62,31.96,138815.0,443950.667
002883.SZ,20250716,11.49,11.85,11.42,11.61,124107.48,144756.346
002884.SZ,20250716,16.08,16.16,16.04,16.14,19964.0,32199.55
002885.SZ,20250716,14.66,14.79,14.48,14.54,101922.4,148849.292
002886.SZ,20250716,18.95,19.29,18.81,19.18,79614.79,152147.658
002887.SZ,20250716,8.25,8.34,8.23,8.28,37442.0,31038.826
002888.SZ,20250716,18.32,18.66,18.23,18.48,25283.79,46646.957
002889.SZ,20250716,14.78,14.91,14.7,14.83,26658.89,39547.457
002890.SZ,20250716,13.4,13.99,13.31,13.71,29200.84,39856.242
002891.SZ,20250716,56.02,57.43,55.86,55.95,70889.77,401981.074
002892.SZ,20250716,13.77,14.0,13.7,13.94,225844.16,314047.955
002893.SZ,20250716,10.94,11.07,10.92,11.01,43387.0,47751.709
002895.SZ,20250716,24.61,24.93,24.13,24.18,105257.85,257633.606
002896.SZ,20250716,67.48,74.3,65.52,70.9,378068.09,2624919.683
002897.SZ,20250716,38.37,38.76,38.05,38.24,49278.17,189451.985
002898.SZ,20250716,13.02,13.63,12.79,13.5,55075.86,72551.955
002899.SZ,20250716,24.03,24.4,23.75,24.39,51724.0,124267.439
002900.SZ,20250716,14.01,15.57,14.01,15.57,296252.5,443518.561
002901.SZ,20250716,41.61,41.99,39.94,41.11,104004.9,425779.698
002902.SZ,20250716,20.59,21.4,20.25,20.81,248435.5,518851.468
002903.SZ,20250716,20.1,20.29,19.96,20.12,44789.37,90297.918
002905.SZ,20250716,9.14,9.5,9.14,9.28,99646.1,92662.202
002906.SZ,20250716,31.04,31.73,31.04,31.33,72730.08,228759.678
002907.SZ,20250716,16.53,17.2,16.46,17.2,160928.33,272773.108
002908.SZ,20250716,12.03,12.12,11.51,11.84,627083.05,735627.185
002909.SZ,20250716,6.14,6.21,6.11,6.15,110339.0,68019.847
002910.SZ,20250716,9.45,9.63,9.37,9.61,48300.0,46045.969
002911.SZ,20250716,10.46,10.68,10.46,10.67,65425.79,69412.759
002912.SZ,20250716,26.9,27.4,26.51,26.96,155132.69,418541.115
002913.SZ,20250716,34.77,34.84,33.78,33.85,71548.0,244495.153
002915.SZ,20250716,19.4,20.87,19.12,20.25,665865.22,1322242.16
002916.SZ,20250716,131.0,131.5,123.0,123.53,135618.26,1714464.539
002917.SZ,20250716,14.06,14.36,13.93,14.07,121190.5,171208.345
002918.SZ,20250716,8.54,8.64,8.54,8.64,37330.1,32144.271
002919.SZ,20250716,16.1,16.49,16.1,16.28,45603.36,74417.64
002920.SZ,20250716,102.2,104.89,101.9,103.82,68436.24,710224.051
002921.SZ,20250716,14.87,15.6,14.81,15.44,106428.74,162287.54
002922.SZ,20250716,16.38,16.47,16.26,16.4,80626.72,132110.474
002923.SZ,20250716,11.98,13.17,11.98,13.17,264883.73,342761.407
002925.SZ,20250716,16.82,16.92,16.74,16.83,46160.2,77709.99
002926.SZ,20250716,9.88,10.25,9.83,9.95,1144109.93,1146705.815
002927.SZ,20250716,15.67,15.98,15.51,15.63,159236.42,249868.364
002928.SZ,20250716,8.85,8.93,8.51,8.53,266757.93,230624.427
002929.SZ,20250716,47.0,48.5,46.6,47.7,150153.65,715395.909
002930.SZ,20250716,11.0,11.44,10.96,11.34,254505.62,287591.488
002931.SZ,20250716,15.68,15.76,15.4,15.6,90257.54,140796.133
002932.SZ,20250716,21.06,21.21,20.7,21.2,38468.06,80600.159
002933.SZ,20250716,34.69,35.49,34.43,35.26,59273.3,208208.185
002935.SZ,20250716,15.37,15.53,15.31,15.45,31755.71,49069.854
002936.SZ,20250716,2.18,2.18,2.14,2.16,1525176.98,328593.803
002937.SZ,20250716,16.75,17.05,16.67,16.96,63235.98,106976.905
002938.SZ,20250716,43.36,43.4,41.73,41.77,519416.24,2202843.647
002939.SZ,20250716,8.82,8.88,8.75,8.83,269310.97,237137.935
002940.SZ,20250716,40.16,45.06,39.6,43.2,125834.62,533593.836
002941.SZ,20250716,11.53,11.64,11.42,11.48,108122.81,124550.291
002942.SZ,20250716,17.08,17.24,17.01,17.15,13988.5,23959.533
002943.SZ,20250716,27.34,27.8,27.1,27.3,31046.26,85187.982
002945.SZ,20250716,14.85,14.98,14.72,14.82,91860.0,136083.108
002946.SZ,20250716,16.71,16.99,16.71,16.88,39303.06,66335.371
002947.SZ,20250716,34.54,34.74,34.13,34.17,67687.39,232629.029
002948.SZ,20250716,5.02,5.05,4.96,4.99,340402.08,169772.901
002949.SZ,20250716,14.06,14.36,13.98,14.0,60834.58,85763.188
002950.SZ,20250716,8.9,9.02,8.87,9.01,45026.0,40393.07
002951.SZ,20250716,18.21,19.33,17.76,19.33,309209.78,570760.199
002952.SZ,20250716,20.65,20.95,20.59,20.78,20337.0,42312.042
002953.SZ,20250716,10.71,10.74,10.62,10.65,54205.1,57860.352
002955.SZ,20250716,24.18,24.5,24.12,24.39,23366.4,56936.196
002956.SZ,20250716,22.2,22.45,21.97,22.25,13662.2,30307.016
002957.SZ,20250716,16.87,16.9,16.7,16.81,67989.73,114304.215
002958.SZ,20250716,3.74,3.74,3.62,3.68,1006417.73,368323.814
002959.SZ,20250716,47.69,48.44,47.35,47.37,12901.0,61531.085
002960.SZ,20250716,10.0,10.12,9.96,10.1,72634.66,72866.03
002961.SZ,20250716,23.12,25.88,23.12,24.84,373984.98,898758.818
002962.SZ,20250716,14.84,14.98,14.79,14.9,31038.36,46287.655
002963.SZ,20250716,12.95,13.05,12.83,12.99,20370.0,26347.422
002965.SZ,20250716,35.7,36.85,34.81,35.03,226777.21,810141.739
002966.SZ,20250716,9.06,9.1,8.95,9.07,303592.67,273573.354
002967.SZ,20250716,17.69,17.79,17.57,17.61,36480.0,64471.448
002968.SZ,20250716,10.62,10.71,10.55,10.67,34297.0,36492.718
002969.SZ,20250716,3.49,3.57,3.48,3.54,236442.0,83644.349
002970.SZ,20250716,47.21,47.96,47.1,47.47,36497.98,173889.058
002971.SZ,20250716,24.3,24.9,24.3,24.47,34973.8,85824.348
002972.SZ,20250716,12.33,12.4,12.25,12.37,23307.0,28762.328
002973.SZ,20250716,13.56,13.79,13.44,13.63,40176.0,54686.473
002975.SZ,20250716,35.31,35.66,34.77,35.06,50873.74,179212.422
002976.SZ,20250716,25.02,25.49,24.88,25.23,36216.8,91507.636
002977.SZ,20250716,35.6,36.1,35.6,35.76,19877.24,71244.846
002978.SZ,20250716,32.04,32.04,31.51,31.62,18696.16,59371.472
002979.SZ,20250716,41.98,42.71,41.51,42.27,83727.53,354034.847
002980.SZ,20250716,20.15,20.55,19.96,20.19,47888.63,96798.931
002981.SZ,20250716,26.38,26.8,26.12,26.18,41716.8,110031.659
002982.SZ,20250716,15.2,15.35,15.1,15.34,43996.72,67177.025
002983.SZ,20250716,20.99,21.16,20.8,20.94,19246.92,40433.859
002984.SZ,20250716,18.85,19.79,18.81,19.39,437191.23,848654.33
002985.SZ,20250716,28.64,28.87,28.5,28.56,24098.36,69078.655
002986.SZ,20250716,10.82,10.89,10.8,10.84,18984.0,20598.728
002987.SZ,20250716,22.12,22.53,21.6,22.31,870581.5,1920321.546
002988.SZ,20250716,46.24,46.9,45.5,46.4,81986.77,379316.422
002989.SZ,20250716,32.77,33.98,32.68,32.78,58394.54,194369.135
002990.SZ,20250716,31.5,32.66,31.08,32.13,147283.55,468055.825
002991.SZ,20250716,58.15,58.19,56.6,57.4,21910.88,125334.276
002992.SZ,20250716,59.53,59.9,58.26,58.46,25028.65,147504.655
002993.SZ,20250716,39.36,40.14,39.15,39.37,36578.45,145232.796
002995.SZ,20250716,18.92,20.41,18.92,20.41,207660.09,422330.029
002996.SZ,20250716,7.58,7.64,7.47,7.62,241229.2,182354.855
002997.SZ,20250716,38.14,38.71,37.87,38.47,55926.3,214733.646
002998.SZ,20250716,7.4,7.5,7.38,7.43,49281.0,36633.316
002999.SZ,20250716,7.01,7.09,6.97,7.07,55907.0,39456.527
003000.SZ,20250716,12.61,12.66,12.53,12.63,101351.16,127588.088
003001.SZ,20250716,27.61,29.5,27.33,27.61,98847.6,280040.34
003002.SZ,20250716,26.75,27.37,26.56,27.01,24321.0,65858.213
003003.SZ,20250716,12.37,13.61,12.37,13.61,164774.3,221046.164
003004.SZ,20250716,18.47,18.68,18.35,18.68,10611.03,19656.632
003005.SZ,20250716,21.3,21.41,20.94,21.22,123598.04,261985.771
003006.SZ,20250716,24.62,25.34,24.34,25.01,65204.02,163196.105
003007.SZ,20250716,30.4,33.5,30.3,31.68,85222.44,270960.517
003008.SZ,20250716,21.67,21.87,21.57,21.75,9159.4,19942.446
003009.SZ,20250716,45.55,47.33,44.13,46.68,48760.51,222943.763
003010.SZ,20250716,52.19,53.12,51.8,52.15,49273.68,258012.577
003011.SZ,20250716,18.71,19.14,18.71,19.08,35454.2,67190.016
003012.SZ,20250716,5.79,5.82,5.76,5.8,41216.0,23900.691
003013.SZ,20250716,14.6,14.66,14.55,14.64,12641.0,18476.52
003015.SZ,20250716,16.65,16.93,16.5,16.66,220834.98,369686.795
003016.SZ,20250716,8.16,8.3,8.05,8.13,63486.0,51607.862
003017.SZ,20250716,28.21,28.23,27.43,27.56,46326.2,128055.136
003018.SZ,20250716,12.1,12.19,12.09,12.18,20994.0,25490.651
003019.SZ,20250716,31.17,33.77,30.89,32.73,149820.75,484406.643
003020.SZ,20250716,23.33,24.05,23.21,23.94,75134.07,178195.225
003021.SZ,20250716,113.1,117.57,111.55,114.98,105689.51,1212618.475
003022.SZ,20250716,15.8,15.86,15.6,15.64,60396.2,94814.982
003023.SZ,20250716,19.87,20.69,19.87,20.29,39783.29,80935.842
003025.SZ,20250716,13.86,13.95,13.74,13.88,36290.2,50311.023
003026.SZ,20250716,36.4,37.4,35.68,36.11,69386.71,252999.463
003027.SZ,20250716,18.23,19.01,18.23,18.92,97604.15,183213.581
003028.SZ,20250716,30.91,31.49,30.83,31.3,14874.2,46544.069
003029.SZ,20250716,29.65,31.6,28.58,30.42,298079.32,893230.304
003030.SZ,20250716,18.6,18.92,18.6,18.91,16530.0,31126.17
003031.SZ,20250716,51.34,51.66,50.9,51.04,24236.55,124256.326
003032.SZ,20250716,6.57,6.81,6.53,6.78,85356.11,56963.974
003033.SZ,20250716,42.38,44.33,42.16,43.37,35509.0,154218.687
003035.SZ,20250716,4.7,4.73,4.69,4.71,155992.48,73420.36
003036.SZ,20250716,15.38,16.38,15.37,16.05,95753.0,152684.26
003037.SZ,20250716,9.6,10.3,9.0,9.8,1086048.09,1050581.717
003038.SZ,20250716,17.81,18.4,17.76,18.24,45181.68,82243.135
003039.SZ,20250716,13.85,14.05,13.75,13.98,37209.74,51762.939
003040.SZ,20250716,28.5,29.45,27.01,28.05,1160164.47,3257335.186
003041.SZ,20250716,28.13,28.28,27.86,28.0,13795.83,38670.234
003042.SZ,20250716,16.6,16.98,16.58,16.81,32224.6,54077.686
003043.SZ,20250716,41.66,42.29,41.56,41.7,11558.31,48509.28
003816.SZ,20250716,3.69,3.7,3.66,3.67,1006248.84,369649.882
300001.SZ,20250716,24.28,24.38,23.72,23.77,135383.94,324225.967
300002.SZ,20250716,12.94,13.04,12.67,12.75,551563.91,708107.214
300003.SZ,20250716,14.75,14.83,14.6,14.7,257283.0,378362.356
300004.SZ,20250716,8.46,8.5,8.35,8.41,115143.98,96841.899
300005.SZ,20250716,8.35,8.49,8.35,8.44,161039.0,135821.069
300006.SZ,20250716,4.58,5.3,4.42,4.99,2063123.81,987549.791
300007.SZ,20250716,41.7,45.69,41.01,44.38,594268.49,2602534.052
300008.SZ,20250716,7.08,7.09,6.97,7.03,790298.23,555925.986
300009.SZ,20250716,9.2,9.52,9.16,9.39,569642.65,529523.518
300010.SZ,20250716,8.71,9.35,8.65,9.17,2280360.02,2051587.951
300011.SZ,20250716,7.68,7.83,7.64,7.71,76483.13,59070.242
300012.SZ,20250716,12.05,12.09,11.97,12.02,179787.05,216223.718
300013.SZ,20250716,4.02,4.11,4.01,4.07,134788.24,54854.074
300014.SZ,20250716,44.51,44.69,43.89,44.11,188368.35,833792.587
300015.SZ,20250716,12.21,12.43,12.18,12.29,563021.46,692446.249
300016.SZ,20250716,8.59,8.93,8.52,8.84,422063.07,368465.674
300017.SZ,20250716,10.7,10.85,10.56,10.62,823074.1,880736.248
300018.SZ,20250716,8.31,8.39,8.19,8.26,185168.0,153042.212
300019.SZ,20250716,22.0,22.52,21.56,22.52,328240.95,726843.668
300020.SZ,20250716,3.98,4.02,3.96,4.02,154178.0,61538.851
300021.SZ,20250716,4.68,4.73,4.67,4.7,164221.51,77109.922
300022.SZ,20250716,9.05,9.1,8.66,8.8,171926.1,152307.2
300024.SZ,20250716,17.02,17.19,16.88,17.05,250999.32,428442.464
300025.SZ,20250716,6.82,6.94,6.78,6.84,139299.29,95537.232
300026.SZ,20250716,3.9,4.03,3.89,4.02,811480.77,323089.432
300027.SZ,20250716,2.69,2.79,2.68,2.73,985681.93,270237.749
300029.SZ,20250716,5.08,5.23,5.05,5.18,27227.0,13928.719
300030.SZ,20250716,7.82,7.84,7.71,7.82,127092.04,98936.904
300031.SZ,20250716,23.5,24.17,23.46,23.68,170801.31,407345.515
300032.SZ,20250716,5.26,5.32,5.22,5.26,210362.1,110872.056
300033.SZ,20250716,275.44,278.8,273.62,275.01,58443.85,1611292.167
300034.SZ,20250716,16.09,16.2,16.03,16.11,71745.65,115586.376
300035.SZ,20250716,16.61,17.3,16.6,17.07,555283.43,938416.042
300036.SZ,20250716,15.09,15.24,14.95,15.0,69788.89,105326.478
300037.SZ,20250716,33.13,33.29,32.95,33.0,49948.84,165386.706
300039.SZ,20250716,6.24,6.39,6.23,6.38,265663.0,168057.39
300040.SZ,20250716,7.7,7.81,7.58,7.74,448877.65,346802.16
300041.SZ,20250716,9.68,9.73,9.48,9.55,243343.89,232718.876
300042.SZ,20250716,23.58,24.12,23.45,23.52,87057.5,207096.504
300043.SZ,20250716,4.83,5.0,4.7,4.73,1270521.02,610509.462
300044.SZ,20250716,4.06,4.28,4.06,4.26,398044.54,166464.102
300045.SZ,20250716,18.36,18.56,18.19,18.44,80185.16,147751.55
300046.SZ,20250716,41.21,42.64,41.0,41.02,300582.55,1251083.745
300047.SZ,20250716,15.83,16.3,15.55,15.78,462161.4,733908.464
300048.SZ,20250716,6.2,6.21,6.11,6.14,221640.8,136447.936
300049.SZ,20250716,36.63,40.44,36.35,40.03,209829.26,822817.578
300050.SZ,20250716,5.58,5.66,5.55,5.58,109888.0,61719.859
300051.SZ,20250716,7.03,7.05,6.88,6.96,80874.0,56321.587
300052.SZ,20250716,10.52,10.76,10.52,10.69,91437.0,97363.031
300053.SZ,20250716,12.61,12.86,12.55,12.7,135480.0,172435.886
300054.SZ,20250716,28.0,28.67,27.85,28.31,98522.76,279039.066
300055.SZ,20250716,5.99,6.02,5.96,5.99,79532.75,47658.082
300056.SZ,20250716,13.92,13.92,13.63,13.73,68420.0,94154.98
300057.SZ,20250716,5.51,5.55,5.46,5.48,179844.0,99015.717
300058.SZ,20250716,6.54,6.79,6.51,6.63,2372978.02,1582493.376
300059.SZ,20250716,23.6,23.71,23.26,23.42,2614532.22,6133735.002
300061.SZ,20250716,13.1,13.42,13.07,13.17,180555.19,238376.448
300062.SZ,20250716,5.52,5.54,5.46,5.51,95000.0,52272.856
300063.SZ,20250716,8.5,8.69,8.48,8.54,255669.5,219613.657
300065.SZ,20250716,17.9,17.99,17.64,17.72,384864.09,684535.377
300066.SZ,20250716,6.31,6.4,5.92,5.95,2142891.7,1299186.893
300067.SZ,20250716,5.44,5.57,5.43,5.5,540007.9,297949.232
300068.SZ,20250716,14.87,15.15,14.83,14.92,214390.54,321709.345
300069.SZ,20250716,19.91,20.55,19.81,20.37,68168.0,137855.997
300070.SZ,20250716,4.52,4.54,4.49,4.51,179869.1,81210.095
300071.SZ,20250716,4.88,5.39,4.88,5.07,988049.87,512101.117
300072.SZ,20250716,3.51,3.52,3.47,3.5,269966.8,94435.18
300073.SZ,20250716,41.85,42.69,41.75,42.05,95657.31,403513.743
300074.SZ,20250716,4.96,5.05,4.93,5.0,184116.0,92134.17
300075.SZ,20250716,18.03,18.09,17.6,17.73,191018.26,340116.643
300076.SZ,20250716,6.27,6.42,6.27,6.34,100112.0,63551.769
300077.SZ,20250716,25.37,25.89,25.12,25.13,302482.52,771241.882
300078.SZ,20250716,3.86,3.95,3.83,3.87,407293.0,158302.424
300079.SZ,20250716,5.92,5.95,5.85,5.9,314419.78,185616.477
300080.SZ,20250716,4.27,4.31,4.2,4.24,172302.01,72861.009
300081.SZ,20250716,6.9,7.06,6.88,6.95,184305.0,128671.873
300082.SZ,20250716,7.17,7.25,7.16,7.2,68191.0,49108.043
300083.SZ,20250716,8.35,8.46,8.31,8.36,488209.85,409538.693
300084.SZ,20250716,8.63,8.63,8.4,8.53,178864.0,152028.904
300085.SZ,20250716,41.83,42.3,41.39,41.89,265631.2,1111540.062
300086.SZ,20250716,5.6,5.84,5.55,5.76,284528.14,163447.52
300087.SZ,20250716,8.94,9.09,8.93,9.01,169912.09,153246.952
300088.SZ,20250716,5.98,6.04,5.96,5.99,240297.08,144295.316
300091.SZ,20250716,2.93,2.93,2.87,2.89,280882.33,81228.737
300092.SZ,20250716,12.57,12.69,12.51,12.69,79484.0,100322.249
300093.SZ,20250716,12.5,12.64,12.32,12.36,36538.01,45578.713
300094.SZ,20250716,3.89,3.94,3.84,3.87,558522.22,216815.58
300095.SZ,20250716,9.9,10.35,9.66,9.74,545157.34,544188.206
300096.SZ,20250716,4.14,4.19,4.12,4.14,69329.0,28771.517
300097.SZ,20250716,5.12,5.25,5.12,5.23,66654.0,34584.252
300098.SZ,20250716,4.97,5.03,4.93,5.0,326861.69,163593.226
300099.SZ,20250716,7.06,7.17,7.06,7.12,137703.0,98009.067
300100.SZ,20250716,45.93,48.0,45.51,46.45,485390.44,2278090.918
300101.SZ,20250716,22.37,23.32,21.2,21.72,254440.9,567694.081
300102.SZ,20250716,11.26,11.49,11.22,11.41,190054.0,216695.527
300103.SZ,20250716,6.63,6.76,6.51,6.6,91304.48,60883.973
300105.SZ,20250716,7.75,7.75,7.55,7.58,169915.05,129511.225
300106.SZ,20250716,10.84,11.04,10.83,10.94,72378.65,79215.0
300107.SZ,20250716,7.61,7.65,7.56,7.63,42651.0,32498.641
300109.SZ,20250716,16.33,16.45,16.19,16.26,53472.85,87127.357
300110.SZ,20250716,3.35,3.44,3.33,3.43,300611.0,102075.607
300111.SZ,20250716,3.4,3.43,3.37,3.42,180257.22,61327.054
300112.SZ,20250716,9.04,9.18,9.02,9.09,52137.01,47513.657
300113.SZ,20250716,20.21,21.5,20.18,20.51,501509.5,1044353.148
300115.SZ,20250716,21.05,21.34,20.78,20.96,440179.81,928230.407
300118.SZ,20250716,10.25,10.45,10.16,10.41,418721.55,430499.712
300119.SZ,20250716,20.17,21.8,20.1,21.49,306810.31,646021.739
300120.SZ,20250716,8.95,9.04,8.89,8.94,133541.99,119517.99
300121.SZ,20250716,14.62,14.79,14.34,14.35,188194.0,273162.511
300122.SZ,20250716,20.09,20.34,20.04,20.2,164505.95,332154.177
300123.SZ,20250716,6.27,6.33,6.22,6.26,238716.52,149727.146
300124.SZ,20250716,64.27,65.3,64.0,64.52,215160.59,1391603.525
300125.SZ,20250716,6.74,7.12,6.68,7.04,95461.0,65700.804
300126.SZ,20250716,7.27,7.45,7.18,7.41,68562.0,50561.468
300127.SZ,20250716,29.36,29.36,28.56,28.95,137950.01,398579.744
300128.SZ,20250716,5.27,5.33,5.25,5.27,176853.8,93580.967
300129.SZ,20250716,7.36,7.46,7.15,7.24,484166.97,350927.914
300130.SZ,20250716,32.0,32.69,31.53,32.34,324038.8,1042655.401
300131.SZ,20250716,8.25,8.44,8.15,8.33,544813.92,453426.805
300132.SZ,20250716,5.74,5.81,5.72,5.76,81711.0,47212.141
300133.SZ,20250716,7.55,7.77,7.53,7.59,722594.88,552841.344
300134.SZ,20250716,11.96,12.09,11.84,11.88,100045.0,119677.764
300135.SZ,20250716,3.99,4.05,3.95,4.04,128288.0,51592.003
300136.SZ,20250716,21.96,22.26,21.76,21.84,154970.29,340442.601
300137.SZ,20250716,5.7,5.85,5.7,5.84,76665.95,44237.184
300138.SZ,20250716,13.45,13.72,13.23,13.5,114077.92,154254.273
300139.SZ,20250716,20.22,20.42,19.99,20.31,246502.67,496888.962
300140.SZ,20250716,6.21,6.25,6.16,6.2,63440.86,39351.233
300141.SZ,20250716,9.77,10.5,9.65,9.67,151823.5,149253.958
300142.SZ,20250716,11.27,11.4,11.22,11.33,249518.23,282096.712
300143.SZ,20250716,9.86,10.03,9.86,10.02,69146.0,68815.129
300144.SZ,20250716,8.41,8.49,8.41,8.44,185125.84,156446.203
300145.SZ,20250716,3.6,3.65,3.58,3.61,279771.8,100897.011
300146.SZ,20250716,11.53,11.57,11.49,11.56,75512.0,87101.991
300147.SZ,20250716,8.06,8.21,8.06,8.18,93505.64,76064.934
300148.SZ,20250716,5.16,5.31,5.13,5.17,692513.47,361836.947
300149.SZ,20250716,10.49,10.74,10.32,10.63,290490.0,305938.243
300150.SZ,20250716,5.2,6.16,5.17,5.52,787811.02,448828.698
300151.SZ,20250716,12.99,13.32,12.92,13.18,141321.71,185741.737
300152.SZ,20250716,2.42,2.61,2.41,2.56,471088.97,117996.868
300153.SZ,20250716,34.6,35.83,33.49,33.91,498031.0,1720911.782
300154.SZ,20250716,9.04,9.16,8.97,9.1,65365.0,59444.361
300155.SZ,20250716,5.07,5.09,5.01,5.05,96253.0,48657.791
300157.SZ,20250716,4.8,4.84,4.75,4.8,292004.0,140143.779
300158.SZ,20250716,4.72,5.0,4.72,4.97,536541.1,263059.23
300159.SZ,20250716,3.67,3.72,3.4,3.4,1103679.04,390354.894
300160.SZ,20250716,6.08,6.12,6.01,6.05,288255.16,174302.848
300161.SZ,20250716,26.32,26.68,26.24,26.64,35921.5,95438.603
300162.SZ,20250716,7.59,7.65,7.53,7.54,73756.0,55817.776
300163.SZ,20250716,3.7,3.74,3.66,3.74,164783.0,61239.924
300164.SZ,20250716,5.48,5.5,5.44,5.47,404227.07,220739.601
300165.SZ,20250716,3.76,3.82,3.75,3.82,62518.02,23720.724
300166.SZ,20250716,10.13,10.32,10.04,10.07,349157.02,355328.013
300167.SZ,20250716,5.06,5.34,5.02,5.33,184235.02,95960.198
300168.SZ,20250716,7.91,7.93,7.76,7.83,291722.56,228442.508
300169.SZ,20250716,8.31,8.42,8.28,8.38,208505.0,173991.395
300170.SZ,20250716,18.11,18.5,17.91,18.2,1170363.95,2129298.266
300171.SZ,20250716,13.16,13.37,13.13,13.34,63865.92,84591.846
300172.SZ,20250716,5.52,5.55,5.49,5.54,185014.0,102274.729
300173.SZ,20250716,6.05,6.07,5.99,6.01,126590.0,76296.513
300175.SZ,20250716,4.76,4.78,4.73,4.77,31539.4,14989.156
300176.SZ,20250716,7.06,7.14,7.02,7.11,76033.66,54014.098
300177.SZ,20250716,10.54,10.66,10.46,10.54,147928.0,156409.627
300179.SZ,20250716,9.93,10.11,9.9,10.05,95341.32,95771.151
300180.SZ,20250716,9.4,9.45,9.1,9.31,1706454.26,1580006.812
300181.SZ,20250716,18.56,18.71,18.46,18.56,125834.85,233652.659
300182.SZ,20250716,5.51,5.69,5.5,5.59,1021533.57,573856.304
300183.SZ,20250716,17.0,17.24,16.93,16.96,80392.0,137322.601
300184.SZ,20250716,9.6,9.76,9.56,9.61,241795.69,233752.095
300185.SZ,20250716,2.77,2.78,2.75,2.77,556504.53,153975.514
300187.SZ,20250716,5.4,5.58,5.31,5.35,164358.03,88950.0
300188.SZ,20250716,14.45,14.45,14.15,14.28,163592.2,233764.928
300189.SZ,20250716,4.45,4.55,4.41,4.5,681239.0,306758.437
300190.SZ,20250716,3.73,3.73,3.67,3.72,68776.72,25502.062
300191.SZ,20250716,18.2,18.54,18.2,18.4,36618.0,67312.501
300192.SZ,20250716,14.64,14.89,14.58,14.82,148351.0,219255.479
300193.SZ,20250716,9.25,9.32,9.24,9.27,71475.77,66323.499
300194.SZ,20250716,4.4,4.54,4.37,4.53,511676.84,229488.371
300195.SZ,20250716,8.68,9.27,8.4,8.92,963203.72,856277.958
300196.SZ,20250716,14.16,14.23,13.96,14.07,110874.0,156321.422
300197.SZ,20250716,2.07,2.1,2.06,2.07,273689.5,56828.117
300198.SZ,20250716,2.43,2.47,2.42,2.45,102999.2,25147.042
300199.SZ,20250716,18.15,19.48,17.88,19.43,1403405.56,2648013.43
300200.SZ,20250716,9.85,9.94,9.85,9.89,66871.16,66113.654
300201.SZ,20250716,5.44,5.64,5.4,5.58,484185.13,269178.672
300203.SZ,20250716,19.1,19.26,18.7,18.78,112493.28,212963.246
300204.SZ,20250716,39.8,42.0,39.69,41.8,200011.24,823350.301
300205.SZ,20250716,4.5,4.59,4.41,4.48,68976.0,30882.533
300206.SZ,20250716,12.27,12.99,12.2,12.66,217145.78,276273.792
300207.SZ,20250716,20.86,21.38,20.62,21.08,783534.07,1645773.874
300208.SZ,20250716,0.32,0.32,0.3,0.31,144659.54,4480.381
300209.SZ,20250716,5.38,5.45,5.37,5.41,88890.0,48139.33
300210.SZ,20250716,10.7,11.0,10.68,10.77,107396.0,116221.334
300211.SZ,20250716,8.15,8.4,7.75,7.79,253810.0,204944.578
300212.SZ,20250716,22.52,22.79,22.29,22.32,159036.56,357240.64
300213.SZ,20250716,8.7,8.97,8.65,8.84,249491.0,220331.808
300214.SZ,20250716,6.96,7.12,6.88,6.94,63432.0,44301.344
300215.SZ,20250716,5.75,5.84,5.68,5.69,95890.0,55074.99
300217.SZ,20250716,5.24,5.3,5.21,5.29,448075.2,236294.96
300218.SZ,20250716,15.1,15.68,15.05,15.39,106969.0,164690.778
300219.SZ,20250716,6.65,6.69,6.63,6.66,76800.24,51168.505
300220.SZ,20250716,17.48,18.3,17.4,17.7,112364.44,201658.919
300221.SZ,20250716,8.89,8.89,8.66,8.69,235332.22,205673.851
300222.SZ,20250716,10.3,10.43,10.24,10.34,185064.94,191564.381
300223.SZ,20250716,66.31,67.78,66.2,66.68,92849.5,623138.666
300224.SZ,20250716,15.06,15.13,14.75,14.79,346203.0,515022.721
300225.SZ,20250716,3.68,3.82,3.6,3.81,217608.47,80348.959
300226.SZ,20250716,30.02,30.38,29.23,29.56,638289.08,1898005.921
300227.SZ,20250716,8.99,9.03,8.86,8.88,144479.0,129295.279
300228.SZ,20250716,7.95,8.02,7.9,7.97,169276.0,134865.389
300229.SZ,20250716,20.94,21.08,20.23,20.37,727289.4,1499411.347
300230.SZ,20250716,4.95,5.0,4.94,4.97,175230.0,87142.68
300231.SZ,20250716,12.28,12.38,12.15,12.21,139564.08,170790.287
300232.SZ,20250716,7.08,7.23,7.05,7.15,152464.71,109120.093
300233.SZ,20250716,16.6,17.36,16.55,17.31,346544.85,593375.668
300234.SZ,20250716,5.24,5.28,5.17,5.25,75919.0,39840.664
300235.SZ,20250716,11.52,11.66,11.42,11.58,133735.94,154508.441
300236.SZ,20250716,38.5,38.9,37.93,38.17,43412.0,166624.756
300237.SZ,20250716,2.1,2.12,2.07,2.12,645704.01,135535.932
300238.SZ,20250716,16.87,16.87,16.5,16.75,108281.28,180641.897
300239.SZ,20250716,5.87,5.9,5.83,5.89,70763.07,41539.336
300240.SZ,20250716,8.76,9.07,8.69,8.94,282933.5,251558.87
300241.SZ,20250716,5.74,5.78,5.69,5.7,114587.0,65627.95
300242.SZ,20250716,4.58,4.72,4.56,4.7,291947.0,136777.739
300243.SZ,20250716,11.06,11.15,10.96,11.09,70368.1,77850.544
300244.SZ,20250716,15.15,15.3,14.96,15.19,247049.03,373837.67
300245.SZ,20250716,18.85,19.05,18.45,18.46,166915.19,312893.296
300246.SZ,20250716,9.07,9.14,8.96,9.1,148128.34,134031.451
300247.SZ,20250716,3.9,3.98,3.88,3.96,156561.0,61766.971
300248.SZ,20250716,15.71,16.01,15.43,15.59,324216.76,506173.714
300249.SZ,20250716,14.51,15.0,14.45,14.58,595957.95,877513.688
300250.SZ,20250716,16.07,16.24,15.9,16.01,55217.0,88845.989
300251.SZ,20250716,19.21,19.91,19.21,19.53,853033.74,1677353.683
300252.SZ,20250716,11.2,11.57,11.06,11.36,430055.0,489459.226
300253.SZ,20250716,10.69,11.04,10.46,10.49,1216154.88,1301209.231
300254.SZ,20250716,11.07,11.22,10.92,11.12,243632.95,269932.314
300255.SZ,20250716,40.5,43.89,38.19,42.81,701559.91,2843511.452
300256.SZ,20250716,4.08,4.12,4.07,4.08,281072.0,115047.545
300257.SZ,20250716,11.79,12.88,11.74,12.4,364493.46,452657.22
300258.SZ,20250716,12.88,14.78,12.87,13.98,790590.72,1086137.539
300259.SZ,20250716,3.69,3.69,3.66,3.69,100959.73,37103.516
300260.SZ,20250716,31.29,31.68,31.1,31.4,89929.17,282144.514
300261.SZ,20250716,7.06,7.15,7.04,7.13,166422.47,118306.452
300263.SZ,20250716,7.66,7.72,7.56,7.65,205771.38,157252.456
300264.SZ,20250716,6.38,6.44,6.25,6.3,136285.68,86450.548
300265.SZ,20250716,10.4,10.53,10.25,10.37,207981.22,215594.74
300266.SZ,20250716,2.87,2.87,2.8,2.84,189957.18,53481.822
300267.SZ,20250716,3.34,3.49,3.34,3.48,928797.72,318659.631
300268.SZ,20250716,10.63,11.13,10.63,11.08,24922.0,27229.536
300269.SZ,20250716,5.23,5.31,5.19,5.24,255732.0,134301.037
300270.SZ,20250716,8.2,8.35,8.2,8.27,70896.0,58661.122
300271.SZ,20250716,8.23,8.35,8.11,8.16,263660.0,216592.313
300272.SZ,20250716,6.76,6.82,6.7,6.78,73703.56,50021.495
300274.SZ,20250716,74.5,75.02,73.25,74.51,374271.7,2775187.872
300275.SZ,20250716,13.21,13.28,13.12,13.18,88887.4,117268.84
300276.SZ,20250716,11.03,11.23,10.92,11.04,506321.47,560862.097
300277.SZ,20250716,12.79,12.85,12.63,12.69,45509.72,58046.032
300278.SZ,20250716,5.38,5.54,5.35,5.46,376484.0,206069.786
300279.SZ,20250716,7.01,7.1,7.0,7.05,134436.4,94826.215
300280.SZ,20250716,3.36,3.55,3.21,3.44,394846.5,133912.543
300281.SZ,20250716,7.28,7.44,7.27,7.44,99026.0,73190.824
300283.SZ,20250716,6.75,7.07,6.71,6.79,296202.0,204802.724
300284.SZ,20250716,9.11,9.19,9.02,9.06,104351.0,94964.193
300285.SZ,20250716,17.96,18.04,17.75,17.9,158676.0,283848.065
300286.SZ,20250716,22.66,22.83,22.52,22.66,20330.7,46069.536
300287.SZ,20250716,5.53,5.64,5.5,5.56,451962.07,252103.008
300288.SZ,20250716,15.4,15.53,15.21,15.32,69065.0,106085.429
300289.SZ,20250716,5.38,5.47,5.34,5.46,65410.0,35430.955
300290.SZ,20250716,16.88,17.35,16.88,17.05,154286.0,264470.978
300291.SZ,20250716,5.81,6.17,5.81,6.02,784942.04,473425.926
300292.SZ,20250716,4.87,4.91,4.83,4.85,229508.0,111745.54
300293.SZ,20250716,23.81,24.29,23.8,23.96,126108.19,303266.185
300294.SZ,20250716,26.26,26.59,26.15,26.53,68283.29,180296.186
300295.SZ,20250716,15.57,15.85,15.48,15.55,52072.0,81520.155
300296.SZ,20250716,6.03,6.17,6.02,6.1,772751.0,472555.566
300298.SZ,20250716,22.15,22.75,22.15,22.43,43100.73,96755.495
300299.SZ,20250716,7.29,7.55,7.26,7.33,483471.63,357779.067
300300.SZ,20250716,4.93,5.02,4.87,4.92,108805.64,53765.932
300301.SZ,20250716,2.35,2.36,2.3,2.32,134829.0,31366.685
300302.SZ,20250716,15.24,15.53,15.1,15.21,86977.0,133168.529
300303.SZ,20250716,6.24,6.3,6.18,6.22,287147.55,179248.945
300304.SZ,20250716,8.56,8.88,8.41,8.72,567200.09,493465.618
300305.SZ,20250716,6.48,6.52,6.42,6.5,54212.0,35102.612
300306.SZ,20250716,12.89,13.01,12.82,12.92,44486.0,57511.085
300307.SZ,20250716,7.89,8.02,7.86,7.98,153847.51,122631.022
300308.SZ,20250716,179.8,181.97,169.67,170.76,905851.77,15982905.351
300310.SZ,20250716,6.36,6.46,6.34,6.38,204907.4,131379.003
300311.SZ,20250716,4.85,4.99,4.84,4.95,229436.74,112842.783
300313.SZ,20250716,7.19,7.5,7.19,7.45,44592.08,32819.505
300314.SZ,20250716,12.79,13.0,12.79,12.96,48216.85,62379.75
300315.SZ,20250716,5.64,5.77,5.63,5.67,941277.15,536610.166
300316.SZ,20250716,27.41,27.63,27.28,27.48,72144.0,198055.276
300317.SZ,20250716,4.27,4.29,4.18,4.21,404549.0,170734.049
300318.SZ,20250716,6.13,6.2,6.1,6.2,82034.0,50520.156
300319.SZ,20250716,10.92,11.04,10.82,10.84,185178.97,201978.757
300320.SZ,20250716,9.79,9.9,9.72,9.88,66544.0,65537.848
300321.SZ,20250716,28.51,28.83,27.9,28.05,15117.0,42648.816
300322.SZ,20250716,15.72,16.18,15.61,16.06,524366.84,836891.88
300323.SZ,20250716,7.57,7.57,7.38,7.39,192486.0,143642.444
300324.SZ,20250716,4.59,4.69,4.57,4.58,907658.58,419959.194
300326.SZ,20250716,6.48,6.64,6.31,6.55,367515.0,237411.68
300327.SZ,20250716,23.94,24.28,23.78,23.86,48986.23,117528.414
300328.SZ,20250716,11.31,11.52,11.15,11.27,340013.16,385056.143
300329.SZ,20250716,8.92,9.28,8.72,9.19,163900.4,147647.483
300331.SZ,20250716,21.07,21.36,20.99,21.14,55249.0,116970.904
300332.SZ,20250716,5.0,5.04,4.98,5.0,162312.92,81332.49
300333.SZ,20250716,14.68,14.8,14.45,14.57,164783.0,240413.992
300334.SZ,20250716,7.07,7.15,7.04,7.08,38837.0,27511.876
300335.SZ,20250716,5.99,6.02,5.91,5.95,290186.14,172741.356
300337.SZ,20250716,10.65,10.75,10.56,10.59,128852.81,137145.296
300338.SZ,20250716,4.08,4.13,4.05,4.13,32154.0,13172.283
300339.SZ,20250716,50.6,51.25,50.28,50.41,220195.47,1116547.186
300340.SZ,20250716,17.02,17.16,16.86,16.9,181116.45,307620.468
300341.SZ,20250716,15.7,16.05,15.7,15.86,55731.0,88613.334
300342.SZ,20250716,16.71,16.8,16.62,16.72,85994.65,143811.864
300343.SZ,20250716,4.97,5.03,4.9,4.95,188050.94,93210.042
300344.SZ,20250716,4.0,4.79,3.98,4.79,766804.72,341970.658
300345.SZ,20250716,7.18,7.24,7.05,7.18,150258.0,107298.141
300346.SZ,20250716,31.02,31.33,30.91,31.02,104373.02,324667.322
300347.SZ,20250716,57.39,57.77,56.2,56.65,115570.35,658161.487
300348.SZ,20250716,18.92,19.98,18.2,19.48,1131566.15,2167139.792
300349.SZ,20250716,12.25,12.28,12.13,12.17,47952.2,58493.81
300350.SZ,20250716,6.05,6.22,6.03,6.21,281045.4,173244.12
300351.SZ,20250716,16.4,16.52,16.28,16.4,67163.0,110297.644
300352.SZ,20250716,5.55,5.58,5.48,5.51,367834.5,203119.385
300353.SZ,20250716,20.65,21.9,20.53,21.6,549051.96,1180506.747
300354.SZ,20250716,37.26,39.08,37.14,38.54,46085.0,177199.494
300355.SZ,20250716,4.24,4.33,4.23,4.25,351665.73,149965.996
300357.SZ,20250716,23.21,25.55,23.21,25.0,547895.65,1349408.954
300358.SZ,20250716,8.06,8.22,8.03,8.2,119532.0,97154.54
300359.SZ,20250716,6.12,6.24,6.07,6.16,145037.5,89155.908
300360.SZ,20250716,16.11,16.14,15.94,16.0,63263.25,101520.428
300363.SZ,20250716,19.6,19.77,19.3,19.52,240913.0,468815.512
300364.SZ,20250716,26.97,28.27,26.88,27.31,674400.29,1863853.675
300365.SZ,20250716,6.73,6.79,6.65,6.71,240968.0,161756.729
300366.SZ,20250716,8.11,8.24,7.97,7.99,366557.0,296521.986
300368.SZ,20250716,10.0,10.19,9.71,10.04,433424.85,429657.999
300369.SZ,20250716,7.87,7.91,7.82,7.87,100447.0,78975.792
300370.SZ,20250716,2.98,3.02,2.96,3.01,286084.8,85797.506
300371.SZ,20250716,12.99,13.06,12.55,12.64,117265.4,149126.402
300373.SZ,20250716,50.99,51.94,50.7,50.87,82569.03,423721.788
300374.SZ,20250716,17.03,17.09,16.73,16.86,100186.8,169030.053
300375.SZ,20250716,4.93,5.02,4.91,5.02,204191.7,101839.068
300376.SZ,20250716,4.04,4.08,4.02,4.08,113968.0,46150.505
300377.SZ,20250716,24.82,25.09,24.65,24.87,248392.75,616938.503
300378.SZ,20250716,46.27,47.0,43.88,45.7,395658.83,1785261.713
300379.SZ,20250716,5.28,5.86,5.22,5.71,498589.63,273852.701
300380.SZ,20250716,48.8,49.23,48.1,48.53,75358.0,366439.58
300381.SZ,20250716,7.32,7.44,7.28,7.42,84709.0,62601.547
300382.SZ,20250716,15.85,16.47,15.73,15.98,229109.56,367072.238
300383.SZ,20250716,15.97,16.44,15.8,15.86,1517669.98,2443030.535
300384.SZ,20250716,17.96,18.17,17.83,17.93,61613.31,110852.249
300385.SZ,20250716,5.38,5.45,5.3,5.39,43160.52,23273.25
300386.SZ,20250716,20.19,20.31,19.88,20.18,132167.24,265854.392
300387.SZ,20250716,9.12,9.22,9.09,9.16,63176.0,57890.989
300388.SZ,20250716,7.29,7.29,7.19,7.23,41642.4,30074.924
300389.SZ,20250716,11.72,11.79,11.65,11.76,26856.8,31554.989
300390.SZ,20250716,19.68,19.85,19.45,19.51,158687.38,311393.489
300391.SZ,20250716,4.49,4.49,4.34,4.45,87739.5,38709.483
300393.SZ,20250716,6.22,6.25,6.15,6.18,204352.6,126432.599
300394.SZ,20250716,95.83,95.98,90.0,90.22,462057.2,4295025.948
300395.SZ,20250716,59.58,63.08,58.3,60.71,226395.15,1391381.556
300396.SZ,20250716,14.3,14.4,14.23,14.39,25397.0,36402.958
300397.SZ,20250716,13.09,13.24,13.04,13.14,134426.3,176754.382
300398.SZ,20250716,19.0,19.22,18.76,18.9,203622.07,386365.484
300399.SZ,20250716,32.4,32.74,31.96,31.99,149149.05,480274.937
300400.SZ,20250716,17.01,17.16,16.79,16.88,62697.0,106389.081
300401.SZ,20250716,15.3,15.94,15.18,15.89,437523.7,684523.859
300402.SZ,20250716,19.4,19.41,19.04,19.26,82406.0,158006.034
300403.SZ,20250716,14.87,15.44,14.8,15.2,365590.3,554642.923
300404.SZ,20250716,9.76,10.36,9.68,10.21,340136.37,341406.894
300405.SZ,20250716,5.87,5.87,5.78,5.79,68133.3,39637.226
300406.SZ,20250716,13.98,14.25,13.98,14.22,56161.0,79357.336
300407.SZ,20250716,10.58,10.68,10.54,10.61,33047.0,35053.727
300408.SZ,20250716,31.88,32.59,31.62,32.14,179585.0,578035.718
300409.SZ,20250716,16.11,16.31,15.77,15.91,650450.18,1038405.239
300410.SZ,20250716,8.41,8.44,7.95,7.95,473990.0,383755.341
300411.SZ,20250716,11.84,11.94,11.77,11.93,52678.0,62584.159
300412.SZ,20250716,5.28,5.42,5.26,5.4,146893.7,78700.514
300413.SZ,20250716,21.25,22.18,21.25,21.65,325803.68,710586.88
300414.SZ,20250716,13.33,13.7,13.07,13.12,373856.4,497474.236
300415.SZ,20250716,20.77,21.42,20.65,21.32,128496.67,272454.563
300416.SZ,20250716,13.72,14.18,13.68,13.93,160365.58,224657.428
300417.SZ,20250716,12.57,12.87,12.57,12.8,21406.11,27314.614
300418.SZ,20250716,34.33,35.41,34.03,34.15,643121.58,2226621.361
300419.SZ,20250716,5.64,5.74,5.62,5.72,84324.0,47899.644
300420.SZ,20250716,3.36,3.42,3.34,3.37,327384.2,110923.949
300421.SZ,20250716,15.95,16.99,15.65,16.45,383850.99,629320.588
300422.SZ,20250716,5.01,5.06,4.98,5.04,63917.5,32169.401
300423.SZ,20250716,6.82,6.99,6.79,6.9,67306.4,46114.6
300424.SZ,20250716,16.21,16.34,16.12,16.25,50854.75,82686.898
300425.SZ,20250716,5.43,5.48,5.43,5.44,84233.0,45910.645
300426.SZ,20250716,9.58,9.78,9.53,9.61,55341.0,53623.814
300427.SZ,20250716,6.75,6.75,6.65,6.69,124286.4,83180.633
300428.SZ,20250716,18.05,18.25,17.93,18.13,63881.34,115715.644
300429.SZ,20250716,13.33,13.5,13.2,13.28,144418.0,192724.939
300430.SZ,20250716,20.08,20.18,19.75,19.86,100678.35,200685.932
300432.SZ,20250716,12.83,13.3,12.7,13.09,730752.66,957569.336
300433.SZ,20250716,23.2,23.69,22.91,23.04,617247.01,1441103.303
300434.SZ,20250716,10.09,10.74,9.97,10.51,367735.6,382936.076
300435.SZ,20250716,15.55,15.84,15.45,15.57,72407.97,113111.645
300436.SZ,20250716,65.54,77.09,64.2,74.87,330196.24,2339084.2
300437.SZ,20250716,9.01,9.05,8.96,9.04,36181.84,32612.201
300438.SZ,20250716,25.88,26.07,25.63,25.89,57815.61,149616.582
300439.SZ,20250716,10.81,11.09,10.79,11.06,65470.0,71925.075
300440.SZ,20250716,10.52,10.58,10.43,10.55,57855.0,60773.0
300441.SZ,20250716,8.03,8.14,7.98,8.09,83785.8,67787.93
300442.SZ,20250716,54.55,54.88,52.5,52.83,546565.37,2937164.905
300443.SZ,20250716,22.04,22.09,21.6,21.96,79701.03,174249.63
300444.SZ,20250716,7.31,7.36,7.2,7.25,306572.8,222710.243
300445.SZ,20250716,18.25,18.85,18.05,18.38,45720.0,84425.231
300446.SZ,20250716,16.93,17.08,16.92,16.99,83807.0,142517.965
300447.SZ,20250716,15.28,15.56,15.21,15.43,58942.0,90889.37
300448.SZ,20250716,6.63,6.83,6.61,6.66,171751.0,114922.15
300449.SZ,20250716,7.85,7.89,7.75,7.82,73394.93,57451.695
300450.SZ,20250716,23.89,24.14,23.77,24.04,209076.22,500588.913
300451.SZ,20250716,5.57,5.66,5.54,5.59,550981.75,308646.368
300452.SZ,20250716,13.57,13.93,13.5,13.85,118396.95,162452.081
300453.SZ,20250716,8.29,8.36,8.27,8.36,60503.72,50404.021
300454.SZ,20250716,94.0,98.5,93.8,94.89,92552.28,888788.924
300455.SZ,20250716,13.83,13.96,13.75,13.92,82219.78,113965.283
300456.SZ,20250716,16.8,17.14,16.75,16.84,125958.55,213315.402
300457.SZ,20250716,20.25,20.56,20.15,20.37,109988.47,224143.21
300458.SZ,20250716,38.55,39.53,38.39,38.89,286639.63,1120240.382
300459.SZ,20250716,5.39,5.49,5.38,5.41,1198506.66,652706.759
300460.SZ,20250716,10.4,10.59,10.34,10.46,61699.4,64525.606
300461.SZ,20250716,19.98,20.13,19.85,20.07,26320.05,52690.501
300462.SZ,20250716,10.28,10.39,10.16,10.31,81386.05,83699.295
300463.SZ,20250716,12.16,12.32,12.15,12.31,71706.59,87782.3
300464.SZ,20250716,5.36,5.65,5.32,5.39,166203.5,90573.557
300465.SZ,20250716,16.08,16.21,15.88,16.07,166645.8,267557.333
300466.SZ,20250716,10.67,11.19,10.53,10.98,303902.2,331771.79
300467.SZ,20250716,20.77,21.18,20.61,20.94,78302.0,163998.859
300468.SZ,20250716,42.89,42.96,41.3,42.73,674718.66,2854957.086
300469.SZ,20250716,43.88,46.1,42.38,45.27,227701.32,1014287.416
300470.SZ,20250716,37.33,37.62,37.14,37.54,26086.4,97583.053
300471.SZ,20250716,11.7,11.73,11.38,11.43,197375.71,226720.434
300472.SZ,20250716,4.92,4.98,4.54,4.85,435550.67,207305.352
300473.SZ,20250716,30.6,31.16,30.5,30.76,56247.0,173706.248
300474.SZ,20250716,70.97,76.8,70.97,74.34,313961.51,2355735.573
300475.SZ,20250716,33.99,35.3,33.61,34.49,180537.8,628354.835
300476.SZ,20250716,162.29,163.29,154.88,155.03,474697.86,7567187.081
300477.SZ,20250716,2.17,2.25,2.16,2.25,350846.0,77489.609
300478.SZ,20250716,14.32,14.6,14.28,14.43,51777.53,74915.163
300479.SZ,20250716,21.43,21.64,21.25,21.45,63486.0,136472.128
300480.SZ,20250716,15.69,15.9,15.58,15.81,116526.16,182873.484
300481.SZ,20250716,14.36,14.47,14.29,14.39,32042.0,46095.915
300482.SZ,20250716,21.71,22.07,21.63,21.96,63525.73,139226.729
300483.SZ,20250716,10.99,11.11,10.95,11.04,74408.35,82178.459
300484.SZ,20250716,21.77,22.19,21.6,21.87,145187.84,317275.987
300485.SZ,20250716,13.1,13.4,12.75,13.27,269004.88,350684.795
300486.SZ,20250716,8.12,8.34,8.09,8.25,134509.5,110696.882
300487.SZ,20250716,51.71,52.18,51.35,51.9,25906.03,134177.782
300488.SZ,20250716,33.95,34.4,33.58,33.94,36724.0,124756.17
300489.SZ,20250716,39.05,39.75,38.86,39.59,29057.0,114977.848
300490.SZ,20250716,8.47,8.8,8.42,8.53,122193.08,104705.941
300491.SZ,20250716,19.3,19.68,19.04,19.12,82580.7,159797.811
300492.SZ,20250716,67.69,70.63,67.23,69.6,17845.2,124303.566
300493.SZ,20250716,20.16,20.65,20.1,20.19,206050.13,419493.925
300494.SZ,20250716,14.31,16.29,14.3,14.89,1074637.71,1637702.074
300496.SZ,20250716,56.65,57.39,56.18,56.43,125164.49,711095.542
300497.SZ,20250716,9.74,9.99,9.51,9.84,154825.53,151424.862
300498.SZ,20250716,17.02,17.21,16.96,17.13,306311.94,523178.887
300499.SZ,20250716,19.29,19.48,18.83,18.93,325752.65,623164.523
300500.SZ,20250716,12.93,13.12,12.8,12.86,31983.0,41411.787
300501.SZ,20250716,16.22,16.22,15.87,15.97,50573.51,80911.975
300502.SZ,20250716,161.71,179.28,161.0,169.8,1149386.25,19663974.703
300503.SZ,20250716,22.62,23.07,22.35,22.72,141378.5,321645.984
300504.SZ,20250716,15.42,15.78,15.36,15.55,37291.0,58145.563
300505.SZ,20250716,19.44,19.7,19.38,19.46,136387.2,265766.222
300506.SZ,20250716,3.96,4.07,3.91,4.05,106761.4,42855.743
300507.SZ,20250716,7.66,7.78,7.64,7.74,211817.25,163736.769
300508.SZ,20250716,29.6,29.84,29.26,29.55,14626.79,43349.636
300509.SZ,20250716,8.62,8.93,8.59,8.85,100449.34,88594.93
300510.SZ,20250716,4.64,4.71,4.62,4.66,149714.49,69857.137
300511.SZ,20250716,6.3,6.43,6.25,6.34,117513.31,74751.138
300512.SZ,20250716,8.67,9.54,8.65,9.48,180581.63,164733.622
300513.SZ,20250716,8.9,8.95,8.76,8.82,66596.28,58895.021
300514.SZ,20250716,13.73,13.81,13.65,13.75,23720.0,32641.931
300515.SZ,20250716,25.09,26.2,24.17,24.23,124044.87,310370.853
300516.SZ,20250716,37.22,37.38,36.82,36.95,28828.0,106796.37
300517.SZ,20250716,11.7,12.44,11.7,12.05,92405.8,111983.001
300518.SZ,20250716,13.52,13.91,13.45,13.88,51905.8,71135.779
300519.SZ,20250716,15.44,15.95,15.37,15.71,47670.0,74565.583
300520.SZ,20250716,24.27,24.6,24.14,24.3,82759.0,201672.084
300521.SZ,20250716,24.61,26.49,24.3,25.98,96467.0,247482.274
300522.SZ,20250716,16.18,16.9,15.88,16.23,498074.79,808187.11
300523.SZ,20250716,23.27,23.37,23.0,23.02,25945.8,60043.161
300525.SZ,20250716,14.95,15.66,14.95,15.4,546441.85,835767.923
300527.SZ,20250716,10.81,11.7,10.52,11.34,947899.32,1065778.322
300528.SZ,20250716,10.43,11.04,10.42,10.62,184003.2,197556.098
300529.SZ,20250716,22.36,22.47,22.24,22.4,48422.7,108227.878
300530.SZ,20250716,33.19,33.69,33.07,33.28,33599.0,112249.14
300531.SZ,20250716,20.4,20.62,20.01,20.45,150040.0,305551.672
300532.SZ,20250716,12.37,12.45,12.27,12.3,57238.95,70737.103
300533.SZ,20250716,39.02,39.98,37.3,37.68,340374.3,1307727.672
300534.SZ,20250716,9.96,10.23,9.92,10.13,154138.5,155440.668
300535.SZ,20250716,16.9,17.07,16.74,16.93,17186.11,29114.931
300536.SZ,20250716,9.66,9.75,9.52,9.56,82924.0,79674.947
300537.SZ,20250716,25.6,25.61,24.5,24.58,207499.04,514528.6
300538.SZ,20250716,15.97,16.07,15.82,15.91,40018.8,63732.166
300539.SZ,20250716,14.1,14.45,13.96,14.28,84427.04,120379.568
300540.SZ,20250716,16.88,16.93,16.7,16.76,22108.44,37182.9
300541.SZ,20250716,16.95,17.32,16.5,16.96,572465.74,967149.34
300542.SZ,20250716,22.82,23.05,22.6,22.95,108623.0,248280.083
300543.SZ,20250716,10.93,11.04,10.88,10.96,69123.04,75830.435
300545.SZ,20250716,31.55,31.83,31.27,31.44,31868.0,100520.782
300546.SZ,20250716,28.42,28.75,28.03,28.59,133965.8,380965.514
300547.SZ,20250716,31.0,31.2,29.98,30.0,146462.9,447706.879
300548.SZ,20250716,81.22,90.99,79.06,84.42,444187.58,3805128.736
300549.SZ,20250716,18.57,18.98,18.41,18.79,31442.0,58946.872
300550.SZ,20250716,13.09,13.36,12.99,13.18,35681.0,47157.69
300551.SZ,20250716,12.39,12.49,11.94,12.04,556347.47,672620.306
300552.SZ,20250716,27.3,27.57,27.06,27.28,35207.23,96338.806
300553.SZ,20250716,38.0,38.82,37.53,38.46,32138.37,123231.611
300554.SZ,20250716,23.85,23.87,23.42,23.65,43335.7,102434.973
300555.SZ,20250716,10.47,10.59,10.33,10.5,19785.5,20710.797
300556.SZ,20250716,19.81,20.1,19.76,19.91,36534.0,72890.304
300557.SZ,20250716,26.43,27.05,26.37,26.58,23258.28,61973.785
300558.SZ,20250716,58.64,61.88,58.6,60.88,171875.38,1038802.743
300559.SZ,20250716,11.77,12.12,11.64,11.69,73107.78,86422.108
300560.SZ,20250716,13.78,13.96,13.48,13.64,154693.0,211440.268
300561.SZ,20250716,11.14,11.8,11.03,11.73,221514.3,252603.131
300562.SZ,20250716,15.5,15.6,15.39,15.5,55400.0,85890.952
300563.SZ,20250716,40.29,40.5,39.52,39.59,82998.9,331208.374
300564.SZ,20250716,14.86,15.3,14.64,14.67,58595.6,87667.379
300565.SZ,20250716,12.4,12.55,12.22,12.33,105658.33,130638.639
300566.SZ,20250716,19.01,19.26,18.89,19.11,45664.81,87221.919
300567.SZ,20250716,59.2,59.87,58.71,59.16,41292.83,244946.695
300568.SZ,20250716,11.85,11.88,11.62,11.72,354116.26,415762.126
300569.SZ,20250716,5.51,5.53,5.43,5.49,153497.44,84214.747
300570.SZ,20250716,106.5,106.5,99.93,99.94,254032.88,2620133.501
300571.SZ,20250716,32.51,33.19,32.22,32.25,77932.56,254364.469
300572.SZ,20250716,21.88,23.26,21.85,23.26,112569.94,255470.255
300573.SZ,20250716,53.72,55.68,53.72,55.33,131989.41,725753.973
300575.SZ,20250716,6.43,6.51,6.4,6.5,115604.29,74901.093
300576.SZ,20250716,35.8,36.32,35.68,35.85,49138.23,176828.561
300577.SZ,20250716,20.07,21.74,20.07,20.78,79178.53,166908.624
300578.SZ,20250716,22.24,22.99,21.89,22.33,159796.0,356092.62
300579.SZ,20250716,32.52,32.8,32.21,32.4,52653.19,170971.278
300580.SZ,20250716,24.71,25.28,24.51,25.09,190110.78,475878.58
300581.SZ,20250716,18.5,18.99,18.4,18.58,315385.74,589904.159
300582.SZ,20250716,12.4,12.52,12.35,12.43,38113.0,47448.002
300583.SZ,20250716,17.8,18.0,17.65,17.95,39384.0,70277.748
300584.SZ,20250716,34.69,35.45,34.2,34.98,85386.44,297129.001
300585.SZ,20250716,14.81,15.2,14.8,15.12,59954.0,90342.8
300586.SZ,20250716,11.72,11.94,11.62,11.72,210390.15,247396.465
300587.SZ,20250716,6.96,7.26,6.92,7.17,319193.59,227076.284
300588.SZ,20250716,15.7,16.1,15.45,15.86,110155.37,173522.495
300589.SZ,20250716,14.15,14.23,13.88,13.94,150984.9,212096.949
300590.SZ,20250716,12.72,12.81,12.41,12.73,139045.0,176367.238
300591.SZ,20250716,11.43,12.38,11.19,11.95,1212471.08,1442711.421
300592.SZ,20250716,11.12,11.34,11.11,11.26,40996.0,46158.826
300593.SZ,20250716,12.51,13.24,12.45,12.87,202269.49,262229.847
300594.SZ,20250716,18.59,18.79,18.51,18.61,16922.0,31537.776
300595.SZ,20250716,15.53,15.62,15.45,15.56,60751.72,94359.384
300596.SZ,20250716,28.52,28.69,28.22,28.31,25505.0,72483.971
300597.SZ,20250716,9.83,9.86,9.7,9.76,63982.0,62512.708
300598.SZ,20250716,42.18,42.66,41.88,41.96,43742.9,184769.475
300599.SZ,20250716,8.8,9.13,8.67,8.7,63604.0,56479.089
300600.SZ,20250716,16.15,17.1,15.6,16.17,477934.11,781139.612
300601.SZ,20250716,16.2,16.65,16.16,16.3,124983.8,204612.58
300602.SZ,20250716,22.95,22.96,22.47,22.74,124827.77,284208.841
300603.SZ,20250716,11.53,11.86,11.42,11.52,283075.83,329747.066
300604.SZ,20250716,44.12,44.86,43.91,44.42,121473.01,540063.026
300605.SZ,20250716,14.9,15.9,14.68,15.32,219963.54,334387.031
300606.SZ,20250716,19.88,19.98,19.71,19.88,28183.5,56027.313
300607.SZ,20250716,33.7,34.5,33.3,33.91,317620.22,1079264.959
300608.SZ,20250716,12.08,12.23,11.95,12.03,93174.0,112445.622
300609.SZ,20250716,37.1,37.32,36.33,37.23,49347.0,182575.169
300610.SZ,20250716,12.45,12.49,12.18,12.26,117399.6,144264.513
300611.SZ,20250716,24.88,26.3,24.02,25.49,269522.13,679162.98
300612.SZ,20250716,15.17,15.5,15.12,15.21,53164.0,81465.995
300613.SZ,20250716,45.46,46.66,45.32,45.93,41406.53,191044.977
300614.SZ,20250716,14.45,15.24,14.3,14.93,80568.0,119940.241
300615.SZ,20250716,14.28,15.26,13.71,13.81,223516.73,318501.565
300616.SZ,20250716,13.51,13.64,13.43,13.61,28232.0,38328.161
300617.SZ,20250716,30.33,30.53,30.2,30.44,15764.05,47890.739
300618.SZ,20250716,35.27,35.57,34.96,35.18,52145.69,183729.323
300619.SZ,20250716,25.0,25.18,24.81,24.89,46286.05,115494.625
300620.SZ,20250716,50.33,50.66,48.68,49.24,165004.93,817917.5
300621.SZ,20250716,9.07,9.14,8.99,9.03,35914.59,32525.603
300622.SZ,20250716,33.3,33.59,33.11,33.31,57656.06,192413.322
300623.SZ,20250716,29.39,29.9,29.2,29.28,118066.55,348678.532
300624.SZ,20250716,72.54,73.0,70.15,70.66,173625.3,1234011.204
300625.SZ,20250716,11.95,12.08,11.9,12.02,12762.0,15358.89
300626.SZ,20250716,10.93,11.06,10.89,10.96,34163.87,37456.628
300627.SZ,20250716,34.08,34.3,33.72,33.87,54358.96,184589.444
300628.SZ,20250716,33.87,34.22,33.66,33.82,76213.85,258328.26
300629.SZ,20250716,20.35,20.98,20.27,20.92,118174.09,245762.619
300631.SZ,20250716,28.51,29.54,27.91,28.0,199175.0,567613.786
300632.SZ,20250716,12.95,13.41,12.9,13.14,79027.4,103893.225
300633.SZ,20250716,28.24,28.59,28.21,28.45,24968.17,70984.215
300634.SZ,20250716,27.58,28.2,27.35,27.79,307359.42,855590.922
300635.SZ,20250716,11.76,12.04,11.74,12.0,40780.19,48747.98
300636.SZ,20250716,8.0,8.18,7.99,8.15,62203.01,50449.279
300637.SZ,20250716,11.28,11.38,11.2,11.25,65711.0,74143.728
300638.SZ,20250716,26.68,27.19,26.31,26.41,263346.29,703984.791
300639.SZ,20250716,6.15,6.28,6.09,6.25,127572.42,78986.361
300640.SZ,20250716,6.45,6.61,6.4,6.56,139712.44,91498.55
300641.SZ,20250716,22.84,23.12,22.82,23.02,78807.32,181223.663
300642.SZ,20250716,15.58,16.8,15.36,16.18,130773.9,210773.823
300643.SZ,20250716,22.66,23.41,22.1,22.96,127509.42,290248.661
300644.SZ,20250716,27.13,28.18,26.83,27.99,124344.33,344654.35
300645.SZ,20250716,19.53,19.61,19.07,19.3,77968.64,150420.137
300647.SZ,20250716,6.36,6.48,6.35,6.38,108256.48,69422.477
300648.SZ,20250716,36.72,36.9,35.66,35.95,43851.0,158822.383
300649.SZ,20250716,18.1,18.13,17.78,17.94,97727.0,175150.969
300650.SZ,20250716,14.7,15.15,14.56,15.03,143228.1,214458.892
300651.SZ,20250716,24.18,24.46,24.06,24.4,61236.02,148923.166
300652.SZ,20250716,58.45,69.5,58.05,67.7,137043.32,874763.579
300653.SZ,20250716,20.86,21.19,20.86,21.19,23405.75,49352.194
300654.SZ,20250716,10.44,11.02,10.38,10.63,220731.72,235174.199
300655.SZ,20250716,9.85,9.95,9.7,9.75,335851.64,329386.782
300656.SZ,20250716,26.44,26.72,26.05,26.23,30456.12,80350.814
300657.SZ,20250716,29.49,30.14,28.52,28.52,683952.32,2001802.418
300658.SZ,20250716,6.79,6.96,6.77,6.95,78208.2,53902.371
300659.SZ,20250716,14.03,14.44,14.0,14.23,86817.0,123756.557
300660.SZ,20250716,45.17,47.95,44.57,47.56,312032.98,1457878.902
300661.SZ,20250716,68.68,70.74,68.68,68.95,94641.21,657983.606
300662.SZ,20250716,30.29,35.42,30.29,33.76,191409.64,649281.369
300663.SZ,20250716,20.0,20.45,19.82,20.2,330168.81,665590.093
300664.SZ,20250716,5.53,5.58,5.49,5.52,83154.81,45959.524
300665.SZ,20250716,8.89,9.05,8.76,8.78,155478.47,137996.356
300666.SZ,20250716,69.0,69.0,67.7,68.56,104279.13,712567.333
300667.SZ,20250716,15.35,15.57,15.35,15.4,39020.0,60363.317
300668.SZ,20250716,18.0,18.13,17.82,17.88,19612.0,35173.697
300669.SZ,20250716,27.06,27.96,27.05,27.45,11187.75,30728.981
300670.SZ,20250716,7.3,7.31,7.18,7.25,139352.13,100999.66
300671.SZ,20250716,30.88,32.17,30.8,31.21,57064.0,180197.779
300672.SZ,20250716,82.1,85.44,81.57,83.5,76845.91,647112.399
300673.SZ,20250716,15.8,16.01,15.73,15.85,40316.09,64198.361
300674.SZ,20250716,29.74,29.77,28.88,29.29,495112.8,1451906.424
300675.SZ,20250716,15.25,15.49,14.99,15.07,75885.0,115236.431
300676.SZ,20250716,50.5,50.73,49.85,50.2,68113.34,341792.063
300677.SZ,20250716,28.15,31.15,28.01,29.77,519411.09,1556696.641
300678.SZ,20250716,33.87,34.16,33.4,33.53,75559.87,255137.113
300679.SZ,20250716,42.71,44.88,42.12,43.57,118566.46,516898.694
300680.SZ,20250716,36.61,39.47,36.21,38.95,179056.44,685123.38
300681.SZ,20250716,27.08,28.59,26.99,28.26,137309.77,383950.316
300682.SZ,20250716,20.68,21.12,20.2,20.7,237890.93,490770.719
300683.SZ,20250716,28.26,29.86,28.04,29.35,50897.5,148203.752
300684.SZ,20250716,25.91,25.99,25.25,25.43,111307.76,284824.521
300685.SZ,20250716,23.3,23.43,23.1,23.38,69060.66,160879.965
300686.SZ,20250716,9.89,9.98,9.77,9.83,33541.0,33149.933
300687.SZ,20250716,28.86,29.6,28.69,29.08,204368.91,594655.414
300688.SZ,20250716,32.9,33.86,32.55,32.75,97744.98,322749.534
300689.SZ,20250716,40.67,40.91,40.3,40.36,13635.86,55289.212
300690.SZ,20250716,24.15,24.49,23.98,24.14,39942.0,96956.679
300691.SZ,20250716,18.6,18.8,18.48,18.62,45177.08,84311.85
300692.SZ,20250716,6.26,6.32,6.23,6.29,56346.05,35395.909
300693.SZ,20250716,31.5,32.77,31.33,31.67,179013.94,573736.777
300694.SZ,20250716,13.68,13.86,13.6,13.75,35437.0,48815.746
300695.SZ,20250716,85.68,91.89,84.64,91.35,45735.97,404999.182
300696.SZ,20250716,21.43,21.64,21.17,21.2,78997.93,168739.203
300697.SZ,20250716,14.27,14.45,14.07,14.13,140013.22,198615.631
300698.SZ,20250716,43.26,45.21,43.19,44.19,120223.0,532432.17
300699.SZ,20250716,30.63,30.66,30.36,30.5,69654.2,212617.23
300700.SZ,20250716,11.66,11.88,11.24,11.68,216138.12,249518.799
300701.SZ,20250716,10.41,10.55,10.33,10.52,49128.5,51471.356
300702.SZ,20250716,26.49,26.85,25.22,25.44,81712.18,209588.42
300703.SZ,20250716,24.9,27.51,24.72,26.19,284719.5,746770.65
300705.SZ,20250716,16.05,16.59,16.03,16.54,280051.6,458581.848
300706.SZ,20250716,24.81,25.65,24.57,24.65,170324.6,424020.233
300707.SZ,20250716,13.87,14.17,13.8,14.06,54264.0,76018.121
300708.SZ,20250716,12.72,13.26,12.65,13.09,353806.09,459987.016
300709.SZ,20250716,42.6,44.44,42.55,42.79,130798.66,569536.895
300710.SZ,20250716,19.53,19.85,19.52,19.64,16379.96,32200.079
300711.SZ,20250716,21.93,22.12,21.77,21.83,29677.73,65127.895
300712.SZ,20250716,24.9,24.99,24.63,24.75,14636.0,36312.703
300713.SZ,20250716,18.22,18.56,18.03,18.07,39762.0,72474.173
300715.SZ,20250716,9.96,10.0,9.83,9.87,23658.0,23416.892
300716.SZ,20250716,7.93,7.99,7.61,7.81,28363.0,22169.689
300717.SZ,20250716,18.35,18.45,18.2,18.38,23698.0,43527.966
300718.SZ,20250716,76.0,80.97,75.06,76.38,275143.74,2126819.12
300719.SZ,20250716,18.16,18.47,17.95,18.45,72497.5,132347.456
300720.SZ,20250716,20.91,21.44,20.88,21.06,22370.0,47423.033
300721.SZ,20250716,14.73,14.75,14.54,14.63,36885.8,53992.529
300722.SZ,20250716,33.04,33.59,32.83,33.38,53192.28,177052.525
300723.SZ,20250716,59.0,64.9,59.0,62.3,169239.9,1051979.808
300724.SZ,20250716,55.78,56.3,55.66,55.84,53133.0,297363.957
300725.SZ,20250716,39.0,40.22,38.36,40.22,120501.4,476304.761
300726.SZ,20250716,34.74,34.98,34.31,34.53,48719.0,168733.807
300727.SZ,20250716,28.6,28.6,28.01,28.1,38626.43,108768.374
300729.SZ,20250716,14.2,14.33,14.17,14.28,36861.16,52622.69
300730.SZ,20250716,14.82,14.88,14.5,14.54,116828.75,171374.298
300731.SZ,20250716,29.0,29.7,28.46,28.5,44495.0,129206.127
300732.SZ,20250716,7.4,7.5,7.32,7.38,50325.55,37217.616
300733.SZ,20250716,17.56,17.89,17.42,17.7,50734.6,89884.553
300735.SZ,20250716,24.89,25.2,24.72,24.79,107037.1,267033.241
300736.SZ,20250716,10.72,10.81,10.6,10.71,34237.0,36668.953
300737.SZ,20250716,5.04,5.07,5.02,5.05,111462.56,56215.802
300738.SZ,20250716,22.67,23.18,22.43,22.5,807480.78,1835193.242
300739.SZ,20250716,15.89,16.15,15.55,16.04,438335.03,696344.969
300740.SZ,20250716,15.81,16.27,15.81,16.23,105234.82,169925.944
300741.SZ,20250716,18.46,18.59,18.4,18.56,17697.0,32725.217
300743.SZ,20250716,19.66,20.02,19.6,19.73,35821.4,71105.468
300745.SZ,20250716,19.56,20.26,19.46,20.17,130065.75,258934.675
300746.SZ,20250716,14.63,15.15,14.63,15.05,111124.32,166157.524
300747.SZ,20250716,23.25,23.63,23.25,23.3,94375.28,221071.898
300748.SZ,20250716,26.07,26.68,25.7,26.22,819034.23,2148823.228
300749.SZ,20250716,8.52,8.63,8.48,8.58,34445.34,29488.752
300750.SZ,20250716,268.5,268.7,263.04,264.4,156264.79,4135841.242
300751.SZ,20250716,70.66,72.8,70.4,71.86,37927.78,271350.116
300752.SZ,20250716,20.3,20.39,20.0,20.05,45115.0,91039.198
300753.SZ,20250716,30.0,30.39,29.75,30.12,55619.12,167363.499
300755.SZ,20250716,17.94,18.16,17.89,18.02,21964.6,39593.825
300756.SZ,20250716,26.66,27.0,26.32,26.81,15502.93,41434.99
300757.SZ,20250716,152.5,168.0,151.29,160.0,94961.31,1521241.708
300758.SZ,20250716,15.12,15.33,15.05,15.07,138655.45,209650.421
300759.SZ,20250716,26.39,26.39,25.74,25.93,386870.28,1006510.809
300760.SZ,20250716,214.86,216.29,214.0,214.65,52238.67,1121613.341
300761.SZ,20250716,18.66,18.84,18.62,18.77,45076.18,84577.018
300762.SZ,20250716,22.2,22.45,22.07,22.18,114638.8,254857.566
300763.SZ,20250716,61.13,62.06,60.56,61.5,79972.96,490314.386
300765.SZ,20250716,53.48,54.0,52.21,53.05,68840.07,365030.141
300766.SZ,20250716,36.6,37.4,36.12,36.24,422704.01,1550092.331
300767.SZ,20250716,12.59,12.74,12.5,12.6,58864.4,74197.531
300768.SZ,20250716,17.06,17.34,16.98,17.21,63411.19,109097.166
300769.SZ,20250716,32.39,33.39,31.75,31.8,105303.46,340903.195
300770.SZ,20250716,40.55,40.96,40.41,40.5,27110.38,110272.868
300771.SZ,20250716,12.13,12.32,12.12,12.19,50926.4,62234.976
300772.SZ,20250716,12.56,12.66,12.32,12.54,180007.31,224584.165
300773.SZ,20250716,28.0,28.36,27.61,28.21,465069.85,1305815.115
300774.SZ,20250716,8.92,8.98,8.89,8.94,32204.0,28772.358
300775.SZ,20250716,26.46,26.61,26.28,26.36,89362.0,236233.897
300776.SZ,20250716,57.31,57.9,56.86,57.77,32338.23,185405.527
300777.SZ,20250716,36.23,36.6,35.97,36.3,60950.9,220983.085
300778.SZ,20250716,18.1,18.19,17.11,17.17,375567.95,658808.752
300779.SZ,20250716,229.3,229.48,207.98,210.46,73862.0,1603638.339
300780.SZ,20250716,16.0,16.19,15.91,16.07,30920.0,49710.14
300781.SZ,20250716,38.28,38.81,37.5,37.74,83743.44,319258.655
300782.SZ,20250716,70.9,74.0,70.9,72.07,108178.63,786641.465
300783.SZ,20250716,26.29,26.37,26.18,26.34,56626.87,148722.596
300784.SZ,20250716,54.5,54.5,52.82,53.25,10288.0,55118.29
300785.SZ,20250716,33.01,35.6,32.83,33.81,168474.77,576416.245
300786.SZ,20250716,14.57,14.74,14.48,14.56,47274.0,69030.661
300787.SZ,20250716,14.25,14.88,13.48,13.6,273588.28,386062.579
300788.SZ,20250716,32.02,32.5,31.75,32.18,32757.01,105205.293
300789.SZ,20250716,25.85,26.3,25.82,26.13,14380.36,37554.088
300790.SZ,20250716,20.86,21.14,20.66,20.87,126773.0,265309.378
300791.SZ,20250716,22.9,23.82,22.89,23.42,40986.1,96215.952
300792.SZ,20250716,24.64,25.25,24.61,24.87,60859.01,152015.617
300793.SZ,20250716,17.08,17.26,16.99,17.09,79121.4,135469.183
300795.SZ,20250716,15.61,16.06,15.55,15.63,69555.7,109788.111
300796.SZ,20250716,10.4,10.49,10.36,10.43,67729.76,70694.39
300797.SZ,20250716,14.85,14.87,14.52,14.56,114650.5,168109.058
300798.SZ,20250716,8.93,9.23,8.72,8.85,326819.0,294675.023
300800.SZ,20250716,11.36,11.47,11.3,11.39,24573.02,27972.797
300801.SZ,20250716,22.9,22.96,22.54,22.6,95807.32,217508.097
300802.SZ,20250716,19.08,19.44,18.95,19.24,34295.6,66057.283
300803.SZ,20250716,83.54,85.55,82.65,84.5,445923.43,3758396.372
300804.SZ,20250716,45.25,45.95,44.78,45.3,20429.24,92376.752
300805.SZ,20250716,11.03,11.23,10.99,11.08,70694.0,78530.787
300806.SZ,20250716,16.57,16.8,16.47,16.59,64718.91,107469.221
300807.SZ,20250716,42.02,42.45,41.0,42.03,31072.02,130221.236
300808.SZ,20250716,28.8,29.3,28.55,29.3,17715.0,51444.1
300809.SZ,20250716,35.7,36.79,35.5,36.54,102296.59,371876.941
300810.SZ,20250716,44.22,44.52,43.37,43.58,59294.5,259726.72
300811.SZ,20250716,45.99,48.17,45.86,46.7,90236.15,425963.423
300812.SZ,20250716,22.4,22.56,22.15,22.27,30037.21,67120.255
300813.SZ,20250716,21.81,22.18,21.68,22.1,20139.12,44380.075
300814.SZ,20250716,32.89,33.19,32.11,32.26,72481.41,236273.931
300815.SZ,20250716,19.0,19.33,18.89,19.3,91534.93,175601.093
300816.SZ,20250716,32.91,33.83,32.9,33.81,22371.0,74648.175
300817.SZ,20250716,22.72,23.5,22.52,23.24,88538.35,205050.179
300818.SZ,20250716,21.71,21.99,21.33,21.38,44939.88,96992.106
300819.SZ,20250716,23.5,28.18,23.31,28.18,126052.5,331296.001
300820.SZ,20250716,49.01,52.96,48.81,52.22,86370.3,443528.626
300821.SZ,20250716,9.82,10.03,9.5,10.03,474650.49,462571.467
300822.SZ,20250716,19.49,19.74,19.1,19.33,75935.63,147016.522
300823.SZ,20250716,14.95,15.16,14.91,15.06,27958.4,42188.047
300824.SZ,20250716,12.95,13.02,12.84,12.93,60017.0,77579.978
300825.SZ,20250716,10.58,11.23,10.57,11.06,402286.92,441482.719
300826.SZ,20250716,17.47,17.5,17.16,17.3,29486.0,51060.095
300827.SZ,20250716,23.75,24.13,23.5,23.84,170031.79,405332.423
300828.SZ,20250716,17.18,18.38,17.18,18.22,107882.7,193965.56
300829.SZ,20250716,17.1,17.23,17.0,17.2,37827.76,64908.902
300830.SZ,20250716,9.21,10.26,9.18,9.6,451750.0,439456.162
300831.SZ,20250716,14.76,14.98,14.74,14.83,56705.63,84369.821
300832.SZ,20250716,53.94,54.66,53.35,53.83,41241.8,222457.699
300833.SZ,20250716,35.19,35.41,34.7,34.94,21546.71,75515.549
300834.SZ,20250716,22.2,22.51,22.18,22.5,16921.0,37943.733
300835.SZ,20250716,44.08,47.35,43.67,46.25,122413.01,556539.503
300836.SZ,20250716,39.6,40.76,39.54,39.84,15155.49,60705.794
300837.SZ,20250716,24.14,24.32,23.9,23.99,7913.0,19077.438
300838.SZ,20250716,14.86,15.05,14.8,14.99,15641.0,23379.672
300839.SZ,20250716,14.5,15.8,13.6,15.0,415708.62,604379.798
300840.SZ,20250716,21.43,21.98,21.43,21.71,171709.0,373800.044
300842.SZ,20250716,45.2,45.33,44.5,44.69,26215.4,117320.105
300843.SZ,20250716,31.39,32.17,31.08,31.59,60427.25,192110.509
300844.SZ,20250716,44.13,44.86,43.23,43.24,12184.55,53682.843
300845.SZ,20250716,10.8,10.93,10.74,10.86,63781.05,69280.978
300846.SZ,20250716,20.23,21.93,20.15,20.42,1026076.68,2145182.509
300847.SZ,20250716,19.53,19.93,19.3,19.59,171848.35,336505.215
300848.SZ,20250716,17.13,17.22,17.05,17.2,18994.5,32534.179
300849.SZ,20250716,12.46,12.63,12.44,12.56,32315.0,40552.683
300850.SZ,20250716,36.74,37.28,35.48,35.74,90531.66,327732.954
300851.SZ,20250716,27.95,28.34,27.72,28.17,7998.0,22481.564
300852.SZ,20250716,32.26,32.35,31.78,31.92,23584.32,75492.638
300853.SZ,20250716,23.5,24.16,23.32,23.7,61044.6,145001.964
300854.SZ,20250716,17.02,17.7,17.02,17.22,28723.26,49810.489
300855.SZ,20250716,22.37,22.91,22.37,22.62,32631.62,74009.936
300856.SZ,20250716,15.07,15.34,15.05,15.28,30634.0,46698.995
300857.SZ,20250716,85.35,85.5,81.5,81.83,103803.15,863456.128
300858.SZ,20250716,17.15,17.21,16.95,17.13,39837.5,68116.35
300859.SZ,20250716,36.08,36.59,36.03,36.32,32222.2,117104.805
300860.SZ,20250716,29.7,30.2,29.48,29.68,76318.19,227381.094
300861.SZ,20250716,14.11,14.62,14.08,14.3,67126.2,96256.983
300862.SZ,20250716,24.58,25.1,24.54,24.69,38056.4,94400.092
300863.SZ,20250716,34.95,35.73,34.89,35.29,19963.18,70577.223
300864.SZ,20250716,20.58,20.72,20.45,20.66,11278.5,23236.7
300865.SZ,20250716,28.13,29.66,28.01,28.57,28779.16,83204.203
300866.SZ,20250716,124.55,125.98,122.1,123.37,22563.3,278705.368
300867.SZ,20250716,18.16,18.3,18.11,18.2,29570.0,53782.056
300868.SZ,20250716,32.72,34.0,31.8,32.53,59939.92,197634.465
300869.SZ,20250716,14.91,15.02,14.84,15.0,28892.0,43152.722
300870.SZ,20250716,140.25,147.88,138.66,140.35,67803.48,969330.951
300871.SZ,20250716,20.45,21.74,20.4,21.53,219485.8,466800.746
300872.SZ,20250716,24.52,25.45,23.34,25.26,747815.61,1817573.636
300873.SZ,20250716,20.36,20.57,20.31,20.52,39042.2,79838.855
300875.SZ,20250716,40.53,41.02,39.5,40.6,53459.6,216366.866
300876.SZ,20250716,24.92,26.96,24.9,26.1,31793.0,82850.158
300877.SZ,20250716,16.57,16.97,16.46,16.97,21472.0,36144.947
300878.SZ,20250716,16.76,17.48,16.64,17.26,39183.8,66979.877
300879.SZ,20250716,34.31,35.49,34.22,34.72,147149.03,513301.72
300880.SZ,20250716,20.69,20.79,20.4,20.53,25035.44,51509.977
300881.SZ,20250716,35.89,35.98,34.46,34.88,63341.89,221406.181
300882.SZ,20250716,16.47,16.63,16.4,16.53,45014.92,74346.585
300883.SZ,20250716,6.07,6.18,6.06,6.16,111499.0,68387.009
300884.SZ,20250716,13.27,13.68,13.1,13.24,234106.66,311610.224
300885.SZ,20250716,13.79,14.08,13.7,13.95,70387.86,98198.568
300886.SZ,20250716,28.69,28.96,28.47,28.59,19059.29,54720.519
300887.SZ,20250716,8.29,8.35,8.24,8.33,78254.28,65026.012
300888.SZ,20250716,38.8,39.3,38.65,39.17,43332.57,169490.491
300889.SZ,20250716,13.44,13.57,13.33,13.51,28183.9,38000.131
300890.SZ,20250716,29.8,30.67,29.74,30.03,65219.8,197185.737
300891.SZ,20250716,9.98,10.1,9.69,9.74,298172.33,292962.888
300892.SZ,20250716,32.8,33.61,32.8,33.44,25403.0,84507.55
300893.SZ,20250716,24.23,25.18,24.19,24.98,39265.09,97458.839
300894.SZ,20250716,13.02,13.4,12.92,13.18,83727.0,110269.198
300895.SZ,20250716,46.03,47.45,45.2,45.24,122061.63,565319.535
300896.SZ,20250716,172.8,177.63,172.3,174.48,35503.22,620754.289
300898.SZ,20250716,26.51,26.91,26.43,26.71,26037.65,69516.345
300899.SZ,20250716,22.7,22.93,22.7,22.93,4614.0,10542.276
300900.SZ,20250716,23.07,23.3,22.75,22.8,75667.99,173961.233
300901.SZ,20250716,16.6,16.94,16.23,16.38,59767.22,99066.326
300902.SZ,20250716,19.44,20.38,19.25,20.07,99772.2,198757.949
300903.SZ,20250716,10.24,10.6,10.22,10.35,281291.28,293144.37
300904.SZ,20250716,52.25,53.09,52.21,53.05,8764.0,46233.25
300905.SZ,20250716,29.64,30.18,29.56,30.04,37614.0,112489.629
300906.SZ,20250716,28.23,28.49,27.95,28.13,14563.0,41066.592
300907.SZ,20250716,26.3,26.86,26.26,26.72,23754.0,63306.128
300908.SZ,20250716,28.91,29.26,28.91,29.18,7880.3,22934.551
300909.SZ,20250716,26.18,26.4,26.01,26.08,12394.0,32482.603
300910.SZ,20250716,58.64,59.5,58.22,59.39,7237.61,42684.101
300911.SZ,20250716,43.3,51.5,42.8,49.74,129470.87,616559.278
300912.SZ,20250716,15.05,15.18,14.88,15.02,18925.0,28415.532
300913.SZ,20250716,47.6,49.5,46.66,48.21,168819.21,818290.776
300915.SZ,20250716,26.26,26.58,26.19,26.39,25230.6,66511.554
300916.SZ,20250716,28.58,29.24,28.39,28.92,23847.5,68895.558
300917.SZ,20250716,44.33,45.55,44.08,44.47,99609.5,445565.112
300918.SZ,20250716,18.59,20.08,18.46,19.29,331292.59,642522.315
300919.SZ,20250716,33.51,33.55,33.06,33.09,58146.28,193341.441
300920.SZ,20250716,47.29,50.21,46.88,48.8,43860.0,213182.047
300921.SZ,20250716,24.46,24.86,24.1,24.19,121612.96,296851.853
300922.SZ,20250716,27.8,27.8,27.05,27.06,65370.8,178427.823
300923.SZ,20250716,25.56,25.79,25.41,25.62,11969.01,30627.459
300925.SZ,20250716,25.02,25.13,24.5,24.6,194567.97,481809.246
300926.SZ,20250716,27.6,27.78,27.02,27.23,91498.88,249615.356
300927.SZ,20250716,29.38,29.87,28.8,28.88,67546.0,197729.256
300928.SZ,20250716,33.57,34.03,33.47,33.78,12944.0,43725.632
300929.SZ,20250716,10.71,10.8,10.6,10.73,27334.6,29287.561
300930.SZ,20250716,30.75,30.84,30.39,30.5,29537.79,90262.339
300931.SZ,20250716,7.85,8.66,7.85,8.22,177181.0,146417.935
300932.SZ,20250716,12.03,12.04,11.8,11.84,61259.48,72898.103
300933.SZ,20250716,7.84,7.87,7.71,7.78,103558.38,80561.394
300935.SZ,20250716,25.52,25.85,25.4,25.63,13978.6,35816.398
300936.SZ,20250716,40.66,41.11,40.0,40.4,25627.0,103815.937
300937.SZ,20250716,29.1,29.3,28.9,29.2,20187.54,58807.197
300938.SZ,20250716,23.1,23.39,22.76,23.25,80634.16,186130.052
300939.SZ,20250716,32.8,34.5,31.8,33.33,114992.46,384761.862
300940.SZ,20250716,24.67,25.89,24.25,25.44,179252.33,452189.75
300941.SZ,20250716,28.26,28.55,27.66,28.43,69524.0,195984.712
300942.SZ,20250716,10.76,11.64,10.5,11.29,409315.46,452437.835
300943.SZ,20250716,14.72,14.95,14.64,14.85,31210.5,46349.844
300945.SZ,20250716,19.46,19.69,19.38,19.6,119272.0,233182.881
300946.SZ,20250716,50.14,55.55,49.13,52.29,103702.27,542612.277
300947.SZ,20250716,24.82,25.13,24.38,24.68,83120.95,205459.532
300948.SZ,20250716,10.96,11.09,10.9,10.95,23717.0,26049.837
300949.SZ,20250716,42.0,42.88,41.66,41.82,14710.48,61973.101
300950.SZ,20250716,29.57,35.4,29.57,35.4,252687.17,844046.616
300951.SZ,20250716,32.28,33.2,32.13,32.5,19314.51,62887.95
300952.SZ,20250716,25.66,26.75,25.6,26.36,64179.25,168742.722
300953.SZ,20250716,100.03,105.6,98.53,103.46,91905.7,946740.057
300955.SZ,20250716,18.69,18.92,18.65,18.78,15309.0,28784.361
300956.SZ,20250716,16.7,16.95,16.53,16.59,86915.68,145094.36
300957.SZ,20250716,44.01,44.52,43.95,44.1,28525.0,126213.607
300958.SZ,20250716,13.26,13.36,13.21,13.23,29404.0,39025.746
300959.SZ,20250716,43.34,44.27,42.82,43.83,25451.0,111127.04
300960.SZ,20250716,24.38,24.49,23.96,24.0,24009.0,57934.453
300961.SZ,20250716,19.22,19.22,18.76,19.04,160232.79,302872.828
300962.SZ,20250716,17.15,17.3,17.04,17.28,42437.81,73015.355
300963.SZ,20250716,22.7,22.73,22.13,22.35,212330.93,475085.541
300964.SZ,20250716,43.21,44.38,43.0,43.44,48586.0,211846.621
300965.SZ,20250716,55.95,56.37,54.41,54.6,16910.0,93099.505
300966.SZ,20250716,18.89,19.28,18.82,19.26,21950.0,41915.383
300967.SZ,20250716,19.21,19.33,19.06,19.25,58416.0,112256.711
300968.SZ,20250716,13.95,14.14,13.88,13.94,46463.92,65072.536
300969.SZ,20250716,77.48,82.58,75.13,80.08,63841.92,499665.244
300970.SZ,20250716,14.66,14.92,14.63,14.86,22787.0,33749.315
300971.SZ,20250716,21.15,21.54,20.8,21.3,65338.82,138588.026
300972.SZ,20250716,157.29,158.97,148.29,154.67,35145.0,534410.327
300973.SZ,20250716,48.1,48.47,44.8,46.27,49247.86,226599.424
300975.SZ,20250716,11.7,11.81,11.62,11.7,128992.5,151281.792
300976.SZ,20250716,48.82,51.95,48.41,50.24,55332.07,281164.313
300977.SZ,20250716,18.95,19.28,18.82,18.96,19258.0,36526.495
300978.SZ,20250716,11.24,11.65,11.18,11.41,76859.84,87664.371
300979.SZ,20250716,54.89,55.26,54.49,54.72,12315.36,67464.271
300980.SZ,20250716,22.5,23.06,22.49,22.87,43345.51,98812.663
300981.SZ,20250716,12.3,12.43,12.22,12.43,38206.21,47198.558
300982.SZ,20250716,20.7,20.9,20.42,20.56,77731.44,160273.005
300983.SZ,20250716,20.99,25.16,20.75,22.83,60777.85,139712.513
300984.SZ,20250716,60.0,62.46,58.7,61.2,58442.0,355425.653
300985.SZ,20250716,18.45,18.55,18.25,18.44,27313.8,50241.857
300986.SZ,20250716,12.99,13.49,12.92,13.34,197476.34,262416.559
300987.SZ,20250716,18.88,19.15,18.7,18.76,72361.5,136660.55
300988.SZ,20250716,20.88,21.16,20.75,20.98,56744.0,119069.303
300989.SZ,20250716,17.2,17.37,16.61,17.0,73934.8,125913.405
300990.SZ,20250716,50.2,51.02,49.84,50.6,27380.8,138344.172
300991.SZ,20250716,29.56,29.8,29.16,29.33,59736.06,175805.08
300992.SZ,20250716,26.11,26.29,25.73,25.85,32110.85,83279.208
300993.SZ,20250716,14.73,15.05,14.55,14.62,132115.86,194652.605
300994.SZ,20250716,15.7,16.11,15.67,15.93,43164.2,68891.288
300995.SZ,20250716,44.84,46.71,44.45,46.21,29916.0,136775.414
300996.SZ,20250716,20.58,21.61,20.33,20.9,482517.22,1005388.372
300997.SZ,20250716,16.1,16.29,16.0,16.19,34456.3,55811.225
300998.SZ,20250716,27.59,28.76,26.6,28.41,124632.0,347168.049
300999.SZ,20250716,29.83,29.99,29.77,29.86,41132.7,122940.918
301000.SZ,20250716,46.5,48.78,45.83,47.76,132080.39,627438.517
301001.SZ,20250716,31.32,31.91,31.18,31.44,14159.0,44786.911
301002.SZ,20250716,22.49,22.6,21.86,22.25,37263.21,82533.718
301003.SZ,20250716,30.11,34.46,29.95,32.41,73916.89,239322.535
301004.SZ,20250716,70.87,75.14,70.5,73.08,14741.52,107430.483
301005.SZ,20250716,37.3,38.18,36.8,37.48,93146.0,350011.883
301006.SZ,20250716,16.17,16.23,15.99,16.08,32680.97,52609.723
301007.SZ,20250716,30.28,31.2,30.0,30.25,64553.0,196860.099
301008.SZ,20250716,22.84,23.24,22.71,22.99,44908.18,103327.332
301009.SZ,20250716,13.64,13.86,13.59,13.78,45854.0,63217.818
301010.SZ,20250716,18.07,18.37,18.0,18.17,39633.0,72072.398
301011.SZ,20250716,27.63,28.68,27.52,28.4,82159.79,232573.761
301012.SZ,20250716,23.14,23.14,23.14,23.14,61547.57,142421.077
301013.SZ,20250716,17.37,18.14,17.15,17.75,167668.59,297552.797
301015.SZ,20250716,20.67,21.32,20.65,21.19,89062.18,187470.126
301016.SZ,20250716,16.52,16.78,16.5,16.65,20939.96,34904.813
301017.SZ,20250716,12.33,12.53,12.33,12.5,31327.34,39088.419
301018.SZ,20250716,41.8,42.34,40.74,40.86,95518.0,396522.306
301019.SZ,20250716,17.39,17.46,17.15,17.33,23136.22,40071.509
301020.SZ,20250716,22.27,22.7,22.21,22.5,20717.71,46651.569
301021.SZ,20250716,27.8,28.32,27.72,28.16,32557.0,91668.673
301022.SZ,20250716,32.29,32.69,32.15,32.3,24819.3,80536.957
301023.SZ,20250716,42.66,44.09,42.62,43.5,21274.89,92693.964
301024.SZ,20250716,50.5,50.95,49.8,50.56,27881.0,140244.219
301025.SZ,20250716,10.87,11.05,10.73,10.83,79874.03,86943.709
301026.SZ,20250716,26.06,26.65,25.81,26.21,34088.38,89201.904
301027.SZ,20250716,18.11,18.95,18.11,18.66,79212.0,147835.329
301028.SZ,20250716,12.72,12.96,12.62,12.83,59582.3,76373.34
301029.SZ,20250716,22.92,23.18,22.78,22.95,94282.9,216682.366
301030.SZ,20250716,18.37,18.57,18.25,18.5,59548.2,109729.337
301031.SZ,20250716,81.41,84.49,81.0,82.02,18006.48,149205.677
301032.SZ,20250716,14.09,14.85,13.65,13.69,266692.94,380464.741
301033.SZ,20250716,62.95,62.95,60.75,62.55,9180.0,56715.124
301035.SZ,20250716,58.72,60.8,58.3,60.43,17340.0,103641.411
301036.SZ,20250716,35.98,36.24,35.8,36.18,12943.0,46672.246
301037.SZ,20250716,13.33,13.49,13.27,13.42,22329.74,29888.792
301038.SZ,20250716,15.62,15.82,15.46,15.59,52963.2,82576.908
301039.SZ,20250716,8.36,8.52,8.33,8.44,109855.0,92623.042
301040.SZ,20250716,25.26,26.9,25.06,26.26,57843.0,150375.705
301041.SZ,20250716,26.58,26.68,26.03,26.16,40054.0,105438.849
301042.SZ,20250716,39.97,40.12,39.58,39.9,12255.0,48816.46
301043.SZ,20250716,32.12,32.36,31.89,32.36,5105.0,16436.519
301045.SZ,20250716,22.95,23.2,22.8,22.84,15892.0,36491.421
301046.SZ,20250716,20.35,20.53,20.23,20.35,15063.9,30632.456
301047.SZ,20250716,70.5,70.96,69.65,70.5,17044.81,119486.052
301048.SZ,20250716,10.41,10.55,10.38,10.48,46430.0,48669.742
301049.SZ,20250716,23.94,23.94,23.46,23.72,12346.0,29202.804
301050.SZ,20250716,51.02,51.43,50.71,50.93,35043.04,178847.874
301051.SZ,20250716,20.32,20.95,20.17,20.22,31805.04,65119.065
301052.SZ,20250716,44.32,46.68,44.27,46.13,52032.29,236195.428
301053.SZ,20250716,28.74,29.37,28.52,29.04,12790.8,37061.313
301055.SZ,20250716,20.34,20.47,20.18,20.22,15779.0,32042.087
301056.SZ,20250716,10.02,10.99,9.99,10.68,119135.77,124952.529
301057.SZ,20250716,16.63,16.86,16.44,16.81,23068.0,38544.365
301058.SZ,20250716,11.3,11.43,11.26,11.3,90874.0,102974.502
301059.SZ,20250716,11.8,11.91,11.78,11.85,24528.0,29042.092
301060.SZ,20250716,10.16,10.23,10.09,10.18,45116.72,45901.193
301061.SZ,20250716,92.0,95.0,90.22,90.42,11389.94,104999.44
301062.SZ,20250716,8.45,8.5,8.4,8.49,60092.0,50881.047
301063.SZ,20250716,28.0,28.26,27.63,27.73,23171.0,64562.13
301065.SZ,20250716,22.85,23.55,22.84,23.38,29691.5,68875.578
301066.SZ,20250716,15.95,16.38,15.9,16.18,67906.93,110018.508
301067.SZ,20250716,30.0,30.73,30.0,30.7,19271.74,58832.605
301068.SZ,20250716,31.4,31.55,30.92,31.01,6593.33,20551.276
301069.SZ,20250716,16.57,16.7,16.34,16.52,76233.98,126079.466
301070.SZ,20250716,43.21,45.57,43.21,44.05,32068.2,142594.788
301071.SZ,20250716,29.1,29.48,29.1,29.26,22053.2,64569.678
301072.SZ,20250716,21.93,22.83,21.92,22.44,29408.0,66029.97
301073.SZ,20250716,22.17,22.64,22.06,22.35,45437.57,101942.059
301075.SZ,20250716,32.58,33.58,32.31,32.53,27419.0,90456.104
301076.SZ,20250716,30.75,31.73,30.33,30.67,185860.26,574385.467
301077.SZ,20250716,19.86,20.5,19.84,20.18,26254.86,53233.211
301078.SZ,20250716,12.7,12.74,12.59,12.61,307102.79,388208.239
301079.SZ,20250716,32.67,32.72,31.8,31.88,84821.7,272108.857
301080.SZ,20250716,51.1,51.39,49.21,50.45,41486.0,207697.298
301081.SZ,20250716,10.29,10.38,10.2,10.26,29148.16,29934.37
301082.SZ,20250716,19.68,20.16,19.37,20.05,112493.13,222752.018
301083.SZ,20250716,15.68,15.98,15.63,15.88,30442.0,48290.61
301085.SZ,20250716,60.0,60.88,59.12,59.51,28522.0,171478.005
301086.SZ,20250716,46.31,46.74,45.98,46.2,5715.0,26500.334
301087.SZ,20250716,35.96,36.3,35.63,35.9,17075.5,61172.721
301088.SZ,20250716,13.98,14.14,13.84,14.1,14315.0,20167.408
301089.SZ,20250716,33.17,34.8,32.92,34.49,104395.21,355318.925
301090.SZ,20250716,7.76,7.8,7.7,7.73,40793.97,31594.656
301091.SZ,20250716,28.16,28.3,28.0,28.03,56048.14,157708.912
301092.SZ,20250716,32.13,32.93,31.61,31.8,20929.02,66857.714
301093.SZ,20250716,24.71,25.15,24.6,25.09,23029.01,57148.949
301095.SZ,20250716,53.38,55.97,53.19,55.0,71663.03,391240.034
301096.SZ,20250716,48.03,49.49,47.28,49.13,31874.61,155095.564
301097.SZ,20250716,40.73,41.94,40.45,41.6,10968.0,45366.686
301098.SZ,20250716,9.33,9.43,9.27,9.34,59126.74,55155.742
301099.SZ,20250716,46.56,48.79,46.21,48.0,64397.52,307186.661
301100.SZ,20250716,17.69,17.93,17.6,17.65,11614.0,20569.366
301101.SZ,20250716,45.65,46.14,45.35,45.79,25536.0,117054.814
301102.SZ,20250716,11.47,11.68,11.42,11.51,56059.12,64580.207
301103.SZ,20250716,22.3,22.65,22.29,22.63,16405.8,36894.001
301105.SZ,20250716,37.5,37.83,37.06,37.71,7235.0,27202.744
301106.SZ,20250716,30.6,31.79,30.28,31.32,46901.2,146859.724
301107.SZ,20250716,29.12,29.53,28.75,29.2,24397.11,71250.248
301108.SZ,20250716,23.39,23.69,23.22,23.55,13245.23,31181.284
301109.SZ,20250716,15.17,15.26,15.03,15.23,32348.32,49011.948
301110.SZ,20250716,53.3,54.9,53.24,54.15,60448.22,327759.641
301111.SZ,20250716,16.48,16.8,16.4,16.76,24098.25,40113.575
301112.SZ,20250716,35.5,36.1,35.31,35.85,16753.0,59854.047
301113.SZ,20250716,21.35,21.56,21.02,21.36,9031.93,19316.439
301115.SZ,20250716,15.81,16.0,15.66,15.68,45246.19,71381.909
301116.SZ,20250716,11.1,11.2,11.06,11.17,35834.0,39981.353
301117.SZ,20250716,22.07,22.3,21.94,22.06,33008.6,73030.28
301118.SZ,20250716,22.5,22.66,22.39,22.58,21533.0,48587.872
301119.SZ,20250716,34.85,39.65,34.79,39.0,104548.37,386793.445
301120.SZ,20250716,13.03,13.03,12.5,12.64,297691.3,376193.718
301121.SZ,20250716,40.12,40.2,39.58,39.64,17819.2,71009.12
301122.SZ,20250716,22.05,22.32,21.85,22.24,13419.8,29728.736
301123.SZ,20250716,24.03,24.36,23.88,24.0,69310.98,167143.416
301125.SZ,20250716,14.98,16.44,14.81,16.13,170248.59,267934.103
301126.SZ,20250716,11.38,11.56,11.34,11.55,37807.0,43453.926
301127.SZ,20250716,15.71,15.84,15.6,15.66,50447.39,79242.673
301128.SZ,20250716,52.3,53.05,51.26,51.7,46054.2,240436.627
301129.SZ,20250716,25.4,25.87,25.16,25.24,36418.0,92776.428
301130.SZ,20250716,31.37,31.54,30.8,31.21,12918.96,40174.012
301131.SZ,20250716,45.99,46.56,45.51,45.91,19188.0,88271.255
301132.SZ,20250716,34.71,35.1,33.01,33.23,96445.7,323248.003
301133.SZ,20250716,23.12,23.39,22.97,23.36,9408.0,21897.553
301135.SZ,20250716,26.96,27.2,26.7,27.05,21010.5,56798.846
301136.SZ,20250716,12.79,12.92,12.6,12.69,48564.0,61859.455
301137.SZ,20250716,34.64,35.3,34.43,34.75,51250.0,178682.528
301138.SZ,20250716,34.48,35.95,34.22,35.81,46489.49,165246.665
301139.SZ,20250716,17.3,18.47,17.25,18.04,274853.52,493156.829
301141.SZ,20250716,70.51,71.98,68.0,70.55,128654.79,896728.358
301148.SZ,20250716,24.0,24.49,24.0,24.19,12432.26,30120.335
301149.SZ,20250716,11.71,11.75,11.61,11.65,53993.0,63017.492
301150.SZ,20250716,23.5,23.5,22.34,22.54,124291.77,281871.452
301151.SZ,20250716,17.8,17.96,17.59,17.69,45701.0,81028.563
301152.SZ,20250716,28.59,28.89,28.0,28.08,42427.73,119854.855
301153.SZ,20250716,26.22,26.7,26.21,26.36,66081.4,174714.058
301155.SZ,20250716,66.53,66.9,65.63,65.86,25657.14,169331.713
301156.SZ,20250716,18.93,19.3,18.91,19.21,28911.3,55358.182
301157.SZ,20250716,49.01,51.0,48.02,48.46,23956.0,117727.19
301158.SZ,20250716,17.3,17.45,17.21,17.36,33419.0,58042.059
301159.SZ,20250716,37.53,37.87,36.17,36.9,97021.0,357202.148
301160.SZ,20250716,58.8,60.61,58.4,59.78,53936.3,320511.024
301161.SZ,20250716,23.4,23.59,23.15,23.3,26519.0,61939.572
301162.SZ,20250716,51.88,55.99,51.48,54.62,37238.1,201449.171
301163.SZ,20250716,25.4,25.64,25.3,25.6,14251.0,36347.494
301165.SZ,20250716,62.73,66.37,62.5,63.22,202835.92,1310717.562
301166.SZ,20250716,31.8,32.14,31.58,31.84,14084.0,44827.456
301167.SZ,20250716,16.48,16.63,16.35,16.46,20612.6,33980.696
301168.SZ,20250716,38.92,40.62,38.15,40.01,65223.18,258010.663
301169.SZ,20250716,43.3,43.58,42.25,42.29,17498.0,74607.51
301170.SZ,20250716,27.61,27.82,27.42,27.62,14789.0,40846.514
301171.SZ,20250716,27.24,28.1,26.9,27.09,314044.22,861122.016
301172.SZ,20250716,21.33,21.57,21.24,21.4,32694.2,70050.554
301173.SZ,20250716,44.59,45.42,44.5,45.09,7010.0,31599.99
301175.SZ,20250716,5.34,5.37,5.31,5.34,116740.94,62305.048
301176.SZ,20250716,33.64,34.34,32.22,33.11,179161.59,590637.111
301177.SZ,20250716,28.5,28.88,28.5,28.57,12301.0,35260.39
301178.SZ,20250716,56.15,56.48,54.58,54.9,26360.0,145571.869
301179.SZ,20250716,14.93,14.99,14.84,14.92,25332.04,37781.949
301180.SZ,20250716,14.69,14.84,14.61,14.71,30126.0,44407.488
301181.SZ,20250716,25.26,25.92,25.21,25.87,32747.3,83931.73
301182.SZ,20250716,36.23,36.97,36.06,36.26,47449.22,173089.757
301183.SZ,20250716,67.49,79.99,66.0,75.61,245869.93,1809701.322
301185.SZ,20250716,19.55,19.69,19.46,19.54,29598.0,57927.673
301186.SZ,20250716,43.54,44.5,43.04,43.65,7490.86,32811.392
301187.SZ,20250716,27.92,28.44,27.59,28.07,51722.2,144768.177
301188.SZ,20250716,19.9,20.68,19.87,20.53,99485.0,201640.554
301189.SZ,20250716,27.29,27.53,27.0,27.25,16397.0,44605.856
301190.SZ,20250716,22.54,22.82,22.38,22.49,16042.33,36249.662
301191.SZ,20250716,86.08,88.58,85.11,86.5,33940.0,295507.22
301192.SZ,20250716,26.27,26.53,25.89,26.31,11983.0,31378.392
301193.SZ,20250716,18.41,19.59,18.02,18.77,83284.7,157789.25
301195.SZ,20250716,36.67,37.58,36.52,36.75,21935.5,80760.567
301196.SZ,20250716,71.5,82.49,69.2,79.04,115812.49,889370.861
301197.SZ,20250716,20.98,21.57,20.63,21.07,63526.83,133405.272
301198.SZ,20250716,11.32,11.5,11.31,11.45,25944.04,29647.873
301199.SZ,20250716,25.16,25.89,25.05,25.66,42059.8,107460.782
301200.SZ,20250716,44.4,46.57,44.0,45.3,51043.77,233006.192
301201.SZ,20250716,23.92,24.95,23.81,24.75,78035.04,190933.668
301202.SZ,20250716,43.2,44.08,42.87,42.97,41370.59,179800.512
301203.SZ,20250716,32.4,32.85,32.4,32.77,9677.43,31593.136
301205.SZ,20250716,92.76,94.0,88.42,88.99,92192.5,840235.086
301206.SZ,20250716,29.41,29.87,29.11,29.68,20910.55,61824.9
301207.SZ,20250716,17.15,17.5,17.05,17.48,26885.0,46605.116
301208.SZ,20250716,47.55,47.55,46.51,46.79,73566.8,345274.099
301209.SZ,20250716,98.08,98.98,97.02,98.28,9897.72,97065.428
301210.SZ,20250716,39.93,42.23,39.77,41.1,64093.94,264235.154
301211.SZ,20250716,17.85,18.34,17.78,18.3,46215.74,83698.078
301212.SZ,20250716,26.68,26.81,26.34,26.44,7437.0,19725.201
301213.SZ,20250716,55.6,56.38,55.07,55.17,26373.0,146870.02
301215.SZ,20250716,6.25,6.29,6.2,6.27,81768.0,51221.374
301216.SZ,20250716,12.31,12.57,12.27,12.5,38346.92,47821.785
301217.SZ,20250716,19.29,19.79,18.23,18.4,564265.09,1056874.94
301218.SZ,20250716,21.6,21.88,21.44,21.6,22514.0,48746.552
301219.SZ,20250716,50.99,51.32,50.66,51.18,28026.58,143112.593
301220.SZ,20250716,43.5,44.36,43.33,43.71,21637.6,95090.537
301221.SZ,20250716,51.74,52.35,51.61,52.17,25095.63,130570.101
301222.SZ,20250716,29.19,29.4,28.96,29.26,8930.0,26094.134
301223.SZ,20250716,16.98,17.14,16.94,17.14,15255.0,26054.091
301225.SZ,20250716,81.0,91.01,81.0,89.33,44871.19,391245.842
301226.SZ,20250716,28.4,28.6,27.78,27.91,39513.16,111305.027
301227.SZ,20250716,26.88,27.99,26.31,27.4,38028.16,103367.877
301228.SZ,20250716,25.6,25.78,25.28,25.58,19842.25,50563.585
301229.SZ,20250716,19.15,19.2,19.0,19.15,25473.45,48688.721
301230.SZ,20250716,38.27,38.7,36.6,36.68,127689.1,474198.565
301231.SZ,20250716,22.25,22.63,22.0,22.44,34313.98,77107.847
301232.SZ,20250716,30.31,30.79,30.3,30.61,15531.64,47509.385
301233.SZ,20250716,53.47,53.67,53.13,53.52,7634.0,40784.915
301234.SZ,20250716,35.55,36.16,34.82,35.05,29014.0,102682.286
301235.SZ,20250716,25.94,26.5,25.13,25.96,54651.04,141275.425
301236.SZ,20250716,53.8,54.43,53.2,53.36,143327.79,770781.427
301237.SZ,20250716,29.45,30.8,29.45,30.11,16453.35,49581.002
301238.SZ,20250716,18.19,18.33,18.02,18.17,54562.0,99236.476
301239.SZ,20250716,39.28,39.69,39.0,39.67,16312.0,64277.942
301246.SZ,20250716,15.24,15.35,15.12,15.32,37690.18,57552.63
301248.SZ,20250716,25.48,25.79,24.89,25.03,117404.87,297039.732
301251.SZ,20250716,39.44,42.74,39.13,40.15,159503.53,655549.253
301252.SZ,20250716,27.03,27.58,26.78,27.12,57407.41,155837.547
301255.SZ,20250716,30.64,31.5,30.46,31.25,35571.9,110536.342
301256.SZ,20250716,10.41,10.46,10.32,10.4,50406.0,52391.945
301257.SZ,20250716,35.8,36.32,35.43,36.2,40948.7,147078.406
301258.SZ,20250716,33.34,33.79,33.0,33.46,30845.7,103167.764
301259.SZ,20250716,46.73,47.99,46.38,47.39,28834.0,136454.085
301260.SZ,20250716,20.67,21.16,20.47,20.55,105698.27,219505.849
301261.SZ,20250716,90.0,98.07,88.33,93.1,104093.0,964235.053
301262.SZ,20250716,26.22,26.56,25.9,26.14,25952.4,68193.018
301263.SZ,20250716,40.99,41.98,40.42,41.26,82190.4,337269.502
301265.SZ,20250716,12.2,12.68,11.8,12.5,363078.66,444402.53
301266.SZ,20250716,36.59,36.8,35.72,36.62,50873.04,183625.466
301267.SZ,20250716,19.27,19.47,19.22,19.46,35651.5,69077.58
301268.SZ,20250716,18.82,18.98,18.63,18.74,20617.0,38784.264
301269.SZ,20250716,109.0,110.19,109.0,109.3,28323.52,310181.521
301270.SZ,20250716,47.78,49.05,47.22,47.36,34916.0,167379.398
301272.SZ,20250716,38.38,39.2,37.8,38.15,15978.04,61151.559
301273.SZ,20250716,26.4,27.16,26.0,26.2,52650.48,139363.474
301275.SZ,20250716,56.5,58.13,56.5,57.24,21012.87,120795.288
301276.SZ,20250716,21.19,21.43,20.69,20.76,32933.09,69453.38
301277.SZ,20250716,14.42,14.85,14.4,14.83,166838.3,246050.338
301278.SZ,20250716,34.6,35.21,34.2,34.85,16065.5,55855.598
301279.SZ,20250716,22.05,25.66,22.05,24.63,150334.45,363453.453
301280.SZ,20250716,40.21,40.95,39.7,40.41,24838.8,100461.071
301281.SZ,20250716,32.73,33.08,32.5,33.07,18236.0,59824.904
301282.SZ,20250716,24.97,25.13,24.57,24.64,70702.0,175234.1
301283.SZ,20250716,36.44,37.75,36.2,37.68,40603.25,150507.595
301285.SZ,20250716,34.63,35.09,34.3,34.85,31836.0,110526.914
301286.SZ,20250716,27.1,27.84,26.99,27.68,30193.0,83042.528
301287.SZ,20250716,40.15,40.92,39.85,40.67,20583.0,83697.299
301288.SZ,20250716,12.8,13.06,12.8,12.96,16204.0,20949.821
301289.SZ,20250716,49.23,50.2,49.02,49.37,9524.7,47109.929
301290.SZ,20250716,25.63,26.3,25.48,26.2,22081.0,57338.117
301291.SZ,20250716,42.32,44.18,42.24,43.48,51532.26,224144.691
301292.SZ,20250716,19.99,20.14,19.72,19.86,48990.0,97543.631
301293.SZ,20250716,47.98,48.49,47.96,48.29,44809.14,216133.001
301295.SZ,20250716,24.8,24.98,24.58,24.77,36105.0,89302.873
301296.SZ,20250716,9.63,9.69,9.58,9.64,29814.0,28782.73
301297.SZ,20250716,39.98,40.89,39.98,40.44,31053.51,125854.263
301298.SZ,20250716,16.59,17.1,16.59,16.93,53174.0,89910.293
301299.SZ,20250716,66.62,66.62,64.8,65.12,25743.0,169144.099
301300.SZ,20250716,36.89,37.23,36.7,36.9,16454.0,60814.343
301301.SZ,20250716,11.98,12.09,11.96,12.09,142149.96,171370.417
301302.SZ,20250716,22.99,23.66,22.85,23.26,65138.5,152124.067
301303.SZ,20250716,15.38,15.54,15.32,15.4,28279.8,43597.67
301305.SZ,20250716,18.26,18.34,18.15,18.25,15828.19,28897.809
301306.SZ,20250716,50.55,51.09,50.12,50.18,30901.73,155910.223
301307.SZ,20250716,22.8,24.24,22.65,23.93,123274.04,291067.166
301308.SZ,20250716,82.01,84.19,81.72,83.27,58912.44,489703.091
301309.SZ,20250716,27.26,27.53,27.17,27.44,8616.0,23596.728
301310.SZ,20250716,39.77,40.38,39.58,39.92,24011.12,95751.244
301311.SZ,20250716,21.6,22.48,21.15,21.65,139190.64,302602.902
301312.SZ,20250716,42.55,45.7,41.5,44.0,106326.06,465596.302
301313.SZ,20250716,25.43,26.22,24.88,25.01,67198.0,170428.576
301314.SZ,20250716,41.47,41.72,40.95,41.39,5453.18,22554.99
301315.SZ,20250716,54.62,54.86,53.82,53.93,27278.0,147845.172
301316.SZ,20250716,39.55,40.72,39.33,39.86,142843.15,571559.629
301317.SZ,20250716,34.58,34.87,33.85,33.88,44453.5,151903.794
301318.SZ,20250716,33.45,33.86,33.31,33.4,17637.6,59234.259
301319.SZ,20250716,28.99,29.08,28.46,28.61,31752.53,91431.94
301320.SZ,20250716,19.6,20.16,19.52,19.92,62240.0,123670.546
301321.SZ,20250716,15.23,15.45,15.11,15.33,16783.0,25740.463
301322.SZ,20250716,28.3,28.66,28.0,28.1,18721.0,53164.021
301323.SZ,20250716,44.7,44.71,43.88,44.24,21186.46,93653.207
301325.SZ,20250716,59.61,60.38,59.21,59.57,24307.12,145174.758
301326.SZ,20250716,68.48,68.99,68.0,68.39,9415.0,64367.016
301327.SZ,20250716,54.0,54.25,53.32,54.15,16499.11,88704.296
301328.SZ,20250716,42.11,42.65,41.8,42.25,16393.0,69392.323
301329.SZ,20250716,20.11,20.2,19.99,20.1,15859.77,31908.29
301330.SZ,20250716,27.13,27.42,26.85,27.06,53638.16,145462.67
301331.SZ,20250716,36.35,36.69,34.15,35.43,39094.72,138861.643
301332.SZ,20250716,10.95,11.07,10.89,10.95,44911.11,49264.009
301333.SZ,20250716,52.31,52.56,51.5,51.94,16686.0,86671.469
301335.SZ,20250716,32.79,34.2,32.79,33.64,64541.82,218397.992
301336.SZ,20250716,55.32,55.94,54.9,55.35,14200.66,78732.755
301337.SZ,20250716,29.5,30.27,29.29,29.72,18780.0,55894.002
301338.SZ,20250716,43.05,43.18,42.15,42.21,27474.0,117162.806
301339.SZ,20250716,17.55,17.63,17.28,17.29,94245.4,163960.47
301345.SZ,20250716,150.02,153.79,146.5,147.3,29063.11,435999.127
301348.SZ,20250716,20.14,20.39,20.05,20.23,57584.6,116473.138
301349.SZ,20250716,36.94,37.25,36.6,36.93,17223.5,63647.671
301353.SZ,20250716,25.12,25.6,25.1,25.46,12117.5,30821.673
301355.SZ,20250716,12.22,12.54,12.19,12.34,56326.0,69609.223
301356.SZ,20250716,17.59,17.82,17.41,17.8,17215.44,30516.987
301357.SZ,20250716,75.99,83.45,73.9,80.72,99961.21,786709.751
301358.SZ,20250716,30.65,31.06,30.5,30.69,104500.93,321397.414
301359.SZ,20250716,20.77,21.25,20.73,21.12,33215.0,70008.811
301360.SZ,20250716,48.39,49.14,48.39,48.83,6802.0,33244.253
301361.SZ,20250716,32.47,33.57,32.15,32.51,33529.17,110460.53
301362.SZ,20250716,41.62,42.24,41.3,41.75,10470.0,43639.347
301363.SZ,20250716,18.56,18.76,18.51,18.67,42592.76,79411.955
301365.SZ,20250716,18.14,18.27,17.9,18.15,21184.0,38342.646
301366.SZ,20250716,39.7,40.5,39.32,39.71,60912.58,242800.361
301367.SZ,20250716,82.5,84.45,82.1,83.99,7506.2,62943.902
301368.SZ,20250716,62.0,63.61,61.43,62.45,64434.2,403383.179
301369.SZ,20250716,53.39,53.96,53.0,53.15,8345.0,44559.751
301370.SZ,20250716,10.92,11.02,10.86,10.98,35556.0,38905.006
301371.SZ,20250716,25.33,25.59,25.22,25.56,13403.56,34156.251
301372.SZ,20250716,23.51,23.78,23.16,23.3,17357.0,40670.6
301373.SZ,20250716,32.16,32.4,32.0,32.29,15921.0,51320.122
301376.SZ,20250716,17.99,18.32,17.99,18.22,15806.0,28785.422
301377.SZ,20250716,40.83,41.69,39.86,40.12,92454.42,374938.217
301378.SZ,20250716,31.36,31.55,31.0,31.2,44610.5,139385.759
301379.SZ,20250716,27.79,27.79,26.13,27.36,188398.45,502621.522
301380.SZ,20250716,37.54,37.95,37.02,37.28,33905.63,126925.459
301381.SZ,20250716,20.3,20.55,20.22,20.34,32822.65,67000.474
301382.SZ,20250716,39.0,39.9,38.71,39.19,100418.0,395203.972
301383.SZ,20250716,38.21,38.77,38.09,38.42,14136.41,54363.771
301386.SZ,20250716,22.77,22.87,22.55,22.73,24464.0,55586.8
301387.SZ,20250716,38.56,38.67,37.92,38.02,15207.2,58171.015
301388.SZ,20250716,38.03,39.21,37.41,38.18,114192.5,437359.05
301389.SZ,20250716,32.51,32.8,31.51,32.18,159353.63,513168.112
301390.SZ,20250716,36.55,37.06,36.4,36.77,9376.0,34525.371
301391.SZ,20250716,45.0,45.2,43.92,44.5,14319.65,63857.796
301392.SZ,20250716,124.97,124.98,120.8,123.23,24386.4,299415.387
301393.SZ,20250716,54.0,54.95,53.8,54.49,24759.0,134597.779
301395.SZ,20250716,11.48,11.72,11.4,11.59,46398.28,53664.705
301396.SZ,20250716,61.38,64.02,60.39,60.5,154635.56,957823.726
301397.SZ,20250716,27.7,27.9,27.5,27.59,15652.58,43304.907
301398.SZ,20250716,39.75,40.24,39.09,39.37,34983.4,138283.695
301399.SZ,20250716,19.0,19.42,18.72,19.35,51747.92,99647.956
301408.SZ,20250716,13.91,14.09,13.89,13.97,63083.0,88132.04
301413.SZ,20250716,76.54,80.98,76.02,78.89,55277.6,435360.779
301418.SZ,20250716,36.97,37.05,36.71,36.85,8743.66,32237.747
301419.SZ,20250716,30.09,30.52,29.6,29.7,56413.84,168768.286
301421.SZ,20250716,70.3,70.96,69.2,69.2,36657.14,256185.26
301428.SZ,20250716,42.4,42.68,41.66,41.67,60649.0,255285.156
301429.SZ,20250716,18.76,18.85,18.57,18.68,12595.0,23569.469
301439.SZ,20250716,16.72,16.85,16.49,16.52,72799.91,120832.923
301446.SZ,20250716,23.79,24.0,23.69,23.82,9337.32,22266.581
301448.SZ,20250716,27.28,27.42,27.03,27.15,11466.7,31181.281
301456.SZ,20250716,24.36,24.61,24.27,24.54,14271.79,34920.178
301458.SZ,20250716,35.81,37.29,35.18,36.8,157142.61,570310.888
301459.SZ,20250716,44.58,46.2,43.58,45.25,48881.09,219121.604
301468.SZ,20250716,23.71,23.87,23.5,23.79,10460.28,24847.087
301469.SZ,20250716,27.88,28.11,27.54,27.7,11139.0,30930.03
301479.SZ,20250716,85.2,86.09,84.51,85.09,11119.17,94741.584
301486.SZ,20250716,67.88,70.98,67.2,68.9,87528.71,609239.382
301487.SZ,20250716,20.42,20.73,20.32,20.5,78677.58,161502.217
301488.SZ,20250716,73.65,77.98,72.8,76.37,48232.03,363528.562
301489.SZ,20250716,61.53,65.73,60.94,61.4,57926.89,365422.554
301498.SZ,20250716,92.2,94.3,91.66,91.7,40303.47,376258.403
301499.SZ,20250716,27.3,27.68,27.1,27.64,17457.0,48010.112
301500.SZ,20250716,16.08,16.15,15.83,15.92,54746.02,87390.04
301501.SZ,20250716,56.14,57.15,55.94,56.64,36081.16,204550.43
301502.SZ,20250716,42.83,43.26,42.12,42.35,8940.18,38027.392
301503.SZ,20250716,39.28,39.6,38.96,39.29,10107.81,39767.322
301505.SZ,20250716,20.48,20.5,19.78,19.89,77695.17,155445.583
301507.SZ,20250716,14.73,15.01,14.7,14.96,58757.0,87431.647
301508.SZ,20250716,34.02,34.35,33.81,33.81,30421.0,103635.238
301509.SZ,20250716,39.23,40.03,39.05,39.44,49606.6,196262.955
301510.SZ,20250716,30.5,31.15,30.2,31.1,91793.03,283396.511
301511.SZ,20250716,25.25,25.49,24.5,24.58,225501.74,560253.468
301512.SZ,20250716,42.4,42.65,42.18,42.42,9744.0,41374.842
301515.SZ,20250716,21.28,21.5,21.09,21.41,19551.0,41720.522
301516.SZ,20250716,17.75,17.9,17.51,17.64,88489.83,156336.81
301517.SZ,20250716,41.86,42.0,41.22,41.64,34102.6,142184.948
301518.SZ,20250716,23.56,23.81,22.74,23.06,64580.12,150037.326
301519.SZ,20250716,13.75,13.9,13.73,13.89,14028.88,19412.778
301520.SZ,20250716,45.2,45.4,44.8,45.2,14012.0,63204.358
301522.SZ,20250716,34.42,34.89,34.42,34.58,15370.03,53153.895
301525.SZ,20250716,75.93,77.62,75.7,77.05,13889.67,106791.481
301526.SZ,20250716,4.8,4.9,4.76,4.84,1140493.65,549202.358
301528.SZ,20250716,57.45,57.9,56.66,57.44,8762.99,50243.952
301529.SZ,20250716,39.11,43.53,38.88,42.27,80691.68,334950.862
301533.SZ,20250716,39.35,40.26,39.03,39.35,28338.45,112225.665
301535.SZ,20250716,20.25,20.53,20.17,20.29,37765.03,76812.074
301536.SZ,20250716,57.14,58.96,56.88,57.85,53217.82,309390.388
301538.SZ,20250716,54.11,58.88,54.11,57.8,48083.66,274224.467
301539.SZ,20250716,19.64,19.87,19.58,19.77,19013.0,37566.293
301548.SZ,20250716,50.2,50.48,49.39,49.73,12016.97,59782.424
301550.SZ,20250716,92.5,101.0,90.0,98.89,89171.35,867203.058
301551.SZ,20250716,48.57,49.46,48.57,48.77,12837.48,62967.222
301552.SZ,20250716,37.6,37.94,37.51,37.81,6758.79,25517.563
301555.SZ,20250716,29.88,31.57,29.7,31.4,88276.24,272259.365
301556.SZ,20250716,96.08,103.0,94.18,100.23,51502.63,509747.375
301557.SZ,20250716,71.32,71.66,70.7,71.61,4152.89,29639.813
301558.SZ,20250716,9.1,9.22,9.04,9.15,123336.62,112742.336
301559.SZ,20250716,16.3,16.45,16.29,16.44,22861.0,37430.02
301560.SZ,20250716,35.98,36.28,35.83,35.94,15356.63,55283.223
301565.SZ,20250716,22.4,22.65,22.32,22.54,49605.0,111594.355
301566.SZ,20250716,16.75,16.95,16.58,16.67,65198.0,109247.807
301567.SZ,20250716,41.58,41.99,41.24,41.65,6734.0,28106.061
301568.SZ,20250716,37.58,39.06,37.43,37.91,36461.75,138662.216
301571.SZ,20250716,46.08,46.76,46.0,46.63,12891.63,59925.706
301577.SZ,20250716,59.38,59.88,59.09,59.66,9568.0,56957.127
301578.SZ,20250716,35.35,35.72,35.24,35.58,8698.67,30955.663
301580.SZ,20250716,43.18,45.18,42.62,43.74,37776.19,166136.9
301581.SZ,20250716,52.58,53.15,52.48,52.65,7765.0,41011.757
301585.SZ,20250716,34.73,34.88,34.25,34.39,17603.19,60658.176
301586.SZ,20250716,59.99,60.16,59.02,59.6,22677.62,134965.604
301587.SZ,20250716,22.2,22.43,22.04,22.34,11919.53,26614.836
301588.SZ,20250716,18.48,18.68,18.42,18.59,10096.73,18777.213
301589.SZ,20250716,149.1,150.61,148.0,148.37,3519.85,52473.964
301590.SZ,20250716,152.21,155.55,152.21,154.49,6888.16,106276.19
301591.SZ,20250716,40.6,41.45,40.48,41.1,26999.19,110703.64
301592.SZ,20250716,139.1,143.9,138.6,141.9,7229.0,101793.694
301595.SZ,20250716,38.68,38.84,38.36,38.52,9245.02,35685.223
301596.SZ,20250716,83.77,86.75,83.54,86.08,16389.2,140404.158
301598.SZ,20250716,61.72,62.2,61.32,61.9,5357.0,33172.72
301600.SZ,20250716,93.87,95.19,93.75,94.72,12544.72,118483.722
301601.SZ,20250716,34.1,34.43,34.06,34.29,14768.21,50622.96
301602.SZ,20250716,26.18,26.3,26.0,26.26,25076.44,65655.218
301603.SZ,20250716,51.36,52.15,51.22,51.68,19959.55,103191.176
301606.SZ,20250716,47.46,48.62,47.42,47.69,19716.92,94532.15
301607.SZ,20250716,36.0,36.0,35.53,35.53,18665.27,66691.227
301608.SZ,20250716,78.38,79.18,77.8,78.5,8605.4,67616.251
301611.SZ,20250716,52.02,52.47,50.11,51.92,24631.9,127504.303
301613.SZ,20250716,53.42,54.85,52.28,54.49,61919.56,331819.156
301616.SZ,20250716,41.7,42.23,41.7,42.05,9726.0,40874.041
301617.SZ,20250716,39.61,39.78,39.45,39.71,14589.03,57789.141
301618.SZ,20250716,59.8,59.95,59.2,59.4,7425.91,44204.668
301622.SZ,20250716,84.28,84.87,83.0,84.14,33909.01,283905.884
301626.SZ,20250716,105.38,107.6,104.5,105.43,18338.77,194124.328
301628.SZ,20250716,88.89,89.7,86.88,87.02,20298.0,177729.76
301629.SZ,20250716,150.0,152.28,148.58,151.09,7229.6,109247.269
301630.SZ,20250716,166.66,175.89,161.22,161.58,45222.24,748292.555
301631.SZ,20250716,80.59,81.29,80.36,80.9,6561.6,53076.142
301633.SZ,20250716,71.55,72.95,71.55,72.81,5366.27,38884.441
301636.SZ,20250716,56.95,57.09,56.37,56.75,12904.78,73146.195
301658.SZ,20250716,35.08,35.08,34.05,34.56,71478.74,246712.74
301662.SZ,20250716,96.79,96.95,93.94,95.58,16219.86,155035.452
301665.SZ,20250716,30.94,31.27,30.85,31.14,25858.13,80397.198
301678.SZ,20250716,49.55,53.98,49.37,53.68,163683.43,849015.47
302132.SZ,20250716,82.15,82.98,81.89,82.59,86107.52,710024.293
920017.BJ,20250716,21.38,21.79,21.15,21.49,48896.16,104932.677
920047.BJ,20250716,22.16,22.79,22.16,22.4,27369.51,61451.344
920090.BJ,20250716,10.49,10.49,10.14,10.2,164728.06,169220.081
920139.BJ,20250716,25.64,26.44,25.58,25.74,52764.71,137130.243
920198.BJ,20250716,13.49,13.64,13.2,13.4,15881.2,21347.427
920300.BJ,20250716,18.57,18.69,18.39,18.57,16909.27,31369.292
920418.BJ,20250716,29.9,30.28,29.44,29.99,33761.12,101019.794
920425.BJ,20250716,24.43,25.05,24.23,25.0,27008.24,66803.929
920476.BJ,20250716,17.94,18.17,17.63,17.81,10320.31,18435.558
920478.BJ,20250716,20.6,20.95,20.46,20.67,13325.06,27590.314
920510.BJ,20250716,22.7,23.4,22.47,23.26,38917.37,89883.657
920556.BJ,20250716,12.22,12.4,11.65,11.69,72817.17,87105.535
920564.BJ,20250716,24.62,26.26,22.5,22.56,81777.65,195853.491
920685.BJ,20250716,15.55,15.68,15.4,15.5,6850.74,10651.06
920718.BJ,20250716,18.42,18.65,18.13,18.33,14528.52,26667.702
600000.SH,20250716,13.54,13.6,13.26,13.48,814269.35,1092141.761
600004.SH,20250716,9.28,9.35,9.27,9.33,113212.62,105537.617
600006.SH,20250716,7.25,7.27,7.22,7.25,295239.52,213904.142
600007.SH,20250716,20.84,20.91,20.71,20.84,13387.66,27858.716
600008.SH,20250716,3.09,3.09,3.07,3.08,503585.07,155118.518
600009.SH,20250716,31.73,31.86,31.7,31.79,43373.62,137866.681
600010.SH,20250716,2.03,2.05,1.98,2.0,10548659.98,2117121.756
600011.SH,20250716,7.06,7.11,7.01,7.03,424096.63,299047.5
600012.SH,20250716,16.85,17.1,16.85,17.08,29491.08,50168.931
600015.SH,20250716,8.38,8.41,8.24,8.31,501351.37,415871.178
600016.SH,20250716,5.33,5.36,5.25,5.34,2267766.69,1203005.164
600017.SH,20250716,3.23,3.24,3.2,3.22,236290.0,75976.38
600018.SH,20250716,5.75,5.77,5.72,5.74,308760.91,177260.801
600019.SH,20250716,7.04,7.07,6.92,6.94,597660.69,416671.489
600020.SH,20250716,4.84,4.84,4.78,4.8,79731.11,38330.154
600021.SH,20250716,9.12,9.14,9.04,9.07,392572.33,356550.227
600022.SH,20250716,1.43,1.44,1.41,1.43,700220.61,99773.128
600023.SH,20250716,5.1,5.12,5.08,5.09,402638.2,205224.452
600025.SH,20250716,9.44,9.48,9.4,9.41,150750.88,142185.941
600026.SH,20250716,10.24,10.28,10.24,10.25,120861.07,123925.887
600027.SH,20250716,5.4,5.49,5.39,5.43,608782.33,331440.127
600028.SH,20250716,5.76,5.79,5.74,5.76,762874.29,439786.805
600029.SH,20250716,5.67,5.72,5.66,5.69,411722.44,234015.467
600030.SH,20250716,28.24,28.33,27.9,28.08,761523.58,2140328.874
600031.SH,20250716,18.83,18.89,18.63,18.71,327156.32,611643.642
600032.SH,20250716,7.67,7.71,7.63,7.65,70427.49,53976.757
600033.SH,20250716,3.53,3.54,3.5,3.51,260327.52,91627.194
600035.SH,20250716,4.36,4.39,4.34,4.37,112730.2,49223.824
600036.SH,20250716,45.26,45.54,44.88,45.11,468186.39,2112241.748
600037.SH,20250716,7.51,7.94,7.5,7.84,363681.18,282815.201
600038.SH,20250716,38.35,38.59,38.25,38.37,32523.81,124911.07
600039.SH,20250716,8.59,8.67,8.53,8.56,177844.75,152572.522
600048.SH,20250716,7.99,8.04,7.95,7.98,918553.87,733824.825
600050.SH,20250716,5.44,5.47,5.41,5.42,1579338.14,859321.609
600051.SH,20250716,7.67,7.82,7.63,7.8,77963.0,60333.492
600052.SH,20250716,4.42,4.51,4.36,4.49,151037.57,67218.629
600053.SH,20250716,15.21,15.52,15.13,15.51,81963.0,125899.132
600054.SH,20250716,11.53,11.65,11.52,11.62,44220.64,51324.997
600055.SH,20250716,17.3,17.53,17.25,17.45,44084.89,76493.041
600056.SH,20250716,10.51,10.62,10.49,10.61,97033.81,102504.28
600057.SH,20250716,7.62,7.68,7.5,7.62,143337.85,108912.124
600058.SH,20250716,7.99,8.05,7.91,7.99,108469.0,86654.019
600059.SH,20250716,10.35,10.54,10.32,10.51,187520.98,195156.687
600060.SH,20250716,23.93,24.0,23.68,23.74,56287.96,134068.014
600061.SH,20250716,7.74,7.76,7.66,7.7,287175.88,221127.013
600062.SH,20250716,18.73,19.29,18.66,19.27,187416.54,357250.956
600063.SH,20250716,4.72,4.73,4.65,4.68,270130.2,126634.394
600064.SH,20250716,8.06,8.08,8.0,8.04,131621.35,105759.312
600066.SH,20250716,26.39,26.46,25.97,25.97,68071.68,177609.859
600067.SH,20250716,3.0,3.04,2.97,3.02,175830.0,52960.63
600071.SH,20250716,21.18,21.68,21.08,21.21,36508.99,77687.842
600072.SH,20250716,12.5,12.61,12.46,12.5,139773.02,175084.315
600073.SH,20250716,7.3,7.33,7.27,7.29,112335.73,82027.396
600075.SH,20250716,4.3,4.32,4.28,4.31,96529.61,41522.877
600076.SH,20250716,2.39,2.41,2.35,2.37,210007.01,50018.663
600078.SH,20250716,5.97,5.99,5.83,5.84,140486.0,82806.147
600079.SH,20250716,21.33,21.74,21.31,21.67,199094.91,429548.009
600080.SH,20250716,7.23,7.27,7.15,7.24,44435.13,32139.84
600081.SH,20250716,13.12,13.22,13.05,13.16,52792.7,69437.478
600082.SH,20250716,3.99,4.04,3.98,4.01,133244.95,53386.768
600084.SH,20250716,5.62,5.67,5.58,5.67,43591.0,24567.496
600085.SH,20250716,35.45,35.64,35.28,35.64,81272.76,287873.445
600088.SH,20250716,15.89,16.1,15.89,16.06,31273.6,50145.021
600089.SH,20250716,12.24,12.27,12.1,12.15,326464.98,397043.043
600094.SH,20250716,3.21,3.25,3.2,3.23,141086.0,45570.548
600095.SH,20250716,10.9,11.05,10.72,10.99,887105.34,968301.219
600096.SH,20250716,22.85,23.01,22.67,22.7,178319.5,406115.185
600097.SH,20250716,10.81,10.9,10.76,10.85,63426.01,68716.566
600098.SH,20250716,6.55,6.6,6.52,6.57,139420.01,91406.24
600099.SH,20250716,11.11,11.61,11.08,11.37,72317.03,82250.16
600100.SH,20250716,7.14,7.29,7.12,7.15,487129.98,351146.893
600101.SH,20250716,10.6,11.13,10.54,10.96,502758.55,544505.98
600103.SH,20250716,2.28,2.29,2.25,2.27,276448.8,62754.13
600104.SH,20250716,18.21,18.25,17.88,17.94,497718.69,896326.919
600105.SH,20250716,8.96,9.28,8.9,9.13,1636352.56,1487138.524
600106.SH,20250716,6.13,6.26,6.1,6.13,172121.18,106003.358
600107.SH,20250716,4.34,4.49,4.32,4.46,69714.0,30760.694
600108.SH,20250716,2.96,2.98,2.95,2.97,219707.66,65217.565
600109.SH,20250716,9.35,9.35,9.23,9.28,458476.69,425914.54
600110.SH,20250716,5.54,5.68,5.52,5.6,907203.18,506578.85
600111.SH,20250716,29.15,29.78,28.81,29.04,1951710.14,5687801.732
600113.SH,20250716,29.04,29.15,28.21,28.56,59742.91,171166.186
600114.SH,20250716,20.6,20.99,20.5,20.65,125137.18,259261.667
600115.SH,20250716,3.81,3.84,3.8,3.82,747582.19,286023.039
600116.SH,20250716,6.8,6.84,6.8,6.83,70618.87,48193.285
600117.SH,20250716,2.3,2.3,2.25,2.29,171195.0,38941.347
600118.SH,20250716,27.31,28.1,27.28,27.8,138732.0,383576.106
600119.SH,20250716,8.45,8.85,8.42,8.68,166097.19,143485.904
600120.SH,20250716,6.26,6.32,6.21,6.29,755346.37,472863.537
600121.SH,20250716,4.22,4.25,4.08,4.12,650197.3,268907.749
600123.SH,20250716,6.45,6.49,6.44,6.47,111873.4,72271.12
600125.SH,20250716,5.74,5.78,5.73,5.75,90699.39,52209.951
600126.SH,20250716,9.2,9.4,9.06,9.09,1719925.29,1588818.705
600127.SH,20250716,6.84,6.91,6.82,6.9,140100.63,96414.375
600128.SH,20250716,11.06,11.57,11.0,11.37,252580.99,285659.936
600129.SH,20250716,21.26,21.79,21.26,21.76,146067.83,314700.544
600130.SH,20250716,3.3,3.43,3.29,3.39,316180.0,107120.291
600131.SH,20250716,17.85,18.08,17.76,17.99,105087.76,188413.415
600132.SH,20250716,55.06,55.29,55.05,55.22,18995.19,104846.197
600133.SH,20250716,9.11,9.49,9.05,9.38,464175.16,433047.297
600135.SH,20250716,7.7,7.75,7.67,7.73,53273.0,41077.193
600136.SH,20250716,1.98,2.0,1.97,1.98,146089.1,29001.828
600137.SH,20250716,18.25,18.58,18.21,18.34,21421.0,39420.222
600138.SH,20250716,9.76,9.8,9.71,9.77,86680.58,84628.834
600141.SH,20250716,23.1,23.24,22.9,23.07,134937.82,310785.366
600143.SH,20250716,10.83,10.89,10.72,10.8,410768.01,443738.342
600148.SH,20250716,21.46,21.54,20.66,20.8,152452.17,318583.782
600149.SH,20250716,5.71,5.74,5.59,5.64,246065.0,138968.98
600150.SH,20250716,33.98,34.09,33.7,33.77,330279.68,1118123.672
600151.SH,20250716,7.2,7.24,7.13,7.17,131238.41,94203.371
600152.SH,20250716,6.8,7.17,6.8,6.93,1059319.38,747012.884
600153.SH,20250716,10.7,10.75,10.41,10.44,192980.8,203070.42
600155.SH,20250716,7.14,7.22,7.11,7.2,259181.54,186053.986
600156.SH,20250716,6.55,6.98,6.55,6.8,168912.0,114544.594
600157.SH,20250716,1.39,1.41,1.38,1.39,4087247.0,569544.574
600158.SH,20250716,8.2,8.3,8.2,8.26,99961.87,82541.74
600159.SH,20250716,2.85,2.88,2.83,2.86,118944.0,34019.19
600160.SH,20250716,27.08,27.26,26.94,27.15,129225.88,350231.285
600161.SH,20250716,19.54,19.72,19.54,19.71,105674.81,207544.898
600162.SH,20250716,1.72,1.74,1.7,1.71,188229.02,32293.99
600163.SH,20250716,5.25,5.28,5.22,5.24,79027.0,41499.436
600165.SH,20250716,4.4,4.47,4.36,4.42,50225.25,22222.398
600166.SH,20250716,2.81,2.88,2.81,2.85,953887.27,271777.489
600167.SH,20250716,6.08,6.11,5.97,6.04,86130.9,51975.411
600168.SH,20250716,4.79,4.8,4.75,4.78,62577.6,29864.856
600169.SH,20250716,2.5,2.51,2.48,2.5,240453.13,59990.001
600170.SH,20250716,2.44,2.45,2.41,2.42,848314.51,206062.774
600171.SH,20250716,33.59,33.99,33.46,33.7,138211.86,466728.684
600172.SH,20250716,4.19,4.27,4.17,4.25,278025.5,117446.557
600173.SH,20250716,6.65,6.97,6.47,6.67,607038.05,404299.432
600176.SH,20250716,12.46,12.52,12.32,12.4,386091.84,479167.229
600177.SH,20250716,7.44,7.49,7.4,7.43,158686.2,118185.676
600178.SH,20250716,13.53,13.68,13.44,13.57,105730.99,143448.166
600179.SH,20250716,3.1,3.14,3.03,3.06,766622.36,235538.167
600180.SH,20250716,4.47,4.55,4.45,4.52,185848.0,83694.929
600182.SH,20250716,16.92,17.05,16.73,16.8,28652.0,48316.351
600183.SH,20250716,35.69,35.85,34.58,34.9,362451.11,1269414.031
600184.SH,20250716,16.12,16.2,15.79,16.06,104700.16,168020.426
600185.SH,20250716,5.79,5.83,5.76,5.79,119721.84,69378.162
600186.SH,20250716,6.1,6.32,6.1,6.19,802473.94,500166.356
600187.SH,20250716,3.12,3.15,3.1,3.14,259294.01,81162.763
600188.SH,20250716,12.23,12.27,12.2,12.24,140649.77,171876.298
600189.SH,20250716,7.41,7.44,7.39,7.43,72684.0,53891.197
600190.SH,20250716,0.55,0.61,0.55,0.61,299403.73,17702.817
600191.SH,20250716,7.83,7.84,7.65,7.74,106286.74,82049.415
600192.SH,20250716,9.44,9.5,9.33,9.39,251705.07,236644.56
600193.SH,20250716,4.32,4.48,4.3,4.36,132944.0,58366.5
600195.SH,20250716,7.59,7.98,7.5,7.85,338863.49,263689.916
600196.SH,20250716,25.39,26.6,25.37,26.41,486630.29,1273551.841
600197.SH,20250716,14.52,14.64,14.48,14.6,34973.56,50982.307
600198.SH,20250716,8.27,8.4,8.24,8.31,161385.41,134439.018
600199.SH,20250716,10.35,10.64,10.34,10.55,139862.63,146922.772
600200.SH,20250716,2.08,2.08,2.08,2.08,9360.0,1946.88
600201.SH,20250716,7.85,8.66,7.75,8.66,979267.67,818755.531
600202.SH,20250716,5.58,5.65,5.54,5.63,90391.0,50707.278
600203.SH,20250716,9.36,9.48,9.33,9.42,258761.0,243673.433
600206.SH,20250716,19.25,19.27,19.0,19.1,367691.9,701962.024
600207.SH,20250716,4.78,4.83,4.7,4.82,212931.0,101690.488
600208.SH,20250716,3.33,3.42,3.29,3.38,2035863.26,687626.937
600210.SH,20250716,6.83,6.84,6.76,6.81,201629.0,137109.81
600211.SH,20250716,37.35,38.25,37.32,37.96,54572.92,206352.763
600212.SH,20250716,9.02,9.16,8.81,9.0,425593.6,383575.26
600215.SH,20250716,7.33,7.48,7.3,7.47,82673.1,61408.079
600216.SH,20250716,15.04,15.4,15.04,15.35,277463.28,423996.127
600217.SH,20250716,4.36,4.4,4.35,4.39,142187.0,62242.52
600218.SH,20250716,9.25,9.55,9.25,9.33,145314.0,136448.486
600219.SH,20250716,3.89,3.9,3.86,3.88,788754.05,305785.65
600221.SH,20250716,1.38,1.41,1.37,1.4,3069874.93,428172.308
600222.SH,20250716,6.21,6.25,6.12,6.23,135570.1,84040.552
600223.SH,20250716,8.16,8.28,8.16,8.27,94085.11,77535.44
600226.SH,20250716,2.99,3.0,2.92,2.94,377401.38,111101.094
600227.SH,20250716,2.33,2.37,2.3,2.37,284739.0,66562.128
600228.SH,20250716,4.45,4.56,4.4,4.52,83151.13,37365.33
600229.SH,20250716,6.72,6.84,6.7,6.75,112499.21,76130.637
600230.SH,20250716,11.21,11.68,11.0,11.38,287115.94,323412.054
600231.SH,20250716,1.93,1.93,1.86,1.88,263540.65,49512.698
600232.SH,20250716,6.25,6.36,6.21,6.33,102635.01,64823.268
600233.SH,20250716,13.45,13.58,13.35,13.37,147588.36,198232.568
600234.SH,20250716,7.73,7.89,7.67,7.86,48622.89,37954.074
600235.SH,20250716,6.33,6.55,6.33,6.54,85817.01,55541.287
600236.SH,20250716,6.57,6.58,6.51,6.53,175223.28,114693.58
600237.SH,20250716,7.34,7.38,7.25,7.27,153361.0,111942.808
600238.SH,20250716,6.29,6.49,6.28,6.39,102708.39,65700.297
600239.SH,20250716,2.43,2.46,2.41,2.42,190066.5,46255.845
600241.SH,20250716,8.3,8.4,8.29,8.37,64972.7,54302.395
600243.SH,20250716,3.03,3.12,3.02,3.11,96960.0,29893.389
600246.SH,20250716,6.35,6.45,6.29,6.33,273870.95,174444.763
600248.SH,20250716,3.92,3.93,3.89,3.91,142598.81,55787.945
600249.SH,20250716,5.71,5.79,5.69,5.78,90549.0,52175.952
600250.SH,20250716,13.55,14.38,13.41,13.6,420090.05,584009.397
600251.SH,20250716,7.88,7.98,7.85,7.88,86755.02,68579.677
600252.SH,20250716,2.62,2.68,2.61,2.67,393165.03,103983.106
600255.SH,20250716,3.39,3.42,3.35,3.37,441501.0,149159.724
600256.SH,20250716,6.03,6.1,6.02,6.09,968960.71,588878.978
600257.SH,20250716,5.16,5.28,5.14,5.27,213987.02,112128.503
600258.SH,20250716,13.66,13.89,13.6,13.68,150892.95,207150.55
600259.SH,20250716,53.91,55.18,53.43,54.1,118736.25,643679.852
600261.SH,20250716,3.37,3.38,3.34,3.37,111476.9,37502.928
600262.SH,20250716,22.76,22.81,22.2,22.49,42595.0,95417.256
600265.SH,20250716,18.71,18.83,18.45,18.58,4174.0,7779.838
600266.SH,20250716,4.83,4.9,4.79,4.81,523773.81,253115.255
600267.SH,20250716,12.23,12.6,12.03,12.49,674577.87,835354.638
600268.SH,20250716,8.99,9.66,8.71,9.21,1119050.95,1012511.42
600269.SH,20250716,5.16,5.18,5.14,5.17,100611.99,51914.446
600271.SH,20250716,9.01,9.08,8.98,9.0,111079.04,100279.584
600272.SH,20250716,13.9,14.55,13.88,14.39,87795.0,125479.635
600273.SH,20250716,8.92,8.94,8.81,8.83,103164.86,91372.431
600276.SH,20250716,57.65,58.9,57.04,57.22,398191.2,2293530.537
600278.SH,20250716,7.57,7.76,7.53,7.68,268018.9,205152.001
600279.SH,20250716,5.56,5.74,5.54,5.67,126380.15,71309.077
600280.SH,20250716,3.49,3.54,3.48,3.51,186171.8,65335.372
600281.SH,20250716,7.55,7.73,7.16,7.29,802259.1,590102.235
600282.SH,20250716,4.58,4.59,4.5,4.53,292163.68,132529.473
600283.SH,20250716,9.94,10.0,9.93,9.95,48332.23,48113.402
600284.SH,20250716,6.61,6.62,6.57,6.59,69152.01,45589.984
600285.SH,20250716,22.72,22.88,22.62,22.77,61789.64,140501.533
600287.SH,20250716,5.96,6.1,5.8,5.93,221327.52,131063.788
600288.SH,20250716,11.15,11.19,10.9,11.01,145042.0,159506.882
600289.SH,20250716,6.82,7.1,6.8,6.94,91098.44,63307.986
600292.SH,20250716,11.91,12.08,11.91,12.03,78683.74,94635.007
600293.SH,20250716,3.06,3.07,3.01,3.04,310334.0,94597.045
600295.SH,20250716,9.09,9.15,9.02,9.08,108954.68,98895.882
600298.SH,20250716,34.4,34.75,34.24,34.5,62826.98,217031.819
600299.SH,20250716,9.71,9.73,9.66,9.71,48176.0,46725.205
600300.SH,20250716,3.41,3.44,3.41,3.43,216875.55,74299.381
600301.SH,20250716,21.3,21.58,20.91,21.0,61182.47,129495.973
600302.SH,20250716,6.11,6.24,6.07,6.22,77733.01,48107.959
600303.SH,20250716,3.51,3.58,3.49,3.57,171222.99,60771.452
600305.SH,20250716,7.62,7.68,7.61,7.67,63279.57,48429.144
600307.SH,20250716,1.5,1.5,1.47,1.48,312394.12,46420.347
600308.SH,20250716,3.49,3.5,3.47,3.49,98488.17,34365.729
600309.SH,20250716,55.0,55.09,54.71,54.84,155576.74,853721.374
600310.SH,20250716,4.22,4.23,4.18,4.19,281816.4,118398.278
600312.SH,20250716,15.29,15.37,15.17,15.18,150299.02,228855.48
600313.SH,20250716,6.28,6.34,6.28,6.32,109112.25,68922.259
600315.SH,20250716,21.37,21.85,21.37,21.5,58256.92,126063.532
600316.SH,20250716,35.26,35.67,34.98,35.58,63910.0,226455.602
600318.SH,20250716,9.88,10.05,9.73,9.98,552336.02,547600.232
600319.SH,20250716,6.53,6.7,6.47,6.63,116104.0,76730.034
600320.SH,20250716,4.56,4.58,4.52,4.54,313650.05,142438.027
600322.SH,20250716,2.81,2.83,2.77,2.79,145352.0,40658.143
600323.SH,20250716,25.79,26.26,25.65,26.21,101853.99,265183.749
600325.SH,20250716,4.83,4.86,4.8,4.82,289903.09,139953.211
600326.SH,20250716,9.3,9.53,8.66,8.98,1326601.05,1211131.629
600327.SH,20250716,5.0,5.08,4.99,5.04,242441.15,121988.076
600328.SH,20250716,7.74,7.75,7.61,7.61,191688.78,146741.433
600329.SH,20250716,35.01,35.93,34.84,35.78,100099.85,353535.3
600330.SH,20250716,7.4,7.42,7.28,7.32,214955.55,157651.758
600331.SH,20250716,8.48,8.61,8.4,8.53,235656.74,200644.069
600332.SH,20250716,26.59,26.75,26.5,26.74,44841.99,119366.118
600333.SH,20250716,4.89,4.95,4.87,4.94,62399.0,30697.57
600335.SH,20250716,6.4,6.46,6.39,6.45,98102.43,63114.517
600336.SH,20250716,6.95,7.0,6.91,6.97,111754.0,77873.484
600337.SH,20250716,2.18,2.19,2.13,2.18,355790.0,77084.334
600338.SH,20250716,10.51,10.75,10.25,10.41,762681.44,794935.919
600339.SH,20250716,3.33,3.34,3.31,3.31,299886.16,99700.885
600340.SH,20250716,2.22,2.27,2.21,2.22,1242859.5,277359.559
600343.SH,20250716,12.59,12.61,12.29,12.3,157178.58,195156.946
600345.SH,20250716,23.45,23.99,23.42,23.71,38870.04,92372.275
600346.SH,20250716,13.87,13.97,13.84,13.87,126671.0,176010.14
600348.SH,20250716,6.6,6.64,6.55,6.56,215954.17,142109.957
600350.SH,20250716,10.68,10.94,10.68,10.9,216361.27,234964.537
600351.SH,20250716,6.25,6.42,6.23,6.39,214847.0,136168.749
600352.SH,20250716,10.13,10.18,10.03,10.09,133118.81,134381.158
600353.SH,20250716,14.24,15.12,14.2,14.48,598965.55,871881.611
600354.SH,20250716,6.33,6.42,6.31,6.41,208604.0,133327.016
600355.SH,20250716,2.74,2.8,2.72,2.78,100319.0,27832.919
600356.SH,20250716,8.53,8.66,8.41,8.59,167272.86,143063.104
600358.SH,20250716,6.17,6.21,6.11,6.18,211210.9,130007.721
600359.SH,20250716,7.03,7.1,7.03,7.1,78067.0,55201.705
600360.SH,20250716,8.7,8.7,8.37,8.6,239420.41,204974.638
600361.SH,20250716,4.02,4.05,4.01,4.04,228534.15,92115.759
600362.SH,20250716,23.41,23.49,23.1,23.21,159241.0,370118.531
600363.SH,20250716,57.53,57.8,56.88,57.47,41367.44,237584.459
600365.SH,20250716,3.31,3.38,3.27,3.32,49491.0,16494.261
600366.SH,20250716,12.06,12.13,11.35,11.4,1938934.42,2249257.834
600367.SH,20250716,15.17,15.25,14.96,15.07,122949.0,185448.343
600368.SH,20250716,4.37,4.37,4.33,4.34,217868.49,94709.338
600369.SH,20250716,4.49,4.52,4.45,4.48,334405.56,149867.871
600370.SH,20250716,1.93,1.93,1.89,1.9,190708.0,36340.118
600371.SH,20250716,9.1,9.24,9.06,9.21,61761.8,56781.319
600372.SH,20250716,11.91,11.99,11.84,11.87,186796.99,222320.869
600373.SH,20250716,9.95,10.05,9.95,10.0,92571.71,92552.143
600375.SH,20250716,7.0,7.24,6.93,7.06,520392.87,368288.71
600376.SH,20250716,2.57,2.6,2.54,2.57,179436.99,46065.932
600377.SH,20250716,15.05,15.11,15.01,15.08,61627.05,92779.212
600378.SH,20250716,25.0,25.3,24.99,25.09,58473.66,146963.865
600379.SH,20250716,12.67,12.85,12.4,12.49,133256.13,167476.178
600380.SH,20250716,11.76,12.6,11.76,12.5,638787.6,782088.678
600381.SH,20250716,4.23,4.29,4.19,4.25,63337.79,26803.985
600382.SH,20250716,5.5,5.58,5.5,5.57,85740.3,47533.431
600383.SH,20250716,3.85,3.89,3.8,3.83,1078663.21,413709.583
600386.SH,20250716,4.59,4.75,4.59,4.69,132571.0,61982.919
600388.SH,20250716,11.84,11.93,11.81,11.89,56223.0,66729.066
600389.SH,20250716,19.92,20.3,19.82,20.18,48786.74,98072.056
600390.SH,20250716,6.14,6.24,6.1,6.2,993850.91,613745.286
600391.SH,20250716,27.51,27.72,27.05,27.24,128019.0,350378.579
600392.SH,20250716,15.75,16.31,15.62,15.79,2157230.44,3440289.788
600395.SH,20250716,4.84,4.87,4.81,4.85,109792.6,53097.233
600396.SH,20250716,3.86,3.93,3.73,3.76,1151926.66,437590.588
600397.SH,20250716,6.11,6.23,6.07,6.15,159050.23,97908.17
600398.SH,20250716,7.14,7.16,7.07,7.09,173859.01,123651.285
600399.SH,20250716,5.53,5.68,5.5,5.67,780891.93,436607.997
600400.SH,20250716,2.21,2.23,2.19,2.21,189916.02,41970.71
600403.SH,20250716,3.81,3.81,3.71,3.75,242750.0,91208.377
600405.SH,20250716,5.65,5.78,5.61,5.73,293360.57,168220.2
600406.SH,20250716,21.8,21.82,21.71,21.71,238981.0,519473.477
600408.SH,20250716,2.14,2.16,2.1,2.14,198116.4,42273.766
600409.SH,20250716,4.99,5.0,4.95,4.97,127662.29,63418.023
600410.SH,20250716,9.88,10.15,9.81,9.88,1077750.2,1071255.733
600415.SH,20250716,18.8,19.5,18.75,19.36,714739.54,1369800.235
600416.SH,20250716,13.01,13.13,12.87,12.93,197366.89,255901.891
600418.SH,20250716,40.02,41.74,39.8,41.35,690597.63,2835096.688
600419.SH,20250716,10.3,10.59,10.24,10.47,72611.2,75916.895
600420.SH,20250716,11.18,11.24,11.07,11.13,213012.04,237041.945
600421.SH,20250716,7.19,7.3,7.08,7.2,42870.0,30759.836
600422.SH,20250716,14.1,14.32,14.07,14.31,116241.99,165457.557
600423.SH,20250716,3.54,3.57,3.48,3.5,265583.0,93607.939
600425.SH,20250716,3.78,3.79,3.75,3.77,119761.0,45235.205
600426.SH,20250716,21.36,21.45,21.2,21.23,115150.85,245184.643
600428.SH,20250716,6.65,6.67,6.54,6.6,283909.37,187336.595
600429.SH,20250716,4.55,4.6,4.53,4.59,67457.0,30865.8
600433.SH,20250716,3.12,3.13,3.1,3.11,142652.43,44433.839
600435.SH,20250716,14.34,14.53,14.29,14.36,444088.44,639975.856
600436.SH,20250716,196.95,197.57,196.66,197.34,14070.01,277432.649
600438.SH,20250716,19.95,20.84,19.51,20.63,1358052.05,2737191.069
600439.SH,20250716,3.52,3.64,3.5,3.59,351711.64,125970.842
600444.SH,20250716,16.9,17.12,16.88,17.06,24680.71,42019.717
600446.SH,20250716,19.07,19.57,18.7,19.35,514331.8,983205.142
600448.SH,20250716,3.35,3.42,3.33,3.39,368493.6,124863.81
600449.SH,20250716,13.66,13.74,13.58,13.69,59485.06,81288.29
600452.SH,20250716,9.22,9.23,9.18,9.21,93321.3,85843.445
600455.SH,20250716,28.0,28.0,27.5,27.72,8789.0,24374.949
600456.SH,20250716,30.67,31.16,30.62,31.06,59485.4,183670.373
600458.SH,20250716,13.01,13.01,12.84,12.92,54607.34,70525.983
600459.SH,20250716,15.65,15.75,15.45,15.51,104292.84,162487.141
600460.SH,20250716,25.32,25.92,25.17,25.22,343840.57,875376.802
600461.SH,20250716,9.47,9.51,9.39,9.46,57602.83,54458.591
600463.SH,20250716,10.82,10.88,10.69,10.79,58556.0,62981.16
600467.SH,20250716,2.39,2.41,2.38,2.39,242983.0,58099.791
600468.SH,20250716,6.78,6.86,6.71,6.8,311524.49,212187.935
600469.SH,20250716,5.62,5.88,5.59,5.72,139851.8,80273.478
600470.SH,20250716,5.75,5.8,5.7,5.79,113035.61,65182.134
600475.SH,20250716,14.71,15.05,14.27,14.65,388138.91,568014.869
600476.SH,20250716,19.19,19.19,18.62,18.78,83013.15,155938.262
600477.SH,20250716,2.7,2.72,2.68,2.69,174754.68,47071.066
600478.SH,20250716,5.67,5.75,5.65,5.69,313513.8,178523.663
600479.SH,20250716,10.69,10.92,10.67,10.92,90001.84,97561.244
600480.SH,20250716,11.65,12.1,11.58,11.96,378811.67,451787.083
600481.SH,20250716,5.45,5.55,5.37,5.54,562336.42,307741.327
600482.SH,20250716,22.71,22.88,22.62,22.64,106953.0,243241.369
600483.SH,20250716,9.49,9.52,9.43,9.48,107523.91,101830.42
600486.SH,20250716,59.0,59.9,58.46,59.48,17601.87,104327.431
600487.SH,20250716,15.52,15.6,15.33,15.36,336269.4,519363.357
600488.SH,20250716,4.39,4.5,4.38,4.49,81496.14,36186.783
600489.SH,20250716,15.0,15.17,14.92,15.06,441160.45,662848.135
600490.SH,20250716,4.51,4.53,4.43,4.49,492058.0,220675.922
600491.SH,20250716,3.48,3.54,3.47,3.5,217732.8,76409.24
600493.SH,20250716,6.43,6.54,6.4,6.5,65945.0,42753.289
600495.SH,20250716,4.9,4.93,4.85,4.89,212949.4,104184.201
600496.SH,20250716,3.38,3.39,3.33,3.36,223460.1,74954.102
600497.SH,20250716,5.4,5.43,5.34,5.37,485084.73,260840.77
600498.SH,20250716,21.59,21.82,21.34,21.43,193887.57,418288.652
600499.SH,20250716,10.76,10.86,10.62,10.66,155555.3,166210.839
600501.SH,20250716,20.15,20.46,19.82,20.33,83561.0,168928.46
600502.SH,20250716,4.86,4.88,4.82,4.84,130525.93,63336.773
600503.SH,20250716,2.64,2.67,2.63,2.66,265356.06,70368.876
600505.SH,20250716,15.25,15.45,15.05,15.3,171783.0,261799.049
600506.SH,20250716,19.67,20.26,19.57,19.84,80546.87,160082.987
600507.SH,20250716,5.08,5.1,4.95,5.07,404514.74,203481.35
600508.SH,20250716,11.93,12.0,11.92,11.96,22532.0,26924.108
600509.SH,20250716,6.47,6.54,6.46,6.47,153011.0,99299.915
600510.SH,20250716,5.19,5.22,5.15,5.2,88591.01,46016.804
600511.SH,20250716,29.3,29.69,29.3,29.68,45435.0,134450.052
600512.SH,20250716,2.35,2.37,2.34,2.35,193047.3,45429.297
600513.SH,20250716,14.3,16.31,14.23,16.31,538409.34,816935.658
600515.SH,20250716,3.59,3.65,3.58,3.63,465159.23,168412.848
600516.SH,20250716,4.64,4.68,4.63,4.65,144551.38,67264.861
600517.SH,20250716,5.34,5.36,5.28,5.32,266316.0,141479.954
600518.SH,20250716,2.06,2.1,2.04,2.07,3454575.49,712146.863
600519.SH,20250716,1410.01,1417.49,1409.95,1411.03,21286.05,3006882.579
600520.SH,20250716,29.31,29.95,29.18,29.35,61843.0,182631.804
600521.SH,20250716,21.19,22.2,21.19,21.75,653637.05,1416646.298
600522.SH,20250716,14.06,14.16,13.98,14.01,291234.64,409195.548
600523.SH,20250716,14.62,14.74,14.54,14.64,71416.66,104623.69
600525.SH,20250716,3.33,3.36,3.3,3.31,87761.0,29213.305
600526.SH,20250716,4.87,4.92,4.83,4.9,96948.05,47419.416
600527.SH,20250716,2.1,2.12,2.09,2.11,267927.98,56523.683
600528.SH,20250716,7.53,7.55,7.47,7.52,94804.0,71177.557
600529.SH,20250716,21.96,22.03,21.88,22.01,68877.01,151302.074
600530.SH,20250716,8.33,8.46,8.27,8.31,155837.5,129954.871
600531.SH,20250716,8.21,8.26,8.01,8.04,314041.0,254023.06
600533.SH,20250716,2.72,2.75,2.7,2.71,211951.0,57698.301
600535.SH,20250716,15.56,16.03,15.5,16.0,189059.44,299383.003
600536.SH,20250716,45.3,46.1,44.99,45.46,147383.86,673474.34
600537.SH,20250716,3.56,3.59,3.43,3.49,1467386.69,511012.148
600538.SH,20250716,5.53,5.6,5.52,5.59,75186.99,41869.472
600539.SH,20250716,11.27,11.44,11.16,11.21,38692.0,43652.726
600540.SH,20250716,4.98,5.01,4.95,5.0,105485.0,52584.155
600543.SH,20250716,6.16,6.7,6.11,6.56,197690.01,127706.115
600545.SH,20250716,2.33,2.38,2.33,2.38,368433.11,87053.799
600546.SH,20250716,8.87,8.92,8.83,8.86,128222.87,113603.895
600547.SH,20250716,31.12,31.46,31.0,31.26,251580.64,784905.455
600548.SH,20250716,10.21,10.3,10.2,10.25,35394.3,36237.078
600549.SH,20250716,21.6,22.06,21.56,21.61,331570.8,722302.342
600550.SH,20250716,8.73,8.83,8.66,8.72,326973.49,285592.126
600551.SH,20250716,8.65,8.79,8.65,8.73,112260.8,98007.101
600552.SH,20250716,11.38,11.5,11.31,11.4,111813.0,127679.397
600556.SH,20250716,5.05,5.17,5.03,5.09,470668.67,240468.756
600557.SH,20250716,15.56,15.94,15.48,15.89,148022.0,233081.707
600558.SH,20250716,5.34,5.39,5.33,5.36,165525.53,88741.949
600559.SH,20250716,16.6,16.79,16.55,16.74,103413.46,172718.107
600560.SH,20250716,16.51,16.75,16.48,16.69,27658.25,46036.077
600561.SH,20250716,6.47,6.62,6.44,6.58,61200.9,40242.536
600562.SH,20250716,28.69,29.18,28.66,28.72,76539.0,220470.77
600563.SH,20250716,112.11,112.88,109.6,109.85,18779.0,207861.182
600566.SH,20250716,26.35,28.07,26.18,27.69,206041.42,563407.613
600567.SH,20250716,1.9,1.92,1.88,1.89,941484.02,178678.85
600568.SH,20250716,1.6,1.62,1.59,1.61,109163.2,17570.527
600569.SH,20250716,2.24,2.24,2.14,2.17,630597.78,136705.818
600570.SH,20250716,33.33,33.5,32.8,33.07,555656.19,1839170.999
600571.SH,20250716,19.2,19.34,18.95,19.18,401718.01,769987.541
600572.SH,20250716,4.5,4.57,4.49,4.57,293866.21,133597.099
600573.SH,20250716,12.12,12.42,12.11,12.38,34711.0,42710.55
600575.SH,20250716,3.55,3.57,3.53,3.54,310231.0,110054.289
600576.SH,20250716,7.67,7.79,7.66,7.71,128984.04,99648.808
600577.SH,20250716,7.66,7.72,7.55,7.58,533603.76,407047.267
600578.SH,20250716,4.59,4.62,4.55,4.55,321949.0,147223.581
600580.SH,20250716,20.57,21.05,20.38,20.69,873668.46,1812342.268
600581.SH,20250716,3.28,3.28,3.17,3.2,336888.0,107788.789
600582.SH,20250716,6.28,6.31,6.23,6.26,310268.1,194501.534
600583.SH,20250716,5.48,5.49,5.44,5.46,232587.24,127030.044
600584.SH,20250716,33.6,34.14,33.5,33.59,306703.99,1036286.461
600585.SH,20250716,22.6,22.73,22.06,22.33,434978.38,967205.072
600586.SH,20250716,5.01,5.06,4.99,5.03,181642.21,91382.192
600587.SH,20250716,15.18,15.2,15.1,15.17,77249.59,116933.504
600588.SH,20250716,14.74,14.83,14.23,14.4,1380114.67,1997621.797
600589.SH,20250716,8.73,9.36,8.6,9.12,5056099.62,4625162.794
600590.SH,20250716,9.85,9.93,9.49,9.57,747391.7,721766.983
600592.SH,20250716,21.2,23.0,20.8,22.58,595918.16,1311684.627
600593.SH,20250716,30.57,31.12,30.4,30.96,44146.27,135936.028
600594.SH,20250716,4.05,4.14,4.02,4.13,174538.0,71391.585
600595.SH,20250716,4.51,4.51,4.37,4.41,728663.37,322420.23
600596.SH,20250716,8.75,8.76,8.61,8.64,128537.46,111473.395
600597.SH,20250716,8.48,8.54,8.46,8.53,72880.0,61880.141
600598.SH,20250716,14.42,14.49,14.38,14.46,146069.58,211007.184
600599.SH,20250716,7.75,7.83,7.69,7.73,22409.0,17367.409
600600.SH,20250716,68.1,68.32,67.97,68.24,48686.2,331691.393
600601.SH,20250716,5.29,5.47,5.29,5.36,1945350.4,1046714.788
600602.SH,20250716,22.6,23.17,22.1,22.27,780503.96,1757915.138
600603.SH,20250716,7.67,7.86,7.67,7.86,74887.94,58404.694
600604.SH,20250716,6.49,7.45,6.49,7.21,2015540.97,1418618.857
600605.SH,20250716,37.58,38.25,37.58,38.04,24962.61,94627.224
600606.SH,20250716,2.16,2.18,2.05,2.05,4649220.16,974475.53
600608.SH,20250716,3.87,4.04,3.86,4.04,39687.58,15830.384
600609.SH,20250716,5.23,5.34,5.21,5.3,268993.0,141998.666
600610.SH,20250716,14.21,14.58,13.75,14.42,489293.23,696419.352
600611.SH,20250716,6.1,6.34,6.1,6.22,651522.09,406720.836
600612.SH,20250716,48.12,48.45,48.07,48.19,15344.87,74029.155
600613.SH,20250716,6.73,6.89,6.71,6.87,85620.0,58381.029
600615.SH,20250716,11.51,11.79,11.48,11.73,66947.08,78080.76
600616.SH,20250716,5.54,5.6,5.54,5.59,87281.62,48655.586
600617.SH,20250716,2.81,2.82,2.78,2.8,144003.2,40266.248
600618.SH,20250716,10.13,10.28,9.93,9.96,130808.5,130899.589
600619.SH,20250716,12.22,12.44,12.16,12.27,271549.32,333311.35
600620.SH,20250716,5.85,6.4,5.76,6.4,205117.91,125920.592
600621.SH,20250716,15.32,15.46,15.25,15.38,172388.0,264611.19
600622.SH,20250716,3.13,3.17,3.05,3.07,1262281.62,390474.29
600623.SH,20250716,7.77,7.95,7.71,7.92,159429.62,124903.28
600624.SH,20250716,6.82,6.9,6.81,6.9,89726.69,61741.93
600626.SH,20250716,3.72,3.83,3.72,3.81,161229.68,61024.907
600628.SH,20250716,7.37,7.52,7.37,7.48,99042.52,73862.473
600629.SH,20250716,8.74,8.94,8.67,8.72,189968.7,166997.234
600630.SH,20250716,8.31,8.58,8.3,8.49,173772.13,146994.911
600633.SH,20250716,14.4,14.5,14.01,14.17,582192.94,829639.715
600635.SH,20250716,4.13,4.16,4.11,4.13,284303.93,117475.128
600636.SH,20250716,8.39,8.53,8.38,8.48,25361.69,21470.424
600637.SH,20250716,7.35,7.6,7.31,7.4,379859.89,282207.29
600638.SH,20250716,6.2,6.38,6.1,6.2,292848.0,181436.058
600639.SH,20250716,10.88,10.97,10.86,10.96,43266.54,47204.372
600640.SH,20250716,12.31,12.45,12.24,12.32,54531.0,67331.412
600641.SH,20250716,13.75,13.82,13.64,13.79,86379.95,118693.564
600642.SH,20250716,8.37,8.41,8.31,8.32,173155.27,144366.748
600643.SH,20250716,6.31,6.36,6.22,6.3,550705.83,346589.493
600644.SH,20250716,14.55,14.67,14.48,14.6,320524.1,467300.458
600645.SH,20250716,26.06,26.32,25.92,26.01,77481.01,201881.446
600648.SH,20250716,11.17,11.28,11.12,11.25,41437.99,46408.405
600649.SH,20250716,4.55,4.62,4.42,4.44,397277.75,177982.754
600650.SH,20250716,16.09,17.2,16.0,16.57,348106.0,579540.461
600651.SH,20250716,4.32,4.44,4.31,4.43,166344.05,73243.904
600653.SH,20250716,1.92,1.98,1.91,1.94,471391.6,91907.546
600654.SH,20250716,2.97,3.03,2.96,2.99,378433.04,113333.966
600655.SH,20250716,5.54,5.58,5.52,5.57,64156.0,35670.842
600657.SH,20250716,3.84,3.89,3.8,3.82,261647.35,100539.314
600658.SH,20250716,4.48,4.57,4.48,4.56,140693.81,63820.458
600660.SH,20250716,56.78,57.18,56.65,56.76,63542.53,361138.686
600661.SH,20250716,10.94,11.03,10.75,11.03,80792.0,88291.788
600662.SH,20250716,5.52,5.77,5.52,5.68,186731.24,106294.291
600663.SH,20250716,9.36,9.43,9.24,9.29,54602.3,50906.831
600664.SH,20250716,3.81,3.88,3.81,3.87,466262.99,179579.383
600665.SH,20250716,3.42,3.45,3.37,3.41,85515.01,29192.33
600666.SH,20250716,3.26,3.34,3.24,3.29,896192.0,295048.67
600667.SH,20250716,6.6,6.64,6.56,6.59,169930.01,112212.016
600668.SH,20250716,11.8,12.38,11.8,12.04,251361.38,304714.116
600671.SH,20250716,13.44,14.0,13.44,13.85,37156.96,51106.234
600673.SH,20250716,14.19,14.34,13.83,13.86,413761.29,583611.232
600674.SH,20250716,16.16,16.24,16.14,16.21,121500.6,196663.344
600675.SH,20250716,3.07,3.1,3.02,3.04,264440.92,80658.402
600676.SH,20250716,4.86,5.17,4.86,5.14,407749.5,207133.016
600678.SH,20250716,9.7,9.99,9.5,9.53,557395.24,541693.324
600679.SH,20250716,12.84,13.3,12.83,13.23,140442.99,184212.624
600681.SH,20250716,3.61,3.65,3.6,3.64,104226.0,37774.194
600682.SH,20250716,6.36,6.42,6.33,6.41,125892.0,80439.903
600683.SH,20250716,4.08,4.1,4.02,4.04,83787.0,33970.887
600684.SH,20250716,4.18,4.22,4.16,4.19,152553.53,63965.504
600685.SH,20250716,28.1,28.1,27.39,27.5,137810.43,380327.898
600686.SH,20250716,12.75,12.89,12.71,12.81,184451.58,236380.442
600688.SH,20250716,2.85,2.87,2.85,2.86,225086.07,64380.699
600689.SH,20250716,12.03,12.51,12.03,12.41,83169.62,102902.663
600690.SH,20250716,25.83,26.03,25.62,25.68,263928.58,678948.12
600691.SH,20250716,2.34,2.37,2.32,2.35,181555.4,42726.168
600692.SH,20250716,7.49,7.65,7.44,7.57,76756.01,58154.043
600693.SH,20250716,5.83,5.88,5.82,5.85,113084.65,66201.848
600694.SH,20250716,18.76,18.93,18.64,18.75,70482.45,132238.298
600696.SH,20250716,5.99,6.34,5.95,6.23,66560.0,41372.327
600697.SH,20250716,12.21,12.37,12.21,12.33,30550.0,37652.295
600698.SH,20250716,10.1,10.2,9.96,9.99,627862.85,630334.145
600699.SH,20250716,17.44,17.9,17.3,17.88,556876.79,987651.066
600702.SH,20250716,50.88,52.52,50.8,52.17,99589.49,516679.178
600703.SH,20250716,12.47,12.48,12.31,12.34,237823.35,294465.298
600704.SH,20250716,5.86,5.87,5.72,5.8,597154.26,346151.167
600706.SH,20250716,10.6,10.97,10.6,10.77,226200.8,244359.749
600707.SH,20250716,6.09,6.14,6.05,6.11,244066.24,148893.281
600708.SH,20250716,3.44,3.48,3.41,3.44,127129.8,43792.509
600710.SH,20250716,9.85,10.28,9.85,10.08,295873.98,299213.151
600711.SH,20250716,7.18,7.34,7.14,7.28,772138.35,558377.276
600712.SH,20250716,5.68,5.76,5.67,5.73,80401.0,45985.91
600713.SH,20250716,5.23,5.3,5.22,5.3,114346.95,60132.161
600714.SH,20250716,11.82,12.04,11.82,12.0,88283.87,105591.283
600715.SH,20250716,2.26,2.29,2.26,2.27,181244.0,41211.181
600716.SH,20250716,3.84,3.88,3.81,3.86,99526.0,38284.523
600717.SH,20250716,4.66,4.68,4.64,4.66,119275.19,55583.709
600718.SH,20250716,9.68,9.89,9.63,9.7,288291.57,281322.891
600719.SH,20250716,6.52,6.62,6.45,6.59,154711.99,101229.385
600720.SH,20250716,7.87,7.91,7.84,7.87,45984.01,36202.455
600721.SH,20250716,7.62,7.76,7.6,7.75,202274.0,155494.303
600722.SH,20250716,5.99,6.07,5.98,6.03,140291.0,84592.451
600724.SH,20250716,4.7,4.7,4.66,4.69,54102.46,25325.49
600725.SH,20250716,3.29,3.34,3.29,3.32,138305.38,45807.407
600726.SH,20250716,2.64,2.65,2.57,2.6,587043.0,153047.38
600727.SH,20250716,7.7,7.74,7.65,7.69,117999.0,90801.409
600728.SH,20250716,5.66,5.69,5.58,5.62,326973.31,184453.416
600729.SH,20250716,27.77,28.01,27.59,27.69,29194.0,81093.411
600730.SH,20250716,6.46,6.74,6.42,6.67,177427.0,116938.554
600731.SH,20250716,6.96,7.05,6.92,6.98,94214.6,65644.015
600732.SH,20250716,14.76,15.42,14.4,15.39,615429.25,922946.841
600733.SH,20250716,7.61,7.84,7.55,7.76,1874973.72,1447381.325
600734.SH,20250716,4.22,4.37,4.2,4.25,691237.18,295516.979
600735.SH,20250716,8.33,8.59,7.79,8.43,361319.19,300173.19
600736.SH,20250716,5.53,5.64,5.49,5.54,237236.4,131860.236
600737.SH,20250716,9.76,9.87,9.75,9.83,148948.0,146000.962
600738.SH,20250716,5.31,5.35,5.29,5.31,93317.0,49609.697
600739.SH,20250716,11.58,11.62,11.44,11.49,139570.0,160525.62
600740.SH,20250716,3.82,3.84,3.77,3.8,178412.31,67742.512
600741.SH,20250716,18.47,18.6,18.41,18.52,63326.48,117200.634
600742.SH,20250716,9.78,10.17,9.78,10.1,115164.58,115464.871
600743.SH,20250716,2.21,2.24,2.19,2.22,167871.08,37190.787
600744.SH,20250716,8.2,8.56,7.85,8.3,3106731.85,2571191.061
600745.SH,20250716,34.72,35.25,34.36,34.55,159586.06,555313.805
600746.SH,20250716,7.98,7.98,7.92,7.94,45400.0,36067.884
600748.SH,20250716,3.27,3.34,3.26,3.28,122658.41,40407.543
600749.SH,20250716,11.77,11.91,11.75,11.81,32286.5,38237.361
600750.SH,20250716,21.86,22.15,21.86,22.14,53837.64,118504.278
600751.SH,20250716,3.38,3.43,3.36,3.39,499872.05,169459.01
600753.SH,20250716,7.0,7.34,6.96,7.3,44312.81,31784.297
600754.SH,20250716,22.41,22.72,22.4,22.51,118520.5,267340.771
600755.SH,20250716,6.3,6.32,6.26,6.28,114307.51,71930.976
600756.SH,20250716,15.18,15.46,14.97,15.24,153180.0,232721.103
600757.SH,20250716,9.75,9.82,9.65,9.67,81101.0,78857.327
600758.SH,20250716,3.93,3.95,3.88,3.91,224689.0,87954.697
600759.SH,20250716,2.31,2.32,2.29,2.32,757663.24,175078.424
600760.SH,20250716,58.1,58.11,57.15,57.98,179032.62,1031901.331
600761.SH,20250716,18.82,19.47,18.82,19.12,138201.86,264180.723
600763.SH,20250716,41.39,42.62,41.2,41.92,88009.4,368614.132
600764.SH,20250716,34.0,34.19,33.35,33.37,90432.52,303779.775
600765.SH,20250716,16.26,16.39,16.26,16.3,97117.61,158476.562
600768.SH,20250716,11.79,12.05,11.71,11.88,45881.01,54508.145
600769.SH,20250716,10.63,10.77,10.57,10.66,46391.04,49487.28
600770.SH,20250716,5.49,5.92,5.37,5.72,967990.0,546552.353
600771.SH,20250716,19.92,20.25,19.85,20.24,82673.95,166154.267
600773.SH,20250716,9.96,10.06,9.92,9.97,66631.06,66561.626
600774.SH,20250716,8.8,9.05,8.8,9.03,78045.3,69731.204
600775.SH,20250716,10.28,10.43,10.23,10.36,157929.24,163577.816
600776.SH,20250716,10.87,11.09,10.84,10.94,115491.0,126785.77
600777.SH,20250716,4.02,4.21,4.02,4.21,234238.97,97130.121
600778.SH,20250716,6.56,6.6,6.5,6.56,79172.0,51911.044
600779.SH,20250716,40.94,42.8,40.72,42.09,63127.12,263719.487
600780.SH,20250716,6.19,6.2,6.14,6.16,97429.0,60077.714
600782.SH,20250716,4.1,4.11,3.93,3.96,1029379.83,409134.335
600783.SH,20250716,12.7,12.76,12.59,12.74,34097.0,43251.481
600784.SH,20250716,6.36,6.5,6.3,6.45,86595.96,55717.329
600785.SH,20250716,11.86,12.05,11.85,12.05,41027.01,49199.764
600787.SH,20250716,5.79,5.83,5.76,5.8,363729.0,210730.181
600789.SH,20250716,10.05,10.5,10.01,10.39,690760.83,707725.04
600790.SH,20250716,3.88,3.89,3.85,3.87,77279.83,29927.805
600791.SH,20250716,4.84,5.07,4.84,4.99,133701.81,66749.078
600792.SH,20250716,3.71,3.73,3.64,3.65,190770.02,69977.2
600793.SH,20250716,29.41,29.6,28.34,28.36,116917.2,336259.861
600794.SH,20250716,4.73,4.78,4.67,4.76,447083.6,211445.189
600795.SH,20250716,4.7,4.72,4.68,4.7,911614.11,428393.535
600796.SH,20250716,5.96,6.0,5.93,5.96,44892.0,26802.201
600797.SH,20250716,9.64,9.77,9.5,9.54,660112.9,635936.559
600798.SH,20250716,4.41,4.47,4.34,4.36,853396.2,375754.293
600800.SH,20250716,4.22,4.3,4.18,4.26,196652.0,83505.023
600801.SH,20250716,13.3,13.5,13.16,13.32,123776.57,164404.98
600802.SH,20250716,5.1,5.17,5.08,5.1,123319.41,63109.127
600803.SH,20250716,19.57,19.68,19.49,19.61,52199.19,102355.89
600805.SH,20250716,5.46,5.58,5.38,5.43,204364.95,111755.877
600807.SH,20250716,3.2,3.23,3.15,3.22,239206.99,76707.363
600808.SH,20250716,3.36,3.37,3.3,3.32,731934.0,243187.043
600809.SH,20250716,174.4,177.75,174.03,175.61,66154.06,1161014.545
600810.SH,20250716,8.96,9.07,8.92,8.99,78256.7,70286.525
600812.SH,20250716,6.84,6.9,6.7,6.89,216151.59,147395.137
600814.SH,20250716,7.72,7.8,7.7,7.77,45194.53,35103.374
600815.SH,20250716,2.76,2.8,2.75,2.79,141418.0,39332.67
600816.SH,20250716,2.93,2.96,2.91,2.94,483824.43,142104.517
600817.SH,20250716,12.15,12.35,12.1,12.35,64443.0,79016.766
600818.SH,20250716,11.23,11.36,11.11,11.31,52289.0,59016.582
600819.SH,20250716,6.7,6.73,6.58,6.65,254561.0,168969.931
600820.SH,20250716,6.31,6.34,6.28,6.29,141258.0,89106.774
600821.SH,20250716,5.67,5.71,5.64,5.68,372930.0,211783.749
600822.SH,20250716,14.37,14.63,13.3,14.63,748159.68,1053554.493
600824.SH,20250716,4.2,4.24,4.18,4.23,143219.2,60483.386
600825.SH,20250716,6.95,7.08,6.95,6.98,111994.14,78379.142
600826.SH,20250716,11.97,11.97,11.97,11.97,91564.99,109603.293
600827.SH,20250716,9.3,9.41,9.27,9.34,100359.88,93708.62
600828.SH,20250716,3.79,3.85,3.79,3.85,99965.43,38317.45
600829.SH,20250716,7.49,7.64,7.48,7.64,92453.92,70167.594
600830.SH,20250716,10.57,11.58,10.4,11.21,630795.66,693184.233
600831.SH,20250716,3.88,4.0,3.87,3.89,55986.0,22071.697
600833.SH,20250716,12.77,12.99,12.73,12.99,56930.2,73596.73
600834.SH,20250716,8.83,9.07,8.83,8.97,81762.03,73300.414
600835.SH,20250716,21.77,22.13,21.68,21.79,84141.67,183888.769
600838.SH,20250716,8.13,8.36,8.12,8.36,111059.05,91898.499
600839.SH,20250716,9.88,10.0,9.83,9.86,909741.52,900809.091
600841.SH,20250716,6.49,6.92,6.49,6.92,251458.82,171598.684
600843.SH,20250716,10.77,11.11,10.75,11.0,134974.0,147698.39
600844.SH,20250716,3.35,3.4,3.33,3.38,150075.02,50553.784
600845.SH,20250716,24.49,24.57,24.27,24.4,257877.97,629289.085
600846.SH,20250716,10.93,11.03,10.82,10.96,48322.22,52780.124
600847.SH,20250716,10.9,11.06,10.81,11.06,31866.0,35038.664
600848.SH,20250716,9.28,9.39,9.27,9.37,98653.8,92009.211
600850.SH,20250716,24.43,26.59,24.35,25.66,341976.02,877114.799
600851.SH,20250716,7.03,7.12,6.98,7.1,79784.01,56512.839
600853.SH,20250716,3.62,3.64,3.6,3.62,102047.56,36943.333
600854.SH,20250716,5.29,5.34,5.25,5.31,72960.89,38702.759
600855.SH,20250716,13.16,13.32,13.09,13.19,89510.0,118239.654
600857.SH,20250716,11.18,11.2,10.9,11.03,59820.0,66021.815
600858.SH,20250716,5.6,5.74,5.6,5.66,134509.0,76325.734
600859.SH,20250716,13.45,13.6,13.45,13.52,143412.57,194103.101
600860.SH,20250716,11.88,12.34,11.77,12.11,199237.86,240424.732
600861.SH,20250716,19.64,20.5,19.64,19.86,67188.0,134891.237
600862.SH,20250716,25.46,25.68,25.24,25.43,77027.0,196076.867
600863.SH,20250716,4.27,4.29,4.25,4.28,419687.92,179297.262
600864.SH,20250716,6.52,6.59,6.43,6.52,540667.04,351330.262
600865.SH,20250716,9.12,9.23,9.1,9.2,39145.0,35976.12
600866.SH,20250716,7.55,7.62,7.43,7.47,337871.0,253514.147
600867.SH,20250716,8.05,8.15,7.99,8.14,238068.55,192440.01
600868.SH,20250716,2.82,2.85,2.8,2.82,240416.1,68013.235
600869.SH,20250716,5.6,5.72,5.54,5.59,447837.38,252026.625
600871.SH,20250716,1.98,2.0,1.97,1.97,682955.25,135299.324
600872.SH,20250716,18.79,18.95,18.78,18.94,73079.04,138013.929
600873.SH,20250716,10.86,10.93,10.75,10.78,170388.86,184052.712
600874.SH,20250716,5.98,5.99,5.91,5.93,72138.0,42848.01
600875.SH,20250716,17.18,17.24,17.0,17.07,122872.09,210212.547
600876.SH,20250716,11.3,11.43,11.05,11.4,91236.71,102992.213
600877.SH,20250716,12.39,12.52,12.33,12.39,64895.66,80571.217
600879.SH,20250716,9.96,9.98,9.85,9.89,341977.48,338647.286
600880.SH,20250716,5.37,5.44,5.3,5.34,417406.9,223616.156
600881.SH,20250716,1.8,1.82,1.79,1.81,340968.52,61632.489
600882.SH,20250716,27.9,28.49,27.8,28.04,50008.96,140945.784
600883.SH,20250716,8.13,8.2,8.08,8.15,28359.0,23071.693
600884.SH,20250716,9.1,9.4,9.06,9.2,606248.48,560335.305
600885.SH,20250716,22.97,23.05,22.84,22.87,56334.56,129034.394
600886.SH,20250716,14.73,14.76,14.67,14.72,161139.47,236866.047
600887.SH,20250716,27.39,27.68,27.38,27.52,337587.39,929227.537
600888.SH,20250716,6.89,6.91,6.84,6.88,115839.39,79499.328
600889.SH,20250716,15.13,15.58,15.05,15.41,116520.0,179541.727
600892.SH,20250716,3.03,3.1,3.03,3.09,69294.04,21285.977
600893.SH,20250716,36.79,36.84,36.48,36.7,94712.41,347127.645
600894.SH,20250716,10.08,10.26,10.04,10.2,89076.78,90466.638
600895.SH,20250716,25.5,26.23,25.35,25.7,250867.57,647748.633
600897.SH,20250716,15.04,15.09,14.99,15.06,13883.3,20879.837
600900.SH,20250716,30.6,30.66,30.33,30.34,386213.46,1174692.478
600901.SH,20250716,6.25,6.27,6.07,6.12,571254.45,349820.931
600903.SH,20250716,6.92,6.95,6.91,6.93,65779.87,45615.138
600905.SH,20250716,4.32,4.33,4.29,4.3,914330.11,394128.151
600906.SH,20250716,7.17,7.22,7.09,7.17,233099.58,166720.708
600908.SH,20250716,6.35,6.38,6.22,6.28,229376.03,143844.889
600909.SH,20250716,6.04,6.07,6.01,6.04,359644.87,217199.81
600916.SH,20250716,8.19,8.22,8.16,8.19,106970.0,87593.698
600917.SH,20250716,5.69,5.76,5.69,5.74,44129.1,25276.19
600918.SH,20250716,6.72,6.72,6.63,6.67,213576.03,142561.183
600919.SH,20250716,11.81,11.85,11.59,11.7,1473981.86,1719243.472
600925.SH,20250716,5.13,5.14,5.08,5.12,66849.29,34203.383
600926.SH,20250716,16.7,16.95,16.45,16.94,863601.94,1445208.554
600927.SH,20250716,15.9,16.53,15.8,16.39,342497.62,553844.267
600928.SH,20250716,4.05,4.06,3.97,4.04,335650.11,134578.186
600929.SH,20250716,5.11,5.12,5.07,5.1,95418.0,48682.356
600930.SH,20250716,5.5,10.17,5.5,7.18,17970994.53,12702393.309
600933.SH,20250716,15.86,16.33,15.81,16.03,147561.0,236983.907
600935.SH,20250716,2.44,2.45,2.4,2.42,212572.38,51508.568
600936.SH,20250716,3.58,3.63,3.57,3.58,86335.0,31081.25
600938.SH,20250716,25.84,25.94,25.77,25.8,201379.29,520119.588
600939.SH,20250716,3.75,3.75,3.6,3.61,552466.0,201799.333
600941.SH,20250716,112.43,113.33,112.43,112.95,62741.18,708655.91
600955.SH,20250716,13.93,13.96,13.78,13.84,24919.84,34559.097
600956.SH,20250716,7.76,7.79,7.71,7.76,54021.0,41818.804
600958.SH,20250716,10.22,10.33,10.11,10.24,707142.7,721594.144
600959.SH,20250716,3.46,3.51,3.45,3.5,417885.52,145973.356
600960.SH,20250716,4.88,4.95,4.73,4.88,432619.0,209291.489
600961.SH,20250716,11.41,11.47,11.06,11.13,224158.0,250659.318
600962.SH,20250716,19.3,21.42,19.3,20.8,330295.38,680358.882
600963.SH,20250716,4.55,4.56,4.52,4.54,124251.98,56347.819
600965.SH,20250716,4.96,5.03,4.95,5.01,72969.0,36480.464
600966.SH,20250716,4.6,4.62,4.57,4.59,62117.24,28521.696
600967.SH,20250716,17.5,17.56,17.1,17.15,604723.1,1046662.372
600968.SH,20250716,4.11,4.13,4.09,4.12,209971.0,86332.636
600969.SH,20250716,7.7,7.8,7.62,7.78,101932.2,78966.37
600970.SH,20250716,9.12,9.2,8.99,9.1,171102.7,155445.109
600971.SH,20250716,6.71,6.72,6.65,6.68,121639.54,81299.845
600973.SH,20250716,5.25,5.28,5.15,5.17,355645.18,185201.445
600975.SH,20250716,6.17,6.2,6.14,6.17,168445.01,103990.934
600976.SH,20250716,39.5,40.22,39.5,39.9,30405.67,121370.568
600977.SH,20250716,11.66,11.78,11.44,11.52,306694.23,355708.788
600979.SH,20250716,5.13,5.17,5.09,5.15,227179.3,116896.731
600980.SH,20250716,22.72,22.88,22.46,22.59,107232.09,242351.765
600981.SH,20250716,2.9,3.02,2.9,2.98,392539.99,116393.331
600982.SH,20250716,4.7,4.79,4.68,4.72,252774.03,119838.789
600983.SH,20250716,10.8,11.17,10.79,10.87,98544.65,107750.43
600984.SH,20250716,3.24,3.25,3.21,3.22,119356.5,38439.675
600985.SH,20250716,11.21,11.35,11.21,11.29,148247.59,167268.455
600986.SH,20250716,8.44,8.71,8.4,8.47,853690.66,730676.959
600987.SH,20250716,7.18,7.32,7.17,7.28,77912.9,56509.371
600988.SH,20250716,23.81,24.15,23.79,24.14,337241.59,808328.95
600989.SH,20250716,15.65,15.91,15.61,15.89,267487.07,422395.696
600990.SH,20250716,26.37,27.09,26.21,26.49,94465.16,251314.551
600992.SH,20250716,14.41,14.55,14.37,14.46,31586.0,45701.544
600993.SH,20250716,27.39,28.68,27.38,28.51,116634.97,329593.845
600995.SH,20250716,9.9,9.95,9.79,9.81,154584.79,152237.715
600996.SH,20250716,8.18,8.27,8.15,8.18,103937.51,85297.533
600997.SH,20250716,5.98,6.02,5.93,5.94,79711.05,47538.758
600998.SH,20250716,5.41,5.46,5.33,5.38,286679.77,154033.353
600999.SH,20250716,17.33,17.49,17.16,17.34,295921.21,512545.233
601000.SH,20250716,4.08,4.1,4.06,4.07,260811.33,106335.444
601001.SH,20250716,12.43,12.48,12.23,12.31,142102.53,174771.724
601002.SH,20250716,5.19,5.28,5.16,5.2,119592.1,62287.473
601003.SH,20250716,5.52,5.57,5.01,5.06,2060980.92,1060470.442
601005.SH,20250716,1.41,1.42,1.39,1.4,1473024.0,205871.374
601006.SH,20250716,6.42,6.45,6.42,6.42,630160.48,405234.07
601007.SH,20250716,7.4,7.5,7.38,7.46,86812.0,64746.251
601008.SH,20250716,6.4,6.44,6.33,6.34,265332.01,169033.795
601009.SH,20250716,11.58,11.6,11.39,11.5,417995.56,479516.041
601010.SH,20250716,2.58,2.61,2.57,2.6,272058.73,70628.336
601011.SH,20250716,2.72,2.74,2.68,2.7,294349.5,79659.259
601012.SH,20250716,16.02,16.07,15.75,15.91,842281.81,1336311.192
601015.SH,20250716,3.44,3.45,3.35,3.37,297867.79,100525.157
601016.SH,20250716,3.02,3.03,2.99,3.01,434052.7,130663.651
601018.SH,20250716,3.69,3.7,3.67,3.69,266698.2,98348.342
601019.SH,20250716,9.16,9.28,9.12,9.15,73358.32,67385.52
601020.SH,20250716,20.12,20.39,19.77,19.81,287302.0,575417.502
601021.SH,20250716,54.11,54.58,54.11,54.4,24396.51,132781.375
601022.SH,20250716,10.17,10.55,10.16,10.23,577898.83,598047.218
601033.SH,20250716,15.91,16.0,15.75,15.87,43703.53,69355.068
601038.SH,20250716,13.18,13.27,13.18,13.26,43354.0,57301.898
601058.SH,20250716,13.39,13.55,13.3,13.46,193186.12,259214.732
601059.SH,20250716,16.69,16.77,16.55,16.66,201272.7,335571.266
601061.SH,20250716,8.2,8.21,8.12,8.15,105668.01,86193.875
601065.SH,20250716,8.31,8.34,8.27,8.33,30804.62,25620.757
601066.SH,20250716,24.94,25.04,24.7,24.87,109368.0,271707.638
601068.SH,20250716,4.86,4.92,4.82,4.87,246767.62,120063.548
601069.SH,20250716,19.9,20.12,19.82,20.11,122503.53,244590.814
601077.SH,20250716,7.41,7.47,7.25,7.32,530487.0,387730.477
601083.SH,20250716,11.9,12.13,11.88,11.94,244234.28,292230.196
601086.SH,20250716,10.88,11.19,10.85,11.1,157841.0,174817.277
601088.SH,20250716,37.48,37.55,37.2,37.28,151482.0,565107.199
601089.SH,20250716,18.35,18.77,18.2,18.67,78436.0,145729.146
601096.SH,20250716,4.36,4.37,4.33,4.36,149946.02,65235.048
601098.SH,20250716,13.57,13.65,13.18,13.28,90313.88,120403.771
601099.SH,20250716,3.98,4.03,3.97,3.99,1222224.21,488236.974
601100.SH,20250716,73.52,76.9,72.66,76.3,167751.89,1267721.734
601101.SH,20250716,6.92,6.95,6.87,6.91,82643.58,57050.47
601106.SH,20250716,2.8,2.82,2.78,2.8,253976.1,71174.233
601107.SH,20250716,6.08,6.08,6.0,6.04,70768.0,42666.248
601108.SH,20250716,8.1,8.13,8.01,8.07,337642.53,272316.655
601111.SH,20250716,7.4,7.53,7.39,7.48,1047765.83,783313.003
601113.SH,20250716,4.03,4.09,4.02,4.06,95921.0,38966.31
601116.SH,20250716,11.17,11.33,11.15,11.19,70608.0,79342.914
601117.SH,20250716,7.82,7.86,7.77,7.8,250599.93,195814.308
601118.SH,20250716,4.78,4.88,4.76,4.78,279277.17,134477.84
601121.SH,20250716,6.24,6.27,6.18,6.26,88653.32,55293.897
601126.SH,20250716,17.22,17.3,16.95,17.01,89908.42,153514.015
601127.SH,20250716,130.95,130.95,129.0,129.08,204690.75,2647840.462
601128.SH,20250716,7.5,7.52,7.35,7.41,441910.3,327300.132
601133.SH,20250716,12.48,12.79,12.4,12.7,124546.8,157154.551
601136.SH,20250716,19.72,19.88,19.67,19.8,119476.0,236189.067
601137.SH,20250716,18.06,18.22,18.01,18.08,75170.99,136103.736
601138.SH,20250716,26.99,27.41,26.65,26.73,1456232.11,3923855.98
601139.SH,20250716,6.43,6.45,6.41,6.44,71595.1,46082.165
601155.SH,20250716,14.31,14.51,14.17,14.2,190290.29,272144.373
601156.SH,20250716,13.56,13.63,13.49,13.51,128977.0,174809.104
601158.SH,20250716,4.77,4.79,4.73,4.75,82518.0,39264.93
601162.SH,20250716,4.81,4.85,4.77,4.82,3345953.69,1608542.48
601163.SH,20250716,14.14,14.26,14.14,14.25,22517.0,31999.113
601166.SH,20250716,24.44,24.51,24.02,24.31,585384.95,1417278.634
601168.SH,20250716,16.3,16.32,16.13,16.22,199492.0,323577.299
601169.SH,20250716,6.98,7.01,6.86,6.88,1164072.35,802793.895
601177.SH,20250716,18.6,18.97,18.23,18.46,268069.0,498653.752
601179.SH,20250716,6.38,6.41,6.28,6.3,496117.65,313787.27
601186.SH,20250716,8.31,8.33,8.18,8.25,481778.65,397076.25
601187.SH,20250716,7.74,7.75,7.41,7.58,472093.11,356413.302
601188.SH,20250716,3.58,3.61,3.57,3.59,126509.02,45408.546
601198.SH,20250716,11.29,11.31,11.16,11.21,225510.15,253226.236
601199.SH,20250716,5.55,5.56,5.52,5.54,53414.0,29598.467
601200.SH,20250716,8.12,8.14,8.07,8.12,54425.38,44138.966
601208.SH,20250716,12.8,13.13,12.61,12.92,664106.81,853461.178
601211.SH,20250716,19.4,19.44,19.19,19.25,563407.32,1086700.158
601212.SH,20250716,3.24,3.25,3.16,3.19,1191613.66,380811.615
601216.SH,20250716,5.4,5.42,5.35,5.37,440245.11,236874.01
601218.SH,20250716,4.37,4.38,4.25,4.28,849420.14,364638.451
601222.SH,20250716,5.83,5.86,5.81,5.85,148575.13,86834.99
601225.SH,20250716,19.11,19.2,18.93,18.96,414686.36,788934.569
601226.SH,20250716,6.43,6.49,6.38,6.4,115330.0,74109.78
601228.SH,20250716,3.32,3.33,3.29,3.31,182477.7,60428.344
601229.SH,20250716,10.9,10.98,10.78,10.9,506364.1,549659.908
601231.SH,20250716,14.37,14.48,14.27,14.32,117712.49,169171.266
601233.SH,20250716,10.97,11.03,10.92,10.94,134730.6,147697.022
601236.SH,20250716,8.69,8.77,8.64,8.75,401786.48,349858.871
601238.SH,20250716,7.52,7.62,7.5,7.62,304382.87,230518.552
601279.SH,20250716,3.89,4.29,3.88,4.29,237694.92,97710.941
601288.SH,20250716,6.31,6.33,6.24,6.29,4478619.65,2810813.786
601298.SH,20250716,8.89,9.02,8.89,8.9,64255.0,57415.993
601311.SH,20250716,9.09,9.21,9.01,9.18,432083.26,394115.606
601318.SH,20250716,57.17,57.24,56.21,56.83,481824.6,2728239.344
601319.SH,20250716,8.41,8.45,8.27,8.34,798863.78,666164.133
601326.SH,20250716,3.33,3.35,3.32,3.34,126350.0,42177.662
601328.SH,20250716,8.09,8.11,7.98,8.02,1267639.69,1016932.816
601330.SH,20250716,7.54,7.63,7.52,7.61,58529.0,44350.571
601333.SH,20250716,2.98,2.99,2.96,2.97,190552.46,56644.074
601336.SH,20250716,62.05,62.41,60.17,60.81,172446.18,1049533.267
601339.SH,20250716,5.2,5.2,5.11,5.13,179861.0,92687.448
601360.SH,20250716,10.26,10.61,10.25,10.3,1178419.35,1222073.071
601366.SH,20250716,4.65,4.67,4.62,4.65,72198.61,33556.0
601368.SH,20250716,4.96,5.01,4.95,5.01,52136.0,26036.87
601369.SH,20250716,8.83,8.99,8.79,8.98,153014.49,136422.658
601375.SH,20250716,4.35,4.43,4.32,4.37,1038117.21,453960.439
601377.SH,20250716,6.36,6.38,6.28,6.33,670779.83,424146.395
601388.SH,20250716,2.61,2.63,2.57,2.6,366497.12,95233.226
601390.SH,20250716,5.8,5.83,5.73,5.75,681479.3,392895.139
601398.SH,20250716,7.77,7.8,7.7,7.8,3524987.73,2727111.481
601399.SH,20250716,3.03,3.05,3.02,3.03,291980.6,88592.678
601456.SH,20250716,11.55,11.6,11.3,11.39,641044.83,731065.473
601500.SH,20250716,4.56,4.64,4.56,4.6,208516.3,96086.211
601512.SH,20250716,8.99,9.08,8.88,9.08,208293.19,188366.497
601515.SH,20250716,3.79,3.85,3.79,3.81,195896.04,74809.573
601518.SH,20250716,2.74,2.76,2.74,2.76,115173.2,31685.503
601519.SH,20250716,13.3,13.52,12.68,13.25,2087184.6,2761634.451
601528.SH,20250716,5.96,5.98,5.84,5.9,176288.77,103646.505
601555.SH,20250716,9.17,9.22,9.02,9.06,608833.78,553582.623
601566.SH,20250716,8.92,8.98,8.82,8.84,51398.0,45730.897
601567.SH,20250716,23.06,23.12,22.28,22.32,245894.37,552979.343
601568.SH,20250716,4.27,4.27,4.22,4.23,99986.7,42372.81
601577.SH,20250716,10.16,10.19,9.94,10.11,427709.78,428730.389
601579.SH,20250716,19.1,19.46,19.1,19.41,57319.99,111043.645
601588.SH,20250716,1.8,1.82,1.78,1.8,277043.0,49794.956
601595.SH,20250716,28.29,29.25,28.15,29.07,94079.0,272180.722
601598.SH,20250716,5.3,5.36,5.27,5.34,183154.02,97280.73
601599.SH,20250716,3.82,3.91,3.81,3.86,192109.0,74365.364
601600.SH,20250716,7.11,7.17,7.09,7.11,829939.86,590369.451
601601.SH,20250716,37.95,38.19,37.24,37.78,229476.5,861768.716
601606.SH,20250716,28.75,30.48,28.05,29.18,1032064.72,3015677.496
601607.SH,20250716,19.0,19.22,18.99,19.21,129064.68,247010.47
601608.SH,20250716,4.4,4.43,4.39,4.41,300012.27,132324.397
601609.SH,20250716,8.3,8.37,7.92,7.97,1670691.16,1348263.637
601611.SH,20250716,9.41,9.46,9.25,9.32,330169.0,308112.422
601615.SH,20250716,11.13,11.15,10.98,11.02,204060.81,225019.772
601616.SH,20250716,3.88,3.94,3.88,3.92,154753.02,60650.459
601618.SH,20250716,3.05,3.06,3.0,3.02,758168.41,229512.676
601619.SH,20250716,3.71,3.76,3.69,3.72,247711.0,92306.744
601628.SH,20250716,39.99,40.04,39.31,39.72,109868.0,434483.222
601633.SH,20250716,21.88,21.91,21.56,21.62,152784.17,331280.091
601636.SH,20250716,5.89,5.92,5.79,5.83,278316.66,162481.892
601658.SH,20250716,5.67,5.68,5.61,5.65,1725367.99,973130.255
601665.SH,20250716,6.24,6.24,6.03,6.09,1204772.0,734654.05
601666.SH,20250716,7.53,7.54,7.43,7.46,171312.0,128131.061
601668.SH,20250716,6.11,6.14,6.05,6.09,1624583.79,988523.506
601669.SH,20250716,5.06,5.15,5.01,5.02,1165545.87,589128.665
601677.SH,20250716,12.54,12.59,12.46,12.52,163431.06,204521.944
601678.SH,20250716,4.38,4.38,4.28,4.29,389003.23,167755.918
601686.SH,20250716,6.04,6.04,5.95,5.98,69571.59,41614.676
601688.SH,20250716,18.21,18.29,18.02,18.12,428687.46,777397.097
601689.SH,20250716,46.8,49.8,46.75,48.35,632238.5,3048417.442
601696.SH,20250716,12.38,13.05,12.16,12.83,2059884.13,2622546.764
601698.SH,20250716,19.53,19.75,19.49,19.62,175119.5,342811.043
601699.SH,20250716,10.68,10.73,10.64,10.69,167381.91,178569.841
601700.SH,20250716,4.71,4.76,4.69,4.72,85745.05,40452.377
601702.SH,20250716,16.01,16.07,15.92,16.01,28866.0,46145.455
601717.SH,20250716,17.27,17.31,17.11,17.16,134819.0,231709.161
601718.SH,20250716,3.86,3.88,3.82,3.83,1380727.81,530834.242
601727.SH,20250716,7.31,7.37,7.29,7.32,643449.5,471552.613
601728.SH,20250716,7.66,7.7,7.62,7.64,515935.0,394782.158
601766.SH,20250716,7.51,7.54,7.44,7.47,638758.95,477894.035
601777.SH,20250716,8.3,8.43,8.25,8.36,189875.21,158643.823
601778.SH,20250716,3.32,3.35,3.25,3.28,854687.82,281245.044
601788.SH,20250716,18.0,18.09,17.86,17.95,308609.8,553919.392
601789.SH,20250716,5.5,5.68,5.48,5.51,555128.31,308706.332
601798.SH,20250716,8.2,8.4,8.13,8.22,112472.55,92717.092
601799.SH,20250716,121.45,122.89,121.1,121.56,14377.05,175010.659
601800.SH,20250716,8.96,9.01,8.88,8.92,258878.33,231295.112
601801.SH,20250716,6.88,6.93,6.76,6.79,169762.02,115883.434
601808.SH,20250716,13.66,13.72,13.62,13.69,55940.42,76504.454
601811.SH,20250716,14.6,14.76,14.53,14.56,32708.0,47933.4
601816.SH,20250716,5.57,5.59,5.55,5.56,684937.08,381233.135
601818.SH,20250716,4.36,4.37,4.28,4.31,1756658.64,756310.166
601825.SH,20250716,9.9,9.98,9.8,9.9,180903.87,178438.029
601827.SH,20250716,8.58,8.62,8.52,8.55,28799.0,24646.686
601828.SH,20250716,2.96,3.08,2.94,2.99,303368.4,90786.813
601838.SH,20250716,20.06,20.22,19.79,20.05,226460.69,452463.86
601857.SH,20250716,8.93,9.06,8.91,8.98,1298163.76,1166430.128
601858.SH,20250716,20.13,21.33,20.09,20.4,135949.0,280093.689
601860.SH,20250716,3.18,3.2,3.12,3.16,757275.3,238244.579
601865.SH,20250716,16.22,16.32,16.05,16.21,174135.16,281530.257
601866.SH,20250716,2.49,2.5,2.48,2.49,667025.26,166087.814
601868.SH,20250716,2.32,2.33,2.29,2.3,2207769.25,509878.928
601869.SH,20250716,39.55,40.89,39.21,39.4,93531.0,374019.641
601872.SH,20250716,6.08,6.1,6.05,6.09,255755.94,155441.34
601877.SH,20250716,22.86,22.96,22.55,22.59,116370.17,263697.076
601878.SH,20250716,11.15,11.22,11.07,11.15,359166.56,400205.039
601880.SH,20250716,1.53,1.53,1.51,1.52,510535.89,77712.943
601881.SH,20250716,17.03,17.4,16.96,17.1,498723.92,854897.331
601882.SH,20250716,19.03,19.19,18.94,19.1,25711.4,49137.522
601886.SH,20250716,7.07,7.23,6.8,7.19,263005.62,185045.977
601888.SH,20250716,61.1,61.55,61.0,61.15,71075.54,435452.014
601890.SH,20250716,10.06,10.08,9.95,10.04,422402.2,422622.281
601898.SH,20250716,11.11,11.13,11.02,11.12,173362.06,191932.22
601899.SH,20250716,19.14,19.18,18.98,19.14,926884.29,1768546.654
601900.SH,20250716,14.75,14.85,14.51,14.63,226249.75,331121.516
601901.SH,20250716,8.06,8.1,7.99,8.04,513782.0,413332.542
601908.SH,20250716,4.13,4.19,3.81,3.82,3872159.08,1521551.661
601916.SH,20250716,3.64,3.66,3.55,3.62,3129567.49,1124487.792
601918.SH,20250716,6.53,6.54,6.46,6.48,298768.89,194167.166
601919.SH,20250716,15.35,15.6,15.35,15.39,631251.17,974072.664
601921.SH,20250716,8.03,8.16,8.03,8.11,113508.0,92011.027
601928.SH,20250716,11.57,11.64,11.35,11.39,84805.67,97021.459
601929.SH,20250716,1.78,1.82,1.77,1.8,711381.5,128270.948
601933.SH,20250716,4.73,4.75,4.71,4.74,848544.28,401530.368
601939.SH,20250716,9.7,9.72,9.59,9.72,954332.95,920145.843
601949.SH,20250716,6.66,6.73,6.63,6.65,67939.0,45357.597
601952.SH,20250716,9.71,9.85,9.69,9.82,90527.51,88559.639
601956.SH,20250716,6.73,6.83,6.7,6.75,157486.41,106526.983
601958.SH,20250716,11.15,11.23,11.12,11.22,147974.04,165301.442
601963.SH,20250716,11.0,11.02,10.71,10.87,138155.91,149505.456
601965.SH,20250716,19.59,19.75,19.33,19.6,49683.0,96896.546
601966.SH,20250716,14.88,15.35,14.87,15.11,323848.62,489747.401
601968.SH,20250716,5.07,5.14,5.05,5.08,123457.99,62801.434
601969.SH,20250716,7.47,7.54,7.39,7.49,113771.96,85132.288
601975.SH,20250716,2.85,2.86,2.84,2.85,414746.56,118097.738
601985.SH,20250716,9.36,9.38,9.32,9.33,667228.19,623285.544
601988.SH,20250716,5.7,5.73,5.66,5.71,2215049.72,1260792.019
601989.SH,20250716,4.61,4.63,4.58,4.59,1159029.72,532647.886
601990.SH,20250716,8.3,8.34,8.23,8.26,171739.2,142173.06
601991.SH,20250716,3.35,3.37,3.3,3.32,1049767.99,349765.416
601992.SH,20250716,1.57,1.58,1.54,1.56,455813.5,71091.109
601995.SH,20250716,35.7,36.02,35.5,35.68,137287.0,490679.749
601996.SH,20250716,2.2,2.25,2.2,2.25,205306.0,45856.62
601997.SH,20250716,6.89,6.91,6.68,6.76,911300.1,614521.666
601998.SH,20250716,8.6,8.64,8.43,8.56,515791.81,438520.521
601999.SH,20250716,7.07,7.14,7.03,7.1,48655.0,34582.956
603000.SH,20250716,20.21,20.55,20.2,20.29,119338.23,243149.245
603001.SH,20250716,8.11,8.55,8.11,8.31,313432.23,258600.571
603002.SH,20250716,6.77,6.91,6.66,6.76,461889.0,313227.15
603004.SH,20250716,22.03,22.3,21.91,22.11,22315.63,49330.112
603005.SH,20250716,27.99,28.43,27.81,28.34,294447.8,830920.006
603006.SH,20250716,12.15,13.37,12.07,12.69,152351.16,196448.427
603007.SH,20250716,4.64,4.74,4.61,4.71,85105.59,39846.694
603008.SH,20250716,16.07,16.16,15.98,16.12,44689.0,71887.939
603009.SH,20250716,41.01,42.5,40.79,41.7,112739.82,470425.343
603010.SH,20250716,9.64,9.76,9.64,9.74,16702.12,16233.311
603011.SH,20250716,16.16,16.88,15.85,16.52,563811.99,923803.535
603012.SH,20250716,5.68,5.73,5.66,5.71,78023.72,44529.266
603013.SH,20250716,22.0,22.46,21.02,22.12,224456.31,485443.18
603014.SH,20250716,36.99,37.34,36.97,37.25,16585.13,61634.769
603015.SH,20250716,12.56,12.69,12.51,12.63,93765.0,118385.821
603016.SH,20250716,29.63,30.63,29.63,30.16,20898.0,63009.163
603017.SH,20250716,9.38,9.49,9.36,9.42,56821.0,53669.452
603018.SH,20250716,8.1,8.18,8.03,8.06,71315.36,57659.624
603019.SH,20250716,69.87,70.41,69.31,69.69,231898.82,1621089.577
603020.SH,20250716,9.27,9.43,9.21,9.38,47910.0,44608.229
603021.SH,20250716,3.52,3.58,3.5,3.57,29544.0,10502.295
603022.SH,20250716,10.22,10.4,10.2,10.38,75033.0,77578.012
603023.SH,20250716,3.7,3.79,3.7,3.75,113480.56,42534.861
603025.SH,20250716,13.85,13.92,13.73,13.77,39699.84,54881.005
603026.SH,20250716,35.7,36.06,35.57,35.74,14568.0,52093.885
603027.SH,20250716,11.78,11.85,11.63,11.75,97130.85,113896.216
603028.SH,20250716,7.41,7.53,7.4,7.48,73945.6,55305.658
603029.SH,20250716,17.97,18.38,17.97,18.27,29776.0,54250.273
603030.SH,20250716,2.59,2.63,2.58,2.61,225860.0,58804.802
603031.SH,20250716,28.94,29.29,28.5,28.77,15882.04,46010.754
603032.SH,20250716,16.6,16.75,16.51,16.63,58866.0,97915.994
603033.SH,20250716,10.6,10.65,10.51,10.53,25590.0,27026.662
603035.SH,20250716,13.37,13.5,13.36,13.49,53700.17,72216.339
603036.SH,20250716,16.82,17.07,16.7,16.99,37009.0,62585.033
603037.SH,20250716,12.33,12.45,12.31,12.39,78017.78,96426.695
603038.SH,20250716,14.37,14.88,14.34,14.45,83265.6,121516.828
603039.SH,20250716,61.2,62.6,59.68,62.5,126514.69,777270.581
603040.SH,20250716,43.33,44.71,42.3,43.65,51853.69,225875.013
603041.SH,20250716,12.03,12.36,11.98,12.22,35586.4,43447.091
603042.SH,20250716,15.94,16.65,15.8,16.46,196457.8,321125.548
603043.SH,20250716,15.53,15.69,15.53,15.61,15092.4,23597.451
603045.SH,20250716,19.9,20.8,18.88,18.93,252199.78,498031.104
603048.SH,20250716,17.66,19.5,17.66,19.5,76785.67,147173.264
603049.SH,20250716,45.19,45.2,44.84,44.93,37771.39,170063.725
603050.SH,20250716,16.89,17.1,16.8,17.05,22947.23,38949.267
603051.SH,20250716,27.55,27.79,27.41,27.63,16134.08,44552.47
603052.SH,20250716,26.88,27.68,26.66,27.27,23227.64,63441.945
603053.SH,20250716,9.44,9.5,9.39,9.48,25300.69,23972.562
603055.SH,20250716,9.14,9.26,9.13,9.17,75531.21,69482.71
603056.SH,20250716,15.4,15.74,15.38,15.73,100552.05,157235.425
603057.SH,20250716,20.68,21.0,20.68,20.87,12769.05,26661.905
603058.SH,20250716,9.11,9.15,8.92,9.1,54059.0,48935.193
603059.SH,20250716,26.37,27.2,26.23,26.99,13250.07,35486.592
603060.SH,20250716,6.73,6.79,6.66,6.75,75894.28,51017.385
603061.SH,20250716,85.96,88.18,85.63,86.38,12108.0,105273.37
603062.SH,20250716,46.53,47.3,46.38,46.82,14164.91,66231.845
603063.SH,20250716,31.5,32.98,31.49,31.83,226915.41,730211.828
603065.SH,20250716,9.15,9.35,9.13,9.32,47816.0,44317.996
603066.SH,20250716,12.0,12.2,11.95,12.19,60259.0,73229.682
603067.SH,20250716,14.03,14.09,13.83,14.07,120554.95,168616.434
603068.SH,20250716,33.3,34.06,33.29,33.45,38212.12,128688.065
603069.SH,20250716,20.55,21.37,20.35,20.81,98265.0,205188.097
603070.SH,20250716,13.62,13.78,13.55,13.66,19858.0,27129.322
603071.SH,20250716,13.12,13.22,13.04,13.09,15928.0,20843.85
603072.SH,20250716,53.03,53.64,52.58,53.3,53691.24,284563.345
603073.SH,20250716,17.35,17.89,17.26,17.6,20474.0,35998.535
603075.SH,20250716,21.07,21.47,20.99,21.08,32070.24,67821.678
603076.SH,20250716,29.39,29.98,29.1,29.6,36796.39,108870.643
603077.SH,20250716,1.77,1.78,1.76,1.76,703270.75,124144.236
603078.SH,20250716,18.26,18.39,18.09,18.12,86165.13,157158.628
603079.SH,20250716,17.45,17.98,17.23,17.54,47148.0,83036.638
603080.SH,20250716,17.43,17.64,17.43,17.61,20169.0,35457.033
603081.SH,20250716,13.22,14.38,12.93,13.68,680076.88,920560.889
603082.SH,20250716,38.27,38.82,38.27,38.66,19998.08,77270.108
603083.SH,20250716,49.47,49.9,47.64,47.8,405823.1,1978023.356
603085.SH,20250716,11.18,11.53,11.12,11.4,85720.8,97680.47
603086.SH,20250716,10.17,10.36,10.04,10.23,291836.17,297633.873
603087.SH,20250716,57.02,58.27,57.01,57.36,118966.95,683724.563
603088.SH,20250716,8.92,9.1,8.9,9.05,80169.67,72449.221
603089.SH,20250716,14.22,15.47,14.08,15.06,191412.51,284811.122
603090.SH,20250716,24.6,27.04,24.54,27.04,76764.12,200958.031
603091.SH,20250716,64.5,65.2,63.23,63.55,7786.12,49780.613
603093.SH,20250716,24.08,26.08,23.3,26.08,531402.52,1306035.814
603095.SH,20250716,15.5,15.8,15.48,15.69,23590.12,37065.892
603096.SH,20250716,18.42,18.62,18.39,18.53,23261.2,43026.188
603097.SH,20250716,21.77,21.87,21.68,21.84,10451.02,22778.417
603098.SH,20250716,10.51,10.52,10.38,10.44,45712.95,47728.96
603099.SH,20250716,36.36,37.37,36.36,37.21,59157.82,219429.599
603100.SH,20250716,20.09,20.12,20.01,20.06,30009.5,60190.231
603101.SH,20250716,7.82,7.9,7.74,7.86,69445.36,54372.888
603102.SH,20250716,45.0,45.6,44.33,45.49,26669.0,120218.541
603103.SH,20250716,16.57,18.14,16.57,18.14,128734.65,230127.797
603105.SH,20250716,8.41,8.44,8.35,8.39,45284.0,38003.183
603106.SH,20250716,10.5,10.62,10.37,10.5,224410.56,235093.46
603107.SH,20250716,15.72,15.93,15.67,15.9,39550.2,62573.622
603108.SH,20250716,17.44,18.93,17.43,18.29,600107.45,1103649.378
603109.SH,20250716,28.82,30.28,28.49,29.19,322242.3,943132.032
603110.SH,20250716,15.65,16.08,15.6,15.71,57699.99,91354.374
603111.SH,20250716,6.69,6.75,6.67,6.75,68307.31,45896.944
603112.SH,20250716,18.48,18.81,18.11,18.8,145441.28,269083.947
603113.SH,20250716,6.78,6.81,6.73,6.75,119227.68,80634.723
603115.SH,20250716,14.79,16.23,14.7,16.23,67102.31,106842.214
603116.SH,20250716,6.04,6.16,5.99,6.12,77060.0,46919.851
603117.SH,20250716,5.85,6.03,5.81,6.0,93303.4,55576.984
603118.SH,20250716,11.17,11.49,11.14,11.16,377642.49,426931.601
603119.SH,20250716,46.92,49.7,46.92,49.7,297168.51,1445101.626
603120.SH,20250716,39.72,40.05,39.72,39.96,11078.78,44248.491
603121.SH,20250716,22.28,22.28,21.83,21.86,57194.72,126057.069
603122.SH,20250716,7.0,7.06,6.93,7.05,50070.59,35151.081
603123.SH,20250716,14.01,14.45,13.71,14.25,518172.36,731905.143
603124.SH,20250716,54.4,54.52,50.55,50.74,82995.89,428745.742
603125.SH,20250716,16.5,16.84,16.43,16.73,53747.0,89514.64
603126.SH,20250716,6.45,6.49,6.36,6.41,255053.0,163589.183
603127.SH,20250716,25.35,25.81,25.11,25.3,185676.56,471377.482
603128.SH,20250716,6.12,6.23,6.1,6.19,245181.55,151272.878
603129.SH,20250716,240.2,241.88,230.31,230.32,17368.24,406478.637
603130.SH,20250716,35.21,35.89,34.64,34.79,49978.84,176231.789
603131.SH,20250716,17.19,17.39,17.18,17.33,49273.8,85285.744
603132.SH,20250716,12.75,12.75,12.58,12.62,35560.0,44958.363
603135.SH,20250716,9.71,9.85,9.68,9.82,35650.6,34923.067
603136.SH,20250716,12.83,12.95,12.71,12.77,77931.65,99995.824
603137.SH,20250716,15.19,15.32,15.12,15.32,38569.6,58744.191
603138.SH,20250716,15.2,15.36,15.04,15.15,58270.61,88410.583
603139.SH,20250716,22.13,22.44,21.96,22.39,17806.0,39558.553
603150.SH,20250716,32.83,33.11,32.83,33.06,16463.0,54282.018
603151.SH,20250716,22.16,22.5,21.8,22.02,22641.0,49821.549
603153.SH,20250716,18.1,18.39,17.8,17.93,74852.39,134633.643
603155.SH,20250716,15.96,16.09,15.66,15.86,96526.41,152346.651
603156.SH,20250716,21.26,21.47,21.17,21.36,24620.25,52561.888
603158.SH,20250716,8.19,8.29,8.18,8.29,102137.96,84301.468
603159.SH,20250716,17.12,17.17,16.72,16.84,31801.93,53627.337
603160.SH,20250716,70.95,71.79,70.5,70.96,40069.12,284851.347
603161.SH,20250716,12.42,12.48,12.34,12.38,36299.7,45074.037
603162.SH,20250716,8.49,8.58,8.48,8.58,91940.99,78618.267
603163.SH,20250716,29.49,29.49,29.1,29.23,10913.5,31981.724
603165.SH,20250716,11.62,11.73,11.61,11.7,20450.0,23895.964
603166.SH,20250716,15.7,17.26,15.69,17.26,603763.94,1009733.925
603167.SH,20250716,10.91,11.01,10.85,10.98,36262.91,39651.603
603168.SH,20250716,7.95,8.1,7.92,8.08,104096.34,83600.242
603169.SH,20250716,7.75,7.77,7.68,7.73,186785.0,144348.786
603170.SH,20250716,12.16,12.22,12.1,12.17,28618.0,34802.677
603171.SH,20250716,43.49,46.8,43.11,45.65,99972.06,451832.445
603172.SH,20250716,16.3,16.42,16.15,16.37,16359.37,26716.078
603173.SH,20250716,41.2,42.9,41.17,42.15,58248.47,245719.726
603176.SH,20250716,7.45,7.45,6.22,6.37,893728.15,587084.086
603177.SH,20250716,9.22,9.31,9.18,9.29,25473.0,23621.992
603178.SH,20250716,18.26,18.75,18.19,18.58,40993.0,76032.974
603179.SH,20250716,44.3,45.1,44.2,44.84,40360.08,180678.612
603180.SH,20250716,19.58,19.76,19.36,19.57,20224.4,39637.958
603181.SH,20250716,13.4,13.49,13.23,13.32,108334.8,144558.582
603182.SH,20250716,14.01,14.43,13.9,14.26,31416.0,44537.012
603183.SH,20250716,4.43,4.49,4.35,4.37,128483.41,56598.999
603185.SH,20250716,18.08,18.22,17.76,18.04,186421.97,334371.545
603186.SH,20250716,30.95,31.86,30.7,30.94,92182.1,287574.382
603187.SH,20250716,11.99,12.08,11.92,12.07,54821.97,65785.482
603188.SH,20250716,4.25,4.3,4.23,4.27,111351.0,47550.047
603189.SH,20250716,17.87,18.08,17.77,18.05,79821.0,143466.539
603190.SH,20250716,23.11,23.49,23.01,23.42,21889.0,51099.82
603191.SH,20250716,13.53,13.75,13.49,13.56,55581.0,75591.009
603192.SH,20250716,20.36,20.83,20.31,20.72,28880.4,59559.0
603193.SH,20250716,28.5,28.85,28.29,28.68,38337.0,109612.014
603194.SH,20250716,40.05,40.77,39.59,40.65,28253.11,114346.007
603195.SH,20250716,46.88,47.2,46.81,47.05,30523.69,143698.967
603196.SH,20250716,17.45,17.72,17.23,17.3,46493.0,80865.518
603197.SH,20250716,38.89,39.38,38.65,38.94,38191.98,148948.116
603198.SH,20250716,38.9,39.71,38.88,39.47,63079.63,248335.799
603199.SH,20250716,35.07,35.64,35.07,35.45,14064.2,49879.553
603200.SH,20250716,53.71,55.55,52.5,53.53,96141.12,517396.95
603201.SH,20250716,15.82,16.48,15.72,16.28,61546.91,99374.537
603202.SH,20250716,102.97,103.98,102.56,103.5,26050.2,269195.955
603203.SH,20250716,24.94,25.4,24.85,25.1,26034.5,65548.429
603205.SH,20250716,29.3,29.55,29.28,29.44,11365.78,33462.13
603206.SH,20250716,17.44,17.78,17.3,17.39,80628.0,141397.946
603207.SH,20250716,32.78,33.09,32.36,32.67,33519.85,109681.316
603208.SH,20250716,16.27,16.5,15.93,16.38,33266.59,54011.618
603209.SH,20250716,15.03,15.22,15.0,15.17,42915.74,64973.58
603210.SH,20250716,20.59,20.87,20.54,20.75,38906.18,80712.27
603211.SH,20250716,18.22,18.69,18.06,18.64,105303.0,195048.666
603212.SH,20250716,11.59,11.65,11.44,11.58,161883.71,186648.095
603213.SH,20250716,12.27,12.98,12.18,12.79,101006.0,128019.228
603214.SH,20250716,18.48,18.71,18.48,18.66,28958.8,54013.467
603215.SH,20250716,18.32,18.4,18.22,18.28,39468.0,72248.925
603216.SH,20250716,12.44,12.54,12.38,12.45,15785.0,19655.814
603217.SH,20250716,18.1,18.4,18.1,18.29,19605.4,35799.596
603218.SH,20250716,12.32,12.36,12.2,12.35,93769.49,115144.132
603219.SH,20250716,14.92,15.07,14.85,15.02,22653.0,33981.009
603220.SH,20250716,22.83,23.28,22.37,22.79,198103.99,453235.402
603221.SH,20250716,11.22,11.29,11.07,11.22,56542.0,63324.235
603222.SH,20250716,6.8,6.95,6.73,6.84,203185.4,138923.229
603223.SH,20250716,10.79,11.0,10.79,10.95,68187.0,74440.25
603225.SH,20250716,11.15,11.27,11.05,11.16,65952.0,73780.159
603226.SH,20250716,12.58,13.1,12.5,12.67,42079.14,53860.7
603227.SH,20250716,8.21,8.26,8.19,8.22,61847.87,50855.939
603228.SH,20250716,51.51,51.71,49.34,49.53,273255.17,1370733.894
603229.SH,20250716,9.25,9.42,9.22,9.41,139047.45,129792.545
603230.SH,20250716,12.91,13.03,12.88,12.96,25511.0,33047.135
603231.SH,20250716,17.0,17.28,16.9,17.09,25880.67,44165.493
603232.SH,20250716,16.95,17.15,16.71,16.81,129297.6,218143.157
603233.SH,20250716,17.06,17.39,17.06,17.31,31031.72,53542.096
603235.SH,20250716,28.3,28.84,28.12,28.7,15862.02,45279.918
603236.SH,20250716,82.83,84.65,82.45,82.78,75966.33,633703.907
603237.SH,20250716,16.88,17.04,16.81,17.02,21396.29,36357.108
603238.SH,20250716,17.2,17.54,17.14,17.46,18097.35,31536.23
603239.SH,20250716,16.4,16.45,16.18,16.21,57201.0,93217.533
603255.SH,20250716,29.28,30.25,28.81,30.21,21092.0,62298.305
603256.SH,20250716,20.6,20.92,20.1,20.3,296540.0,607901.28
603257.SH,20250716,52.0,52.99,51.61,51.86,26241.24,136277.133
603258.SH,20250716,22.78,23.22,22.58,22.86,58130.0,133213.154
603259.SH,20250716,79.66,80.47,78.38,78.81,316247.68,2500287.02
603260.SH,20250716,48.49,48.71,48.0,48.71,75298.48,363456.478
603261.SH,20250716,20.58,20.68,20.3,20.4,8227.0,16831.568
603266.SH,20250716,18.65,20.35,18.47,20.35,211684.92,415581.448
603267.SH,20250716,51.89,52.38,51.38,51.73,57872.74,299452.668
603268.SH,20250716,49.01,50.26,47.31,47.7,39818.6,194457.382
603269.SH,20250716,9.44,9.64,9.4,9.49,83559.39,79390.999
603270.SH,20250716,25.62,26.04,25.48,25.92,45765.75,118360.954
603271.SH,20250716,36.38,36.56,36.3,36.47,14132.1,51465.216
603272.SH,20250716,17.17,17.45,17.08,17.4,13395.88,23169.68
603273.SH,20250716,17.95,18.12,17.84,17.92,25925.0,46570.658
603275.SH,20250716,50.83,55.97,50.0,55.79,64123.36,343791.739
603276.SH,20250716,16.25,16.67,16.05,16.5,16997.0,27830.244
603277.SH,20250716,16.31,16.35,16.13,16.24,11498.95,18636.122
603278.SH,20250716,9.52,9.77,9.43,9.72,214436.4,207385.476
603279.SH,20250716,15.25,15.32,15.16,15.27,25197.22,38421.494
603280.SH,20250716,25.85,25.92,25.54,25.82,21814.0,56262.698
603281.SH,20250716,24.0,24.16,23.66,24.02,30553.2,73211.028
603282.SH,20250716,17.22,17.48,17.19,17.36,9375.0,16231.944
603283.SH,20250716,32.66,33.98,32.5,33.49,123974.0,413939.199
603285.SH,20250716,23.42,23.86,23.35,23.73,24750.0,58623.418
603286.SH,20250716,28.31,30.18,28.2,29.65,95797.0,282529.483
603288.SH,20250716,38.39,38.57,38.31,38.38,95604.41,367018.066
603289.SH,20250716,9.6,9.86,9.55,9.73,66712.0,64776.981
603290.SH,20250716,81.79,83.21,81.6,82.31,21597.0,178249.1
603291.SH,20250716,11.96,12.2,11.77,11.77,62636.99,74613.981
603296.SH,20250716,91.08,91.31,88.88,89.17,120453.46,1080214.642
603297.SH,20250716,87.8,88.58,86.4,86.81,12082.54,105544.894
603298.SH,20250716,22.2,22.93,22.17,22.75,137132.55,309148.101
603299.SH,20250716,9.69,9.7,9.61,9.66,37944.0,36626.134
603300.SH,20250716,11.49,11.88,11.08,11.12,3697111.68,4219346.434
603301.SH,20250716,20.72,21.03,20.7,21.0,14965.95,31329.47
603303.SH,20250716,12.37,12.66,12.3,12.42,13445.2,16704.344
603305.SH,20250716,13.35,13.86,13.2,13.64,391033.07,532951.981
603306.SH,20250716,42.17,43.25,41.9,42.17,69196.0,295202.312
603307.SH,20250716,37.98,38.46,37.81,38.42,7799.0,29786.074
603308.SH,20250716,24.9,25.38,24.76,25.08,62687.95,156863.296
603309.SH,20250716,13.1,13.45,13.1,13.44,40358.56,53764.91
603310.SH,20250716,18.4,18.43,18.27,18.32,10939.62,20089.808
603311.SH,20250716,11.09,11.56,11.05,11.43,62141.01,70220.884
603312.SH,20250716,38.24,38.53,37.83,38.05,11154.05,42556.478
603313.SH,20250716,8.94,9.06,8.67,8.69,173139.27,152633.893
603315.SH,20250716,12.53,13.21,12.53,12.8,122535.0,156813.285
603316.SH,20250716,8.91,8.94,8.83,8.89,121252.0,107663.316
603317.SH,20250716,11.25,11.41,11.21,11.38,44710.86,50724.568
603318.SH,20250716,6.63,6.71,6.62,6.63,68626.0,45717.583
603319.SH,20250716,25.4,26.49,25.2,26.28,217766.63,565578.61
603320.SH,20250716,18.85,18.99,18.7,18.89,30166.9,56892.828
603321.SH,20250716,8.06,8.83,8.04,8.83,54819.0,47725.236
603322.SH,20250716,38.35,39.44,38.1,38.72,69847.26,271059.438
603323.SH,20250716,5.63,5.66,5.52,5.58,398069.23,221395.254
603324.SH,20250716,26.62,26.79,26.15,26.19,28682.9,75639.229
603325.SH,20250716,104.8,106.22,104.0,105.0,16057.7,168721.038
603326.SH,20250716,8.69,8.85,8.68,8.85,56387.0,49500.261
603327.SH,20250716,9.51,9.53,9.42,9.49,77649.99,73661.238
603328.SH,20250716,10.09,10.13,9.98,10.09,201402.18,202321.258
603329.SH,20250716,11.61,11.92,11.56,11.82,79364.64,93134.31
603330.SH,20250716,6.83,6.86,6.75,6.78,80537.0,54833.88
603331.SH,20250716,10.4,10.86,10.4,10.6,61044.0,64757.304
603332.SH,20250716,14.7,15.08,14.62,14.88,94650.29,141137.704
603333.SH,20250716,7.93,7.99,7.86,7.98,104182.0,82764.233
603335.SH,20250716,4.97,5.16,4.95,5.15,165386.9,84049.904
603336.SH,20250716,6.71,7.01,6.65,6.88,391088.71,268253.049
603337.SH,20250716,36.55,39.38,35.88,38.37,120043.94,454882.116
603338.SH,20250716,47.84,49.5,47.84,48.49,75773.0,368688.157
603339.SH,20250716,12.48,12.6,12.41,12.57,34046.44,42703.065
603341.SH,20250716,38.82,39.23,38.61,38.89,34125.02,132986.815
603344.SH,20250716,25.47,25.93,25.38,25.74,40085.92,103044.117
603345.SH,20250716,75.0,75.11,74.45,74.57,28453.12,212680.874
603348.SH,20250716,20.83,21.17,20.8,21.03,39673.27,83453.884
603350.SH,20250716,40.06,41.33,39.01,40.34,67617.67,271034.514
603351.SH,20250716,30.39,30.77,29.95,30.76,24863.2,75953.298
603353.SH,20250716,16.18,16.38,16.14,16.32,23846.7,38889.193
603355.SH,20250716,23.22,23.47,23.09,23.27,21195.4,49270.339
603356.SH,20250716,14.1,14.57,14.02,14.55,33668.0,48390.1
603357.SH,20250716,8.62,8.68,8.6,8.63,42054.2,36332.126
603358.SH,20250716,37.11,38.38,36.97,38.36,51782.81,196826.945
603359.SH,20250716,6.98,7.1,6.86,6.88,305828.6,212727.36
603360.SH,20250716,20.1,20.43,19.86,20.4,85929.28,173741.166
603363.SH,20250716,3.71,3.74,3.69,3.74,164607.23,61127.356
603365.SH,20250716,17.8,17.97,17.71,17.82,7577.0,13532.938
603366.SH,20250716,9.82,9.92,9.78,9.82,87786.01,86488.978
603367.SH,20250716,15.75,15.84,15.46,15.82,102972.74,161418.302
603368.SH,20250716,17.14,17.25,17.12,17.23,45696.2,78510.538
603369.SH,20250716,38.7,39.47,38.7,39.17,108241.11,424488.067
603373.SH,20250716,44.66,48.5,44.5,46.41,42787.87,200279.361
603375.SH,20250716,37.46,38.42,37.46,37.78,22209.12,84148.685
603378.SH,20250716,6.22,6.24,6.06,6.08,80587.49,49421.608
603379.SH,20250716,46.83,47.48,46.6,47.18,39167.85,184331.938
603380.SH,20250716,30.0,30.11,28.71,28.73,78763.0,228375.342
603381.SH,20250716,21.34,21.41,21.23,21.34,10653.0,22749.844
603382.SH,20250716,31.09,31.4,30.93,31.38,26308.19,82124.678
603383.SH,20250716,42.5,42.65,41.68,41.99,62419.79,262401.322
603385.SH,20250716,6.74,6.96,6.74,6.94,45351.51,31220.455
603386.SH,20250716,13.4,13.4,13.13,13.22,50286.8,66483.259
603387.SH,20250716,8.26,8.4,8.22,8.38,68556.78,57044.623
603388.SH,20250716,2.22,2.46,2.22,2.41,458254.6,105476.649
603390.SH,20250716,14.11,14.39,14.04,14.3,195780.0,278224.334
603391.SH,20250716,39.56,39.98,39.41,39.97,8228.13,32730.359
603392.SH,20250716,58.9,59.55,58.75,59.5,31042.44,183970.178
603393.SH,20250716,28.54,28.67,28.5,28.61,17476.2,50001.446
603395.SH,20250716,33.69,34.02,33.64,33.81,14504.96,49095.954
603396.SH,20250716,26.68,26.96,26.47,26.95,25717.0,68780.514
603398.SH,20250716,4.97,5.11,4.94,5.1,267241.73,134678.595
603399.SH,20250716,9.97,9.97,9.52,9.53,582521.7,566694.475
603400.SH,20250716,51.11,52.25,51.11,52.06,19340.49,100355.784
603408.SH,20250716,11.31,11.37,11.29,11.37,14498.0,16436.829
603409.SH,20250716,34.5,34.5,34.09,34.35,9541.99,32774.083
603416.SH,20250716,60.0,61.45,58.85,58.93,32135.0,192225.876
603421.SH,20250716,6.94,6.96,6.8,6.84,96014.4,65994.011
603429.SH,20250716,9.98,10.38,9.96,10.0,113656.8,115190.432
603439.SH,20250716,12.64,12.75,12.51,12.66,162562.99,205770.43
603444.SH,20250716,314.28,317.38,308.14,311.96,12841.0,400932.186
603456.SH,20250716,16.37,16.45,16.13,16.32,189114.04,308148.711
603458.SH,20250716,8.5,8.52,8.3,8.39,98068.72,82113.671
603466.SH,20250716,10.07,10.28,10.05,10.13,112491.85,114389.664
603477.SH,20250716,20.17,20.3,20.05,20.23,100860.06,203569.836
603486.SH,20250716,70.61,71.5,68.36,69.72,173250.52,1203963.993
603488.SH,20250716,8.9,8.95,8.61,8.72,163943.14,143208.24
603489.SH,20250716,27.22,27.75,27.14,27.63,25717.56,70758.369
603496.SH,20250716,25.5,25.74,25.18,25.3,115840.4,295396.856
603499.SH,20250716,16.36,16.46,16.2,16.28,55667.81,90841.292
603500.SH,20250716,9.27,9.5,9.27,9.41,80754.14,75928.848
603501.SH,20250716,123.03,124.88,122.4,122.78,110516.03,1364609.791
603505.SH,20250716,15.59,15.8,15.43,15.73,54297.08,84940.267
603506.SH,20250716,13.09,13.44,12.9,13.16,73865.66,97236.597
603507.SH,20250716,24.21,25.3,24.06,25.26,187531.52,465386.768
603508.SH,20250716,29.1,29.52,28.89,29.4,49424.49,144628.583
603511.SH,20250716,17.18,17.35,16.78,16.93,44408.54,75652.169
603515.SH,20250716,18.2,18.25,17.95,18.18,16189.49,29309.626
603516.SH,20250716,39.45,43.15,38.91,42.19,199621.0,830092.309
603517.SH,20250716,15.19,15.29,15.17,15.29,47110.29,71793.892
603518.SH,20250716,9.55,9.78,9.55,9.7,143770.0,139126.214
603519.SH,20250716,12.52,12.54,12.42,12.5,22468.0,28049.201
603520.SH,20250716,10.1,10.25,10.08,10.22,72468.36,73857.375
603527.SH,20250716,10.99,11.06,10.87,10.93,77757.0,85158.178
603528.SH,20250716,8.08,8.1,7.98,8.04,89270.0,71735.171
603529.SH,20250716,36.1,36.1,35.53,35.56,54482.56,194670.782
603530.SH,20250716,26.76,26.97,26.58,26.69,13939.0,37242.202
603533.SH,20250716,19.99,22.11,19.99,21.39,574014.06,1243496.512
603535.SH,20250716,12.01,12.05,11.85,11.88,72535.64,86599.188
603536.SH,20250716,9.1,9.21,9.06,9.18,46661.4,42775.312
603538.SH,20250716,23.18,25.29,22.38,24.85,455544.48,1086035.217
603551.SH,20250716,11.28,11.42,11.25,11.3,14767.0,16702.768
603556.SH,20250716,25.74,26.07,25.71,25.91,33677.62,87357.179
603557.SH,20250716,2.82,2.92,2.82,2.82,589484.98,167264.709
603558.SH,20250716,9.36,9.45,9.29,9.43,24738.0,23280.331
603559.SH,20250716,9.6,9.6,9.45,9.56,8152.0,7769.809
603565.SH,20250716,10.06,10.1,9.95,10.01,129660.37,129812.439
603566.SH,20250716,14.34,14.85,14.26,14.79,88247.0,128976.603
603567.SH,20250716,11.16,11.2,11.04,11.13,46952.51,52198.109
603568.SH,20250716,19.0,19.05,18.85,18.91,46076.97,87233.166
603569.SH,20250716,7.65,7.77,7.63,7.77,80036.64,61830.355
603577.SH,20250716,9.2,9.29,9.17,9.28,63301.8,58492.54
603578.SH,20250716,13.32,13.58,13.3,13.49,24949.3,33641.189
603579.SH,20250716,27.26,29.0,26.7,28.83,115885.09,326069.84
603580.SH,20250716,14.9,15.0,14.88,14.98,13663.0,20406.751
603583.SH,20250716,35.55,36.56,35.49,36.28,135861.27,490630.086
603585.SH,20250716,20.06,20.75,19.6,20.38,92124.24,186111.932
603586.SH,20250716,18.2,18.83,18.09,18.56,69072.0,127923.34
603587.SH,20250716,12.32,12.45,12.31,12.37,31293.6,38798.082
603588.SH,20250716,6.03,6.05,5.92,5.97,287041.48,171737.512
603589.SH,20250716,33.34,33.7,33.34,33.58,30508.54,102313.609
603590.SH,20250716,49.6,50.0,47.3,49.49,111254.58,542175.895
603595.SH,20250716,19.04,19.31,18.96,19.06,28670.22,54672.052
603596.SH,20250716,50.0,51.61,49.88,51.07,125112.8,638189.241
603598.SH,20250716,17.77,18.4,17.72,18.21,205386.2,373431.298
603599.SH,20250716,10.82,10.89,10.79,10.86,50848.38,55081.934
603600.SH,20250716,10.75,10.94,10.7,10.88,30754.0,33373.793
603601.SH,20250716,4.68,4.71,4.61,4.63,464203.8,215382.043
603602.SH,20250716,15.24,15.5,15.24,15.37,53292.16,82029.631
603605.SH,20250716,81.15,81.95,81.06,81.37,36880.89,300448.732
603606.SH,20250716,49.2,49.38,48.8,49.24,45549.59,223491.62
603607.SH,20250716,24.6,25.08,24.17,24.39,160039.32,393233.272
603608.SH,20250716,5.73,5.81,5.6,5.78,116130.21,66418.061
603609.SH,20250716,8.42,8.57,8.42,8.55,34748.11,29564.852
603610.SH,20250716,12.2,12.45,12.11,12.44,72346.11,89465.09
603611.SH,20250716,22.89,23.94,22.73,23.67,126667.4,298236.763
603612.SH,20250716,18.92,19.39,18.75,18.84,259081.71,493001.546
603613.SH,20250716,23.73,23.74,23.18,23.3,95838.0,224859.819
603615.SH,20250716,23.9,24.2,23.56,24.04,17488.0,41938.048
603616.SH,20250716,4.59,4.64,4.54,4.56,195075.0,89292.403
603617.SH,20250716,7.35,8.04,7.34,8.04,760749.98,600758.544
603618.SH,20250716,6.71,7.13,6.64,6.93,583939.75,404013.031
603619.SH,20250716,19.19,19.91,19.14,19.26,131810.1,255638.145
603626.SH,20250716,8.16,8.31,8.12,8.24,162433.19,133799.815
603628.SH,20250716,14.36,14.5,13.54,14.05,412112.38,571126.946
603629.SH,20250716,24.69,25.8,24.32,25.5,319999.68,807889.643
603630.SH,20250716,19.61,19.95,19.56,19.85,40050.6,79374.44
603633.SH,20250716,8.8,8.85,8.7,8.78,53754.46,47186.566
603636.SH,20250716,13.1,13.68,12.95,13.62,478436.69,643458.874
603637.SH,20250716,10.95,11.5,10.8,11.27,108370.82,121317.093
603638.SH,20250716,17.58,17.8,17.57,17.72,42213.7,74734.599
603639.SH,20250716,14.22,14.27,14.08,14.25,22905.07,32501.649
603648.SH,20250716,10.86,11.05,10.8,11.02,51495.0,56433.072
603650.SH,20250716,31.62,32.05,31.58,31.77,38315.73,122198.094
603655.SH,20250716,30.1,30.89,29.62,29.8,28918.0,86893.753
603656.SH,20250716,18.71,19.15,18.7,18.97,41593.0,78954.766
603657.SH,20250716,31.5,32.2,31.28,31.65,38600.0,122471.698
603658.SH,20250716,37.6,38.1,37.57,37.99,27237.35,103125.908
603659.SH,20250716,17.82,18.11,17.75,17.85,158382.04,283676.224
603660.SH,20250716,7.06,7.14,7.03,7.08,116459.04,82483.984
603661.SH,20250716,29.5,29.95,29.43,29.7,9845.39,29229.804
603662.SH,20250716,64.05,65.76,63.79,64.83,93474.92,606962.615
603663.SH,20250716,24.63,24.85,24.56,24.71,50457.88,124665.322
603665.SH,20250716,24.27,25.19,24.26,24.99,22113.48,54835.478
603666.SH,20250716,32.93,34.45,32.8,34.2,94982.91,321158.187
603667.SH,20250716,34.57,36.06,34.33,35.7,314366.6,1113506.419
603668.SH,20250716,13.02,13.14,13.0,13.05,36349.22,47496.589
603669.SH,20250716,5.73,5.89,5.71,5.83,169574.46,98696.339
603676.SH,20250716,12.12,12.29,12.0,12.19,106795.0,129976.201
603677.SH,20250716,20.2,20.55,20.17,20.26,41905.0,85232.775
603678.SH,20250716,36.9,37.32,35.99,36.1,95403.29,348114.358
603679.SH,20250716,14.27,14.71,14.1,14.56,92999.99,135005.444
603680.SH,20250716,13.3,13.74,12.66,12.74,308823.66,403074.421
603681.SH,20250716,14.35,14.68,14.35,14.62,41054.0,59755.762
603682.SH,20250716,6.0,6.1,6.0,6.02,92346.0,55775.851
603683.SH,20250716,17.62,18.48,17.31,18.0,118310.87,212604.033
603685.SH,20250716,13.53,14.3,13.53,14.22,68872.7,96389.565
603686.SH,20250716,16.47,16.88,16.32,16.39,463387.6,769486.279
603687.SH,20250716,7.66,7.84,7.62,7.8,122367.0,94625.417
603688.SH,20250716,33.35,33.51,33.11,33.28,95366.25,317675.133
603689.SH,20250716,8.58,8.63,8.56,8.62,21936.91,18855.941
603690.SH,20250716,24.38,24.69,24.35,24.49,61984.4,152059.263
603693.SH,20250716,13.87,13.98,13.81,13.89,82230.5,114351.233
603696.SH,20250716,10.88,11.03,10.82,10.98,76531.43,83799.811
603697.SH,20250716,13.2,13.29,12.61,12.64,102664.2,131741.406
603698.SH,20250716,16.66,16.66,16.4,16.48,51451.9,84989.434
603699.SH,20250716,29.67,30.1,29.1,30.01,68996.29,203827.578
603700.SH,20250716,12.17,12.37,12.12,12.33,43409.0,53216.035
603701.SH,20250716,17.86,18.11,17.73,17.96,28608.3,51188.817
603703.SH,20250716,10.47,10.6,10.42,10.48,67053.21,70506.461
603706.SH,20250716,20.16,20.3,20.08,20.19,16854.0,34020.14
603707.SH,20250716,10.79,11.18,10.78,11.18,241349.74,266901.035
603708.SH,20250716,10.14,10.31,10.14,10.25,40091.64,41124.54
603709.SH,20250716,13.33,13.45,13.24,13.36,14173.48,18946.779
603711.SH,20250716,13.56,13.74,13.52,13.6,20860.0,28400.225
603712.SH,20250716,19.9,20.1,19.83,19.95,64555.0,129015.135
603713.SH,20250716,52.56,53.65,52.56,53.56,12751.88,67750.875
603716.SH,20250716,20.91,23.13,20.2,21.67,608075.41,1306058.617
603717.SH,20250716,7.38,7.45,7.38,7.45,62173.98,46183.225
603718.SH,20250716,7.38,7.57,7.36,7.56,79739.0,59693.039
603721.SH,20250716,19.1,19.11,18.92,18.99,14456.0,27495.692
603722.SH,20250716,40.73,41.28,40.13,40.39,13783.0,56078.733
603725.SH,20250716,8.7,8.79,8.6,8.68,43448.18,37683.351
603726.SH,20250716,17.68,18.08,17.67,17.82,78093.0,139440.127
603727.SH,20250716,14.1,14.35,14.1,14.28,23176.0,33061.655
603728.SH,20250716,57.36,59.26,57.06,58.89,143799.93,838482.474
603729.SH,20250716,16.67,17.22,16.67,17.04,43863.0,74738.224
603730.SH,20250716,5.67,5.8,5.66,5.75,128739.52,73796.029
603733.SH,20250716,20.5,20.63,20.35,20.42,14961.75,30629.105
603737.SH,20250716,38.89,39.45,37.79,37.83,53302.38,204121.038
603738.SH,20250716,14.19,14.32,14.09,14.14,54556.07,77510.698
603739.SH,20250716,13.55,13.79,13.52,13.76,48921.0,67017.931
603755.SH,20250716,26.01,26.56,26.01,26.53,10596.0,27899.069
603757.SH,20250716,23.26,23.26,22.95,23.17,15007.0,34667.273
603758.SH,20250716,13.7,14.83,13.64,14.14,194247.5,277352.274
603759.SH,20250716,8.55,8.7,8.5,8.59,46747.56,40201.138
603766.SH,20250716,13.54,13.54,13.21,13.24,149783.88,199230.414
603767.SH,20250716,18.52,18.99,18.08,18.08,229240.0,422032.845
603768.SH,20250716,12.29,12.74,12.24,12.63,75478.37,94603.254
603773.SH,20250716,24.1,24.43,23.92,24.13,39283.18,94905.298
603776.SH,20250716,19.5,20.53,19.33,19.97,113342.06,224726.643
603777.SH,20250716,12.75,12.98,12.74,12.92,63178.6,81471.906
603778.SH,20250716,4.7,4.86,4.45,4.45,1568645.43,718503.384
603779.SH,20250716,7.37,7.56,7.37,7.53,96711.45,72485.801
603786.SH,20250716,55.5,56.33,55.08,55.46,15873.81,88600.575
603787.SH,20250716,12.55,12.65,12.45,12.61,48928.0,61556.77
603788.SH,20250716,16.06,16.25,16.01,16.2,48381.0,78111.991
603789.SH,20250716,5.28,5.4,5.26,5.4,40333.0,21604.956
603790.SH,20250716,17.83,18.66,17.78,18.32,49345.0,90380.762
603797.SH,20250716,4.61,4.68,4.58,4.67,77795.0,36094.729
603798.SH,20250716,11.0,12.1,10.95,12.1,165126.06,194870.322
603799.SH,20250716,37.02,37.35,36.85,37.03,197818.0,733899.691
603800.SH,20250716,27.0,27.38,26.5,26.67,43066.0,116099.26
603801.SH,20250716,10.23,10.26,10.17,10.24,90944.76,92905.969
603803.SH,20250716,8.52,8.66,8.46,8.6,136065.0,116983.203
603806.SH,20250716,13.31,13.36,13.2,13.29,159492.15,211896.093
603808.SH,20250716,8.18,8.33,8.16,8.25,37387.61,30882.17
603809.SH,20250716,14.99,16.28,14.81,16.28,870829.46,1374116.52
603810.SH,20250716,16.59,16.74,16.3,16.57,24499.52,40600.409
603811.SH,20250716,12.42,12.99,11.66,12.69,752752.9,931886.891
603813.SH,20250716,14.6,15.28,14.51,15.21,9969.0,14853.47
603815.SH,20250716,7.91,8.01,7.75,8.0,119650.0,94876.335
603816.SH,20250716,24.5,25.0,24.5,24.82,39118.8,97059.668
603817.SH,20250716,5.98,6.03,5.95,5.99,40449.97,24226.851
603818.SH,20250716,4.52,4.89,4.48,4.8,413625.64,195080.2
603819.SH,20250716,14.71,14.78,14.28,14.43,54222.0,78491.896
603822.SH,20250716,57.38,58.58,56.71,58.45,16976.9,98320.378
603823.SH,20250716,14.04,14.08,13.72,13.87,143276.37,198216.11
603825.SH,20250716,12.1,12.33,12.09,12.17,54387.0,66227.877
603826.SH,20250716,19.68,19.69,19.55,19.61,13542.4,26558.598
603828.SH,20250716,5.15,5.15,5.05,5.09,16840.79,8549.104
603829.SH,20250716,17.9,18.14,17.53,17.8,56002.18,99976.664
603833.SH,20250716,56.88,57.26,56.8,57.22,14045.55,80079.513
603836.SH,20250716,13.55,13.67,13.54,13.65,33936.0,46219.56
603838.SH,20250716,5.88,6.2,5.87,6.2,24286.22,14797.405
603839.SH,20250716,6.99,7.18,6.94,7.13,63130.0,44947.434
603843.SH,20250716,2.75,2.78,2.7,2.74,335147.2,91826.713
603848.SH,20250716,16.75,17.12,16.55,16.62,57008.72,95652.532
603855.SH,20250716,21.3,21.96,21.06,21.72,89044.38,191984.866
603856.SH,20250716,12.73,13.28,12.46,12.46,166492.9,212346.525
603858.SH,20250716,17.89,17.95,17.52,17.81,103521.65,183368.027
603859.SH,20250716,33.7,35.97,33.7,34.84,189647.51,665700.727
603860.SH,20250716,32.3,32.63,31.8,31.91,20095.0,64665.142
603861.SH,20250716,10.08,10.13,9.99,10.09,80239.13,80750.074
603863.SH,20250716,15.78,16.48,15.38,15.49,126641.0,198410.211
603866.SH,20250716,5.5,5.55,5.49,5.54,105407.71,58168.44
603867.SH,20250716,25.69,25.78,25.08,25.15,45182.0,114318.128
603868.SH,20250716,37.0,37.3,36.88,37.24,9706.0,36033.313
603869.SH,20250716,6.92,6.96,6.89,6.91,12791.03,8864.181
603871.SH,20250716,10.79,10.8,10.63,10.65,90794.36,97114.702
603876.SH,20250716,9.24,9.29,9.17,9.21,98785.24,91060.437
603877.SH,20250716,14.66,14.83,14.54,14.71,15915.0,23440.524
603878.SH,20250716,5.48,5.49,5.43,5.48,98254.2,53656.972
603879.SH,20250716,6.56,6.74,6.53,6.7,80783.0,53737.203
603880.SH,20250716,6.11,6.23,6.07,6.23,54686.69,33814.984
603881.SH,20250716,28.3,28.86,27.56,28.07,694568.92,1954292.549
603882.SH,20250716,28.83,29.7,28.73,29.1,114050.0,331782.885
603883.SH,20250716,18.9,19.0,18.8,18.83,148046.7,279738.26
603885.SH,20250716,12.53,12.64,12.51,12.57,112251.79,141283.103
603886.SH,20250716,12.51,12.77,12.51,12.74,23653.92,29934.53
603887.SH,20250716,17.47,17.7,17.28,17.32,195760.73,342521.774
603888.SH,20250716,24.18,24.5,24.09,24.34,49862.77,121374.876
603889.SH,20250716,5.85,5.93,5.83,5.93,61444.11,36279.451
603890.SH,20250716,12.33,12.44,12.16,12.3,187364.98,230253.734
603893.SH,20250716,156.1,157.5,153.5,153.81,69229.25,1076901.342
603895.SH,20250716,26.53,26.96,26.53,26.8,9436.8,25271.3
603896.SH,20250716,21.43,21.99,21.43,21.92,43152.96,93956.164
603897.SH,20250716,23.77,24.19,23.69,24.06,36060.44,86607.183
603898.SH,20250716,10.94,11.11,10.91,11.03,16243.0,17887.758
603899.SH,20250716,29.23,29.62,29.22,29.32,40294.89,118539.429
603900.SH,20250716,10.37,10.43,9.75,9.93,335709.4,334695.552
603901.SH,20250716,10.28,10.53,10.2,10.53,88728.5,92658.572
603903.SH,20250716,7.92,8.0,7.91,7.95,35541.16,28261.689
603906.SH,20250716,13.9,14.2,13.9,14.01,149706.88,210175.753
603908.SH,20250716,25.38,25.63,25.13,25.53,13668.4,34842.258
603909.SH,20250716,10.14,10.17,10.02,10.12,16478.64,16641.722
603912.SH,20250716,8.99,9.43,8.99,9.14,414391.33,382512.389
603915.SH,20250716,15.02,15.9,14.97,15.82,244254.95,379507.736
603916.SH,20250716,9.6,9.6,9.39,9.44,56109.0,53147.578
603917.SH,20250716,13.61,13.95,13.51,13.92,104246.0,143811.014
603918.SH,20250716,21.9,22.49,21.58,21.6,410774.47,898974.459
603919.SH,20250716,18.2,18.43,18.13,18.39,25891.0,47357.44
603920.SH,20250716,31.0,31.0,30.06,30.19,355191.59,1079321.275
603922.SH,20250716,19.01,19.5,18.8,19.3,70598.0,135780.453
603926.SH,20250716,11.46,12.38,11.32,11.91,87186.89,104015.625
603927.SH,20250716,20.0,20.08,19.81,19.93,92634.48,184784.68
603928.SH,20250716,15.79,15.88,15.68,15.78,73257.0,115713.833
603929.SH,20250716,36.05,36.52,36.0,36.17,11075.5,40081.047
603931.SH,20250716,25.59,25.76,25.25,25.34,23989.38,61081.03
603933.SH,20250716,16.3,16.39,16.18,16.29,26670.0,43467.664
603936.SH,20250716,9.64,9.89,9.3,9.78,597066.2,577972.711
603937.SH,20250716,10.01,10.13,9.98,10.1,32607.0,32823.525
603938.SH,20250716,14.87,14.97,14.75,14.95,50072.0,74404.558
603939.SH,20250716,23.31,23.95,23.31,23.9,63059.8,149870.336
603948.SH,20250716,22.09,22.09,21.59,21.86,25412.0,55410.987
603949.SH,20250716,18.37,18.85,18.29,18.66,42944.4,79999.463
603950.SH,20250716,23.8,25.81,23.73,25.81,122906.46,312036.981
603955.SH,20250716,35.09,36.5,34.5,34.76,117639.2,417892.009
603956.SH,20250716,7.08,7.28,7.05,7.11,331616.31,237528.408
603958.SH,20250716,16.94,16.94,16.7,16.85,26915.0,45415.578
603959.SH,20250716,5.61,5.74,5.42,5.46,310395.39,171880.194
603960.SH,20250716,18.89,19.49,18.8,19.44,127981.9,245959.707
603966.SH,20250716,9.33,9.55,9.27,9.48,107914.27,102036.647
603967.SH,20250716,11.19,11.33,11.17,11.29,32714.1,36882.414
603968.SH,20250716,11.76,11.82,11.71,11.77,19830.0,23340.095
603969.SH,20250716,7.44,7.59,7.34,7.52,235255.24,175859.041
603970.SH,20250716,13.88,14.04,13.86,14.02,31206.4,43605.813
603976.SH,20250716,19.36,19.48,19.2,19.45,18834.0,36469.915
603977.SH,20250716,11.97,12.2,11.96,12.05,69570.06,83979.368
603978.SH,20250716,16.9,16.9,16.51,16.83,50832.99,84790.599
603979.SH,20250716,46.43,46.5,45.38,46.44,50020.25,229786.263
603980.SH,20250716,5.47,6.02,5.44,5.79,1199843.8,709343.186
603982.SH,20250716,9.56,9.75,9.46,9.69,165610.89,159373.561
603983.SH,20250716,40.46,40.85,39.49,40.23,35685.0,143007.966
603985.SH,20250716,15.55,17.11,15.5,16.41,489840.2,817169.406
603986.SH,20250716,115.0,116.4,114.0,114.24,158742.83,1826208.291
603987.SH,20250716,7.97,8.03,7.92,8.02,62165.0,49639.327
603988.SH,20250716,23.66,24.2,23.51,23.86,43118.06,103330.019
603989.SH,20250716,15.75,15.83,15.63,15.68,32693.9,51364.562
603990.SH,20250716,16.39,16.54,16.21,16.3,113980.51,186224.102
603991.SH,20250716,71.48,72.0,69.95,70.58,17517.0,124294.441
603992.SH,20250716,20.83,21.4,20.66,21.01,18355.47,38758.688
603993.SH,20250716,8.14,8.2,8.09,8.11,1011483.04,822712.978
603995.SH,20250716,17.39,17.48,17.29,17.47,43555.57,75728.065
603997.SH,20250716,12.35,12.62,12.21,12.48,101404.34,126263.218
603998.SH,20250716,10.13,10.68,10.12,10.57,290780.0,303872.056
603999.SH,20250716,6.59,6.7,6.58,6.62,88434.0,58701.998
605001.SH,20250716,7.45,7.51,7.38,7.46,53549.2,39983.9
605003.SH,20250716,20.74,20.91,20.5,20.79,9832.6,20361.948
605005.SH,20250716,17.92,18.2,17.89,18.2,26983.0,48920.856
605006.SH,20250716,7.71,7.82,7.59,7.75,237576.6,183650.404
605007.SH,20250716,11.9,11.94,11.72,11.81,31296.0,37016.498
605009.SH,20250716,39.3,40.08,39.3,39.56,13430.4,53326.215
605011.SH,20250716,23.06,23.36,23.06,23.22,35739.0,82949.96
605016.SH,20250716,22.07,22.54,21.99,22.16,49759.78,110510.632
605018.SH,20250716,13.02,13.33,12.88,13.1,128373.0,167723.828
605020.SH,20250716,24.12,24.27,24.02,24.22,31669.09,76541.059
605028.SH,20250716,19.23,19.33,19.06,19.21,31285.25,60027.886
605033.SH,20250716,18.99,19.39,18.93,19.31,31420.0,60567.579
605050.SH,20250716,15.32,15.39,15.05,15.19,44992.0,68514.587
605055.SH,20250716,6.94,7.07,6.9,7.04,74591.1,52289.356
605056.SH,20250716,14.91,15.19,14.87,14.97,40520.62,60993.965
605058.SH,20250716,28.52,28.76,27.85,27.85,67896.5,191238.133
605060.SH,20250716,20.15,22.12,20.15,21.36,80887.0,171210.371
605066.SH,20250716,7.53,7.64,7.52,7.56,129158.23,97772.503
605068.SH,20250716,17.54,18.48,17.54,18.08,60049.87,108699.775
605069.SH,20250716,10.94,11.15,10.8,10.85,100494.2,109824.034
605077.SH,20250716,17.32,17.5,17.06,17.22,36936.07,63504.732
605080.SH,20250716,26.45,27.12,26.45,26.53,32025.01,85645.208
605081.SH,20250716,12.49,13.09,12.37,13.0,34888.85,45248.803
605086.SH,20250716,26.18,26.21,25.98,26.12,12347.0,32267.032
605088.SH,20250716,35.82,37.48,35.2,36.54,94333.03,344242.921
605089.SH,20250716,24.42,24.63,24.37,24.58,7571.44,18556.204
605090.SH,20250716,26.55,27.55,26.41,27.19,97027.56,262647.85
605098.SH,20250716,35.28,35.77,35.28,35.77,10049.41,35752.126
605099.SH,20250716,33.33,33.56,32.8,33.17,24187.87,80614.294
605100.SH,20250716,19.82,20.78,19.78,20.1,126400.96,257782.092
605108.SH,20250716,18.88,19.14,18.82,19.1,20492.28,39065.323
605111.SH,20250716,31.05,31.35,30.88,31.04,57131.71,177840.171
605116.SH,20250716,21.74,22.59,21.66,22.5,48735.0,107904.837
605117.SH,20250716,54.13,55.17,53.9,54.49,78655.69,427977.985
605118.SH,20250716,25.88,28.2,25.68,27.05,81920.0,221951.173
605122.SH,20250716,14.8,14.98,14.33,14.45,210601.96,307861.823
605123.SH,20250716,77.86,77.99,76.0,77.13,18554.24,143044.544
605128.SH,20250716,31.06,31.45,31.0,31.32,19681.22,61433.359
605133.SH,20250716,30.16,33.18,30.03,33.18,151999.66,491815.675
605136.SH,20250716,9.93,10.92,9.9,10.47,775747.87,824488.674
605138.SH,20250716,6.82,6.91,6.76,6.89,41652.05,28621.901
605151.SH,20250716,18.91,20.83,18.69,20.83,97903.0,196290.293
605155.SH,20250716,12.33,12.57,12.25,12.53,33769.57,42115.787
605158.SH,20250716,8.81,9.26,8.6,8.61,197885.26,174819.293
605162.SH,20250716,10.51,11.62,10.0,10.92,529972.27,562409.401
605166.SH,20250716,11.15,11.3,11.13,11.25,63465.0,71347.677
605167.SH,20250716,11.07,11.28,11.05,11.19,58323.63,65111.591
605168.SH,20250716,34.63,35.51,33.52,34.04,86269.51,295554.538
605169.SH,20250716,10.92,11.22,10.88,11.04,34728.4,38348.605
605177.SH,20250716,19.29,19.5,19.11,19.43,22740.0,43912.276
605178.SH,20250716,20.0,20.86,20.0,20.8,49874.6,102252.933
605179.SH,20250716,20.03,20.43,20.03,20.29,51319.0,104123.523
605180.SH,20250716,14.45,14.56,14.3,14.49,28137.89,40634.923
605183.SH,20250716,17.55,17.71,17.45,17.54,16060.0,28161.315
605186.SH,20250716,21.9,22.85,21.78,22.49,43444.0,97620.673
605188.SH,20250716,10.4,10.62,10.4,10.62,46340.0,48933.56
605189.SH,20250716,13.47,14.14,13.22,13.88,60986.2,83934.733
605196.SH,20250716,18.25,18.7,18.04,18.65,71348.27,131158.438
605198.SH,20250716,42.5,42.55,41.3,41.79,26781.0,112126.339
605199.SH,20250716,8.76,8.96,8.75,8.95,45735.0,40574.032
605208.SH,20250716,13.18,13.75,13.18,13.48,154980.05,209455.936
605218.SH,20250716,21.93,22.23,21.85,22.08,18916.0,41831.57
605222.SH,20250716,15.24,15.33,15.17,15.32,22483.12,34321.431
605228.SH,20250716,12.45,12.88,12.26,12.69,104871.55,132342.148
605255.SH,20250716,19.04,20.83,18.91,20.83,93203.0,189942.415
605258.SH,20250716,31.35,31.35,30.53,30.59,21780.1,66967.38
605259.SH,20250716,28.0,29.12,24.9,26.4,263596.99,724707.019
605266.SH,20250716,21.02,21.25,21.02,21.22,14853.0,31470.698
605268.SH,20250716,9.18,9.24,9.13,9.21,30126.2,27706.172
605277.SH,20250716,24.23,24.87,23.01,24.34,364032.2,880062.176
605286.SH,20250716,39.81,40.95,38.9,40.7,25105.0,100320.965
605287.SH,20250716,15.78,16.06,15.38,15.41,28233.0,43931.03
605288.SH,20250716,53.69,58.47,52.9,55.39,42671.79,241385.515
605289.SH,20250716,33.91,35.58,33.5,35.23,34341.25,120196.37
605296.SH,20250716,29.8,30.3,29.79,30.25,21489.1,64707.98
605298.SH,20250716,14.8,14.98,14.62,14.84,45548.63,67373.193
605299.SH,20250716,8.88,8.98,8.87,8.97,37833.0,33884.925
605300.SH,20250716,13.8,14.0,13.78,13.94,31322.57,43624.647
605303.SH,20250716,13.92,13.97,13.53,13.66,22872.0,31350.552
605305.SH,20250716,34.9,37.25,34.73,36.27,363029.26,1324063.697
605318.SH,20250716,26.39,26.39,25.67,25.79,13826.0,35774.532
605319.SH,20250716,31.79,31.92,31.14,31.29,34841.0,109567.737
605333.SH,20250716,28.98,29.69,28.7,29.67,55042.71,160837.587
605336.SH,20250716,17.97,18.48,17.97,17.97,205461.37,370580.97
605337.SH,20250716,12.4,12.62,12.37,12.59,54476.0,68327.634
605338.SH,20250716,18.88,19.05,18.74,19.0,12423.0,23556.262
605339.SH,20250716,16.78,16.96,16.7,16.95,8933.0,15063.31
605358.SH,20250716,23.06,23.44,23.0,23.09,63188.72,146475.909
605365.SH,20250716,15.06,15.79,15.06,15.62,58262.0,90124.664
605366.SH,20250716,6.81,7.0,6.68,6.69,813453.25,551596.984
605368.SH,20250716,10.0,10.05,9.97,10.02,37436.58,37542.233
605369.SH,20250716,19.66,19.73,19.54,19.67,17017.56,33464.613
605376.SH,20250716,38.15,38.64,37.75,38.18,26700.0,102017.042
605377.SH,20250716,9.05,9.06,8.98,9.01,24320.13,21923.984
605378.SH,20250716,20.79,21.06,20.52,20.66,68310.79,141651.375
605388.SH,20250716,7.91,8.08,7.84,8.05,160153.53,128101.962
605389.SH,20250716,38.62,39.5,38.21,39.19,42610.91,165445.108
605398.SH,20250716,29.98,30.98,29.98,30.56,48601.83,148553.801
605399.SH,20250716,14.8,15.0,14.03,14.03,426078.37,608451.105
605488.SH,20250716,30.76,33.6,30.5,32.56,174424.8,559596.111
605499.SH,20250716,294.0,296.36,291.44,291.7,17826.39,522418.199
605500.SH,20250716,12.36,13.44,12.27,13.44,231496.79,304597.694
605507.SH,20250716,20.57,20.87,20.57,20.85,22870.58,47508.785
605555.SH,20250716,16.02,16.27,15.9,16.21,68453.88,110676.002
605566.SH,20250716,20.7,20.74,20.4,20.4,7855.0,16150.991
605567.SH,20250716,10.31,10.48,10.3,10.43,37526.0,39011.194
605577.SH,20250716,12.81,12.99,12.81,12.89,26798.0,34581.207
605580.SH,20250716,14.43,14.8,14.28,14.6,65772.0,95603.668
605588.SH,20250716,44.53,45.35,44.49,45.06,11848.99,53345.098
605589.SH,20250716,30.11,30.2,28.86,28.97,164760.76,482718.425
605598.SH,20250716,21.85,22.13,21.6,21.72,17324.4,37794.588
605599.SH,20250716,16.0,16.16,15.92,16.1,28730.76,46199.222
688001.SH,20250716,25.5,25.87,25.37,25.79,21345.73,54958.148
688002.SH,20250716,65.79,66.5,64.85,66.07,46674.12,306397.277
688003.SH,20250716,45.08,46.34,44.83,45.58,30288.29,138345.23
688004.SH,20250716,19.28,19.88,19.15,19.54,26968.91,52890.76
688005.SH,20250716,21.63,21.94,21.41,21.66,139865.71,303680.928
688006.SH,20250716,19.08,19.33,18.92,19.17,33616.01,64496.917
688007.SH,20250716,14.36,14.62,14.34,14.41,52958.29,76801.313
688008.SH,20250716,85.75,87.97,84.68,84.96,313532.59,2698394.022
688009.SH,20250716,5.38,5.39,5.31,5.33,258295.67,137956.251
688010.SH,20250716,28.41,28.8,28.2,28.36,26663.94,75872.381
688011.SH,20250716,24.17,24.65,23.88,24.39,13191.93,32043.105
688012.SH,20250716,179.98,182.0,177.77,178.29,46058.19,826922.685
688013.SH,20250716,34.21,34.3,33.58,34.3,14138.92,48108.775
688015.SH,20250716,20.92,21.1,20.73,20.99,9374.5,19668.474
688016.SH,20250716,98.09,98.96,96.4,97.04,25028.17,243816.028
688017.SH,20250716,124.5,129.2,123.74,126.39,57714.24,730993.85
688018.SH,20250716,158.3,158.8,154.5,154.9,35954.26,561084.6
688019.SH,20250716,146.58,148.8,146.28,147.31,16927.19,249496.38
688020.SH,20250716,38.57,39.0,37.65,37.86,16848.26,64265.406
688021.SH,20250716,15.03,15.93,15.03,15.34,17892.43,27673.418
688022.SH,20250716,15.0,15.06,14.72,14.93,34875.54,51866.171
688023.SH,20250716,55.19,57.45,54.17,55.3,54982.46,305051.776
688025.SH,20250716,83.96,87.75,82.4,82.76,22311.39,189085.455
688026.SH,20250716,17.66,17.95,17.35,17.5,60672.98,106840.812
688027.SH,20250716,268.13,272.44,266.0,271.0,10816.55,291913.331
688028.SH,20250716,22.32,22.73,22.14,22.49,24597.19,55369.449
688029.SH,20250716,70.26,74.8,69.91,73.0,31348.9,227869.514
688030.SH,20250716,16.78,17.25,16.64,16.98,26645.72,45288.892
688031.SH,20250716,50.3,50.96,49.5,50.2,36483.3,183379.449
688032.SH,20250716,101.0,101.47,100.55,100.86,4588.65,46328.542
688033.SH,20250716,6.67,6.98,6.59,6.82,258675.76,175865.688
688035.SH,20250716,40.5,40.6,39.88,40.2,22308.89,89907.744
688036.SH,20250716,75.12,75.44,73.62,73.9,52601.67,391796.992
688037.SH,20250716,103.78,105.58,103.51,103.61,20099.4,209941.505
688038.SH,20250716,15.63,15.93,15.4,15.83,36561.53,57712.548
688039.SH,20250716,34.06,35.33,33.85,33.91,48698.51,167774.749
688041.SH,20250716,136.7,139.15,136.5,137.56,157453.73,2169023.139
688045.SH,20250716,33.75,34.49,33.75,34.21,13232.99,45347.892
688046.SH,20250716,14.75,14.78,14.52,14.62,32335.37,47246.123
688047.SH,20250716,131.6,132.89,130.11,131.98,27978.02,368129.266
688048.SH,20250716,60.81,62.34,59.25,59.26,63655.73,385481.207
688049.SH,20250716,58.5,58.87,54.52,54.78,133690.16,749504.33
688050.SH,20250716,67.79,68.58,67.71,68.36,25141.87,171614.436
688051.SH,20250716,27.77,28.88,27.06,28.22,23315.53,65878.377
688052.SH,20250716,159.2,163.85,157.66,159.33,17541.45,280733.972
688053.SH,20250716,31.0,31.35,30.51,30.86,7239.17,22415.745
688055.SH,20250716,3.65,3.7,3.64,3.68,57470.69,21155.002
688056.SH,20250716,33.95,34.12,33.41,33.65,6047.07,20418.426
688057.SH,20250716,12.52,12.64,12.44,12.52,13613.51,17053.417
688058.SH,20250716,30.2,34.73,30.2,31.45,74374.92,238796.648
688059.SH,20250716,50.1,54.0,49.29,52.8,65706.06,344201.487
688060.SH,20250716,37.44,37.96,37.12,37.42,3423.65,12827.524
688061.SH,20250716,32.27,32.7,32.16,32.27,6505.83,21080.546
688062.SH,20250716,30.88,31.4,30.5,31.11,94615.8,292289.857
688063.SH,20250716,43.61,44.3,43.31,43.79,37355.47,163315.178
688065.SH,20250716,47.3,47.46,47.0,47.15,14276.96,67381.108
688066.SH,20250716,19.51,19.68,19.31,19.41,61258.27,119055.269
688067.SH,20250716,22.03,22.38,21.91,22.28,8468.01,18759.545
688068.SH,20250716,188.8,193.5,183.51,193.01,20534.7,387913.609
688069.SH,20250716,21.76,22.27,21.62,21.8,12533.46,27539.076
688070.SH,20250716,47.69,48.8,47.36,47.48,14448.98,69520.419
688071.SH,20250716,34.47,37.38,33.9,36.69,34205.41,123664.765
688072.SH,20250716,158.08,161.98,157.81,158.21,17866.9,285222.202
688073.SH,20250716,63.42,63.42,59.9,59.97,21467.95,130414.921
688075.SH,20250716,41.61,41.92,40.8,41.47,11839.27,48904.619
688076.SH,20250716,40.18,41.8,40.0,41.14,177832.43,730590.516
688077.SH,20250716,32.3,32.59,31.3,31.74,63868.66,203109.137
688078.SH,20250716,32.35,32.78,32.25,32.57,9668.43,31429.913
688079.SH,20250716,10.09,10.21,10.0,10.09,31424.06,31834.865
688080.SH,20250716,49.19,49.27,48.22,48.57,13793.77,67187.943
688081.SH,20250716,18.94,19.66,18.77,19.58,28174.78,54371.54
688082.SH,20250716,110.38,111.75,110.21,110.95,9463.8,104996.384
688083.SH,20250716,61.53,62.6,61.34,61.85,12451.7,77261.297
688084.SH,20250716,97.8,98.99,93.95,94.2,23069.32,220764.403
688085.SH,20250716,20.61,21.55,20.15,21.07,63778.24,134235.34
688087.SH,20250716,25.7,26.36,25.55,26.25,23366.21,60823.995
688088.SH,20250716,47.67,48.39,46.65,46.7,81674.68,388842.108
688089.SH,20250716,25.21,25.4,24.94,25.08,18907.4,47434.821
688090.SH,20250716,34.75,35.26,34.12,34.99,27001.25,93966.358
688091.SH,20250716,67.0,67.0,64.36,65.74,49251.13,322489.521
688092.SH,20250716,22.64,22.9,22.61,22.87,7996.56,18201.857
688093.SH,20250716,30.65,31.49,29.87,29.94,45890.32,139999.391
688095.SH,20250716,71.8,75.63,71.0,72.75,66279.8,486925.741
688096.SH,20250716,10.67,10.93,10.52,10.62,42450.18,45366.392
688097.SH,20250716,28.7,29.42,28.62,28.7,68479.76,198220.848
688098.SH,20250716,6.15,6.39,6.12,6.39,53624.54,33750.438
688099.SH,20250716,73.15,73.8,72.09,72.31,53367.9,389156.033
688100.SH,20250716,35.95,36.45,35.87,36.37,14462.43,52440.326
688101.SH,20250716,13.9,14.0,13.8,13.87,15304.33,21257.017
688102.SH,20250716,13.34,13.68,13.32,13.48,81245.44,109698.976
688103.SH,20250716,56.58,56.78,55.4,55.77,21333.57,119502.469
688105.SH,20250716,23.61,23.66,23.23,23.52,17141.14,40189.739
688106.SH,20250716,17.3,17.5,17.23,17.38,31962.59,55567.025
688107.SH,20250716,26.7,27.48,26.61,27.15,30084.38,81742.776
688108.SH,20250716,11.01,11.35,11.0,11.29,82394.59,92304.518
688109.SH,20250716,33.1,33.1,32.45,32.88,9786.5,32014.129
688110.SH,20250716,32.89,33.99,32.81,33.6,110491.01,370978.129
688111.SH,20250716,284.9,289.0,279.89,280.9,55679.19,1580050.725
688112.SH,20250716,36.31,36.8,34.32,34.49,31525.23,111083.469
688113.SH,20250716,34.77,35.16,34.34,34.93,6165.56,21537.403
688114.SH,20250716,64.0,65.3,63.54,64.98,40555.34,261793.976
688115.SH,20250716,51.42,52.85,51.24,52.35,7037.52,36825.694
688116.SH,20250716,43.66,43.92,43.22,43.39,38159.84,166267.018
688117.SH,20250716,38.3,40.9,37.59,39.45,137593.06,537120.453
688118.SH,20250716,25.0,28.43,25.0,28.43,104041.88,284111.132
688119.SH,20250716,4.12,4.14,4.09,4.11,87918.73,36129.88
688120.SH,20250716,113.08,114.2,111.52,111.91,21988.99,247202.669
688121.SH,20250716,12.53,12.66,12.44,12.56,20535.3,25795.291
688122.SH,20250716,50.33,50.88,50.21,50.35,38623.83,195184.266
688123.SH,20250716,78.54,80.58,78.52,79.06,30345.56,241382.745
688125.SH,20250716,35.5,38.1,35.49,37.39,15725.78,58313.742
688126.SH,20250716,18.8,19.0,18.58,18.68,113240.96,212720.863
688127.SH,20250716,25.87,26.8,25.72,26.43,66306.38,175285.261
688128.SH,20250716,24.75,25.07,24.58,24.82,21236.42,52807.48
688129.SH,20250716,26.74,26.97,26.41,26.75,6092.97,16298.522
688130.SH,20250716,21.19,21.68,21.12,21.33,14762.52,31651.045
688131.SH,20250716,59.03,59.03,55.9,56.01,85464.96,487812.037
688132.SH,20250716,18.55,19.28,18.4,19.02,35756.17,67651.255
688133.SH,20250716,23.98,24.35,23.83,23.94,18524.44,44498.502
688135.SH,20250716,20.52,20.74,20.2,20.4,32623.57,66689.139
688136.SH,20250716,45.5,49.97,44.71,49.3,115008.57,544174.925
688137.SH,20250716,49.06,49.25,42.87,45.45,58610.64,263783.628
688138.SH,20250716,26.81,27.35,26.76,26.87,17757.88,48091.683
688139.SH,20250716,31.05,31.38,30.85,31.18,22818.15,71177.943
688141.SH,20250716,29.5,30.77,29.16,29.83,72463.36,218910.11
688143.SH,20250716,38.25,39.48,38.25,39.02,16530.36,64394.632
688146.SH,20250716,29.6,29.92,29.45,29.56,33636.34,99854.063
688147.SH,20250716,31.09,31.26,30.63,30.78,26186.12,81017.255
688148.SH,20250716,5.21,5.24,5.14,5.17,82608.86,42802.086
688150.SH,20250716,26.08,26.2,25.86,26.02,29953.9,77925.602
688151.SH,20250716,23.71,24.25,23.31,23.86,51548.96,122666.488
688152.SH,20250716,43.87,45.35,43.6,44.27,18717.92,83451.902
688153.SH,20250716,31.35,32.2,31.3,31.55,26414.88,83893.525
688155.SH,20250716,47.71,48.93,47.67,48.03,24103.21,116229.358
688156.SH,20250716,19.06,19.64,18.51,18.97,58169.79,111052.025
688157.SH,20250716,40.74,42.05,40.59,41.81,10196.19,42359.503
688158.SH,20250716,23.9,24.68,23.47,23.57,423856.19,1020520.727
688159.SH,20250716,52.38,56.5,51.68,54.8,109957.3,600167.873
688160.SH,20250716,93.35,99.6,91.0,96.61,29857.89,287258.974
688161.SH,20250716,26.59,27.1,26.59,27.1,24184.62,65119.12
688162.SH,20250716,27.1,27.8,26.98,27.49,17497.82,48093.562
688163.SH,20250716,20.48,20.69,20.37,20.59,9456.95,19423.314
688165.SH,20250716,23.4,24.08,23.3,23.66,111669.52,265246.497
688166.SH,20250716,68.8,71.45,66.66,71.01,133008.61,927074.033
688167.SH,20250716,79.38,80.35,77.2,78.05,26446.97,207650.761
688168.SH,20250716,70.9,72.5,70.66,71.95,11489.04,82228.407
688169.SH,20250716,163.69,165.8,160.7,161.22,31346.35,508996.262
688170.SH,20250716,25.57,27.77,25.33,27.51,75359.23,203089.839
688171.SH,20250716,31.29,31.29,30.16,30.31,11257.13,34306.814
688172.SH,20250716,18.76,18.99,18.67,18.72,20882.59,39303.813
688173.SH,20250716,13.54,13.75,13.4,13.6,57183.01,77822.674
688175.SH,20250716,19.79,20.07,19.72,19.8,11271.49,22394.463
688176.SH,20250716,11.18,11.28,10.88,11.08,232889.11,256916.438
688177.SH,20250716,26.88,26.98,26.42,26.88,24869.17,66519.921
688178.SH,20250716,22.18,23.0,22.18,22.89,11234.86,25509.98
688179.SH,20250716,13.71,13.72,13.44,13.62,66095.83,89636.003
688180.SH,20250716,38.53,38.99,38.01,38.77,110371.92,425636.498
688181.SH,20250716,30.97,31.38,30.6,31.05,29353.89,91089.649
688182.SH,20250716,25.71,26.12,25.42,25.48,34334.08,88243.911
688183.SH,20250716,47.87,48.42,46.34,47.34,155293.75,740030.264
688184.SH,20250716,10.0,10.24,10.0,10.23,4945.33,5027.471
688185.SH,20250716,62.79,63.6,62.54,62.8,16030.24,100947.609
688186.SH,20250716,24.01,24.54,23.97,24.45,125638.89,305845.905
688187.SH,20250716,43.2,43.28,42.93,43.13,31704.48,136704.432
688188.SH,20250716,131.04,131.39,129.55,130.06,7984.14,104079.834
688189.SH,20250716,10.08,10.08,9.49,9.77,231023.15,223692.979
688190.SH,20250716,89.0,91.39,88.75,88.96,6592.19,59429.05
688191.SH,20250716,24.63,24.83,24.4,24.75,21534.77,53091.091
688192.SH,20250716,65.82,66.11,64.62,65.02,26266.33,171305.431
688193.SH,20250716,42.03,42.88,42.03,42.84,2749.5,11703.121
688195.SH,20250716,41.1,42.28,40.67,41.3,39387.35,163830.296
688196.SH,20250716,45.6,46.46,45.0,45.33,5108.51,23325.596
688197.SH,20250716,41.11,41.21,40.3,40.68,11123.58,45241.543
688198.SH,20250716,100.51,103.3,100.5,102.79,5426.1,55362.682
688199.SH,20250716,24.86,24.98,23.51,23.63,92751.6,221360.549
688200.SH,20250716,133.7,136.43,133.63,134.38,6153.83,83001.581
688201.SH,20250716,12.3,12.53,12.12,12.46,99776.68,123054.662
688202.SH,20250716,49.5,51.18,48.82,49.36,75368.67,374530.563
688203.SH,20250716,12.26,12.28,12.08,12.22,31310.64,38159.317
688205.SH,20250716,60.83,62.68,59.03,59.21,71113.03,431712.064
688206.SH,20250716,29.7,29.9,28.69,28.72,88183.11,257084.558
688207.SH,20250716,14.95,15.34,14.93,15.13,67414.53,102200.862
688208.SH,20250716,32.78,33.26,32.5,32.95,96461.07,318272.625
688209.SH,20250716,17.83,18.1,17.8,17.92,35285.31,63396.353
688210.SH,20250716,23.96,24.5,23.7,24.09,25676.17,62152.136
688211.SH,20250716,31.99,32.75,31.84,32.44,7897.83,25521.728
688212.SH,20250716,45.6,45.6,44.9,45.28,16122.37,72789.192
688213.SH,20250716,101.81,101.81,95.0,97.09,122806.18,1196251.369
688215.SH,20250716,41.14,41.14,39.41,40.08,11645.57,46506.566
688216.SH,20250716,22.88,23.45,22.74,22.79,11012.91,25396.886
688217.SH,20250716,26.56,27.2,26.54,27.08,10106.09,27144.228
688218.SH,20250716,21.63,22.17,21.35,21.96,30792.75,67711.085
688219.SH,20250716,11.27,11.46,11.2,11.38,138948.07,157724.783
688220.SH,20250716,73.1,78.6,73.02,75.35,86338.26,659572.718
688221.SH,20250716,17.88,19.49,16.97,19.34,381358.64,696549.419
688222.SH,20250716,17.78,18.16,17.61,17.88,128897.11,230106.084
688223.SH,20250716,5.33,5.35,5.29,5.34,412458.94,219610.632
688225.SH,20250716,19.97,20.39,19.5,20.17,57863.26,116009.753
688226.SH,20250716,32.48,35.6,32.48,35.5,81315.54,278135.312
688227.SH,20250716,31.84,32.6,31.02,31.26,20401.81,64604.436
688228.SH,20250716,62.75,62.75,61.51,61.88,16670.34,103645.77
688229.SH,20250716,66.18,71.51,64.88,70.89,56424.91,385912.173
688230.SH,20250716,51.45,52.47,51.38,51.39,6184.33,32016.482
688231.SH,20250716,18.08,18.38,17.85,17.92,21876.94,39344.091
688232.SH,20250716,30.72,32.19,30.72,31.49,36272.87,114758.65
688233.SH,20250716,31.18,31.72,30.7,31.4,56069.61,175342.571
688234.SH,20250716,56.27,57.17,56.14,56.32,25712.96,145566.482
688235.SH,20250716,237.8,246.28,237.79,239.94,20772.79,501407.938
688236.SH,20250716,18.9,19.28,18.8,19.17,24404.79,46575.876
688237.SH,20250716,29.0,29.45,28.86,29.08,8912.92,26025.073
688238.SH,20250716,7.04,7.12,6.93,7.1,128149.9,89987.086
688239.SH,20250716,34.98,35.15,34.02,34.67,33229.91,115323.715
688244.SH,20250716,25.74,26.22,25.4,25.55,31739.39,81910.635
688246.SH,20250716,33.12,35.0,31.92,32.49,102197.39,340580.548
688247.SH,20250716,10.79,10.88,10.65,10.79,37546.88,40436.234
688248.SH,20250716,33.23,34.4,33.0,34.1,47650.43,161527.238
688249.SH,20250716,20.26,20.48,20.18,20.27,77532.39,157437.923
688251.SH,20250716,18.62,18.94,18.33,18.76,27704.73,51834.254
688252.SH,20250716,23.84,24.56,23.81,24.01,54513.3,131888.563
688253.SH,20250716,30.46,30.86,30.3,30.51,21228.74,64842.877
688255.SH,20250716,34.01,35.35,34.0,34.66,23279.35,80972.177
688256.SH,20250716,548.09,593.1,548.09,580.19,97122.72,5629778.216
688257.SH,20250716,14.01,14.72,13.97,14.66,72273.5,104315.371
688258.SH,20250716,49.6,51.15,49.18,50.29,55889.31,280541.286
688259.SH,20250716,39.5,40.2,39.45,39.84,17139.51,68477.783
688260.SH,20250716,19.17,19.25,18.83,18.96,20336.32,38664.212
688261.SH,20250716,41.6,45.0,41.44,42.97,63542.39,276593.028
688262.SH,20250716,26.45,26.9,26.29,26.38,51423.11,136685.304
688265.SH,20250716,34.44,36.45,34.31,34.75,34699.45,122133.369
688266.SH,20250716,130.0,130.3,125.7,127.0,19927.0,254376.024
688267.SH,20250716,30.87,30.91,30.18,30.62,15713.25,47971.579
688268.SH,20250716,49.99,50.27,49.42,49.64,14501.7,72216.929
688269.SH,20250716,32.35,33.54,32.35,33.06,12432.82,41071.763
688270.SH,20250716,46.14,47.25,45.87,46.33,37400.52,174118.378
688271.SH,20250716,124.15,125.6,123.36,125.3,27684.4,344530.683
688272.SH,20250716,25.13,25.7,24.86,24.92,13612.71,34334.761
688273.SH,20250716,31.1,31.52,30.82,31.07,13364.06,41529.363
688275.SH,20250716,39.6,39.94,39.46,39.63,14460.1,57387.037
688276.SH,20250716,21.73,21.83,21.61,21.72,18694.88,40580.573
688277.SH,20250716,14.14,14.35,14.14,14.26,41371.46,59040.446
688278.SH,20250716,76.36,76.38,74.84,75.82,16006.51,120921.967
688279.SH,20250716,190.0,203.78,189.8,201.03,17850.66,354464.532
688280.SH,20250716,7.39,7.69,7.35,7.47,190459.69,142613.376
688281.SH,20250716,60.0,62.06,59.51,61.17,20880.98,127094.068
688282.SH,20250716,49.36,50.48,48.71,48.99,7229.62,35872.478
688283.SH,20250716,25.25,25.37,24.85,25.15,9239.82,23214.144
688285.SH,20250716,8.47,8.54,8.43,8.53,26076.38,22132.821
688286.SH,20250716,66.95,69.0,66.81,68.01,13855.48,94478.603
688287.SH,20250716,5.25,5.41,5.2,5.33,28507.7,15209.787
688288.SH,20250716,27.6,29.31,27.53,28.5,30230.69,86525.788
688289.SH,20250716,21.25,21.43,21.1,21.27,66801.1,141942.352
688290.SH,20250716,48.57,50.34,48.2,49.78,18344.29,91107.197
688291.SH,20250716,33.71,34.98,33.71,34.18,32738.6,112810.587
688292.SH,20250716,19.88,20.29,19.71,20.19,27361.67,54938.819
688293.SH,20250716,53.95,54.05,52.67,52.95,15064.96,80222.898
688295.SH,20250716,19.99,20.37,19.93,20.2,28068.41,56582.109
688296.SH,20250716,13.29,13.45,13.14,13.34,12885.14,17177.933
688297.SH,20250716,52.52,52.88,51.58,51.99,80067.28,418064.431
688298.SH,20250716,28.18,28.69,27.97,28.57,35865.09,101939.536
688299.SH,20250716,18.12,18.34,18.0,18.16,69020.77,125480.41
688300.SH,20250716,49.99,49.99,49.0,49.09,26956.44,132929.358
688301.SH,20250716,89.36,91.8,88.39,88.9,16693.01,149556.057
688302.SH,20250716,52.7,53.4,51.75,52.5,30832.97,162199.451
688303.SH,20250716,24.85,25.82,24.29,25.73,187796.82,469592.53
688305.SH,20250716,56.65,57.22,56.33,56.76,12994.59,73802.894
688306.SH,20250716,9.83,10.0,9.73,9.83,200404.79,197973.6
688307.SH,20250716,31.79,33.05,31.63,32.8,49779.03,161767.342
688308.SH,20250716,19.17,19.65,19.17,19.48,21113.34,41136.443
688309.SH,20250716,19.07,19.42,18.79,19.29,10456.02,20111.25
688310.SH,20250716,17.93,18.2,17.79,18.0,27170.76,48767.356
688311.SH,20250716,37.38,38.09,37.31,37.39,18813.84,70944.706
688312.SH,20250716,24.36,24.78,24.34,24.39,9949.2,24381.72
688313.SH,20250716,48.69,51.63,46.96,47.01,418110.52,2035980.187
688314.SH,20250716,34.2,35.9,34.2,35.76,27556.08,96930.824
688315.SH,20250716,15.1,15.43,14.8,14.97,52012.4,78217.019
688316.SH,20250716,69.2,73.93,66.23,66.26,70506.62,491905.025
688317.SH,20250716,24.48,25.24,22.85,23.65,192273.82,453369.252
688318.SH,20250716,110.9,111.77,109.31,110.01,30726.46,339093.712
688319.SH,20250716,17.75,17.95,17.34,17.85,48370.82,85217.138
688320.SH,20250716,48.3,50.08,48.05,49.77,90742.17,447037.651
688321.SH,20250716,35.3,35.39,33.33,34.8,190053.74,656318.329
688322.SH,20250716,64.38,67.5,63.52,66.66,97954.95,644459.952
688323.SH,20250716,14.64,14.77,14.52,14.58,12668.99,18547.413
688325.SH,20250716,46.93,47.9,46.93,47.18,8415.84,39877.726
688326.SH,20250716,87.2,89.39,86.55,88.55,12470.07,109905.696
688327.SH,20250716,13.95,14.31,13.77,13.83,400913.26,561310.461
688328.SH,20250716,23.14,23.25,22.52,23.08,38799.24,89100.131
688329.SH,20250716,19.23,19.76,19.12,19.45,8471.22,16496.39
688330.SH,20250716,26.08,26.56,26.08,26.38,11260.67,29675.368
688331.SH,20250716,68.0,70.05,67.8,68.9,84945.3,586612.9
688332.SH,20250716,97.03,101.52,97.0,100.06,20387.68,203508.509
688333.SH,20250716,59.21,61.6,58.85,60.7,66668.36,403022.173
688334.SH,20250716,17.7,17.84,17.55,17.73,27672.36,48994.249
688335.SH,20250716,12.07,12.27,11.9,12.2,12618.5,15298.163
688336.SH,20250716,59.21,60.67,58.43,59.5,72859.05,433266.27
688337.SH,20250716,33.68,33.85,33.3,33.78,19300.65,64832.232
688338.SH,20250716,26.22,26.82,25.93,26.79,23287.16,61537.825
688339.SH,20250716,22.46,22.59,22.33,22.53,17113.27,38475.034
688343.SH,20250716,49.55,53.3,49.32,50.69,131868.19,678313.808
688345.SH,20250716,26.58,27.25,26.25,26.66,15476.57,41437.037
688347.SH,20250716,53.91,54.59,53.26,53.37,59397.79,319429.538
688348.SH,20250716,43.45,43.88,43.31,43.6,12023.0,52513.129
688349.SH,20250716,23.99,24.1,23.81,23.97,12107.17,29048.944
688350.SH,20250716,16.1,16.53,16.02,16.49,16460.83,26845.638
688351.SH,20250716,19.51,20.39,19.51,20.23,53005.58,106741.824
688352.SH,20250716,11.34,11.48,11.32,11.39,39745.95,45386.586
688353.SH,20250716,30.9,31.29,30.66,31.05,28349.34,87743.825
688355.SH,20250716,17.92,18.41,17.78,18.2,20919.32,38097.448
688356.SH,20250716,77.29,82.0,76.9,79.88,20009.45,159952.087
688357.SH,20250716,28.2,28.76,28.01,28.26,13583.65,38656.641
688358.SH,20250716,30.3,30.35,29.9,30.09,10495.19,31584.82
688359.SH,20250716,58.4,58.68,57.68,58.6,14099.14,81961.498
688360.SH,20250716,19.93,21.25,19.74,20.49,132773.59,272685.127
688361.SH,20250716,80.28,83.54,80.28,81.72,27176.46,223692.699
688362.SH,20250716,28.09,28.65,27.91,27.98,57119.8,161378.568
688363.SH,20250716,50.45,51.65,50.31,51.29,24644.5,125927.779
688365.SH,20250716,16.13,16.69,15.92,15.97,161846.8,262887.664
688366.SH,20250716,51.33,51.87,51.0,51.55,9192.43,47249.748
688367.SH,20250716,17.84,17.98,17.7,17.84,13021.05,23301.213
688368.SH,20250716,83.97,86.15,83.56,84.43,7392.02,62733.005
688369.SH,20250716,27.9,29.58,27.43,28.79,107027.55,305661.345
688370.SH,20250716,20.77,20.94,20.59,20.8,5922.39,12307.833
688371.SH,20250716,16.0,16.0,15.84,15.94,15722.04,25053.685
688372.SH,20250716,57.28,58.3,56.67,57.05,34058.72,195471.057
688373.SH,20250716,7.37,7.57,7.17,7.49,187106.15,138291.365
688375.SH,20250716,58.8,59.3,57.58,57.62,11093.65,64592.785
688376.SH,20250716,36.68,38.06,36.68,37.22,7058.15,26445.735
688377.SH,20250716,25.0,25.0,24.7,24.9,6343.0,15764.047
688378.SH,20250716,16.84,16.99,16.8,16.86,27932.63,47199.781
688379.SH,20250716,37.82,38.93,36.58,38.1,40142.72,151321.08
688380.SH,20250716,26.88,27.52,26.7,27.17,46143.98,125558.442
688381.SH,20250716,21.74,22.13,21.6,21.77,28629.55,62524.331
688382.SH,20250716,38.57,41.5,38.18,40.0,227990.65,918364.595
688383.SH,20250716,50.92,52.5,50.8,51.75,11501.71,59298.212
688385.SH,20250716,46.25,46.62,45.91,46.18,74167.86,342455.43
688386.SH,20250716,53.55,54.36,53.06,54.1,17363.7,93451.761
688387.SH,20250716,5.7,5.71,5.63,5.64,99251.71,56285.698
688388.SH,20250716,21.5,21.96,21.21,21.54,128014.45,275440.558
688389.SH,20250716,13.08,13.14,13.05,13.14,27259.14,35719.318
688390.SH,20250716,43.0,43.45,42.71,43.12,36420.08,156816.49
688391.SH,20250716,29.31,29.93,29.2,29.84,13058.16,38839.086
688392.SH,20250716,71.0,72.0,69.92,71.25,14962.13,106322.641
688393.SH,20250716,30.68,30.78,30.01,30.14,43032.97,130582.238
688395.SH,20250716,23.0,23.83,23.0,23.54,15526.58,36560.063
688396.SH,20250716,47.11,47.4,47.0,47.05,28192.0,132939.96
688398.SH,20250716,18.26,19.08,18.14,18.87,45029.26,84274.848
688399.SH,20250716,52.8,55.7,52.8,54.38,23301.88,126897.861
688400.SH,20250716,27.76,28.97,27.55,28.45,115456.03,327784.614
688401.SH,20250716,32.92,33.46,32.88,33.03,23714.51,78643.764
688403.SH,20250716,9.57,9.77,9.56,9.66,176192.29,170533.807
688408.SH,20250716,46.28,49.96,46.28,49.86,107863.37,525586.21
688409.SH,20250716,51.95,52.13,51.4,51.51,16163.3,83608.997
688410.SH,20250716,14.22,14.76,14.12,14.6,78265.41,113431.636
688411.SH,20250716,91.0,93.0,90.38,92.4,11123.3,102121.826
688416.SH,20250716,37.71,38.88,37.57,37.94,19131.62,73061.662
688418.SH,20250716,26.67,27.19,26.4,26.65,39037.36,104617.883
688419.SH,20250716,26.66,26.99,26.38,26.42,15165.89,40406.919
688420.SH,20250716,24.97,25.92,24.81,25.3,10158.45,25732.7
688425.SH,20250716,4.13,4.14,4.08,4.1,187048.35,76791.724
688426.SH,20250716,22.13,22.22,21.76,22.15,11817.46,26033.594
688428.SH,20250716,30.39,30.66,29.5,30.25,84166.55,253500.355
688429.SH,20250716,14.22,14.39,14.15,14.38,12432.68,17785.779
688432.SH,20250716,11.33,11.44,11.25,11.33,33767.44,38302.977
688433.SH,20250716,35.4,36.83,35.4,36.21,31435.94,114266.731
688435.SH,20250716,36.2,36.55,35.05,35.81,29763.65,106240.279
688439.SH,20250716,53.85,54.29,53.59,53.83,14353.26,77421.951
688443.SH,20250716,29.74,30.1,29.3,29.56,36137.09,106794.696
688448.SH,20250716,29.57,31.54,29.4,30.15,28585.99,87293.075
688449.SH,20250716,43.0,43.58,41.26,41.63,52067.53,218087.66
688450.SH,20250716,27.8,28.33,27.56,28.04,8624.16,24151.556
688455.SH,20250716,13.87,14.1,13.73,14.06,30678.32,42957.891
688456.SH,20250716,40.4,41.88,39.74,40.6,21510.14,87832.39
688458.SH,20250716,41.51,41.73,40.88,41.19,30529.91,126101.463
688459.SH,20250716,9.67,9.74,9.64,9.71,16461.94,15966.046
688466.SH,20250716,19.18,19.38,18.88,19.08,13740.86,26280.986
688468.SH,20250716,7.47,7.54,7.44,7.53,47593.61,35674.876
688469.SH,20250716,4.82,4.85,4.79,4.81,330654.6,159543.484
688472.SH,20250716,9.35,9.38,9.24,9.35,145192.48,135330.236
688475.SH,20250716,33.63,33.63,32.98,33.28,65659.46,218244.155
688478.SH,20250716,31.24,31.58,30.65,30.78,12422.24,38461.284
688479.SH,20250716,19.49,19.63,19.36,19.6,10377.34,20306.891
688480.SH,20250716,38.01,41.45,38.01,41.29,35368.29,141041.371
688484.SH,20250716,38.63,39.14,37.83,37.9,38750.98,148461.037
688485.SH,20250716,10.96,11.12,10.83,11.05,25123.65,27713.568
688486.SH,20250716,62.0,62.56,61.43,61.93,17475.89,108166.142
688488.SH,20250716,15.14,15.22,14.8,15.15,90722.15,136163.799
688489.SH,20250716,43.69,46.16,42.61,45.05,47869.5,213263.75
688496.SH,20250716,8.79,8.88,8.72,8.82,35792.05,31572.758
688498.SH,20250716,208.33,221.57,205.97,210.5,35917.24,769072.98
688499.SH,20250716,41.0,41.81,39.99,40.23,83450.64,339384.342
688500.SH,20250716,58.94,62.0,58.2,59.8,45873.05,275348.942
688501.SH,20250716,27.86,27.88,27.11,27.6,35227.54,96976.209
688502.SH,20250716,279.0,281.59,275.23,277.89,4433.79,123261.195
688503.SH,20250716,44.36,45.42,43.72,45.02,44579.27,199127.659
688505.SH,20250716,8.95,9.15,8.8,9.12,132995.26,119083.788
688506.SH,20250716,294.98,301.98,291.0,293.88,8059.05,236786.961
688507.SH,20250716,67.11,69.5,66.27,69.2,23024.96,157428.945
688508.SH,20250716,57.0,58.3,56.71,56.83,40048.91,229577.682
688509.SH,20250716,4.43,4.55,4.42,4.44,85085.31,38058.55
688510.SH,20250716,23.12,23.35,22.58,23.07,69993.69,161008.288
688511.SH,20250716,18.76,19.0,18.58,18.8,8241.11,15480.739
688512.SH,20250716,10.93,11.14,10.81,10.96,93310.34,102578.312
688513.SH,20250716,41.8,43.47,41.4,42.96,24002.87,102232.018
688515.SH,20250716,88.49,91.5,88.11,90.63,11734.86,106041.807
688516.SH,20250716,33.05,33.38,33.05,33.21,23195.23,77067.024
688517.SH,20250716,14.7,14.82,14.56,14.76,17318.89,25531.034
688518.SH,20250716,19.84,20.15,19.7,19.96,63186.45,125937.329
688519.SH,20250716,41.32,41.89,39.67,39.95,45699.37,184852.365
688520.SH,20250716,74.72,76.6,73.59,74.2,86711.14,648437.941
688521.SH,20250716,86.29,89.98,85.5,88.99,108349.1,957549.063
688522.SH,20250716,48.2,49.15,47.94,48.69,29273.76,141784.07
688523.SH,20250716,21.1,21.36,21.04,21.15,14956.19,31696.693
688525.SH,20250716,64.8,65.86,64.2,64.31,61235.59,397920.813
688526.SH,20250716,16.17,16.63,16.02,16.58,40188.76,65824.078
688528.SH,20250716,10.95,11.31,10.88,11.01,57990.82,64482.277
688529.SH,20250716,20.66,21.0,20.25,20.25,90183.86,185048.702
688530.SH,20250716,16.83,17.21,16.77,16.87,18558.4,31511.268
688531.SH,20250716,47.12,47.49,46.51,46.53,20392.97,95482.523
688533.SH,20250716,25.94,26.52,25.94,26.36,15892.81,41833.459
688535.SH,20250716,78.3,79.99,78.25,78.44,12567.98,99229.445
688536.SH,20250716,131.37,136.5,130.1,130.79,29597.3,391699.436
688538.SH,20250716,2.39,2.41,2.38,2.39,290933.52,69578.557
688539.SH,20250716,26.4,26.64,26.2,26.36,17574.09,46394.947
688543.SH,20250716,56.98,57.94,56.8,57.0,27411.07,156825.784
688545.SH,20250716,27.2,27.4,27.05,27.25,22344.62,60953.866
688548.SH,20250716,9.99,9.99,9.86,9.89,74690.17,74002.857
688549.SH,20250716,7.55,7.68,7.55,7.62,66501.04,50692.427
688550.SH,20250716,39.35,40.13,39.11,39.32,47078.89,186339.437
688551.SH,20250716,29.62,30.05,29.34,30.02,11693.88,34869.666
688552.SH,20250716,35.2,35.45,34.56,34.79,61399.71,213859.616
688553.SH,20250716,19.1,19.45,18.66,19.31,130860.95,249033.057
688556.SH,20250716,7.33,8.06,7.27,7.78,499002.17,386247.895
688557.SH,20250716,30.7,32.67,30.51,32.26,45356.44,144299.164
688558.SH,20250716,25.6,26.5,25.38,26.4,22103.65,57747.328
688559.SH,20250716,30.08,30.62,30.01,30.26,33899.67,102720.278
688560.SH,20250716,14.38,14.58,14.35,14.44,22705.68,32787.358
688561.SH,20250716,33.94,34.45,33.84,33.99,46529.91,158742.018
688562.SH,20250716,17.37,17.53,17.3,17.47,22991.41,40080.735
688563.SH,20250716,55.93,56.13,55.51,55.83,11360.54,63363.574
688565.SH,20250716,9.61,9.78,9.45,9.63,28602.28,27525.139
688566.SH,20250716,29.63,30.87,29.38,30.63,41585.35,125742.483
688567.SH,20250716,13.63,14.27,13.6,13.92,164069.02,228550.182
688568.SH,20250716,36.28,36.36,35.75,35.81,71423.5,257602.999
688569.SH,20250716,21.04,21.04,20.8,20.95,5255.48,11009.157
688570.SH,20250716,20.19,20.53,20.19,20.4,18389.84,37508.648
688571.SH,20250716,7.97,8.01,7.88,7.93,29898.43,23739.854
688573.SH,20250716,28.08,28.34,27.37,27.52,44754.32,123773.84
688575.SH,20250716,14.67,14.86,14.67,14.84,24617.25,36430.279
688576.SH,20250716,64.96,66.15,64.9,65.87,3390.55,22234.726
688577.SH,20250716,45.83,46.8,45.62,46.27,6813.01,31560.491
688578.SH,20250716,99.95,100.99,97.74,98.02,29775.71,294084.2
688579.SH,20250716,12.09,12.1,11.77,11.88,87898.2,104555.931
688580.SH,20250716,45.94,47.26,45.64,46.98,22862.34,106386.57
688581.SH,20250716,63.7,66.74,63.7,66.17,13409.98,87743.02
688582.SH,20250716,66.33,67.12,65.51,66.0,54831.83,363668.626
688583.SH,20250716,98.65,102.88,98.0,102.04,18881.68,190946.031
688584.SH,20250716,17.79,18.14,17.72,17.92,25388.15,45604.073
688585.SH,20250716,23.24,23.24,23.24,23.24,16147.9,37527.72
688586.SH,20250716,10.81,10.89,10.74,10.85,47290.65,51207.008
688588.SH,20250716,14.8,15.1,14.68,14.89,149232.59,222078.914
688589.SH,20250716,21.1,21.8,21.1,21.56,37111.43,79965.416
688590.SH,20250716,21.92,22.74,21.68,22.03,157346.52,347846.789
688591.SH,20250716,46.4,46.88,45.54,45.77,78671.06,362341.195
688592.SH,20250716,38.71,39.25,38.0,38.0,18808.44,72374.027
688593.SH,20250716,15.93,16.3,15.83,16.09,57490.02,92628.187
688595.SH,20250716,35.97,37.15,35.73,36.18,36065.07,131990.825
688596.SH,20250716,34.7,35.09,34.55,34.97,29166.53,101801.053
688597.SH,20250716,8.08,8.21,8.03,8.11,61446.3,49865.837
688598.SH,20250716,25.18,25.49,25.14,25.26,32629.23,82554.01
688599.SH,20250716,15.27,15.42,15.15,15.39,163708.24,250264.705
688600.SH,20250716,22.7,22.7,22.07,22.34,22642.41,50531.082
688601.SH,20250716,38.93,39.65,38.9,39.0,18432.68,72413.706
688602.SH,20250716,8.15,8.53,8.15,8.43,95617.71,80197.809
688603.SH,20250716,44.05,44.4,43.79,44.16,11289.18,49732.791
688605.SH,20250716,58.8,59.8,58.71,59.08,9049.82,53624.982
688606.SH,20250716,67.41,67.87,67.0,67.72,4402.52,29681.569
688607.SH,20250716,21.38,21.59,20.71,21.55,29821.39,63171.531
688608.SH,20250716,229.13,237.3,226.01,230.4,39463.19,915618.618
688609.SH,20250716,9.81,10.0,9.77,9.93,108415.07,107405.829
688610.SH,20250716,39.27,41.28,39.27,40.86,10648.98,43206.689
688611.SH,20250716,32.97,33.32,32.7,32.85,8294.0,27359.86
688612.SH,20250716,30.04,32.97,30.03,32.44,118618.97,376513.664
688613.SH,20250716,18.36,18.59,18.33,18.52,16710.28,30830.453
688615.SH,20250716,168.01,175.99,166.18,167.15,26227.9,448892.646
688616.SH,20250716,12.66,12.77,12.6,12.69,20075.32,25467.379
688617.SH,20250716,293.0,297.0,289.02,292.11,5495.19,160813.879
688618.SH,20250716,25.14,25.65,25.14,25.54,13244.61,33610.618
688619.SH,20250716,12.88,12.94,12.61,12.64,21855.81,27883.164
688620.SH,20250716,11.79,12.04,11.75,11.89,70019.43,83512.156
688621.SH,20250716,50.7,51.58,49.81,51.23,37270.15,189200.802
688622.SH,20250716,83.24,85.58,82.24,83.52,8983.47,75674.031
688623.SH,20250716,65.3,65.68,64.67,65.09,4001.53,26041.133
688625.SH,20250716,30.04,30.31,29.78,29.78,16563.19,49611.393
688626.SH,20250716,45.06,46.5,44.5,45.0,42882.41,194414.695
688627.SH,20250716,87.01,88.34,85.5,86.5,17486.88,151932.733
688628.SH,20250716,33.65,34.78,33.6,34.51,24132.39,83087.96
688629.SH,20250716,51.0,53.15,50.89,51.76,99302.45,519385.407
688630.SH,20250716,84.88,85.95,83.88,83.96,27160.72,230458.646
688631.SH,20250716,86.4,86.4,83.6,84.0,17034.34,144178.465
688633.SH,20250716,28.45,28.7,28.12,28.41,6358.58,18082.897
688636.SH,20250716,33.14,33.99,32.82,33.76,34073.54,114278.681
688638.SH,20250716,36.08,36.48,35.4,35.69,7560.26,27153.124
688639.SH,20250716,34.66,35.12,34.2,34.85,44330.65,153684.09
688646.SH,20250716,29.39,29.39,28.7,28.87,11161.77,32244.074
688648.SH,20250716,42.76,45.15,42.34,44.39,83647.53,368691.54
688651.SH,20250716,35.2,37.49,35.19,36.5,23704.95,86557.917
688652.SH,20250716,54.77,55.68,54.44,54.44,18510.17,101720.464
688653.SH,20250716,11.88,12.36,11.82,12.34,102110.22,123734.297
688655.SH,20250716,23.2,23.84,21.68,23.06,71514.94,163759.855
688656.SH,20250716,150.0,150.06,125.0,136.87,46839.21,659201.151
688657.SH,20250716,42.9,44.11,42.9,44.02,8774.54,38374.795
688658.SH,20250716,23.97,24.74,22.7,24.45,131380.82,309890.43
688659.SH,20250716,8.78,8.91,8.77,8.86,19782.75,17472.976
688660.SH,20250716,8.35,8.45,8.28,8.43,106350.57,89074.044
688661.SH,20250716,39.68,40.44,39.01,39.66,38828.54,154310.895
688662.SH,20250716,38.4,39.4,38.3,38.54,12725.26,49379.162
688663.SH,20250716,31.07,31.19,29.9,30.85,60820.85,185437.87
688665.SH,20250716,46.65,46.91,45.93,46.17,9310.64,43081.295
688667.SH,20250716,54.54,55.58,54.27,54.71,6230.98,34211.354
688668.SH,20250716,63.87,72.01,62.5,70.06,171311.95,1170436.807
688669.SH,20250716,19.99,20.1,19.42,19.65,17667.47,34912.962
688670.SH,20250716,14.4,14.57,14.28,14.57,9371.14,13550.282
688671.SH,20250716,20.63,21.25,20.63,21.03,9910.85,20775.853
688676.SH,20250716,34.83,36.36,34.82,35.73,108793.65,388883.235
688677.SH,20250716,37.85,38.28,37.66,37.8,9559.15,36351.271
688678.SH,20250716,19.34,20.88,19.22,20.49,196193.45,398858.815
688679.SH,20250716,14.78,15.01,14.61,14.75,17198.35,25550.775
688680.SH,20250716,45.9,46.29,44.6,45.17,29653.1,133792.292
688681.SH,20250716,14.36,14.48,14.01,14.36,13888.6,19945.308
688682.SH,20250716,29.81,30.28,29.6,29.87,9858.86,29511.055
688683.SH,20250716,26.87,27.09,26.2,26.38,13764.65,36518.038
688685.SH,20250716,53.3,55.35,53.02,54.57,30937.73,168236.331
688686.SH,20250716,103.52,103.52,100.55,102.21,6201.33,63227.829
688687.SH,20250716,27.2,27.55,26.98,27.53,64094.8,175338.626
688689.SH,20250716,23.52,23.95,23.14,23.64,10492.72,24787.953
688690.SH,20250716,25.73,25.98,25.21,25.51,73984.45,188832.683
688691.SH,20250716,56.02,58.59,55.8,58.52,40379.53,232971.66
688692.SH,20250716,224.0,227.88,220.99,222.96,12316.0,275874.808
688693.SH,20250716,35.81,36.58,35.58,36.17,24537.86,88453.13
688695.SH,20250716,30.0,32.78,29.95,31.21,46918.98,148279.939
688696.SH,20250716,109.41,113.0,109.4,112.94,5963.49,66487.645
688697.SH,20250716,13.4,14.08,13.32,13.84,96900.47,133899.568
688698.SH,20250716,46.09,53.8,45.88,52.28,125157.31,636246.725
688699.SH,20250716,32.48,33.85,32.31,32.84,13836.83,45900.595
688700.SH,20250716,37.15,37.4,36.4,36.62,28459.02,104890.716
688701.SH,20250716,8.26,8.44,8.22,8.35,14903.42,12418.32
688702.SH,20250716,62.68,65.11,62.5,63.52,29604.62,189615.623
688707.SH,20250716,12.99,13.19,12.99,13.06,44293.44,57966.162
688708.SH,20250716,60.96,61.49,59.7,60.19,16944.79,102349.33
688709.SH,20250716,31.17,31.65,31.11,31.19,18600.73,58360.72
688710.SH,20250716,37.74,37.95,37.06,37.7,15940.7,59665.649
688711.SH,20250716,19.5,22.29,19.29,20.3,303948.29,632278.097
688716.SH,20250716,36.74,38.3,36.03,37.53,79326.53,296671.141
688717.SH,20250716,61.99,64.99,61.5,64.63,39682.07,252695.859
688718.SH,20250716,12.91,12.95,12.64,12.8,15926.36,20435.596
688719.SH,20250716,38.4,39.65,37.58,38.5,24055.49,92403.118
688720.SH,20250716,42.4,42.58,41.8,42.01,13891.67,58534.281
688721.SH,20250716,43.27,44.17,43.27,43.5,8718.54,38132.914
688722.SH,20250716,21.4,22.31,21.25,22.22,94751.68,207363.952
688726.SH,20250716,47.0,47.39,46.18,46.66,22920.0,106650.302
688728.SH,20250716,15.89,16.03,15.77,15.79,45326.12,71982.207
688729.SH,20250716,20.36,20.95,20.24,20.44,294784.38,606552.413
688733.SH,20250716,18.74,19.02,18.61,18.75,26053.49,49012.554
688737.SH,20250716,21.13,21.39,20.81,21.16,17182.1,36342.755
688739.SH,20250716,27.81,27.93,27.57,27.69,21858.95,60480.655
688750.SH,20250716,21.15,21.15,20.72,20.87,33356.99,69646.464
688755.SH,20250716,46.37,46.87,46.01,46.25,7752.67,35931.933
688757.SH,20250716,26.33,26.85,26.07,26.4,25022.24,66123.213
688758.SH,20250716,17.53,17.53,17.28,17.46,30312.19,52686.91
688766.SH,20250716,61.8,63.65,61.8,62.65,24537.07,154265.026
688767.SH,20250716,35.28,35.6,35.1,35.25,7733.05,27336.015
688768.SH,20250716,43.5,43.96,43.14,43.74,6292.87,27484.832
688772.SH,20250716,13.3,13.57,13.29,13.48,120145.38,161679.071
688775.SH,20250716,167.0,169.51,165.25,166.92,15477.35,259450.676
688776.SH,20250716,103.22,108.2,100.98,104.98,30875.66,320560.168
688777.SH,20250716,46.39,47.1,46.24,46.74,109205.65,510534.363
688778.SH,20250716,45.87,46.93,45.55,45.99,55708.72,257635.558
688779.SH,20250716,5.31,5.33,5.27,5.3,100866.75,53452.974
688786.SH,20250716,22.92,22.97,22.49,22.69,9683.49,22063.913
688787.SH,20250716,109.98,118.85,108.08,116.55,57633.21,661688.195
688788.SH,20250716,41.42,43.0,41.11,42.7,26530.57,112523.905
688789.SH,20250716,67.94,68.85,67.6,68.31,8924.22,60869.865
688793.SH,20250716,32.74,32.8,32.16,32.2,11441.93,37127.137
688798.SH,20250716,66.17,67.26,65.98,66.29,14385.71,95817.66
688799.SH,20250716,53.04,55.72,51.39,54.25,71302.92,380000.133
688800.SH,20250716,49.44,51.31,48.44,49.72,164960.14,826338.723
688819.SH,20250716,27.34,27.53,27.16,27.25,19804.23,54052.281
688981.SH,20250716,87.73,88.2,86.77,87.12,196708.51,1720548.788
689009.SH,20250716,59.85,60.85,58.94,59.1,59000.56,352670.032
920779.BJ,20250716,45.16,45.3,44.6,44.79,10903.49,48925.042
920809.BJ,20250716,5.7,5.74,5.66,5.69,108080.44,61506.134
920832.BJ,20250716,8.4,8.5,8.37,8.45,26759.83,22574.755
920839.BJ,20250716,30.1,30.25,29.95,30.08,4240.66,12757.04
920879.BJ,20250716,19.23,22.87,19.11,21.6,89999.75,193206.134
920896.BJ,20250716,20.39,21.45,20.21,21.1,34837.45,72793.479
920946.BJ,20250716,11.43,11.54,11.34,11.45,31806.23,36346.864
920964.BJ,20250716,8.69,8.78,8.62,8.73,49809.03,43314.0
920974.BJ,20250716,9.25,9.25,8.93,9.07,65672.98,59310.978
920010.BJ,20250716,13.24,13.75,13.18,13.45,75408.01,101861.309
920039.BJ,20250716,20.6,22.5,19.13,19.29,240627.92,491669.238
920087.BJ,20250716,18.75,18.99,18.68,18.94,48708.42,91909.115
920152.BJ,20250716,20.64,20.65,20.33,20.37,11301.46,23135.77
920267.BJ,20250716,28.0,28.1,27.38,27.9,6779.69,18796.622
920375.BJ,20250716,17.12,17.48,16.98,17.02,22035.1,37881.083
920195.BJ,20250716,17.42,17.76,17.42,17.74,12142.92,21392.599
920378.BJ,20250716,12.18,12.25,12.02,12.15,17954.66,21791.889
920304.BJ,20250716,14.59,14.69,14.3,14.42,24341.0,35236.709
920405.BJ,20250716,21.49,21.5,21.15,21.24,11766.89,25051.388
920370.BJ,20250716,5.09,5.22,5.0,5.03,182066.19,92788.531
920496.BJ,20250716,11.75,11.84,11.51,11.66,41232.23,48110.275
920526.BJ,20250716,28.73,29.13,28.59,29.09,8288.11,23956.158
920627.BJ,20250716,28.18,28.44,27.98,28.08,12847.56,36123.618
920641.BJ,20250716,17.68,17.84,17.36,17.58,10287.71,18117.666
920689.BJ,20250716,43.0,43.98,42.65,43.98,27005.87,116734.668
920726.BJ,20250716,20.65,20.88,20.3,20.51,10536.3,21717.31
920768.BJ,20250716,11.4,12.08,11.4,11.71,66581.49,78478.449
920932.BJ,20250716,22.5,23.16,22.15,22.6,49554.78,112437.213
920834.BJ,20250716,12.19,12.42,12.13,12.28,12129.93,14896.66
920855.BJ,20250716,21.0,21.09,20.65,20.85,4827.74,10076.822
920856.BJ,20250716,21.35,21.85,21.29,21.45,16176.0,34923.443
920906.BJ,20250716,24.37,25.02,24.25,24.72,14746.51,36413.944
920961.BJ,20250716,21.98,22.3,21.89,21.94,33318.17,73491.189
920000.BJ,20250716,21.38,21.51,21.15,21.32,7886.99,16836.021
920023.BJ,20250716,4.43,4.75,4.4,4.72,444386.27,205632.216
920089.BJ,20250716,16.53,16.53,16.33,16.38,20822.18,34197.283
920110.BJ,20250716,37.7,37.9,37.37,37.41,4203.52,15805.844
920145.BJ,20250716,23.55,23.95,23.23,23.9,11066.22,26100.012
920249.BJ,20250716,14.93,15.15,14.82,15.0,50254.65,75385.755
920171.BJ,20250716,32.29,32.29,31.45,31.6,34892.33,110928.41
920175.BJ,20250716,12.99,13.08,12.76,12.87,23856.35,30804.398
920225.BJ,20250716,19.88,19.97,19.48,19.53,27537.67,54180.823
920278.BJ,20250716,11.19,11.19,10.9,11.14,28467.93,31513.31
920419.BJ,20250716,22.46,22.83,22.34,22.62,16367.41,36973.56
920469.BJ,20250716,14.58,14.99,14.37,14.76,82502.13,121206.147
920471.BJ,20250716,15.98,15.98,15.63,15.79,5777.36,9109.057
920491.BJ,20250716,28.78,29.58,28.78,29.06,34839.61,101644.411
920522.BJ,20250716,46.55,46.98,46.2,46.23,14223.55,66111.998
920566.BJ,20250716,12.93,13.15,12.82,13.11,37999.03,49456.389
920651.BJ,20250716,29.87,30.17,29.73,29.95,4255.49,12733.88
920662.BJ,20250716,28.82,31.21,27.53,28.23,107482.31,314423.583
920735.BJ,20250716,34.5,35.4,34.45,35.15,22294.57,78217.031
920786.BJ,20250716,9.63,9.81,9.62,9.75,64227.04,62350.193
920802.BJ,20250716,18.17,18.24,17.9,18.05,6804.51,12302.297
920876.BJ,20250716,31.6,31.65,30.55,30.66,15486.38,48019.846
920885.BJ,20250716,20.75,21.4,20.45,21.14,58078.86,121428.173
920978.BJ,20250716,23.76,24.39,23.72,24.33,26485.36,63946.661
920982.BJ,20250716,348.25,363.98,346.7,360.33,10798.77,385969.139
920130.BJ,20250716,31.1,31.4,30.42,30.7,33832.02,104463.508
920075.BJ,20250716,34.83,35.9,33.91,34.05,35808.08,125600.98
920571.BJ,20250716,12.55,12.77,12.31,12.41,319766.32,398008.801
920230.BJ,20250716,16.13,16.2,15.88,16.07,7978.05,12757.003
920266.BJ,20250716,10.65,10.75,10.54,10.66,15699.7,16694.329
920284.BJ,20250716,29.18,29.38,28.51,29.07,32414.49,93758.966
920346.BJ,20250716,29.34,29.69,29.15,29.46,12728.56,37494.493
920394.BJ,20250716,43.71,43.94,43.1,43.16,18129.61,78651.778
920427.BJ,20250716,17.13,17.65,16.68,16.73,59464.49,101598.568
920429.BJ,20250716,23.88,23.88,23.13,23.42,16691.61,38984.9
920454.BJ,20250716,20.28,21.62,20.0,21.59,81371.15,169941.991
920455.BJ,20250716,10.66,10.73,10.42,10.54,7257.13,7660.792
920509.BJ,20250716,25.31,25.77,25.14,25.3,15980.59,40592.8
920523.BJ,20250716,25.71,25.71,25.27,25.37,14885.25,37851.653
920533.BJ,20250716,36.02,36.99,35.76,36.26,31237.67,113696.572
920575.BJ,20250716,15.42,15.53,15.36,15.51,17222.89,26623.099
920580.BJ,20250716,14.6,14.63,14.22,14.38,14432.31,20826.56
920751.BJ,20250716,17.98,18.43,17.67,18.3,24059.46,43487.604
920781.BJ,20250716,12.67,12.73,12.39,12.41,48455.58,60517.145
920873.BJ,20250716,8.18,8.53,8.0,8.04,232052.93,190814.611
920914.BJ,20250716,28.99,29.06,27.55,27.61,53214.99,148846.771
920943.BJ,20250716,26.58,26.89,26.23,26.31,17972.2,47659.524
920014.BJ,20250716,13.86,14.09,13.72,13.78,10664.67,14769.504
920021.BJ,20250716,7.58,7.77,7.55,7.6,115061.89,88147.81
920033.BJ,20250716,20.6,20.6,20.21,20.32,7612.92,15511.946
920058.BJ,20250716,37.06,37.36,36.55,37.12,5270.49,19495.821
920062.BJ,20250716,12.41,12.49,11.71,11.74,207944.26,248019.224
920261.BJ,20250716,15.12,15.31,15.02,15.08,12740.56,19257.254
920407.BJ,20250716,18.7,18.84,18.44,18.72,5703.64,10640.975
920415.BJ,20250716,16.4,16.65,16.32,16.39,20830.83,34413.707
920475.BJ,20250716,23.8,23.8,23.07,23.5,39457.11,92278.297
920599.BJ,20250716,20.62,21.06,20.61,20.81,21951.39,45846.068
920639.BJ,20250716,8.97,9.1,8.85,8.9,32707.02,29332.444
920765.BJ,20250716,17.11,17.26,16.95,16.97,4822.57,8231.715
920770.BJ,20250716,20.89,21.48,20.42,21.35,85385.75,178507.069
920950.BJ,20250716,19.28,19.42,18.81,19.11,4050.18,7725.886
920174.BJ,20250716,42.02,44.98,42.0,43.96,84273.33,367793.802
920179.BJ,20250716,33.15,33.55,32.88,33.0,19005.95,63090.745
920184.BJ,20250716,20.3,20.7,19.5,19.9,132438.12,264683.14
920185.BJ,20250716,22.3,22.49,22.21,22.24,30936.34,69104.169
920207.BJ,20250716,28.4,29.0,27.81,27.98,30090.28,85599.116
920237.BJ,20250716,24.4,24.4,24.02,24.02,8083.46,19529.864
920305.BJ,20250716,15.1,19.97,15.0,19.12,199229.07,357079.771
920368.BJ,20250716,28.2,28.48,28.0,28.23,25751.37,72632.635
920438.BJ,20250716,18.8,19.15,18.8,19.03,13179.55,25033.057
920508.BJ,20250716,29.6,30.12,29.4,29.55,7524.65,22316.698
920579.BJ,20250716,29.57,30.07,29.5,29.76,21781.0,64940.193
920640.BJ,20250716,27.9,28.08,27.82,27.97,18302.08,51168.825
920670.BJ,20250716,14.75,15.07,14.68,14.98,36612.56,54560.405
920057.BJ,20250716,7.4,7.51,7.29,7.31,76348.48,56180.682
920992.BJ,20250716,21.86,21.95,21.22,21.58,27314.34,58997.563
920985.BJ,20250716,10.42,10.47,10.31,10.46,33607.86,35012.158
920077.BJ,20250716,14.6,15.08,14.58,14.81,81899.42,121550.168
920149.BJ,20250716,16.3,16.55,15.79,16.02,47886.71,77150.212
920208.BJ,20250716,26.3,26.88,25.8,26.07,25681.66,67554.467
920221.BJ,20250716,21.18,21.99,20.9,21.5,39981.54,86059.472
920239.BJ,20250716,34.96,35.5,34.69,35.01,25893.1,90670.442
920247.BJ,20250716,21.0,21.6,20.6,21.35,65610.31,138967.372
920260.BJ,20250716,13.98,14.14,13.9,14.06,16884.07,23747.039
920263.BJ,20250716,14.91,14.97,14.65,14.73,25316.6,37466.182
920270.BJ,20250716,17.14,17.15,16.89,17.09,7614.48,12980.67
920395.BJ,20250716,14.63,14.77,14.58,14.65,11886.96,17448.358
920414.BJ,20250716,14.6,14.61,14.28,14.43,18774.82,27101.085
920519.BJ,20250716,14.75,14.83,14.56,14.68,10075.96,14786.248
920422.BJ,20250716,13.95,14.09,13.86,13.96,7772.49,10871.546
920433.BJ,20250716,7.43,7.49,7.42,7.47,19972.08,14887.619
920504.BJ,20250716,26.58,26.79,26.0,26.25,3135.7,8297.862
920547.BJ,20250716,25.14,25.37,24.8,25.04,6933.02,17371.832
920675.BJ,20250716,12.95,12.97,12.63,12.71,27550.96,35088.044
920699.BJ,20250716,44.75,45.77,44.22,45.15,2965.88,13327.686
920717.BJ,20250716,13.21,13.29,12.79,12.93,20866.43,27057.524
920720.BJ,20250716,15.05,15.15,14.59,14.8,39834.35,59335.586
920807.BJ,20250716,18.59,20.0,17.44,19.49,302434.46,574206.346
920826.BJ,20250716,12.72,12.74,12.48,12.52,22439.65,28192.151
920871.BJ,20250716,18.9,19.43,18.04,18.13,42519.91,79177.513
920892.BJ,20250716,21.75,23.65,21.17,21.77,115543.15,258408.122
920942.BJ,20250716,19.91,20.12,19.74,19.82,6913.59,13782.058
920957.BJ,20250716,15.49,15.63,15.2,15.34,5178.89,7953.822
920061.BJ,20250716,43.57,44.6,42.5,44.13,45318.27,198418.808
920006.BJ,20250716,34.7,35.27,34.53,34.84,20642.12,71854.227
920123.BJ,20250716,19.29,19.44,19.15,19.23,14155.95,27310.506
920046.BJ,20250716,16.26,16.43,16.17,16.25,21116.12,34394.184
920092.BJ,20250716,43.45,44.16,42.6,42.81,14976.4,65054.793
920274.BJ,20250716,17.48,18.01,17.05,17.3,18030.56,31333.409
920212.BJ,20250716,18.11,18.17,17.9,18.06,15691.37,28276.769
920242.BJ,20250716,32.95,33.3,32.83,33.19,4437.15,14701.483
920344.BJ,20250716,24.14,24.32,23.82,23.98,8066.76,19364.724
920403.BJ,20250716,24.6,24.9,24.3,24.52,13414.13,32966.342
920592.BJ,20250716,54.25,54.55,53.13,53.23,23142.41,124217.582
920663.BJ,20250716,19.97,20.88,19.72,20.65,38858.37,79450.164
920748.BJ,20250716,61.44,62.55,61.2,61.36,11877.61,73390.071
920821.BJ,20250716,31.98,32.37,30.89,30.97,65476.67,204218.636
920030.BJ,20250716,7.6,7.74,7.55,7.58,35934.69,27349.06
920163.BJ,20250716,18.33,18.83,18.28,18.45,17288.49,31978.139
920271.BJ,20250716,17.29,17.39,17.17,17.25,7675.84,13252.578
920227.BJ,20250716,70.0,71.48,69.5,69.88,7441.43,52335.611
920262.BJ,20250716,26.0,26.32,25.68,25.81,9197.82,23850.722
920275.BJ,20250716,10.28,10.41,10.24,10.33,8253.58,8530.192
920402.BJ,20250716,10.69,10.84,10.6,10.66,71884.66,77036.484
920870.BJ,20250716,18.01,18.11,17.83,17.9,12187.48,21870.324
920701.BJ,20250716,19.69,19.93,19.68,19.73,4850.21,9596.644
920810.BJ,20250716,16.27,18.35,16.14,17.9,129245.48,223828.889
920837.BJ,20250716,17.74,18.29,17.45,17.58,63724.87,114288.901
920924.BJ,20250716,30.85,30.85,29.32,29.5,40411.03,121257.101
920971.BJ,20250716,37.3,38.26,37.03,37.06,40757.51,153029.164
920273.BJ,20250716,39.25,39.3,38.75,39.28,13709.2,53568.076
920371.BJ,20250716,10.78,10.81,10.58,10.72,22792.05,24391.573
920493.BJ,20250716,154.0,157.75,148.8,148.9,32511.76,499688.407
920680.BJ,20250716,6.9,9.42,6.88,9.42,185449.75,161347.9
920719.BJ,20250716,17.5,17.63,17.25,17.3,40842.78,71072.336
920725.BJ,20250716,29.85,29.87,29.34,29.57,8419.42,24886.647
920729.BJ,20250716,9.5,9.88,9.47,9.73,50015.38,48565.412
920790.BJ,20250716,49.2,49.49,48.01,48.61,22991.5,111899.955
920792.BJ,20250716,13.76,13.8,13.19,13.27,41190.22,55535.772
920146.BJ,20250716,10.14,10.23,10.04,10.16,46390.22,46979.899
920199.BJ,20250716,34.9,35.3,34.5,34.95,18955.64,66144.147
920204.BJ,20250716,22.29,22.5,21.8,21.95,19261.09,42517.153
920299.BJ,20250716,21.6,21.96,21.51,21.64,38336.6,83411.163
920357.BJ,20250716,25.78,25.96,25.23,25.32,25120.1,64021.778
920436.BJ,20250716,20.99,21.32,20.74,21.18,18802.49,39787.107
920608.BJ,20250716,20.81,21.03,20.47,20.61,8280.52,17216.701
920656.BJ,20250716,18.19,18.35,17.98,18.1,7687.37,13951.509
920926.BJ,20250716,17.58,17.58,17.17,17.29,7268.14,12584.438
920866.BJ,20250716,10.21,10.23,10.05,10.1,22048.48,22329.589
920976.BJ,20250716,26.87,27.3,26.72,26.97,7403.84,20012.041
920245.BJ,20250716,30.99,30.99,30.31,30.7,3868.55,11866.197
920363.BJ,20250716,22.26,22.55,21.88,21.95,17504.96,38749.174
920396.BJ,20250716,37.66,37.9,37.02,37.42,30864.27,115467.981
920578.BJ,20250716,29.44,29.68,28.93,29.01,17670.93,51755.19
920553.BJ,20250716,10.01,10.13,9.92,9.97,8932.48,8917.535
920634.BJ,20250716,29.12,29.13,28.4,28.89,18487.24,53079.116
920642.BJ,20250716,19.08,19.36,18.85,19.12,32619.44,62190.424
920694.BJ,20250716,18.63,18.95,18.58,18.81,12032.3,22627.599
920753.BJ,20250716,29.2,29.59,28.06,28.37,21493.23,61540.859
920857.BJ,20250716,19.33,19.52,19.02,19.06,3760.44,7220.733
920970.BJ,20250716,9.36,9.47,9.27,9.33,28981.93,27132.221
920981.BJ,20250716,35.55,36.17,35.4,35.7,8953.23,32024.902
920190.BJ,20250716,32.45,32.45,31.78,31.81,16979.93,54398.361
920351.BJ,20250716,31.1,31.8,31.03,31.41,27675.42,86698.881
920374.BJ,20250716,33.2,33.58,32.8,32.9,9499.85,31441.529
920392.BJ,20250716,23.24,23.91,23.03,23.43,34130.34,80058.856
920541.BJ,20250716,16.88,16.88,16.55,16.63,15080.28,25185.1
920808.BJ,20250716,59.98,60.56,58.65,59.05,22737.9,135157.885
920895.BJ,20250716,35.17,35.19,34.57,34.59,6900.91,24032.198
920925.BJ,20250716,19.6,21.09,19.2,21.03,37103.13,74370.812
920931.BJ,20250716,17.47,17.8,17.22,17.31,9701.27,16947.303
920953.BJ,20250716,37.5,37.93,36.73,36.76,22458.11,83643.33
920001.BJ,20250716,23.7,24.07,23.7,23.86,14112.92,33690.75
920122.BJ,20250716,47.02,47.55,45.0,45.53,24515.74,112795.487
920132.BJ,20250716,25.99,26.68,25.1,25.7,30904.59,79925.133
920252.BJ,20250716,19.12,19.52,19.0,19.17,34399.2,66105.94
920367.BJ,20250716,24.7,25.14,24.55,24.58,12690.38,31420.483
920169.BJ,20250716,39.3,40.4,38.7,39.62,46472.86,183184.188
920223.BJ,20250716,10.99,11.09,10.81,10.88,19599.99,21374.314
920505.BJ,20250716,75.45,76.0,72.81,73.91,39037.9,289547.546
920339.BJ,20250716,10.93,10.95,10.72,10.83,5899.13,6371.128
920527.BJ,20250716,22.0,22.0,21.27,21.49,22480.83,48417.784
920570.BJ,20250716,42.48,42.48,41.72,41.86,9706.75,40768.252
920576.BJ,20250716,33.87,34.29,33.4,33.56,12557.98,42248.333
920593.BJ,20250716,36.45,37.95,36.1,37.16,80724.49,300444.774
920665.BJ,20250716,14.88,14.97,14.53,14.68,12480.11,18355.828
920679.BJ,20250716,21.15,21.37,20.61,20.89,4178.3,8746.973
920690.BJ,20250716,25.29,25.29,24.9,25.0,5881.08,14738.234
920693.BJ,20250716,41.88,42.7,41.41,41.88,6211.08,26106.192
920703.BJ,20250716,16.39,16.49,16.22,16.34,7387.48,12074.021
920706.BJ,20250716,18.6,18.65,18.27,18.39,13194.11,24315.528
920026.BJ,20250716,29.3,29.93,29.0,29.66,22057.53,65243.668
920806.BJ,20250716,16.04,16.21,15.84,15.9,30147.5,48173.162
920833.BJ,20250716,21.6,22.58,20.89,21.13,55706.68,121306.492
920002.BJ,20250716,128.02,132.88,125.01,128.02,25999.32,334677.609
920008.BJ,20250716,38.45,38.66,37.75,37.95,12079.93,46101.649
920016.BJ,20250716,25.44,25.84,25.32,25.75,12792.15,32713.185
920019.BJ,20250716,24.41,24.41,23.88,24.15,21333.27,51251.395
920027.BJ,20250716,28.99,29.04,28.76,28.9,9648.18,27838.481
920029.BJ,20250716,92.41,93.91,91.93,93.1,6470.83,60118.705
920037.BJ,20250716,71.6,73.98,70.4,72.09,47873.92,344717.564
920060.BJ,20250716,32.19,33.57,31.5,32.98,63075.22,205583.471
920066.BJ,20250716,34.0,34.28,33.0,33.4,7330.98,24573.87
920068.BJ,20250716,20.23,20.23,20.0,20.06,28692.25,57559.07
920082.BJ,20250716,20.2,20.3,19.19,20.26,34085.0,67875.5
920088.BJ,20250716,37.46,37.68,37.0,37.33,23695.31,88361.177
920098.BJ,20250716,33.5,33.5,33.12,33.27,8777.71,29263.928
920099.BJ,20250716,32.59,32.95,32.59,32.77,6915.17,22656.407
920106.BJ,20250716,99.51,103.8,99.3,101.4,6961.44,70956.395
920108.BJ,20250716,18.8,19.68,18.18,18.88,82439.9,158138.299
920111.BJ,20250716,27.94,28.15,27.65,27.83,8495.57,23672.518
920116.BJ,20250716,68.28,68.5,67.67,67.95,9341.4,63509.482
920118.BJ,20250716,27.73,27.89,27.04,27.35,4987.7,13659.545
920128.BJ,20250716,36.21,36.89,35.98,36.85,12780.04,46736.852
920167.BJ,20250716,21.28,21.74,20.96,21.7,37650.96,80245.15
920445.BJ,20250716,10.1,10.2,10.06,10.11,15015.0,15192.354
920489.BJ,20250716,22.99,23.0,22.61,22.7,23808.73,54257.171
920682.BJ,20250716,9.72,9.8,9.62,9.69,32859.86,31880.776
920799.BJ,20250716,60.55,60.6,59.4,59.85,33060.98,198656.691
920819.BJ,20250716,4.22,4.23,4.16,4.19,83623.08,35059.628
