ts_code,trade_date,open,high,low,close,vol,amount
600166.SH,20240913,2.3,2.31,2.27,2.28,372273.0,85105.741
000507.SZ,20240913,4.41,4.43,4.38,4.39,29786.01,13115.245
300732.SZ,20240913,6.31,6.37,6.19,6.2,44151.4,27748.568
603116.SH,20240913,4.02,4.04,3.96,3.97,21889.2,8742.104
000695.SZ,20240913,10.38,10.83,10.12,10.3,30963.32,32334.352
600958.SH,20240913,8.48,8.55,8.43,8.43,200441.04,170032.487
600535.SH,20240913,13.59,13.98,13.54,13.78,140480.8,194309.186
002645.SZ,20240913,6.19,6.24,6.01,6.01,58981.4,35782.108
600520.SH,20240913,17.52,17.74,16.84,16.84,135800.0,234541.234
600250.SH,20240913,7.52,7.62,7.41,7.6,84953.49,64132.753
603256.SH,20240913,6.68,6.71,6.46,6.46,71940.0,47226.714
603697.SH,20240913,5.56,5.63,5.47,5.48,22037.0,12192.084
000421.SZ,20240913,4.47,4.52,4.45,4.47,81501.05,36584.916
301280.SZ,20240913,33.6,33.84,32.44,32.51,6594.43,21684.869
605108.SH,20240913,15.9,16.1,15.84,15.84,14141.6,22555.881
688190.SH,20240913,62.81,63.44,60.71,60.79,2535.52,15634.925
605168.SH,20240913,24.87,25.17,24.57,24.59,22613.0,56191.181
603529.SH,20240913,31.64,31.88,31.24,31.35,35342.38,111143.753
603117.SH,20240913,4.31,4.35,4.26,4.29,20567.0,8863.988
920033.BJ,20240913,16.26,16.37,15.9,15.9,4134.94,6676.211
688306.SH,20240913,3.8,3.8,3.72,3.73,30322.88,11362.124
300429.SZ,20240913,9.43,9.51,9.02,9.06,142822.46,131603.261
002732.SZ,20240913,13.58,13.65,13.45,13.46,4800.0,6495.476
603998.SH,20240913,10.12,10.2,9.92,9.93,52113.5,52209.332
688630.SH,20240913,49.88,50.4,49.25,49.72,15082.83,75174.238
300940.SZ,20240913,12.54,12.54,12.08,12.18,14958.11,18298.643
000630.SZ,20240913,2.96,2.98,2.94,2.95,1513077.82,447132.584
003022.SZ,20240913,13.16,13.25,12.84,12.87,23643.7,30726.881
300471.SZ,20240913,8.31,8.39,8.18,8.23,29654.0,24463.122
301360.SZ,20240913,43.1,43.8,42.22,42.29,13420.89,57494.502
300446.SZ,20240913,11.4,11.46,11.13,11.21,179025.01,202469.833
000009.SZ,20240913,7.65,7.68,7.42,7.42,106593.29,79960.896
001277.SZ,20240913,32.1,32.67,31.31,31.65,34403.27,110281.992
605366.SH,20240913,5.07,5.11,4.94,4.94,24031.28,12006.321
603031.SH,20240913,22.54,22.88,21.91,22.04,10837.79,24333.892
920402.BJ,20240913,5.77,5.92,5.56,5.76,27071.56,15585.894
301317.SZ,20240913,15.89,15.89,14.94,14.94,5869.0,8945.663
688552.SH,20240913,12.82,12.97,12.57,12.63,9104.72,11586.512
603399.SH,20240913,6.63,6.71,6.34,6.36,290957.7,188023.945
001896.SZ,20240913,3.41,3.43,3.37,3.38,77954.0,26494.596
300274.SZ,20240913,78.88,79.27,76.89,78.12,154098.69,1201823.28
603980.SH,20240913,3.33,3.34,3.27,3.27,37196.0,12243.118
688189.SH,20240913,5.85,5.92,5.69,5.72,32574.04,18862.989
920896.BJ,20240913,6.58,6.99,6.46,6.82,8430.98,5687.841
600130.SH,20240913,3.23,3.23,3.16,3.22,108835.02,34830.939
002664.SZ,20240913,11.41,11.5,11.19,11.19,15271.0,17190.118
688345.SH,20240913,14.17,14.17,13.6,13.61,4054.62,5600.249
688428.SH,20240913,11.62,11.93,11.42,11.66,42693.54,49729.797
002401.SZ,20240913,12.91,13.07,12.76,12.79,32374.0,41707.833
301439.SZ,20240913,11.15,11.2,10.8,10.82,10931.72,11984.491
000410.SZ,20240913,6.5,6.5,6.16,6.21,134925.91,84918.88
301075.SZ,20240913,16.83,17.05,16.52,16.53,8526.0,14255.736
300045.SZ,20240913,15.89,16.01,15.45,15.48,119922.0,187834.724
301552.SZ,20240913,41.33,42.0,40.61,40.63,15993.05,65854.215
603122.SH,20240913,5.55,5.82,5.47,5.61,155820.0,87764.91
603338.SH,20240913,48.24,48.88,47.58,48.42,33356.92,161267.82
002666.SZ,20240913,3.52,3.54,3.47,3.48,40297.0,14087.949
002824.SZ,20240913,12.99,13.03,12.46,12.54,36819.58,46592.678
000625.SZ,20240913,11.75,11.82,11.65,11.65,612004.77,716429.475
300333.SZ,20240913,5.12,5.39,5.1,5.2,257344.0,134804.057
002420.SZ,20240913,4.8,4.84,4.73,4.73,61451.0,29350.324
002879.SZ,20240913,12.26,12.26,11.8,11.81,12873.0,15377.651
920445.BJ,20240913,4.08,4.2,4.03,4.12,7914.13,3266.332
603058.SH,20240913,6.69,6.72,6.59,6.62,25778.0,17136.648
603059.SH,20240913,18.63,18.84,18.39,18.64,5834.0,10834.93
605162.SH,20240913,6.05,6.09,5.97,5.98,15051.0,9057.454
000571.SZ,20240913,3.06,3.2,3.05,3.17,208176.0,65216.699
301021.SZ,20240913,16.72,16.89,16.21,16.22,24506.0,40209.54
300423.SZ,20240913,5.36,5.38,5.21,5.25,111212.0,58509.273
920694.BJ,20240913,9.88,10.3,9.8,10.12,2632.77,2645.498
600021.SH,20240913,8.06,8.11,7.99,8.01,79214.44,63782.945
300957.SZ,20240913,41.73,41.95,40.58,40.59,12696.38,52092.671
000690.SZ,20240913,3.86,3.9,3.85,3.87,150619.86,58425.287
000543.SZ,20240913,7.58,7.67,7.54,7.59,132213.6,100594.272
002479.SZ,20240913,3.73,3.75,3.69,3.7,57086.0,21234.498
301269.SZ,20240913,71.42,71.45,70.12,70.35,5804.0,41032.482
603979.SH,20240913,36.26,37.09,36.05,36.16,43172.39,158022.133
001322.SZ,20240913,7.14,7.17,7.04,7.04,16247.95,11514.324
002265.SZ,20240913,9.0,9.13,8.78,8.89,181345.59,161241.846
600395.SH,20240913,4.81,4.88,4.74,4.77,165156.35,79036.979
603786.SH,20240913,49.29,49.98,48.66,48.7,12226.09,60112.287
603098.SH,20240913,7.72,7.74,7.52,7.52,30066.2,22903.031
000017.SZ,20240913,5.42,5.46,5.26,5.28,151073.63,80345.63
920693.BJ,20240913,20.22,24.31,20.12,22.34,25404.98,56364.765
603667.SH,20240913,13.0,13.0,12.48,12.5,54311.2,68633.132
300885.SZ,20240913,8.56,8.72,8.47,8.65,64739.45,55746.334
301019.SZ,20240913,12.32,12.41,12.19,12.2,2108.34,2587.975
301113.SZ,20240913,19.06,19.23,18.55,18.57,3252.0,6118.376
002084.SZ,20240913,2.43,2.45,2.4,2.41,64223.21,15588.584
002457.SZ,20240913,8.36,8.51,8.17,8.17,165218.69,137844.495
002768.SZ,20240913,17.82,17.91,17.5,17.52,9997.0,17699.712
000590.SZ,20240913,5.41,5.55,5.26,5.34,96074.0,51738.635
002800.SZ,20240913,9.02,9.2,8.98,9.11,35935.42,32683.625
002999.SZ,20240913,5.01,5.05,4.97,5.0,18901.0,9454.761
600230.SH,20240913,9.39,9.43,9.28,9.29,15166.2,14166.819
000925.SZ,20240913,5.44,5.48,5.32,5.33,68044.1,36517.338
300958.SZ,20240913,9.9,10.04,9.79,9.92,18747.73,18620.287
600123.SH,20240913,7.63,7.68,7.47,7.5,101342.6,76657.567
000593.SZ,20240913,4.58,4.58,4.48,4.5,34964.0,15853.749
920061.BJ,20240913,9.76,10.18,9.51,9.91,8310.26,8174.543
688610.SH,20240913,27.12,27.23,26.51,26.82,1714.38,4589.256
002677.SZ,20240913,6.42,6.43,6.3,6.31,14094.29,8950.968
300385.SZ,20240913,3.44,3.47,3.37,3.4,41321.0,14169.37
601880.SH,20240913,1.21,1.22,1.21,1.21,234006.8,28357.393
603071.SH,20240913,10.6,10.64,10.48,10.49,9373.0,9895.726
300220.SZ,20240913,6.82,6.89,6.57,6.59,23380.75,15567.674
002747.SZ,20240913,11.98,11.98,11.68,11.7,63951.0,75414.565
003016.SZ,20240913,6.64,6.68,6.48,6.51,14667.0,9585.226
300295.SZ,20240913,10.09,10.39,9.81,9.94,195700.99,198735.473
601061.SH,20240913,6.78,6.82,6.72,6.72,40877.0,27663.286
300543.SZ,20240913,7.48,7.52,7.37,7.37,36668.0,27219.243
002327.SZ,20240913,7.31,7.43,7.26,7.37,72058.0,53197.778
603096.SH,20240913,15.1,15.17,14.87,14.87,6177.0,9283.512
688779.SH,20240913,4.53,4.53,4.36,4.37,117006.74,51699.34
301182.SZ,20240913,21.11,21.28,19.44,19.44,62360.96,125612.219
300014.SZ,20240913,33.6,34.12,32.8,32.8,157070.87,520173.884
920010.BJ,20240913,3.59,3.68,3.56,3.61,7817.43,2824.455
300482.SZ,20240913,20.35,20.48,20.03,20.03,36556.0,73617.9
000821.SZ,20240913,10.0,10.07,9.71,9.71,137536.45,135282.024
300907.SZ,20240913,17.25,17.48,17.04,17.12,6942.0,11978.888
002782.SZ,20240913,10.26,10.28,10.0,10.02,24321.0,24537.997
601199.SH,20240913,5.19,5.22,5.12,5.13,35092.0,18163.78
002197.SZ,20240913,3.25,3.27,3.14,3.15,126934.0,40472.113
600601.SH,20240913,2.64,2.9,2.63,2.78,1491031.1,414383.639
688330.SH,20240913,20.66,20.94,20.37,20.39,5732.91,11788.472
600543.SH,20240913,5.75,6.19,5.5,5.71,535846.8,312439.313
603390.SH,20240913,7.61,7.64,7.48,7.49,68888.04,51941.09
002832.SZ,20240913,16.81,16.97,16.64,16.68,39866.86,66862.016
300401.SZ,20240913,12.16,12.63,12.12,12.24,224469.0,276967.298
688426.SH,20240913,17.41,17.86,16.9,17.0,12252.39,21393.282
301287.SZ,20240913,23.44,23.77,22.82,23.29,4905.0,11368.735
300371.SZ,20240913,7.94,8.14,7.87,7.88,51929.77,41316.146
002047.SZ,20240913,1.46,1.52,1.45,1.48,129275.01,19218.895
605222.SH,20240913,14.95,15.02,14.58,14.62,15848.5,23358.93
920002.BJ,20240913,38.3,41.25,38.07,39.93,7750.62,30950.164
603339.SH,20240913,9.61,9.61,9.29,9.32,11416.0,10732.353
688039.SH,20240913,20.6,20.86,20.12,20.19,24349.83,49725.69
300653.SZ,20240913,19.0,19.1,18.61,18.67,8846.5,16647.59
920208.BJ,20240913,17.78,17.95,17.43,17.79,480.09,850.098
603079.SH,20240913,10.55,10.65,10.39,10.39,16152.2,16928.503
603211.SH,20240913,13.2,13.4,13.06,13.06,15558.0,20481.317
600300.SH,20240913,2.32,2.32,2.3,2.3,83503.8,19272.211
920123.BJ,20240913,8.83,9.4,8.65,9.14,12966.97,11838.206
301235.SZ,20240913,16.68,16.73,16.15,16.15,6076.0,9963.414
300679.SZ,20240913,31.28,33.11,31.24,32.62,125602.86,408818.122
920718.BJ,20240913,8.51,8.79,8.37,8.58,6524.88,5587.345
603949.SH,20240913,9.92,9.92,9.48,9.48,11959.0,11530.875
300503.SZ,20240913,12.45,12.54,12.19,12.19,61370.88,75515.429
600208.SH,20240913,1.78,1.8,1.77,1.78,453824.1,81161.65
002355.SZ,20240913,4.47,4.51,4.39,4.39,140552.56,62364.349
688720.SH,20240913,31.0,31.39,29.7,29.7,10432.23,31560.874
601916.SH,20240913,2.48,2.51,2.47,2.48,602005.58,149983.281
603997.SH,20240913,11.83,11.92,11.6,11.64,41946.0,49045.048
600809.SH,20240913,153.0,154.45,149.7,150.2,81975.08,1241304.363
300988.SZ,20240913,15.44,15.55,15.05,15.05,15750.0,23962.222
600287.SH,20240913,2.93,2.95,2.9,2.92,43891.0,12829.611
920247.BJ,20240913,12.23,12.62,12.01,12.38,20630.14,25587.01
300411.SZ,20240913,9.79,9.87,9.49,9.53,113285.8,108769.703
300600.SZ,20240913,5.66,5.74,5.6,5.65,30079.0,17012.965
301080.SZ,20240913,33.1,33.5,32.1,32.12,8276.0,26871.802
002245.SZ,20240913,7.25,7.27,7.04,7.04,120587.06,85725.242
688170.SH,20240913,20.36,20.49,19.67,19.71,12625.43,25093.113
300184.SZ,20240913,5.9,5.92,5.68,5.7,1147601.16,659040.334
301130.SZ,20240913,23.72,23.97,23.36,23.36,6438.27,15218.622
300339.SZ,20240913,20.52,20.64,20.08,20.08,291167.26,591549.533
600898.SH,20240913,1.93,1.93,1.77,1.83,178309.59,32712.952
300650.SZ,20240913,9.0,9.0,8.74,8.74,38794.66,34200.872
300218.SZ,20240913,13.48,13.66,13.32,13.32,29979.06,40326.99
600593.SH,20240913,16.09,16.13,15.82,16.08,14720.0,23597.781
002343.SZ,20240913,5.09,5.19,5.05,5.07,90689.0,46372.112
000977.SZ,20240913,31.49,31.8,31.14,31.16,156476.33,492257.467
603950.SH,20240913,11.29,11.36,11.08,11.08,13444.97,15029.995
688319.SH,20240913,8.52,8.69,8.36,8.38,6943.23,5873.441
000825.SZ,20240913,2.97,3.0,2.93,2.94,476866.04,141004.899
603626.SH,20240913,8.6,8.74,8.21,8.21,1417813.16,1193209.342
603048.SH,20240913,12.66,12.66,12.21,12.23,6661.0,8215.76
002415.SZ,20240913,25.27,25.39,25.03,25.08,171472.19,431545.375
688310.SH,20240913,10.03,10.09,9.72,9.78,18361.65,18076.455
600577.SH,20240913,4.05,4.09,4.01,4.02,276519.47,111720.872
300046.SZ,20240913,15.32,15.42,15.08,15.12,97603.0,148332.993
301279.SZ,20240913,16.72,16.72,16.35,16.39,9783.0,16139.016
002867.SZ,20240913,10.43,10.49,10.26,10.26,55275.0,57187.356
300634.SZ,20240913,13.99,14.08,13.6,13.61,123365.88,169931.296
002847.SZ,20240913,39.83,40.87,39.75,39.98,16782.4,67753.086
300843.SZ,20240913,22.47,22.98,22.11,22.12,36735.61,82549.903
600756.SH,20240913,10.62,11.18,10.45,10.54,198000.42,213183.658
603062.SH,20240913,29.26,29.26,28.0,28.0,4276.84,12157.558
920575.BJ,20240913,16.08,16.49,16.02,16.24,6622.61,10741.892
600182.SH,20240913,12.6,12.6,12.36,12.37,10120.0,12589.009
300628.SZ,20240913,34.6,35.67,34.48,34.99,43275.51,152500.43
001215.SZ,20240913,22.66,22.73,21.96,21.96,15005.0,33428.897
600483.SH,20240913,9.13,9.19,8.95,8.97,126975.04,114750.294
603788.SH,20240913,11.44,11.48,11.09,11.1,22140.0,24869.638
002562.SZ,20240913,3.3,3.37,3.26,3.27,183299.54,60785.425
603015.SH,20240913,6.63,6.67,6.45,6.47,37950.43,24761.297
000928.SZ,20240913,5.24,5.31,5.23,5.25,96700.02,51001.57
300224.SZ,20240913,8.26,8.29,8.1,8.1,20763.0,16952.625
000886.SZ,20240913,4.3,4.47,4.27,4.4,220323.56,96631.534
002461.SZ,20240913,8.46,8.54,8.35,8.37,40629.96,34279.498
300960.SZ,20240913,18.36,18.47,17.97,17.97,21803.0,39585.136
600705.SH,20240913,2.26,2.33,2.26,2.29,467950.35,107587.724
600844.SH,20240913,2.29,2.46,2.27,2.37,193519.0,46103.875
002866.SZ,20240913,13.68,13.99,13.05,13.17,301925.36,405949.997
300370.SZ,20240913,1.75,1.84,1.73,1.82,260952.0,46899.088
300175.SZ,20240913,5.08,5.5,5.03,5.18,458983.01,241194.27
000723.SZ,20240913,3.97,3.98,3.91,3.92,175142.0,69065.899
600505.SH,20240913,8.01,8.23,7.96,8.01,104947.11,84850.878
920578.BJ,20240913,10.0,10.6,10.0,10.38,5686.5,5867.121
600825.SH,20240913,3.82,3.86,3.75,3.81,54887.56,20965.201
603466.SH,20240913,7.08,7.1,6.78,6.79,162153.97,111512.137
600152.SH,20240913,5.26,5.26,5.01,5.03,229070.03,116414.979
601187.SH,20240913,4.53,4.55,4.48,4.48,83205.0,37516.238
300925.SZ,20240913,11.88,12.28,11.58,11.8,659882.9,781584.225
603126.SH,20240913,4.99,5.17,4.94,5.06,130523.25,66280.588
000608.SZ,20240913,1.5,1.55,1.48,1.5,147598.0,22337.71
603661.SH,20240913,32.34,32.36,30.71,30.83,7021.26,21973.561
002344.SZ,20240913,3.05,3.09,3.03,3.06,59113.0,18102.599
002728.SZ,20240913,7.12,7.19,7.01,7.02,64531.91,45643.022
920720.BJ,20240913,7.3,7.85,7.24,7.6,24476.03,18585.771
688217.SH,20240913,14.3,14.3,13.81,13.85,6693.83,9358.325
301119.SZ,20240913,17.65,17.65,16.8,16.83,17610.26,30033.673
688270.SH,20240913,20.47,20.6,19.66,19.67,31661.19,63160.849
600509.SH,20240913,4.78,4.82,4.77,4.8,51279.04,24620.937
001222.SZ,20240913,10.33,10.38,10.05,10.09,7912.0,8064.056
002209.SZ,20240913,7.61,7.7,7.54,7.57,20142.0,15325.936
688107.SH,20240913,18.18,18.21,17.61,17.63,9685.14,17337.346
601333.SH,20240913,3.16,3.21,3.12,3.13,342772.01,108250.801
603829.SH,20240913,13.14,13.24,13.05,13.11,31173.0,41017.051
920433.BJ,20240913,3.77,3.87,3.73,3.79,13080.27,4968.778
000096.SZ,20240913,8.75,8.82,8.58,8.6,60541.01,52648.674
603102.SH,20240913,29.39,29.39,28.71,28.9,1638.0,4759.03
002878.SZ,20240913,10.33,10.43,10.1,10.1,136503.37,139240.201
301446.SZ,20240913,18.52,18.74,18.11,18.2,13130.53,24124.469
001223.SZ,20240913,31.01,31.13,30.23,30.28,4714.0,14399.375
688077.SH,20240913,14.36,14.38,13.75,13.75,7040.11,9865.924
300952.SZ,20240913,16.4,16.53,16.2,16.22,4058.0,6635.527
003029.SZ,20240913,16.82,16.94,16.47,16.48,28109.0,46712.834
301022.SZ,20240913,17.69,17.69,16.78,16.78,11777.3,20118.705
920985.BJ,20240913,4.96,5.1,4.93,5.03,18311.06,9185.129
300510.SZ,20240913,4.76,4.76,4.28,4.43,1474477.16,660418.642
300404.SZ,20240913,7.34,7.36,7.23,7.24,44146.38,32086.68
002592.SZ,20240913,4.08,4.12,4.04,4.04,16189.0,6610.48
603138.SH,20240913,12.27,12.31,11.81,11.82,91532.0,109631.448
300408.SZ,20240913,29.1,30.08,28.91,29.63,109412.0,325627.413
002758.SZ,20240913,6.99,7.02,6.91,6.91,18985.0,13199.152
002835.SZ,20240913,13.11,13.16,12.86,12.87,25334.0,32905.501
002714.SZ,20240913,37.18,37.83,36.85,37.41,158405.65,593363.527
300718.SZ,20240913,13.22,13.94,12.98,13.33,126699.77,169053.3
300769.SZ,20240913,25.94,26.13,23.7,23.75,184082.62,450575.23
600933.SH,20240913,12.88,12.97,12.52,12.55,48886.43,61902.913
688403.SH,20240913,6.75,6.75,6.53,6.56,28706.07,19018.308
301608.SZ,20240913,48.72,48.87,47.3,47.3,18200.51,87186.458
300006.SZ,20240913,2.72,3.2,2.64,2.99,689562.56,202970.106
688646.SH,20240913,24.61,24.66,23.78,23.87,4924.12,11944.958
300852.SZ,20240913,20.8,21.04,20.45,20.45,9350.4,19331.475
600293.SH,20240913,2.4,2.4,2.37,2.39,32339.0,7706.964
688496.SH,20240913,6.84,6.88,6.56,6.56,31772.5,21239.938
300773.SZ,20240913,11.79,11.93,11.62,11.64,75656.0,89031.618
603816.SH,20240913,22.51,22.84,21.76,21.8,52719.84,116979.374
603500.SH,20240913,5.51,5.54,5.34,5.36,25821.8,13990.577
002535.SZ,20240913,3.21,3.21,3.14,3.15,79896.6,25313.971
603658.SH,20240913,38.7,38.83,38.21,38.36,20005.5,76925.504
605068.SH,20240913,11.6,11.74,11.39,11.4,11220.0,12903.753
688282.SH,20240913,21.97,22.23,21.9,22.01,1263.2,2777.859
300306.SZ,20240913,9.54,9.57,9.27,9.27,34409.0,32231.445
300508.SZ,20240913,19.64,19.81,19.19,19.19,9026.24,17472.62
603928.SH,20240913,7.19,7.19,7.04,7.06,13198.3,9368.974
301067.SZ,20240913,20.12,20.27,19.63,19.69,21662.4,42995.002
300468.SZ,20240913,9.11,9.16,8.79,8.8,236040.84,210659.43
603716.SH,20240913,5.83,5.9,5.72,5.79,59195.44,34535.6
002237.SZ,20240913,9.16,9.2,8.91,8.91,185114.0,166645.885
300789.SZ,20240913,12.2,12.26,11.9,11.9,10664.09,12803.607
603359.SH,20240913,3.44,3.49,3.41,3.42,47777.6,16470.114
603107.SH,20240913,15.2,15.27,14.91,14.91,17814.6,26823.583
688401.SH,20240913,20.06,20.08,18.8,18.91,39224.81,75521.633
301172.SZ,20240913,23.34,23.5,22.44,22.47,20721.33,47486.677
600903.SH,20240913,6.24,6.27,6.21,6.23,23283.8,14525.498
300074.SZ,20240913,3.18,3.23,3.12,3.13,123102.24,38892.265
603239.SH,20240913,11.45,11.65,11.12,11.13,22665.0,25566.826
002857.SZ,20240913,10.14,10.19,9.82,9.84,22790.0,22646.565
688349.SH,20240913,23.64,23.68,23.18,23.59,11931.24,27890.159
002831.SZ,20240913,21.87,21.91,21.4,21.48,14822.84,32023.839
002579.SZ,20240913,6.66,6.66,6.45,6.45,89296.0,58212.59
688325.SH,20240913,30.9,31.09,30.37,30.38,4288.67,13111.01
300102.SZ,20240913,5.87,6.11,5.82,5.95,308159.99,184375.54
603789.SH,20240913,6.47,6.77,6.44,6.58,44741.91,29379.886
300211.SZ,20240913,5.5,5.54,5.33,5.34,70365.0,37981.704
603171.SH,20240913,22.94,23.2,22.65,22.66,20773.0,47459.667
300859.SZ,20240913,27.83,28.4,26.76,27.3,93917.0,258508.998
688399.SH,20240913,77.94,78.18,76.64,77.36,2885.05,22294.762
301199.SZ,20240913,21.81,21.81,21.17,21.25,8686.0,18595.484
600200.SH,20240913,8.4,8.43,8.18,8.18,83702.0,69247.264
002695.SZ,20240913,6.15,6.18,6.07,6.07,25802.0,15762.921
600839.SH,20240913,4.96,4.97,4.71,4.72,2103305.24,1008524.289
000680.SZ,20240913,6.66,6.83,6.61,6.73,142430.45,95881.406
603618.SH,20240913,4.29,4.3,4.19,4.19,40977.0,17327.262
002041.SZ,20240913,7.76,7.85,7.73,7.77,29441.0,22932.848
605136.SH,20240913,5.9,5.95,5.77,5.79,46475.0,27196.403
300364.SZ,20240913,16.78,17.2,16.53,16.53,317739.0,534180.534
002820.SZ,20240913,7.07,7.07,6.89,6.92,23201.0,16186.32
300844.SZ,20240913,25.07,26.5,25.07,25.6,20464.1,53145.916
600506.SH,20240913,10.92,11.05,10.65,10.69,39754.0,43054.53
000685.SZ,20240913,7.21,7.22,7.13,7.18,112876.56,80909.197
920496.BJ,20240913,4.1,4.26,4.07,4.18,15856.22,6603.78
688215.SH,20240913,15.55,15.55,15.15,15.15,2101.64,3208.165
688766.SH,20240913,61.01,61.3,59.8,60.26,10117.2,61081.005
600763.SH,20240913,42.4,42.8,41.35,41.56,34005.64,142881.511
600171.SH,20240913,20.5,20.61,19.75,19.75,599980.87,1203005.401
603111.SH,20240913,5.06,5.12,5.04,5.05,22711.0,11524.728
600712.SH,20240913,3.4,3.46,3.38,3.41,58310.85,19949.036
688100.SH,20240913,34.6,35.03,34.13,34.31,8063.6,27959.232
300573.SZ,20240913,74.21,74.45,71.8,71.88,53847.68,393052.62
300660.SZ,20240913,23.39,23.49,22.86,22.86,14483.2,33452.985
300063.SZ,20240913,4.15,4.23,4.04,4.06,334915.0,138697.365
300910.SZ,20240913,36.23,36.34,35.67,35.8,9177.9,32948.631
002838.SZ,20240913,8.74,8.78,8.61,8.67,21052.0,18252.966
301158.SZ,20240913,11.6,11.63,11.22,11.24,9733.0,11065.112
300005.SZ,20240913,5.22,5.26,4.98,4.98,295692.23,150460.218
688131.SH,20240913,25.55,25.77,25.02,25.1,14185.03,35850.223
002981.SZ,20240913,18.5,18.92,18.2,18.24,32275.26,59660.635
002107.SZ,20240913,3.69,3.7,3.61,3.61,31839.6,11583.452
600704.SH,20240913,4.05,4.08,4.02,4.02,188554.11,76311.345
002719.SZ,20240913,5.68,5.7,5.6,5.6,21951.0,12383.853
688619.SH,20240913,5.92,5.94,5.71,5.75,11488.22,6654.002
300244.SZ,20240913,9.91,9.91,9.73,9.73,66360.45,65113.907
002448.SZ,20240913,5.3,5.3,5.13,5.14,70894.0,36726.45
300448.SZ,20240913,4.57,4.58,4.47,4.48,160368.0,72262.518
301026.SZ,20240913,24.94,25.08,24.28,24.28,9735.0,23953.562
002093.SZ,20240913,5.95,5.96,5.83,5.83,49277.01,28948.373
000811.SZ,20240913,8.04,8.06,7.95,7.95,38452.0,30756.079
688059.SH,20240913,40.09,40.27,39.5,39.5,3562.5,14160.891
920047.BJ,20240913,10.36,10.47,10.05,10.34,7927.75,8106.212
000757.SZ,20240913,2.78,2.79,2.73,2.78,63853.4,17638.626
301205.SZ,20240913,56.28,58.5,55.44,55.44,47289.81,269001.885
002968.SZ,20240913,8.63,8.7,8.44,8.47,24673.0,21147.223
000731.SZ,20240913,6.6,6.64,6.57,6.57,16287.0,10749.028
920225.BJ,20240913,7.11,7.36,7.01,7.15,5735.46,4080.452
603888.SH,20240913,19.49,19.49,19.15,19.15,19158.37,36942.984
600363.SH,20240913,24.48,24.69,24.14,24.39,26025.0,63344.52
301555.SZ,20240913,24.2,24.2,22.83,22.9,7487.48,17471.856
002801.SZ,20240913,20.68,21.28,18.62,19.2,58865.16,114505.978
002851.SZ,20240913,23.17,23.47,22.75,22.8,33096.0,76014.63
603882.SH,20240913,28.02,28.15,27.52,27.6,31531.0,87717.3
600845.SH,20240913,29.8,29.85,29.18,29.19,32168.86,94541.962
603327.SH,20240913,10.8,10.88,10.54,10.55,59363.17,63521.472
600728.SH,20240913,3.84,3.85,3.78,3.79,99808.0,37962.589
300017.SZ,20240913,6.73,6.75,6.52,6.53,445493.2,294859.308
300909.SZ,20240913,18.63,18.74,17.95,17.99,15541.0,28309.243
600221.SH,20240913,1.03,1.04,1.02,1.03,509305.43,52431.534
688569.SH,20240913,18.29,18.36,17.88,17.93,3352.08,6065.56
688719.SH,20240913,21.4,21.7,20.77,20.78,3137.5,6603.132
603041.SH,20240913,9.06,9.06,8.81,8.85,7909.0,7025.263
300311.SZ,20240913,3.13,3.16,3.06,3.06,184058.0,56902.559
300447.SZ,20240913,10.65,10.73,10.41,10.41,21546.0,22688.24
300906.SZ,20240913,18.76,18.76,18.17,18.17,4649.0,8522.602
600742.SH,20240913,7.33,7.34,7.22,7.23,36391.26,26460.246
301178.SZ,20240913,20.42,20.53,19.58,19.7,28365.8,56777.694
600977.SH,20240913,9.77,9.84,9.75,9.78,29624.0,28993.807
300280.SZ,20240913,11.97,12.0,11.62,11.64,67824.0,79701.231
601568.SH,20240913,3.7,3.73,3.65,3.66,56348.6,20703.991
002921.SZ,20240913,9.12,9.19,8.9,8.92,11920.0,10730.371
920261.BJ,20240913,7.08,7.08,6.94,6.98,2021.59,1414.389
002128.SZ,20240913,15.35,15.48,15.22,15.29,81592.01,125172.403
300205.SZ,20240913,4.23,4.58,4.15,4.41,145410.6,64153.285
300426.SZ,20240913,6.75,7.1,6.66,6.94,127143.51,87839.992
000541.SZ,20240913,4.47,4.49,4.4,4.4,79469.81,35254.436
688088.SH,20240913,24.3,24.43,23.86,23.86,16486.42,39785.545
301169.SZ,20240913,29.31,29.83,28.45,28.55,20458.21,59408.154
688366.SH,20240913,59.12,59.97,58.83,58.83,2206.0,13086.385
600303.SH,20240913,2.34,2.41,2.34,2.36,78985.0,18755.562
603383.SH,20240913,25.81,25.9,24.77,24.77,38951.4,98170.502
000407.SZ,20240913,2.67,2.72,2.66,2.7,69692.0,18769.94
300867.SZ,20240913,11.48,11.49,11.25,11.25,11429.17,12983.011
920926.BJ,20240913,10.03,10.22,9.74,9.97,9600.6,9598.629
600103.SH,20240913,1.7,1.72,1.7,1.7,87095.9,14871.602
002378.SZ,20240913,5.61,5.62,5.48,5.48,60053.1,33219.01
920274.BJ,20240913,8.28,8.62,8.08,8.45,5602.4,4707.837
600768.SH,20240913,7.38,7.67,7.22,7.33,73351.42,54739.944
601799.SH,20240913,121.56,121.56,117.0,118.0,19554.25,231618.238
600307.SH,20240913,1.21,1.25,1.21,1.24,253291.71,31154.36
000692.SZ,20240913,2.76,2.8,2.73,2.77,26517.02,7354.213
000718.SZ,20240913,1.72,1.74,1.71,1.71,139078.5,23984.269
603730.SH,20240913,9.39,9.46,9.29,9.33,19050.93,17806.893
301337.SZ,20240913,25.9,25.96,25.16,25.34,51867.89,132758.678
688623.SH,20240913,45.17,46.12,45.17,45.8,262.92,1199.557
300752.SZ,20240913,12.66,12.72,12.27,12.28,42370.87,52800.999
300105.SZ,20240913,5.29,5.42,5.22,5.22,65116.59,34470.582
688536.SH,20240913,76.09,76.88,74.14,74.16,7282.16,54994.125
603686.SH,20240913,7.45,7.47,7.29,7.3,48433.8,35630.19
688143.SH,20240913,17.07,17.38,16.65,16.85,11904.73,20381.723
300698.SZ,20240913,31.15,32.5,30.71,31.05,10945.37,34542.466
603088.SH,20240913,5.98,6.0,5.85,5.85,36742.0,21649.704
920207.BJ,20240913,6.63,7.09,6.4,6.8,29674.45,20108.24
000419.SZ,20240913,4.34,4.45,4.3,4.34,68747.3,30043.132
300420.SZ,20240913,2.14,2.14,2.09,2.09,90243.48,19034.338
003018.SZ,20240913,7.52,7.52,7.35,7.35,11669.0,8672.395
600738.SH,20240913,3.58,3.63,3.55,3.55,37995.89,13634.025
002454.SZ,20240913,5.45,5.49,5.35,5.35,34527.0,18646.439
600157.SH,20240913,1.06,1.07,1.05,1.05,1659958.55,175642.784
002437.SZ,20240913,1.87,1.89,1.85,1.86,219308.0,40942.997
601015.SH,20240913,2.75,2.76,2.71,2.72,58902.37,16088.963
301105.SZ,20240913,23.64,23.64,22.9,22.95,2017.0,4667.138
301062.SZ,20240913,8.39,8.54,8.31,8.5,23180.0,19543.464
301308.SZ,20240913,65.89,66.18,64.5,64.5,24001.65,156601.553
002589.SZ,20240913,2.38,2.41,2.35,2.37,140444.0,33498.334
688677.SH,20240913,27.33,27.33,25.68,25.73,18711.19,49018.179
600927.SH,20240913,11.96,12.25,11.93,12.13,47644.0,57964.466
600338.SH,20240913,9.08,9.12,8.9,8.91,89900.4,80740.999
300918.SZ,20240913,7.38,7.38,7.17,7.2,19714.99,14309.94
600271.SH,20240913,8.16,8.2,8.1,8.14,93538.0,76353.531
300623.SZ,20240913,17.57,17.66,17.35,17.36,66633.0,116470.251
300226.SZ,20240913,15.61,15.62,15.24,15.26,30022.69,46281.853
300131.SZ,20240913,4.94,4.99,4.84,4.85,455635.0,223722.122
002745.SZ,20240913,6.95,7.0,6.85,6.86,80972.76,55988.805
301109.SZ,20240913,14.2,14.28,13.89,13.93,11033.38,15543.672
300399.SZ,20240913,11.76,14.0,11.73,12.84,373874.6,480203.258
600588.SH,20240913,8.71,8.75,8.58,8.59,92439.4,79931.965
301408.SZ,20240913,9.86,9.99,9.73,9.77,24628.65,24271.032
001323.SZ,20240913,28.99,29.37,28.6,28.64,4243.0,12255.444
920931.BJ,20240913,6.5,6.71,6.42,6.57,10014.0,6584.732
600671.SH,20240913,6.66,6.69,6.36,6.41,13034.87,8414.027
002119.SZ,20240913,10.36,10.4,10.12,10.14,52943.07,54182.865
300601.SZ,20240913,13.55,13.65,13.18,13.2,63691.54,85006.28
688378.SH,20240913,14.0,14.15,13.5,13.52,34770.67,47613.397
920533.BJ,20240913,8.89,9.21,8.72,9.03,11961.42,10772.042
301070.SZ,20240913,38.7,38.86,37.3,37.56,4598.0,17515.81
603158.SH,20240913,6.64,6.66,6.5,6.5,61508.6,40296.669
300188.SZ,20240913,10.5,10.55,10.29,10.31,60417.2,62910.015
002043.SZ,20240913,9.3,9.44,9.17,9.19,51871.0,48191.632
300232.SZ,20240913,5.16,5.2,5.07,5.07,83054.0,42450.028
600161.SH,20240913,22.15,22.15,20.72,21.03,274213.87,580769.037
002243.SZ,20240913,5.6,5.76,5.56,5.69,146228.0,83035.113
603027.SH,20240913,10.22,10.27,9.9,9.96,186633.29,187779.983
002466.SZ,20240913,27.43,28.0,25.82,25.82,658605.44,1737856.456
600633.SH,20240913,8.11,8.18,7.97,7.98,47538.35,38253.811
002441.SZ,20240913,6.31,6.35,6.15,6.16,42683.86,26496.685
002955.SZ,20240913,21.17,21.2,20.72,20.74,13561.5,28358.786
603313.SH,20240913,5.53,5.53,5.37,5.38,43102.2,23409.06
603165.SH,20240913,9.8,9.82,9.59,9.61,9986.0,9659.114
688081.SH,20240913,8.85,8.93,8.64,8.69,4267.75,3743.307
000526.SZ,20240913,49.12,50.2,48.39,48.4,12772.0,62622.952
920790.BJ,20240913,6.68,7.13,6.67,6.85,15908.8,10910.71
600697.SH,20240913,9.47,9.56,9.41,9.41,13982.0,13243.309
601600.SH,20240913,6.37,6.47,6.31,6.32,1050155.41,670351.513
688247.SH,20240913,7.66,7.77,7.58,7.58,8965.78,6852.587
688597.SH,20240913,7.96,8.01,7.66,7.67,18198.17,14159.782
002242.SZ,20240913,8.9,8.95,8.78,8.78,29752.0,26355.421
601066.SH,20240913,19.44,19.63,19.35,19.37,64258.6,125070.211
002225.SZ,20240913,3.12,3.19,3.1,3.12,129520.75,40780.793
002858.SZ,20240913,9.66,9.7,9.48,9.52,20149.0,19249.515
300655.SZ,20240913,6.3,6.35,6.16,6.18,69574.94,43431.982
300375.SZ,20240913,3.96,3.96,3.83,3.83,92569.0,35870.251
002792.SZ,20240913,10.63,10.81,10.4,10.4,100997.2,106521.911
920866.BJ,20240913,4.97,5.06,4.92,4.97,1979.79,987.446
600132.SH,20240913,52.51,53.11,52.0,52.31,17077.63,89816.853
002162.SZ,20240913,2.79,3.07,2.78,3.07,269157.85,79793.43
600968.SH,20240913,3.94,3.98,3.9,3.91,251295.96,98913.237
300499.SZ,20240913,9.93,9.94,9.48,9.56,73698.0,70907.525
301285.SZ,20240913,21.95,21.95,20.94,21.7,31172.37,67138.767
688200.SH,20240913,78.77,79.8,77.89,77.89,6264.41,49316.324
000021.SZ,20240913,13.05,13.17,12.87,12.88,175393.4,228281.534
688711.SH,20240913,12.88,12.89,12.51,12.51,16322.69,20655.321
000707.SZ,20240913,6.34,6.37,6.24,6.24,31556.0,19816.216
002139.SZ,20240913,9.3,9.3,9.03,9.05,127078.55,115858.055
688669.SH,20240913,9.78,9.78,9.49,9.55,6602.22,6329.137
603323.SH,20240913,4.22,4.25,4.18,4.18,144801.18,61049.839
688127.SH,20240913,15.38,15.67,15.2,15.3,25444.81,39239.666
920118.BJ,20240913,17.0,19.3,16.85,17.9,37719.18,68391.393
603283.SH,20240913,55.6,58.85,55.2,56.85,95915.81,551622.109
688301.SH,20240913,85.58,87.23,83.88,84.8,9673.12,82361.818
920278.BJ,20240913,4.39,4.63,4.13,4.45,23213.64,10014.215
600722.SH,20240913,3.7,3.71,3.65,3.65,20636.0,7561.911
601222.SH,20240913,7.03,7.11,7.01,7.04,161774.6,114323.825
603803.SH,20240913,5.42,5.47,5.3,5.3,34544.0,18544.847
920339.BJ,20240913,3.79,3.87,3.76,3.82,1316.02,504.149
688007.SH,20240913,12.97,13.03,12.66,12.66,34705.81,44324.267
000963.SZ,20240913,27.94,27.94,27.31,27.31,73382.5,201494.657
688212.SH,20240913,41.14,41.97,39.1,39.4,6383.76,25443.532
000988.SZ,20240913,28.56,29.05,28.43,28.45,109135.01,313566.898
600502.SH,20240913,4.01,4.06,3.96,4.02,279295.69,112745.378
002131.SZ,20240913,1.43,1.47,1.42,1.46,859848.56,125108.581
603601.SH,20240913,2.68,2.69,2.65,2.66,69957.4,18704.762
688152.SH,20240913,34.5,35.88,33.82,33.83,15406.75,53599.67
003039.SZ,20240913,10.9,10.91,10.74,10.77,12884.0,13926.322
301538.SZ,20240913,64.51,64.98,63.3,63.39,5721.07,36591.688
600269.SH,20240913,4.22,4.25,4.16,4.16,196636.66,82632.364
600608.SH,20240913,2.72,2.73,2.68,2.71,13179.0,3571.344
600548.SH,20240913,9.6,9.95,9.6,9.84,121882.86,119577.958
300663.SZ,20240913,10.98,11.15,10.6,10.64,445945.12,483070.345
301297.SZ,20240913,21.27,23.0,20.19,20.38,251222.67,535400.846
600755.SH,20240913,5.57,5.73,5.56,5.69,165329.01,94083.173
300537.SZ,20240913,14.59,14.59,14.0,14.0,37049.67,52609.908
300081.SZ,20240913,4.53,4.57,4.37,4.37,157765.0,69998.685
300433.SZ,20240913,15.35,15.69,15.31,15.39,356888.67,554490.943
603328.SH,20240913,7.58,7.79,7.54,7.64,180003.0,138400.356
301533.SZ,20240913,23.15,23.48,22.69,22.69,8189.86,18804.373
920077.BJ,20240913,7.1,7.29,6.96,7.1,16525.81,11754.955
002142.SZ,20240913,18.66,18.79,18.43,18.43,162804.04,302696.029
688409.SH,20240913,32.63,32.8,32.0,32.01,11886.38,38407.045
600592.SH,20240913,7.93,8.18,7.87,8.03,49717.0,39824.65
301063.SZ,20240913,13.41,13.65,13.27,13.4,21541.92,28949.403
920819.BJ,20240913,2.06,2.12,1.99,2.07,119326.06,24268.299
300787.SZ,20240913,10.99,11.05,10.63,10.89,71879.0,77923.223
600403.SH,20240913,2.37,2.38,2.34,2.35,59379.19,13988.084
600372.SH,20240913,10.56,10.6,10.49,10.52,94482.31,99649.027
000826.SZ,20240913,1.51,1.52,1.48,1.51,205154.68,30889.239
601858.SH,20240913,17.18,17.3,16.79,16.8,32926.16,55913.135
603708.SH,20240913,7.75,7.87,7.63,7.63,62508.54,48275.818
300810.SZ,20240913,15.83,15.87,15.6,15.63,9852.5,15480.857
300059.SZ,20240913,10.45,10.54,10.38,10.38,968291.21,1011898.288
301210.SZ,20240913,26.35,26.6,25.31,25.4,7159.69,18381.02
688533.SH,20240913,22.4,22.47,21.66,21.67,11918.65,26077.692
300125.SZ,20240913,4.91,5.04,4.63,4.71,390236.12,188283.301
600423.SH,20240913,2.25,2.25,2.21,2.22,33500.6,7453.954
600533.SH,20240913,1.75,1.78,1.73,1.77,72843.0,12837.213
002912.SZ,20240913,16.26,16.58,16.12,16.18,21964.98,35660.784
600233.SH,20240913,14.96,15.29,14.9,15.09,106502.36,161492.791
002957.SZ,20240913,11.61,11.68,11.25,11.25,38029.0,43332.933
600613.SH,20240913,5.25,5.26,5.17,5.17,29802.0,15524.268
603488.SH,20240913,7.81,7.84,7.62,7.77,10010.06,7755.72
002899.SZ,20240913,13.0,13.04,12.54,12.58,17448.0,22204.069
600997.SH,20240913,5.77,5.81,5.7,5.72,134973.0,77590.693
920808.BJ,20240913,26.64,29.0,26.1,28.1,18086.64,50501.386
603960.SH,20240913,17.11,17.12,16.6,16.6,51021.0,85742.086
603190.SH,20240913,18.8,19.01,18.56,18.56,6949.0,13003.854
301183.SZ,20240913,35.22,36.42,35.22,35.61,26787.88,96127.809
600547.SH,20240913,25.48,25.98,25.24,25.57,373650.68,959360.832
300875.SZ,20240913,22.01,22.72,21.8,22.03,51844.2,115508.045
600285.SH,20240913,18.64,19.42,18.49,18.77,163967.26,310840.977
603598.SH,20240913,11.48,11.61,11.26,11.27,48878.0,55708.244
002507.SZ,20240913,12.02,12.1,11.75,11.77,84232.03,100182.373
688733.SH,20240913,14.0,14.1,13.35,13.35,19366.36,26336.48
688213.SH,20240913,44.63,45.01,43.86,43.98,19693.67,87491.241
000568.SZ,20240913,102.5,103.1,100.8,100.82,139415.84,1419254.165
600741.SH,20240913,15.59,15.65,15.44,15.59,104886.31,163218.636
000026.SZ,20240913,8.8,8.83,8.71,8.77,16414.03,14395.131
301256.SZ,20240913,5.98,6.0,5.85,5.86,12334.0,7283.076
002839.SZ,20240913,3.66,3.68,3.63,3.63,95961.8,35072.924
601366.SH,20240913,5.05,5.06,5.01,5.03,14205.52,7151.95
300099.SZ,20240913,4.69,4.77,4.59,4.61,64132.03,29885.915
600315.SH,20240913,14.24,14.27,13.97,13.97,35573.49,50051.493
603068.SH,20240913,18.0,18.11,17.54,17.6,15750.0,27989.46
600507.SH,20240913,3.6,3.66,3.59,3.63,63335.02,22995.118
300230.SZ,20240913,3.18,3.19,3.13,3.14,52252.0,16527.81
601921.SH,20240913,7.67,7.74,7.54,7.59,198458.0,151336.616
002853.SZ,20240913,6.96,6.97,6.8,6.8,19242.0,13214.406
603893.SH,20240913,50.14,50.34,49.3,49.38,16021.02,79648.97
002808.SZ,20240913,2.05,2.06,1.95,1.97,108152.6,21468.085
002518.SZ,20240913,16.36,16.5,15.81,15.81,39190.98,62783.724
000792.SZ,20240913,14.83,14.96,14.59,14.73,294370.08,434027.926
300252.SZ,20240913,6.66,6.72,6.5,6.53,130210.5,85736.136
688593.SH,20240913,8.08,8.88,8.08,8.57,65073.72,55682.641
301002.SZ,20240913,14.91,15.01,14.26,14.4,10289.0,15089.293
688291.SH,20240913,14.67,14.74,14.41,14.42,3916.79,5703.332
600869.SH,20240913,3.69,3.73,3.6,3.62,200562.08,73149.456
300487.SZ,20240913,40.54,41.3,40.26,40.89,21134.35,86225.084
300961.SZ,20240913,7.03,7.11,6.83,6.84,20587.0,14232.982
002972.SZ,20240913,9.36,9.42,9.13,9.14,20541.0,19032.874
688531.SH,20240913,38.48,38.48,36.85,37.11,7979.64,29759.305
603826.SH,20240913,28.2,28.48,27.27,27.32,24283.32,67063.049
300053.SZ,20240913,9.29,9.37,9.03,9.04,188311.67,172596.035
301578.SZ,20240913,39.14,39.3,38.1,38.98,38898.66,150302.617
600063.SH,20240913,3.15,3.16,3.12,3.13,67144.0,21086.729
300337.SZ,20240913,7.72,7.72,7.4,7.4,371418.0,279226.748
688603.SH,20240913,58.7,59.29,57.24,57.9,5757.2,33492.767
600667.SH,20240913,5.08,5.11,5.04,5.05,110167.0,55867.54
688616.SH,20240913,7.51,7.54,7.22,7.22,13116.67,9615.659
002557.SZ,20240913,25.33,25.55,24.9,24.95,28600.26,72059.81
000505.SZ,20240913,5.44,5.64,5.34,5.51,189515.32,103973.583
920895.BJ,20240913,6.74,7.08,6.66,6.91,6323.5,4355.225
001387.SZ,20240913,12.92,13.13,12.51,12.51,31910.76,40542.251
688026.SH,20240913,11.16,11.2,10.75,10.8,17743.35,19397.924
688095.SH,20240913,50.18,50.45,49.6,49.73,11296.88,56550.706
603321.SH,20240913,5.74,5.75,5.6,5.6,12073.0,6818.908
300258.SZ,20240913,7.03,7.06,6.88,6.88,37778.0,26203.382
688687.SH,20240913,20.81,21.03,19.66,19.69,25400.89,51034.131
002584.SZ,20240913,6.08,6.12,6.0,6.0,140191.13,84766.287
688776.SH,20240913,38.36,38.56,37.2,37.24,7057.41,26564.186
920564.BJ,20240913,8.62,8.9,8.45,8.76,13729.04,11959.503
600061.SH,20240913,5.75,5.82,5.73,5.74,134131.3,77349.295
600640.SH,20240913,9.5,9.58,9.4,9.4,42538.0,40350.531
002573.SZ,20240913,3.3,3.3,3.24,3.24,24910.0,8127.357
300033.SZ,20240913,99.86,101.08,98.5,98.52,36828.75,367380.405
002803.SZ,20240913,9.89,9.97,9.67,9.67,25974.0,25416.714
002038.SZ,20240913,6.58,6.72,6.32,6.32,88616.96,57102.286
603578.SH,20240913,10.68,11.04,10.65,10.84,10276.86,11132.581
603858.SH,20240913,14.52,14.8,14.45,14.73,44086.9,64487.216
920682.BJ,20240913,4.4,4.57,4.39,4.47,11177.44,5009.366
300677.SZ,20240913,27.14,27.44,27.01,27.13,45315.3,123430.256
301371.SZ,20240913,27.8,28.06,27.29,27.3,5191.6,14344.407
300162.SZ,20240913,5.82,5.85,5.66,5.67,138401.0,79302.602
000779.SZ,20240913,7.28,7.45,6.88,6.9,248291.77,177902.546
000987.SZ,20240913,4.92,4.99,4.89,4.91,202001.57,99832.885
688231.SH,20240913,11.73,11.74,11.39,11.43,6620.53,7597.672
000638.SZ,20240913,3.73,3.75,3.65,3.66,113747.0,41947.696
300738.SZ,20240913,8.9,8.95,8.69,8.69,118897.04,104595.846
002615.SZ,20240913,6.79,6.89,6.66,6.67,101569.5,68837.81
300548.SZ,20240913,17.36,17.59,17.02,17.03,43534.0,75231.965
603100.SH,20240913,16.18,16.33,16.0,16.03,19170.3,30872.367
002141.SZ,20240913,1.28,1.29,1.24,1.26,137943.0,17386.76
600235.SH,20240913,4.5,4.51,4.45,4.46,20666.0,9252.091
002799.SZ,20240913,6.6,6.91,6.46,6.74,174555.0,116869.736
920885.BJ,20240913,5.22,5.45,5.01,5.31,17062.22,8982.611
920367.BJ,20240913,9.48,9.83,9.2,9.58,15551.2,14715.623
001318.SZ,20240913,10.0,10.0,9.75,9.75,17987.3,17732.658
002534.SZ,20240913,9.4,9.48,9.12,9.15,31844.0,29474.446
600580.SH,20240913,10.25,10.34,10.0,10.0,179922.83,181347.198
300132.SZ,20240913,3.64,3.66,3.56,3.57,33154.71,11939.984
601107.SH,20240913,4.48,4.54,4.46,4.48,56625.1,25445.243
688696.SH,20240913,54.55,54.76,51.8,52.24,9810.17,51850.462
600830.SH,20240913,7.65,8.26,7.63,8.09,290095.99,235018.7
003005.SZ,20240913,21.48,21.63,21.0,21.09,14979.0,31942.113
688653.SH,20240913,10.1,10.2,9.88,9.88,13271.99,13232.755
920870.BJ,20240913,7.48,7.89,7.31,7.6,21833.31,16605.139
002393.SZ,20240913,14.51,14.58,14.29,14.3,15190.13,21873.027
688573.SH,20240913,13.87,14.16,13.33,13.33,11040.21,14875.568
300373.SZ,20240913,34.75,34.75,34.1,34.15,35325.26,121355.04
001283.SZ,20240913,33.8,34.11,32.17,32.17,14624.0,48030.783
600072.SH,20240913,12.66,13.75,12.45,13.32,649558.12,852480.835
002258.SZ,20240913,6.95,6.98,6.83,6.84,29003.6,19923.467
000008.SZ,20240913,2.0,2.05,1.99,2.03,330971.8,66791.364
300065.SZ,20240913,6.32,6.36,6.25,6.26,70249.0,44191.677
603217.SH,20240913,12.67,12.73,12.36,12.36,10646.0,13275.046
601665.SH,20240913,4.18,4.21,4.13,4.14,163646.67,68260.594
600272.SH,20240913,9.53,10.48,9.29,10.48,274531.5,281228.405
603696.SH,20240913,6.58,6.58,6.44,6.45,11652.0,7560.279
301232.SZ,20240913,22.91,22.98,22.38,22.41,10880.8,24530.765
688138.SH,20240913,16.67,16.74,16.39,16.41,21623.83,35768.302
605287.SH,20240913,10.73,10.86,10.54,10.55,15964.8,17065.182
603995.SH,20240913,15.9,15.99,15.65,15.67,14319.0,22584.878
000895.SZ,20240913,22.53,23.07,22.49,22.94,78341.64,179368.23
000898.SZ,20240913,1.83,1.86,1.82,1.84,495558.78,90915.629
300751.SZ,20240913,77.49,77.58,75.38,75.42,17236.56,131480.138
688137.SH,20240913,29.95,29.96,29.14,29.55,2706.06,7972.262
600479.SH,20240913,9.13,9.45,9.1,9.36,131283.43,122635.055
600749.SH,20240913,10.09,10.18,10.0,10.02,31138.0,31346.992
601869.SH,20240913,22.61,22.75,22.3,22.35,11394.1,25623.74
300145.SZ,20240913,2.24,2.26,2.21,2.23,153862.6,34383.922
603127.SH,20240913,13.8,13.83,13.49,13.5,66683.32,90857.801
600720.SH,20240913,7.9,8.04,7.9,7.98,39898.74,31856.653
300630.SZ,20240913,8.15,8.26,7.81,7.81,265775.6,211386.773
920016.BJ,20240913,12.49,45.0,12.2,25.6,153721.63,247272.852
002334.SZ,20240913,5.59,5.59,5.43,5.43,59450.0,32609.985
688261.SH,20240913,29.62,30.05,28.75,28.8,10752.79,31442.301
002617.SZ,20240913,5.33,5.33,5.18,5.2,164128.89,85931.082
000797.SZ,20240913,2.48,2.54,2.47,2.52,210675.79,53044.641
002446.SZ,20240913,5.46,5.55,5.35,5.35,176863.08,95751.704
002127.SZ,20240913,2.61,2.64,2.57,2.58,205978.94,53510.386
603701.SH,20240913,11.3,11.37,11.11,11.16,15340.78,17204.287
600803.SH,20240913,17.75,17.9,17.52,17.78,45700.75,81236.115
301141.SZ,20240913,26.69,26.85,25.71,25.75,16812.4,44023.549
000905.SZ,20240913,5.44,5.45,5.39,5.4,22368.0,12112.111
002008.SZ,20240913,18.64,18.77,18.22,18.24,92398.02,169955.788
600158.SH,20240913,6.59,6.63,6.55,6.58,49759.01,32814.89
300851.SZ,20240913,23.93,24.33,23.52,24.33,16205.77,38926.463
688129.SH,20240913,11.5,11.63,11.32,11.32,3465.23,3951.038
300456.SZ,20240913,14.25,14.33,13.95,13.96,98112.08,138672.948
600589.SH,20240913,2.23,2.25,2.16,2.17,92894.0,20342.201
600126.SH,20240913,3.3,3.35,3.28,3.31,114347.3,37936.621
000980.SZ,20240913,1.47,1.48,1.44,1.44,615993.09,89725.506
301320.SZ,20240913,13.3,13.45,12.75,12.84,33497.0,43446.46
600345.SH,20240913,14.97,15.08,14.76,14.8,28123.0,41903.669
000697.SZ,20240913,5.49,5.79,5.38,5.54,141743.01,79167.17
002811.SZ,20240913,6.61,6.78,6.55,6.6,36575.0,24396.068
300475.SZ,20240913,24.36,24.65,23.96,23.96,44385.5,107597.627
603125.SH,20240913,15.42,15.45,14.89,14.91,13157.1,19852.709
920833.BJ,20240913,7.51,7.67,7.33,7.5,3231.8,2416.575
688383.SH,20240913,40.44,41.34,40.26,40.51,11336.64,46116.024
301218.SZ,20240913,18.25,18.3,17.55,17.6,17729.0,31707.924
601929.SH,20240913,1.05,1.08,1.04,1.05,770530.38,81720.328
600561.SH,20240913,4.57,4.57,4.38,4.4,151983.17,67173.848
300041.SZ,20240913,7.24,7.27,7.05,7.05,58567.35,41707.628
688004.SH,20240913,10.44,10.45,10.06,10.12,8411.98,8578.949
600629.SH,20240913,4.25,4.29,4.21,4.23,72736.37,30890.518
688631.SH,20240913,50.5,50.98,48.71,48.79,13818.16,68079.813
000059.SZ,20240913,3.73,3.76,3.68,3.69,61568.77,22877.156
300862.SZ,20240913,19.65,20.57,19.51,19.85,24342.42,48643.974
603317.SH,20240913,8.79,8.81,8.53,8.56,52247.84,45176.862
300497.SZ,20240913,7.62,7.69,7.52,7.54,19957.0,15115.999
920651.BJ,20240913,10.6,11.01,10.46,10.8,1684.15,1804.722
002517.SZ,20240913,9.51,9.61,9.32,9.34,351765.6,332923.4
603677.SH,20240913,10.29,10.35,10.03,10.08,18046.76,18408.777
301012.SZ,20240913,19.0,19.23,18.26,18.26,65851.0,122720.298
603119.SH,20240913,13.57,13.74,13.25,13.25,13529.05,18139.691
300613.SZ,20240913,31.88,32.16,31.22,31.22,27185.31,86061.612
603291.SH,20240913,9.44,9.44,9.11,9.15,14876.9,13699.889
301273.SZ,20240913,14.4,14.56,13.93,13.97,7232.0,10222.604
600693.SH,20240913,2.89,2.92,2.85,2.86,67699.0,19545.869
603220.SH,20240913,17.57,17.73,17.26,17.26,77911.2,136091.665
301197.SZ,20240913,11.45,11.49,10.92,10.96,14170.09,15781.713
002880.SZ,20240913,24.72,24.85,23.8,23.98,11978.66,29044.153
002228.SZ,20240913,2.44,2.46,2.43,2.45,36666.48,8956.926
002090.SZ,20240913,7.21,7.23,7.08,7.09,40875.5,29205.294
002918.SZ,20240913,7.1,7.1,6.95,6.95,28144.35,19712.561
300417.SZ,20240913,8.2,8.23,7.99,8.01,29340.0,23628.239
000936.SZ,20240913,5.32,5.35,5.21,5.22,112527.0,59335.665
600503.SH,20240913,1.74,1.79,1.73,1.74,281429.01,49311.025
002272.SZ,20240913,4.71,4.73,4.49,4.5,187511.77,85725.249
600572.SH,20240913,4.01,4.03,3.98,3.98,149235.02,59699.618
688468.SH,20240913,5.7,5.7,5.52,5.52,23578.95,13134.103
001326.SZ,20240913,30.26,30.58,29.39,29.39,3808.99,11340.756
002984.SZ,20240913,23.91,24.1,23.54,23.57,52938.16,125356.692
600004.SH,20240913,8.64,8.65,8.55,8.58,56249.45,48400.716
688121.SH,20240913,9.58,9.58,9.12,9.18,13769.49,12794.118
600108.SH,20240913,2.36,2.39,2.33,2.36,80546.0,19045.112
000012.SZ,20240913,4.86,5.01,4.83,4.93,244108.04,120887.407
920245.BJ,20240913,9.61,9.75,9.41,9.58,1108.72,1059.602
603586.SH,20240913,11.26,11.86,11.1,11.49,67428.65,77380.986
600919.SH,20240913,7.58,7.67,7.49,7.49,652942.56,494390.839
002822.SZ,20240913,1.95,2.04,1.95,2.03,321521.28,64816.32
300780.SZ,20240913,12.61,12.72,12.33,12.35,25396.0,31624.735
600523.SH,20240913,9.82,9.89,9.72,9.74,25442.0,24932.538
603005.SH,20240913,17.35,17.46,17.07,17.07,107910.16,186048.737
601975.SH,20240913,2.8,2.83,2.78,2.78,328673.67,92001.194
300836.SZ,20240913,36.4,36.61,34.78,35.02,15465.0,54562.395
600981.SH,20240913,1.81,1.93,1.77,1.87,611820.86,113402.65
600602.SH,20240913,9.69,9.75,9.52,9.53,90644.2,86991.139
688772.SH,20240913,14.1,14.22,13.9,13.97,45517.03,63992.23
300651.SZ,20240913,11.01,11.01,10.77,10.79,9892.0,10737.56
002166.SZ,20240913,6.85,6.92,6.74,6.74,88950.05,60512.825
002993.SZ,20240913,23.9,24.0,23.37,23.39,47010.31,111127.302
600408.SH,20240913,1.49,1.51,1.48,1.49,52313.0,7836.692
002278.SZ,20240913,4.26,4.27,4.2,4.21,46032.0,19497.685
600495.SH,20240913,3.26,3.34,3.22,3.3,172486.4,56806.383
600516.SH,20240913,3.88,3.89,3.83,3.85,116446.87,44853.969
002423.SZ,20240913,7.19,7.34,7.18,7.22,132987.01,96652.236
300585.SZ,20240913,10.79,10.94,10.72,10.81,39529.01,42849.771
002219.SZ,20240913,1.85,1.87,1.8,1.85,652867.19,119158.956
600622.SH,20240913,1.7,1.76,1.7,1.74,200343.07,34796.705
601326.SH,20240913,3.15,3.19,3.13,3.15,119116.0,37649.551
603178.SH,20240913,18.85,18.89,18.29,18.31,22047.0,40752.783
688611.SH,20240913,26.83,27.47,26.39,27.01,3409.76,9222.501
002023.SZ,20240913,8.22,8.26,8.1,8.1,51375.0,41892.239
000829.SZ,20240913,8.5,8.63,8.3,8.33,206901.0,173922.86
002101.SZ,20240913,10.4,10.4,10.17,10.17,28332.0,28978.077
002995.SZ,20240913,13.44,13.52,13.15,13.16,18776.0,24912.693
002929.SZ,20240913,24.4,24.6,24.03,24.06,23983.0,58158.544
603182.SH,20240913,10.35,10.37,10.15,10.19,4133.0,4246.038
601658.SH,20240913,4.53,4.63,4.53,4.57,1348633.07,618705.794
000520.SZ,20240913,2.09,2.19,2.07,2.16,343864.54,73741.234
603518.SH,20240913,6.3,6.3,6.15,6.17,39235.6,24400.378
605128.SH,20240913,26.04,26.27,25.81,26.1,9363.38,24415.681
002040.SZ,20240913,5.38,5.41,5.34,5.35,17555.6,9424.269
600081.SH,20240913,8.1,8.15,7.99,8.0,17711.59,14241.535
000908.SZ,20240913,4.74,4.79,4.51,4.79,1066619.21,505432.944
600865.SH,20240913,6.2,6.2,6.09,6.12,10143.5,6236.388
603489.SH,20240913,17.81,17.84,17.1,17.2,16465.49,28705.64
300965.SZ,20240913,23.95,23.95,23.38,23.38,3239.0,7642.477
002414.SZ,20240913,5.96,5.99,5.87,5.87,119213.85,70614.719
002908.SZ,20240913,7.1,7.4,6.99,7.39,164515.17,117965.56
000735.SZ,20240913,4.71,4.74,4.65,4.68,123275.0,57831.267
002750.SZ,20240913,2.11,2.14,2.05,2.07,118001.0,24622.687
003035.SZ,20240913,4.01,4.03,3.97,3.98,53442.0,21311.993
002462.SZ,20240913,10.57,10.6,10.39,10.39,22464.3,23554.772
600346.SH,20240913,12.4,12.63,12.39,12.46,95611.22,119654.034
301003.SZ,20240913,18.44,18.5,17.96,17.96,5912.8,10738.548
600121.SH,20240913,3.05,3.07,3.03,3.04,51922.0,15840.38
002205.SZ,20240913,6.45,6.64,6.38,6.51,94185.24,61464.042
000605.SZ,20240913,4.4,4.47,4.37,4.39,30926.2,13653.481
002743.SZ,20240913,3.59,3.59,3.52,3.53,18201.0,6473.836
000897.SZ,20240913,1.98,2.01,1.97,1.99,141490.82,28209.32
301051.SZ,20240913,24.14,24.4,23.84,23.9,7336.6,17688.472
000995.SZ,20240913,8.93,9.05,8.71,8.94,51799.38,46153.972
688317.SH,20240913,14.61,14.64,14.12,14.2,14679.28,21069.399
600917.SH,20240913,5.24,5.27,5.21,5.22,7741.1,4047.562
000635.SZ,20240913,5.74,5.83,5.67,5.74,26570.0,15338.39
300790.SZ,20240913,12.48,12.61,12.23,12.23,34153.63,42255.48
301038.SZ,20240913,13.64,13.99,13.6,13.62,36451.26,50323.725
300444.SZ,20240913,5.6,5.64,5.43,5.43,136407.0,74978.561
002891.SZ,20240913,20.58,20.73,20.36,20.4,18134.5,37223.407
688244.SH,20240913,21.75,22.19,21.32,21.37,2173.32,4723.661
920199.BJ,20240913,10.15,10.64,10.05,10.49,10478.68,10839.155
300945.SZ,20240913,8.3,8.41,8.1,8.11,100877.0,83633.537
603173.SH,20240913,17.8,17.89,17.2,17.2,13576.0,23675.789
300044.SZ,20240913,4.02,4.05,3.91,3.91,157785.12,62546.66
600725.SH,20240913,2.32,2.34,2.28,2.29,54971.5,12692.132
002564.SZ,20240913,2.82,2.95,2.81,2.91,136887.0,39612.913
600173.SH,20240913,3.53,3.58,3.52,3.53,33396.01,11856.483
002556.SZ,20240913,4.48,4.49,4.43,4.43,44337.0,19729.523
000858.SZ,20240913,113.3,113.3,109.2,109.2,311530.86,3444726.618
301216.SZ,20240913,9.46,9.54,9.34,9.38,15285.54,14380.017
920014.BJ,20240913,7.53,7.64,7.43,7.62,1112.88,843.132
603507.SH,20240913,21.7,21.7,21.15,21.21,22217.5,47403.811
002024.SZ,20240913,1.34,1.35,1.32,1.33,97404.44,12988.238
300842.SZ,20240913,34.34,34.43,32.93,32.95,40695.03,135821.743
605228.SH,20240913,8.08,8.08,7.88,7.88,30440.0,24193.285
603136.SH,20240913,9.88,9.95,9.61,9.64,31810.7,30989.447
600751.SH,20240913,2.17,2.19,2.15,2.17,132712.16,28887.228
688737.SH,20240913,12.6,12.7,12.16,12.16,11839.38,14695.003
002996.SZ,20240913,5.01,5.04,4.88,4.9,41908.7,20623.862
000677.SZ,20240913,2.48,2.73,2.47,2.65,530241.38,141203.968
002959.SZ,20240913,35.55,35.87,35.08,35.12,10054.0,35651.773
600439.SH,20240913,2.35,2.39,2.35,2.39,292250.92,69700.037
688655.SH,20240913,8.64,8.72,8.46,8.46,9696.2,8272.568
600732.SH,20240913,7.98,8.05,7.63,7.63,227450.38,176962.98
601101.SH,20240913,7.88,7.91,7.7,7.72,83987.47,65576.687
002337.SZ,20240913,3.93,3.93,3.84,3.84,40842.0,15800.177
920395.BJ,20240913,6.9,6.98,6.66,6.86,9008.27,6155.518
300999.SZ,20240913,25.42,25.53,25.18,25.2,25169.15,63765.275
301123.SZ,20240913,15.41,15.44,14.9,14.9,25959.0,39271.531
603860.SH,20240913,24.9,26.35,24.8,25.47,52058.2,133055.442
603660.SH,20240913,4.99,5.0,4.85,4.86,74188.0,36410.914
300684.SZ,20240913,14.83,14.93,14.57,14.58,54056.38,79378.943
002560.SZ,20240913,5.2,5.22,5.1,5.1,30433.0,15627.36
600057.SH,20240913,4.72,4.74,4.66,4.69,200887.7,94370.958
300611.SZ,20240913,8.28,8.34,8.02,8.03,48403.0,39425.841
301181.SZ,20240913,18.66,18.68,17.87,17.87,10045.5,18254.865
600804.SH,20240913,1.64,1.68,1.62,1.62,625463.0,101812.936
002606.SZ,20240913,8.46,8.52,8.3,8.32,92156.0,77414.831
002467.SZ,20240913,3.31,3.32,3.22,3.22,196911.6,64092.123
688179.SH,20240913,10.25,10.35,9.98,10.0,16585.92,16809.997
603052.SH,20240913,26.16,26.31,25.62,25.86,8092.16,20984.19
603289.SH,20240913,7.48,7.49,7.27,7.29,21259.0,15638.101
688525.SH,20240913,42.28,42.68,41.11,41.42,89524.66,374120.724
600783.SH,20240913,9.98,10.24,9.96,10.11,31252.29,31608.158
001311.SZ,20240913,20.28,20.33,19.72,19.74,11359.09,22656.935
300421.SZ,20240913,8.44,8.52,8.2,8.2,76298.4,63207.754
300501.SZ,20240913,11.52,11.56,11.25,11.28,15971.0,18148.365
600757.SH,20240913,8.69,8.76,8.54,8.65,107266.27,92715.272
002528.SZ,20240913,2.25,2.27,2.17,2.17,403940.48,88991.531
688070.SH,20240913,24.63,24.71,23.78,23.85,4558.18,10967.886
000055.SZ,20240913,3.27,3.31,3.26,3.27,27290.95,8970.914
300383.SZ,20240913,7.93,7.93,7.79,7.8,80278.09,63091.889
603881.SH,20240913,13.24,13.32,13.12,13.16,39632.69,52333.161
688251.SH,20240913,14.1,14.1,13.62,13.68,10542.8,14531.341
688246.SH,20240913,16.24,16.32,15.96,15.97,6159.7,9902.551
301589.SZ,20240913,155.02,160.4,155.02,156.66,6456.4,101939.459
301229.SZ,20240913,17.6,17.69,17.04,17.06,6798.4,11678.978
300891.SZ,20240913,7.05,7.12,7.0,7.01,28975.0,20395.394
603680.SH,20240913,6.99,7.08,6.95,6.95,14709.8,10278.908
600155.SH,20240913,6.05,6.13,6.02,6.06,318605.99,193355.319
002775.SZ,20240913,2.27,2.38,2.26,2.36,157747.8,36948.055
920570.BJ,20240913,18.41,19.3,17.93,19.17,7998.68,14973.783
301159.SZ,20240913,26.6,26.88,25.52,25.57,19951.0,52209.417
688690.SH,20240913,14.2,14.2,13.79,13.8,21941.17,30573.359
000629.SZ,20240913,2.27,2.29,2.25,2.26,387179.0,87974.464
600099.SH,20240913,7.4,7.53,7.31,7.45,88963.85,66377.087
688027.SH,20240913,153.28,155.77,150.91,153.5,16886.56,259347.45
002395.SZ,20240913,12.92,13.19,12.65,13.04,55362.45,71471.262
301580.SZ,20240913,48.97,49.26,48.13,48.15,8736.11,42435.352
600397.SH,20240913,1.84,1.87,1.83,1.84,56696.0,10484.16
920030.BJ,20240913,3.41,3.54,3.29,3.42,44537.9,15172.585
002364.SZ,20240913,6.25,6.28,6.13,6.14,62180.01,38448.717
301099.SZ,20240913,29.47,29.68,28.9,28.9,14810.0,43208.593
600605.SH,20240913,24.92,25.0,24.62,24.73,12950.13,32075.945
300130.SZ,20240913,15.46,15.51,14.95,14.97,172800.0,261612.17
603344.SH,20240913,19.3,19.33,18.7,18.71,12151.31,23064.424
002154.SZ,20240913,3.25,3.28,3.18,3.2,269517.16,86920.458
603602.SH,20240913,12.23,12.25,12.0,12.08,18828.45,22812.987
600089.SH,20240913,11.98,12.04,11.8,11.81,143267.43,170419.762
920075.BJ,20240913,10.82,11.05,10.56,10.89,1943.48,2106.057
000035.SZ,20240913,4.13,4.15,4.06,4.08,136429.39,55897.646
603895.SH,20240913,16.24,16.24,15.9,15.91,5481.0,8791.804
002039.SZ,20240913,14.97,15.05,14.79,14.8,42614.13,63480.054
000631.SZ,20240913,2.2,2.24,2.2,2.21,42089.48,9348.747
688390.SH,20240913,48.0,48.19,44.61,45.58,158417.99,720717.507
002407.SZ,20240913,9.87,9.92,9.54,9.54,107293.32,103565.133
300896.SZ,20240913,137.55,137.98,135.0,135.1,14108.06,192036.304
688157.SH,20240913,38.87,39.49,38.24,38.59,2642.12,10208.581
300416.SZ,20240913,9.97,9.99,9.57,9.57,93003.92,90536.044
603168.SH,20240913,6.3,6.35,6.1,6.1,44327.82,27449.587
688122.SH,20240913,34.23,34.5,33.88,34.45,30699.0,104799.775
600149.SH,20240913,3.25,3.5,3.22,3.39,156060.02,52725.128
002255.SZ,20240913,4.29,4.29,4.13,4.17,50787.5,21352.703
920284.BJ,20240913,5.15,5.27,5.02,5.19,7319.47,3780.732
603822.SH,20240913,24.93,25.55,24.32,24.47,9097.0,22522.463
002035.SZ,20240913,6.08,6.2,6.02,6.04,176746.0,107748.595
300901.SZ,20240913,6.89,6.99,6.79,6.88,24572.51,16930.458
603380.SH,20240913,20.42,20.43,20.09,20.14,8499.0,17208.793
688158.SH,20240913,9.74,9.74,9.43,9.43,36664.77,35046.753
601168.SH,20240913,14.48,14.71,14.29,14.3,218168.08,316367.071
600579.SH,20240913,5.15,5.37,5.13,5.24,153154.0,80597.041
300288.SZ,20240913,11.06,11.16,10.89,10.91,49641.01,54691.723
002729.SZ,20240913,10.38,10.54,10.2,10.22,58221.77,60317.959
600339.SH,20240913,2.9,2.91,2.86,2.86,204289.0,58885.236
300344.SZ,20240913,3.55,3.98,3.36,3.78,1039525.07,382807.814
002513.SZ,20240913,3.53,3.53,3.32,3.36,113521.0,38421.611
688089.SH,20240913,14.99,14.99,14.54,14.59,13368.06,19655.339
300753.SZ,20240913,11.55,11.55,11.15,11.18,21520.0,24308.209
301226.SZ,20240913,17.6,18.28,17.42,17.6,54711.2,97336.13
605567.SH,20240913,7.66,7.66,7.47,7.47,10705.0,8064.221
600637.SH,20240913,6.23,6.24,6.17,6.18,93071.47,57768.532
000778.SZ,20240913,3.09,3.1,3.03,3.04,371646.22,113902.316
600638.SH,20240913,3.74,3.79,3.71,3.75,62507.86,23510.97
000935.SZ,20240913,10.35,10.58,10.3,10.39,31278.21,32657.597
002607.SZ,20240913,1.84,1.88,1.82,1.84,2876854.05,530986.362
300298.SZ,20240913,24.31,24.45,23.72,24.11,22127.0,53171.459
688256.SH,20240913,216.55,225.3,213.76,220.5,67555.02,1493104.038
002240.SZ,20240913,11.49,11.6,10.9,10.9,163151.18,181350.193
300465.SZ,20240913,7.54,7.58,7.28,7.34,140259.0,103789.683
603499.SH,20240913,14.05,15.35,13.85,15.06,86022.99,125937.991
688562.SH,20240913,12.68,12.69,12.25,12.26,11564.66,14359.594
688296.SH,20240913,8.06,8.08,7.81,7.9,7516.44,5978.134
300329.SZ,20240913,4.1,4.18,4.03,4.07,73919.0,30166.657
600654.SH,20240913,2.15,2.15,2.12,2.13,44791.0,9571.581
002471.SZ,20240913,1.96,1.97,1.93,1.93,90042.51,17524.726
002368.SZ,20240913,14.9,15.23,14.69,14.82,158631.47,237189.636
688235.SH,20240913,145.97,151.6,145.0,151.0,36557.75,545484.265
603001.SH,20240913,4.24,4.24,4.12,4.14,16589.0,6932.823
600760.SH,20240913,40.46,40.71,40.38,40.48,34083.97,138159.72
300466.SZ,20240913,6.14,6.17,6.03,6.04,78845.68,47954.564
300127.SZ,20240913,13.2,13.24,12.88,12.89,12669.0,16464.667
301291.SZ,20240913,31.44,31.9,30.7,31.0,32039.0,99412.086
000968.SZ,20240913,5.45,5.51,5.41,5.48,38677.0,21123.631
002301.SZ,20240913,4.81,4.83,4.69,4.7,37866.39,17963.411
600191.SH,20240913,4.78,4.78,4.65,4.66,17693.41,8343.171
300741.SZ,20240913,15.25,15.34,15.06,15.1,9747.0,14806.52
920478.BJ,20240913,11.53,11.77,11.36,11.61,6435.47,7468.515
002852.SZ,20240913,6.31,6.33,6.2,6.2,25742.0,16112.603
002605.SZ,20240913,20.45,20.74,20.03,20.09,59381.0,120601.933
600726.SH,20240913,1.93,1.96,1.92,1.95,83156.61,16162.405
601577.SH,20240913,6.65,6.71,6.61,6.61,180319.16,120066.633
600675.SH,20240913,2.45,2.55,2.45,2.52,272537.25,68488.466
000837.SZ,20240913,6.9,6.94,6.75,6.76,52304.98,35579.977
605488.SH,20240913,11.67,11.67,11.19,11.22,21892.0,24856.067
600055.SH,20240913,12.13,12.26,11.96,12.02,20921.0,25311.831
002688.SZ,20240913,3.55,3.57,3.51,3.51,41801.3,14757.797
002422.SZ,20240913,30.11,30.5,29.76,30.05,103913.0,311959.967
002536.SZ,20240913,8.8,8.8,8.58,8.58,55569.8,48158.596
603109.SH,20240913,12.34,12.34,12.2,12.23,9436.0,11570.563
600758.SH,20240913,2.72,2.74,2.67,2.68,88305.34,23931.06
600226.SH,20240913,1.85,1.86,1.84,1.85,52773.6,9776.816
688472.SH,20240913,11.38,11.38,10.76,10.77,198975.51,217595.552
002883.SZ,20240913,8.41,8.68,8.35,8.42,56245.0,47954.502
603298.SH,20240913,18.03,18.13,17.45,17.54,69150.53,122061.527
001209.SZ,20240913,12.73,12.75,11.84,12.19,72143.22,86798.739
603318.SH,20240913,5.7,5.71,5.59,5.6,30403.64,17137.279
002590.SZ,20240913,11.22,11.26,10.96,10.96,53659.0,59321.228
688047.SH,20240913,91.9,93.87,88.26,89.8,26060.38,236367.519
600148.SH,20240913,13.51,14.55,13.05,13.86,152906.6,213554.314
000048.SZ,20240913,13.14,13.16,12.89,12.99,17426.26,22645.806
300307.SZ,20240913,5.31,5.49,5.22,5.23,128947.72,68732.368
002200.SZ,20240913,4.91,4.98,4.85,4.86,4774.59,2340.912
920522.BJ,20240913,12.61,13.18,12.52,12.86,16097.79,20550.265
601888.SH,20240913,54.7,55.7,54.54,54.84,127061.09,700952.315
000921.SZ,20240913,24.92,25.42,24.42,24.45,108335.81,269224.128
300341.SZ,20240913,9.02,10.46,9.01,9.42,339042.1,321056.439
605598.SH,20240913,16.83,16.89,16.21,16.23,21391.4,35221.471
688166.SH,20240913,23.99,23.99,22.82,23.0,73387.37,169845.162
603899.SH,20240913,25.96,25.98,25.5,25.5,24564.51,63142.635
920006.BJ,20240913,8.88,9.17,8.68,9.02,7763.18,6939.615
002600.SZ,20240913,6.28,6.45,6.21,6.21,1907891.92,1208348.666
601816.SH,20240913,5.27,5.32,5.24,5.27,750425.0,396177.741
300629.SZ,20240913,15.52,15.58,15.17,15.2,12511.98,19202.188
000683.SZ,20240913,5.02,5.04,4.95,4.97,247599.32,123413.111
002608.SZ,20240913,6.5,6.55,6.47,6.49,50351.0,32773.406
301059.SZ,20240913,7.92,8.01,7.85,7.88,7596.0,6015.09
603055.SH,20240913,9.73,9.8,9.56,9.57,30749.66,29709.328
002726.SZ,20240913,6.53,6.57,6.47,6.48,39338.0,25610.081
603090.SH,20240913,14.0,14.1,13.28,13.36,33367.94,45216.444
301388.SZ,20240913,17.92,17.92,17.33,17.35,11635.0,20432.916
600855.SH,20240913,8.89,9.12,8.86,8.92,91067.01,81870.449
003023.SZ,20240913,15.37,15.43,15.02,15.02,12055.0,18320.556
002049.SZ,20240913,45.68,45.86,44.96,45.04,49052.91,222581.385
688518.SH,20240913,12.01,12.06,11.65,11.65,34789.74,40957.403
300643.SZ,20240913,9.99,10.11,9.81,9.81,40425.92,39994.906
300040.SZ,20240913,5.25,5.31,5.0,5.02,223230.8,114305.988
002796.SZ,20240913,8.66,8.8,8.47,8.48,88719.96,76155.111
603377.SH,20240913,1.46,1.5,1.43,1.46,71539.24,10509.467
002548.SZ,20240913,3.56,3.57,3.51,3.52,56813.3,20078.974
301098.SZ,20240913,7.28,7.38,7.18,7.2,13610.57,9911.576
002693.SZ,20240913,6.94,6.94,6.94,6.94,28753.93,19955.227
300412.SZ,20240913,3.33,3.41,3.28,3.29,122093.0,40644.163
002547.SZ,20240913,2.67,2.67,2.59,2.61,232710.18,60869.909
600378.SH,20240913,24.92,25.24,24.71,24.82,9886.96,24658.448
600887.SH,20240913,21.78,21.85,21.32,21.57,435291.32,939714.459
300560.SZ,20240913,11.58,11.71,11.06,11.1,122222.5,138204.55
600153.SH,20240913,7.42,7.55,7.39,7.48,230194.24,172473.134
301548.SZ,20240913,40.03,40.87,39.99,40.14,3159.16,12735.111
300702.SZ,20240913,14.74,14.84,14.6,14.6,8125.0,11927.796
002519.SZ,20240913,4.42,4.42,4.28,4.3,128390.0,55683.154
301331.SZ,20240913,21.3,21.34,20.81,20.81,4657.33,9805.791
300204.SZ,20240913,6.32,6.45,6.22,6.3,65765.2,41486.544
001269.SZ,20240913,23.46,23.83,22.67,22.67,21124.4,48735.128
603379.SH,20240913,28.14,28.88,27.93,27.96,49369.16,139973.005
300212.SZ,20240913,15.05,15.13,14.48,14.48,85792.0,126028.158
002515.SZ,20240913,4.04,4.08,4.01,4.02,51798.04,20938.629
600571.SH,20240913,9.04,9.09,8.77,8.81,256800.35,228323.644
600084.SH,20240913,4.72,4.8,4.66,4.74,27685.0,13084.803
920679.BJ,20240913,10.23,10.48,10.06,10.26,2826.83,2899.244
301380.SZ,20240913,31.66,31.81,30.75,30.78,7094.0,22040.645
603517.SH,20240913,12.26,12.35,11.93,11.94,93774.0,113539.269
002103.SZ,20240913,5.06,5.1,4.99,4.99,66497.0,33447.266
605389.SH,20240913,17.66,17.66,17.13,17.15,2831.56,4894.375
002307.SZ,20240913,2.84,2.87,2.8,2.81,85860.6,24382.469
600583.SH,20240913,4.91,5.0,4.87,4.87,195842.76,96564.396
300191.SZ,20240913,11.81,11.96,11.76,11.76,9810.0,11629.71
300636.SZ,20240913,7.23,7.23,6.95,6.98,48239.35,33988.755
920227.BJ,20240913,18.76,19.06,18.3,18.82,816.18,1531.913
300745.SZ,20240913,13.6,13.8,13.21,13.21,32139.0,42994.232
688392.SH,20240913,31.4,31.4,29.93,30.1,5147.27,15643.937
002749.SZ,20240913,12.57,12.61,12.17,12.19,27432.13,33833.827
600106.SH,20240913,3.74,3.89,3.71,3.85,511788.4,195676.935
000878.SZ,20240913,10.9,10.94,10.67,10.68,156205.0,168449.258
300815.SZ,20240913,11.19,11.19,10.98,10.98,16048.08,17765.331
301536.SZ,20240913,29.69,29.99,28.78,28.78,18035.35,52781.227
920608.BJ,20240913,7.04,7.25,7.0,7.12,1894.7,1350.788
920145.BJ,20240913,4.52,4.65,4.49,4.59,3203.46,1466.412
920556.BJ,20240913,3.83,3.98,3.81,3.88,5179.26,2020.971
002652.SZ,20240913,2.64,2.66,2.56,2.57,68570.6,17859.021
603906.SH,20240913,6.96,7.07,6.75,6.77,63372.5,43393.183
603019.SH,20240913,35.79,36.16,35.33,35.46,149740.6,535327.969
300788.SZ,20240913,23.8,24.05,23.42,23.44,31646.66,74947.187
605166.SH,20240913,8.91,8.91,8.67,8.69,22004.0,19263.4
002561.SZ,20240913,7.09,7.2,7.03,7.09,79783.0,56904.502
600211.SH,20240913,32.55,32.55,31.73,31.82,13531.5,43360.31
002305.SZ,20240913,1.51,1.58,1.5,1.54,820609.99,126779.074
688083.SH,20240913,68.13,69.78,67.48,67.8,8232.66,56117.262
600537.SH,20240913,2.36,2.38,2.27,2.28,163739.0,37786.61
001336.SZ,20240913,15.73,15.75,15.14,15.19,6362.0,9767.693
920489.BJ,20240913,6.23,6.62,6.04,6.35,64230.23,40533.998
601636.SH,20240913,4.76,4.8,4.68,4.69,216106.31,101973.001
000090.SZ,20240913,3.25,3.3,3.24,3.26,102759.97,33632.167
601609.SH,20240913,4.73,4.75,4.65,4.66,31165.49,14612.29
300919.SZ,20240913,29.33,29.48,28.21,28.25,42158.26,120470.321
301419.SZ,20240913,23.3,23.59,22.05,22.09,25464.0,57760.562
001230.SZ,20240913,14.17,14.26,13.95,13.96,4728.6,6632.613
688385.SH,20240913,25.2,25.33,24.3,24.38,43258.21,106793.726
688173.SH,20240913,8.32,8.35,8.08,8.09,21777.33,17821.977
001367.SZ,20240913,25.22,25.42,24.77,24.88,12653.82,31731.287
002161.SZ,20240913,3.95,3.95,3.87,3.87,52881.42,20625.648
688267.SH,20240913,16.86,16.97,16.69,16.73,7319.09,12289.131
301505.SZ,20240913,21.0,22.0,20.6,21.0,22748.12,48383.889
002895.SZ,20240913,17.26,17.42,16.98,17.03,27288.5,46820.699
300302.SZ,20240913,10.38,10.85,10.15,10.59,310666.35,328532.903
300956.SZ,20240913,14.79,14.81,14.29,14.29,64469.84,93126.905
300565.SZ,20240913,10.52,10.69,10.3,10.46,77379.0,80950.653
920665.BJ,20240913,6.97,7.23,6.91,7.08,5081.48,3617.511
300043.SZ,20240913,2.46,2.46,2.38,2.38,252884.0,60829.533
600690.SH,20240913,24.78,25.66,24.69,25.28,353782.98,898523.302
920062.BJ,20240913,4.53,4.63,4.47,4.56,8010.58,3648.317
688023.SH,20240913,29.11,29.5,28.66,28.7,24597.46,71323.073
002953.SZ,20240913,7.47,7.5,7.28,7.28,22811.8,16786.97
000529.SZ,20240913,5.0,5.02,4.89,4.9,44336.0,21872.075
300390.SZ,20240913,16.88,16.92,16.13,16.13,133759.9,219309.213
920719.BJ,20240913,6.1,6.15,5.84,5.96,16116.4,9653.498
002654.SZ,20240913,9.04,9.6,9.04,9.24,362127.8,337709.322
688718.SH,20240913,7.98,8.12,7.7,7.78,5359.81,4187.793
603557.SH,20240913,1.93,2.0,1.93,1.94,18521.0,3633.503
002430.SZ,20240913,17.16,17.22,16.66,16.67,45632.54,76804.122
002634.SZ,20240913,2.88,2.93,2.79,2.79,58335.0,16556.745
000851.SZ,20240913,2.83,2.91,2.75,2.75,699325.88,195310.724
300143.SZ,20240913,7.7,7.75,7.37,7.41,225551.34,168903.621
003011.SZ,20240913,11.85,11.9,11.52,11.52,6567.0,7662.452
002897.SZ,20240913,33.56,33.85,32.61,32.61,50929.0,168420.46
603029.SH,20240913,13.15,13.24,12.98,12.98,9794.0,12829.773
000007.SZ,20240913,4.68,4.79,4.66,4.74,23722.57,11237.524
603373.SH,20240913,25.66,25.77,24.92,24.99,11918.04,30015.458
688110.SH,20240913,15.45,15.45,14.7,14.74,45232.07,67630.435
300767.SZ,20240913,8.45,8.54,8.02,8.02,69572.51,56982.574
601319.SH,20240913,5.98,6.07,5.94,5.96,413644.35,247853.051
600333.SH,20240913,3.75,3.78,3.72,3.76,23944.5,8996.735
600895.SH,20240913,17.81,18.08,17.43,17.43,271281.78,481063.441
000782.SZ,20240913,4.09,4.12,4.06,4.06,14982.0,6115.86
600165.SH,20240913,2.18,2.19,2.12,2.12,313648.05,66921.86
603358.SH,20240913,28.75,29.17,28.63,28.92,9928.38,28663.742
601595.SH,20240913,18.75,18.92,18.45,18.51,74280.6,138531.14
920726.BJ,20240913,7.39,7.47,7.3,7.39,1841.76,1355.247
600241.SH,20240913,5.84,6.12,5.66,5.95,85857.0,50826.569
300117.SZ,20240913,1.83,1.87,1.79,1.8,184571.0,33690.888
000610.SZ,20240913,11.32,11.4,11.13,11.16,51818.0,58259.861
002021.SZ,20240913,1.54,1.56,1.52,1.53,195991.65,30107.767
920422.BJ,20240913,5.0,5.11,4.87,5.0,2784.23,1383.438
600094.SH,20240913,3.17,3.19,3.13,3.15,94173.0,29792.346
300316.SZ,20240913,22.58,22.64,21.97,21.97,88973.35,198057.323
300597.SZ,20240913,7.22,7.24,7.01,7.02,70034.0,49755.566
301319.SZ,20240913,24.48,24.49,23.58,23.62,9220.42,22007.62
002184.SZ,20240913,8.31,8.33,8.1,8.13,26509.32,21697.318
603589.SH,20240913,35.46,35.74,34.68,34.76,22590.22,79452.699
300897.SZ,20240913,17.66,17.67,17.02,17.05,9904.8,17074.864
301166.SZ,20240913,26.31,26.87,25.71,25.72,8704.13,22662.094
601099.SH,20240913,3.16,3.24,3.15,3.19,1574972.44,503080.319
600653.SH,20240913,1.25,1.26,1.24,1.26,86903.6,10884.044
688156.SH,20240913,10.45,10.47,10.23,10.4,10262.26,10587.5
301072.SZ,20240913,16.54,16.54,15.81,15.9,11309.0,18099.279
920802.BJ,20240913,7.74,8.31,7.58,7.88,9342.11,7337.302
301129.SZ,20240913,18.58,18.63,17.66,17.66,34625.0,62284.798
000620.SZ,20240913,1.35,1.37,1.33,1.34,168881.0,22829.994
002539.SZ,20240913,7.0,7.03,6.93,6.93,43670.0,30419.812
002116.SZ,20240913,8.29,8.75,8.2,8.43,99533.43,84132.774
300036.SZ,20240913,13.09,13.14,12.85,12.85,59345.0,76948.81
603282.SH,20240913,14.1,14.28,13.51,13.62,43569.82,60316.648
300693.SZ,20240913,21.6,21.82,20.79,20.79,126895.7,268502.223
601368.SH,20240913,4.11,4.13,4.07,4.09,18996.0,7794.931
300929.SZ,20240913,7.08,7.1,6.89,6.92,9794.0,6828.147
600776.SH,20240913,8.43,8.63,8.38,8.39,134330.27,114121.366
600724.SH,20240913,3.41,3.5,3.4,3.43,47987.0,16556.329
603396.SH,20240913,24.76,24.78,23.69,23.7,27068.14,65105.663
000903.SZ,20240913,1.78,1.87,1.76,1.84,607908.45,110822.368
002375.SZ,20240913,3.17,3.19,3.13,3.13,103185.59,32551.089
601098.SH,20240913,13.38,13.66,13.28,13.42,73624.0,98950.746
301177.SZ,20240913,18.35,18.73,17.77,17.81,9208.0,16592.306
603657.SH,20240913,10.15,10.27,9.97,9.98,12014.2,12092.438
002869.SZ,20240913,22.07,22.15,21.64,21.64,61013.89,133465.401
688553.SH,20240913,10.34,10.46,10.2,10.21,6048.71,6230.591
300055.SZ,20240913,3.93,3.93,3.85,3.87,31878.0,12377.542
603275.SH,20240913,25.68,25.8,24.92,24.92,6428.93,16232.922
688106.SH,20240913,15.49,15.58,15.25,15.3,15357.44,23676.954
002099.SZ,20240913,5.33,5.37,5.26,5.28,30452.01,16156.945
688119.SH,20240913,2.98,3.0,2.96,2.98,15566.11,4635.204
300078.SZ,20240913,2.4,2.41,2.32,2.32,189587.28,44666.031
601328.SH,20240913,6.55,6.61,6.46,6.48,1243782.24,810864.342
002126.SZ,20240913,16.5,16.61,16.42,16.45,45707.0,75358.002
600177.SH,20240913,6.65,6.73,6.6,6.61,155568.4,103678.204
000705.SZ,20240913,6.92,6.99,6.9,6.92,30596.2,21214.622
688003.SH,20240913,29.75,29.89,29.0,29.1,5347.22,15667.876
002662.SZ,20240913,2.61,2.61,2.54,2.55,88838.22,22837.678
300323.SZ,20240913,4.1,4.13,4.02,4.02,142987.1,58207.954
688369.SH,20240913,12.81,12.9,12.31,12.42,22665.16,28285.105
605218.SH,20240913,18.7,18.8,17.7,17.71,202274.0,366373.962
000586.SZ,20240913,7.4,7.69,7.28,7.28,92849.0,68904.003
001211.SZ,20240913,14.57,14.59,14.26,14.26,4682.0,6722.984
300286.SZ,20240913,15.56,15.6,14.94,15.0,26065.5,39581.364
001331.SZ,20240913,9.4,9.49,9.2,9.24,9664.12,9007.56
688686.SH,20240913,46.2,46.2,44.81,44.88,4766.5,21605.312
002966.SZ,20240913,6.81,6.84,6.71,6.72,358990.0,243212.254
002004.SZ,20240913,4.02,4.11,4.0,4.02,242561.0,98626.18
003010.SZ,20240913,11.77,11.87,11.37,11.38,41678.4,48178.95
300696.SZ,20240913,12.06,12.12,11.7,11.73,25624.0,30347.604
300042.SZ,20240913,16.2,16.78,15.78,15.78,51156.52,82813.314
300051.SZ,20240913,6.64,6.76,6.48,6.53,100462.0,66055.819
003012.SZ,20240913,5.23,5.27,5.15,5.16,34912.64,18166.384
300998.SZ,20240913,13.17,13.27,12.68,12.71,33805.11,43393.539
002642.SZ,20240913,5.89,5.96,5.76,5.77,229143.0,134129.418
300567.SZ,20240913,48.62,49.12,48.25,48.55,21572.19,105192.266
920223.BJ,20240913,3.69,3.97,3.54,3.8,72851.62,27442.928
600594.SH,20240913,3.05,3.12,3.01,3.09,96327.98,29702.591
300713.SZ,20240913,14.02,14.23,13.3,13.33,99207.75,134706.36
000513.SZ,20240913,35.76,36.03,35.1,35.3,44159.91,157321.727
603110.SH,20240913,8.95,8.98,8.68,8.71,30360.24,26707.636
300368.SZ,20240913,2.48,2.53,2.46,2.47,88053.08,21999.844
920026.BJ,20240913,14.19,14.9,14.06,14.55,2698.08,3909.539
300413.SZ,20240913,18.44,18.55,18.3,18.38,52540.44,96742.692
002229.SZ,20240913,8.72,8.75,8.51,8.51,178838.7,153941.379
300248.SZ,20240913,6.83,6.94,6.63,6.65,59017.94,39513.28
603056.SH,20240913,12.24,12.35,12.06,12.07,25549.0,31105.701
000564.SZ,20240913,1.61,1.66,1.6,1.63,1045955.55,170665.371
300319.SZ,20240913,8.32,8.43,8.2,8.2,145453.7,120761.012
300699.SZ,20240913,26.91,26.98,26.38,26.38,39659.19,105689.71
920438.BJ,20240913,10.47,11.01,10.22,10.72,22370.68,23850.862
600644.SH,20240913,5.31,5.35,5.24,5.27,24779.01,13100.891
300549.SZ,20240913,13.03,13.09,12.67,12.68,14724.0,18884.783
300209.SZ,20240913,3.94,3.98,3.44,3.56,248551.46,90938.426
603139.SH,20240913,11.77,11.78,11.5,11.51,8547.0,9927.021
301100.SZ,20240913,12.85,12.87,12.33,12.39,11455.58,14316.151
002212.SZ,20240913,4.28,4.29,4.15,4.15,174094.29,73224.703
300419.SZ,20240913,4.72,4.74,4.53,4.56,113085.0,52254.894
003025.SZ,20240913,12.93,12.98,12.58,12.58,24245.0,30863.838
001216.SZ,20240913,11.83,12.06,11.72,11.95,41570.64,49525.182
920146.BJ,20240913,4.21,4.69,4.04,4.42,147914.78,64202.277
301092.SZ,20240913,20.18,20.18,19.56,19.57,5451.0,10787.771
002080.SZ,20240913,9.65,9.69,9.38,9.39,82899.0,78684.559
603002.SH,20240913,4.33,4.36,4.26,4.27,119529.5,51449.036
002102.SZ,20240913,2.33,2.35,2.29,2.29,188149.0,43501.99
300140.SZ,20240913,4.5,4.61,4.46,4.48,92095.0,41553.876
603195.SH,20240913,62.53,63.75,62.39,62.74,16804.95,105959.529
300588.SZ,20240913,8.61,8.77,8.41,8.5,128947.4,110471.739
688141.SH,20240913,14.16,14.16,13.65,13.74,26503.19,36948.842
600691.SH,20240913,1.51,1.67,1.5,1.67,545917.87,87170.613
300757.SZ,20240913,80.3,81.7,79.66,80.33,60110.27,484041.121
301047.SZ,20240913,56.65,57.2,56.21,56.46,4456.3,25269.393
920023.BJ,20240913,2.34,2.39,2.33,2.37,27610.63,6534.106
600070.SH,20240913,1.74,1.74,1.74,1.74,15610.0,2716.14
688219.SH,20240913,6.78,6.8,6.64,6.66,11641.04,7787.911
301020.SZ,20240913,16.39,16.4,15.94,15.94,16033.0,25798.583
601360.SH,20240913,6.91,6.95,6.81,6.82,185016.28,126916.31
688389.SH,20240913,13.36,13.4,12.96,13.0,32452.88,42584.93
002085.SZ,20240913,12.56,12.6,11.97,11.97,1125449.25,1370602.991
002612.SZ,20240913,12.74,12.79,12.56,12.56,18605.47,23531.277
000558.SZ,20240913,2.24,2.32,2.24,2.28,151127.5,34387.125
688639.SH,20240913,28.72,28.75,27.38,27.47,25268.61,70304.091
600586.SH,20240913,5.0,5.02,4.88,4.9,89836.29,44355.087
603637.SH,20240913,5.93,6.01,5.85,5.86,18371.98,10912.602
603988.SH,20240913,10.65,11.36,10.65,11.12,407233.53,455723.386
603633.SH,20240913,6.05,6.05,5.89,5.89,40996.9,24345.951
000607.SZ,20240913,3.05,3.06,3.02,3.03,51963.0,15773.912
600941.SH,20240913,98.8,100.7,98.78,100.25,77824.51,779239.679
605122.SH,20240913,8.88,8.94,8.78,8.79,9266.0,8211.11
600796.SH,20240913,4.05,4.08,4.01,4.03,16422.0,6637.852
603000.SH,20240913,17.9,17.98,17.61,17.61,64806.0,115166.301
688656.SH,20240913,23.46,23.91,22.61,22.61,2359.07,5455.659
002988.SZ,20240913,13.42,13.55,13.1,13.13,15060.0,19958.443
301389.SZ,20240913,12.25,12.3,11.86,11.89,28988.0,34843.144
600999.SH,20240913,14.89,15.1,14.84,14.98,88669.13,133079.682
300179.SZ,20240913,6.57,6.6,6.39,6.39,21702.0,14065.995
920378.BJ,20240913,4.1,4.47,4.08,4.31,47879.53,20547.979
300530.SZ,20240913,15.36,15.66,14.95,14.98,20673.9,31228.798
688768.SH,20240913,22.53,22.83,22.37,22.67,3538.54,7997.223
601163.SH,20240913,13.45,13.51,13.29,13.33,22485.0,30083.807
688018.SH,20240913,91.72,92.53,90.11,91.8,8594.65,78911.289
002079.SZ,20240913,8.55,8.77,8.16,8.18,537813.44,448968.138
600116.SH,20240913,6.52,6.53,6.47,6.5,47012.3,30524.171
603176.SH,20240913,4.07,4.28,4.04,4.17,98190.72,40662.758
600960.SH,20240913,2.63,2.65,2.59,2.64,68625.0,18031.116
688629.SH,20240913,19.83,20.15,19.15,19.22,55711.49,109134.116
002628.SZ,20240913,2.1,2.13,2.09,2.1,71383.63,15082.13
605118.SH,20240913,13.91,14.0,13.69,13.72,17890.0,24751.355
002778.SZ,20240913,9.38,9.48,9.21,9.31,9597.8,8938.044
600501.SH,20240913,14.6,14.7,14.27,14.38,177352.12,256860.007
688248.SH,20240913,26.22,26.23,25.85,25.91,12470.3,32436.867
600292.SH,20240913,4.69,4.71,4.64,4.68,24789.3,11631.641
688358.SH,20240913,20.03,20.03,19.33,19.37,9203.58,18042.637
605368.SH,20240913,12.8,13.38,12.79,13.03,83626.29,109063.749
002676.SZ,20240913,3.95,3.99,3.89,3.9,83174.0,32683.328
600510.SH,20240913,3.48,3.52,3.47,3.51,57534.05,20133.561
920970.BJ,20240913,3.41,3.53,3.27,3.44,26360.64,8967.099
001389.SZ,20240913,34.3,35.6,34.18,34.53,26530.76,92691.755
002194.SZ,20240913,8.33,8.55,8.25,8.28,169920.41,142329.271
002331.SZ,20240913,6.48,6.51,6.35,6.35,43487.0,27850.27
301165.SZ,20240913,31.2,31.78,30.97,30.99,21041.32,65775.062
688627.SH,20240913,38.53,38.74,37.1,37.91,11565.19,43889.21
603977.SH,20240913,9.3,9.32,9.19,9.19,20291.18,18740.993
301030.SZ,20240913,23.2,23.39,21.91,21.99,68549.81,154258.944
603703.SH,20240913,8.78,8.89,8.66,8.69,21014.2,18366.029
002050.SZ,20240913,17.65,17.91,17.48,17.48,249179.54,440150.705
301278.SZ,20240913,33.13,33.4,31.22,31.29,26819.6,86193.058
600618.SH,20240913,7.35,7.38,7.27,7.27,18296.0,13374.2
601218.SH,20240913,2.71,2.72,2.64,2.65,57327.0,15306.755
002020.SZ,20240913,10.86,11.0,10.74,10.74,62008.8,67284.111
600737.SH,20240913,8.03,8.07,7.95,7.98,120013.71,96162.315
600120.SH,20240913,3.48,3.56,3.48,3.53,148037.8,52245.876
600889.SH,20240913,4.77,5.09,4.75,4.9,180647.99,89085.495
603903.SH,20240913,5.54,5.54,5.44,5.44,15393.84,8439.57
300067.SZ,20240913,3.35,4.08,3.28,4.08,1602042.19,603584.567
002638.SZ,20240913,1.73,1.76,1.7,1.74,93573.0,16191.064
603081.SH,20240913,8.98,9.1,8.93,9.0,22147.04,19964.436
301231.SZ,20240913,15.07,15.44,14.81,14.9,24734.0,37194.887
688084.SH,20240913,33.89,33.9,32.02,32.5,2637.12,8650.443
300318.SZ,20240913,4.97,4.98,4.89,4.9,44469.0,21893.664
301353.SZ,20240913,22.47,22.47,21.52,21.6,2986.08,6501.207
002977.SZ,20240913,24.16,24.23,23.67,23.7,11306.67,27016.378
300701.SZ,20240913,7.52,7.54,7.36,7.38,25270.0,18781.521
688295.SH,20240913,16.8,16.8,16.32,16.46,8602.81,14219.783
300731.SZ,20240913,13.94,14.07,13.65,13.66,25381.0,35000.694
000985.SZ,20240913,12.83,13.69,12.7,13.44,72077.05,95906.742
688386.SH,20240913,24.9,25.49,24.81,25.0,2152.67,5395.527
300455.SZ,20240913,10.14,10.14,9.93,9.93,61690.0,61837.347
688175.SH,20240913,11.68,11.79,11.41,11.42,3666.57,4223.688
300506.SZ,20240913,1.87,1.89,1.85,1.86,105541.73,19674.578
000554.SZ,20240913,4.85,5.04,4.85,4.91,118113.0,58598.707
600987.SH,20240913,6.84,6.98,6.68,6.89,86948.22,59618.554
600759.SH,20240913,2.08,2.11,2.05,2.07,183703.49,38320.456
300748.SZ,20240913,10.48,10.52,10.15,10.17,77487.8,79684.818
002828.SZ,20240913,7.36,7.62,7.36,7.44,85985.76,64252.046
002805.SZ,20240913,10.99,11.03,10.0,10.41,186887.97,194479.393
002786.SZ,20240913,7.9,8.7,7.81,8.32,877499.62,728697.924
600648.SH,20240913,8.61,8.69,8.59,8.66,28221.01,24389.596
600971.SH,20240913,8.6,8.62,8.43,8.44,56015.0,47703.583
603278.SH,20240913,5.22,5.23,5.08,5.1,80290.0,41286.502
601992.SH,20240913,1.35,1.36,1.34,1.34,180047.0,24286.22
600530.SH,20240913,2.52,2.64,2.52,2.56,76619.0,19780.659
002611.SZ,20240913,5.23,5.25,5.12,5.12,199595.0,103169.94
603179.SH,20240913,38.05,38.2,37.3,37.3,22118.08,83201.514
605336.SH,20240913,9.78,9.84,9.56,9.56,6492.0,6278.735
600038.SH,20240913,35.6,35.8,35.38,35.51,15010.28,53427.154
688625.SH,20240913,32.21,32.7,31.78,31.78,1518.66,4886.98
300461.SZ,20240913,16.83,16.96,16.44,16.47,26391.0,43989.296
600599.SH,20240913,11.49,11.61,11.03,11.03,22199.0,24862.402
600975.SH,20240913,5.22,5.29,5.18,5.19,168200.34,87984.963
301265.SZ,20240913,7.76,7.79,7.54,7.55,8739.0,6665.488
605555.SH,20240913,16.08,16.19,15.84,15.85,19472.76,31101.838
603300.SH,20240913,4.38,4.39,4.33,4.34,104569.35,45530.505
603877.SH,20240913,11.39,11.46,11.14,11.14,10140.0,11445.372
300614.SZ,20240913,8.45,8.5,8.08,8.09,19467.0,16008.059
002631.SZ,20240913,3.98,3.98,3.81,3.83,123406.0,47760.87
688523.SH,20240913,16.02,16.07,15.43,15.54,10064.93,15840.655
000153.SZ,20240913,5.15,5.16,5.07,5.07,30064.2,15350.103
600743.SH,20240913,1.19,1.2,1.18,1.2,100535.79,11987.751
300968.SZ,20240913,8.56,8.64,8.41,8.43,53493.93,45371.53
600746.SH,20240913,6.13,6.14,6.04,6.06,20203.0,12266.967
002384.SZ,20240913,20.16,20.82,20.08,20.23,322886.93,660565.649
300201.SZ,20240913,2.98,2.99,2.91,2.92,55533.02,16339.845
603021.SH,20240913,2.79,2.82,2.72,2.72,68988.0,19105.273
601200.SH,20240913,7.3,7.47,7.29,7.42,57888.3,42885.862
300168.SZ,20240913,5.14,5.15,5.01,5.02,122524.1,62047.196
688799.SH,20240913,38.12,38.48,37.23,37.66,2753.01,10377.78
601020.SH,20240913,10.72,10.8,10.31,10.37,243263.27,256403.3
600496.SH,20240913,2.38,2.4,2.36,2.37,73170.0,17412.539
301055.SZ,20240913,10.99,11.03,10.77,10.78,7010.86,7619.738
002294.SZ,20240913,32.3,32.6,32.05,32.36,38327.86,124040.417
603613.SH,20240913,18.85,19.2,18.76,18.96,55549.06,105301.708
002130.SZ,20240913,11.02,11.41,10.86,10.87,1247110.67,1376354.668
603728.SH,20240913,35.79,36.17,34.75,34.79,52337.0,185120.79
300750.SZ,20240913,188.88,188.88,183.5,183.5,172872.88,3202147.524
002833.SZ,20240913,14.77,14.77,14.34,14.36,20031.0,29030.275
000404.SZ,20240913,5.93,5.99,5.82,5.83,90936.5,53575.923
001212.SZ,20240913,19.03,19.12,18.45,18.45,24447.8,45688.801
300848.SZ,20240913,12.69,12.99,12.54,12.59,6206.15,7850.704
301206.SZ,20240913,24.3,24.3,23.85,23.9,3581.34,8596.523
000665.SZ,20240913,3.4,3.42,3.37,3.39,50743.0,17239.691
601279.SH,20240913,3.24,3.24,3.17,3.18,60798.0,19432.557
000828.SZ,20240913,8.71,8.78,8.65,8.67,40553.0,35324.865
688800.SH,20240913,20.5,20.61,20.0,20.0,11105.06,22429.437
002213.SZ,20240913,9.8,9.87,9.58,9.59,42264.24,40951.083
002826.SZ,20240913,7.95,7.97,7.81,7.81,22105.0,17399.985
002888.SZ,20240913,16.37,16.39,15.03,15.08,95707.7,149670.406
600794.SH,20240913,2.91,2.95,2.88,2.93,64120.24,18698.166
000155.SZ,20240913,9.39,9.42,9.21,9.39,85867.0,79946.154
002935.SZ,20240913,12.75,13.07,12.54,12.73,146134.9,186520.799
688652.SH,20240913,38.88,39.39,38.4,38.42,5337.29,20734.702
301295.SZ,20240913,17.84,18.08,17.3,17.3,10950.0,19213.854
600428.SH,20240913,5.46,5.6,5.46,5.52,120570.0,66935.255
920260.BJ,20240913,5.37,5.57,5.32,5.42,5695.86,3088.952
688236.SH,20240913,10.9,10.96,10.62,10.62,14755.92,15875.375
000737.SZ,20240913,7.85,7.89,7.65,7.66,267407.0,207387.15
300935.SZ,20240913,16.05,16.22,15.73,15.73,13171.0,20973.167
000626.SZ,20240913,4.15,4.19,4.1,4.11,32880.0,13573.952
002314.SZ,20240913,1.93,1.97,1.92,1.96,102591.05,20049.1
300315.SZ,20240913,4.16,4.21,4.09,4.09,360399.81,149292.644
301032.SZ,20240913,6.51,6.58,6.42,6.45,24492.0,15880.528
000597.SZ,20240913,4.17,4.21,4.12,4.13,144720.91,60111.094
601868.SH,20240913,2.03,2.05,2.03,2.03,724012.74,147411.47
300603.SZ,20240913,7.18,7.29,7.06,7.08,59493.0,42532.034
688162.SH,20240913,16.02,16.27,15.72,15.76,6594.74,10518.378
300834.SZ,20240913,17.13,17.13,16.57,16.57,3616.0,6027.872
603967.SH,20240913,8.18,8.2,8.1,8.1,14561.2,11861.095
300705.SZ,20240913,19.2,19.4,18.74,18.92,59150.93,113055.706
601162.SH,20240913,2.69,2.97,2.68,2.97,12796534.12,3721103.451
688368.SH,20240913,49.1,49.56,48.54,48.77,2544.0,12448.544
600219.SH,20240913,3.53,3.57,3.5,3.5,517183.17,182832.54
300217.SZ,20240913,3.68,3.69,3.59,3.59,109553.66,39651.948
002540.SZ,20240913,4.81,4.82,4.74,4.75,48206.5,22992.814
002386.SZ,20240913,3.71,3.71,3.65,3.66,38744.3,14216.099
000615.SZ,20240913,1.83,1.86,1.8,1.81,159362.0,29231.166
002472.SZ,20240913,20.95,21.0,20.51,20.56,47961.37,99149.422
600862.SH,20240913,18.47,18.47,18.05,18.08,48206.61,87636.787
000536.SZ,20240913,3.63,3.63,2.97,3.63,6659492.15,2202938.662
300152.SZ,20240913,1.91,1.94,1.87,1.9,211996.0,40427.55
300206.SZ,20240913,9.09,9.24,9.07,9.1,46306.0,42302.886
300253.SZ,20240913,5.28,5.32,5.2,5.23,153644.02,80673.885
002587.SZ,20240913,5.33,5.37,5.21,5.23,84225.0,44401.484
300173.SZ,20240913,3.38,3.39,3.26,3.28,127139.0,41909.035
002687.SZ,20240913,3.78,3.8,3.75,3.75,18480.34,6956.27
600582.SH,20240913,5.26,5.33,5.21,5.24,232930.16,122738.195
300829.SZ,20240913,12.96,13.05,12.46,12.46,15406.43,19510.11
001231.SZ,20240913,13.58,13.76,13.4,13.46,8201.0,11084.475
601177.SH,20240913,7.01,7.01,6.85,6.86,18865.0,13024.486
603718.SH,20240913,6.36,6.36,6.25,6.26,21811.05,13708.265
002321.SZ,20240913,1.74,1.75,1.72,1.72,150409.0,26080.853
002406.SZ,20240913,4.95,5.06,4.93,5.0,174730.73,87240.078
002083.SZ,20240913,4.21,4.26,4.17,4.17,48976.0,20646.062
603341.SH,20240913,35.73,36.04,35.27,35.94,30356.37,108563.624
301035.SZ,20240913,38.34,38.8,38.0,38.08,3425.0,13092.388
300847.SZ,20240913,14.93,15.58,14.72,15.41,174716.1,267024.967
920267.BJ,20240913,11.57,11.78,11.15,11.41,5433.04,6249.438
688051.SH,20240913,15.43,15.43,14.83,14.87,3199.99,4833.488
600655.SH,20240913,4.98,5.04,4.95,5.0,115998.34,57904.869
300883.SZ,20240913,4.02,4.02,3.94,3.94,35357.0,14044.574
603045.SH,20240913,9.63,9.65,9.37,9.4,19121.4,18124.834
003021.SZ,20240913,35.25,35.55,34.71,34.71,17262.45,60610.018
300001.SZ,20240913,17.69,17.7,17.35,17.36,56614.07,98937.877
300575.SZ,20240913,5.48,5.6,5.39,5.47,32946.33,17945.709
603559.SH,20240913,6.9,7.33,6.73,7.33,51491.26,36348.578
603496.SH,20240913,19.55,19.84,19.31,19.31,67937.2,132741.559
603198.SH,20240913,49.51,49.95,47.03,47.3,52622.0,254647.476
600127.SH,20240913,6.14,6.39,6.05,6.28,240395.72,150241.993
601006.SH,20240913,5.95,6.01,5.91,5.92,452404.57,269745.897
000726.SZ,20240913,5.24,5.26,5.17,5.19,26985.0,14071.2
000708.SZ,20240913,10.4,10.65,10.32,10.34,160327.39,167697.773
601318.SH,20240913,42.56,43.4,42.5,42.89,344396.48,1484769.941
603948.SH,20240913,15.44,15.52,15.2,15.28,4105.0,6298.167
603137.SH,20240913,9.58,9.58,9.41,9.45,4996.62,4730.719
000428.SZ,20240913,2.9,2.92,2.84,2.86,76805.54,22075.73
920768.BJ,20240913,3.86,4.05,3.82,3.93,6793.14,2660.182
600186.SH,20240913,3.1,3.11,3.01,3.02,258757.44,78855.054
300721.SZ,20240913,10.57,10.65,10.31,10.32,22171.4,23108.611
002403.SZ,20240913,6.5,6.77,6.46,6.5,99384.34,65224.884
688221.SH,20240913,4.83,4.87,4.68,4.69,22601.73,10718.536
002117.SZ,20240913,6.23,6.25,6.12,6.12,22753.0,14026.755
002493.SZ,20240913,8.16,8.26,8.1,8.1,171880.35,140065.234
000973.SZ,20240913,3.68,3.7,3.65,3.66,38938.0,14280.93
300569.SZ,20240913,4.06,4.06,3.95,3.95,64135.63,25595.984
000039.SZ,20240913,6.92,6.98,6.85,6.86,156526.77,107722.871
300284.SZ,20240913,6.25,6.29,5.91,5.93,390456.08,236829.201
605016.SH,20240913,17.11,17.39,16.8,16.83,12788.62,21727.317
002872.SZ,20240913,3.66,3.67,3.61,3.62,16261.0,5921.697
002011.SZ,20240913,10.31,10.33,10.1,10.12,37230.02,37966.662
300981.SZ,20240913,10.13,10.27,10.02,10.16,32307.49,32867.195
688633.SH,20240913,18.05,18.05,17.42,17.57,3116.02,5483.52
600231.SH,20240913,1.42,1.53,1.42,1.47,120637.5,17729.417
002253.SZ,20240913,9.81,9.89,9.62,9.63,34309.0,33380.318
300854.SZ,20240913,10.33,10.43,10.17,10.2,19594.0,20179.321
600456.SH,20240913,26.29,26.48,25.94,25.99,29280.0,76610.778
688648.SH,20240913,18.0,18.7,17.89,18.07,10544.61,19196.579
600552.SH,20240913,11.5,11.58,10.84,10.86,1187926.37,1327617.956
001338.SZ,20240913,8.92,8.96,8.79,8.79,34088.11,30168.138
600664.SH,20240913,3.03,3.07,3.01,3.02,178657.28,54361.674
002941.SZ,20240913,9.16,9.32,9.05,9.05,99761.0,91702.603
600422.SH,20240913,12.37,12.44,12.05,12.06,111182.0,135887.047
002616.SZ,20240913,3.84,3.84,3.76,3.77,25456.0,9660.529
300360.SZ,20240913,13.82,13.85,13.53,13.58,38956.0,53297.979
002326.SZ,20240913,7.85,7.85,7.6,7.61,55289.91,42459.366
600769.SH,20240913,6.63,6.88,6.57,6.7,89237.0,60007.792
002144.SZ,20240913,8.35,8.43,8.31,8.33,18193.0,15208.779
601588.SH,20240913,1.34,1.37,1.34,1.35,115931.0,15717.271
688099.SH,20240913,52.5,52.94,52.01,52.13,20786.29,108952.927
600779.SH,20240913,31.61,31.77,30.67,30.73,26421.07,82171.151
002418.SZ,20240913,2.05,2.06,1.93,1.95,396651.0,78378.363
603375.SH,20240913,32.07,32.38,30.83,30.9,14706.72,46257.6
301053.SZ,20240913,17.81,17.9,17.51,17.54,7687.0,13577.056
600745.SH,20240913,25.04,25.16,24.7,24.72,51276.38,127763.828
920765.BJ,20240913,5.91,6.06,5.91,5.93,1079.2,642.385
002236.SZ,20240913,13.52,13.65,13.45,13.52,136577.82,185230.238
300633.SZ,20240913,27.61,27.81,26.5,26.52,50185.41,135153.075
603229.SH,20240913,6.79,6.81,6.66,6.67,25203.79,16888.697
603061.SH,20240913,58.9,59.43,56.27,56.6,7320.0,42232.595
603199.SH,20240913,32.49,32.93,32.02,32.66,17366.42,56607.353
300720.SZ,20240913,12.27,12.43,11.96,12.02,19232.3,23263.737
920879.BJ,20240913,8.0,8.19,7.98,8.18,1659.81,1345.348
600730.SH,20240913,4.35,4.38,4.23,4.28,191169.0,82409.732
920171.BJ,20240913,5.69,6.24,5.4,6.05,32923.93,19278.108
600080.SH,20240913,5.86,5.86,5.72,5.72,11521.0,6649.192
603985.SH,20240913,9.3,9.37,9.0,9.0,49311.0,45027.562
603722.SH,20240913,34.96,35.25,33.4,33.48,6152.0,20887.432
600885.SH,20240913,26.66,26.9,25.92,25.96,34215.73,89733.841
688072.SH,20240913,117.97,118.59,114.01,116.54,18406.62,213579.303
002842.SZ,20240913,5.11,5.15,5.01,5.03,23996.13,12159.484
000960.SZ,20240913,13.1,13.18,12.78,12.8,127089.71,164805.985
301359.SZ,20240913,18.35,18.56,17.8,17.91,7393.0,13350.784
300831.SZ,20240913,11.08,11.25,10.98,11.13,34998.0,38925.776
300943.SZ,20240913,10.48,10.57,10.32,10.34,23008.0,23870.244
300400.SZ,20240913,11.77,11.78,11.33,11.35,92074.02,105901.35
688377.SH,20240913,10.06,10.35,9.96,10.12,23746.25,24012.707
605080.SH,20240913,14.8,14.82,14.38,14.5,9018.0,13161.795
300093.SZ,20240913,11.6,11.82,11.18,11.21,176439.71,200599.154
300912.SZ,20240913,9.48,10.84,9.48,10.11,100680.73,100998.51
600980.SH,20240913,12.81,12.88,12.7,12.76,8623.0,11034.777
300607.SZ,20240913,9.85,9.89,9.61,9.61,20101.0,19449.6
920871.BJ,20240913,5.93,6.0,5.8,5.92,2340.96,1383.209
603867.SH,20240913,19.63,19.75,19.03,19.1,7635.86,14696.636
000990.SZ,20240913,6.33,6.34,6.24,6.25,55233.48,34673.554
603388.SH,20240913,1.98,1.98,1.87,1.87,72770.78,14003.328
601611.SH,20240913,6.88,6.9,6.81,6.82,96377.31,66049.749
300930.SZ,20240913,19.54,19.54,19.05,19.17,14075.0,27153.389
600962.SH,20240913,10.86,11.25,10.75,11.01,20319.0,22473.836
300535.SZ,20240913,11.37,11.4,11.07,11.1,10088.0,11294.045
000899.SZ,20240913,7.36,7.36,7.24,7.24,48573.0,35417.981
300161.SZ,20240913,19.63,19.69,19.08,19.15,25296.0,48824.19
603322.SH,20240913,25.8,25.98,25.47,25.47,29152.0,74868.671
600337.SH,20240913,1.34,1.35,1.32,1.32,158461.0,21122.276
002238.SZ,20240913,7.11,7.19,7.03,7.04,38141.0,27059.292
000002.SZ,20240913,6.31,6.4,6.3,6.32,822998.14,522226.719
600585.SH,20240913,20.22,20.55,19.99,20.08,126050.43,255240.854
300820.SZ,20240913,36.3,36.3,35.36,35.44,14087.5,50334.542
603065.SH,20240913,7.29,7.31,7.1,7.11,13675.0,9832.318
002287.SZ,20240913,18.71,18.78,18.54,18.63,6030.84,11262.829
300994.SZ,20240913,9.11,9.17,8.88,8.89,22434.2,20148.572
000063.SZ,20240913,23.67,23.91,23.53,23.54,222060.4,526412.422
300756.SZ,20240913,11.84,11.91,11.54,11.55,10504.6,12326.364
002283.SZ,20240913,4.02,4.04,3.96,3.97,76054.0,30269.701
000430.SZ,20240913,5.48,5.5,5.39,5.4,28048.0,15182.507
300566.SZ,20240913,13.81,13.88,13.5,13.55,59491.45,81244.835
301037.SZ,20240913,8.5,8.57,8.32,8.34,10839.82,9139.475
000523.SZ,20240913,2.47,2.52,2.42,2.44,102895.0,25282.252
603236.SH,20240913,42.66,43.19,42.1,42.17,26256.53,111829.167
603355.SH,20240913,20.11,20.22,19.9,20.03,7105.4,14265.344
002269.SZ,20240913,1.41,1.41,1.37,1.38,350005.0,48492.096
600531.SH,20240913,5.59,5.64,5.49,5.49,216226.3,119815.925
300826.SZ,20240913,11.73,11.98,11.44,11.45,36004.89,41994.127
605007.SH,20240913,11.25,11.29,10.82,10.9,28174.8,30974.034
002214.SZ,20240913,10.19,10.25,10.04,10.06,17933.4,18171.779
603053.SH,20240913,8.02,8.06,7.98,7.99,15602.69,12492.026
605028.SH,20240913,12.35,12.4,12.0,12.07,4255.0,5190.976
600879.SH,20240913,7.13,7.16,7.07,7.09,150414.38,106923.957
300964.SZ,20240913,30.84,31.22,30.42,30.53,10713.0,32971.423
603926.SH,20240913,7.72,7.73,7.45,7.46,15525.0,11689.669
300818.SZ,20240913,22.27,22.4,21.85,22.07,16918.11,37313.905
920701.BJ,20240913,12.99,13.58,12.98,13.18,14594.83,19286.949
000488.SZ,20240913,3.27,3.29,3.25,3.27,76003.1,24858.512
300631.SZ,20240913,16.65,18.21,15.96,17.46,89973.0,153075.861
002134.SZ,20240913,7.56,7.62,7.42,7.42,32295.0,24245.499
300884.SZ,20240913,8.87,9.06,8.47,8.48,50396.5,43428.01
688607.SH,20240913,10.43,10.52,10.13,10.15,7938.87,8140.825
300591.SZ,20240913,3.06,3.1,3.03,3.06,82268.0,25286.243
688408.SH,20240913,65.49,66.8,65.01,65.7,16424.89,108090.427
600371.SH,20240913,6.45,6.49,6.38,6.38,14341.0,9216.954
688281.SH,20240913,74.1,75.49,73.37,73.64,3785.59,28088.055
688113.SH,20240913,24.07,24.18,23.32,23.32,2242.06,5301.517
920579.BJ,20240913,11.2,11.99,11.12,11.63,33092.69,38340.667
000563.SZ,20240913,2.76,2.81,2.76,2.77,282333.48,78609.38
300158.SZ,20240913,3.37,3.4,3.29,3.35,150143.0,50359.455
688798.SH,20240913,40.8,41.31,39.7,39.73,14374.05,57960.541
688691.SH,20240913,35.46,35.79,33.91,34.0,10610.54,36754.509
001218.SZ,20240913,13.28,13.32,13.08,13.09,6458.88,8522.738
300645.SZ,20240913,12.32,12.58,11.82,12.15,97972.58,119520.255
301303.SZ,20240913,10.5,10.6,10.33,10.34,7303.8,7622.166
600939.SH,20240913,2.17,2.19,2.15,2.16,49113.0,10658.402
000819.SZ,20240913,15.8,15.8,15.12,15.2,57399.8,87989.179
301192.SZ,20240913,15.2,15.32,14.32,14.37,6282.0,9162.444
001979.SZ,20240913,8.69,8.86,8.62,8.81,346110.41,304147.579
002767.SZ,20240913,11.17,11.27,10.91,10.93,28858.0,31844.184
000795.SZ,20240913,5.27,5.3,5.2,5.2,57552.0,30119.556
300618.SZ,20240913,21.93,22.07,21.32,21.37,29190.24,62858.904
603869.SH,20240913,4.57,4.61,4.53,4.54,13828.0,6315.668
300855.SZ,20240913,20.62,20.7,19.92,20.03,21871.63,44364.269
301139.SZ,20240913,18.68,18.8,18.1,18.1,16768.48,30802.472
601601.SH,20240913,29.42,29.99,29.33,29.65,172683.23,513948.893
002975.SZ,20240913,24.5,24.55,23.61,23.64,9655.0,23120.744
603183.SH,20240913,3.11,3.14,3.08,3.08,66813.0,20814.543
688109.SH,20240913,25.61,26.1,25.05,25.87,12425.73,31753.189
002635.SZ,20240913,12.66,12.76,12.42,12.43,44315.3,55616.911
300550.SZ,20240913,10.78,11.4,10.66,11.05,73453.98,80455.026
601991.SH,20240913,2.43,2.46,2.41,2.43,626443.98,152957.877
301138.SZ,20240913,22.78,22.96,22.18,22.23,12657.0,28325.493
600996.SH,20240913,7.44,7.74,7.39,7.57,159372.42,121599.764
920781.BJ,20240913,3.94,4.06,3.92,4.01,9104.66,3643.928
000681.SZ,20240913,10.84,10.88,10.65,10.65,45644.0,48971.202
688348.SH,20240913,47.54,47.54,45.0,45.0,24227.66,110558.634
603811.SH,20240913,6.35,6.35,6.19,6.21,39232.4,24528.489
300254.SZ,20240913,7.86,7.93,7.74,7.77,30312.4,23749.9
300873.SZ,20240913,13.5,13.65,13.33,13.33,8663.8,11665.435
301153.SZ,20240913,19.41,19.51,18.69,18.71,96564.04,183855.083
301588.SZ,20240913,17.84,18.14,17.2,17.21,18775.74,32803.546
688203.SH,20240913,8.17,8.29,7.92,8.01,11426.3,9201.942
605169.SH,20240913,8.59,8.72,8.5,8.5,33104.28,28490.612
601677.SH,20240913,11.84,11.96,11.67,11.7,72059.0,84960.802
600160.SH,20240913,15.66,16.39,15.66,15.96,336556.51,542334.143
603611.SH,20240913,15.57,15.57,15.0,15.02,21712.0,33013.241
002846.SZ,20240913,6.48,6.53,6.26,6.27,34487.6,21935.237
300770.SZ,20240913,34.04,34.18,33.5,33.5,7512.0,25396.624
603900.SH,20240913,5.0,5.24,4.88,4.93,272562.92,138129.997
603026.SH,20240913,27.66,27.9,26.71,26.72,22988.75,62124.656
920914.BJ,20240913,7.67,7.84,7.56,7.71,3684.28,2830.636
688178.SH,20240913,8.77,8.79,8.54,8.54,5536.48,4768.65
002120.SZ,20240913,7.33,7.36,7.23,7.24,124837.2,90936.621
000518.SZ,20240913,2.03,2.04,2.0,2.02,131209.0,26499.181
688208.SH,20240913,23.55,23.61,23.06,23.07,21770.44,50583.576
603937.SH,20240913,7.69,7.71,7.44,7.53,20316.0,15386.438
600406.SH,20240913,25.6,25.99,25.4,25.84,169366.08,436826.982
300026.SZ,20240913,3.2,3.22,3.16,3.17,220188.85,70108.194
600435.SH,20240913,8.49,8.84,8.47,8.54,250384.0,217258.922
000850.SZ,20240913,3.3,3.65,3.25,3.65,637419.0,225506.208
002593.SZ,20240913,2.62,2.63,2.57,2.58,78723.79,20371.061
300606.SZ,20240913,17.7,17.71,17.42,17.44,32311.99,56618.417
600137.SH,20240913,11.59,11.67,11.38,11.41,7821.0,8979.836
301009.SZ,20240913,7.26,7.49,7.11,7.39,22964.0,16605.197
000548.SZ,20240913,3.97,4.01,3.95,4.0,37214.12,14827.312
600699.SH,20240913,13.8,13.8,13.59,13.6,72596.77,99096.653
603028.SH,20240913,5.96,6.12,5.8,6.08,86807.6,52048.15
300783.SZ,20240913,16.49,16.66,15.85,15.86,106925.11,172962.798
002685.SZ,20240913,3.34,3.45,3.25,3.34,546623.11,181873.104
002360.SZ,20240913,4.15,4.15,4.07,4.08,18931.0,7752.91
300710.SZ,20240913,15.34,15.6,14.98,14.98,20858.0,31690.477
603037.SH,20240913,11.71,11.78,11.34,11.39,36045.46,41393.597
600261.SH,20240913,2.42,2.43,2.4,2.4,24802.0,5986.037
603650.SH,20240913,25.57,25.61,25.13,25.2,36157.33,91531.382
603577.SH,20240913,6.83,6.9,6.74,6.75,26329.0,17968.644
600320.SH,20240913,3.32,3.35,3.3,3.32,174270.11,57982.005
688160.SH,20240913,33.38,33.38,31.8,31.8,9294.77,30041.825
000088.SZ,20240913,4.32,4.35,4.26,4.28,63986.82,27463.883
600970.SH,20240913,8.99,8.99,8.65,8.66,140237.66,123338.123
600843.SH,20240913,7.26,7.34,7.15,7.17,403184.19,289762.847
603458.SH,20240913,5.07,5.13,5.03,5.04,55979.35,28414.949
601998.SH,20240913,5.82,5.85,5.77,5.81,284161.85,165253.5
300822.SZ,20240913,9.3,9.34,9.09,9.1,27207.65,25021.929
301201.SZ,20240913,17.75,17.81,17.34,17.49,13302.56,23336.986
603038.SH,20240913,7.58,7.6,7.33,7.36,52138.51,38662.573
600326.SH,20240913,5.03,5.3,5.03,5.06,873129.06,450612.262
600176.SH,20240913,9.19,9.24,8.86,8.86,196257.45,176556.103
300551.SZ,20240913,6.74,6.77,6.42,6.48,232217.0,153363.414
300259.SZ,20240913,2.51,2.52,2.47,2.48,47918.0,11932.365
301065.SZ,20240913,17.35,17.65,17.28,17.49,11081.0,19437.253
600359.SH,20240913,5.82,5.85,5.76,5.83,24285.0,14128.789
601607.SH,20240913,18.15,18.56,18.08,18.4,85820.82,157846.358
002140.SZ,20240913,6.5,6.51,6.39,6.39,17595.08,11315.702
300528.SZ,20240913,6.4,6.45,6.29,6.3,37719.66,24016.291
600936.SH,20240913,2.24,2.26,2.21,2.23,109765.0,24482.905
603818.SH,20240913,2.23,2.26,2.17,2.17,161649.0,35654.814
688285.SH,20240913,6.26,6.26,5.93,5.95,18131.47,11030.703
002575.SZ,20240913,4.37,4.46,4.36,4.45,47273.42,20902.871
301468.SZ,20240913,19.07,19.24,18.81,18.96,3890.85,7412.082
605500.SH,20240913,6.03,6.05,5.98,5.99,8475.42,5091.295
300394.SZ,20240913,73.63,79.48,73.63,76.81,280042.77,2152769.855
301418.SZ,20240913,29.61,29.79,28.76,28.83,6906.5,20094.535
688420.SH,20240913,18.44,18.49,18.04,18.05,1417.32,2587.229
002055.SZ,20240913,5.7,5.75,5.18,5.19,396170.37,212343.975
300584.SZ,20240913,19.03,19.31,18.56,18.61,65012.0,122650.899
603180.SH,20240913,16.07,16.22,15.78,15.79,4381.0,6972.995
002527.SZ,20240913,6.08,6.09,5.87,5.89,80949.5,48153.153
688311.SH,20240913,17.93,18.29,17.53,17.63,11776.68,20826.322
002363.SZ,20240913,5.72,5.81,5.65,5.66,31273.6,17854.514
300966.SZ,20240913,14.24,14.38,13.95,14.02,10327.0,14582.467
301131.SZ,20240913,28.75,28.86,27.78,27.78,5407.0,15201.15
601633.SH,20240913,23.32,23.4,23.02,23.13,73719.17,171311.505
300521.SZ,20240913,10.49,10.56,10.05,10.06,35625.92,36266.91
002497.SZ,20240913,8.71,8.8,8.36,8.36,120465.0,102590.356
688181.SH,20240913,15.95,15.95,15.28,15.3,11379.89,17634.535
300290.SZ,20240913,9.68,9.86,9.32,9.59,641225.49,616955.129
000796.SZ,20240913,3.14,3.14,3.1,3.12,43014.0,13421.142
300781.SZ,20240913,41.04,44.0,40.5,42.41,129688.12,548155.397
600327.SH,20240913,3.19,3.2,3.14,3.15,58348.0,18444.364
603969.SH,20240913,4.03,4.05,3.98,3.98,45179.21,18084.626
002371.SZ,20240913,298.01,301.0,292.99,293.02,34736.48,1032880.463
600409.SH,20240913,4.55,4.57,4.51,4.53,120975.36,54952.112
300908.SZ,20240913,22.88,22.88,22.05,22.07,9883.8,22054.358
301222.SZ,20240913,20.41,20.46,19.96,19.99,4632.0,9324.956
301056.SZ,20240913,6.31,6.35,6.18,6.2,16617.0,10348.628
300979.SZ,20240913,65.75,66.49,64.9,65.1,13256.25,86729.854
601798.SH,20240913,5.0,5.07,4.92,5.01,79134.0,39715.672
600694.SH,20240913,15.09,15.17,14.63,14.69,37669.35,55952.247
600526.SH,20240913,3.7,3.71,3.65,3.67,37780.0,13905.618
002926.SZ,20240913,6.43,6.51,6.42,6.45,77092.81,49809.109
300726.SZ,20240913,21.95,22.0,21.5,21.5,26882.0,58425.394
603051.SH,20240913,26.05,26.2,24.69,24.72,46814.91,118080.821
920961.BJ,20240913,8.05,8.32,7.99,8.18,12346.06,10097.147
688478.SH,20240913,22.65,22.95,21.42,21.46,18267.48,40134.856
688305.SH,20240913,58.14,58.44,56.7,56.7,3958.61,22676.085
001306.SZ,20240913,41.95,42.07,41.19,41.19,6125.84,25423.689
600985.SH,20240913,13.32,13.37,12.99,13.02,121109.31,159499.612
000069.SZ,20240913,1.91,1.94,1.9,1.91,342246.71,65758.021
600353.SH,20240913,5.11,5.11,4.95,4.95,73227.0,36625.622
600603.SH,20240913,4.89,5.06,4.88,5.03,115069.2,57288.721
301128.SZ,20240913,40.99,41.0,39.99,39.99,17640.0,71293.965
600650.SH,20240913,9.73,10.19,9.56,10.02,337754.09,334268.17
001696.SZ,20240913,11.92,12.06,11.42,11.43,805960.66,937171.873
603261.SH,20240913,25.71,25.73,24.8,24.89,15362.0,38441.509
605208.SH,20240913,6.03,6.06,5.85,5.86,35738.19,21119.471
688229.SH,20240913,35.12,35.89,34.76,34.81,5010.07,17615.764
920021.BJ,20240913,2.79,2.92,2.76,2.85,70875.24,20116.839
000532.SZ,20240913,10.62,10.8,10.51,10.57,108966.0,116061.919
002016.SZ,20240913,6.18,6.19,6.17,6.17,153196.0,94644.557
000838.SZ,20240913,2.16,2.21,2.16,2.17,129255.64,28269.735
300015.SZ,20240913,9.49,9.56,9.33,9.33,355542.99,334867.71
000036.SZ,20240913,2.86,3.05,2.86,3.05,208762.87,62042.126
688112.SH,20240913,23.2,23.2,21.58,21.66,10991.39,24259.389
300163.SZ,20240913,1.57,1.71,1.57,1.59,256766.0,41826.477
603012.SH,20240913,4.17,4.17,4.12,4.12,30116.0,12467.954
688589.SH,20240913,18.86,18.9,18.3,18.33,11704.13,21707.513
301121.SZ,20240913,33.3,33.3,32.15,32.32,11699.0,38145.256
002668.SZ,20240913,9.22,9.48,9.08,9.11,204161.0,189214.898
301207.SZ,20240913,16.76,16.76,16.27,16.28,14444.5,23752.282
920662.BJ,20240913,8.3,8.65,8.18,8.51,4606.49,3894.757
300737.SZ,20240913,4.0,4.06,3.93,3.94,88288.28,35140.02
600518.SH,20240913,1.73,1.74,1.71,1.72,555222.2,95771.099
002109.SZ,20240913,2.4,2.41,2.36,2.36,48056.5,11463.856
000790.SZ,20240913,3.42,3.45,3.38,3.38,69663.17,23756.913
688102.SH,20240913,7.09,7.11,6.89,6.91,26046.51,18184.276
000504.SZ,20240913,7.39,7.59,7.2,7.29,155708.0,114425.582
300841.SZ,20240913,46.25,46.46,45.0,45.04,20946.82,95242.287
301040.SZ,20240913,10.63,11.06,10.56,10.6,28126.69,30379.334
002910.SZ,20240913,6.25,6.33,6.17,6.2,23435.0,14663.136
688093.SH,20240913,15.0,15.01,14.67,14.8,9979.81,14783.951
300709.SZ,20240913,29.74,30.31,29.35,29.49,126392.9,376020.395
600528.SH,20240913,6.71,6.73,6.66,6.66,41855.01,27985.223
301008.SZ,20240913,14.94,14.97,14.5,14.51,7125.74,10442.528
301282.SZ,20240913,16.72,16.99,16.5,16.5,40161.77,67138.742
601225.SH,20240913,22.17,22.69,22.13,22.27,181088.31,405127.075
603920.SH,20240913,19.81,20.95,19.68,20.25,235055.03,481017.672
300672.SZ,20240913,44.7,44.82,43.22,43.24,26809.99,117542.907
300932.SZ,20240913,10.17,10.25,10.01,10.04,24048.12,24275.831
601158.SH,20240913,4.23,4.31,4.23,4.26,95360.47,40801.909
300765.SZ,20240913,23.45,23.45,22.0,22.0,59505.77,133322.164
688692.SH,20240913,250.11,256.88,249.99,249.99,5765.37,145375.168
688028.SH,20240913,14.08,14.1,13.7,13.7,11835.92,16367.936
002282.SZ,20240913,6.05,6.05,5.86,5.88,27293.39,16182.046
600027.SH,20240913,4.93,5.15,4.89,5.07,896321.09,454911.851
601689.SH,20240913,35.29,35.9,35.05,35.06,76931.07,271804.85
300845.SZ,20240913,10.7,10.75,10.32,10.33,36550.74,38341.898
301151.SZ,20240913,13.39,13.5,13.05,13.12,29436.0,39031.582
605259.SH,20240913,12.58,12.65,12.12,12.15,4476.88,5536.963
600982.SH,20240913,3.27,3.28,3.25,3.26,22826.0,7450.173
688981.SH,20240913,43.2,43.26,42.4,42.4,141554.91,606446.383
603739.SH,20240913,10.51,10.51,10.22,10.22,36751.3,38009.462
301015.SZ,20240913,21.85,21.94,21.36,21.45,17897.0,38751.073
301281.SZ,20240913,19.6,19.6,19.0,19.01,7537.24,14488.152
600765.SH,20240913,16.51,16.61,16.25,16.28,74644.93,122382.205
603260.SH,20240913,50.36,50.78,49.39,49.4,9137.15,45540.328
688136.SH,20240913,14.35,14.37,14.03,14.08,4208.28,5971.352
002012.SZ,20240913,3.67,3.7,3.63,3.66,89790.0,32863.15
003000.SZ,20240913,10.45,10.82,10.35,10.63,44005.69,46779.455
002640.SZ,20240913,2.0,2.28,1.92,2.01,3637524.73,754754.041
688513.SH,20240913,34.43,34.43,33.0,33.31,4905.4,16374.412
603605.SH,20240913,87.3,89.16,85.18,85.39,32117.46,278578.071
300057.SZ,20240913,4.14,4.17,4.0,4.0,85278.0,34659.398
603536.SH,20240913,7.46,7.47,7.25,7.28,62243.2,45704.556
600771.SH,20240913,16.64,16.79,16.28,16.33,31215.79,51322.447
002686.SZ,20240913,4.09,4.13,4.03,4.09,44769.0,18215.934
300110.SZ,20240913,3.05,3.06,3.0,3.02,90863.0,27509.066
300148.SZ,20240913,2.76,2.78,2.69,2.7,256621.0,69939.792
300450.SZ,20240913,13.88,13.92,13.28,13.28,224431.99,302260.48
920414.BJ,20240913,5.91,6.01,5.72,5.92,9936.29,5843.456
601616.SH,20240913,2.76,2.76,2.69,2.69,68467.0,18628.801
600549.SH,20240913,16.78,16.85,16.56,16.57,70455.39,117632.568
600143.SH,20240913,7.18,7.28,7.14,7.21,220214.02,158850.551
600857.SH,20240913,5.4,5.76,5.31,5.5,53354.43,29524.533
002175.SZ,20240913,1.76,1.77,1.73,1.74,121468.0,21150.4
002391.SZ,20240913,4.49,4.49,4.38,4.39,13204.96,5836.909
300381.SZ,20240913,5.73,5.74,5.6,5.62,44267.0,25060.189
688606.SH,20240913,58.1,58.49,56.77,57.71,4613.28,26554.048
002465.SZ,20240913,8.36,8.38,8.26,8.28,167280.15,138949.107
002494.SZ,20240913,2.97,2.99,2.93,2.94,53538.02,15829.02
688416.SH,20240913,22.17,22.4,21.62,21.64,6405.44,14043.677
002961.SZ,20240913,10.75,11.19,10.7,10.85,75545.26,82838.541
002195.SZ,20240913,2.21,2.22,2.17,2.17,315379.0,69092.029
600567.SH,20240913,1.39,1.4,1.39,1.39,39410.99,5489.557
688192.SH,20240913,35.44,36.67,35.0,36.12,20911.4,75131.12
300546.SZ,20240913,11.69,11.77,11.27,11.32,90073.6,103032.478
601012.SH,20240913,13.43,13.56,13.14,13.14,528441.46,702573.447
002572.SZ,20240913,12.76,12.79,12.42,12.52,91629.37,115080.636
300208.SZ,20240913,1.67,1.81,1.65,1.75,256525.5,45058.455
300804.SZ,20240913,20.3,20.39,19.83,19.83,3049.0,6104.285
300207.SZ,20240913,15.9,15.95,15.53,15.54,274906.56,431214.147
002722.SZ,20240913,11.44,11.79,11.39,11.44,61662.01,71190.045
601882.SH,20240913,18.62,18.7,18.53,18.53,11977.0,22284.416
000591.SZ,20240913,4.07,4.09,4.03,4.03,113700.0,46069.253
002763.SZ,20240913,5.92,5.95,5.85,5.85,12063.0,7111.048
000650.SZ,20240913,5.2,5.24,5.17,5.2,112285.68,58406.116
920735.BJ,20240913,21.79,21.92,21.67,21.81,703.46,1533.454
600716.SH,20240913,2.58,2.81,2.56,2.81,622132.03,170696.181
600110.SH,20240913,2.76,2.77,2.67,2.72,264897.0,71689.314
688082.SH,20240913,81.63,83.51,81.5,81.83,8786.69,72540.845
688622.SH,20240913,17.41,17.51,17.04,17.07,3127.12,5371.543
600800.SH,20240913,2.02,2.03,1.99,2.0,47593.0,9563.166
920656.BJ,20240913,11.7,11.89,11.7,11.8,704.35,832.351
000156.SZ,20240913,6.15,6.22,6.12,6.14,46935.0,28948.934
002962.SZ,20240913,12.96,13.01,12.52,12.53,74667.2,94646.975
300626.SZ,20240913,7.69,8.2,7.62,7.89,122079.2,97365.131
605001.SH,20240913,5.02,5.02,4.91,4.93,39220.5,19476.827
600820.SH,20240913,5.33,5.36,5.3,5.32,307216.48,163704.1
603269.SH,20240913,7.2,7.31,7.14,7.19,24500.2,17667.611
301339.SZ,20240913,17.2,17.47,17.18,17.18,16494.0,28534.451
300021.SZ,20240913,3.31,3.38,3.18,3.21,172898.95,56319.681
605167.SH,20240913,8.05,8.09,7.92,7.94,16600.0,13280.23
300724.SZ,20240913,46.49,46.65,45.05,45.05,70104.37,320340.397
603699.SH,20240913,18.98,19.32,18.6,18.68,30958.0,58198.37
002244.SZ,20240913,7.89,8.04,7.83,7.96,231225.81,184315.494
300656.SZ,20240913,18.0,18.12,17.47,17.47,23918.8,42410.878
600215.SH,20240913,5.41,5.43,5.28,5.28,38726.0,20651.474
301311.SZ,20240913,18.01,20.2,17.6,19.53,206790.71,393817.191
301312.SZ,20240913,36.49,36.59,35.29,35.47,18670.0,66813.402
300723.SZ,20240913,13.92,13.92,13.43,13.46,28773.7,39159.115
000584.SZ,20240913,2.05,2.07,1.98,1.99,179650.0,36215.516
300692.SZ,20240913,4.27,4.46,4.27,4.32,73689.16,31925.479
688365.SH,20240913,5.78,5.78,5.52,5.53,40739.2,22854.255
600053.SH,20240913,11.58,12.26,11.58,11.82,61085.14,72943.583
600711.SH,20240913,3.58,3.59,3.48,3.49,493202.0,174359.291
688566.SH,20240913,19.57,19.65,18.91,19.03,9810.27,18806.6
301568.SZ,20240913,26.72,26.77,25.96,26.0,11263.46,29621.741
603025.SH,20240913,10.79,10.87,10.67,10.68,23389.6,25159.739
688182.SH,20240913,11.4,11.65,11.14,11.15,17692.23,19932.973
002048.SZ,20240913,11.94,12.07,11.87,12.0,26752.03,32056.305
605376.SH,20240913,21.41,21.55,20.62,20.64,44430.0,92987.201
300457.SZ,20240913,13.75,13.75,13.4,13.53,93619.0,126422.085
000661.SZ,20240913,80.84,81.1,79.84,79.84,28217.17,226680.121
688299.SH,20240913,12.16,12.23,11.97,11.98,19313.24,23317.822
001278.SZ,20240913,13.58,13.61,13.23,13.27,10232.0,13675.601
600436.SH,20240913,202.0,202.47,199.98,200.04,10337.91,207585.816
920130.BJ,20240913,10.19,10.7,9.93,10.4,44704.49,46035.402
600578.SH,20240913,3.0,3.04,2.97,3.02,213693.2,64449.174
000545.SZ,20240913,1.94,1.96,1.83,1.83,289073.6,54277.747
300142.SZ,20240913,10.14,10.16,9.98,9.99,113270.9,113718.217
920957.BJ,20240913,6.09,6.31,5.99,6.18,2405.08,1482.491
002424.SZ,20240913,3.25,3.29,3.24,3.24,84426.0,27512.432
300786.SZ,20240913,10.18,10.22,9.78,9.78,72268.8,71785.479
600498.SH,20240913,14.0,14.14,13.98,13.99,50334.0,70677.412
600458.SH,20240913,8.86,8.86,8.67,8.68,32010.76,28020.167
600392.SH,20240913,7.9,7.94,7.67,7.69,124865.53,96911.27
300856.SZ,20240913,24.3,24.39,23.43,23.51,34926.0,82943.352
002201.SZ,20240913,4.02,4.05,3.93,3.93,48556.92,19333.364
300877.SZ,20240913,10.51,10.55,10.33,10.34,6048.0,6305.035
600115.SH,20240913,3.61,3.62,3.57,3.6,296439.3,106604.894
603279.SH,20240913,16.77,16.82,16.14,16.18,28088.16,45898.094
920092.BJ,20240913,17.58,17.94,16.4,17.31,20218.15,34498.611
603222.SH,20240913,5.64,5.79,5.58,5.65,407354.6,231110.499
300830.SZ,20240913,5.87,5.96,5.71,5.72,98571.0,57382.182
688269.SH,20240913,21.91,21.95,21.4,21.4,3143.77,6805.984
000922.SZ,20240913,9.04,9.04,8.76,8.8,72683.73,64286.414
300123.SZ,20240913,4.52,4.52,4.36,4.36,148777.0,65759.523
603097.SH,20240913,19.81,20.08,19.1,19.14,28425.0,55199.527
300811.SZ,20240913,38.28,38.64,38.01,38.04,19462.39,74462.608
688196.SH,20240913,20.13,20.24,19.82,19.88,2900.14,5792.699
920300.BJ,20240913,6.82,7.01,6.78,6.89,4502.01,3104.665
300516.SZ,20240913,27.35,27.86,27.21,27.61,21061.0,58119.742
601860.SH,20240913,2.41,2.43,2.4,2.4,185777.64,44788.714
600850.SH,20240913,17.41,17.49,17.21,17.21,41888.2,72579.315
688638.SH,20240913,22.47,22.48,21.56,21.63,1909.94,4183.187
300256.SZ,20240913,2.36,2.38,2.26,2.28,1347291.28,310197.347
605198.SH,20240913,20.5,20.6,20.19,20.22,7055.25,14385.536
002735.SZ,20240913,8.05,8.1,7.88,7.88,50880.63,40440.51
920675.BJ,20240913,4.97,5.08,4.94,5.0,2257.42,1133.547
688621.SH,20240913,31.22,31.26,30.03,30.06,24082.76,73430.964
301149.SZ,20240913,8.16,8.23,8.0,8.01,38756.0,31302.604
920000.BJ,20240913,6.1,6.38,6.03,6.25,9913.26,6155.965
002309.SZ,20240913,2.14,2.16,2.11,2.16,127051.0,27389.798
301152.SZ,20240913,26.08,26.22,24.84,24.85,40201.0,101585.571
300182.SZ,20240913,4.03,4.07,3.91,3.91,692178.08,274572.52
605258.SH,20240913,24.54,24.78,24.28,24.31,13401.0,32834.768
920090.BJ,20240913,2.6,2.81,2.55,2.74,52873.65,14210.532
300685.SZ,20240913,19.09,19.3,18.9,18.94,19826.57,37740.903
300342.SZ,20240913,12.3,12.32,11.91,11.91,124966.0,151090.227
002010.SZ,20240913,3.52,3.54,3.49,3.5,70246.0,24668.977
300858.SZ,20240913,13.6,13.68,13.32,13.54,11569.98,15656.926
002514.SZ,20240913,4.45,4.47,4.22,4.24,429284.21,185236.474
600183.SH,20240913,16.93,17.48,16.86,17.08,139624.71,240487.498
002620.SZ,20240913,2.54,2.57,2.5,2.51,51210.0,12942.913
688168.SH,20240913,28.65,28.7,27.8,27.91,4413.22,12379.401
688098.SH,20240913,3.87,3.9,3.78,3.78,9816.4,3740.154
600105.SH,20240913,3.55,3.57,3.49,3.5,139776.47,49386.733
000932.SZ,20240913,3.39,3.46,3.37,3.4,688353.89,234820.096
600615.SH,20240913,8.67,8.77,8.6,8.6,9330.0,8092.846
000823.SZ,20240913,7.49,7.55,7.38,7.38,53303.46,39683.618
301289.SZ,20240913,36.55,37.65,36.22,36.6,10333.87,38156.906
002951.SZ,20240913,5.11,5.45,5.11,5.37,8537.0,4521.9
688060.SH,20240913,26.72,26.99,25.88,25.92,2018.99,5290.671
603880.SH,20240913,3.4,3.45,3.38,3.4,25658.1,8747.166
002667.SZ,20240913,6.47,6.89,6.47,6.68,323226.53,215111.076
600356.SH,20240913,6.15,6.19,6.11,6.11,9461.0,5814.327
603023.SH,20240913,2.0,2.02,1.95,1.99,131758.88,26112.475
688146.SH,20240913,25.22,25.53,25.12,25.18,6194.42,15702.143
688061.SH,20240913,21.5,21.55,20.73,20.8,4130.65,8728.833
002952.SZ,20240913,20.45,20.55,19.8,19.9,67278.5,134898.35
300533.SZ,20240913,13.68,13.83,13.32,13.32,29542.32,39897.765
600860.SH,20240913,7.69,7.69,7.53,7.53,28452.1,21565.919
688184.SH,20240913,11.36,11.36,11.12,11.14,2765.71,3102.039
002030.SZ,20240913,5.1,5.13,5.04,5.04,131188.6,66551.935
688300.SH,20240913,39.52,40.67,39.28,39.67,13446.68,53734.535
000998.SZ,20240913,9.24,9.32,9.18,9.25,69817.0,64663.925
301296.SZ,20240913,6.86,6.9,6.64,6.67,21541.82,14513.039
300289.SZ,20240913,4.18,4.37,4.13,4.27,165908.56,70882.976
300680.SZ,20240913,15.93,15.97,15.66,15.67,22015.4,34800.566
605277.SH,20240913,11.28,11.29,10.89,10.97,41576.64,45937.408
600259.SH,20240913,24.24,24.39,23.77,23.78,16571.15,39763.081
002614.SZ,20240913,5.37,5.39,5.29,5.29,19403.04,10336.504
605138.SH,20240913,4.67,4.71,4.65,4.65,11751.0,5493.695
002538.SZ,20240913,4.7,4.74,4.67,4.68,39405.66,18506.719
301373.SZ,20240913,20.69,20.83,20.03,20.05,3331.0,6773.973
300007.SZ,20240913,12.39,12.41,12.13,12.13,43889.52,53804.797
002927.SZ,20240913,10.66,10.73,10.27,10.28,40040.0,41652.313
002865.SZ,20240913,38.7,39.18,36.78,36.84,84894.0,319178.255
000599.SZ,20240913,3.35,3.69,3.35,3.69,180375.0,64876.523
600193.SH,20240913,2.3,2.33,2.26,2.26,299549.0,68209.559
300410.SZ,20240913,4.77,4.84,4.56,4.56,125616.0,58053.304
603360.SH,20240913,12.6,12.63,12.43,12.55,14580.32,18265.919
920425.BJ,20240913,9.09,9.28,8.78,9.07,10649.01,9565.499
688315.SH,20240913,9.77,9.85,9.41,9.45,25050.67,23865.945
000550.SZ,20240913,21.05,21.15,20.72,20.73,83921.75,175327.302
002789.SZ,20240913,8.83,8.85,8.61,8.62,10482.0,9121.18
603767.SH,20240913,9.9,9.93,9.66,9.66,26319.0,25640.919
603908.SH,20240913,18.2,18.24,17.9,17.91,6044.81,10867.596
300010.SZ,20240913,2.5,2.55,2.47,2.5,181812.0,45497.271
688286.SH,20240913,33.55,33.77,32.85,32.99,5612.98,18552.452
002402.SZ,20240913,9.1,9.16,8.94,8.96,69553.1,62799.236
603155.SH,20240913,11.13,11.21,10.84,10.88,38238.09,41994.854
603266.SH,20240913,14.34,14.4,13.9,13.9,29697.0,41665.91
300853.SZ,20240913,12.04,12.15,11.48,11.48,21035.0,24505.529
603226.SH,20240913,3.07,3.09,3.01,3.01,27853.0,8445.705
000066.SZ,20240913,8.25,8.35,8.2,8.23,181775.7,150198.336
688432.SH,20240913,8.84,8.86,8.72,8.75,14049.26,12354.181
300869.SZ,20240913,12.99,13.03,12.72,12.72,15049.28,19330.312
300865.SZ,20240913,13.62,13.69,13.31,13.31,9738.0,13120.253
300147.SZ,20240913,6.44,6.63,6.36,6.42,604435.0,392070.729
002956.SZ,20240913,10.71,10.75,10.38,10.4,21413.8,22494.212
300352.SZ,20240913,3.51,3.53,3.42,3.43,136662.0,47346.445
688073.SH,20240913,29.66,30.14,29.26,29.44,3452.9,10285.697
600563.SH,20240913,85.5,86.0,83.33,84.1,23402.53,197100.77
000813.SZ,20240913,2.47,2.47,2.43,2.45,129449.0,31727.223
003816.SZ,20240913,3.89,3.99,3.87,3.95,1299953.47,514000.837
301365.SZ,20240913,10.31,10.45,10.12,10.14,11491.0,11819.155
603508.SH,20240913,17.28,17.35,17.02,17.02,23064.0,39567.239
300377.SZ,20240913,6.0,6.04,5.8,5.82,250528.0,147238.555
605303.SH,20240913,6.06,6.11,5.96,5.97,12043.0,7254.295
301251.SZ,20240913,25.4,25.54,24.69,24.76,19196.57,48059.828
003027.SZ,20240913,12.17,12.22,11.95,11.96,13768.0,16570.552
601179.SH,20240913,6.97,7.19,6.88,7.09,593913.2,420058.264
688499.SH,20240913,18.62,18.66,17.8,17.82,14547.93,26264.978
920832.BJ,20240913,3.88,3.99,3.84,3.9,3161.09,1243.202
300335.SZ,20240913,3.84,3.85,3.75,3.76,39963.0,15117.907
605398.SH,20240913,15.23,15.35,14.69,14.73,26369.46,39155.058
002077.SZ,20240913,10.92,10.95,10.7,10.7,47288.55,51108.957
002158.SZ,20240913,16.62,16.78,16.38,16.38,21691.25,35875.508
688085.SH,20240913,18.28,18.36,17.93,18.0,8130.52,14702.75
603131.SH,20240913,13.05,13.05,12.65,12.65,68581.0,87564.115
002151.SZ,20240913,22.62,22.7,22.4,22.46,24713.89,55695.186
000783.SZ,20240913,4.91,5.13,4.9,5.02,839173.14,422071.096
601598.SH,20240913,4.46,4.54,4.45,4.47,158055.5,70927.33
301163.SZ,20240913,18.28,18.35,17.48,17.51,10013.0,17755.668
300868.SZ,20240913,17.02,17.17,16.28,16.28,44509.0,73527.143
301006.SZ,20240913,11.86,13.38,11.68,12.75,97765.19,121731.927
301215.SZ,20240913,5.06,5.09,5.01,5.03,43899.87,22117.479
601555.SH,20240913,6.11,6.19,6.09,6.12,238021.03,146103.046
002068.SZ,20240913,5.5,5.55,5.28,5.3,137854.0,73809.646
002836.SZ,20240913,6.08,6.08,5.84,5.97,21546.28,12956.115
688591.SH,20240913,15.97,16.09,15.58,15.62,12626.45,19963.05
603885.SH,20240913,10.17,10.23,10.03,10.05,77997.83,78790.445
002247.SZ,20240913,1.51,1.51,1.48,1.49,95893.0,14319.457
600335.SH,20240913,5.3,5.3,5.21,5.21,73385.5,38506.573
300886.SZ,20240913,16.83,18.85,16.66,17.76,28977.9,51132.941
000045.SZ,20240913,7.96,8.01,7.85,7.88,93249.85,73708.779
600829.SH,20240913,5.31,5.32,5.19,5.19,117413.99,61656.156
600071.SH,20240913,16.79,17.33,16.5,17.05,70197.66,119652.223
600893.SH,20240913,34.5,34.93,34.38,34.39,75371.32,260963.35
300050.SZ,20240913,3.98,4.01,3.8,3.8,527048.38,203522.943
000839.SZ,20240913,2.25,2.35,2.23,2.29,340275.56,77911.264
603933.SH,20240913,12.39,12.39,12.05,12.05,20233.0,24599.876
688103.SH,20240913,28.78,29.07,28.18,28.31,8245.88,23407.469
600702.SH,20240913,41.51,41.68,40.51,40.56,48304.05,197909.258
688557.SH,20240913,15.61,15.65,15.1,15.18,3464.39,5310.319
600525.SH,20240913,4.28,4.37,4.26,4.29,66663.0,28686.229
688147.SH,20240913,19.93,19.93,19.0,19.03,16027.53,31073.944
688233.SH,20240913,14.43,14.49,14.0,14.0,18171.27,25773.775
002785.SZ,20240913,24.46,24.6,24.11,24.18,21378.0,51912.105
600521.SH,20240913,16.12,16.16,15.72,15.74,75576.87,120067.134
000709.SZ,20240913,1.68,1.71,1.67,1.69,834215.46,140809.059
688058.SH,20240913,17.1,17.12,16.45,16.51,5797.89,9712.336
300215.SZ,20240913,4.44,4.47,4.35,4.36,63343.0,27831.745
301489.SZ,20240913,58.69,58.99,57.08,57.11,9104.84,52723.476
300871.SZ,20240913,8.13,8.2,7.94,7.95,15502.0,12449.195
603035.SH,20240913,12.56,12.71,12.4,12.43,29096.0,36369.966
600573.SH,20240913,9.03,9.12,8.99,8.99,11768.0,10642.589
300039.SZ,20240913,5.13,5.14,5.07,5.07,61950.4,31581.564
600490.SH,20240913,2.35,2.35,2.35,2.35,368160.55,86517.729
601021.SH,20240913,49.25,49.47,48.6,48.6,16983.0,83091.024
300669.SZ,20240913,12.44,12.58,12.22,12.45,6952.0,8590.022
600967.SH,20240913,6.55,6.55,6.48,6.49,62420.0,40587.74
600376.SH,20240913,2.09,2.21,2.08,2.16,209730.5,45307.461
000758.SZ,20240913,3.98,4.01,3.93,3.94,204602.09,81076.811
600018.SH,20240913,5.75,5.83,5.65,5.68,298908.54,171832.227
301257.SZ,20240913,24.51,24.81,24.06,24.06,15890.0,38639.546
600810.SH,20240913,6.09,6.2,6.07,6.17,44950.67,27578.633
600848.SH,20240913,8.51,8.63,8.49,8.6,46722.2,40085.554
605098.SH,20240913,30.81,31.24,30.3,30.3,10515.4,32381.079
603010.SH,20240913,8.58,8.61,8.42,8.45,5806.64,4924.419
002138.SZ,20240913,23.7,24.17,23.56,23.57,60651.13,144564.629
601011.SH,20240913,1.62,1.64,1.6,1.6,136813.25,22081.793
688395.SH,20240913,13.35,13.39,13.05,13.1,2718.67,3582.731
603608.SH,20240913,3.12,3.13,3.01,3.04,42832.0,13117.399
603273.SH,20240913,16.21,16.38,15.82,15.87,33798.72,54265.414
300824.SZ,20240913,7.11,7.19,7.02,7.03,18393.5,13041.92
002591.SZ,20240913,4.18,4.25,4.12,4.19,130513.0,54474.118
601666.SH,20240913,8.11,8.14,7.84,7.84,352179.03,279939.531
920167.BJ,20240913,13.76,14.4,13.55,13.98,16742.71,23261.003
002475.SZ,20240913,36.48,37.88,36.33,37.15,483313.29,1802034.491
301013.SZ,20240913,9.89,9.93,9.54,9.56,68300.99,66075.647
600207.SH,20240913,3.76,3.91,3.69,3.82,416701.71,158084.086
301004.SZ,20240913,89.5,91.0,89.17,89.52,3954.36,35654.082
000099.SZ,20240913,14.83,15.19,14.38,14.46,555171.02,810218.74
920230.BJ,20240913,8.9,9.18,8.75,9.0,7551.6,6774.627
002268.SZ,20240913,12.24,12.32,11.98,11.98,47436.0,57520.977
603369.SH,20240913,36.54,36.73,35.58,35.59,67999.48,245704.852
000403.SZ,20240913,21.8,22.19,21.36,21.72,114484.28,248659.153
300913.SZ,20240913,26.66,26.9,26.15,26.18,23189.94,61516.251
002989.SZ,20240913,18.32,19.16,17.7,18.43,118117.61,217135.414
600938.SH,20240913,25.75,26.47,25.75,26.18,472469.26,1237620.152
603679.SH,20240913,10.4,10.48,10.19,10.26,37929.0,39082.35
603311.SH,20240913,8.05,8.05,7.78,7.78,9743.0,7677.426
920370.BJ,20240913,1.79,1.87,1.78,1.82,11209.23,2034.711
002042.SZ,20240913,2.92,2.98,2.9,2.91,116820.0,34317.789
600197.SH,20240913,14.21,14.25,13.94,13.94,28955.01,40710.539
002112.SZ,20240913,9.25,9.55,9.2,9.25,206921.82,193111.693
605333.SH,20240913,25.18,25.34,24.61,24.65,20185.0,50096.529
002976.SZ,20240913,19.62,19.79,19.25,19.25,6734.0,13055.26
003036.SZ,20240913,7.52,7.61,7.51,7.53,14642.0,11053.927
688017.SH,20240913,63.13,63.31,60.7,60.76,18063.09,111246.289
002046.SZ,20240913,9.24,9.27,9.04,9.04,57649.13,52617.154
300889.SZ,20240913,10.74,10.8,10.5,10.68,24683.0,26252.618
002453.SZ,20240913,3.49,3.53,3.32,3.32,124584.41,42175.538
002059.SZ,20240913,4.88,4.89,4.79,4.8,73452.0,35450.494
301208.SZ,20240913,26.2,26.26,25.1,25.14,42796.07,109953.588
603032.SH,20240913,14.7,14.84,14.31,14.46,136981.26,199038.836
000913.SZ,20240913,16.4,16.81,16.37,16.39,68904.99,113876.208
301321.SZ,20240913,13.09,13.3,12.65,13.17,58013.15,75384.977
002798.SZ,20240913,3.18,3.18,3.1,3.1,42443.0,13314.822
603233.SH,20240913,12.58,12.64,12.12,12.16,103167.65,126787.812
003003.SZ,20240913,7.36,7.39,7.23,7.24,14893.0,10849.95
002152.SZ,20240913,9.3,9.31,9.13,9.13,90543.53,83342.041
002203.SZ,20240913,8.05,8.1,7.85,7.87,37327.37,29678.968
688676.SH,20240913,30.4,30.43,28.82,28.93,85909.01,250696.199
001296.SZ,20240913,14.45,14.64,14.31,14.43,13218.78,19095.317
000089.SZ,20240913,5.98,6.0,5.94,5.95,35440.0,21127.322
601518.SH,20240913,2.32,2.35,2.31,2.31,70971.28,16502.336
002183.SZ,20240913,2.83,3.11,2.8,3.11,882760.11,266258.043
301355.SZ,20240913,9.75,9.77,9.64,9.7,8582.11,8310.922
002862.SZ,20240913,13.66,13.88,13.22,13.44,29525.99,39902.179
688567.SH,20240913,9.12,9.19,8.86,8.87,51877.1,46558.236
603568.SH,20240913,18.0,18.08,17.78,17.78,16662.4,29854.511
603218.SH,20240913,10.95,11.08,10.69,10.71,132243.68,143352.565
600657.SH,20240913,2.9,2.97,2.88,2.94,182319.0,53571.051
000938.SZ,20240913,18.47,18.67,18.42,18.42,213967.25,396778.447
003033.SZ,20240913,22.53,23.19,22.35,22.6,14058.0,31949.35
300389.SZ,20240913,9.17,9.17,8.84,8.86,35442.0,31753.836
002748.SZ,20240913,5.7,5.8,5.63,5.7,10201.0,5842.017
300519.SZ,20240913,11.01,11.01,10.67,10.68,12848.0,13869.906
603367.SH,20240913,12.08,12.14,11.86,11.91,22332.13,26725.856
603162.SH,20240913,7.99,8.03,7.86,7.88,18069.73,14342.267
600731.SH,20240913,4.74,4.75,4.68,4.68,17601.5,8299.883
600489.SH,20240913,12.61,12.86,12.38,12.58,1071382.1,1351312.275
603887.SH,20240913,6.06,6.06,5.66,5.67,138538.92,80286.387
600606.SH,20240913,1.36,1.38,1.35,1.36,404428.16,55185.539
002072.SZ,20240913,4.42,4.45,4.3,4.4,93078.7,40789.433
688326.SH,20240913,64.11,64.54,62.15,62.18,5604.09,35366.191
002165.SZ,20240913,3.25,3.27,3.19,3.21,62776.02,20254.417
000595.SZ,20240913,4.9,5.25,4.75,4.97,679633.84,344544.975
002495.SZ,20240913,1.46,1.47,1.42,1.44,115477.0,16730.469
600129.SH,20240913,20.59,20.66,20.13,20.13,100282.09,204257.671
920304.BJ,20240913,6.2,6.37,6.14,6.29,4641.75,2908.823
002873.SZ,20240913,8.07,8.54,8.06,8.35,148925.99,123683.536
301502.SZ,20240913,38.6,39.57,38.24,39.08,12511.94,48881.668
920640.BJ,20240913,10.48,10.99,10.4,10.76,8121.74,8741.722
601688.SH,20240913,12.9,13.0,12.8,12.81,349178.69,450658.043
300880.SZ,20240913,18.2,18.29,17.41,17.45,38987.28,68947.446
688183.SH,20240913,17.48,18.36,17.39,17.68,124506.29,223617.579
603759.SH,20240913,5.57,5.59,5.54,5.54,9206.28,5119.074
603825.SH,20240913,9.73,10.12,8.96,8.98,450463.1,425232.951
002871.SZ,20240913,7.76,8.51,7.72,8.51,77503.43,64390.221
000912.SZ,20240913,3.66,3.72,3.63,3.7,56617.4,20796.968
002963.SZ,20240913,9.69,9.73,9.49,9.49,12191.0,11666.092
600218.SH,20240913,6.46,6.48,6.31,6.31,20004.0,12724.993
002558.SZ,20240913,9.52,9.62,9.33,9.35,183297.66,173513.953
000040.SZ,20240913,1.25,1.27,1.2,1.2,1111986.6,135312.413
300128.SZ,20240913,3.24,3.29,3.22,3.23,94792.0,30779.742
300320.SZ,20240913,7.71,7.72,7.52,7.55,29163.0,22129.322
000600.SZ,20240913,4.3,4.31,4.23,4.23,118211.84,50436.996
301160.SZ,20240913,36.17,37.15,36.0,36.36,15187.0,55576.502
688128.SH,20240913,15.74,15.74,15.41,15.41,7473.81,11594.841
603707.SH,20240913,13.25,13.33,12.99,13.09,78080.76,102362.85
688671.SH,20240913,14.71,14.76,14.26,14.29,3996.3,5792.13
002440.SZ,20240913,5.7,5.7,5.52,5.57,20685.5,11572.105
600847.SH,20240913,7.92,8.24,7.36,7.6,89672.89,68666.177
002709.SZ,20240913,14.4,14.5,13.69,13.69,362715.51,504251.711
002529.SZ,20240913,6.15,6.15,5.76,5.76,331320.26,196611.65
002009.SZ,20240913,10.41,10.48,10.17,10.18,56440.0,58023.693
603303.SH,20240913,10.15,10.18,9.96,9.98,7388.4,7425.614
603267.SH,20240913,30.11,30.22,29.48,29.48,23234.0,69069.617
002015.SZ,20240913,6.78,6.78,6.59,6.59,67754.0,45131.212
301309.SZ,20240913,20.73,20.73,20.3,20.3,2724.0,5584.854
600645.SH,20240913,18.18,19.48,17.78,18.75,286116.19,530727.009
600536.SH,20240913,33.03,33.22,32.4,33.05,231000.49,759681.189
601700.SH,20240913,3.77,3.77,3.65,3.65,86517.0,31873.268
600998.SH,20240913,4.5,4.53,4.42,4.42,254469.35,113272.297
002674.SZ,20240913,8.03,8.04,7.84,7.88,10939.37,8694.96
002290.SZ,20240913,11.11,11.15,10.89,11.05,9854.0,10837.729
688343.SH,20240913,22.39,22.4,19.87,21.41,28992.91,63113.854
301071.SZ,20240913,22.9,22.98,22.36,22.4,13336.0,30101.717
600808.SH,20240913,1.78,1.84,1.77,1.81,312172.94,56499.965
600168.SH,20240913,3.7,3.72,3.67,3.69,19838.6,7333.253
002576.SZ,20240913,11.5,11.64,11.25,11.25,22003.0,25080.219
002304.SZ,20240913,73.0,73.4,72.02,72.91,53295.89,387787.863
600475.SH,20240913,8.37,8.37,8.26,8.28,17596.0,14615.319
300892.SZ,20240913,14.08,14.1,13.77,13.77,11209.0,15559.493
600734.SH,20240913,2.86,2.89,2.84,2.86,97839.0,27938.495
603843.SH,20240913,2.47,2.51,2.45,2.48,62473.24,15527.889
300236.SZ,20240913,28.7,28.95,28.27,28.3,9252.3,26396.676
002480.SZ,20240913,3.78,3.87,3.78,3.84,104834.01,40195.181
002771.SZ,20240913,17.67,18.31,16.91,16.98,228606.0,400560.723
603520.SH,20240913,8.13,8.14,7.94,7.94,22684.08,18168.939
300715.SZ,20240913,6.31,6.39,6.19,6.21,12842.0,8052.074
601579.SH,20240913,9.12,9.12,8.88,8.9,41137.65,36803.714
000933.SZ,20240913,13.56,13.94,13.46,13.61,470765.8,646533.21
300953.SZ,20240913,48.09,48.57,46.67,46.75,4497.27,21162.298
688665.SH,20240913,23.95,24.7,23.6,24.1,6960.07,16902.497
300484.SZ,20240913,11.42,11.99,11.15,11.15,214129.06,244517.685
002168.SZ,20240913,2.71,2.72,2.62,2.63,259278.0,68652.863
002185.SZ,20240913,7.44,7.48,7.33,7.33,168753.64,124779.473
300221.SZ,20240913,5.11,5.23,5.06,5.16,204646.76,105451.51
603801.SH,20240913,9.34,9.37,9.08,9.1,35204.96,32374.35
002313.SZ,20240913,5.93,6.05,5.88,5.89,47318.0,28161.896
300418.SZ,20240913,28.05,28.23,27.4,27.6,377974.79,1050410.664
601566.SH,20240913,6.67,6.7,6.56,6.58,13472.94,8919.756
600452.SH,20240913,8.84,9.05,8.75,8.97,91883.64,82366.982
002125.SZ,20240913,8.6,8.64,8.36,8.36,48275.01,40881.594
300878.SZ,20240913,14.28,14.39,13.88,13.92,10708.2,15067.362
003038.SZ,20240913,12.56,12.62,11.98,11.99,35763.64,43536.017
603075.SH,20240913,16.89,16.98,16.5,16.5,6217.44,10351.025
300481.SZ,20240913,12.83,12.94,12.18,12.2,67629.95,84391.156
300462.SZ,20240913,7.85,7.86,7.57,7.58,64901.0,49670.318
600278.SH,20240913,5.62,5.73,5.59,5.66,33787.49,19164.918
600455.SH,20240913,16.2,16.9,16.13,16.32,30990.0,51048.678
300080.SZ,20240913,2.99,3.48,2.99,3.18,844059.97,274508.387
603916.SH,20240913,6.55,6.59,6.41,6.42,24228.2,15752.274
600916.SH,20240913,7.84,7.9,7.76,7.77,220648.99,172525.665
300647.SZ,20240913,5.24,5.44,5.08,5.1,270060.0,141101.428
300233.SZ,20240913,11.05,11.14,10.97,10.99,31786.5,35095.046
300664.SZ,20240913,4.07,4.07,4.01,4.02,16355.0,6603.059
920992.BJ,20240913,7.91,8.48,7.77,8.24,19050.33,15614.566
920971.BJ,20240913,7.95,8.28,7.8,8.1,3068.19,2460.513
603160.SH,20240913,58.39,59.3,57.54,57.54,24158.06,140852.843
002317.SZ,20240913,11.15,11.27,10.97,11.0,103006.0,114219.637
600381.SH,20240913,2.87,2.87,2.71,2.71,92628.0,25504.1
000893.SZ,20240913,15.21,15.26,14.57,14.58,66171.52,97914.749
300460.SZ,20240913,9.6,9.67,9.29,9.34,133725.0,126152.446
600097.SH,20240913,7.25,7.3,7.16,7.17,17878.0,12908.12
301600.SZ,20240913,58.92,58.93,54.57,54.78,81178.28,456755.7
300351.SZ,20240913,14.03,14.18,13.69,13.74,61740.0,85471.385
600060.SH,20240913,16.08,16.15,15.58,15.59,69032.5,109209.787
688380.SH,20240913,17.35,17.49,16.92,16.96,35057.48,60159.124
603296.SH,20240913,45.74,47.35,45.71,46.78,41145.24,192425.225
002900.SZ,20240913,8.14,8.16,8.02,8.02,12159.0,9802.402
001330.SZ,20240913,4.03,4.03,3.94,3.95,61083.0,24311.851
603556.SH,20240913,45.06,45.49,43.7,43.98,20672.88,91386.09
920475.BJ,20240913,6.15,6.42,6.15,6.37,4150.51,2618.427
603230.SH,20240913,10.22,10.28,10.05,10.06,14107.0,14290.304
920001.BJ,20240913,7.3,8.25,7.12,8.05,83263.87,65301.388
920974.BJ,20240913,4.56,4.68,4.5,4.63,6325.65,2899.393
600419.SH,20240913,7.02,7.03,6.83,6.89,26650.99,18431.886
002633.SZ,20240913,7.52,7.54,7.33,7.35,16273.01,12021.166
600955.SH,20240913,12.42,12.52,12.28,12.34,8712.0,10835.434
600778.SH,20240913,4.25,4.36,4.19,4.25,32521.0,13884.695
002983.SZ,20240913,16.5,17.1,16.22,17.06,77978.97,131407.908
600787.SH,20240913,4.29,4.32,4.27,4.28,50044.9,21496.394
600624.SH,20240913,3.22,3.32,3.19,3.22,223333.0,72404.556
688475.SH,20240913,25.02,25.55,24.22,24.65,22880.11,56337.427
300777.SZ,20240913,20.54,20.71,20.47,20.51,21016.49,43223.318
002445.SZ,20240913,1.64,1.65,1.63,1.64,90486.0,14861.2
300034.SZ,20240913,13.43,13.46,12.97,13.01,84209.8,110899.694
000589.SZ,20240913,4.34,4.36,4.25,4.26,151170.48,65077.0
002569.SZ,20240913,6.05,6.25,6.05,6.14,8896.0,5478.215
300483.SZ,20240913,6.86,6.88,6.7,6.72,18409.0,12468.863
002259.SZ,20240913,2.66,2.66,2.53,2.59,20001.0,5194.991
300247.SZ,20240913,2.43,2.57,2.39,2.57,366546.02,91326.483
000534.SZ,20240913,8.75,8.78,8.65,8.69,17741.0,15415.405
688558.SH,20240913,15.9,15.91,15.5,15.5,4034.7,6292.104
002404.SZ,20240913,5.14,5.17,5.06,5.08,29028.11,14832.904
300992.SZ,20240913,14.67,14.73,14.33,14.35,6006.0,8685.122
688575.SH,20240913,21.6,21.6,21.02,21.27,13831.64,29420.024
688681.SH,20240913,9.06,9.07,8.82,8.88,11507.69,10307.853
920087.BJ,20240913,5.23,5.4,5.12,5.27,16211.84,8593.861
300812.SZ,20240913,18.2,18.37,17.61,17.64,34067.8,61065.752
002394.SZ,20240913,5.82,5.82,5.73,5.73,12675.5,7325.452
002942.SZ,20240913,11.66,11.7,11.44,11.46,7679.0,8834.393
600199.SH,20240913,10.32,10.39,10.08,10.09,63613.0,64747.726
002348.SZ,20240913,2.35,2.38,2.32,2.32,50071.06,11704.642
002840.SZ,20240913,10.36,10.39,10.06,10.08,100781.46,102542.962
300649.SZ,20240913,8.96,9.02,8.81,8.81,10728.0,9571.897
600500.SH,20240913,3.68,3.7,3.65,3.65,81587.54,29928.909
300762.SZ,20240913,13.13,13.24,12.85,12.85,108474.08,141500.723
300793.SZ,20240913,12.02,12.07,11.6,11.66,72455.6,85650.66
603583.SH,20240913,15.15,15.16,14.85,14.86,34077.0,51038.221
920541.BJ,20240913,5.22,5.47,5.15,5.34,15193.35,8067.895
000547.SZ,20240913,6.19,6.25,6.11,6.14,95227.37,58774.238
000409.SZ,20240913,7.18,7.24,7.05,7.06,62167.91,44356.688
688618.SH,20240913,18.15,18.29,17.55,17.61,6506.15,11587.213
000019.SZ,20240913,5.65,5.76,5.54,5.71,148157.4,83878.887
601939.SH,20240913,7.06,7.15,7.05,7.12,897964.94,638638.158
688503.SH,20240913,27.2,27.48,26.2,26.35,12669.24,33925.392
603868.SH,20240913,32.78,33.18,32.43,32.46,5441.79,17796.433
600612.SH,20240913,50.15,51.47,49.66,50.24,26322.16,133121.742
600782.SH,20240913,2.69,2.74,2.66,2.68,270930.71,73158.6
603681.SH,20240913,10.1,10.13,9.96,9.96,15939.0,15971.474
002349.SZ,20240913,6.76,6.78,6.63,6.64,50774.0,33954.425
300054.SZ,20240913,18.91,19.03,18.67,18.67,36218.4,68299.478
688398.SH,20240913,12.02,12.08,11.64,11.64,12291.56,14495.482
688439.SH,20240913,43.31,43.37,42.21,42.26,10460.68,44769.125
688489.SH,20240913,25.72,25.9,24.66,24.66,4992.5,12602.412
001267.SZ,20240913,4.86,5.2,4.85,5.05,421121.5,212569.477
920978.BJ,20240913,8.31,8.54,8.18,8.28,5541.76,4625.324
920469.BJ,20240913,5.78,6.01,5.62,5.92,24021.22,14030.87
002950.SZ,20240913,7.31,7.45,7.24,7.26,52862.0,38586.076
002919.SZ,20240913,12.41,12.45,12.08,12.12,64189.29,78164.301
300808.SZ,20240913,16.44,16.89,16.1,16.33,22537.0,37089.704
002544.SZ,20240913,16.17,16.27,16.0,16.01,26907.0,43340.574
301213.SZ,20240913,27.78,28.0,27.3,27.41,10365.0,28506.299
002568.SZ,20240913,16.4,16.6,16.15,16.16,31475.35,51463.447
600868.SH,20240913,1.77,1.77,1.75,1.75,93952.0,16534.232
920873.BJ,20240913,2.84,2.94,2.83,2.87,19643.88,5671.372
920943.BJ,20240913,7.58,7.84,7.45,7.72,3353.86,2568.147
000777.SZ,20240913,12.87,13.04,12.78,12.79,29585.0,38069.988
920571.BJ,20240913,3.43,3.55,3.39,3.49,60097.21,20868.884
600036.SH,20240913,30.28,30.9,30.0,30.6,495974.43,1520857.906
002421.SZ,20240913,2.43,2.44,2.35,2.37,383812.9,91577.321
002231.SZ,20240913,4.25,4.29,4.13,4.15,144141.0,60261.052
301518.SZ,20240913,14.22,14.22,13.56,13.56,8506.85,11718.807
301349.SZ,20240913,24.07,24.09,22.85,22.85,24401.28,56677.38
605599.SH,20240913,9.9,9.95,9.73,9.73,18448.78,18071.988
600992.SH,20240913,13.14,14.28,13.09,14.28,123675.22,174315.268
600859.SH,20240913,12.02,12.14,11.81,11.83,135385.73,161942.299
000717.SZ,20240913,1.74,1.87,1.7,1.87,778346.51,142319.241
002508.SZ,20240913,17.88,18.01,17.75,17.75,25349.86,45310.064
002476.SZ,20240913,3.47,3.55,3.42,3.48,57819.0,20075.844
688055.SH,20240913,2.58,2.61,2.52,2.53,36196.62,9228.38
300085.SZ,20240913,8.7,8.88,8.63,8.66,81979.5,71727.974
002898.SZ,20240913,9.15,9.25,8.87,8.87,110390.9,99471.838
600426.SH,20240913,20.48,20.6,19.83,19.96,255057.62,512557.986
300160.SZ,20240913,4.45,4.5,4.33,4.34,73595.28,32335.698
002032.SZ,20240913,52.02,52.79,51.85,52.22,11288.0,59038.263
301330.SZ,20240913,20.3,20.44,19.87,19.92,10064.8,20229.802
300222.SZ,20240913,5.83,5.89,5.73,5.74,62343.0,36080.566
000030.SZ,20240913,4.42,4.42,4.29,4.3,58294.36,25237.665
002738.SZ,20240913,29.61,29.68,28.28,28.4,189466.32,543481.604
600871.SH,20240913,1.74,1.75,1.73,1.73,344804.06,59929.814
002915.SZ,20240913,9.05,9.09,8.77,8.77,53504.2,47480.525
600282.SH,20240913,4.05,4.13,4.02,4.03,161970.44,65940.021
688443.SH,20240913,22.85,23.6,22.19,22.75,48041.84,109262.381
300579.SZ,20240913,19.61,19.67,18.95,18.98,34162.5,65606.036
600032.SH,20240913,6.7,6.77,6.66,6.67,28037.0,18769.873
603392.SH,20240913,68.35,68.66,67.8,67.99,12990.56,88515.814
301191.SZ,20240913,65.2,65.5,62.5,62.6,19682.6,124918.899
600295.SH,20240913,8.2,8.35,8.14,8.22,161195.52,133084.349
002136.SZ,20240913,8.6,8.65,8.46,8.46,12255.0,10450.303
688379.SH,20240913,14.48,14.48,13.93,13.98,7287.48,10295.42
601298.SH,20240913,8.18,8.35,8.13,8.22,174104.11,142947.209
000812.SZ,20240913,3.57,3.57,3.52,3.53,46683.5,16529.665
605089.SH,20240913,17.42,17.47,17.14,17.15,3912.18,6759.901
002697.SZ,20240913,4.18,4.2,4.15,4.16,60103.83,25070.091
002925.SZ,20240913,11.66,11.66,11.38,11.43,37429.4,42933.513
300708.SZ,20240913,8.02,8.07,7.85,7.87,67937.8,53895.018
603259.SH,20240913,39.98,40.68,39.76,39.82,452094.38,1816493.671
688226.SH,20240913,15.15,15.23,14.71,14.87,20492.72,30500.505
000623.SZ,20240913,12.85,12.91,12.73,12.74,44668.54,57308.492
300250.SZ,20240913,12.36,12.54,11.97,12.02,204885.12,249179.244
002713.SZ,20240913,2.36,2.43,2.34,2.34,121374.46,28831.34
000657.SZ,20240913,7.45,7.53,7.37,7.37,74513.6,55397.075
605111.SH,20240913,27.91,28.28,27.53,27.53,54424.6,151821.566
000959.SZ,20240913,2.53,2.58,2.52,2.56,192214.28,49043.816
301126.SZ,20240913,8.99,9.22,8.82,8.86,40129.41,35914.519
600101.SH,20240913,6.97,7.1,6.9,6.91,272121.1,190430.706
002850.SZ,20240913,80.45,80.71,77.08,77.29,18754.53,146547.87
002773.SZ,20240913,17.21,17.31,17.01,17.05,34667.0,59403.392
600246.SH,20240913,6.09,6.2,5.86,6.09,257335.25,155401.769
002178.SZ,20240913,3.55,3.56,3.44,3.48,212809.0,73971.666
600688.SH,20240913,2.51,2.53,2.5,2.52,122495.01,30884.068
600288.SH,20240913,6.76,6.79,6.65,6.66,41236.0,27700.781
601900.SH,20240913,12.09,12.57,12.09,12.31,94813.11,116947.873
300223.SZ,20240913,44.8,45.0,44.0,44.0,26191.39,116460.756
301246.SZ,20240913,11.4,11.4,10.99,11.0,42294.0,47091.102
600111.SH,20240913,16.44,16.55,16.16,16.16,119101.93,193908.433
603057.SH,20240913,15.11,15.34,14.93,14.97,9062.0,13695.301
603528.SH,20240913,6.08,6.15,5.85,5.86,175005.0,104183.635
300272.SZ,20240913,5.02,5.15,4.96,5.15,273224.01,138671.076
300888.SZ,20240913,24.8,24.88,24.46,24.46,9604.13,23636.941
603004.SH,20240913,17.36,17.4,16.39,16.39,91256.26,152723.847
600901.SH,20240913,4.27,4.34,4.25,4.29,456528.97,196780.411
002892.SZ,20240913,9.02,9.19,8.87,9.08,339088.8,307352.523
002193.SZ,20240913,3.86,3.89,3.74,3.78,62349.0,23780.704
600000.SH,20240913,8.5,8.51,8.32,8.35,284111.41,238422.069
600512.SH,20240913,1.91,1.92,1.9,1.92,52627.0,10062.334
600305.SH,20240913,6.88,6.88,6.8,6.81,28501.28,19467.062
300463.SZ,20240913,11.61,11.71,11.43,11.48,38196.0,44099.912
600468.SH,20240913,3.82,3.85,3.78,3.78,51955.71,19760.319
300771.SZ,20240913,8.48,8.52,8.28,8.29,29057.4,24374.253
002936.SZ,20240913,1.63,1.65,1.63,1.63,298009.98,48805.023
300594.SZ,20240913,13.6,13.69,13.26,13.29,11990.0,16095.152
688352.SH,20240913,8.54,8.58,8.37,8.37,40199.66,34021.161
000050.SZ,20240913,6.66,6.66,6.38,6.38,518601.27,335786.807
601886.SH,20240913,4.59,4.63,4.48,4.51,61923.0,28112.435
000668.SZ,20240913,6.51,6.7,6.39,6.59,115512.73,75464.632
603013.SH,20240913,12.98,13.08,12.84,12.88,19447.0,25174.437
603663.SH,20240913,14.3,14.3,13.24,13.27,197549.93,267692.508
000978.SZ,20240913,5.65,5.65,5.55,5.56,33537.0,18673.783
603135.SH,20240913,8.19,8.2,7.96,7.97,15661.79,12599.339
300003.SZ,20240913,9.4,9.46,9.25,9.25,149527.62,139743.705
300214.SZ,20240913,4.44,4.46,4.35,4.35,14542.0,6373.188
000926.SZ,20240913,1.81,1.85,1.81,1.82,287051.0,52486.732
002003.SZ,20240913,12.44,12.71,12.33,12.53,64252.27,80833.38
600336.SH,20240913,5.1,5.6,4.91,5.34,825379.35,437117.546
000408.SZ,20240913,23.89,23.96,23.18,23.4,56472.99,132741.587
688262.SH,20240913,14.7,14.81,14.03,14.36,44710.1,64093.359
002369.SZ,20240913,4.13,4.13,3.99,4.01,429597.66,173719.895
300942.SZ,20240913,6.59,6.61,6.44,6.45,28086.0,18241.183
601000.SH,20240913,4.87,4.95,4.81,4.81,216382.1,105851.722
600387.SH,20240913,2.63,2.63,2.52,2.57,21478.26,5559.641
300730.SZ,20240913,9.68,10.51,9.66,10.12,396772.27,399938.385
600460.SH,20240913,17.78,17.94,17.44,17.45,202964.08,358072.646
002397.SZ,20240913,1.95,1.96,1.91,1.92,70538.0,13605.927
920221.BJ,20240913,10.7,11.1,10.6,10.85,6347.99,6907.718
688678.SH,20240913,8.9,9.17,8.7,8.98,31284.06,28121.619
002196.SZ,20240913,4.34,4.36,4.27,4.28,82275.63,35404.225
603823.SH,20240913,8.58,8.7,8.42,8.43,75754.02,64799.729
688728.SH,20240913,10.31,10.45,10.18,10.37,54623.14,56328.917
920932.BJ,20240913,10.18,10.48,10.06,10.24,6845.36,7030.948
605588.SH,20240913,35.1,35.47,34.39,34.39,21028.0,73013.837
920592.BJ,20240913,17.2,17.87,17.1,17.25,37461.13,65519.539
300395.SZ,20240913,29.96,30.18,28.52,28.57,57998.71,168580.651
300805.SZ,20240913,6.64,6.7,6.49,6.49,43337.0,28524.49
002434.SZ,20240913,4.83,4.86,4.72,4.73,43506.0,20737.257
000636.SZ,20240913,13.04,13.18,12.9,12.92,82760.0,107800.641
300103.SZ,20240913,5.16,5.27,5.01,5.03,77963.05,40091.723
002965.SZ,20240913,24.52,24.59,23.8,23.89,23044.65,55533.767
600469.SH,20240913,5.45,5.48,5.4,5.44,48736.0,26538.565
300963.SZ,20240913,7.2,7.24,7.0,7.02,27649.9,19573.193
601028.SH,20240913,12.5,12.7,12.15,12.29,252731.12,314079.562
000989.SZ,20240913,6.41,6.43,6.34,6.34,18660.75,11899.374
300667.SZ,20240913,14.2,14.76,14.08,14.08,92132.61,131986.074
603315.SH,20240913,8.73,8.81,8.6,8.68,12138.0,10560.778
688063.SH,20240913,37.04,37.48,34.9,35.75,118365.57,419659.92
300529.SZ,20240913,25.18,25.27,24.76,24.78,27427.13,68463.393
688133.SH,20240913,15.83,15.88,15.1,15.12,12333.53,18867.016
002553.SZ,20240913,8.73,8.77,8.55,8.56,54541.0,47024.012
000720.SZ,20240913,2.33,2.56,2.31,2.56,352755.29,88363.297
300012.SZ,20240913,10.47,10.5,10.3,10.32,60329.0,62693.677
002819.SZ,20240913,23.46,23.46,22.09,22.45,82645.8,186412.644
688529.SH,20240913,11.28,11.31,10.86,10.97,11494.34,12678.833
300332.SZ,20240913,4.55,4.55,4.42,4.44,44380.0,19791.421
300971.SZ,20240913,17.17,17.23,16.7,16.78,20903.55,35223.484
002007.SZ,20240913,14.3,14.34,13.83,13.84,106054.98,148540.375
002352.SZ,20240913,36.28,36.42,36.02,36.12,84789.5,307118.004
301048.SZ,20240913,7.59,7.85,7.56,7.74,35239.0,27238.095
000576.SZ,20240913,5.5,5.52,5.37,5.39,19802.0,10759.451
001207.SZ,20240913,13.02,13.16,12.79,12.79,10379.74,13388.199
600279.SH,20240913,3.53,3.54,3.49,3.51,18349.0,6450.504
300443.SZ,20240913,16.16,16.6,15.52,15.54,57393.0,91040.916
688232.SH,20240913,19.7,20.07,19.38,19.39,8754.02,17144.993
000972.SZ,20240913,2.3,2.51,2.25,2.43,481839.65,115562.895
300900.SZ,20240913,14.98,15.07,14.67,14.67,30987.0,45962.428
920527.BJ,20240913,6.66,6.85,6.58,6.73,1849.36,1244.233
002651.SZ,20240913,4.81,4.86,4.73,4.74,47845.0,22847.273
688266.SH,20240913,60.64,61.07,59.8,60.2,16758.83,101135.715
002911.SZ,20240913,10.07,10.17,9.71,9.75,98197.9,97535.705
300536.SZ,20240913,4.78,4.91,4.55,4.6,120704.98,56895.351
603189.SH,20240913,14.7,14.72,13.82,13.82,474063.5,672541.604
301223.SZ,20240913,14.25,14.34,14.19,14.22,1987.0,2828.967
688327.SH,20240913,7.8,7.86,7.51,7.54,96898.41,73880.099
600928.SH,20240913,2.98,3.0,2.95,2.95,85070.53,25318.301
001333.SZ,20240913,15.72,15.79,15.44,15.45,2855.0,4453.458
300251.SZ,20240913,6.68,6.72,6.58,6.59,162433.0,107673.852
000429.SZ,20240913,11.49,11.65,11.29,11.32,90468.1,103123.66
002702.SZ,20240913,3.08,3.08,2.97,2.97,99093.0,29926.687
688176.SH,20240913,5.23,5.23,5.08,5.11,26894.22,13801.593
920263.BJ,20240913,3.77,3.89,3.73,3.86,7191.12,2750.753
688220.SH,20240913,30.85,30.99,29.82,29.99,23641.53,71408.439
603668.SH,20240913,11.51,11.55,11.27,11.46,42580.2,48634.002
300542.SZ,20240913,11.64,11.66,11.13,11.13,76523.87,86666.157
920198.BJ,20240913,4.77,6.21,4.76,6.21,129349.52,76354.816
600797.SH,20240913,4.78,4.81,4.73,4.74,79668.19,37979.213
603836.SH,20240913,10.93,10.96,10.74,10.75,5698.0,6165.525
300991.SZ,20240913,13.43,13.63,13.21,13.21,20116.8,26902.632
920427.BJ,20240913,8.13,8.26,8.03,8.16,900.66,735.075
000682.SZ,20240913,10.58,10.58,10.29,10.32,102001.52,105791.158
000596.SZ,20240913,145.42,145.96,142.19,142.19,31298.1,449801.385
688585.SH,20240913,5.2,5.2,4.96,4.97,14865.97,7463.476
605580.SH,20240913,7.75,7.8,7.58,7.58,8095.8,6198.38
300846.SZ,20240913,9.58,9.64,9.03,9.03,118638.11,109302.992
300159.SZ,20240913,2.21,2.23,2.13,2.14,472203.0,102408.965
688682.SH,20240913,25.93,26.26,25.28,25.28,3932.44,10085.853
301325.SZ,20240913,33.16,33.25,31.28,31.29,31954.0,101959.485
301526.SZ,20240913,3.19,3.36,3.15,3.31,632842.17,207705.104
688661.SH,20240913,21.44,21.54,20.82,20.84,9347.79,19771.309
600216.SH,20240913,14.65,15.28,14.62,14.94,298401.86,447308.376
688372.SH,20240913,37.69,38.3,36.82,37.08,7365.96,27382.423
301095.SZ,20240913,36.77,36.87,35.36,35.36,17613.0,63233.419
300864.SZ,20240913,18.63,18.71,18.12,18.12,4208.1,7707.103
688237.SH,20240913,16.2,16.2,15.45,15.55,3699.74,5794.809
920942.BJ,20240913,7.74,7.96,7.59,7.84,4542.48,3512.321
301268.SZ,20240913,14.11,14.22,13.5,13.61,14535.0,20043.683
000702.SZ,20240913,4.72,4.93,4.49,4.93,363779.18,172216.172
603011.SH,20240913,5.52,5.56,5.38,5.39,47184.0,25724.149
600059.SH,20240913,7.55,7.59,7.47,7.56,43940.0,33119.382
300069.SZ,20240913,11.24,11.66,10.97,11.43,71731.5,81443.537
002725.SZ,20240913,7.74,7.74,7.5,7.5,34772.2,26335.426
000417.SZ,20240913,4.05,4.08,4.03,4.03,51917.43,21033.924
003004.SZ,20240913,20.01,20.2,19.6,19.6,7842.0,15502.61
603007.SH,20240913,6.7,6.7,6.7,6.7,14350.04,9614.527
603619.SH,20240913,17.59,17.68,17.35,17.37,47455.0,83030.018
300564.SZ,20240913,8.5,8.77,8.47,8.49,38969.0,33541.667
000301.SZ,20240913,7.27,7.29,7.14,7.14,53786.75,38660.528
300301.SZ,20240913,1.22,1.23,1.21,1.21,67358.79,8192.669
603737.SH,20240913,27.6,27.9,26.78,26.87,24007.69,65529.122
920690.BJ,20240913,10.25,10.64,10.1,10.41,3011.62,3118.219
001270.SZ,20240913,27.78,28.09,27.01,27.01,18156.34,49648.281
600467.SH,20240913,1.57,1.59,1.55,1.58,338892.52,53245.604
002223.SZ,20240913,30.79,31.21,30.6,30.78,63737.6,197031.282
301277.SZ,20240913,12.25,12.25,11.95,11.95,18757.2,22626.206
301392.SZ,20240913,40.67,40.79,39.74,39.81,15784.8,63382.258
600558.SH,20240913,3.24,3.27,3.17,3.2,104151.0,33399.222
000669.SZ,20240913,1.34,1.38,1.33,1.36,49963.4,6793.568
600386.SH,20240913,3.22,3.25,3.18,3.22,154544.21,49874.232
603501.SH,20240913,84.9,85.55,84.0,84.37,54560.25,462597.366
300441.SZ,20240913,6.2,6.21,6.07,6.07,55863.6,34155.97
301566.SZ,20240913,14.69,15.15,14.56,14.89,36115.89,53782.191
300675.SZ,20240913,11.6,11.99,11.56,11.8,77693.0,91950.893
002181.SZ,20240913,3.17,3.19,3.13,3.16,38301.38,12113.266
301603.SZ,20240913,36.19,36.4,34.95,34.99,25243.72,89793.986
002815.SZ,20240913,7.62,7.7,7.52,7.53,67941.0,51672.17
688078.SH,20240913,21.83,21.87,21.2,21.43,5617.94,12050.194
002271.SZ,20240913,10.1,10.18,9.86,9.86,373766.2,373426.261
600973.SH,20240913,3.23,3.29,3.21,3.24,98358.7,31887.931
301270.SZ,20240913,26.0,26.0,25.05,25.05,15589.0,39514.597
301503.SZ,20240913,26.41,26.43,25.8,25.8,6731.0,17517.886
300951.SZ,20240913,24.91,25.1,24.32,24.32,13361.6,32885.537
605255.SH,20240913,10.45,10.48,10.21,10.22,7442.0,7657.138
301539.SZ,20240913,16.99,17.05,16.3,16.33,20087.38,33338.579
603659.SH,20240913,11.31,11.42,10.86,10.86,208614.51,230024.559
300473.SZ,20240913,16.85,16.94,15.91,15.95,123861.62,200311.117
300287.SZ,20240913,2.65,2.67,2.53,2.54,951692.67,244685.774
688205.SH,20240913,29.57,32.98,29.57,32.1,47535.38,151521.215
002563.SZ,20240913,4.57,4.6,4.48,4.5,156455.04,71002.088
002425.SZ,20240913,2.73,2.75,2.64,2.65,259742.95,69654.148
002731.SZ,20240913,7.7,7.8,7.48,7.57,71857.57,54955.455
600556.SH,20240913,3.5,3.54,3.41,3.42,153148.0,52976.878
688667.SH,20240913,31.91,31.92,30.85,30.86,1805.15,5640.26
002945.SZ,20240913,9.59,9.7,9.51,9.56,52610.0,50558.784
600189.SH,20240913,6.65,6.72,6.55,6.63,39367.18,26172.155
601877.SH,20240913,18.61,18.77,18.5,18.63,76834.07,143223.465
301090.SZ,20240913,5.89,6.21,5.77,6.04,318103.71,191578.949
603886.SH,20240913,11.67,11.73,11.51,11.56,9185.0,10678.025
688293.SH,20240913,26.94,27.15,25.85,25.86,3607.7,9473.533
300985.SZ,20240913,15.97,16.1,15.3,15.34,29861.22,46334.508
688695.SH,20240913,24.88,24.88,23.5,23.57,14880.19,35825.728
688255.SH,20240913,17.14,17.16,16.65,16.65,3705.76,6247.113
000791.SZ,20240913,5.45,5.46,5.33,5.34,95302.02,51103.387
300694.SZ,20240913,7.8,7.85,7.7,7.7,15632.0,12105.123
300697.SZ,20240913,9.46,9.6,9.27,9.27,20250.0,18997.938
920476.BJ,20240913,6.13,6.39,6.03,6.13,3986.26,2453.377
002636.SZ,20240913,6.62,6.67,6.55,6.57,51298.0,33902.543
300094.SZ,20240913,2.76,2.82,2.73,2.75,316882.0,87715.614
002115.SZ,20240913,4.42,4.42,4.29,4.3,124480.3,54043.903
920504.BJ,20240913,10.17,10.54,10.13,10.31,1627.62,1679.146
000037.SZ,20240913,6.93,6.96,6.79,6.79,29428.0,20205.252
603185.SH,20240913,13.17,13.23,12.56,12.56,68971.49,88313.223
601995.SH,20240913,28.3,28.75,28.3,28.56,66035.01,188772.456
002905.SZ,20240913,5.71,5.71,5.57,5.58,25981.0,14614.742
688702.SH,20240913,33.51,33.9,31.8,31.9,15011.85,49043.209
300784.SZ,20240913,46.48,48.97,45.64,46.58,17992.06,85491.215
603758.SH,20240913,6.7,6.7,6.5,6.51,14090.0,9255.845
300970.SZ,20240913,10.9,10.91,10.7,10.73,8537.0,9183.843
603112.SH,20240913,11.89,12.12,11.66,11.8,32041.38,38017.508
300276.SZ,20240913,3.38,3.4,3.31,3.32,131771.8,44109.26
600956.SH,20240913,6.66,6.71,6.59,6.6,35360.34,23477.622
300245.SZ,20240913,5.89,6.29,5.78,6.14,278495.78,169507.746
688381.SH,20240913,15.41,15.51,15.19,15.19,9971.2,15288.636
300397.SZ,20240913,7.86,7.9,7.73,7.73,66642.0,52079.411
000686.SZ,20240913,5.81,5.88,5.78,5.83,120158.6,70095.354
603511.SH,20240913,10.2,10.27,10.06,10.08,4978.31,5055.967
300409.SZ,20240913,9.41,9.5,9.23,9.24,76502.8,71169.76
688280.SH,20240913,3.76,3.76,3.64,3.66,18201.86,6734.65
688218.SH,20240913,13.35,13.47,12.78,12.88,14937.66,19468.933
300486.SZ,20240913,4.91,4.99,4.82,4.91,93974.27,46069.166
600380.SH,20240913,9.74,9.74,9.51,9.53,99123.33,95253.066
603348.SH,20240913,20.89,21.12,20.22,20.22,29779.15,61036.318
600169.SH,20240913,1.82,1.82,1.79,1.81,80489.0,14519.644
002160.SZ,20240913,2.96,2.99,2.94,2.94,68801.0,20373.127
688322.SH,20240913,23.0,23.14,21.96,21.97,29593.3,66263.825
300386.SZ,20240913,9.03,9.05,8.56,8.57,303185.0,265275.028
603992.SH,20240913,18.11,18.38,16.89,17.0,24879.0,43838.833
301429.SZ,20240913,13.74,13.81,13.26,13.27,6493.0,8719.226
688260.SH,20240913,12.27,12.36,12.03,12.07,21714.92,26379.363
300492.SZ,20240913,64.4,64.73,62.45,62.46,4626.0,29298.32
001368.SZ,20240913,17.95,18.08,17.5,17.52,4946.0,8743.035
300171.SZ,20240913,10.15,10.19,9.81,9.84,37903.0,37873.85
002211.SZ,20240913,2.52,2.54,2.45,2.46,78123.45,19360.826
300405.SZ,20240913,3.77,3.79,3.66,3.68,43315.9,16059.692
002206.SZ,20240913,3.63,3.63,3.54,3.54,71472.0,25489.351
002946.SZ,20240913,9.42,9.55,9.28,9.32,43128.0,40416.706
002863.SZ,20240913,3.73,3.73,3.6,3.63,69047.1,25242.503
300242.SZ,20240913,2.36,2.65,2.35,2.45,854828.01,213306.184
002333.SZ,20240913,4.88,4.93,4.83,4.84,17848.0,8686.723
603167.SH,20240913,7.15,7.18,7.05,7.05,31668.89,22468.494
300234.SZ,20240913,3.68,3.7,3.61,3.62,19488.0,7090.217
002706.SZ,20240913,5.85,5.9,5.81,5.83,90511.07,52855.19
688608.SH,20240913,140.55,145.24,139.81,142.0,7340.91,104682.982
002001.SZ,20240913,18.55,18.96,18.5,18.65,137410.09,257775.205
000025.SZ,20240913,13.9,14.07,13.71,13.8,30196.5,41892.931
688006.SH,20240913,14.6,14.69,14.11,14.11,21169.83,30247.011
600773.SH,20240913,10.75,11.15,10.67,10.99,79438.68,86774.739
300621.SZ,20240913,7.18,7.35,7.11,7.12,24266.0,17530.687
603955.SH,20240913,7.24,7.29,7.11,7.11,18798.0,13469.407
605319.SH,20240913,15.49,15.54,15.27,15.33,8789.0,13484.575
300950.SZ,20240913,12.1,12.18,11.85,11.85,13480.0,16132.863
002285.SZ,20240913,1.91,1.98,1.9,1.92,1026600.8,198722.124
603281.SH,20240913,24.01,24.07,23.66,23.72,5289.86,12589.935
301272.SZ,20240913,29.79,30.29,29.61,29.79,4688.51,14050.975
000078.SZ,20240913,2.15,2.17,2.13,2.14,70167.0,15082.525
300729.SZ,20240913,13.61,13.64,13.35,13.41,14708.3,19814.343
600811.SH,20240913,1.35,1.35,1.25,1.29,2303159.83,299488.307
002613.SZ,20240913,3.3,3.32,3.27,3.27,45204.68,14872.613
600892.SH,20240913,4.04,4.15,3.98,3.99,118759.0,48108.751
301077.SZ,20240913,16.55,16.55,15.91,15.91,7793.0,12595.586
601828.SH,20240913,2.12,2.14,2.09,2.09,117833.5,24841.053
300229.SZ,20240913,11.59,11.69,11.29,11.3,103799.15,118768.005
688670.SH,20240913,10.37,10.37,9.76,9.79,13975.45,13946.051
300923.SZ,20240913,18.37,18.46,18.04,18.06,15360.0,28033.067
300972.SZ,20240913,31.11,31.62,30.4,30.52,10853.84,33421.66
002543.SZ,20240913,8.54,8.55,8.35,8.37,22804.15,19220.383
001238.SZ,20240913,21.57,21.95,21.11,21.13,5043.0,10847.557
688516.SH,20240913,35.45,36.29,34.92,34.99,63047.77,223963.922
002992.SZ,20240913,43.15,43.5,41.9,41.9,12676.63,53677.165
603798.SH,20240913,7.11,7.18,7.05,7.05,19981.83,14209.43
603970.SH,20240913,12.09,12.1,11.76,11.84,17943.2,21261.195
603777.SH,20240913,8.19,8.2,8.02,8.03,17409.6,14033.112
603515.SH,20240913,14.2,14.2,13.81,13.82,11849.3,16516.047
920748.BJ,20240913,12.57,13.56,11.9,13.06,17634.63,22730.951
002537.SZ,20240913,5.04,5.06,4.94,4.95,75429.04,37572.234
605189.SH,20240913,11.4,11.49,11.22,11.29,7910.92,8967.025
603276.SH,20240913,12.33,12.34,12.1,12.11,7112.94,8668.631
300114.SZ,20240913,40.71,41.19,40.55,40.59,37845.32,154407.096
600824.SH,20240913,2.98,3.09,2.96,3.03,73329.68,22227.503
300857.SZ,20240913,45.32,46.97,45.32,45.4,79300.65,365772.634
600050.SH,20240913,4.47,4.53,4.46,4.47,822664.92,369843.205
002311.SZ,20240913,35.63,36.09,35.32,35.5,48072.65,171521.461
300137.SZ,20240913,3.81,3.81,3.73,3.73,22011.0,8251.828
688668.SH,20240913,33.86,34.26,32.68,32.7,27737.48,92171.065
600816.SH,20240913,2.38,2.39,2.35,2.35,167519.99,39685.289
002443.SZ,20240913,5.15,5.21,5.13,5.13,15669.05,8106.186
300470.SZ,20240913,31.8,32.25,31.57,31.65,4774.42,15218.215
688222.SH,20240913,8.81,8.82,8.55,8.56,33943.58,29379.747
920454.BJ,20240913,7.12,7.45,7.05,7.28,18688.47,13633.748
300246.SZ,20240913,6.26,6.31,6.13,6.15,30606.5,19012.176
301377.SZ,20240913,15.46,15.65,15.25,15.26,16190.0,24894.409
301306.SZ,20240913,30.23,30.27,29.52,29.62,13079.14,39094.213
688068.SH,20240913,23.95,23.95,23.52,23.62,3203.2,7599.448
300554.SZ,20240913,18.42,18.49,17.85,17.86,25044.0,45251.609
000725.SZ,20240913,3.72,3.74,3.64,3.65,2966877.77,1091935.048
300187.SZ,20240913,4.28,4.37,4.28,4.3,53470.0,23105.941
300155.SZ,20240913,3.58,3.71,3.42,3.43,313105.74,111436.728
603385.SH,20240913,4.95,4.95,4.83,4.84,15045.4,7319.966
603817.SH,20240913,4.6,4.64,4.55,4.57,26196.0,12042.483
688339.SH,20240913,20.56,20.65,19.6,19.72,19562.02,39297.111
002690.SZ,20240913,12.59,12.69,12.33,12.35,21883.55,27261.598
002893.SZ,20240913,7.97,8.2,7.95,8.06,36209.38,29296.14
920799.BJ,20240913,9.29,9.62,9.11,9.4,45357.33,42297.115
002351.SZ,20240913,9.67,9.72,9.41,9.42,111983.0,106947.452
600433.SH,20240913,2.58,2.59,2.55,2.56,57993.44,14903.821
600198.SH,20240913,5.33,5.81,5.28,5.81,273872.21,155814.799
300520.SZ,20240913,14.3,14.34,13.74,13.75,47579.06,66328.867
688329.SH,20240913,12.38,12.47,12.15,12.16,3891.31,4760.179
002274.SZ,20240913,6.75,6.77,6.66,6.67,51131.44,34255.397
301167.SZ,20240913,11.16,11.69,10.98,11.5,72637.8,83414.527
301025.SZ,20240913,8.21,8.35,8.03,8.05,34728.0,28200.765
603808.SH,20240913,6.0,6.06,5.9,5.9,19544.0,11656.151
603779.SH,20240913,7.86,8.28,7.83,8.04,76570.15,62241.202
300086.SZ,20240913,4.46,4.67,4.26,4.26,815667.94,361027.868
000767.SZ,20240913,2.16,2.2,2.16,2.18,75793.93,16530.319
301397.SZ,20240913,20.7,20.91,20.18,20.18,6869.2,14041.572
600486.SH,20240913,47.33,48.08,46.8,46.9,15036.73,71175.291
603228.SH,20240913,24.48,25.88,24.41,25.48,250469.57,637224.85
600323.SH,20240913,19.3,19.43,18.92,18.92,47056.24,89966.892
603810.SH,20240913,8.65,8.65,8.1,8.1,68890.62,57351.815
300350.SZ,20240913,4.38,4.39,4.3,4.3,51907.45,22462.765
300022.SZ,20240913,3.69,3.72,3.59,3.65,84561.0,30786.408
603357.SH,20240913,7.67,7.71,7.55,7.55,42933.0,32759.545
002399.SZ,20240913,9.44,9.48,9.31,9.33,23479.02,22048.893
920680.BJ,20240913,10.14,10.38,9.78,10.04,17410.32,17496.544
300801.SZ,20240913,13.12,13.12,12.76,12.76,7689.99,9928.215
603755.SH,20240913,22.58,22.77,22.15,22.6,4046.0,9052.31
301293.SZ,20240913,31.3,31.51,30.78,30.78,23332.5,72526.361
600463.SH,20240913,9.01,9.78,9.0,9.78,234745.49,223708.107
603076.SH,20240913,19.55,19.83,19.02,19.04,5620.0,10860.603
600301.SH,20240913,14.54,14.62,14.2,14.2,41049.0,59108.727
600979.SH,20240913,2.86,2.89,2.76,2.81,465064.36,131795.951
603305.SH,20240913,8.76,8.81,8.45,8.45,101089.33,86481.783
600721.SH,20240913,5.75,5.84,5.7,5.73,102697.0,59142.637
300454.SZ,20240913,45.61,45.78,43.56,44.64,38453.43,170434.4
300980.SZ,20240913,14.2,14.31,13.86,13.86,11690.5,16415.049
002998.SZ,20240913,5.03,5.06,4.96,4.97,37081.0,18563.283
000426.SZ,20240913,10.4,10.4,9.97,9.99,358579.25,365080.896
600026.SH,20240913,12.77,12.99,12.61,12.61,119017.52,152482.629
000516.SZ,20240913,4.4,4.44,4.22,4.23,539098.38,230976.048
002338.SZ,20240913,24.86,24.99,24.28,24.28,39757.0,97783.212
002478.SZ,20240913,4.41,4.45,4.41,4.42,25406.0,11249.207
605388.SH,20240913,4.58,4.58,4.43,4.45,43307.2,19442.956
000498.SZ,20240913,4.8,4.82,4.74,4.76,46887.27,22460.002
300112.SZ,20240913,7.14,7.14,6.83,6.84,78797.02,54799.094
301132.SZ,20240913,22.39,22.62,22.0,22.0,20045.66,44591.159
000917.SZ,20240913,4.78,4.8,4.73,4.74,101181.0,48185.714
300432.SZ,20240913,6.77,6.86,6.58,6.61,139571.0,92760.012
300911.SZ,20240913,20.35,20.35,20.03,20.16,8318.89,16778.743
001300.SZ,20240913,10.09,10.18,9.86,9.86,20081.0,20002.481
688108.SH,20240913,9.17,9.3,9.06,9.09,40651.74,37264.929
603429.SH,20240913,3.72,3.75,3.58,3.6,56481.4,20594.02
688057.SH,20240913,9.46,9.46,9.23,9.23,3023.33,2809.903
002353.SZ,20240913,27.27,27.29,25.4,25.5,118069.56,307030.119
000701.SZ,20240913,3.45,3.46,3.37,3.38,68186.0,23193.353
000501.SZ,20240913,6.94,7.02,6.89,6.95,29233.72,20362.823
002644.SZ,20240913,6.39,6.42,6.3,6.3,24634.0,15632.243
002111.SZ,20240913,8.96,9.0,8.85,8.87,33698.2,29998.853
002088.SZ,20240913,9.87,9.95,9.7,9.7,15103.86,14803.643
000729.SZ,20240913,9.24,9.29,9.12,9.12,104937.84,96415.538
600225.SH,20240913,1.52,1.55,1.5,1.51,177513.43,26992.488
300134.SZ,20240913,11.54,11.79,9.8,10.12,1136318.93,1227024.777
000768.SZ,20240913,23.19,23.38,22.95,23.01,74590.98,172660.281
920751.BJ,20240913,7.62,7.95,7.58,7.79,11724.8,9074.066
920953.BJ,20240913,11.85,12.5,11.77,12.25,23231.15,28007.333
002340.SZ,20240913,5.68,5.7,5.55,5.55,356114.9,199450.419
002896.SZ,20240913,25.29,25.44,24.8,24.88,19193.0,48060.467
688065.SH,20240913,33.7,34.25,33.39,34.08,14822.26,50133.834
688551.SH,20240913,25.08,25.28,24.06,24.06,7648.48,18740.434
603919.SH,20240913,16.32,16.35,16.0,16.01,17965.03,29003.533
601678.SH,20240913,3.2,3.2,3.1,3.11,214076.97,67242.926
002066.SZ,20240913,7.57,8.15,7.52,7.76,64472.44,50280.257
002490.SZ,20240913,1.97,1.98,1.92,1.94,77344.0,15102.927
300277.SZ,20240913,7.07,7.84,6.93,7.55,463022.44,346176.15
603416.SH,20240913,28.69,29.0,28.08,28.08,10019.0,28595.785
002623.SZ,20240913,14.79,14.92,14.37,14.37,9775.0,14184.701
600642.SH,20240913,7.22,7.34,7.18,7.21,206302.76,149966.549
301488.SZ,20240913,46.0,46.36,44.8,44.86,10420.0,47218.017
002626.SZ,20240913,13.1,13.16,12.93,12.94,19973.0,26044.657
603878.SH,20240913,4.96,5.0,4.86,4.86,60323.4,29633.558
600273.SH,20240913,7.11,7.15,7.03,7.06,73296.0,51878.727
920046.BJ,20240913,6.77,6.99,6.52,6.78,25409.75,17086.728
301263.SZ,20240913,12.8,12.8,12.56,12.59,14770.38,18682.154
002146.SZ,20240913,1.15,1.17,1.14,1.16,564189.97,65458.837
300030.SZ,20240913,5.68,7.43,5.68,6.63,965738.44,636354.751
002170.SZ,20240913,5.9,5.92,5.83,5.83,52880.0,31004.873
002658.SZ,20240913,5.47,5.53,5.38,5.4,33642.0,18285.762
603166.SH,20240913,4.75,4.75,4.62,4.63,47547.0,22175.798
600022.SH,20240913,1.22,1.23,1.21,1.22,129072.36,15720.793
301135.SZ,20240913,18.17,18.21,17.7,17.77,5601.0,10048.251
688601.SH,20240913,32.15,32.97,31.19,31.35,36163.75,116199.903
603150.SH,20240913,23.66,23.66,23.01,23.06,4272.0,9910.307
000883.SZ,20240913,4.52,4.64,4.51,4.53,195789.66,89477.725
600908.SH,20240913,4.93,4.97,4.91,4.91,75014.0,37023.612
300654.SZ,20240913,7.99,8.26,7.9,8.09,144060.2,116394.519
688069.SH,20240913,13.75,13.76,13.2,13.28,3935.75,5286.601
301611.SZ,20240913,28.93,29.7,28.63,28.73,90135.45,263170.167
000722.SZ,20240913,8.3,8.55,8.28,8.52,95504.8,80365.927
300467.SZ,20240913,12.4,12.48,12.06,12.07,24568.0,30031.961
301005.SZ,20240913,22.35,22.44,21.85,21.93,18296.14,40271.782
605117.SH,20240913,92.22,92.55,90.03,90.03,44288.57,403852.71
601137.SH,20240913,13.94,13.97,13.51,13.54,102582.0,140362.507
301108.SZ,20240913,21.92,22.05,21.65,21.65,2619.0,5706.59
603719.SH,20240913,10.02,10.06,9.71,9.71,34525.11,33990.489
000006.SZ,20240913,4.2,4.38,4.17,4.33,592927.01,254798.092
002581.SZ,20240913,8.29,8.29,8.03,8.03,26851.37,21812.212
300241.SZ,20240913,3.97,3.99,3.87,3.88,197220.51,77291.631
002075.SZ,20240913,4.86,4.88,4.68,4.71,581907.2,278166.174
002062.SZ,20240913,3.25,3.28,3.22,3.24,30487.0,9904.98
603043.SH,20240913,13.48,13.5,13.2,13.31,15961.2,21262.805
605060.SH,20240913,11.96,12.1,11.76,11.92,17505.0,20812.404
003041.SZ,20240913,10.34,10.36,10.09,10.13,7410.0,7574.469
000627.SZ,20240913,3.11,3.41,3.1,3.41,2516531.42,838218.769
002985.SZ,20240913,17.58,17.67,17.23,17.23,12983.6,22648.434
000927.SZ,20240913,2.29,2.33,2.27,2.3,163414.01,37661.301
301115.SZ,20240913,12.31,12.41,12.13,12.14,26750.75,32850.429
300331.SZ,20240913,15.5,15.95,14.78,14.82,98824.75,153172.192
603121.SH,20240913,6.78,6.84,6.65,6.67,38058.75,25586.733
920149.BJ,20240913,5.91,7.74,5.91,6.72,161963.73,108724.811
605266.SH,20240913,19.03,19.28,18.22,18.22,53576.89,100187.925
601008.SH,20240913,3.3,3.32,3.28,3.28,32882.0,10862.827
000582.SZ,20240913,6.89,6.96,6.87,6.88,46453.89,32099.918
300124.SZ,20240913,43.46,43.79,42.9,43.28,98046.38,424757.077
601231.SH,20240913,13.69,13.86,13.45,13.45,82896.69,113198.316
688313.SH,20240913,8.38,8.45,8.21,8.24,35264.77,29356.609
002051.SZ,20240913,6.54,6.59,6.49,6.51,39893.05,26081.729
300062.SZ,20240913,4.83,4.85,4.71,4.72,59183.0,28198.968
301212.SZ,20240913,18.25,18.25,17.37,17.46,15894.0,28104.418
301559.SZ,20240913,14.29,14.29,14.1,14.1,5279.11,7491.39
003030.SZ,20240913,13.15,13.27,12.95,13.08,5235.0,6850.689
301042.SZ,20240913,29.19,29.3,27.9,27.9,9404.0,26736.021
601399.SH,20240913,2.52,2.55,2.5,2.52,226958.61,57438.089
002498.SZ,20240913,2.91,2.92,2.85,2.86,127692.6,36630.646
301046.SZ,20240913,17.78,17.83,17.23,17.25,8221.54,14339.523
600054.SH,20240913,10.44,10.48,10.32,10.33,23178.0,24005.606
002882.SZ,20240913,13.71,13.88,13.36,13.37,53838.0,72745.677
600202.SH,20240913,3.68,3.71,3.65,3.65,34198.0,12599.88
600085.SH,20240913,31.75,32.28,31.45,31.52,79472.41,252816.418
300029.SZ,20240913,3.95,3.99,3.76,3.76,20227.0,7793.128
603897.SH,20240913,18.64,18.69,18.09,18.13,34353.0,62941.72
002159.SZ,20240913,13.03,13.05,12.85,12.9,20104.0,26017.543
688429.SH,20240913,16.89,17.07,16.5,16.77,3929.34,6634.51
688148.SH,20240913,3.72,3.75,3.63,3.63,43472.09,15925.369
603095.SH,20240913,14.51,14.54,14.21,14.22,14612.0,20998.333
002655.SZ,20240913,9.51,9.55,9.23,9.23,63152.0,59121.643
301179.SZ,20240913,15.15,15.26,14.8,14.8,14826.09,22142.955
600853.SH,20240913,3.05,3.06,3.0,3.0,48592.88,14704.222
688013.SH,20240913,15.03,15.16,14.69,14.73,2365.68,3521.611
002960.SZ,20240913,9.11,9.15,8.87,8.94,59846.98,53730.792
301217.SZ,20240913,8.99,9.03,8.79,8.79,44572.64,39551.805
002094.SZ,20240913,2.19,2.2,2.15,2.17,118259.0,25699.692
688105.SH,20240913,18.81,18.9,18.24,18.24,8764.75,16177.723
603129.SH,20240913,147.58,150.25,143.5,143.89,10824.0,157748.924
688228.SH,20240913,28.96,29.2,28.11,28.28,8642.54,24593.423
002153.SZ,20240913,5.78,5.82,5.66,5.67,126313.2,72211.519
600252.SH,20240913,1.88,1.92,1.88,1.9,208404.03,39651.961
605589.SH,20240913,17.73,17.77,17.36,17.38,37730.0,65942.174
301133.SZ,20240913,19.46,19.55,18.9,18.9,10166.0,19402.495
601965.SH,20240913,16.93,16.93,16.43,16.53,44648.55,74054.115
920436.BJ,20240913,6.73,6.96,6.65,6.84,5148.41,3492.627
301028.SZ,20240913,8.79,8.88,8.68,8.68,21748.0,19034.932
300299.SZ,20240913,4.12,4.18,3.93,3.95,440513.76,178174.704
000789.SZ,20240913,4.27,4.31,4.24,4.24,22160.0,9462.674
301516.SZ,20240913,14.83,15.19,14.65,14.7,38785.0,57740.643
603638.SH,20240913,14.87,14.97,14.7,14.82,18208.0,26988.195
600375.SH,20240913,5.14,5.29,5.01,5.2,52971.0,27467.434
300334.SZ,20240913,5.15,5.28,5.11,5.17,78994.27,41077.615
300599.SZ,20240913,4.9,4.95,4.84,4.86,27163.0,13280.993
300268.SZ,20240913,6.05,6.07,5.99,5.99,4055.02,2441.738
601718.SH,20240913,2.35,2.38,2.34,2.36,207754.5,49118.992
605003.SH,20240913,15.04,15.21,14.83,14.85,2292.25,3440.984
600988.SH,20240913,17.3,17.64,17.03,17.27,503214.02,872989.59
001359.SZ,20240913,19.8,19.88,18.91,19.0,33044.78,63887.86
688382.SH,20240913,7.92,7.97,7.58,7.6,44553.65,34493.554
002670.SZ,20240913,8.78,8.9,8.57,8.58,267551.92,233615.312
603214.SH,20240913,10.61,10.65,10.44,10.48,14808.0,15563.354
688371.SH,20240913,9.81,9.99,9.48,9.52,18427.21,17668.055
002546.SZ,20240913,3.17,3.17,3.1,3.11,72259.92,22584.024
600863.SH,20240913,4.03,4.1,4.02,4.06,512294.21,208601.382
300706.SZ,20240913,17.2,17.38,16.88,16.93,11125.59,18996.579
002501.SZ,20240913,1.03,1.04,1.03,1.04,105805.0,10953.719
688519.SH,20240913,18.04,18.27,17.78,17.78,6121.38,10954.145
002436.SZ,20240913,8.39,8.51,8.26,8.27,224339.9,187692.374
002578.SZ,20240913,2.43,2.46,2.41,2.41,70792.0,17168.394
300959.SZ,20240913,24.4,24.52,23.6,23.71,8176.77,19543.523
688161.SH,20240913,22.01,22.18,21.62,21.66,6186.15,13505.282
600597.SH,20240913,7.45,7.48,7.38,7.41,35981.55,26725.738
600354.SH,20240913,4.58,4.6,4.53,4.57,39150.07,17914.297
600540.SH,20240913,3.35,3.39,3.33,3.35,30066.81,10109.4
300517.SZ,20240913,8.6,8.72,8.3,8.3,30820.44,26171.922
300504.SZ,20240913,12.71,12.82,12.24,12.3,76526.6,95016.829
002216.SZ,20240913,9.31,9.39,9.16,9.19,49265.0,45424.093
600449.SH,20240913,9.25,10.12,9.22,10.12,95139.79,94358.528
600789.SH,20240913,6.97,6.98,6.87,6.87,227450.79,157420.273
300135.SZ,20240913,2.48,2.51,2.44,2.45,123434.0,30563.67
001376.SZ,20240913,14.91,15.02,14.54,14.54,12616.0,18548.329
300717.SZ,20240913,12.56,12.72,12.36,12.5,8437.6,10547.985
300283.SZ,20240913,4.64,4.67,4.48,4.48,94433.0,42856.459
688786.SH,20240913,19.84,19.88,19.06,19.11,5413.53,10511.999
000983.SZ,20240913,7.2,7.23,7.1,7.1,128199.05,91601.103
600310.SH,20240913,3.31,3.35,3.29,3.31,69337.6,23056.079
600708.SH,20240913,1.79,1.82,1.77,1.81,218130.84,39378.044
603320.SH,20240913,12.5,12.67,12.32,12.32,14098.02,17518.493
601100.SH,20240913,52.17,52.46,51.57,52.1,25958.36,135455.899
000670.SZ,20240913,4.39,4.42,4.26,4.27,110768.06,47674.125
300449.SZ,20240913,5.12,5.24,4.93,4.95,217120.8,109736.311
002520.SZ,20240913,4.95,5.13,4.81,4.93,471486.46,232793.761
601990.SH,20240913,7.46,7.51,7.4,7.43,129263.0,96222.715
300150.SZ,20240913,3.12,3.12,3.02,3.03,118207.0,36112.8
603588.SH,20240913,4.5,4.51,4.33,4.33,257403.79,112957.06
000678.SZ,20240913,4.39,4.86,4.27,4.86,549481.1,252753.149
300563.SZ,20240913,27.16,28.09,27.16,27.47,182903.0,506252.83
600201.SH,20240913,5.81,5.81,5.7,5.76,84650.0,48624.004
300031.SZ,20240913,14.6,14.71,14.43,14.43,74713.02,108620.739
000538.SZ,20240913,50.68,51.08,50.35,50.61,71167.95,361047.887
605055.SH,20240913,4.18,4.22,4.15,4.15,18135.0,7576.604
301577.SZ,20240913,46.95,46.96,45.57,45.66,5656.0,26014.787
002624.SZ,20240913,7.47,7.49,7.31,7.31,143270.0,105496.983
688458.SH,20240913,20.98,21.08,20.36,20.4,6277.83,12958.003
601996.SH,20240913,1.66,1.69,1.66,1.67,70056.0,11720.414
688485.SH,20240913,7.94,8.14,7.83,7.86,5961.05,4762.989
603351.SH,20240913,19.83,19.83,19.49,19.6,7928.0,15575.072
301307.SZ,20240913,17.1,17.18,16.43,16.48,18957.16,31603.272
002292.SZ,20240913,5.42,5.45,5.3,5.31,205367.0,109961.354
603662.SH,20240913,24.43,24.61,23.71,23.71,96866.59,232778.033
002098.SZ,20240913,6.8,6.86,6.7,6.7,22812.65,15472.98
000721.SZ,20240913,6.36,6.42,6.29,6.38,53648.0,34157.991
001316.SZ,20240913,26.38,26.38,25.6,25.6,6209.0,16029.694
300595.SZ,20240913,13.79,13.82,13.44,13.47,49987.57,67997.637
600983.SH,20240913,6.86,6.88,6.74,6.74,6024.0,4102.129
003006.SZ,20240913,23.03,23.63,23.02,23.31,13889.16,32537.409
603398.SH,20240913,15.61,17.17,15.61,17.17,245312.73,412672.123
920508.BJ,20240913,13.1,13.19,12.61,12.98,11386.77,14723.091
002137.SZ,20240913,4.9,4.94,4.8,4.81,92873.54,45110.695
000651.SZ,20240913,38.67,39.57,38.61,39.24,263328.92,1035043.052
600023.SH,20240913,5.68,5.74,5.62,5.71,232708.73,132659.222
600477.SH,20240913,2.17,2.18,2.15,2.16,83746.0,18110.676
001872.SZ,20240913,18.91,19.12,18.33,18.37,54563.01,101605.186
300739.SZ,20240913,10.78,11.01,10.63,10.63,33647.2,36288.704
002487.SZ,20240913,19.71,20.09,18.8,18.82,88095.32,168667.831
002104.SZ,20240913,5.48,5.5,5.27,5.27,297096.87,158498.98
605300.SH,20240913,10.4,10.47,10.3,10.32,4243.0,4403.044
603003.SH,20240913,4.02,4.05,3.86,3.87,88321.0,34602.392
300515.SZ,20240913,9.09,9.12,8.87,8.87,12162.0,10917.851
601236.SH,20240913,6.67,6.88,6.64,6.7,227224.3,153444.34
002765.SZ,20240913,4.81,4.83,4.69,4.71,64695.0,30633.37
300452.SZ,20240913,10.5,10.5,10.35,10.37,15422.5,16060.887
688132.SH,20240913,12.79,12.89,12.36,12.52,8053.78,10108.634
603927.SH,20240913,16.01,16.15,15.79,15.82,52570.2,83805.481
300668.SZ,20240913,16.53,18.8,16.41,17.8,32087.57,56834.179
603439.SH,20240913,13.14,13.25,12.32,12.33,100487.19,127413.638
603020.SH,20240913,6.31,6.33,6.16,6.17,13467.0,8378.893
300118.SZ,20240913,9.61,9.76,9.3,9.31,263083.2,249006.467
300593.SZ,20240913,9.22,9.28,8.92,8.93,40726.97,36847.221
603982.SH,20240913,7.38,7.39,7.1,7.1,23166.0,16667.011
003019.SZ,20240913,22.55,22.7,22.07,22.12,24885.01,55629.394
301007.SZ,20240913,11.42,11.52,11.17,11.19,33159.99,37449.494
001260.SZ,20240913,13.17,13.19,12.99,13.03,7922.0,10368.405
600462.SH,20240913,1.48,1.53,1.46,1.46,71658.0,10694.397
301171.SZ,20240913,13.13,13.19,12.82,12.82,88387.0,114565.064
000716.SZ,20240913,3.54,3.55,3.46,3.46,48013.0,16762.268
000970.SZ,20240913,8.05,8.06,7.95,7.98,47647.43,38091.267
002381.SZ,20240913,6.14,6.14,6.03,6.11,24021.01,14622.987
603600.SH,20240913,9.64,9.88,9.54,9.6,24641.2,23949.195
300806.SZ,20240913,10.38,10.39,9.64,9.73,201806.68,200382.97
603156.SH,20240913,17.99,18.77,17.95,18.37,87293.24,161220.108
688283.SH,20240913,17.9,17.92,17.33,17.4,4949.69,8721.295
600389.SH,20240913,13.03,13.15,12.73,12.73,24270.72,31178.49
300430.SZ,20240913,10.5,10.6,10.16,10.19,63571.28,65502.296
001228.SZ,20240913,17.04,17.04,16.52,16.55,9360.0,15606.74
300359.SZ,20240913,4.16,4.25,4.11,4.15,135730.91,56591.647
601686.SH,20240913,5.3,5.3,5.25,5.28,7375.0,3893.445
002273.SZ,20240913,15.67,16.54,15.67,16.12,366517.33,594143.758
300609.SZ,20240913,22.28,22.67,21.3,21.33,34504.0,74968.662
600623.SH,20240913,5.63,5.65,5.52,5.56,138832.61,77211.135
600128.SH,20240913,6.51,6.74,6.48,6.6,75361.0,50056.273
600764.SH,20240913,21.56,21.99,21.44,21.45,35077.0,76086.946
300366.SZ,20240913,7.55,7.68,7.18,7.2,196099.0,144064.909
688053.SH,20240913,17.72,17.78,16.84,16.85,10766.47,18495.215
002586.SZ,20240913,1.66,1.67,1.59,1.59,34370.0,5604.458
002598.SZ,20240913,7.12,7.13,6.98,6.99,24593.83,17302.707
688501.SH,20240913,11.04,11.23,10.85,10.87,9477.21,10405.718
688091.SH,20240913,27.0,27.1,26.58,26.63,9935.07,26582.047
000957.SZ,20240913,8.93,9.02,8.8,8.81,169532.34,150671.329
600035.SH,20240913,3.67,3.74,3.66,3.71,193735.28,71955.678
920305.BJ,20240913,9.18,9.31,8.65,9.1,22185.75,20019.692
300580.SZ,20240913,13.39,13.43,12.95,12.96,56532.48,73963.405
301211.SZ,20240913,13.95,15.0,13.85,14.6,59454.1,86602.74
600248.SH,20240913,3.4,3.44,3.38,3.42,86438.36,29528.803
600935.SH,20240913,2.05,2.06,2.03,2.04,41912.0,8558.816
301300.SZ,20240913,21.99,21.99,20.59,21.24,16555.11,35088.967
603863.SH,20240913,24.8,24.8,23.64,23.69,40376.0,97838.989
002848.SZ,20240913,6.76,6.85,6.68,6.7,39903.0,26982.108
000656.SZ,20240913,1.16,1.19,1.16,1.17,474108.97,55670.75
605100.SH,20240913,11.19,11.19,10.65,10.66,37804.24,41055.322
603630.SH,20240913,9.43,9.48,9.18,9.22,11985.0,11167.663
000810.SZ,20240913,9.2,9.33,9.05,9.05,345206.34,316977.403
300076.SZ,20240913,3.68,3.97,3.64,3.87,398690.0,151756.197
002202.SZ,20240913,8.25,8.31,8.14,8.16,216158.72,177714.948
003031.SZ,20240913,35.1,35.25,34.68,34.7,9965.67,34810.114
688139.SH,20240913,25.68,25.69,25.21,25.24,15730.8,39867.573
688050.SH,20240913,81.81,82.88,80.7,80.97,11441.65,93488.664
600358.SH,20240913,3.41,3.45,3.06,3.16,568404.44,186005.294
688570.SH,20240913,15.07,15.07,14.61,14.62,6643.85,9807.572
002637.SZ,20240913,8.01,8.05,7.85,7.86,13493.0,10696.637
002512.SZ,20240913,3.5,3.53,3.39,3.39,581003.49,199466.984
603063.SH,20240913,11.95,12.0,11.52,11.52,58887.0,68977.319
002026.SZ,20240913,7.69,7.69,7.52,7.53,40895.0,30953.905
301338.SZ,20240913,26.16,26.18,25.29,25.3,7825.57,20016.941
301085.SZ,20240913,40.21,40.74,38.5,38.5,28456.75,111400.492
688153.SH,20240913,27.96,27.99,27.36,27.37,12265.84,33927.216
920403.BJ,20240913,8.05,8.19,8.01,8.15,3453.45,2802.162
688279.SH,20240913,103.61,105.2,102.0,104.0,4651.36,48235.331
002452.SZ,20240913,7.17,7.2,6.98,6.98,51400.0,36221.07
002468.SZ,20240913,10.16,10.25,10.01,10.19,136188.37,138717.146
000028.SZ,20240913,24.54,24.69,24.24,24.26,18661.9,45556.335
920526.BJ,20240913,16.44,17.87,16.2,16.88,29497.32,50140.104
603486.SH,20240913,40.88,41.41,40.25,40.25,26371.09,107511.393
002627.SZ,20240913,4.49,4.5,4.44,4.5,25163.45,11229.5
300472.SZ,20240913,5.56,5.66,5.36,5.38,102047.0,55590.837
600009.SH,20240913,31.0,31.08,30.78,30.79,34087.5,105244.631
300294.SZ,20240913,31.15,31.32,30.22,30.5,35662.0,108980.416
000802.SZ,20240913,4.92,4.93,4.86,4.89,23833.0,11676.804
600114.SH,20240913,14.25,14.48,14.2,14.26,210273.0,301334.964
603999.SH,20240913,4.81,4.83,4.73,4.75,36213.0,17291.725
600529.SH,20240913,24.75,24.86,24.23,24.27,44929.69,110149.671
600598.SH,20240913,12.9,13.17,12.85,13.01,130610.8,169852.599
300525.SZ,20240913,11.91,12.03,11.67,11.7,48445.24,57308.301
000679.SZ,20240913,3.02,3.08,2.97,3.02,100812.0,30567.129
002100.SZ,20240913,5.99,6.0,5.91,5.91,143725.35,85458.904
600362.SH,20240913,18.78,18.93,18.58,18.59,161740.27,302912.323
301378.SZ,20240913,23.1,24.67,21.22,21.66,129237.4,295663.046
300435.SZ,20240913,9.81,9.85,9.69,9.79,16406.0,16021.422
300379.SZ,20240913,9.85,10.15,9.65,9.66,399655.49,393104.558
603628.SH,20240913,12.25,12.37,11.94,11.94,74077.86,89519.094
688020.SH,20240913,27.98,28.07,27.03,27.04,5209.81,14271.166
603896.SH,20240913,19.65,19.66,18.94,18.99,20770.54,39860.921
688185.SH,20240913,40.63,41.17,40.4,40.84,11630.98,47576.886
688062.SH,20240913,22.95,22.99,21.11,21.19,94589.09,206196.705
600926.SH,20240913,11.93,12.04,11.85,11.88,151543.5,180837.301
002173.SZ,20240913,6.29,6.33,6.03,6.05,214912.99,131748.241
000034.SZ,20240913,24.38,24.61,23.73,23.96,180577.61,435436.308
003013.SZ,20240913,12.1,12.16,11.85,11.86,12718.0,15202.318
600727.SH,20240913,6.06,6.1,5.97,5.99,62481.0,37679.484
600600.SH,20240913,55.4,55.7,53.94,53.96,57466.7,313861.0
920184.BJ,20240913,5.45,5.6,5.28,5.55,14498.94,7919.562
300534.SZ,20240913,7.17,7.28,7.06,7.12,43438.0,31156.607
600875.SH,20240913,12.68,12.71,12.28,12.34,167419.57,208485.999
688037.SH,20240913,58.0,58.49,57.23,57.45,22337.64,129441.972
603078.SH,20240913,11.8,11.82,11.41,11.42,33181.48,38324.769
000567.SZ,20240913,4.59,4.65,4.53,4.55,79032.21,36225.979
603506.SH,20240913,7.14,7.27,7.11,7.14,20896.0,14983.786
688097.SH,20240913,19.9,19.9,19.31,19.31,17299.12,33796.946
605299.SH,20240913,6.64,6.69,6.52,6.52,13554.0,8938.267
002787.SZ,20240913,6.51,6.61,6.42,6.45,32304.0,21011.421
300269.SZ,20240913,2.86,2.88,2.79,2.82,189707.2,53607.487
688008.SH,20240913,51.1,51.52,50.9,51.07,78697.54,402402.135
002431.SZ,20240913,1.5,1.53,1.5,1.52,69540.0,10562.793
600918.SH,20240913,5.56,5.61,5.51,5.51,122674.0,68149.356
600187.SH,20240913,3.1,3.38,3.07,3.25,3806621.64,1224871.299
301170.SZ,20240913,19.21,19.22,18.6,18.6,8448.88,15888.679
601003.SH,20240913,2.49,2.5,2.44,2.47,86411.8,21344.181
002797.SZ,20240913,5.25,5.35,5.24,5.28,577265.26,306002.325
002958.SZ,20240913,2.38,2.39,2.36,2.37,221327.43,52548.493
600681.SH,20240913,3.22,3.25,3.21,3.22,15270.0,4929.009
003028.SZ,20240913,29.51,29.69,28.65,28.74,5297.0,15344.916
603687.SH,20240913,5.87,5.87,5.74,5.75,32198.0,18596.327
002019.SZ,20240913,10.26,10.3,10.12,10.12,45176.81,46031.882
002523.SZ,20240913,2.21,2.22,2.16,2.17,108955.0,23742.175
002385.SZ,20240913,3.89,3.92,3.87,3.88,221769.0,86407.116
600795.SH,20240913,4.82,4.9,4.81,4.85,721084.99,350470.404
920363.BJ,20240913,8.95,9.22,8.58,8.97,14290.97,12782.743
300983.SZ,20240913,14.87,15.28,14.73,14.83,6309.02,9454.413
001208.SZ,20240913,8.09,8.18,7.99,8.0,53023.0,42700.084
301096.SZ,20240913,35.54,35.62,34.24,34.26,20546.13,71556.282
002931.SZ,20240913,8.19,8.21,7.93,7.93,56079.33,45304.208
002342.SZ,20240913,2.94,2.94,2.91,2.93,42731.79,12508.261
300761.SZ,20240913,18.03,18.15,17.5,17.57,42674.01,75643.984
600717.SH,20240913,4.14,4.2,4.14,4.17,121639.14,50813.263
301052.SZ,20240913,19.33,20.56,18.93,19.68,79610.28,156617.089
300193.SZ,20240913,7.51,7.53,7.35,7.37,48113.66,35687.282
000958.SZ,20240913,3.25,3.3,3.23,3.26,91284.38,29790.734
600370.SH,20240913,1.38,1.39,1.3,1.36,390894.0,52298.057
601216.SH,20240913,3.55,3.61,3.53,3.53,295665.0,105329.563
603700.SH,20240913,9.24,9.32,9.05,9.05,25452.0,23339.045
002943.SZ,20240913,17.67,17.8,17.43,17.58,12982.69,22835.851
002884.SZ,20240913,18.17,18.24,17.8,17.83,9410.45,16922.344
601001.SH,20240913,13.46,13.83,13.42,13.52,100360.0,136804.289
002489.SZ,20240913,2.71,2.72,2.66,2.67,173511.0,46610.334
600331.SH,20240913,5.91,5.96,5.82,5.88,192413.0,112900.669
601126.SH,20240913,16.92,17.1,16.77,16.91,47923.97,81360.558
300363.SZ,20240913,12.01,12.07,11.7,11.7,44952.27,53091.872
603813.SH,20240913,8.97,8.97,8.66,8.68,7664.0,6709.205
688259.SH,20240913,28.74,28.85,27.14,27.25,19403.51,53704.95
002388.SZ,20240913,4.35,4.4,4.19,4.19,688919.0,291000.244
601956.SH,20240913,4.26,4.28,4.19,4.19,24612.0,10391.181
600590.SH,20240913,3.73,3.86,3.64,3.67,435677.1,161767.163
601952.SH,20240913,9.43,9.58,9.39,9.51,47044.0,44659.402
000761.SZ,20240913,2.32,2.52,2.29,2.52,205030.47,50140.258
002802.SZ,20240913,8.21,8.21,8.01,8.03,15618.0,12639.091
605196.SH,20240913,7.76,7.78,7.32,7.38,65719.0,48809.884
300111.SZ,20240913,2.15,2.17,2.12,2.13,103158.01,22099.397
000070.SZ,20240913,4.07,4.08,4.0,4.02,86362.68,34866.304
603042.SH,20240913,10.07,10.25,9.82,9.83,104484.0,104538.177
300037.SZ,20240913,31.85,31.98,30.3,30.66,76058.93,233893.839
600617.SH,20240913,2.16,2.17,2.14,2.14,48701.8,10476.583
002172.SZ,20240913,2.47,2.65,2.44,2.57,420095.98,106283.777
603366.SH,20240913,3.75,3.78,3.7,3.71,35336.0,13180.533
603712.SH,20240913,14.68,14.73,14.34,14.4,51340.4,74315.325
301117.SZ,20240913,24.57,24.82,23.68,23.75,23498.9,56469.546
603093.SH,20240913,9.39,9.62,9.38,9.4,42137.0,39943.367
300976.SZ,20240913,42.76,42.79,41.88,42.01,7643.25,32268.761
688135.SH,20240913,13.08,13.19,12.77,12.77,8862.05,11479.669
301027.SZ,20240913,7.44,7.58,7.21,7.26,73676.0,54958.338
688613.SH,20240913,13.3,13.44,13.11,13.25,15548.7,20612.589
000803.SZ,20240913,3.23,3.26,3.16,3.17,23584.05,7524.631
688230.SH,20240913,29.1,29.45,28.08,28.16,3294.83,9403.422
000801.SZ,20240913,8.19,8.22,8.06,8.06,105861.0,85989.316
600682.SH,20240913,5.31,5.42,5.21,5.37,289716.06,153872.039
920821.BJ,20240913,22.67,24.25,22.67,23.28,51527.57,120524.591
688227.SH,20240913,11.01,11.06,10.73,10.81,4981.97,5397.78
002630.SZ,20240913,2.51,2.53,2.45,2.45,123314.2,30629.173
002531.SZ,20240913,7.02,7.45,6.84,6.86,432097.44,307769.42
300612.SZ,20240913,13.21,13.36,12.92,12.98,30897.21,40450.08
605399.SH,20240913,9.99,10.1,9.79,9.8,15337.4,15154.521
600815.SH,20240913,1.91,1.95,1.91,1.93,52197.0,10118.839
002291.SZ,20240913,4.33,4.35,4.19,4.2,138210.0,58644.025
605268.SH,20240913,6.72,6.78,6.69,6.73,12200.0,8206.756
600361.SH,20240913,3.55,3.56,3.47,3.48,280020.15,97973.888
603558.SH,20240913,9.35,9.44,9.26,9.31,26283.0,24542.16
603567.SH,20240913,10.23,10.23,10.04,10.05,16765.56,16930.161
600673.SH,20240913,6.39,6.41,6.34,6.36,46972.0,29932.083
300164.SZ,20240913,3.46,3.5,3.41,3.44,252579.86,87304.183
002552.SZ,20240913,11.0,11.17,10.72,10.74,33433.03,36410.308
603386.SH,20240913,10.27,10.44,10.21,10.26,22947.0,23686.321
301448.SZ,20240913,17.73,17.9,17.45,17.45,5271.6,9296.115
603787.SH,20240913,9.74,9.83,9.68,9.69,23312.0,22721.784
300357.SZ,20240913,17.18,17.21,16.76,16.78,33749.2,57084.085
688303.SH,20240913,19.05,19.65,18.96,19.33,105021.45,202733.162
301237.SZ,20240913,19.0,19.02,18.5,18.51,3852.0,7201.172
000923.SZ,20240913,12.33,12.43,12.12,12.13,69758.0,85415.334
003001.SZ,20240913,21.52,22.28,21.4,21.42,19670.33,42807.098
603085.SH,20240913,8.43,8.44,8.11,8.22,91568.6,75141.808
001308.SZ,20240913,18.38,18.46,17.9,17.91,13245.18,23938.182
688022.SH,20240913,8.94,8.94,8.47,8.47,27588.18,23686.602
688258.SH,20240913,22.61,22.77,21.76,21.78,14909.76,32950.685
601208.SH,20240913,7.06,7.11,6.84,6.93,115319.0,80187.786
301286.SZ,20240913,28.71,28.74,28.01,28.67,4279.89,12172.575
600167.SH,20240913,5.08,5.12,5.04,5.08,37368.86,18974.176
601800.SH,20240913,7.25,7.28,7.13,7.13,217485.14,156689.216
300115.SZ,20240913,10.45,10.7,10.42,10.45,205789.81,217243.979
301558.SZ,20240913,7.56,7.58,7.23,7.24,79532.0,58440.712
920394.BJ,20240913,11.12,11.56,11.02,11.29,6433.84,7274.447
600873.SH,20240913,9.17,9.33,9.1,9.11,117960.57,108517.651
603656.SH,20240913,9.61,9.69,9.4,9.4,9396.4,8935.132
600119.SH,20240913,6.13,6.25,6.07,6.2,91786.0,56580.897
688448.SH,20240913,15.7,15.7,15.21,15.26,4867.55,7526.079
601169.SH,20240913,4.96,5.0,4.9,4.9,572524.25,283201.783
603966.SH,20240913,6.75,6.81,6.52,6.57,58855.2,39141.785
601766.SH,20240913,6.81,6.83,6.74,6.78,644311.84,436399.585
002460.SZ,20240913,26.92,27.3,25.52,25.58,427549.55,1110969.563
300264.SZ,20240913,4.34,4.37,4.21,4.22,122855.0,52423.277
002629.SZ,20240913,1.84,1.87,1.81,1.84,151795.0,27908.004
603958.SH,20240913,8.4,8.87,8.35,8.6,99230.0,85101.557
300712.SZ,20240913,18.79,18.89,18.38,18.38,8399.6,15627.396
002837.SZ,20240913,20.13,20.46,20.01,20.15,53612.3,108597.874
603325.SH,20240913,61.69,62.19,59.5,59.68,2579.34,15587.56
300632.SZ,20240913,9.09,9.14,8.92,8.93,21472.0,19326.918
000415.SZ,20240913,2.11,2.13,2.09,2.1,343065.0,72390.624
002081.SZ,20240913,2.88,2.9,2.86,2.87,66262.0,19075.168
002324.SZ,20240913,7.34,7.34,7.12,7.12,44558.2,32131.05
688347.SH,20240913,27.6,27.82,27.05,27.08,43393.89,118983.165
688333.SH,20240913,41.84,42.2,41.0,41.4,11366.1,47253.389
920634.BJ,20240913,9.67,9.95,9.52,9.68,11207.26,10940.108
002599.SZ,20240913,4.71,4.74,4.63,4.65,55222.0,25758.637
300547.SZ,20240913,13.76,13.97,13.5,13.5,44493.0,60607.769
600195.SH,20240913,5.73,5.74,5.64,5.66,58428.0,33209.632
600135.SH,20240913,5.22,5.25,5.17,5.18,75292.5,39167.433
002374.SZ,20240913,1.76,1.82,1.75,1.76,129652.0,23017.819
300648.SZ,20240913,18.18,18.26,17.42,17.55,33844.7,59879.134
002542.SZ,20240913,1.47,1.53,1.45,1.51,344314.34,51756.278
301033.SZ,20240913,39.89,40.1,38.38,38.38,3919.76,15313.589
601166.SH,20240913,16.08,16.18,15.95,15.97,282447.83,453748.615
300106.SZ,20240913,6.37,6.41,6.24,6.24,107721.0,68225.648
688048.SH,20240913,24.72,24.93,24.05,24.06,15338.88,37353.555
300092.SZ,20240913,8.86,9.13,8.75,8.83,60570.64,53840.444
002235.SZ,20240913,4.23,4.42,4.2,4.2,354089.0,151348.866
002678.SZ,20240913,3.53,3.53,3.47,3.47,29093.0,10159.224
002482.SZ,20240913,1.5,1.55,1.48,1.53,131859.66,20034.267
300122.SZ,20240913,21.27,21.33,20.67,20.68,143258.31,299576.996
603316.SH,20240913,3.74,3.8,3.71,3.72,30301.0,11349.412
301111.SZ,20240913,13.73,13.79,13.43,13.45,13425.0,18205.01
300939.SZ,20240913,25.95,26.11,25.18,25.18,14425.5,36800.101
301283.SZ,20240913,21.89,21.89,21.41,21.41,5470.0,11820.556
300893.SZ,20240913,27.0,27.25,26.49,26.53,4523.0,12059.558
002157.SZ,20240913,2.54,2.55,2.49,2.49,222623.97,55867.492
603629.SH,20240913,14.62,14.62,13.99,14.04,43545.4,61782.592
002987.SZ,20240913,10.73,10.8,10.38,10.38,123532.53,129830.832
600668.SH,20240913,8.14,8.32,8.11,8.25,22371.24,18409.149
300279.SZ,20240913,4.38,4.41,4.26,4.27,94847.7,40865.707
002990.SZ,20240913,17.92,17.92,17.32,17.33,13901.66,24342.812
301060.SZ,20240913,8.42,8.48,8.25,8.26,53014.0,44170.379
603288.SH,20240913,35.98,36.16,35.68,35.85,64592.32,231959.053
603819.SH,20240913,8.19,8.19,7.85,7.87,14098.0,11255.615
300314.SZ,20240913,9.82,10.03,9.71,9.71,21912.0,21561.403
002427.SZ,20240913,2.86,2.86,2.8,2.82,31034.0,8767.746
000713.SZ,20240913,5.5,5.54,5.44,5.5,39254.53,21588.129
002409.SZ,20240913,50.46,50.67,49.5,49.51,37676.44,188649.165
600986.SH,20240913,4.08,4.09,4.02,4.03,102745.01,41567.213
688602.SH,20240913,5.95,5.98,5.82,5.82,21842.66,12832.244
002933.SZ,20240913,23.56,24.98,23.51,24.16,47301.0,115198.64
002076.SZ,20240913,1.52,1.53,1.5,1.5,112123.0,16951.557
600015.SH,20240913,6.18,6.31,6.12,6.13,429873.99,266809.814
603086.SH,20240913,3.8,3.82,3.72,3.73,21862.55,8200.847
300170.SZ,20240913,6.5,6.54,6.38,6.39,203892.99,131256.392
300740.SZ,20240913,10.15,10.19,9.95,9.95,37099.0,37243.916
601838.SH,20240913,13.25,13.37,13.06,13.06,145936.09,192910.45
920132.BJ,20240913,6.86,7.04,6.71,6.93,2350.91,1622.447
000786.SZ,20240913,23.27,23.57,23.03,23.2,57752.6,134743.132
601002.SH,20240913,2.97,2.98,2.93,2.94,31891.0,9416.457
603030.SH,20240913,1.73,1.75,1.7,1.7,41723.0,7188.133
603099.SH,20240913,22.97,23.78,22.72,23.75,90293.02,210687.917
301127.SZ,20240913,7.9,8.04,7.83,7.92,33468.92,26689.629
603776.SH,20240913,9.67,9.7,9.37,9.37,22476.4,21406.933
603610.SH,20240913,7.9,7.92,7.74,7.74,16614.49,12968.586
300571.SZ,20240913,19.83,19.89,19.09,19.09,16860.0,32611.226
002660.SZ,20240913,7.23,7.27,6.99,6.99,131376.0,92942.222
301125.SZ,20240913,8.32,8.36,8.16,8.16,13104.76,10770.714
300778.SZ,20240913,9.45,9.74,9.39,9.4,39160.4,37472.822
600513.SH,20240913,8.15,8.15,7.96,7.97,20968.0,16853.696
300792.SZ,20240913,15.63,15.65,15.26,15.29,20765.0,31982.814
002855.SZ,20240913,17.52,17.6,16.9,16.97,81637.74,139929.535
600883.SH,20240913,5.38,5.41,5.3,5.33,14753.0,7885.175
688165.SH,20240913,7.45,7.47,7.28,7.28,13302.02,9751.695
605339.SH,20240913,14.02,14.09,13.91,14.09,3218.96,4497.227
603161.SH,20240913,8.53,8.61,8.34,8.35,25320.28,21313.825
688198.SH,20240913,96.5,96.6,94.6,96.07,1497.63,14357.451
000752.SZ,20240913,6.83,6.88,6.63,6.67,15102.01,10202.312
300977.SZ,20240913,14.98,15.15,14.53,14.53,31230.0,46279.242
920471.BJ,20240913,9.3,9.73,9.18,9.37,8128.35,7649.109
002298.SZ,20240913,3.73,3.76,3.63,3.65,97095.0,35655.718
605566.SH,20240913,13.79,13.79,13.42,13.55,4035.0,5486.999
605008.SH,20240913,11.52,11.56,11.28,11.29,7480.5,8511.347
603883.SH,20240913,13.55,13.91,12.95,12.95,1369996.78,1838666.642
600030.SH,20240913,18.91,19.08,18.84,18.92,461499.92,876310.76
300190.SZ,20240913,2.84,2.9,2.81,2.89,67010.2,19248.674
920374.BJ,20240913,10.82,12.25,10.63,11.64,49916.06,56232.042
000875.SZ,20240913,4.41,4.43,4.37,4.4,161270.05,70997.163
603866.SH,20240913,5.0,5.03,4.93,4.95,73172.25,36413.601
001309.SZ,20240913,64.82,65.42,63.86,63.9,23029.08,148727.955
920357.BJ,20240913,13.28,13.95,12.82,13.37,16766.2,22376.409
301106.SZ,20240913,28.63,28.94,28.24,28.38,6956.0,19775.438
605369.SH,20240913,30.36,30.48,29.78,29.93,4851.13,14592.443
002350.SZ,20240913,4.88,4.89,4.77,4.78,40884.3,19679.878
001225.SZ,20240913,28.12,28.42,28.03,28.17,2260.0,6378.261
002511.SZ,20240913,6.13,6.15,6.05,6.06,46686.02,28412.333
300321.SZ,20240913,13.78,13.79,13.51,13.56,8827.0,12030.992
000062.SZ,20240913,32.5,32.5,29.48,29.48,1425522.24,4410403.133
000848.SZ,20240913,6.87,6.9,6.79,6.8,52729.42,36042.796
002249.SZ,20240913,4.75,4.79,4.7,4.71,102634.45,48588.001
605090.SH,20240913,24.5,24.71,24.32,24.35,21405.6,52380.997
301393.SZ,20240913,35.31,35.43,34.06,34.08,6700.69,23203.928
688320.SH,20240913,21.4,21.42,20.6,20.65,16445.36,34302.795
002737.SZ,20240913,18.82,19.06,18.46,18.48,45106.95,84512.986
300553.SZ,20240913,19.06,19.11,18.56,18.57,7997.5,15006.167
601059.SH,20240913,12.4,12.54,12.27,12.31,83301.0,103352.815
000531.SZ,20240913,4.44,4.56,4.41,4.5,58849.4,26543.372
001201.SZ,20240913,14.24,14.3,14.1,14.11,13807.2,19570.898
600966.SH,20240913,3.75,3.77,3.68,3.69,72794.12,27000.316
603676.SH,20240913,7.64,7.65,7.49,7.49,20843.0,15715.899
001255.SZ,20240913,20.23,20.23,19.57,19.65,7095.0,14023.205
000885.SZ,20240913,10.69,10.95,10.64,10.86,28562.6,30939.464
688011.SH,20240913,11.77,11.86,11.5,11.5,3629.02,4242.522
603706.SH,20240913,13.6,13.74,13.54,13.68,8725.0,11911.583
688033.SH,20240913,4.84,4.84,4.66,4.68,79085.16,37258.204
300139.SZ,20240913,12.83,13.4,12.37,12.49,486393.99,624456.707
603665.SH,20240913,13.82,13.86,13.3,13.31,24143.0,32483.205
300199.SZ,20240913,9.25,9.32,9.02,9.03,103550.0,94415.059
600674.SH,20240913,17.12,17.37,17.01,17.2,134113.11,230994.939
300210.SZ,20240913,7.95,9.28,7.85,9.06,718500.13,635280.537
688486.SH,20240913,40.9,41.79,40.25,41.12,6540.97,26782.48
920725.BJ,20240913,8.63,8.8,8.51,8.65,2314.9,1995.772
002256.SZ,20240913,1.72,1.73,1.66,1.67,291638.0,49238.942
000862.SZ,20240913,4.17,4.22,4.12,4.13,31757.6,13209.151
601615.SH,20240913,8.47,8.53,8.34,8.35,132213.47,111366.476
300768.SZ,20240913,12.5,12.61,12.26,12.41,61164.0,75869.03
301093.SZ,20240913,20.22,20.31,19.78,19.9,9368.0,18749.424
300235.SZ,20240913,7.97,8.07,7.92,7.95,41440.0,33117.036
301328.SZ,20240913,31.53,31.54,30.06,30.07,11586.0,35401.158
688400.SH,20240913,16.4,16.55,16.1,16.2,28208.8,46148.571
300073.SZ,20240913,32.21,32.35,30.73,30.75,185960.96,579472.184
600707.SH,20240913,6.07,6.18,6.02,6.03,133013.67,81063.762
600283.SH,20240913,7.79,7.82,7.71,7.81,25139.23,19558.939
601089.SH,20240913,14.55,14.77,14.49,14.54,16793.23,24552.032
600391.SH,20240913,14.67,14.67,14.5,14.53,18470.26,26887.038
600267.SH,20240913,7.14,7.14,7.06,7.07,48224.0,34172.206
300665.SZ,20240913,5.06,5.11,4.93,4.94,32700.0,16325.693
000793.SZ,20240913,1.28,1.38,1.26,1.3,2752354.86,361095.514
601668.SH,20240913,4.8,4.83,4.77,4.77,1189304.43,570451.777
301361.SZ,20240913,21.8,21.93,21.4,21.71,19024.0,41107.032
300596.SZ,20240913,23.36,23.42,22.7,22.7,16866.0,38862.119
300825.SZ,20240913,8.71,8.72,8.5,8.5,47465.0,40695.713
301260.SZ,20240913,11.95,11.99,11.77,11.79,11291.0,13391.641
300353.SZ,20240913,7.89,7.95,7.74,7.87,93855.95,73651.261
688710.SH,20240913,23.32,24.28,22.98,23.8,57167.91,135010.287
920190.BJ,20240913,11.69,12.35,11.23,11.97,32742.02,38771.4
002474.SZ,20240913,4.49,4.52,4.4,4.41,185835.0,82768.411
603599.SH,20240913,9.97,10.04,9.75,9.76,36663.08,36098.853
603231.SH,20240913,14.6,14.66,14.27,14.27,9450.15,13577.861
603221.SH,20240913,8.19,8.25,8.02,8.06,23205.0,18823.078
002760.SZ,20240913,13.2,13.2,12.95,13.11,8775.0,11460.376
300555.SZ,20240913,6.45,6.53,6.3,6.34,11405.0,7293.385
601918.SH,20240913,7.07,7.24,7.05,7.06,219966.1,156913.491
601010.SH,20240913,1.7,1.7,1.68,1.69,41500.0,7004.801
002459.SZ,20240913,10.33,10.4,10.13,10.16,420660.32,429711.364
600864.SH,20240913,4.71,4.76,4.69,4.72,142011.68,67036.352
300823.SZ,20240913,10.5,10.59,10.25,10.25,15900.4,16502.922
300002.SZ,20240913,9.26,9.32,9.0,9.02,438651.78,400140.626
600551.SH,20240913,8.08,8.14,7.97,8.0,28496.74,22920.971
603566.SH,20240913,11.38,11.43,11.08,11.12,22929.5,25623.938
300011.SZ,20240913,5.99,6.5,5.92,6.35,452678.2,281202.802
605318.SH,20240913,16.0,16.1,15.92,15.98,6565.0,10518.914
600400.SH,20240913,2.11,2.12,2.07,2.08,91845.0,19206.581
002362.SZ,20240913,15.36,15.43,14.96,14.99,34357.0,52070.183
688239.SH,20240913,27.96,28.02,27.18,27.31,11700.69,32216.151
300562.SZ,20240913,10.55,10.94,10.45,10.57,246387.01,263483.757
002812.SZ,20240913,26.13,26.26,25.0,25.0,138475.04,352393.023
002167.SZ,20240913,5.18,5.2,4.99,4.99,260654.26,131652.681
002176.SZ,20240913,6.74,6.8,6.46,6.47,330706.57,216490.095
605288.SH,20240913,30.23,30.42,29.7,29.7,2287.0,6881.076
688517.SH,20240913,12.18,12.2,11.81,11.81,16495.48,19718.03
002354.SZ,20240913,2.6,2.62,2.54,2.54,420340.0,108161.43
000751.SZ,20240913,2.48,2.5,2.46,2.48,52337.0,12960.828
600229.SH,20240913,6.42,6.49,6.35,6.35,24062.0,15420.745
688275.SH,20240913,25.9,26.05,25.11,25.24,10095.63,25598.604
601156.SH,20240913,15.78,16.17,15.7,15.99,90625.88,144883.178
000739.SZ,20240913,14.85,14.9,14.62,14.63,45734.1,67359.405
000014.SZ,20240913,8.54,8.81,8.29,8.5,168348.05,144290.662
688456.SH,20240913,26.89,26.92,26.26,26.33,2604.75,6900.418
920275.BJ,20240913,2.89,2.95,2.78,2.9,40467.07,11493.694
600028.SH,20240913,6.21,6.26,6.18,6.19,999003.15,621989.711
920876.BJ,20240913,8.36,8.68,8.21,8.5,12022.96,10161.614
600185.SH,20240913,4.65,4.79,4.65,4.74,174442.46,82610.788
603693.SH,20240913,8.47,8.48,8.37,8.4,22757.8,19181.738
000659.SZ,20240913,2.19,2.25,2.16,2.22,188710.2,41462.125
300196.SZ,20240913,9.28,9.28,9.08,9.12,11144.0,10179.842
300445.SZ,20240913,13.57,13.64,13.25,13.26,11979.0,16043.66
605365.SH,20240913,13.58,13.59,13.26,13.29,10781.34,14446.569
600666.SH,20240913,1.4,1.4,1.37,1.38,190035.0,26374.638
688031.SH,20240913,26.5,26.52,25.36,25.36,9884.78,25504.576
002096.SZ,20240913,11.4,11.58,11.36,11.38,37955.81,43553.776
000528.SZ,20240913,10.38,10.38,10.15,10.18,213047.47,218364.898
601456.SH,20240913,9.59,9.67,9.49,9.5,202661.51,194107.109
603838.SH,20240913,4.01,4.05,3.91,3.97,67260.0,26763.048
000411.SZ,20240913,9.03,9.06,8.99,9.0,12775.72,11508.353
603698.SH,20240913,13.09,13.28,13.02,13.08,29291.0,38514.338
002559.SZ,20240913,6.96,6.98,6.8,6.8,69487.0,47679.931
300881.SZ,20240913,22.66,22.87,22.26,22.27,6069.0,13642.187
300398.SZ,20240913,10.74,10.83,10.46,10.48,58287.0,61901.214
603606.SH,20240913,48.45,48.69,46.79,46.9,56848.04,270406.585
300376.SZ,20240913,2.42,2.43,2.36,2.37,134012.0,31929.269
300948.SZ,20240913,8.77,9.19,8.65,9.18,81204.13,73576.091
605577.SH,20240913,12.54,12.62,12.32,12.35,25953.0,32295.038
002232.SZ,20240913,15.1,15.22,14.75,14.8,173760.0,259754.735
300500.SZ,20240913,9.66,10.26,9.65,9.85,77381.5,77309.311
300625.SZ,20240913,9.4,9.42,9.18,9.19,11714.0,10857.629
300008.SZ,20240913,3.61,3.69,3.61,3.63,305359.0,111237.84
300775.SZ,20240913,20.43,20.54,20.12,20.13,55531.38,112925.192
000400.SZ,20240913,30.06,30.5,29.61,30.05,96759.0,291464.785
601628.SH,20240913,33.84,34.45,33.81,34.08,82575.59,282143.812
002261.SZ,20240913,11.82,12.66,11.55,12.24,1161256.83,1393612.497
301345.SZ,20240913,52.0,53.49,51.75,51.99,10556.0,55225.215
002124.SZ,20240913,2.2,2.21,2.17,2.18,170094.2,37242.625
002358.SZ,20240913,3.13,3.22,3.11,3.14,137204.0,43235.419
002122.SZ,20240913,2.02,2.04,1.96,1.97,216120.0,43021.048
688336.SH,20240913,17.84,18.33,17.68,18.2,28009.96,50741.143
000887.SZ,20240913,11.79,11.83,11.57,11.58,69110.0,80509.64
002171.SZ,20240913,5.49,5.52,5.34,5.34,74066.78,40004.247
000750.SZ,20240913,2.95,3.14,2.95,3.04,1863660.69,568370.803
300832.SZ,20240913,69.25,70.5,68.24,69.42,21057.85,146656.004
001288.SZ,20240913,24.74,24.94,24.22,24.3,5405.15,13276.159
603105.SH,20240913,7.4,7.41,7.17,7.18,44240.0,32065.959
000655.SZ,20240913,5.05,5.12,5.0,5.08,24020.21,12174.213
000060.SZ,20240913,4.02,4.05,3.97,3.97,188597.1,75402.874
001328.SZ,20240913,22.23,22.52,22.03,22.1,6125.91,13634.262
920856.BJ,20240913,4.3,4.5,4.22,4.45,5922.21,2610.374
603255.SH,20240913,25.2,25.5,24.67,25.39,5031.0,12619.728
300582.SZ,20240913,9.06,9.06,8.83,8.86,37648.83,33515.174
003008.SZ,20240913,16.52,16.55,16.15,16.17,7483.7,12229.972
920493.BJ,20240913,31.86,33.44,31.09,32.02,4920.13,15869.836
002653.SZ,20240913,33.28,33.54,32.4,32.92,36407.37,119551.534
603806.SH,20240913,14.4,14.54,14.04,14.06,178978.23,255218.152
603859.SH,20240913,14.23,14.3,13.67,13.67,48447.52,67243.341
300407.SZ,20240913,8.0,8.05,7.84,7.85,42141.0,33316.908
300095.SZ,20240913,5.52,5.55,5.32,5.33,46691.0,25076.223
601512.SH,20240913,6.41,6.46,6.38,6.41,13453.0,8632.997
603009.SH,20240913,17.57,17.82,17.13,17.23,83910.5,146297.862
603330.SH,20240913,4.62,4.64,4.48,4.48,45368.25,20576.138
002481.SZ,20240913,3.96,3.97,3.91,3.91,50581.0,19869.676
002149.SZ,20240913,12.64,12.95,12.52,12.56,28565.2,36367.493
603258.SH,20240913,16.4,16.67,16.06,16.12,47720.65,77703.128
920685.BJ,20240913,7.41,7.82,7.32,7.67,20299.97,15306.677
600232.SH,20240913,4.49,4.51,4.42,4.45,22882.0,10227.294
301368.SZ,20240913,34.01,34.31,33.03,33.03,20342.37,68025.81
688180.SH,20240913,25.01,25.57,24.92,25.14,31945.44,80462.597
920906.BJ,20240913,10.28,10.66,10.11,10.37,9831.76,10205.378
688559.SH,20240913,27.86,28.02,26.9,26.9,20657.97,56463.364
688588.SH,20240913,7.2,7.2,7.0,7.02,36691.48,25953.706
601058.SH,20240913,13.8,13.83,13.56,13.61,230306.2,314341.399
300313.SZ,20240913,5.61,5.62,5.51,5.52,22339.02,12428.776
600388.SH,20240913,10.22,10.3,10.1,10.29,35647.0,36313.654
920415.BJ,20240913,5.19,5.35,5.02,5.24,38785.69,20026.508
688459.SH,20240913,8.3,8.42,8.3,8.31,4945.75,4139.193
002876.SZ,20240913,18.87,18.88,18.24,18.28,29349.19,54250.691
603050.SH,20240913,23.21,23.49,22.13,22.18,21149.16,47686.494
000628.SZ,20240913,38.9,41.52,38.8,39.91,329028.1,1328790.19
001236.SZ,20240913,8.09,8.97,8.06,8.97,249893.15,219886.226
001914.SZ,20240913,8.26,8.35,8.23,8.24,43899.58,36408.127
300561.SZ,20240913,9.12,9.58,9.05,9.15,288324.78,265867.38
605180.SH,20240913,10.8,10.8,10.42,10.46,11669.0,12356.829
300485.SZ,20240913,6.5,6.51,6.3,6.33,22674.0,14520.578
300477.SZ,20240913,2.43,2.47,2.35,2.35,271152.0,64388.809
688419.SH,20240913,22.11,22.13,21.36,21.42,5265.04,11452.606
601567.SH,20240913,33.11,33.27,32.32,32.58,50058.78,163766.974
301023.SZ,20240913,36.1,36.36,34.67,34.74,22045.8,77510.893
688685.SH,20240913,27.21,27.71,26.65,26.75,13501.18,36613.537
002672.SZ,20240913,3.41,3.45,3.4,3.43,27177.58,9320.505
300249.SZ,20240913,6.65,6.65,6.42,6.42,109733.81,71520.467
300689.SZ,20240913,14.03,14.22,13.82,13.82,14574.9,20302.523
688550.SH,20240913,18.8,18.96,18.23,18.25,17067.26,31542.31
688793.SH,20240913,32.21,32.49,31.35,32.04,7273.08,23291.468
300322.SZ,20240913,9.43,9.51,9.18,9.18,209068.11,194995.843
000691.SZ,20240913,4.01,4.02,3.97,4.02,38775.0,15496.998
600179.SH,20240913,2.1,2.11,2.08,2.11,76636.36,16095.058
300304.SZ,20240913,5.65,5.68,5.54,5.55,56785.0,31802.925
300512.SZ,20240913,5.77,5.83,5.6,5.64,48574.77,27647.02
002186.SZ,20240913,8.39,8.44,8.34,8.37,22535.86,18934.559
300266.SZ,20240913,1.44,1.49,1.41,1.48,268764.0,39173.625
600562.SH,20240913,12.64,12.68,12.48,12.52,31266.33,39292.706
002594.SZ,20240913,257.2,258.0,254.85,254.99,56991.61,1458587.906
002438.SZ,20240913,9.95,9.95,9.52,9.54,71160.0,68644.71
002701.SZ,20240913,4.25,4.26,4.21,4.22,78030.4,33036.618
600639.SH,20240913,9.34,9.49,9.34,9.44,36333.96,34245.453
600831.SH,20240913,2.02,2.12,2.01,2.07,196815.23,40852.371
688509.SH,20240913,2.87,2.93,2.83,2.85,52584.04,15095.517
002387.SZ,20240913,6.18,6.23,6.04,6.1,197915.09,120943.964
002555.SZ,20240913,13.75,13.83,13.43,13.44,441839.19,600781.133
300019.SZ,20240913,11.26,11.32,10.75,10.81,61566.0,67233.357
688526.SH,20240913,11.56,11.56,11.3,11.31,8531.98,9699.169
002938.SZ,20240913,32.22,34.5,32.12,33.75,176421.06,595294.051
000027.SZ,20240913,5.46,5.48,5.42,5.43,138212.8,75248.519
300559.SZ,20240913,7.92,8.2,7.73,7.88,122851.62,97509.398
300049.SZ,20240913,37.0,37.16,36.5,36.51,22928.02,84559.746
600894.SH,20240913,9.9,9.96,9.64,9.83,49883.0,48972.758
300326.SZ,20240913,4.14,4.18,4.08,4.08,36786.0,15122.817
688777.SH,20240913,38.42,38.75,38.03,38.44,55733.99,213984.648
920204.BJ,20240913,6.51,6.85,6.33,6.61,14263.45,9457.966
002106.SZ,20240913,7.55,7.6,7.44,7.46,83260.02,62503.293
601038.SH,20240913,15.8,16.46,15.66,16.27,82648.11,133855.491
600861.SH,20240913,13.63,13.8,13.26,13.44,60949.16,82368.201
301101.SZ,20240913,21.85,22.18,21.37,21.4,36438.5,78963.333
605179.SH,20240913,8.58,8.58,8.34,8.34,14455.0,12210.434
301565.SZ,20240913,17.1,17.29,16.85,16.85,42672.61,72751.573
600016.SH,20240913,3.34,3.38,3.32,3.32,1140858.01,382605.358
002580.SZ,20240913,6.32,6.36,6.22,6.22,64674.2,40473.207
300681.SZ,20240913,13.25,13.33,12.77,12.78,39133.21,50741.015
300305.SZ,20240913,4.79,4.82,4.6,4.61,62385.78,29076.63
688599.SH,20240913,16.58,16.68,16.21,16.29,124770.39,204968.208
300522.SZ,20240913,9.79,9.79,9.34,9.34,25878.8,24579.626
000831.SZ,20240913,22.55,22.68,21.91,21.91,85895.5,190510.763
000950.SZ,20240913,4.77,4.83,4.75,4.79,69006.06,33081.699
001206.SZ,20240913,11.94,11.98,11.66,11.67,12727.12,15020.586
002390.SZ,20240913,3.0,3.01,2.95,2.96,105868.92,31533.59
002510.SZ,20240913,3.77,3.79,3.7,3.71,85156.03,31748.521
600817.SH,20240913,9.33,9.41,9.19,9.24,67143.0,62338.773
002486.SZ,20240913,1.71,1.73,1.67,1.71,171753.0,29286.634
601696.SH,20240913,8.76,8.84,8.67,8.67,97525.4,85346.782
300181.SZ,20240913,11.74,11.95,11.61,11.72,146419.01,173001.759
603223.SH,20240913,8.7,8.74,8.52,8.71,50676.06,44024.798
000619.SZ,20240913,3.92,4.0,3.9,3.92,39197.0,15464.44
688571.SH,20240913,4.87,4.87,4.69,4.71,26811.89,12765.141
002365.SZ,20240913,6.91,6.93,6.8,6.8,21149.5,14511.022
300438.SZ,20240913,23.55,23.65,22.23,22.25,431328.19,976475.798
002297.SZ,20240913,5.53,5.55,5.45,5.46,34724.0,19066.86
603177.SH,20240913,6.95,6.95,6.75,6.81,15626.0,10707.05
601811.SH,20240913,14.25,14.5,14.25,14.36,16197.0,23304.83
002373.SZ,20240913,7.49,7.51,7.34,7.34,99780.0,74015.539
300817.SZ,20240913,10.21,10.27,10.05,10.05,50893.0,51608.862
688087.SH,20240913,25.02,25.17,24.46,24.51,6767.47,16713.68
688249.SH,20240913,13.78,13.79,13.56,13.71,41048.34,56110.414
300138.SZ,20240913,7.29,7.58,7.29,7.34,111488.66,82550.283
001366.SZ,20240913,10.31,10.34,9.73,10.02,39151.59,39100.124
000965.SZ,20240913,2.54,2.7,2.53,2.63,327255.83,85720.586
603790.SH,20240913,8.72,8.84,8.53,8.54,17509.0,15155.821
603456.SH,20240913,12.42,12.5,12.24,12.26,56316.0,69557.629
603203.SH,20240913,17.81,17.9,17.5,17.58,14700.3,25905.889
002251.SZ,20240913,2.76,2.76,2.7,2.76,276681.22,76321.515
300920.SZ,20240913,12.86,13.05,12.6,12.65,7843.0,9966.198
601233.SH,20240913,10.7,10.73,10.42,10.42,184122.02,194216.659
600138.SH,20240913,9.07,9.07,8.94,8.95,46262.6,41541.748
688356.SH,20240913,46.97,47.54,45.0,45.79,3589.87,16564.434
603080.SH,20240913,13.03,13.22,13.03,13.15,16382.0,21546.286
603527.SH,20240913,6.97,7.03,6.82,6.85,22575.0,15621.353
603213.SH,20240913,7.59,7.6,7.48,7.49,14439.0,10874.043
600051.SH,20240913,5.23,5.27,5.19,5.2,14065.0,7363.197
920266.BJ,20240913,7.63,7.67,7.5,7.59,2906.59,2207.237
688375.SH,20240913,33.46,33.69,32.99,33.03,12280.47,40948.105
300779.SZ,20240913,52.46,53.89,51.41,51.82,35622.83,186357.988
600011.SH,20240913,6.4,6.5,6.35,6.42,429813.69,277125.921
600237.SH,20240913,4.54,5.01,4.47,5.01,254451.94,121542.919
601116.SH,20240913,7.38,7.45,7.3,7.31,18467.0,13575.594
002053.SZ,20240913,9.99,10.03,9.88,9.93,36468.04,36256.285
600377.SH,20240913,13.78,13.95,13.59,13.6,85076.32,116707.774
688578.SH,20240913,45.39,45.77,43.83,43.88,36879.92,164448.132
601699.SH,20240913,13.24,13.28,13.03,13.03,96525.28,126796.403
000521.SZ,20240913,8.77,8.96,8.55,8.56,261432.83,227942.862
601198.SH,20240913,8.06,8.2,8.06,8.07,187518.6,152214.703
600497.SH,20240913,4.68,4.71,4.59,4.6,327952.0,152071.775
002577.SZ,20240913,12.5,12.59,12.28,12.29,47318.01,58649.318
600421.SH,20240913,6.4,6.98,6.4,6.8,98065.0,65240.841
002741.SZ,20240913,11.29,11.59,11.1,11.48,81307.78,92625.252
301586.SZ,20240913,37.93,38.3,36.85,36.9,42134.61,157682.238
000856.SZ,20240913,6.06,6.07,5.93,5.96,22626.01,13556.983
000555.SZ,20240913,8.32,8.38,8.15,8.15,85287.0,70235.059
601702.SH,20240913,14.58,14.58,14.0,14.07,27245.0,38835.245
300393.SZ,20240913,5.9,6.2,5.78,6.07,617544.08,366446.025
603308.SH,20240913,9.71,9.71,9.57,9.57,38031.62,36611.081
002980.SZ,20240913,21.35,21.43,20.86,20.91,5256.93,11091.313
300798.SZ,20240913,5.03,5.06,4.88,4.88,43579.0,21552.797
000158.SZ,20240913,8.24,9.25,8.06,8.3,3624426.61,3116620.247
002551.SZ,20240913,2.52,2.63,2.49,2.57,307825.21,78835.277
000755.SZ,20240913,4.08,4.1,4.05,4.09,145413.06,59280.123
300644.SZ,20240913,16.85,16.98,16.27,16.28,21705.0,35724.31
600802.SH,20240913,2.73,2.76,2.7,2.73,40913.1,11169.26
000560.SZ,20240913,2.4,2.51,2.38,2.45,2100053.23,515111.119
603115.SH,20240913,10.83,11.03,10.66,10.68,16396.0,17738.31
002841.SZ,20240913,32.37,32.75,31.88,32.04,28645.0,92143.217
600822.SH,20240913,7.49,7.92,7.42,7.58,117621.17,89734.686
301036.SZ,20240913,28.48,28.97,27.76,27.99,55288.05,155894.234
000948.SZ,20240913,15.3,16.32,15.22,16.32,855951.52,1369077.578
300671.SZ,20240913,25.5,25.75,25.03,25.04,26411.43,66934.091
000710.SZ,20240913,7.03,7.12,7.01,7.01,76287.0,53819.71
301421.SZ,20240913,30.91,31.11,29.8,29.9,39606.45,120123.088
603285.SH,20240913,18.77,18.87,18.52,18.57,17872.09,33332.894
600576.SH,20240913,4.83,4.89,4.67,4.67,268375.8,127483.889
002643.SZ,20240913,7.96,7.98,7.74,7.75,68141.81,53306.753
000425.SZ,20240913,6.12,6.16,6.05,6.07,419153.53,255522.241
600107.SH,20240913,3.4,3.64,3.31,3.57,139454.28,48738.86
600082.SH,20240913,2.05,2.22,2.05,2.22,359466.49,78549.959
002054.SZ,20240913,4.59,4.59,4.49,4.49,14615.0,6606.465
688071.SH,20240913,16.49,16.49,15.75,15.75,5553.91,8851.157
002657.SZ,20240913,11.15,11.34,10.98,11.0,73742.0,81982.542
002198.SZ,20240913,6.14,6.15,6.05,6.05,19036.0,11555.61
601619.SH,20240913,2.72,2.73,2.69,2.69,65408.0,17707.615
688787.SH,20240913,43.81,44.18,42.66,42.76,8428.62,36472.764
002521.SZ,20240913,9.02,9.1,8.95,9.04,24933.02,22536.714
000931.SZ,20240913,3.9,3.95,3.81,3.84,202993.52,78740.312
002029.SZ,20240913,4.9,4.93,4.87,4.87,20597.97,10090.664
688273.SH,20240913,20.62,20.62,20.16,20.16,5390.82,10974.658
000788.SZ,20240913,5.28,5.33,5.21,5.23,59291.09,31202.521
688045.SH,20240913,22.34,22.51,21.54,21.61,6900.89,15101.974
600131.SH,20240913,16.97,17.05,16.67,16.7,33935.0,57100.575
300402.SZ,20240913,12.05,12.08,11.82,11.83,16562.0,19742.95
001289.SZ,20240913,13.91,13.91,13.66,13.69,23071.54,31767.501
600180.SH,20240913,3.51,3.54,3.47,3.48,31863.0,11143.321
002649.SZ,20240913,9.78,9.78,8.69,8.78,787118.78,727329.859
002554.SZ,20240913,2.22,2.36,2.19,2.28,347340.0,78890.871
600706.SH,20240913,8.21,8.24,8.06,8.07,30421.0,24712.46
301116.SZ,20240913,9.99,10.04,9.8,9.81,17558.0,17335.978
301069.SZ,20240913,12.25,12.4,11.77,11.78,56059.59,66924.368
688699.SH,20240913,24.0,24.37,23.18,23.24,6458.6,15235.672
688376.SH,20240913,27.76,28.12,27.35,27.35,3205.37,8819.796
301193.SZ,20240913,13.5,13.63,13.26,13.27,4941.6,6628.709
920807.BJ,20240913,4.38,4.5,4.36,4.45,3330.04,1482.552
603069.SH,20240913,15.5,15.99,15.19,15.69,80464.0,125834.962
600162.SH,20240913,1.29,1.31,1.29,1.29,113035.0,14652.418
002772.SZ,20240913,6.01,6.03,5.95,5.98,22079.89,13224.594
603617.SH,20240913,5.04,5.07,4.92,4.93,43807.0,21839.282
300240.SZ,20240913,5.51,5.54,5.43,5.46,97368.5,53384.672
300987.SZ,20240913,12.14,12.15,11.8,11.84,12741.2,15223.519
601388.SH,20240913,2.06,2.07,2.04,2.05,102455.79,21032.554
920237.BJ,20240913,10.61,10.78,10.41,10.53,5566.62,5891.131
600280.SH,20240913,2.52,2.59,2.49,2.54,383900.0,97613.176
002997.SZ,20240913,26.63,26.79,26.13,26.2,21804.0,57496.652
600298.SH,20240913,32.39,32.73,32.09,32.31,55187.4,179158.978
000967.SZ,20240913,3.81,3.82,3.77,3.78,84388.33,31985.79
603912.SH,20240913,5.69,5.72,5.62,5.63,35245.0,19968.81
300586.SZ,20240913,5.97,6.14,5.91,6.01,63651.14,38328.541
002279.SZ,20240913,4.9,5.25,4.88,5.01,1106702.35,558081.148
603082.SH,20240913,27.4,27.62,26.59,26.62,14450.37,38960.22
000759.SZ,20240913,2.99,3.1,2.95,3.02,191351.74,57979.33
600880.SH,20240913,3.58,3.6,3.55,3.55,67948.0,24263.196
600539.SH,20240913,3.84,3.88,3.77,3.82,52300.0,19977.076
601500.SH,20240913,4.46,4.47,4.35,4.36,250470.8,110095.959
600493.SH,20240913,4.28,4.28,4.19,4.19,20822.12,8810.983
300172.SZ,20240913,4.37,4.37,4.3,4.31,62765.0,27229.901
002700.SZ,20240913,9.58,9.74,9.51,9.67,10055.0,9701.223
601901.SH,20240913,6.87,6.94,6.85,6.85,365975.3,251879.933
300354.SZ,20240913,29.0,29.02,28.28,28.28,6490.0,18618.641
601369.SH,20240913,7.48,7.56,7.38,7.43,47550.0,35490.621
000997.SZ,20240913,12.35,12.44,12.02,12.03,79602.0,96944.657
002861.SZ,20240913,11.02,11.06,10.52,10.58,151627.72,162900.877
002718.SZ,20240913,9.16,9.16,8.82,8.95,8366.0,7525.776
688508.SH,20240913,30.2,30.5,29.6,29.63,14108.95,42157.386
300905.SZ,20240913,26.25,26.47,24.51,24.66,196016.28,494744.094
688628.SH,20240913,27.54,27.8,27.11,27.58,6301.19,17263.925
001202.SZ,20240913,10.77,10.79,10.5,10.61,4685.0,4997.804
601138.SH,20240913,18.86,19.59,18.86,19.25,1596820.46,3090243.461
920547.BJ,20240913,11.92,12.43,11.73,12.15,3054.92,3717.897
000868.SZ,20240913,4.46,4.49,4.38,4.41,150345.01,66735.477
605186.SH,20240913,18.16,18.32,17.34,17.36,19431.0,34327.04
300899.SZ,20240913,17.39,17.39,17.0,17.03,9189.0,15746.657
601857.SH,20240913,7.88,7.98,7.88,7.9,1297171.94,1029572.481
688425.SH,20240913,3.38,3.4,3.36,3.36,91289.65,30780.461
002092.SZ,20240913,3.41,3.44,3.39,3.39,70164.44,23964.728
600113.SH,20240913,7.84,7.91,7.81,7.81,17563.0,13782.473
002114.SZ,20240913,4.69,4.75,4.58,4.6,81640.81,37699.317
688709.SH,20240913,14.15,14.15,13.66,13.68,22282.23,30878.731
300758.SZ,20240913,10.22,10.48,10.09,10.1,147853.4,151460.099
300604.SZ,20240913,28.55,28.91,27.92,27.98,81275.98,230933.075
603391.SH,20240913,36.77,36.8,35.82,35.84,15760.67,57005.474
600184.SH,20240913,8.08,8.22,8.01,8.02,35724.8,28905.996
000539.SZ,20240913,4.17,4.2,4.15,4.16,85450.92,35687.166
600827.SH,20240913,7.35,7.42,7.25,7.26,51029.0,37354.315
002679.SZ,20240913,6.66,6.79,6.59,6.71,21841.0,14691.125
603200.SH,20240913,18.81,18.91,18.19,18.42,47835.53,87892.47
002675.SZ,20240913,11.98,12.07,11.86,11.89,21034.0,25134.921
600262.SH,20240913,15.82,16.16,15.71,15.71,33003.19,52384.008
301102.SZ,20240913,7.7,7.73,7.49,7.49,15477.89,11732.731
600689.SH,20240913,6.68,6.88,6.68,6.74,46031.0,31138.508
002909.SZ,20240913,3.93,3.95,3.83,3.84,38037.0,14768.729
002275.SZ,20240913,13.37,13.55,13.31,13.35,13336.0,17877.729
300382.SZ,20240913,7.22,7.5,6.81,6.93,481333.6,341903.513
002682.SZ,20240913,3.47,3.48,3.41,3.41,96910.0,33247.591
600897.SH,20240913,12.64,12.79,12.63,12.68,11201.03,14245.302
002769.SZ,20240913,5.02,5.09,4.95,5.04,51672.02,25974.698
603848.SH,20240913,11.88,11.88,11.47,11.47,12231.0,14172.885
300802.SZ,20240913,13.86,14.09,13.46,13.55,41401.65,56733.952
300926.SZ,20240913,18.38,18.47,18.07,18.1,15341.45,27977.21
600692.SH,20240913,5.18,5.28,5.1,5.18,120942.0,63044.286
688159.SH,20240913,24.18,24.49,23.27,23.27,19549.85,46317.584
920792.BJ,20240913,5.33,5.45,5.19,5.43,7538.34,4039.492
600499.SH,20240913,7.25,7.27,7.06,7.07,102012.86,72677.486
300833.SZ,20240913,36.42,36.6,35.62,35.85,5568.5,20049.143
603163.SH,20240913,21.3,21.39,21.03,21.32,3826.25,8133.311
688046.SH,20240913,11.35,11.41,11.11,11.19,14037.18,15763.693
920271.BJ,20240913,9.66,10.17,9.66,10.0,4723.35,4693.25
000975.SZ,20240913,16.44,16.79,16.31,16.7,329035.79,546646.598
002105.SZ,20240913,3.99,3.99,3.9,3.92,27323.7,10764.369
688066.SH,20240913,12.52,12.59,12.01,12.03,49086.14,59743.207
000877.SZ,20240913,4.3,4.39,4.28,4.35,157873.94,68814.216
000728.SZ,20240913,6.37,6.49,6.35,6.39,238561.31,153152.015
688697.SH,20240913,13.0,13.01,12.59,12.61,16722.83,21298.61
001339.SZ,20240913,28.88,28.94,28.06,28.18,64214.0,182345.695
300428.SZ,20240913,13.95,14.01,13.67,13.68,28592.0,39564.296
001332.SZ,20240913,26.98,27.33,26.65,26.75,13130.35,35354.907
920946.BJ,20240913,6.12,6.31,5.98,6.17,14311.38,8768.979
601949.SH,20240913,5.67,5.9,5.66,5.71,153963.82,88606.086
300928.SZ,20240913,28.14,28.14,27.28,27.38,7556.0,20805.305
600961.SH,20240913,6.95,6.99,6.78,6.79,107491.5,73825.392
001213.SZ,20240913,3.69,3.73,3.68,3.7,71026.91,26338.57
688116.SH,20240913,20.72,20.74,19.85,19.89,45421.55,91681.814
603585.SH,20240913,10.8,10.86,10.65,10.73,5761.0,6191.751
601065.SH,20240913,8.17,8.22,8.08,8.08,19474.0,15859.179
301010.SZ,20240913,11.27,11.27,11.0,11.01,10767.0,11979.184
688193.SH,20240913,24.45,24.47,23.67,23.78,1134.02,2719.415
600066.SH,20240913,21.98,22.05,21.61,21.81,139664.91,304627.711
001358.SZ,20240913,19.42,19.48,18.97,18.98,8139.47,15585.879
002458.SZ,20240913,7.85,7.91,7.75,7.8,46493.1,36483.404
600118.SH,20240913,20.41,20.5,20.18,20.24,30057.46,61117.519
603815.SH,20240913,5.59,5.7,5.55,5.57,63021.0,35353.128
605033.SH,20240913,10.39,10.45,10.1,10.15,9901.3,10110.229
603989.SH,20240913,12.1,12.17,11.88,11.89,15674.0,18735.898
301550.SZ,20240913,35.45,35.64,34.86,34.87,19734.98,69335.088
300489.SZ,20240913,17.87,18.15,17.44,17.46,13596.0,24114.665
688595.SH,20240913,23.57,23.69,22.85,22.85,13071.71,30224.626
002031.SZ,20240913,2.34,2.41,2.32,2.35,725688.5,170541.498
300108.SZ,20240913,1.9,2.02,1.9,1.91,225864.0,44222.281
002370.SZ,20240913,2.73,2.75,2.68,2.69,158373.82,42963.455
600491.SH,20240913,2.48,2.49,2.45,2.46,72334.07,17856.852
300581.SZ,20240913,7.16,7.19,7.01,7.01,36004.64,25527.096
300153.SZ,20240913,6.0,6.08,5.88,5.93,72305.0,42940.486
300384.SZ,20240913,13.21,13.29,13.05,13.12,17415.23,22887.12
301103.SZ,20240913,18.78,18.93,18.19,18.19,16971.97,31371.088
301395.SZ,20240913,9.2,9.29,8.99,8.99,9174.94,8355.356
688015.SH,20240913,15.05,15.29,14.63,14.67,6508.58,9636.796
300759.SZ,20240913,20.67,21.09,20.65,20.79,139658.93,291776.096
601963.SH,20240913,6.62,6.7,6.62,6.63,40244.37,26770.746
600048.SH,20240913,7.53,7.6,7.47,7.48,651669.01,490379.058
301089.SZ,20240913,27.7,27.92,26.95,27.0,16844.04,45985.688
300570.SZ,20240913,27.75,28.22,27.25,27.25,74229.03,206027.819
000016.SZ,20240913,2.5,2.6,2.45,2.46,436966.0,109971.518
301499.SZ,20240913,20.07,20.38,19.48,19.48,10514.43,20773.119
300343.SZ,20240913,5.35,5.45,4.99,5.01,906585.56,465466.677
600348.SH,20240913,6.66,6.67,6.5,6.5,127980.44,84122.675
002276.SZ,20240913,6.58,6.6,6.43,6.43,68744.0,44607.019
300785.SZ,20240913,16.35,16.43,15.9,15.92,19083.0,30705.382
920491.BJ,20240913,12.04,12.29,11.71,12.07,18264.05,21925.596
603726.SH,20240913,12.78,12.86,12.38,12.39,52407.35,65802.455
600343.SH,20240913,7.65,7.87,7.59,7.71,100359.02,77786.078
601106.SH,20240913,2.25,2.29,2.25,2.27,193392.84,43989.972
000566.SZ,20240913,5.43,5.43,5.36,5.43,1220372.16,662624.86
002703.SZ,20240913,10.23,10.71,10.07,10.32,136263.5,141759.147
600083.SH,20240913,2.13,2.13,2.02,2.03,70990.0,14586.631
300035.SZ,20240913,8.2,8.22,7.92,7.92,67463.0,54167.316
301519.SZ,20240913,11.61,11.69,11.3,11.32,13596.14,15529.804
920418.BJ,20240913,13.12,13.64,13.02,13.46,13530.49,18058.343
688177.SH,20240913,20.28,20.29,19.88,19.94,13509.61,27062.4
002821.SZ,20240913,63.71,64.5,63.26,63.88,29372.96,187996.027
600587.SH,20240913,15.4,15.51,15.23,15.26,32182.21,49339.324
301029.SZ,20240913,17.5,17.59,17.0,17.01,26696.04,45895.014
605337.SH,20240913,8.21,8.22,8.07,8.07,18830.07,15302.551
603990.SH,20240913,8.58,8.6,8.15,8.27,137713.09,114142.869
688096.SH,20240913,4.93,5.0,4.9,4.94,11016.24,5452.308
605507.SH,20240913,18.8,18.8,18.52,18.57,18700.0,34816.839
688515.SH,20240913,53.88,53.88,51.74,51.9,7563.38,39826.286
001259.SZ,20240913,18.95,19.05,18.62,18.62,10039.0,18857.313
688612.SH,20240913,18.86,18.86,18.13,18.16,10212.16,18734.989
300990.SZ,20240913,24.52,24.66,23.66,23.69,11008.8,26377.648
300870.SZ,20240913,39.48,39.85,38.49,38.55,8456.04,32825.583
600373.SH,20240913,13.94,13.97,13.56,13.75,68467.26,94170.621
600770.SH,20240913,2.36,2.38,2.33,2.33,109604.02,25742.967
601988.SH,20240913,4.65,4.67,4.55,4.58,1476276.71,679234.437
688125.SH,20240913,25.4,25.81,24.51,24.69,2192.53,5458.779
002025.SZ,20240913,45.5,45.68,43.78,44.06,25499.79,113304.673
000863.SZ,20240913,3.16,3.27,3.16,3.22,119527.02,38452.332
003007.SZ,20240913,23.82,24.03,23.22,23.39,19072.0,45140.647
600008.SH,20240913,2.8,2.82,2.79,2.8,415349.0,116500.449
301043.SZ,20240913,23.13,23.16,22.54,22.74,2529.0,5791.21
603345.SH,20240913,70.05,70.33,68.88,68.93,21658.86,150237.421
002389.SZ,20240913,12.99,13.09,12.89,12.91,58814.52,76327.87
000830.SZ,20240913,9.77,9.87,9.65,9.66,110567.0,107849.674
002661.SZ,20240913,8.16,8.18,8.0,8.07,23508.0,18983.501
603268.SH,20240913,12.89,12.91,12.3,12.8,16511.0,20899.7
920717.BJ,20240913,4.58,4.78,4.58,4.69,2901.51,1359.775
002277.SZ,20240913,2.2,2.22,2.16,2.17,183594.41,40101.176
301097.SZ,20240913,33.12,34.1,32.99,33.53,1471.49,4936.998
600790.SH,20240913,3.21,3.24,3.2,3.22,32927.35,10619.279
002413.SZ,20240913,3.46,3.47,3.39,3.39,91471.83,31284.947
601133.SH,20240913,9.33,9.36,9.16,9.16,19553.14,18096.242
002379.SZ,20240913,4.83,5.05,4.69,4.69,189333.31,92890.358
300598.SZ,20240913,30.2,30.39,29.22,29.27,95124.54,281903.426
600476.SH,20240913,12.4,12.75,12.4,12.45,70537.0,88437.157
600569.SH,20240913,1.3,1.36,1.3,1.36,102913.63,13682.094
000010.SZ,20240913,1.7,1.74,1.7,1.71,153315.0,26333.898
688035.SH,20240913,24.45,24.48,23.57,23.6,8540.9,20430.565
600858.SH,20240913,3.74,3.78,3.69,3.7,39248.0,14653.213
300903.SZ,20240913,6.48,6.56,6.33,6.33,63272.71,40586.185
920505.BJ,20240913,9.34,9.65,9.18,9.43,8579.43,8085.908
301088.SZ,20240913,10.51,10.6,10.41,10.41,4545.47,4769.853
603993.SH,20240913,6.66,6.73,6.52,6.53,1548156.98,1026803.719
600993.SH,20240913,22.05,22.4,21.7,22.09,54679.92,120953.318
300091.SZ,20240913,1.52,1.63,1.5,1.57,426222.0,66597.314
688717.SH,20240913,65.0,65.69,62.2,62.26,18920.82,119628.626
002074.SZ,20240913,18.88,18.93,18.27,18.28,114293.0,210749.498
301288.SZ,20240913,13.25,13.39,12.76,12.8,37599.0,49201.377
002721.SZ,20240913,2.5,2.54,2.47,2.49,37133.0,9297.583
920663.BJ,20240913,9.84,10.13,9.76,9.88,6477.01,6446.156
002669.SZ,20240913,7.85,7.93,7.65,7.65,35189.0,27292.29
688117.SH,20240913,30.67,31.72,30.09,30.55,26304.18,81067.198
300583.SZ,20240913,13.5,13.77,13.12,13.19,33768.85,45278.423
002691.SZ,20240913,5.07,5.08,4.75,4.8,127642.0,62814.326
920351.BJ,20240913,5.37,5.59,5.29,5.43,5230.5,2840.833
002222.SZ,20240913,21.57,21.76,21.33,21.38,57401.8,123630.702
000800.SZ,20240913,7.7,7.74,7.62,7.65,38504.02,29529.726
300949.SZ,20240913,24.93,25.28,24.63,24.63,9212.0,23035.537
600610.SH,20240913,3.48,3.5,3.35,3.36,78269.0,26604.847
603123.SH,20240913,6.26,6.54,6.15,6.43,410023.09,262039.425
003002.SZ,20240913,12.42,12.69,12.3,12.45,41837.42,52063.346
300755.SZ,20240913,11.52,11.56,11.29,11.3,13465.19,15327.934
600064.SH,20240913,5.5,5.58,5.49,5.52,97141.98,53834.883
300797.SZ,20240913,9.4,10.0,9.21,9.91,202425.17,197045.256
600284.SH,20240913,5.02,5.03,4.97,4.98,36008.8,17992.529
300380.SZ,20240913,17.26,17.3,16.7,16.79,53042.54,89981.87
688549.SH,20240913,5.2,5.2,5.06,5.07,55283.35,28259.15
603277.SH,20240913,24.53,24.95,23.92,24.03,7921.5,19285.461
300387.SZ,20240913,6.45,6.61,6.34,6.43,70875.0,45970.871
300079.SZ,20240913,4.17,4.21,4.1,4.1,179877.0,74461.204
601288.SH,20240913,4.48,4.51,4.4,4.44,3326105.79,1479707.8
600096.SH,20240913,18.98,19.06,18.51,18.58,169052.49,316322.788
300027.SZ,20240913,2.01,2.03,1.97,1.97,865975.38,172485.664
688484.SH,20240913,26.77,26.84,26.28,26.29,16706.68,44368.981
603207.SH,20240913,22.55,22.55,21.3,21.31,91543.74,198687.739
002082.SZ,20240913,4.14,4.14,4.05,4.05,37109.26,15153.127
300678.SZ,20240913,21.49,21.65,21.0,21.03,48052.0,102472.663
002303.SZ,20240913,2.91,2.93,2.88,2.92,186073.61,54135.952
000919.SZ,20240913,5.84,5.9,5.81,5.85,35077.96,20531.892
600010.SH,20240913,1.38,1.4,1.38,1.39,830657.67,115244.545
603986.SH,20240913,66.8,67.08,65.3,65.3,103628.66,684544.456
002673.SZ,20240913,6.34,6.43,6.33,6.34,226653.87,144479.199
300690.SZ,20240913,16.95,17.04,16.42,16.45,40025.0,66550.704
301196.SZ,20240913,28.8,29.01,28.41,28.41,5189.61,14870.049
920699.BJ,20240913,17.66,18.51,17.54,18.19,10964.9,19752.661
002887.SZ,20240913,5.59,5.63,5.53,5.53,19057.5,10633.296
600661.SH,20240913,10.2,10.4,10.0,10.16,78661.0,79982.281
688252.SH,20240913,15.16,15.33,14.84,14.91,25787.87,38742.231
300661.SZ,20240913,69.69,69.7,67.8,68.05,16288.0,111743.499
300722.SZ,20240913,19.07,19.2,18.68,18.68,37007.09,69965.875
600266.SH,20240913,4.13,4.2,4.1,4.11,310658.96,128968.573
920599.BJ,20240913,7.9,8.02,7.81,7.87,11322.75,8932.988
300608.SZ,20240913,9.1,9.3,8.88,9.11,203989.55,185009.09
002724.SZ,20240913,4.25,4.26,4.13,4.14,34728.62,14453.548
601398.SH,20240913,5.54,5.58,5.52,5.56,2340486.96,1301691.998
688223.SH,20240913,6.73,6.77,6.45,6.59,397163.6,261223.201
301459.SZ,20240913,33.15,33.16,32.28,32.68,3430.76,11208.846
601866.SH,20240913,2.1,2.12,2.09,2.1,384710.97,80965.369
002793.SZ,20240913,3.43,3.45,3.36,3.38,50466.8,17123.495
603022.SH,20240913,6.28,6.32,6.17,6.17,13649.0,8490.318
002901.SZ,20240913,24.89,25.34,24.8,24.91,12931.0,32375.563
920729.BJ,20240913,4.81,4.87,4.71,4.79,2824.5,1349.527
000617.SZ,20240913,5.01,5.05,4.97,4.97,207493.26,103955.125
300300.SZ,20240913,1.54,1.59,1.49,1.49,303561.52,46310.302
600319.SH,20240913,3.43,3.52,3.41,3.47,41867.0,14531.915
600257.SH,20240913,4.17,4.2,4.13,4.14,72089.0,29964.598
600125.SH,20240913,5.24,5.24,5.13,5.13,72957.0,37695.609
002191.SZ,20240913,3.34,3.36,3.31,3.35,66804.0,22276.274
603519.SH,20240913,9.07,9.1,8.86,8.86,8593.48,7703.29
301607.SZ,20240913,34.2,34.47,32.26,32.3,80953.98,266821.941
920371.BJ,20240913,3.99,4.09,3.95,4.03,9359.1,3769.395
603297.SH,20240913,52.39,52.88,51.31,51.33,6829.86,35445.338
002439.SZ,20240913,12.8,12.83,12.5,12.5,101259.35,127560.371
300545.SZ,20240913,23.35,23.45,22.69,22.69,33875.0,77756.03
920627.BJ,20240913,11.09,11.6,10.75,11.09,60991.08,67766.66
002323.SZ,20240913,1.07,1.09,1.06,1.07,217522.77,23349.101
688626.SH,20240913,22.77,22.99,21.71,21.72,6424.88,14189.914
600234.SH,20240913,2.88,2.88,2.8,2.8,6333.0,1788.244
300440.SZ,20240913,5.19,5.22,5.13,5.15,53892.0,27827.093
688289.SH,20240913,17.06,17.25,16.96,17.07,16747.19,28705.6
300427.SZ,20240913,4.28,4.28,4.22,4.24,26045.0,11061.476
002830.SZ,20240913,9.39,9.45,9.22,9.26,7383.0,6876.23
301081.SZ,20240913,6.72,6.74,6.62,6.63,12688.0,8458.443
002180.SZ,20240913,23.78,23.81,23.07,23.15,55491.69,130121.673
000756.SZ,20240913,14.22,14.27,14.01,14.05,39680.0,55999.649
002302.SZ,20240913,5.49,5.59,5.44,5.44,347329.67,191448.958
688101.SH,20240913,11.28,11.38,11.22,11.26,5320.65,6001.361
000852.SZ,20240913,5.17,5.25,5.12,5.21,54104.23,28146.353
002224.SZ,20240913,3.84,3.94,3.81,3.83,60361.1,23252.837
300975.SZ,20240913,7.74,7.75,7.51,7.52,145541.21,110626.834
301161.SZ,20240913,14.17,14.28,13.93,13.93,7720.46,10822.901
300876.SZ,20240913,14.29,14.29,13.74,13.74,8220.0,11419.38
300157.SZ,20240913,2.31,2.32,2.22,2.23,341860.0,77047.437
920509.BJ,20240913,6.82,7.06,6.79,6.89,4618.2,3190.14
300572.SZ,20240913,12.16,12.16,11.56,11.56,42818.0,50207.057
001282.SZ,20240913,17.37,17.52,16.93,16.95,9432.1,16212.112
300638.SZ,20240913,10.48,10.53,10.24,10.25,139077.64,144149.419
603089.SH,20240913,7.14,7.22,7.0,7.01,15269.0,10804.597
000719.SZ,20240913,10.83,10.93,10.7,10.74,47750.23,51597.522
002705.SZ,20240913,12.56,12.68,12.45,12.46,31938.72,40099.627
002948.SZ,20240913,3.05,3.09,3.04,3.04,152496.92,46679.756
600750.SH,20240913,18.4,18.87,18.26,18.4,77784.14,144413.184
000525.SZ,20240913,9.0,9.41,8.9,9.32,115457.01,106830.04
600416.SH,20240913,9.3,9.34,9.14,9.16,61089.0,56263.942
688001.SH,20240913,22.41,22.44,21.94,21.96,7804.68,17294.211
600104.SH,20240913,11.67,11.71,11.49,11.55,177800.15,205999.814
300056.SZ,20240913,7.73,7.73,7.35,7.48,87724.0,65966.133
688187.SH,20240913,45.07,45.15,43.82,44.03,36328.96,160968.875
600568.SH,20240913,1.27,1.27,1.24,1.25,15399.0,1922.396
688351.SH,20240913,19.23,19.68,18.18,18.21,33019.04,61356.386
600888.SH,20240913,6.36,6.38,6.24,6.24,56094.62,35393.725
300813.SZ,20240913,16.58,17.03,16.45,16.46,19330.86,32161.763
603066.SH,20240913,9.09,9.17,8.98,8.98,34149.0,30978.928
000612.SZ,20240913,5.15,5.35,5.1,5.24,394076.8,206982.513
002182.SZ,20240913,8.97,9.01,8.68,8.68,66261.39,58286.592
300270.SZ,20240913,5.19,6.22,5.14,5.72,344010.0,195050.799
688197.SH,20240913,35.91,35.91,34.83,35.22,1582.52,5576.763
688455.SH,20240913,8.39,8.48,7.94,8.01,8172.87,6691.447
300863.SZ,20240913,39.18,40.28,39.18,39.61,6800.47,26968.222
000509.SZ,20240913,2.5,2.54,2.46,2.47,164435.0,40935.235
688016.SH,20240913,83.12,83.59,80.61,80.71,13949.35,113804.652
688188.SH,20240913,169.6,174.57,167.83,169.19,11168.04,191037.528
002091.SZ,20240913,6.6,6.64,6.53,6.56,52756.44,34710.853
300772.SZ,20240913,9.8,9.97,9.55,9.57,66857.14,64866.008
300109.SZ,20240913,10.63,10.68,10.42,10.42,28555.08,30060.711
002318.SZ,20240913,19.23,19.45,18.99,19.04,37315.0,71606.157
603733.SH,20240913,15.13,15.22,14.86,14.89,24827.6,37194.57
000712.SZ,20240913,9.45,9.6,9.28,9.29,325063.32,306340.728
300839.SZ,20240913,5.99,6.05,5.8,5.82,20085.0,11825.769
688012.SH,20240913,129.8,130.35,123.79,125.48,55056.71,695114.17
002727.SZ,20240913,11.25,11.43,11.01,11.09,109275.4,122562.939
600141.SH,20240913,18.13,18.33,18.03,18.03,53618.04,97317.467
600900.SH,20240913,27.86,28.5,27.82,28.3,809732.1,2289211.168
001219.SZ,20240913,11.16,11.27,10.5,10.58,85098.91,92970.335
600228.SH,20240913,4.84,4.88,4.7,4.71,115536.07,55117.922
688584.SH,20240913,13.05,13.15,12.88,12.88,8269.65,10723.937
300296.SZ,20240913,4.0,4.0,3.92,3.92,185840.22,73621.227
301230.SZ,20240913,19.78,19.79,18.93,18.94,18103.61,34822.655
600990.SH,20240913,15.29,15.74,14.97,15.49,67285.67,103655.849
301148.SZ,20240913,15.27,15.29,14.88,14.93,4826.98,7265.69
002150.SZ,20240913,13.42,13.56,13.01,13.03,87449.14,115811.853
000949.SZ,20240913,3.13,3.14,3.08,3.09,156532.09,48634.409
000902.SZ,20240913,12.1,12.32,12.0,12.02,54001.87,65231.209
301073.SZ,20240913,15.43,15.43,14.9,14.94,40976.25,61815.775
300557.SZ,20240913,21.72,21.72,21.21,21.29,8042.6,17246.955
603270.SH,20240913,16.47,16.65,15.95,15.95,12912.0,20844.958
688049.SH,20240913,20.97,20.99,19.93,20.02,42992.62,87173.792
605069.SH,20240913,5.71,5.79,5.66,5.68,17458.0,9955.718
002692.SZ,20240913,3.39,3.39,3.29,3.31,29591.0,9882.891
300066.SZ,20240913,3.15,3.15,3.05,3.06,157445.28,48603.721
600886.SH,20240913,15.41,15.57,15.24,15.41,129893.5,200583.944
002380.SZ,20240913,15.44,15.55,15.14,15.15,25885.0,39469.099
920122.BJ,20240913,36.23,44.2,36.0,38.88,43461.78,170187.854
301225.SZ,20240913,22.62,22.65,22.18,22.18,3634.0,8118.575
301302.SZ,20240913,13.9,13.97,13.53,13.53,26164.76,35828.337
000703.SZ,20240913,5.6,5.62,5.5,5.5,82591.73,45793.517
688302.SH,20240913,25.82,25.85,25.18,25.37,7113.25,18117.567
603477.SH,20240913,16.32,16.55,16.16,16.22,52570.0,85917.697
003015.SZ,20240913,12.66,13.1,12.13,12.2,475080.89,593162.421
920058.BJ,20240913,15.91,15.91,15.05,15.49,2321.51,3625.881
601908.SH,20240913,2.22,2.23,2.15,2.16,147773.0,32191.802
000999.SZ,20240913,36.86,37.39,36.29,36.41,174882.08,640351.363
301587.SZ,20240913,21.55,21.73,20.65,20.65,18627.0,39151.63
002408.SZ,20240913,4.65,4.68,4.6,4.61,60089.0,27834.28
000807.SZ,20240913,11.52,11.67,11.42,11.44,257281.73,297086.599
000888.SZ,20240913,11.34,11.38,11.07,11.08,109170.86,122085.297
920964.BJ,20240913,2.7,2.9,2.7,2.85,63891.23,18072.569
601077.SH,20240913,4.81,4.92,4.75,4.78,615349.58,297534.615
600405.SH,20240913,3.74,3.77,3.58,3.59,185672.86,67423.089
601528.SH,20240913,4.45,4.49,4.43,4.44,67632.53,30133.39
603170.SH,20240913,10.94,11.0,10.66,10.71,6649.0,7184.828
600088.SH,20240913,13.38,13.5,13.23,13.24,34780.4,46376.886
688479.SH,20240913,14.33,14.36,14.03,14.13,3032.33,4307.75
001298.SZ,20240913,24.61,25.05,23.8,24.0,284329.9,688263.36
000711.SZ,20240913,1.64,1.65,1.62,1.65,26430.36,4326.689
600698.SH,20240913,4.07,4.25,3.93,4.1,370112.0,151974.307
688522.SH,20240913,40.34,40.69,37.4,37.7,37212.55,143022.13
600033.SH,20240913,3.27,3.29,3.22,3.23,240854.0,78403.258
603324.SH,20240913,22.12,22.24,21.3,21.34,42325.99,91716.572
301234.SZ,20240913,21.9,22.09,21.46,21.5,8052.52,17482.721
300973.SZ,20240913,24.95,25.4,23.88,23.97,27583.61,67250.259
300982.SZ,20240913,16.11,16.2,15.33,15.39,30560.93,47902.01
600929.SH,20240913,5.07,5.07,5.02,5.06,58230.24,29384.139
920273.BJ,20240913,9.62,9.72,9.4,9.54,784.95,749.178
002689.SZ,20240913,2.67,2.7,2.6,2.61,487682.14,128471.04
300126.SZ,20240913,4.32,4.33,4.21,4.23,26524.0,11316.61
301091.SZ,20240913,27.79,28.15,26.48,26.52,158775.0,427771.134
300776.SZ,20240913,42.25,42.43,41.24,41.8,21152.4,88623.308
600459.SH,20240913,12.01,12.06,11.85,11.86,28752.3,34292.817
600684.SH,20240913,2.79,2.84,2.77,2.78,120291.85,33773.455
300657.SZ,20240913,13.39,13.43,12.97,13.14,72901.0,96015.886
600482.SH,20240913,23.2,23.38,22.71,22.78,116298.86,266970.267
603237.SH,20240913,15.81,15.95,15.41,15.48,10502.21,16380.842
300622.SZ,20240913,23.85,24.12,22.8,22.9,185406.71,436349.695
002500.SZ,20240913,4.9,4.96,4.88,4.91,212815.3,104635.549
603690.SH,20240913,17.85,18.07,17.57,17.59,24067.35,42815.923
603310.SH,20240913,15.58,15.63,15.18,15.18,40311.35,61957.679
600325.SH,20240913,5.25,5.29,5.2,5.2,174252.39,91282.529
002266.SZ,20240913,2.78,2.8,2.75,2.76,100838.0,27958.112
000632.SZ,20240913,2.61,2.64,2.57,2.6,74905.0,19543.386
002174.SZ,20240913,7.34,7.38,7.2,7.21,83338.0,60567.421
002300.SZ,20240913,4.66,4.66,4.5,4.51,29812.6,13611.229
300610.SZ,20240913,8.05,8.1,7.8,7.82,20196.26,15939.125
688075.SH,20240913,32.71,32.71,32.01,32.01,1474.46,4772.71
301515.SZ,20240913,15.89,16.27,15.84,15.91,10768.14,17245.435
603103.SH,20240913,10.02,10.1,9.94,9.94,21671.0,21669.425
688360.SH,20240913,12.01,12.07,11.83,11.86,12944.23,15429.926
001373.SZ,20240913,24.25,24.45,23.45,23.51,11851.81,28213.206
600905.SH,20240913,4.08,4.1,4.07,4.07,465492.54,190181.451
002991.SZ,20240913,50.12,50.63,49.36,49.37,4947.35,24717.755
301078.SZ,20240913,5.31,5.32,5.17,5.17,211685.42,110665.912
601966.SH,20240913,16.68,16.7,16.14,16.18,105089.94,171423.803
002756.SZ,20240913,34.1,34.35,32.32,32.36,94387.23,310472.232
920368.BJ,20240913,18.42,18.95,18.0,18.48,16010.96,29588.475
600619.SH,20240913,5.41,5.55,5.28,5.39,346682.18,186777.096
603596.SH,20240913,39.3,39.48,37.83,37.95,48793.28,187402.054
301372.SZ,20240913,18.87,18.87,18.25,18.26,6055.94,11165.799
002006.SZ,20240913,11.02,11.08,10.66,10.67,24075.11,26000.146
300703.SZ,20240913,7.29,7.34,7.18,7.18,21364.0,15487.683
301500.SZ,20240913,16.99,17.3,16.0,16.32,32125.81,53224.58
603595.SH,20240913,15.23,15.25,14.78,14.79,17550.0,26263.344
605286.SH,20240913,22.24,22.42,21.33,21.34,11357.0,24612.116
688433.SH,20240913,14.82,14.85,14.51,14.51,5893.39,8618.037
301188.SZ,20240913,11.66,11.85,11.6,11.72,32481.47,38014.906
600735.SH,20240913,3.63,3.68,3.59,3.66,70006.0,25389.141
600136.SH,20240913,1.32,1.33,1.3,1.32,22817.54,2999.856
920670.BJ,20240913,8.66,9.13,8.64,8.91,14636.03,13033.298
002825.SZ,20240913,6.3,6.33,6.19,6.2,16383.6,10233.106
002849.SZ,20240913,10.45,10.45,10.11,10.15,32499.45,33199.845
300652.SZ,20240913,18.25,18.29,17.58,17.6,11665.03,20827.846
688683.SH,20240913,13.23,13.24,12.81,12.89,3258.62,4222.751
603711.SH,20240913,10.6,10.65,10.33,10.34,14780.41,15444.833
300425.SZ,20240913,3.88,3.97,3.88,3.93,70835.83,27930.777
300807.SZ,20240913,25.09,25.27,24.65,24.65,18141.0,45160.35
601606.SH,20240913,9.07,9.14,8.99,9.05,47267.58,42855.405
600243.SH,20240913,3.5,3.6,3.41,3.47,123120.01,42960.371
688268.SH,20240913,41.1,41.37,40.5,40.52,8015.69,32788.236
601005.SH,20240913,1.03,1.04,1.02,1.03,259902.0,26841.753
603181.SH,20240913,8.3,8.38,8.19,8.21,18065.0,14925.344
603717.SH,20240913,5.15,5.2,4.96,4.96,35623.0,17911.844
300176.SZ,20240913,5.14,5.8,5.1,5.51,259506.21,139906.267
920981.BJ,20240913,12.96,13.77,12.7,13.38,37653.99,50043.197
601111.SH,20240913,6.53,6.53,6.43,6.43,219140.02,141789.538
002755.SZ,20240913,11.18,11.18,10.7,10.81,22548.0,24448.086
002086.SZ,20240913,1.84,1.85,1.81,1.83,44320.0,8065.102
000402.SZ,20240913,2.08,2.13,2.07,2.1,187652.0,39521.904
301301.SZ,20240913,10.76,10.85,10.61,10.62,93563.0,100458.567
300861.SZ,20240913,17.6,17.72,17.17,17.18,16452.18,28475.404
002973.SZ,20240913,8.22,8.28,7.91,7.91,24696.34,19883.911
301335.SZ,20240913,17.73,17.78,17.18,17.22,2902.21,5057.413
301318.SZ,20240913,24.82,24.9,23.69,23.69,14735.71,35668.445
002774.SZ,20240913,5.52,5.52,5.37,5.39,18800.0,10173.718
002189.SZ,20240913,15.6,15.95,15.35,15.37,149770.0,233544.416
301486.SZ,20240913,33.5,33.88,32.82,32.82,13586.62,45424.834
300198.SZ,20240913,1.35,1.39,1.34,1.36,297568.0,40570.22
603335.SH,20240913,4.02,4.02,3.91,3.92,22983.0,9074.703
688287.SH,20240913,3.77,3.8,3.64,3.64,53994.61,19951.865
300121.SZ,20240913,7.2,7.38,7.01,7.18,136774.78,98342.18
300514.SZ,20240913,11.96,12.03,11.7,11.7,17923.0,21162.162
002485.SZ,20240913,2.85,2.86,2.83,2.85,3304.0,940.003
002432.SZ,20240913,41.24,41.35,40.0,40.33,32746.0,133408.844
300587.SZ,20240913,3.68,3.69,3.59,3.6,80783.0,29288.21
001299.SZ,20240913,10.89,11.03,10.64,10.64,11066.0,11909.528
000738.SZ,20240913,18.43,18.5,18.27,18.27,31751.0,58329.972
600178.SH,20240913,9.0,9.16,8.63,8.72,562980.63,500550.263
600965.SH,20240913,3.28,3.3,3.22,3.23,28934.54,9383.99
002595.SZ,20240913,41.88,42.4,41.5,41.95,19558.0,82279.294
601007.SH,20240913,6.13,6.16,6.08,6.13,31022.0,18971.097
688582.SH,20240913,34.04,34.39,33.26,33.8,22446.82,76152.499
600352.SH,20240913,9.1,9.16,9.0,9.01,102920.6,93255.503
000517.SZ,20240913,1.88,1.91,1.87,1.89,178749.0,33937.815
300340.SZ,20240913,7.72,7.79,7.36,7.42,130057.84,97281.363
601330.SH,20240913,5.38,5.42,5.35,5.37,18095.0,9737.65
000552.SZ,20240913,2.29,2.3,2.24,2.24,423981.77,95936.669
603219.SH,20240913,13.94,13.94,13.56,13.79,18705.43,25670.954
600196.SH,20240913,22.38,22.48,22.18,22.22,43074.84,96233.547
600446.SH,20240913,9.53,9.77,9.41,9.43,84974.58,81170.099
600877.SH,20240913,10.04,10.34,10.01,10.14,89872.86,91535.852
300700.SZ,20240913,5.76,5.8,5.52,5.52,46618.31,26137.235
000663.SZ,20240913,4.32,4.55,4.21,4.45,181089.02,80256.665
688271.SH,20240913,96.41,97.52,95.18,97.52,22742.86,219286.51
603153.SH,20240913,15.62,15.81,15.56,15.56,18408.0,28833.247
600660.SH,20240913,48.23,49.92,48.0,49.6,124422.61,614748.825
000733.SZ,20240913,34.11,34.14,33.01,33.02,51082.72,170401.997
688788.SH,20240913,21.81,21.87,21.55,21.65,2069.61,4483.038
688309.SH,20240913,10.89,10.9,10.67,10.73,2740.12,2948.443
688598.SH,20240913,15.13,15.46,14.91,15.12,87042.3,131913.131
301136.SZ,20240913,10.82,11.06,10.62,10.65,64415.72,69668.017
301390.SZ,20240913,26.4,26.63,25.34,25.57,4807.0,12477.472
601958.SH,20240913,9.63,9.66,9.43,9.43,69273.0,65958.692
300540.SZ,20240913,18.31,18.33,18.11,18.12,3167.0,5758.82
002190.SZ,20240913,13.75,13.78,13.58,13.59,11959.98,16352.581
301313.SZ,20240913,17.99,18.06,17.65,17.68,13903.47,24767.051
301456.SZ,20240913,19.24,19.39,18.74,18.76,8568.28,16241.075
600976.SH,20240913,41.03,41.45,39.82,40.6,16283.0,66157.242
300082.SZ,20240913,4.92,4.94,4.8,4.82,89585.76,43392.086
603799.SH,20240913,22.39,22.48,21.63,21.64,257713.76,564386.832
002064.SZ,20240913,6.83,6.86,6.7,6.72,134573.52,91106.053
605177.SH,20240913,16.71,16.72,16.47,16.47,6492.0,10766.348
000910.SZ,20240913,6.17,6.2,6.04,6.05,10359.74,6325.033
603329.SH,20240913,10.65,10.77,10.61,10.68,9999.0,10705.333
603108.SH,20240913,13.82,14.13,13.71,13.71,201426.0,280131.323
000622.SZ,20240913,1.8,1.85,1.78,1.82,35879.0,6508.847
688079.SH,20240913,6.25,6.25,6.02,6.04,20765.45,12676.892
603169.SH,20240913,4.34,4.35,4.21,4.21,82866.0,35237.211
920242.BJ,20240913,13.7,14.05,13.56,13.87,3232.56,4475.21
300144.SZ,20240913,7.27,7.31,7.13,7.13,173173.7,124792.482
002949.SZ,20240913,9.0,9.01,8.78,8.78,8613.0,7664.17
002177.SZ,20240913,3.28,3.32,3.22,3.22,265824.56,86818.512
300165.SZ,20240913,2.59,2.65,2.56,2.6,163355.84,42472.309
300849.SZ,20240913,12.56,12.58,12.38,12.44,8394.0,10474.0
300624.SZ,20240913,41.6,43.28,40.34,40.42,108525.59,445580.634
688350.SH,20240913,9.82,9.83,9.51,9.55,3597.77,3472.493
301571.SZ,20240913,34.38,34.49,32.91,32.91,56021.77,188227.328
300406.SZ,20240913,11.92,11.93,11.68,11.69,26872.0,31686.785
300532.SZ,20240913,14.29,14.34,13.98,14.0,69030.0,97443.622
300617.SZ,20240913,22.64,22.69,22.03,22.08,4372.0,9745.955
688701.SH,20240913,4.26,4.26,4.11,4.13,10971.62,4552.617
002877.SZ,20240913,6.6,6.62,6.4,6.4,25129.0,16319.446
603685.SH,20240913,10.6,10.65,10.34,10.36,5553.09,5817.595
002037.SZ,20240913,6.46,6.66,6.46,6.5,117037.0,76815.934
920429.BJ,20240913,9.78,9.89,9.55,9.81,2889.62,2810.909
603039.SH,20240913,27.95,28.09,27.58,27.69,7658.76,21257.472
688036.SH,20240913,77.94,79.78,75.16,76.28,84700.48,653357.729
002123.SZ,20240913,6.95,7.32,6.7,6.79,1198412.1,837141.958
600316.SH,20240913,20.62,21.19,20.5,20.8,67871.0,141587.287
600212.SH,20240913,4.64,4.66,4.51,4.52,41484.0,18934.519
688238.SH,20240913,4.19,4.19,4.03,4.05,46608.56,19063.12
603666.SH,20240913,16.11,16.23,15.16,15.19,110589.55,171832.697
688353.SH,20240913,15.25,15.26,14.87,14.92,4959.64,7432.864
603363.SH,20240913,3.73,3.85,3.73,3.79,122880.54,46573.027
300800.SZ,20240913,8.69,8.73,8.6,8.6,9855.0,8522.539
300442.SZ,20240913,23.23,23.57,23.03,23.18,108038.66,252135.256
600222.SH,20240913,4.33,4.36,4.26,4.27,51277.47,22053.819
300996.SZ,20240913,16.25,16.36,15.8,15.87,54737.17,87826.042
605305.SH,20240913,22.85,23.11,22.36,22.37,15563.88,35143.203
688521.SH,20240913,26.48,26.48,25.2,25.25,43362.76,111324.136
601033.SH,20240913,12.41,12.49,12.16,12.2,32064.58,39467.51
003043.SZ,20240913,37.66,39.79,37.66,38.54,24633.0,95515.158
300374.SZ,20240913,12.86,13.17,12.86,12.91,91088.0,118475.131
300627.SZ,20240913,28.69,28.95,28.42,28.63,31050.61,88993.188
300662.SZ,20240913,13.8,13.87,12.89,13.49,186424.55,248587.381
688580.SH,20240913,21.56,21.56,20.82,20.91,3915.27,8286.504
300725.SZ,20240913,25.9,26.05,25.07,25.1,26971.68,68738.405
600841.SH,20240913,3.78,3.94,3.67,3.88,293022.65,111578.156
002947.SZ,20240913,29.4,30.87,29.26,30.02,68353.58,206966.825
603225.SH,20240913,9.85,9.92,9.73,9.74,72626.38,71267.28
002730.SZ,20240913,6.26,6.26,6.1,6.1,22110.0,13634.125
688367.SH,20240913,11.62,11.66,11.32,11.32,2162.68,2474.779
300552.SZ,20240913,26.15,26.35,25.67,25.68,55492.73,143984.364
300458.SZ,20240913,20.51,20.81,20.41,20.41,102782.1,211682.875
601999.SH,20240913,5.41,5.45,5.35,5.38,21034.0,11341.051
920810.BJ,20240913,5.32,5.46,5.19,5.38,2956.8,1576.484
600415.SH,20240913,8.55,8.68,8.44,8.54,273635.46,233534.008
002322.SZ,20240913,14.67,14.88,14.34,14.39,29468.4,42741.447
688288.SH,20240913,12.16,12.28,11.8,11.82,10475.95,12528.267
601022.SH,20240913,7.26,7.28,7.18,7.19,37544.0,27141.821
688167.SH,20240913,41.8,41.8,39.91,39.97,11939.96,48527.633
688114.SH,20240913,37.52,37.64,35.23,36.36,41256.34,148809.9
000859.SZ,20240913,3.24,3.27,3.18,3.2,180828.41,58039.102
603227.SH,20240913,6.99,7.02,6.91,6.91,33014.0,22935.342
300396.SZ,20240913,13.35,13.5,13.07,13.08,44387.0,58557.836
600206.SH,20240913,8.95,9.0,8.8,8.81,39574.0,35166.886
301175.SZ,20240913,4.25,4.28,4.23,4.25,46829.0,19937.046
600522.SH,20240913,13.48,13.9,13.17,13.2,350783.25,472095.941
601336.SH,20240913,31.92,32.81,31.85,32.03,122406.0,395561.892
600866.SH,20240913,4.92,4.95,4.85,4.89,132921.0,65021.364
688308.SH,20240913,15.04,15.13,14.65,14.73,11318.38,16726.47
300263.SZ,20240913,5.53,5.56,5.44,5.45,58734.0,32237.882
002033.SZ,20240913,8.1,8.14,8.02,8.02,44678.03,36027.434
603551.SH,20240913,9.43,9.55,9.28,9.28,5344.0,5015.235
920826.BJ,20240913,4.92,5.08,4.83,4.96,14159.36,7028.841
603017.SH,20240913,7.43,7.52,7.33,7.34,25251.0,18749.296
600073.SH,20240913,5.95,5.99,5.91,5.92,47792.0,28417.773
603931.SH,20240913,17.32,17.35,16.83,16.9,21308.6,36274.84
600851.SH,20240913,4.79,5.0,4.76,4.83,107144.0,52512.076
600076.SH,20240913,1.42,1.47,1.39,1.44,184624.0,26514.072
600696.SH,20240913,5.9,5.9,5.9,5.9,21119.0,12460.21
300303.SZ,20240913,4.87,4.91,4.77,4.78,201156.48,97079.409
301267.SZ,20240913,16.7,16.81,16.31,16.31,22703.58,37402.877
300133.SZ,20240913,5.06,5.1,4.98,4.98,303746.87,152661.076
301333.SZ,20240913,39.98,40.37,38.6,38.64,6838.2,26768.38
002809.SZ,20240913,6.63,6.63,6.46,6.47,13977.0,9128.467
603978.SH,20240913,10.91,10.99,10.38,10.67,78718.5,84138.171
300476.SZ,20240913,27.07,29.09,27.04,28.1,595043.3,1688271.6
688561.SH,20240913,21.18,21.32,20.61,20.89,26939.04,56353.337
600258.SH,20240913,11.35,11.42,11.2,11.23,47870.0,53941.569
600748.SH,20240913,2.45,2.48,2.43,2.45,57618.3,14192.494
688789.SH,20240913,62.29,62.98,61.05,61.15,6228.29,38525.961
920703.BJ,20240913,17.35,17.99,17.23,17.31,17224.71,30245.692
605020.SH,20240913,14.93,15.08,14.56,14.56,21970.2,32484.386
600031.SH,20240913,15.53,15.59,15.23,15.28,361965.75,556133.942
301525.SZ,20240913,51.97,52.35,50.62,50.81,11371.49,58320.256
002483.SZ,20240913,4.16,4.18,4.11,4.14,59732.0,24778.899
002455.SZ,20240913,6.68,6.72,6.49,6.49,106049.0,69694.218
600744.SH,20240913,2.77,2.78,2.74,2.74,66070.0,18204.122
301066.SZ,20240913,8.46,8.46,8.15,8.16,41591.7,34429.152
301236.SZ,20240913,33.3,33.3,32.43,32.43,225719.23,739337.802
000700.SZ,20240913,5.55,5.55,5.44,5.44,70496.5,38615.792
600557.SH,20240913,12.22,12.3,11.95,11.98,82817.8,99920.368
600774.SH,20240913,6.49,6.65,6.38,6.48,52707.81,34286.602
605499.SH,20240913,228.1,228.1,223.68,224.11,8428.84,190021.881
600322.SH,20240913,1.3,1.33,1.29,1.31,206212.0,27110.935
002067.SZ,20240913,2.68,2.69,2.63,2.63,67542.0,17923.845
600519.SH,20240913,1331.0,1332.0,1297.3,1304.13,56005.11,7329376.917
920576.BJ,20240913,14.15,14.96,14.15,14.46,4399.37,6434.219
002777.SZ,20240913,12.97,13.0,12.64,12.64,107244.0,137043.809
002757.SZ,20240913,11.33,11.42,11.2,11.22,32433.0,36636.245
301381.SZ,20240913,22.84,22.88,22.33,22.35,8918.81,20163.14
300149.SZ,20240913,4.64,5.13,4.55,4.84,434663.56,208959.135
300403.SZ,20240913,6.24,6.28,6.19,6.19,57038.0,35517.577
002005.SZ,20240913,1.28,1.34,1.28,1.31,124776.0,16381.43
603215.SH,20240913,13.11,13.27,12.91,13.15,12988.86,17032.016
600575.SH,20240913,3.19,3.27,3.17,3.25,213981.0,69339.064
001266.SZ,20240913,18.3,18.43,17.91,17.92,13986.0,25256.015
000969.SZ,20240913,8.01,8.05,7.92,7.95,50858.14,40583.279
000833.SZ,20240913,4.94,4.98,4.88,4.89,37754.8,18533.609
002329.SZ,20240913,2.73,2.73,2.66,2.66,73165.0,19616.261
001380.SZ,20240913,14.5,14.89,14.08,14.3,29077.84,42119.697
600780.SH,20240913,5.07,5.07,4.95,4.95,46475.0,23154.021
300228.SZ,20240913,5.66,5.67,5.49,5.51,78568.31,43841.111
001217.SZ,20240913,8.71,8.75,8.56,8.56,19378.0,16779.206
002469.SZ,20240913,4.74,4.76,4.65,4.67,29713.4,13932.892
603128.SH,20240913,5.09,5.09,5.02,5.04,79569.07,40230.114
301110.SZ,20240913,27.61,27.8,26.11,26.2,13436.6,35853.154
688155.SH,20240913,33.6,33.6,32.8,33.3,6447.48,21362.698
601890.SH,20240913,6.8,6.91,6.77,6.79,131235.55,89609.932
002829.SZ,20240913,15.98,16.06,15.55,15.58,89515.13,140936.891
002783.SZ,20240913,7.12,7.12,7.01,7.03,24282.0,17135.253
603839.SH,20240913,4.3,4.32,4.24,4.24,24371.4,10419.159
300239.SZ,20240913,4.46,4.58,4.39,4.4,42913.0,19158.074
600834.SH,20240913,6.68,6.69,6.61,6.63,33883.0,22535.271
603797.SH,20240913,3.09,3.11,3.07,3.08,21673.0,6698.925
600515.SH,20240913,3.09,3.1,3.06,3.08,207842.62,64105.37
301367.SZ,20240913,67.1,68.48,66.56,67.0,4232.34,28488.819
301000.SZ,20240913,11.88,11.9,11.56,11.56,23340.72,27318.599
601969.SH,20240913,5.7,5.99,5.6,5.82,289908.78,167793.286
002377.SZ,20240913,1.73,1.74,1.7,1.71,84612.0,14569.594
600881.SH,20240913,1.02,1.05,1.02,1.03,493043.25,51031.435
603939.SH,20240913,18.25,18.32,17.75,17.75,101884.31,182832.923
002671.SZ,20240913,3.51,3.55,3.46,3.46,59463.02,20835.977
605099.SH,20240913,18.06,18.48,17.93,18.25,16508.0,30100.583
000559.SZ,20240913,4.91,4.95,4.86,4.87,150283.75,73571.244
603721.SH,20240913,20.91,22.05,20.17,21.5,161339.0,338338.989
600635.SH,20240913,2.9,2.9,2.83,2.83,374962.27,107179.894
002156.SZ,20240913,18.47,18.64,18.22,18.24,233819.81,430810.099
688206.SH,20240913,13.35,13.35,12.69,12.9,27096.37,35055.997
300927.SZ,20240913,12.96,13.9,12.9,13.15,41680.8,55819.049
300791.SZ,20240913,24.56,25.48,24.52,25.0,13852.21,34798.004
920770.BJ,20240913,5.14,5.28,5.1,5.21,14115.97,7297.04
002227.SZ,20240913,8.49,8.62,8.35,8.46,159324.68,134558.79
300151.SZ,20240913,14.36,14.45,14.1,14.12,21024.0,29893.387
688498.SH,20240913,84.4,86.93,83.8,86.39,34097.91,291474.393
601311.SH,20240913,7.6,7.6,7.42,7.42,69329.23,51751.083
300707.SZ,20240913,10.56,10.6,10.15,10.18,50903.0,52432.018
300275.SZ,20240913,10.64,10.84,10.45,10.58,35806.0,37954.253
301118.SZ,20240913,15.03,15.17,14.7,14.7,11379.0,16897.106
300531.SZ,20240913,10.89,10.93,10.42,10.44,130014.0,137906.38
002078.SZ,20240913,11.81,11.85,11.62,11.65,103308.41,120970.108
301327.SZ,20240913,69.76,70.98,67.88,67.88,6933.44,47766.605
688021.SH,20240913,7.78,7.78,7.33,7.49,8482.19,6381.833
000338.SZ,20240913,11.78,11.89,11.64,11.72,379064.01,446498.89
000876.SZ,20240913,8.42,8.51,8.39,8.42,94403.94,79836.406
000955.SZ,20240913,3.45,3.5,3.23,3.32,424579.82,141479.782
603312.SH,20240913,29.44,29.6,28.22,28.25,20294.89,58466.172
002328.SZ,20240913,4.29,4.3,4.19,4.2,38594.0,16350.013
002978.SZ,20240913,24.48,24.64,23.98,24.05,9771.97,23614.902
603381.SH,20240913,20.55,20.57,19.83,19.83,38189.57,76656.858
002110.SZ,20240913,2.55,2.62,2.55,2.58,73323.52,18976.633
600867.SH,20240913,7.36,7.42,7.2,7.21,85498.0,62166.354
920834.BJ,20240913,4.3,4.44,4.26,4.36,4510.28,1962.458
600679.SH,20240913,9.15,9.35,9.08,9.22,65337.0,60410.623
002698.SZ,20240913,11.38,11.48,11.25,11.28,49735.15,56378.589
002121.SZ,20240913,3.61,3.65,3.54,3.54,174237.21,62180.756
688418.SH,20240913,14.54,14.64,14.18,14.24,25787.34,37057.368
301336.SZ,20240913,26.76,26.76,26.12,26.23,2139.0,5648.758
000962.SZ,20240913,10.01,10.1,9.77,9.77,34043.0,33629.084
000698.SZ,20240913,2.58,2.62,2.53,2.57,88041.0,22755.303
300941.SZ,20240913,14.96,15.06,14.46,14.48,84484.21,123847.516
688590.SH,20240913,10.08,10.12,9.8,9.8,37485.36,37286.587
603333.SH,20240913,3.14,3.15,3.06,3.06,76688.0,23708.956
601186.SH,20240913,6.88,6.9,6.83,6.83,263710.93,180928.102
688111.SH,20240913,181.4,182.67,178.56,181.08,26164.28,472243.533
002788.SZ,20240913,7.1,7.15,7.02,7.03,26152.0,18489.4
920179.BJ,20240913,13.7,14.25,13.6,13.95,2186.01,3038.525
002221.SZ,20240913,8.15,8.22,8.07,8.16,30708.0,25016.648
688090.SH,20240913,40.35,40.9,39.23,39.73,9378.59,37214.109
601228.SH,20240913,3.01,3.05,3.01,3.01,115901.0,35063.566
603678.SH,20240913,19.75,19.89,19.55,19.8,24077.94,47614.731
301137.SZ,20240913,14.96,16.18,14.74,16.04,161077.96,253602.11
601881.SH,20240913,11.29,11.47,11.19,11.19,576013.73,652245.821
301369.SZ,20240913,44.61,45.7,44.31,44.51,21525.5,96801.317
002428.SZ,20240913,11.37,11.55,11.06,11.18,213313.48,241018.035
603856.SH,20240913,9.96,10.01,9.78,9.88,8946.41,8841.587
600360.SH,20240913,3.13,3.14,3.05,3.09,119485.6,37117.822
000799.SZ,20240913,35.18,35.23,34.41,34.43,28686.0,99607.375
301112.SZ,20240913,19.0,19.0,18.25,18.25,12419.95,22926.674
000869.SZ,20240913,19.95,20.05,19.75,19.75,5330.11,10584.885
688195.SH,20240913,22.08,22.31,21.3,21.3,15891.1,34664.806
002739.SZ,20240913,9.19,9.22,9.11,9.14,92920.5,85157.048
002065.SZ,20240913,4.6,4.62,4.51,4.53,150847.0,68777.745
920753.BJ,20240913,26.2,30.33,25.81,26.88,53636.37,147594.059
000519.SZ,20240913,11.42,11.7,11.36,11.45,205629.16,236955.937
600328.SH,20240913,7.1,7.12,7.02,7.05,53297.91,37612.254
300766.SZ,20240913,10.16,10.2,9.85,9.89,136554.57,136455.503
603301.SH,20240913,20.6,20.71,20.41,20.44,6003.0,12333.359
688092.SH,20240913,17.35,17.51,16.85,16.87,7680.93,13127.973
300866.SZ,20240913,68.16,69.29,67.65,67.75,28384.91,193663.199
688202.SH,20240913,24.58,24.96,23.98,23.99,17641.64,42944.922
002286.SZ,20240913,5.88,5.96,5.83,5.84,56023.12,32981.678
301310.SZ,20240913,20.3,20.54,19.35,19.39,15450.36,30428.172
603648.SH,20240913,7.54,7.58,7.5,7.51,15364.0,11572.717
300837.SZ,20240913,17.47,17.52,16.97,16.98,7078.0,12148.489
688679.SH,20240913,6.37,6.38,6.08,6.18,8649.25,5380.073
603505.SH,20240913,23.19,23.41,22.86,22.88,19605.21,45263.819
601118.SH,20240913,4.97,4.97,4.77,4.88,384945.5,186952.627
600643.SH,20240913,3.98,4.04,3.93,3.98,91252.01,36373.648
600067.SH,20240913,1.77,1.81,1.77,1.79,64673.0,11593.386
600276.SH,20240913,44.95,45.3,44.4,44.77,195097.34,874100.288
688660.SH,20240913,3.12,3.14,3.03,3.03,43015.1,13188.269
688234.SH,20240913,48.4,48.97,47.52,47.78,15951.33,76809.032
603368.SH,20240913,14.91,15.05,14.79,14.81,36956.19,55033.279
601808.SH,20240913,13.28,13.35,13.16,13.17,48998.96,64834.574
603533.SH,20240913,15.79,15.99,15.45,15.46,54870.0,86022.823
601016.SH,20240913,2.64,2.66,2.62,2.64,189238.66,50094.46
688592.SH,20240913,29.0,29.16,28.4,28.52,2404.49,6885.169
000020.SZ,20240913,12.51,12.78,11.8,11.88,170998.01,206262.568
603929.SH,20240913,20.57,20.62,20.18,20.2,14588.0,29758.404
920924.BJ,20240913,7.88,8.05,7.76,7.95,7515.25,5951.163
300936.SZ,20240913,32.22,32.34,30.95,31.0,37263.01,117816.328
300921.SZ,20240913,18.43,18.55,17.29,17.3,37423.0,66524.284
301150.SZ,20240913,17.75,17.8,17.11,17.13,18569.51,32153.881
300496.SZ,20240913,33.77,33.9,33.08,33.13,84945.29,283906.674
920855.BJ,20240913,7.14,7.42,7.05,7.21,1075.82,779.904
688056.SH,20240913,20.51,20.86,20.01,20.01,2484.31,5051.446
688586.SH,20240913,7.7,7.75,7.47,7.47,46340.56,35053.653
003020.SZ,20240913,17.06,17.15,16.66,16.73,7370.08,12427.61
300097.SZ,20240913,5.8,5.89,5.61,5.65,197731.53,113375.971
301498.SZ,20240913,51.22,51.6,50.21,50.47,12142.08,61778.587
300052.SZ,20240913,10.97,11.6,10.88,11.07,170194.0,190884.335
688373.SH,20240913,4.03,4.06,3.9,3.9,22101.54,8723.443
301198.SZ,20240913,7.61,7.85,7.54,7.7,35650.16,27374.258
000001.SZ,20240913,9.73,9.82,9.7,9.7,566461.9,553269.704
600559.SH,20240913,16.56,16.68,16.22,16.25,142877.54,234486.607
001234.SZ,20240913,14.5,14.68,14.31,14.31,10307.0,14907.926
002890.SZ,20240913,8.34,8.34,8.08,8.13,8534.1,6966.999
920641.BJ,20240913,6.48,6.73,6.26,6.66,18614.35,12104.322
300558.SZ,20240913,39.59,40.33,38.9,39.28,86510.32,342491.923
300120.SZ,20240913,5.38,5.65,5.34,5.36,710510.42,388756.963
601698.SH,20240913,14.28,14.37,14.2,14.2,65442.0,93385.555
600151.SH,20240913,5.14,5.41,5.09,5.23,417757.59,219367.812
001268.SZ,20240913,15.4,15.47,15.1,15.1,6262.0,9524.069
300736.SZ,20240913,8.95,8.96,8.3,8.31,170306.8,144579.362
000753.SZ,20240913,2.76,2.78,2.71,2.76,137192.5,37722.869
002367.SZ,20240913,5.35,5.36,5.28,5.28,23747.0,12621.115
301259.SZ,20240913,26.69,27.8,26.5,27.27,21938.0,59697.783
300174.SZ,20240913,12.46,12.51,12.14,12.15,32758.0,40008.846
002045.SZ,20240913,10.88,10.94,10.5,10.5,123518.03,132151.7
000530.SZ,20240913,3.65,3.68,3.57,3.57,98069.73,35358.382
301357.SZ,20240913,23.72,23.74,22.98,23.0,9995.0,23309.736
688038.SH,20240913,8.76,8.85,8.62,8.66,17761.91,15518.338
002659.SZ,20240913,3.81,4.15,3.68,3.9,340069.0,132185.626
601928.SH,20240913,11.52,11.64,11.41,11.55,95554.59,110203.129
002683.SZ,20240913,20.26,20.35,19.9,19.9,28046.09,56451.403
002069.SZ,20240913,2.55,2.57,2.5,2.54,41026.0,10430.615
000581.SZ,20240913,16.12,16.15,15.83,15.86,64844.7,103671.883
600249.SH,20240913,3.8,3.9,3.75,3.82,127838.28,49043.8
603809.SH,20240913,7.06,7.06,6.89,6.89,54087.52,37488.15
301510.SZ,20240913,19.95,20.05,19.46,19.46,19378.8,38123.14
300539.SZ,20240913,7.69,7.75,7.5,7.5,22087.0,16766.068
301082.SZ,20240913,8.26,8.3,8.01,8.01,29224.04,23768.336
603192.SH,20240913,13.05,13.3,12.98,13.06,11849.9,15559.48
300605.SZ,20240913,9.45,10.11,9.16,9.96,90984.01,87471.936
000553.SZ,20240913,4.32,4.33,4.23,4.24,22587.0,9623.6
002549.SZ,20240913,5.01,5.05,4.9,4.9,50418.15,24942.977
300494.SZ,20240913,8.92,8.98,8.71,8.72,101395.2,89417.075
688556.SH,20240913,10.01,10.01,9.69,9.69,71192.4,69762.816
002886.SZ,20240913,12.72,12.72,12.35,12.35,25335.0,31574.333
300915.SZ,20240913,25.82,25.82,25.04,25.06,2516.0,6371.853
600390.SH,20240913,4.0,4.06,3.99,4.01,188823.81,76081.166
300498.SZ,20240913,15.93,16.0,15.73,15.78,225996.43,358685.689
688410.SH,20240913,8.07,8.2,7.93,7.98,28818.05,23076.781
688019.SH,20240913,107.53,107.53,103.58,103.8,7790.0,81929.562
001227.SZ,20240913,2.14,2.16,2.11,2.11,402833.81,86003.097
002215.SZ,20240913,7.44,7.5,7.33,7.42,111786.0,83139.889
601519.SH,20240913,5.74,5.8,5.71,5.72,99272.95,57065.743
600365.SH,20240913,2.58,2.68,2.57,2.66,141245.0,37665.855
688502.SH,20240913,77.38,77.39,73.3,73.86,3781.86,28324.524
600379.SH,20240913,8.1,8.64,8.1,8.25,98339.79,81886.721
688693.SH,20240913,23.1,23.58,22.82,22.88,9935.71,22863.815
600078.SH,20240913,5.09,5.18,4.96,4.98,50595.0,25602.703
603106.SH,20240913,4.71,4.77,4.56,4.58,384002.24,177886.463
002708.SZ,20240913,7.16,7.22,7.02,7.03,120599.65,85460.44
300347.SZ,20240913,48.9,49.37,48.35,48.99,32781.42,160397.697
300602.SZ,20240913,14.27,14.48,13.92,13.93,97109.0,136716.369
300760.SZ,20240913,233.01,234.49,231.0,231.67,31107.63,722726.879
002762.SZ,20240913,5.21,5.38,5.15,5.26,101316.0,53191.813
600227.SH,20240913,1.66,1.78,1.64,1.74,722922.0,123388.625
301512.SZ,20240913,34.35,34.5,33.41,33.51,4428.82,14945.764
600351.SH,20240913,5.28,5.29,5.21,5.25,57272.0,30122.704
600812.SH,20240913,4.59,4.61,4.53,4.53,56460.0,25745.944
688337.SH,20240913,26.03,26.07,25.38,25.42,4146.27,10625.689
603968.SH,20240913,8.95,9.08,8.63,8.65,20173.0,17612.836
002583.SZ,20240913,3.68,3.7,3.63,3.64,207953.0,76211.653
000166.SZ,20240913,4.24,4.28,4.22,4.23,388543.94,165064.402
300821.SZ,20240913,6.23,6.31,6.16,6.16,35694.0,22103.052
301157.SZ,20240913,30.0,30.49,29.18,29.18,3914.0,11524.62
300058.SZ,20240913,5.35,5.38,5.25,5.25,291592.85,154527.717
300189.SZ,20240913,2.15,2.19,2.11,2.14,355775.02,76422.445
002293.SZ,20240913,6.48,6.5,6.39,6.39,13393.22,8614.72
600801.SH,20240913,10.22,10.32,10.08,10.1,60767.1,61671.2
600595.SH,20240913,2.32,2.34,2.29,2.29,182651.44,42151.608
300639.SZ,20240913,5.26,5.33,5.17,5.17,137507.59,71706.24
000029.SZ,20240913,11.23,11.49,11.19,11.37,41467.0,47210.022
000818.SZ,20240913,14.41,14.49,14.1,14.15,53336.0,76048.484
603938.SH,20240913,10.1,10.1,9.74,9.77,12744.4,12547.629
688335.SH,20240913,7.67,7.72,7.54,7.56,2157.36,1642.029
601155.SH,20240913,9.83,9.9,9.65,9.66,157839.88,154165.087
300324.SZ,20240913,2.29,2.3,2.2,2.21,621380.0,139318.991
002376.SZ,20240913,5.57,5.58,5.47,5.49,49445.69,27207.138
300978.SZ,20240913,9.15,9.17,8.95,8.96,37681.0,34031.527
300683.SZ,20240913,21.48,21.61,20.61,20.71,10008.0,21020.78
603018.SH,20240913,6.21,6.24,6.14,6.15,123571.45,76300.783
002405.SZ,20240913,6.89,6.9,6.72,6.74,319218.53,217753.926
605011.SH,20240913,18.16,18.65,18.11,18.13,32276.0,59211.796
000981.SZ,20240913,1.02,1.04,1.01,1.03,773373.46,79285.512
600761.SH,20240913,18.38,18.58,17.78,17.84,105947.47,190659.116
605183.SH,20240913,15.67,15.74,15.43,15.45,14163.0,22020.643
002761.SZ,20240913,7.35,7.42,7.23,7.24,82383.06,60363.443
605377.SH,20240913,11.36,11.36,11.05,11.07,14888.21,16610.13
300882.SZ,20240913,12.57,12.68,12.27,12.29,17982.21,22307.412
301122.SZ,20240913,15.85,15.98,15.46,15.53,14789.6,23209.131
688123.SH,20240913,44.88,45.28,43.84,43.91,22504.37,100030.678
002345.SZ,20240913,4.54,4.56,4.41,4.42,73431.63,32809.909
688312.SH,20240913,20.04,20.66,20.03,20.36,9108.66,18557.076
000159.SZ,20240913,6.01,6.04,5.9,5.94,60812.0,36176.554
920212.BJ,20240913,7.58,7.86,7.22,7.73,42383.07,32159.915
600550.SH,20240913,7.68,8.51,7.43,8.51,2035492.28,1660402.459
600367.SH,20240913,8.95,9.01,8.7,8.7,33013.0,29004.519
600203.SH,20240913,6.05,6.07,5.84,5.89,182598.0,108161.229
600006.SH,20240913,5.8,5.81,5.67,5.7,180135.0,103559.777
600170.SH,20240913,1.92,1.94,1.9,1.93,1020527.96,196720.318
301314.SZ,20240913,29.94,29.94,28.95,29.02,5423.0,15847.867
002346.SZ,20240913,7.4,7.58,7.21,7.23,24926.0,18262.058
688689.SH,20240913,16.74,16.75,16.33,16.36,6380.24,10538.665
600626.SH,20240913,3.04,3.07,2.99,3.02,169170.0,51211.15
600729.SH,20240913,18.37,18.41,17.93,17.94,29090.0,52813.418
003037.SZ,20240913,5.0,5.17,5.0,5.03,57153.0,29054.322
002791.SZ,20240913,20.74,20.87,20.26,20.28,24513.0,50359.116
000572.SZ,20240913,3.04,3.07,3.01,3.01,159414.84,48259.63
300691.SZ,20240913,15.17,15.35,14.85,14.85,36499.0,54795.403
002526.SZ,20240913,2.11,2.11,2.07,2.08,133544.56,27916.086
301262.SZ,20240913,21.2,21.37,20.62,20.63,10813.0,22579.496
301528.SZ,20240913,35.6,35.85,33.68,33.84,9991.91,34299.488
688721.SH,20240913,26.5,26.56,25.35,25.38,33121.05,85764.64
002097.SZ,20240913,5.35,5.37,5.29,5.29,64903.0,34550.666
300261.SZ,20240913,5.33,5.34,5.23,5.26,51035.33,26868.606
002284.SZ,20240913,6.72,6.97,6.66,6.67,121360.0,82362.403
603956.SH,20240913,4.56,4.6,4.43,4.43,37713.0,16936.032
000929.SZ,20240913,6.02,6.03,5.4,5.47,89687.15,50868.657
300451.SZ,20240913,3.37,3.43,3.32,3.34,489632.25,165184.543
301396.SZ,20240913,19.18,19.46,18.76,18.78,14975.2,28609.78
920925.BJ,20240913,10.31,10.66,10.26,10.66,1365.92,1437.613
603235.SH,20240913,26.4,26.48,26.24,26.24,4166.0,10962.984
603036.SH,20240913,9.11,9.23,8.97,9.01,19802.0,17939.777
603389.SH,20240913,6.02,6.16,5.95,6.04,165000.6,99979.341
000056.SZ,20240913,1.73,1.77,1.72,1.73,141029.0,24529.105
603077.SH,20240913,1.69,1.7,1.68,1.68,294387.05,49718.52
301079.SZ,20240913,14.05,14.14,13.8,13.8,29493.0,41053.147
688617.SH,20240913,346.0,347.6,325.63,326.15,54157.7,1811512.609
688163.SH,20240913,15.47,15.7,15.1,15.2,13633.4,20998.591
603332.SH,20240913,7.01,7.01,6.82,6.84,26851.56,18477.372
605178.SH,20240913,14.2,15.35,14.2,14.78,77565.4,115329.376
301076.SZ,20240913,16.08,16.17,15.35,15.35,16517.84,25873.443
301299.SZ,20240913,37.0,37.33,36.01,36.16,5030.0,18413.275
300946.SZ,20240913,22.25,22.5,21.8,21.85,5202.4,11454.209
600959.SH,20240913,2.74,2.76,2.72,2.73,160059.83,43789.422
601229.SH,20240913,6.87,6.94,6.81,6.85,259744.24,178320.889
001319.SZ,20240913,17.1,17.96,16.7,17.89,77144.65,134922.322
603006.SH,20240913,8.93,8.96,8.63,8.66,14672.0,12811.243
920809.BJ,20240913,3.24,3.27,3.15,3.23,18693.88,6007.862
002036.SZ,20240913,7.21,7.3,6.77,6.82,1255745.48,880711.69
301323.SZ,20240913,27.61,27.82,27.11,27.22,3605.4,9899.998
002163.SZ,20240913,6.42,6.54,6.13,6.14,449031.88,285012.016
300100.SZ,20240913,12.24,12.36,12.06,12.1,79197.0,96648.242
002319.SZ,20240913,8.93,8.97,8.73,8.9,19587.0,17244.118
301220.SZ,20240913,23.22,24.2,22.86,23.54,17949.92,42430.53
002742.SZ,20240913,2.54,2.58,2.41,2.42,44319.0,10875.436
600058.SH,20240913,6.14,6.2,6.1,6.18,37079.1,22841.211
301209.SZ,20240913,21.03,21.03,20.09,20.1,15100.41,30757.296
002061.SZ,20240913,3.3,3.33,3.26,3.28,117992.34,38923.539
002864.SZ,20240913,23.53,23.62,22.98,23.03,9978.0,23177.031
600925.SH,20240913,4.9,4.91,4.84,4.84,43813.5,21361.95
002199.SZ,20240913,5.94,5.96,5.7,5.71,137391.82,79474.458
000639.SZ,20240913,2.26,2.27,2.24,2.25,68544.0,15450.247
000882.SZ,20240913,1.15,1.17,1.15,1.16,188514.73,21847.458
600438.SH,20240913,18.97,19.0,18.56,18.6,168724.02,315434.193
600511.SH,20240913,27.65,27.9,27.42,27.53,37187.55,102738.979
600570.SH,20240913,16.19,16.3,15.97,15.99,91625.04,147177.165
301329.SZ,20240913,15.71,15.84,15.22,15.24,14415.43,22241.966
301376.SZ,20240913,17.12,17.15,16.61,16.61,6531.0,10964.709
002585.SZ,20240913,4.44,4.45,4.29,4.29,70865.0,30734.057
600665.SH,20240913,2.33,2.41,2.32,2.36,233711.01,55271.136
002241.SZ,20240913,18.4,18.85,18.37,18.53,419015.14,781771.549
002596.SZ,20240913,1.85,2.03,1.75,1.88,1100004.0,207900.913
002707.SZ,20240913,6.06,6.08,5.97,5.98,122323.35,73480.782
688636.SH,20240913,19.08,19.12,18.35,18.46,9708.13,18068.383
600807.SH,20240913,2.64,2.66,2.62,2.63,44437.0,11742.557
002766.SZ,20240913,4.14,4.14,4.05,4.06,128452.0,52471.392
300513.SZ,20240913,7.57,7.59,7.4,7.44,43383.72,32431.763
688568.SH,20240913,27.2,27.56,26.91,26.98,20054.6,54546.258
300265.SZ,20240913,6.47,6.5,6.31,6.31,78936.0,50332.447
601019.SH,20240913,12.61,12.76,12.2,12.46,90983.02,113048.466
300666.SZ,20240913,48.9,49.8,48.9,49.05,21190.94,104530.951
920392.BJ,20240913,9.81,10.07,9.57,9.95,848.4,838.085
600332.SH,20240913,24.65,24.81,24.39,24.61,50571.74,124672.214
601919.SH,20240913,11.79,12.08,11.79,11.92,667808.91,798995.009
000423.SZ,20240913,45.48,46.12,45.11,45.21,51138.55,233113.53
001379.SZ,20240913,22.48,22.65,21.82,21.82,90658.85,201384.696
000537.SZ,20240913,8.0,8.04,7.89,7.92,25515.43,20286.357
002859.SZ,20240913,16.23,16.3,15.91,15.92,20175.0,32438.65
300774.SZ,20240913,7.26,7.32,7.13,7.15,39774.0,28695.878
603067.SH,20240913,10.23,10.23,10.06,10.08,40256.6,40738.617
002382.SZ,20240913,4.49,4.51,4.43,4.44,37125.0,16567.812
301469.SZ,20240913,20.44,20.46,19.7,19.72,8048.96,16110.226
001314.SZ,20240913,36.2,36.41,34.5,34.6,44951.0,158153.637
300238.SZ,20240913,9.97,11.02,9.9,10.42,366043.69,380718.348
603936.SH,20240913,6.8,6.83,6.64,6.64,80569.36,54174.595
688577.SH,20240913,28.21,28.21,27.45,27.49,4167.06,11548.154
002332.SZ,20240913,11.35,11.45,11.22,11.26,50936.5,57664.041
301041.SZ,20240913,20.84,21.2,19.55,19.55,51490.67,104268.435
603587.SH,20240913,10.45,10.5,10.28,10.28,11039.0,11465.862
600396.SH,20240913,2.12,2.31,2.11,2.31,476128.0,106675.981
300577.SZ,20240913,19.82,20.24,19.78,20.0,9411.68,18810.117
688130.SH,20240913,17.48,17.48,16.59,16.6,3921.53,6595.272
300141.SZ,20240913,7.95,7.95,7.58,7.6,52810.5,40619.217
688080.SH,20240913,24.42,24.67,23.81,23.88,11410.84,27686.33
601878.SH,20240913,10.89,11.0,10.81,10.82,297116.0,323764.862
688581.SH,20240913,49.87,49.87,48.0,48.0,5184.61,25154.647
301255.SZ,20240913,25.36,25.64,24.71,24.71,5969.4,14908.547
603016.SH,20240913,17.47,17.47,16.5,17.47,73081.52,127020.032
300378.SZ,20240913,16.6,16.75,16.29,16.33,55151.53,90886.284
002969.SZ,20240913,2.68,2.7,2.67,2.68,36749.48,9871.04
920639.BJ,20240913,3.8,3.89,3.77,3.85,7261.98,2789.07
301155.SZ,20240913,39.29,39.5,37.41,37.53,17845.0,68279.404
600461.SH,20240913,8.94,8.95,8.73,8.8,181625.28,160261.466
000762.SZ,20240913,18.74,18.82,18.15,18.15,116302.95,212655.554
300796.SZ,20240913,9.37,9.5,9.14,9.46,52312.93,48772.274
301238.SZ,20240913,13.6,13.67,12.82,12.82,89174.0,116825.307
002982.SZ,20240913,14.85,14.85,14.51,14.51,13944.4,20401.034
002940.SZ,20240913,12.99,13.03,12.61,12.61,12702.45,16230.863
300986.SZ,20240913,7.26,7.37,7.21,7.21,19413.87,14097.97
002566.SZ,20240913,6.06,6.1,5.98,6.0,22532.0,13589.711
002571.SZ,20240913,4.03,4.13,3.96,3.97,75113.0,30191.405
002790.SZ,20240913,6.4,6.45,6.3,6.33,36046.0,22876.976
688698.SH,20240913,23.9,23.9,23.25,23.3,11352.49,26660.827
000570.SZ,20240913,4.4,4.41,4.26,4.26,103413.0,44556.262
600584.SH,20240913,29.01,29.87,28.89,28.96,233389.31,684909.532
603890.SH,20240913,8.58,8.65,8.28,8.34,136822.0,115142.739
000920.SZ,20240913,7.63,7.63,7.49,7.5,23867.78,18023.091
605088.SH,20240913,17.53,17.61,17.1,17.14,14487.0,25006.099
301061.SZ,20240913,51.78,52.79,51.03,51.23,8226.8,42521.086
688596.SH,20240913,24.92,24.93,24.18,24.2,14826.38,36451.191
688535.SH,20240913,48.99,49.46,47.68,47.73,11510.53,55828.911
002843.SZ,20240913,12.9,12.98,11.86,11.86,191049.85,234479.85
601788.SH,20240913,14.18,14.34,14.14,14.14,74616.16,106179.662
300166.SZ,20240913,6.32,6.39,6.16,6.17,373551.17,232752.831
300827.SZ,20240913,35.56,35.71,34.54,34.55,82084.49,287046.644
000890.SZ,20240913,2.56,2.6,2.54,2.58,68031.0,17492.953
688450.SH,20240913,18.06,18.06,17.55,17.55,1711.27,3033.75
601777.SH,20240913,3.91,4.12,3.84,3.96,464373.51,185469.542
300453.SZ,20240913,6.17,6.23,6.04,6.06,29212.57,17853.297
300676.SZ,20240913,34.89,35.06,34.38,34.4,11088.0,38376.467
600429.SH,20240913,3.63,3.65,3.59,3.61,25787.0,9340.814
603101.SH,20240913,4.49,4.53,4.41,4.43,16161.0,7201.757
002532.SZ,20240913,6.24,6.34,6.2,6.21,426805.99,267376.442
300024.SZ,20240913,9.28,9.32,9.17,9.18,68639.08,63334.658
603408.SH,20240913,10.75,10.86,10.5,10.51,19215.0,20388.491
300348.SZ,20240913,7.69,7.76,7.53,7.56,145406.5,110769.131
688500.SH,20240913,31.7,32.3,30.5,31.09,7430.14,23278.023
688338.SH,20240913,20.61,20.68,20.1,20.11,3660.0,7445.706
300491.SZ,20240913,13.89,13.99,13.22,13.25,49514.5,66741.884
000911.SZ,20240913,6.45,6.49,6.39,6.42,25024.0,16145.344
002492.SZ,20240913,4.19,4.19,4.13,4.13,14521.0,6028.636
300061.SZ,20240913,6.63,7.39,6.57,6.78,1592246.88,1098948.294
603535.SH,20240913,8.73,8.75,8.61,8.63,6685.59,5791.57
688191.SH,20240913,15.35,15.78,15.16,15.16,8073.78,12453.865
688126.SH,20240913,13.7,13.8,13.34,13.65,72434.25,98023.659
300619.SZ,20240913,25.7,25.98,24.05,24.77,91370.66,226903.999
300819.SZ,20240913,10.4,10.46,10.2,10.2,6806.0,6993.831
688253.SH,20240913,37.45,37.89,36.71,36.96,9650.32,35786.595
688216.SH,20240913,15.24,15.25,14.42,14.54,16663.55,24381.448
688363.SH,20240913,46.73,46.88,45.6,46.55,13128.62,60705.506
688659.SH,20240913,5.41,5.42,5.25,5.26,14361.61,7643.916
300578.SZ,20240913,13.22,13.49,12.8,12.83,49164.13,64653.153
301252.SZ,20240913,22.92,23.0,22.25,22.25,7180.45,16162.676
600754.SH,20240913,22.89,22.99,22.42,22.57,64736.0,146739.88
301248.SZ,20240913,12.3,12.33,11.8,11.82,21900.5,26287.439
600876.SH,20240913,8.8,8.93,8.6,8.6,37225.84,32462.823
601136.SH,20240913,17.46,17.64,17.07,17.09,205587.55,356871.849
002488.SZ,20240913,7.37,7.77,7.31,7.77,263295.09,199609.656
300213.SZ,20240913,6.08,6.14,5.96,5.97,187855.0,113441.604
689009.SH,20240913,44.9,46.4,42.75,42.75,382921.38,1686676.951
920057.BJ,20240913,3.03,3.13,3.01,3.08,5144.81,1579.209
000401.SZ,20240913,4.26,4.33,4.24,4.24,52618.0,22494.124
002903.SZ,20240913,14.54,14.63,14.18,14.22,25384.0,36368.425
603615.SH,20240913,13.5,13.66,12.93,12.97,25873.0,34167.17
300997.SZ,20240913,10.16,10.16,9.85,9.87,30069.0,29982.895
002060.SZ,20240913,3.12,3.13,3.08,3.09,67159.02,20846.558
600581.SH,20240913,2.47,2.52,2.47,2.49,97089.87,24274.245
002463.SZ,20240913,31.66,34.15,31.66,33.97,712509.71,2394044.589
688510.SH,20240913,13.73,13.77,13.42,13.42,16422.56,22283.165
000785.SZ,20240913,2.3,2.33,2.27,2.28,191485.09,44059.301
300879.SZ,20240913,13.3,13.55,13.25,13.26,31080.08,41500.152
003040.SZ,20240913,9.71,9.73,9.42,9.45,35149.0,33550.818
000736.SZ,20240913,7.43,8.16,7.42,8.16,563472.97,452908.791
001287.SZ,20240913,16.08,16.08,15.49,15.51,110257.03,173075.473
300285.SZ,20240913,14.61,14.65,14.34,14.38,61071.81,88211.073
603898.SH,20240913,7.14,7.18,6.97,6.97,7883.0,5569.451
600017.SH,20240913,2.6,2.63,2.59,2.6,198325.0,51733.523
301156.SZ,20240913,11.3,11.3,10.93,10.95,11119.2,12293.357
605081.SH,20240913,11.29,11.52,10.95,11.28,51575.1,57872.142
301261.SZ,20240913,33.16,33.37,31.83,32.0,11633.16,37544.048
301315.SZ,20240913,31.88,32.31,30.92,30.95,27894.69,88091.872
601778.SH,20240913,2.34,2.35,2.31,2.32,122450.0,28524.004
603725.SH,20240913,5.59,5.69,5.49,5.5,22543.36,12565.442
002204.SZ,20240913,3.95,3.97,3.91,3.93,92942.52,36668.599
600302.SH,20240913,3.72,3.98,3.67,3.8,142826.01,54723.842
002187.SZ,20240913,4.18,4.24,4.15,4.18,37419.0,15714.4
600488.SH,20240913,3.78,3.8,3.73,3.75,36907.0,13890.424
002289.SZ,20240913,3.1,3.12,2.91,2.94,44812.77,13409.984
002870.SZ,20240913,28.89,28.89,27.91,27.91,7258.0,20422.986
920419.BJ,20240913,7.07,7.23,7.0,7.03,1981.15,1400.516
300345.SZ,20240913,6.21,6.26,6.07,6.07,18774.0,11495.853
601825.SH,20240913,6.68,6.7,6.56,6.58,149028.09,98709.653
300589.SZ,20240913,10.37,10.48,10.33,10.39,27048.47,28114.618
600238.SH,20240913,7.14,7.14,6.85,6.9,95560.98,66349.38
600020.SH,20240913,3.68,3.73,3.67,3.68,75038.01,27732.406
688716.SH,20240913,16.63,16.63,16.03,16.05,3708.1,5997.233
603280.SH,20240913,18.67,18.75,18.21,18.27,5818.0,10736.515
688169.SH,20240913,237.28,244.0,235.58,237.03,21482.66,515737.751
603188.SH,20240913,2.76,2.9,2.63,2.67,542160.0,149544.436
603073.SH,20240913,13.0,13.06,12.61,12.63,5233.3,6672.288
000860.SZ,20240913,14.56,14.62,14.3,14.3,60285.59,87086.415
603682.SH,20240913,3.69,3.75,3.65,3.66,40994.0,15192.129
300194.SZ,20240913,3.8,3.82,3.74,3.75,108859.03,41099.878
601113.SH,20240913,2.91,2.93,2.88,2.88,61517.0,17852.34
920982.BJ,20240913,160.0,160.49,151.0,151.9,5839.34,90231.138
301596.SZ,20240913,59.2,59.4,57.93,57.93,6867.0,40131.242
301017.SZ,20240913,10.15,10.18,9.55,9.58,118426.33,116205.958
000966.SZ,20240913,3.97,4.01,3.95,3.96,76099.13,30301.63
300424.SZ,20240913,11.29,11.37,11.05,11.05,42174.0,47086.968
600662.SH,20240913,4.1,4.25,3.98,4.16,566043.27,231431.025
000557.SZ,20240913,3.87,3.93,3.87,3.91,74749.0,29175.52
300937.SZ,20240913,18.77,19.18,18.59,18.61,11278.0,21186.387
601188.SH,20240913,3.02,3.02,2.97,2.97,114435.65,34192.697
603530.SH,20240913,21.5,21.73,20.92,20.97,38453.36,81725.218
301316.SZ,20240913,14.8,14.82,14.05,14.05,115118.3,164432.587
000822.SZ,20240913,4.79,4.79,4.69,4.71,35314.0,16721.059
603378.SH,20240913,6.84,6.93,6.66,6.66,44619.05,30305.161
000930.SZ,20240913,4.56,4.59,4.54,4.54,62272.0,28366.554
002320.SZ,20240913,4.84,4.85,4.76,4.77,98709.95,47330.111
000766.SZ,20240913,13.97,14.08,13.57,13.57,128205.0,177561.192
600833.SH,20240913,10.64,10.76,10.56,10.68,15039.1,16069.849
300088.SZ,20240913,4.69,4.73,4.63,4.63,661536.63,308965.019
605006.SH,20240913,4.45,4.46,4.09,4.13,81097.36,34118.586
601968.SH,20240913,4.32,4.54,4.3,4.37,77554.99,34376.934
300096.SZ,20240913,2.76,2.79,2.69,2.69,97154.4,26513.423
301016.SZ,20240913,17.38,17.6,17.1,17.12,49486.57,85346.51
002312.SZ,20240913,7.65,7.73,7.48,7.5,398818.0,302173.417
002052.SZ,20240913,1.8,1.87,1.78,1.83,268255.0,48401.797
920779.BJ,20240913,17.15,17.68,16.93,17.3,1411.61,2436.423
300931.SZ,20240913,5.03,5.08,4.95,4.95,17960.0,8987.409
605058.SH,20240913,17.29,17.29,16.94,16.94,9971.5,17004.857
300257.SZ,20240913,7.66,7.7,7.5,7.51,32521.0,24573.516
601117.SH,20240913,6.35,6.36,6.21,6.22,205369.21,129101.807
300615.SZ,20240913,9.83,10.0,9.28,9.3,124041.16,118869.194
603290.SH,20240913,71.06,71.18,69.0,69.03,31934.93,222704.151
600814.SH,20240913,5.7,5.75,5.65,5.7,27276.1,15575.583
301221.SZ,20240913,31.26,31.5,30.32,30.34,10445.6,32051.693
000032.SZ,20240913,13.04,13.17,12.7,12.78,118471.89,153494.487
603738.SH,20240913,12.44,12.48,12.26,12.26,37755.49,46610.28
000544.SZ,20240913,6.97,7.05,6.93,6.96,30341.0,21218.371
300904.SZ,20240913,38.29,38.29,36.22,36.42,8138.91,30081.713
603709.SH,20240913,8.18,8.18,8.0,8.01,10443.18,8443.194
920706.BJ,20240913,7.98,8.24,7.94,8.15,5356.06,4344.042
300688.SZ,20240913,21.37,22.28,21.35,21.82,25058.0,54321.309
301507.SZ,20240913,11.14,11.2,10.83,10.85,47888.28,52675.954
000880.SZ,20240913,8.55,8.75,8.54,8.57,80796.75,69774.241
002970.SZ,20240913,32.9,33.18,32.53,32.7,18253.0,59945.902
002780.SZ,20240913,9.12,9.19,8.76,8.78,41699.0,37237.528
600265.SH,20240913,13.28,13.3,13.13,13.18,2387.0,3152.336
300154.SZ,20240913,5.0,5.01,4.88,4.88,22259.02,10937.23
920344.BJ,20240913,14.07,14.38,14.05,14.26,2571.94,3654.479
002169.SZ,20240913,4.42,4.47,4.29,4.29,344400.12,150417.447
600676.SH,20240913,3.23,3.26,3.08,3.11,253617.0,79842.974
603186.SH,20240913,22.32,22.65,21.69,21.7,48279.0,106581.739
600683.SH,20240913,3.6,3.85,3.6,3.71,271104.42,101007.739
003042.SZ,20240913,11.38,11.38,11.19,11.21,7861.1,8838.855
002715.SZ,20240913,9.7,10.05,9.45,9.68,51326.03,49991.638
600846.SH,20240913,6.79,6.93,6.78,6.92,34768.7,23903.548
000633.SZ,20240913,4.43,4.45,4.24,4.25,157824.0,68020.405
002967.SZ,20240913,12.5,12.53,12.18,12.18,51892.0,63813.648
688560.SH,20240913,10.5,10.56,10.31,10.38,15044.06,15614.646
600630.SH,20240913,7.15,7.32,7.13,7.14,106596.48,76737.523
600312.SH,20240913,18.26,18.66,18.06,18.5,153376.89,283188.882
002567.SZ,20240913,4.7,4.72,4.63,4.63,248334.18,116016.061
688511.SH,20240913,10.15,10.2,9.95,9.96,7865.01,7867.498
300711.SZ,20240913,13.75,13.9,13.46,13.47,42997.4,58621.177
000065.SZ,20240913,8.22,8.32,8.2,8.2,51231.5,42257.738
300840.SZ,20240913,8.17,8.23,7.97,7.99,76217.0,61629.134
688707.SH,20240913,8.46,8.51,8.13,8.22,85577.26,70384.971
688505.SH,20240913,6.73,6.76,6.61,6.62,11114.36,7410.046
600330.SH,20240913,5.86,5.88,5.73,5.73,60231.61,34814.733
300146.SZ,20240913,10.81,10.88,10.73,10.75,81972.8,88546.665
300281.SZ,20240913,4.48,4.49,4.35,4.37,110302.0,48609.5
600012.SH,20240913,15.2,15.38,14.76,14.79,35213.0,52963.373
300267.SZ,20240913,2.22,2.28,2.21,2.26,300993.5,67798.087
920346.BJ,20240913,10.85,11.17,10.57,10.83,10261.71,11166.431
301370.SZ,20240913,9.1,9.63,9.02,9.27,70992.09,66196.679
002155.SZ,20240913,15.05,15.16,14.79,14.79,351536.1,526095.18
301057.SZ,20240913,11.8,11.89,11.51,11.67,31146.36,36514.875
002295.SZ,20240913,5.02,5.02,4.86,4.87,26016.0,12816.573
300020.SZ,20240913,1.96,1.98,1.93,1.95,237596.09,46416.672
300369.SZ,20240913,5.5,5.57,5.36,5.43,286618.68,156046.862
001324.SZ,20240913,14.91,14.96,14.58,14.59,7322.31,10787.055
603187.SH,20240913,9.56,9.6,9.31,9.33,23997.72,22646.886
301045.SZ,20240913,16.23,16.33,15.8,15.81,13781.0,22070.239
002545.SZ,20240913,5.77,5.8,5.71,5.73,58807.52,33825.681
000672.SZ,20240913,6.06,6.12,6.05,6.05,18293.4,11124.321
300962.SZ,20240913,12.56,12.63,12.26,12.26,8090.95,10040.229
002135.SZ,20240913,3.6,3.62,3.56,3.56,28752.0,10301.827
688370.SH,20240913,15.68,15.79,15.47,15.48,1460.15,2270.788
603636.SH,20240913,8.76,8.76,8.3,8.31,467025.35,394680.61
002681.SZ,20240913,3.77,3.87,3.74,3.74,696551.96,264183.23
603306.SH,20240913,18.63,18.81,17.78,17.84,321129.67,580033.982
001286.SZ,20240913,8.8,8.87,8.71,8.73,80401.17,70628.823
000652.SZ,20240913,3.06,3.11,3.04,3.07,62252.61,19170.229
000506.SZ,20240913,1.32,1.41,1.3,1.3,957039.68,127525.817
688030.SH,20240913,9.94,10.02,9.76,9.83,8394.37,8255.29
300523.SZ,20240913,14.78,15.05,14.67,14.75,12948.2,19187.539
601827.SH,20240913,7.8,7.92,7.73,7.76,26912.42,21065.141
300898.SZ,20240913,15.8,15.8,15.31,15.31,7831.35,12119.595
301001.SZ,20240913,18.89,18.92,18.12,18.44,35576.88,65915.325
301190.SZ,20240913,12.65,12.65,12.43,12.46,3765.41,4702.87
300474.SZ,20240913,54.2,54.28,52.7,52.7,28897.5,154470.904
000688.SZ,20240913,9.13,9.18,8.88,8.89,26422.0,23761.164
603356.SH,20240913,11.39,11.55,11.21,11.24,10327.95,11732.431
002602.SZ,20240913,3.26,3.31,3.21,3.22,626679.78,204062.642
603326.SH,20240913,5.1,5.22,5.05,5.16,53088.0,27212.144
002226.SZ,20240913,3.65,3.85,3.62,3.7,330141.9,122861.954
002920.SZ,20240913,90.5,91.22,89.02,89.84,38862.95,350309.017
300292.SZ,20240913,3.36,3.38,3.26,3.28,389908.04,128724.099
688435.SH,20240913,19.85,20.15,19.06,19.44,7613.94,14923.721
301031.SZ,20240913,75.5,75.68,71.56,71.85,5544.0,40337.103
605056.SH,20240913,9.63,9.63,9.35,9.38,18675.0,17665.098
605116.SH,20240913,22.61,22.71,22.1,22.16,8742.0,19556.206
300658.SZ,20240913,4.41,4.45,4.3,4.32,26090.0,11368.618
600192.SH,20240913,4.69,4.87,4.61,4.74,340865.0,160770.058
300328.SZ,20240913,6.07,6.4,5.9,5.92,715593.75,441506.373
002986.SZ,20240913,10.28,10.34,10.17,10.19,17554.44,17972.16
603516.SH,20240913,25.58,26.85,25.58,26.03,79121.0,208284.379
002412.SZ,20240913,5.14,5.17,5.07,5.07,39981.34,20455.071
688662.SH,20240913,21.29,21.39,20.63,20.79,4890.67,10209.541
000993.SZ,20240913,7.74,7.84,7.66,7.8,45056.33,34900.08
600007.SH,20240913,23.4,23.69,23.04,23.26,45223.0,105658.637
300872.SZ,20240913,10.67,10.99,10.56,10.6,73049.48,78304.7
000776.SZ,20240913,12.33,12.43,12.25,12.35,217024.08,268276.642
603309.SH,20240913,10.55,10.56,10.19,10.19,25493.0,26339.394
002230.SZ,20240913,34.2,34.4,33.8,33.82,130730.8,445507.614
600821.SH,20240913,5.04,5.04,4.99,5.0,44796.0,22448.633
001258.SZ,20240913,5.79,5.79,5.71,5.71,20050.88,11521.043
600641.SH,20240913,9.38,9.47,9.27,9.27,42319.53,39546.192
000061.SZ,20240913,5.28,5.31,5.23,5.28,31429.0,16580.92
601599.SH,20240913,2.99,3.04,2.96,2.99,91605.0,27442.905
600313.SH,20240913,5.23,5.28,5.19,5.25,51634.78,27056.628
688171.SH,20240913,12.34,12.34,11.97,12.04,3904.43,4728.634
300129.SZ,20240913,6.63,6.75,6.48,6.55,84728.55,55843.332
603159.SH,20240913,9.21,9.24,9.06,9.06,7858.0,7170.341
000815.SZ,20240913,7.39,7.46,7.24,7.26,182491.0,133692.071
603639.SH,20240913,10.75,10.76,10.36,10.36,20692.0,21771.551
688002.SH,20240913,26.43,26.72,26.16,26.16,29782.62,78676.29
601086.SH,20240913,3.62,3.7,3.56,3.57,83889.93,30346.411
002736.SZ,20240913,8.59,8.76,8.55,8.65,232685.35,202187.828
600649.SH,20240913,3.08,3.14,3.07,3.1,164998.43,51270.587
603855.SH,20240913,15.93,15.95,15.35,15.4,22866.41,35496.519
920593.BJ,20240913,13.81,14.44,13.52,14.0,14894.3,20805.495
688362.SH,20240913,17.19,17.29,16.71,16.71,22161.1,37573.08
688651.SH,20240913,24.79,24.79,23.44,23.7,3604.77,8692.021
920839.BJ,20240913,9.16,9.42,8.97,9.21,1959.54,1796.421
600792.SH,20240913,2.99,2.99,2.94,2.95,39178.01,11621.716
002056.SZ,20240913,11.94,11.97,11.4,11.62,103516.21,121072.51
002810.SZ,20240913,11.29,11.45,11.02,11.23,27861.89,31299.05
600448.SH,20240913,2.0,2.05,1.98,2.02,149388.44,30232.657
603607.SH,20240913,13.13,13.13,12.7,12.74,61773.8,79637.092
600256.SH,20240913,5.77,5.82,5.75,5.77,230459.26,133195.871
300556.SZ,20240913,16.1,16.11,15.71,15.72,44675.0,70793.857
301413.SZ,20240913,34.2,34.53,32.5,32.51,12981.2,43007.413
688321.SH,20240913,16.22,16.32,15.79,15.82,15465.46,24695.318
600056.SH,20240913,9.82,9.83,9.69,9.7,53128.4,51727.898
300437.SZ,20240913,8.08,8.13,7.8,7.8,22951.0,18177.114
688225.SH,20240913,11.16,11.37,11.0,11.07,9782.82,10916.865
600545.SH,20240913,1.41,1.42,1.37,1.38,167580.01,23264.105
000598.SZ,20240913,6.34,6.44,6.27,6.36,154730.49,98772.122
600636.SH,20240913,7.32,7.47,7.3,7.33,56341.0,41553.898
603616.SH,20240913,2.81,2.84,2.8,2.8,42494.0,11975.935
601872.SH,20240913,6.37,6.47,6.31,6.42,370507.37,237528.692
003017.SZ,20240913,15.41,15.54,15.1,15.16,4949.0,7548.853
605158.SH,20240913,6.16,6.23,6.15,6.16,25307.0,15647.446
002262.SZ,20240913,24.81,25.18,24.51,24.8,52397.26,130307.385
688307.SH,20240913,17.93,18.07,17.11,17.14,6764.43,11749.171
603083.SH,20240913,27.21,28.08,27.15,27.35,236796.61,655158.848
688391.SH,20240913,25.03,25.88,25.01,25.33,4598.81,11739.722
600819.SH,20240913,4.34,4.36,4.3,4.31,47679.0,20621.507
603353.SH,20240913,11.12,11.17,10.91,10.91,12221.0,13449.904
301362.SZ,20240913,31.6,31.6,30.41,30.42,2877.44,8831.365
002823.SZ,20240913,13.3,13.35,12.73,12.75,247261.14,319309.086
603272.SH,20240913,8.64,8.68,8.53,8.58,11000.0,9456.855
603232.SH,20240913,10.32,10.41,10.07,10.07,92852.35,94644.968
605188.SH,20240913,6.05,6.07,5.91,5.93,26437.0,15793.901
601238.SH,20240913,7.26,7.28,7.13,7.15,81157.4,58263.721
688778.SH,20240913,27.32,27.32,26.2,26.2,13804.18,36829.921
688172.SH,20240913,12.32,12.4,12.19,12.2,14621.48,17963.865
002451.SZ,20240913,5.14,5.16,4.99,5.02,45025.0,22761.185
300327.SZ,20240913,17.57,17.57,17.13,17.13,20027.11,34641.046
603688.SH,20240913,23.26,23.33,22.2,22.22,57765.5,130734.304
600560.SH,20240913,11.84,12.13,11.64,11.88,47644.0,56904.401
300072.SZ,20240913,1.88,2.24,1.84,2.24,942971.49,198822.338
300682.SZ,20240913,8.97,9.06,8.76,8.79,123229.49,109353.6
301049.SZ,20240913,19.26,19.55,18.82,18.82,22817.9,43651.349
002506.SZ,20240913,1.83,1.84,1.78,1.79,337691.0,60993.287
002188.SZ,20240913,4.01,4.06,3.99,3.99,42908.0,17268.417
002383.SZ,20240913,5.91,5.91,5.7,5.7,219424.0,126547.005
300922.SZ,20240913,11.7,11.8,11.47,11.47,16438.0,19060.667
000601.SZ,20240913,3.45,3.45,3.4,3.43,25331.0,8681.188
301233.SZ,20240913,34.0,34.14,33.03,33.06,4196.0,14039.352
301087.SZ,20240913,31.16,31.38,30.8,30.85,7900.6,24578.493
600100.SH,20240913,4.92,4.92,4.81,4.81,206992.02,100377.107
000524.SZ,20240913,8.29,8.39,8.22,8.25,38595.44,32020.89
300803.SZ,20240913,34.3,34.83,33.85,34.0,56103.0,192434.077
600025.SH,20240913,10.49,10.5,10.35,10.41,203811.15,212703.106
920089.BJ,20240913,8.48,8.58,8.35,8.47,2394.04,2032.518
688210.SH,20240913,18.8,18.8,18.21,18.37,11923.32,21912.215
300107.SZ,20240913,8.47,8.61,8.0,8.02,322520.94,265792.019
300947.SZ,20240913,12.9,13.29,12.82,12.9,48571.9,63560.591
600308.SH,20240913,3.04,3.04,3.0,3.01,29304.78,8857.377
000909.SZ,20240913,3.31,3.36,3.3,3.32,26644.0,8878.466
688680.SH,20240913,25.6,25.6,24.36,24.39,15013.26,37123.683
688332.SH,20240913,45.72,45.73,44.78,44.89,5150.02,23304.147
603612.SH,20240913,10.31,10.4,10.06,10.09,33980.0,34603.947
002570.SZ,20240913,2.44,2.44,2.38,2.4,109973.99,26489.573
603238.SH,20240913,9.19,9.27,9.07,9.1,8587.0,7835.58
688657.SH,20240913,29.35,29.35,27.9,28.05,3789.36,10759.901
603206.SH,20240913,12.26,12.42,12.12,12.14,27584.0,33761.275
920185.BJ,20240913,13.74,14.12,13.65,13.89,14131.66,19618.539
300642.SZ,20240913,12.29,12.51,12.15,12.18,44898.1,55186.676
688469.SH,20240913,3.39,3.44,3.35,3.38,261496.86,88522.912
603729.SH,20240913,11.84,11.93,11.58,11.58,25950.0,30321.065
603087.SH,20240913,38.5,38.86,38.0,38.05,31706.0,121431.678
300719.SZ,20240913,14.49,14.68,14.13,14.15,54388.0,77719.426
600350.SH,20240913,9.12,9.33,9.07,9.28,160041.3,148016.33
301195.SZ,20240913,25.67,25.9,24.88,24.99,13945.88,35248.727
688272.SH,20240913,12.84,12.85,12.42,12.79,3422.18,4310.997
300835.SZ,20240913,22.13,22.28,21.56,21.62,14411.2,31485.53
603336.SH,20240913,3.13,3.16,3.1,3.11,85718.05,26862.786
301176.SZ,20240913,16.46,16.65,16.22,16.26,17920.0,29412.25
000561.SZ,20240913,6.57,6.6,6.3,6.35,183975.6,117964.719
003026.SZ,20240913,29.5,29.89,28.7,28.82,89869.8,261396.714
301386.SZ,20240913,17.8,17.81,17.21,17.3,8362.95,14567.587
300260.SZ,20240913,16.51,16.65,16.13,16.13,43743.82,71440.074
002550.SZ,20240913,5.08,5.09,5.01,5.01,81922.0,41286.452
688314.SH,20240913,23.79,23.86,23.37,23.47,5565.19,13148.923
300018.SZ,20240913,4.89,4.94,4.78,4.79,53248.72,25709.485
601108.SH,20240913,6.42,6.5,6.4,6.42,266178.29,171584.143
300113.SZ,20240913,10.41,10.48,10.2,10.22,82067.0,84600.348
600281.SH,20240913,3.09,3.1,2.94,2.98,247248.98,73821.997
688041.SH,20240913,76.08,78.72,76.08,77.98,123867.18,959933.047
300478.SZ,20240913,7.12,7.15,6.97,7.0,24053.0,16970.956
605358.SH,20240913,18.78,18.88,18.34,18.34,33546.56,62100.219
002129.SZ,20240913,7.91,7.94,7.69,7.7,419108.8,327116.054
002484.SZ,20240913,12.6,12.75,12.38,12.41,53661.85,67133.39
603040.SH,20240913,19.75,19.77,19.34,19.36,9138.24,17825.992
002356.SZ,20240913,2.73,2.74,2.65,2.66,41260.14,11043.117
600029.SH,20240913,5.43,5.45,5.35,5.41,236401.75,127650.125
603130.SH,20240913,17.3,17.41,17.1,17.11,2193.0,3772.122
600470.SH,20240913,4.08,4.08,4.02,4.03,33683.0,13640.306
601339.SH,20240913,4.53,4.58,4.52,4.54,18283.0,8312.33
001210.SZ,20240913,11.02,11.06,10.9,10.9,7243.04,7948.944
000906.SZ,20240913,4.54,4.54,4.37,4.39,197217.98,87406.777
301107.SZ,20240913,21.31,21.43,20.9,21.0,3478.0,7340.357
688620.SH,20240913,6.56,6.63,6.43,6.54,10562.54,6915.279
688120.SH,20240913,126.75,130.88,124.6,125.81,11810.62,150175.968
920892.BJ,20240913,7.3,7.54,7.25,7.4,5665.26,4170.553
600620.SH,20240913,4.7,4.74,4.59,4.61,50499.0,23431.247
301356.SZ,20240913,13.41,13.67,12.71,12.74,27637.52,36198.838
002315.SZ,20240913,23.59,23.81,23.32,23.32,31617.49,74277.241
688207.SH,20240913,10.42,10.42,9.98,9.98,22213.32,22482.307
300047.SZ,20240913,8.11,8.88,8.11,8.39,1137504.49,964142.995
603922.SH,20240913,14.19,14.42,13.75,14.1,18570.21,26261.807
002267.SZ,20240913,6.41,6.48,6.39,6.42,47307.84,30399.873
300509.SZ,20240913,4.91,4.91,4.76,4.79,21557.0,10397.036
300183.SZ,20240913,12.34,12.68,12.25,12.32,66211.0,82563.253
002565.SZ,20240913,2.52,2.52,2.45,2.45,252843.8,62634.127
000157.SZ,20240913,5.85,5.88,5.75,5.75,349447.44,202791.206
300388.SZ,20240913,5.46,5.51,5.39,5.46,19441.8,10603.859
600621.SH,20240913,12.3,12.52,11.94,12.15,215729.47,263876.319
600784.SH,20240913,4.69,4.69,4.62,4.62,19491.0,9063.331
600159.SH,20240913,2.1,2.17,2.09,2.13,243828.0,52099.563
688387.SH,20240913,5.14,5.18,5.1,5.1,65261.48,33506.903
002207.SZ,20240913,4.5,4.91,4.41,4.91,298951.02,141254.823
920239.BJ,20240913,16.47,16.75,16.11,16.5,8716.34,14325.155
688388.SH,20240913,8.77,8.77,8.4,8.4,61587.89,52313.172
603209.SH,20240913,13.88,13.98,13.6,13.66,10592.8,14596.697
002816.SZ,20240913,10.0,10.85,9.48,9.89,107507.46,110441.571
603008.SH,20240913,13.69,13.7,13.34,13.38,35201.44,47341.514
300507.SZ,20240913,5.15,5.17,4.93,4.95,163238.81,81838.766
301428.SZ,20240913,24.3,24.79,23.91,23.91,12272.14,29777.122
600420.SH,20240913,10.1,10.19,10.04,10.08,62545.57,63228.459
300670.SZ,20240913,5.4,5.41,5.26,5.31,160810.0,85250.986
601139.SH,20240913,6.27,6.3,6.22,6.28,56774.26,35591.819
300349.SZ,20240913,10.4,10.45,10.16,10.16,46569.8,47822.566
300493.SZ,20240913,8.19,8.4,8.09,8.27,78712.59,64838.14
600095.SH,20240913,5.96,6.01,5.9,5.9,136122.0,81078.433
600329.SH,20240913,26.49,26.93,26.19,26.4,26819.7,71192.811
920195.BJ,20240913,6.62,6.79,6.44,6.67,6526.79,4324.998
600223.SH,20240913,6.01,6.03,5.91,5.92,46053.0,27472.443
002971.SZ,20240913,14.95,15.09,14.46,14.48,10954.8,15953.243
600188.SH,20240913,13.09,13.12,12.78,12.8,201625.9,261192.818
688466.SH,20240913,10.69,10.77,10.41,10.52,2364.69,2506.106
300809.SZ,20240913,17.97,18.27,17.66,18.03,21603.8,38676.133
688393.SH,20240913,14.52,14.7,14.3,14.3,2465.77,3561.095
601096.SH,20240913,4.1,4.33,4.0,4.12,1319190.55,550433.828
300659.SZ,20240913,12.39,12.66,12.27,12.3,40677.64,50418.793
300464.SZ,20240913,4.09,4.09,3.78,3.87,355327.4,137598.819
002270.SZ,20240913,16.4,16.42,14.83,14.89,267592.96,412707.789
300795.SZ,20240913,13.4,13.4,13.02,13.02,9711.0,12793.724
601009.SH,20240913,9.84,9.98,9.8,9.91,281748.58,279453.726
002856.SZ,20240913,6.63,7.13,6.54,6.74,82367.51,56196.406
920152.BJ,20240913,7.68,7.85,7.54,7.74,4149.9,3184.115
601985.SH,20240913,9.8,9.85,9.71,9.72,589767.32,576190.682
002335.SZ,20240913,19.31,19.43,18.84,18.87,56744.06,108123.608
688052.SH,20240913,85.98,86.39,83.12,84.19,8613.78,72923.27
688480.SH,20240913,23.31,23.32,22.61,22.67,3425.02,7824.691
001205.SZ,20240913,14.89,15.01,14.38,14.39,8255.67,12114.82
601818.SH,20240913,3.05,3.08,3.02,3.04,1199372.74,366068.296
600075.SH,20240913,3.74,3.74,3.68,3.7,34529.0,12795.592
688663.SH,20240913,17.15,17.16,16.6,16.63,11950.1,20057.494
920008.BJ,20240913,17.7,18.93,17.1,17.73,60344.7,108419.324
002516.SZ,20240913,3.85,3.91,3.8,3.86,123412.0,47672.428
600163.SH,20240913,4.25,4.28,4.22,4.25,68418.0,29088.802
300687.SZ,20240913,12.88,12.94,12.56,12.57,83226.0,105738.396
300527.SZ,20240913,6.79,6.91,6.75,6.85,151981.05,104052.052
301266.SZ,20240913,28.91,29.22,27.88,28.06,21237.72,59994.578
301024.SZ,20240913,18.92,19.04,18.51,18.55,6172.0,11564.602
002696.SZ,20240913,3.8,3.81,3.74,3.77,24237.3,9150.048
920169.BJ,20240913,6.03,6.28,5.78,6.09,50794.8,30643.21
688201.SH,20240913,6.63,6.63,6.32,6.36,43920.29,28388.894
600963.SH,20240913,3.72,3.82,3.68,3.76,224522.48,84195.842
300673.SZ,20240913,11.91,11.98,11.7,11.7,14816.6,17492.008
002073.SZ,20240913,6.78,6.81,6.64,6.68,131546.0,88231.154
300071.SZ,20240913,2.36,2.65,2.32,2.5,663309.03,165942.846
605018.SH,20240913,7.16,7.19,7.0,7.0,14445.84,10241.135
002316.SZ,20240913,2.62,2.71,2.6,2.66,144174.88,38355.173
688507.SH,20240913,42.3,42.3,40.51,40.51,3560.9,14646.795
600616.SH,20240913,4.47,4.47,4.39,4.39,21301.0,9411.403
301239.SZ,20240913,30.12,30.12,29.0,29.1,12989.0,38354.103
002930.SZ,20240913,9.58,9.61,9.41,9.42,17694.12,16747.194
001313.SZ,20240913,6.58,6.58,6.33,6.34,22244.0,14180.766
920139.BJ,20240913,6.94,7.33,6.79,7.08,14402.4,10125.811
301219.SZ,20240913,35.12,35.49,34.5,34.5,17550.98,61168.131
301517.SZ,20240913,41.22,41.22,40.12,40.12,16417.82,66548.692
688520.SH,20240913,33.3,33.58,32.19,32.29,11021.97,36040.176
920786.BJ,20240913,4.36,4.47,4.31,4.39,13462.03,5916.381
300838.SZ,20240913,9.95,9.95,9.58,9.61,7962.0,7713.426
300620.SZ,20240913,33.22,33.37,32.01,32.01,46564.5,151755.233
603132.SH,20240913,10.78,10.83,10.55,10.55,13748.52,14641.772
688548.SH,20240913,7.21,7.23,7.08,7.11,16821.96,11993.107
001965.SZ,20240913,11.79,11.99,11.67,11.78,157256.38,186096.38
603987.SH,20240913,6.04,6.05,5.93,5.95,28344.98,16930.59
002632.SZ,20240913,6.9,6.94,6.71,6.72,108534.0,73716.421
001301.SZ,20240913,41.51,41.88,40.01,40.09,17097.0,69589.566
688151.SH,20240913,12.88,13.38,12.8,12.89,15885.65,20728.523
002717.SZ,20240913,1.39,1.49,1.37,1.49,2451185.55,356601.423
001378.SZ,20240913,20.9,21.03,20.2,20.22,8061.05,16490.609
002217.SZ,20240913,1.3,1.33,1.28,1.3,554880.95,72561.505
002347.SZ,20240913,3.58,3.61,3.49,3.5,74910.0,26412.478
001239.SZ,20240913,14.68,15.23,14.5,15.1,98571.69,147394.053
600753.SH,20240913,5.5,5.64,5.4,5.53,81468.0,45058.872
601226.SH,20240913,4.65,4.66,4.6,4.61,26951.0,12466.359
688609.SH,20240913,7.82,7.87,7.56,7.58,112868.55,86691.507
603421.SH,20240913,4.48,5.13,4.48,5.04,713267.02,342953.826
001256.SZ,20240913,13.88,13.88,13.49,13.58,8806.0,11999.023
920249.BJ,20240913,3.53,3.73,3.4,3.57,99214.72,35085.251
920262.BJ,20240913,8.68,9.07,8.54,8.76,3348.21,2947.78
300505.SZ,20240913,11.0,11.04,10.7,10.71,42019.0,45452.16
605199.SH,20240913,10.85,11.1,10.4,10.4,69455.0,74079.885
605009.SH,20240913,32.85,33.07,32.73,32.87,5747.37,18886.715
601127.SH,20240913,74.6,75.06,73.21,73.74,195415.35,1446595.686
002582.SZ,20240913,4.61,4.61,4.44,4.44,43639.0,19649.473
002234.SZ,20240913,7.61,7.66,7.42,7.44,20587.0,15445.302
920174.BJ,20240913,16.8,17.07,16.37,16.5,15973.33,26778.387
601898.SH,20240913,12.8,13.03,12.72,12.73,117442.4,151069.19
300887.SZ,20240913,6.21,6.21,6.04,6.05,57616.66,35073.188
300358.SZ,20240913,6.35,6.35,6.15,6.17,42385.0,26334.313
000809.SZ,20240913,2.08,2.11,2.06,2.07,11507.0,2399.242
300746.SZ,20240913,10.73,11.39,10.31,11.39,405195.18,448381.191
002734.SZ,20240913,7.0,7.0,6.72,6.75,65914.28,44931.232
300101.SZ,20240913,12.6,12.67,12.38,12.38,33573.0,41916.535
301487.SZ,20240913,17.2,17.34,15.91,15.99,216029.34,352852.08
300271.SZ,20240913,4.8,4.84,4.7,4.71,138604.28,65904.906
603991.SH,20240913,44.48,44.65,43.21,44.24,15288.0,67192.621
300203.SZ,20240913,11.0,11.07,10.83,10.84,29961.0,32709.372
605133.SH,20240913,17.94,18.3,17.6,17.82,35486.24,63599.989
688009.SH,20240913,4.88,4.92,4.83,4.91,258219.72,125473.274
688528.SH,20240913,6.66,6.67,6.48,6.51,4370.46,2882.354
688334.SH,20240913,14.39,14.47,14.11,14.2,10029.91,14323.221
300967.SZ,20240913,9.15,9.22,8.97,8.98,20978.9,19027.078
301305.SZ,20240913,14.79,14.85,14.6,14.6,6678.0,9819.727
600527.SH,20240913,1.37,1.37,1.35,1.36,38537.6,5247.876
002336.SZ,20240913,3.08,3.12,2.97,2.99,80876.53,24525.094
002733.SZ,20240913,10.89,10.92,10.62,10.63,21447.29,22976.897
301363.SZ,20240913,27.61,28.11,27.3,27.31,6715.0,18484.175
300733.SZ,20240913,9.32,9.44,9.15,9.15,19341.22,17850.934
688700.SH,20240913,18.41,18.54,17.64,17.69,27648.1,49593.911
002022.SZ,20240913,5.44,5.45,5.33,5.33,34837.0,18654.144
603655.SH,20240913,13.36,13.37,13.13,13.15,4718.0,6237.097
002868.SZ,20240913,12.0,12.06,11.6,11.6,10372.0,12140.219
301508.SZ,20240913,29.2,29.55,28.82,28.88,20395.07,59325.819
600444.SH,20240913,11.38,11.69,11.34,11.45,59449.0,68471.228
002252.SZ,20240913,6.61,6.61,6.48,6.56,191794.83,125754.571
688767.SH,20240913,24.43,24.6,24.32,24.51,2118.06,5183.456
300075.SZ,20240913,11.67,11.88,11.46,11.46,67180.53,77929.672
688658.SH,20240913,17.23,17.25,16.5,16.55,30775.39,51541.965
301591.SZ,20240913,29.1,29.5,28.45,28.46,9181.88,26422.548
300225.SZ,20240913,5.31,5.34,5.21,5.21,36478.0,19128.185
600309.SH,20240913,70.89,72.2,70.6,70.87,92360.19,659112.329
601121.SH,20240913,5.28,5.36,5.27,5.28,25074.0,13301.044
688722.SH,20240913,9.69,9.74,9.63,9.68,4104.54,3976.122
600251.SH,20240913,6.39,6.41,6.3,6.32,33165.0,21067.867
301186.SZ,20240913,28.65,28.65,27.41,27.41,4548.13,12660.335
000573.SZ,20240913,2.2,2.24,2.2,2.21,63899.66,14172.393
600604.SH,20240913,3.46,3.55,3.46,3.51,82737.0,29067.402
300098.SZ,20240913,3.66,3.68,3.57,3.58,378549.38,137076.399
688539.SH,20240913,19.86,19.88,18.88,19.06,5671.4,10933.437
600037.SH,20240913,5.75,5.92,5.74,5.83,112893.96,65903.915
300346.SZ,20240913,26.37,26.54,25.95,25.97,72233.51,189373.956
600658.SH,20240913,3.29,3.29,3.29,3.29,75046.24,24690.213
688010.SH,20240913,13.68,13.69,13.28,13.33,4520.73,6070.725
688600.SH,20240913,12.23,12.26,11.96,11.96,2421.11,2935.151
603963.SH,20240913,3.03,3.06,2.92,2.93,40741.31,12151.214
000151.SZ,20240913,9.96,10.42,9.96,10.09,258871.0,263584.874
600989.SH,20240913,14.43,14.59,14.18,14.45,160714.9,232182.12
002845.SZ,20240913,11.17,11.24,10.88,10.93,71316.46,78542.843
601801.SH,20240913,6.37,6.46,6.22,6.23,101061.18,63792.453
002496.SZ,20240913,2.03,2.03,1.98,1.98,85725.0,17110.304
002339.SZ,20240913,5.43,5.47,5.31,5.31,80922.3,43394.169
688512.SH,20240913,6.58,6.66,6.36,6.37,41633.54,26933.138
300169.SZ,20240913,5.98,6.18,5.85,6.02,445524.55,269202.977
300538.SZ,20240913,13.83,13.86,13.46,13.47,33578.0,45774.521
002057.SZ,20240913,5.96,5.99,5.89,5.9,26364.0,15624.18
600777.SH,20240913,1.79,1.82,1.79,1.79,307639.36,55341.196
603286.SH,20240913,15.24,15.3,14.78,14.78,24270.0,36319.339
603193.SH,20240913,17.0,17.04,16.57,16.79,10894.04,18271.32
000901.SZ,20240913,9.2,9.22,8.99,9.02,290069.45,263611.112
002753.SZ,20240913,5.41,5.43,5.3,5.3,16147.63,8614.337
002779.SZ,20240913,30.07,30.3,29.52,29.62,6706.0,19993.613
002939.SZ,20240913,6.86,6.99,6.78,6.87,750951.57,516251.253
002246.SZ,20240913,8.13,8.49,8.13,8.38,238831.52,199378.715
603871.SH,20240913,17.97,18.35,17.83,18.12,49394.47,89743.569
600740.SH,20240913,3.44,3.47,3.42,3.43,73258.49,25230.348
605066.SH,20240913,5.19,5.19,5.02,5.04,35684.0,18107.483
002979.SZ,20240913,19.05,19.28,18.75,18.78,82723.1,156992.259
688565.SH,20240913,4.42,4.43,4.28,4.3,11840.52,5130.001
300993.SZ,20240913,8.15,8.21,8.07,8.07,17757.0,14433.317
601390.SH,20240913,5.09,5.12,5.02,5.02,621834.5,315103.482
300070.SZ,20240913,3.21,3.22,3.18,3.19,168737.64,54025.129
300422.SZ,20240913,3.79,3.82,3.76,3.78,48109.0,18222.076
301348.SZ,20240913,20.97,21.0,20.22,20.27,39715.13,81436.15
603609.SH,20240913,6.63,6.7,6.55,6.57,21105.09,13960.733
605298.SH,20240913,7.59,7.65,7.39,7.4,7647.4,5725.243
688278.SH,20240913,58.76,59.3,58.4,58.8,14969.96,88220.415
000820.SZ,20240913,2.59,2.62,2.54,2.56,108266.0,27803.259
600480.SH,20240913,7.62,7.63,7.48,7.5,71247.56,53780.83
300814.SZ,20240913,23.39,23.9,23.02,23.03,19471.11,45657.063
002426.SZ,20240913,1.68,1.7,1.66,1.67,652723.0,109461.46
002310.SZ,20240913,1.35,1.38,1.33,1.34,298463.0,40381.588
003009.SZ,20240913,35.87,35.87,35.29,35.48,5477.0,19449.251
002922.SZ,20240913,19.74,19.88,19.1,19.17,179373.0,348322.993
688361.SH,20240913,50.0,51.2,49.0,49.73,16987.79,85964.209
688257.SH,20240913,13.27,13.27,12.87,12.89,10377.32,13518.527
600828.SH,20240913,2.46,2.5,2.43,2.44,210901.0,51792.133
002419.SZ,20240913,4.02,4.06,3.96,4.01,64681.87,25919.873
300231.SZ,20240913,7.99,8.28,7.77,7.77,391095.6,313495.099
002759.SZ,20240913,6.0,6.03,5.68,5.68,68400.85,39458.27
300180.SZ,20240913,3.96,3.97,3.83,3.83,515670.92,200537.456
002588.SZ,20240913,6.8,6.86,6.7,6.77,79867.0,54179.428
002813.SZ,20240913,25.01,25.19,24.69,24.7,8947.0,22256.597
300933.SZ,20240913,5.5,5.52,5.42,5.44,42084.0,22938.42
603889.SH,20240913,6.43,6.45,6.26,6.27,28151.8,17812.112
603778.SH,20240913,2.93,3.02,2.85,2.87,340008.0,98536.309
002881.SZ,20240913,20.21,20.47,19.88,19.88,40863.3,82140.324
688199.SH,20240913,11.36,11.36,11.05,11.11,7425.54,8302.162
920175.BJ,20240913,5.65,5.73,5.49,5.59,8322.58,4627.933
300013.SZ,20240913,2.41,2.45,2.29,2.32,143251.03,33710.697
688209.SH,20240913,10.46,10.5,10.22,10.22,30709.87,31762.153
603915.SH,20240913,8.01,8.02,7.79,7.79,55875.0,44028.59
002444.SZ,20240913,27.79,28.16,27.22,27.34,76975.57,212240.278
300237.SZ,20240913,1.28,1.35,1.27,1.34,399600.01,52715.58
002250.SZ,20240913,4.68,4.69,4.55,4.57,80681.0,37103.29
002663.SZ,20240913,1.35,1.38,1.33,1.37,126878.04,17255.2
603983.SH,20240913,21.5,21.67,21.18,21.26,7930.0,16959.881
600366.SH,20240913,5.58,5.63,5.52,5.53,52964.8,29428.794
603113.SH,20240913,4.49,4.55,4.4,4.41,50917.0,22599.847
920396.BJ,20240913,9.11,9.38,8.92,9.21,2844.43,2618.906
603569.SH,20240913,6.27,6.29,6.12,6.12,34818.0,21495.361
600775.SH,20240913,7.3,7.38,7.26,7.31,84038.0,61560.61
301200.SZ,20240913,27.71,27.85,27.37,27.37,4622.0,12755.711
600718.SH,20240913,8.53,8.57,8.5,8.5,77332.57,65996.892
301228.SZ,20240913,9.91,10.07,9.74,9.76,17231.03,16973.936
002646.SZ,20240913,8.4,8.45,8.21,8.21,38136.1,31657.798
300640.SZ,20240913,4.04,4.12,4.0,4.0,29902.0,12124.467
000422.SZ,20240913,11.9,11.98,11.55,11.57,133365.14,156520.153
002296.SZ,20240913,7.41,7.44,7.25,7.26,48547.0,35522.686
688032.SH,20240913,135.8,137.34,132.22,132.68,7814.96,104468.174
001317.SZ,20240913,22.56,22.56,21.9,21.9,12283.0,27085.977
688025.SH,20240913,32.79,33.0,31.27,31.33,14114.34,44967.325
000533.SZ,20240913,3.21,3.21,3.13,3.13,78035.0,24644.572
300077.SZ,20240913,9.69,9.85,9.53,9.56,118437.09,114515.737
688355.SH,20240913,13.41,13.41,13.08,13.23,7840.41,10375.573
603538.SH,20240913,10.93,10.98,10.62,10.62,13830.68,14864.528
002442.SZ,20240913,4.05,4.06,3.98,3.99,44797.0,17975.429
300782.SZ,20240913,61.64,61.78,59.48,59.51,59912.45,361686.578
000551.SZ,20240913,8.51,8.53,8.41,8.41,30297.0,25646.317
002014.SZ,20240913,8.33,8.45,8.26,8.31,15934.8,13268.473
002179.SZ,20240913,37.6,38.1,36.81,36.95,93781.55,349082.174
600340.SH,20240913,1.03,1.04,1.02,1.03,307781.6,31717.292
002233.SZ,20240913,6.63,6.79,6.61,6.77,87306.19,58730.4
603060.SH,20240913,5.7,5.82,5.66,5.69,83196.22,47702.191
601018.SH,20240913,3.25,3.27,3.22,3.22,122845.1,39860.183
600538.SH,20240913,3.16,3.18,3.1,3.1,26724.0,8331.584
002017.SZ,20240913,8.07,8.83,8.07,8.47,431915.98,367563.621
603766.SH,20240913,6.85,6.95,6.76,6.88,144399.5,99097.956
000889.SZ,20240913,1.7,1.7,1.67,1.69,89111.0,15014.194
600838.SH,20240913,6.2,6.82,5.98,6.64,615595.54,394652.674
002597.SZ,20240913,22.8,22.93,22.38,22.5,48647.93,109683.607
600079.SH,20240913,16.49,16.52,15.97,16.13,209059.31,339351.649
601899.SH,20240913,14.59,14.91,14.52,14.68,2228886.77,3285178.181
000042.SZ,20240913,3.63,3.67,3.57,3.57,61070.4,22107.692
600710.SH,20240913,8.12,8.22,8.11,8.12,62866.61,51277.571
000727.SZ,20240913,1.92,1.92,1.88,1.89,605103.0,114713.289
300084.SZ,20240913,5.35,5.35,5.09,5.2,98783.0,51046.215
002530.SZ,20240913,6.27,6.31,6.13,6.14,45801.0,28375.202
600984.SH,20240913,2.19,2.21,2.15,2.17,64283.8,14000.839
300255.SZ,20240913,10.4,10.57,10.34,10.45,142730.14,148984.94
002818.SZ,20240913,11.3,11.35,11.1,11.12,13732.1,15413.28
300293.SZ,20240913,14.88,15.24,14.43,14.47,221655.0,326861.082
601088.SH,20240913,37.5,38.19,37.5,37.85,145764.99,552672.16
002648.SZ,20240913,15.06,15.13,14.72,14.75,128790.34,191429.573
002752.SZ,20240913,4.37,4.38,4.29,4.3,40081.19,17343.986
603191.SH,20240913,11.49,11.68,11.05,11.16,163444.0,185214.397
603070.SH,20240913,10.57,10.57,10.26,10.26,6812.0,7070.955
600508.SH,20240913,10.78,10.84,10.65,10.65,17151.0,18418.058
600369.SH,20240913,3.58,3.62,3.56,3.59,311240.81,111837.499
301322.SZ,20240913,18.0,18.02,17.58,17.58,4448.3,7897.168
603350.SH,20240913,26.26,26.52,25.51,25.57,30336.69,78739.962
601375.SH,20240913,3.41,3.47,3.41,3.44,337101.93,116006.457
300969.SZ,20240913,52.63,52.85,49.22,49.3,21855.6,109827.396
002330.SZ,20240913,3.61,3.62,3.56,3.56,32884.0,11783.907
301011.SZ,20240913,15.2,15.28,14.64,14.64,34017.69,50549.321
300083.SZ,20240913,5.82,5.87,5.71,5.71,190542.0,109719.376
300989.SZ,20240913,11.3,11.76,11.3,11.44,51660.25,59431.149
301050.SZ,20240913,43.9,44.12,42.87,42.91,16956.35,73658.641
002034.SZ,20240913,13.48,13.48,13.29,13.32,9165.0,12268.79
688298.SH,20240913,29.39,29.52,28.39,28.52,11453.65,33048.886
688277.SH,20240913,6.57,6.6,6.33,6.33,27984.56,17987.596
688359.SH,20240913,27.75,27.9,26.57,26.57,8858.73,24166.001
603208.SH,20240913,15.87,16.12,15.67,15.7,5194.0,8218.286
002806.SZ,20240913,9.01,9.16,8.52,8.53,132461.19,116268.471
300518.SZ,20240913,8.87,8.91,8.35,8.43,109516.76,93875.224
600854.SH,20240913,3.82,3.84,3.77,3.78,46640.45,17720.743
920270.BJ,20240913,6.64,6.68,6.41,6.55,3012.63,1979.628
605338.SH,20240913,12.93,12.98,12.7,12.7,11465.0,14710.153
603828.SH,20240913,1.62,1.62,1.58,1.59,40744.22,6510.876
688318.SH,20240913,88.55,90.55,86.6,87.44,34056.57,301478.824
600909.SH,20240913,4.32,4.39,4.31,4.35,218961.1,95179.421
688297.SH,20240913,28.98,29.05,28.29,28.37,14156.38,40592.453
001337.SZ,20240913,21.75,21.85,21.28,21.35,47349.0,101580.8
002641.SZ,20240913,3.85,3.86,3.79,3.81,46594.0,17819.243
603151.SH,20240913,8.94,8.97,8.7,8.74,9891.7,8717.87
600239.SH,20240913,1.88,1.93,1.88,1.9,241439.97,46079.99
603901.SH,20240913,5.88,5.88,5.68,5.69,40096.0,23035.208
603879.SH,20240913,2.53,2.53,2.42,2.45,23139.3,5691.981
300469.SZ,20240913,15.0,15.66,14.7,14.78,418851.78,632181.275
600039.SH,20240913,5.43,5.53,5.41,5.47,222744.4,122133.189
000915.SZ,20240913,24.38,24.38,23.8,23.87,21069.65,50569.504
600739.SH,20240913,7.96,8.1,7.95,8.02,95140.66,76473.304
600685.SH,20240913,24.73,25.3,24.58,25.27,93295.29,234415.487
002902.SZ,20240913,18.02,18.38,17.69,17.7,70739.0,127582.172
000514.SZ,20240913,3.07,3.17,3.07,3.13,157085.0,49326.876
301068.SZ,20240913,18.89,19.14,18.58,18.9,3548.67,6688.045
920407.BJ,20240913,8.06,8.51,7.99,8.23,5510.39,4550.898
688323.SH,20240913,9.68,9.69,9.4,9.4,11225.07,10667.532
688543.SH,20240913,36.53,36.86,35.42,35.68,9425.9,33880.836
600678.SH,20240913,4.98,5.01,4.93,4.93,57027.0,28305.41
002299.SZ,20240913,10.97,11.0,10.73,10.77,108353.26,117364.722
600383.SH,20240913,3.52,3.64,3.51,3.52,1248379.6,445702.264
301258.SZ,20240913,21.06,21.16,20.31,20.32,11394.67,23502.411
600487.SH,20240913,14.66,15.05,14.58,14.67,269839.8,399290.991
603319.SH,20240913,15.12,15.16,15.01,15.05,14056.54,21187.529
600133.SH,20240913,7.79,8.39,7.71,8.0,945091.3,759772.096
920110.BJ,20240913,14.73,14.99,14.56,14.95,1607.9,2385.321
603757.SH,20240913,18.59,18.6,18.05,18.11,6834.23,12486.671
688357.SH,20240913,19.63,19.63,19.17,19.21,4704.14,9069.691
002372.SZ,20240913,10.67,10.76,10.53,10.54,69019.95,73320.147
688276.SH,20240913,22.96,22.96,22.05,22.05,17098.37,38304.895
688739.SH,20240913,22.95,22.95,22.48,22.48,11201.38,25366.407
603800.SH,20240913,16.61,16.67,16.23,16.32,6545.0,10716.163
688290.SH,20240913,27.05,27.64,26.71,26.78,3750.73,10165.746
600835.SH,20240913,10.74,10.76,10.56,10.57,34882.0,37098.189
300434.SZ,20240913,7.13,7.59,7.01,7.27,122050.0,89394.914
600236.SH,20240913,6.28,6.37,6.25,6.33,179101.2,112965.602
920519.BJ,20240913,6.72,6.9,6.65,6.79,1867.7,1266.511
600874.SH,20240913,4.79,4.85,4.78,4.81,57141.11,27515.653
300016.SZ,20240913,5.02,5.18,4.9,5.04,193498.5,97714.116
002218.SZ,20240913,2.89,2.91,2.84,2.85,82105.0,23517.208
300415.SZ,20240913,18.17,18.46,18.03,18.2,51922.2,94704.092
300850.SZ,20240913,14.76,15.06,14.17,14.19,57872.51,83822.221
000100.SZ,20240913,3.7,3.73,3.63,3.63,1409761.54,518257.372
600117.SH,20240913,1.99,2.02,1.98,2.0,30812.0,6156.691
300984.SZ,20240913,19.26,19.37,18.78,18.8,3083.0,5856.346
920950.BJ,20240913,10.22,10.57,9.98,10.28,1741.88,1793.739
600478.SH,20240913,3.24,3.25,3.14,3.14,196671.54,62242.947
603201.SH,20240913,13.6,13.6,13.05,13.12,11740.77,15486.26
600703.SH,20240913,9.94,9.95,9.7,9.74,207756.8,203628.509
000900.SZ,20240913,3.42,3.44,3.39,3.4,49932.47,17053.228
603212.SH,20240913,10.45,10.55,9.91,9.94,209637.02,212816.48
002907.SZ,20240913,11.91,11.99,11.63,11.63,17092.0,20136.026
688150.SH,20240913,16.06,16.19,15.61,15.67,35348.17,56036.564
300860.SZ,20240913,21.29,21.46,20.82,20.85,16164.52,33971.416
920405.BJ,20240913,9.21,9.67,9.09,9.23,1657.83,1544.504
600714.SH,20240913,6.87,6.94,6.76,6.78,13633.0,9307.535
300511.SZ,20240913,2.97,2.98,2.88,2.9,178269.0,51965.282
920252.BJ,20240913,7.0,7.17,6.88,7.04,18150.44,12723.083
600289.SH,20240913,1.31,1.34,1.3,1.31,23331.0,3065.675
000609.SZ,20240913,1.94,2.0,1.93,1.96,36250.18,7095.756
000333.SZ,20240913,62.05,63.78,61.59,63.51,321489.94,2037679.478
688211.SH,20240913,25.33,25.46,25.06,25.26,2577.59,6514.059
002248.SZ,20240913,5.84,5.88,5.78,5.78,47488.0,27611.892
002449.SZ,20240913,6.66,6.69,6.51,6.52,112803.0,74306.674
300488.SZ,20240913,18.3,18.33,17.91,18.01,5373.0,9736.275
301511.SZ,20240913,14.01,14.43,12.78,12.83,399799.68,547895.295
600566.SH,20240913,24.18,24.52,23.85,24.2,83581.97,202478.288
600425.SH,20240913,3.05,3.07,3.04,3.06,46811.06,14299.09
002028.SZ,20240913,67.67,67.88,66.25,66.25,43185.13,288643.772
002712.SZ,20240913,3.53,3.55,3.48,3.48,71278.0,24975.335
300592.SZ,20240913,11.55,11.55,10.9,10.94,61266.0,68462.018
688265.SH,20240913,21.33,22.68,19.97,22.5,9893.78,21343.029
002647.SZ,20240913,4.31,4.41,4.16,4.16,276003.47,118206.243
300890.SZ,20240913,25.58,25.6,24.04,24.15,54623.86,133757.643
605289.SH,20240913,19.94,20.22,19.02,19.07,24779.29,48323.86
920039.BJ,20240913,4.95,5.29,4.91,5.08,15310.07,7822.536
300917.SZ,20240913,30.1,31.2,30.01,30.39,117575.17,360602.193
605077.SH,20240913,13.1,13.19,12.66,12.73,8095.36,10410.546
300616.SZ,20240913,9.65,9.72,9.51,9.56,23390.99,22394.853
601618.SH,20240913,2.62,2.63,2.57,2.57,643558.03,167318.094
601068.SH,20240913,3.82,3.85,3.8,3.83,87824.0,33633.152
300068.SZ,20240913,12.09,12.19,10.82,10.9,1774925.84,1984931.052
603833.SH,20240913,40.58,41.59,40.5,40.69,18950.64,77679.532
001360.SZ,20240913,12.26,12.28,12.03,12.03,7891.84,9578.752
301509.SZ,20240913,25.88,25.91,25.15,25.17,12052.2,30708.909
002132.SZ,20240913,2.25,2.26,2.19,2.23,171866.54,38252.155
601789.SH,20240913,3.4,3.42,3.38,3.38,48432.0,16468.623
601865.SH,20240913,16.65,16.71,16.05,16.06,119446.3,194513.853
002210.SZ,20240913,1.5,1.51,1.48,1.49,120355.0,17993.355
300641.SZ,20240913,17.12,17.27,16.83,16.85,190931.68,325018.069
002239.SZ,20240913,2.31,2.32,2.29,2.29,187683.0,43222.345
688488.SH,20240913,8.38,8.41,7.13,7.17,188905.51,141030.069
002609.SZ,20240913,6.81,6.82,6.48,6.48,94018.0,61943.253
300200.SZ,20240913,6.42,6.46,6.3,6.3,35834.2,22739.414
301039.SZ,20240913,8.55,8.6,8.45,8.53,56420.0,48121.129
002937.SZ,20240913,16.48,16.6,16.18,16.25,21380.94,34925.95
603876.SH,20240913,8.85,8.85,8.6,8.62,35450.56,30806.279
000676.SZ,20240913,5.75,5.76,5.55,5.56,304715.1,171574.343
002889.SZ,20240913,15.2,15.32,15.11,15.12,38701.8,58803.391
688579.SH,20240913,7.2,7.23,7.01,7.02,20153.06,14318.171
605155.SH,20240913,8.08,8.2,7.99,7.99,7762.0,6249.476
600969.SH,20240913,5.13,5.17,5.1,5.1,37715.0,19364.861
300310.SZ,20240913,4.61,4.65,4.33,4.36,1071108.33,474494.614
002875.SZ,20240913,11.67,12.08,11.58,11.7,68474.99,80739.77
300502.SZ,20240913,95.41,104.9,95.3,100.33,383270.74,3876553.133
000049.SZ,20240913,21.26,21.3,20.82,20.82,35117.95,73707.721
920689.BJ,20240913,10.14,10.5,9.95,10.17,2553.33,2597.068
002622.SZ,20240913,1.55,1.58,1.45,1.45,693407.83,103751.498
301606.SZ,20240913,27.88,28.11,26.31,26.4,56532.81,153091.589
000011.SZ,20240913,7.67,7.89,7.59,7.81,146956.53,114240.602
603337.SH,20240913,26.7,27.4,26.5,26.52,22328.46,60011.112
600805.SH,20240913,3.44,3.46,3.35,3.35,66108.28,22384.889
600172.SH,20240913,2.05,2.07,2.01,2.03,213818.0,43525.386
600826.SH,20240913,5.56,5.58,5.35,5.47,112734.73,61556.608
603033.SH,20240913,11.06,11.07,10.77,11.0,60237.7,65786.142
002524.SZ,20240913,3.42,3.48,3.38,3.41,133049.0,45523.342
300938.SZ,20240913,16.9,16.9,16.33,16.33,9478.8,15680.122
002192.SZ,20240913,29.98,30.16,28.58,28.66,136752.14,395749.725
600818.SH,20240913,12.78,13.1,12.47,12.47,109559.0,139341.708
002723.SZ,20240913,4.95,4.95,4.81,4.82,63630.0,30971.514
603727.SH,20240913,9.68,9.73,9.5,9.54,27314.0,26159.687
002416.SZ,20240913,9.45,9.45,9.19,9.2,97815.59,90765.799
000592.SZ,20240913,1.46,1.46,1.43,1.45,217961.0,31535.851
600268.SH,20240913,5.52,5.83,5.46,5.63,268340.66,151617.331
301276.SZ,20240913,17.46,17.49,16.98,17.01,5120.82,8851.328
300192.SZ,20240913,10.2,10.48,10.05,10.14,122416.08,125246.405
600546.SH,20240913,11.0,11.04,10.51,10.51,197150.59,211401.724
002392.SZ,20240913,3.01,3.03,2.97,2.97,114315.0,34243.692
301387.SZ,20240913,27.53,27.99,27.1,27.1,11313.0,31055.925
920806.BJ,20240913,7.38,7.74,7.36,7.55,72379.71,54561.718
600109.SH,20240913,7.11,7.17,7.07,7.07,130858.0,93065.261
920299.BJ,20240913,6.09,6.16,5.95,6.1,7794.5,4720.497
002429.SZ,20240913,4.29,4.36,4.26,4.34,229136.0,98837.731
002063.SZ,20240913,4.56,4.59,4.51,4.51,125435.48,56884.615
002491.SZ,20240913,3.22,3.23,3.15,3.15,77722.71,24674.046
603976.SH,20240913,13.8,13.92,13.66,13.66,5306.0,7308.835
002522.SZ,20240913,3.04,3.05,2.99,3.0,67254.0,20247.769
603918.SH,20240913,9.7,9.82,9.45,9.46,250925.0,241115.871
002400.SZ,20240913,4.65,4.68,4.6,4.61,143449.76,66525.659
300480.SZ,20240913,11.68,11.74,11.26,11.27,26216.72,29947.821
301162.SZ,20240913,32.96,32.96,31.81,31.89,11494.0,37157.6
300025.SZ,20240913,7.97,8.04,7.88,7.92,29130.0,23222.067
002254.SZ,20240913,8.05,8.07,7.94,7.96,46935.01,37502.173
300004.SZ,20240913,4.19,4.19,4.1,4.11,45383.0,18759.486
002058.SZ,20240913,7.83,7.83,7.52,7.53,59837.2,45533.141
300185.SZ,20240913,1.79,1.81,1.78,1.8,157033.0,28175.647
603590.SH,20240913,21.01,21.07,20.64,20.66,7077.0,14746.908
301180.SZ,20240913,12.86,13.09,12.55,12.6,26618.0,33855.632
301227.SZ,20240913,14.82,14.99,14.45,14.53,11853.42,17364.947
603861.SH,20240913,7.72,7.9,7.51,7.52,28112.0,21386.783
002541.SZ,20240913,11.29,11.39,11.04,11.05,44813.18,50007.946
603917.SH,20240913,10.51,10.64,10.08,10.13,33542.0,34475.811
300995.SZ,20240913,13.07,13.08,12.74,12.8,7928.0,10187.967
300087.SZ,20240913,5.92,6.18,5.84,5.99,130505.2,78258.243
688029.SH,20240913,60.91,61.47,59.91,60.09,8195.03,49572.487
002357.SZ,20240913,5.1,5.12,4.99,5.0,78885.0,39737.867
000892.SZ,20240913,2.57,2.78,2.54,2.61,249832.75,65558.091
600098.SH,20240913,5.48,5.54,5.45,5.45,83138.15,45558.958
002281.SZ,20240913,26.66,27.27,26.66,26.72,169780.57,458389.493
300916.SZ,20240913,21.61,21.63,21.0,21.0,11882.75,25250.433
600355.SH,20240913,3.11,3.13,3.05,3.05,130728.0,40283.099
688292.SH,20240913,13.27,13.28,12.73,12.75,11683.63,15067.328
300439.SZ,20240913,9.05,9.08,8.9,8.91,26530.59,23770.361
600791.SH,20240913,3.33,3.48,3.32,3.37,183343.2,62098.336
300436.SZ,20240913,18.61,18.91,18.36,18.43,44192.0,82182.12
000953.SZ,20240913,3.38,3.65,3.33,3.56,355393.48,123797.907
301187.SZ,20240913,20.04,20.46,19.55,19.55,22784.72,45432.713
300219.SZ,20240913,5.66,5.72,5.53,5.55,92845.0,51897.411
301189.SZ,20240913,20.08,20.13,19.53,19.55,7493.0,14767.358
000068.SZ,20240913,3.07,3.15,2.97,2.97,320644.0,97371.589
002817.SZ,20240913,5.25,5.25,5.14,5.15,18024.0,9343.055
301298.SZ,20240913,12.01,12.03,11.68,11.69,10737.0,12668.729
002795.SZ,20240913,3.41,3.42,3.32,3.33,63624.4,21380.606
688118.SH,20240913,12.13,12.19,11.75,11.76,12456.7,14787.975
300686.SZ,20240913,7.57,7.6,7.27,7.27,144671.0,106873.333
605086.SH,20240913,14.51,15.05,14.49,14.65,14029.8,20793.9
688005.SH,20240913,20.64,20.66,19.88,19.89,74777.05,150283.511
601933.SH,20240913,2.25,2.28,2.24,2.25,489621.1,110648.756
300747.SZ,20240913,14.07,14.07,13.72,13.73,35081.0,48598.247
688563.SH,20240913,46.3,46.38,44.5,45.72,8386.08,37991.793
300355.SZ,20240913,2.34,2.36,2.3,2.34,190266.36,44543.627
600210.SH,20240913,5.0,5.0,4.9,4.91,102122.0,50339.451
300136.SZ,20240913,17.41,17.68,17.36,17.42,119083.07,209105.226
605378.SH,20240913,14.72,14.85,14.35,14.35,13750.0,20000.693
300119.SZ,20240913,11.63,11.64,11.48,11.53,14421.0,16660.313
300590.SZ,20240913,10.15,10.22,9.93,9.93,49672.0,49942.507
688506.SH,20240913,163.26,167.61,160.91,166.56,12544.93,207290.338
600517.SH,20240913,4.33,4.4,4.31,4.35,142768.11,62130.994
000510.SZ,20240913,2.97,2.97,2.89,2.9,100605.0,29428.823
600062.SH,20240913,20.92,21.12,20.6,20.74,74997.56,156150.067
301383.SZ,20240913,26.8,26.95,26.09,26.12,28622.75,75657.557
002027.SZ,20240913,5.37,5.43,5.26,5.28,1088592.16,579226.934
002108.SZ,20240913,2.98,2.98,2.94,2.94,72711.37,21492.334
603393.SH,20240913,30.45,30.68,29.7,29.8,26248.41,79129.65
603172.SH,20240913,12.59,12.6,12.12,12.16,43313.1,53416.182
601669.SH,20240913,4.41,4.44,4.38,4.39,530953.14,234376.812
603773.SH,20240913,17.3,17.35,16.68,16.74,48266.1,81784.051
688331.SH,20240913,25.88,26.11,24.96,25.5,27576.28,70166.919
300009.SZ,20240913,7.74,7.78,7.62,7.63,65431.23,50271.474
300902.SZ,20240913,15.81,15.86,15.16,15.3,14679.49,22598.105
300177.SZ,20240913,6.13,6.16,6.03,6.03,162519.53,98767.98
603299.SH,20240913,9.79,10.05,9.76,9.82,81690.0,80902.019
600156.SH,20240913,3.56,3.92,3.47,3.68,343034.23,125638.145
301399.SZ,20240913,17.51,17.68,17.0,17.01,7308.14,12632.11
600715.SH,20240913,1.88,1.92,1.87,1.88,181124.04,34217.578
600299.SH,20240913,9.98,10.08,9.92,9.93,39775.0,39735.803
600410.SH,20240913,4.04,4.1,3.98,4.0,264294.0,106584.808
601997.SH,20240913,4.74,4.79,4.72,4.72,193756.8,92147.07
920523.BJ,20240913,11.56,11.75,11.37,11.65,14171.21,16413.622
002145.SZ,20240913,3.32,3.34,3.27,3.27,172642.03,56816.948
300459.SZ,20240913,3.5,3.52,3.43,3.43,542479.39,187915.74
600882.SH,20240913,12.09,12.15,11.9,11.9,19191.0,22981.818
002932.SZ,20240913,15.9,15.91,15.66,15.67,11837.54,18638.354
920837.BJ,20240913,4.9,5.27,4.9,5.12,12204.03,6239.263
601728.SH,20240913,5.9,6.05,5.88,5.95,713450.43,427104.428
600872.SH,20240913,16.85,16.87,16.25,16.25,100084.0,164651.676
603331.SH,20240913,8.31,8.41,8.1,8.11,13026.0,10684.902
000798.SZ,20240913,6.15,6.33,6.05,6.14,37120.0,23028.517
002410.SZ,20240913,9.42,9.51,9.06,9.06,233537.93,214421.826
300197.SZ,20240913,1.27,1.49,1.26,1.42,1698020.34,237080.93
301292.SZ,20240913,12.13,12.14,11.43,11.45,49467.13,57682.351
002807.SZ,20240913,3.47,3.49,3.43,3.44,140535.6,48636.82
603580.SH,20240913,17.61,17.76,16.97,17.0,36839.0,63558.595
603118.SH,20240913,6.98,7.01,6.62,6.65,331558.09,224033.792
920163.BJ,20240913,14.95,15.1,14.9,15.1,298.62,449.237
000637.SZ,20240913,3.08,3.09,3.05,3.07,15072.0,4624.565
300365.SZ,20240913,4.76,4.84,4.68,4.69,120725.0,57170.251
002913.SZ,20240913,22.52,23.06,22.52,22.62,17196.0,39262.479
603768.SH,20240913,11.7,12.08,11.4,11.41,50337.28,58687.181
920455.BJ,20240913,3.73,3.81,3.66,3.76,6149.75,2305.309
603216.SH,20240913,9.07,9.15,8.81,8.92,10566.0,9501.469
301058.SZ,20240913,7.98,8.27,7.97,8.15,80462.35,65464.856
300291.SZ,20240913,3.95,3.98,3.88,3.89,106331.64,41724.6
920510.BJ,20240913,9.87,10.59,9.57,10.11,33659.88,34056.39
600793.SH,20240913,8.81,8.94,8.76,8.8,7475.4,6601.776
600418.SH,20240913,21.95,22.68,21.88,22.24,741894.42,1655747.15
301185.SZ,20240913,14.67,14.94,14.31,14.63,72735.0,105690.46
920375.BJ,20240913,8.8,9.0,8.47,8.85,6733.29,5897.802
603689.SH,20240913,7.76,7.8,7.68,7.69,17441.0,13502.375
002656.SZ,20240913,1.35,1.38,1.31,1.31,51266.0,6761.412
002650.SZ,20240913,2.04,2.04,1.95,1.95,80735.0,15922.733
001203.SZ,20240913,7.39,7.43,7.28,7.3,40472.21,29678.247
301382.SZ,20240913,20.48,21.65,20.23,20.54,197746.37,414639.192
605050.SH,20240913,7.93,7.94,7.74,7.81,10215.0,8004.699
000881.SZ,20240913,5.88,5.93,5.83,5.85,31016.1,18226.445
600884.SH,20240913,7.22,7.25,6.99,6.99,109391.79,77140.111
002923.SZ,20240913,8.25,8.25,8.08,8.08,11641.2,9471.285
920642.BJ,20240913,6.25,6.42,6.06,6.25,11020.3,6890.098
688538.SH,20240913,2.05,2.08,2.05,2.07,338636.03,69996.029
002603.SZ,20240913,14.85,14.93,14.71,14.73,54084.54,80014.116
603444.SH,20240913,193.5,194.52,187.3,187.4,11373.51,216313.629
600399.SH,20240913,5.11,5.17,5.08,5.09,182298.94,93375.777
300735.SZ,20240913,17.01,17.2,16.58,16.58,153759.66,258624.914
688576.SH,20240913,52.02,52.26,51.3,51.57,2056.83,10628.197
600906.SH,20240913,5.68,5.84,5.67,5.74,278467.0,160162.916
603307.SH,20240913,27.58,27.93,26.72,26.72,3340.0,9044.13
002625.SZ,20240913,18.98,19.31,18.79,18.8,226565.19,430343.313
000503.SZ,20240913,7.04,7.14,6.92,6.97,142619.57,100292.304
002133.SZ,20240913,2.02,2.05,2.0,2.01,63123.01,12780.922
300743.SZ,20240913,11.74,11.85,11.43,11.44,12828.49,14885.05
300338.SZ,20240913,2.37,2.4,2.22,2.27,207212.0,47942.134
600052.SH,20240913,3.46,3.52,3.38,3.39,54100.0,18679.975
002716.SZ,20240913,2.81,2.85,2.77,2.8,374760.07,104949.561
600663.SH,20240913,7.85,8.1,7.85,8.07,65876.42,52837.897
688396.SH,20240913,34.58,34.89,34.38,34.88,25416.89,88051.493
603713.SH,20240913,42.96,42.96,42.02,42.04,5924.0,25090.827
600019.SH,20240913,5.59,5.65,5.58,5.58,317001.68,177793.213
000603.SZ,20240913,10.41,10.48,10.06,10.08,131857.98,134527.092
600318.SH,20240913,5.26,5.38,5.26,5.29,99671.25,53038.351
300895.SZ,20240913,25.1,25.58,24.71,24.74,29773.86,74824.316
688328.SH,20240913,12.21,12.35,11.75,11.83,12215.54,14662.53
600733.SH,20240913,6.67,6.77,6.56,6.57,1234162.4,821427.708
300816.SZ,20240913,17.49,17.61,17.31,17.45,10615.04,18564.24
601128.SH,20240913,6.27,6.32,6.13,6.14,247083.1,153467.017
600611.SH,20240913,7.38,7.44,6.76,6.76,3908678.83,2740733.504
000546.SZ,20240913,4.87,5.08,4.8,4.96,695155.18,341198.167
920553.BJ,20240913,3.66,3.88,3.63,3.75,15069.78,5661.754
000031.SZ,20240913,2.31,2.37,2.3,2.33,97210.39,22790.177
002456.SZ,20240913,8.26,8.3,8.03,8.06,1088281.94,888842.441
002639.SZ,20240913,5.13,5.14,5.04,5.06,49570.0,25158.537
603669.SH,20240913,4.24,4.27,4.16,4.2,41080.36,17246.219
002601.SZ,20240913,16.03,16.12,15.92,15.93,85553.87,136903.004
603365.SH,20240913,11.07,11.16,10.89,10.89,14787.0,16283.197
688316.SH,20240913,24.3,24.3,23.2,23.28,6694.95,15827.701
300674.SZ,20240913,11.3,11.3,10.84,10.88,194043.74,212321.838
000058.SZ,20240913,6.25,6.27,5.97,5.98,469820.62,286173.431
600596.SH,20240913,6.99,7.0,6.86,6.88,39702.3,27457.947
601212.SH,20240913,2.56,2.59,2.54,2.55,332658.0,85041.356
002860.SZ,20240913,7.24,7.29,7.04,7.05,24168.86,17208.172
002533.SZ,20240913,8.19,8.24,8.01,8.02,46383.0,37511.372
002361.SZ,20240913,2.96,2.97,2.93,2.94,46447.0,13695.819
600719.SH,20240913,4.83,5.25,4.76,5.25,414628.68,211442.718
600713.SH,20240913,4.19,4.21,4.14,4.15,55740.0,23244.726
920580.BJ,20240913,5.16,5.55,5.13,5.27,17181.0,9196.704
600255.SH,20240913,1.7,1.71,1.69,1.69,62465.0,10611.794
601069.SH,20240913,10.48,10.59,10.33,10.37,89849.0,93717.272
000565.SZ,20240913,4.09,4.12,4.06,4.07,20509.0,8383.203
600382.SH,20240913,3.34,3.35,3.32,3.34,14357.7,4792.995
600995.SH,20240913,8.93,8.95,8.8,8.83,36665.4,32495.506
301358.SZ,20240913,27.33,27.55,26.18,26.68,51981.18,138526.706
301520.SZ,20240913,35.6,35.7,33.88,33.96,8254.2,28575.7
688076.SH,20240913,54.09,54.32,52.31,53.81,33149.88,177297.02
301332.SZ,20240913,8.33,8.35,8.2,8.2,18417.66,15248.399
300227.SZ,20240913,5.17,5.22,5.02,5.04,92466.9,47088.918
301398.SZ,20240913,32.9,32.95,32.0,32.01,8174.0,26379.59
300716.SZ,20240913,8.44,8.45,8.01,8.01,96884.0,79487.8
605296.SH,20240913,26.38,26.56,25.85,26.0,13788.72,36036.926
002827.SZ,20240913,23.27,24.72,23.27,23.68,127534.0,308045.976
301567.SZ,20240913,39.72,40.19,38.9,39.08,8845.22,34922.603
688186.SH,20240913,9.27,9.34,9.16,9.21,14013.73,12944.759
000420.SZ,20240913,2.78,2.79,2.74,2.74,112842.0,31179.233
300763.SZ,20240913,64.91,65.65,63.47,63.99,92210.14,593228.392
301086.SZ,20240913,39.66,40.23,34.53,34.77,32047.5,118261.453
600398.SH,20240913,5.28,5.3,5.15,5.18,232188.19,121278.954
002044.SZ,20240913,3.36,3.38,3.32,3.32,201152.6,67158.706
601727.SH,20240913,3.77,3.79,3.74,3.74,178582.3,67232.403
000937.SZ,20240913,5.5,5.62,5.42,5.48,559354.58,311025.277
002264.SZ,20240913,4.42,4.47,4.37,4.38,55601.0,24518.702
920976.BJ,20240913,8.53,8.84,8.4,8.68,5190.25,4486.21
002917.SZ,20240913,7.67,7.67,7.5,7.5,28312.0,21390.789
300317.SZ,20240913,3.22,3.26,3.13,3.14,99603.37,31535.491
000816.SZ,20240913,1.79,1.79,1.75,1.75,142391.1,25124.742
600798.SH,20240913,2.54,2.56,2.52,2.54,46449.89,11797.811
001226.SZ,20240913,20.42,20.55,20.06,20.06,9302.0,18807.522
688819.SH,20240913,27.46,27.83,27.1,27.25,23127.61,63402.235
600368.SH,20240913,3.24,3.26,3.21,3.22,81233.64,26295.256
300479.SZ,20240913,15.04,15.1,14.21,14.43,102890.89,149464.477
600217.SH,20240913,4.36,4.43,4.33,4.38,69189.0,30383.621
601083.SH,20240913,8.39,8.39,8.3,8.38,22345.63,18649.362
301326.SZ,20240913,31.49,32.26,30.33,31.93,35735.0,112920.393
301083.SZ,20240913,11.77,11.77,11.4,11.42,16987.0,19594.408
002916.SZ,20240913,91.58,97.2,91.5,95.59,90492.11,862090.842
301168.SZ,20240913,24.96,25.5,24.47,24.48,16112.35,39919.079
300568.SZ,20240913,7.39,7.43,7.07,7.07,241415.23,173150.458
300308.SZ,20240913,108.3,116.7,108.27,115.94,352839.94,4029348.721
002398.SZ,20240913,3.37,3.38,3.31,3.31,52559.12,17542.754
003032.SZ,20240913,8.17,8.25,8.0,8.02,149638.0,120803.426
300576.SZ,20240913,31.17,31.45,30.47,30.5,57447.31,177360.83
002906.SZ,20240913,24.21,24.46,23.8,23.9,39080.32,93711.859
920566.BJ,20240913,6.69,6.8,6.62,6.72,5457.76,3663.903
300955.SZ,20240913,11.72,11.72,11.33,11.35,6410.0,7348.108
300828.SZ,20240913,11.24,11.6,10.98,10.98,24145.5,27027.831
600736.SH,20240913,3.98,4.05,3.98,4.0,56679.0,22760.572
603579.SH,20240913,11.58,11.67,11.35,11.36,13331.3,15259.388
600609.SH,20240913,3.73,3.86,3.73,3.77,93696.59,35486.241
601515.SH,20240913,2.46,2.47,2.34,2.35,468002.8,111967.166
301379.SZ,20240913,15.66,15.7,15.25,15.25,13072.79,20270.798
002470.SZ,20240913,1.32,1.33,1.31,1.32,163868.0,21628.408
300894.SZ,20240913,10.94,11.45,10.7,11.11,126975.56,140842.186
002095.SZ,20240913,12.08,12.1,11.72,11.75,44712.41,53035.197
688530.SH,20240913,14.74,14.76,14.05,14.05,15701.06,22520.091
920017.BJ,20240913,10.43,10.63,10.35,10.5,4629.71,4862.016
300490.SZ,20240913,6.62,6.65,6.34,6.34,80472.0,51903.571
603197.SH,20240913,31.63,31.98,31.3,31.3,20274.8,64026.238
002164.SZ,20240913,3.9,3.93,3.84,3.86,48177.0,18659.552
001229.SZ,20240913,23.14,23.36,22.44,22.56,9276.0,21103.46
605151.SH,20240913,14.82,15.87,14.7,15.11,14830.7,22529.744
002746.SZ,20240913,5.33,5.33,5.27,5.31,23334.5,12372.013
300167.SZ,20240913,1.65,1.73,1.65,1.66,126183.0,21228.375
603683.SH,20240913,7.3,7.34,7.18,7.19,54794.0,39685.98
002263.SZ,20240913,1.89,1.92,1.84,1.85,101711.78,19095.516
000951.SZ,20240913,13.7,13.86,13.5,13.62,58453.4,79832.239
000715.SZ,20240913,4.8,4.83,4.72,4.73,40727.96,19401.648
301018.SZ,20240913,18.7,18.82,18.17,18.27,18103.0,33306.464
601717.SH,20240913,10.9,10.92,10.67,10.67,149206.0,160843.552
920857.BJ,20240913,8.73,9.01,8.64,8.79,3741.15,3298.533
603565.SH,20240913,6.91,7.04,6.87,6.96,65810.04,45793.106
000004.SZ,20240913,11.78,11.78,10.95,10.96,170002.01,191287.371
600785.SH,20240913,9.19,9.23,9.04,9.06,68994.0,62963.431
300637.SZ,20240913,8.55,8.83,8.15,8.16,153408.25,129255.998
300695.SZ,20240913,34.67,34.67,33.49,33.49,1090.0,3671.877
300414.SZ,20240913,6.54,6.56,6.33,6.35,35058.9,22499.074
600686.SH,20240913,11.4,11.6,10.98,11.15,1128006.99,1261276.396
002148.SZ,20240913,4.55,4.58,4.45,4.45,100749.17,45330.645
301529.SZ,20240913,31.0,31.15,30.55,31.09,6250.07,19315.774
300749.SZ,20240913,5.23,5.26,5.09,5.11,18256.0,9448.398
300278.SZ,20240913,3.0,3.01,2.94,2.95,84214.0,25013.522
603196.SH,20240913,8.88,9.12,8.43,8.51,72324.0,63032.535
600651.SH,20240913,2.76,2.81,2.75,2.8,89077.01,24782.622
300195.SZ,20240913,4.22,4.24,4.11,4.14,65869.0,27403.275
601608.SH,20240913,3.39,3.4,3.35,3.35,114635.17,38606.636
301290.SZ,20240913,19.29,19.32,18.8,18.82,4030.6,7676.559
600628.SH,20240913,5.78,5.89,5.76,5.8,19304.47,11242.285
000952.SZ,20240913,5.0,5.06,4.93,4.96,34618.6,17276.428
300727.SZ,20240913,20.52,20.75,20.14,20.25,10986.0,22306.846
002885.SZ,20240913,11.05,11.09,10.76,10.8,83233.02,90557.488
301366.SZ,20240913,28.38,28.99,27.95,28.1,30569.0,86998.179
002574.SZ,20240913,3.96,4.01,3.9,3.91,31293.0,12348.911
300635.SZ,20240913,8.2,9.82,8.1,9.82,223227.39,208305.748
600481.SH,20240913,3.68,3.71,3.54,3.55,223021.42,80456.841
301391.SZ,20240913,29.43,29.49,28.33,28.33,9933.88,28565.233
300243.SZ,20240913,7.49,7.5,7.26,7.26,37512.0,27563.982
603909.SH,20240913,7.11,7.15,6.96,6.98,18220.0,12834.559
301120.SZ,20240913,8.0,8.04,7.61,7.61,44132.5,34288.371
002366.SZ,20240913,3.14,3.15,3.11,3.11,68043.0,21237.486
603959.SH,20240913,2.22,2.22,2.0,2.0,469789.56,99724.506
301202.SZ,20240913,24.9,25.3,24.4,24.4,10590.06,26163.037
605123.SH,20240913,46.62,46.67,45.12,45.22,6500.0,29639.281
002396.SZ,20240913,13.77,13.89,13.6,13.64,28392.0,39097.117
002694.SZ,20240913,3.27,3.3,3.21,3.21,22715.8,7388.397
300541.SZ,20240913,8.63,8.65,8.3,8.32,105349.1,88792.961
603387.SH,20240913,7.35,7.36,7.19,7.2,13562.45,9836.009
601377.SH,20240913,5.13,5.17,5.11,5.12,189774.27,97490.112
002928.SZ,20240913,5.38,5.4,5.3,5.33,53606.68,28661.744
300048.SZ,20240913,4.42,4.43,4.36,4.36,44122.03,19375.539
688067.SH,20240913,13.47,13.47,13.0,13.05,4242.6,5585.787
002306.SZ,20240913,2.38,2.43,2.36,2.36,81765.0,19562.835
301203.SZ,20240913,24.8,24.95,24.35,24.36,1718.22,4231.331
300032.SZ,20240913,3.36,3.37,3.24,3.26,159519.0,52499.653
605005.SH,20240913,14.95,14.95,14.72,14.73,7542.0,11151.114
300391.SZ,20240913,4.15,4.15,3.8,3.8,348871.0,137477.414
302132.SZ,20240913,40.71,41.19,40.55,40.59,37845.32,154407.096
