ts_code,trade_date,open,high,low,close,vol,amount
000301.SZ,20160708,4.38,4.4,4.36,4.37,84354.34,36950.9479
300513.SZ,20160708,143.0,149.8,141.0,143.82,46451.17,674158.1898
002078.SZ,20160708,5.3,5.35,5.2,5.22,232020.95,121952.2119
300034.SZ,20160708,23.6,24.3,23.2,23.6,154274.92,366993.894
600132.SH,20160708,15.86,15.9,15.7,15.77,32222.53,50900.382
300500.SZ,20160708,97.5,99.68,93.58,93.78,28679.18,277342.7433
603019.SH,20160708,39.8,40.33,39.38,39.68,89165.22,355125.364
600365.SH,20160708,14.46,14.6,14.25,14.52,153924.88,222177.706
603778.SH,20160708,28.1,30.33,27.97,29.32,118793.6,349122.33
603015.SH,20160708,14.57,14.74,14.35,14.42,181518.23,263181.982
600828.SH,20160708,6.83,6.83,6.73,6.73,55988.78,37848.032
600741.SH,20160708,14.24,14.24,14.07,14.16,67472.69,95422.61
600340.SH,20160708,26.18,26.3,25.75,25.95,127211.6,329661.626
600376.SH,20160708,11.29,11.3,11.1,11.16,112291.52,125645.861
000668.SZ,20160708,20.5,21.05,20.3,20.56,38675.02,79791.3748
300226.SZ,20160708,57.84,58.7,56.01,56.66,80110.17,457880.934
000543.SZ,20160708,7.59,7.74,7.53,7.62,229292.01,175167.573
002107.SZ,20160708,16.65,16.8,16.4,16.51,58872.67,97454.4049
300206.SZ,20160708,11.22,11.5,11.2,11.28,201326.16,228997.4153
600848.SH,20160708,19.5,19.5,18.15,18.47,189408.58,355170.15
000498.SZ,20160708,6.04,6.1,6.01,6.09,105553.54,64049.5325
002270.SZ,20160708,17.71,17.78,17.39,17.65,88909.32,156197.2078
002116.SZ,20160708,14.9,15.1,14.65,14.75,43771.51,65002.717
002329.SZ,20160708,15.75,16.13,15.56,16.08,292704.53,465158.2489
603899.SH,20160708,17.67,17.76,17.48,17.57,24226.8,42603.678
002638.SZ,20160708,8.9,9.11,8.68,8.92,231487.69,207689.2029
002196.SZ,20160708,35.56,36.18,33.26,33.9,108072.2,374013.5002
002522.SZ,20160708,17.88,18.67,17.6,18.46,160895.62,295167.5476
000682.SZ,20160708,5.36,5.5,5.34,5.41,238899.71,129915.185
002370.SZ,20160708,32.47,36.0,32.47,35.0,42575.41,149633.4059
300316.SZ,20160708,13.31,13.48,12.96,13.01,188472.94,247636.9542
600297.SH,20160708,9.0,9.05,8.81,8.83,314769.39,279234.21
000792.SZ,20160708,22.0,22.34,21.74,21.81,179865.01,394210.3243
000967.SZ,20160708,14.43,14.95,14.18,14.86,90213.09,131456.282
002658.SZ,20160708,17.8,17.85,17.52,17.71,52285.27,92508.0495
603609.SH,20160708,18.0,18.0,17.36,17.43,86858.08,153213.92
000798.SZ,20160708,12.29,12.39,12.11,12.25,90915.39,111270.6554
600448.SH,20160708,6.92,6.94,6.82,6.88,72608.0,49926.869
600221.SH,20160708,3.28,3.3,3.24,3.24,944891.82,308838.53
300275.SZ,20160708,21.95,22.3,21.77,22.09,26258.78,57954.0763
603088.SH,20160708,47.5,49.4,46.8,48.14,18431.63,88763.974
603398.SH,20160708,39.0,39.95,37.38,37.7,129045.83,493259.577
002528.SZ,20160708,9.2,9.34,9.05,9.11,186560.5,170644.0841
002539.SZ,20160708,15.15,15.2,15.08,15.12,38785.56,58656.2219
600391.SH,20160708,40.29,41.96,40.03,41.01,158331.88,650006.095
600099.SH,20160708,12.14,12.29,11.82,12.17,52587.14,63106.923
601038.SH,20160708,9.87,10.22,9.72,9.94,107428.79,107043.724
000681.SZ,20160708,23.5,23.82,23.22,23.47,54620.03,128473.7028
000625.SZ,20160708,14.08,14.08,13.94,13.96,142430.75,199116.2476
600811.SH,20160708,6.86,6.87,6.78,6.8,155942.15,106356.345
300315.SZ,20160708,10.49,10.75,10.37,10.58,659697.44,698430.8257
300073.SZ,20160708,77.7,82.89,76.01,77.85,145333.01,1156261.9497
600812.SH,20160708,6.49,6.49,6.38,6.41,86665.32,55614.453
002799.SZ,20160708,77.31,77.31,77.31,77.31,2486.0,19219.266
000040.SZ,20160708,11.88,12.05,11.77,11.91,55918.68,66572.5525
002537.SZ,20160708,29.7,30.37,29.5,29.52,49373.33,147132.197
000909.SZ,20160708,20.52,20.57,20.24,20.44,93881.01,191489.575
002761.SZ,20160708,41.23,41.89,40.2,40.2,30195.03,123472.644
000005.SZ,20160708,7.45,7.58,7.43,7.51,114190.52,85794.5265
002075.SZ,20160708,14.64,14.73,14.16,14.34,235161.78,336806.3359
600749.SH,20160708,19.96,20.43,19.63,20.17,244232.1,492789.533
600835.SH,20160708,19.7,19.81,19.58,19.7,35687.9,70264.244
601818.SH,20160708,3.84,3.84,3.81,3.82,552356.13,211390.388
000863.SZ,20160708,9.44,9.51,9.36,9.43,55108.73,52037.8741
002065.SZ,20160708,21.2,21.65,21.12,21.56,269079.67,577432.903
603800.SH,20160708,33.9,34.8,33.87,34.12,73831.88,253823.022
603126.SH,20160708,11.8,11.9,11.68,11.71,103086.95,121358.051
002456.SZ,20160708,28.72,29.5,28.51,29.26,227939.78,664650.0056
603100.SH,20160708,16.89,17.65,16.89,16.96,141777.62,244584.758
000573.SZ,20160708,7.51,7.56,7.4,7.47,79902.48,59654.9782
601800.SH,20160708,10.74,10.76,10.64,10.66,99200.23,105966.532
000931.SZ,20160708,8.13,8.15,8.07,8.08,65463.58,53001.2631
601106.SH,20160708,5.65,5.74,5.6,5.61,696453.51,393889.741
603168.SH,20160708,46.51,47.9,46.16,46.18,28405.43,133133.555
600731.SH,20160708,10.12,10.12,9.97,10.02,49128.61,49226.186
300085.SZ,20160708,29.19,29.77,29.16,29.34,97379.42,287252.6042
300008.SZ,20160708,31.8,32.35,31.58,31.91,65078.43,208451.1322
002421.SZ,20160708,17.78,18.18,17.61,17.7,91648.26,163369.6789
600415.SH,20160708,6.37,6.44,6.32,6.39,214212.74,136775.922
002081.SZ,20160708,10.15,10.15,10.0,10.11,124737.85,125580.9004
300079.SZ,20160708,8.6,8.73,8.56,8.68,426013.65,368855.8114
600169.SH,20160708,4.03,4.04,3.98,3.99,140704.58,56280.744
002544.SZ,20160708,33.0,33.59,32.73,33.23,34085.78,113289.5295
600744.SH,20160708,5.53,5.56,5.5,5.52,63437.83,35051.937
600735.SH,20160708,13.92,13.95,13.71,13.86,63692.09,87973.755
603528.SH,20160708,100.99,103.5,99.5,99.9,65153.09,662271.629
002087.SZ,20160708,8.1,8.11,7.95,8.0,121306.45,97425.5437
600382.SH,20160708,17.0,17.34,16.85,16.9,82223.1,140071.359
600354.SH,20160708,8.4,8.44,8.21,8.23,102405.76,84966.904
000151.SZ,20160708,19.5,19.94,19.35,19.57,165080.07,323970.9801
300439.SZ,20160708,36.65,36.9,36.2,36.23,30121.48,109838.857
600508.SH,20160708,9.48,9.52,9.36,9.46,55151.01,52028.876
002170.SZ,20160708,8.58,8.64,8.52,8.55,100777.29,86429.0783
002039.SZ,20160708,19.89,19.96,19.73,19.76,32189.9,63741.2923
600078.SH,20160708,6.62,6.66,6.53,6.58,117548.33,77360.681
002722.SZ,20160708,46.44,47.18,44.38,44.45,100941.85,461215.6448
600663.SH,20160708,22.81,22.89,22.62,22.64,48047.01,109047.296
600530.SH,20160708,8.43,8.44,8.27,8.33,159592.58,132855.406
300222.SZ,20160708,26.58,26.88,26.16,26.74,97414.78,259062.4161
600853.SH,20160708,5.4,5.41,5.34,5.39,71807.55,38613.672
002109.SZ,20160708,6.74,6.91,6.7,6.85,51186.25,34787.7995
600272.SH,20160708,17.9,18.27,17.75,17.79,53849.18,96844.751
300482.SZ,20160708,53.19,57.1,52.9,55.0,41652.77,230940.2468
603701.SH,20160708,82.0,82.99,80.43,80.61,25804.99,211375.809
002621.SZ,20160708,21.62,22.06,21.57,21.69,21950.26,47748.2571
300444.SZ,20160708,31.89,32.39,31.08,31.18,80909.65,256794.1979
603456.SH,20160708,26.67,26.67,26.4,26.5,12883.64,34131.908
600469.SH,20160708,10.8,10.83,10.71,10.77,56696.45,60993.88
002201.SZ,20160708,14.24,15.06,14.15,14.68,147144.78,217295.582
000518.SZ,20160708,6.92,6.94,6.82,6.83,109645.21,75167.1489
603116.SH,20160708,24.14,24.36,23.83,24.1,131620.11,317371.994
002635.SZ,20160708,36.56,36.99,35.9,36.28,54586.92,199215.5157
300412.SZ,20160708,38.4,39.19,37.8,37.84,35625.19,137532.7108
603006.SH,20160708,26.65,27.0,25.78,26.49,46256.38,121652.441
002007.SZ,20160708,32.36,32.59,32.01,32.06,69312.73,223394.3948
600733.SH,20160708,41.4,41.78,41.1,41.25,7330.01,30291.14
002051.SZ,20160708,20.4,21.33,20.39,20.64,94041.16,195967.4783
601318.SH,20160708,31.95,31.96,31.76,31.78,192950.29,613694.89
600109.SH,20160708,13.74,13.9,13.59,13.73,334817.06,460674.919
000799.SZ,20160708,24.87,25.22,24.61,24.82,104117.46,259049.1308
603869.SH,20160708,28.49,28.7,28.13,28.41,20318.25,57718.616
002438.SZ,20160708,21.52,21.96,21.52,21.76,36195.18,78853.9539
600633.SH,20160708,15.32,15.44,15.09,15.28,110417.36,168418.568
601717.SH,20160708,5.87,5.88,5.81,5.86,79482.89,46556.282
300414.SZ,20160708,38.03,40.0,37.66,39.01,53818.89,210085.3585
300172.SZ,20160708,9.42,9.5,9.4,9.44,42346.03,40023.3911
002511.SZ,20160708,16.75,16.76,16.38,16.42,28795.18,47483.2569
002054.SZ,20160708,10.64,11.2,10.6,11.1,196703.43,216412.7023
600584.SH,20160708,20.0,20.37,19.81,19.87,285660.17,573074.617
000783.SZ,20160708,11.29,11.44,11.24,11.31,548910.71,621806.7354
300287.SZ,20160708,13.15,13.44,12.98,13.25,210653.17,278539.9092
600276.SH,20160708,41.0,41.08,40.3,40.56,56872.86,230268.617
600111.SH,20160708,14.15,14.35,14.03,14.3,729579.27,1036147.513
002609.SZ,20160708,17.22,17.7,17.06,17.7,93808.3,161229.8633
300331.SZ,20160708,28.97,29.04,28.3,28.87,40710.9,116802.2038
603598.SH,20160708,23.89,24.49,23.71,24.05,49856.67,120126.357
002719.SZ,20160708,59.3,60.0,56.0,56.18,59920.23,348566.2304
300476.SZ,20160708,25.01,25.01,24.4,24.6,95535.63,235453.8853
603939.SH,20160708,33.26,33.26,32.61,33.08,12831.19,42241.855
000506.SZ,20160708,9.2,9.2,8.85,8.92,934517.25,842241.3463
300294.SZ,20160708,63.89,64.95,63.58,63.75,17447.0,111938.0756
600291.SH,20160708,20.57,20.57,20.12,20.18,40194.51,81295.563
600805.SH,20160708,9.37,9.43,9.2,9.27,88098.84,82040.23
000688.SZ,20160708,10.0,10.47,9.61,9.61,558392.88,556991.9202
002422.SZ,20160708,15.41,15.84,15.36,15.68,60571.45,94592.4219
600595.SH,20160708,6.21,6.3,6.12,6.15,395801.36,244516.262
601968.SH,20160708,9.93,9.94,9.73,9.83,115493.53,113631.301
000333.SZ,20160708,24.62,24.75,24.05,24.15,373771.78,907840.1666
002683.SZ,20160708,8.33,8.4,8.29,8.39,57651.59,48197.1997
000692.SZ,20160708,5.65,5.69,5.62,5.66,61635.41,34839.7886
002689.SZ,20160708,7.96,7.96,7.84,7.88,65162.74,51493.3992
000533.SZ,20160708,10.37,10.5,10.3,10.39,53002.85,55076.2706
600359.SH,20160708,10.95,11.05,10.7,10.74,212674.28,230277.403
000735.SZ,20160708,6.68,6.69,6.6,6.62,104805.82,69531.8839
600512.SH,20160708,4.42,4.42,4.27,4.36,305750.59,132147.53
600250.SH,20160708,12.7,13.08,12.65,13.06,48194.78,61989.434
000889.SZ,20160708,11.31,11.5,11.19,11.4,79859.1,90485.2802
603718.SH,20160708,16.88,16.95,16.53,16.71,41417.06,68934.292
002795.SZ,20160708,78.38,78.77,75.0,75.2,60437.61,463393.1303
300438.SZ,20160708,42.98,42.98,41.8,41.82,70508.66,298513.9427
002390.SZ,20160708,11.34,11.92,11.18,11.84,966383.99,1117263.184
600532.SH,20160708,17.31,17.95,17.25,17.58,49155.95,86523.898
002179.SZ,20160708,42.5,43.6,42.29,42.92,74221.18,319266.5645
300522.SZ,20160708,35.55,35.55,35.55,35.55,5.0,17.775
002376.SZ,20160708,13.43,13.52,13.29,13.43,73782.97,98933.3725
002502.SZ,20160708,25.28,26.5,24.9,26.35,117622.36,302591.4056
600155.SH,20160708,14.42,14.9,14.03,14.65,157934.82,228902.646
600990.SH,20160708,86.78,90.5,86.3,88.31,39693.97,351689.912
600702.SH,20160708,26.0,26.77,26.0,26.29,55019.41,145280.189
600826.SH,20160708,26.81,27.19,26.66,26.99,35245.31,95010.783
002595.SZ,20160708,21.41,21.6,21.31,21.42,10889.98,23384.8354
300276.SZ,20160708,20.71,20.96,20.52,20.64,59512.83,123366.7802
002612.SZ,20160708,25.62,25.96,25.5,25.67,111078.48,285751.7649
600529.SH,20160708,17.55,17.55,17.35,17.39,24029.56,41918.972
002152.SZ,20160708,16.83,16.83,16.56,16.69,84343.04,140762.9172
601369.SH,20160708,6.57,6.64,6.49,6.63,63886.68,41846.562
002788.SZ,20160708,71.5,72.25,70.03,70.6,55940.27,397773.6867
600712.SH,20160708,10.31,10.64,10.24,10.44,84341.35,88096.073
002038.SZ,20160708,29.99,31.97,29.99,30.93,119999.5,374241.8997
300098.SZ,20160708,15.82,16.29,15.81,15.96,362033.4,583200.0199
601010.SH,20160708,5.25,5.49,5.23,5.35,272556.83,146405.969
603117.SH,20160708,19.47,19.79,19.08,19.47,105666.52,204995.497
600312.SH,20160708,15.81,16.47,15.81,16.19,204257.66,330665.584
000008.SZ,20160708,10.66,10.73,10.55,10.58,72863.48,77440.0801
300205.SZ,20160708,14.62,14.87,14.46,14.67,109854.94,161753.0776
600725.SH,20160708,5.23,5.47,5.17,5.47,51994.89,28041.478
603822.SH,20160708,74.9,76.0,72.0,72.19,33391.78,247623.542
600516.SH,20160708,9.41,9.46,9.31,9.32,420883.22,393818.529
002227.SZ,20160708,32.59,32.66,32.13,32.19,33117.67,107051.2003
000922.SZ,20160708,10.04,10.11,9.91,10.06,77350.2,77418.4372
002368.SZ,20160708,34.89,35.04,34.5,34.66,37005.37,128415.566
300017.SZ,20160708,66.05,66.96,65.85,66.35,60239.37,400313.0558
000586.SZ,20160708,20.96,21.5,20.89,21.29,31127.65,66196.1719
000526.SZ,20160708,49.49,51.31,49.49,50.2,19851.57,99796.9338
002721.SZ,20160708,20.4,20.46,20.03,20.21,143579.02,290490.7243
600517.SH,20160708,9.6,9.69,9.46,9.6,87923.24,84269.35
300406.SZ,20160708,21.8,21.8,21.3,21.41,31801.11,68263.2857
600057.SH,20160708,10.42,10.47,10.37,10.38,46228.08,48111.982
600101.SH,20160708,13.67,13.68,13.07,13.1,297117.65,395660.082
002296.SZ,20160708,17.65,18.12,17.61,18.04,86565.15,155317.1058
300247.SZ,20160708,8.5,8.53,8.36,8.42,149666.24,126332.9117
603001.SH,20160708,21.58,21.67,21.35,21.5,30658.02,65919.641
000576.SZ,20160708,14.73,15.0,14.6,14.73,46481.35,68666.9907
000507.SZ,20160708,5.74,6.1,5.67,5.98,353309.36,208806.6913
000510.SZ,20160708,7.14,7.16,7.05,7.05,111493.86,79113.7434
000698.SZ,20160708,6.93,7.02,6.87,6.88,117432.93,81451.4688
000150.SZ,20160708,32.8,32.8,32.0,32.18,101272.87,326347.5841
002234.SZ,20160708,33.3,34.5,32.56,33.21,53048.29,177218.7626
601939.SH,20160708,4.8,4.81,4.75,4.75,539204.1,257236.559
300202.SZ,20160708,25.6,25.83,24.95,25.34,74480.65,189747.2076
600021.SH,20160708,10.78,10.91,10.68,10.71,84355.63,90766.888
002386.SZ,20160708,7.5,7.57,7.3,7.35,114640.03,84521.4733
601607.SH,20160708,18.45,18.45,18.11,18.22,53992.06,98619.647
002335.SZ,20160708,46.74,47.51,46.32,46.6,24724.49,116213.683
601126.SH,20160708,10.42,10.61,10.28,10.55,77422.94,80755.071
600865.SH,20160708,12.15,12.34,11.98,12.1,77050.52,93352.768
000961.SZ,20160708,5.75,6.06,5.7,6.0,595169.25,351106.5158
600309.SH,20160708,17.5,17.56,17.15,17.25,106061.54,183339.663
600100.SH,20160708,15.26,15.47,15.21,15.28,365991.93,561624.296
002082.SZ,20160708,17.3,17.3,16.71,16.72,72654.01,122938.2774
603616.SH,20160708,31.11,32.4,30.06,30.18,79022.92,244846.64
000672.SZ,20160708,6.35,6.53,6.28,6.49,145330.09,93487.3476
600153.SH,20160708,11.71,11.71,11.5,11.52,587385.08,678364.285
000856.SZ,20160708,11.89,12.05,11.89,11.98,10632.7,12719.0647
000762.SZ,20160708,26.3,26.3,25.59,25.59,375815.24,972721.0972
000631.SZ,20160708,5.01,5.01,4.94,4.96,57276.2,28543.3652
300499.SZ,20160708,107.11,107.45,102.8,103.01,22466.67,236084.4573
002457.SZ,20160708,11.56,11.6,11.33,11.42,159398.03,182225.8515
300005.SZ,20160708,17.01,17.2,16.81,17.02,102287.1,174111.9145
600336.SH,20160708,7.16,7.23,7.11,7.17,138823.69,99522.532
300272.SZ,20160708,15.85,15.9,15.64,15.78,30888.31,48730.403
600141.SH,20160708,12.41,12.45,12.1,12.15,105194.84,128785.843
600520.SH,20160708,18.32,18.65,18.18,18.5,16876.61,31033.416
600711.SH,20160708,8.21,8.39,8.05,8.12,747072.32,610758.973
600895.SH,20160708,18.49,18.77,18.33,18.54,120641.08,223589.66
300134.SZ,20160708,30.52,30.78,30.06,30.07,230359.94,698697.2492
603085.SH,20160708,42.6,44.5,42.51,43.75,34966.52,152158.128
600423.SH,20160708,6.97,7.02,6.87,6.91,93700.7,64810.324
601933.SH,20160708,4.4,4.42,4.32,4.33,592498.17,259103.617
600791.SH,20160708,7.1,7.16,7.0,7.07,74227.68,52477.211
002489.SZ,20160708,7.79,7.88,7.78,7.8,208499.2,163264.317
300506.SZ,20160708,54.95,57.6,54.6,55.49,73290.83,412100.7407
600872.SH,20160708,13.04,13.22,12.85,13.04,76716.52,99974.873
601919.SH,20160708,5.27,5.28,5.2,5.24,339932.07,177644.745
001696.SZ,20160708,10.88,10.93,10.7,10.79,245607.35,265407.5019
000016.SZ,20160708,4.82,4.85,4.78,4.8,212412.81,102360.3958
600246.SH,20160708,5.12,5.2,5.08,5.16,46701.62,24011.004
300088.SZ,20160708,15.33,15.57,15.17,15.29,519827.65,799456.6659
601965.SH,20160708,10.63,10.7,10.35,10.42,78468.34,81907.02
002260.SZ,20160708,26.6,27.27,26.6,26.87,46917.93,126474.9794
002753.SZ,20160708,27.08,27.2,26.56,26.99,21575.11,58121.3946
300512.SZ,20160708,103.1,104.48,101.01,101.19,40077.71,410718.3169
300230.SZ,20160708,30.7,31.07,30.38,30.91,28296.98,86839.7887
603868.SH,20160708,60.23,61.8,59.63,60.29,65821.57,399889.822
601166.SH,20160708,15.27,15.29,15.21,15.23,297357.9,452965.081
300025.SZ,20160708,13.79,14.07,13.52,13.9,106662.19,147293.6428
600667.SH,20160708,10.29,10.53,10.04,10.05,498404.19,513793.489
600051.SH,20160708,11.12,11.27,10.89,11.2,88552.85,98200.739
000723.SZ,20160708,13.27,13.39,13.0,13.3,48835.8,64461.5621
603618.SH,20160708,12.05,12.85,11.97,12.57,386426.82,481030.096
000078.SZ,20160708,7.67,7.68,7.49,7.53,407248.18,307456.4386
300185.SZ,20160708,8.88,9.03,8.88,8.92,157833.46,141284.4096
002643.SZ,20160708,52.08,52.1,50.81,50.87,80012.91,411047.6112
300363.SZ,20160708,24.41,24.69,24.11,24.53,33948.74,82690.5869
300487.SZ,20160708,62.9,62.9,60.78,60.78,28515.37,175804.4706
603508.SH,20160708,108.43,111.88,106.6,106.85,42849.07,469700.078
300217.SZ,20160708,4.56,4.58,4.48,4.53,260366.36,117891.9612
000685.SZ,20160708,10.52,10.57,10.46,10.57,48829.46,51300.858
600200.SH,20160708,19.85,20.07,19.62,19.85,74081.96,146840.004
300232.SZ,20160708,15.32,15.52,15.07,15.45,64879.46,99466.9027
002095.SZ,20160708,53.2,54.13,52.8,53.44,47042.79,252024.0575
000898.SZ,20160708,4.02,4.03,3.96,3.98,195019.77,77850.7398
000729.SZ,20160708,7.73,7.82,7.67,7.69,151764.43,117466.2745
601608.SH,20160708,5.8,5.93,5.77,5.85,419282.19,244965.825
000023.SZ,20160708,26.01,26.7,25.9,26.49,55071.25,144939.9668
600555.SH,20160708,5.85,5.87,5.79,5.82,70005.4,40835.682
300219.SZ,20160708,16.08,16.23,15.77,15.83,164044.09,261567.2142
000981.SZ,20160708,10.43,10.63,10.37,10.44,58063.44,60848.1769
300022.SZ,20160708,8.17,8.97,8.13,8.65,253129.31,216450.3367
600882.SH,20160708,10.48,11.55,10.42,11.11,118139.14,131504.845
002805.SZ,20160708,9.19,9.19,9.19,9.19,20.0,18.38
002586.SZ,20160708,10.06,10.06,9.76,9.82,166938.74,164595.6806
603128.SH,20160708,10.95,10.95,10.55,10.7,293866.89,314579.777
600724.SH,20160708,5.3,5.31,5.23,5.24,74144.54,39047.865
600681.SH,20160708,10.68,10.78,10.53,10.67,17925.52,19117.978
002603.SZ,20160708,16.4,17.25,16.34,16.99,162334.51,273866.3213
002275.SZ,20160708,18.85,19.15,18.77,18.8,33948.83,64264.1677
300126.SZ,20160708,12.29,12.55,12.19,12.46,93932.42,116214.1523
600459.SH,20160708,34.0,35.41,32.97,33.4,308117.82,1049497.967
002338.SZ,20160708,61.06,62.3,60.45,60.95,19097.63,117042.7671
300095.SZ,20160708,12.84,12.99,12.75,12.91,45571.33,58689.7354
300371.SZ,20160708,33.53,33.9,33.1,33.15,15199.93,50873.7521
600345.SH,20160708,21.8,22.6,21.69,21.73,54034.67,119530.955
002013.SZ,20160708,16.85,17.14,16.41,16.71,501711.82,843622.9045
600969.SH,20160708,14.86,14.96,14.83,14.84,31223.68,46468.614
600750.SH,20160708,32.35,32.69,32.08,32.15,38232.57,123320.18
601111.SH,20160708,7.25,7.32,7.15,7.17,328929.12,237565.58
002797.SZ,20160708,41.45,41.78,41.01,41.12,320354.09,1325730.7871
002510.SZ,20160708,8.18,8.28,8.03,8.14,332252.69,270139.4627
300251.SZ,20160708,11.78,11.79,11.51,11.63,292949.26,341229.2435
000601.SZ,20160708,10.85,10.85,10.55,10.65,154651.16,164932.268
002354.SZ,20160708,81.09,82.38,80.05,81.57,24385.13,198238.5797
603111.SH,20160708,13.35,13.35,13.24,13.29,34518.87,45866.749
600268.SH,20160708,7.67,7.68,7.6,7.66,58058.84,44405.678
300132.SZ,20160708,8.23,8.33,8.2,8.25,54037.42,44713.5771
002783.SZ,20160708,113.0,113.0,109.2,110.15,25872.19,286539.6195
002333.SZ,20160708,10.11,10.19,9.95,10.01,32311.74,32487.6311
600197.SH,20160708,15.53,16.0,15.5,15.74,117135.12,184299.866
600767.SH,20160708,14.92,14.92,14.63,14.67,132240.01,194795.542
600234.SH,20160708,13.94,14.05,13.77,13.88,22334.77,31064.145
002731.SZ,20160708,28.16,29.01,28.09,28.39,43134.91,122666.5469
600179.SH,20160708,12.55,12.88,12.5,12.88,48247.46,61959.343
002144.SZ,20160708,21.55,21.91,21.35,21.45,61847.26,133506.5818
601069.SH,20160708,27.4,27.94,27.01,27.29,381407.86,1043471.531
002472.SZ,20160708,24.2,24.37,23.85,24.08,27474.72,66106.9939
002220.SZ,20160708,10.61,10.72,10.5,10.68,71588.65,75848.5057
002561.SZ,20160708,12.47,12.53,12.44,12.48,35045.25,43779.091
300388.SZ,20160708,22.51,22.84,22.2,22.51,32573.18,73132.3631
300364.SZ,20160708,51.26,52.45,50.86,51.89,59520.18,308068.1927
002200.SZ,20160708,19.11,19.35,19.09,19.19,24125.41,46412.8233
601801.SH,20160708,12.0,12.06,11.67,11.76,74209.12,87466.128
600127.SH,20160708,6.42,6.48,6.34,6.38,183140.05,117191.254
600500.SH,20160708,10.1,10.65,10.1,10.18,308450.76,320371.626
600718.SH,20160708,18.35,18.43,18.15,18.29,163168.73,298341.611
000019.SZ,20160708,13.18,13.28,13.01,13.12,174426.14,228998.9784
300446.SZ,20160708,49.28,49.6,48.75,49.4,27835.1,136905.37
002785.SZ,20160708,31.75,31.75,30.4,30.63,114065.51,352782.8224
002305.SZ,20160708,5.52,5.53,5.44,5.44,74507.57,40720.1712
002141.SZ,20160708,34.59,35.3,34.1,35.21,52140.55,181086.0184
300198.SZ,20160708,16.66,16.75,16.38,16.44,105374.86,173991.5696
603789.SH,20160708,31.09,31.98,31.09,31.46,31655.74,100112.733
600997.SH,20160708,5.45,5.5,5.4,5.46,84144.77,45786.913
600251.SH,20160708,8.38,8.43,8.23,8.26,112754.58,93520.42
600031.SH,20160708,5.21,5.22,5.15,5.2,198979.15,103215.323
000421.SZ,20160708,9.88,10.0,9.88,9.95,35961.98,35782.9334
002494.SZ,20160708,15.75,16.12,15.43,15.93,152584.14,241868.3518
600184.SH,20160708,23.43,24.86,23.43,24.11,90645.27,218946.776
600644.SH,20160708,8.61,8.99,8.48,8.49,410428.38,356053.007
000929.SZ,20160708,15.23,15.45,15.16,15.33,22094.73,33775.8203
300063.SZ,20160708,29.81,29.89,29.01,29.39,74942.78,220570.139
002557.SZ,20160708,19.28,19.28,18.91,18.95,58644.24,111375.2274
600239.SH,20160708,4.93,4.93,4.82,4.86,139926.22,68033.915
000822.SZ,20160708,5.09,5.13,5.06,5.09,66906.03,34154.8449
600006.SH,20160708,9.01,9.23,8.8,9.02,496313.12,446964.603
600266.SH,20160708,12.53,12.56,12.4,12.51,117160.4,146039.568
300056.SZ,20160708,17.8,18.23,17.72,18.0,66819.04,120616.1878
002344.SZ,20160708,9.94,9.94,9.84,9.86,93381.71,92205.2907
603993.SH,20160708,4.68,4.69,4.51,4.52,1661980.69,759716.725
300120.SZ,20160708,14.64,14.97,14.64,14.82,40409.25,59862.9113
600372.SH,20160708,22.06,22.5,21.89,22.0,223193.06,495326.1
000657.SZ,20160708,16.98,17.2,16.71,16.79,156820.14,265702.4309
300266.SZ,20160708,42.25,42.4,41.9,41.92,20858.04,87905.8525
300257.SZ,20160708,16.35,16.97,16.3,16.85,174785.95,292123.5639
600537.SH,20160708,7.86,8.09,7.72,7.92,515447.19,407624.817
000096.SZ,20160708,12.28,12.34,12.2,12.2,26539.61,32476.6465
600185.SH,20160708,6.55,6.6,6.46,6.55,164254.05,107345.605
002412.SZ,20160708,18.4,18.75,18.18,18.45,51334.93,94706.8174
002380.SZ,20160708,35.7,35.82,35.05,35.54,44006.48,155776.5528
600523.SH,20160708,19.15,19.5,19.06,19.44,73769.67,142794.9
600836.SH,20160708,11.28,11.28,11.1,11.15,106963.73,119453.161
603988.SH,20160708,56.02,59.25,56.02,57.06,39652.2,229796.262
000503.SZ,20160708,42.7,44.79,42.7,43.38,193850.9,844063.3536
300016.SZ,20160708,22.8,23.39,22.59,23.17,128847.29,296914.9383
300507.SZ,20160708,145.01,147.99,139.1,140.25,32027.29,459484.4267
300405.SZ,20160708,48.95,49.88,48.3,48.7,36914.17,181186.5847
002303.SZ,20160708,12.81,12.95,12.65,12.86,95227.11,121704.0439
603558.SH,20160708,19.3,19.35,18.85,18.86,27115.13,51621.709
600104.SH,20160708,19.92,19.94,19.6,19.8,230237.72,455173.367
603567.SH,20160708,23.45,23.84,23.23,23.43,69325.22,162891.443
300190.SZ,20160708,18.3,18.33,18.02,18.15,38804.8,70521.8541
002142.SZ,20160708,15.19,15.31,15.08,15.1,135340.72,205352.6716
300164.SZ,20160708,8.13,8.17,8.02,8.09,55198.79,44614.9722
601588.SH,20160708,4.34,4.36,4.27,4.32,163052.61,70223.783
002482.SZ,20160708,7.8,7.87,7.72,7.72,87849.86,68423.3401
600470.SH,20160708,7.89,7.95,7.7,7.76,194088.61,151465.755
002216.SZ,20160708,9.0,9.05,8.95,8.96,44216.36,39762.381
300498.SZ,20160708,38.58,38.8,37.86,38.01,60884.73,232145.8506
300447.SZ,20160708,45.74,47.49,45.46,46.5,35039.41,163606.0184
600012.SH,20160708,14.9,15.1,14.8,14.82,88094.66,131745.277
601216.SH,20160708,7.68,7.76,7.68,7.71,116501.76,89970.225
002322.SZ,20160708,18.18,18.44,17.92,18.39,76618.67,139489.6754
300196.SZ,20160708,44.0,45.4,41.14,42.0,85074.48,371921.0116
300127.SZ,20160708,26.12,26.46,25.71,25.87,140085.23,363443.5229
300119.SZ,20160708,18.2,19.06,17.75,18.53,56562.15,104325.7009
300197.SZ,20160708,13.7,13.79,13.42,13.46,55889.14,75825.288
300288.SZ,20160708,35.38,35.84,34.7,35.6,42089.01,149462.7367
300357.SZ,20160708,38.17,39.85,38.17,39.17,33919.69,132257.2063
300229.SZ,20160708,21.92,23.5,21.7,22.8,257736.21,583284.407
002579.SZ,20160708,15.2,15.4,14.91,15.21,127403.2,193908.6572
600850.SH,20160708,28.79,28.93,28.38,28.56,33290.52,95243.118
601028.SH,20160708,7.48,7.88,7.43,7.77,123752.99,95467.873
300220.SZ,20160708,35.8,35.95,35.26,35.56,19027.31,67794.2343
000752.SZ,20160708,16.18,16.36,15.85,16.28,139679.44,225060.1681
600243.SH,20160708,10.25,10.32,10.17,10.24,31064.92,31892.094
600982.SH,20160708,5.18,5.2,5.15,5.17,85768.89,44418.544
603309.SH,20160708,27.78,28.6,27.48,28.54,94364.14,262664.331
002441.SZ,20160708,16.19,16.7,16.07,16.54,172410.08,284034.2588
600658.SH,20160708,10.61,10.67,10.55,10.62,23821.77,25247.782
601179.SH,20160708,5.19,5.19,5.13,5.16,84095.16,43351.23
600893.SH,20160708,37.47,39.3,37.3,38.55,269565.62,1037776.589
002377.SZ,20160708,9.12,9.16,9.05,9.11,41580.0,37890.887
002315.SZ,20160708,68.0,68.39,67.12,67.2,16165.76,109362.8859
600820.SH,20160708,8.81,8.82,8.7,8.71,204448.02,178932.145
600396.SH,20160708,5.27,5.28,5.23,5.26,68563.51,36065.821
603028.SH,20160708,33.82,34.2,32.09,32.24,138720.3,461243.869
002642.SZ,20160708,27.22,27.65,26.8,26.89,160614.28,436237.6595
600050.SH,20160708,3.94,3.94,3.89,3.91,536683.83,210011.483
002108.SZ,20160708,26.87,26.99,26.18,26.2,328185.89,869819.9388
600606.SH,20160708,10.46,10.46,10.35,10.37,239639.37,248783.984
002613.SZ,20160708,8.04,8.12,7.85,8.07,111196.79,89019.5032
300130.SZ,20160708,32.0,32.29,31.0,32.0,59212.91,188342.0473
002028.SZ,20160708,11.03,11.08,10.94,10.97,76594.05,84218.2354
600366.SH,20160708,25.3,25.35,24.86,24.91,312258.32,782058.465
600821.SH,20160708,9.49,9.51,9.28,9.47,124198.28,116987.172
600488.SH,20160708,6.14,6.15,6.05,6.08,59976.64,36514.248
002381.SZ,20160708,13.51,13.6,13.3,13.36,45314.28,60701.6828
601898.SH,20160708,5.41,5.45,5.26,5.33,156240.56,83241.849
300493.SZ,20160708,81.59,81.59,78.59,78.59,38063.98,304386.1004
002018.SZ,20160708,9.75,9.84,9.61,9.65,345517.56,334681.2219
601688.SH,20160708,19.9,20.3,19.82,20.1,303978.09,609926.194
300181.SZ,20160708,9.48,9.52,9.34,9.41,86438.22,81345.388
300333.SZ,20160708,23.6,25.0,23.4,24.19,214495.77,518862.2399
002536.SZ,20160708,15.15,15.24,15.02,15.15,97037.21,147013.2039
000796.SZ,20160708,18.8,18.8,18.31,18.69,72188.51,133495.799
600227.SH,20160708,5.83,6.39,5.83,6.06,371068.37,228074.532
600917.SH,20160708,10.15,10.18,10.04,10.12,44636.0,45181.97
600518.SH,20160708,16.1,16.42,15.9,15.97,434805.24,701614.903
000985.SZ,20160708,24.73,25.0,24.53,24.86,18316.59,45373.1333
600210.SH,20160708,5.88,5.9,5.82,5.83,311042.49,182029.695
600482.SH,20160708,33.88,34.2,33.7,33.84,83427.37,283590.293
603669.SH,20160708,30.14,30.7,29.93,29.96,33930.76,102672.279
002592.SZ,20160708,35.19,35.87,34.85,35.7,33756.07,119768.9634
002675.SZ,20160708,53.3,56.08,53.11,55.36,169014.45,922462.511
002781.SZ,20160708,49.17,51.49,48.71,49.52,91800.52,460114.1419
300304.SZ,20160708,32.35,33.75,32.05,32.67,42248.95,138928.716
002339.SZ,20160708,18.25,18.25,18.02,18.15,61413.32,111298.8155
601218.SH,20160708,5.29,5.3,5.24,5.24,87642.0,46147.327
002215.SZ,20160708,10.53,10.53,10.39,10.41,128159.92,133679.0801
603268.SH,20160708,46.4,50.6,46.4,47.48,110890.12,530936.827
601188.SH,20160708,4.23,4.24,4.17,4.19,63112.77,26481.624
002053.SZ,20160708,29.2,29.42,28.93,29.08,28982.31,84357.4405
300169.SZ,20160708,11.19,11.58,11.15,11.35,150175.21,171080.3407
002188.SZ,20160708,28.46,28.88,28.41,28.6,39273.05,112072.7842
600566.SH,20160708,26.7,26.72,26.38,26.49,13611.38,36098.621
002768.SZ,20160708,30.8,31.34,30.47,30.71,66142.1,204171.4423
600119.SH,20160708,15.41,15.79,15.3,15.69,80412.22,125092.403
000061.SZ,20160708,12.52,12.56,12.37,12.46,73666.37,91628.995
000859.SZ,20160708,5.42,5.46,5.39,5.41,114886.51,62166.8024
600875.SH,20160708,10.07,10.08,9.95,10.06,132315.93,132374.461
300048.SZ,20160708,12.1,12.48,11.92,11.96,405896.08,493511.2754
300285.SZ,20160708,37.9,38.77,37.89,38.11,28056.14,107324.8696
300386.SZ,20160708,33.0,34.8,32.85,33.74,172019.18,587541.3219
000532.SZ,20160708,18.65,18.85,18.23,18.25,118730.71,219929.1181
600502.SH,20160708,9.13,9.19,8.72,8.88,748097.85,662489.386
002778.SZ,20160708,56.89,58.25,56.0,56.64,50165.53,286080.8162
300083.SZ,20160708,8.27,8.39,8.24,8.3,363854.95,302735.4978
300358.SZ,20160708,19.39,19.49,19.06,19.36,47679.0,91975.4215
600192.SH,20160708,10.89,11.14,10.69,10.71,293748.56,320042.965
002173.SZ,20160708,20.76,20.97,20.39,20.48,16777.18,34441.0606
300091.SZ,20160708,14.59,14.59,14.23,14.33,59735.47,85732.9916
600378.SH,20160708,16.64,18.67,16.64,18.67,185563.39,341938.08
002267.SZ,20160708,10.57,10.65,10.44,10.47,75498.52,79423.4005
002224.SZ,20160708,23.53,24.5,23.3,23.3,601855.96,1438642.9429
600215.SH,20160708,7.02,7.12,6.9,7.06,122198.12,85730.899
600845.SH,20160708,23.1,23.35,22.88,23.14,67064.03,155317.353
002290.SZ,20160708,27.9,28.46,27.5,27.8,53781.85,150140.8865
600203.SH,20160708,14.1,14.25,13.9,13.92,100193.12,140557.512
002358.SZ,20160708,15.63,15.77,15.5,15.68,91413.77,143044.6087
600721.SH,20160708,18.93,19.0,18.7,18.81,5780.12,10885.848
002037.SZ,20160708,16.3,16.55,16.21,16.25,26956.01,44187.8047
300066.SZ,20160708,10.1,10.18,9.48,9.48,1125290.51,1094596.9781
000011.SZ,20160708,13.26,13.48,13.25,13.38,56846.5,76016.7701
601599.SH,20160708,9.9,10.98,9.82,10.6,514139.93,539000.28
000525.SZ,20160708,13.21,13.34,13.15,13.17,39280.23,52022.3861
600397.SH,20160708,4.58,4.59,4.51,4.54,130943.63,59505.813
600052.SH,20160708,6.78,7.3,6.73,7.1,291272.53,204654.218
002286.SZ,20160708,14.83,14.85,14.37,14.49,89121.54,129744.0171
002271.SZ,20160708,18.99,19.16,18.79,19.0,88671.24,167791.0947
000748.SZ,20160708,20.53,20.79,20.47,20.58,230693.81,475580.021
002668.SZ,20160708,67.07,69.5,65.01,68.45,53567.13,358673.8042
600463.SH,20160708,14.02,14.25,13.93,14.11,68841.98,97227.006
000591.SZ,20160708,15.0,15.08,14.87,15.06,47187.84,70651.0982
601969.SH,20160708,12.08,12.26,11.82,11.9,54936.76,65802.442
600727.SH,20160708,9.06,9.24,9.06,9.17,68082.36,62439.231
002623.SZ,20160708,38.9,39.83,38.55,38.61,48378.9,188752.1394
600876.SH,20160708,27.95,28.5,27.8,27.84,71273.51,200390.428
002493.SZ,20160708,12.26,12.39,12.23,12.28,23094.4,28368.0158
600830.SH,20160708,9.64,9.78,9.58,9.69,103966.06,100507.72
600719.SH,20160708,7.58,7.73,7.48,7.7,102782.01,78388.293
600802.SH,20160708,8.38,8.58,8.32,8.52,80672.26,68207.164
002388.SZ,20160708,12.15,12.6,12.1,12.26,151085.12,186887.2098
600565.SH,20160708,6.59,6.62,6.54,6.57,258345.83,170082.408
300313.SZ,20160708,17.56,17.59,17.13,17.16,43964.36,75848.604
000012.SZ,20160708,11.45,11.46,11.22,11.3,120401.9,136287.405
002698.SZ,20160708,19.21,19.37,19.12,19.18,30444.71,58538.5138
600971.SH,20160708,5.9,5.94,5.74,5.77,217096.22,126497.275
000402.SZ,20160708,9.54,9.77,9.48,9.75,348812.22,336543.6942
300028.SZ,20160708,17.35,17.61,17.3,17.44,139168.37,242978.1152
300215.SZ,20160708,13.38,13.44,13.2,13.37,72305.66,96164.9066
000100.SZ,20160708,3.36,3.37,3.34,3.35,556551.42,186901.6671
300001.SZ,20160708,22.28,22.44,22.01,22.1,103694.37,230557.0705
002064.SZ,20160708,4.76,4.78,4.73,4.75,77123.01,36672.693
300059.SZ,20160708,22.2,22.48,22.07,22.17,741032.29,1651489.844
601211.SH,20160708,18.02,18.19,17.96,18.07,285179.12,515476.811
300069.SZ,20160708,32.05,32.86,31.73,31.76,24597.18,79287.5242
002321.SZ,20160708,10.08,10.26,10.02,10.11,87422.38,88833.7633
600958.SH,20160708,17.57,17.73,17.36,17.49,499212.58,874377.553
300170.SZ,20160708,14.81,15.1,14.8,14.83,195770.96,292796.4764
000026.SZ,20160708,11.74,11.95,11.67,11.9,89622.24,106255.5184
002091.SZ,20160708,16.17,16.2,15.81,15.82,223243.07,356285.2686
601003.SH,20160708,3.82,3.85,3.78,3.79,171266.31,65275.555
002313.SZ,20160708,21.9,21.9,20.66,21.9,1009157.92,2165611.9332
000652.SZ,20160708,4.73,4.75,4.7,4.71,97676.55,46071.4223
601225.SH,20160708,5.75,5.78,5.55,5.73,215254.47,121434.539
600671.SH,20160708,34.8,34.8,33.2,33.4,38210.8,128956.741
300442.SZ,20160708,54.71,57.49,53.0,53.0,69636.29,383043.7266
002670.SZ,20160708,28.98,29.44,28.7,29.04,27617.91,80310.4821
600525.SH,20160708,13.9,13.95,13.68,13.77,171431.52,235671.926
002360.SZ,20160708,11.53,11.66,11.52,11.57,38956.72,45208.6607
000996.SZ,20160708,21.82,22.16,21.32,21.39,114791.48,247905.5615
600496.SH,20160708,4.48,4.48,4.37,4.38,147304.42,64843.503
300228.SZ,20160708,16.93,18.59,16.9,18.09,709255.44,1276522.1758
600425.SH,20160708,4.34,4.35,4.3,4.31,112399.03,48573.363
600225.SH,20160708,6.13,6.19,6.0,6.17,99462.24,60858.985
600967.SH,20160708,11.24,11.86,11.19,11.54,408964.22,471660.465
600188.SH,20160708,12.28,12.36,11.88,12.01,155485.6,186603.169
000613.SZ,20160708,14.25,14.7,14.25,14.54,69283.71,100567.6261
002184.SZ,20160708,26.67,27.45,26.56,26.97,80670.14,217818.6754
300317.SZ,20160708,33.07,33.07,31.89,31.9,48792.76,157664.9734
002068.SZ,20160708,7.77,7.77,7.61,7.67,99927.61,76464.1487
002008.SZ,20160708,23.22,23.56,23.11,23.25,118242.39,275782.9228
600405.SH,20160708,13.59,13.73,13.45,13.59,191073.31,260182.294
002461.SZ,20160708,12.07,12.08,11.92,11.95,31729.89,38077.0658
002565.SZ,20160708,7.66,7.74,7.61,7.66,57301.82,44042.2151
300158.SZ,20160708,17.17,17.19,16.88,16.94,29734.16,50514.7168
600489.SH,20160708,14.42,15.09,14.34,14.65,2296771.73,3368998.162
600610.SH,20160708,14.5,14.52,14.24,14.29,191768.92,274750.592
300408.SZ,20160708,17.77,18.1,17.54,17.81,131296.12,234239.5911
600208.SH,20160708,4.27,4.33,4.22,4.23,233253.18,99641.797
600841.SH,20160708,14.3,14.62,14.21,14.41,34927.4,50481.11
600715.SH,20160708,18.1,18.15,17.96,18.0,34578.0,62346.18
002254.SZ,20160708,14.74,14.95,14.59,14.76,52489.52,77294.2571
601208.SH,20160708,8.56,8.59,8.46,8.51,73038.96,62293.098
002304.SZ,20160708,75.02,75.73,74.39,75.3,23544.78,176502.7175
600766.SH,20160708,15.88,15.96,15.6,15.64,145959.18,229509.973
600000.SH,20160708,15.55,15.56,15.44,15.45,149013.31,230568.191
300032.SZ,20160708,19.1,19.2,18.71,18.91,152528.42,287934.2023
600880.SH,20160708,8.68,8.86,8.64,8.74,252266.04,220992.685
600222.SH,20160708,8.28,8.28,8.09,8.19,60569.14,49525.243
000703.SZ,20160708,10.28,10.45,10.25,10.34,65989.44,68266.5368
000971.SZ,20160708,26.18,26.4,25.88,26.15,34559.48,90415.5029
002646.SZ,20160708,22.16,22.64,22.1,22.12,81592.57,182100.9636
600980.SH,20160708,35.57,36.31,33.0,33.12,178613.43,612385.542
000059.SZ,20160708,10.02,10.02,9.8,10.0,285800.59,283069.487
601789.SH,20160708,6.03,6.26,6.03,6.14,369473.0,227690.12
002159.SZ,20160708,26.5,27.43,26.06,27.3,29033.59,77951.1682
600128.SH,20160708,14.02,14.08,13.8,13.81,90574.29,126093.724
000902.SZ,20160708,12.69,12.75,12.58,12.63,47706.91,60280.1464
300336.SZ,20160708,23.68,23.69,23.33,23.44,126066.95,295544.1204
600237.SH,20160708,7.46,7.65,7.45,7.54,272969.72,205603.252
600313.SH,20160708,5.57,5.57,5.41,5.42,137114.49,74866.858
600161.SH,20160708,29.17,30.17,29.16,29.6,71154.23,212001.474
600218.SH,20160708,10.22,10.27,10.13,10.16,82802.04,84468.133
300419.SZ,20160708,41.68,43.18,41.68,42.22,40792.79,172931.7318
300159.SZ,20160708,17.5,17.85,17.36,17.47,57730.29,101343.3268
600242.SH,20160708,14.46,14.69,14.38,14.48,18440.51,26772.989
000570.SZ,20160708,8.89,8.97,8.86,8.87,68863.8,61400.03
000558.SZ,20160708,16.12,16.28,16.01,16.07,116575.85,187918.8781
600067.SH,20160708,7.26,7.29,7.1,7.12,171786.59,122866.486
600201.SH,20160708,29.7,29.95,29.05,29.09,71176.34,209262.367
300296.SZ,20160708,30.33,30.39,29.67,30.31,76943.97,231020.6966
300137.SZ,20160708,14.7,14.78,14.57,14.71,61187.34,89862.2542
601020.SH,20160708,37.01,42.0,37.0,39.92,232542.68,924474.308
600858.SH,20160708,8.37,8.5,8.37,8.45,40827.22,34455.639
002427.SZ,20160708,20.18,20.56,20.0,20.52,78474.18,159706.7292
300431.SZ,20160708,68.1,70.36,67.1,68.68,210523.47,1448155.9227
002615.SZ,20160708,18.01,18.19,18.0,18.04,42796.45,77428.4583
002486.SZ,20160708,4.74,4.79,4.68,4.76,130244.57,61689.4562
600784.SH,20160708,9.46,9.46,9.2,9.34,161076.16,149711.552
600066.SH,20160708,20.47,20.58,20.39,20.4,50236.85,102805.361
002030.SZ,20160708,29.1,29.1,28.4,28.42,229284.39,655751.4839
600070.SH,20160708,15.51,15.76,14.92,15.12,150012.54,230274.247
300424.SZ,20160708,67.3,69.68,66.89,68.29,15540.29,106351.3832
002523.SZ,20160708,6.37,6.65,6.33,6.59,197858.02,130112.2167
600299.SH,20160708,14.56,14.74,14.43,14.61,41840.37,61044.617
600647.SH,20160708,24.7,24.71,24.24,24.6,19820.25,48420.871
002694.SZ,20160708,18.8,19.65,18.39,19.43,65440.28,124252.4262
300330.SZ,20160708,17.89,18.16,17.77,17.96,40389.85,72514.4331
300031.SZ,20160708,23.9,24.35,23.81,24.27,49022.35,118205.374
002529.SZ,20160708,19.41,19.8,19.39,19.41,53486.07,104791.8759
002597.SZ,20160708,14.13,14.37,13.95,14.13,90759.6,128756.6438
002588.SZ,20160708,12.8,12.94,12.74,12.85,48842.85,62633.1948
603167.SH,20160708,10.2,10.23,10.11,10.18,62592.77,63699.581
002001.SZ,20160708,22.95,23.66,22.93,23.04,179698.88,417555.4149
300341.SZ,20160708,16.3,17.77,16.3,17.71,145202.31,250859.1731
600863.SH,20160708,3.07,3.08,3.05,3.05,117034.8,35806.865
002364.SZ,20160708,27.04,27.1,26.61,26.85,74301.75,199626.4883
300479.SZ,20160708,40.85,41.48,40.8,41.09,36198.04,149249.1485
002238.SZ,20160708,14.55,14.85,14.49,14.82,45275.06,66476.4214
002436.SZ,20160708,23.43,24.55,23.15,23.7,70221.5,168084.4994
002779.SZ,20160708,45.95,47.28,45.5,45.96,49995.13,231962.0325
601985.SH,20160708,6.98,6.99,6.94,6.96,386523.09,269036.171
000731.SZ,20160708,7.38,7.39,7.34,7.37,73441.92,54125.3436
601058.SH,20160708,3.46,3.46,3.42,3.44,201201.8,69209.19
300187.SZ,20160708,13.9,14.06,13.82,13.93,50012.25,69634.5492
002239.SZ,20160708,17.2,17.5,16.72,16.81,72715.58,124575.4758
300278.SZ,20160708,18.8,19.28,18.6,19.05,131228.16,248622.5623
600563.SH,20160708,46.76,46.76,45.35,45.4,49373.9,226345.938
600602.SH,20160708,10.84,11.05,10.76,10.82,175939.49,191900.634
002288.SZ,20160708,10.7,10.88,10.53,10.64,454477.42,484666.7084
600552.SH,20160708,20.35,20.45,20.08,20.19,51407.54,104050.757
002478.SZ,20160708,11.54,11.58,11.47,11.5,25436.84,29308.0357
600446.SH,20160708,34.61,35.39,34.44,34.87,260035.87,910563.172
300020.SZ,20160708,18.36,18.85,18.27,18.52,250226.65,464421.9512
600362.SH,20160708,14.43,14.78,14.39,14.49,307061.88,446481.112
600011.SH,20160708,7.26,7.26,7.1,7.12,151731.62,108179.456
300502.SZ,20160708,130.73,131.66,124.99,125.3,28459.35,365649.6309
000561.SZ,20160708,11.8,12.33,11.72,12.06,181372.53,219215.329
600617.SH,20160708,12.1,12.11,11.91,12.0,43332.39,51907.925
600033.SH,20160708,3.27,3.28,3.24,3.26,105455.23,34357.824
002708.SZ,20160708,14.17,14.36,14.0,14.14,140044.33,199113.2491
002139.SZ,20160708,14.58,14.6,14.35,14.47,124903.96,180561.2891
000416.SZ,20160708,7.83,7.88,7.78,7.86,68799.3,53873.871
002444.SZ,20160708,19.8,19.94,19.6,19.7,176598.78,348815.7953
603166.SH,20160708,20.89,22.5,20.52,22.13,224200.74,491432.831
603729.SH,20160708,81.15,81.2,79.6,80.3,12504.77,100362.325
002365.SZ,20160708,21.8,21.8,20.95,21.01,89410.98,190194.0867
000911.SZ,20160708,27.15,27.15,26.0,26.51,157567.65,416089.8145
601011.SH,20160708,5.74,5.77,5.64,5.67,467259.48,265608.656
002700.SZ,20160708,14.18,14.23,14.0,14.11,24250.16,34218.619
300141.SZ,20160708,37.88,38.2,36.5,36.5,67274.03,251072.2814
300473.SZ,20160708,74.4,75.3,73.01,73.74,36319.45,269750.8348
600748.SH,20160708,9.94,10.01,9.88,9.94,46070.0,45764.452
300378.SZ,20160708,28.58,29.2,28.26,28.78,32603.7,93832.7091
300050.SZ,20160708,14.06,14.29,13.9,14.18,59093.38,83421.2329
603101.SH,20160708,34.3,35.5,33.62,34.34,179907.39,622549.163
603222.SH,20160708,15.63,15.74,15.31,15.37,76848.42,119082.362
300188.SZ,20160708,26.78,28.14,26.5,27.77,286696.18,786561.6922
002577.SZ,20160708,52.0,52.44,51.38,51.85,73999.79,383251.6416
600781.SH,20160708,18.08,18.22,17.83,17.9,38673.08,69668.415
600159.SH,20160708,4.76,4.81,4.75,4.78,67084.1,32063.745
600804.SH,20160708,18.31,18.56,18.2,18.45,113993.07,209573.542
000020.SZ,20160708,20.93,21.24,20.88,21.09,25232.55,53175.1472
300014.SZ,20160708,51.34,51.99,49.0,49.13,357250.57,1802882.8876
300204.SZ,20160708,18.56,18.79,18.32,18.59,31388.79,58111.1428
600666.SH,20160708,36.11,36.95,36.03,36.86,57484.58,210180.942
600319.SH,20160708,9.59,9.87,9.48,9.74,49029.67,47435.827
002218.SZ,20160708,9.9,9.9,9.7,9.75,108426.57,106080.9714
600125.SH,20160708,6.87,6.91,6.78,6.82,123536.14,84396.085
601880.SH,20160708,6.0,6.15,5.97,6.08,468727.51,284179.118
002449.SZ,20160708,13.67,13.72,13.47,13.55,104082.41,141338.534
300236.SZ,20160708,52.01,52.05,49.23,49.72,95540.3,481072.5355
002086.SZ,20160708,9.04,9.25,8.95,9.0,244300.59,222463.5626
000826.SZ,20160708,30.78,31.13,30.43,30.84,61658.02,189470.7527
600028.SH,20160708,4.78,4.78,4.73,4.75,558735.87,265223.207
300062.SZ,20160708,26.21,26.76,25.88,25.88,55742.45,145539.3777
000789.SZ,20160708,6.53,6.53,6.42,6.44,107003.65,69144.8452
000598.SZ,20160708,5.39,5.42,5.37,5.39,211896.35,114359.1743
600409.SH,20160708,7.68,8.04,7.64,7.65,451778.08,355660.059
600685.SH,20160708,33.61,34.14,32.15,32.21,251004.87,824286.441
601966.SH,20160708,22.62,22.62,22.62,22.62,440.0,995.28
000833.SZ,20160708,14.25,14.33,13.92,14.03,139051.86,195987.7477
300057.SZ,20160708,16.25,16.43,15.78,15.88,58330.48,93297.5995
600332.SH,20160708,25.7,25.95,25.57,25.59,87014.75,223627.481
300178.SZ,20160708,19.36,19.9,19.27,19.9,182875.87,359751.58
300210.SZ,20160708,18.61,18.84,18.26,18.6,36395.89,67644.8912
002003.SZ,20160708,15.44,15.68,15.25,15.53,39626.15,61334.5368
002763.SZ,20160708,36.36,36.56,35.81,35.86,34291.04,123561.3981
603022.SH,20160708,22.3,22.51,22.02,22.13,52445.41,116600.728
000055.SZ,20160708,17.98,18.09,17.46,18.0,83574.15,148945.0761
000691.SZ,20160708,8.07,8.1,8.0,8.04,38966.07,31348.9881
603338.SH,20160708,49.09,49.38,48.58,48.72,8708.1,42507.572
300241.SZ,20160708,17.65,17.95,17.5,17.7,54287.36,96370.2195
603377.SH,20160708,47.6,49.68,47.01,48.28,56227.63,272952.622
600277.SH,20160708,6.22,6.22,6.11,6.15,178068.68,109435.811
601908.SH,20160708,7.57,7.57,7.46,7.48,102809.95,77056.897
600809.SH,20160708,23.97,24.08,23.2,23.89,67773.7,160840.403
600706.SH,20160708,18.2,18.37,18.16,18.22,25457.24,46514.238
000413.SZ,20160708,9.23,9.29,9.02,9.08,860250.32,785773.4924
002798.SZ,20160708,90.32,91.7,89.0,89.49,34812.8,314521.505
601016.SH,20160708,9.92,9.94,9.85,9.9,39985.58,39542.794
000989.SZ,20160708,24.08,24.47,23.95,24.24,24763.34,59835.5747
002759.SZ,20160708,28.11,28.11,28.11,28.11,2860.5,8040.8655
600859.SH,20160708,15.9,15.95,15.75,15.77,44428.13,70368.737
000993.SZ,20160708,9.22,9.25,9.01,9.08,76402.93,69596.5858
000836.SZ,20160708,6.35,6.55,6.34,6.53,244052.26,158239.9167
300337.SZ,20160708,8.25,8.45,8.14,8.26,117063.16,96870.2995
000969.SZ,20160708,14.91,15.23,14.64,14.99,327101.8,489312.8592
600961.SH,20160708,11.15,11.5,11.09,11.14,157503.75,177637.934
002351.SZ,20160708,12.61,12.91,12.37,12.77,191496.29,243179.4978
601991.SH,20160708,3.98,4.01,3.96,3.98,131339.02,52308.523
000727.SZ,20160708,3.28,3.32,3.26,3.26,558393.77,183544.0509
002307.SZ,20160708,8.02,8.09,7.97,8.01,74250.3,59620.1556
601360.SH,20160708,14.21,14.34,14.06,14.13,135606.56,192411.306
002401.SZ,20160708,18.17,18.55,18.02,18.3,102737.03,188122.2658
002655.SZ,20160708,16.24,16.52,16.03,16.16,117563.3,191237.5909
000656.SZ,20160708,4.01,4.03,3.98,3.99,247008.41,98784.192
600386.SH,20160708,19.23,19.23,18.9,19.04,52245.35,99394.705
000626.SZ,20160708,61.87,62.78,61.52,62.01,35981.5,224004.8087
002056.SZ,20160708,17.57,17.7,17.3,17.32,281354.5,490659.0179
600071.SH,20160708,29.4,29.95,29.13,29.44,17246.38,50805.405
000987.SZ,20160708,13.3,13.37,13.1,13.1,64434.66,84956.3213
002771.SZ,20160708,100.45,102.71,100.0,100.74,11556.58,117073.664
600628.SH,20160708,12.11,12.12,11.99,12.0,41872.72,50432.749
601339.SH,20160708,6.38,6.39,6.32,6.35,46055.93,29224.537
300213.SZ,20160708,28.69,29.17,28.37,28.93,55872.4,160934.0026
600528.SH,20160708,11.63,11.98,11.62,11.74,310391.18,365578.995
600361.SH,20160708,6.67,6.71,6.5,6.53,57919.82,38192.429
600657.SH,20160708,5.11,5.14,5.06,5.11,82094.38,41879.146
600461.SH,20160708,13.46,13.5,13.32,13.33,31130.2,41689.892
002042.SZ,20160708,11.54,11.78,11.37,11.47,110886.33,128127.4142
603008.SH,20160708,17.6,17.75,17.21,17.46,39456.03,68876.354
600106.SH,20160708,7.16,7.18,7.1,7.12,68737.5,48988.164
300087.SZ,20160708,11.5,11.57,11.23,11.51,48019.32,54764.6236
000708.SZ,20160708,12.18,12.27,11.9,12.03,60696.35,72705.2815
600476.SH,20160708,29.18,29.6,28.9,29.31,18909.9,55526.985
600716.SH,20160708,7.68,7.72,7.56,7.61,68719.89,52411.713
000739.SZ,20160708,6.41,6.42,6.35,6.35,83904.74,53530.3122
000488.SZ,20160708,8.1,8.1,8.0,8.07,137884.11,111275.6223
300489.SZ,20160708,91.99,95.06,91.05,94.1,16314.01,152882.3573
002705.SZ,20160708,16.24,16.45,16.15,16.18,35178.41,57299.1979
002475.SZ,20160708,19.7,20.22,19.64,19.98,129367.49,259444.1975
002786.SZ,20160708,29.39,29.73,29.05,29.42,68519.62,201491.7397
600837.SH,20160708,15.71,15.95,15.71,15.83,232920.53,368885.565
600597.SH,20160708,13.54,13.75,13.37,13.51,70812.85,95859.671
002104.SZ,20160708,16.39,16.67,16.19,16.39,236992.77,389784.987
000927.SZ,20160708,5.3,5.34,5.26,5.32,141327.57,74874.7351
600075.SH,20160708,11.55,11.55,11.35,11.44,83296.39,95341.883
002513.SZ,20160708,14.8,14.82,14.63,14.81,17068.37,25147.7517
002716.SZ,20160708,26.52,27.3,26.33,26.55,548791.9,1466598.3442
600824.SH,20160708,6.29,6.29,6.19,6.23,134902.88,84115.419
002509.SZ,20160708,10.72,11.27,10.72,11.09,247942.39,275186.4807
601998.SH,20160708,5.76,5.76,5.71,5.72,184054.09,105287.889
600175.SH,20160708,4.84,4.84,4.78,4.78,154084.65,74064.831
600375.SH,20160708,5.93,5.99,5.9,5.94,58191.8,34598.464
002709.SZ,20160708,74.5,74.64,72.39,72.42,172032.31,1262886.8792
300342.SZ,20160708,30.25,30.25,29.31,29.97,46406.93,137960.3044
002209.SZ,20160708,19.66,19.73,19.36,19.51,39663.98,77378.6345
600178.SH,20160708,8.95,9.32,8.91,9.28,81677.6,74553.976
002415.SZ,20160708,24.05,24.06,23.69,23.91,131133.96,313142.0181
601398.SH,20160708,4.35,4.35,4.27,4.29,1154007.88,496377.386
002571.SZ,20160708,15.5,15.95,15.37,15.85,72850.09,114545.8402
001979.SZ,20160708,14.69,14.75,14.51,14.67,230358.96,337271.8748
000590.SZ,20160708,23.66,23.97,23.3,23.53,22599.22,53309.6511
600765.SH,20160708,16.45,16.8,16.31,16.36,250605.57,414287.119
300189.SZ,20160708,6.11,6.25,6.01,6.02,422158.13,256523.6047
603861.SH,20160708,34.5,34.96,33.58,34.04,80071.07,274248.338
300457.SZ,20160708,77.02,77.53,75.17,75.51,20095.23,153493.1975
300026.SZ,20160708,17.11,17.98,17.0,17.69,212340.49,371789.4073
600369.SH,20160708,7.5,7.58,7.48,7.51,283307.86,213235.386
000928.SZ,20160708,13.15,13.67,13.05,13.65,164477.83,219631.6005
000878.SZ,20160708,11.1,11.29,11.02,11.11,476186.98,529465.8496
300012.SZ,20160708,12.42,12.42,12.2,12.27,83637.26,102798.3272
600166.SH,20160708,2.87,2.88,2.81,2.83,1113234.9,316011.844
000568.SZ,20160708,32.1,32.97,31.5,32.8,143008.09,459463.1644
601333.SH,20160708,4.02,4.02,3.96,3.98,190095.31,75580.377
600533.SH,20160708,5.06,5.17,5.01,5.14,175557.2,89573.167
002568.SZ,20160708,23.21,24.9,23.12,24.01,171307.17,414595.1696
002669.SZ,20160708,23.94,23.97,23.45,23.75,30456.5,72210.7109
002392.SZ,20160708,5.14,5.16,5.06,5.08,116498.35,59334.3553
000058.SZ,20160708,10.75,10.93,10.62,10.81,116008.38,124724.0743
600116.SH,20160708,8.65,8.69,8.45,8.46,598107.45,510169.62
600199.SH,20160708,12.16,12.45,12.0,12.04,156600.22,190950.145
600728.SH,20160708,9.6,9.64,9.5,9.56,157390.33,150709.924
002083.SZ,20160708,6.26,6.29,6.23,6.25,59345.64,37107.4111
000702.SZ,20160708,13.38,13.38,12.87,12.91,112978.07,147453.2727
600177.SH,20160708,13.95,13.95,13.86,13.89,83346.72,115787.033
000056.SZ,20160708,12.99,12.99,12.61,12.65,23657.06,30085.138
300221.SZ,20160708,25.68,27.0,25.45,25.45,185182.29,486910.3616
002757.SZ,20160708,49.5,51.15,47.84,48.08,81316.86,400863.4519
002460.SZ,20160708,38.55,39.8,37.37,37.39,1392072.62,5335873.3121
600114.SH,20160708,17.36,17.43,17.03,17.09,70097.45,120241.787
002357.SZ,20160708,15.11,15.58,15.07,15.39,78227.01,120302.4049
000650.SZ,20160708,8.35,8.44,8.3,8.31,126150.11,105442.4047
600056.SH,20160708,16.52,16.53,16.24,16.28,51757.22,84583.266
300145.SZ,20160708,23.48,25.0,23.01,24.3,62979.39,149902.0398
002418.SZ,20160708,11.48,11.48,11.14,11.15,281845.41,318340.5574
000695.SZ,20160708,16.55,16.66,16.34,16.35,29794.9,49044.3418
000514.SZ,20160708,7.79,7.85,7.72,7.75,95467.12,74173.4543
600560.SH,20160708,16.51,16.62,16.32,16.47,43083.32,70955.493
002244.SZ,20160708,6.85,6.86,6.8,6.82,100090.21,68239.6056
000726.SZ,20160708,11.32,11.43,11.26,11.3,40003.41,45304.3064
600867.SH,20160708,20.97,21.06,20.79,20.85,56631.82,118332.736
300480.SZ,20160708,26.0,26.79,25.6,26.06,58085.51,152254.8821
002237.SZ,20160708,14.25,14.48,14.11,14.3,490759.81,701740.3509
300002.SZ,20160708,10.49,10.89,10.37,10.6,248261.59,265193.1154
300123.SZ,20160708,14.75,14.97,14.66,14.73,44570.74,65894.0422
300471.SZ,20160708,49.75,51.61,49.4,51.2,37949.78,192805.3347
600281.SH,20160708,6.49,6.56,6.39,6.46,63311.65,40918.045
300497.SZ,20160708,125.3,126.9,122.38,122.8,19637.84,244747.5709
002462.SZ,20160708,37.68,37.68,36.85,37.22,30926.73,114769.9304
603368.SH,20160708,87.5,87.5,85.78,86.0,22673.19,195907.118
000530.SZ,20160708,11.82,12.05,11.72,11.84,116101.9,138179.6775
002023.SZ,20160708,18.32,18.56,17.84,18.04,180523.12,326852.758
600037.SH,20160708,15.45,15.95,15.4,15.8,305836.54,479461.233
600807.SH,20160708,13.49,14.12,13.1,13.83,422849.6,575321.163
600613.SH,20160708,15.43,15.43,15.05,15.12,36661.75,55592.088
000897.SZ,20160708,3.94,3.96,3.9,3.95,112530.25,44279.4097
002214.SZ,20160708,12.35,12.46,12.22,12.34,58685.35,72590.7024
600683.SH,20160708,9.24,9.33,9.16,9.31,22395.17,20736.179
002080.SZ,20160708,20.43,21.24,20.28,21.1,150847.67,316359.1344
300349.SZ,20160708,41.55,42.18,40.0,40.01,81642.51,335689.6461
600507.SH,20160708,5.1,5.28,5.08,5.16,179478.32,93469.607
600687.SH,20160708,17.44,17.95,17.22,17.65,233180.52,409223.853
002680.SZ,20160708,43.01,43.5,42.68,42.98,19421.21,83619.0379
600758.SH,20160708,11.16,11.2,10.86,10.98,63164.84,69466.606
002363.SZ,20160708,12.96,12.99,12.76,12.9,82182.26,105903.6807
002540.SZ,20160708,8.66,8.67,8.4,8.44,137948.2,116808.4777
300076.SZ,20160708,11.63,11.77,11.45,11.6,99306.88,115499.5389
600549.SH,20160708,30.6,31.25,30.42,30.48,204394.56,627074.516
600300.SH,20160708,6.14,6.18,6.08,6.08,128817.36,78841.783
600122.SH,20160708,12.86,13.25,12.78,12.99,234950.35,307057.793
600592.SH,20160708,10.6,10.74,10.51,10.62,75041.11,79962.589
002497.SZ,20160708,7.97,8.01,7.84,7.88,272848.58,215588.3186
300422.SZ,20160708,33.56,33.7,33.24,33.39,18302.09,61295.7958
002240.SZ,20160708,13.75,13.93,13.55,13.77,131388.51,180283.8682
000758.SZ,20160708,9.95,10.24,9.68,10.24,4151708.66,4185753.7798
600432.SH,20160708,8.63,8.63,8.63,8.63,34024.15,29362.841
601618.SH,20160708,3.81,3.81,3.75,3.76,382626.43,144294.645
000622.SZ,20160708,7.99,8.07,7.86,7.92,39850.0,31690.807
002098.SZ,20160708,12.15,12.23,11.99,12.11,39165.36,47479.0796
600126.SH,20160708,6.28,6.35,6.22,6.29,79104.73,49747.797
002197.SZ,20160708,19.2,21.1,19.2,21.1,272157.35,553604.1157
601798.SH,20160708,12.71,13.08,12.6,12.95,50969.19,65649.374
300366.SZ,20160708,36.61,37.77,36.25,37.12,42135.42,155829.6071
600283.SH,20160708,13.7,13.7,13.2,13.36,139543.53,186911.459
002443.SZ,20160708,13.74,13.86,13.58,13.82,180306.93,247477.6054
000065.SZ,20160708,33.05,34.45,33.05,33.96,59007.51,199237.2208
002160.SZ,20160708,9.6,9.62,9.4,9.58,94261.92,89415.8048
600794.SH,20160708,5.3,5.35,5.21,5.31,124207.13,65666.614
600493.SH,20160708,13.82,15.14,13.82,14.94,138554.2,200959.035
600233.SH,20160708,21.0,21.73,20.09,20.8,277353.98,580927.164
002328.SZ,20160708,10.72,10.97,10.7,10.74,98961.38,106961.816
002323.SZ,20160708,12.92,13.05,12.76,12.9,72423.96,93460.0411
002416.SZ,20160708,19.4,19.67,19.33,19.42,115930.49,226012.6781
002287.SZ,20160708,38.21,38.75,37.88,37.88,24880.3,94999.8404
002183.SZ,20160708,14.1,14.1,13.85,13.91,390458.63,544329.6754
002221.SZ,20160708,13.3,13.4,12.85,12.89,161932.03,210648.7926
000877.SZ,20160708,6.32,6.34,6.28,6.31,92311.14,58192.4312
002480.SZ,20160708,10.66,10.68,10.38,10.47,66883.84,70160.0262
603959.SH,20160708,47.55,47.55,45.18,45.31,171094.54,788945.465
600289.SH,20160708,13.99,14.23,13.88,14.09,126669.53,178021.095
600068.SH,20160708,6.32,6.32,6.14,6.17,433045.49,268517.054
600030.SH,20160708,16.58,16.78,16.54,16.59,812041.09,1350300.936
002014.SZ,20160708,16.53,16.53,16.26,16.28,29619.55,48405.0302
601567.SH,20160708,15.5,15.5,14.92,15.33,115282.02,174047.539
300395.SZ,20160708,27.26,27.74,26.82,26.87,50543.85,138104.2012
002025.SZ,20160708,24.6,25.67,24.4,25.3,153867.92,387897.1324
601799.SH,20160708,46.88,47.3,46.26,46.32,18607.96,86702.622
002035.SZ,20160708,23.98,24.2,23.5,24.2,25899.33,61914.2259
002733.SZ,20160708,29.71,31.67,29.67,30.26,166401.08,510694.8679
600651.SH,20160708,12.83,13.04,12.75,12.89,125647.71,162074.018
000609.SZ,20160708,13.0,13.57,12.96,13.48,75724.9,101511.5984
600599.SH,20160708,26.25,26.58,26.05,26.3,27754.02,73114.775
601368.SH,20160708,13.7,13.79,13.45,13.48,139726.45,189584.564
002394.SZ,20160708,15.5,15.5,15.19,15.32,40355.2,61732.3441
600315.SH,20160708,28.66,28.77,28.38,28.6,62944.89,179798.831
600847.SH,20160708,29.62,30.93,29.62,30.6,39699.83,120385.568
300024.SZ,20160708,25.6,25.89,25.5,25.6,215182.43,552967.1862
600171.SH,20160708,17.16,17.27,16.98,17.02,164698.88,281782.991
000930.SZ,20160708,11.45,11.69,11.39,11.45,304212.49,351025.0007
600998.SH,20160708,17.55,17.6,17.2,17.31,39716.03,69072.92
000882.SZ,20160708,4.15,4.15,4.08,4.11,274351.41,112787.6085
002062.SZ,20160708,6.18,6.18,6.05,6.06,103448.09,63026.9478
002005.SZ,20160708,6.01,6.14,5.97,6.1,263014.23,159561.0745
300233.SZ,20160708,26.8,26.89,26.46,26.76,27074.32,72349.9674
002361.SZ,20160708,7.85,7.85,7.71,7.79,120506.14,93785.8737
002736.SZ,20160708,17.05,17.4,16.98,17.24,214221.17,368324.5705
600170.SH,20160708,3.94,3.94,3.88,3.9,180670.19,70494.234
000158.SZ,20160708,13.63,13.64,13.43,13.51,92000.41,124470.0745
000903.SZ,20160708,8.65,9.16,8.51,8.9,701725.84,627540.1905
002367.SZ,20160708,15.7,15.78,15.52,15.54,52905.77,82690.5463
603017.SH,20160708,19.6,19.66,19.28,19.43,30926.59,60121.925
002235.SZ,20160708,19.2,19.43,18.7,18.85,101384.78,192083.5332
000671.SZ,20160708,6.0,6.0,5.97,5.98,69720.6,41721.0642
601098.SH,20160708,18.28,18.41,18.11,18.18,48812.03,88963.788
002015.SZ,20160708,9.7,9.78,9.61,9.72,44000.67,42684.9069
603118.SH,20160708,41.63,41.8,40.9,41.17,79820.51,329758.048
002241.SZ,20160708,27.72,28.08,27.58,27.7,77871.21,216528.0536
002077.SZ,20160708,22.74,23.33,22.24,22.26,53179.41,120331.6718
300286.SZ,20160708,29.28,29.58,28.51,28.91,27579.41,79724.2452
600462.SH,20160708,7.44,7.44,7.28,7.39,64558.47,47449.432
600737.SH,20160708,11.88,12.15,11.8,11.86,311695.05,372415.972
000156.SZ,20160708,18.88,19.08,18.74,18.89,82665.02,156445.469
002026.SZ,20160708,12.42,12.55,12.29,12.32,64844.36,80302.5406
300092.SZ,20160708,16.8,16.84,16.3,16.38,151832.37,250384.587
002282.SZ,20160708,13.54,13.54,13.18,13.35,37683.99,50217.9577
000750.SZ,20160708,7.51,7.68,7.45,7.59,883056.46,668276.6869
300309.SZ,20160708,13.3,13.68,13.08,13.31,132544.22,177206.2273
000919.SZ,20160708,15.06,15.58,14.9,14.9,291901.23,443156.4974
600363.SH,20160708,17.9,19.28,17.9,18.76,212444.65,398898.382
002453.SZ,20160708,8.86,8.94,8.82,8.85,111317.49,98757.8704
600009.SH,20160708,26.26,26.38,26.21,26.24,40985.91,107697.106
600505.SH,20160708,9.24,9.29,9.16,9.21,23320.46,21515.498
002584.SZ,20160708,13.66,13.99,13.37,13.81,95552.82,131229.279
600690.SH,20160708,9.51,9.64,9.46,9.55,306096.61,292528.575
600611.SH,20160708,6.83,6.84,6.77,6.78,138648.19,94227.991
603818.SH,20160708,16.75,16.86,16.4,16.5,29406.88,48762.858
600438.SH,20160708,6.56,6.68,6.46,6.64,191935.88,126942.348
002459.SZ,20160708,17.8,17.8,17.36,17.46,48599.52,85478.2702
600550.SH,20160708,6.03,6.08,6.0,6.04,59424.89,35844.288
002063.SZ,20160708,14.85,15.15,14.8,15.01,157289.02,236094.1911
000677.SZ,20160708,5.45,5.63,5.4,5.48,138237.01,76438.5517
600676.SH,20160708,9.13,9.15,9.06,9.06,36916.34,33559.464
600779.SH,20160708,17.93,18.49,17.93,18.15,88783.14,161623.693
600753.SH,20160708,28.18,28.38,28.0,28.07,11639.4,32694.42
600695.SH,20160708,8.66,8.67,8.59,8.62,36275.95,31296.706
002022.SZ,20160708,21.48,21.67,21.08,21.19,104828.23,222858.038
600367.SH,20160708,15.1,15.44,14.8,14.82,177053.24,265291.276
300367.SZ,20160708,24.37,25.04,24.3,24.88,100084.5,248303.0013
002545.SZ,20160708,8.85,9.27,8.68,9.26,174238.19,155827.6815
002564.SZ,20160708,7.87,7.94,7.82,7.89,134332.83,105845.8573
002383.SZ,20160708,36.78,37.5,36.56,36.78,48621.09,180316.114
002620.SZ,20160708,38.3,39.7,37.03,39.68,45832.01,177510.5147
600678.SH,20160708,13.13,13.13,12.74,12.79,100819.68,129517.262
300281.SZ,20160708,15.75,16.0,15.52,15.75,48946.23,76997.7698
000949.SZ,20160708,4.18,4.2,4.16,4.16,125050.85,52213.7449
601117.SH,20160708,5.7,5.71,5.65,5.7,120763.68,68504.132
002126.SZ,20160708,8.61,8.78,8.53,8.64,206974.22,179575.933
600387.SH,20160708,13.17,13.27,12.95,13.06,45212.48,59110.345
002272.SZ,20160708,8.95,9.3,8.95,9.02,831461.37,748761.6652
002253.SZ,20160708,36.72,37.6,36.66,37.06,80666.01,300169.0242
000523.SZ,20160708,11.02,11.36,10.97,11.11,91037.17,101746.2576
002317.SZ,20160708,12.65,12.92,12.4,12.44,156788.83,198291.2346
002066.SZ,20160708,17.99,18.49,17.88,17.9,98063.67,178022.1151
603599.SH,20160708,19.97,20.08,19.79,19.91,43211.88,86089.533
300329.SZ,20160708,20.1,20.23,19.9,20.08,44911.97,90162.971
600265.SH,20160708,26.1,26.14,25.92,26.08,5465.15,14226.954
600608.SH,20160708,9.87,9.93,9.8,9.89,18758.09,18495.203
300249.SZ,20160708,11.39,11.8,11.09,11.22,102637.51,116424.9046
002099.SZ,20160708,10.19,10.46,10.1,10.16,216660.68,222414.0161
600406.SH,20160708,13.56,13.63,13.43,13.45,177195.06,239277.353
600258.SH,20160708,19.82,20.48,19.79,20.09,33676.34,68040.809
600231.SH,20160708,2.53,2.63,2.51,2.6,637439.08,164921.011
000707.SZ,20160708,7.18,7.33,7.14,7.23,84322.82,61138.3799
002531.SZ,20160708,6.43,6.47,6.37,6.4,65287.67,41820.8316
000868.SZ,20160708,7.79,7.81,7.6,7.6,223696.98,171328.2882
601666.SH,20160708,4.28,4.3,4.22,4.26,137865.72,58686.167
002273.SZ,20160708,27.19,27.98,27.18,27.49,259748.67,717827.5604
300191.SZ,20160708,45.5,47.55,43.83,43.9,174015.84,791111.6039
601388.SH,20160708,23.68,24.05,22.8,23.29,321527.83,746825.141
600844.SH,20160708,6.74,6.98,6.73,6.92,129992.82,89770.016
300462.SZ,20160708,40.73,41.69,40.22,40.81,39565.08,162261.2574
002045.SZ,20160708,14.35,14.6,14.18,14.39,270234.27,389313.496
002121.SZ,20160708,11.56,11.84,11.5,11.69,307764.65,361013.0694
300518.SZ,20160708,83.01,83.01,83.01,83.01,246.24,2044.0382
600219.SH,20160708,8.11,8.12,7.91,7.93,619885.12,494937.798
002158.SZ,20160708,12.13,12.66,12.0,12.61,152693.63,189414.8805
603989.SH,20160708,31.74,32.97,31.6,32.11,57075.62,184943.562
002326.SZ,20160708,20.2,21.19,20.2,20.85,270545.18,560807.4458
002310.SZ,20160708,26.3,26.78,25.0,25.18,187469.7,481520.6507
002229.SZ,20160708,25.88,26.13,25.48,25.72,112126.13,289287.4964
002610.SZ,20160708,18.28,18.69,18.13,18.43,297770.15,548347.4315
601788.SH,20160708,17.51,17.76,17.34,17.56,337736.56,593428.291
002232.SZ,20160708,15.1,15.39,14.91,15.14,82936.69,125680.9075
300006.SZ,20160708,9.2,9.2,9.03,9.06,182532.7,165896.9728
300096.SZ,20160708,17.91,18.42,17.9,18.07,95554.3,173489.558
000616.SZ,20160708,5.46,5.55,5.43,5.5,181694.94,99839.2404
300084.SZ,20160708,12.43,12.59,12.2,12.35,102364.94,127014.224
002724.SZ,20160708,23.8,24.79,23.5,24.16,56034.92,135306.101
600526.SH,20160708,13.19,13.35,13.13,13.2,108123.39,143245.23
002745.SZ,20160708,34.89,35.45,34.61,34.93,30137.95,105782.082
300398.SZ,20160708,74.49,75.35,72.9,73.23,12434.56,92232.8631
000776.SZ,20160708,17.04,17.2,16.96,17.05,330616.05,564772.1328
600320.SH,20160708,4.49,4.49,4.4,4.42,106561.88,47242.36
002789.SZ,20160708,84.75,86.28,82.88,82.88,37079.39,314205.3596
000751.SZ,20160708,6.0,6.3,5.9,5.99,1352015.88,824126.3195
603958.SH,20160708,25.7,25.7,25.7,25.7,340.56,875.239
002245.SZ,20160708,14.5,14.96,14.03,14.05,460897.22,666316.5048
002614.SZ,20160708,12.5,12.58,12.3,12.35,44922.84,55674.2608
600086.SH,20160708,10.46,10.7,10.33,10.36,351702.71,369282.098
000738.SZ,20160708,27.97,29.0,27.97,28.38,248543.96,708800.0219
002292.SZ,20160708,29.13,29.5,28.91,29.29,136849.15,399641.4982
300250.SZ,20160708,28.5,29.05,28.05,28.8,47088.94,134812.4046
000983.SZ,20160708,8.71,8.74,8.51,8.63,417990.8,359760.074
603099.SH,20160708,18.79,18.97,18.57,18.66,36586.08,68549.152
300460.SZ,20160708,28.2,28.4,27.81,27.91,30599.19,85811.7059
002276.SZ,20160708,19.86,20.18,19.86,19.88,223875.32,447933.0304
600973.SH,20160708,8.0,8.24,7.96,8.18,150454.15,122263.406
000531.SZ,20160708,12.26,12.27,12.0,12.05,68202.93,82319.6042
600985.SH,20160708,11.27,11.33,11.1,11.31,40105.72,45023.514
002435.SZ,20160708,18.75,18.92,18.5,18.57,26545.32,49446.7016
000705.SZ,20160708,13.93,14.27,13.89,14.08,76625.81,107903.5868
600800.SH,20160708,7.27,7.29,7.17,7.19,114548.84,82783.228
300384.SZ,20160708,50.52,51.09,50.1,50.5,30519.98,154569.0159
000552.SZ,20160708,3.68,3.7,3.62,3.64,263845.52,96186.1306
603020.SH,20160708,25.8,26.15,25.4,25.45,57626.29,148115.672
300171.SZ,20160708,19.03,19.15,18.73,18.81,80647.79,152618.9365
002143.SZ,20160708,24.0,24.27,23.84,23.92,17582.03,42169.8183
002530.SZ,20160708,26.77,27.05,25.92,26.72,37421.5,99260.3692
300019.SZ,20160708,18.21,19.65,18.21,18.96,221071.51,420918.1879
300373.SZ,20160708,24.18,24.2,23.7,23.71,62709.67,149800.2764
000540.SZ,20160708,6.37,6.38,6.32,6.34,193187.15,122650.1185
002384.SZ,20160708,20.02,20.2,19.51,19.86,61756.81,123147.5209
000888.SZ,20160708,12.61,12.65,12.37,12.6,35890.44,45006.4816
601890.SH,20160708,9.86,10.35,9.86,10.17,548520.0,558126.485
002451.SZ,20160708,12.22,12.7,12.14,12.39,103518.54,128761.7528
000933.SZ,20160708,4.98,5.04,4.91,4.96,182625.54,90531.7855
002084.SZ,20160708,10.57,11.11,10.57,10.87,150988.31,164305.159
002701.SZ,20160708,8.81,8.87,8.78,8.78,129434.24,114070.0275
600558.SH,20160708,4.61,4.62,4.57,4.59,118124.7,54323.769
002437.SZ,20160708,8.81,8.84,8.68,8.76,104672.34,91510.8697
600333.SH,20160708,9.33,9.48,9.25,9.45,143576.92,134704.02
300225.SZ,20160708,7.58,7.83,7.42,7.83,210726.1,163343.7467
603012.SH,20160708,14.6,14.6,14.1,14.17,80937.69,115857.473
603520.SH,20160708,58.9,59.65,57.47,57.57,37454.84,218929.638
300267.SZ,20160708,14.96,15.04,14.62,14.74,101785.75,150081.2037
601001.SH,20160708,5.69,5.75,5.61,5.67,184942.09,104840.842
000595.SZ,20160708,10.36,10.4,10.12,10.19,73979.95,75633.8584
300131.SZ,20160708,12.1,12.9,12.06,12.63,859118.43,1076926.7838
600806.SH,20160708,6.4,6.46,6.34,6.43,38226.09,24498.354
002660.SZ,20160708,14.66,15.3,14.66,15.03,102885.85,154905.0765
601929.SH,20160708,4.12,4.14,4.1,4.11,137931.65,56795.101
002601.SZ,20160708,14.85,15.1,14.66,14.66,548420.85,813786.3667
600477.SH,20160708,7.61,7.63,7.43,7.48,248376.03,186003.118
000612.SZ,20160708,8.55,8.79,8.47,8.5,375096.12,323292.1737
300175.SZ,20160708,9.21,10.13,9.1,10.13,320131.85,316238.1825
002582.SZ,20160708,39.0,39.03,38.0,38.51,19618.19,75455.6693
002628.SZ,20160708,6.98,7.02,6.95,6.99,70180.84,49033.4307
000036.SZ,20160708,8.42,8.89,8.33,8.78,296904.19,255924.2652
300157.SZ,20160708,10.89,10.89,10.69,10.76,276668.61,298336.1769
603766.SH,20160708,19.85,20.26,19.77,19.86,43605.91,87206.126
600586.SH,20160708,4.37,4.39,4.32,4.33,178813.31,77644.589
601015.SH,20160708,11.8,11.8,11.53,11.62,175353.74,204406.38
000539.SZ,20160708,5.13,5.15,5.11,5.14,67969.36,34918.431
000732.SZ,20160708,19.75,19.75,19.6,19.62,13610.26,26752.6432
000812.SZ,20160708,10.04,10.06,9.91,9.94,58688.34,58578.1456
002715.SZ,20160708,34.51,35.15,33.8,34.36,47548.36,164748.3792
002791.SZ,20160708,59.21,63.0,58.4,61.6,144650.28,883544.0999
300474.SZ,20160708,158.4,162.63,157.02,157.27,34091.78,544555.3007
000509.SZ,20160708,5.77,5.9,5.77,5.82,206809.09,120854.4603
300200.SZ,20160708,15.87,16.11,15.82,16.0,34020.63,54298.7331
002398.SZ,20160708,14.13,14.37,13.93,14.33,60671.26,85986.519
002746.SZ,20160708,47.51,49.0,47.23,47.71,30760.36,148236.9795
000062.SZ,20160708,26.8,27.08,26.45,26.73,50928.73,136395.3568
600456.SH,20160708,21.7,22.5,21.21,22.29,100221.32,218591.396
600803.SH,20160708,11.89,11.94,11.76,11.81,51367.28,60664.69
601233.SH,20160708,11.35,11.55,11.27,11.38,86316.85,98237.291
002772.SZ,20160708,24.81,25.08,24.66,24.95,56883.17,141595.3198
000572.SZ,20160708,5.34,5.36,5.27,5.28,144146.18,76517.3872
002020.SZ,20160708,12.46,12.48,12.26,12.29,86474.16,106587.9574
600682.SH,20160708,28.48,29.17,27.8,27.86,64529.66,182468.952
002140.SZ,20160708,15.7,15.7,15.36,15.39,48457.16,75063.9681
600694.SH,20160708,40.09,42.55,39.77,41.33,95979.47,397045.323
002505.SZ,20160708,3.88,3.9,3.82,3.87,319803.78,123088.219
300201.SZ,20160708,18.08,18.42,18.02,18.25,76938.52,140612.3775
002176.SZ,20160708,16.17,16.48,15.61,15.63,1046895.63,1678046.0309
000534.SZ,20160708,16.91,17.0,16.38,16.39,120541.72,200271.8844
603601.SH,20160708,46.0,47.4,45.9,46.34,46851.55,218774.109
002348.SZ,20160708,6.65,6.78,6.58,6.65,125790.26,83977.0786
002749.SZ,20160708,90.68,91.99,88.8,88.8,12096.3,108990.7505
002696.SZ,20160708,19.03,19.4,19.0,19.0,40526.21,77561.3739
601601.SH,20160708,26.88,26.88,26.71,26.73,37336.03,99894.437
000048.SZ,20160708,35.88,37.02,35.55,36.33,23331.2,84740.8724
000404.SZ,20160708,9.86,9.87,9.58,9.64,104821.08,101471.5442
002036.SZ,20160708,22.57,23.14,22.4,22.78,169177.33,385707.809
300029.SZ,20160708,12.7,12.98,12.65,12.86,44211.36,56762.664
002128.SZ,20160708,7.83,7.89,7.8,7.83,145760.47,114274.1907
002541.SZ,20160708,18.6,18.68,18.12,18.22,33393.7,61069.437
600635.SH,20160708,6.16,6.16,6.1,6.12,170034.52,104142.867
601566.SH,20160708,15.7,15.87,15.59,15.82,23571.51,37014.364
300416.SZ,20160708,34.39,35.35,33.65,34.57,29134.33,100882.298
600605.SH,20160708,20.38,20.45,20.03,20.26,18372.82,37128.016
600229.SH,20160708,12.28,12.42,12.11,12.27,104204.22,128489.556
002796.SZ,20160708,90.01,92.17,88.09,89.49,64280.61,579659.1771
600699.SH,20160708,37.33,37.65,37.06,37.13,84088.92,314207.079
300351.SZ,20160708,31.6,32.19,31.01,31.95,53687.76,170059.0028
002423.SZ,20160708,9.86,10.07,9.86,9.93,50268.72,50181.8965
603131.SH,20160708,105.55,107.55,103.0,107.55,164068.47,1745827.526
600703.SH,20160708,20.22,20.29,19.98,20.08,124861.3,251272.845
000034.SZ,20160708,23.02,24.15,22.9,23.95,87414.05,206169.094
000952.SZ,20160708,17.9,17.99,17.59,17.84,97349.57,173136.7386
002122.SZ,20160708,6.41,6.5,6.38,6.4,64140.43,41309.8038
002673.SZ,20160708,25.84,26.68,25.66,26.21,1608049.9,4229812.8502
600581.SH,20160708,4.94,4.94,4.94,4.94,29728.0,14685.632
002372.SZ,20160708,15.0,15.07,14.63,14.8,55548.72,81897.9926
000901.SZ,20160708,41.28,43.28,41.01,42.09,182236.18,768182.1078
600249.SH,20160708,7.37,7.37,7.15,7.19,61422.32,44529.28
002471.SZ,20160708,6.3,6.36,6.27,6.28,192657.0,121421.844
600088.SH,20160708,23.48,23.88,23.16,23.82,31866.48,74884.254
600745.SH,20160708,27.1,27.36,26.0,27.03,221330.49,589528.937
600756.SH,20160708,29.81,30.39,29.51,29.85,117546.39,352623.341
002402.SZ,20160708,26.45,27.15,26.35,26.68,106455.4,285335.1347
600503.SH,20160708,9.4,9.4,9.22,9.23,624370.8,579084.306
600490.SH,20160708,8.8,9.26,8.75,8.77,1459816.1,1310074.916
300491.SZ,20160708,109.11,111.66,101.0,103.48,44916.48,475786.0765
002146.SZ,20160708,6.94,6.97,6.89,6.95,78369.96,54338.1119
002532.SZ,20160708,15.25,15.46,15.09,15.37,55705.3,85197.8361
002697.SZ,20160708,6.02,6.03,5.93,5.96,109276.02,65201.3414
600223.SH,20160708,5.23,5.32,5.23,5.25,62601.92,32985.014
300291.SZ,20160708,24.08,24.17,23.7,23.76,45205.72,107809.7099
300448.SZ,20160708,36.08,36.58,35.62,36.04,58108.25,209497.2722
300400.SZ,20160708,39.99,41.66,39.5,40.61,73258.18,297236.9443
600594.SH,20160708,16.6,16.85,16.54,16.83,103116.09,171899.272
600280.SH,20160708,6.86,6.89,6.82,6.85,70600.53,48430.633
600976.SH,20160708,28.1,28.15,27.56,27.6,25961.39,72056.817
600816.SH,20160708,17.66,17.92,17.39,17.52,132988.0,234344.824
600053.SH,20160708,34.64,34.64,33.7,33.81,37886.18,128773.323
002032.SZ,20160708,36.99,37.48,36.28,37.18,30819.76,113655.2253
300339.SZ,20160708,35.38,36.28,35.1,35.79,58502.2,209026.8781
300394.SZ,20160708,39.81,40.5,39.6,40.0,27110.58,108677.0596
300254.SZ,20160708,21.06,21.39,20.8,21.09,60304.82,127366.4664
603997.SH,20160708,19.94,19.96,19.56,19.76,45802.24,90413.23
300058.SZ,20160708,9.78,9.85,9.63,9.83,193317.6,188703.9979
002399.SZ,20160708,17.85,17.94,17.77,17.79,46636.12,83237.4488
002070.SZ,20160708,26.4,26.59,25.68,25.78,373475.58,972312.2806
002770.SZ,20160708,12.61,12.61,12.37,12.43,125596.31,156312.9816
600207.SH,20160708,10.69,11.3,10.5,10.54,278160.38,302280.857
600557.SH,20160708,17.68,17.78,17.46,17.55,77653.83,136679.456
000782.SZ,20160708,9.3,9.45,9.23,9.24,277129.07,257877.9779
603002.SH,20160708,7.43,7.5,7.3,7.32,188481.21,138830.95
000713.SZ,20160708,10.7,10.8,10.66,10.67,50346.97,54018.5193
300496.SZ,20160708,65.0,69.96,65.0,67.5,150967.14,1023869.4952
600008.SH,20160708,4.02,4.05,3.99,4.01,214031.59,85864.362
603306.SH,20160708,34.05,34.5,33.75,33.77,27065.6,92145.654
002769.SZ,20160708,87.0,88.5,85.5,87.26,33267.02,289949.7123
300103.SZ,20160708,18.9,18.99,18.69,18.82,39966.12,75349.7735
002259.SZ,20160708,8.13,8.46,8.11,8.25,156494.09,130233.2608
000880.SZ,20160708,13.88,14.0,13.77,13.83,30546.5,42406.1559
000635.SZ,20160708,12.94,13.5,12.88,13.35,75713.39,100106.2539
000009.SZ,20160708,14.1,14.18,13.88,13.96,599104.82,839194.7118
600206.SH,20160708,13.99,13.99,13.4,13.46,730878.79,996430.271
002217.SZ,20160708,15.11,15.13,14.88,14.97,74032.04,110986.9512
600073.SH,20160708,11.67,11.76,11.52,11.57,142787.61,165746.784
002648.SZ,20160708,9.1,9.33,9.08,9.14,58402.67,53726.4989
000528.SZ,20160708,6.73,6.73,6.65,6.66,118264.67,78926.6704
002428.SZ,20160708,18.44,18.51,17.79,17.85,401858.46,725741.5348
600988.SH,20160708,20.28,20.94,20.11,20.51,391876.87,807830.892
300263.SZ,20160708,10.75,10.77,10.52,10.56,133663.56,142185.6278
600486.SH,20160708,28.45,28.45,28.0,28.06,20791.98,58619.714
000603.SZ,20160708,23.98,25.17,23.66,24.51,364883.49,890189.0289
600819.SH,20160708,6.4,6.5,6.35,6.41,42600.49,27391.215
002400.SZ,20160708,13.92,14.47,13.84,14.39,105890.2,149864.9953
600135.SH,20160708,17.57,17.85,17.14,17.19,168389.99,294478.479
601727.SH,20160708,8.04,8.04,7.93,7.95,152369.46,121399.38
601668.SH,20160708,5.39,5.39,5.35,5.36,497947.56,267231.117
300262.SZ,20160708,15.86,15.86,15.6,15.66,47779.73,75056.0537
603737.SH,20160708,111.51,113.4,110.0,110.42,42732.83,475364.814
000686.SZ,20160708,13.23,13.44,13.15,13.27,550398.9,731615.1967
000592.SZ,20160708,6.89,6.92,6.78,6.88,191258.47,131020.3075
000541.SZ,20160708,10.94,11.06,10.8,10.95,203503.76,222852.8661
300027.SZ,20160708,13.7,13.7,13.45,13.49,380528.3,515987.7961
002674.SZ,20160708,16.1,16.13,15.84,15.85,32265.66,51540.8593
601155.SH,20160708,10.76,10.86,10.61,10.64,212499.41,227635.501
600317.SH,20160708,3.65,3.86,3.62,3.84,562953.71,212190.038
000031.SZ,20160708,9.68,10.08,9.63,9.88,437507.35,432413.2734
002498.SZ,20160708,4.36,4.37,4.33,4.35,125022.85,54316.6292
600458.SH,20160708,17.15,18.1,17.15,17.98,346236.79,622363.721
002553.SZ,20160708,14.89,15.68,14.81,15.58,126857.71,194512.8407
000596.SZ,20160708,48.85,49.0,47.4,48.55,55074.09,264926.8102
300144.SZ,20160708,24.79,24.79,24.23,24.27,109852.15,267826.2887
600987.SH,20160708,13.24,13.39,13.01,13.28,107941.62,142460.005
601699.SH,20160708,7.1,7.1,6.88,6.9,257787.82,178898.289
300310.SZ,20160708,35.8,36.9,35.23,35.99,129954.5,470137.6121
002295.SZ,20160708,16.44,16.88,16.26,16.8,83243.85,138993.4477
002556.SZ,20160708,10.17,10.24,10.02,10.12,181804.5,184360.6358
600115.SH,20160708,6.88,6.94,6.71,6.76,741465.4,503861.802
600176.SH,20160708,10.04,10.86,10.04,10.86,691266.4,743075.684
600269.SH,20160708,4.45,4.48,4.44,4.46,107174.48,47819.687
002468.SZ,20160708,27.91,28.25,27.45,27.69,97752.66,271985.3832
600978.SH,20160708,11.44,11.48,11.14,11.21,191871.06,215725.091
601127.SH,20160708,42.31,42.31,42.31,42.31,15578.63,65913.184
600271.SH,20160708,24.45,24.98,24.34,24.65,192473.89,476240.925
002479.SZ,20160708,11.31,11.31,11.14,11.15,53037.01,59374.3916
300231.SZ,20160708,18.41,18.77,18.25,18.39,127644.05,236601.6973
600036.SH,20160708,17.5,17.51,17.35,17.39,152161.46,264677.22
600900.SH,20160708,12.9,12.96,12.84,12.92,108604.96,140105.691
603696.SH,20160708,44.4,45.25,44.15,44.33,33837.79,151224.566
600561.SH,20160708,12.55,12.65,12.45,12.56,32518.39,40861.871
300041.SZ,20160708,13.94,14.6,13.8,14.39,126212.22,179217.6829
002542.SZ,20160708,8.2,8.27,8.06,8.14,208062.02,169322.4323
600548.SH,20160708,8.01,8.1,7.96,8.09,41351.38,33197.421
002496.SZ,20160708,5.83,5.85,5.78,5.78,216922.43,125916.1852
600861.SH,20160708,13.76,13.81,13.65,13.79,42893.4,59005.018
600196.SH,20160708,19.99,19.99,19.66,19.83,72576.72,143956.997
002309.SZ,20160708,17.7,18.13,17.6,17.91,89769.38,160415.8299
002060.SZ,20160708,7.19,7.19,7.08,7.09,78799.1,56117.7561
002403.SZ,20160708,16.67,16.67,16.25,16.38,48827.66,80068.0594
300484.SZ,20160708,123.6,126.57,122.0,122.25,35434.21,438198.645
000816.SZ,20160708,6.24,6.26,6.08,6.1,396090.87,243640.9829
000045.SZ,20160708,13.18,13.33,13.09,13.32,65317.28,86414.9483
600252.SH,20160708,4.44,4.45,4.4,4.41,219039.59,96793.624
300320.SZ,20160708,12.71,12.88,12.7,12.78,52171.08,66626.6239
300475.SZ,20160708,28.05,28.19,27.5,27.51,49840.73,138920.1462
000838.SZ,20160708,11.18,11.57,11.17,11.32,374328.47,426670.2462
600546.SH,20160708,3.19,3.19,3.15,3.18,117612.87,37327.447
601700.SH,20160708,7.44,7.44,7.35,7.39,66197.47,48980.481
002566.SZ,20160708,13.38,13.46,13.29,13.38,35717.72,47755.751
002017.SZ,20160708,15.4,15.75,15.4,15.41,73740.03,114783.8516
300246.SZ,20160708,36.18,37.39,35.7,36.63,106268.09,385406.4917
601336.SH,20160708,40.85,40.85,40.49,40.54,37775.96,153536.107
300100.SZ,20160708,42.9,43.81,42.54,42.65,36139.02,155952.4122
002092.SZ,20160708,9.16,9.26,8.87,8.88,678844.87,613297.961
600664.SH,20160708,8.42,8.42,8.26,8.29,69562.27,57784.453
002055.SZ,20160708,32.5,33.05,32.31,32.57,111444.87,364464.0932
300094.SZ,20160708,15.31,15.38,15.06,15.06,115006.59,174512.698
601258.SH,20160708,2.82,2.83,2.79,2.8,443502.05,124582.723
300074.SZ,20160708,11.3,11.45,11.21,11.3,197570.7,224007.0936
603030.SH,20160708,29.5,30.55,29.21,30.01,52702.6,157632.127
600499.SH,20160708,16.78,16.87,16.56,16.66,106455.78,177881.372
000887.SZ,20160708,24.33,24.54,23.89,24.0,144852.25,348620.0272
000972.SZ,20160708,5.95,5.98,5.85,5.86,212874.55,125538.9846
600428.SH,20160708,5.85,5.88,5.81,5.85,160792.56,93824.958
002300.SZ,20160708,8.09,8.15,8.05,8.09,28361.17,22962.6983
000712.SZ,20160708,20.6,21.1,20.6,20.83,174238.15,363615.4664
002157.SZ,20160708,24.89,25.11,24.53,24.55,139396.08,344691.8028
601989.SH,20160708,6.82,6.96,6.81,6.91,1471099.8,1017728.288
600460.SH,20160708,8.02,8.07,7.78,7.79,379828.79,298720.791
300324.SZ,20160708,22.37,23.07,22.1,22.92,118679.9,267736.4269
002206.SZ,20160708,17.85,18.34,17.61,17.7,94080.7,169954.8615
603023.SH,20160708,18.3,18.97,18.28,18.64,105875.57,198298.637
002204.SZ,20160708,4.2,4.42,4.16,4.26,297006.78,127826.0105
002265.SZ,20160708,16.03,16.12,15.78,15.9,86566.14,137985.0237
002758.SZ,20160708,28.83,28.85,28.33,28.5,29492.3,84281.9381
002256.SZ,20160708,32.01,32.61,31.71,32.17,250354.75,806663.8995
300259.SZ,20160708,12.8,12.93,12.4,12.52,130871.67,165792.9206
002657.SZ,20160708,54.0,54.68,53.28,53.82,89395.35,483227.7398
000599.SZ,20160708,6.98,6.99,6.91,6.95,69492.35,48366.6951
603589.SH,20160708,37.48,38.2,36.9,37.6,101920.99,381803.31
002110.SZ,20160708,6.68,6.74,6.51,6.56,141964.5,93882.4012
300153.SZ,20160708,27.79,27.79,26.61,26.68,272971.49,739517.9718
000620.SZ,20160708,9.74,10.0,9.6,9.6,95429.23,92905.0273
300350.SZ,20160708,35.8,37.2,35.27,37.12,68301.79,250336.1515
603066.SH,20160708,44.8,45.5,44.71,44.97,25237.25,113829.702
600429.SH,20160708,8.05,8.13,7.97,8.03,61475.13,49452.353
600729.SH,20160708,26.66,26.7,26.02,26.42,42711.27,112473.718
600381.SH,20160708,11.25,11.54,11.18,11.39,127041.02,144224.25
002725.SZ,20160708,25.33,25.65,24.88,25.26,50044.0,126496.9231
300369.SZ,20160708,41.2,45.4,40.8,43.51,83053.41,357728.6474
000607.SZ,20160708,8.69,8.74,8.46,8.66,98095.47,84675.926
002164.SZ,20160708,11.15,11.34,11.06,11.21,138001.88,154324.1926
002484.SZ,20160708,15.39,15.97,15.22,15.75,183774.49,288751.5319
603123.SH,20160708,8.79,9.05,8.75,8.98,119846.37,106801.358
000420.SZ,20160708,6.97,7.0,6.88,6.92,40519.06,28185.0124
601808.SH,20160708,12.35,12.35,12.18,12.27,65555.88,80210.369
600195.SH,20160708,20.59,20.67,20.01,20.12,76046.28,154862.805
002618.SZ,20160708,35.28,35.66,33.5,34.4,77099.12,264136.0838
000567.SZ,20160708,32.57,32.89,32.07,32.21,29518.8,95662.6871
600257.SH,20160708,11.45,11.46,11.27,11.33,80461.21,91393.506
603608.SH,20160708,28.28,29.28,27.88,28.29,131619.24,376361.058
002524.SZ,20160708,7.61,8.24,7.56,8.05,436901.23,346576.3846
300039.SZ,20160708,10.43,10.43,10.27,10.3,106073.95,109647.2098
002343.SZ,20160708,48.78,49.27,48.38,48.6,24668.49,120318.8905
002325.SZ,20160708,9.11,9.19,9.04,9.1,187824.99,171578.2487
002679.SZ,20160708,22.95,23.5,22.79,23.47,32518.15,75418.4126
600562.SH,20160708,36.69,37.7,36.09,37.1,105162.18,388981.528
002605.SZ,20160708,18.26,18.45,17.84,18.2,66931.0,121011.8337
600873.SH,20160708,6.53,6.6,6.4,6.54,811485.84,528003.19
002169.SZ,20160708,21.77,22.1,21.75,21.95,64234.85,140834.4735
300449.SZ,20160708,54.59,54.59,53.0,53.14,39952.91,214246.7241
300277.SZ,20160708,13.9,14.09,13.9,13.95,37205.76,52050.0462
601515.SH,20160708,11.55,11.63,11.43,11.54,49068.66,56660.956
002640.SZ,20160708,16.82,16.99,16.59,16.96,55883.55,94079.8836
000593.SZ,20160708,12.44,12.58,12.33,12.34,49710.89,61741.2677
600638.SH,20160708,14.1,14.1,13.85,13.98,85059.48,118416.178
600329.SH,20160708,17.88,17.89,17.65,17.82,56352.76,100134.094
000417.SZ,20160708,8.11,8.24,8.05,8.18,81780.12,66868.948
000926.SZ,20160708,12.06,12.24,12.0,12.13,101646.1,122960.1124
002547.SZ,20160708,11.76,11.98,11.62,11.87,213894.18,253181.0083
002626.SZ,20160708,16.98,17.29,16.65,16.98,101872.55,173645.6037
600004.SH,20160708,12.64,12.66,12.49,12.5,44408.49,55675.212
300399.SZ,20160708,42.33,43.77,42.12,43.45,44364.57,191436.2762
002385.SZ,20160708,8.36,8.41,8.25,8.27,224643.05,186587.2362
002171.SZ,20160708,18.18,18.33,17.8,18.14,93265.12,168452.7375
000669.SZ,20160708,16.6,16.76,16.43,16.63,49393.52,81914.7725
002318.SZ,20160708,12.0,12.26,11.7,11.7,318757.27,381538.7521
600887.SH,20160708,17.23,17.66,17.22,17.31,346919.53,603916.181
002195.SZ,20160708,12.17,12.27,12.04,12.19,178025.73,216740.2711
000655.SZ,20160708,8.8,8.82,8.36,8.37,333025.69,286255.943
002782.SZ,20160708,34.55,35.09,34.3,34.37,106288.18,368216.1263
300465.SZ,20160708,78.8,79.42,76.3,76.5,23247.05,179692.4164
600531.SH,20160708,10.54,10.8,10.41,10.45,957638.73,1010719.694
000978.SZ,20160708,10.81,11.03,10.74,10.99,56916.29,61914.9828
000068.SZ,20160708,10.28,10.33,10.08,10.31,78558.75,79969.1282
600857.SH,20160708,14.65,14.68,14.35,14.53,18476.91,26819.291
300049.SZ,20160708,24.52,24.84,24.1,24.22,52237.05,127071.9354
601886.SH,20160708,10.82,10.84,10.57,10.72,106528.86,114000.83
300280.SZ,20160708,29.85,30.44,29.38,30.08,24629.62,73846.9856
300114.SZ,20160708,29.76,30.79,29.38,30.0,37053.58,111734.1335
002340.SZ,20160708,9.4,9.57,9.17,9.18,1919351.96,1792877.3935
600578.SH,20160708,4.42,4.45,4.37,4.4,97251.73,42809.879
300112.SZ,20160708,16.3,16.51,16.14,16.29,44708.68,73025.9982
002258.SZ,20160708,10.08,10.09,9.88,9.89,45996.41,45854.5764
603009.SH,20160708,42.6,42.88,41.81,42.09,11846.41,50277.505
600261.SH,20160708,7.21,7.27,7.2,7.21,66907.1,48361.87
000676.SZ,20160708,20.16,20.16,19.75,19.84,63042.62,125285.5866
600769.SH,20160708,9.29,9.35,9.19,9.22,34461.23,31887.306
600326.SH,20160708,8.96,9.19,8.85,9.09,271994.43,245856.208
600883.SH,20160708,15.55,15.68,15.16,15.49,33436.66,51371.66
600302.SH,20160708,8.89,8.94,8.76,8.82,33796.42,29826.379
000980.SZ,20160708,10.18,10.2,9.97,10.04,241852.01,242986.7893
000039.SZ,20160708,14.65,15.08,14.42,14.81,201350.36,295769.6092
300047.SZ,20160708,19.4,21.59,19.4,20.92,182953.31,377984.1177
600862.SH,20160708,14.96,15.36,14.83,15.12,191718.19,290761.946
000070.SZ,20160708,27.9,28.4,27.73,27.95,52393.37,146847.3959
300133.SZ,20160708,15.51,15.57,15.24,15.31,94133.96,144724.5063
603339.SH,20160708,60.68,60.68,58.0,58.78,104355.56,620285.716
002526.SZ,20160708,9.9,10.0,9.82,9.9,47897.95,47429.5345
002589.SZ,20160708,31.7,31.96,31.26,31.96,20472.15,64820.7884
002268.SZ,20160708,35.5,36.65,35.13,36.16,133044.17,478013.2158
000737.SZ,20160708,5.88,5.95,5.83,5.86,77785.99,45776.5308
300218.SZ,20160708,15.78,15.93,15.62,15.63,39004.94,61291.3562
600785.SH,20160708,25.8,26.48,25.61,26.38,37266.14,97819.023
000049.SZ,20160708,41.38,41.45,40.81,40.88,54394.91,223519.7019
600827.SH,20160708,12.36,12.38,12.29,12.32,71815.14,88540.505
000046.SZ,20160708,10.05,10.1,9.95,9.97,28575.07,28576.498
000778.SZ,20160708,4.85,4.86,4.82,4.83,248205.4,120112.2895
600551.SH,20160708,19.9,20.44,19.73,20.0,48414.39,97761.797
300354.SZ,20160708,29.48,32.34,29.25,32.34,107998.22,333496.9793
002707.SZ,20160708,21.54,21.69,21.28,21.63,45989.67,98712.6821
300258.SZ,20160708,16.85,17.02,16.48,16.69,109442.79,182827.7029
601006.SH,20160708,6.09,6.09,6.04,6.04,333304.2,201913.964
002225.SZ,20160708,6.46,6.51,6.42,6.47,71069.14,45952.6332
000632.SZ,20160708,8.63,8.85,8.61,8.71,81519.06,71203.0698
603699.SH,20160708,17.78,17.78,17.54,17.58,17006.67,29957.079
002181.SZ,20160708,8.35,8.37,8.24,8.29,110258.68,91559.6756
600833.SH,20160708,17.1,17.13,16.9,16.94,29842.1,50770.071
600679.SH,20160708,15.3,15.37,15.13,15.16,17344.76,26345.207
002100.SZ,20160708,9.38,9.42,9.24,9.38,91305.08,85414.7251
601857.SH,20160708,7.26,7.27,7.23,7.25,132076.12,95762.465
603779.SH,20160708,46.47,47.0,45.31,45.55,121158.92,556698.924
002656.SZ,20160708,16.15,16.85,16.0,16.16,89301.67,146353.2226
600305.SH,20160708,12.33,12.33,12.01,12.15,72182.99,87776.4
300167.SZ,20160708,15.82,16.23,15.82,15.94,89844.04,144287.9146
000666.SZ,20160708,18.8,19.0,18.8,18.83,45706.72,86272.4331
002690.SZ,20160708,24.9,25.91,23.88,24.1,122753.47,303943.5355
300355.SZ,20160708,7.78,7.79,7.58,7.63,335034.66,256014.1814
000990.SZ,20160708,17.3,17.32,17.04,17.09,54719.74,93941.605
600247.SH,20160708,11.69,11.98,11.6,11.76,42398.57,49898.569
300102.SZ,20160708,8.7,8.74,8.56,8.56,202257.37,174744.416
002371.SZ,20160708,43.0,44.25,41.98,42.12,170948.69,735321.5044
002425.SZ,20160708,22.5,22.75,22.18,22.6,39390.13,88395.3443
300352.SZ,20160708,18.25,18.89,18.0,18.62,208472.53,385466.7158
002298.SZ,20160708,16.81,16.85,16.45,16.56,137086.93,228052.3841
300010.SZ,20160708,20.46,21.48,20.46,21.2,206377.74,435123.105
300335.SZ,20160708,16.14,16.14,15.75,15.91,38476.33,61144.2222
600076.SH,20160708,15.27,15.27,14.8,14.81,94275.67,141278.709
000555.SZ,20160708,31.2,31.85,30.93,31.15,134573.4,423061.8143
300271.SZ,20160708,18.5,18.77,18.21,18.6,93563.07,173365.8614
600600.SH,20160708,29.72,29.96,29.51,29.69,34628.37,102947.866
000861.SZ,20160708,5.04,5.04,5.0,5.02,94615.47,47473.3771
002551.SZ,20160708,23.99,23.99,23.2,23.42,74517.86,175044.4307
600055.SH,20160708,18.5,18.66,18.14,18.59,66575.76,122827.696
600589.SH,20160708,9.88,10.18,9.72,10.08,239016.99,238121.268
000711.SZ,20160708,22.14,22.47,22.05,22.11,17471.38,38818.6026
000554.SZ,20160708,8.7,8.77,8.64,8.68,107492.56,93514.1208
000999.SZ,20160708,25.54,25.87,25.16,25.4,51257.24,130527.2362
002477.SZ,20160708,6.02,6.02,5.91,5.93,617237.94,366693.1154
600583.SH,20160708,7.07,7.08,7.02,7.04,169468.0,119432.65
601199.SH,20160708,7.95,8.0,7.9,7.94,52776.73,41964.346
002560.SZ,20160708,12.17,12.45,12.02,12.17,164697.42,202251.7455
300401.SZ,20160708,28.51,28.77,28.01,28.1,67749.33,191239.7209
000951.SZ,20160708,9.59,9.77,9.43,9.68,68641.57,66134.3979
000585.SZ,20160708,6.55,6.74,6.55,6.64,119910.14,79800.4688
002067.SZ,20160708,8.12,8.26,8.06,8.12,398776.52,325613.8118
600498.SH,20160708,24.99,25.1,24.76,24.9,55274.06,137787.878
601628.SH,20160708,21.2,21.23,21.01,21.15,51046.74,107784.479
300207.SZ,20160708,25.57,25.62,25.21,25.38,92977.27,235704.4026
000683.SZ,20160708,2.71,2.72,2.68,2.69,204981.19,55340.3537
300082.SZ,20160708,8.15,8.32,8.03,8.03,244946.71,200134.9441
600831.SH,20160708,13.1,13.18,13.0,13.08,56554.5,74075.69
000338.SZ,20160708,8.01,8.02,7.93,7.98,162468.48,129519.522
600392.SH,20160708,17.16,17.3,16.85,16.89,384670.08,653802.199
600105.SH,20160708,9.64,9.89,9.39,9.61,188202.66,181905.14
000925.SZ,20160708,18.9,18.97,18.6,18.7,49629.93,93179.8208
002085.SZ,20160708,16.38,16.59,16.3,16.42,27274.53,44858.8711
000544.SZ,20160708,14.21,14.3,14.08,14.19,20217.77,28621.849
000851.SZ,20160708,12.83,12.92,12.65,12.68,179681.72,229596.1946
002342.SZ,20160708,5.93,6.15,5.89,6.1,251733.08,151997.9141
601158.SH,20160708,6.57,6.59,6.52,6.54,47813.08,31305.529
600823.SH,20160708,7.02,7.03,6.96,6.99,45012.75,31520.318
002801.SZ,20160708,88.15,88.15,88.15,88.15,221.0,1948.115
300314.SZ,20160708,24.45,24.63,24.21,24.37,47394.76,115679.1217
000890.SZ,20160708,12.1,12.65,11.84,11.85,563987.23,691856.4018
000501.SZ,20160708,15.83,15.94,15.73,15.82,38837.07,61547.9397
002662.SZ,20160708,16.9,17.58,16.7,17.24,121917.92,211302.6358
002671.SZ,20160708,13.26,13.33,13.0,13.12,77596.36,101905.1701
300521.SZ,20160708,21.57,21.57,21.57,21.57,31.0,66.867
300348.SZ,20160708,34.06,34.68,34.0,34.06,65667.78,225283.8781
300455.SZ,20160708,21.85,23.5,21.85,22.82,96469.97,219394.8984
600479.SH,20160708,17.31,17.54,17.17,17.31,31091.92,53877.163
002198.SZ,20160708,11.01,11.32,10.81,11.23,138081.68,153437.7865
600123.SH,20160708,7.48,7.48,7.33,7.36,159502.93,117867.776
601958.SH,20160708,8.8,8.91,8.65,8.67,266935.82,233576.698
600870.SH,20160708,11.31,11.48,11.23,11.4,95528.75,108544.275
300433.SZ,20160708,27.7,28.88,27.6,28.37,123029.25,349111.7079
300393.SZ,20160708,35.12,35.55,35.02,35.45,14816.49,52412.7984
002396.SZ,20160708,19.81,20.15,19.69,19.91,92533.47,184263.05
002742.SZ,20160708,24.51,24.51,23.76,24.0,65930.74,158743.0149
002136.SZ,20160708,17.65,17.81,17.1,17.13,138936.59,241573.8286
002021.SZ,20160708,9.17,9.23,8.99,8.99,96735.27,87965.2817
603568.SH,20160708,24.4,24.5,24.08,24.42,44379.88,107843.309
600093.SH,20160708,13.37,13.5,13.18,13.43,62594.87,83736.312
600590.SH,20160708,14.23,14.58,14.07,14.08,116011.87,165989.44
600757.SH,20160708,8.68,8.68,8.56,8.57,142401.77,122443.294
300404.SZ,20160708,36.95,36.99,36.34,36.53,17188.75,62887.0268
600158.SH,20160708,17.8,17.87,17.59,17.6,233259.74,412447.289
600148.SH,20160708,23.03,23.99,23.03,23.5,46316.15,109011.805
000793.SZ,20160708,9.86,9.95,9.78,9.84,289811.05,286095.582
002264.SZ,20160708,8.69,8.74,8.5,8.64,97137.41,83691.2161
000060.SZ,20160708,11.76,12.11,11.59,11.72,831271.09,983632.7943
002439.SZ,20160708,25.13,25.96,24.91,25.59,201399.65,513387.5754
600232.SH,20160708,13.5,14.34,13.44,13.73,366106.3,511618.417
600774.SH,20160708,18.5,19.6,18.31,19.38,90420.75,172010.558
600965.SH,20160708,13.25,13.86,13.25,13.61,86522.74,117842.166
603308.SH,20160708,24.32,24.32,24.07,24.19,51048.73,123517.141
300390.SZ,20160708,16.82,16.97,16.61,16.78,63040.33,105661.6299
603726.SH,20160708,61.0,61.93,58.72,58.93,43963.76,265331.772
300377.SZ,20160708,47.55,48.8,47.51,47.91,80015.42,386251.5224
300243.SZ,20160708,16.18,16.45,15.97,16.4,57771.58,93904.3812
002723.SZ,20160708,25.2,26.0,24.9,25.8,98977.05,252147.9617
300303.SZ,20160708,9.22,9.35,9.12,9.24,175762.16,162470.6233
002135.SZ,20160708,8.16,8.28,8.15,8.2,102072.44,83634.7722
600886.SH,20160708,6.49,6.51,6.44,6.48,332280.88,214948.655
000659.SZ,20160708,4.43,4.48,4.38,4.44,221040.12,97954.3532
601678.SH,20160708,5.12,5.17,5.1,5.13,88727.37,45575.508
300101.SZ,20160708,28.15,28.8,28.13,28.18,170068.19,485090.5184
601988.SH,20160708,3.25,3.26,3.23,3.23,630166.03,204230.925
002765.SZ,20160708,29.51,30.47,29.25,29.5,59750.71,178482.4985
002521.SZ,20160708,10.7,10.78,10.51,10.52,188684.76,200270.8957
002130.SZ,20160708,16.35,16.68,16.26,16.35,174251.82,287761.6699
600959.SH,20160708,11.31,11.31,11.12,11.22,235906.97,263986.539
601866.SH,20160708,4.12,4.15,4.09,4.11,462804.26,190013.909
002488.SZ,20160708,21.3,21.74,21.03,21.54,261673.47,562560.1455
600016.SH,20160708,8.95,8.97,8.93,8.93,422533.84,378027.53
600623.SH,20160708,19.62,19.8,19.47,19.48,18957.77,37168.402
002714.SZ,20160708,26.53,27.12,25.9,26.18,148237.77,390700.9153
600661.SH,20160708,28.89,28.95,28.4,28.47,34507.99,98625.835
002729.SZ,20160708,89.08,90.99,88.5,89.39,5805.81,52170.4227
600399.SH,20160708,7.48,7.79,7.43,7.49,729969.03,554298.459
603288.SH,20160708,31.54,31.62,30.66,30.93,14267.51,44261.942
002406.SZ,20160708,8.84,9.08,8.72,8.94,130327.01,116846.5476
600322.SH,20160708,4.58,4.58,4.52,4.55,64887.12,29523.389
601555.SH,20160708,14.03,14.38,13.92,14.14,550314.29,778032.546
002293.SZ,20160708,13.72,13.8,13.51,13.56,33987.76,46182.9609
603936.SH,20160708,47.4,49.49,47.0,48.32,87870.39,427399.283
300037.SZ,20160708,69.15,69.87,67.28,67.45,96024.97,657317.8604
300033.SZ,20160708,80.48,82.0,79.98,80.7,66930.2,541797.846
002501.SZ,20160708,11.31,11.42,11.21,11.25,165658.38,187126.9576
601018.SH,20160708,5.12,5.26,5.06,5.19,578499.81,298183.566
300312.SZ,20160708,19.03,20.21,19.03,19.62,134009.29,263512.2946
000050.SZ,20160708,20.97,21.1,20.52,21.04,279042.23,579546.8399
002242.SZ,20160708,18.4,18.57,18.26,18.43,69794.56,128573.8587
002558.SZ,20160708,156.0,156.49,146.98,148.3,21981.88,330534.0095
600168.SH,20160708,10.51,10.57,10.34,10.38,119124.18,124015.801
000697.SZ,20160708,24.15,24.21,23.75,23.86,95932.56,229731.5637
300375.SZ,20160708,25.98,26.18,25.68,25.74,28842.07,74518.11
002123.SZ,20160708,19.56,19.95,19.38,19.59,133640.71,263115.1328
300379.SZ,20160708,78.66,81.77,78.02,80.85,45017.81,360763.213
600707.SH,20160708,12.43,12.55,12.21,12.27,401613.12,495193.659
601139.SH,20160708,8.66,8.74,8.31,8.34,96798.7,82619.571
600740.SH,20160708,6.03,6.08,5.83,5.85,158555.1,93655.354
600157.SH,20160708,4.07,4.07,4.02,4.02,301481.38,121881.456
300520.SZ,20160708,12.06,14.47,12.06,14.47,81.0,115.161
002228.SZ,20160708,6.05,6.07,5.89,5.95,253564.18,150764.0947
002117.SZ,20160708,30.95,31.17,30.8,30.98,22180.56,68759.0068
300392.SZ,20160708,27.15,27.65,27.01,27.3,61446.46,168126.4004
600722.SH,20160708,7.25,7.48,7.19,7.35,136688.56,100672.169
000939.SZ,20160708,9.14,9.27,8.97,9.17,272811.88,248652.1246
300403.SZ,20160708,60.1,62.5,59.7,61.41,34650.79,211542.7378
002150.SZ,20160708,14.84,15.04,14.77,14.78,46912.26,69795.2401
002033.SZ,20160708,12.99,12.99,12.85,12.87,55612.51,71772.9254
000728.SZ,20160708,17.37,17.69,17.03,17.35,590155.54,1029497.929
601669.SH,20160708,5.89,5.92,5.85,5.86,193424.59,113598.989
300481.SZ,20160708,50.5,50.98,49.67,49.81,54514.17,273543.2841
600380.SH,20160708,9.46,9.55,9.3,9.46,182545.33,172311.117
300365.SZ,20160708,42.31,42.31,41.47,41.95,15132.48,63305.0233
300148.SZ,20160708,15.55,15.57,15.28,15.52,69278.75,106989.9521
600103.SH,20160708,5.37,5.44,5.33,5.35,175920.17,94715.095
603555.SH,20160708,25.71,26.11,25.29,25.3,33636.54,86261.896
002420.SZ,20160708,8.9,9.23,8.85,8.94,48217.49,43239.6193
002177.SZ,20160708,9.68,9.85,9.62,9.71,311503.55,303115.2893
002414.SZ,20160708,27.28,27.96,27.01,27.15,58734.42,162018.8893
300295.SZ,20160708,32.35,32.96,32.11,32.73,77250.74,251691.38
600487.SH,20160708,12.66,12.95,12.65,12.82,101629.44,130116.136
000917.SZ,20160708,16.4,16.49,16.18,16.21,373669.98,608935.7318
000516.SZ,20160708,6.6,6.87,6.53,6.62,1455123.4,972747.3938
600619.SH,20160708,12.84,12.87,12.62,12.72,18627.67,23748.874
600760.SH,20160708,9.02,9.47,8.96,9.24,94762.69,87765.737
300508.SZ,20160708,213.99,218.8,210.01,214.02,24233.12,519266.8094
601636.SH,20160708,3.3,3.38,3.3,3.32,1354600.35,451423.058
300409.SZ,20160708,53.56,58.91,53.47,58.91,78108.51,438516.3735
002029.SZ,20160708,10.12,10.16,10.06,10.11,63406.79,64083.4423
300107.SZ,20160708,6.61,6.61,6.48,6.52,62649.38,40962.7898
002732.SZ,20160708,28.7,29.2,28.3,28.99,47357.22,136163.3338
600328.SH,20160708,15.29,16.3,14.85,16.26,254118.0,403706.91
601169.SH,20160708,10.67,10.7,10.57,10.57,249465.88,264451.771
601008.SH,20160708,4.98,5.32,4.91,5.18,288410.64,147328.498
600692.SH,20160708,15.01,15.05,14.78,14.94,53075.73,79011.667
600790.SH,20160708,6.02,6.18,5.97,6.09,280268.05,170964.894
300244.SZ,20160708,33.47,33.84,33.29,33.55,59039.34,198007.2269
002546.SZ,20160708,11.73,11.97,11.65,11.86,106423.68,125995.7785
002622.SZ,20160708,14.1,14.15,13.68,13.96,300761.58,417188.5127
002231.SZ,20160708,15.25,15.43,15.16,15.32,100477.21,154133.6516
600379.SH,20160708,19.81,20.09,19.71,19.88,14822.83,29472.99
002285.SZ,20160708,7.94,8.04,7.85,7.99,153202.18,121386.7847
600058.SH,20160708,20.0,20.19,19.77,19.96,308925.0,615746.622
300407.SZ,20160708,18.77,19.08,18.65,18.82,22156.08,41739.2064
000422.SZ,20160708,6.35,6.41,6.31,6.33,114429.72,72689.9061
600975.SH,20160708,10.19,10.19,9.9,9.96,511006.44,509916.326
600331.SH,20160708,6.24,6.55,6.21,6.3,612346.26,389981.746
600007.SH,20160708,20.48,20.48,20.1,20.16,19108.71,38768.844
300382.SZ,20160708,38.7,39.47,38.35,38.8,14459.9,56195.8776
300149.SZ,20160708,17.96,18.34,17.96,18.06,64238.29,116657.7058
600660.SH,20160708,14.24,14.55,14.13,14.49,145752.9,210293.953
600290.SH,20160708,9.91,10.0,9.76,9.82,64700.53,63995.863
300146.SZ,20160708,13.75,13.76,13.48,13.53,165679.48,224804.6783
300397.SZ,20160708,37.2,38.97,36.88,38.25,108435.52,411044.1397
000038.SZ,20160708,56.88,58.3,56.52,57.13,31379.03,180513.859
600851.SH,20160708,14.03,14.16,13.97,13.98,48062.81,67473.323
600401.SH,20160708,2.42,2.43,2.4,2.41,448830.51,108169.473
002093.SZ,20160708,12.13,12.15,11.92,11.98,95990.66,115488.9628
000815.SZ,20160708,20.02,20.2,19.74,19.77,49105.22,97832.2999
000066.SZ,20160708,12.68,12.91,12.58,12.8,302365.89,385100.7711
002302.SZ,20160708,7.35,7.43,7.31,7.36,47283.73,34887.0222
002252.SZ,20160708,38.6,38.6,38.18,38.18,26518.85,101531.8829
300045.SZ,20160708,19.58,20.08,19.55,19.71,135762.04,269190.3065
000419.SZ,20160708,7.58,8.33,7.58,7.94,435257.12,348306.0846
002016.SZ,20160708,8.59,8.66,8.53,8.62,69679.99,59817.2991
600834.SH,20160708,13.31,13.31,13.11,13.13,27011.05,35585.572
002233.SZ,20160708,8.23,8.27,8.2,8.2,54554.58,44885.5692
002458.SZ,20160708,48.55,49.7,47.2,48.28,17476.38,84640.7009
603018.SH,20160708,32.42,32.48,31.08,31.44,46905.93,147952.47
002645.SZ,20160708,29.9,30.37,28.52,28.82,83177.92,243563.4007
300165.SZ,20160708,10.47,10.88,10.45,10.81,168750.09,180443.0541
002644.SZ,20160708,11.9,12.3,11.81,11.87,142067.98,170944.3369
600739.SH,20160708,15.8,16.0,15.75,15.87,158123.73,251082.447
002105.SZ,20160708,9.7,9.78,9.6,9.7,54059.99,52428.6063
600680.SH,20160708,42.98,43.57,42.5,42.84,49065.11,211541.453
002535.SZ,20160708,8.45,8.67,8.22,8.47,359160.44,300706.9376
601113.SH,20160708,9.93,9.96,9.82,9.84,24326.38,24003.66
002058.SZ,20160708,25.4,25.97,24.78,24.85,68540.97,172899.9907
002637.SZ,20160708,12.47,12.59,12.32,12.53,46248.42,57717.1387
603169.SH,20160708,12.7,12.86,12.64,12.71,72097.64,92155.886
000900.SZ,20160708,6.89,6.95,6.85,6.93,80375.62,55486.6202
300432.SZ,20160708,42.15,43.95,40.9,40.9,271613.21,1153857.4331
000821.SZ,20160708,18.21,18.84,17.73,17.8,175784.4,322506.0558
601311.SH,20160708,19.55,19.7,19.3,19.36,137441.28,268145.023
300430.SZ,20160708,52.01,52.6,50.9,51.12,27925.48,144276.1036
601177.SH,20160708,10.1,10.16,10.04,10.09,40870.84,41289.263
600193.SH,20160708,12.88,13.12,12.73,12.82,221105.59,284188.779
002404.SZ,20160708,8.15,8.23,8.02,8.03,96994.27,78552.6569
002440.SZ,20160708,15.76,16.08,15.53,15.88,147329.39,233604.7588
603566.SH,20160708,24.01,24.44,23.61,23.96,36190.27,86980.257
002706.SZ,20160708,29.0,29.01,28.42,28.73,31536.69,90582.8223
002362.SZ,20160708,26.59,27.22,26.29,26.96,79375.19,213599.9931
002277.SZ,20160708,11.83,11.9,11.75,11.88,72099.1,85288.062
600771.SH,20160708,29.7,30.84,29.52,30.42,59393.89,179757.529
603188.SH,20160708,18.28,18.38,18.07,18.25,40644.83,74052.054
603227.SH,20160708,19.47,20.11,19.42,19.92,54712.59,108417.869
600618.SH,20160708,14.15,14.22,14.02,14.15,37316.07,52651.142
002481.SZ,20160708,7.85,7.88,7.71,7.76,271116.4,211359.5979
002633.SZ,20160708,22.75,24.7,22.69,23.99,81705.29,194872.9885
600187.SH,20160708,4.6,4.6,4.55,4.57,73337.87,33507.756
300468.SZ,20160708,79.9,81.08,78.4,79.27,34251.38,273335.2308
600418.SH,20160708,13.06,13.14,12.83,12.86,202335.14,261614.861
000027.SZ,20160708,6.47,6.47,6.43,6.45,68818.54,44411.0713
000938.SZ,20160708,59.82,60.45,59.6,59.9,25780.61,154470.5723
000825.SZ,20160708,3.33,3.34,3.28,3.28,296845.32,97822.1782
600236.SH,20160708,6.85,6.85,6.77,6.78,67543.71,45894.728
002262.SZ,20160708,20.23,20.28,19.89,19.97,25527.7,50998.4658
300195.SZ,20160708,18.16,18.27,17.93,18.17,52273.67,94467.2355
600089.SH,20160708,8.58,8.58,8.49,8.52,157350.2,134008.059
600029.SH,20160708,7.6,7.83,7.48,7.5,878969.96,674543.978
300081.SZ,20160708,16.53,16.9,16.41,16.62,112255.89,187596.4872
603005.SH,20160708,38.4,38.85,37.9,37.94,71604.28,274754.042
000157.SZ,20160708,4.22,4.22,4.18,4.2,215413.71,90346.7016
300261.SZ,20160708,13.05,13.1,12.75,12.84,29275.2,37737.2061
300203.SZ,20160708,26.51,26.86,26.44,26.72,60545.3,161246.3027
300214.SZ,20160708,7.8,7.95,7.77,7.92,93905.89,74012.0561
300492.SZ,20160708,55.65,57.72,53.35,53.6,42388.64,235117.7161
300436.SZ,20160708,64.22,64.85,63.23,63.23,29824.5,191239.1224
600510.SH,20160708,8.88,8.98,8.81,8.94,41471.81,36905.798
000600.SZ,20160708,8.86,8.88,8.83,8.84,57046.86,50490.4955
603029.SH,20160708,57.9,58.5,56.1,56.24,66730.99,381282.947
002186.SZ,20160708,20.04,20.29,20.01,20.21,24021.88,48431.145
300136.SZ,20160708,19.84,20.3,19.8,20.05,96928.5,195017.7946
600495.SH,20160708,7.39,7.49,7.35,7.41,196130.86,145720.382
000088.SZ,20160708,6.6,7.3,6.52,7.3,316120.38,222479.7139
600714.SH,20160708,13.5,13.73,13.08,13.15,100318.11,133575.049
000001.SZ,20160708,8.79,8.79,8.73,8.74,261342.29,228778.6741
000663.SZ,20160708,13.19,13.26,12.8,12.9,51509.52,66607.5203
000759.SZ,20160708,7.38,7.53,7.26,7.4,47102.38,34864.1894
002248.SZ,20160708,11.85,12.08,11.69,11.9,87898.46,104417.6538
002208.SZ,20160708,18.78,18.82,18.46,18.63,82280.3,153186.7688
600567.SH,20160708,2.9,2.95,2.88,2.94,494449.56,144897.746
000767.SZ,20160708,3.66,3.72,3.63,3.69,200539.22,73809.0846
600797.SH,20160708,12.89,13.25,12.82,13.1,285842.37,373847.24
300387.SZ,20160708,29.96,29.96,29.26,29.37,29335.32,86765.985
000988.SZ,20160708,19.66,20.35,19.61,19.78,495908.96,991867.3342
000785.SZ,20160708,11.65,12.45,11.46,12.26,168874.62,200763.1762
600117.SH,20160708,5.39,5.48,5.32,5.37,113265.91,61036.856
002044.SZ,20160708,14.48,14.48,14.05,14.16,61757.16,87508.7966
002168.SZ,20160708,14.18,15.19,14.04,14.9,502894.69,738932.8978
000680.SZ,20160708,5.1,5.12,5.05,5.05,138973.61,70453.7734
002434.SZ,20160708,11.55,11.82,11.45,11.55,80606.46,93537.3897
000908.SZ,20160708,12.31,12.41,12.17,12.19,55155.04,67482.4219
300490.SZ,20160708,29.3,31.0,29.01,30.4,113667.63,344440.1592
300161.SZ,20160708,34.38,34.38,33.38,33.7,46902.84,158157.1398
601226.SH,20160708,9.34,9.41,9.3,9.37,66736.62,62452.607
000899.SZ,20160708,8.54,8.54,8.3,8.46,38141.52,32340.2821
000795.SZ,20160708,10.14,10.14,9.71,9.81,1271520.6,1259408.0552
600513.SH,20160708,15.45,15.5,15.2,15.23,53757.45,82173.133
002408.SZ,20160708,5.7,5.76,5.66,5.68,183709.31,104638.0085
300108.SZ,20160708,8.71,8.77,8.63,8.74,45182.79,39328.7007
300072.SZ,20160708,28.74,29.5,28.33,29.3,110380.52,319602.8696
600839.SH,20160708,4.61,4.71,4.6,4.61,1053692.14,489116.097
000717.SZ,20160708,3.0,3.0,2.97,2.97,157616.01,46957.0022
000611.SZ,20160708,8.19,8.26,8.15,8.26,39084.85,32103.5321
002281.SZ,20160708,63.43,63.78,62.9,62.98,40699.72,257753.1402
002074.SZ,20160708,43.39,43.39,41.5,41.61,361791.8,1535478.4874
600783.SH,20160708,22.18,22.34,22.01,22.11,69624.7,154410.481
300302.SZ,20160708,34.28,35.19,34.01,34.4,57087.68,197479.8204
300428.SZ,20160708,108.19,108.19,108.19,108.19,28283.0,305993.777
600061.SH,20160708,17.83,18.35,17.81,18.13,247384.68,447696.914
002327.SZ,20160708,8.89,8.98,8.8,8.8,94204.28,83572.829
600825.SH,20160708,8.09,8.12,8.01,8.05,66581.69,53752.468
000605.SZ,20160708,18.44,19.19,18.37,18.8,40417.41,75876.5467
600270.SH,20160708,18.32,18.35,17.92,17.97,49988.7,90079.27
000895.SZ,20160708,22.08,22.42,21.9,22.3,137292.45,304488.4717
601519.SH,20160708,9.3,9.37,9.21,9.29,160165.86,148839.569
002182.SZ,20160708,21.0,21.28,20.68,20.68,204873.64,429356.0151
002133.SZ,20160708,6.65,6.7,6.61,6.65,143057.02,95181.3204
002359.SZ,20160708,26.67,26.81,26.12,26.23,37070.03,97577.4701
000756.SZ,20160708,11.16,11.26,11.0,11.11,40793.51,45259.1881
002767.SZ,20160708,37.13,37.13,36.29,36.82,37668.78,138375.8541
000876.SZ,20160708,8.92,8.92,8.72,8.76,367655.68,323533.4402
600860.SH,20160708,9.35,9.48,9.23,9.33,78259.89,73232.716
300055.SZ,20160708,18.76,18.76,18.4,18.45,93129.17,172656.2921
600183.SH,20160708,9.15,9.23,9.09,9.14,105980.17,97107.455
600601.SH,20160708,4.35,4.39,4.31,4.36,282342.57,122840.935
300410.SZ,20160708,56.01,59.3,55.46,56.5,94205.07,541343.6285
000502.SZ,20160708,20.99,21.29,20.72,20.87,32702.9,68401.3505
300036.SZ,20160708,23.59,24.63,23.52,24.0,195129.0,471538.7343
002205.SZ,20160708,25.16,25.41,24.81,25.23,37997.26,95658.9928
600575.SH,20160708,4.55,4.58,4.52,4.56,73828.92,33605.151
300070.SZ,20160708,15.78,15.9,15.59,15.66,142630.05,224440.2107
002491.SZ,20160708,16.39,16.52,15.95,16.02,243831.24,393827.4432
002027.SZ,20160708,16.53,16.54,16.3,16.49,80165.96,131554.1951
600693.SH,20160708,6.61,7.08,6.6,6.78,144210.16,98578.234
600483.SH,20160708,11.6,12.27,11.55,11.9,103023.98,123549.757
600403.SH,20160708,6.15,6.17,6.04,6.09,61290.91,37282.789
600854.SH,20160708,8.03,8.16,7.93,7.94,115629.56,93016.57
002464.SZ,20160708,71.01,71.47,69.0,69.0,20126.59,140578.2731
600351.SH,20160708,10.5,10.5,10.32,10.39,89041.56,92497.978
002448.SZ,20160708,15.08,15.47,15.07,15.09,295301.97,449378.3158
300297.SZ,20160708,16.1,16.83,15.91,16.47,324768.29,532338.7349
000937.SZ,20160708,5.93,6.08,5.9,5.9,243375.59,145195.19
300269.SZ,20160708,25.44,25.87,25.16,25.6,49665.05,126921.1401
300140.SZ,20160708,21.41,21.8,21.12,21.52,81589.63,175629.7946
002793.SZ,20160708,71.59,72.75,68.51,69.0,52399.09,371368.7245
002573.SZ,20160708,17.34,17.37,17.18,17.29,101164.88,174884.5943
000665.SZ,20160708,15.08,15.23,14.95,15.12,68308.41,102965.885
002419.SZ,20160708,11.84,11.99,11.7,11.91,65719.84,78181.2436
002411.SZ,20160708,19.45,19.92,19.23,19.7,117597.45,230045.6543
000628.SZ,20160708,13.29,13.43,13.11,13.15,61635.81,81401.4773
600536.SH,20160708,25.42,26.1,25.0,25.72,96400.13,246929.397
002616.SZ,20160708,20.75,20.97,20.7,20.91,17094.61,35609.0163
600267.SH,20160708,12.38,12.45,12.31,12.32,77086.94,95433.749
002514.SZ,20160708,12.12,12.34,12.0,12.22,142380.06,173460.4463
600999.SH,20160708,17.43,17.67,17.28,17.31,276293.3,482380.479
600795.SH,20160708,2.9,2.9,2.88,2.89,400924.12,115891.019
600395.SH,20160708,8.8,8.84,8.5,8.58,219550.81,188743.491
002111.SZ,20160708,26.93,27.38,26.71,26.94,60294.87,163016.0401
002726.SZ,20160708,15.96,17.0,15.78,16.57,199808.44,328898.141
600691.SH,20160708,3.23,3.24,3.2,3.21,178050.39,57281.527
000715.SZ,20160708,14.56,14.58,14.27,14.39,15649.66,22493.1138
601558.SH,20160708,2.79,2.8,2.78,2.78,266441.7,74295.503
600064.SH,20160708,15.04,15.04,14.88,14.92,49878.49,74442.143
600775.SH,20160708,16.48,17.45,16.35,16.96,198680.41,336162.854
600793.SH,20160708,22.38,22.93,22.1,22.87,33650.55,75579.325
601238.SH,20160708,24.0,24.49,22.35,22.35,232630.86,527680.035
000090.SZ,20160708,8.98,9.06,8.9,8.97,64893.19,58321.8288
002284.SZ,20160708,19.3,19.56,19.17,19.18,200262.77,387166.3226
300260.SZ,20160708,34.59,34.9,34.21,34.31,17372.75,59962.7202
300068.SZ,20160708,24.12,24.12,23.51,23.52,196934.32,467653.8924
600235.SH,20160708,13.08,13.14,12.92,13.03,41532.8,54118.415
600979.SH,20160708,6.12,6.18,6.07,6.08,41305.86,25271.223
000862.SZ,20160708,7.02,7.08,6.97,7.02,44994.32,31637.4355
002219.SZ,20160708,10.88,10.91,10.8,10.83,162697.61,176418.3966
600808.SH,20160708,2.49,2.5,2.46,2.49,341854.21,84788.469
300053.SZ,20160708,17.8,18.25,17.73,17.93,199593.98,360370.2341
600521.SH,20160708,25.67,25.99,25.2,25.33,61832.85,157761.3
600698.SH,20160708,5.76,5.9,5.75,5.78,104495.38,60874.589
300306.SZ,20160708,22.9,23.28,22.52,23.24,24788.72,57183.6534
000957.SZ,20160708,41.85,43.57,41.01,42.45,201482.82,849641.6398
600085.SH,20160708,31.26,32.38,31.01,31.15,159866.52,505255.156
002119.SZ,20160708,20.6,20.65,20.25,20.32,33507.1,68444.2075
600163.SH,20160708,5.62,5.66,5.58,5.64,60721.86,34185.59
603901.SH,20160708,17.51,17.58,17.31,17.32,62764.99,109552.86
300030.SZ,20160708,15.71,15.88,15.36,15.49,98838.21,153920.2321
002476.SZ,20160708,8.6,8.72,8.5,8.64,103047.75,88478.8547
000557.SZ,20160708,5.32,5.35,5.25,5.3,76029.06,40281.4798
300089.SZ,20160708,13.5,13.77,13.12,13.35,142215.89,190514.0295
000906.SZ,20160708,12.42,12.55,12.25,12.32,42313.54,52551.3635
002174.SZ,20160708,30.94,31.5,30.32,30.85,99441.42,306934.0644
002409.SZ,20160708,22.19,22.99,21.9,22.1,37957.87,85728.3167
000721.SZ,20160708,7.24,7.3,7.2,7.24,75967.93,55117.6903
603798.SH,20160708,75.1,75.2,71.85,71.96,45891.85,338019.811
300115.SZ,20160708,20.8,21.24,20.54,20.98,63505.96,132726.1725
000584.SZ,20160708,9.8,9.94,9.75,9.78,75606.08,74508.413
002792.SZ,20160708,63.57,65.96,63.0,64.59,66927.22,434231.9053
000998.SZ,20160708,19.99,20.05,19.7,19.78,109765.84,217915.8895
600480.SH,20160708,14.8,15.02,14.72,14.89,100378.54,149612.508
600708.SH,20160708,8.69,8.74,8.6,8.73,39124.33,33968.036
300318.SZ,20160708,10.2,10.42,10.03,10.3,147426.44,150472.0383
300093.SZ,20160708,24.24,24.43,23.66,23.95,73958.32,177503.7344
300240.SZ,20160708,10.99,11.34,10.98,11.02,129992.01,144911.7788
300274.SZ,20160708,25.58,25.73,25.11,25.28,140331.05,355652.862
002800.SZ,20160708,102.4,106.88,101.38,101.98,53570.49,556144.1158
600023.SH,20160708,5.18,5.19,5.14,5.16,156161.0,80525.008
600356.SH,20160708,11.12,11.27,11.09,11.12,31032.19,34710.632
600038.SH,20160708,45.98,47.01,45.3,45.75,74608.72,344565.24
300194.SZ,20160708,22.0,22.34,21.81,22.17,42953.11,95078.0497
300494.SZ,20160708,51.5,54.28,51.0,51.81,94503.21,498371.1067
000918.SZ,20160708,6.16,6.23,6.14,6.16,106199.44,65577.1511
600292.SH,20160708,13.05,13.15,12.92,13.0,97068.22,126579.435
600436.SH,20160708,49.08,50.61,48.73,48.91,91453.28,452062.243
002661.SZ,20160708,17.51,17.88,17.31,17.43,43959.65,77202.9508
600348.SH,20160708,6.88,6.94,6.78,6.85,203598.78,139114.408
600260.SH,20160708,16.3,16.71,16.26,16.31,263144.92,434510.794
603366.SH,20160708,8.56,8.57,8.49,8.5,38364.5,32688.805
002702.SZ,20160708,21.1,21.39,20.6,20.66,204612.46,426033.4908
002687.SZ,20160708,12.53,12.53,12.05,12.15,95383.56,116237.2665
300023.SZ,20160708,26.4,26.67,25.65,25.89,129166.01,336395.1098
002417.SZ,20160708,16.18,16.27,15.83,15.93,44605.75,71232.807
002106.SZ,20160708,12.13,12.22,11.96,12.02,363466.13,439182.0705
000963.SZ,20160708,68.84,69.19,68.16,68.37,12496.77,85761.6835
002517.SZ,20160708,45.75,45.99,45.36,45.55,12427.36,56784.5631
002222.SZ,20160708,15.2,15.62,15.1,15.36,238380.3,367605.066
600587.SH,20160708,23.99,24.18,23.7,23.94,52620.85,125959.059
600742.SH,20160708,12.72,13.29,12.64,13.13,132001.32,172603.969
601611.SH,20160708,22.6,22.6,21.73,22.05,813789.39,1797871.705
300160.SZ,20160708,13.18,13.25,13.05,13.07,79837.64,104756.4565
300183.SZ,20160708,25.4,25.58,24.9,24.91,78672.07,198421.7006
300456.SZ,20160708,69.98,70.96,69.0,69.01,13714.89,95879.2718
600096.SH,20160708,9.68,9.68,9.51,9.55,143984.34,138024.962
600684.SH,20160708,7.77,7.85,7.74,7.79,100550.17,78330.269
600360.SH,20160708,11.15,11.19,10.96,11.01,229525.88,253920.559
600665.SH,20160708,5.04,5.04,4.93,4.95,54294.78,27030.842
000513.SZ,20160708,48.22,48.78,47.78,47.88,25544.94,122689.6412
300013.SZ,20160708,17.99,17.99,17.44,17.67,118635.4,209332.6371
600343.SH,20160708,23.79,24.82,23.6,24.05,207241.13,503055.049
002114.SZ,20160708,28.85,30.2,28.1,28.24,182892.67,529324.503
603315.SH,20160708,21.07,21.29,20.71,20.86,38757.3,81081.92
002263.SZ,20160708,4.39,4.39,4.33,4.33,461939.66,200737.3835
300443.SZ,20160708,70.09,75.98,70.0,74.31,68991.02,507701.9795
600129.SH,20160708,18.31,18.49,18.15,18.15,88925.55,162733.102
600626.SH,20160708,10.7,10.74,10.6,10.66,73409.49,78282.829
002178.SZ,20160708,10.65,10.95,10.62,10.77,149770.4,162009.6582
002180.SZ,20160708,28.2,29.64,28.18,29.05,37998.75,110679.4646
300326.SZ,20160708,24.8,26.92,24.8,26.49,124699.75,326778.1658
600891.SH,20160708,13.33,13.49,13.2,13.23,317801.15,423636.723
600593.SH,20160708,32.3,32.66,31.9,32.36,11289.84,36454.956
600705.SH,20160708,5.99,6.03,5.93,5.96,571793.67,341490.751
600736.SH,20160708,9.07,9.12,9.01,9.11,100825.26,91515.926
000820.SZ,20160708,18.65,18.93,18.55,18.72,28962.57,54319.6601
002069.SZ,20160708,9.02,9.54,9.02,9.53,166640.76,155674.1705
002743.SZ,20160708,15.63,15.85,15.51,15.55,64011.57,100220.9382
300118.SZ,20160708,19.12,20.23,19.06,19.81,363719.67,719128.8383
002684.SZ,20160708,32.99,33.67,32.55,32.64,93241.78,309527.4598
600485.SH,20160708,17.99,18.3,17.84,18.02,390854.3,706788.642
002374.SZ,20160708,7.01,7.05,6.85,6.87,113816.2,79010.7854
000408.SZ,20160708,16.71,16.71,16.46,16.56,29252.97,48471.3481
000589.SZ,20160708,5.49,5.5,5.41,5.43,99605.01,54230.5596
000010.SZ,20160708,7.8,7.95,7.79,7.83,84775.29,66425.7746
002474.SZ,20160708,18.72,18.93,18.14,18.14,578713.04,1068928.685
600426.SH,20160708,8.92,8.96,8.89,8.93,68900.2,61506.776
603883.SH,20160708,50.0,52.1,49.8,50.65,26516.38,135205.114
600279.SH,20160708,7.44,7.74,7.28,7.53,219093.47,164638.383
600962.SH,20160708,16.98,17.07,16.45,16.92,160888.92,270550.682
600337.SH,20160708,13.33,13.54,13.04,13.12,46697.61,61750.606
300086.SZ,20160708,11.81,11.82,11.58,11.65,85336.38,99567.1982
000690.SZ,20160708,6.86,6.86,6.8,6.84,78244.71,53459.1678
000786.SZ,20160708,9.45,9.68,9.4,9.56,199169.35,190986.0786
600815.SH,20160708,6.65,6.71,6.6,6.61,96536.52,64120.703
000960.SZ,20160708,13.0,13.3,12.81,12.96,410692.61,537017.4271
600509.SH,20160708,7.53,7.65,7.52,7.58,64473.57,48947.015
600639.SH,20160708,24.11,24.74,24.1,24.25,130125.99,317052.86
603318.SH,20160708,17.27,17.39,16.95,17.01,82049.66,139969.183
002189.SZ,20160708,28.55,28.66,27.97,28.1,59527.63,168008.3175
300139.SZ,20160708,14.95,15.2,14.89,15.0,61832.63,92985.7533
600662.SH,20160708,10.49,10.52,10.36,10.39,119930.78,124876.443
002594.SZ,20160708,62.17,63.09,61.83,62.19,91199.91,568456.8305
002155.SZ,20160708,14.75,15.1,14.52,14.66,464019.8,683638.8369
601328.SH,20160708,5.84,5.85,5.8,5.81,437860.83,254832.334
000153.SZ,20160708,10.78,10.78,10.67,10.7,54891.97,58802.2163
000538.SZ,20160708,67.36,67.7,66.52,66.96,47332.26,316916.757
600556.SH,20160708,13.37,15.64,13.37,15.64,1417095.2,2004911.792
600984.SH,20160708,9.0,9.17,8.98,9.14,31501.82,28735.97
000630.SZ,20160708,2.69,2.71,2.66,2.67,1523696.18,407951.3996
002606.SZ,20160708,19.84,19.84,19.38,19.52,59304.5,116063.5507
002148.SZ,20160708,19.57,20.6,19.4,20.6,200938.52,404564.6033
300503.SZ,20160708,79.05,83.0,78.03,79.48,59731.39,483954.0474
000089.SZ,20160708,8.28,8.34,8.23,8.32,76885.46,63801.0521
600150.SH,20160708,24.68,24.97,24.47,24.5,262082.35,646916.72
000002.SZ,20160708,18.6,18.98,18.21,18.75,3124436.98,5799513.3342
000860.SZ,20160708,24.26,24.54,24.08,24.24,91155.92,221412.1704
600130.SH,20160708,8.9,9.05,8.84,8.85,321472.13,287338.192
300344.SZ,20160708,12.4,13.29,12.33,12.7,72969.78,93861.5169
600780.SH,20160708,5.18,5.21,5.14,5.15,47422.66,24513.984
600650.SH,20160708,29.53,29.58,29.11,29.52,51211.89,150292.802
300321.SZ,20160708,33.98,34.85,33.88,34.7,32140.58,110146.1826
601002.SH,20160708,8.62,8.71,8.61,8.62,107767.76,93249.468
603199.SH,20160708,48.69,49.2,45.7,46.26,45117.36,210993.632
600039.SH,20160708,3.94,3.95,3.9,3.91,146657.56,57428.436
603688.SH,20160708,21.53,21.81,21.31,21.53,48365.93,104026.703
000881.SZ,20160708,21.56,21.86,21.38,21.58,35095.33,75880.8929
000823.SZ,20160708,9.97,10.03,9.85,9.89,128339.64,127386.3501
000958.SZ,20160708,15.62,16.37,15.6,15.8,112594.02,179610.6424
002583.SZ,20160708,12.35,12.35,11.84,11.88,171283.12,205247.8438
300437.SZ,20160708,26.55,27.48,26.4,27.13,58832.38,159579.9095
601518.SH,20160708,4.0,4.02,3.94,3.96,106148.04,42143.832
300327.SZ,20160708,55.59,55.59,53.7,53.7,77681.3,423105.1138
300425.SZ,20160708,32.0,32.78,31.6,32.3,34322.35,110785.445
000780.SZ,20160708,5.34,5.41,5.31,5.32,140384.92,75195.0272
600190.SH,20160708,4.19,4.35,4.16,4.26,186667.94,79367.187
300212.SZ,20160708,30.04,30.71,29.62,30.2,78191.25,236380.8754
603898.SH,20160708,32.56,32.94,32.01,32.46,21872.31,71069.964
600152.SH,20160708,11.15,11.15,10.73,10.9,94523.0,102961.692
002681.SZ,20160708,15.92,16.06,15.71,16.06,105862.03,168461.9674
002790.SZ,20160708,53.7,55.87,53.1,53.1,76267.02,416782.5454
601689.SH,20160708,32.28,32.48,31.68,31.81,46201.57,147254.134
600612.SH,20160708,45.8,46.0,44.75,45.18,29466.49,133354.649
600730.SH,20160708,14.1,14.53,14.08,14.38,168260.57,240837.903
600352.SH,20160708,9.04,9.08,8.98,9.04,157877.08,142611.201
002651.SZ,20160708,10.92,11.11,10.82,10.95,147989.38,162406.1509
002773.SZ,20160708,51.55,52.0,50.5,50.9,10028.03,51176.1906
600156.SH,20160708,10.42,10.46,10.28,10.34,27627.81,28614.169
600615.SH,20160708,18.88,18.88,18.5,18.67,14641.71,27360.444
600284.SH,20160708,10.75,10.76,10.67,10.68,46250.48,49486.019
600240.SH,20160708,10.7,10.94,10.65,10.75,200068.95,216240.471
002466.SZ,20160708,45.5,45.8,44.4,44.42,569488.01,2561914.3537
002341.SZ,20160708,22.31,22.7,21.9,21.9,291479.86,649970.0573
300007.SZ,20160708,26.4,26.49,25.89,26.05,116892.19,305880.3232
600846.SH,20160708,9.83,9.95,9.82,9.85,181606.8,179412.052
600890.SH,20160708,11.18,11.18,10.89,10.9,52950.82,57992.371
600515.SH,20160708,13.26,13.42,13.09,13.34,86379.57,114648.249
000777.SZ,20160708,24.08,24.5,23.91,24.11,97757.8,237013.3915
000564.SZ,20160708,9.63,9.67,9.53,9.6,48340.0,46340.9292
603996.SH,20160708,32.77,34.0,32.24,33.13,183150.58,607399.391
600165.SH,20160708,13.09,13.15,12.83,12.95,93658.19,121245.486
600143.SH,20160708,6.66,6.68,6.58,6.62,129436.37,85599.909
600136.SH,20160708,22.2,22.3,21.86,22.0,42648.77,93957.771
000042.SZ,20160708,16.92,17.04,16.7,16.99,19097.13,32192.5096
601231.SH,20160708,10.61,10.67,10.3,10.39,133483.04,139197.353
000637.SZ,20160708,6.81,6.81,6.67,6.72,125760.64,84511.1621
600167.SH,20160708,17.03,17.34,16.85,17.3,28961.39,49689.269
600894.SH,20160708,14.15,14.15,13.92,13.97,67226.19,94142.837
600282.SH,20160708,2.44,2.44,2.41,2.42,180564.2,43680.908
600311.SH,20160708,7.2,7.56,7.15,7.16,580380.61,419784.848
000905.SZ,20160708,10.67,11.19,10.63,10.93,105171.96,114505.6341
600645.SH,20160708,36.36,37.18,35.88,35.89,105777.92,385189.645
603399.SH,20160708,12.6,12.88,12.57,12.64,154134.47,195563.709
600325.SH,20160708,11.65,11.85,11.57,11.78,127735.67,149188.872
600054.SH,20160708,17.22,17.26,17.0,17.13,32813.12,56188.861
300459.SZ,20160708,30.7,33.84,30.55,33.84,158355.1,512091.4159
603889.SH,20160708,14.11,14.27,14.04,14.15,27743.04,39244.831
600112.SH,20160708,11.75,11.77,11.52,11.63,194412.84,226277.906
300199.SZ,20160708,20.42,20.58,20.09,20.25,78497.15,159563.8212
600888.SH,20160708,7.6,7.62,7.47,7.53,126560.27,95482.82
603518.SH,20160708,29.66,29.9,29.38,29.4,17127.1,50753.296
002211.SZ,20160708,14.04,14.65,13.63,13.63,392524.94,554520.45
002112.SZ,20160708,25.85,26.83,25.51,25.97,182464.47,478341.5045
002431.SZ,20160708,11.72,11.73,11.48,11.53,455097.63,527121.4392
300417.SZ,20160708,44.82,47.61,44.16,46.8,25752.29,119082.3042
002079.SZ,20160708,10.82,10.98,10.72,10.72,267711.8,289851.4231
000550.SZ,20160708,24.99,25.09,24.71,24.86,14636.05,36436.9644
000977.SZ,20160708,23.75,23.87,23.41,23.6,158030.43,373828.0759
600027.SH,20160708,4.99,5.0,4.96,4.98,94533.23,47079.023
601012.SH,20160708,13.51,13.77,13.35,13.5,193828.57,261604.454
600090.SH,20160708,12.87,12.87,12.62,12.67,53278.49,67736.544
603600.SH,20160708,60.71,60.99,59.32,59.91,22494.93,134739.816
600697.SH,20160708,30.07,31.34,29.71,30.38,28774.71,88077.527
600838.SH,20160708,12.03,12.07,11.94,12.01,59874.39,71864.461
002103.SZ,20160708,22.57,22.77,21.8,22.49,72026.96,159982.0141
300245.SZ,20160708,22.12,23.0,22.03,22.6,160969.26,363548.7855
002102.SZ,20160708,12.74,13.24,12.5,12.98,235953.35,307008.4945
601137.SH,20160708,14.33,14.35,13.8,13.96,79587.36,111610.709
002138.SZ,20160708,17.94,18.09,17.8,17.91,83040.95,148780.0815
600570.SH,20160708,63.17,63.84,62.69,63.14,168808.7,1069487.154
300129.SZ,20160708,7.09,7.15,7.06,7.09,76719.92,54487.0053
600377.SH,20160708,8.42,8.45,8.39,8.42,24363.72,20519.103
600668.SH,20160708,15.75,16.18,15.66,15.83,98631.67,157703.334
002320.SZ,20160708,15.35,16.09,15.17,15.86,145222.08,227769.7221
603158.SH,20160708,24.67,25.08,24.33,24.72,22314.47,54976.069
601600.SH,20160708,3.94,3.96,3.9,3.9,817645.11,320730.009
002118.SZ,20160708,15.06,15.37,14.98,15.07,92904.78,140780.8912
603979.SH,20160708,24.98,25.12,24.55,24.56,61844.29,153432.193
600885.SH,20160708,33.51,33.85,32.6,33.02,19647.33,65302.248
002308.SZ,20160708,16.72,16.73,16.4,16.47,83244.66,137550.3818
002604.SZ,20160708,11.01,11.45,10.94,11.35,269813.76,303725.776
000995.SZ,20160708,12.27,12.42,12.17,12.33,51634.15,63596.7847
002503.SZ,20160708,12.2,12.26,12.03,12.09,31621.9,38338.2892
000760.SZ,20160708,15.5,15.65,15.12,15.2,356955.4,547931.8893
002519.SZ,20160708,23.4,23.88,23.16,23.52,48178.95,113708.0508
600120.SH,20160708,28.91,31.8,28.66,30.37,334641.71,1020283.61
600138.SH,20160708,20.05,20.15,19.92,19.95,59490.27,118973.093
000790.SZ,20160708,11.66,11.87,11.65,11.82,76939.45,90733.338
603919.SH,20160708,39.33,43.11,38.61,42.16,245964.09,1007851.342
600770.SH,20160708,12.51,12.56,12.26,12.36,293611.53,364216.828
300505.SZ,20160708,64.4,66.59,63.8,63.8,44405.52,289555.4517
002088.SZ,20160708,16.02,16.21,15.86,15.95,28135.57,45162.4379
000966.SZ,20160708,6.47,6.52,6.44,6.49,110599.48,71760.3395
002336.SZ,20160708,10.43,10.97,10.4,10.83,70299.77,75928.142
300343.SZ,20160708,21.02,21.32,20.9,20.95,52295.98,110259.7959
002607.SZ,20160708,11.84,12.06,11.7,11.89,78895.76,94142.1313
600216.SH,20160708,13.65,13.94,13.6,13.74,244566.23,336999.812
603369.SH,20160708,14.65,14.95,14.4,14.73,132918.64,194874.909
600579.SH,20160708,13.95,14.13,13.82,13.9,19782.01,27640.637
002455.SZ,20160708,9.6,9.74,9.53,9.63,61054.31,58946.8475
300452.SZ,20160708,52.03,52.41,51.06,51.58,15082.38,78036.5978
002076.SZ,20160708,18.59,19.56,18.38,18.7,106562.47,202569.0562
603968.SH,20160708,27.3,27.4,26.0,26.25,82364.73,219343.301
600673.SH,20160708,6.69,6.7,6.6,6.61,321786.71,213562.319
600569.SH,20160708,2.68,2.7,2.66,2.67,152484.38,40703.213
600400.SH,20160708,9.04,9.05,8.98,9.04,41956.71,37804.313
000813.SZ,20160708,12.0,12.11,11.9,12.05,34463.04,41343.8913
002692.SZ,20160708,7.96,8.0,7.88,7.9,52732.23,41812.5745
002650.SZ,20160708,7.49,7.54,7.39,7.43,103499.86,76917.7338
600478.SH,20160708,12.5,12.6,12.3,12.31,209348.77,259357.84
000829.SZ,20160708,13.76,13.81,13.44,13.46,331124.53,449577.9167
000886.SZ,20160708,6.66,6.72,6.62,6.68,191926.14,128043.3853
000982.SZ,20160708,5.86,5.96,5.8,5.92,246017.37,144041.5989
000858.SZ,20160708,34.93,36.23,34.5,35.7,487445.46,1722146.0466
002274.SZ,20160708,10.71,10.79,10.25,10.3,247981.86,260052.7093
002717.SZ,20160708,29.4,29.46,28.81,29.13,59474.0,172740.6983
300209.SZ,20160708,24.67,25.08,24.33,24.83,49395.04,122318.0837
603328.SH,20160708,28.5,28.73,28.2,28.51,39796.8,113555.102
002194.SZ,20160708,13.09,13.34,13.0,13.16,73712.32,96988.1611
002430.SZ,20160708,9.2,9.28,8.96,9.07,126198.84,114677.1218
300322.SZ,20160708,20.65,21.15,20.41,20.79,158840.53,330891.8356
002391.SZ,20160708,14.54,14.63,14.5,14.51,26803.74,38980.5167
300015.SZ,20160708,36.2,37.0,35.73,36.4,42716.26,155275.6278
600778.SH,20160708,10.02,10.16,9.95,10.11,79298.27,79696.54
300135.SZ,20160708,5.4,5.42,5.34,5.37,151218.13,81435.8011
300211.SZ,20160708,13.03,13.56,13.0,13.51,77825.97,103887.5299
603686.SH,20160708,38.18,38.18,37.5,37.59,10421.78,39332.158
603698.SH,20160708,31.2,31.82,30.9,31.22,61528.73,192622.335
000029.SZ,20160708,10.69,10.8,10.5,10.59,132185.61,140513.8249
601633.SH,20160708,9.36,9.45,9.2,9.26,148314.63,137879.133
002226.SZ,20160708,9.32,9.47,9.23,9.36,135340.8,126670.9607
600421.SH,20160708,16.72,16.81,16.53,16.63,12676.0,21090.93
603011.SH,20160708,11.57,11.65,11.48,11.54,48547.99,56239.326
000426.SZ,20160708,10.55,11.75,10.48,11.38,1428222.78,1583744.7763
002166.SZ,20160708,12.17,12.18,11.95,11.98,139918.09,168560.9559
002149.SZ,20160708,33.0,33.1,31.35,31.35,56024.64,178221.8916
000519.SZ,20160708,13.37,14.62,13.31,14.62,576916.63,821440.0583
002096.SZ,20160708,15.22,16.0,15.2,15.61,65151.02,102441.2356
600307.SH,20160708,2.57,2.58,2.53,2.55,1140555.89,291553.926
600335.SH,20160708,11.65,11.68,11.51,11.52,40114.85,46429.894
600963.SH,20160708,6.49,6.58,6.39,6.43,115701.13,74912.721
300381.SZ,20160708,69.3,69.9,67.71,68.37,8555.61,58682.5097
300426.SZ,20160708,72.01,72.28,70.02,70.6,26061.79,183926.8056
600535.SH,20160708,36.48,36.5,36.01,36.32,26442.1,95867.356
000548.SZ,20160708,8.19,8.43,8.19,8.27,144547.07,120318.568
002559.SZ,20160708,14.91,15.28,14.76,15.27,99038.02,149420.1605
000915.SZ,20160708,36.26,37.08,36.0,36.75,37613.67,137662.1124
002649.SZ,20160708,39.78,40.16,39.53,39.77,39242.1,156435.4804
600898.SH,20160708,12.94,13.01,12.85,12.95,34013.65,44043.711
002024.SZ,20160708,10.86,10.95,10.82,10.86,354495.83,386274.1165
000615.SZ,20160708,10.59,10.88,10.28,10.56,379091.11,400900.6742
600388.SH,20160708,12.7,12.7,12.55,12.55,93456.21,117795.442
300290.SZ,20160708,17.52,18.24,17.4,17.86,125745.69,224337.1662
300009.SZ,20160708,29.15,29.36,28.33,28.5,130123.25,372579.695
600782.SH,20160708,5.76,5.79,5.57,5.61,122895.03,69204.754
000581.SZ,20160708,20.85,21.17,20.8,20.89,80267.88,168487.7074
600519.SH,20160708,313.53,315.5,306.16,309.91,45545.63,1412963.905
000788.SZ,20160708,13.6,13.74,13.36,13.69,44966.09,61036.6903
600439.SH,20160708,5.64,5.66,5.6,5.61,104338.51,58669.535
002073.SZ,20160708,11.96,11.96,11.77,11.8,130763.62,155169.3546
601007.SH,20160708,13.32,13.48,13.23,13.37,59400.75,79210.039
601579.SH,20160708,14.5,14.79,14.35,14.41,74626.28,108470.317
000423.SZ,20160708,54.8,56.48,54.68,55.38,85307.17,473562.4083
002590.SZ,20160708,30.55,31.1,30.42,30.45,96903.89,297821.7984
600107.SH,20160708,20.08,20.38,19.9,20.12,47762.5,96175.188
603026.SH,20160708,46.86,47.16,44.16,47.16,236431.72,1097763.457
603108.SH,20160708,29.68,29.99,28.7,28.76,48543.6,141715.492
002049.SZ,20160708,43.15,43.87,42.91,43.09,101250.13,439397.7103
000627.SZ,20160708,8.23,8.32,8.14,8.15,194068.1,159078.6344
000837.SZ,20160708,8.69,8.74,8.57,8.64,91895.65,79594.8817
300359.SZ,20160708,28.88,29.53,28.61,28.92,93852.02,273368.6716
300396.SZ,20160708,44.0,44.65,43.5,44.04,18183.06,80210.0467
002191.SZ,20160708,11.5,11.54,11.27,11.38,261910.47,298104.038
600983.SH,20160708,12.49,12.63,12.43,12.52,54286.46,68062.293
300440.SZ,20160708,34.29,34.58,33.63,34.22,38720.15,132135.2877
002311.SZ,20160708,16.44,16.46,15.88,15.88,119277.5,191767.26
000875.SZ,20160708,5.66,5.69,5.64,5.66,148203.55,84009.814
300078.SZ,20160708,32.32,33.0,31.98,32.9,126204.7,411609.7599
600688.SH,20160708,6.22,6.22,6.08,6.11,446839.01,273779.601
600864.SH,20160708,11.5,11.64,11.39,11.44,83848.22,96508.318
002652.SZ,20160708,13.0,13.05,12.78,12.78,52704.51,67946.6024
300311.SZ,20160708,21.77,22.46,21.5,22.07,135679.25,299920.5506
600538.SH,20160708,13.84,14.58,13.75,14.12,139489.2,199030.965
002366.SZ,20160708,54.82,55.3,54.11,54.78,26150.82,143108.98
000014.SZ,20160708,18.9,19.2,18.71,19.02,33511.81,63671.1581
002766.SZ,20160708,43.14,45.0,42.3,42.9,260213.84,1126886.7339
000099.SZ,20160708,14.44,14.44,14.05,14.08,284216.91,403223.3692
600763.SH,20160708,33.01,33.2,32.3,32.52,32551.47,105995.669
600226.SH,20160708,9.55,9.78,9.48,9.53,131971.15,127061.998
600491.SH,20160708,9.01,9.01,8.76,8.88,169863.6,150442.778
000869.SZ,20160708,41.3,41.99,40.96,41.59,28928.98,119719.6112
002006.SZ,20160708,13.88,14.0,13.58,13.67,99882.6,137074.2324
000425.SZ,20160708,3.15,3.15,3.11,3.13,310053.11,97062.1496
002247.SZ,20160708,14.89,14.98,14.66,14.79,103007.52,152848.82
002748.SZ,20160708,21.4,21.41,19.65,19.65,258697.08,521314.7464
002332.SZ,20160708,11.85,11.98,11.7,11.9,90428.75,107145.0361
002780.SZ,20160708,83.89,85.08,82.56,82.8,14191.7,119063.8216
600818.SH,20160708,31.18,31.2,30.6,30.68,17492.27,54016.596
603828.SH,20160708,34.03,34.99,34.0,34.46,26753.26,92104.364
000428.SZ,20160708,6.61,6.62,6.5,6.51,105933.92,69244.7322
002520.SZ,20160708,15.27,15.51,15.1,15.28,28540.23,43556.7039
600881.SH,20160708,4.89,4.9,4.84,4.89,147013.08,71666.618
300150.SZ,20160708,10.81,11.24,10.8,11.1,93123.53,103320.038
300174.SZ,20160708,25.11,26.61,25.11,26.61,40984.45,107877.1392
300162.SZ,20160708,22.28,22.56,22.13,22.16,61285.57,136967.9256
300486.SZ,20160708,39.2,40.21,39.03,39.71,32504.75,129810.5531
002775.SZ,20160708,23.34,24.67,23.11,23.57,102899.87,245784.176
000913.SZ,20160708,13.12,13.64,13.03,13.4,69453.14,92877.0753
600726.SH,20160708,5.08,5.09,5.04,5.05,85121.96,43068.46
002730.SZ,20160708,16.81,16.95,16.61,16.79,35449.1,59527.3786
000968.SZ,20160708,7.93,8.11,7.86,7.87,189971.76,150162.3411
002153.SZ,20160708,25.89,26.9,25.55,26.25,142282.36,374013.3067
600248.SH,20160708,6.17,6.22,6.13,6.19,41273.13,25481.626
600897.SH,20160708,21.56,21.9,21.4,21.74,18203.97,39381.976
600604.SH,20160708,24.19,24.88,24.0,24.27,87078.46,213337.56
600868.SH,20160708,5.13,5.16,5.08,5.09,702272.84,358783.242
600798.SH,20160708,4.98,5.07,4.92,5.03,128333.15,64017.859
000006.SZ,20160708,7.56,7.62,7.48,7.59,161533.63,121909.6739
600892.SH,20160708,62.3,62.66,61.85,62.12,6288.26,39091.372
002031.SZ,20160708,4.27,4.36,4.25,4.32,502628.84,217418.6452
300328.SZ,20160708,17.44,17.65,17.18,17.47,195607.99,341630.1747
300305.SZ,20160708,13.82,13.9,13.7,13.84,37911.54,52355.9224
300470.SZ,20160708,47.98,52.5,47.57,49.73,49631.22,249889.4245
000768.SZ,20160708,24.85,25.5,24.27,24.4,816890.17,2031366.4482
600062.SH,20160708,18.66,18.69,18.43,18.47,64584.17,119681.514
000551.SZ,20160708,10.46,10.87,10.31,10.52,465384.34,492832.8136
002740.SZ,20160708,16.26,16.55,16.26,16.39,77895.73,127529.578
000566.SZ,20160708,11.79,11.99,11.56,11.66,248797.58,292336.2839
603311.SH,20160708,23.25,23.25,22.94,23.03,17879.96,41256.46
002653.SZ,20160708,16.35,16.4,16.15,16.18,27612.37,44843.3492
600072.SH,20160708,15.5,15.77,15.26,15.46,165068.33,256050.518
300415.SZ,20160708,17.5,17.75,17.29,17.57,45695.31,80118.5475
000418.SZ,20160708,33.95,34.8,33.26,34.64,33345.6,114200.4923
300208.SZ,20160708,15.26,15.26,15.26,15.26,9276.85,14156.4731
002575.SZ,20160708,11.58,11.6,11.46,11.49,60135.3,69207.6153
002578.SZ,20160708,9.83,9.86,9.7,9.73,82376.44,80413.8218
002324.SZ,20160708,29.7,30.96,29.4,30.56,77473.49,235098.296
000430.SZ,20160708,11.52,11.64,11.51,11.57,28987.45,33595.0603
600015.SH,20160708,9.68,9.7,9.63,9.64,306056.18,295625.287
000030.SZ,20160708,7.27,7.37,7.22,7.26,81011.53,59140.9113
000819.SZ,20160708,29.0,29.0,28.26,28.35,41581.64,118714.5395
300054.SZ,20160708,25.5,25.81,25.03,25.42,40496.04,102675.8898
600596.SH,20160708,7.8,7.88,7.73,7.73,76679.72,59668.671
002395.SZ,20160708,26.75,26.99,26.5,26.71,30823.97,82405.698
600398.SH,20160708,11.18,11.25,11.1,11.24,52680.0,58887.496
600981.SH,20160708,8.46,8.47,8.34,8.38,73667.82,61716.142
600370.SH,20160708,5.29,5.73,5.29,5.68,313253.13,175084.381
600327.SH,20160708,9.27,9.39,9.18,9.28,90594.92,83969.579
300255.SZ,20160708,8.5,8.76,8.5,8.68,70120.59,60821.1089
000063.SZ,20160708,14.24,14.28,14.15,14.18,224611.16,319182.1244
603021.SH,20160708,47.5,50.98,47.2,49.53,45298.39,222756.416
300270.SZ,20160708,16.88,17.7,16.81,17.62,114905.06,199458.1451
600522.SH,20160708,9.48,9.92,9.42,9.79,914746.64,892334.591
300021.SZ,20160708,19.33,19.59,19.0,19.3,35452.4,68293.7032
002718.SZ,20160708,72.8,73.49,72.14,72.28,6707.51,48830.411
600211.SH,20160708,44.37,45.38,44.28,44.72,10136.08,45653.857
601390.SH,20160708,7.01,7.05,6.98,6.99,264661.92,185530.992
603027.SH,20160708,38.55,39.95,38.17,39.09,61244.43,240603.251
000830.SZ,20160708,4.62,4.64,4.59,4.61,110790.23,51119.059
000976.SZ,20160708,8.93,8.99,8.85,8.88,27978.26,25006.0066
300325.SZ,20160708,20.3,21.88,20.2,20.92,100950.8,214504.5539
600435.SH,20160708,15.8,16.98,15.8,16.5,1277948.95,2099748.904
603806.SH,20160708,53.0,53.13,51.7,52.26,34422.62,179877.973
600346.SH,20160708,6.17,6.21,6.1,6.12,38333.8,23495.783
002467.SZ,20160708,15.1,15.17,14.83,15.0,186081.6,279285.4899
600108.SH,20160708,5.22,5.29,5.17,5.24,321701.02,168178.621
600874.SH,20160708,7.84,7.96,7.83,7.87,76645.63,60579.297
300177.SZ,20160708,15.82,17.51,15.82,17.51,323809.29,546479.2294
000521.SZ,20160708,6.09,6.12,6.06,6.08,92530.98,56320.0896
600371.SH,20160708,16.5,16.5,16.18,16.24,32120.23,52332.565
300051.SZ,20160708,19.11,19.36,19.03,19.11,104917.77,201759.4909
601099.SH,20160708,6.26,6.36,6.23,6.29,910331.31,573361.064
001896.SZ,20160708,8.7,8.72,8.65,8.67,67141.53,58323.1506
002666.SZ,20160708,9.18,9.21,9.06,9.13,70627.1,64537.4018
002641.SZ,20160708,8.56,8.64,8.48,8.57,31748.8,27203.651
300301.SZ,20160708,8.36,8.42,8.18,8.3,65838.2,54655.6468
600995.SH,20160708,9.87,10.17,9.78,10.15,149648.4,149478.751
600468.SH,20160708,14.01,14.19,13.87,13.91,55065.04,77280.784
300067.SZ,20160708,9.03,9.25,8.95,9.1,148559.7,135738.9133
600018.SH,20160708,5.2,5.31,5.16,5.25,194421.44,101680.082
002548.SZ,20160708,19.4,19.48,18.45,18.5,211062.37,394832.1818
600506.SH,20160708,22.81,23.73,22.81,23.22,21604.19,50450.335
600422.SH,20160708,13.9,14.33,13.83,14.1,131360.48,186279.228
600720.SH,20160708,7.06,7.06,6.96,7.01,60369.3,42326.852
600481.SH,20160708,6.04,6.05,5.97,6.0,73359.04,44014.415
002279.SZ,20160708,21.88,22.05,21.55,21.8,71956.77,156840.037
600747.SH,20160708,4.46,4.48,4.41,4.42,183673.63,81487.968
002278.SZ,20160708,12.91,14.14,12.9,13.96,263805.6,359747.5179
002678.SZ,20160708,12.87,13.17,12.85,13.0,33745.23,44038.2035
300018.SZ,20160708,12.75,12.78,12.5,12.52,90431.39,113874.17
002113.SZ,20160708,32.7,34.85,32.15,34.24,74291.78,251286.9105
000563.SZ,20160708,5.54,5.54,5.44,5.49,247097.21,135569.684
600829.SH,20160708,14.8,14.8,14.53,14.55,34510.0,50613.398
600609.SH,20160708,4.97,5.07,4.9,4.91,101804.1,50629.565
300156.SZ,20160708,21.55,22.35,21.35,21.88,147766.47,324459.9852
002442.SZ,20160708,14.44,14.84,14.31,14.48,31753.3,46376.7576
603025.SH,20160708,37.05,37.29,36.3,36.47,51968.9,190478.801
300004.SZ,20160708,19.76,20.46,19.67,20.17,112454.54,225739.0382
000810.SZ,20160708,18.71,19.17,18.33,18.94,165107.88,309595.5872
600288.SH,20160708,13.09,13.18,12.95,13.0,99954.43,130400.297
600059.SH,20160708,10.46,10.57,10.38,10.43,114388.33,119599.879
002627.SZ,20160708,22.01,22.4,21.81,21.83,24779.39,54611.1057
300122.SZ,20160708,15.15,15.43,15.08,15.12,99983.19,151773.1901
600777.SH,20160708,18.75,19.22,18.51,19.04,353688.52,664998.164
002145.SZ,20160708,7.06,7.15,6.85,6.9,1281072.46,892438.0773
300193.SZ,20160708,10.68,11.06,10.64,10.92,299363.99,326521.2591
002636.SZ,20160708,15.75,16.17,15.48,15.88,127032.79,201550.7439
000912.SZ,20160708,6.08,6.14,6.06,6.11,34300.57,20928.9852
600118.SH,20160708,35.08,35.66,34.74,35.12,252966.34,892372.348
002115.SZ,20160708,11.38,11.55,11.32,11.41,107172.14,122760.0078
300519.SZ,20160708,45.57,45.57,45.57,45.57,113.83,518.7233
002470.SZ,20160708,8.15,8.18,8.08,8.15,95228.88,77460.8804
300370.SZ,20160708,10.9,11.0,10.6,10.68,209056.37,224571.9563
600789.SH,20160708,9.71,9.77,9.58,9.62,184923.63,178346.426
601101.SH,20160708,6.62,6.64,6.52,6.55,57229.91,37501.014
600677.SH,20160708,20.93,22.08,20.82,21.37,425182.22,913372.947
300435.SZ,20160708,21.62,21.99,21.25,21.62,38354.16,82654.6113
002167.SZ,20160708,11.71,11.86,11.36,11.51,334775.62,387347.3011
600098.SH,20160708,8.0,8.02,7.96,8.0,66542.05,53158.897
002132.SZ,20160708,4.5,4.51,4.45,4.48,89545.33,40094.9255
600689.SH,20160708,15.84,15.88,15.52,15.66,48876.31,76653.588
300293.SZ,20160708,17.6,17.77,17.42,17.66,32555.13,57356.8292
300124.SZ,20160708,19.03,19.32,18.82,19.0,142820.55,272402.1094
000725.SZ,20160708,2.36,2.37,2.34,2.35,1955972.97,459379.2931
601377.SH,20160708,7.7,7.76,7.65,7.69,624772.31,481318.559
300065.SZ,20160708,41.56,44.36,41.29,43.6,90244.82,385737.1229
600810.SH,20160708,7.73,7.77,7.65,7.72,34739.58,26771.116
600255.SH,20160708,4.49,4.52,4.38,4.4,464605.66,205398.361
002193.SZ,20160708,17.05,17.16,16.85,17.02,35945.95,61132.2235
002213.SZ,20160708,23.7,24.26,22.0,23.09,201058.9,461131.6172
002711.SZ,20160708,14.74,15.02,14.53,14.81,108285.64,159836.07
300155.SZ,20160708,14.37,14.52,14.01,14.21,113551.58,161592.7568
300483.SZ,20160708,59.5,60.0,58.68,58.72,31000.37,184268.1951
002750.SZ,20160708,16.4,16.4,16.0,16.12,61031.07,98611.1561
600571.SH,20160708,25.38,26.36,25.38,26.01,126872.51,329770.631
002162.SZ,20160708,6.53,6.53,6.45,6.46,69693.18,45095.9671
300511.SZ,20160708,74.8,75.33,73.35,73.41,48563.64,360978.2738
300154.SZ,20160708,10.23,10.52,10.18,10.3,59395.84,61638.3468
002776.SZ,20160708,36.4,37.0,36.14,36.67,27965.45,102056.0922
002699.SZ,20160708,34.4,34.45,33.8,34.3,28189.2,95963.5219
300143.SZ,20160708,24.4,24.4,23.75,23.83,32180.22,77085.6477
600079.SH,20160708,17.45,17.53,17.12,17.19,147642.35,254486.67
002639.SZ,20160708,11.88,13.15,11.72,13.15,620787.38,796822.1294
000828.SZ,20160708,9.21,9.23,9.14,9.14,37732.24,34619.4841
603299.SH,20160708,19.36,19.5,19.02,19.06,157230.75,302355.335
002137.SZ,20160708,16.26,16.65,16.12,16.44,180128.56,295990.9559
002507.SZ,20160708,12.48,12.85,12.36,12.5,116010.68,146264.6799
600077.SH,20160708,4.87,4.93,4.86,4.91,122993.94,60281.389
000701.SZ,20160708,17.65,17.65,17.29,17.37,79871.5,139276.0278
600856.SH,20160708,19.33,19.48,19.2,19.27,53461.98,103285.146
000021.SZ,20160708,11.02,11.32,10.98,11.01,478943.49,534953.2693
002050.SZ,20160708,9.32,9.38,9.28,9.32,101415.96,94616.733
300011.SZ,20160708,22.13,22.37,22.01,22.16,62428.08,138670.761
002382.SZ,20160708,11.9,11.91,11.65,11.72,61467.24,72252.058
002755.SZ,20160708,40.2,42.48,39.5,41.43,40057.55,164683.2515
600285.SH,20160708,11.52,11.58,11.36,11.45,88450.72,101372.358
002346.SZ,20160708,18.82,20.71,18.82,20.29,93971.0,183997.047
002506.SZ,20160708,6.79,6.8,6.69,6.72,483163.23,325545.0572
600572.SH,20160708,6.81,6.81,6.7,6.72,114259.05,77019.531
300105.SZ,20160708,8.48,8.79,8.46,8.68,140547.93,121664.8394
300458.SZ,20160708,108.6,108.6,105.2,106.61,35553.27,381012.7191
002518.SZ,20160708,24.09,24.33,23.91,24.03,51282.4,123514.7023
601222.SH,20160708,41.65,43.36,41.3,41.9,264499.05,1119784.716
000736.SZ,20160708,14.24,14.79,14.15,14.6,65696.25,95654.6902
600074.SH,20160708,14.98,14.98,14.7,14.78,204674.7,302869.181
000678.SZ,20160708,8.19,8.2,8.11,8.14,37521.88,30568.0202
000035.SZ,20160708,7.05,7.39,7.0,7.27,284711.75,205642.3891
300151.SZ,20160708,14.98,15.33,14.41,14.45,212486.82,314580.6428
600527.SH,20160708,6.78,6.82,6.66,6.73,84458.97,57026.048
300273.SZ,20160708,20.16,20.22,19.92,20.1,85976.65,172585.1903
600121.SH,20160708,4.91,5.01,4.9,4.95,92833.6,46027.759
601118.SH,20160708,6.02,6.06,5.96,6.0,430514.83,258381.184
002659.SZ,20160708,17.5,17.7,17.46,17.52,18939.9,33278.4577
603010.SH,20160708,23.3,23.77,23.14,23.38,15307.54,35901.75
603636.SH,20160708,71.2,71.94,70.01,70.72,16206.98,115029.94
300121.SZ,20160708,14.7,15.4,14.4,15.3,118522.73,177435.4549
600172.SH,20160708,19.54,19.97,19.25,19.32,171770.66,335987.98
600419.SH,20160708,55.08,56.1,54.01,54.04,11982.29,65330.384
002550.SZ,20160708,8.53,8.53,8.4,8.46,147655.95,124723.2828
600069.SH,20160708,6.2,6.57,6.18,6.34,173784.48,110652.413
300264.SZ,20160708,12.62,12.79,12.61,12.68,74977.02,95072.0729
601116.SH,20160708,12.1,12.26,11.98,12.18,31778.82,38489.292
600746.SH,20160708,10.35,10.67,10.35,10.48,64499.06,67805.659
300064.SZ,20160708,10.28,10.36,10.14,10.22,116243.45,118856.1166
300340.SZ,20160708,85.0,85.22,76.19,76.19,148124.94,1170774.6294
300248.SZ,20160708,27.6,27.77,27.01,27.28,101062.86,276280.2341
000733.SZ,20160708,22.19,22.65,21.91,22.3,156634.57,349569.7205
002629.SZ,20160708,12.12,12.63,12.05,12.31,116491.21,143962.6321
000883.SZ,20160708,4.72,4.74,4.68,4.69,106219.19,49894.5092
300003.SZ,20160708,18.55,18.84,18.36,18.65,122082.15,227355.6279
002508.SZ,20160708,36.86,38.17,36.62,37.72,62409.86,234876.5988
600017.SH,20160708,4.15,4.25,4.11,4.2,482896.74,201474.705
002703.SZ,20160708,31.45,32.6,31.06,32.1,198168.99,636070.8609
300380.SZ,20160708,50.24,51.4,49.9,50.63,50898.16,259141.3583
600970.SH,20160708,6.53,6.54,6.45,6.51,98037.85,63611.894
600083.SH,20160708,20.65,20.69,20.0,20.21,20866.79,42284.066
600131.SH,20160708,10.45,10.68,10.34,10.63,67784.61,71222.603
600287.SH,20160708,9.19,9.26,9.12,9.17,51779.87,47577.648
603999.SH,20160708,36.17,36.49,35.3,35.38,95899.82,342672.361
002495.SZ,20160708,7.51,7.62,7.48,7.55,146101.79,110480.9908
000716.SZ,20160708,7.14,7.23,7.1,7.16,112674.4,80905.2431
002570.SZ,20160708,13.2,13.21,12.95,12.98,153365.77,200298.733
300224.SZ,20160708,24.15,24.33,23.7,23.96,129023.87,309907.9806
300128.SZ,20160708,18.12,18.27,17.9,17.91,168834.45,304583.2116
000850.SZ,20160708,5.9,5.93,5.83,5.84,130325.1,76380.7934
600630.SH,20160708,16.28,16.3,16.06,16.12,103211.99,166700.998
300182.SZ,20160708,16.93,16.98,16.7,16.97,107313.29,180744.6606
600241.SH,20160708,20.59,20.8,20.12,20.62,81523.88,166889.367
002019.SZ,20160708,15.9,16.78,15.9,16.32,441492.6,725816.3106
600776.SH,20160708,8.53,8.61,8.37,8.45,102512.43,86870.364
600389.SH,20160708,14.49,14.53,14.34,14.44,25339.84,36542.065
000848.SZ,20160708,12.04,12.1,11.91,12.0,77009.16,92318.3364
601996.SH,20160708,8.01,8.07,7.98,8.04,41942.85,33670.611
000852.SZ,20160708,11.55,11.75,11.55,11.66,33677.49,39270.2979
600180.SH,20160708,16.51,16.7,16.13,16.46,40182.41,65667.934
600787.SH,20160708,7.87,8.03,7.8,7.87,174010.61,137530.305
600026.SH,20160708,6.14,6.15,6.08,6.12,194585.45,118918.645
000028.SZ,20160708,67.01,67.39,65.5,66.1,10662.25,70389.5561
002147.SZ,20160708,15.32,15.59,15.15,15.41,70137.49,108061.0076
600655.SH,20160708,12.5,12.96,12.46,12.61,334500.97,425724.853
002600.SZ,20160708,13.25,13.38,12.81,12.99,776682.87,1012469.8832
002552.SZ,20160708,14.95,15.18,14.9,14.96,54526.98,81857.0726
300042.SZ,20160708,33.39,33.55,33.04,33.45,13543.14,45191.8646
600151.SH,20160708,11.65,12.07,11.61,11.84,336296.77,398895.313
600191.SH,20160708,14.18,14.18,13.86,13.96,38480.39,53716.576
002446.SZ,20160708,33.5,34.5,33.3,33.5,82557.94,279538.8234
600410.SH,20160708,11.4,11.62,11.3,11.46,208091.05,238881.273
603003.SH,20160708,21.3,21.69,20.89,21.34,45060.8,95870.127
000025.SZ,20160708,69.27,70.85,68.23,68.93,99722.45,692590.1976
000679.SZ,20160708,11.96,12.15,11.83,12.02,83877.44,100743.1836
300253.SZ,20160708,24.28,24.34,23.89,23.95,149036.23,359242.1038
601100.SH,20160708,12.57,12.6,12.37,12.4,24803.76,30931.046
000410.SZ,20160708,17.13,17.13,16.81,16.9,179115.17,303333.445
002301.SZ,20160708,21.05,22.18,20.8,21.81,86784.21,187685.3719
600084.SH,20160708,6.51,6.8,6.46,6.55,246163.1,163511.143
002676.SZ,20160708,24.35,26.0,23.9,25.01,35710.36,88148.7837
002693.SZ,20160708,9.96,10.13,9.85,9.86,50940.59,50841.6067
300467.SZ,20160708,59.26,60.49,58.4,59.8,37340.09,223087.0046
601288.SH,20160708,3.09,3.1,3.07,3.07,865606.14,266268.999
600598.SH,20160708,11.04,11.04,10.75,10.81,191875.46,207933.07
000069.SZ,20160708,6.65,6.81,6.62,6.73,294194.9,197591.2262
600573.SH,20160708,13.84,13.9,13.75,13.8,35526.43,49041.113
002393.SZ,20160708,39.62,40.99,39.6,40.01,41738.94,168638.099
600433.SH,20160708,9.45,9.83,9.38,9.56,298955.23,287690.401
600259.SH,20160708,62.95,62.95,60.79,61.92,70969.81,439149.624
002433.SZ,20160708,10.23,10.29,10.14,10.28,142823.68,146090.1151
002345.SZ,20160708,10.99,10.99,10.7,10.77,220150.86,237819.3836
002787.SZ,20160708,54.03,56.4,53.5,54.25,79574.84,440283.5177
600966.SH,20160708,3.38,3.65,3.36,3.59,607381.33,212856.86
002040.SZ,20160708,14.3,15.79,13.76,15.79,321518.88,486269.5232
002490.SZ,20160708,8.85,8.94,8.8,8.81,71984.39,63805.7998
601107.SH,20160708,4.76,4.79,4.72,4.78,130434.06,62066.702
300116.SZ,20160708,25.43,25.89,24.91,24.92,269023.79,681428.8967
002463.SZ,20160708,5.75,5.99,5.7,5.77,455282.32,266663.4298
300289.SZ,20160708,15.49,15.52,14.96,14.99,108503.11,164284.7631
601888.SH,20160708,44.99,46.13,44.91,45.79,51837.13,236787.243
300168.SZ,20160708,25.16,25.6,25.05,25.23,241985.73,613257.7572
600301.SH,20160708,12.79,12.92,12.61,12.82,13956.21,17820.416
300445.SZ,20160708,29.61,32.83,29.45,30.69,76902.62,240017.434
300147.SZ,20160708,15.15,15.2,14.8,14.93,111151.72,166290.3909
300429.SZ,20160708,147.2,148.9,141.0,141.19,33753.95,489859.2447
600020.SH,20160708,4.49,4.51,4.46,4.5,102046.93,45765.098
002250.SZ,20160708,14.68,14.68,14.51,14.59,48364.61,70475.6671
603016.SH,20160708,19.7,19.7,19.7,19.7,136.0,267.92
000536.SZ,20160708,16.43,16.58,15.4,15.49,466067.08,744379.3192
000623.SZ,20160708,25.44,25.46,25.27,25.3,98306.28,249160.1515
002549.SZ,20160708,10.22,10.35,10.11,10.25,30979.51,31717.0805
300477.SZ,20160708,24.21,24.53,23.86,24.12,82113.47,199211.32
600643.SH,20160708,9.94,10.12,9.91,9.99,254834.49,255797.62
000667.SZ,20160708,3.63,3.65,3.62,3.63,196512.88,71305.2387
000032.SZ,20160708,15.19,15.32,15.11,15.21,33257.21,50628.6414
002236.SZ,20160708,13.85,14.08,13.68,13.85,149327.29,206797.9848
002243.SZ,20160708,12.89,12.95,12.74,12.87,37548.48,48188.4513
600814.SH,20160708,10.7,10.77,10.6,10.62,33276.44,35496.791
002131.SZ,20160708,18.61,18.78,18.27,18.61,169909.46,314041.3811
002664.SZ,20160708,32.59,33.48,32.41,32.8,96492.53,318759.9643
603909.SH,20160708,32.56,32.56,32.56,32.56,261.0,849.816
600755.SH,20160708,8.14,8.22,8.03,8.15,227994.48,185514.428
002041.SZ,20160708,16.64,17.02,16.51,16.65,79526.24,132998.4733
002598.SZ,20160708,12.06,12.3,12.02,12.04,47862.53,58063.1838
002677.SZ,20160708,10.88,10.95,10.8,10.81,30198.72,32763.9291
600466.SH,20160708,8.6,8.74,8.5,8.65,120339.89,103924.187
600202.SH,20160708,10.55,10.65,10.47,10.53,43807.37,46117.238
000892.SZ,20160708,13.64,13.74,13.5,13.67,183119.68,248919.9322
600081.SH,20160708,16.7,16.77,16.42,16.5,52487.35,86710.397
002534.SZ,20160708,10.65,10.87,10.65,10.71,23867.15,25658.9574
600323.SH,20160708,13.06,13.17,12.92,12.94,56594.22,73764.506
600960.SH,20160708,10.25,10.35,10.14,10.17,56644.77,58013.585
601000.SH,20160708,4.01,4.18,3.98,4.14,451401.76,183827.122
002533.SZ,20160708,14.57,14.95,14.25,14.28,397111.94,577478.4333
002294.SZ,20160708,27.35,27.45,27.04,27.11,38687.72,105112.6431
600686.SH,20160708,14.94,15.03,14.44,14.47,242045.0,354018.72
603077.SH,20160708,4.93,5.04,4.91,4.98,254363.82,126829.068
002727.SZ,20160708,25.57,26.0,25.14,25.22,52006.81,132041.8577
300238.SZ,20160708,48.16,51.46,48.11,51.2,74817.28,375010.2709
002454.SZ,20160708,19.42,19.45,18.88,18.91,43495.46,82933.4847
000673.SZ,20160708,12.22,12.42,12.11,12.14,83422.5,102157.7589
600501.SH,20160708,18.97,20.15,18.79,19.45,147271.33,288328.469
000429.SZ,20160708,5.71,5.99,5.67,5.88,156908.12,92228.8726
300463.SZ,20160708,27.83,27.98,27.6,27.77,49948.59,138878.6492
000411.SZ,20160708,19.29,19.33,19.01,19.11,24296.74,46536.3471
600082.SH,20160708,5.87,5.89,5.83,5.84,44915.38,26342.238
002097.SZ,20160708,10.2,10.27,10.09,10.17,158654.15,161769.8472
300113.SZ,20160708,36.8,38.08,36.78,37.41,145863.85,549381.0779
600869.SH,20160708,11.16,11.78,11.12,11.24,380993.66,437687.306
600588.SH,20160708,19.4,19.74,19.35,19.57,117826.76,230374.504
603606.SH,20160708,13.58,13.97,13.5,13.88,39715.65,54665.444
600648.SH,20160708,19.74,19.84,19.55,19.7,55381.09,109109.302
600373.SH,20160708,21.05,21.06,20.49,20.59,60815.38,125581.898
300346.SZ,20160708,50.71,53.5,49.51,49.95,58708.07,301553.6278
600723.SH,20160708,8.87,8.87,8.72,8.75,28981.85,25435.15
600094.SH,20160708,9.73,9.73,9.59,9.68,131527.81,126701.784
000587.SZ,20160708,16.5,16.6,16.18,16.2,168620.12,275524.8055
000700.SZ,20160708,9.98,10.06,9.88,9.99,156670.89,156308.6267
300117.SZ,20160708,7.24,7.47,7.15,7.27,205549.18,150484.9703
002483.SZ,20160708,11.68,11.68,11.44,11.56,69587.55,80209.9634
002596.SZ,20160708,29.7,30.79,29.54,30.5,32230.81,97555.3275
600622.SH,20160708,13.78,13.92,13.58,13.7,51306.02,70732.845
300516.SZ,20160708,182.3,185.38,179.56,179.9,43324.44,789025.8459
000545.SZ,20160708,7.3,7.36,7.1,7.11,661284.69,475070.7887
300099.SZ,20160708,8.81,9.2,8.75,8.99,194448.5,175180.8878
300109.SZ,20160708,64.0,64.3,62.5,62.53,27697.61,174620.2225
002210.SZ,20160708,18.89,19.32,18.0,19.0,127512.63,240624.5531
600420.SH,20160708,30.37,30.37,29.86,29.88,21576.57,64785.171
002094.SZ,20160708,26.22,26.38,25.73,25.78,37293.52,96884.2914
603198.SH,20160708,26.01,26.96,25.91,26.3,162836.14,430459.257
002450.SZ,20160708,17.41,18.37,17.37,18.19,1064065.41,1916645.9869
600568.SH,20160708,17.35,17.4,17.2,17.3,88309.95,152583.853
600621.SH,20160708,10.22,10.34,10.2,10.22,59746.01,61379.156
002504.SZ,20160708,25.3,25.3,24.91,24.97,63546.51,159254.7966
002747.SZ,20160708,34.4,35.0,33.95,33.96,38739.2,133281.2765
300256.SZ,20160708,17.6,18.65,17.6,18.07,326295.02,592581.3172
002424.SZ,20160708,18.17,18.3,17.81,18.2,138309.76,249809.3269
002312.SZ,20160708,18.66,18.86,18.58,18.68,213273.72,399950.0683
000166.SZ,20160708,6.34,6.41,6.29,6.34,485667.66,308316.0365
002172.SZ,20160708,11.85,12.28,11.69,12.04,208593.57,252166.5173
002187.SZ,20160708,12.65,12.75,12.5,12.68,36648.92,46351.2817
000709.SZ,20160708,2.87,2.88,2.81,2.82,668198.24,189730.1652
002061.SZ,20160708,7.06,7.12,6.99,7.07,57210.37,40348.1449
600162.SH,20160708,4.28,4.29,4.24,4.27,56308.08,24007.41
000761.SZ,20160708,6.34,6.35,6.21,6.29,301439.32,188689.1596
000801.SZ,20160708,12.41,12.68,12.38,12.52,107744.71,135144.7285
600063.SH,20160708,4.57,4.61,4.52,4.55,130406.15,59552.042
002667.SZ,20160708,30.31,30.4,29.81,30.1,43057.44,129593.2467
601186.SH,20160708,10.02,10.12,10.02,10.04,144653.86,145439.482
002572.SZ,20160708,55.53,55.98,55.1,55.28,14052.02,77723.6712
002593.SZ,20160708,7.45,7.53,7.37,7.43,85972.29,64053.6731
300347.SZ,20160708,28.67,28.67,27.9,28.0,61231.13,172086.406
002625.SZ,20160708,43.0,43.63,42.83,43.39,23732.01,102891.229
600303.SH,20160708,13.99,14.0,13.65,13.73,426943.14,588604.478
002760.SZ,20160708,39.45,40.75,39.15,39.9,53835.97,216583.0791
600855.SH,20160708,32.47,35.75,32.47,34.99,294288.71,1020179.956
600585.SH,20160708,14.88,14.92,14.73,14.75,69422.17,102684.303
600641.SH,20160708,13.68,13.97,13.66,13.68,39795.65,54829.259
002500.SZ,20160708,16.5,16.95,16.4,16.63,755175.65,1259589.9433
300307.SZ,20160708,13.73,13.84,13.65,13.72,164495.38,226083.5213
002334.SZ,20160708,8.85,8.98,8.81,8.82,143257.0,127380.4277
300235.SZ,20160708,25.66,26.55,25.62,26.21,52035.3,135837.9704
300043.SZ,20160708,13.78,13.97,13.6,13.8,128096.11,176590.9977
002580.SZ,20160708,18.98,19.29,18.78,18.78,96132.43,182414.4084
300252.SZ,20160708,33.53,34.18,32.9,34.0,33837.5,113841.4456
002397.SZ,20160708,8.06,8.11,7.98,8.01,51342.98,41244.5469
600353.SH,20160708,8.32,8.58,8.28,8.49,183287.77,155246.367
002527.SZ,20160708,15.85,15.97,15.7,15.72,69059.1,109003.2131
002002.SZ,20160708,19.13,19.23,18.9,19.05,86594.2,165016.3076
300376.SZ,20160708,28.28,28.8,27.86,27.91,96671.5,273643.4636
002485.SZ,20160708,18.66,19.38,18.65,18.95,54919.93,104703.3175
300106.SZ,20160708,14.7,14.81,14.55,14.61,48302.15,70890.5488
002407.SZ,20160708,43.27,43.74,42.48,42.5,526481.91,2259525.2651
000959.SZ,20160708,4.02,4.05,4.0,4.02,142304.25,57220.2748
603998.SH,20160708,16.5,17.98,16.5,17.54,159814.22,276091.219
300453.SZ,20160708,27.91,27.98,27.38,27.55,38498.93,106203.2021
601009.SH,20160708,9.57,9.6,9.51,9.56,137799.27,131577.983
600278.SH,20160708,15.8,15.96,15.7,15.83,35963.21,56821.745
600543.SH,20160708,14.23,14.34,14.05,14.07,81547.03,115461.05
601088.SH,20160708,14.31,14.31,14.09,14.2,93761.59,133095.498
600273.SH,20160708,9.24,9.27,9.09,9.1,165783.43,151965.863
000791.SZ,20160708,10.82,10.84,10.68,10.72,28211.46,30282.9912
600879.SH,20160708,16.31,16.99,16.25,16.94,532076.41,886825.669
600060.SH,20160708,17.35,17.35,17.01,17.13,84397.37,144590.45
300385.SZ,20160708,37.65,41.26,37.36,38.78,54567.9,214417.4293
002538.SZ,20160708,9.28,9.35,9.25,9.29,68332.55,63588.6949
600701.SH,20160708,14.07,14.56,13.98,14.34,65984.66,94657.027
002151.SZ,20160708,35.61,37.3,35.61,36.48,205601.92,753654.8763
600238.SH,20160708,11.9,12.03,11.88,11.94,27314.35,32658.56
002163.SZ,20160708,7.14,7.34,7.02,7.19,192132.94,138319.7996
000520.SZ,20160708,9.12,9.28,9.06,9.12,296905.79,271449.9395
002739.SZ,20160708,76.5,76.59,75.39,75.75,75715.39,574141.0151
600186.SH,20160708,5.49,5.52,5.42,5.43,150127.66,82087.419
300237.SZ,20160708,10.26,10.37,10.18,10.25,58030.3,59577.7168
300234.SZ,20160708,23.14,23.25,22.19,22.73,44326.14,101614.7176
002563.SZ,20160708,11.06,11.13,10.96,11.05,17962.47,19833.9215
600160.SH,20160708,10.87,11.26,10.86,11.01,339962.26,377868.222
600754.SH,20160708,32.95,32.95,32.48,32.52,50510.34,164914.047
300368.SZ,20160708,29.9,30.29,29.56,29.66,159681.75,476561.0086
600801.SH,20160708,7.2,7.25,7.04,7.12,161551.03,115172.456
002047.SZ,20160708,10.68,10.97,10.57,10.97,189052.54,204662.6716
000800.SZ,20160708,11.03,11.11,10.93,11.02,156126.53,171830.1985
002034.SZ,20160708,37.9,38.5,37.22,37.8,10833.92,41201.8324
600080.SH,20160708,11.63,11.65,11.39,11.59,59607.39,68644.411
000779.SZ,20160708,22.28,22.65,22.16,22.45,38737.5,86716.1284
600717.SH,20160708,9.49,9.65,9.31,9.46,185651.68,175572.412
002161.SZ,20160708,14.83,14.99,14.7,14.8,198254.86,294413.8466
603588.SH,20160708,28.51,28.65,28.16,28.39,34877.35,98916.263
300464.SZ,20160708,24.1,25.67,24.05,25.67,158873.59,394691.2579
601021.SH,20160708,47.19,47.35,46.92,46.99,29314.72,138067.174
002009.SZ,20160708,16.71,16.76,16.35,16.36,102229.21,168666.3635
600452.SH,20160708,33.24,33.24,32.54,32.58,10626.87,34772.738
600713.SH,20160708,8.86,8.89,8.66,8.79,84834.18,74434.742
002602.SZ,20160708,19.12,19.2,18.81,19.06,58364.68,110735.9542
000722.SZ,20160708,14.71,14.97,14.46,14.49,84728.68,124355.6192
000766.SZ,20160708,18.74,19.1,18.61,18.88,93735.91,176742.6807
002251.SZ,20160708,13.39,13.94,13.31,13.76,153597.93,210556.3372
002353.SZ,20160708,19.51,19.65,19.37,19.41,137436.52,267803.8804
002405.SZ,20160708,24.1,24.48,24.08,24.1,324430.37,786482.1763
300319.SZ,20160708,29.05,31.5,29.01,30.6,105448.79,322422.7403
002426.SZ,20160708,10.07,10.14,9.91,9.94,277287.43,277490.7464
300097.SZ,20160708,51.2,51.4,50.03,50.14,51459.25,260134.0133
002585.SZ,20160708,10.68,10.84,10.65,10.78,113478.05,122073.4829
002124.SZ,20160708,11.2,11.33,11.03,11.06,176903.78,197137.5364
002230.SZ,20160708,31.8,32.13,31.55,31.8,169421.8,539549.627
600022.SH,20160708,2.45,2.45,2.42,2.43,191245.8,46474.831
600097.SH,20160708,16.08,16.34,15.8,16.08,31165.64,50079.614
002375.SZ,20160708,11.45,11.5,11.35,11.49,99950.14,114414.1364
002581.SZ,20160708,29.2,29.22,28.8,28.88,23372.84,67697.581
002043.SZ,20160708,11.0,11.12,10.8,10.92,776543.83,850750.3787
600761.SH,20160708,10.23,10.5,10.22,10.4,69360.48,72074.387
600275.SH,20160708,7.54,7.59,7.49,7.53,58007.27,43686.132
600350.SH,20160708,5.43,5.48,5.41,5.47,69153.65,37701.712
600368.SH,20160708,5.17,5.24,5.14,5.21,94726.54,49195.342
600393.SH,20160708,11.7,11.7,11.5,11.54,16099.9,18621.045
600884.SH,20160708,17.95,18.05,17.68,17.76,315065.9,562100.295
601766.SH,20160708,9.21,9.25,9.17,9.19,377592.68,347303.902
601999.SH,20160708,9.7,9.87,9.66,9.72,44944.73,43913.194
600010.SH,20160708,2.93,2.93,2.87,2.9,1235650.71,358393.923
600133.SH,20160708,7.77,7.79,7.69,7.74,57902.8,44780.394
600616.SH,20160708,10.62,10.74,10.5,10.57,87013.05,92385.776
600213.SH,20160708,12.92,12.92,12.74,12.79,36777.93,47156.723
600217.SH,20160708,7.94,7.95,7.79,7.82,58744.29,46071.293
600642.SH,20160708,5.85,5.88,5.84,5.85,89114.65,52200.792
600674.SH,20160708,8.5,8.53,8.45,8.51,140672.42,119387.612
002125.SZ,20160708,21.52,22.37,20.9,21.0,138834.65,298951.9277
000606.SZ,20160708,10.11,10.22,10.03,10.16,76511.73,77513.8853
000753.SZ,20160708,4.57,4.59,4.55,4.56,90652.38,41375.0633
002156.SZ,20160708,13.69,14.08,13.54,13.68,258375.1,356870.8424
002192.SZ,20160708,36.7,36.87,36.26,36.33,67883.74,247755.5389
002203.SZ,20160708,8.28,8.37,8.15,8.17,221037.83,181680.9186
000809.SZ,20160708,4.47,4.49,4.44,4.49,83228.23,37178.8164
000831.SZ,20160708,13.84,14.05,13.76,13.9,148641.43,206554.6505
000400.SZ,20160708,15.67,16.24,15.63,15.96,287388.27,458487.5993
000403.SZ,20160708,30.23,30.31,29.8,29.9,21710.76,64987.0925
000921.SZ,20160708,7.9,7.93,7.83,7.85,44059.6,34667.5544
000997.SZ,20160708,19.75,20.82,19.72,20.16,396409.25,804434.2214
002337.SZ,20160708,7.88,8.0,7.82,7.87,75780.87,59960.5285
002352.SZ,20160708,46.59,48.98,46.03,46.07,147452.8,695352.8727
002154.SZ,20160708,4.91,4.92,4.86,4.9,152634.87,74677.586
002516.SZ,20160708,6.22,6.41,6.18,6.25,150688.79,94838.0025
600449.SH,20160708,9.49,9.56,9.43,9.5,34992.19,33253.635
601901.SH,20160708,7.81,7.95,7.78,7.85,792087.18,623040.507
000529.SZ,20160708,8.56,8.66,8.48,8.62,69051.86,59257.304
300192.SZ,20160708,13.52,13.55,13.25,13.45,44033.1,59008.3243
002562.SZ,20160708,26.6,26.97,26.22,26.51,71295.31,190324.7311
601718.SH,20160708,8.17,8.27,8.12,8.13,327069.8,267397.559
002330.SZ,20160708,10.65,10.74,10.54,10.62,74393.43,79231.6488
300071.SZ,20160708,10.48,10.58,10.3,10.5,124839.97,130691.6407
601877.SH,20160708,19.43,19.45,19.21,19.22,59518.6,114886.062
002356.SZ,20160708,26.0,27.27,25.99,27.0,40988.49,109306.8559
300138.SZ,20160708,17.05,17.2,16.8,17.01,50698.66,86183.839
002499.SZ,20160708,21.15,21.24,20.75,20.9,27323.01,57322.3289
600220.SH,20160708,4.7,4.71,4.6,4.6,338559.18,157147.231
603223.SH,20160708,32.0,32.78,31.88,32.41,27706.96,89709.167
002299.SZ,20160708,28.6,30.02,28.15,28.95,62447.55,182363.3208
601677.SH,20160708,17.16,17.5,17.0,17.01,111803.0,192741.775
300268.SZ,20160708,18.69,19.58,18.6,19.39,48222.78,92375.5297
300389.SZ,20160708,24.16,26.58,23.96,25.7,109676.88,278279.5423
002737.SZ,20160708,37.23,37.51,37.18,37.38,28962.67,108061.5557
300469.SZ,20160708,120.45,122.8,120.0,120.0,10672.42,129198.6213
600743.SH,20160708,4.97,4.98,4.7,4.74,239068.22,115079.777
600298.SH,20160708,18.07,18.09,17.81,17.84,109168.88,195333.553
601872.SH,20160708,5.01,5.03,4.97,4.99,304921.67,152331.708
000597.SZ,20160708,9.19,9.22,9.08,9.12,39421.38,36045.508
600559.SH,20160708,27.7,28.79,27.5,27.8,161465.89,454742.973
002802.SZ,20160708,26.73,26.73,26.73,26.73,75.72,202.3996
603885.SH,20160708,27.32,27.98,27.15,27.27,70141.03,192850.593
002777.SZ,20160708,128.5,129.78,125.68,126.79,14333.24,182414.1836
603969.SH,20160708,13.68,13.95,13.48,13.79,59525.47,81895.21
300418.SZ,20160708,28.2,28.58,27.91,28.32,136939.86,387288.1907
002487.SZ,20160708,9.2,9.28,9.17,9.21,48563.76,44757.4292
300090.SZ,20160708,8.28,8.4,8.24,8.35,138610.52,115157.689
603678.SH,20160708,75.0,75.44,73.68,74.0,11964.97,89004.179
002010.SZ,20160708,19.51,19.82,19.42,19.55,27188.51,53436.0998
002543.SZ,20160708,18.08,18.49,18.06,18.16,35473.14,64799.3257
601198.SH,20160708,24.3,24.64,24.14,24.36,325747.84,795796.84
002202.SZ,20160708,15.4,15.4,15.22,15.27,147189.95,224912.8561
002410.SZ,20160708,14.29,14.99,14.12,14.56,305887.35,446884.2774
300152.SZ,20160708,7.64,7.75,7.55,7.66,173216.59,132756.3564
600355.SH,20160708,7.6,7.62,7.42,7.5,138670.79,103996.499
000662.SZ,20160708,21.83,23.88,21.82,23.38,84809.18,195853.4865
002350.SZ,20160708,19.76,20.8,19.71,20.1,66463.6,134609.1483
601918.SH,20160708,3.9,3.9,3.85,3.86,272064.04,105432.537
002369.SZ,20160708,11.18,11.44,11.07,11.2,160283.85,180808.2712
600889.SH,20160708,12.5,13.06,12.42,12.57,178527.92,227717.503
002261.SZ,20160708,13.74,14.38,13.66,14.13,279490.8,392845.7126
600624.SH,20160708,12.81,13.0,12.69,12.77,172683.83,222008.232
002269.SZ,20160708,4.48,4.51,4.43,4.47,115446.2,51533.3264
002090.SZ,20160708,29.3,30.65,28.9,30.39,79171.64,237524.8008
000973.SZ,20160708,10.7,10.88,10.43,10.45,657207.1,699681.8232
600871.SH,20160708,3.84,3.9,3.82,3.86,435036.97,168179.601
600137.SH,20160708,30.13,31.28,30.13,31.1,37323.73,115156.18
000910.SZ,20160708,14.88,15.33,14.87,15.2,54680.97,82733.1997
002004.SZ,20160708,9.5,9.53,9.38,9.4,161615.96,152371.2022
603866.SH,20160708,45.3,45.96,45.0,45.04,24402.68,110670.705
002665.SZ,20160708,8.18,8.2,8.07,8.15,68256.43,55309.9769
300283.SZ,20160708,9.39,9.99,9.38,9.43,148906.02,143572.18
002751.SZ,20160708,63.15,64.47,62.76,63.69,58762.08,373770.4117
300509.SZ,20160708,88.52,92.99,86.81,89.11,47637.9,428961.2766
600095.SH,20160708,9.55,9.65,9.5,9.58,29325.34,28105.817
002378.SZ,20160708,11.57,11.8,11.41,11.49,308769.98,357750.1305
002619.SZ,20160708,16.51,16.63,16.03,16.4,149329.29,243437.6882
000687.SZ,20160708,21.13,21.77,20.92,21.3,154974.52,332118.961
600256.SH,20160708,4.19,4.19,4.15,4.16,205183.75,85486.467
600293.SH,20160708,12.18,12.31,12.11,12.11,38225.79,46599.158
000965.SZ,20160708,6.49,6.56,6.36,6.41,185943.89,119492.4804
002554.SZ,20160708,7.46,7.47,7.3,7.37,169020.07,124445.7976
600652.SH,20160708,14.4,15.92,14.33,15.17,670977.9,1023869.7
000807.SZ,20160708,7.32,7.34,7.17,7.19,372775.01,269529.9072
002223.SZ,20160708,32.07,33.02,32.02,32.44,100395.4,327110.0481
603788.SH,20160708,46.97,46.97,45.0,45.07,30345.81,138187.55
600637.SH,20160708,24.15,24.34,24.08,24.13,83981.19,202925.92
300383.SZ,20160708,36.4,40.06,36.02,38.8,233271.83,886094.8945
603799.SH,20160708,48.0,48.35,42.9,43.03,442906.76,2040660.661
300485.SZ,20160708,49.6,51.29,49.56,49.96,55852.32,281813.4952
000797.SZ,20160708,15.65,15.69,15.4,15.5,67112.29,104132.0385
600230.SH,20160708,10.91,11.09,10.82,10.99,29225.72,32070.295
002756.SZ,20160708,23.94,24.14,23.01,23.44,54569.68,129004.0153
600390.SH,20160708,13.46,13.87,13.46,13.65,61372.6,83931.438
600993.SH,20160708,22.6,22.65,22.0,22.32,143891.95,321230.917
000670.SZ,20160708,8.6,8.73,8.56,8.68,141974.69,122988.8619
000022.SZ,20160708,16.31,17.8,16.05,17.51,83970.68,144071.9965
002429.SZ,20160708,8.57,8.57,8.42,8.44,158017.3,133892.4761
600704.SH,20160708,9.8,9.95,9.62,9.64,575092.87,564841.263
000979.SZ,20160708,2.78,2.79,2.76,2.77,402519.4,111486.2889
601616.SH,20160708,5.8,5.82,5.75,5.8,50650.24,29322.705
300421.SZ,20160708,32.95,33.64,32.32,32.6,41290.36,135536.9519
600603.SH,20160708,11.8,11.88,11.73,11.82,19130.71,22596.065
600992.SH,20160708,13.04,13.18,12.92,12.95,27824.73,36121.2
600262.SH,20160708,28.8,29.15,28.34,28.79,34138.36,98377.383
002734.SZ,20160708,32.3,32.8,32.15,32.76,27558.87,89660.9831
600316.SH,20160708,20.78,21.18,20.52,20.83,136410.61,285144.96
300501.SZ,20160708,123.3,135.0,123.3,125.07,32320.32,414734.8905
000560.SZ,20160708,9.61,9.78,9.5,9.65,56356.6,54392.885
000885.SZ,20160708,14.04,14.05,13.57,13.6,113405.06,155826.2172
002011.SZ,20160708,11.11,11.34,11.08,11.18,111161.36,124808.3525
300279.SZ,20160708,47.4,47.47,46.6,46.85,17464.35,82096.1167
002634.SZ,20160708,10.8,10.81,10.5,10.57,117850.75,125001.0738
000719.SZ,20160708,10.87,11.12,10.84,10.95,61930.29,68166.3964
002048.SZ,20160708,23.23,24.77,23.02,24.62,229276.76,555553.1655
600383.SH,20160708,10.62,10.62,10.45,10.46,168416.87,176974.784
002185.SZ,20160708,13.18,13.64,13.18,13.22,305605.08,410947.9197
002473.SZ,20160708,22.9,24.78,22.5,24.3,73972.55,175280.5166
300495.SZ,20160708,49.35,50.49,48.9,49.5,34038.61,168661.8514
000839.SZ,20160708,21.5,21.9,21.21,21.28,541564.07,1164680.2638
603355.SH,20160708,40.55,40.64,39.9,40.18,20491.58,82515.717
600792.SH,20160708,5.3,5.32,5.18,5.22,80438.17,42154.935
002741.SZ,20160708,25.01,25.01,24.5,24.7,70884.46,175184.6727
300075.SZ,20160708,24.49,24.94,24.2,24.51,104814.8,257698.1368
000559.SZ,20160708,16.03,16.05,15.72,15.74,256297.22,405810.0032
603300.SH,20160708,14.16,14.2,14.0,14.05,81593.38,114715.173
601928.SH,20160708,10.76,10.77,10.67,10.71,68221.31,73069.014
600582.SH,20160708,4.75,4.75,4.68,4.69,161910.23,76170.4
601992.SH,20160708,4.01,4.02,3.93,3.94,206616.39,81714.247
000811.SZ,20160708,13.32,13.59,12.92,12.92,148544.07,195325.7994
002688.SZ,20160708,12.84,12.84,12.4,12.5,174425.02,218584.0257
300478.SZ,20160708,60.8,62.61,60.2,60.3,20668.19,126725.5686
002413.SZ,20160708,14.74,15.6,14.62,15.35,501638.98,763766.8869
600866.SH,20160708,6.14,6.25,6.14,6.19,58282.16,36058.863
600547.SH,20160708,46.5,47.68,46.12,46.53,435116.38,2038242.502
601777.SH,20160708,11.91,12.03,11.62,11.64,331874.18,389169.108
600310.SH,20160708,8.1,8.13,8.01,8.09,71101.82,57346.408
000661.SZ,20160708,109.44,109.44,106.38,106.49,28674.35,308849.5018
600416.SH,20160708,12.9,13.16,12.76,12.79,156553.13,201712.734
603333.SH,20160708,7.76,7.76,7.64,7.71,29131.96,22390.793
002599.SZ,20160708,35.88,36.14,34.91,35.15,29461.24,104124.1583
300216.SZ,20160708,32.7,33.17,32.21,32.37,83123.11,270401.3903
300077.SZ,20160708,19.28,19.92,19.18,19.72,362171.88,711103.7828
600444.SH,20160708,20.79,20.85,20.43,20.79,21656.42,44672.054
300510.SZ,20160708,83.5,84.48,79.61,79.66,46789.58,379620.338
002165.SZ,20160708,9.22,9.22,9.06,9.09,137806.22,125488.0212
002728.SZ,20160708,26.91,27.06,26.61,26.64,17891.86,48037.7241
603000.SH,20160708,18.47,18.6,18.05,18.08,303912.81,554882.163
300420.SZ,20160708,25.01,27.54,24.7,27.54,72976.29,193863.8142
600198.SH,20160708,21.8,22.77,21.6,21.84,640604.37,1425856.677
000970.SZ,20160708,16.28,16.78,15.83,16.35,1249321.56,2040468.5698
001872.SZ,20160708,16.31,17.8,16.05,17.51,83970.68,144071.9965
920566.BJ,20160708,10.3,10.3,10.3,10.3,30.0,30.9
920489.BJ,20160708,5.6,5.73,5.6,5.73,30.0,16.98
920964.BJ,20160708,7.55,7.58,7.51,7.58,30.0,22.64
920225.BJ,20160708,7.0,7.0,7.0,7.0,3980.0,2786.0
920735.BJ,20160708,14.28,14.28,14.28,14.28,10.0,14.28
920418.BJ,20160708,6.6,6.75,6.6,6.75,175.0,117.0
920090.BJ,20160708,2.27,2.27,2.27,2.27,30.0,6.81
832317.BJ,20160708,11.6,11.89,11.6,11.89,110.0,128.29
920961.BJ,20160708,9.72,9.72,9.72,9.72,10.0,9.72
920021.BJ,20160708,14.82,15.77,14.6,15.77,220.0,333.51
920185.BJ,20160708,33.55,33.55,33.55,33.55,10.0,33.55
920682.BJ,20160708,8.0,8.0,8.0,8.0,510.0,408.0
920641.BJ,20160708,1.01,1.01,1.01,1.01,84250.0,8509.25
920685.BJ,20160708,10.17,10.17,10.17,10.17,10.0,10.17
920171.BJ,20160708,9.02,9.04,8.92,9.04,40.0,36.01
920914.BJ,20160708,6.75,6.75,6.75,6.75,700.0,472.5
920184.BJ,20160708,12.11,12.25,12.11,12.25,420.0,510.53
920689.BJ,20160708,4.18,4.21,4.18,4.18,420.0,175.95
920491.BJ,20160708,13.93,13.93,13.93,13.93,20.0,27.86
920139.BJ,20160708,4.65,4.73,4.54,4.73,75.0,34.52
920266.BJ,20160708,19.6,19.6,19.6,19.6,40.0,78.4
920419.BJ,20160708,1.84,1.84,1.81,1.84,200.0,36.5
833874.BJ,20160708,8.5,8.5,8.5,8.5,260.0,221.0
920195.BJ,20160708,4.8,4.9,4.8,4.85,70.0,33.95
920300.BJ,20160708,7.98,8.09,7.92,8.05,600.0,480.7
920718.BJ,20160708,3.55,3.59,3.55,3.59,40.0,14.28
920879.BJ,20160708,6.65,6.73,6.65,6.73,470.0,313.29
920571.BJ,20160708,2.8,2.8,2.8,2.8,10.0,2.8
920033.BJ,20160708,8.5,8.5,8.5,8.5,100.0,85.0
920249.BJ,20160708,6.6,6.64,6.6,6.6,950.0,627.96
920809.BJ,20160708,11.94,12.52,11.9,12.49,3110.0,3852.09
920023.BJ,20160708,2.98,2.99,2.9,2.97,4500.0,1338.41
920982.BJ,20160708,21.2,21.69,21.2,21.69,150.0,321.26
920175.BJ,20160708,2.26,2.26,2.25,2.25,220.0,49.6
920198.BJ,20160708,8.9,9.0,8.6,8.98,930.0,828.37
920978.BJ,20160708,3.02,3.02,2.93,2.93,90.0,26.48
920786.BJ,20160708,9.14,9.14,9.12,9.12,390.0,356.06
920375.BJ,20160708,16.7,16.7,16.7,16.7,10.0,16.7
302132.SZ,20160708,29.76,30.79,29.38,30.0,37053.58,111734.1335
