ts_code,trade_date,open,high,low,close,vol,amount
000001.SZ,20250321,11.49,11.52,11.39,11.42,1376388.97,1576151.833
000002.SZ,20250321,7.4,7.42,7.27,7.36,1306620.88,960505.549
000004.SZ,20250321,11.95,11.96,11.6,11.65,48749.32,57100.365
000006.SZ,20250321,6.45,6.94,6.39,6.76,505532.33,334417.287
000007.SZ,20250321,6.28,6.33,6.14,6.26,52226.88,32611.931
000008.SZ,20250321,2.81,2.86,2.76,2.77,697348.2,195532.137
000009.SZ,20250321,8.52,8.55,8.42,8.46,211580.05,179536.921
000010.SZ,20250321,3.08,3.14,3.03,3.1,351916.04,108199.839
000011.SZ,20250321,8.49,8.65,8.43,8.52,47316.98,40314.267
000012.SZ,20250321,5.01,5.07,5.0,5.05,234216.4,118090.785
000014.SZ,20250321,11.35,11.49,11.02,11.42,71157.6,79906.965
000016.SZ,20250321,5.13,5.15,4.98,5.02,626124.94,315642.926
000017.SZ,20250321,6.35,6.42,6.16,6.18,206084.03,128613.578
000019.SZ,20250321,6.58,6.61,6.52,6.55,43248.2,28408.219
000020.SZ,20250321,12.86,12.9,12.56,12.65,20311.01,25812.858
000021.SZ,20250321,19.83,19.96,19.46,19.54,356132.49,700950.045
000025.SZ,20250321,16.86,16.99,16.48,16.56,69352.05,115702.538
000026.SZ,20250321,11.46,11.47,11.06,11.12,75136.43,84281.603
000027.SZ,20250321,6.35,6.45,6.34,6.38,199050.43,127475.321
000028.SZ,20250321,26.29,26.45,25.93,26.04,32325.94,84682.396
000029.SZ,20250321,14.47,14.74,14.29,14.53,36641.44,53120.403
000030.SZ,20250321,6.23,6.27,6.02,6.06,240479.6,146862.451
000031.SZ,20250321,2.81,2.83,2.74,2.76,182609.01,50902.467
000032.SZ,20250321,24.4,24.7,23.59,23.65,419791.75,1009010.567
000034.SZ,20250321,46.8,46.86,44.95,45.07,470829.9,2152420.367
000035.SZ,20250321,4.89,5.08,4.88,4.98,582984.15,291680.832
000036.SZ,20250321,4.11,4.12,3.96,3.98,232689.13,93539.036
000037.SZ,20250321,8.62,8.81,8.51,8.62,128041.91,110893.98
000039.SZ,20250321,9.13,9.68,9.11,9.56,1345892.86,1276455.338
000040.SZ,20250321,0.67,0.67,0.67,0.67,79685.0,5338.895
000042.SZ,20250321,6.51,6.53,6.06,6.1,199660.74,123791.939
000045.SZ,20250321,11.16,11.16,10.86,10.97,79700.0,87601.453
000048.SZ,20250321,15.42,15.59,15.09,15.21,64372.11,98313.069
000049.SZ,20250321,24.05,24.11,23.51,23.61,64126.51,152547.252
000050.SZ,20250321,8.71,8.72,8.51,8.55,171858.36,147957.196
000055.SZ,20250321,4.28,4.28,4.21,4.24,87564.0,37141.992
000056.SZ,20250321,3.59,3.66,3.55,3.6,645846.0,231347.044
000058.SZ,20250321,8.64,8.67,8.47,8.55,139275.0,119069.775
000059.SZ,20250321,4.71,4.79,4.7,4.73,133820.0,63561.385
000060.SZ,20250321,4.99,5.06,4.95,4.96,651786.15,326392.569
000061.SZ,20250321,6.35,6.39,6.27,6.31,156213.19,98720.247
000062.SZ,20250321,24.22,24.55,22.99,23.06,468607.71,1106796.788
000063.SZ,20250321,36.01,36.19,35.0,35.11,1275809.06,4519847.65
000065.SZ,20250321,11.2,11.78,11.16,11.33,477779.03,550341.543
000066.SZ,20250321,15.42,15.47,15.05,15.05,715145.91,1088867.829
000068.SZ,20250321,3.6,3.66,3.58,3.6,136075.76,49182.312
000069.SZ,20250321,2.45,2.48,2.44,2.45,402061.79,98782.076
000070.SZ,20250321,6.18,6.22,6.13,6.16,94814.13,58476.456
000078.SZ,20250321,2.45,2.51,2.43,2.45,335804.98,82853.287
000088.SZ,20250321,4.75,4.84,4.74,4.78,209608.71,100515.217
000089.SZ,20250321,6.75,6.79,6.7,6.72,97856.0,66083.375
000090.SZ,20250321,3.91,3.96,3.89,3.92,185258.94,72781.793
000096.SZ,20250321,19.5,19.91,19.2,19.5,77860.94,151724.867
000099.SZ,20250321,25.16,25.37,24.7,24.71,181943.1,453912.354
000100.SZ,20250321,4.67,4.69,4.56,4.56,3338847.71,1539398.799
000151.SZ,20250321,15.19,15.2,14.59,14.7,55023.0,81521.101
000153.SZ,20250321,6.24,6.3,6.14,6.19,80320.2,49958.528
000155.SZ,20250321,11.02,11.23,10.95,11.04,224951.82,249279.006
000156.SZ,20250321,8.84,9.01,8.74,8.76,413443.0,366612.668
000157.SZ,20250321,8.0,8.15,7.95,8.02,503751.19,405064.088
000158.SZ,20250321,25.54,25.78,24.4,24.41,1407572.06,3508454.725
000159.SZ,20250321,5.79,5.97,5.77,5.83,205896.0,120700.927
000166.SZ,20250321,5.1,5.13,5.02,5.03,720325.94,364904.94
000301.SZ,20250321,8.87,8.93,8.73,8.77,117673.8,103640.093
000333.SZ,20250321,74.77,76.43,74.77,75.28,384527.93,2903191.225
000338.SZ,20250321,16.66,16.67,16.16,16.26,583766.91,954804.251
000400.SZ,20250321,24.81,25.5,24.81,25.13,262886.84,662110.256
000401.SZ,20250321,5.1,5.18,5.08,5.11,113757.23,58354.045
000402.SZ,20250321,3.01,3.03,2.97,2.97,265855.66,79605.0
000403.SZ,20250321,21.79,22.06,21.73,21.89,69096.36,151283.474
000404.SZ,20250321,7.87,7.95,7.79,7.81,193850.22,152443.991
000407.SZ,20250321,3.42,3.51,3.4,3.45,186210.53,64362.466
000408.SZ,20250321,36.63,37.05,35.92,36.16,91117.4,330648.187
000409.SZ,20250321,15.0,15.0,13.64,13.64,1172810.87,1639586.263
000410.SZ,20250321,7.95,8.27,7.91,7.93,682637.49,549544.6
000411.SZ,20250321,10.93,10.97,10.67,10.75,40602.21,43898.246
000415.SZ,20250321,3.36,3.39,3.3,3.31,834367.0,279230.86
000417.SZ,20250321,5.8,5.85,5.76,5.83,174111.58,101084.474
000419.SZ,20250321,5.87,5.9,5.8,5.85,100277.4,58636.013
000420.SZ,20250321,3.95,3.96,3.85,3.86,849824.51,330690.27
000421.SZ,20250321,6.21,6.27,6.17,6.19,122425.26,76086.47
000422.SZ,20250321,13.57,13.91,13.38,13.4,331897.79,451089.803
000423.SZ,20250321,59.21,60.0,58.71,58.96,73547.06,436400.625
000425.SZ,20250321,8.95,9.07,8.87,8.92,410567.85,366939.525
000426.SZ,20250321,14.01,14.49,13.69,13.76,504566.95,709243.481
000428.SZ,20250321,3.19,3.22,3.16,3.21,145364.79,46385.003
000429.SZ,20250321,13.55,13.79,13.55,13.79,101139.79,138412.845
000430.SZ,20250321,7.16,7.37,7.15,7.37,262280.0,190404.961
000488.SZ,20250321,2.0,2.01,1.96,1.97,556721.5,110369.603
000498.SZ,20250321,5.89,5.97,5.87,5.91,112692.02,66730.646
000501.SZ,20250321,8.58,8.63,8.42,8.46,118186.56,100760.224
000503.SZ,20250321,12.7,12.76,12.01,12.12,432364.34,531481.602
000504.SZ,20250321,10.19,10.54,10.07,10.27,61488.0,63119.627
000505.SZ,20250321,6.17,6.27,6.15,6.18,84405.0,52359.086
000506.SZ,20250321,5.29,5.48,5.29,5.37,290621.72,156835.659
000507.SZ,20250321,5.25,5.44,5.25,5.39,530619.24,284622.125
000509.SZ,20250321,3.5,3.51,3.43,3.45,141147.0,48915.103
000510.SZ,20250321,4.3,4.36,4.19,4.21,178555.57,75939.64
000513.SZ,20250321,34.87,35.04,34.6,34.86,47779.81,166343.283
000514.SZ,20250321,4.14,4.18,4.12,4.15,90651.79,37652.693
000516.SZ,20250321,5.92,5.95,5.79,5.81,303227.5,177211.49
000517.SZ,20250321,1.99,2.0,1.96,1.98,222464.0,44016.203
000518.SZ,20250321,2.31,2.35,2.29,2.33,225902.52,52304.114
000519.SZ,20250321,17.15,17.6,16.94,17.02,442428.18,763658.398
000520.SZ,20250321,4.81,4.93,4.8,4.85,165872.01,80554.144
000521.SZ,20250321,8.18,8.32,8.14,8.18,205204.99,168572.941
000523.SZ,20250321,3.4,3.49,3.4,3.43,515820.02,177683.842
000524.SZ,20250321,10.25,10.33,10.14,10.24,83944.0,85981.552
000525.SZ,20250321,6.05,6.08,5.97,6.03,156227.84,94046.18
000526.SZ,20250321,49.88,50.2,48.06,48.25,22955.0,112554.472
000528.SZ,20250321,12.49,12.68,12.4,12.49,329110.45,411770.767
000529.SZ,20250321,6.06,6.12,6.01,6.03,55381.5,33543.498
000530.SZ,20250321,6.09,6.41,6.09,6.35,1067472.28,671259.022
000531.SZ,20250321,6.68,6.8,6.65,6.7,97633.2,65557.907
000532.SZ,20250321,16.18,16.25,15.82,15.86,85215.0,136592.692
000533.SZ,20250321,7.06,7.6,7.01,7.38,1194633.99,868909.369
000534.SZ,20250321,16.21,16.57,16.08,16.15,66834.6,108786.306
000536.SZ,20250321,5.39,5.45,5.17,5.23,1873046.84,986505.692
000537.SZ,20250321,8.63,8.79,8.63,8.71,167000.94,145454.728
000538.SZ,20250321,55.5,55.77,54.93,55.08,111966.8,619176.792
000539.SZ,20250321,4.76,4.84,4.72,4.75,348549.25,166449.752
000541.SZ,20250321,7.54,8.12,7.48,7.79,2016131.21,1577230.968
000543.SZ,20250321,7.41,7.51,7.37,7.42,302886.5,225720.935
000544.SZ,20250321,8.83,8.93,8.74,8.8,62438.68,55218.09
000545.SZ,20250321,2.36,2.39,2.32,2.33,208417.0,48926.259
000546.SZ,20250321,5.04,5.08,4.92,4.96,170599.0,85360.297
000547.SZ,20250321,7.63,7.91,7.6,7.69,324145.08,250802.741
000548.SZ,20250321,5.4,5.51,5.39,5.44,119093.58,64869.737
000550.SZ,20250321,23.0,23.14,22.77,22.85,62409.0,143100.524
000551.SZ,20250321,13.74,13.98,13.5,13.6,221300.65,302650.163
000552.SZ,20250321,2.61,2.64,2.59,2.61,600683.83,157395.937
000553.SZ,20250321,6.17,6.25,6.1,6.12,61989.04,38277.815
000554.SZ,20250321,6.26,6.44,6.25,6.29,256371.9,162539.765
000555.SZ,20250321,15.96,15.96,15.18,15.96,1360663.87,2161120.713
000557.SZ,20250321,5.5,5.68,5.49,5.59,203501.37,113596.126
000558.SZ,20250321,3.4,3.49,3.37,3.42,561562.79,192436.543
000559.SZ,20250321,7.4,7.61,7.04,7.05,1026752.25,748976.327
000560.SZ,20250321,3.29,3.3,3.22,3.24,733250.26,238800.708
000561.SZ,20250321,8.63,8.8,8.53,8.63,180061.0,156180.17
000563.SZ,20250321,3.49,3.54,3.45,3.47,624734.94,218675.421
000564.SZ,20250321,2.9,2.91,2.83,2.86,2125356.93,608869.036
000565.SZ,20250321,5.48,5.56,5.43,5.48,59202.61,32557.22
000566.SZ,20250321,5.05,5.15,5.02,5.08,376143.43,191224.782
000567.SZ,20250321,6.11,6.14,6.05,6.07,163199.59,99389.849
000568.SZ,20250321,134.43,137.44,130.68,130.68,146836.07,1957010.656
000570.SZ,20250321,5.96,5.96,5.76,5.86,364503.53,212816.104
000571.SZ,20250321,4.43,4.84,4.38,4.84,434444.58,203498.929
000572.SZ,20250321,4.19,4.35,4.11,4.22,871475.0,366159.953
000573.SZ,20250321,4.72,4.95,4.67,4.86,696789.32,336090.856
000576.SZ,20250321,7.87,7.91,7.76,7.82,86629.91,67893.008
000581.SZ,20250321,24.3,24.49,23.24,23.24,457564.78,1083039.175
000582.SZ,20250321,8.41,8.51,8.35,8.4,153173.39,129123.813
000584.SZ,20250321,2.68,2.69,2.6,2.63,133915.0,35306.086
000586.SZ,20250321,10.26,10.63,10.11,10.38,91076.88,94692.987
000589.SZ,20250321,5.04,5.08,4.99,5.01,313450.64,157954.628
000590.SZ,20250321,9.26,9.38,8.6,8.63,124213.0,110357.003
000591.SZ,20250321,4.6,4.64,4.57,4.61,449503.49,207376.813
000592.SZ,20250321,3.24,3.38,3.2,3.33,2332359.51,772205.187
000593.SZ,20250321,5.71,5.79,5.68,5.73,68632.13,39324.942
000595.SZ,20250321,7.95,8.15,7.35,7.77,1647532.28,1290996.917
000596.SZ,20250321,177.5,179.88,175.0,175.79,21200.64,374805.624
000597.SZ,20250321,5.0,5.08,5.0,5.03,200305.0,100870.683
000598.SZ,20250321,6.7,6.8,6.69,6.74,237837.91,160423.8
000599.SZ,20250321,4.82,4.84,4.7,4.75,135234.41,64473.659
000600.SZ,20250321,5.7,5.92,5.66,5.8,540123.1,314332.068
000601.SZ,20250321,5.28,5.81,4.93,5.42,2331602.93,1247927.154
000603.SZ,20250321,16.29,16.3,15.7,15.89,149621.87,238581.69
000605.SZ,20250321,8.1,8.13,7.75,7.93,202942.72,160638.612
000607.SZ,20250321,4.22,4.23,4.14,4.15,85869.0,35882.358
000608.SZ,20250321,2.29,2.35,2.22,2.24,708132.78,160654.703
000609.SZ,20250321,2.38,2.44,2.38,2.42,63898.0,15337.153
000610.SZ,20250321,13.16,13.69,12.99,13.58,195057.02,259842.023
000612.SZ,20250321,8.19,8.99,8.03,8.48,1205544.53,1032399.032
000615.SZ,20250321,3.69,3.75,3.57,3.58,258230.0,94725.575
000617.SZ,20250321,6.52,6.57,6.43,6.47,533151.0,346768.303
000619.SZ,20250321,6.34,6.44,6.21,6.23,97102.32,61091.374
000620.SZ,20250321,1.81,1.83,1.79,1.8,502198.56,90851.564
000622.SZ,20250321,2.72,2.81,2.67,2.81,163898.14,45587.291
000623.SZ,20250321,16.84,16.89,16.47,16.51,116335.37,194229.95
000625.SZ,20250321,13.08,13.1,12.9,12.91,916533.81,1188739.58
000626.SZ,20250321,5.62,5.67,5.53,5.56,40691.0,22760.515
000627.SZ,20250321,3.96,4.1,3.88,3.91,1338718.87,534963.019
000628.SZ,20250321,52.0,52.01,51.0,51.0,58253.0,299197.093
000629.SZ,20250321,2.97,3.0,2.91,2.92,1030777.45,304338.87
000630.SZ,20250321,3.51,3.55,3.45,3.46,1949801.36,682352.23
000631.SZ,20250321,2.93,2.98,2.91,2.92,154070.0,45320.187
000632.SZ,20250321,3.59,3.7,3.55,3.58,178028.61,64167.716
000633.SZ,20250321,5.06,5.13,5.03,5.05,88603.0,44955.775
000635.SZ,20250321,8.04,8.1,7.91,7.96,39552.52,31631.51
000636.SZ,20250321,14.9,15.05,14.7,14.78,171623.8,254967.405
000637.SZ,20250321,3.62,3.72,3.61,3.64,138332.75,50664.574
000638.SZ,20250321,5.27,5.27,5.15,5.19,75551.0,39331.493
000639.SZ,20250321,3.07,3.1,3.02,3.04,328901.28,100343.316
000650.SZ,20250321,5.69,5.75,5.6,5.61,386339.35,218680.482
000651.SZ,20250321,42.79,43.86,42.79,43.74,708548.32,3087674.416
000652.SZ,20250321,4.04,4.07,3.99,4.02,154219.01,62132.953
000655.SZ,20250321,6.92,7.3,6.91,6.95,234813.28,165702.103
000656.SZ,20250321,1.46,1.48,1.44,1.45,575170.4,83910.843
000657.SZ,20250321,10.19,10.39,10.08,10.12,200251.65,204136.946
000659.SZ,20250321,3.05,3.12,3.02,3.04,262646.48,80708.58
000661.SZ,20250321,101.4,102.49,99.96,101.27,48013.46,485360.529
000663.SZ,20250321,5.86,5.91,5.82,5.89,79709.03,46764.454
000665.SZ,20250321,5.79,5.85,5.51,5.53,1297690.81,731033.557
000668.SZ,20250321,5.94,5.96,5.78,5.8,43052.0,25264.81
000669.SZ,20250321,1.91,2.01,1.91,1.95,131777.2,25796.652
000670.SZ,20250321,7.12,7.16,7.01,7.03,262877.6,185888.41
000672.SZ,20250321,7.83,7.92,7.78,7.82,45524.4,35712.694
000676.SZ,20250321,8.94,8.94,8.7,8.72,379840.33,334064.459
000677.SZ,20250321,4.04,4.1,4.0,4.01,283486.25,114611.822
000678.SZ,20250321,18.87,18.9,17.01,17.01,1009594.8,1771710.431
000679.SZ,20250321,6.88,7.12,6.85,6.86,135210.0,94008.06
000680.SZ,20250321,10.02,10.15,9.82,9.82,217700.3,216647.127
000681.SZ,20250321,22.88,22.97,22.07,22.1,367805.0,823781.295
000682.SZ,20250321,10.15,10.35,10.06,10.16,256210.79,261319.653
000683.SZ,20250321,5.73,5.77,5.64,5.67,352966.8,201082.236
000685.SZ,20250321,9.12,9.2,8.98,9.02,115682.0,105060.35
000686.SZ,20250321,8.11,8.15,7.96,8.01,180818.79,145596.609
000688.SZ,20250321,12.59,12.65,12.4,12.48,51825.61,64765.372
000690.SZ,20250321,4.19,4.27,4.16,4.19,539469.24,227464.903
000691.SZ,20250321,3.07,3.1,2.96,2.98,268571.56,81230.861
000692.SZ,20250321,3.5,3.56,3.48,3.55,146508.2,51578.305
000695.SZ,20250321,10.65,10.65,10.44,10.46,46561.13,49026.906
000697.SZ,20250321,8.48,8.68,8.39,8.53,158572.1,135245.123
000698.SZ,20250321,3.45,3.52,3.42,3.44,139847.26,48493.934
000700.SZ,20250321,8.64,8.92,8.48,8.5,622847.65,538693.294
000701.SZ,20250321,5.35,5.35,5.2,5.23,246253.1,129506.998
000702.SZ,20250321,7.3,7.3,7.02,7.04,111101.83,79066.677
000703.SZ,20250321,6.09,6.13,6.03,6.06,127638.86,77549.906
000705.SZ,20250321,8.35,8.43,8.17,8.22,133604.66,110484.517
000707.SZ,20250321,7.26,7.32,7.18,7.25,77819.1,56445.515
000708.SZ,20250321,12.61,13.18,12.52,12.95,414050.97,537282.47
000709.SZ,20250321,2.27,2.34,2.27,2.28,1238686.64,285353.629
000710.SZ,20250321,15.64,15.68,14.89,14.9,324608.5,491517.975
000711.SZ,20250321,1.8,1.81,1.74,1.76,403831.4,71490.891
000712.SZ,20250321,13.24,13.36,12.91,12.93,188105.0,246685.757
000713.SZ,20250321,7.13,7.15,7.05,7.06,91850.1,65165.79
000715.SZ,20250321,6.73,6.75,6.62,6.68,60606.0,40394.172
000716.SZ,20250321,6.91,6.92,6.75,6.79,273485.98,186113.083
000717.SZ,20250321,2.84,2.95,2.84,2.86,432762.0,125227.117
000718.SZ,20250321,2.27,2.31,2.25,2.26,317844.04,72495.107
000719.SZ,20250321,10.85,10.92,10.76,10.89,67991.13,73781.537
000720.SZ,20250321,3.03,3.1,3.01,3.04,152129.0,46476.958
000721.SZ,20250321,9.55,9.8,9.39,9.74,276647.0,264944.92
000723.SZ,20250321,4.82,4.85,4.68,4.71,1156935.29,550598.914
000725.SZ,20250321,4.31,4.33,4.23,4.25,4717854.92,2017921.915
000726.SZ,20250321,6.19,6.22,6.12,6.15,68477.64,42267.545
000727.SZ,20250321,2.95,2.96,2.88,2.89,1146892.76,334086.429
000728.SZ,20250321,8.07,8.13,7.96,7.98,379095.2,304617.734
000729.SZ,20250321,12.25,12.4,12.11,12.22,100767.36,123293.597
000731.SZ,20250321,7.28,7.43,7.28,7.41,159273.52,117589.185
000733.SZ,20250321,54.04,56.32,53.8,54.72,148764.93,820772.173
000735.SZ,20250321,6.64,6.78,6.54,6.57,346140.75,230221.075
000736.SZ,20250321,6.22,6.24,6.11,6.12,175943.86,108313.633
000737.SZ,20250321,10.03,10.95,10.03,10.15,1400533.04,1464212.815
000738.SZ,20250321,20.37,20.76,20.29,20.47,119070.24,244570.47
000739.SZ,20250321,15.18,15.24,15.06,15.07,106643.17,161477.244
000750.SZ,20250321,4.18,4.2,4.09,4.1,744593.33,307844.074
000751.SZ,20250321,3.03,3.08,3.0,3.02,212632.0,64626.9
000752.SZ,20250321,8.08,8.18,8.04,8.09,28587.03,23150.933
000753.SZ,20250321,4.56,5.04,4.53,5.04,1730304.11,848309.604
000755.SZ,20250321,4.81,4.9,4.81,4.88,99479.81,48411.991
000756.SZ,20250321,15.12,15.21,14.82,14.9,92494.09,138943.55
000757.SZ,20250321,5.25,5.25,4.46,4.48,895359.31,427289.079
000758.SZ,20250321,5.17,5.25,5.12,5.16,275073.22,142347.051
000759.SZ,20250321,8.78,8.78,8.4,8.43,640285.71,544960.145
000761.SZ,20250321,4.19,4.23,4.02,4.02,574492.53,235542.163
000762.SZ,20250321,21.82,21.9,21.28,21.36,122659.5,264508.177
000766.SZ,20250321,17.78,18.13,17.45,17.86,223626.57,396370.533
000767.SZ,20250321,2.66,2.71,2.66,2.68,285807.0,76686.455
000768.SZ,20250321,25.72,26.2,25.42,25.64,301655.87,779318.309
000776.SZ,20250321,15.79,15.88,15.58,15.63,275400.6,432328.665
000777.SZ,20250321,18.94,19.2,18.61,18.64,136803.0,258738.904
000778.SZ,20250321,3.57,3.64,3.57,3.59,512386.7,184997.666
000779.SZ,20250321,10.7,11.97,10.59,11.97,740425.68,827036.859
000782.SZ,20250321,5.04,5.04,4.91,4.98,97820.94,48609.959
000783.SZ,20250321,6.58,6.62,6.46,6.48,436399.78,285347.46
000785.SZ,20250321,4.56,4.6,4.42,4.43,1145018.44,515267.41
000786.SZ,20250321,30.11,30.7,30.02,30.25,75191.25,227974.294
000788.SZ,20250321,6.03,6.06,5.91,5.95,131066.69,78542.631
000789.SZ,20250321,5.3,5.37,5.28,5.33,51997.65,27676.893
000790.SZ,20250321,4.0,4.14,3.85,3.89,329410.42,129811.88
000791.SZ,20250321,6.36,6.48,6.36,6.42,262668.99,168845.945
000792.SZ,20250321,16.64,16.77,16.4,16.6,443393.62,734992.695
000793.SZ,20250321,2.33,2.33,2.33,2.33,400527.0,93322.791
000795.SZ,20250321,11.77,11.77,11.27,11.3,638467.9,731434.589
000796.SZ,20250321,4.03,4.25,4.03,4.21,1318816.53,551308.553
000797.SZ,20250321,2.93,2.95,2.89,2.92,225769.0,65913.54
000798.SZ,20250321,7.86,8.27,7.7,7.77,421836.31,336538.187
000799.SZ,20250321,49.8,51.03,49.16,49.52,86244.68,431169.087
000800.SZ,20250321,8.15,8.23,8.04,8.06,135355.33,109977.642
000801.SZ,20250321,17.13,17.19,16.62,16.62,433747.35,730189.242
000802.SZ,20250321,5.02,5.05,4.91,4.95,178521.0,88769.827
000803.SZ,20250321,5.97,5.99,5.8,5.82,155660.45,91269.548
000807.SZ,20250321,17.7,17.9,17.3,17.43,315483.63,553117.83
000809.SZ,20250321,3.34,3.41,3.33,3.36,114133.87,38529.283
000810.SZ,20250321,13.8,13.89,13.54,13.58,261690.25,357777.492
000811.SZ,20250321,12.99,12.99,12.48,12.81,263742.01,335481.133
000812.SZ,20250321,4.76,4.79,4.7,4.73,140105.64,66387.498
000813.SZ,20250321,3.66,3.68,3.53,3.56,510980.18,182920.981
000815.SZ,20250321,15.27,16.15,14.75,15.2,1289106.63,1990699.612
000816.SZ,20250321,3.65,3.67,3.54,3.56,691405.0,248049.711
000818.SZ,20250321,28.2,29.5,28.01,28.57,741496.44,2136904.299
000819.SZ,20250321,17.01,17.05,16.4,16.55,70438.59,117043.405
000820.SZ,20250321,3.03,3.09,2.99,3.05,188335.8,57232.429
000821.SZ,20250321,13.2,13.35,12.99,13.03,127300.0,167110.355
000822.SZ,20250321,5.5,5.7,5.45,5.59,270304.4,151420.232
000823.SZ,20250321,11.19,11.28,10.94,11.0,182250.78,202012.469
000825.SZ,20250321,3.66,3.73,3.65,3.68,373292.96,138007.009
000826.SZ,20250321,1.99,2.04,1.97,1.98,480336.4,96054.32
000828.SZ,20250321,10.19,10.33,10.13,10.2,61183.97,62531.321
000829.SZ,20250321,11.77,11.8,11.25,11.25,445142.36,509119.274
000830.SZ,20250321,12.16,12.34,12.14,12.21,180201.71,220357.222
000831.SZ,20250321,32.3,32.31,31.05,31.26,300486.23,948759.72
000833.SZ,20250321,12.95,12.97,12.54,12.61,317045.24,402328.621
000837.SZ,20250321,12.94,13.16,12.45,12.8,797854.11,1020021.375
000838.SZ,20250321,2.64,2.65,2.61,2.62,113631.49,29820.013
000839.SZ,20250321,3.02,3.03,2.97,2.98,405785.0,121612.671
000848.SZ,20250321,8.51,8.57,8.44,8.49,63464.58,54000.97
000850.SZ,20250321,4.41,4.45,4.37,4.39,97699.01,43071.794
000851.SZ,20250321,2.59,2.74,2.57,2.74,589537.57,159153.109
000852.SZ,20250321,7.63,8.29,7.61,8.29,1361529.65,1103134.887
000856.SZ,20250321,11.95,11.98,11.64,11.67,147358.01,173333.736
000858.SZ,20250321,135.7,137.5,134.19,134.6,197130.23,2669031.188
000859.SZ,20250321,5.32,5.34,5.18,5.19,217415.25,114146.074
000860.SZ,20250321,17.36,17.53,17.04,17.08,140867.02,242728.61
000862.SZ,20250321,5.35,5.38,5.27,5.32,222747.6,118910.612
000863.SZ,20250321,3.74,3.81,3.71,3.74,210583.56,79025.649
000868.SZ,20250321,6.81,6.85,6.42,6.44,454869.0,298252.47
000869.SZ,20250321,21.82,22.05,21.67,21.75,11852.0,25870.213
000875.SZ,20250321,5.27,5.38,5.26,5.3,538354.1,286523.863
000876.SZ,20250321,9.54,9.63,9.31,9.41,425709.15,402218.298
000877.SZ,20250321,5.73,5.85,5.71,5.73,111052.32,64170.988
000878.SZ,20250321,13.6,14.0,13.57,13.66,518547.88,714652.091
000880.SZ,20250321,35.16,36.89,35.04,35.61,321635.89,1154560.482
000881.SZ,20250321,7.17,7.41,7.16,7.26,157528.15,114867.639
000882.SZ,20250321,2.6,2.61,2.55,2.56,1215508.0,312662.572
000883.SZ,20250321,4.8,4.85,4.78,4.8,261593.08,126079.946
000885.SZ,20250321,13.02,13.37,13.02,13.14,45660.2,60127.562
000886.SZ,20250321,7.41,7.97,7.4,7.6,766970.22,589831.753
000887.SZ,20250321,22.36,22.51,21.01,21.02,948670.76,2047134.961
000888.SZ,20250321,13.41,13.77,13.41,13.68,185062.3,251883.454
000889.SZ,20250321,2.63,2.69,2.62,2.64,240464.96,63778.086
000890.SZ,20250321,3.78,4.18,3.78,4.18,574195.48,230954.586
000892.SZ,20250321,3.8,3.85,3.73,3.75,268606.18,101360.853
000893.SZ,20250321,25.14,25.91,25.0,25.03,87001.81,220576.187
000895.SZ,20250321,25.89,26.21,25.86,25.98,104377.15,271969.262
000897.SZ,20250321,2.39,2.42,2.37,2.4,343105.21,82106.321
000898.SZ,20250321,2.48,2.57,2.48,2.53,688255.97,175169.106
000899.SZ,20250321,8.95,9.29,8.95,9.1,344091.55,315399.948
000900.SZ,20250321,4.2,4.24,4.18,4.22,135543.67,57135.733
000901.SZ,20250321,11.94,12.05,11.79,11.81,206400.99,246095.907
000902.SZ,20250321,12.62,12.76,12.5,12.59,59542.7,75191.771
000903.SZ,20250321,4.1,4.13,3.92,3.99,1511217.51,604085.425
000905.SZ,20250321,8.13,8.23,7.93,7.95,634918.53,512137.924
000906.SZ,20250321,6.3,6.36,6.22,6.25,88264.95,55529.031
000908.SZ,20250321,4.53,4.84,4.53,4.84,544335.08,258318.366
000909.SZ,20250321,6.09,6.13,5.89,5.93,84998.0,50876.05
000910.SZ,20250321,8.37,8.86,8.36,8.54,95098.16,82427.699
000911.SZ,20250321,7.35,7.42,7.27,7.34,45391.01,33382.285
000912.SZ,20250321,4.71,4.78,4.66,4.73,154859.34,73148.36
000913.SZ,20250321,18.55,18.64,17.99,18.01,58326.34,106413.319
000915.SZ,20250321,29.91,30.5,29.38,29.58,219205.14,652470.547
000917.SZ,20250321,8.07,8.11,7.93,7.98,453495.01,363394.1
000919.SZ,20250321,6.92,6.95,6.8,6.82,83941.47,57618.816
000920.SZ,20250321,9.28,9.42,9.23,9.32,78744.01,73446.008
000921.SZ,20250321,29.92,30.79,29.81,30.11,102611.9,311571.332
000922.SZ,20250321,12.3,12.5,12.05,12.11,210253.6,258048.536
000923.SZ,20250321,14.71,15.65,14.71,15.46,419293.65,641379.923
000925.SZ,20250321,9.02,9.16,8.8,8.91,459177.0,410755.545
000926.SZ,20250321,2.34,2.38,2.33,2.35,279751.68,65810.876
000927.SZ,20250321,2.61,2.65,2.6,2.62,612817.36,160946.847
000928.SZ,20250321,6.74,7.09,6.74,6.91,568390.61,394292.281
000929.SZ,20250321,7.22,7.24,7.1,7.2,43404.0,31046.622
000930.SZ,20250321,5.6,5.69,5.55,5.58,182100.01,102325.942
000931.SZ,20250321,5.08,5.08,4.94,4.95,91380.1,45634.766
000932.SZ,20250321,5.26,5.48,5.26,5.4,1604647.59,867435.946
000933.SZ,20250321,19.41,19.54,18.9,18.95,213774.0,409248.211
000935.SZ,20250321,17.3,17.3,16.82,17.18,90100.85,154099.015
000936.SZ,20250321,7.45,7.52,7.32,7.37,186528.0,138314.036
000937.SZ,20250321,5.92,5.96,5.89,5.93,148769.97,88242.317
000938.SZ,20250321,28.39,28.55,27.38,27.53,855240.72,2385725.839
000948.SZ,20250321,19.05,19.19,18.63,18.74,116250.1,219263.817
000949.SZ,20250321,4.66,4.83,4.65,4.68,576332.63,272435.633
000950.SZ,20250321,5.16,5.2,5.1,5.13,198299.0,102121.7
000951.SZ,20250321,19.26,19.9,19.18,19.45,159618.18,311863.453
000952.SZ,20250321,5.88,5.95,5.75,5.77,46782.41,27151.519
000953.SZ,20250321,5.4,5.45,5.26,5.3,72059.0,38337.209
000955.SZ,20250321,4.55,4.9,4.53,4.62,381787.94,178090.364
000957.SZ,20250321,11.21,11.31,10.96,10.98,242628.0,270034.466
000958.SZ,20250321,5.89,5.89,5.75,5.84,437165.04,253940.933
000959.SZ,20250321,3.54,3.64,3.54,3.59,349649.57,125973.644
000960.SZ,20250321,15.76,15.93,15.4,15.46,401567.58,628175.973
000962.SZ,20250321,15.85,16.08,15.52,15.65,152162.75,240382.482
000963.SZ,20250321,34.27,34.39,33.62,33.75,69334.36,235197.412
000965.SZ,20250321,3.13,3.16,3.11,3.14,168952.7,52929.727
000966.SZ,20250321,4.69,4.8,4.69,4.71,328968.93,156019.172
000967.SZ,20250321,6.58,6.7,6.36,6.43,720835.44,468757.37
000968.SZ,20250321,6.51,6.66,6.51,6.61,112755.73,74403.577
000969.SZ,20250321,13.16,13.93,12.96,13.26,694621.25,933652.503
000970.SZ,20250321,12.95,13.09,12.74,12.82,250374.18,323067.306
000972.SZ,20250321,3.33,3.42,3.31,3.35,196971.4,66254.989
000973.SZ,20250321,6.89,7.1,6.78,7.08,442697.59,309436.204
000975.SZ,20250321,18.75,18.75,17.96,18.07,390676.72,713369.385
000977.SZ,20250321,57.88,58.18,56.5,56.63,443668.25,2536951.292
000978.SZ,20250321,6.47,6.54,6.4,6.49,78667.0,50907.571
000980.SZ,20250321,2.48,2.49,2.37,2.38,1878719.59,449825.41
000981.SZ,20250321,2.23,2.23,2.18,2.2,2861733.49,629448.122
000983.SZ,20250321,7.04,7.11,6.99,7.06,376206.02,265478.761
000985.SZ,20250321,18.39,18.5,17.86,17.93,18114.92,32744.475
000987.SZ,20250321,6.5,6.55,6.4,6.43,189125.47,122334.538
000988.SZ,20250321,43.38,43.79,42.73,43.51,229925.44,995552.122
000989.SZ,20250321,8.85,8.88,8.61,8.71,151827.76,132932.66
000990.SZ,20250321,7.63,7.74,7.58,7.63,109914.0,84186.433
000993.SZ,20250321,9.0,9.2,8.99,9.12,149431.72,136223.703
000995.SZ,20250321,13.5,13.76,13.32,13.36,62801.01,84801.369
000997.SZ,20250321,27.2,27.72,26.65,26.99,333193.54,902182.424
000998.SZ,20250321,10.49,10.54,10.19,10.22,282292.41,291650.781
000999.SZ,20250321,42.5,42.85,41.55,41.9,140633.71,591076.809
001201.SZ,20250321,14.77,14.93,14.59,14.69,22523.98,33184.81
001202.SZ,20250321,16.56,18.45,16.41,18.45,80532.89,144064.583
001203.SZ,20250321,8.85,8.96,8.77,8.8,59607.0,52846.603
001205.SZ,20250321,18.9,19.27,18.76,18.96,112687.69,214245.444
001206.SZ,20250321,19.9,20.1,19.72,19.78,28317.52,56400.11
001207.SZ,20250321,23.3,23.57,22.8,22.92,43845.0,101215.577
001208.SZ,20250321,10.77,11.32,10.76,11.18,349748.02,389401.077
001209.SZ,20250321,18.02,18.03,17.68,17.7,40845.0,72790.551
001210.SZ,20250321,15.06,15.13,14.88,15.01,15831.24,23758.576
001211.SZ,20250321,22.47,22.55,22.19,22.25,11336.0,25314.781
001212.SZ,20250321,26.21,27.98,25.7,27.9,83969.59,226725.335
001213.SZ,20250321,4.04,4.11,4.04,4.07,221254.98,90147.544
001215.SZ,20250321,30.28,30.75,30.05,30.23,20604.21,62498.844
001216.SZ,20250321,13.79,13.89,13.6,13.7,27401.08,37621.738
001217.SZ,20250321,11.44,11.44,11.18,11.21,68523.0,77344.13
001218.SZ,20250321,16.8,16.98,16.56,16.65,19966.01,33368.728
001219.SZ,20250321,13.33,13.4,13.15,13.2,27991.73,37102.644
001222.SZ,20250321,16.37,16.4,16.0,16.1,20660.74,33442.619
001223.SZ,20250321,53.32,53.96,52.89,53.17,4968.0,26509.354
001225.SZ,20250321,34.31,34.37,33.68,33.88,8196.0,27766.214
001226.SZ,20250321,31.02,32.19,30.82,31.39,20321.0,63770.473
001227.SZ,20250321,2.34,2.37,2.33,2.34,681090.95,160102.901
001228.SZ,20250321,22.44,22.5,22.08,22.3,11801.0,26290.794
001229.SZ,20250321,35.26,36.5,34.67,34.84,25594.25,90989.99
001230.SZ,20250321,19.69,20.5,19.6,20.19,29023.99,58220.048
001231.SZ,20250321,18.1,18.25,17.8,17.93,14714.0,26431.645
001234.SZ,20250321,18.02,18.41,17.91,18.09,15017.0,27253.389
001236.SZ,20250321,9.51,9.62,9.32,9.37,80011.0,75789.001
001238.SZ,20250321,33.02,33.02,32.32,32.49,3486.0,11337.304
001239.SZ,20250321,19.15,19.8,18.16,19.8,418828.94,816925.274
001255.SZ,20250321,28.98,28.98,28.31,28.48,7015.0,20045.049
001256.SZ,20250321,32.0,32.55,29.31,31.36,103515.06,322910.879
001258.SZ,20250321,6.76,7.15,6.75,7.02,356764.01,248958.298
001259.SZ,20250321,23.54,23.54,22.94,22.99,10726.08,24848.449
001260.SZ,20250321,18.4,18.5,17.94,18.14,20006.0,36325.263
001266.SZ,20250321,26.5,26.55,25.52,25.82,29204.0,75785.2
001267.SZ,20250321,9.31,9.37,9.17,9.23,58045.55,53615.113
001268.SZ,20250321,26.0,26.34,23.69,23.69,168136.23,416515.912
001269.SZ,20250321,24.54,24.77,24.05,24.17,19497.14,47422.333
001270.SZ,20250321,31.93,32.75,31.48,31.71,38271.48,122352.086
001277.SZ,20250321,40.0,40.38,39.0,39.01,19640.0,77544.926
001278.SZ,20250321,17.98,18.0,17.56,17.68,26132.0,46360.891
001279.SZ,20250321,40.25,40.69,39.5,39.54,19435.54,77886.273
001282.SZ,20250321,31.56,31.96,29.68,29.73,99692.29,305210.974
001283.SZ,20250321,59.07,60.15,58.81,59.19,11641.32,69246.3
001286.SZ,20250321,9.1,9.17,9.08,9.11,164369.58,150074.449
001287.SZ,20250321,21.07,21.17,20.5,20.5,121480.0,252556.102
001288.SZ,20250321,33.34,33.62,32.1,32.32,38501.13,125309.187
001289.SZ,20250321,15.88,16.11,15.77,15.85,30813.49,49162.484
001296.SZ,20250321,18.45,18.63,18.23,18.33,31772.0,58479.528
001298.SZ,20250321,28.58,28.6,27.9,28.01,83589.41,235391.916
001299.SZ,20250321,13.22,13.33,13.11,13.24,26169.0,34603.434
001300.SZ,20250321,12.56,12.91,12.47,12.59,38689.5,48897.175
001301.SZ,20250321,60.91,61.61,59.0,59.29,42610.3,255258.902
001306.SZ,20250321,94.1,94.7,86.79,86.79,35682.58,318395.016
001308.SZ,20250321,23.99,24.18,23.51,23.67,27813.9,66167.322
001309.SZ,20250321,139.5,140.44,132.7,134.35,62785.68,852072.275
001311.SZ,20250321,32.72,32.73,31.05,31.27,64977.41,207449.365
001313.SZ,20250321,9.4,9.52,9.16,9.17,73797.0,68862.068
001314.SZ,20250321,53.0,53.5,50.2,50.86,91653.01,473382.769
001316.SZ,20250321,36.55,37.04,33.4,34.05,80207.84,280170.94
001317.SZ,20250321,32.3,34.7,32.3,33.51,60246.45,200776.898
001318.SZ,20250321,16.51,17.54,15.51,15.81,502325.89,838597.277
001319.SZ,20250321,30.87,30.87,29.09,29.34,105718.0,314249.515
001322.SZ,20250321,8.33,8.43,8.25,8.38,39999.47,33363.178
001323.SZ,20250321,33.5,34.58,33.39,33.42,12966.77,43932.828
001324.SZ,20250321,19.23,19.57,19.1,19.34,35668.73,69038.416
001326.SZ,20250321,34.9,34.9,34.08,34.36,8379.0,28848.713
001328.SZ,20250321,38.55,39.42,38.27,38.87,10975.75,42615.699
001330.SZ,20250321,4.87,4.88,4.77,4.78,146978.77,70719.769
001331.SZ,20250321,13.53,13.77,13.3,13.49,43515.6,59027.968
001332.SZ,20250321,38.28,39.32,37.5,37.57,26491.31,101650.548
001333.SZ,20250321,21.07,21.11,20.4,20.5,44094.85,91213.652
001336.SZ,20250321,20.19,20.19,19.63,19.85,14579.0,28926.79
001337.SZ,20250321,22.71,22.98,22.23,22.38,96461.65,217755.919
001338.SZ,20250321,11.88,11.97,11.64,11.65,144313.0,169906.358
001339.SZ,20250321,56.11,58.75,55.31,56.09,117867.87,671751.653
001356.SZ,20250321,14.0,14.04,13.8,13.81,100391.17,139228.232
001358.SZ,20250321,23.21,23.43,22.9,22.98,7204.6,16601.586
001359.SZ,20250321,30.02,30.32,29.27,29.28,31857.34,94444.156
001360.SZ,20250321,14.04,14.26,14.0,14.1,20028.0,28298.326
001366.SZ,20250321,11.45,11.5,11.15,11.27,29949.0,33869.844
001367.SZ,20250321,27.66,27.95,27.28,27.38,8350.52,22943.059
001368.SZ,20250321,23.2,23.99,22.86,23.56,45453.0,106075.473
001373.SZ,20250321,30.8,31.62,29.93,30.02,19021.14,57821.653
001376.SZ,20250321,13.96,14.17,13.75,13.86,90148.0,125748.361
001378.SZ,20250321,22.81,22.91,22.5,22.62,14534.39,32957.035
001379.SZ,20250321,23.51,26.31,23.39,24.88,180801.89,452289.688
001380.SZ,20250321,33.81,34.0,32.33,32.91,47594.11,156894.38
001382.SZ,20250321,37.0,37.0,28.7,29.91,483722.45,1526195.206
001387.SZ,20250321,14.5,14.54,14.25,14.41,34770.19,49959.184
001389.SZ,20250321,55.85,56.09,53.8,53.8,27297.82,149414.345
001391.SZ,20250321,6.69,6.7,6.62,6.64,322885.06,215115.438
001395.SZ,20250321,42.59,42.63,41.18,41.23,43201.15,180232.528
001696.SZ,20250321,23.03,23.1,22.39,22.41,306569.29,693986.711
001872.SZ,20250321,20.54,21.88,20.4,21.42,243954.99,520240.164
001896.SZ,20250321,4.16,4.24,4.13,4.19,259283.42,108681.099
001914.SZ,20250321,11.8,12.02,11.7,11.92,183504.41,217921.785
001965.SZ,20250321,12.98,13.16,12.75,12.88,186724.49,241019.521
001979.SZ,20250321,9.46,9.5,9.4,9.46,472553.8,446089.717
002001.SZ,20250321,21.61,21.83,21.4,21.55,150066.59,324011.898
002003.SZ,20250321,12.93,13.0,12.65,12.82,115709.06,148401.249
002004.SZ,20250321,3.98,4.0,3.93,3.95,191147.37,75842.681
002005.SZ,20250321,1.8,1.8,1.75,1.77,80599.0,14256.865
002006.SZ,20250321,18.05,18.68,17.84,17.86,145998.11,265366.195
002007.SZ,20250321,16.1,16.18,15.91,15.94,78392.48,125649.359
002008.SZ,20250321,29.35,30.44,29.04,29.11,463933.57,1374724.723
002009.SZ,20250321,18.3,18.4,17.0,17.06,397201.99,696734.479
002010.SZ,20250321,5.52,5.61,5.5,5.53,367502.63,203407.768
002011.SZ,20250321,13.45,13.54,13.03,13.04,139216.14,184295.519
002012.SZ,20250321,4.81,4.85,4.73,4.78,95768.02,45850.077
002014.SZ,20250321,11.97,12.16,11.7,11.95,294627.99,352118.359
002015.SZ,20250321,8.0,8.2,7.9,7.92,336563.97,270371.962
002016.SZ,20250321,5.88,6.15,5.87,6.0,262532.34,158240.757
002017.SZ,20250321,10.93,11.01,10.72,10.75,120932.96,131055.271
002019.SZ,20250321,11.7,11.74,11.36,11.51,133326.05,153156.799
002020.SZ,20250321,13.86,13.94,13.52,13.59,143867.4,197415.93
002021.SZ,20250321,2.49,2.53,2.45,2.47,345522.19,85671.99
002022.SZ,20250321,6.06,6.11,5.96,5.98,66630.82,40116.132
002023.SZ,20250321,10.58,10.72,10.4,10.47,129378.94,136518.022
002024.SZ,20250321,2.33,2.33,2.23,2.24,814813.86,185137.682
002025.SZ,20250321,58.0,58.69,56.5,56.64,58510.93,336136.122
002026.SZ,20250321,12.75,13.17,12.46,12.8,559528.07,717660.342
002027.SZ,20250321,6.91,7.04,6.91,6.93,842917.34,586358.073
002028.SZ,20250321,71.81,73.32,71.5,71.74,50402.41,363945.7
002029.SZ,20250321,6.48,6.53,6.42,6.45,69730.01,45087.748
002030.SZ,20250321,6.25,6.3,6.13,6.16,181813.71,112781.356
002031.SZ,20250321,9.9,9.97,9.5,9.68,2281996.59,2213971.436
002032.SZ,20250321,52.09,52.86,51.9,52.46,24223.01,126789.241
002033.SZ,20250321,9.43,9.76,9.43,9.62,390342.43,374667.316
002034.SZ,20250321,18.72,19.49,18.72,19.3,132868.39,253936.375
002035.SZ,20250321,7.52,7.57,7.41,7.46,110538.96,82731.582
002036.SZ,20250321,12.32,12.4,11.86,11.88,672578.47,809579.176
002037.SZ,20250321,8.22,8.3,8.12,8.19,73854.01,60661.854
002038.SZ,20250321,6.95,7.0,6.86,6.89,109191.45,75651.05
002039.SZ,20250321,15.89,16.35,15.89,16.05,145596.99,234530.495
002040.SZ,20250321,6.76,6.88,6.76,6.81,63898.89,43631.214
002041.SZ,20250321,10.6,10.6,10.38,10.39,100086.91,104819.688
002042.SZ,20250321,7.06,7.08,6.5,6.53,905575.97,607760.171
002043.SZ,20250321,10.96,11.13,10.94,10.99,57847.93,63660.306
002044.SZ,20250321,6.15,6.17,5.85,5.88,1534150.31,916038.459
002045.SZ,20250321,18.8,19.05,18.01,18.06,500489.39,917280.075
002046.SZ,20250321,18.69,18.8,17.53,17.53,598447.32,1081322.172
002047.SZ,20250321,2.63,2.72,2.6,2.68,275577.7,73628.551
002048.SZ,20250321,18.15,18.18,16.84,16.91,437782.04,758282.173
002049.SZ,20250321,68.12,69.4,66.0,66.2,289513.52,1947698.961
002050.SZ,20250321,30.45,30.73,29.4,29.48,990279.36,2949176.836
002051.SZ,20250321,8.51,8.78,8.47,8.56,275355.04,237300.463
002052.SZ,20250321,5.9,6.15,5.72,5.72,319095.65,185428.882
002053.SZ,20250321,11.44,11.54,11.38,11.4,50493.0,57796.559
002054.SZ,20250321,6.44,6.46,6.32,6.35,68454.0,43616.161
002055.SZ,20250321,6.43,6.47,6.21,6.23,353713.0,221898.342
002056.SZ,20250321,15.77,15.82,15.46,15.71,355305.49,555793.34
002057.SZ,20250321,8.46,9.04,8.43,8.82,696510.97,614505.7
002058.SZ,20250321,10.81,10.87,10.51,10.61,33303.0,35442.66
002059.SZ,20250321,5.71,5.78,5.61,5.67,257844.12,146733.613
002060.SZ,20250321,3.57,3.63,3.56,3.59,226945.46,81750.096
002061.SZ,20250321,4.0,4.07,3.99,4.02,286138.12,115440.374
002062.SZ,20250321,5.01,5.07,4.96,5.0,145293.0,72911.662
002063.SZ,20250321,6.69,6.74,6.54,6.55,545971.69,361853.41
002064.SZ,20250321,8.16,8.24,8.1,8.16,145873.94,119262.575
002065.SZ,20250321,11.63,11.7,11.19,11.21,1602838.61,1825837.557
002066.SZ,20250321,11.22,11.34,11.11,11.18,36940.99,41398.597
002067.SZ,20250321,4.16,4.17,4.05,4.06,573725.04,235230.089
002068.SZ,20250321,11.45,11.76,11.4,11.45,167871.0,194290.076
002069.SZ,20250321,3.91,4.13,3.9,3.98,308675.6,124108.869
002072.SZ,20250321,5.0,5.04,4.68,4.68,114709.0,55278.069
002073.SZ,20250321,9.98,10.01,9.72,9.76,469781.71,462730.266
002074.SZ,20250321,22.8,23.0,22.38,22.52,188712.23,426880.186
002075.SZ,20250321,6.26,6.49,6.19,6.33,666179.35,420547.039
002076.SZ,20250321,4.04,4.13,3.97,4.09,1007707.0,408812.98
002077.SZ,20250321,15.15,15.22,14.64,14.7,198449.83,294786.412
002078.SZ,20250321,14.5,14.84,14.4,14.48,124638.57,181995.19
002079.SZ,20250321,10.5,10.53,10.26,10.27,177486.86,183940.266
002080.SZ,20250321,14.76,15.34,14.74,15.23,410748.42,623680.082
002081.SZ,20250321,3.49,3.55,3.48,3.51,214430.8,75457.559
002082.SZ,20250321,6.53,6.58,6.18,6.22,204968.0,130810.355
002083.SZ,20250321,5.06,5.5,5.05,5.3,790926.58,417778.638
002084.SZ,20250321,3.1,3.15,3.06,3.09,77818.36,24118.471
002085.SZ,20250321,19.08,19.14,18.36,18.36,618879.24,1153944.295
002086.SZ,20250321,3.43,3.77,3.38,3.76,4725647.22,1732184.355
002088.SZ,20250321,12.96,13.01,12.76,12.86,20688.04,26591.015
002090.SZ,20250321,10.15,10.2,9.79,9.85,226922.79,226042.693
002091.SZ,20250321,7.66,7.79,7.66,7.71,176668.82,136409.132
002092.SZ,20250321,4.65,4.74,4.64,4.69,221416.01,103963.343
002093.SZ,20250321,14.31,14.94,14.29,14.29,1547314.73,2247063.29
002094.SZ,20250321,5.68,5.69,5.56,5.57,255212.0,143008.254
002095.SZ,20250321,18.66,18.74,18.26,18.3,53441.0,98630.288
002096.SZ,20250321,11.61,12.15,11.52,12.01,103220.06,122005.983
002097.SZ,20250321,8.25,8.37,8.08,8.12,289173.47,236926.526
002098.SZ,20250321,8.66,8.72,8.47,8.5,18335.4,15741.55
002099.SZ,20250321,5.1,5.17,5.06,5.06,138853.92,70924.597
002100.SZ,20250321,6.27,6.32,6.21,6.25,215347.0,134870.69
002101.SZ,20250321,14.24,14.3,13.87,13.88,154941.32,217558.964
002102.SZ,20250321,3.19,3.23,3.15,3.16,352223.03,112296.361
002103.SZ,20250321,9.86,9.98,9.77,9.84,129720.01,127736.395
002104.SZ,20250321,7.25,7.58,7.12,7.49,504093.0,372042.83
002105.SZ,20250321,10.35,10.46,9.71,9.71,555879.74,548659.14
002106.SZ,20250321,12.24,12.32,11.85,11.91,286476.0,345046.803
002107.SZ,20250321,4.83,5.09,4.74,4.74,141595.86,68470.065
002108.SZ,20250321,3.6,3.61,3.54,3.58,301612.69,107860.017
002109.SZ,20250321,3.42,3.45,3.38,3.41,81679.55,27887.751
002110.SZ,20250321,4.3,4.5,4.26,4.39,389152.44,172218.771
002111.SZ,20250321,11.62,11.74,11.4,11.6,123737.29,143117.75
002112.SZ,20250321,16.42,16.42,15.46,15.46,240540.83,378510.545
002114.SZ,20250321,7.02,7.12,6.89,6.97,163939.0,114473.736
002115.SZ,20250321,8.51,9.38,8.36,9.38,1694325.83,1565939.433
002116.SZ,20250321,10.38,10.57,10.36,10.43,88201.6,92414.68
002117.SZ,20250321,13.95,14.0,13.41,13.75,338777.6,464139.801
002119.SZ,20250321,17.64,17.78,17.06,17.1,198852.27,344216.754
002120.SZ,20250321,7.21,7.35,7.14,7.16,602713.08,436005.875
002121.SZ,20250321,4.73,4.75,4.62,4.63,209273.5,97800.902
002122.SZ,20250321,5.19,5.24,5.0,5.0,2530660.81,1284857.514
002123.SZ,20250321,16.89,16.99,16.2,16.27,721868.98,1194210.854
002124.SZ,20250321,3.12,3.17,3.01,3.03,1221906.97,375912.404
002125.SZ,20250321,11.1,11.14,10.86,10.9,117417.0,128904.454
002126.SZ,20250321,29.89,29.89,28.26,28.52,398946.13,1146982.315
002127.SZ,20250321,4.43,4.46,4.33,4.39,273130.43,119881.845
002128.SZ,20250321,19.0,19.23,19.0,19.14,94557.11,180706.453
002129.SZ,20250321,9.19,9.53,9.19,9.32,1377266.45,1291151.631
002130.SZ,20250321,22.09,22.11,21.38,21.4,586387.42,1270592.301
002131.SZ,20250321,4.04,4.05,3.94,3.96,3377277.19,1341928.65
002132.SZ,20250321,3.02,3.12,3.02,3.05,411357.86,126078.387
002133.SZ,20250321,2.72,2.74,2.68,2.71,140916.01,38172.666
002134.SZ,20250321,21.7,21.87,21.08,21.28,55918.5,119765.141
002135.SZ,20250321,4.4,4.47,4.38,4.41,134517.99,59522.794
002136.SZ,20250321,10.17,10.21,10.0,10.04,31207.0,31477.811
002137.SZ,20250321,9.08,9.1,8.8,8.8,295953.12,263027.111
002138.SZ,20250321,30.41,30.6,29.7,29.92,129983.37,390423.404
002139.SZ,20250321,16.5,16.51,15.66,15.7,740919.65,1181653.755
002140.SZ,20250321,10.24,10.44,10.16,10.27,156284.34,161074.777
002141.SZ,20250321,1.48,1.5,1.46,1.47,100007.0,14770.092
002142.SZ,20250321,26.25,26.55,25.88,25.99,353543.33,924608.943
002144.SZ,20250321,11.99,12.02,11.7,11.78,74412.16,87807.89
002145.SZ,20250321,4.48,4.54,4.45,4.46,425389.98,190968.985
002146.SZ,20250321,1.53,1.54,1.51,1.51,562554.0,85607.407
002148.SZ,20250321,7.48,7.65,7.38,7.38,225637.8,169140.501
002149.SZ,20250321,22.5,23.77,21.99,22.09,340205.19,780279.349
002150.SZ,20250321,13.71,14.16,13.68,13.81,120032.47,166686.099
002151.SZ,20250321,26.53,27.02,26.48,26.54,68595.05,182998.464
002152.SZ,20250321,14.01,14.04,13.58,13.61,575565.83,792402.717
002153.SZ,20250321,7.82,7.84,7.64,7.69,236205.41,182400.003
002154.SZ,20250321,4.31,4.39,4.27,4.28,479336.89,207791.956
002155.SZ,20250321,24.3,24.72,23.8,23.97,543859.72,1312068.935
002156.SZ,20250321,27.94,28.08,27.27,27.4,323167.81,892535.278
002157.SZ,20250321,2.84,2.87,2.81,2.86,904219.0,256538.8
002158.SZ,20250321,20.85,20.99,20.52,20.56,124953.91,258880.622
002159.SZ,20250321,15.4,15.58,15.3,15.56,43074.51,66495.737
002160.SZ,20250321,4.03,4.09,3.99,4.01,194110.0,78463.797
002161.SZ,20250321,6.2,6.38,6.12,6.16,242114.01,150529.812
002162.SZ,20250321,4.64,4.64,4.39,4.39,669947.81,302421.881
002163.SZ,20250321,10.13,10.58,9.99,10.06,430338.16,442439.517
002164.SZ,20250321,11.22,12.34,10.82,11.4,1923352.29,2202139.868
002165.SZ,20250321,5.08,5.48,5.05,5.48,1046017.04,555926.007
002166.SZ,20250321,7.81,7.9,7.67,7.73,127257.78,98763.191
002167.SZ,20250321,9.84,9.89,9.48,9.53,693284.02,668156.676
002168.SZ,20250321,2.58,2.65,2.46,2.52,280223.98,70930.629
002169.SZ,20250321,6.4,6.46,6.2,6.23,136796.02,86206.768
002170.SZ,20250321,10.41,10.65,10.37,10.45,172681.42,180909.602
002171.SZ,20250321,9.57,9.66,9.16,9.26,263761.67,246792.179
002172.SZ,20250321,3.64,3.67,3.54,3.55,307897.01,110452.539
002173.SZ,20250321,12.83,12.85,11.82,11.83,880273.01,1071541.964
002174.SZ,20250321,10.08,10.09,9.71,9.74,197566.33,194680.684
002175.SZ,20250321,5.61,5.64,5.4,5.41,1004141.91,548082.941
002176.SZ,20250321,7.95,8.03,7.79,7.8,357793.4,282512.92
002177.SZ,20250321,4.85,4.87,4.73,4.75,289099.06,138237.337
002178.SZ,20250321,7.1,7.4,7.07,7.38,732688.29,534721.403
002179.SZ,20250321,42.08,42.95,41.5,42.0,156773.54,659755.611
002180.SZ,20250321,27.45,27.65,26.9,27.01,144714.45,393297.561
002181.SZ,20250321,5.76,5.83,5.64,5.64,243530.0,139011.375
002182.SZ,20250321,13.18,13.23,12.86,12.92,229317.09,298581.223
002183.SZ,20250321,5.11,5.14,4.93,4.95,970406.36,487692.962
002184.SZ,20250321,14.79,15.66,14.45,15.43,574466.67,873966.995
002185.SZ,20250321,11.0,11.08,10.81,10.85,407391.6,445278.173
002186.SZ,20250321,10.99,11.16,10.94,11.08,63105.98,69662.677
002187.SZ,20250321,7.19,7.2,6.99,7.04,212763.2,150941.823
002188.SZ,20250321,4.91,4.94,4.82,4.86,75242.6,36609.557
002189.SZ,20250321,20.96,20.99,20.17,20.2,80308.01,164624.475
002190.SZ,20250321,17.35,18.65,17.27,18.2,248558.56,446538.519
002191.SZ,20250321,3.82,3.85,3.78,3.81,153590.02,58593.526
002192.SZ,20250321,31.8,32.08,31.0,31.11,65003.08,204512.285
002193.SZ,20250321,6.16,6.16,5.98,6.01,108191.0,65372.245
002194.SZ,20250321,13.35,13.65,13.0,13.08,389579.48,516828.701
002195.SZ,20250321,6.5,6.53,6.25,6.25,6143851.38,3892319.821
002196.SZ,20250321,12.0,12.29,11.21,11.35,1451897.67,1681694.812
002197.SZ,20250321,5.92,5.95,5.67,5.67,319286.44,183704.006
002198.SZ,20250321,7.53,7.59,7.2,7.27,151974.22,111851.614
002199.SZ,20250321,6.23,6.38,5.92,5.95,244809.2,149044.98
002200.SZ,20250321,6.0,6.02,5.85,5.89,13342.0,7901.379
002201.SZ,20250321,5.59,5.66,5.55,5.61,98736.36,55265.086
002202.SZ,20250321,9.52,9.89,9.47,9.67,990531.02,961288.112
002203.SZ,20250321,9.58,9.66,9.44,9.51,83596.94,79827.019
002204.SZ,20250321,7.0,7.0,7.0,7.0,230333.35,161233.345
002205.SZ,20250321,9.93,9.97,9.7,9.73,62955.01,61545.544
002206.SZ,20250321,4.64,4.71,4.63,4.66,180096.63,84037.796
002207.SZ,20250321,5.95,6.3,5.95,6.1,201270.02,123515.448
002208.SZ,20250321,6.86,6.88,6.73,6.76,121551.7,82479.925
002209.SZ,20250321,12.1,12.11,11.7,11.81,98054.0,116510.835
002210.SZ,20250321,2.5,2.59,2.48,2.57,1639162.48,414558.125
002211.SZ,20250321,4.07,4.11,3.98,3.99,150752.0,60747.446
002212.SZ,20250321,8.76,8.76,8.47,8.47,486694.9,418159.694
002213.SZ,20250321,16.5,16.5,15.7,15.74,154155.78,246113.8
002214.SZ,20250321,10.7,10.78,10.5,10.56,51437.0,54545.739
002215.SZ,20250321,9.62,9.7,9.51,9.57,163264.0,156815.372
002216.SZ,20250321,11.42,11.47,11.23,11.3,38821.01,44009.136
002217.SZ,20250321,2.14,2.23,2.11,2.21,1061398.13,230315.008
002218.SZ,20250321,3.57,3.62,3.52,3.54,313941.1,111889.879
002219.SZ,20250321,2.7,2.71,2.63,2.64,471271.05,125508.25
002221.SZ,20250321,10.24,10.42,9.83,9.84,337381.08,340939.582
002222.SZ,20250321,35.33,35.58,34.05,34.39,137462.25,477207.064
002223.SZ,20250321,35.9,36.36,35.69,35.89,55652.01,200028.027
002224.SZ,20250321,4.58,5.01,4.56,4.72,356496.74,170262.057
002225.SZ,20250321,5.72,5.89,5.64,5.84,224698.8,129921.209
002226.SZ,20250321,5.72,5.84,5.67,5.68,278891.2,160195.575
002227.SZ,20250321,14.63,14.92,13.85,13.85,321778.67,452982.903
002228.SZ,20250321,3.14,3.17,3.08,3.1,117314.0,36606.849
002229.SZ,20250321,13.01,13.19,12.84,13.05,216661.46,281149.768
002230.SZ,20250321,49.57,49.57,48.47,48.54,352147.55,1721864.458
002231.SZ,20250321,5.95,6.01,5.85,5.87,93495.0,55113.756
002232.SZ,20250321,20.77,21.1,19.91,19.99,159398.1,324387.068
002233.SZ,20250321,7.99,8.09,7.97,8.03,71444.77,57377.507
002234.SZ,20250321,9.28,9.35,8.94,9.01,135193.0,123159.665
002235.SZ,20250321,5.61,5.62,5.47,5.48,237563.25,131298.06
002236.SZ,20250321,18.44,18.48,17.78,17.85,1062576.92,1918707.016
002237.SZ,20250321,11.11,11.19,10.94,11.03,171231.59,189817.502
002238.SZ,20250321,9.56,9.6,9.2,9.2,205565.81,191973.579
002239.SZ,20250321,3.28,3.3,3.2,3.21,1170210.13,379529.319
002240.SZ,20250321,13.45,13.55,13.21,13.21,104768.59,139765.606
002241.SZ,20250321,27.59,28.04,26.89,26.99,542248.79,1478896.913
002242.SZ,20250321,10.22,10.84,10.21,10.38,164828.94,173513.782
002243.SZ,20250321,8.9,9.0,8.8,8.85,155025.0,137849.635
002244.SZ,20250321,10.82,10.97,10.36,10.45,413649.65,436692.533
002245.SZ,20250321,14.71,14.87,14.3,14.32,640094.52,927702.905
002246.SZ,20250321,10.95,11.28,10.79,11.2,191427.02,211426.437
002247.SZ,20250321,2.68,2.71,2.62,2.65,238545.04,63440.408
002248.SZ,20250321,9.46,9.6,9.24,9.4,264710.0,248420.438
002249.SZ,20250321,7.25,7.28,6.99,7.01,1207164.5,856119.867
002250.SZ,20250321,7.06,7.13,6.98,7.03,182539.0,128529.001
002251.SZ,20250321,4.32,4.39,4.28,4.31,278059.89,120178.305
002252.SZ,20250321,6.95,6.98,6.89,6.91,301405.36,208750.501
002253.SZ,20250321,13.11,13.13,12.65,12.69,151367.05,194067.202
002254.SZ,20250321,10.47,10.55,10.17,10.18,174576.02,180343.422
002255.SZ,20250321,7.05,7.79,7.04,7.43,1403142.36,1070549.022
002256.SZ,20250321,2.43,2.5,2.4,2.46,536960.0,131560.838
002258.SZ,20250321,8.75,9.18,8.75,9.08,226905.78,204304.199
002259.SZ,20250321,2.45,2.48,2.42,2.42,51936.0,12724.014
002261.SZ,20250321,34.43,34.43,31.88,32.04,1949373.15,6482619.143
002262.SZ,20250321,22.18,22.26,21.91,22.05,79133.0,174667.383
002263.SZ,20250321,2.67,2.69,2.63,2.65,387515.2,102974.386
002264.SZ,20250321,6.19,6.21,6.08,6.12,93416.0,57265.714
002265.SZ,20250321,25.55,26.02,24.24,24.53,337900.0,837722.94
002266.SZ,20250321,3.38,3.45,3.38,3.41,319284.89,108953.803
002267.SZ,20250321,7.78,7.84,7.75,7.82,58504.0,45656.746
002268.SZ,20250321,17.38,17.45,17.01,17.06,95738.4,164676.479
002269.SZ,20250321,2.06,2.06,2.03,2.04,739642.5,151186.114
002270.SZ,20250321,15.56,15.8,15.45,15.53,67769.66,105615.374
002271.SZ,20250321,13.58,13.79,13.39,13.5,393792.47,533216.567
002272.SZ,20250321,10.48,10.49,10.12,10.16,308796.02,316865.504
002273.SZ,20250321,23.72,23.86,23.08,23.11,353832.5,827096.435
002274.SZ,20250321,7.97,8.05,7.92,8.0,137085.5,109443.837
002275.SZ,20250321,14.16,14.34,13.94,14.08,48573.51,68659.073
002276.SZ,20250321,18.13,18.56,17.0,17.18,2899459.7,5216758.503
002277.SZ,20250321,6.03,6.03,5.68,5.69,833367.27,484125.618
002278.SZ,20250321,10.73,11.29,10.73,11.29,1299283.23,1454305.402
002279.SZ,20250321,7.19,7.2,6.92,6.93,383041.02,269445.692
002281.SZ,20250321,48.9,49.3,47.09,47.11,239130.4,1143993.249
002282.SZ,20250321,8.34,8.36,8.17,8.2,91885.0,75833.666
002283.SZ,20250321,7.62,7.63,7.17,7.18,771867.46,566960.844
002284.SZ,20250321,10.07,10.1,9.71,9.74,311519.55,307098.422
002285.SZ,20250321,2.49,2.51,2.46,2.47,258493.24,64158.076
002286.SZ,20250321,8.13,8.22,7.91,7.97,105797.04,85029.945
002287.SZ,20250321,22.59,22.91,21.86,21.98,19292.83,42877.729
002289.SZ,20250321,5.1,5.1,4.7,4.75,79716.5,38806.49
002290.SZ,20250321,28.71,28.95,26.79,27.14,120230.56,332163.46
002291.SZ,20250321,6.9,6.95,6.73,6.8,355052.22,242690.523
002292.SZ,20250321,10.35,10.44,9.83,9.9,1076823.31,1086292.668
002293.SZ,20250321,8.2,8.44,8.14,8.24,67583.1,55992.326
002294.SZ,20250321,30.7,30.95,30.1,30.18,40595.0,123515.648
002295.SZ,20250321,7.97,7.98,7.77,7.85,30311.0,23795.627
002296.SZ,20250321,12.61,12.78,12.08,12.09,349206.09,431657.522
002297.SZ,20250321,7.03,7.15,7.0,7.05,134815.5,95287.92
002298.SZ,20250321,6.02,6.04,5.85,5.87,428171.51,253333.554
002299.SZ,20250321,14.37,14.58,14.18,14.28,70479.23,101227.406
002300.SZ,20250321,5.75,6.33,5.71,6.33,257085.25,159240.66
002301.SZ,20250321,7.78,7.8,7.6,7.6,112052.02,85999.15
002302.SZ,20250321,6.28,6.34,6.17,6.19,130799.0,81646.963
002303.SZ,20250321,3.6,3.66,3.57,3.61,289232.08,104417.593
002304.SZ,20250321,77.63,78.31,77.09,77.29,68803.55,532921.153
002305.SZ,20250321,1.54,1.55,1.51,1.52,447007.0,68439.172
002306.SZ,20250321,3.13,3.52,3.02,3.4,1680859.02,550148.131
002307.SZ,20250321,4.08,4.18,4.06,4.1,241513.71,99098.461
002309.SZ,20250321,2.65,2.73,2.62,2.67,192311.24,51309.939
002310.SZ,20250321,1.93,2.02,1.93,2.02,1099695.96,219441.79
002311.SZ,20250321,49.56,50.15,48.75,48.89,40107.34,197178.176
002312.SZ,20250321,12.77,12.78,12.5,12.5,377345.1,474717.044
002313.SZ,20250321,10.67,10.67,10.3,10.32,145201.03,151559.7
002314.SZ,20250321,2.46,2.55,2.41,2.42,510527.49,126471.445
002315.SZ,20250321,43.0,43.68,42.02,43.38,87718.13,375697.828
002316.SZ,20250321,3.71,3.71,3.58,3.61,94511.0,34353.613
002317.SZ,20250321,11.45,11.53,11.28,11.32,289248.96,329322.069
002318.SZ,20250321,23.3,24.08,23.15,23.79,74621.24,178013.418
002319.SZ,20250321,11.28,11.28,10.99,11.13,25838.0,28694.115
002320.SZ,20250321,7.02,7.25,6.9,6.99,450015.21,318166.671
002321.SZ,20250321,2.44,2.44,2.38,2.39,255154.0,61518.664
002322.SZ,20250321,14.75,14.92,14.31,14.34,70607.0,102798.771
002323.SZ,20250321,1.75,1.76,1.71,1.72,593875.02,102801.924
002324.SZ,20250321,10.35,10.4,10.07,10.11,148519.27,151092.813
002326.SZ,20250321,11.16,11.23,10.72,10.73,304017.54,331983.212
002327.SZ,20250321,8.37,8.44,8.27,8.33,37739.0,31520.487
002328.SZ,20250321,6.75,6.85,6.53,6.59,370653.82,248132.758
002329.SZ,20250321,3.76,3.83,3.64,3.65,649836.74,241414.62
002330.SZ,20250321,4.47,4.51,4.41,4.44,58369.01,25973.414
002331.SZ,20250321,8.44,8.47,8.2,8.25,110815.26,92084.0
002332.SZ,20250321,10.13,10.21,9.99,10.03,242093.2,244796.412
002333.SZ,20250321,5.68,5.7,5.6,5.64,44578.0,25172.689
002334.SZ,20250321,9.85,9.85,9.32,9.33,710207.78,677005.658
002335.SZ,20250321,49.3,49.84,47.99,48.19,394784.66,1922296.0
002336.SZ,20250321,5.05,5.06,4.87,5.0,37212.71,18500.842
002337.SZ,20250321,6.03,6.17,5.94,5.96,272162.21,163976.295
002338.SZ,20250321,39.58,40.18,38.35,38.37,54285.59,212540.402
002339.SZ,20250321,7.74,7.76,7.6,7.61,194864.5,149245.16
002340.SZ,20250321,6.77,6.8,6.66,6.69,795612.76,534786.035
002342.SZ,20250321,6.54,6.55,6.07,6.39,3637473.5,2334250.908
002343.SZ,20250321,7.3,7.35,7.01,7.02,344505.01,245490.548
002344.SZ,20250321,4.4,4.43,4.34,4.36,145531.91,63715.238
002345.SZ,20250321,8.6,8.68,8.12,8.17,495259.01,411261.097
002346.SZ,20250321,11.74,11.85,11.55,11.66,30836.0,36003.028
002347.SZ,20250321,9.36,9.56,8.98,8.99,587442.69,541133.088
002348.SZ,20250321,3.76,3.76,3.61,3.62,320969.0,117728.549
002349.SZ,20250321,7.6,7.67,7.38,7.41,304716.92,228520.72
002350.SZ,20250321,6.94,7.03,6.82,6.84,132091.03,91077.96
002351.SZ,20250321,15.58,15.65,15.18,15.27,200725.12,308974.358
002352.SZ,20250321,43.0,43.48,42.51,42.73,156277.97,670942.226
002353.SZ,20250321,35.78,37.52,35.74,36.86,169898.03,627644.169
002354.SZ,20250321,6.86,6.88,6.62,6.65,1005288.2,674790.495
002355.SZ,20250321,7.52,7.57,7.3,7.31,409669.59,302748.2
002356.SZ,20250321,3.17,3.27,3.12,3.15,184824.64,58843.203
002357.SZ,20250321,8.13,8.18,7.97,8.0,132117.0,106313.025
002358.SZ,20250321,6.8,6.84,6.23,6.25,1123823.08,729609.798
002360.SZ,20250321,5.32,5.38,5.23,5.27,77017.0,40813.324
002361.SZ,20250321,7.02,7.15,6.75,6.8,834546.46,578865.034
002362.SZ,20250321,23.96,23.97,23.3,23.38,69525.36,163829.519
002363.SZ,20250321,8.39,8.55,8.07,8.11,283882.6,233715.395
002364.SZ,20250321,16.01,16.24,15.54,15.6,410312.04,649037.289
002365.SZ,20250321,8.57,8.64,8.42,8.46,28812.0,24525.06
002366.SZ,20250321,5.15,5.38,5.11,5.19,1327899.3,697081.874
002367.SZ,20250321,7.49,7.52,7.39,7.44,110488.0,82318.122
002368.SZ,20250321,26.06,26.29,25.56,25.64,119726.91,309485.436
002369.SZ,20250321,11.5,11.5,10.98,11.05,775310.68,864589.451
002370.SZ,20250321,3.48,3.49,3.4,3.43,205458.32,70565.852
002371.SZ,20250321,429.5,431.65,414.15,418.8,54037.77,2272787.141
002372.SZ,20250321,12.33,12.44,12.17,12.28,69153.53,85037.497
002373.SZ,20250321,10.0,10.05,9.74,9.76,238657.0,235656.404
002374.SZ,20250321,2.77,2.81,2.73,2.74,133076.42,36749.837
002375.SZ,20250321,4.02,4.08,4.0,4.03,123841.92,50025.978
002376.SZ,20250321,7.36,7.42,7.17,7.26,377824.08,274166.169
002377.SZ,20250321,2.89,3.01,2.86,2.91,375722.04,110638.929
002378.SZ,20250321,7.03,7.13,6.93,6.96,155855.95,109377.398
002379.SZ,20250321,11.52,11.72,11.5,11.6,272631.21,316326.785
002380.SZ,20250321,27.12,27.52,26.09,26.29,103025.99,274227.565
002381.SZ,20250321,7.12,7.14,7.01,7.03,51302.0,36253.126
002382.SZ,20250321,5.2,5.22,5.13,5.14,87323.48,45196.888
002383.SZ,20250321,8.63,8.95,8.51,8.82,383236.89,336332.254
002384.SZ,20250321,34.44,34.78,33.81,34.13,450814.82,1541631.886
002385.SZ,20250321,4.06,4.09,4.03,4.05,601494.98,244183.984
002386.SZ,20250321,4.62,4.65,4.57,4.61,143254.55,66047.199
002387.SZ,20250321,10.49,10.57,10.0,10.03,819686.23,836039.997
002388.SZ,20250321,3.64,3.65,3.58,3.59,169328.8,61087.049
002389.SZ,20250321,20.79,21.45,20.72,21.23,201903.1,424867.988
002390.SZ,20250321,3.94,3.96,3.85,3.85,288202.73,112315.233
002391.SZ,20250321,5.21,5.44,5.19,5.22,196379.66,104008.568
002392.SZ,20250321,5.06,5.07,4.98,5.03,125389.0,62928.487
002393.SZ,20250321,17.62,17.64,17.0,17.04,59141.52,101465.289
002394.SZ,20250321,7.93,7.94,7.8,7.82,50614.0,39795.293
002395.SZ,20250321,17.22,17.33,16.85,16.89,42367.26,72227.7
002396.SZ,20250321,21.15,21.33,20.72,20.74,119862.22,251806.424
002397.SZ,20250321,4.1,4.18,4.08,4.16,310673.98,128232.084
002398.SZ,20250321,5.45,5.48,5.28,5.29,291520.59,155776.077
002399.SZ,20250321,11.1,11.17,10.92,11.0,40219.0,44316.49
002400.SZ,20250321,8.34,8.38,8.15,8.17,700809.17,576800.675
002401.SZ,20250321,19.53,21.82,19.51,20.79,714819.96,1500764.336
002402.SZ,20250321,21.66,21.67,20.76,20.83,684890.48,1440713.467
002403.SZ,20250321,16.71,16.86,16.25,16.27,157872.97,259684.095
002404.SZ,20250321,6.54,6.63,6.49,6.53,120281.5,78807.475
002405.SZ,20250321,9.15,9.21,8.97,9.0,395740.35,358789.438
002406.SZ,20250321,10.88,10.88,10.18,10.88,3413554.35,3643606.182
002407.SZ,20250321,12.36,12.42,12.22,12.28,145403.64,179360.862
002408.SZ,20250321,4.87,4.99,4.85,4.92,245550.62,120696.217
002409.SZ,20250321,60.56,61.47,59.66,59.66,58125.51,351349.149
002410.SZ,20250321,14.55,14.62,14.21,14.34,240613.37,345764.339
002412.SZ,20250321,6.46,6.51,6.29,6.31,225866.15,144090.541
002413.SZ,20250321,4.99,5.1,4.94,4.95,454374.46,228288.556
002414.SZ,20250321,8.36,8.44,8.18,8.24,343955.62,284802.175
002415.SZ,20250321,31.85,31.94,31.26,31.33,355062.59,1118983.883
002416.SZ,20250321,13.25,13.27,12.85,12.86,304453.31,397316.919
002418.SZ,20250321,3.57,3.59,3.48,3.51,655344.0,230819.261
002419.SZ,20250321,5.13,5.14,5.02,5.04,146990.0,74611.395
002420.SZ,20250321,6.71,6.79,6.45,6.45,428484.03,282234.214
002421.SZ,20250321,4.03,4.05,3.87,3.93,891165.2,353671.878
002422.SZ,20250321,31.25,31.65,30.8,31.58,154552.94,482345.687
002423.SZ,20250321,12.77,12.89,12.62,12.71,237910.27,303353.272
002424.SZ,20250321,4.3,4.46,4.22,4.25,756636.82,328762.784
002425.SZ,20250321,2.29,2.31,2.24,2.26,205792.98,46810.024
002426.SZ,20250321,3.71,3.85,3.55,3.7,3832857.29,1415625.21
002427.SZ,20250321,4.15,4.33,4.15,4.33,153679.65,66266.309
002428.SZ,20250321,21.47,22.03,21.3,21.48,233739.0,504753.692
002429.SZ,20250321,5.54,5.57,5.42,5.44,627378.0,344447.804
002430.SZ,20250321,20.91,21.48,20.88,21.04,101975.01,215702.774
002431.SZ,20250321,2.12,2.15,2.08,2.1,199898.98,42322.008
002432.SZ,20250321,41.85,42.09,41.31,41.44,48096.8,200278.973
002434.SZ,20250321,9.1,9.16,8.68,8.73,688570.02,611652.118
002436.SZ,20250321,13.1,13.36,12.95,13.04,718661.3,942956.789
002437.SZ,20250321,2.53,2.57,2.49,2.51,565484.0,142921.936
002438.SZ,20250321,12.35,12.64,12.28,12.35,213397.54,265875.335
002439.SZ,20250321,17.68,17.92,17.51,17.59,309156.53,546286.076
002440.SZ,20250321,7.2,7.29,7.09,7.13,107313.03,76960.977
002441.SZ,20250321,9.63,9.65,9.28,9.39,212401.0,200751.869
002442.SZ,20250321,6.61,6.77,6.46,6.55,470556.63,310594.029
002443.SZ,20250321,6.15,6.25,6.15,6.22,100560.0,62463.571
002444.SZ,20250321,28.68,29.36,28.66,29.19,221898.5,645123.362
002445.SZ,20250321,2.52,2.6,2.48,2.52,852937.05,216467.143
002446.SZ,20250321,6.73,6.91,6.67,6.71,333579.7,225411.897
002448.SZ,20250321,10.17,11.0,9.99,10.04,1399428.15,1456581.213
002449.SZ,20250321,10.35,10.36,10.08,10.1,283221.51,288804.45
002451.SZ,20250321,6.95,7.14,6.9,6.98,187245.0,131174.891
002452.SZ,20250321,7.89,7.97,7.8,7.86,155019.0,122277.717
002453.SZ,20250321,5.58,5.64,5.4,5.4,110037.94,60331.575
002454.SZ,20250321,7.62,7.69,7.38,7.41,166622.0,124667.006
002455.SZ,20250321,8.05,8.16,7.98,8.01,164977.0,133109.886
002456.SZ,20250321,13.71,13.74,13.08,13.11,2578824.86,3438507.304
002457.SZ,20250321,12.21,12.27,12.02,12.06,97837.0,118734.796
002458.SZ,20250321,9.08,9.26,9.02,9.07,137799.59,125626.29
002459.SZ,20250321,12.65,13.02,12.57,12.82,630569.71,809412.608
002460.SZ,20250321,35.73,35.91,34.65,34.75,244751.09,859942.216
002461.SZ,20250321,10.21,10.34,10.09,10.21,70044.0,71622.252
002462.SZ,20250321,13.0,13.09,12.78,12.85,31734.38,40982.979
002463.SZ,20250321,34.36,34.92,34.0,34.12,396491.45,1362543.483
002465.SZ,20250321,12.07,12.21,11.77,11.92,466325.43,556962.763
002466.SZ,20250321,32.06,32.23,31.4,31.47,176544.2,560327.522
002467.SZ,20250321,6.19,6.22,6.07,6.08,479122.14,293442.054
002468.SZ,20250321,12.25,12.7,12.25,12.33,193811.38,241838.917
002469.SZ,20250321,7.93,8.11,7.93,8.04,275587.5,221943.241
002470.SZ,20250321,1.87,1.89,1.84,1.85,652983.26,121580.05
002471.SZ,20250321,2.8,2.89,2.79,2.84,542986.02,155189.633
002472.SZ,20250321,38.23,38.29,36.5,36.61,265412.97,984272.785
002474.SZ,20250321,7.31,7.34,7.07,7.08,275904.68,198077.539
002475.SZ,20250321,40.65,41.19,39.6,39.86,644421.57,2592809.767
002476.SZ,20250321,4.69,4.75,4.6,4.64,221941.02,103910.769
002478.SZ,20250321,5.39,5.63,5.38,5.57,475708.41,263519.731
002479.SZ,20250321,5.18,5.23,5.1,5.13,215962.5,111390.001
002480.SZ,20250321,5.68,5.7,5.4,5.43,215072.04,118354.154
002481.SZ,20250321,5.16,5.19,5.07,5.09,180172.0,92259.527
002482.SZ,20250321,1.92,1.95,1.91,1.92,371482.17,71825.743
002483.SZ,20250321,7.4,7.98,7.35,7.81,1224417.88,966368.896
002484.SZ,20250321,21.73,22.14,21.4,21.61,237790.0,515753.939
002485.SZ,20250321,2.77,2.79,2.75,2.77,23529.1,6513.033
002486.SZ,20250321,2.18,2.21,2.15,2.16,286390.0,62114.95
002487.SZ,20250321,23.32,24.2,23.32,23.56,205973.88,492217.337
002488.SZ,20250321,15.03,15.25,14.6,14.77,304207.97,452463.878
002489.SZ,20250321,3.55,3.57,3.48,3.5,346723.49,122082.278
002490.SZ,20250321,3.67,3.76,3.63,3.72,137319.87,50744.758
002491.SZ,20250321,5.01,5.12,4.98,5.02,216463.75,109370.604
002492.SZ,20250321,5.25,5.29,5.19,5.24,59051.5,30947.133
002493.SZ,20250321,8.68,8.75,8.56,8.57,247375.02,213652.782
002494.SZ,20250321,4.65,4.66,4.55,4.58,87882.0,40353.3
002495.SZ,20250321,2.45,2.49,2.43,2.46,340353.8,83648.962
002496.SZ,20250321,1.53,1.55,1.51,1.51,344773.4,52528.995
002497.SZ,20250321,12.91,13.14,12.67,12.7,199520.65,257280.134
002498.SZ,20250321,3.63,3.99,3.63,3.88,2098616.6,819625.241
002500.SZ,20250321,6.12,6.16,6.01,6.04,259810.43,158053.83
002501.SZ,20250321,2.35,2.39,2.3,2.33,1487634.52,349043.111
002506.SZ,20250321,2.55,2.59,2.52,2.54,943413.16,241493.792
002507.SZ,20250321,13.75,13.86,13.61,13.75,146580.32,201570.031
002508.SZ,20250321,23.6,23.84,23.15,23.33,82761.53,193687.28
002510.SZ,20250321,6.06,6.1,5.87,5.89,515119.01,306398.421
002511.SZ,20250321,6.58,6.65,6.56,6.58,80753.38,53336.142
002512.SZ,20250321,5.66,5.95,5.55,5.71,1408025.7,810709.664
002513.SZ,20250321,4.73,4.78,4.66,4.68,111930.71,52721.456
002514.SZ,20250321,7.5,7.5,7.35,7.36,196188.0,145019.248
002515.SZ,20250321,5.18,5.21,5.1,5.16,180879.97,93307.129
002516.SZ,20250321,5.53,5.55,5.4,5.45,232842.68,127095.808
002517.SZ,20250321,16.38,16.65,15.98,16.1,412205.44,668812.306
002518.SZ,20250321,28.36,28.58,26.81,27.17,217499.28,600421.585
002519.SZ,20250321,5.4,5.6,5.34,5.43,1047873.14,574468.782
002520.SZ,20250321,8.24,8.26,7.84,7.94,940811.01,754657.23
002521.SZ,20250321,9.24,9.4,9.14,9.19,41068.0,37918.031
002522.SZ,20250321,5.09,5.13,4.96,4.97,442520.0,222143.892
002523.SZ,20250321,4.0,4.39,3.99,4.23,1836964.42,765045.915
002524.SZ,20250321,4.3,4.33,4.21,4.24,116506.0,49551.603
002526.SZ,20250321,4.59,4.59,4.43,4.44,1547919.25,693802.06
002527.SZ,20250321,15.0,15.0,14.24,14.33,451477.51,654014.282
002528.SZ,20250321,2.58,2.73,2.56,2.63,276229.05,72671.862
002529.SZ,20250321,9.32,9.69,9.07,9.41,401737.62,376225.702
002530.SZ,20250321,11.06,11.17,10.62,10.62,477834.0,516055.739
002531.SZ,20250321,7.65,8.05,7.65,7.86,613655.52,484760.922
002532.SZ,20250321,9.09,9.17,8.93,8.99,386406.78,349471.077
002533.SZ,20250321,11.42,11.6,11.12,11.22,372860.19,421857.871
002534.SZ,20250321,13.34,13.57,13.21,13.35,79596.1,106595.028
002535.SZ,20250321,4.72,4.85,4.63,4.65,1012736.68,478997.836
002536.SZ,20250321,16.68,16.71,15.95,15.98,322088.71,520131.757
002537.SZ,20250321,6.08,6.13,5.97,6.01,189073.0,114215.932
002538.SZ,20250321,6.14,6.2,6.06,6.09,136006.0,83202.363
002539.SZ,20250321,7.94,8.01,7.86,7.88,87617.28,69444.401
002540.SZ,20250321,6.31,6.44,6.24,6.4,249184.12,157916.641
002541.SZ,20250321,19.02,19.11,18.41,18.52,45600.0,85270.374
002542.SZ,20250321,3.76,3.77,3.65,3.68,396436.26,146652.293
002543.SZ,20250321,11.5,11.72,11.42,11.49,56775.96,65536.8
002544.SZ,20250321,24.42,24.48,23.53,24.14,375303.62,900422.485
002545.SZ,20250321,7.6,7.69,7.49,7.52,151036.7,114398.52
002546.SZ,20250321,5.22,5.3,5.17,5.2,186982.31,97566.829
002547.SZ,20250321,5.43,5.66,5.26,5.37,2603841.34,1429656.323
002548.SZ,20250321,3.89,3.92,3.85,3.87,150826.7,58544.843
002549.SZ,20250321,6.28,6.43,6.26,6.27,83978.54,53195.566
002550.SZ,20250321,5.73,5.78,5.66,5.7,164667.67,94258.676
002551.SZ,20250321,3.46,3.49,3.41,3.42,119043.65,41003.462
002552.SZ,20250321,15.3,15.63,15.15,15.24,67064.0,102893.395
002553.SZ,20250321,23.32,25.65,22.78,25.65,1186067.26,2930579.85
002554.SZ,20250321,2.76,2.96,2.76,2.96,1084062.5,317566.461
002555.SZ,20250321,15.64,15.77,15.33,15.39,365326.22,566629.158
002556.SZ,20250321,5.46,5.5,5.39,5.42,118037.0,64260.156
002557.SZ,20250321,26.44,26.58,26.1,26.25,57210.2,150609.195
002558.SZ,20250321,15.13,15.46,14.87,14.91,247304.0,373393.28
002559.SZ,20250321,12.99,13.12,12.01,12.1,1561912.06,1947481.279
002560.SZ,20250321,6.9,7.1,6.89,7.03,309920.03,216622.62
002561.SZ,20250321,8.36,8.38,8.24,8.28,66217.01,55022.724
002562.SZ,20250321,4.37,4.41,4.32,4.35,193725.4,84596.247
002563.SZ,20250321,6.68,6.77,6.55,6.61,96492.69,64138.377
002564.SZ,20250321,4.01,4.18,4.0,4.1,209405.01,85852.398
002565.SZ,20250321,3.22,3.26,3.2,3.24,196433.5,63402.291
002566.SZ,20250321,7.35,7.47,7.15,7.18,78063.5,56647.094
002567.SZ,20250321,4.98,5.03,4.94,4.96,341998.21,170650.574
002568.SZ,20250321,27.87,28.2,26.97,27.38,88961.38,243962.697
002569.SZ,20250321,7.42,7.63,7.24,7.51,21378.59,15890.738
002570.SZ,20250321,5.24,5.33,4.89,4.94,2905974.11,1470062.526
002571.SZ,20250321,6.49,6.73,6.24,6.48,208590.0,133773.584
002572.SZ,20250321,17.33,17.51,16.98,17.09,103114.64,176951.834
002573.SZ,20250321,3.95,4.01,3.93,3.96,116141.0,46144.944
002574.SZ,20250321,7.15,7.2,6.74,6.74,781281.16,538983.92
002575.SZ,20250321,10.14,10.25,9.83,10.06,446204.0,448162.408
002576.SZ,20250321,17.51,17.51,16.75,16.87,130787.9,222678.668
002577.SZ,20250321,24.62,24.82,23.43,23.43,137075.06,327532.846
002578.SZ,20250321,3.36,3.4,3.3,3.34,154667.06,51765.7
002579.SZ,20250321,8.84,8.94,8.53,8.56,250360.13,217597.726
002580.SZ,20250321,16.2,16.43,15.26,15.56,872734.83,1370265.523
002581.SZ,20250321,9.8,9.89,9.67,9.71,48958.0,47704.776
002582.SZ,20250321,10.01,10.02,9.61,9.74,377445.2,369406.386
002583.SZ,20250321,12.57,12.65,12.25,12.29,495715.11,613847.459
002584.SZ,20250321,7.76,7.82,7.62,7.66,171499.13,132044.459
002585.SZ,20250321,5.35,5.39,5.23,5.25,165265.59,87595.379
002586.SZ,20250321,3.15,3.15,2.85,2.85,522229.94,154733.72
002587.SZ,20250321,6.41,6.43,6.17,6.21,235158.75,147336.963
002588.SZ,20250321,7.37,7.46,7.27,7.3,145749.53,107254.412
002589.SZ,20250321,3.06,3.12,3.04,3.05,485584.0,149271.773
002590.SZ,20250321,14.32,14.32,13.78,13.83,245543.59,342913.896
002591.SZ,20250321,5.51,6.0,5.39,5.71,378126.0,214360.395
002592.SZ,20250321,5.34,5.36,5.25,5.27,31301.0,16560.846
002593.SZ,20250321,5.62,5.63,5.43,5.45,374923.5,205961.291
002594.SZ,20250321,393.01,393.31,370.0,372.0,282106.76,10685254.371
002595.SZ,20250321,56.0,58.23,55.85,57.34,55047.41,317057.973
002596.SZ,20250321,4.06,4.09,3.9,3.91,696525.0,276562.262
002597.SZ,20250321,24.93,25.18,24.65,24.85,60931.85,151541.826
002598.SZ,20250321,10.99,11.09,10.82,10.83,92576.0,101039.164
002599.SZ,20250321,11.19,11.2,10.7,10.79,359280.65,390023.117
002600.SZ,20250321,9.5,9.55,9.1,9.13,1706057.36,1582559.141
002601.SZ,20250321,18.24,18.36,17.91,18.18,190950.63,346106.459
002602.SZ,20250321,6.98,7.03,6.68,6.69,1620256.96,1099143.866
002603.SZ,20250321,14.92,14.98,14.59,14.7,342829.35,505093.979
002605.SZ,20250321,28.33,28.92,27.79,27.89,82385.83,232628.241
002606.SZ,20250321,9.66,9.86,9.55,9.59,150589.55,146037.969
002607.SZ,20250321,3.41,3.45,3.37,3.38,1683082.22,571815.181
002608.SZ,20250321,7.57,7.69,7.54,7.6,151181.0,115152.074
002609.SZ,20250321,9.35,9.72,9.24,9.7,281162.45,270058.198
002611.SZ,20250321,13.77,14.34,13.27,13.45,2029317.4,2819493.021
002612.SZ,20250321,15.96,16.05,15.67,15.72,69205.0,109606.704
002613.SZ,20250321,4.45,4.52,4.43,4.48,217135.5,97285.166
002614.SZ,20250321,7.25,7.31,7.09,7.09,149137.0,106933.501
002615.SZ,20250321,8.2,8.24,8.05,8.09,77792.0,63331.066
002616.SZ,20250321,6.03,6.15,5.99,6.03,141857.0,85956.629
002617.SZ,20250321,8.41,8.5,8.24,8.27,670006.55,559782.443
002620.SZ,20250321,4.03,4.1,3.87,3.9,307842.5,121157.103
002622.SZ,20250321,3.08,3.12,2.99,3.0,236910.0,71875.151
002623.SZ,20250321,15.63,15.7,15.4,15.5,20109.0,31259.905
002624.SZ,20250321,11.26,11.4,10.94,10.99,272719.42,302866.325
002625.SZ,20250321,40.93,41.2,40.65,40.75,191782.07,783462.968
002626.SZ,20250321,15.01,15.15,14.85,14.9,59006.14,88406.395
002627.SZ,20250321,5.19,5.26,5.18,5.23,139840.0,72970.906
002628.SZ,20250321,4.5,4.61,4.47,4.53,520202.0,235997.098
002629.SZ,20250321,5.41,5.54,5.35,5.4,300609.05,163582.321
002630.SZ,20250321,4.83,4.84,4.61,4.63,631851.8,297298.495
002631.SZ,20250321,4.66,4.68,4.52,4.57,191855.53,88086.095
002632.SZ,20250321,9.66,9.67,9.33,9.36,190775.0,181269.683
002633.SZ,20250321,14.24,15.7,13.83,15.7,232703.3,355702.36
002634.SZ,20250321,4.13,4.19,3.96,4.0,139952.0,56381.511
002635.SZ,20250321,16.8,17.17,16.62,16.63,187212.0,315396.308
002636.SZ,20250321,9.49,9.59,9.06,9.09,158575.0,146926.723
002637.SZ,20250321,9.42,9.49,9.27,9.33,36480.25,34127.225
002638.SZ,20250321,2.42,2.45,2.37,2.43,442745.52,107009.806
002639.SZ,20250321,7.76,8.15,7.74,7.9,1071222.6,847686.421
002640.SZ,20250321,4.14,4.14,4.0,4.01,811482.0,328391.946
002641.SZ,20250321,4.66,4.81,4.65,4.74,188336.1,89557.114
002642.SZ,20250321,9.83,9.86,9.31,9.34,1487184.02,1418264.381
002643.SZ,20250321,11.45,11.49,11.24,11.27,137128.0,155618.828
002644.SZ,20250321,8.12,8.21,7.88,7.92,99759.0,80086.347
002645.SZ,20250321,8.86,8.9,8.13,8.2,531927.57,445843.206
002646.SZ,20250321,9.67,9.68,9.47,9.48,68160.69,65300.408
002647.SZ,20250321,6.0,6.26,5.98,6.26,297788.25,183786.801
002648.SZ,20250321,21.25,21.57,20.95,21.05,189358.15,400362.817
002649.SZ,20250321,14.18,14.25,13.82,13.88,186394.0,260856.957
002650.SZ,20250321,4.96,5.08,4.93,5.02,56253.5,28187.016
002651.SZ,20250321,7.29,7.38,7.18,7.22,153528.5,111482.52
002652.SZ,20250321,3.05,3.08,2.99,3.01,147364.0,44661.658
002653.SZ,20250321,36.8,36.98,36.02,36.65,29526.5,107906.676
002654.SZ,20250321,13.62,13.69,13.21,13.23,409967.6,548374.816
002655.SZ,20250321,14.85,16.47,14.45,15.15,1402904.29,2163931.602
002656.SZ,20250321,2.15,2.18,2.13,2.16,81880.6,17676.756
002657.SZ,20250321,22.09,22.6,21.53,21.81,300296.0,658167.4
002658.SZ,20250321,6.94,7.01,6.87,6.91,80457.0,55822.743
002659.SZ,20250321,4.73,4.73,4.61,4.63,102599.0,47877.505
002660.SZ,20250321,11.03,11.05,10.4,10.57,217969.9,232584.825
002661.SZ,20250321,10.16,10.28,10.01,10.07,49607.0,50244.527
002662.SZ,20250321,4.26,4.3,4.2,4.21,356997.39,151146.563
002663.SZ,20250321,1.85,1.87,1.82,1.84,255795.91,47170.456
002664.SZ,20250321,20.39,20.42,18.54,18.54,346687.0,661707.656
002666.SZ,20250321,4.94,5.03,4.9,4.94,232721.9,115448.218
002667.SZ,20250321,10.23,10.34,10.04,10.1,71602.0,72656.086
002668.SZ,20250321,11.64,11.7,11.36,11.41,162358.06,186597.521
002669.SZ,20250321,9.86,9.89,9.68,9.74,65329.01,63763.419
002670.SZ,20250321,13.95,14.65,13.95,14.17,914306.21,1308718.066
002671.SZ,20250321,4.62,4.68,4.58,4.6,98642.0,45599.147
002672.SZ,20250321,4.36,4.39,4.3,4.33,53764.35,23323.669
002673.SZ,20250321,8.13,8.17,7.98,7.99,505048.99,407166.355
002674.SZ,20250321,10.09,10.19,9.92,9.95,29835.0,29883.602
002675.SZ,20250321,13.31,13.5,13.1,13.16,56133.99,74470.918
002676.SZ,20250321,6.32,6.35,6.23,6.28,140634.0,88371.708
002677.SZ,20250321,7.72,7.78,7.6,7.65,55117.0,42335.375
002678.SZ,20250321,4.78,4.83,4.71,4.74,53167.9,25272.487
002679.SZ,20250321,8.9,8.96,8.81,8.85,38431.02,34051.463
002681.SZ,20250321,8.65,8.65,8.25,8.3,1489566.78,1258753.703
002682.SZ,20250321,4.82,5.03,4.78,4.93,579334.62,285736.352
002683.SZ,20250321,29.9,30.23,29.27,29.42,62112.0,183808.029
002685.SZ,20250321,6.84,6.99,6.7,6.72,405331.04,276213.316
002686.SZ,20250321,6.68,7.05,6.59,6.76,374226.41,253769.565
002687.SZ,20250321,4.62,4.67,4.58,4.6,63848.65,29485.007
002688.SZ,20250321,4.69,4.71,4.62,4.64,85391.53,39827.827
002689.SZ,20250321,4.44,4.44,4.21,4.21,434170.75,185288.844
002690.SZ,20250321,15.88,15.97,15.65,15.71,53372.95,84233.541
002691.SZ,20250321,9.6,9.66,9.3,9.35,126479.7,119220.587
002692.SZ,20250321,5.59,5.72,5.36,5.39,453695.72,248677.784
002693.SZ,20250321,10.35,10.35,9.98,10.02,238050.27,240651.71
002694.SZ,20250321,4.77,5.0,4.71,4.83,132558.6,64331.974
002695.SZ,20250321,10.48,11.15,10.36,10.93,208789.2,225582.197
002696.SZ,20250321,5.67,6.05,5.65,5.96,512689.92,300092.868
002697.SZ,20250321,5.62,5.72,5.57,5.67,475979.87,268949.153
002698.SZ,20250321,20.12,20.19,19.28,19.36,362571.65,709704.397
002701.SZ,20250321,4.97,5.14,4.95,5.02,381881.07,192567.956
002702.SZ,20250321,4.22,4.28,4.18,4.2,157995.5,66813.722
002703.SZ,20250321,14.16,14.18,13.42,13.46,448021.33,616095.84
002705.SZ,20250321,16.29,16.61,16.27,16.34,70044.69,114858.059
002706.SZ,20250321,9.15,9.57,9.15,9.42,532932.72,500369.357
002707.SZ,20250321,8.38,8.54,8.31,8.42,449696.0,378589.148
002708.SZ,20250321,13.64,14.45,13.25,13.35,971746.98,1331437.205
002709.SZ,20250321,19.66,19.77,19.17,19.27,235692.69,457251.782
002712.SZ,20250321,5.86,5.87,5.73,5.75,109848.0,63580.02
002713.SZ,20250321,7.05,7.05,7.05,7.05,49340.2,34784.841
002714.SZ,20250321,38.26,39.25,37.72,38.58,542621.98,2082103.681
002715.SZ,20250321,16.95,17.24,16.35,17.24,97769.54,164379.509
002716.SZ,20250321,3.83,3.87,3.75,3.78,689577.46,262415.517
002717.SZ,20250321,3.48,3.49,3.37,3.42,1090460.81,371003.125
002718.SZ,20250321,14.15,14.15,13.68,13.81,16014.0,22162.098
002719.SZ,20250321,8.34,8.36,8.13,8.18,130861.64,107444.077
002721.SZ,20250321,2.71,2.73,2.64,2.66,362666.0,97225.131
002722.SZ,20250321,16.03,16.3,15.92,15.94,63297.0,101598.901
002723.SZ,20250321,8.25,8.3,8.13,8.18,76544.4,62754.275
002724.SZ,20250321,8.69,8.82,8.02,8.48,1161113.35,995693.957
002725.SZ,20250321,12.81,12.86,12.47,12.48,109705.76,138273.141
002726.SZ,20250321,6.5,6.53,6.41,6.47,99900.26,64616.767
002727.SZ,20250321,13.33,13.46,12.95,12.96,96684.94,126841.752
002728.SZ,20250321,8.5,8.6,8.27,8.28,242311.8,203768.363
002729.SZ,20250321,14.4,14.47,14.02,14.05,54046.74,76689.506
002730.SZ,20250321,19.15,19.3,18.51,18.53,197600.39,371414.425
002731.SZ,20250321,10.51,10.6,10.05,10.06,181489.2,185854.664
002732.SZ,20250321,16.91,17.15,16.51,16.53,67632.49,113682.989
002733.SZ,20250321,20.7,20.79,19.54,19.68,570232.0,1140485.926
002734.SZ,20250321,9.93,10.07,9.8,9.83,97266.7,96231.235
002735.SZ,20250321,9.72,9.76,9.5,9.54,96584.6,92838.857
002736.SZ,20250321,10.56,10.64,10.41,10.42,157451.92,165271.864
002737.SZ,20250321,18.61,18.68,18.2,18.29,82389.68,151714.758
002738.SZ,20250321,34.5,34.66,33.63,33.71,111624.13,380286.534
002739.SZ,20250321,11.81,11.9,11.68,11.72,255728.27,300891.218
002741.SZ,20250321,17.6,17.66,16.95,17.1,156747.0,270275.345
002742.SZ,20250321,3.73,3.76,3.67,3.72,57921.0,21452.108
002743.SZ,20250321,6.04,6.1,5.98,6.04,99224.85,59993.934
002745.SZ,20250321,9.56,9.62,9.15,9.2,401659.13,373675.571
002746.SZ,20250321,5.9,5.95,5.84,5.87,119626.25,70535.391
002747.SZ,20250321,24.25,24.33,23.11,23.16,472339.53,1106477.818
002748.SZ,20250321,7.95,8.03,7.83,7.92,20005.0,15845.203
002749.SZ,20250321,14.11,14.33,13.97,14.0,19990.45,28199.062
002750.SZ,20250321,1.61,1.67,1.57,1.67,228325.38,37801.583
002752.SZ,20250321,6.03,6.07,5.92,5.96,162100.0,96958.363
002753.SZ,20250321,6.71,6.75,6.63,6.68,47933.0,32048.238
002755.SZ,20250321,18.2,18.34,16.7,17.02,117614.04,202893.549
002756.SZ,20250321,35.0,35.32,34.68,34.77,58568.87,204734.262
002757.SZ,20250321,21.88,22.18,20.58,20.61,304743.69,645452.611
002758.SZ,20250321,8.95,9.03,8.85,8.85,31709.0,28241.491
002759.SZ,20250321,8.6,8.61,8.29,8.3,143158.92,120877.164
002760.SZ,20250321,20.78,20.78,20.0,20.1,85141.12,172791.999
002761.SZ,20250321,8.92,9.04,8.83,8.88,120438.73,107506.251
002762.SZ,20250321,6.63,6.7,6.27,6.27,372997.25,239942.081
002763.SZ,20250321,6.95,7.0,6.86,6.9,31027.0,21488.713
002765.SZ,20250321,15.98,17.12,15.81,16.07,1659055.26,2730151.34
002766.SZ,20250321,6.81,6.85,6.48,6.49,514696.66,341237.523
002767.SZ,20250321,16.47,18.21,16.37,18.21,221888.23,378333.897
002768.SZ,20250321,26.25,26.45,25.25,25.38,61922.86,159268.458
002769.SZ,20250321,7.6,7.74,7.55,7.7,79178.97,60635.415
002771.SZ,20250321,18.29,19.49,18.0,18.64,169606.8,315592.646
002772.SZ,20250321,7.55,7.63,7.47,7.59,112288.0,84684.276
002773.SZ,20250321,22.6,22.83,21.94,22.15,76983.4,170877.422
002774.SZ,20250321,8.4,8.4,8.16,8.23,38468.5,31722.655
002775.SZ,20250321,3.7,3.7,3.6,3.64,61140.0,22238.446
002777.SZ,20250321,19.51,19.67,19.01,19.13,102098.9,196836.864
002778.SZ,20250321,18.9,18.9,18.28,18.53,25608.78,47465.392
002779.SZ,20250321,113.54,113.54,105.71,106.94,53102.83,575069.83
002780.SZ,20250321,11.64,11.65,11.34,11.44,46101.5,52763.942
002782.SZ,20250321,14.22,14.25,13.79,13.85,135546.47,189579.663
002783.SZ,20250321,8.22,8.26,8.15,8.2,103507.0,84894.89
002785.SZ,20250321,29.89,30.59,29.35,29.5,48258.0,144489.059
002786.SZ,20250321,10.65,10.75,10.12,10.18,312416.0,322307.228
002787.SZ,20250321,9.3,9.67,9.23,9.59,185372.22,176248.512
002788.SZ,20250321,8.49,8.56,8.37,8.41,46726.38,39494.886
002789.SZ,20250321,8.79,10.4,8.79,10.4,326839.78,317277.985
002790.SZ,20250321,8.11,8.21,8.09,8.17,40666.64,33142.497
002791.SZ,20250321,23.03,23.66,22.78,23.55,100882.57,234838.87
002792.SZ,20250321,15.42,16.24,15.23,15.74,333336.01,527084.073
002793.SZ,20250321,4.0,4.16,3.93,3.93,215181.5,86448.97
002795.SZ,20250321,5.88,5.91,5.66,5.71,131638.16,75469.976
002796.SZ,20250321,12.99,13.07,12.75,12.81,81001.0,104487.903
002797.SZ,20250321,7.85,7.88,7.7,7.72,903494.21,702983.661
002798.SZ,20250321,4.08,4.1,3.98,4.02,85454.81,34445.854
002799.SZ,20250321,7.81,7.88,7.72,7.75,40872.16,31838.505
002800.SZ,20250321,11.25,11.36,10.98,11.14,34739.28,38644.304
002801.SZ,20250321,39.66,41.3,37.2,37.5,149051.14,580845.388
002802.SZ,20250321,14.31,14.65,14.1,14.55,32984.55,47448.737
002803.SZ,20250321,13.08,13.12,12.86,12.88,50383.89,65205.162
002805.SZ,20250321,12.59,12.92,12.45,12.8,87472.0,111182.203
002806.SZ,20250321,12.83,12.98,12.6,12.7,69728.4,88896.769
002807.SZ,20250321,4.22,4.27,4.19,4.21,275401.0,116579.953
002808.SZ,20250321,3.29,3.33,3.19,3.21,58588.0,19028.669
002809.SZ,20250321,8.85,9.42,8.82,8.99,147436.38,134636.142
002810.SZ,20250321,13.0,13.13,12.84,12.86,33366.0,43264.348
002811.SZ,20250321,10.45,10.51,10.01,10.09,84935.91,86680.717
002812.SZ,20250321,33.36,33.8,32.09,32.2,160126.57,523573.283
002813.SZ,20250321,24.49,24.5,23.7,23.79,21441.5,51608.927
002815.SZ,20250321,11.89,11.96,11.56,11.6,213431.65,250410.59
002816.SZ,20250321,13.75,14.0,13.41,13.68,35056.0,47977.508
002817.SZ,20250321,6.77,6.91,6.68,6.76,53396.86,36130.5
002818.SZ,20250321,13.63,13.76,13.49,13.55,19891.42,27045.331
002819.SZ,20250321,27.05,27.23,26.38,26.71,61715.68,165011.057
002820.SZ,20250321,11.6,11.65,11.4,11.41,81627.0,93771.885
002821.SZ,20250321,80.0,80.48,77.5,77.8,26556.93,208617.016
002822.SZ,20250321,3.52,3.6,3.47,3.58,80446.56,28459.181
002823.SZ,20250321,16.78,17.08,16.35,16.47,194401.79,323766.175
002824.SZ,20250321,19.52,19.74,18.05,18.05,203189.4,374589.816
002825.SZ,20250321,9.15,9.18,8.98,9.02,61685.1,55858.407
002826.SZ,20250321,11.1,11.38,10.87,10.99,59159.0,65371.347
002827.SZ,20250321,26.15,26.39,25.0,25.35,59528.0,153583.916
002828.SZ,20250321,9.35,9.68,9.31,9.4,169963.0,161009.857
002829.SZ,20250321,21.29,22.73,21.25,22.73,239149.33,533892.241
002830.SZ,20250321,13.76,13.81,13.43,13.62,17851.0,24263.755
002831.SZ,20250321,25.59,25.86,25.28,25.5,20196.01,51596.596
002832.SZ,20250321,18.72,18.89,18.54,18.67,55425.22,103684.477
002833.SZ,20250321,19.45,19.45,18.77,18.95,83144.8,158364.694
002835.SZ,20250321,21.06,21.18,20.4,20.46,58150.0,120486.793
002836.SZ,20250321,8.5,8.54,8.31,8.39,32721.68,27511.294
002837.SZ,20250321,44.64,44.89,43.56,44.15,174677.69,770935.924
002838.SZ,20250321,16.19,16.72,15.6,15.88,272950.23,439266.536
002839.SZ,20250321,4.24,4.28,4.22,4.23,257616.09,109464.073
002840.SZ,20250321,11.13,11.26,11.02,11.06,106651.36,118623.683
002841.SZ,20250321,40.5,40.92,39.57,39.8,42490.86,170039.124
002842.SZ,20250321,7.33,7.35,7.07,7.11,182984.79,131395.614
002843.SZ,20250321,25.25,25.38,23.5,23.54,169239.9,411119.053
002845.SZ,20250321,16.2,16.21,15.78,15.82,98807.6,157549.736
002846.SZ,20250321,10.15,10.19,9.8,9.88,136004.41,135257.775
002847.SZ,20250321,57.16,58.38,57.01,57.77,17002.66,98414.112
002848.SZ,20250321,6.89,6.94,6.68,6.7,77932.97,52802.647
002849.SZ,20250321,17.04,17.04,16.32,16.4,47378.8,78759.881
002850.SZ,20250321,126.5,130.0,122.22,122.79,33289.68,416645.27
002851.SZ,20250321,61.25,61.79,59.41,59.93,223113.21,1347906.599
002852.SZ,20250321,9.06,9.14,8.92,8.94,75602.45,68184.773
002853.SZ,20250321,15.5,15.76,15.3,15.57,24537.0,38219.694
002855.SZ,20250321,19.9,19.94,19.38,19.4,45290.78,88737.187
002856.SZ,20250321,9.45,9.45,9.11,9.24,49298.0,45631.643
002857.SZ,20250321,15.0,15.98,14.69,15.79,96824.0,150056.929
002858.SZ,20250321,12.26,12.4,12.0,12.15,68349.0,82909.602
002859.SZ,20250321,21.22,21.3,20.75,21.05,53440.3,111979.746
002860.SZ,20250321,10.13,10.25,9.96,9.99,124505.48,125056.58
002861.SZ,20250321,14.63,14.79,14.15,14.16,136546.25,196402.647
002862.SZ,20250321,29.5,29.64,27.97,28.0,84580.45,241475.374
002863.SZ,20250321,5.85,5.98,5.43,5.49,1302293.06,742170.648
002864.SZ,20250321,30.5,31.68,29.05,29.27,149544.5,452571.128
002865.SZ,20250321,56.3,57.08,56.0,56.71,41874.7,236741.636
002866.SZ,20250321,17.16,17.28,16.64,16.69,87977.1,148875.351
002867.SZ,20250321,13.7,13.78,13.37,13.69,93106.49,126762.242
002868.SZ,20250321,17.54,17.59,16.41,16.52,73063.5,122601.4
002869.SZ,20250321,27.96,28.15,27.01,27.2,45752.39,125764.968
002870.SZ,20250321,38.73,39.4,37.35,37.48,44079.0,167474.328
002871.SZ,20250321,10.5,10.5,10.16,10.38,38914.45,40156.843
002872.SZ,20250321,4.24,4.39,4.24,4.38,31891.0,13775.753
002873.SZ,20250321,10.32,10.45,9.9,9.92,106477.03,106832.98
002875.SZ,20250321,13.1,13.66,12.9,13.54,107801.1,143541.869
002876.SZ,20250321,27.04,27.11,26.25,26.29,37042.0,98609.438
002877.SZ,20250321,9.32,9.43,9.09,9.12,113266.6,104016.731
002878.SZ,20250321,15.92,16.09,15.7,15.74,71795.94,113744.518
002879.SZ,20250321,18.5,18.51,17.3,17.33,95341.91,169918.138
002880.SZ,20250321,27.3,27.45,26.92,27.06,9245.84,25149.403
002881.SZ,20250321,53.01,53.87,51.01,51.1,273203.68,1425422.149
002882.SZ,20250321,17.38,17.66,17.25,17.29,61134.58,106395.649
002883.SZ,20250321,11.47,11.53,11.2,11.21,58399.4,66147.621
002884.SZ,20250321,17.92,18.18,17.69,17.8,38049.63,68155.011
002885.SZ,20250321,15.12,15.82,14.66,15.54,344705.73,525297.025
002886.SZ,20250321,21.37,21.51,19.85,19.85,213365.96,435271.229
002887.SZ,20250321,7.65,7.7,7.52,7.62,44760.0,34046.794
002888.SZ,20250321,19.3,19.82,19.03,19.7,70619.6,137239.292
002889.SZ,20250321,21.5,21.63,21.06,21.07,39624.86,84379.241
002890.SZ,20250321,12.21,12.3,11.67,11.78,108877.22,129872.678
002891.SZ,20250321,42.0,42.86,40.4,41.03,64888.45,268428.38
002892.SZ,20250321,19.39,19.39,18.0,18.21,435227.53,802224.738
002893.SZ,20250321,10.96,11.17,10.77,10.83,79554.28,87398.043
002895.SZ,20250321,22.82,23.17,22.64,22.88,45867.0,105027.899
002896.SZ,20250321,99.15,106.03,95.0,100.47,211318.3,2107899.813
002897.SZ,20250321,46.9,46.9,44.08,44.23,120193.57,542704.556
002898.SZ,20250321,8.86,8.9,8.62,8.77,84832.9,74221.852
002899.SZ,20250321,26.38,26.38,24.86,25.03,68261.18,173253.327
002900.SZ,20250321,10.09,10.19,9.85,9.97,25089.0,25144.387
002901.SZ,20250321,32.92,33.39,32.4,32.7,15575.0,51002.935
002902.SZ,20250321,20.16,20.24,19.8,19.83,62038.0,123733.676
002903.SZ,20250321,25.89,26.98,23.78,24.59,618143.39,1595578.767
002905.SZ,20250321,8.14,8.18,8.01,8.03,210304.84,169786.201
002906.SZ,20250321,36.48,36.48,34.67,34.87,97412.09,343461.693
002907.SZ,20250321,14.39,14.39,14.39,14.39,90885.23,130783.846
002908.SZ,20250321,9.8,9.86,9.53,9.55,112905.8,109040.362
002909.SZ,20250321,5.8,5.87,5.73,5.79,73041.96,42251.865
002910.SZ,20250321,9.3,9.33,9.11,9.15,131233.61,120445.083
002911.SZ,20250321,11.14,11.22,11.07,11.12,28367.46,31614.185
002912.SZ,20250321,29.32,29.34,28.67,28.86,40135.4,116171.432
002913.SZ,20250321,28.33,28.5,27.55,27.57,36768.02,102661.823
002915.SZ,20250321,14.12,14.12,13.4,13.43,109550.2,149345.728
002916.SZ,20250321,132.22,133.48,129.81,131.05,78777.62,1033946.832
002917.SZ,20250321,14.7,14.7,14.17,14.22,195067.4,280231.962
002918.SZ,20250321,9.48,9.62,9.47,9.56,65377.35,62359.886
002919.SZ,20250321,17.55,17.86,17.26,17.37,63232.14,110840.939
002920.SZ,20250321,118.03,119.11,115.0,115.4,50067.52,583537.762
002921.SZ,20250321,16.2,17.0,15.71,15.8,200268.27,324490.471
002922.SZ,20250321,19.04,19.17,18.46,18.59,200208.5,376212.174
002923.SZ,20250321,11.71,12.55,11.71,12.55,230415.35,282923.284
002925.SZ,20250321,16.4,16.6,15.95,15.98,100229.64,162292.214
002926.SZ,20250321,8.68,8.76,8.5,8.56,228588.0,196970.227
002927.SZ,20250321,17.67,18.35,16.98,16.98,440544.62,764016.226
002928.SZ,20250321,7.55,7.68,7.45,7.46,100382.0,75774.614
002929.SZ,20250321,59.48,60.35,57.0,58.6,164636.67,972260.205
002930.SZ,20250321,10.38,10.62,10.34,10.39,76937.28,80629.327
002931.SZ,20250321,18.76,18.79,17.92,18.22,73194.74,133567.831
002932.SZ,20250321,19.24,19.39,18.96,19.02,19021.86,36379.253
002933.SZ,20250321,36.2,36.5,34.56,34.64,58125.0,204944.252
002935.SZ,20250321,16.23,16.63,16.12,16.3,75936.95,124601.569
002936.SZ,20250321,1.97,1.99,1.96,1.96,767479.56,151508.702
002937.SZ,20250321,21.8,21.93,20.74,20.76,88210.6,186556.394
002938.SZ,20250321,36.51,36.87,36.1,36.24,77247.84,281169.434
002939.SZ,20250321,8.39,8.44,8.25,8.28,366663.68,305498.592
002940.SZ,20250321,13.43,13.59,13.27,13.3,18021.12,24097.98
002941.SZ,20250321,11.26,11.46,11.18,11.21,68756.0,77620.1
002942.SZ,20250321,15.81,15.98,15.5,15.55,16753.6,26273.269
002943.SZ,20250321,22.3,22.54,21.69,21.94,62087.37,137173.132
002945.SZ,20250321,15.49,15.62,15.16,15.18,160283.8,246358.089
002946.SZ,20250321,14.49,14.95,14.42,14.57,87116.13,127700.685
002947.SZ,20250321,39.6,40.98,39.17,40.31,95964.29,383347.955
002948.SZ,20250321,4.25,4.29,4.21,4.24,248194.03,105505.076
002949.SZ,20250321,17.49,17.5,17.05,17.18,25479.21,43880.621
002950.SZ,20250321,9.19,9.24,9.04,9.05,52614.0,47990.31
002951.SZ,20250321,7.12,7.2,7.01,7.17,5578.0,3965.522
002952.SZ,20250321,21.72,22.04,21.45,21.53,32974.0,71461.446
002953.SZ,20250321,12.25,12.5,12.06,12.19,225551.94,276782.588
002955.SZ,20250321,26.7,27.2,26.5,26.63,41835.2,111992.739
002956.SZ,20250321,16.74,16.81,16.41,16.59,17354.4,28762.958
002957.SZ,20250321,17.84,17.98,17.33,17.47,130942.6,231373.833
002958.SZ,20250321,3.05,3.08,3.01,3.05,536897.63,163686.209
002959.SZ,20250321,44.13,44.79,43.43,43.74,19268.0,85034.625
002960.SZ,20250321,13.2,13.46,12.83,12.87,168489.9,220076.691
002961.SZ,20250321,15.42,15.62,15.04,15.15,67263.0,102814.377
002962.SZ,20250321,16.95,17.11,16.44,16.62,155723.92,262193.653
002963.SZ,20250321,12.02,12.09,11.86,11.95,27801.0,33223.047
002965.SZ,20250321,66.89,68.33,60.49,61.99,291846.0,1842535.083
002966.SZ,20250321,8.03,8.09,7.9,7.9,359853.65,286894.65
002967.SZ,20250321,19.28,19.58,18.99,19.08,49593.31,95437.236
002968.SZ,20250321,9.77,9.85,9.56,9.66,31100.2,30131.471
002969.SZ,20250321,3.45,3.48,3.39,3.43,133347.99,45839.948
002970.SZ,20250321,56.67,57.39,54.61,54.82,56926.0,317677.586
002971.SZ,20250321,19.25,19.25,18.78,18.92,23390.99,44394.981
002972.SZ,20250321,11.69,11.74,11.47,11.54,35100.0,40667.9
002973.SZ,20250321,12.87,12.94,12.61,12.73,34945.0,44581.589
002975.SZ,20250321,38.11,38.17,36.5,36.61,51969.27,193547.023
002976.SZ,20250321,23.57,23.57,22.8,22.92,20806.51,47961.765
002977.SZ,20250321,28.3,29.84,28.3,29.77,46442.27,135370.512
002978.SZ,20250321,31.1,31.57,30.83,30.96,22715.66,70841.105
002979.SZ,20250321,52.44,52.79,48.46,48.77,220489.25,1095559.315
002980.SZ,20250321,28.8,28.99,28.07,28.2,60305.02,172013.929
002981.SZ,20250321,24.48,24.51,23.64,23.7,30872.2,73740.29
002982.SZ,20250321,18.65,18.86,18.35,18.49,25373.8,46974.675
002983.SZ,20250321,19.88,20.26,18.48,18.52,91129.02,175026.57
002984.SZ,20250321,25.25,25.38,24.71,24.86,146736.42,367448.335
002985.SZ,20250321,24.31,24.83,24.18,24.3,34637.5,84694.708
002986.SZ,20250321,11.28,11.49,11.2,11.27,48022.32,54471.232
002987.SZ,20250321,19.8,19.85,18.9,19.0,237217.45,457062.306
002988.SZ,20250321,25.19,25.46,24.3,24.49,70780.28,175400.115
002989.SZ,20250321,28.86,29.15,27.3,27.43,57157.71,160347.541
002990.SZ,20250321,30.35,30.39,29.23,29.27,63312.16,188431.32
002991.SZ,20250321,69.61,70.11,69.04,69.35,6301.16,43766.11
002992.SZ,20250321,73.11,74.45,70.96,71.51,25511.72,184498.039
002993.SZ,20250321,45.0,45.01,42.81,42.85,66572.9,290076.397
002995.SZ,20250321,20.35,20.35,19.94,19.98,37602.35,75568.078
002996.SZ,20250321,7.08,7.15,6.92,7.01,269815.2,189864.701
002997.SZ,20250321,45.68,45.86,43.32,43.53,99761.31,440813.164
002998.SZ,20250321,6.79,6.93,6.73,6.76,59342.0,40374.861
002999.SZ,20250321,6.38,6.41,6.28,6.31,55413.0,35135.382
003000.SZ,20250321,12.11,12.27,12.01,12.13,97301.0,118119.962
003001.SZ,20250321,40.5,40.71,38.37,39.18,25794.56,101586.593
003002.SZ,20250321,26.78,27.0,25.53,25.59,34995.42,91453.59
003003.SZ,20250321,10.53,10.57,10.26,10.33,43269.0,44917.98
003004.SZ,20250321,25.37,25.43,24.36,24.55,17363.0,42996.317
003005.SZ,20250321,36.45,36.52,35.17,35.26,41978.97,149661.617
003006.SZ,20250321,23.3,24.39,23.09,23.72,94453.38,224874.263
003007.SZ,20250321,34.86,38.89,33.8,38.89,130053.1,480327.334
003008.SZ,20250321,21.3,21.48,21.08,21.21,16374.8,34790.511
003009.SZ,20250321,40.15,40.94,40.0,40.56,24189.51,98127.752
003010.SZ,20250321,39.3,39.68,38.5,38.99,37044.98,144917.989
003011.SZ,20250321,15.9,15.9,15.45,15.69,17996.4,28158.168
003012.SZ,20250321,6.37,6.42,6.3,6.34,55471.0,35271.552
003013.SZ,20250321,15.27,15.45,15.19,15.28,25928.0,39698.383
003015.SZ,20250321,15.32,15.4,14.67,14.67,219788.0,328928.445
003016.SZ,20250321,7.47,7.47,7.32,7.33,38450.0,28339.684
003017.SZ,20250321,21.73,21.89,21.38,21.58,13745.0,29660.059
003018.SZ,20250321,10.85,11.0,10.67,10.74,36672.0,39519.373
003019.SZ,20250321,37.0,37.14,35.99,36.07,61364.52,223001.46
003020.SZ,20250321,18.87,19.12,18.67,18.71,9301.18,17519.757
003021.SZ,20250321,141.87,142.74,133.06,135.25,121718.13,1654818.854
003022.SZ,20250321,15.5,15.61,15.26,15.29,56400.0,86893.898
003023.SZ,20250321,18.73,18.89,18.46,18.51,18689.1,34814.212
003025.SZ,20250321,18.7,18.78,17.5,17.71,171463.7,308134.403
003026.SZ,20250321,31.33,31.45,30.15,30.27,22294.0,68142.953
003027.SZ,20250321,16.02,16.14,15.61,15.86,33562.0,53182.142
003028.SZ,20250321,46.4,47.49,44.88,45.38,21653.5,99474.566
003029.SZ,20250321,24.06,24.12,23.34,23.51,56606.0,134138.476
003030.SZ,20250321,16.59,16.7,16.29,16.38,18199.0,29932.12
003031.SZ,20250321,47.74,47.97,46.9,46.98,17210.94,81464.705
003032.SZ,20250321,8.41,8.5,8.22,8.22,137063.0,114136.179
003033.SZ,20250321,49.39,50.7,48.0,49.15,45149.3,222341.001
003035.SZ,20250321,4.37,4.4,4.33,4.34,127755.48,55782.287
003036.SZ,20250321,12.75,13.23,12.18,12.98,78570.0,100090.027
003037.SZ,20250321,6.4,6.55,6.35,6.43,99331.79,64127.617
003038.SZ,20250321,23.05,23.1,21.94,22.0,63633.21,142107.452
003039.SZ,20250321,13.01,13.16,12.89,12.98,34003.42,44349.011
003040.SZ,20250321,13.31,13.39,13.06,13.11,71929.0,94867.846
003041.SZ,20250321,27.9,28.0,27.07,27.72,25925.53,71507.328
003042.SZ,20250321,14.83,14.85,14.61,14.69,21952.0,32319.848
003043.SZ,20250321,49.61,51.0,49.16,50.38,18816.36,93910.92
003816.SZ,20250321,3.66,3.71,3.65,3.65,2053172.88,755506.791
300001.SZ,20250321,24.35,25.88,24.16,25.19,481349.12,1215947.353
300002.SZ,20250321,14.01,14.12,13.66,13.72,637755.2,882881.69
300003.SZ,20250321,11.78,11.85,11.6,11.64,184938.88,216516.326
300004.SZ,20250321,7.03,7.27,6.98,7.07,238458.0,170210.129
300005.SZ,20250321,8.18,8.37,8.07,8.1,271491.72,223502.618
300006.SZ,20250321,3.9,3.93,3.71,3.72,312703.07,118790.86
300007.SZ,20250321,45.65,46.52,42.66,43.05,416064.95,1815630.669
300008.SZ,20250321,6.95,7.65,6.82,6.95,5770603.04,4167178.282
300009.SZ,20250321,8.82,8.89,8.65,8.68,158416.61,138652.85
300010.SZ,20250321,8.02,8.2,7.97,8.11,875623.0,708138.81
300011.SZ,20250321,8.96,9.29,8.87,9.17,400742.48,365617.266
300012.SZ,20250321,13.36,13.54,13.22,13.26,305934.13,408672.447
300013.SZ,20250321,3.65,3.71,3.62,3.66,65408.0,23903.137
300014.SZ,20250321,51.58,51.63,50.31,50.96,280521.92,1427474.714
300015.SZ,20250321,13.92,14.03,13.65,13.74,606697.0,838397.357
300016.SZ,20250321,7.42,7.48,6.89,6.89,208647.5,147694.798
300017.SZ,20250321,12.81,12.86,12.36,12.37,1233741.99,1549448.426
300018.SZ,20250321,7.99,8.04,7.77,7.81,398635.01,313588.343
300019.SZ,20250321,18.18,18.62,17.55,17.67,200938.77,362487.147
300020.SZ,20250321,3.09,3.31,3.06,3.26,487554.8,157113.94
300021.SZ,20250321,4.59,4.63,4.54,4.56,148848.9,68070.052
300022.SZ,20250321,6.85,7.75,6.81,7.47,488496.01,353936.266
300024.SZ,20250321,19.7,19.72,19.06,19.12,511697.36,986129.705
300025.SZ,20250321,8.39,8.39,8.11,8.17,144046.92,118127.265
300026.SZ,20250321,3.74,3.81,3.62,3.63,1175914.09,435582.069
300027.SZ,20250321,2.65,2.67,2.57,2.59,804973.94,210429.35
300029.SZ,20250321,5.3,5.38,5.25,5.32,32330.92,17179.778
300030.SZ,20250321,6.19,6.22,5.99,6.01,66244.3,40219.503
300031.SZ,20250321,29.62,29.7,28.51,28.56,425651.6,1234821.807
300032.SZ,20250321,4.92,4.94,4.68,4.73,471945.24,225419.274
300033.SZ,20250321,307.88,309.99,300.7,301.22,81235.39,2469945.142
300034.SZ,20250321,16.91,17.66,16.86,17.18,365694.6,633724.676
300035.SZ,20250321,17.03,17.18,16.55,16.6,335922.8,564362.302
300036.SZ,20250321,17.24,17.36,16.88,16.92,91152.75,155863.896
300037.SZ,20250321,34.3,34.57,33.6,33.7,103072.38,350242.146
300039.SZ,20250321,6.59,6.8,6.4,6.4,825320.03,539924.585
300040.SZ,20250321,7.0,7.36,6.94,7.02,622869.4,443859.715
300041.SZ,20250321,9.27,9.43,9.11,9.14,186516.4,172659.808
300042.SZ,20250321,30.82,31.35,29.66,29.66,205985.13,624430.883
300043.SZ,20250321,4.09,4.12,4.03,4.03,632195.5,256587.423
300044.SZ,20250321,7.25,7.25,6.93,6.94,685084.12,482235.382
300045.SZ,20250321,21.4,21.58,20.69,20.69,211707.8,445167.04
300046.SZ,20250321,33.0,33.14,32.0,32.01,88231.74,286363.661
300047.SZ,20250321,15.4,15.42,14.6,14.61,738634.91,1099247.023
300048.SZ,20250321,5.76,5.79,5.58,5.59,426059.89,241478.239
300049.SZ,20250321,34.3,34.43,33.72,33.8,36010.12,122531.259
300050.SZ,20250321,6.03,6.15,5.8,6.14,459233.5,274105.343
300051.SZ,20250321,6.82,6.82,6.61,6.61,47519.03,31836.756
300052.SZ,20250321,11.56,11.97,11.43,11.61,333227.81,391002.671
300053.SZ,20250321,14.21,14.4,13.85,13.87,209559.0,294888.77
300054.SZ,20250321,27.75,28.06,27.26,27.36,108043.09,297956.4
300055.SZ,20250321,5.41,5.52,5.36,5.42,159585.83,86841.674
300056.SZ,20250321,15.55,15.68,14.86,14.99,131096.86,199272.796
300057.SZ,20250321,5.3,5.54,5.26,5.46,462101.65,250883.088
300058.SZ,20250321,9.95,10.14,9.86,9.89,1473524.77,1470688.9
300059.SZ,20250321,23.71,23.91,23.23,23.27,3308992.99,7778007.075
300061.SZ,20250321,12.9,12.91,12.57,12.66,196152.48,249669.836
300062.SZ,20250321,5.94,6.04,5.79,5.82,273190.43,160363.139
300063.SZ,20250321,9.58,9.74,9.5,9.5,301766.9,288874.834
300065.SZ,20250321,18.48,21.3,18.48,19.43,2882765.52,5689902.801
300066.SZ,20250321,4.44,4.51,4.38,4.44,224925.5,99434.057
300067.SZ,20250321,6.4,7.69,6.34,7.41,4137553.7,3031075.279
300068.SZ,20250321,18.7,19.02,18.4,18.41,593506.97,1107470.731
300069.SZ,20250321,17.59,17.72,17.23,17.45,31865.0,55529.79
300070.SZ,20250321,4.78,4.99,4.78,4.85,677299.56,331434.096
300071.SZ,20250321,6.27,6.48,6.2,6.22,557310.6,352275.697
300072.SZ,20250321,3.37,3.49,3.36,3.38,299932.53,102704.708
300073.SZ,20250321,43.19,43.55,42.14,42.15,127215.17,543610.314
300074.SZ,20250321,4.98,4.98,4.81,4.81,214787.0,104482.491
300075.SZ,20250321,19.08,19.29,18.6,18.68,222564.88,420604.23
300076.SZ,20250321,9.22,9.37,9.1,9.18,232529.76,214735.056
300077.SZ,20250321,26.08,26.32,25.26,25.3,297670.5,762109.722
300078.SZ,20250321,4.0,4.0,3.75,3.78,1155339.97,443868.312
300079.SZ,20250321,5.77,5.82,5.67,5.67,285945.01,163726.863
300080.SZ,20250321,4.22,4.33,4.21,4.26,247009.74,105315.659
300081.SZ,20250321,7.98,9.38,7.91,8.84,1292920.93,1123865.799
300082.SZ,20250321,6.62,6.89,6.6,6.6,102947.0,69339.073
300083.SZ,20250321,10.22,10.23,9.69,9.71,2187734.0,2166181.665
300084.SZ,20250321,8.15,9.59,8.01,9.59,1776407.55,1583450.074
300085.SZ,20250321,38.92,40.38,38.57,38.67,506303.78,2006192.859
300086.SZ,20250321,5.34,5.4,5.16,5.2,286553.0,150619.68
300087.SZ,20250321,9.75,9.79,9.45,9.46,212534.0,203860.432
300088.SZ,20250321,6.6,6.63,6.41,6.46,748887.12,487604.117
300091.SZ,20250321,2.68,2.77,2.65,2.68,813591.25,220787.959
300092.SZ,20250321,13.16,13.65,13.05,13.2,218012.16,291117.591
300093.SZ,20250321,12.21,12.37,12.05,12.11,66578.0,80991.185
300094.SZ,20250321,3.95,4.33,3.94,4.09,1761209.54,726535.867
300095.SZ,20250321,7.76,8.11,7.7,7.98,621605.57,493653.0
300096.SZ,20250321,3.81,3.95,3.77,3.91,119347.0,45966.237
300097.SZ,20250321,5.21,5.23,5.11,5.15,128982.8,66543.3
300098.SZ,20250321,5.73,5.78,5.57,5.58,608812.96,343279.291
300099.SZ,20250321,7.28,7.41,7.21,7.37,268964.0,196094.436
300100.SZ,20250321,66.3,68.84,63.6,65.7,468306.03,3094725.256
300101.SZ,20250321,20.41,20.81,19.88,19.96,188494.59,381144.128
300102.SZ,20250321,11.39,11.52,11.28,11.33,184439.96,209838.307
300103.SZ,20250321,6.79,6.85,6.62,6.66,70320.5,47151.201
300105.SZ,20250321,7.26,7.55,7.26,7.37,194165.0,144115.043
300106.SZ,20250321,10.55,10.99,9.94,10.01,373284.24,383864.589
300107.SZ,20250321,9.12,9.17,8.96,8.99,77947.0,70451.251
300108.SZ,20250321,0.97,1.1,0.97,1.04,1161275.17,120854.311
300109.SZ,20250321,17.16,17.62,16.73,16.73,170876.87,292762.292
300110.SZ,20250321,3.24,3.26,3.18,3.2,233711.15,75248.117
300111.SZ,20250321,3.11,3.15,3.05,3.05,246091.16,76111.539
300112.SZ,20250321,9.94,10.41,9.71,9.89,254001.0,255931.926
300113.SZ,20250321,21.03,21.23,20.42,20.5,357720.06,739937.315
300115.SZ,20250321,27.95,27.95,26.6,26.6,944754.64,2550541.451
300117.SZ,20250321,0.86,0.95,0.85,0.89,613515.0,55159.277
300118.SZ,20250321,11.48,11.74,11.37,11.4,233681.01,269508.594
300119.SZ,20250321,17.6,17.67,17.05,17.32,42625.57,73725.102
300120.SZ,20250321,9.71,9.87,9.37,9.68,301973.75,290080.673
300121.SZ,20250321,13.03,13.19,12.76,12.79,92794.15,119844.411
300122.SZ,20250321,25.1,25.25,24.66,24.74,181381.58,451393.984
300123.SZ,20250321,6.86,7.24,6.83,6.91,1030206.64,726351.038
300124.SZ,20250321,71.05,71.33,69.2,69.43,250069.67,1747551.52
300125.SZ,20250321,8.01,8.35,7.83,8.34,257860.02,208096.067
300126.SZ,20250321,7.69,7.7,7.26,7.34,130419.0,96456.951
300127.SZ,20250321,24.65,24.65,23.97,23.97,66398.0,160991.526
300128.SZ,20250321,6.86,6.92,6.32,6.36,1029892.87,671188.663
300129.SZ,20250321,7.53,8.15,7.53,7.83,811172.34,640896.03
300130.SZ,20250321,23.1,23.44,22.49,22.54,144000.78,329253.58
300131.SZ,20250321,8.31,8.38,8.01,8.07,511602.1,417369.326
300132.SZ,20250321,5.57,5.7,5.51,5.56,97041.0,54012.52
300133.SZ,20250321,7.68,7.72,7.48,7.49,607059.38,460325.849
300134.SZ,20250321,13.88,13.9,13.18,13.21,456513.65,614081.528
300135.SZ,20250321,4.6,4.7,4.28,4.33,653990.0,292003.323
300136.SZ,20250321,26.5,26.7,25.3,25.38,450546.5,1166120.576
300137.SZ,20250321,6.41,6.6,6.41,6.47,43160.95,28141.368
300138.SZ,20250321,9.86,10.01,9.58,9.62,117076.83,114092.807
300139.SZ,20250321,17.7,18.05,17.1,17.2,292496.8,512384.692
300140.SZ,20250321,6.08,6.2,6.04,6.07,136777.99,83565.972
300141.SZ,20250321,9.45,9.63,9.31,9.34,77429.75,73151.882
300142.SZ,20250321,11.64,11.79,11.47,11.52,232417.16,269881.549
300143.SZ,20250321,10.32,10.47,10.15,10.22,70866.99,72734.226
300144.SZ,20250321,9.21,9.38,9.18,9.3,348831.24,323652.917
300145.SZ,20250321,4.42,4.46,4.24,4.28,1070076.13,463431.109
300146.SZ,20250321,12.07,12.2,11.95,12.06,132049.3,159503.736
300147.SZ,20250321,10.45,10.66,10.0,10.02,448045.25,462211.046
300148.SZ,20250321,4.79,4.79,4.52,4.54,982640.83,454116.969
300149.SZ,20250321,6.54,6.58,6.36,6.37,82699.58,53208.584
300150.SZ,20250321,5.12,5.16,4.98,5.01,133587.0,67584.408
300151.SZ,20250321,16.03,16.06,15.6,15.64,70562.69,111391.844
300152.SZ,20250321,4.44,4.5,4.35,4.37,280290.19,123655.838
300153.SZ,20250321,41.69,42.84,40.48,41.15,448040.86,1866749.97
300154.SZ,20250321,13.08,13.15,12.27,12.33,338337.5,425710.232
300155.SZ,20250321,5.05,5.05,4.89,4.91,98918.0,48941.752
300157.SZ,20250321,3.75,4.2,3.75,4.01,1327673.89,534895.306
300158.SZ,20250321,4.32,4.52,4.22,4.22,571530.66,246930.162
300159.SZ,20250321,1.7,1.84,1.65,1.76,2250151.88,391901.8
300160.SZ,20250321,5.66,5.72,5.59,5.69,176806.0,99916.351
300161.SZ,20250321,32.99,33.0,31.43,31.45,90784.04,290786.15
300162.SZ,20250321,7.62,7.64,7.32,7.34,136917.0,101674.194
300163.SZ,20250321,3.2,3.27,3.08,3.18,158800.0,50186.293
300164.SZ,20250321,4.45,4.69,4.45,4.51,853125.81,389766.199
300165.SZ,20250321,3.21,3.23,3.15,3.18,108305.4,34500.769
300166.SZ,20250321,12.6,13.65,12.37,12.79,1466841.86,1934372.389
300167.SZ,20250321,3.87,3.98,3.57,3.59,340469.41,127420.567
300168.SZ,20250321,8.61,8.65,8.41,8.46,253676.43,215725.868
300169.SZ,20250321,7.56,7.57,7.32,7.33,126603.0,94008.801
300170.SZ,20250321,20.0,21.11,19.6,19.69,948553.62,1918418.318
300171.SZ,20250321,13.47,13.56,13.22,13.24,54623.09,72995.21
300172.SZ,20250321,5.35,5.45,5.32,5.37,279316.0,150540.365
300173.SZ,20250321,6.67,6.68,6.42,6.47,317719.41,206975.256
300174.SZ,20250321,16.27,16.34,15.98,16.05,70116.0,112919.358
300175.SZ,20250321,5.61,5.65,5.5,5.51,132075.06,73397.029
300176.SZ,20250321,7.71,7.76,7.55,7.61,144215.0,110123.608
300177.SZ,20250321,12.65,13.71,12.63,12.8,1456460.85,1913451.01
300179.SZ,20250321,10.5,10.96,10.41,10.73,457002.6,490913.475
300180.SZ,20250321,6.73,6.83,6.52,6.54,585783.96,389980.047
300181.SZ,20250321,15.97,16.22,15.58,15.66,286973.24,455090.608
300182.SZ,20250321,6.15,6.17,6.02,6.03,759837.5,461802.709
300183.SZ,20250321,21.1,21.1,19.71,19.82,289190.86,586147.703
300184.SZ,20250321,10.85,11.1,10.39,10.39,960354.6,1020417.489
300185.SZ,20250321,2.68,2.96,2.67,2.9,3683070.72,1051627.045
300187.SZ,20250321,5.26,5.45,5.24,5.3,115374.12,61750.334
300188.SZ,20250321,15.15,15.26,14.8,14.81,178379.54,267165.72
300189.SZ,20250321,3.8,3.85,3.73,3.74,437639.24,165253.693
300190.SZ,20250321,3.46,3.48,3.41,3.42,92358.2,31783.989
300191.SZ,20250321,19.75,23.3,19.28,21.08,391803.07,835940.613
300192.SZ,20250321,17.96,17.97,17.4,17.46,142880.49,251612.871
300193.SZ,20250321,10.8,10.9,10.47,10.48,157135.01,167012.342
300194.SZ,20250321,4.46,4.51,4.39,4.4,280435.51,124636.763
300195.SZ,20250321,7.09,7.09,6.83,6.88,279557.78,194064.611
300196.SZ,20250321,11.6,11.69,11.4,11.44,31538.0,36376.565
300197.SZ,20250321,2.24,2.32,2.22,2.27,1016899.69,231221.902
300198.SZ,20250321,2.7,3.09,2.52,2.91,3092782.49,871857.547
300199.SZ,20250321,13.23,13.6,13.22,13.24,451104.84,603791.496
300200.SZ,20250321,8.85,9.07,8.74,8.96,151031.8,135172.216
300201.SZ,20250321,5.93,6.12,5.87,6.01,637992.32,382658.977
300203.SZ,20250321,16.9,17.2,16.68,16.93,83408.0,140794.766
300204.SZ,20250321,7.65,7.72,7.48,7.53,59063.84,44790.042
300205.SZ,20250321,4.63,4.68,4.55,4.6,60414.0,27839.216
300206.SZ,20250321,12.35,12.41,12.13,12.17,50228.5,61442.476
300207.SZ,20250321,23.04,23.26,22.56,22.63,255160.7,582548.237
300208.SZ,20250321,2.19,2.39,2.14,2.29,299726.63,68211.0
300209.SZ,20250321,5.25,5.25,5.04,5.06,65672.0,33557.241
300210.SZ,20250321,11.05,11.38,10.84,11.06,203455.36,226097.263
300211.SZ,20250321,11.5,11.5,10.98,10.98,234092.79,261011.2
300212.SZ,20250321,26.23,26.32,25.4,25.45,172657.53,445232.351
300213.SZ,20250321,10.8,10.96,10.36,10.43,1288601.87,1375472.493
300214.SZ,20250321,7.03,7.06,6.81,6.87,237682.02,164506.019
300215.SZ,20250321,6.56,6.76,6.51,6.55,219085.0,145188.837
300217.SZ,20250321,5.45,5.68,5.41,5.42,1050887.73,581771.359
300218.SZ,20250321,17.12,17.22,16.75,16.85,41358.04,70137.513
300219.SZ,20250321,7.4,7.45,7.19,7.23,152123.0,111123.359
300220.SZ,20250321,16.7,16.83,16.46,16.46,46062.64,76426.738
300221.SZ,20250321,8.35,8.45,8.12,8.12,235541.48,193632.187
300222.SZ,20250321,11.8,11.8,11.3,11.32,332528.0,381244.203
300223.SZ,20250321,76.25,77.38,74.55,74.83,160831.08,1214356.138
300224.SZ,20250321,14.0,14.0,13.35,13.39,300632.69,408742.362
300225.SZ,20250321,7.14,7.34,7.09,7.21,145167.0,104927.705
300226.SZ,20250321,23.86,23.86,23.12,23.22,90397.54,211705.739
300227.SZ,20250321,9.2,9.62,9.11,9.22,436720.14,409652.001
300228.SZ,20250321,8.27,9.45,8.23,8.73,1224543.28,1081444.521
300229.SZ,20250321,23.72,23.95,23.0,23.02,379565.63,887291.337
300230.SZ,20250321,5.13,5.16,4.99,5.0,241982.6,122233.003
300231.SZ,20250321,12.67,12.75,12.2,12.22,230634.12,285749.722
300232.SZ,20250321,7.94,7.95,7.68,7.71,275455.31,214800.776
300233.SZ,20250321,18.6,19.11,17.88,18.48,521863.73,964936.31
300234.SZ,20250321,5.05,5.05,4.95,5.0,66431.82,33236.127
300235.SZ,20250321,11.77,11.77,11.45,11.47,55881.48,64602.952
300236.SZ,20250321,36.09,36.46,35.57,35.66,29766.4,106972.924
300237.SZ,20250321,2.2,2.25,2.14,2.17,707261.0,154465.508
300238.SZ,20250321,13.72,13.97,12.9,12.99,129540.0,172751.737
300239.SZ,20250321,5.6,5.63,5.47,5.49,103307.0,57372.33
300240.SZ,20250321,6.84,7.02,6.75,6.79,138864.18,95349.288
300241.SZ,20250321,5.63,5.65,5.48,5.5,187402.98,104117.901
300242.SZ,20250321,5.14,5.27,5.01,5.06,366523.5,188086.205
300243.SZ,20250321,10.29,10.31,10.02,10.08,43185.9,43848.429
300244.SZ,20250321,16.64,16.65,15.98,16.0,257529.77,418216.936
300245.SZ,20250321,21.28,21.28,20.05,20.05,386501.03,791748.379
300246.SZ,20250321,7.43,7.49,7.28,7.31,64435.03,47362.164
300247.SZ,20250321,3.92,3.95,3.85,3.88,208341.0,81047.945
300248.SZ,20250321,19.05,19.25,17.42,17.48,762521.16,1394609.864
300249.SZ,20250321,17.87,18.6,17.68,18.48,373616.89,681410.227
300250.SZ,20250321,17.55,17.69,17.06,17.12,99243.09,171849.743
300251.SZ,20250321,22.62,22.75,22.24,22.27,900821.11,2017303.023
300252.SZ,20250321,11.53,12.35,11.53,12.06,801192.08,965524.89
300253.SZ,20250321,11.45,11.51,11.13,11.18,834832.14,940580.622
300254.SZ,20250321,9.59,9.66,9.24,9.28,124454.8,117084.849
300255.SZ,20250321,19.95,20.93,19.66,20.5,213440.78,433330.653
300256.SZ,20250321,5.41,5.47,5.05,5.06,3405121.86,1765571.046
300257.SZ,20250321,10.03,10.17,9.82,9.85,92098.0,91903.489
300258.SZ,20250321,16.31,16.38,15.16,15.36,516933.93,806197.827
300259.SZ,20250321,3.73,3.77,3.69,3.72,134596.8,50144.206
300260.SZ,20250321,26.2,26.25,25.28,25.33,101919.4,262180.464
300261.SZ,20250321,6.78,7.08,6.76,6.93,338275.19,234242.146
300263.SZ,20250321,7.71,7.89,7.59,7.62,349404.13,270621.106
300264.SZ,20250321,5.87,5.9,5.7,5.7,185992.18,107394.647
300265.SZ,20250321,9.43,11.0,9.43,10.06,852912.55,870031.476
300266.SZ,20250321,2.68,2.71,2.61,2.62,337772.32,89841.157
300267.SZ,20250321,2.81,2.84,2.76,2.77,336349.25,94057.346
300268.SZ,20250321,9.3,9.43,8.82,9.12,31343.0,28514.852
300269.SZ,20250321,4.27,4.3,4.13,4.14,250813.0,104813.613
300270.SZ,20250321,8.26,8.31,7.98,8.01,110618.63,89671.051
300271.SZ,20250321,8.33,8.47,8.2,8.2,227163.79,188464.853
300272.SZ,20250321,6.55,6.57,6.44,6.49,92421.02,60051.162
300274.SZ,20250321,68.26,69.08,67.53,67.6,252846.8,1721796.744
300275.SZ,20250321,16.1,16.14,15.46,15.52,180753.6,283546.058
300276.SZ,20250321,13.7,13.8,13.16,13.37,910813.65,1219869.459
300277.SZ,20250321,13.26,13.35,12.8,12.86,103143.0,134059.663
300278.SZ,20250321,7.05,7.09,6.72,6.75,702693.48,481430.206
300279.SZ,20250321,7.1,7.15,6.78,6.8,183366.8,126510.019
300281.SZ,20250321,6.49,6.66,6.41,6.58,329702.43,216033.023
300283.SZ,20250321,6.3,6.35,6.19,6.21,133469.05,83447.548
300284.SZ,20250321,10.67,10.72,10.25,10.31,258188.56,268845.201
300285.SZ,20250321,18.78,19.02,18.43,18.48,127338.0,238125.677
300286.SZ,20250321,23.86,24.21,23.4,23.81,50088.5,119142.98
300287.SZ,20250321,7.12,7.15,6.89,6.89,1295274.4,901878.685
300288.SZ,20250321,16.33,16.33,15.93,16.01,96542.06,155296.919
300289.SZ,20250321,5.08,5.11,4.98,5.0,66838.0,33677.889
300290.SZ,20250321,18.23,19.16,17.92,18.9,311266.5,578762.791
300291.SZ,20250321,5.0,5.02,4.82,4.84,301103.0,147833.747
300292.SZ,20250321,5.43,5.45,5.28,5.29,529504.0,282882.636
300293.SZ,20250321,24.89,25.33,24.4,25.08,115641.14,289333.749
300294.SZ,20250321,28.15,28.16,27.51,27.52,56670.0,157295.406
300295.SZ,20250321,17.01,17.18,16.34,16.35,69580.12,115938.554
300296.SZ,20250321,8.1,8.33,7.92,8.03,3531104.29,2864989.357
300298.SZ,20250321,24.03,24.15,23.76,23.81,44182.2,105490.452
300299.SZ,20250321,6.47,6.48,6.26,6.29,339709.12,215922.543
300300.SZ,20250321,3.06,3.11,3.03,3.07,134430.28,41145.219
300301.SZ,20250321,2.08,2.18,2.02,2.04,364127.59,75105.302
300302.SZ,20250321,18.15,18.28,17.3,17.31,279493.0,495611.71
300303.SZ,20250321,7.14,7.2,6.97,7.02,402219.11,284521.566
300304.SZ,20250321,9.14,9.23,8.82,8.9,387984.0,347349.238
300305.SZ,20250321,5.86,5.88,5.75,5.8,47244.5,27451.933
300306.SZ,20250321,13.58,13.6,13.14,13.22,55151.0,73492.037
300307.SZ,20250321,10.2,10.85,10.09,10.73,939319.13,992526.103
300308.SZ,20250321,104.32,104.96,102.11,102.45,227333.25,2343385.548
300310.SZ,20250321,7.74,7.8,7.52,7.52,358355.0,273013.636
300311.SZ,20250321,7.15,7.15,6.88,6.92,418357.65,291834.192
300313.SZ,20250321,5.51,5.61,5.44,5.48,44699.0,24568.418
300314.SZ,20250321,13.15,13.21,12.77,12.86,106225.0,137300.466
300315.SZ,20250321,5.75,5.77,5.59,5.62,985715.58,558441.436
300316.SZ,20250321,34.35,34.87,33.56,33.72,131380.63,448445.658
300317.SZ,20250321,3.88,3.93,3.82,3.84,229204.96,88627.97
300318.SZ,20250321,5.86,5.91,5.77,5.8,59436.0,34601.666
300319.SZ,20250321,12.44,12.52,12.13,12.17,229215.36,281776.947
300320.SZ,20250321,11.4,11.46,10.81,10.95,357419.63,396928.084
300321.SZ,20250321,31.28,31.61,30.33,30.58,24313.02,75054.431
300322.SZ,20250321,14.4,14.49,13.84,13.92,228314.95,321571.179
300323.SZ,20250321,7.77,7.81,7.45,7.48,548669.2,415281.232
300324.SZ,20250321,4.87,4.87,4.66,4.69,1275092.67,605906.78
300326.SZ,20250321,6.89,6.95,6.57,6.64,239494.51,161828.267
300327.SZ,20250321,24.76,24.76,24.02,24.03,87980.62,213752.91
300328.SZ,20250321,12.03,12.2,10.85,11.37,1300367.01,1481388.959
300329.SZ,20250321,6.9,6.99,6.83,6.89,63407.0,43802.021
300331.SZ,20250321,21.66,21.79,21.1,21.26,57297.09,122601.132
300332.SZ,20250321,5.24,5.39,5.23,5.29,318754.99,169772.008
300333.SZ,20250321,13.81,14.03,13.42,13.5,166475.0,227371.107
300334.SZ,20250321,6.52,6.74,6.43,6.5,131774.9,86605.498
300335.SZ,20250321,5.36,5.49,5.31,5.38,308586.92,166658.924
300337.SZ,20250321,13.3,13.36,12.46,12.48,709475.48,915917.473
300338.SZ,20250321,3.77,3.88,3.76,3.81,65922.0,25162.653
300339.SZ,20250321,58.58,58.97,55.4,56.07,705886.29,4006616.559
300340.SZ,20250321,10.51,10.6,10.32,10.37,51634.34,53808.499
300341.SZ,20250321,18.42,18.59,17.79,17.82,95299.0,172573.129
300342.SZ,20250321,18.86,19.6,18.8,19.24,341409.95,658387.822
300343.SZ,20250321,6.1,6.12,5.85,5.85,275507.0,164574.651
300344.SZ,20250321,12.6,13.27,12.12,12.15,771258.49,971427.96
300345.SZ,20250321,5.52,5.6,5.47,5.47,74733.0,41280.577
300346.SZ,20250321,36.74,36.9,35.94,36.12,114277.37,414961.249
300347.SZ,20250321,56.01,56.29,54.3,54.9,90131.02,496324.611
300348.SZ,20250321,15.03,15.2,14.76,14.79,306627.61,458355.47
300349.SZ,20250321,14.31,14.35,13.92,13.98,101961.46,143829.972
300350.SZ,20250321,5.6,5.7,5.54,5.58,164737.07,92338.092
300351.SZ,20250321,19.3,19.6,18.99,19.13,182053.14,349716.39
300352.SZ,20250321,5.68,5.73,5.55,5.58,350600.96,197231.983
300353.SZ,20250321,21.54,21.64,19.4,19.71,1281568.44,2585573.947
300354.SZ,20250321,48.91,49.94,46.94,47.2,59216.0,283334.817
300355.SZ,20250321,5.15,5.16,4.96,4.96,822578.0,415241.215
300357.SZ,20250321,21.69,21.8,21.22,21.33,44368.0,95392.502
300358.SZ,20250321,7.68,7.71,7.48,7.48,93791.0,71048.209
300359.SZ,20250321,6.39,6.43,6.29,6.29,135999.55,86256.61
300360.SZ,20250321,17.99,18.04,17.48,17.55,94335.11,167309.4
300363.SZ,20250321,17.14,17.3,16.68,16.73,56268.07,95161.99
300364.SZ,20250321,24.76,25.1,24.27,24.28,173274.11,426239.85
300365.SZ,20250321,6.89,6.96,6.76,6.91,364902.56,250280.638
300366.SZ,20250321,10.32,10.44,10.08,10.08,161593.85,165043.58
300368.SZ,20250321,4.92,5.04,4.9,4.99,96625.0,48015.603
300369.SZ,20250321,8.05,8.06,7.84,7.85,138301.0,109757.833
300370.SZ,20250321,3.36,3.48,3.33,3.39,659962.0,225433.519
300371.SZ,20250321,11.02,11.02,10.72,10.81,43290.2,46961.588
300374.SZ,20250321,17.0,17.41,16.76,16.77,70433.2,120004.506
300375.SZ,20250321,5.43,5.43,5.24,5.29,426484.89,226888.285
300376.SZ,20250321,3.64,3.66,3.58,3.6,157476.0,56978.144
300377.SZ,20250321,28.96,29.56,28.5,28.51,452109.99,1310539.728
300378.SZ,20250321,37.21,37.97,35.66,35.71,131783.0,481703.8
300379.SZ,20250321,17.46,17.48,16.66,16.82,301306.2,512602.389
300380.SZ,20250321,50.41,51.5,47.99,47.99,161323.84,796217.565
300381.SZ,20250321,7.61,7.63,7.39,7.41,71505.25,53552.463
300382.SZ,20250321,13.64,13.66,13.07,13.16,289940.49,385506.139
300383.SZ,20250321,18.2,18.35,17.71,17.77,737375.43,1323615.009
300384.SZ,20250321,20.69,20.79,19.86,19.93,99817.38,201621.515
300385.SZ,20250321,5.09,5.16,5.03,5.07,69934.16,35553.161
300386.SZ,20250321,16.69,16.98,16.5,16.95,140107.0,235460.152
300387.SZ,20250321,9.14,9.27,9.02,9.08,89423.34,81556.112
300388.SZ,20250321,7.54,7.64,7.48,7.53,64674.4,48852.146
300389.SZ,20250321,11.9,11.91,11.53,11.58,49118.0,57358.345
300390.SZ,20250321,22.83,23.1,22.47,22.62,113700.5,258494.027
300391.SZ,20250321,6.1,6.25,5.83,5.85,199484.0,119290.589
300393.SZ,20250321,6.13,6.46,6.13,6.32,428696.63,268164.576
300394.SZ,20250321,89.3,89.95,87.3,87.72,143950.36,1271891.357
300395.SZ,20250321,45.51,46.7,43.65,44.02,74841.49,333229.764
300396.SZ,20250321,16.1,16.19,15.63,15.65,48227.0,76323.609
300397.SZ,20250321,14.22,16.5,14.2,15.2,1283913.2,1955263.777
300398.SZ,20250321,16.4,16.9,16.23,16.52,268654.66,448387.781
300399.SZ,20250321,24.49,24.7,23.15,23.21,108194.0,257239.42
300400.SZ,20250321,17.83,17.98,17.4,17.45,65752.0,115933.156
300401.SZ,20250321,15.07,15.12,14.71,14.8,137596.43,204503.728
300402.SZ,20250321,20.01,23.15,20.01,20.68,443409.52,946953.548
300403.SZ,20250321,19.03,19.16,17.89,18.0,666036.8,1217876.026
300404.SZ,20250321,10.24,10.35,9.79,9.81,180483.8,180117.464
300405.SZ,20250321,5.08,5.09,4.92,4.96,102754.76,51322.505
300406.SZ,20250321,16.42,16.48,15.96,16.04,51044.05,82412.177
300407.SZ,20250321,11.51,11.63,11.32,11.36,70895.0,81088.161
300408.SZ,20250321,38.41,39.09,37.85,37.97,110056.31,423363.386
300409.SZ,20250321,16.05,16.17,15.54,15.61,368571.27,581133.403
300410.SZ,20250321,5.84,5.92,5.66,5.69,151676.0,87392.017
300411.SZ,20250321,13.88,14.68,13.7,14.53,446201.33,643303.211
300412.SZ,20250321,5.6,5.95,5.6,5.71,489905.3,282940.743
300413.SZ,20250321,26.95,27.15,26.41,26.54,64088.19,171146.896
300414.SZ,20250321,8.5,8.58,8.31,8.38,80488.3,67910.4
300415.SZ,20250321,24.6,24.61,23.71,23.76,172280.43,415114.291
300416.SZ,20250321,15.3,15.67,15.0,15.1,203658.46,310793.587
300417.SZ,20250321,12.6,12.6,12.07,12.14,33925.52,41569.247
300418.SZ,20250321,37.15,37.4,36.33,36.34,228935.02,842466.269
300419.SZ,20250321,5.59,5.61,5.37,5.4,198354.0,108402.047
300420.SZ,20250321,3.43,3.5,3.34,3.37,653241.5,223145.769
300421.SZ,20250321,16.93,16.99,15.66,15.8,422837.0,680200.051
300422.SZ,20250321,4.52,4.58,4.46,4.51,89637.0,40438.315
300423.SZ,20250321,8.19,8.39,8.02,8.2,203410.88,167220.751
300424.SZ,20250321,16.49,16.8,16.15,16.23,88171.16,144691.07
300425.SZ,20250321,5.36,5.49,5.36,5.41,237900.25,129232.045
300426.SZ,20250321,10.16,10.37,10.06,10.09,54983.0,56063.861
300427.SZ,20250321,5.91,5.91,5.76,5.78,123062.7,71675.953
300428.SZ,20250321,19.45,19.52,18.88,18.89,120673.4,230560.623
300429.SZ,20250321,12.3,12.5,12.18,12.21,90588.0,111619.428
300430.SZ,20250321,22.12,22.68,21.6,21.89,355375.5,787773.962
300432.SZ,20250321,22.97,22.98,21.32,21.41,865487.72,1897983.496
300433.SZ,20250321,25.94,26.02,24.95,25.14,503083.65,1275703.714
300434.SZ,20250321,8.87,9.14,8.66,8.69,98697.8,87091.137
300435.SZ,20250321,14.26,14.38,13.89,14.01,87949.0,123965.796
300436.SZ,20250321,36.53,36.8,34.57,34.58,43112.0,152647.061
300437.SZ,20250321,8.39,8.52,8.26,8.29,66639.81,55741.225
300438.SZ,20250321,28.9,29.2,28.0,28.05,109311.84,311780.473
300439.SZ,20250321,11.26,11.42,11.07,11.12,43742.0,49001.737
300440.SZ,20250321,9.15,9.21,8.85,8.87,178332.0,160440.44
300441.SZ,20250321,11.0,12.26,10.94,11.5,635123.62,737048.536
300442.SZ,20250321,62.56,62.61,60.21,60.49,224825.88,1377064.977
300443.SZ,20250321,22.83,24.54,22.83,23.19,157184.83,371438.428
300444.SZ,20250321,8.71,9.12,8.47,8.51,1073571.67,937102.125
300445.SZ,20250321,21.44,21.48,20.38,20.41,107399.13,223719.135
300446.SZ,20250321,20.01,20.25,19.64,20.07,358463.89,715308.759
300447.SZ,20250321,14.74,15.13,14.6,14.86,91620.9,136518.473
300448.SZ,20250321,7.6,7.75,7.3,7.36,293131.21,218589.557
300450.SZ,20250321,22.6,22.8,22.01,22.09,252439.32,564285.147
300451.SZ,20250321,7.0,7.0,6.67,6.68,1147052.8,777882.032
300452.SZ,20250321,11.98,12.1,11.76,11.82,32610.99,38786.906
300453.SZ,20250321,8.13,8.32,7.85,7.88,218089.59,175964.492
300454.SZ,20250321,107.36,108.5,104.47,104.48,74928.92,794633.404
300455.SZ,20250321,14.21,14.68,14.19,14.36,199122.49,288320.75
300456.SZ,20250321,18.1,18.2,17.67,17.69,161287.24,288682.171
300457.SZ,20250321,21.44,21.6,20.81,20.9,144593.03,305297.432
300458.SZ,20250321,56.78,57.25,54.32,54.43,434470.36,2404839.548
300459.SZ,20250321,6.66,6.73,6.43,6.46,2097921.35,1375206.424
300460.SZ,20250321,13.0,13.05,12.67,12.75,91720.2,117327.379
300461.SZ,20250321,22.86,26.65,22.65,25.6,198138.4,496016.992
300462.SZ,20250321,10.1,10.25,9.78,9.86,68780.0,68490.019
300463.SZ,20250321,14.36,14.44,13.63,13.7,168600.0,234827.583
300464.SZ,20250321,5.19,5.25,5.13,5.14,129485.5,67146.746
300465.SZ,20250321,16.73,16.98,16.35,16.45,144075.0,239263.133
300466.SZ,20250321,9.37,9.37,8.93,8.94,248971.5,225894.296
300467.SZ,20250321,20.97,21.39,20.35,20.39,149486.68,311458.053
300468.SZ,20250321,16.85,16.85,16.26,16.31,125369.44,206938.653
300469.SZ,20250321,36.28,36.7,35.21,36.05,124051.23,442499.28
300470.SZ,20250321,39.0,41.1,38.99,39.75,115112.21,460583.928
300471.SZ,20250321,9.92,10.28,9.86,9.93,177643.03,179013.467
300472.SZ,20250321,7.59,7.64,7.48,7.5,80830.0,61003.959
300473.SZ,20250321,30.31,30.41,28.66,28.67,138536.37,405441.197
300474.SZ,20250321,86.18,86.7,83.86,83.89,101741.72,863070.4
300475.SZ,20250321,40.84,41.39,39.45,39.57,274140.99,1104403.04
300476.SZ,20250321,84.0,88.77,84.0,85.16,543696.97,4691312.804
300477.SZ,20250321,3.07,3.1,3.0,3.01,310672.8,94471.512
300478.SZ,20250321,13.21,13.25,12.8,12.8,67826.52,88064.717
300479.SZ,20250321,22.01,22.14,21.3,21.46,74175.19,160834.647
300480.SZ,20250321,16.03,16.4,15.13,15.25,156648.92,245554.857
300481.SZ,20250321,15.63,15.77,15.39,15.45,43207.0,67109.468
300482.SZ,20250321,23.84,23.9,23.45,23.48,49177.55,116105.717
300483.SZ,20250321,9.43,9.85,9.36,9.67,106285.62,101739.509
300484.SZ,20250321,21.94,22.09,21.27,21.32,72669.0,156845.325
300485.SZ,20250321,7.44,7.52,7.31,7.32,41463.6,30685.655
300486.SZ,20250321,7.48,7.51,7.17,7.21,170901.25,124491.365
300487.SZ,20250321,48.17,48.47,47.71,47.96,29522.94,141850.701
300488.SZ,20250321,41.91,42.08,39.42,39.5,62172.4,249438.196
300489.SZ,20250321,54.6,54.97,52.9,52.98,35530.0,191139.898
300490.SZ,20250321,8.86,8.92,8.65,8.7,132361.7,115903.315
300491.SZ,20250321,20.62,21.05,20.31,20.37,88249.07,182095.662
300492.SZ,20250321,87.93,88.0,85.5,85.96,4793.0,41355.834
300493.SZ,20250321,25.58,25.58,24.29,24.59,453564.27,1123282.783
300494.SZ,20250321,12.88,12.95,12.58,12.64,137422.38,175031.028
300496.SZ,20250321,63.01,64.98,61.8,61.83,174631.69,1097420.514
300497.SZ,20250321,8.17,8.24,8.02,8.07,45239.39,36585.332
300498.SZ,20250321,16.57,16.79,16.48,16.55,339074.39,563391.665
300499.SZ,20250321,21.08,21.22,20.46,20.78,216713.0,450577.183
300500.SZ,20250321,11.8,12.19,11.63,11.9,102221.01,121421.292
300501.SZ,20250321,15.85,16.51,15.65,16.44,125634.66,203376.876
300502.SZ,20250321,97.87,99.32,94.98,95.07,229322.51,2215654.706
300503.SZ,20250321,28.6,28.74,27.07,27.17,290773.07,803622.471
300504.SZ,20250321,17.05,17.61,16.82,17.32,84021.56,144576.11
300505.SZ,20250321,16.25,16.45,15.74,15.74,119512.51,191245.212
300506.SZ,20250321,3.6,3.65,3.44,3.44,207767.75,73575.139
300507.SZ,20250321,9.0,9.0,8.48,8.52,706366.85,610582.766
300508.SZ,20250321,34.71,34.79,33.44,33.65,32356.6,109786.548
300509.SZ,20250321,8.54,8.54,8.25,8.27,107605.19,89884.278
300510.SZ,20250321,4.75,4.8,4.55,4.59,813814.04,378173.198
300511.SZ,20250321,5.17,5.28,4.88,4.89,698341.87,350288.281
300512.SZ,20250321,8.85,8.88,8.46,8.56,81552.2,70071.471
300513.SZ,20250321,9.05,9.33,8.89,9.04,164982.62,150195.646
300514.SZ,20250321,16.28,16.33,15.81,15.91,71507.0,114744.785
300515.SZ,20250321,17.46,17.58,17.02,17.09,83620.0,144212.453
300516.SZ,20250321,36.6,41.37,36.6,39.5,126367.33,493251.282
300517.SZ,20250321,9.79,10.21,9.71,9.91,80606.6,80495.544
300518.SZ,20250321,10.81,10.85,10.54,10.59,36891.31,39291.375
300519.SZ,20250321,14.66,15.88,14.66,15.0,179631.34,270412.846
300520.SZ,20250321,28.17,28.36,26.69,26.75,269772.33,736539.843
300521.SZ,20250321,27.0,27.0,25.3,25.45,77516.68,200869.31
300522.SZ,20250321,13.36,13.48,12.97,13.03,55276.0,72668.058
300523.SZ,20250321,23.0,23.1,22.38,22.45,45780.36,103976.551
300525.SZ,20250321,18.06,18.15,17.5,17.57,185864.45,330373.006
300527.SZ,20250321,8.53,9.06,8.51,8.88,691342.26,612408.035
300528.SZ,20250321,8.7,8.78,8.55,8.59,75320.4,65140.245
300529.SZ,20250321,25.79,26.23,25.73,26.05,74339.27,193079.313
300530.SZ,20250321,26.41,26.7,25.81,26.15,55557.5,145647.271
300531.SZ,20250321,14.85,14.87,14.45,14.52,64052.0,93456.189
300532.SZ,20250321,13.73,13.83,13.15,13.19,210135.0,282840.164
300533.SZ,20250321,25.47,26.36,25.2,25.62,59438.0,153175.156
300534.SZ,20250321,9.6,9.85,8.98,9.0,511239.5,480489.232
300535.SZ,20250321,15.18,15.2,14.66,14.85,23161.01,34451.439
300536.SZ,20250321,8.9,9.02,8.58,8.83,126822.31,111652.285
300537.SZ,20250321,19.71,20.47,19.34,20.13,151417.57,304519.748
300538.SZ,20250321,15.9,16.32,15.75,15.8,62165.0,99563.524
300539.SZ,20250321,17.15,17.24,15.88,16.14,220839.6,359424.833
300540.SZ,20250321,24.1,24.5,23.73,23.85,34047.5,82153.811
300541.SZ,20250321,14.98,16.5,14.7,15.94,1113822.86,1751009.371
300542.SZ,20250321,19.3,19.32,18.5,18.56,68623.34,128851.179
300543.SZ,20250321,12.8,12.88,12.27,12.33,207543.59,258709.887
300545.SZ,20250321,35.01,35.02,33.66,33.79,63497.4,216694.32
300546.SZ,20250321,19.45,19.63,19.01,19.12,62422.14,120449.531
300547.SZ,20250321,37.46,38.66,37.01,37.21,136727.6,516780.055
300548.SZ,20250321,41.81,42.46,41.28,41.39,105590.26,440626.31
300549.SZ,20250321,21.58,21.78,20.6,20.73,137847.0,288927.215
300550.SZ,20250321,14.25,14.25,13.74,13.8,31451.32,43751.531
300551.SZ,20250321,10.4,10.46,10.15,10.2,115873.7,118772.704
300552.SZ,20250321,32.07,32.19,30.85,31.12,59233.12,185960.847
300553.SZ,20250321,46.92,47.18,45.58,46.0,48583.08,225410.801
300554.SZ,20250321,22.12,23.11,22.05,22.24,43117.69,97193.722
300555.SZ,20250321,9.46,9.68,9.2,9.5,44832.0,42209.599
300556.SZ,20250321,20.4,20.4,19.7,19.83,53163.0,106394.151
300557.SZ,20250321,36.09,36.2,34.44,34.45,31559.1,110523.38
300558.SZ,20250321,52.52,53.2,49.91,50.0,60898.52,310302.454
300559.SZ,20250321,12.88,12.88,12.47,12.49,46262.0,58359.692
300560.SZ,20250321,14.48,14.57,14.09,14.16,83562.2,119083.642
300561.SZ,20250321,43.8,44.98,43.08,43.15,156523.0,689722.789
300562.SZ,20250321,15.91,16.02,15.34,15.39,85999.0,133922.379
300563.SZ,20250321,43.01,43.31,41.45,41.65,61276.0,258266.138
300564.SZ,20250321,12.66,12.86,12.47,12.55,26693.8,33766.066
300565.SZ,20250321,13.92,14.28,13.69,13.71,213091.3,298389.39
300566.SZ,20250321,20.85,20.9,20.39,20.54,83844.5,172532.989
300567.SZ,20250321,71.01,72.15,68.68,68.89,110069.69,772265.91
300568.SZ,20250321,11.3,11.43,10.93,10.96,474782.34,528102.457
300569.SZ,20250321,5.38,6.32,5.27,6.32,1277899.72,770810.998
300570.SZ,20250321,86.23,88.37,85.92,86.42,88151.1,765562.753
300571.SZ,20250321,34.88,35.27,33.7,33.84,91871.5,313478.1
300572.SZ,20250321,18.5,18.58,17.93,18.01,38538.0,70353.178
300573.SZ,20250321,77.2,82.28,76.66,78.04,128974.36,1022619.577
300575.SZ,20250321,6.28,6.36,6.2,6.25,52301.54,32820.602
300576.SZ,20250321,43.9,44.25,43.03,43.06,39944.5,173980.796
300577.SZ,20250321,22.67,22.79,22.1,22.21,29479.0,66004.588
300578.SZ,20250321,20.65,20.7,20.18,20.21,42433.0,86578.926
300579.SZ,20250321,29.88,30.2,29.22,29.33,41086.72,121612.943
300580.SZ,20250321,32.98,33.15,31.02,31.37,207421.4,659048.256
300581.SZ,20250321,11.18,11.46,11.06,11.15,197756.4,223045.8
300582.SZ,20250321,13.75,13.9,13.58,13.73,76110.33,104360.668
300583.SZ,20250321,25.38,26.99,25.3,26.6,70105.37,183754.543
300584.SZ,20250321,19.8,20.12,19.46,19.52,19654.0,38728.582
300585.SZ,20250321,16.86,17.07,16.13,16.21,74917.0,123099.161
300586.SZ,20250321,8.91,9.3,8.8,9.05,241286.11,218971.391
300587.SZ,20250321,4.88,4.92,4.72,4.76,363640.56,174005.166
300588.SZ,20250321,14.25,14.25,13.44,13.6,65416.2,89865.748
300589.SZ,20250321,13.82,15.54,13.69,14.65,577563.89,856092.88
300590.SZ,20250321,15.6,15.66,15.1,15.11,132629.9,202954.828
300591.SZ,20250321,4.84,5.29,4.83,5.2,508755.39,256468.024
300592.SZ,20250321,12.74,12.8,12.53,12.58,56042.0,70762.8
300593.SZ,20250321,15.49,15.8,15.2,15.33,128829.27,198498.428
300594.SZ,20250321,17.9,17.93,17.48,17.5,20902.0,36866.44
300595.SZ,20250321,16.8,16.93,16.51,16.59,74056.6,123599.534
300596.SZ,20250321,32.35,32.77,31.49,31.49,62198.97,199261.905
300597.SZ,20250321,9.63,9.7,9.45,9.5,82346.0,78670.188
300598.SZ,20250321,50.5,50.88,48.45,48.5,115069.66,567030.04
300599.SZ,20250321,7.21,7.32,7.11,7.13,29835.0,21433.375
300600.SZ,20250321,8.5,9.12,8.49,8.56,100945.16,88287.544
300601.SZ,20250321,15.97,16.28,15.67,15.75,138630.52,221166.348
300602.SZ,20250321,22.42,22.44,21.58,21.7,186194.0,408745.1
300603.SZ,20250321,13.95,14.01,13.32,13.32,445442.35,605867.152
300604.SZ,20250321,44.38,44.7,43.35,43.5,183593.85,806300.067
300605.SZ,20250321,16.35,16.67,15.25,15.34,138273.14,218504.151
300606.SZ,20250321,20.9,21.03,20.05,20.05,67358.0,137162.509
300607.SZ,20250321,35.0,37.68,33.2,36.13,516051.3,1805084.235
300608.SZ,20250321,13.31,13.38,12.83,12.88,136264.1,177820.202
300609.SZ,20250321,28.0,28.43,27.53,27.69,44267.0,123846.0
300610.SZ,20250321,10.63,10.64,10.38,10.48,45472.4,47686.655
300611.SZ,20250321,29.88,31.49,28.66,28.7,318475.26,962354.99
300612.SZ,20250321,15.68,15.74,15.35,15.4,50170.98,77853.562
300613.SZ,20250321,59.3,59.69,56.73,56.79,73343.18,423195.591
300614.SZ,20250321,12.23,12.23,11.91,12.03,24470.42,29364.261
300615.SZ,20250321,13.68,13.71,13.32,13.38,51748.3,69738.952
300616.SZ,20250321,13.51,13.55,13.1,13.24,38004.0,50576.192
300617.SZ,20250321,32.1,33.06,31.8,32.03,36751.0,118993.228
300618.SZ,20250321,39.0,39.7,37.85,38.42,140122.64,544937.647
300619.SZ,20250321,29.33,29.56,28.74,28.94,21942.5,63760.368
300620.SZ,20250321,48.46,48.79,47.26,47.27,60021.49,287222.366
300621.SZ,20250321,9.76,10.29,9.76,9.98,191210.99,190720.578
300622.SZ,20250321,48.6,49.49,47.48,47.48,122044.73,588279.527
300623.SZ,20250321,32.69,32.85,31.88,31.91,135079.83,435817.209
300624.SZ,20250321,67.8,68.09,65.81,65.87,65066.48,434277.298
300625.SZ,20250321,12.07,12.12,11.84,11.92,17934.0,21481.278
300626.SZ,20250321,11.33,11.39,10.76,10.86,104987.88,115322.471
300627.SZ,20250321,42.13,43.39,41.06,41.67,69949.89,295087.98
300628.SZ,20250321,40.61,41.68,40.48,40.92,85857.94,353425.685
300629.SZ,20250321,22.49,22.86,22.01,22.28,96263.83,215651.099
300630.SZ,20250321,2.52,2.58,2.45,2.49,405940.35,102266.731
300631.SZ,20250321,22.9,23.28,22.75,22.77,24834.0,57117.745
300632.SZ,20250321,14.26,14.41,13.73,13.77,91075.82,126874.959
300633.SZ,20250321,30.86,31.06,30.03,30.2,58629.69,178102.11
300634.SZ,20250321,27.7,27.98,27.0,27.12,220238.02,605704.612
300635.SZ,20250321,10.68,10.84,10.52,10.62,37961.0,40453.789
300636.SZ,20250321,7.96,8.03,7.81,7.86,51645.38,40844.004
300637.SZ,20250321,9.83,10.03,9.65,9.71,55841.0,54773.202
300638.SZ,20250321,34.96,34.99,32.68,32.75,548901.0,1840626.338
300639.SZ,20250321,6.06,6.11,5.97,5.99,72955.73,43896.328
300640.SZ,20250321,5.87,5.91,5.77,5.79,94052.0,54796.054
300641.SZ,20250321,25.26,25.6,25.06,25.25,120466.56,305316.286
300642.SZ,20250321,15.41,15.48,15.08,15.15,34317.65,52283.554
300643.SZ,20250321,15.0,15.0,14.41,14.44,68438.52,99871.909
300644.SZ,20250321,25.59,25.72,24.73,24.9,49728.6,124914.997
300645.SZ,20250321,16.24,16.24,15.75,15.79,41834.0,66715.734
300647.SZ,20250321,6.35,6.35,6.16,6.2,146001.0,91061.201
300648.SZ,20250321,27.91,27.91,26.6,26.64,58550.51,158235.444
300649.SZ,20250321,12.27,12.27,11.89,11.99,27482.0,33065.169
300650.SZ,20250321,13.4,13.58,13.14,13.42,85840.77,114570.455
300651.SZ,20250321,14.49,14.49,14.11,14.3,26499.0,37802.057
300652.SZ,20250321,53.41,54.25,50.38,50.42,53703.54,280636.058
300653.SZ,20250321,22.89,22.95,22.33,22.36,25083.76,56569.782
300654.SZ,20250321,11.35,11.52,11.2,11.21,97944.0,110946.578
300655.SZ,20250321,8.59,8.6,8.38,8.4,176600.67,149371.009
300656.SZ,20250321,24.53,24.99,24.29,24.81,30143.52,74447.101
300657.SZ,20250321,38.03,38.92,37.41,37.85,520284.1,1987111.118
300658.SZ,20250321,6.12,6.17,6.03,6.08,74333.4,45243.043
300659.SZ,20250321,17.6,17.7,16.98,17.14,60356.6,104262.063
300660.SZ,20250321,61.58,61.94,58.77,59.44,125441.83,751375.806
300661.SZ,20250321,91.48,91.97,88.3,88.92,58406.29,524782.181
300662.SZ,20250321,36.62,37.4,35.0,35.16,76021.0,273311.452
300663.SZ,20250321,17.8,17.86,17.07,17.08,234005.75,405883.055
300664.SZ,20250321,5.45,5.53,5.42,5.46,124473.5,68073.097
300665.SZ,20250321,7.27,7.29,7.11,7.18,48330.38,34696.361
300666.SZ,20250321,70.71,70.93,69.61,70.2,42714.02,299914.881
300667.SZ,20250321,20.2,21.51,19.71,20.06,368180.23,762181.483
300668.SZ,20250321,19.22,19.31,18.81,18.83,18974.0,36085.013
300669.SZ,20250321,22.47,22.88,22.22,22.35,12367.0,27755.472
300670.SZ,20250321,6.86,6.9,6.68,6.7,80970.0,54811.785
300671.SZ,20250321,33.3,33.55,32.48,32.57,42774.83,140746.654
300672.SZ,20250321,75.25,75.72,72.1,72.62,53576.42,392599.154
300673.SZ,20250321,17.01,17.18,16.6,16.71,43027.0,72527.757
300674.SZ,20250321,25.9,26.13,25.08,25.12,238753.63,608801.79
300675.SZ,20250321,15.42,15.75,15.28,15.44,49852.0,77413.764
300676.SZ,20250321,58.01,58.29,55.75,55.97,97469.61,551277.653
300677.SZ,20250321,24.77,24.99,24.28,24.36,124799.19,307818.476
300678.SZ,20250321,38.0,38.0,36.22,36.23,127129.2,469094.543
300679.SZ,20250321,56.2,56.37,54.54,55.79,64425.21,356196.25
300680.SZ,20250321,48.39,48.48,43.55,44.7,257557.33,1157902.684
300681.SZ,20250321,36.48,36.8,33.68,33.79,154788.91,540806.054
300682.SZ,20250321,13.7,13.81,13.21,13.24,144441.67,194192.273
300683.SZ,20250321,24.38,24.61,23.76,23.91,9875.0,23724.749
300684.SZ,20250321,26.3,26.35,24.93,24.93,128657.64,329205.236
300685.SZ,20250321,23.33,23.47,22.67,22.7,66183.5,152223.059
300686.SZ,20250321,9.19,9.27,8.97,9.01,75841.62,68744.918
300687.SZ,20250321,29.04,29.82,28.32,28.32,236125.39,683849.421
300688.SZ,20250321,30.73,31.48,30.2,30.59,78392.9,240160.289
300689.SZ,20250321,35.0,35.0,33.32,34.07,14436.0,48748.779
300690.SZ,20250321,24.0,24.78,23.8,23.9,76772.0,185808.798
300691.SZ,20250321,24.52,24.66,23.11,23.3,188516.84,450753.468
300692.SZ,20250321,6.39,6.96,6.37,6.78,238637.36,158216.237
300693.SZ,20250321,38.02,38.74,37.41,37.49,98119.94,371949.174
300694.SZ,20250321,15.03,15.28,14.71,14.75,74914.16,111550.835
300695.SZ,20250321,82.0,82.0,78.25,79.99,35366.08,283398.297
300696.SZ,20250321,17.0,17.47,16.84,16.99,65750.35,112216.812
300697.SZ,20250321,14.38,14.76,14.26,14.45,103664.26,150530.723
300698.SZ,20250321,40.9,42.8,39.35,41.95,69155.79,284732.598
300699.SZ,20250321,33.83,34.6,33.21,33.54,209082.49,707800.059
300700.SZ,20250321,9.0,10.78,9.0,10.05,660569.74,671187.574
300701.SZ,20250321,11.8,11.81,11.34,11.4,141143.62,162477.131
300702.SZ,20250321,18.5,18.53,18.01,18.2,17247.38,31438.186
300703.SZ,20250321,15.1,15.15,14.71,14.71,45552.7,67917.347
300705.SZ,20250321,17.68,17.84,17.23,17.31,192403.2,335604.294
300706.SZ,20250321,24.03,24.22,23.22,23.45,56533.4,133555.472
300707.SZ,20250321,16.8,16.94,16.01,16.24,154413.91,253609.897
300708.SZ,20250321,12.6,12.64,12.28,12.29,136958.48,169960.478
300709.SZ,20250321,41.7,41.79,39.6,39.6,123001.59,497966.983
300710.SZ,20250321,19.07,19.1,18.5,18.72,30411.25,56975.386
300711.SZ,20250321,23.52,23.9,23.15,23.15,39842.33,93336.462
300712.SZ,20250321,26.06,26.74,25.9,26.37,83520.28,221165.767
300713.SZ,20250321,19.66,19.78,18.31,18.4,197309.0,373675.034
300715.SZ,20250321,11.02,11.09,10.59,10.6,62303.06,67161.383
300716.SZ,20250321,11.13,11.18,10.74,10.75,41297.0,44995.663
300717.SZ,20250321,16.17,16.2,15.76,15.89,20830.08,33189.204
300718.SZ,20250321,93.56,93.96,89.0,89.39,240915.33,2190063.796
300719.SZ,20250321,18.72,19.05,18.33,18.53,87442.5,163093.508
300720.SZ,20250321,23.48,23.59,22.21,22.21,136701.68,311048.134
300721.SZ,20250321,14.5,16.8,14.16,15.33,347108.81,543292.558
300722.SZ,20250321,30.08,32.23,30.0,30.92,234136.05,731731.698
300723.SZ,20250321,24.82,25.0,22.41,22.55,115749.0,268315.539
300724.SZ,20250321,64.58,65.51,63.55,63.81,75149.83,483026.966
300725.SZ,20250321,37.19,37.49,36.12,36.25,46576.7,170462.737
300726.SZ,20250321,39.05,40.68,39.05,40.0,136646.55,546404.008
300727.SZ,20250321,42.53,43.23,40.08,40.45,56847.71,234399.569
300729.SZ,20250321,16.23,16.24,15.73,15.8,68581.58,109462.734
300730.SZ,20250321,14.7,14.76,14.1,14.18,153305.5,220207.603
300731.SZ,20250321,28.76,29.28,28.23,28.53,92875.0,266599.874
300732.SZ,20250321,6.88,6.96,6.83,6.89,63621.24,43847.859
300733.SZ,20250321,18.21,18.37,17.23,17.78,125338.52,223672.602
300735.SZ,20250321,31.4,31.4,29.07,29.08,447103.27,1331813.057
300736.SZ,20250321,9.88,9.88,9.34,9.34,67091.4,63784.095
300737.SZ,20250321,5.15,5.19,5.09,5.11,97559.28,50079.858
300738.SZ,20250321,24.51,25.33,24.1,24.28,961812.26,2372799.117
300739.SZ,20250321,14.82,14.93,14.44,14.45,98260.15,143917.634
300740.SZ,20250321,12.46,12.58,12.38,12.47,75987.48,94757.008
300741.SZ,20250321,16.9,17.01,16.56,16.72,23426.28,39308.825
300743.SZ,20250321,17.65,17.65,16.77,16.82,52233.6,89182.227
300745.SZ,20250321,21.28,21.31,20.35,20.61,67752.0,140176.864
300746.SZ,20250321,13.3,13.33,12.9,12.93,61663.15,80468.754
300747.SZ,20250321,20.4,20.73,20.09,20.17,83140.04,169150.456
300748.SZ,20250321,20.48,20.65,19.87,19.88,250055.87,504332.437
300749.SZ,20250321,7.05,7.1,6.89,6.93,49587.0,34629.867
300750.SZ,20250321,262.68,264.53,255.67,256.0,194320.06,5026360.932
300751.SZ,20250321,89.6,90.09,85.52,85.84,48803.33,427235.191
300752.SZ,20250321,21.93,21.93,20.28,20.49,98938.57,208617.314
300753.SZ,20250321,30.04,30.97,26.5,26.9,288959.38,806857.341
300755.SZ,20250321,17.46,17.6,17.01,17.01,57006.0,98248.891
300756.SZ,20250321,16.71,17.44,16.38,16.72,48511.38,81065.278
300757.SZ,20250321,181.01,186.83,179.03,180.55,35574.06,646339.48
300758.SZ,20250321,12.98,13.28,12.95,13.08,106178.7,139179.055
300759.SZ,20250321,27.68,28.18,27.09,27.3,209047.54,575226.194
300760.SZ,20250321,243.62,245.88,240.25,240.5,49600.47,1202174.321
300761.SZ,20250321,18.4,18.61,18.26,18.31,76172.59,140106.045
300762.SZ,20250321,23.1,24.15,22.92,23.62,379588.8,892241.409
300763.SZ,20250321,53.18,54.54,52.4,54.01,216377.88,1159435.773
300765.SZ,20250321,36.83,37.17,34.08,37.0,187985.83,660825.95
300766.SZ,20250321,49.39,52.5,48.0,49.01,1151776.54,5754811.031
300767.SZ,20250321,11.03,11.28,10.81,11.1,165371.32,182913.312
300768.SZ,20250321,19.6,19.65,19.03,19.08,52095.09,100446.318
300769.SZ,20250321,34.13,34.35,33.16,33.25,64243.35,216057.084
300770.SZ,20250321,39.6,39.75,39.02,39.17,21201.37,83424.289
300771.SZ,20250321,11.71,11.79,11.52,11.57,52155.22,60722.148
300772.SZ,20250321,13.23,13.75,13.1,13.23,307769.37,412055.468
300773.SZ,20250321,18.07,18.17,17.69,17.72,154698.82,277066.065
300774.SZ,20250321,9.18,9.32,9.11,9.14,53346.12,49081.0
300775.SZ,20250321,26.5,27.03,25.9,26.13,404365.3,1067692.073
300776.SZ,20250321,63.17,65.15,62.52,64.04,49035.03,312850.79
300777.SZ,20250321,35.3,35.96,34.95,35.58,109419.43,388185.851
300778.SZ,20250321,11.21,11.75,11.11,11.7,136352.67,157900.69
300779.SZ,20250321,145.15,150.0,145.15,150.0,38113.81,567294.753
300780.SZ,20250321,17.7,17.91,17.07,17.36,167139.0,290702.309
300781.SZ,20250321,56.15,56.16,54.96,55.06,27961.0,154951.852
300782.SZ,20250321,85.8,86.15,83.6,83.6,77371.96,653713.184
300783.SZ,20250321,28.47,28.76,27.66,27.77,148864.01,419928.246
300784.SZ,20250321,60.03,60.98,58.89,59.01,9126.25,54441.703
300785.SZ,20250321,35.1,35.36,33.7,33.86,49986.63,171716.21
300786.SZ,20250321,14.22,14.35,13.88,13.93,61682.4,86714.924
300787.SZ,20250321,13.88,13.88,13.5,13.55,40028.52,54633.703
300788.SZ,20250321,32.61,33.1,32.1,32.25,21875.0,71209.472
300789.SZ,20250321,26.76,27.08,24.42,24.62,143215.32,366013.152
300790.SZ,20250321,26.35,26.8,25.36,25.52,194468.33,502776.938
300791.SZ,20250321,27.44,27.82,26.94,27.04,25231.72,69011.251
300792.SZ,20250321,26.21,26.33,25.74,26.06,57816.79,150446.592
300793.SZ,20250321,20.0,20.1,19.2,19.2,278576.87,545548.506
300795.SZ,20250321,21.8,21.91,21.23,21.26,40740.25,87510.907
300796.SZ,20250321,10.16,10.18,10.04,10.06,36980.92,37385.24
300797.SZ,20250321,12.61,13.4,12.59,12.91,101603.5,131977.877
300798.SZ,20250321,8.8,10.86,8.71,10.32,1137501.8,1119519.762
300800.SZ,20250321,11.22,11.94,11.11,11.33,78590.36,90172.311
300801.SZ,20250321,16.73,16.92,16.44,16.52,20003.0,33271.662
300802.SZ,20250321,19.48,19.5,18.95,19.02,36980.0,70877.955
300803.SZ,20250321,65.12,66.29,63.02,63.3,200648.75,1290022.442
300804.SZ,20250321,25.09,25.09,24.56,24.68,7542.0,18681.178
300805.SZ,20250321,10.93,10.97,10.74,10.75,75095.0,81330.44
300806.SZ,20250321,17.7,17.87,16.89,17.06,216606.22,374346.843
300807.SZ,20250321,38.76,42.0,37.11,41.15,83333.83,331586.603
300808.SZ,20250321,29.69,29.96,29.11,29.68,13829.0,40796.717
300809.SZ,20250321,43.0,44.43,41.98,43.25,142847.25,614743.855
300810.SZ,20250321,41.56,47.88,41.56,44.9,293946.33,1305442.154
300811.SZ,20250321,49.83,50.33,48.96,49.09,36099.6,178772.326
300812.SZ,20250321,21.01,21.09,20.37,20.48,40291.6,83223.029
300813.SZ,20250321,19.67,19.79,19.21,19.25,30992.41,60184.169
300814.SZ,20250321,35.62,35.86,33.69,33.73,76731.82,264261.937
300815.SZ,20250321,17.39,17.73,17.24,17.38,59131.78,103243.911
300816.SZ,20250321,34.11,40.3,33.51,36.79,131280.19,480668.6
300817.SZ,20250321,32.2,33.17,29.9,30.18,328663.25,1019135.063
300818.SZ,20250321,23.85,23.98,23.4,23.47,47385.47,112078.81
300819.SZ,20250321,29.02,30.2,27.8,28.5,128143.42,369880.677
300820.SZ,20250321,51.8,52.68,51.18,51.46,26237.7,135750.731
300821.SZ,20250321,8.27,8.42,8.22,8.26,94363.05,78230.991
300822.SZ,20250321,22.0,22.0,21.05,21.13,42358.22,90438.214
300823.SZ,20250321,15.78,16.03,15.5,15.6,60661.2,95357.543
300824.SZ,20250321,10.09,10.15,9.88,9.97,52242.6,52302.368
300825.SZ,20250321,13.38,13.56,12.9,12.93,275985.5,364756.548
300826.SZ,20250321,16.29,17.13,16.15,16.98,97270.83,162953.816
300827.SZ,20250321,31.55,31.84,31.06,31.12,92872.31,291329.995
300828.SZ,20250321,17.25,17.42,16.8,17.27,72569.5,123924.492
300829.SZ,20250321,17.49,17.61,17.04,17.17,27264.72,47060.788
300830.SZ,20250321,9.12,9.15,8.87,8.9,99280.0,89178.548
300831.SZ,20250321,15.91,16.38,15.74,15.88,113031.0,181792.088
300832.SZ,20250321,59.9,60.43,59.14,60.05,24599.3,147007.864
300833.SZ,20250321,40.6,40.95,39.93,40.11,7786.8,31411.436
300834.SZ,20250321,20.64,20.83,20.43,20.52,7368.0,15193.378
300835.SZ,20250321,40.75,41.24,39.32,39.44,24518.0,98230.007
300836.SZ,20250321,53.0,53.48,50.8,51.28,7888.4,40974.631
300837.SZ,20250321,22.59,22.64,22.19,22.29,13554.0,30337.877
300838.SZ,20250321,17.0,17.01,16.57,16.79,33658.35,56485.107
300839.SZ,20250321,8.76,8.85,8.6,8.66,43655.65,37903.512
300840.SZ,20250321,26.58,28.0,25.7,26.39,426949.02,1150000.485
300841.SZ,20250321,59.74,60.09,58.12,58.71,25954.44,153138.401
300842.SZ,20250321,54.18,55.79,53.17,54.99,116624.84,635744.8
300843.SZ,20250321,34.99,34.99,33.0,33.11,83185.66,279543.735
300844.SZ,20250321,35.25,36.94,34.9,36.2,20486.8,73895.017
300845.SZ,20250321,14.27,14.66,14.03,14.08,68368.22,97752.966
300846.SZ,20250321,29.3,31.5,28.0,30.45,1505926.5,4564410.148
300847.SZ,20250321,17.86,18.77,17.81,18.29,138228.0,254751.87
300848.SZ,20250321,18.6,18.95,18.47,18.5,35063.4,65486.431
300849.SZ,20250321,16.47,16.47,15.86,15.93,37723.44,60530.569
300850.SZ,20250321,26.82,30.28,26.82,28.76,204246.36,590345.613
300851.SZ,20250321,28.23,28.58,27.91,28.08,8232.0,23179.732
300852.SZ,20250321,35.13,35.38,33.76,33.77,26847.12,92177.572
300853.SZ,20250321,31.51,32.51,29.14,29.34,269894.24,834392.286
300854.SZ,20250321,14.05,14.05,13.58,13.83,21890.0,30261.368
300855.SZ,20250321,24.0,24.58,23.47,23.51,76671.54,183560.25
300856.SZ,20250321,25.19,25.37,24.8,24.96,36007.0,90319.197
300857.SZ,20250321,124.19,125.27,118.0,118.66,114086.34,1383437.474
300858.SZ,20250321,13.09,13.1,12.81,12.84,38160.0,49299.591
300859.SZ,20250321,38.14,38.4,36.53,37.33,72459.77,270460.987
300860.SZ,20250321,27.45,27.9,26.91,27.06,41303.82,112989.886
300861.SZ,20250321,20.32,20.59,19.96,20.05,40839.44,82676.185
300862.SZ,20250321,29.35,29.83,28.0,29.08,79386.0,230501.562
300863.SZ,20250321,53.8,54.4,49.0,49.25,80633.29,411101.62
300864.SZ,20250321,21.74,21.92,21.48,21.51,9610.52,20789.016
300865.SZ,20250321,24.49,24.5,23.5,23.63,19751.22,47265.592
300866.SZ,20250321,103.03,103.88,98.18,99.0,42092.33,421081.32
300867.SZ,20250321,13.71,13.83,13.6,13.62,30458.0,41743.795
300868.SZ,20250321,31.65,32.29,31.05,31.51,30012.0,95045.482
300869.SZ,20250321,14.42,14.5,14.14,14.18,34190.0,48876.655
300870.SZ,20250321,146.0,151.5,146.0,148.3,31074.69,461576.206
300871.SZ,20250321,13.06,13.1,12.4,12.49,33338.49,42114.751
300872.SZ,20250321,17.39,17.45,16.79,16.84,133229.29,227697.194
300873.SZ,20250321,23.8,24.27,22.74,22.89,176263.52,413346.318
300875.SZ,20250321,29.67,30.47,29.31,29.86,43466.5,129959.225
300876.SZ,20250321,28.87,29.22,28.76,28.86,9626.0,27835.633
300877.SZ,20250321,14.72,14.79,14.38,14.43,20697.77,30079.514
300878.SZ,20250321,16.57,18.3,16.33,17.99,110343.43,192621.975
300879.SZ,20250321,20.5,20.89,19.62,19.89,380915.32,771577.801
300880.SZ,20250321,24.69,24.9,24.18,24.3,64355.53,157794.951
300881.SZ,20250321,34.25,36.63,34.25,35.08,58270.83,206985.425
300882.SZ,20250321,16.66,16.81,16.4,16.47,53040.16,87967.322
300883.SZ,20250321,5.83,5.89,5.7,5.72,88480.28,50959.698
300884.SZ,20250321,12.8,12.82,12.4,12.54,95683.99,120116.586
300885.SZ,20250321,15.98,16.31,15.5,15.66,228591.01,363077.684
300886.SZ,20250321,21.23,21.36,20.66,20.92,13331.6,27941.661
300887.SZ,20250321,8.71,9.42,8.67,9.05,403479.73,367278.671
300888.SZ,20250321,44.0,47.23,44.0,45.26,116408.8,533122.675
300889.SZ,20250321,16.95,17.07,16.63,16.7,24363.0,40890.376
300890.SZ,20250321,31.6,31.98,31.3,31.36,38215.0,120800.508
300891.SZ,20250321,9.18,9.31,8.96,9.03,63013.0,57370.222
300892.SZ,20250321,31.81,32.05,30.0,30.11,42036.0,130000.229
300893.SZ,20250321,35.23,35.5,34.11,34.4,16213.25,56092.448
300894.SZ,20250321,16.11,16.2,15.55,15.58,123959.0,195913.718
300895.SZ,20250321,56.85,59.97,56.85,58.88,169003.85,991779.451
300896.SZ,20250321,193.94,196.92,189.0,190.1,34061.4,653044.34
300897.SZ,20250321,26.35,26.65,25.91,26.07,14103.16,37012.365
300898.SZ,20250321,31.38,31.9,30.76,31.05,141439.91,442781.934
300899.SZ,20250321,23.51,24.24,23.05,23.3,28700.0,67468.89
300900.SZ,20250321,24.2,24.55,22.65,22.72,382311.47,899394.878
300901.SZ,20250321,13.2,13.25,12.5,12.51,41859.22,53288.473
300902.SZ,20250321,20.26,20.58,19.61,19.73,48756.8,97273.255
300903.SZ,20250321,8.78,8.84,8.49,8.55,141774.0,122384.831
300904.SZ,20250321,63.0,67.58,62.17,63.02,46914.0,304643.325
300905.SZ,20250321,28.01,28.68,27.55,27.69,34809.93,97341.126
300906.SZ,20250321,26.15,26.24,25.45,25.57,12302.0,31683.142
300907.SZ,20250321,27.65,27.66,26.33,26.38,52891.81,140773.746
300908.SZ,20250321,29.86,30.26,28.75,28.88,47824.25,140740.809
300909.SZ,20250321,28.8,28.81,27.81,28.1,35670.43,100652.584
300910.SZ,20250321,52.5,54.5,52.5,53.2,15531.58,83129.549
300911.SZ,20250321,43.93,44.09,42.25,42.62,33691.82,145420.911
300912.SZ,20250321,13.57,13.69,13.0,13.12,40783.0,53974.49
300913.SZ,20250321,51.5,51.72,50.2,50.84,38467.35,195483.315
300915.SZ,20250321,35.92,35.92,34.69,34.8,21424.0,75295.562
300916.SZ,20250321,33.15,33.19,31.63,31.66,39038.0,125875.971
300917.SZ,20250321,47.0,47.8,46.32,46.59,36822.64,172128.482
300918.SZ,20250321,21.61,21.61,19.8,20.31,480925.73,986762.237
300919.SZ,20250321,36.91,37.19,36.25,36.47,66434.27,243398.864
300920.SZ,20250321,19.94,20.0,19.21,19.43,16568.67,32398.127
300921.SZ,20250321,30.81,30.81,29.85,30.0,48991.0,147747.287
300922.SZ,20250321,19.02,19.66,18.72,19.5,164786.45,316608.577
300923.SZ,20250321,22.66,22.66,21.9,22.11,13894.0,30834.104
300925.SZ,20250321,25.74,26.03,25.0,25.0,170938.57,433012.227
300926.SZ,20250321,31.47,31.69,30.22,30.36,72231.66,221753.945
300927.SZ,20250321,19.8,20.38,19.62,19.66,52900.8,105672.654
300928.SZ,20250321,38.62,39.1,37.7,37.8,28750.0,110087.65
300929.SZ,20250321,9.48,9.52,9.18,9.27,29686.8,27692.897
300930.SZ,20250321,28.82,31.01,28.64,29.4,74123.05,221486.138
300931.SZ,20250321,7.37,7.38,7.09,7.21,45679.0,33078.509
300932.SZ,20250321,16.66,17.0,16.17,16.3,53149.96,87229.417
300933.SZ,20250321,8.01,8.48,7.86,8.16,468625.9,382523.369
300935.SZ,20250321,22.82,22.9,22.28,22.31,12327.2,27779.515
300936.SZ,20250321,42.8,43.2,42.12,42.12,26993.07,114762.918
300937.SZ,20250321,27.9,28.28,27.22,27.31,18868.0,52072.586
300938.SZ,20250321,40.43,40.43,37.85,37.85,105369.01,407349.043
300939.SZ,20250321,32.54,32.62,31.81,31.99,24346.28,78408.528
300940.SZ,20250321,17.37,17.8,16.93,17.34,94774.04,164820.798
300941.SZ,20250321,24.11,24.15,23.42,23.46,48434.56,115082.84
300942.SZ,20250321,9.22,9.4,9.05,9.2,138809.41,127559.47
300943.SZ,20250321,14.72,15.37,14.65,15.15,184685.37,277465.154
300945.SZ,20250321,12.58,12.58,12.0,12.09,154259.0,188368.313
300946.SZ,20250321,33.6,33.73,32.43,32.62,18815.6,61792.228
300947.SZ,20250321,20.0,20.43,19.85,20.31,71657.07,144592.63
300948.SZ,20250321,10.3,10.3,10.01,10.13,26327.0,26656.713
300949.SZ,20250321,35.85,35.99,34.61,34.99,10791.0,37873.19
300950.SZ,20250321,18.18,18.53,17.92,18.08,39630.0,72162.982
300951.SZ,20250321,32.62,32.72,31.62,31.7,24392.9,78225.744
300952.SZ,20250321,32.95,35.58,32.95,33.58,175462.04,603691.031
300953.SZ,20250321,171.2,171.2,161.67,163.33,58244.64,957836.399
300955.SZ,20250321,16.65,16.69,16.33,16.45,20035.0,32936.574
300956.SZ,20250321,25.4,25.49,24.71,24.93,82760.94,207857.775
300957.SZ,20250321,45.18,45.7,44.77,45.51,41623.04,188384.722
300958.SZ,20250321,12.32,12.41,12.17,12.27,26241.17,32202.676
300959.SZ,20250321,43.6,46.3,43.6,44.69,37370.12,168625.516
300960.SZ,20250321,25.16,25.4,24.8,25.1,20545.0,51428.969
300961.SZ,20250321,21.02,24.97,21.0,22.98,597940.76,1371125.481
300962.SZ,20250321,15.53,15.87,15.52,15.53,28852.0,45145.202
300963.SZ,20250321,9.76,10.4,9.65,10.4,333805.93,337372.394
300964.SZ,20250321,43.0,43.77,41.82,42.0,52487.66,224026.466
300965.SZ,20250321,40.43,40.96,40.0,40.56,2516.0,10201.791
300966.SZ,20250321,17.7,17.73,17.07,17.12,35570.0,61692.925
300967.SZ,20250321,14.8,15.17,13.86,13.95,170733.96,245751.581
300968.SZ,20250321,18.2,18.65,17.61,17.61,142254.5,255188.768
300969.SZ,20250321,91.2,92.63,88.95,89.2,8679.61,78561.389
300970.SZ,20250321,12.79,12.85,12.51,12.58,24044.0,30418.424
300971.SZ,20250321,26.45,28.77,26.06,27.28,182370.53,504679.049
300972.SZ,20250321,81.18,83.16,80.55,80.55,20652.0,168474.012
300973.SZ,20250321,42.78,44.03,42.46,42.84,28872.52,124935.447
300975.SZ,20250321,11.91,11.98,11.5,11.57,178677.69,208847.292
300976.SZ,20250321,70.1,70.16,67.24,67.25,19277.55,131904.345
300977.SZ,20250321,18.51,18.75,18.12,18.21,21380.79,39359.266
300978.SZ,20250321,12.16,12.16,11.7,11.81,89606.43,106656.041
300979.SZ,20250321,64.43,65.35,62.6,63.02,25225.02,160751.432
300980.SZ,20250321,29.47,29.6,27.32,27.8,65955.14,184686.739
300981.SZ,20250321,12.65,12.75,12.45,12.5,33135.24,41745.112
300982.SZ,20250321,18.38,18.61,18.15,18.29,26865.8,49312.353
300983.SZ,20250321,18.4,18.4,17.94,17.99,4936.06,8931.648
300984.SZ,20250321,75.28,75.28,68.28,70.01,41274.7,293251.102
300985.SZ,20250321,18.55,18.9,18.39,18.41,32111.4,59643.085
300986.SZ,20250321,19.6,20.05,19.05,19.39,142093.08,276444.619
300987.SZ,20250321,16.13,16.3,15.77,15.85,40810.3,65054.33
300988.SZ,20250321,22.35,22.35,21.58,21.61,58207.8,126977.849
300989.SZ,20250321,15.85,16.53,15.82,16.18,79847.15,130458.811
300990.SZ,20250321,47.35,48.29,45.33,47.54,26006.2,120864.097
300991.SZ,20250321,20.95,21.2,20.57,20.67,42972.2,89566.159
300992.SZ,20250321,24.1,24.1,23.2,23.56,18082.01,42539.826
300993.SZ,20250321,10.73,11.0,10.58,10.87,143942.62,155796.118
300994.SZ,20250321,13.11,13.34,12.8,13.12,63932.79,83257.125
300995.SZ,20250321,19.1,19.16,18.4,18.57,26229.49,48993.214
300996.SZ,20250321,24.57,24.75,23.88,23.91,63649.13,154077.218
300997.SZ,20250321,14.81,14.82,14.37,14.41,51855.24,75594.348
300998.SZ,20250321,17.77,17.9,17.45,17.63,39023.0,68953.131
300999.SZ,20250321,31.83,32.19,31.53,31.56,73893.71,235096.94
301000.SZ,20250321,42.5,42.55,39.5,39.73,164268.36,664662.296
301001.SZ,20250321,32.3,32.3,31.35,31.5,17040.0,54025.163
301002.SZ,20250321,18.15,18.41,17.73,17.79,18718.5,33649.609
301003.SZ,20250321,29.12,29.42,28.05,28.13,32635.7,92708.295
301004.SZ,20250321,100.56,101.45,96.5,97.48,6503.99,64141.74
301005.SZ,20250321,36.17,37.37,35.3,36.71,114557.94,418248.76
301006.SZ,20250321,14.84,14.84,14.48,14.58,15590.42,22820.976
301007.SZ,20250321,26.45,26.48,24.5,24.5,196914.71,500874.032
301008.SZ,20250321,27.02,27.88,25.92,25.93,89012.35,239094.2
301009.SZ,20250321,12.1,12.38,12.03,12.24,82864.12,101364.662
301010.SZ,20250321,17.6,17.76,17.16,17.31,24285.0,42228.294
301011.SZ,20250321,27.76,28.11,27.24,27.26,28666.39,79199.555
301012.SZ,20250321,27.18,27.8,26.88,27.35,57142.76,156581.397
301013.SZ,20250321,20.5,21.08,20.02,20.78,339016.5,696811.318
301015.SZ,20250321,22.86,22.87,21.25,21.43,142656.54,312227.44
301016.SZ,20250321,22.71,22.71,22.05,22.2,30466.78,67979.177
301017.SZ,20250321,12.19,12.28,11.79,11.82,37283.0,44615.676
301018.SZ,20250321,43.87,44.43,42.71,43.23,73989.0,320921.074
301019.SZ,20250321,17.78,18.58,17.48,17.99,74703.54,134565.834
301020.SZ,20250321,23.0,23.15,22.23,22.3,63196.65,142507.253
301021.SZ,20250321,31.2,31.86,30.9,31.32,59156.0,184860.113
301022.SZ,20250321,28.13,28.5,27.02,27.12,43964.33,121170.967
301023.SZ,20250321,68.5,68.68,64.2,64.4,26286.5,171924.548
301024.SZ,20250321,28.19,28.59,27.02,27.07,17224.5,47756.968
301025.SZ,20250321,9.21,9.32,9.09,9.12,47701.0,43788.063
301026.SZ,20250321,29.88,30.25,29.51,29.77,17657.0,52662.25
301027.SZ,20250321,14.05,14.48,13.85,14.41,38179.0,54029.431
301028.SZ,20250321,13.91,14.07,13.39,13.57,147350.05,201478.808
301029.SZ,20250321,28.08,28.26,26.84,26.95,84728.18,231392.764
301030.SZ,20250321,22.0,23.76,21.95,23.14,166372.84,384344.117
301031.SZ,20250321,129.22,130.71,126.18,127.14,9698.0,124422.54
301032.SZ,20250321,17.6,17.78,16.52,16.71,280363.49,478586.492
301033.SZ,20250321,48.88,49.24,47.1,47.24,9025.0,43164.404
301035.SZ,20250321,54.0,56.5,53.75,55.99,11571.21,64445.916
301036.SZ,20250321,38.96,39.98,38.2,38.27,19547.0,75686.928
301037.SZ,20250321,12.41,12.6,12.24,12.54,21564.4,26741.304
301038.SZ,20250321,21.0,22.91,20.71,22.48,192334.45,421755.194
301039.SZ,20250321,9.0,9.06,8.89,8.93,163333.0,146684.327
301040.SZ,20250321,16.21,17.26,16.15,16.34,63939.0,106158.324
301041.SZ,20250321,27.4,27.52,26.85,26.91,26524.0,71971.587
301042.SZ,20250321,39.87,39.93,38.1,38.1,24770.0,96036.649
301043.SZ,20250321,31.2,31.23,30.16,30.29,7238.0,22130.015
301045.SZ,20250321,22.48,22.52,22.03,22.36,19272.01,42948.58
301046.SZ,20250321,22.48,22.54,21.8,21.9,28669.29,63332.27
301047.SZ,20250321,64.09,64.52,63.31,63.8,6700.4,42784.201
301048.SZ,20250321,9.43,9.91,9.41,9.61,115609.81,112078.28
301049.SZ,20250321,24.46,24.64,23.99,24.01,14059.0,34076.865
301050.SZ,20250321,55.02,56.2,53.83,54.22,74657.2,409743.072
301051.SZ,20250321,24.7,24.84,24.07,24.36,17246.4,42002.833
301052.SZ,20250321,29.5,29.95,28.9,29.02,38492.25,112577.873
301053.SZ,20250321,32.0,33.29,30.7,31.08,67744.65,216662.749
301055.SZ,20250321,15.55,15.99,15.35,15.87,35132.36,55062.185
301056.SZ,20250321,9.23,9.23,9.01,9.05,30513.0,27756.7
301057.SZ,20250321,14.08,14.14,13.76,13.85,17279.0,24063.016
301058.SZ,20250321,11.72,11.86,11.61,11.62,49868.0,58396.708
301059.SZ,20250321,11.55,11.73,11.39,11.48,29001.37,33496.672
301060.SZ,20250321,10.58,10.58,10.24,10.29,53774.0,55717.161
301061.SZ,20250321,73.8,74.6,73.04,73.4,3853.0,28417.687
301062.SZ,20250321,9.97,10.02,9.82,9.88,82386.0,81721.186
301063.SZ,20250321,26.81,30.0,26.54,28.52,254443.04,723350.395
301065.SZ,20250321,20.01,20.16,19.71,19.8,12170.0,24232.595
301066.SZ,20250321,14.31,14.39,13.91,13.95,40931.0,57511.474
301067.SZ,20250321,30.4,30.48,29.32,29.48,22816.0,67766.155
301068.SZ,20250321,36.22,39.35,35.82,38.09,31892.47,120867.32
301069.SZ,20250321,16.5,16.57,15.86,15.86,87029.82,140678.009
301070.SZ,20250321,54.55,55.25,52.8,52.91,16858.62,90779.961
301071.SZ,20250321,34.98,35.28,34.44,34.58,53590.4,186584.349
301072.SZ,20250321,22.64,22.78,21.63,21.82,26914.0,59038.181
301073.SZ,20250321,22.35,23.03,22.15,22.96,80615.08,182750.465
301075.SZ,20250321,22.73,23.11,21.9,22.22,29554.0,66211.074
301076.SZ,20250321,29.45,29.5,28.2,28.2,43782.73,125430.108
301077.SZ,20250321,27.67,27.76,27.03,27.24,12871.0,35089.354
301078.SZ,20250321,14.57,14.96,14.0,14.05,819729.96,1178518.784
301079.SZ,20250321,28.28,29.06,26.46,29.06,274490.87,789379.368
301080.SZ,20250321,54.82,55.5,53.5,54.06,12826.68,69764.853
301081.SZ,20250321,9.83,9.87,9.58,9.69,25397.5,24662.386
301082.SZ,20250321,16.0,16.09,14.8,14.88,169127.46,257796.63
301083.SZ,20250321,17.35,18.45,17.06,17.77,190217.58,338574.087
301085.SZ,20250321,71.23,71.23,68.26,68.58,29784.85,206399.381
301086.SZ,20250321,52.48,52.63,50.89,51.05,21529.11,111055.87
301087.SZ,20250321,36.18,36.23,35.31,35.61,16134.4,57636.59
301088.SZ,20250321,13.8,14.01,13.61,13.77,21142.0,29138.579
301089.SZ,20250321,28.75,28.93,28.09,28.2,21738.1,61747.656
301090.SZ,20250321,7.49,7.56,7.41,7.45,75731.98,56698.948
301091.SZ,20250321,47.83,47.83,45.96,46.02,57011.8,265674.233
301092.SZ,20250321,25.03,25.03,24.47,24.7,9286.0,22939.282
301093.SZ,20250321,29.18,29.8,28.6,28.99,21658.0,63134.633
301095.SZ,20250321,55.59,57.97,54.24,57.46,82368.2,464411.258
301096.SZ,20250321,37.86,38.14,37.16,37.17,19483.0,73028.54
301097.SZ,20250321,38.77,39.19,38.07,38.4,3976.0,15305.742
301098.SZ,20250321,8.51,8.55,8.36,8.43,33645.0,28432.154
301099.SZ,20250321,51.43,52.53,50.55,51.0,52562.17,270859.415
301100.SZ,20250321,16.75,16.92,16.41,16.49,9742.63,16185.136
301101.SZ,20250321,56.5,57.03,53.43,53.43,71377.0,390677.535
301102.SZ,20250321,11.12,11.21,10.87,10.9,41616.02,45790.85
301103.SZ,20250321,21.28,21.28,20.8,20.87,11193.5,23511.553
301105.SZ,20250321,33.77,37.03,32.53,36.5,38140.69,134371.766
301106.SZ,20250321,32.13,32.28,31.0,31.1,14420.4,45348.866
301107.SZ,20250321,38.72,40.0,37.0,37.16,54399.16,207175.741
301108.SZ,20250321,27.48,27.5,26.91,27.01,6853.0,18598.957
301109.SZ,20250321,21.27,21.47,20.92,21.02,71291.93,150657.803
301110.SZ,20250321,51.55,51.67,50.05,50.53,20009.2,101567.89
301111.SZ,20250321,18.01,18.5,16.86,16.91,135622.86,243058.337
301112.SZ,20250321,28.9,29.2,27.95,28.05,31335.0,88623.292
301113.SZ,20250321,25.33,25.49,24.63,24.86,7211.0,18013.421
301115.SZ,20250321,14.5,14.62,14.31,14.44,24616.0,35566.944
301116.SZ,20250321,11.88,12.02,11.69,11.74,68310.0,80945.957
301117.SZ,20250321,34.3,34.37,33.15,33.33,21671.62,72945.773
301118.SZ,20250321,19.08,19.27,18.63,18.7,17836.0,33643.961
301119.SZ,20250321,38.0,38.0,36.0,36.04,29896.24,109054.991
301120.SZ,20250321,10.7,10.99,10.37,10.73,284536.1,303832.041
301121.SZ,20250321,61.35,61.35,58.6,58.89,22337.0,133489.988
301122.SZ,20250321,24.39,24.63,23.37,23.6,27739.68,66019.338
301123.SZ,20250321,25.3,25.44,24.56,24.75,70199.46,175455.154
301125.SZ,20250321,13.3,13.39,12.84,12.95,64411.08,83956.535
301126.SZ,20250321,11.94,12.03,11.68,11.71,92550.52,109347.846
301127.SZ,20250321,17.92,18.4,17.66,17.8,182525.62,329071.917
301128.SZ,20250321,80.33,81.67,78.58,78.59,26890.99,215102.793
301129.SZ,20250321,23.7,23.78,22.85,22.89,18169.0,42102.832
301130.SZ,20250321,27.76,27.96,27.43,27.44,7909.0,21868.788
301131.SZ,20250321,40.15,40.15,38.69,39.11,16294.1,63956.193
301132.SZ,20250321,28.82,29.17,28.26,28.3,20265.0,58020.73
301133.SZ,20250321,25.55,25.55,24.5,24.69,27232.0,67683.524
301135.SZ,20250321,28.7,28.89,27.72,27.77,48300.79,135074.703
301136.SZ,20250321,12.6,14.88,12.59,13.95,319981.53,442028.948
301137.SZ,20250321,19.3,22.39,19.21,21.9,229900.27,489891.257
301138.SZ,20250321,31.51,31.57,30.39,30.59,28243.51,87002.068
301139.SZ,20250321,34.22,35.17,32.89,34.27,117784.59,400412.793
301141.SZ,20250321,38.4,38.47,37.17,37.2,20532.6,77405.76
301148.SZ,20250321,19.85,20.33,19.69,19.73,30224.48,60190.307
301149.SZ,20250321,11.75,11.92,11.55,11.56,62083.61,72683.487
301150.SZ,20250321,21.75,21.88,21.1,21.16,27116.36,58059.933
301151.SZ,20250321,16.32,17.05,16.2,16.52,72699.97,120966.454
301152.SZ,20250321,28.63,28.74,27.97,27.99,19567.0,55217.072
301153.SZ,20250321,28.81,28.85,27.0,27.05,54527.22,150889.726
301155.SZ,20250321,64.68,68.3,63.75,67.38,91948.37,612317.44
301156.SZ,20250321,14.02,14.02,13.64,13.8,14550.34,20104.584
301157.SZ,20250321,56.4,57.12,54.57,54.62,18725.82,103933.841
301158.SZ,20250321,16.88,19.93,16.8,18.95,258624.49,479727.389
301159.SZ,20250321,32.84,32.88,32.03,32.06,14175.13,45894.346
301160.SZ,20250321,114.46,117.5,105.88,107.0,40338.92,447762.659
301161.SZ,20250321,24.15,25.63,23.66,25.55,131218.22,327357.707
301162.SZ,20250321,48.22,48.49,47.35,47.48,10965.2,52349.688
301163.SZ,20250321,26.1,27.28,25.23,25.23,80669.79,211598.528
301165.SZ,20250321,73.0,73.78,71.4,71.51,59992.85,435012.689
301166.SZ,20250321,31.19,31.32,30.5,30.62,11192.7,34486.842
301167.SZ,20250321,13.87,14.04,13.66,13.82,23305.89,32198.586
301168.SZ,20250321,29.6,29.87,29.11,29.29,16184.0,47606.0
301169.SZ,20250321,41.3,41.3,39.58,39.77,13938.0,55978.413
301170.SZ,20250321,27.53,27.61,26.28,26.38,49727.0,133307.316
301171.SZ,20250321,28.1,28.28,27.35,27.58,172855.0,479364.327
301172.SZ,20250321,31.0,31.15,29.73,29.76,44239.75,133714.896
301173.SZ,20250321,56.61,56.61,54.83,55.22,22946.71,127277.64
301175.SZ,20250321,5.56,5.72,5.54,5.6,362785.69,203937.254
301176.SZ,20250321,20.17,20.2,19.52,19.57,48161.46,95546.944
301177.SZ,20250321,30.38,30.54,29.3,29.38,27035.59,80524.634
301178.SZ,20250321,34.51,36.98,33.72,36.47,75088.72,265042.624
301179.SZ,20250321,19.45,19.5,18.66,18.74,83980.6,159634.132
301180.SZ,20250321,14.6,14.77,14.21,14.26,36640.48,52893.955
301181.SZ,20250321,26.21,26.4,25.59,26.1,32317.74,83737.301
301182.SZ,20250321,39.15,39.19,37.9,38.15,31661.0,121710.741
301183.SZ,20250321,52.6,52.7,51.01,51.07,25428.54,131660.31
301185.SZ,20250321,18.93,18.98,18.46,18.49,27622.82,51607.257
301186.SZ,20250321,43.06,43.38,41.59,41.78,15815.35,66602.315
301187.SZ,20250321,41.38,41.45,39.25,39.46,36375.0,146405.554
301188.SZ,20250321,17.01,17.14,16.55,16.7,29089.0,48991.83
301189.SZ,20250321,26.97,27.17,26.34,26.41,16170.0,43025.398
301190.SZ,20250321,19.26,20.12,19.24,19.48,33343.0,65847.433
301191.SZ,20250321,119.56,121.36,113.2,114.01,33010.7,383156.667
301192.SZ,20250321,22.44,22.54,21.4,21.5,19502.0,42464.343
301193.SZ,20250321,16.74,16.83,16.5,16.5,12881.0,21408.004
301195.SZ,20250321,37.03,37.05,35.63,35.73,21256.4,76984.075
301196.SZ,20250321,60.0,60.0,56.41,57.1,65233.15,375057.993
301197.SZ,20250321,16.22,16.34,15.9,15.95,23960.11,38603.695
301198.SZ,20250321,11.59,11.59,11.16,11.21,36616.65,41444.81
301199.SZ,20250321,38.6,38.6,36.42,36.89,54864.46,204339.249
301200.SZ,20250321,42.01,42.79,41.18,41.19,22297.0,93155.848
301201.SZ,20250321,20.12,20.12,19.67,19.75,12988.34,25822.816
301202.SZ,20250321,49.0,49.31,46.9,46.9,40073.0,191479.161
301203.SZ,20250321,31.53,31.7,31.0,31.25,6771.25,21221.223
301205.SZ,20250321,71.95,72.95,70.5,70.58,23988.22,171313.912
301206.SZ,20250321,26.34,26.52,26.01,26.11,9699.41,25470.371
301207.SZ,20250321,17.67,17.77,17.33,17.36,22673.95,39723.759
301208.SZ,20250321,44.3,44.48,42.39,42.5,61732.4,266671.764
301209.SZ,20250321,38.2,38.38,37.13,37.24,25814.0,96983.564
301210.SZ,20250321,62.51,63.39,58.9,59.11,41435.46,250148.522
301211.SZ,20250321,18.29,18.44,17.81,17.86,30104.6,54328.995
301212.SZ,20250321,22.71,24.45,22.5,23.26,23520.0,54874.23
301213.SZ,20250321,50.1,50.37,49.26,50.18,13263.74,66097.024
301215.SZ,20250321,6.01,6.07,5.9,5.92,128336.77,76597.749
301216.SZ,20250321,13.1,13.45,13.08,13.39,83675.9,111147.721
301217.SZ,20250321,11.61,11.65,11.4,11.45,84414.0,97007.559
301218.SZ,20250321,23.19,23.19,22.46,22.53,23606.0,53603.396
301219.SZ,20250321,57.18,58.47,55.46,56.01,98340.26,561349.398
301220.SZ,20250321,77.0,78.88,76.49,77.99,20184.84,156538.452
301221.SZ,20250321,52.81,53.15,50.85,50.95,34071.0,176814.849
301222.SZ,20250321,29.11,29.31,28.45,28.68,13890.0,39975.589
301223.SZ,20250321,16.79,16.97,16.67,16.74,7007.13,11766.601
301225.SZ,20250321,46.67,46.67,39.11,40.6,78891.22,338386.066
301226.SZ,20250321,31.04,31.28,29.49,29.63,66011.4,197934.907
301227.SZ,20250321,17.52,17.63,17.24,17.51,16266.09,28329.625
301228.SZ,20250321,18.97,19.41,18.72,18.95,43927.0,83651.086
301229.SZ,20250321,28.0,28.8,27.0,27.55,116784.28,325942.013
301230.SZ,20250321,33.7,34.01,32.35,32.5,34283.26,113189.976
301231.SZ,20250321,23.62,24.62,23.4,24.35,58257.97,139358.432
301232.SZ,20250321,28.61,29.6,28.33,29.51,37448.2,109599.374
301233.SZ,20250321,50.75,50.75,49.17,49.51,15571.0,77598.839
301234.SZ,20250321,28.5,28.5,27.85,27.9,8600.0,24151.589
301235.SZ,20250321,20.86,20.97,20.5,20.56,16968.5,35082.344
301236.SZ,20250321,64.5,64.51,61.0,61.05,458493.54,2852811.267
301237.SZ,20250321,26.66,26.77,24.59,24.72,13904.22,35310.138
301238.SZ,20250321,19.75,19.86,19.0,19.11,142372.0,275134.357
301239.SZ,20250321,48.67,49.05,45.6,45.74,40762.98,191111.274
301246.SZ,20250321,14.1,14.19,13.9,13.91,32005.7,44862.798
301248.SZ,20250321,21.65,21.78,20.65,20.83,80341.97,169042.638
301251.SZ,20250321,39.18,39.19,37.82,37.82,42075.0,161509.465
301252.SZ,20250321,39.0,39.18,37.48,37.49,26611.6,101477.836
301255.SZ,20250321,58.5,60.69,55.0,55.0,70226.72,403951.729
301256.SZ,20250321,8.46,8.6,8.4,8.5,50426.0,42814.491
301257.SZ,20250321,33.45,33.7,32.5,32.65,23121.67,76177.53
301258.SZ,20250321,25.22,25.74,24.86,24.97,9702.0,24368.516
301259.SZ,20250321,42.4,42.54,39.88,40.17,46395.1,188935.563
301260.SZ,20250321,15.4,15.58,14.92,14.99,60944.66,92572.179
301261.SZ,20250321,110.01,122.0,109.0,120.75,57927.01,673541.358
301262.SZ,20250321,25.38,25.54,24.79,24.88,20679.0,51973.665
301263.SZ,20250321,20.39,20.75,19.98,20.19,44212.4,89092.332
301265.SZ,20250321,9.45,9.78,9.41,9.71,53805.86,51731.654
301266.SZ,20250321,37.99,38.68,37.66,38.18,32116.0,122490.491
301267.SZ,20250321,21.58,21.98,21.28,21.57,100377.16,216716.441
301268.SZ,20250321,21.61,21.81,20.35,20.42,70604.07,147877.781
301270.SZ,20250321,38.9,38.9,37.29,37.38,33816.71,127752.329
301272.SZ,20250321,39.3,39.44,38.5,38.64,8645.0,33554.311
301273.SZ,20250321,25.25,25.47,24.33,24.5,10755.0,26528.639
301275.SZ,20250321,73.33,76.16,71.58,74.69,85433.0,627579.101
301276.SZ,20250321,21.19,21.25,21.0,21.15,10980.0,23204.035
301277.SZ,20250321,16.28,16.64,16.24,16.33,95691.84,157274.812
301278.SZ,20250321,37.05,37.05,36.1,36.22,12949.5,47236.942
301279.SZ,20250321,26.0,26.0,24.86,24.92,46429.44,117410.951
301280.SZ,20250321,66.06,66.72,59.81,60.6,52278.9,327067.321
301281.SZ,20250321,33.8,34.2,31.26,31.66,30930.31,101067.218
301282.SZ,20250321,24.57,24.71,23.95,24.11,42548.0,103280.799
301283.SZ,20250321,27.72,27.93,27.32,27.47,9140.0,25179.114
301285.SZ,20250321,32.6,32.6,31.2,31.72,26703.0,84579.855
301286.SZ,20250321,28.72,28.9,28.04,28.25,11807.0,33437.6
301287.SZ,20250321,32.51,32.68,32.01,32.04,11488.0,37093.513
301288.SZ,20250321,14.4,14.78,14.1,14.32,48665.93,70374.069
301289.SZ,20250321,50.09,55.26,50.08,52.57,62860.79,331244.43
301290.SZ,20250321,24.5,24.56,23.86,24.0,12572.07,30323.448
301291.SZ,20250321,46.72,47.62,46.18,47.1,43671.4,205047.897
301292.SZ,20250321,14.6,15.18,14.6,14.79,40414.02,60293.686
301293.SZ,20250321,55.99,56.4,52.67,53.18,151438.47,818663.611
301295.SZ,20250321,23.84,23.84,22.9,23.01,16535.76,38248.693
301296.SZ,20250321,9.95,10.04,9.82,9.87,34297.6,33993.559
301297.SZ,20250321,39.72,39.89,39.11,39.54,41188.42,162378.845
301298.SZ,20250321,20.0,21.93,18.41,20.96,401064.1,799511.851
301299.SZ,20250321,70.0,74.12,69.2,73.0,44951.45,324192.095
301300.SZ,20250321,32.16,32.16,30.2,30.98,24619.56,76433.805
301301.SZ,20250321,12.81,12.92,12.57,12.62,138126.99,175388.196
301302.SZ,20250321,25.0,25.44,24.69,24.93,40443.0,101244.55
301303.SZ,20250321,14.31,14.35,14.13,14.18,18060.4,25696.867
301305.SZ,20250321,18.11,18.2,17.86,17.88,17265.32,31025.68
301306.SZ,20250321,42.64,43.48,40.8,41.1,20638.0,86075.279
301307.SZ,20250321,25.77,25.79,24.19,24.54,129185.0,320829.511
301308.SZ,20250321,102.0,102.0,97.88,99.72,95702.0,955919.193
301309.SZ,20250321,28.03,28.06,27.31,27.52,15043.0,41585.028
301310.SZ,20250321,37.0,37.43,34.46,34.5,82136.33,294737.508
301311.SZ,20250321,19.93,21.74,19.83,20.87,207996.27,434168.579
301312.SZ,20250321,50.01,50.33,48.46,48.6,26708.0,131320.945
301313.SZ,20250321,24.12,24.15,23.54,23.64,28555.0,67957.318
301314.SZ,20250321,39.98,39.99,38.34,38.43,8733.0,33948.772
301315.SZ,20250321,57.78,59.2,56.86,58.5,34489.36,199914.173
301316.SZ,20250321,28.66,30.19,28.26,29.33,316593.12,933062.097
301317.SZ,20250321,20.53,20.75,20.11,20.43,16625.47,33978.31
301318.SZ,20250321,32.71,33.1,32.06,32.06,20343.11,66185.479
301319.SZ,20250321,33.75,34.1,32.81,32.87,16614.1,55342.185
301320.SZ,20250321,18.9,19.18,18.51,19.0,77636.89,146041.908
301321.SZ,20250321,15.92,15.92,14.99,15.08,33359.54,51245.008
301322.SZ,20250321,27.03,27.5,25.78,26.06,28210.81,74424.028
301323.SZ,20250321,45.74,46.75,45.01,46.67,14981.0,68683.06
301325.SZ,20250321,67.01,67.52,62.91,63.07,76668.25,493151.842
301326.SZ,20250321,65.12,65.6,61.81,62.42,14970.0,94985.074
301327.SZ,20250321,82.02,85.06,81.55,81.71,13467.1,111741.2
301328.SZ,20250321,45.9,46.23,44.7,45.02,26068.56,118091.63
301329.SZ,20250321,22.5,22.55,21.88,21.96,30959.0,68495.49
301330.SZ,20250321,29.93,30.6,29.48,29.65,41796.8,125412.439
301331.SZ,20250321,26.45,30.34,26.45,28.13,116027.3,335278.68
301332.SZ,20250321,11.2,11.25,10.96,11.0,59717.06,66250.735
301333.SZ,20250321,54.95,55.78,52.78,52.99,11806.07,63486.553
301335.SZ,20250321,25.02,25.13,24.45,24.53,40169.4,99134.86
301336.SZ,20250321,91.93,94.99,85.61,85.9,45053.0,402482.79
301337.SZ,20250321,32.03,32.43,31.33,31.37,30308.0,96431.992
301338.SZ,20250321,36.82,37.99,36.4,37.23,49528.9,184243.101
301339.SZ,20250321,22.8,22.84,22.18,22.23,49099.48,110068.78
301345.SZ,20250321,68.28,70.47,67.19,68.25,18414.04,127320.944
301348.SZ,20250321,24.93,26.17,24.9,25.88,162636.53,419328.072
301349.SZ,20250321,36.16,37.09,34.8,35.84,24764.0,88663.371
301353.SZ,20250321,31.4,31.91,30.53,30.62,24388.41,75679.6
301355.SZ,20250321,11.99,12.0,11.81,11.89,31698.08,37672.683
301356.SZ,20250321,17.9,18.5,17.71,18.28,32554.57,59003.619
301357.SZ,20250321,35.72,36.78,35.35,36.03,38339.6,138257.863
301358.SZ,20250321,40.69,41.3,39.56,39.67,62432.81,250709.914
301359.SZ,20250321,26.28,26.35,25.4,25.64,15318.0,39350.595
301360.SZ,20250321,56.47,56.47,54.39,54.42,18242.0,100703.355
301361.SZ,20250321,36.0,36.99,35.66,36.8,44603.67,162400.177
301362.SZ,20250321,39.87,40.29,39.28,39.5,7267.85,28845.349
301363.SZ,20250321,28.36,28.88,27.9,28.2,34063.01,96877.407
301365.SZ,20250321,20.8,20.89,19.87,20.06,89018.02,179684.594
301366.SZ,20250321,59.0,59.59,57.62,57.63,45550.0,266041.513
301367.SZ,20250321,61.6,61.97,60.21,60.4,6346.4,38676.443
301368.SZ,20250321,83.1,84.48,79.0,79.0,77206.37,620406.027
301369.SZ,20250321,56.6,56.6,55.0,55.11,10520.0,58552.926
301370.SZ,20250321,11.69,11.75,11.48,11.51,36168.77,41933.364
301371.SZ,20250321,36.02,36.15,35.3,35.62,10411.5,37139.417
301372.SZ,20250321,22.04,22.07,21.36,21.72,21623.99,46860.901
301373.SZ,20250321,29.94,29.94,29.2,29.29,10644.0,31360.476
301376.SZ,20250321,20.02,20.22,19.51,19.61,16019.0,31743.809
301377.SZ,20250321,31.0,31.76,29.89,29.9,101304.21,310894.506
301378.SZ,20250321,30.95,31.48,30.0,30.09,19406.6,59247.531
301379.SZ,20250321,33.96,34.44,32.32,32.52,63474.4,209667.689
301380.SZ,20250321,51.78,51.78,49.5,49.58,29306.2,148457.681
301381.SZ,20250321,23.56,24.07,23.15,23.27,36027.71,84821.727
301382.SZ,20250321,46.35,47.21,43.0,43.64,328618.37,1463038.262
301383.SZ,20250321,53.47,53.47,50.48,51.14,68489.66,355144.426
301386.SZ,20250321,22.02,22.07,21.5,21.56,16448.12,35677.009
301387.SZ,20250321,37.8,37.8,35.5,35.84,39042.82,141832.306
301388.SZ,20250321,25.5,25.77,24.88,25.02,24079.0,60681.522
301389.SZ,20250321,24.27,24.46,23.76,23.81,91218.0,219265.705
301390.SZ,20250321,36.3,38.1,35.48,37.05,39968.54,148500.423
301391.SZ,20250321,41.79,42.39,40.68,40.72,14116.25,58083.906
301392.SZ,20250321,84.11,85.5,82.27,83.48,13093.6,109961.514
301393.SZ,20250321,42.22,42.82,41.6,41.74,7315.0,30729.95
301395.SZ,20250321,12.02,12.17,11.9,11.97,16864.47,20242.469
301396.SZ,20250321,82.8,88.36,78.16,86.25,185315.39,1556738.702
301397.SZ,20250321,39.6,39.65,37.41,37.5,36902.54,140403.785
301398.SZ,20250321,59.93,60.5,56.01,56.28,24762.0,142705.1
301399.SZ,20250321,27.35,27.36,26.01,26.06,29405.95,77770.432
301408.SZ,20250321,12.2,12.27,11.93,11.98,75735.47,91433.595
301413.SZ,20250321,97.65,98.2,93.56,94.81,26569.59,252480.112
301418.SZ,20250321,35.91,36.57,35.65,35.71,12317.32,44367.418
301419.SZ,20250321,36.01,36.08,34.17,34.25,34460.0,120015.187
301421.SZ,20250321,54.61,58.3,54.61,56.66,115946.52,659229.786
301428.SZ,20250321,47.57,48.5,46.0,46.16,66879.0,315484.688
301429.SZ,20250321,17.9,17.9,17.49,17.56,15562.0,27507.069
301439.SZ,20250321,17.76,18.13,16.92,16.93,173239.77,299930.634
301446.SZ,20250321,23.65,24.48,23.45,24.24,47914.9,115195.169
301448.SZ,20250321,24.5,24.76,23.95,24.04,20494.9,49743.409
301456.SZ,20250321,27.5,30.0,27.25,28.37,102570.15,295591.177
301458.SZ,20250321,37.95,37.95,36.67,36.75,83959.39,312550.481
301459.SZ,20250321,59.98,60.36,57.75,58.5,18683.08,109120.836
301468.SZ,20250321,23.24,24.28,22.91,23.94,36821.31,87010.548
301469.SZ,20250321,25.5,25.55,25.09,25.14,8407.0,21239.159
301479.SZ,20250321,133.51,137.59,129.53,135.9,54197.57,724052.571
301486.SZ,20250321,60.0,60.21,57.0,57.41,60473.66,351053.224
301487.SZ,20250321,22.4,22.98,21.8,21.91,123882.0,276636.036
301488.SZ,20250321,72.3,72.99,68.85,68.85,21076.0,147571.788
301489.SZ,20250321,64.38,65.12,62.84,62.91,16618.21,106028.87
301498.SZ,20250321,89.1,91.27,88.0,89.88,24942.99,223840.907
301499.SZ,20250321,30.25,30.35,28.52,28.58,54515.57,159268.271
301500.SZ,20250321,20.69,21.2,20.44,20.56,45697.58,94984.679
301501.SZ,20250321,61.42,61.43,57.54,57.57,87208.13,515087.088
301502.SZ,20250321,45.49,47.24,44.73,44.74,31094.48,142157.52
301503.SZ,20250321,44.9,45.02,42.72,42.73,19723.0,86095.757
301505.SZ,20250321,24.18,24.18,23.81,23.9,13032.0,31237.885
301507.SZ,20250321,13.4,13.56,13.16,13.18,42025.0,55998.14
301508.SZ,20250321,34.61,34.98,34.18,34.29,18134.0,62558.144
301509.SZ,20250321,27.12,27.22,26.52,26.59,19055.4,51020.965
301510.SZ,20250321,40.34,40.79,38.5,38.9,123411.0,485392.618
301511.SZ,20250321,15.51,15.53,14.98,15.08,112582.8,171210.633
301512.SZ,20250321,44.8,44.8,42.68,43.14,14820.0,64262.81
301515.SZ,20250321,19.67,19.78,19.31,19.43,12043.68,23466.573
301516.SZ,20250321,17.7,18.08,17.48,17.56,41696.85,73911.077
301517.SZ,20250321,53.95,56.36,53.59,55.42,52648.98,290823.801
301518.SZ,20250321,17.31,17.39,17.04,17.16,10572.04,18174.432
301519.SZ,20250321,13.9,14.57,13.8,14.39,83452.52,118998.079
301520.SZ,20250321,41.54,41.62,40.0,40.6,7684.26,31388.201
301522.SZ,20250321,37.8,38.48,37.67,38.05,49339.0,187772.766
301525.SZ,20250321,85.69,89.0,84.71,86.1,27706.0,240504.451
301526.SZ,20250321,3.49,3.57,3.47,3.5,340246.0,119837.349
301528.SZ,20250321,45.91,48.49,45.3,47.3,24000.72,113711.122
301529.SZ,20250321,33.19,33.21,31.89,32.18,18927.0,61262.947
301533.SZ,20250321,33.0,34.09,32.51,33.81,43384.05,144558.124
301536.SZ,20250321,74.0,74.13,69.08,69.08,39403.86,277692.341
301538.SZ,20250321,75.48,78.01,74.18,75.89,17592.22,134644.018
301539.SZ,20250321,21.0,21.11,20.33,20.44,35743.61,73804.761
301548.SZ,20250321,54.36,59.5,54.36,55.63,59196.35,338948.949
301550.SZ,20250321,119.0,119.5,109.38,110.0,65043.0,734630.004
301551.SZ,20250321,53.6,53.65,52.05,53.2,16012.87,84464.918
301552.SZ,20250321,60.7,62.26,57.8,57.83,24297.63,145042.859
301555.SZ,20250321,25.86,26.22,25.37,25.4,19181.0,49390.925
301556.SZ,20250321,90.26,90.26,86.38,86.71,11847.51,103980.546
301557.SZ,20250321,87.89,90.59,86.68,86.7,22945.89,202276.261
301558.SZ,20250321,8.58,8.6,8.44,8.45,76313.01,64885.385
301559.SZ,20250321,16.31,16.6,16.31,16.46,50208.6,82556.328
301565.SZ,20250321,22.61,22.7,22.0,22.03,34255.88,76164.683
301566.SZ,20250321,16.68,16.84,16.36,16.4,68981.29,114200.221
301567.SZ,20250321,45.02,45.17,43.6,43.67,8902.0,39242.942
301568.SZ,20250321,44.06,44.15,41.65,41.8,69084.58,296394.315
301571.SZ,20250321,45.07,45.38,43.9,44.29,19117.06,85034.516
301577.SZ,20250321,60.8,61.91,60.1,60.25,10415.0,63451.071
301578.SZ,20250321,54.5,54.5,52.2,52.42,17997.58,95226.679
301580.SZ,20250321,57.57,57.97,56.72,56.81,7345.05,41974.27
301581.SZ,20250321,61.0,62.96,59.4,59.42,27051.47,164281.604
301585.SZ,20250321,54.8,55.12,53.29,53.35,22696.66,122595.796
301586.SZ,20250321,56.34,56.82,55.24,55.96,12378.1,69257.856
301587.SZ,20250321,25.2,25.9,24.81,24.91,19111.24,47919.724
301588.SZ,20250321,19.21,19.28,18.83,18.92,14431.44,27400.086
301589.SZ,20250321,170.96,171.97,168.38,168.71,5514.8,93540.361
301591.SZ,20250321,41.8,44.4,41.13,43.04,65019.0,278635.983
301592.SZ,20250321,145.56,153.56,145.56,148.35,16618.1,249851.578
301596.SZ,20250321,154.0,154.0,143.01,143.79,22317.0,326141.788
301598.SZ,20250321,72.8,73.3,70.51,70.59,13824.15,99229.23
301600.SZ,20250321,187.02,189.2,178.99,180.45,20952.67,382017.723
301601.SZ,20250321,33.98,35.88,33.73,34.41,65116.98,227015.385
301602.SZ,20250321,26.9,26.9,25.7,25.81,54326.83,141756.995
301603.SZ,20250321,54.44,54.53,52.71,52.72,32991.05,176317.492
301606.SZ,20250321,41.8,41.93,40.56,40.67,18580.57,76342.55
301607.SZ,20250321,49.5,50.85,48.31,50.11,52049.63,256944.741
301608.SZ,20250321,93.03,93.98,87.36,87.7,25820.02,231977.527
301611.SZ,20250321,58.26,59.55,57.55,58.27,32964.71,193205.42
301617.SZ,20250321,51.81,52.2,50.37,50.5,16462.01,84356.123
301618.SZ,20250321,83.54,84.19,83.22,84.09,5853.79,49069.141
301622.SZ,20250321,75.6,76.22,71.77,71.77,36859.0,270881.026
301626.SZ,20250321,90.43,90.79,87.2,87.54,11624.63,102979.806
301628.SZ,20250321,95.47,95.88,92.82,92.88,15911.0,149374.407
301631.SZ,20250321,133.02,134.37,128.3,128.32,11502.87,150141.379
301633.SZ,20250321,94.0,96.02,90.01,90.04,19062.85,177049.25
302132.SZ,20250321,61.6,62.66,61.08,61.13,69586.06,429345.766
920017.BJ,20250321,16.25,16.48,15.7,15.91,28988.63,46652.469
920047.BJ,20250321,13.8,14.48,13.75,13.96,33166.01,46847.187
920090.BJ,20250321,7.56,7.56,6.96,6.97,112384.8,80842.175
920139.BJ,20250321,27.19,27.51,25.75,25.8,85362.19,225203.994
920198.BJ,20250321,14.22,14.35,13.31,13.37,75326.32,102963.17
920300.BJ,20250321,17.44,17.83,15.41,15.41,94969.55,156126.877
920418.BJ,20250321,46.7,46.73,41.24,41.24,113678.04,493045.499
920425.BJ,20250321,27.17,27.65,25.19,25.23,36609.22,96323.814
920476.BJ,20250321,13.47,14.04,13.15,13.46,62895.33,85789.165
920478.BJ,20250321,21.76,21.98,20.37,20.6,31832.89,66907.147
920489.BJ,20250321,21.67,22.17,20.65,20.97,54806.51,116340.666
920510.BJ,20250321,24.75,24.75,22.11,22.26,69577.84,160881.625
920556.BJ,20250321,10.8,10.9,10.2,10.23,87167.74,90990.322
920564.BJ,20250321,23.5,23.96,22.24,22.3,27892.85,64106.893
920685.BJ,20250321,13.3,13.3,12.58,12.72,21748.66,28078.607
920718.BJ,20250321,17.95,17.95,16.87,17.05,24134.42,41792.846
600000.SH,20250321,10.63,10.72,10.41,10.47,563441.63,594649.834
600004.SH,20250321,9.08,9.15,9.02,9.08,247795.14,224911.596
600006.SH,20250321,7.65,7.66,7.41,7.43,486914.51,366067.285
600007.SH,20250321,22.64,22.73,22.47,22.69,38183.32,86357.906
600008.SH,20250321,3.1,3.14,3.09,3.11,1072939.63,334955.678
600009.SH,20250321,32.49,32.77,32.3,32.37,90070.94,292947.041
600010.SH,20250321,1.86,1.89,1.85,1.86,3760182.38,702542.968
600011.SH,20250321,6.93,7.03,6.88,6.93,600140.56,417966.179
600012.SH,20250321,16.09,16.36,16.06,16.29,38143.21,61836.173
600015.SH,20250321,7.63,7.68,7.48,7.52,524532.43,396673.065
600016.SH,20250321,4.14,4.16,4.08,4.09,2005894.23,825167.124
600017.SH,20250321,3.13,3.2,3.13,3.17,525452.2,166668.088
600018.SH,20250321,5.6,5.69,5.59,5.63,516429.19,291728.23
600019.SH,20250321,7.38,7.54,7.38,7.51,936611.77,703466.052
600020.SH,20250321,4.18,4.24,4.18,4.22,124580.87,52472.825
600021.SH,20250321,9.29,9.38,9.19,9.27,375033.04,348375.218
600022.SH,20250321,1.4,1.42,1.39,1.39,880287.03,123726.642
600023.SH,20250321,5.61,5.71,5.59,5.64,609668.23,344738.935
600025.SH,20250321,8.85,8.9,8.75,8.78,213852.11,188780.192
600026.SH,20250321,11.67,11.89,11.6,11.64,467728.74,548615.205
600027.SH,20250321,5.54,5.72,5.48,5.5,1004434.89,561006.706
600028.SH,20250321,5.86,5.93,5.81,5.81,1530582.89,899008.888
600029.SH,20250321,5.9,5.94,5.8,5.82,563649.42,330396.884
600030.SH,20250321,27.6,27.71,27.05,27.09,977012.64,2668760.589
600031.SH,20250321,19.85,19.95,19.54,19.59,541886.76,1066483.294
600032.SH,20250321,7.65,7.75,7.63,7.68,95504.0,73532.385
600033.SH,20250321,3.76,3.8,3.74,3.77,192341.51,72495.982
600035.SH,20250321,4.28,4.32,4.26,4.29,149807.72,64383.004
600036.SH,20250321,45.12,45.34,44.52,44.7,675411.7,3030118.215
600037.SH,20250321,7.76,7.82,7.59,7.63,227385.06,175429.083
600038.SH,20250321,37.26,37.69,36.86,37.01,73583.88,274282.133
600039.SH,20250321,8.15,8.38,8.15,8.21,279820.84,230602.183
600048.SH,20250321,8.59,8.62,8.46,8.53,959053.75,817589.122
600050.SH,20250321,5.7,5.75,5.62,5.7,5022475.25,2856257.924
600051.SH,20250321,6.96,6.97,6.8,6.86,47276.0,32524.942
600052.SH,20250321,4.49,4.54,4.44,4.45,63577.06,28471.042
600053.SH,20250321,13.2,13.34,13.02,13.11,44260.64,58236.508
600054.SH,20250321,11.88,12.0,11.81,11.91,66078.44,78629.072
600055.SH,20250321,17.0,17.04,16.76,16.81,60681.48,102316.888
600056.SH,20250321,10.8,10.85,10.61,10.65,140164.13,150403.857
600057.SH,20250321,5.98,6.02,5.93,5.93,107103.04,63928.676
600058.SH,20250321,7.74,7.8,7.63,7.67,92035.88,70957.774
600059.SH,20250321,8.43,8.49,8.35,8.39,70274.8,59145.992
600060.SH,20250321,23.06,23.43,22.63,22.93,111789.05,256090.214
600061.SH,20250321,7.24,7.31,7.11,7.13,306621.15,220938.596
600062.SH,20250321,19.0,19.06,18.76,18.85,168489.97,318051.038
600063.SH,20250321,4.72,4.8,4.56,4.57,1532254.66,711542.474
600064.SH,20250321,7.35,7.42,7.29,7.35,121457.33,89294.229
600066.SH,20250321,26.96,26.99,25.34,26.17,337734.73,875230.939
600067.SH,20250321,2.65,2.67,2.61,2.63,171535.01,45252.483
600070.SH,20250321,0.8,0.8,0.8,0.8,39564.0,3165.12
600071.SH,20250321,22.02,22.03,21.3,21.51,37479.0,81047.118
600072.SH,20250321,13.7,14.47,13.61,14.12,993697.55,1405969.063
600073.SH,20250321,6.69,6.77,6.64,6.68,92839.35,62213.959
600075.SH,20250321,4.35,4.38,4.31,4.34,80215.01,34848.673
600076.SH,20250321,2.27,2.29,2.24,2.25,227647.0,51545.583
600078.SH,20250321,5.63,5.67,5.53,5.58,91097.0,50877.002
600079.SH,20250321,20.36,20.42,19.81,19.89,217777.97,435836.495
600080.SH,20250321,8.0,8.1,7.69,7.72,88649.0,69309.099
600081.SH,20250321,13.45,13.53,12.85,12.87,304288.24,399014.679
600082.SH,20250321,3.1,3.15,3.09,3.13,108582.0,33864.443
600084.SH,20250321,5.71,5.91,5.64,5.89,69010.06,39885.822
600085.SH,20250321,37.4,37.49,36.63,36.9,137223.13,508609.389
600088.SH,20250321,16.77,16.87,16.58,16.64,33160.53,55400.426
600089.SH,20250321,12.55,12.72,12.47,12.49,450084.51,566830.556
600094.SH,20250321,3.4,3.41,3.33,3.35,164985.91,55502.116
600096.SH,20250321,22.18,22.49,21.91,22.11,286980.01,636021.5
600097.SH,20250321,11.73,11.73,11.73,11.73,64274.0,75393.402
600098.SH,20250321,6.33,6.42,6.32,6.38,218505.38,139656.882
600099.SH,20250321,10.31,10.74,10.0,10.09,109611.89,112470.431
600100.SH,20250321,8.33,8.36,8.15,8.16,757804.71,624527.468
600101.SH,20250321,10.63,11.33,10.61,10.89,930622.72,1019643.082
600103.SH,20250321,2.26,2.31,2.25,2.27,712341.91,161895.786
600104.SH,20250321,15.55,15.61,15.31,15.32,376164.99,580088.801
600105.SH,20250321,5.89,6.35,5.79,6.18,2003783.13,1240723.461
600106.SH,20250321,5.72,5.89,5.67,5.7,236251.46,136131.942
600107.SH,20250321,5.43,5.48,5.26,5.37,138260.0,74159.514
600108.SH,20250321,2.87,2.89,2.85,2.86,237746.0,68288.563
600109.SH,20250321,8.68,8.72,8.53,8.57,281902.26,242837.712
600110.SH,20250321,4.12,4.16,4.05,4.07,217984.5,89297.655
600111.SH,20250321,23.22,23.23,22.45,22.54,443842.44,1011580.463
600113.SH,20250321,13.59,13.6,13.26,13.28,29184.0,39066.252
600114.SH,20250321,21.2,21.3,19.78,19.92,577909.35,1171445.361
600115.SH,20250321,3.7,3.74,3.68,3.69,873736.46,324132.456
600116.SH,20250321,6.81,6.85,6.78,6.81,111721.06,76253.769
600117.SH,20250321,2.36,2.43,2.34,2.38,652108.39,155566.838
600118.SH,20250321,27.8,28.32,27.58,27.68,157286.55,439785.915
600119.SH,20250321,7.45,7.5,7.33,7.36,57423.5,42513.747
600120.SH,20250321,7.0,7.34,6.89,7.14,2619515.43,1885985.783
600121.SH,20250321,4.1,4.19,4.06,4.09,445583.02,183767.853
600123.SH,20250321,7.81,7.89,7.75,7.8,135251.43,105733.465
600125.SH,20250321,5.71,5.81,5.7,5.75,157192.97,90589.006
600126.SH,20250321,11.5,12.32,11.12,11.95,3285150.9,3855866.281
600127.SH,20250321,6.53,6.56,6.46,6.49,94574.0,61557.119
600128.SH,20250321,9.94,10.0,9.76,9.8,124290.0,122436.23
600129.SH,20250321,22.5,22.69,21.83,22.05,228915.74,508262.081
600130.SH,20250321,3.67,3.68,3.56,3.59,286898.0,103308.902
600131.SH,20250321,19.62,19.7,19.23,19.47,118399.27,230230.995
600132.SH,20250321,58.24,58.82,57.95,58.45,33947.53,197946.047
600133.SH,20250321,9.96,10.24,9.91,10.02,263756.56,265613.713
600135.SH,20250321,7.01,7.03,6.88,6.94,55758.0,38719.819
600136.SH,20250321,2.47,2.47,2.43,2.47,58725.78,14373.094
600137.SH,20250321,15.53,15.59,15.2,15.31,19321.0,29640.672
600138.SH,20250321,10.58,10.7,10.5,10.66,177381.42,188079.221
600141.SH,20250321,22.61,22.9,22.35,22.51,110666.71,249723.073
600143.SH,20250321,11.75,11.75,11.26,11.29,1155974.32,1324420.089
600148.SH,20250321,20.11,20.21,19.19,19.19,39983.0,78141.362
600149.SH,20250321,4.51,4.58,4.48,4.5,69017.0,31167.309
600150.SH,20250321,31.46,32.77,31.41,32.43,1254886.98,4065144.315
600151.SH,20250321,7.34,7.45,7.25,7.34,184731.15,135443.477
600152.SH,20250321,6.43,6.57,6.31,6.34,159807.01,102387.601
600153.SH,20250321,10.19,10.32,10.15,10.23,143672.41,146883.72
600155.SH,20250321,7.58,7.6,7.39,7.45,373144.81,279413.195
600156.SH,20250321,5.28,5.78,5.16,5.64,497979.58,280722.071
600157.SH,20250321,1.5,1.52,1.48,1.49,5389190.48,808432.373
600158.SH,20250321,8.16,8.2,8.09,8.11,156679.27,127431.169
600159.SH,20250321,2.5,2.52,2.46,2.48,131251.0,32671.258
600160.SH,20250321,25.0,25.12,23.65,23.65,348582.4,846874.048
600161.SH,20250321,20.13,20.21,19.88,19.94,102570.34,205546.452
600162.SH,20250321,1.81,1.83,1.79,1.8,261146.44,47236.164
600163.SH,20250321,5.26,5.34,5.25,5.3,140944.67,74794.571
600165.SH,20250321,4.12,4.12,4.0,4.0,82523.0,33396.401
600166.SH,20250321,2.49,2.51,2.44,2.45,1333615.4,330414.949
600167.SH,20250321,5.79,5.89,5.77,5.77,82439.8,47992.889
600168.SH,20250321,4.83,4.87,4.78,4.81,111433.4,53803.286
600169.SH,20250321,2.69,2.83,2.68,2.73,950879.88,262482.275
600170.SH,20250321,2.53,2.58,2.52,2.54,1492593.84,381262.487
600171.SH,20250321,36.05,36.08,35.05,35.12,219348.66,777641.785
600172.SH,20250321,4.45,4.52,4.37,4.38,604973.21,268174.008
600173.SH,20250321,5.99,6.0,5.81,5.86,81707.38,48181.076
600176.SH,20250321,12.83,13.02,12.61,12.71,475617.54,608471.654
600177.SH,20250321,8.06,8.12,8.02,8.05,299220.81,241039.445
600178.SH,20250321,13.53,14.83,13.15,14.28,804591.87,1120381.992
600179.SH,20250321,2.92,3.02,2.91,2.93,609627.69,180268.459
600180.SH,20250321,4.38,4.44,4.36,4.4,113552.0,49928.386
600182.SH,20250321,16.7,16.83,16.5,16.62,25962.0,43160.041
600183.SH,20250321,28.06,28.8,27.96,28.77,389480.02,1110479.293
600184.SH,20250321,14.0,14.1,13.25,13.38,137636.99,187412.654
600185.SH,20250321,6.15,6.4,6.14,6.28,596084.32,373613.283
600186.SH,20250321,6.95,7.07,6.76,6.78,1707990.57,1171991.98
600187.SH,20250321,3.57,3.72,3.51,3.61,692174.75,249665.516
600188.SH,20250321,13.52,13.73,13.46,13.59,294859.67,401129.019
600189.SH,20250321,7.12,7.15,6.98,7.01,117797.18,82860.171
600190.SH,20250321,1.45,1.47,1.44,1.46,93292.0,13594.268
600191.SH,20250321,7.13,7.21,7.03,7.09,67441.6,47953.003
600192.SH,20250321,6.7,6.76,6.54,6.56,65018.0,43128.767
600193.SH,20250321,3.5,3.54,3.42,3.48,112396.0,39038.976
600195.SH,20250321,6.55,6.6,6.48,6.49,98679.68,64539.581
600196.SH,20250321,24.94,25.05,24.48,24.5,117445.19,290311.453
600197.SH,20250321,15.67,15.82,15.52,15.6,47244.0,74033.65
600198.SH,20250321,9.06,9.06,8.77,8.8,272803.0,242168.769
600199.SH,20250321,11.58,11.73,11.46,11.51,82014.01,94762.188
600200.SH,20250321,5.89,5.92,5.8,5.82,374748.58,218673.563
600201.SH,20250321,7.52,7.74,7.5,7.57,360011.4,274685.876
600202.SH,20250321,5.1,5.18,5.07,5.15,147821.0,75685.537
600203.SH,20250321,10.51,10.79,10.06,10.06,1051682.93,1078826.258
600206.SH,20250321,17.8,17.83,17.15,17.16,448820.99,781620.12
600207.SH,20250321,4.67,4.69,4.58,4.61,184433.0,85460.769
600208.SH,20250321,3.13,3.29,3.12,3.2,2381152.92,764055.868
600210.SH,20250321,6.9,6.92,6.71,6.74,387964.0,264177.077
600211.SH,20250321,39.27,39.56,38.07,38.15,80419.97,310693.409
600212.SH,20250321,8.79,9.05,8.66,8.87,249645.0,221308.509
600215.SH,20250321,9.56,9.73,9.37,9.51,192352.36,183551.746
600216.SH,20250321,13.8,13.83,13.4,13.48,377749.79,514014.634
600217.SH,20250321,5.05,5.1,4.98,5.02,254615.39,128291.728
600218.SH,20250321,9.5,9.52,9.21,9.25,188440.86,175372.296
600219.SH,20250321,3.83,3.86,3.78,3.79,1123380.54,429045.826
600221.SH,20250321,1.5,1.51,1.48,1.49,2992973.15,447460.547
600222.SH,20250321,5.7,5.72,5.39,5.42,354896.0,196228.192
600223.SH,20250321,7.44,7.47,7.35,7.39,99361.37,73638.781
600226.SH,20250321,2.85,2.86,2.79,2.8,221904.46,62490.211
600227.SH,20250321,2.24,2.28,2.21,2.22,207166.44,46428.041
600228.SH,20250321,5.78,6.27,5.63,6.15,722446.44,434569.783
600229.SH,20250321,7.06,7.2,7.06,7.1,63946.0,45594.651
600230.SH,20250321,10.64,10.71,10.52,10.54,27705.47,29386.662
600231.SH,20250321,1.81,1.87,1.8,1.83,279853.61,51485.036
600232.SH,20250321,6.4,6.4,6.2,6.26,80622.1,50549.89
600233.SH,20250321,13.85,14.35,13.78,13.9,307627.02,432115.183
600234.SH,20250321,6.05,6.29,6.05,6.26,17411.0,10781.029
600235.SH,20250321,6.17,6.21,6.09,6.15,56121.0,34509.233
600236.SH,20250321,6.35,6.48,6.34,6.47,205438.15,132317.923
600237.SH,20250321,7.46,7.46,7.22,7.24,201270.15,147304.816
600238.SH,20250321,6.75,6.85,6.48,6.51,216604.0,143841.685
600239.SH,20250321,2.62,2.64,2.57,2.57,307835.11,79970.939
600241.SH,20250321,7.64,7.95,7.55,7.68,94306.84,72664.412
600243.SH,20250321,3.96,3.97,3.83,3.97,1522816.81,600172.931
600246.SH,20250321,5.91,5.95,5.8,5.83,271073.8,158649.533
600248.SH,20250321,4.31,4.38,4.29,4.31,286324.22,124278.997
600249.SH,20250321,5.48,5.57,5.4,5.42,77174.0,42197.048
600250.SH,20250321,8.82,8.9,8.76,8.82,90325.0,79649.826
600251.SH,20250321,7.14,7.22,7.14,7.19,70878.0,50872.635
600252.SH,20250321,2.47,2.51,2.43,2.45,789792.2,195427.58
600255.SH,20250321,3.9,3.92,3.84,3.86,869401.41,336217.119
600256.SH,20250321,6.49,6.6,6.44,6.5,835309.38,544319.018
600257.SH,20250321,4.98,5.18,4.98,5.05,409060.54,207828.304
600258.SH,20250321,13.56,13.83,13.53,13.78,185126.05,253690.281
600259.SH,20250321,34.4,34.78,33.34,33.52,77830.61,264347.503
600261.SH,20250321,3.52,3.6,3.49,3.51,287059.0,101840.334
600262.SH,20250321,19.7,19.97,19.44,19.74,42396.0,83525.805
600265.SH,20250321,16.03,16.11,15.5,15.6,6314.0,9943.413
600266.SH,20250321,4.88,4.89,4.81,4.83,161943.97,78524.865
600267.SH,20250321,8.68,8.71,8.52,8.56,116022.03,100025.007
600268.SH,20250321,7.78,8.0,7.67,7.69,226076.39,176717.307
600269.SH,20250321,5.22,5.29,5.22,5.26,164256.16,86333.173
600271.SH,20250321,9.4,9.43,9.23,9.24,126345.26,117690.124
600272.SH,20250321,15.39,15.86,15.32,15.33,177364.04,276675.456
600273.SH,20250321,7.93,8.08,7.91,8.02,231379.91,185587.242
600276.SH,20250321,46.4,46.63,44.83,44.85,541538.18,2458827.778
600278.SH,20250321,6.79,6.83,6.7,6.73,49815.0,33673.956
600279.SH,20250321,5.19,5.28,5.19,5.22,108235.5,56700.533
600280.SH,20250321,3.66,3.66,3.57,3.58,275704.25,99443.251
600281.SH,20250321,3.89,3.9,3.76,3.77,149905.01,57181.576
600282.SH,20250321,4.65,4.85,4.63,4.72,721607.66,345210.086
600283.SH,20250321,9.95,10.04,9.9,9.95,49538.6,49330.386
600284.SH,20250321,6.76,6.81,6.69,6.72,112292.6,75824.478
600285.SH,20250321,20.96,21.1,20.35,20.55,68873.33,142016.551
600287.SH,20250321,4.73,4.8,4.65,4.71,36250.49,17109.028
600288.SH,20250321,9.65,9.77,9.42,9.46,140746.0,134222.569
600289.SH,20250321,9.13,9.18,8.95,9.18,116981.34,106749.978
600292.SH,20250321,11.66,11.74,11.5,11.52,112497.11,130347.537
600293.SH,20250321,3.13,3.18,3.11,3.13,202225.09,63563.545
600295.SH,20250321,9.21,9.36,9.21,9.28,76797.42,71330.517
600298.SH,20250321,35.59,36.03,35.52,35.87,55250.66,197803.584
600299.SH,20250321,10.93,11.04,10.89,10.99,90773.8,99556.149
600300.SH,20250321,3.46,3.49,3.4,3.42,665802.56,229243.345
600301.SH,20250321,24.76,25.58,24.51,25.14,254580.22,640079.494
600302.SH,20250321,6.0,6.43,6.0,6.23,351678.25,218436.808
600303.SH,20250321,3.42,3.45,3.26,3.26,231322.0,76916.843
600305.SH,20250321,7.44,7.5,7.37,7.39,75194.26,55853.196
600307.SH,20250321,1.53,1.55,1.52,1.52,467574.51,71823.149
600308.SH,20250321,3.49,3.61,3.48,3.52,178541.18,63255.075
600309.SH,20250321,68.26,68.78,67.36,67.4,223937.09,1520653.911
600310.SH,20250321,4.6,4.68,4.56,4.58,419171.0,194024.269
600312.SH,20250321,16.24,16.65,16.24,16.42,227641.43,374603.4
600313.SH,20250321,6.42,6.46,6.36,6.38,128100.84,82109.84
600315.SH,20250321,19.7,19.82,19.05,19.2,67736.55,130781.721
600316.SH,20250321,36.4,36.9,35.3,35.5,164369.17,591378.092
600318.SH,20250321,9.14,9.37,8.98,8.99,492763.58,451453.904
600319.SH,20250321,5.49,5.49,5.35,5.42,36875.84,19955.528
600320.SH,20250321,4.85,4.92,4.79,4.92,1159817.25,567077.307
600322.SH,20250321,2.48,2.49,2.42,2.44,222435.32,54395.889
600323.SH,20250321,22.35,22.76,22.29,22.58,82297.6,186285.393
600325.SH,20250321,5.61,5.62,5.53,5.55,284757.14,158445.314
600326.SH,20250321,7.01,7.01,6.63,6.63,580450.68,393965.536
600327.SH,20250321,5.27,5.3,5.15,5.18,372922.71,194077.384
600328.SH,20250321,7.6,7.7,7.56,7.62,164244.24,125436.682
600329.SH,20250321,32.21,32.36,31.33,31.59,60587.02,192466.991
600330.SH,20250321,7.4,7.52,7.32,7.33,245485.63,181817.652
600331.SH,20250321,7.27,7.29,7.07,7.09,374869.59,267818.227
600332.SH,20250321,26.8,26.95,26.56,26.6,103855.06,277920.979
600333.SH,20250321,4.74,4.8,4.69,4.73,111282.2,52786.544
600335.SH,20250321,6.89,7.02,6.82,6.84,269698.37,186267.294
600336.SH,20250321,7.1,7.2,7.0,7.04,121441.36,86066.417
600337.SH,20250321,1.89,1.92,1.85,1.86,206901.0,38973.371
600338.SH,20250321,10.34,10.46,10.21,10.27,157977.43,163161.006
600339.SH,20250321,3.38,3.5,3.37,3.45,896821.73,309690.017
600340.SH,20250321,2.4,2.41,2.36,2.36,633128.03,150663.077
600343.SH,20250321,11.9,12.04,11.79,11.89,98891.0,117691.803
600345.SH,20250321,25.2,26.18,25.08,25.65,140316.12,360168.537
600346.SH,20250321,15.63,15.81,15.5,15.55,107305.2,167455.823
600348.SH,20250321,6.72,6.83,6.71,6.78,295938.33,200544.397
600350.SH,20250321,9.73,10.13,9.71,10.03,215574.18,213296.279
600351.SH,20250321,6.3,6.35,6.15,6.18,168597.86,105156.891
600352.SH,20250321,9.35,9.44,9.33,9.39,146915.8,137804.193
600353.SH,20250321,8.04,8.04,7.81,7.86,167313.01,132491.591
600354.SH,20250321,5.67,5.7,5.63,5.63,96802.0,54765.703
600355.SH,20250321,3.93,3.93,3.81,3.82,340401.0,130951.907
600356.SH,20250321,7.87,7.92,7.78,7.82,40471.68,31727.428
600358.SH,20250321,3.58,3.68,3.58,3.58,567147.0,203299.943
600359.SH,20250321,6.82,6.86,6.74,6.75,55615.0,37745.956
600360.SH,20250321,6.35,6.36,5.99,5.99,458629.13,280206.391
600361.SH,20250321,4.47,4.52,4.35,4.38,892665.8,394385.738
600362.SH,20250321,22.3,22.58,21.95,22.02,306098.16,681685.893
600363.SH,20250321,64.7,68.91,64.2,65.16,226040.48,1506287.64
600365.SH,20250321,2.81,2.85,2.78,2.79,46833.0,13207.933
600366.SH,20250321,8.7,8.71,8.34,8.39,285998.22,242474.233
600367.SH,20250321,14.52,14.6,14.3,14.33,101519.0,146435.074
600368.SH,20250321,4.33,4.42,4.29,4.36,377805.56,164497.93
600369.SH,20250321,4.49,4.52,4.4,4.43,432283.66,192803.379
600370.SH,20250321,1.79,1.8,1.76,1.77,120382.0,21399.119
600371.SH,20250321,8.74,8.76,8.6,8.61,37509.1,32495.138
600372.SH,20250321,11.97,12.19,11.92,11.96,374755.28,452646.204
600373.SH,20250321,11.23,11.26,11.14,11.17,96305.0,107867.595
600375.SH,20250321,6.62,6.68,6.49,6.63,126760.88,83517.68
600376.SH,20250321,2.67,2.68,2.61,2.62,234647.7,61901.601
600377.SH,20250321,14.21,14.32,14.15,14.26,92990.0,132305.243
600378.SH,20250321,27.5,27.72,26.89,26.94,22534.34,61361.948
600379.SH,20250321,10.08,10.3,10.04,10.13,62827.6,63802.33
600380.SH,20250321,11.39,11.42,11.16,11.21,165542.71,186380.746
600381.SH,20250321,4.42,4.46,4.31,4.44,76803.0,33759.251
600382.SH,20250321,4.79,4.93,4.79,4.83,144825.53,70185.419
600383.SH,20250321,4.76,4.77,4.66,4.68,464962.74,218642.269
600386.SH,20250321,5.16,5.19,4.96,4.97,291867.02,146973.601
600387.SH,20250321,3.34,3.35,3.25,3.28,40731.94,13444.889
600388.SH,20250321,13.12,13.3,12.96,13.09,73297.81,96063.491
600389.SH,20250321,15.82,16.0,15.6,15.72,81256.91,128079.872
600390.SH,20250321,5.88,5.92,5.83,5.85,463797.6,272369.021
600391.SH,20250321,20.69,20.98,20.36,20.39,93851.84,193429.321
600392.SH,20250321,11.57,11.6,11.23,11.32,290706.0,331298.59
600395.SH,20250321,4.93,4.98,4.91,4.93,159030.79,78667.249
600396.SH,20250321,2.68,2.71,2.64,2.65,230824.0,61677.921
600397.SH,20250321,6.16,6.8,6.1,6.57,610003.09,393224.131
600398.SH,20250321,8.22,8.33,8.01,8.06,339086.04,276306.853
600399.SH,20250321,6.13,6.28,6.12,6.18,780429.03,484560.987
600400.SH,20250321,2.47,2.47,2.42,2.44,340243.45,83188.911
600403.SH,20250321,4.19,4.39,3.94,3.95,930225.63,383503.624
600405.SH,20250321,5.66,5.7,5.5,5.52,316214.34,176127.583
600406.SH,20250321,22.44,22.67,22.15,22.15,370081.93,826761.565
600408.SH,20250321,2.06,2.12,2.0,2.01,944539.3,193916.153
600409.SH,20250321,5.6,5.68,5.56,5.56,196526.8,110274.166
600410.SH,20250321,9.35,9.35,9.02,9.02,726730.41,663182.272
600415.SH,20250321,13.5,13.57,13.07,13.18,298828.82,396710.412
600416.SH,20250321,11.77,12.04,11.69,11.77,223383.11,264207.576
600418.SH,20250321,32.88,33.25,31.68,31.79,584170.48,1889614.156
600419.SH,20250321,10.4,10.49,10.11,10.16,115798.0,119205.885
600420.SH,20250321,11.49,11.57,11.34,11.41,115674.63,132403.288
600421.SH,20250321,6.47,6.55,6.27,6.29,52619.71,33455.077
600422.SH,20250321,17.85,17.9,17.02,17.12,167278.8,291478.287
600423.SH,20250321,3.35,3.36,3.27,3.3,288990.98,95551.929
600425.SH,20250321,4.03,4.04,3.96,3.97,355574.67,142074.137
600426.SH,20250321,21.71,22.03,21.36,21.51,139347.96,301283.117
600428.SH,20250321,6.83,7.11,6.82,6.92,735573.92,511379.585
600429.SH,20250321,4.44,4.45,4.36,4.39,160043.01,70473.09
600433.SH,20250321,3.38,3.43,3.37,3.42,219102.52,74683.93
600435.SH,20250321,11.45,11.57,11.27,11.33,189921.2,216619.39
600436.SH,20250321,206.51,211.0,205.01,206.02,38587.28,801214.379
600438.SH,20250321,20.95,21.25,20.75,20.79,375558.48,785919.473
600439.SH,20250321,4.2,4.21,3.98,4.07,751042.04,304620.67
600444.SH,20250321,16.16,17.35,16.14,16.56,104646.4,175184.313
600446.SH,20250321,18.28,18.29,17.51,17.78,303009.96,541147.329
600448.SH,20250321,2.98,2.99,2.94,2.97,108477.72,32166.21
600449.SH,20250321,16.07,16.38,15.85,15.87,217402.8,349670.716
600452.SH,20250321,9.75,10.13,9.71,9.96,394668.46,395207.972
600455.SH,20250321,23.13,23.14,22.76,22.9,20268.0,46450.088
600456.SH,20250321,35.92,39.08,35.89,36.68,673885.18,2514465.969
600458.SH,20250321,13.93,14.52,13.93,14.04,132941.09,189696.79
600459.SH,20250321,14.3,14.42,14.09,14.16,88331.25,125719.461
600460.SH,20250321,25.15,25.2,24.55,24.65,213619.07,530284.03
600461.SH,20250321,8.86,8.93,8.8,8.82,107243.0,94996.85
600462.SH,20250321,1.37,1.38,1.34,1.36,80853.0,11004.421
600463.SH,20250321,9.9,9.92,9.66,9.71,27045.0,26372.475
600467.SH,20250321,2.53,2.79,2.5,2.79,3280714.97,896298.165
600468.SH,20250321,4.51,4.61,4.47,4.52,245248.4,111332.603
600469.SH,20250321,6.17,6.17,6.06,6.09,61549.5,37583.879
600470.SH,20250321,6.1,6.24,6.03,6.04,325875.5,199639.684
600475.SH,20250321,9.12,9.28,9.12,9.17,57464.36,52853.039
600476.SH,20250321,16.8,17.02,16.5,16.51,59592.0,99431.921
600477.SH,20250321,2.84,2.88,2.83,2.84,263567.23,75238.104
600478.SH,20250321,5.36,5.46,5.32,5.33,551231.22,295990.511
600479.SH,20250321,10.61,10.63,10.36,10.4,118984.55,124773.895
600480.SH,20250321,18.68,19.08,17.97,18.0,469025.5,862806.303
600481.SH,20250321,5.73,5.77,5.63,5.64,280552.0,159427.738
600482.SH,20250321,22.67,23.9,22.65,23.4,616091.13,1454342.891
600483.SH,20250321,9.13,9.22,9.13,9.17,170564.19,156498.587
600486.SH,20250321,53.22,54.76,53.2,54.08,29620.89,160517.246
600487.SH,20250321,17.3,18.28,17.22,17.59,2108044.31,3747419.461
600488.SH,20250321,4.49,4.53,4.44,4.46,60676.13,27193.362
600489.SH,20250321,13.75,13.83,13.2,13.27,834665.6,1120323.846
600490.SH,20250321,3.95,4.07,3.89,3.91,1164093.18,462374.449
600491.SH,20250321,3.94,4.0,3.91,3.95,132737.0,52426.916
600493.SH,20250321,5.65,5.65,5.53,5.55,54155.0,30240.205
600495.SH,20250321,4.41,4.48,4.3,4.32,881051.18,385131.203
600496.SH,20250321,3.29,3.35,3.28,3.31,330748.6,109716.99
600497.SH,20250321,5.82,5.87,5.73,5.77,640766.09,371457.403
600498.SH,20250321,23.61,23.71,23.04,23.14,347681.71,811334.834
600499.SH,20250321,7.98,8.08,7.9,7.95,119309.99,95370.369
600500.SH,20250321,3.84,3.9,3.83,3.86,256274.17,99121.883
600501.SH,20250321,19.37,19.43,18.83,18.91,113866.0,217433.748
600502.SH,20250321,4.56,4.61,4.54,4.56,197385.21,90397.228
600503.SH,20250321,2.75,2.75,2.69,2.7,332292.27,90177.325
600505.SH,20250321,11.07,11.33,10.99,11.08,177064.0,198072.856
600506.SH,20250321,21.12,21.28,20.28,20.34,132909.29,274583.884
600507.SH,20250321,4.3,4.42,4.27,4.33,265094.33,114757.304
600508.SH,20250321,12.34,12.46,12.3,12.38,55228.88,68412.53
600509.SH,20250321,6.5,6.68,6.49,6.57,391799.61,258008.699
600510.SH,20250321,5.34,5.36,5.23,5.28,89164.0,47106.684
600511.SH,20250321,30.61,30.79,30.14,30.19,51111.66,155149.253
600512.SH,20250321,2.38,2.41,2.37,2.38,180732.0,43204.99
600513.SH,20250321,9.93,10.08,9.82,9.87,68950.2,68381.731
600515.SH,20250321,3.79,3.84,3.73,3.74,694398.32,262766.298
600516.SH,20250321,5.07,5.11,5.02,5.03,218286.31,110446.989
600517.SH,20250321,5.17,5.26,5.13,5.16,295171.41,153309.801
600518.SH,20250321,2.25,2.28,2.2,2.22,4448366.09,992763.621
600519.SH,20250321,1599.0,1612.2,1568.83,1573.75,33614.3,5324973.19
600520.SH,20250321,34.36,34.62,33.5,33.5,57370.0,195040.842
600521.SH,20250321,15.79,15.92,15.53,15.68,167928.07,264153.076
600522.SH,20250321,15.16,16.14,15.16,15.77,2560533.06,4029750.1
600523.SH,20250321,13.64,13.7,13.36,13.42,108887.0,146921.251
600525.SH,20250321,4.55,4.56,4.36,4.36,252137.0,112384.97
600526.SH,20250321,4.92,5.0,4.91,4.95,112668.93,55840.218
600527.SH,20250321,2.23,2.26,2.2,2.22,518768.2,115746.237
600528.SH,20250321,7.88,8.11,7.87,8.0,270846.18,217484.138
600529.SH,20250321,23.81,24.02,23.62,23.77,77790.07,185268.436
600530.SH,20250321,5.14,5.2,5.04,5.08,93423.81,47708.621
600531.SH,20250321,7.67,7.73,7.47,7.51,408885.62,310084.271
600533.SH,20250321,2.31,2.35,2.29,2.3,150124.0,34778.275
600535.SH,20250321,15.36,15.45,14.97,15.11,146297.05,221964.909
600536.SH,20250321,45.55,45.87,44.01,44.25,183386.23,821703.299
600537.SH,20250321,3.15,3.16,3.08,3.1,247183.0,76941.227
600538.SH,20250321,6.15,6.2,5.52,5.6,567241.54,323947.198
600539.SH,20250321,12.01,12.19,11.74,12.07,150993.23,181337.656
600540.SH,20250321,4.18,4.19,4.1,4.13,78910.0,32721.484
600543.SH,20250321,4.98,5.0,4.92,4.95,62102.0,30749.299
600545.SH,20250321,2.53,2.58,2.51,2.55,393258.0,99727.277
600546.SH,20250321,10.9,10.99,10.85,10.91,157020.0,171507.19
600547.SH,20250321,27.12,27.16,26.01,26.21,410505.87,1086300.775
600548.SH,20250321,11.54,11.7,11.54,11.62,32607.0,37879.024
600549.SH,20250321,20.14,20.23,19.81,19.92,191313.0,382577.711
600550.SH,20250321,8.55,8.61,8.15,8.2,1442716.71,1208460.821
600551.SH,20250321,8.15,8.21,8.08,8.12,35893.37,29194.672
600552.SH,20250321,13.25,13.45,12.36,12.41,800643.58,1013206.725
600556.SH,20250321,5.31,5.33,5.19,5.21,466420.0,244604.228
600557.SH,20250321,15.0,15.15,14.6,14.71,194610.24,288249.533
600558.SH,20250321,4.97,5.49,4.97,5.3,878990.99,461862.271
600559.SH,20250321,19.0,19.24,18.75,18.83,191122.0,362208.665
600560.SH,20250321,17.96,18.39,17.72,18.12,124312.53,224026.478
600561.SH,20250321,6.12,6.17,6.06,6.14,51898.0,31765.74
600562.SH,20250321,21.22,21.43,20.81,21.02,51793.23,109155.878
600563.SH,20250321,124.0,125.5,122.61,124.0,31326.09,388256.018
600566.SH,20250321,28.89,28.96,28.03,28.17,69269.1,196926.445
600567.SH,20250321,1.71,1.73,1.69,1.69,913032.0,155874.0
600568.SH,20250321,1.3,1.32,1.3,1.32,116331.24,15247.602
600569.SH,20250321,1.9,1.99,1.9,1.95,584606.88,114422.246
600570.SH,20250321,30.05,30.29,29.26,29.31,410914.16,1219006.573
600571.SH,20250321,14.45,14.75,14.12,14.39,374847.0,538499.895
600572.SH,20250321,4.55,4.59,4.46,4.49,462786.51,209213.018
600573.SH,20250321,11.17,11.23,11.03,11.07,23889.75,26568.879
600575.SH,20250321,3.41,3.49,3.4,3.46,464338.0,160539.41
600576.SH,20250321,9.18,9.42,9.1,9.2,88674.98,82275.071
600577.SH,20250321,7.79,8.18,7.76,7.92,1596551.74,1275002.306
600578.SH,20250321,3.47,3.52,3.46,3.47,300809.85,104945.557
600579.SH,20250321,8.32,9.14,8.15,9.14,559554.12,489819.391
600580.SH,20250321,27.78,28.06,26.39,26.7,1064104.84,2869786.01
600581.SH,20250321,3.58,3.7,3.53,3.6,509109.0,185278.724
600582.SH,20250321,6.5,6.57,6.42,6.53,808618.04,525787.407
600583.SH,20250321,5.88,6.36,5.83,6.2,3446947.34,2145302.075
600584.SH,20250321,36.91,37.04,36.1,36.26,312769.01,1142045.152
600585.SH,20250321,24.67,25.36,24.61,24.92,222177.97,556476.96
600586.SH,20250321,5.61,5.67,5.45,5.5,270038.54,149585.881
600587.SH,20250321,16.55,16.62,16.22,16.26,81178.7,133104.638
600588.SH,20250321,16.2,16.44,15.72,15.81,804335.84,1285846.917
600589.SH,20250321,9.11,9.44,8.56,8.77,2893070.44,2612622.949
600590.SH,20250321,9.85,9.94,9.45,9.55,713244.83,689814.062
600592.SH,20250321,20.51,21.19,18.84,19.01,540565.0,1059312.928
600593.SH,20250321,27.95,28.42,27.4,28.12,70009.0,194435.083
600594.SH,20250321,3.77,3.82,3.65,3.68,193180.0,71823.18
600595.SH,20250321,4.25,4.37,4.08,4.1,575514.78,240396.093
600596.SH,20250321,8.76,8.79,8.61,8.65,98469.62,85631.842
600597.SH,20250321,8.55,8.62,8.47,8.5,198667.02,169730.646
600598.SH,20250321,13.8,13.89,13.76,13.83,135402.24,187292.822
600599.SH,20250321,10.75,10.85,10.61,10.72,13945.0,14937.185
600600.SH,20250321,72.84,74.0,72.51,72.67,48849.64,357176.746
600601.SH,20250321,5.18,5.33,5.13,5.3,1682251.3,878112.257
600602.SH,20250321,25.83,26.35,24.08,24.27,1086032.32,2731601.648
600603.SH,20250321,7.46,7.69,7.44,7.53,51376.0,38766.742
600604.SH,20250321,4.9,4.92,4.78,4.86,229981.7,111370.907
600605.SH,20250321,36.6,39.49,36.5,38.44,84967.45,322301.306
600606.SH,20250321,1.86,1.87,1.83,1.83,652819.8,120594.251
600608.SH,20250321,3.48,3.48,3.33,3.39,18972.0,6442.001
600609.SH,20250321,6.6,6.6,6.4,6.42,237577.26,153813.678
600610.SH,20250321,7.1,8.0,7.02,7.96,1239329.42,952188.559
600611.SH,20250321,6.72,6.75,6.63,6.63,358915.95,239689.233
600612.SH,20250321,52.56,52.89,51.92,52.29,10905.43,56983.076
600613.SH,20250321,6.65,6.73,6.4,6.43,139568.0,91270.462
600615.SH,20250321,13.08,13.13,12.48,12.49,71387.75,90944.092
600616.SH,20250321,5.35,5.43,5.34,5.4,124764.01,67217.728
600617.SH,20250321,2.59,2.63,2.57,2.59,139440.37,36245.924
600618.SH,20250321,10.16,10.38,10.16,10.27,110519.52,113491.464
600619.SH,20250321,12.97,13.46,12.83,13.29,464561.52,614088.347
600620.SH,20250321,5.42,5.5,5.35,5.42,50027.0,27130.156
600621.SH,20250321,15.04,15.07,14.65,14.65,244184.49,362326.408
600622.SH,20250321,3.22,3.23,3.16,3.16,443186.86,141456.275
600623.SH,20250321,7.2,7.3,7.12,7.25,262456.07,189115.496
600624.SH,20250321,8.09,8.21,7.75,7.89,436338.4,347158.881
600626.SH,20250321,4.08,4.16,3.91,3.93,292438.42,116157.092
600628.SH,20250321,7.67,7.7,7.53,7.55,106530.93,80946.126
600629.SH,20250321,8.21,8.36,8.16,8.26,143147.65,117857.69
600630.SH,20250321,9.25,9.32,9.16,9.22,110380.87,101974.124
600633.SH,20250321,14.4,14.73,14.14,14.14,485954.8,698095.785
600635.SH,20250321,3.95,3.97,3.89,3.9,305668.07,119985.86
600636.SH,20250321,7.7,7.72,7.52,7.59,60834.27,46351.117
600637.SH,20250321,7.89,7.94,7.8,7.82,283398.32,222880.912
600638.SH,20250321,5.33,5.36,5.21,5.25,71265.63,37639.18
600639.SH,20250321,11.19,11.26,11.11,11.17,38643.0,43241.373
600640.SH,20250321,12.81,12.85,12.54,12.58,68256.05,86553.088
600641.SH,20250321,16.6,16.66,15.41,15.48,375704.99,600804.943
600642.SH,20250321,8.8,8.86,8.66,8.71,292019.36,255373.142
600643.SH,20250321,5.01,5.07,4.94,4.97,153409.75,76738.328
600644.SH,20250321,6.8,7.05,6.8,6.97,222722.23,155244.967
600645.SH,20250321,21.73,21.8,21.18,21.31,59560.0,127686.704
600648.SH,20250321,12.2,12.33,12.17,12.28,41263.6,50532.73
600649.SH,20250321,4.29,4.34,4.27,4.31,231519.07,99674.243
600650.SH,20250321,14.85,14.96,14.56,14.56,81644.8,120022.145
600651.SH,20250321,4.53,4.54,4.42,4.47,253007.19,113110.927
600653.SH,20250321,2.2,2.22,2.16,2.18,428526.0,93528.703
600654.SH,20250321,3.48,3.49,3.4,3.42,435295.03,149393.078
600655.SH,20250321,5.76,5.8,5.68,5.71,103922.75,59628.911
600657.SH,20250321,4.48,4.48,4.38,4.39,131841.0,58295.791
600658.SH,20250321,4.35,4.4,4.29,4.35,171793.0,74438.984
600660.SH,20250321,57.0,57.5,56.5,56.7,169037.51,962169.751
600661.SH,20250321,10.9,10.94,10.68,10.75,70546.0,76263.517
600662.SH,20250321,5.33,5.42,5.3,5.33,90261.01,48394.372
600663.SH,20250321,8.77,8.84,8.68,8.7,68834.2,60299.706
600664.SH,20250321,3.71,3.74,3.64,3.66,398313.97,147027.198
600665.SH,20250321,3.06,3.18,3.03,3.16,389664.56,121417.607
600666.SH,20250321,3.2,3.22,3.1,3.12,1217416.29,382231.89
600667.SH,20250321,7.35,7.39,7.2,7.2,398933.24,290357.035
600668.SH,20250321,10.64,10.71,10.48,10.54,32342.29,34298.863
600671.SH,20250321,11.02,11.02,10.6,10.8,11945.0,12944.289
600673.SH,20250321,10.23,10.26,9.92,9.99,246739.08,247840.702
600674.SH,20250321,15.4,15.62,15.4,15.51,223510.17,347163.099
600675.SH,20250321,2.72,2.76,2.71,2.72,173255.14,47349.282
600676.SH,20250321,4.4,4.42,4.28,4.31,125272.02,54355.486
600678.SH,20250321,7.75,7.75,7.53,7.56,218748.32,166488.202
600679.SH,20250321,14.0,14.03,13.55,13.6,160639.85,220175.644
600681.SH,20250321,3.41,3.45,3.4,3.43,102679.6,35177.925
600682.SH,20250321,6.63,6.66,6.52,6.55,103972.0,68362.061
600683.SH,20250321,3.95,3.98,3.92,3.96,90574.5,35722.143
600684.SH,20250321,3.54,3.59,3.51,3.53,178554.4,63299.133
600685.SH,20250321,24.39,25.3,24.24,24.89,377715.25,942595.299
600686.SH,20250321,14.88,14.88,14.48,14.62,243785.89,356780.67
600688.SH,20250321,3.33,3.4,3.32,3.33,378606.51,126987.32
600689.SH,20250321,12.36,13.36,12.17,13.1,156873.94,201320.894
600690.SH,20250321,27.57,28.05,27.38,27.5,381761.46,1056147.916
600691.SH,20250321,2.22,2.25,2.18,2.2,236569.93,52294.828
600692.SH,20250321,8.48,8.59,8.24,8.35,158686.09,133023.96
600693.SH,20250321,6.75,6.76,6.55,6.63,495276.0,328835.329
600694.SH,20250321,24.65,25.09,24.46,24.66,36909.5,91382.26
600696.SH,20250321,13.09,13.86,13.09,13.38,196011.11,264280.425
600697.SH,20250321,11.43,11.51,11.28,11.32,27602.0,31406.335
600698.SH,20250321,7.7,8.18,7.6,7.7,956664.8,748460.23
600699.SH,20250321,18.87,18.88,18.2,18.22,277450.66,511377.093
600702.SH,20250321,58.4,60.99,58.01,58.71,121087.56,718254.143
600703.SH,20250321,12.56,12.64,12.34,12.4,399107.41,497472.559
600704.SH,20250321,5.08,5.2,5.08,5.1,636613.81,327647.539
600705.SH,20250321,3.44,3.48,3.39,3.4,1938839.0,664906.51
600706.SH,20250321,10.75,10.98,10.69,10.92,97846.03,105751.597
600707.SH,20250321,8.11,8.17,7.91,7.92,289337.97,231794.265
600708.SH,20250321,3.64,3.74,3.59,3.65,524947.06,191958.194
600710.SH,20250321,10.59,10.84,10.46,10.55,344494.0,365904.156
600711.SH,20250321,6.04,6.14,5.9,6.04,1281781.05,770312.975
600712.SH,20250321,6.07,6.08,5.85,5.88,188526.0,112101.467
600713.SH,20250321,5.01,5.06,4.99,5.01,102280.71,51415.499
600714.SH,20250321,11.85,12.03,11.68,11.8,89054.01,105331.986
600715.SH,20250321,2.14,2.21,2.14,2.18,239273.02,51973.267
600716.SH,20250321,3.68,3.69,3.5,3.51,495049.78,176487.377
600717.SH,20250321,4.74,4.81,4.72,4.76,279977.85,133770.123
600718.SH,20250321,12.33,12.38,11.75,11.78,767529.59,918563.065
600719.SH,20250321,6.75,7.13,6.73,6.92,422157.1,294977.856
600720.SH,20250321,8.7,8.85,8.66,8.77,95371.58,83700.609
600721.SH,20250321,6.8,6.86,6.64,6.67,109520.54,73628.086
600722.SH,20250321,5.66,5.66,5.5,5.52,97042.76,54010.851
600724.SH,20250321,5.05,5.07,4.98,5.0,107779.0,54056.61
600725.SH,20250321,3.45,3.46,3.38,3.41,320890.37,109830.708
600726.SH,20250321,2.31,2.35,2.29,2.32,334676.51,77764.717
600727.SH,20250321,7.57,7.66,7.47,7.51,116151.0,87767.956
600728.SH,20250321,5.59,5.59,5.4,5.41,803487.1,439873.331
600729.SH,20250321,30.74,31.03,29.96,30.06,38975.15,118408.559
600730.SH,20250321,6.97,6.99,6.77,6.91,183814.48,126119.182
600731.SH,20250321,6.37,6.59,6.37,6.46,187208.89,121588.567
600732.SH,20250321,13.46,13.65,12.95,13.13,386272.29,510415.893
600733.SH,20250321,8.85,8.95,8.49,8.54,2376443.67,2058748.522
600734.SH,20250321,4.92,5.1,4.68,5.04,1820817.04,893595.531
600735.SH,20250321,6.02,6.06,5.9,5.91,169335.3,101002.608
600736.SH,20250321,6.05,6.15,5.91,6.08,288652.42,173609.593
600737.SH,20250321,9.63,9.75,9.56,9.61,162572.88,157033.607
600738.SH,20250321,5.29,5.35,5.25,5.25,206543.0,109271.711
600739.SH,20250321,10.81,10.88,10.67,10.68,116224.24,125194.493
600740.SH,20250321,3.92,3.98,3.89,3.92,191728.25,75420.095
600741.SH,20250321,17.92,18.18,17.75,17.84,190236.24,341490.631
600742.SH,20250321,9.63,9.69,9.56,9.63,87077.03,83768.642
600743.SH,20250321,1.87,1.88,1.83,1.84,215893.0,40008.765
600744.SH,20250321,3.28,3.36,3.28,3.3,482348.83,160321.928
600745.SH,20250321,35.45,36.66,34.51,34.89,322446.28,1141964.026
600746.SH,20250321,7.36,7.46,7.33,7.35,37382.56,27623.71
600748.SH,20250321,3.39,3.41,3.33,3.35,85536.0,28785.031
600749.SH,20250321,11.8,11.87,11.68,11.8,55273.01,65048.144
600750.SH,20250321,22.52,22.68,21.98,22.35,124475.58,276784.66
600751.SH,20250321,2.94,3.11,2.91,3.0,1473050.2,446506.693
600753.SH,20250321,5.67,5.77,5.51,5.66,56150.89,31645.453
600754.SH,20250321,26.8,27.44,26.71,27.29,121494.56,329525.757
600755.SH,20250321,6.5,6.54,6.46,6.48,122822.59,79814.514
600756.SH,20250321,16.8,16.85,16.2,16.28,123835.03,204069.244
600757.SH,20250321,8.33,8.46,8.32,8.44,162278.77,136555.002
600758.SH,20250321,4.13,4.36,4.08,4.11,1167434.03,490188.279
600759.SH,20250321,2.31,2.54,2.31,2.54,5203958.64,1292524.272
600760.SH,20250321,44.02,44.49,43.68,43.97,181567.62,799926.747
600761.SH,20250321,20.4,21.2,20.05,20.07,217907.14,448515.644
600763.SH,20250321,46.75,47.23,46.39,46.6,60744.3,284251.455
600764.SH,20250321,30.98,33.94,30.85,31.64,371929.81,1205940.057
600765.SH,20250321,18.59,18.95,18.28,18.46,374003.8,695244.447
600768.SH,20250321,9.9,10.13,9.73,9.88,44623.01,44116.254
600769.SH,20250321,9.9,9.99,9.76,9.95,61839.0,60976.276
600770.SH,20250321,4.56,4.57,4.45,4.48,144096.1,64771.972
600771.SH,20250321,18.49,18.75,17.92,18.11,151093.73,275491.926
600773.SH,20250321,10.57,10.62,10.45,10.49,55556.0,58465.617
600774.SH,20250321,8.45,8.58,7.83,7.86,176466.2,143889.334
600775.SH,20250321,11.3,11.38,10.94,11.14,465243.62,518014.99
600776.SH,20250321,11.7,11.88,11.51,11.54,123556.0,143815.152
600777.SH,20250321,2.17,2.19,2.16,2.19,999507.49,218471.842
600778.SH,20250321,6.59,6.6,6.44,6.48,151415.38,98439.676
600779.SH,20250321,51.04,51.94,50.0,50.49,69067.02,351516.35
600780.SH,20250321,5.71,5.82,5.69,5.77,107971.0,62196.857
600782.SH,20250321,4.57,4.68,4.56,4.6,420436.99,194796.258
600783.SH,20250321,12.93,13.0,12.58,12.61,67212.37,85707.102
600784.SH,20250321,6.49,6.52,6.38,6.4,82321.0,53039.635
600785.SH,20250321,12.38,13.16,12.28,12.42,240626.25,302816.697
600787.SH,20250321,5.91,6.04,5.87,5.9,317735.21,189142.705
600789.SH,20250321,9.61,9.67,9.37,9.39,469618.5,445376.015
600790.SH,20250321,3.53,3.56,3.49,3.51,100960.51,35549.878
600791.SH,20250321,4.23,4.24,4.14,4.16,72959.01,30471.818
600792.SH,20250321,3.47,3.5,3.41,3.42,148640.0,51277.711
600793.SH,20250321,16.93,17.01,16.55,16.69,36914.2,61708.292
600794.SH,20250321,3.54,3.59,3.52,3.55,149387.0,53107.36
600795.SH,20250321,4.39,4.44,4.31,4.34,1724116.26,754968.873
600796.SH,20250321,6.07,6.07,5.95,5.99,65455.0,39273.466
600797.SH,20250321,13.5,14.9,13.45,14.15,4145789.33,5901851.825
600798.SH,20250321,3.17,3.26,3.17,3.21,348727.41,111827.584
600800.SH,20250321,3.18,3.28,3.15,3.15,246441.01,78913.144
600801.SH,20250321,12.93,13.15,12.93,13.04,74024.03,96499.049
600802.SH,20250321,4.48,4.54,4.41,4.46,88520.08,39470.524
600804.SH,20250321,1.78,1.81,1.72,1.77,863849.16,152836.938
600805.SH,20250321,4.73,4.9,4.72,4.8,157296.14,75889.399
600807.SH,20250321,2.96,2.96,2.85,2.87,292010.01,84133.583
600808.SH,20250321,3.2,3.24,3.16,3.17,560320.9,178790.16
600809.SH,20250321,218.0,219.99,214.3,217.0,52980.88,1146461.754
600810.SH,20250321,8.41,9.15,8.4,8.86,394810.36,344007.95
600811.SH,20250321,0.75,0.75,0.75,0.75,164088.0,12306.6
600812.SH,20250321,6.4,6.44,6.28,6.3,174357.27,110472.449
600814.SH,20250321,8.43,8.43,8.18,8.22,148077.51,122379.223
600815.SH,20250321,2.9,2.97,2.89,2.92,227005.01,66376.443
600816.SH,20250321,2.98,3.01,2.93,2.94,447317.2,132946.654
600817.SH,20250321,12.41,12.66,12.4,12.54,73498.74,92267.336
600818.SH,20250321,12.51,12.66,12.19,12.21,93815.0,115836.24
600819.SH,20250321,5.55,5.62,5.51,5.55,57571.14,31926.294
600820.SH,20250321,6.38,6.48,6.36,6.38,252627.22,162015.136
600821.SH,20250321,6.16,6.21,6.06,6.07,411747.0,252125.741
600822.SH,20250321,9.9,10.02,9.85,9.97,76568.0,76108.907
600824.SH,20250321,4.41,4.42,4.32,4.34,288736.0,126079.225
600825.SH,20250321,7.62,8.1,7.58,7.58,684521.25,532612.037
600826.SH,20250321,8.06,8.13,7.95,7.98,54198.8,43463.235
600827.SH,20250321,9.39,9.41,9.22,9.24,120817.54,112401.369
600828.SH,20250321,3.39,3.41,3.34,3.36,112843.29,38046.767
600829.SH,20250321,8.2,8.28,7.96,8.1,112496.5,91115.798
600830.SH,20250321,9.59,9.7,9.45,9.45,103101.18,98724.846
600831.SH,20250321,2.89,2.91,2.83,2.85,80690.79,23110.311
600833.SH,20250321,13.33,13.43,12.96,13.11,84493.0,111362.467
600834.SH,20250321,8.52,8.54,8.41,8.49,42287.0,35820.581
600835.SH,20250321,23.46,23.53,22.18,22.29,230556.21,523323.045
600838.SH,20250321,8.51,8.67,8.46,8.57,98007.0,83911.415
600839.SH,20250321,11.45,11.49,11.1,11.13,2401478.56,2694651.226
600841.SH,20250321,6.27,6.3,6.08,6.12,315582.02,193850.244
600843.SH,20250321,13.21,13.23,12.8,12.89,228741.75,296770.703
600844.SH,20250321,2.76,2.78,2.72,2.74,179787.51,49341.914
600845.SH,20250321,31.23,31.39,30.35,30.38,251648.53,775186.236
600846.SH,20250321,9.48,9.49,9.27,9.28,64248.2,60142.285
600847.SH,20250321,9.73,9.76,9.46,9.52,29827.26,28579.407
600848.SH,20250321,9.69,9.8,9.56,9.6,130784.45,126495.876
600850.SH,20250321,25.58,25.77,25.1,25.13,105008.48,266409.356
600851.SH,20250321,6.42,6.5,6.3,6.3,83688.0,53500.858
600853.SH,20250321,3.88,3.92,3.84,3.88,190032.85,73874.394
600854.SH,20250321,5.02,5.07,4.94,4.96,124816.0,62300.315
600855.SH,20250321,11.69,11.78,11.47,11.55,82615.0,96014.599
600857.SH,20250321,8.96,8.99,8.62,8.77,46892.0,41075.136
600858.SH,20250321,5.17,5.2,5.1,5.12,117489.0,60520.264
600859.SH,20250321,13.91,14.01,13.69,13.73,180629.55,249678.648
600860.SH,20250321,13.91,14.1,13.29,13.37,298653.75,405552.648
600861.SH,20250321,22.45,22.57,20.69,21.02,98385.73,209462.46
600862.SH,20250321,25.55,25.97,25.07,25.33,188180.0,479672.297
600863.SH,20250321,3.96,4.02,3.96,3.98,721592.99,287928.311
600864.SH,20250321,6.37,6.41,6.25,6.28,242166.06,153401.321
600865.SH,20250321,9.09,9.12,8.86,8.89,66894.0,59971.539
600866.SH,20250321,6.51,6.58,6.44,6.49,191580.72,124470.281
600867.SH,20250321,7.61,7.65,7.51,7.55,122742.34,93001.615
600868.SH,20250321,3.07,3.11,3.0,3.0,829620.38,252924.809
600869.SH,20250321,5.0,5.33,4.94,5.07,930205.08,481033.9
600871.SH,20250321,1.96,2.06,1.96,2.04,2391006.81,484955.727
600872.SH,20250321,21.31,21.43,21.05,21.11,69943.54,148461.73
600873.SH,20250321,10.2,10.38,10.12,10.3,257058.13,262903.523
600874.SH,20250321,5.94,6.03,5.93,5.97,115188.62,68821.607
600875.SH,20250321,15.15,15.52,15.1,15.15,207539.4,317240.189
600876.SH,20250321,10.44,11.39,10.1,10.85,249719.37,265308.706
600877.SH,20250321,13.07,13.09,12.8,12.85,106644.85,137785.973
600879.SH,20250321,9.75,9.96,9.7,9.72,409701.68,402182.892
600880.SH,20250321,4.92,5.08,4.84,4.84,345300.0,169671.12
600881.SH,20250321,1.79,1.8,1.77,1.78,471010.5,83863.167
600882.SH,20250321,19.22,19.44,18.95,19.12,67685.17,129739.689
600883.SH,20250321,7.28,7.4,7.18,7.21,73448.9,53596.318
600884.SH,20250321,7.89,7.99,7.8,7.82,690224.45,542840.437
600885.SH,20250321,35.8,35.9,35.01,35.19,45475.87,161020.187
600886.SH,20250321,14.2,14.46,14.2,14.41,601379.95,864788.101
600887.SH,20250321,28.35,28.53,27.67,27.67,694402.0,1948893.59
600888.SH,20250321,7.21,7.29,7.18,7.2,163129.25,118143.886
600889.SH,20250321,17.73,17.81,17.3,17.37,112147.24,196429.479
600892.SH,20250321,3.52,3.87,3.46,3.87,776848.0,294400.834
600893.SH,20250321,37.71,38.33,37.34,37.54,178251.05,673956.346
600894.SH,20250321,12.3,12.41,11.9,12.03,79891.0,96758.292
600895.SH,20250321,25.73,25.87,25.2,25.27,183402.77,467226.942
600897.SH,20250321,15.02,15.25,14.9,14.99,31894.8,48006.564
600900.SH,20250321,27.67,27.76,27.37,27.4,741876.71,2042970.84
600901.SH,20250321,5.02,5.13,5.02,5.11,654648.5,333513.622
600903.SH,20250321,6.69,6.74,6.63,6.68,88643.0,59313.042
600905.SH,20250321,4.27,4.3,4.24,4.26,1015473.46,433678.877
600906.SH,20250321,6.94,7.02,6.8,6.83,416489.01,287459.1
600908.SH,20250321,5.78,5.82,5.72,5.74,143471.9,82836.394
600909.SH,20250321,5.77,5.81,5.66,5.67,318148.0,182260.684
600916.SH,20250321,8.76,8.79,8.63,8.7,250517.74,218114.668
600917.SH,20250321,5.83,5.88,5.8,5.83,40627.19,23739.234
600918.SH,20250321,6.5,6.55,6.43,6.48,319760.93,207360.209
600919.SH,20250321,9.44,9.5,9.35,9.36,924586.82,870937.532
600925.SH,20250321,5.2,5.25,5.19,5.21,151376.6,78984.253
600926.SH,20250321,14.76,14.83,14.63,14.66,363904.34,535453.99
600927.SH,20250321,13.11,13.19,12.94,13.0,32776.0,42807.375
600928.SH,20250321,3.53,3.56,3.5,3.54,200701.01,70955.592
600929.SH,20250321,5.34,5.4,5.32,5.33,127589.76,68361.968
600933.SH,20250321,19.75,19.78,18.86,18.96,191003.71,367288.037
600935.SH,20250321,2.42,2.46,2.4,2.42,190564.0,46268.768
600936.SH,20250321,3.6,3.6,3.54,3.56,209614.0,74865.751
600938.SH,20250321,26.15,26.53,26.01,26.08,585483.35,1539518.976
600939.SH,20250321,2.85,2.9,2.84,2.87,192764.0,55375.498
600941.SH,20250321,105.1,108.18,105.1,106.65,354594.9,3798320.242
600955.SH,20250321,15.33,15.49,14.9,14.91,50249.0,76081.049
600956.SH,20250321,7.41,7.52,7.39,7.45,66646.1,49753.731
600958.SH,20250321,9.82,9.89,9.66,9.66,405395.05,395543.74
600959.SH,20250321,3.46,3.52,3.44,3.45,514491.55,179065.49
600960.SH,20250321,4.88,4.88,4.21,4.23,1110488.17,499444.897
600961.SH,20250321,9.49,10.15,9.45,9.7,582500.36,572938.007
600962.SH,20250321,13.95,13.95,13.58,13.64,18664.01,25622.476
600963.SH,20250321,4.82,4.85,4.76,4.78,209105.3,100321.27
600965.SH,20250321,4.91,5.05,4.87,5.02,194065.53,96596.153
600966.SH,20250321,4.81,4.87,4.72,4.75,131016.09,62883.503
600967.SH,20250321,11.8,11.95,11.34,11.37,537385.69,622329.003
600968.SH,20250321,3.94,4.13,3.94,4.08,1488527.5,604240.028
600969.SH,20250321,6.78,6.93,6.75,6.77,103935.0,71004.04
600970.SH,20250321,9.9,10.09,9.88,9.94,328148.91,327547.058
600971.SH,20250321,8.68,8.72,8.6,8.66,83185.36,72095.042
600973.SH,20250321,5.0,5.44,4.94,5.25,1488188.47,779359.79
600975.SH,20250321,6.19,6.25,6.11,6.16,201663.4,124626.273
600976.SH,20250321,42.6,43.09,41.88,42.24,22889.0,97335.412
600977.SH,20250321,10.88,10.94,10.78,10.8,83235.0,90325.489
600979.SH,20250321,6.32,6.85,6.31,6.58,2498408.53,1641151.745
600980.SH,20250321,17.55,17.66,17.2,17.32,50945.4,88662.63
600981.SH,20250321,2.61,2.64,2.56,2.58,204850.6,53196.977
600982.SH,20250321,4.87,5.14,4.81,4.81,737830.06,364009.957
600983.SH,20250321,9.95,10.07,9.82,9.83,29749.25,29518.401
600984.SH,20250321,3.79,3.85,3.73,3.76,215231.46,81171.887
600985.SH,20250321,13.69,13.81,13.62,13.69,127248.17,174575.76
600986.SH,20250321,10.0,10.49,9.92,10.29,2324738.22,2387138.081
600987.SH,20250321,7.15,7.16,7.09,7.14,73427.55,52368.047
600988.SH,20250321,21.55,21.75,21.07,21.26,492336.95,1050919.657
600989.SH,20250321,17.52,17.72,17.4,17.48,134016.83,234845.359
600990.SH,20250321,21.79,21.86,21.36,21.46,39566.27,85475.507
600992.SH,20250321,16.9,17.34,16.42,16.43,279361.4,474562.05
600993.SH,20250321,24.85,24.98,24.37,24.72,88165.49,217572.473
600995.SH,20250321,9.77,9.88,9.7,9.77,88748.09,86977.48
600996.SH,20250321,10.07,10.24,9.77,9.87,252271.37,250838.389
600997.SH,20250321,6.74,6.85,6.72,6.8,80474.29,54728.119
600998.SH,20250321,5.15,5.2,5.06,5.06,339944.77,174174.268
600999.SH,20250321,18.2,18.28,17.89,17.92,175843.22,317358.693
601000.SH,20250321,4.15,4.21,4.15,4.19,522766.5,218968.723
601001.SH,20250321,12.47,12.58,12.28,12.38,144396.48,179441.67
601002.SH,20250321,5.12,5.18,5.07,5.15,206985.63,105902.826
601003.SH,20250321,3.16,3.36,3.16,3.19,206123.31,66643.268
601005.SH,20250321,1.37,1.39,1.36,1.37,1120060.0,154266.722
601006.SH,20250321,6.42,6.47,6.4,6.46,1033672.0,665713.057
601007.SH,20250321,6.94,7.01,6.91,6.98,68194.7,47480.695
601008.SH,20250321,3.87,3.95,3.87,3.92,203435.56,79701.67
601009.SH,20250321,10.28,10.38,10.18,10.23,375935.42,386583.501
601010.SH,20250321,3.07,3.1,3.03,3.05,336342.0,103052.109
601011.SH,20250321,2.78,2.8,2.72,2.73,585838.0,160961.43
601012.SH,20250321,17.45,17.53,17.05,17.06,809684.76,1394690.756
601015.SH,20250321,3.47,3.69,3.39,3.56,1264161.39,445649.817
601016.SH,20250321,3.1,3.15,3.09,3.13,850022.66,265804.255
601018.SH,20250321,3.68,3.77,3.68,3.71,701948.85,262334.702
601019.SH,20250321,9.76,9.82,9.65,9.7,103297.93,100531.603
601020.SH,20250321,24.96,26.03,24.89,25.55,1193963.96,3031558.365
601021.SH,20250321,52.01,52.49,51.26,51.4,36723.92,190207.051
601022.SH,20250321,8.43,8.69,8.42,8.54,271159.23,232806.781
601033.SH,20250321,14.84,15.29,14.82,14.96,87562.58,132072.903
601038.SH,20250321,14.35,14.52,14.14,14.15,79227.11,113296.274
601058.SH,20250321,15.01,15.06,14.66,14.71,331805.59,492333.698
601059.SH,20250321,17.52,18.07,17.37,17.49,662623.0,1172687.311
601061.SH,20250321,7.51,7.57,7.4,7.44,120321.66,89970.028
601065.SH,20250321,8.85,8.91,8.79,8.83,55148.56,48787.349
601066.SH,20250321,24.5,24.6,24.01,24.08,123432.5,298909.674
601068.SH,20250321,4.39,4.49,4.39,4.48,182616.73,81444.612
601069.SH,20250321,14.0,14.09,13.62,13.7,105296.0,145345.368
601077.SH,20250321,5.84,5.89,5.81,5.85,396021.5,231571.417
601083.SH,20250321,9.4,9.57,9.4,9.47,118179.36,112196.79
601086.SH,20250321,4.91,4.92,4.82,4.85,75532.0,36796.219
601088.SH,20250321,36.62,37.15,36.62,36.62,292942.31,1079586.881
601089.SH,20250321,15.8,15.96,15.66,15.69,31012.0,49004.977
601096.SH,20250321,4.35,4.41,4.33,4.34,280497.85,122542.516
601098.SH,20250321,12.64,13.25,12.64,13.2,255851.29,332313.985
601099.SH,20250321,4.04,4.06,3.97,3.99,1510440.75,605957.562
601100.SH,20250321,85.0,85.5,82.9,83.3,179568.24,1505262.044
601101.SH,20250321,7.53,7.61,7.45,7.51,120799.1,90972.967
601106.SH,20250321,2.85,3.02,2.84,2.91,1212957.57,355802.268
601107.SH,20250321,4.87,4.93,4.86,4.91,131653.5,64499.634
601108.SH,20250321,8.06,8.11,7.97,7.98,465149.54,373589.318
601111.SH,20250321,7.33,7.45,7.25,7.25,672852.38,492992.723
601113.SH,20250321,4.4,4.41,4.28,4.33,262000.98,113968.591
601116.SH,20250321,11.81,11.82,11.5,11.57,89395.01,104051.169
601117.SH,20250321,7.45,7.61,7.45,7.51,764415.16,576481.405
601118.SH,20250321,5.18,5.27,5.14,5.18,361747.15,188049.999
601121.SH,20250321,6.5,6.6,6.49,6.52,75182.0,49101.807
601126.SH,20250321,17.91,18.32,17.7,17.8,171389.0,307707.348
601127.SH,20250321,128.4,130.25,124.0,124.38,283458.02,3559652.924
601128.SH,20250321,7.23,7.3,7.21,7.26,255027.31,184797.482
601133.SH,20250321,12.13,12.22,11.9,11.96,57817.79,69635.682
601136.SH,20250321,22.14,22.5,21.94,22.06,370131.34,821517.377
601137.SH,20250321,22.1,22.37,21.22,21.24,316220.69,684711.248
601138.SH,20250321,20.78,20.91,20.58,20.63,714499.32,1479176.185
601139.SH,20250321,6.69,6.75,6.66,6.7,132103.06,88691.359
601155.SH,20250321,13.11,13.19,12.88,12.98,86894.77,112974.8
601156.SH,20250321,14.18,14.25,13.98,14.03,167737.99,236758.297
601158.SH,20250321,4.86,4.9,4.83,4.85,94527.0,45991.479
601162.SH,20250321,4.44,4.47,4.36,4.37,2006721.94,883753.047
601163.SH,20250321,15.32,15.48,15.22,15.29,52299.0,80173.691
601166.SH,20250321,22.2,22.34,21.59,21.63,807332.12,1764288.398
601168.SH,20250321,17.95,18.11,17.57,17.62,368933.04,657759.658
601169.SH,20250321,6.02,6.05,5.97,5.99,693685.74,416197.4
601177.SH,20250321,20.64,20.78,19.37,19.66,440158.7,884500.48
601179.SH,20250321,6.69,6.82,6.63,6.66,764840.55,514902.488
601186.SH,20250321,8.31,8.41,8.26,8.26,491397.01,409638.383
601187.SH,20250321,5.74,5.83,5.69,5.75,172184.22,99261.375
601188.SH,20250321,3.39,3.44,3.37,3.4,222439.01,75706.834
601198.SH,20250321,12.15,12.23,11.87,11.92,546071.14,658377.45
601199.SH,20250321,5.36,5.42,5.33,5.36,86320.0,46451.507
601200.SH,20250321,8.37,8.45,8.31,8.36,81027.96,67888.25
601208.SH,20250321,9.42,9.53,9.27,9.47,157034.24,147395.256
601211.SH,20250321,17.58,17.66,17.3,17.62,1123143.69,1966302.329
601212.SH,20250321,2.92,2.95,2.87,2.89,591289.14,172065.535
601216.SH,20250321,5.77,5.8,5.58,5.61,1020383.9,578903.437
601218.SH,20250321,3.54,3.95,3.46,3.68,1714283.08,634968.533
601222.SH,20250321,6.68,6.76,6.61,6.64,368243.6,245782.254
601225.SH,20250321,19.61,20.08,19.61,19.9,536994.92,1070292.762
601226.SH,20250321,7.01,7.6,7.0,7.6,302413.65,224781.898
601228.SH,20250321,3.2,3.27,3.2,3.24,471707.0,152622.839
601229.SH,20250321,9.33,9.39,9.21,9.21,506995.6,470007.048
601231.SH,20250321,17.1,17.33,16.84,16.98,151413.64,257924.783
601233.SH,20250321,12.02,12.1,11.92,11.95,177220.56,212748.285
601236.SH,20250321,8.06,8.13,7.92,7.95,242552.23,194662.992
601238.SH,20250321,8.75,8.75,8.52,8.54,351441.8,303163.661
601279.SH,20250321,4.0,4.01,3.89,3.93,126885.42,50028.966
601288.SH,20250321,5.14,5.15,5.08,5.09,3336366.6,1704161.131
601298.SH,20250321,8.59,8.91,8.57,8.79,292788.6,256243.598
601311.SH,20250321,8.9,8.95,8.7,8.75,204490.11,180258.647
601318.SH,20250321,52.4,52.66,51.68,51.75,795714.68,4145943.295
601319.SH,20250321,6.92,7.01,6.84,6.87,575427.1,398235.19
601326.SH,20250321,3.26,3.32,3.26,3.28,230959.37,75907.253
601328.SH,20250321,7.24,7.26,7.21,7.21,1325788.79,958606.984
601330.SH,20250321,6.54,6.67,6.53,6.58,87794.09,58043.064
601333.SH,20250321,3.1,3.12,3.07,3.08,495744.74,153429.143
601336.SH,20250321,51.12,52.12,50.25,50.45,228924.16,1168563.613
601339.SH,20250321,5.4,5.47,5.37,5.38,72244.0,39080.08
601360.SH,20250321,11.13,11.16,10.85,10.85,1059584.49,1161941.1
601366.SH,20250321,4.84,4.87,4.79,4.81,51927.0,25069.91
601368.SH,20250321,4.83,4.89,4.81,4.83,77867.0,37776.311
601369.SH,20250321,8.58,8.7,8.52,8.58,101113.1,86980.861
601375.SH,20250321,4.19,4.22,4.11,4.12,432460.52,179842.854
601377.SH,20250321,6.04,6.07,5.95,5.96,474949.44,284999.516
601388.SH,20250321,2.53,2.57,2.49,2.5,394713.0,99648.257
601390.SH,20250321,5.87,5.95,5.83,5.83,944041.41,555990.362
601398.SH,20250321,6.82,6.85,6.75,6.76,3087991.23,2096634.446
601399.SH,20250321,3.01,3.16,3.0,3.07,1082690.33,335052.606
601456.SH,20250321,11.07,11.12,10.87,11.05,314572.25,346270.917
601500.SH,20250321,5.52,5.57,5.43,5.45,382229.64,209822.926
601512.SH,20250321,7.86,7.91,7.71,7.73,76978.0,59948.618
601515.SH,20250321,3.38,3.47,3.32,3.44,492855.16,167848.718
601518.SH,20250321,2.77,2.83,2.76,2.79,232233.56,65038.385
601528.SH,20250321,5.4,5.45,5.35,5.38,140448.14,75784.149
601555.SH,20250321,8.05,8.09,7.91,7.98,374501.61,299555.223
601566.SH,20250321,8.65,8.72,8.53,8.62,38967.0,33655.161
601567.SH,20250321,28.49,29.39,28.34,28.5,57429.72,165043.097
601568.SH,20250321,4.08,4.12,4.05,4.06,143176.1,58432.042
601577.SH,20250321,9.0,9.05,8.85,8.92,224528.33,200961.863
601579.SH,20250321,10.38,10.45,10.24,10.28,43931.0,45427.8
601588.SH,20250321,1.77,1.79,1.75,1.77,272702.01,48271.82
601595.SH,20250321,29.21,29.45,28.4,29.19,75989.2,219831.736
601598.SH,20250321,5.08,5.15,5.07,5.08,247056.08,126326.616
601599.SH,20250321,3.82,3.85,3.77,3.78,119172.9,45285.207
601600.SH,20250321,7.71,7.79,7.56,7.58,1000017.04,767152.698
601601.SH,20250321,31.9,32.45,31.58,31.73,377554.9,1206579.662
601606.SH,20250321,13.03,13.05,12.77,12.84,153331.33,197899.969
601607.SH,20250321,19.31,19.37,19.07,19.09,110632.26,212518.597
601608.SH,20250321,4.85,5.26,4.85,5.26,1713251.41,885066.771
601609.SH,20250321,6.55,6.62,6.39,6.41,197544.99,128135.422
601611.SH,20250321,8.92,9.09,8.87,8.9,282388.71,253745.613
601615.SH,20250321,11.64,12.24,11.58,12.05,900216.75,1081583.348
601616.SH,20250321,4.99,5.02,4.85,4.86,485233.01,238417.09
601618.SH,20250321,3.14,3.2,3.13,3.15,1254156.0,397433.242
601619.SH,20250321,3.9,3.95,3.81,3.83,1159842.29,447478.788
601628.SH,20250321,37.92,38.49,37.4,37.54,136419.37,515653.612
601633.SH,20250321,27.35,27.56,26.32,26.35,259780.44,696486.703
601636.SH,20250321,5.91,5.95,5.85,5.87,118479.0,69883.357
601658.SH,20250321,5.36,5.4,5.32,5.33,1505069.55,806587.288
601665.SH,20250321,6.04,6.06,5.95,5.96,278176.82,166986.61
601666.SH,20250321,8.99,9.02,8.8,8.85,317933.77,282494.799
601668.SH,20250321,5.45,5.51,5.43,5.45,2061461.28,1126388.442
601669.SH,20250321,4.91,4.98,4.89,4.89,1167221.54,575708.816
601677.SH,20250321,13.07,13.22,12.91,12.98,180236.41,235397.787
601678.SH,20250321,4.0,4.14,3.95,4.03,698653.61,282860.077
601686.SH,20250321,5.65,5.72,5.65,5.68,26511.8,15056.921
601688.SH,20250321,17.85,17.95,17.58,17.61,564238.11,1001501.787
601689.SH,20250321,60.51,61.47,58.15,58.5,434008.77,2565673.266
601696.SH,20250321,10.83,10.88,10.59,10.65,233965.38,251097.368
601698.SH,20250321,20.4,20.83,20.31,20.33,345703.99,709113.311
601699.SH,20250321,12.48,12.56,12.3,12.51,211750.84,263375.96
601700.SH,20250321,4.71,4.83,4.71,4.78,163008.0,77891.021
601702.SH,20250321,19.55,19.74,19.4,19.49,30892.01,60326.558
601717.SH,20250321,15.61,15.66,15.17,15.29,420329.44,645092.156
601718.SH,20250321,2.74,2.81,2.74,2.75,590906.0,163927.721
601727.SH,20250321,8.09,8.09,7.88,7.94,1522650.73,1217082.871
601728.SH,20250321,7.51,7.62,7.48,7.52,1163394.71,879850.48
601766.SH,20250321,7.37,7.52,7.3,7.31,1062429.62,784927.731
601777.SH,20250321,8.7,8.81,8.25,8.47,663608.18,558756.075
601778.SH,20250321,2.89,2.94,2.86,2.88,647591.9,187727.085
601788.SH,20250321,17.58,17.68,17.3,17.31,282798.36,493691.558
601789.SH,20250321,6.65,6.68,6.35,6.36,1144305.64,743761.188
601798.SH,20250321,7.72,8.28,7.68,8.28,380707.75,305951.438
601799.SH,20250321,136.52,138.48,133.05,134.01,47015.6,633719.752
601800.SH,20250321,9.35,9.53,9.35,9.39,466042.0,439734.004
601801.SH,20250321,6.85,6.9,6.79,6.81,135343.89,92582.27
601808.SH,20250321,15.03,15.9,15.02,15.53,499918.46,774625.51
601811.SH,20250321,13.93,14.22,13.93,14.2,35335.5,49995.635
601816.SH,20250321,5.55,5.62,5.51,5.52,1236757.7,687688.568
601818.SH,20250321,3.89,3.91,3.82,3.84,1167120.0,450049.856
601825.SH,20250321,8.13,8.17,8.04,8.04,189018.93,152980.642
601827.SH,20250321,8.43,8.5,8.4,8.46,34624.0,29248.839
601828.SH,20250321,3.2,3.22,3.11,3.11,208398.5,65660.278
601838.SH,20250321,17.33,17.54,17.13,17.13,299124.21,517050.211
601857.SH,20250321,7.98,8.09,7.94,7.96,2092424.75,1679500.175
601858.SH,20250321,20.4,20.55,20.11,20.19,34866.0,70750.036
601860.SH,20250321,2.8,2.83,2.78,2.79,457813.53,128327.242
601865.SH,20250321,19.81,19.9,19.41,19.5,98185.0,192838.049
601866.SH,20250321,2.4,2.46,2.39,2.42,1208996.94,294307.683
601868.SH,20250321,2.3,2.34,2.3,2.31,3681949.13,854649.091
601869.SH,20250321,35.81,36.14,35.26,35.26,41134.79,146468.993
601872.SH,20250321,6.55,6.65,6.5,6.5,643384.65,422245.836
601877.SH,20250321,24.45,24.68,24.01,24.12,165647.02,402133.198
601878.SH,20250321,11.65,11.8,11.5,11.52,597844.44,695685.495
601880.SH,20250321,1.52,1.57,1.52,1.54,1606306.27,248648.309
601881.SH,20250321,17.5,17.96,17.16,17.18,1529643.5,2687201.823
601882.SH,20250321,23.98,23.99,23.02,23.15,64266.63,150144.13
601886.SH,20250321,6.19,6.55,6.19,6.27,661533.33,420315.715
601888.SH,20250321,62.52,62.98,61.41,61.82,184301.19,1144253.217
601890.SH,20250321,9.89,10.38,9.7,10.38,1691029.67,1731194.224
601898.SH,20250321,10.26,10.39,10.22,10.23,362937.0,373144.238
601899.SH,20250321,18.0,18.06,17.4,17.57,2514753.87,4440714.113
601900.SH,20250321,14.73,15.18,14.65,15.11,93017.53,139252.432
601901.SH,20250321,8.09,8.14,7.96,8.0,547064.29,440088.054
601908.SH,20250321,2.78,2.8,2.72,2.73,301551.0,83034.65
601916.SH,20250321,2.94,2.96,2.92,2.93,1383085.63,406729.172
601918.SH,20250321,6.92,7.03,6.9,6.94,261719.29,182211.534
601919.SH,20250321,14.4,14.54,14.2,14.26,781451.8,1122281.155
601921.SH,20250321,8.14,8.15,8.0,8.01,213158.0,171918.124
601928.SH,20250321,10.46,10.65,10.44,10.62,210886.25,223322.625
601929.SH,20250321,2.0,2.02,1.96,1.98,1086761.9,216309.145
601933.SH,20250321,5.03,5.06,4.83,4.84,2970792.88,1454084.75
601939.SH,20250321,8.54,8.57,8.45,8.49,808683.17,687414.983
601949.SH,20250321,6.7,6.78,6.65,6.67,129823.63,87030.811
601952.SH,20250321,9.51,9.57,9.46,9.49,66670.8,63436.09
601956.SH,20250321,5.6,5.61,5.5,5.54,125937.0,69822.428
601958.SH,20250321,10.8,10.9,10.65,10.71,230466.08,248104.939
601963.SH,20250321,9.35,9.5,9.29,9.45,158143.58,149115.014
601965.SH,20250321,19.43,19.46,18.77,18.92,81073.15,153957.091
601966.SH,20250321,18.08,18.28,17.84,17.92,114643.31,206910.3
601968.SH,20250321,4.92,4.95,4.85,4.89,46230.11,22657.162
601969.SH,20250321,7.49,7.66,7.37,7.46,343053.1,257606.724
601975.SH,20250321,3.13,3.18,3.12,3.15,1264632.53,398742.945
601985.SH,20250321,9.41,9.48,9.33,9.4,1201882.04,1128961.435
601988.SH,20250321,5.41,5.44,5.35,5.36,1592605.5,857626.317
601989.SH,20250321,4.37,4.6,4.36,4.51,4213906.32,1902382.018
601990.SH,20250321,8.55,8.58,8.4,8.45,224882.06,190784.091
601991.SH,20250321,2.96,3.02,2.96,2.98,1290729.77,385685.328
601992.SH,20250321,1.68,1.7,1.66,1.67,542497.84,91219.119
601995.SH,20250321,35.66,35.98,34.95,34.96,260267.58,921635.307
601996.SH,20250321,2.14,2.19,2.13,2.17,231026.02,50041.481
601997.SH,20250321,5.91,5.94,5.84,5.88,344557.35,203186.298
601998.SH,20250321,7.43,7.49,7.21,7.21,1395564.36,1017866.366
601999.SH,20250321,6.76,6.76,6.56,6.59,54022.0,35875.172
603000.SH,20250321,21.88,21.99,21.52,21.64,122184.0,265534.839
603001.SH,20250321,5.54,5.6,5.41,5.41,105208.0,57796.637
603002.SH,20250321,6.42,6.51,6.3,6.3,334888.28,214290.962
603003.SH,20250321,5.39,5.52,5.31,5.36,39832.01,21550.412
603004.SH,20250321,23.09,23.09,22.17,22.46,44351.0,99894.522
603005.SH,20250321,31.88,32.02,30.66,30.73,249628.69,777892.755
603006.SH,20250321,12.35,12.39,11.88,11.97,64498.0,77689.175
603007.SH,20250321,6.35,6.35,6.35,6.35,28001.0,17780.635
603008.SH,20250321,18.2,18.28,17.86,17.99,68478.82,123769.962
603009.SH,20250321,45.6,45.9,43.7,44.0,169145.0,749471.82
603010.SH,20250321,10.54,10.66,10.48,10.58,38205.99,40387.378
603011.SH,20250321,9.05,9.79,9.05,9.29,784648.62,752604.472
603012.SH,20250321,6.37,6.43,6.2,6.23,299833.0,188646.488
603013.SH,20250321,17.19,17.35,16.77,16.95,75530.68,128083.513
603015.SH,20250321,13.64,13.65,12.77,12.79,245206.0,319157.615
603016.SH,20250321,31.03,31.29,30.24,30.59,20357.0,62231.036
603017.SH,20250321,8.83,8.9,8.75,8.84,29614.0,26099.921
603018.SH,20250321,8.71,8.71,8.44,8.49,130625.32,111501.994
603019.SH,20250321,69.76,69.8,67.14,67.2,435433.92,2965430.328
603020.SH,20250321,8.89,8.99,8.83,8.89,42827.0,38117.183
603021.SH,20250321,4.33,4.37,4.26,4.27,89794.6,38581.415
603022.SH,20250321,8.35,8.4,8.23,8.26,30791.0,25577.64
603023.SH,20250321,3.17,3.22,3.06,3.06,109256.14,33857.578
603025.SH,20250321,15.0,15.32,14.34,14.4,174631.98,256522.589
603026.SH,20250321,36.22,36.32,35.36,35.5,31345.7,111956.445
603027.SH,20250321,11.5,11.55,11.19,11.34,359129.96,408465.944
603028.SH,20250321,8.31,8.31,8.31,8.31,71252.4,59210.744
603029.SH,20250321,17.73,17.73,17.35,17.4,22525.3,39446.51
603030.SH,20250321,2.73,2.73,2.64,2.67,239163.18,64056.344
603031.SH,20250321,30.81,30.96,30.35,30.56,30491.6,93423.305
603032.SH,20250321,15.9,15.95,15.16,15.19,89853.63,138965.136
603033.SH,20250321,12.55,12.56,12.05,12.13,53404.65,65500.488
603035.SH,20250321,15.51,15.59,15.06,15.1,141931.9,216739.243
603036.SH,20250321,15.45,15.9,15.45,15.48,69908.0,109230.344
603037.SH,20250321,17.5,17.6,16.93,16.98,96438.85,165153.578
603038.SH,20250321,15.07,15.1,14.84,14.9,47189.61,70535.243
603039.SH,20250321,66.4,67.67,65.42,65.81,20620.5,136528.062
603040.SH,20250321,32.7,33.97,30.68,30.8,92157.08,297515.752
603041.SH,20250321,11.7,11.77,11.43,11.53,18332.4,21201.561
603042.SH,20250321,14.7,15.41,14.55,14.88,219362.77,329167.429
603043.SH,20250321,16.31,16.42,16.11,16.28,36017.31,58628.174
603045.SH,20250321,16.74,17.0,16.47,16.85,124450.8,208156.571
603048.SH,20250321,19.25,19.27,18.6,18.62,65221.0,122740.357
603050.SH,20250321,22.68,22.75,22.15,22.25,13146.23,29420.144
603051.SH,20250321,25.88,26.7,25.85,25.87,28846.02,75326.615
603052.SH,20250321,36.9,36.91,36.06,36.15,13572.8,49458.852
603053.SH,20250321,9.35,9.49,9.31,9.36,30750.0,28888.752
603055.SH,20250321,11.54,11.58,11.27,11.27,98898.0,112591.396
603056.SH,20250321,15.03,15.38,14.97,15.05,61558.0,93194.411
603057.SH,20250321,20.33,20.68,19.9,19.94,28012.0,56563.552
603058.SH,20250321,9.09,9.09,8.9,8.97,57822.44,51966.324
603059.SH,20250321,25.3,25.58,24.86,25.17,8288.0,20925.031
603060.SH,20250321,7.24,7.27,7.1,7.15,60898.44,43803.747
603061.SH,20250321,78.48,78.97,76.09,76.33,8063.26,62283.719
603062.SH,20250321,40.14,42.98,39.95,42.21,34029.53,142773.493
603063.SH,20250321,32.39,33.64,31.5,32.85,297405.21,968020.141
603065.SH,20250321,7.93,7.94,7.79,7.82,27591.0,21664.186
603066.SH,20250321,12.64,12.73,12.26,12.4,139227.75,173335.368
603067.SH,20250321,18.88,19.28,18.14,18.72,107773.88,200778.443
603068.SH,20250321,38.45,38.53,36.01,36.33,102625.0,380252.715
603069.SH,20250321,19.26,19.83,19.0,19.4,91932.58,178880.201
603070.SH,20250321,14.69,14.8,14.47,14.5,55725.0,81365.781
603071.SH,20250321,12.93,13.05,12.78,12.86,26050.8,33643.312
603072.SH,20250321,42.0,43.44,40.67,40.78,183536.96,767132.32
603073.SH,20250321,16.01,16.22,15.8,15.82,26595.0,42592.231
603075.SH,20250321,21.0,21.04,20.51,20.6,25052.6,51929.419
603076.SH,20250321,24.12,24.12,23.36,23.51,12348.4,29113.76
603077.SH,20250321,1.88,1.91,1.86,1.87,1019179.8,192220.503
603078.SH,20250321,18.12,18.12,17.37,17.4,113330.91,200567.066
603079.SH,20250321,14.52,14.57,14.13,14.22,31793.8,45464.459
603080.SH,20250321,16.59,16.7,16.4,16.5,25860.0,42748.248
603081.SH,20250321,14.78,14.78,13.82,14.59,164824.33,235854.743
603082.SH,20250321,44.86,45.66,42.56,42.66,50728.54,221299.576
603083.SH,20250321,39.43,39.43,38.36,38.37,78464.99,304153.779
603085.SH,20250321,12.4,12.42,11.76,11.82,195194.6,233041.634
603086.SH,20250321,5.47,5.49,5.34,5.37,164402.6,88743.145
603087.SH,20250321,45.16,45.39,44.68,44.82,57884.34,260163.542
603088.SH,20250321,12.02,12.25,11.7,11.77,333105.66,396622.887
603089.SH,20250321,11.28,11.44,11.0,11.05,65242.95,72750.998
603090.SH,20250321,22.0,23.96,21.75,22.9,85555.16,192490.384
603091.SH,20250321,44.72,45.88,44.31,44.35,12630.32,56914.686
603093.SH,20250321,13.56,13.67,13.23,13.27,96860.0,129814.024
603095.SH,20250321,24.4,24.4,23.56,23.95,25664.8,61167.666
603096.SH,20250321,19.34,19.44,19.0,19.08,14604.2,28096.947
603097.SH,20250321,23.7,24.23,23.4,24.01,36693.0,87699.701
603098.SH,20250321,10.24,10.28,10.0,10.03,78175.0,78946.151
603099.SH,20250321,33.5,33.66,32.89,33.38,101948.19,338054.479
603100.SH,20250321,22.28,22.33,21.56,21.62,81677.96,178440.933
603101.SH,20250321,7.09,7.09,6.95,6.96,42001.77,29399.323
603102.SH,20250321,37.9,38.79,37.9,38.0,14187.0,54423.284
603103.SH,20250321,13.35,13.4,13.11,13.14,38400.0,50768.446
603105.SH,20250321,9.02,9.12,8.95,9.0,95271.16,86052.452
603106.SH,20250321,8.84,8.87,8.61,8.65,107503.29,93581.488
603107.SH,20250321,17.35,17.36,16.98,17.06,47213.47,80923.799
603108.SH,20250321,21.27,21.39,20.47,20.5,351782.52,732329.728
603109.SH,20250321,26.03,27.39,25.21,26.21,223331.4,585426.196
603110.SH,20250321,18.19,18.98,17.75,18.53,173794.84,318787.199
603111.SH,20250321,7.39,7.41,7.22,7.28,197494.0,144261.819
603112.SH,20250321,14.87,15.88,14.75,15.18,219118.15,336644.015
603113.SH,20250321,6.06,6.12,5.98,6.02,63370.49,38309.241
603115.SH,20250321,14.89,14.95,14.64,14.69,23828.0,35182.586
603116.SH,20250321,5.89,5.91,5.76,5.82,67863.0,39641.643
603117.SH,20250321,5.89,5.89,5.74,5.8,82844.74,48061.686
603118.SH,20250321,11.45,11.48,11.14,11.15,413433.91,465362.321
603119.SH,20250321,42.0,42.4,39.18,39.92,204649.21,825226.193
603121.SH,20250321,20.0,20.26,18.9,19.95,220252.19,429991.453
603122.SH,20250321,7.35,7.4,7.21,7.23,52361.64,38123.453
603123.SH,20250321,8.83,8.95,8.6,8.61,168082.0,147063.2
603124.SH,20250321,63.0,65.0,57.5,57.72,196414.01,1196220.038
603125.SH,20250321,19.58,19.69,19.28,19.39,14696.3,28624.609
603126.SH,20250321,7.06,7.18,6.99,7.04,173708.86,122995.342
603127.SH,20250321,22.1,22.65,20.98,21.05,160297.58,347671.698
603128.SH,20250321,5.83,5.9,5.79,5.81,229919.35,134458.661
603129.SH,20250321,184.0,184.0,177.3,178.87,16984.0,304932.84
603130.SH,20250321,27.38,27.79,25.71,27.68,103315.89,277583.291
603131.SH,20250321,20.12,21.58,19.88,20.75,312022.28,643272.548
603132.SH,20250321,11.8,11.89,11.7,11.74,31433.29,37083.746
603135.SH,20250321,11.2,11.41,11.03,11.13,110814.9,123780.872
603136.SH,20250321,11.73,11.86,11.7,11.82,32434.89,38212.266
603137.SH,20250321,11.73,11.95,11.46,11.62,25468.16,29482.886
603138.SH,20250321,15.6,15.74,15.2,15.23,61813.0,95195.036
603139.SH,20250321,20.7,20.7,20.7,20.7,5261.0,10890.27
603150.SH,20250321,37.29,38.35,36.73,36.81,26365.0,98453.028
603151.SH,20250321,12.33,12.36,12.08,12.1,17219.0,20953.195
603153.SH,20250321,18.93,19.04,18.71,18.81,25995.0,49062.972
603155.SH,20250321,14.15,14.85,14.0,14.61,123608.41,178756.793
603156.SH,20250321,21.51,21.68,21.32,21.52,21206.5,45618.685
603158.SH,20250321,10.85,10.97,10.33,10.33,401736.0,425183.259
603159.SH,20250321,14.91,14.91,14.36,14.45,17248.0,25119.244
603160.SH,20250321,77.11,78.07,75.96,76.2,50020.11,383698.745
603161.SH,20250321,12.97,13.21,12.78,12.87,88744.96,114833.693
603162.SH,20250321,9.18,9.64,9.13,9.49,370475.69,349479.115
603163.SH,20250321,26.49,26.49,25.82,25.92,11128.75,28969.324
603165.SH,20250321,13.26,13.38,13.1,13.15,41289.4,54501.98
603166.SH,20250321,14.6,15.02,13.83,13.9,503875.6,713091.021
603167.SH,20250321,8.71,8.87,8.61,8.72,131586.0,115076.381
603168.SH,20250321,7.24,7.28,7.12,7.17,87185.66,62569.071
603169.SH,20250321,5.92,6.23,5.9,6.13,657431.59,402467.335
603170.SH,20250321,13.31,13.42,13.09,13.12,16360.0,21628.419
603171.SH,20250321,47.0,47.31,44.44,45.12,48348.1,219877.082
603172.SH,20250321,14.51,14.78,14.48,14.6,22745.0,33226.171
603173.SH,20250321,26.3,26.55,25.74,25.82,22677.0,59209.641
603176.SH,20250321,5.08,5.11,5.0,5.01,33375.0,16820.833
603177.SH,20250321,8.7,8.71,8.5,8.53,51673.0,44382.252
603178.SH,20250321,20.85,20.88,20.15,20.18,90817.0,185619.108
603179.SH,20250321,46.58,46.72,45.26,45.8,46838.04,214704.057
603180.SH,20250321,19.55,19.68,19.3,19.4,8644.12,16810.412
603181.SH,20250321,12.23,12.65,12.15,12.58,112914.6,140482.819
603182.SH,20250321,12.54,12.61,12.36,12.41,13314.65,16584.859
603183.SH,20250321,4.29,4.34,4.2,4.21,246005.91,104713.536
603185.SH,20250321,16.0,16.17,15.69,15.7,90166.4,143228.765
603186.SH,20250321,27.19,27.97,27.0,27.1,35149.0,96199.58
603187.SH,20250321,11.81,11.96,11.66,11.75,42063.75,49524.77
603188.SH,20250321,3.65,3.68,3.58,3.59,93707.0,33898.462
603189.SH,20250321,19.0,20.16,18.83,19.12,311814.57,609422.56
603190.SH,20250321,24.24,25.08,23.79,23.96,39052.94,94850.664
603191.SH,20250321,13.78,13.95,13.51,13.61,83324.0,114228.658
603192.SH,20250321,17.19,17.3,16.82,16.94,17017.5,28969.141
603193.SH,20250321,32.79,33.4,32.23,33.11,26470.7,86811.515
603194.SH,20250321,38.41,38.44,37.22,37.32,45466.58,171555.85
603195.SH,20250321,72.85,73.64,72.07,73.3,16129.3,117366.266
603196.SH,20250321,17.89,18.26,17.32,18.18,70609.58,125552.466
603197.SH,20250321,47.0,47.0,44.21,44.48,57914.0,261327.161
603198.SH,20250321,56.94,57.79,56.37,56.78,48274.4,275041.43
603199.SH,20250321,35.43,35.65,34.99,35.34,23155.0,81731.629
603200.SH,20250321,35.39,35.46,34.1,34.25,94223.68,326080.746
603201.SH,20250321,19.91,19.91,19.06,19.11,28836.04,55799.947
603203.SH,20250321,25.95,25.95,25.39,25.48,29135.3,74491.169
603205.SH,20250321,38.22,38.42,37.38,37.48,14357.0,54261.467
603206.SH,20250321,20.1,20.14,19.42,19.45,127694.38,252170.593
603207.SH,20250321,27.92,27.98,27.04,27.15,24683.72,67706.409
603208.SH,20250321,16.98,17.23,16.73,16.81,19377.52,32743.247
603209.SH,20250321,16.33,16.86,16.19,16.35,82074.41,135489.088
603211.SH,20250321,21.69,23.5,21.4,22.92,316384.78,720267.601
603212.SH,20250321,10.82,10.87,10.62,10.65,74268.0,79675.839
603213.SH,20250321,9.54,9.56,9.42,9.47,33965.2,32208.106
603214.SH,20250321,21.65,21.69,20.88,20.88,91013.0,193192.991
603215.SH,20250321,18.92,18.93,18.04,18.05,86359.88,158669.509
603216.SH,20250321,12.2,12.78,12.16,12.67,75330.52,94230.944
603217.SH,20250321,17.25,17.28,16.92,16.97,14125.2,24117.752
603218.SH,20250321,13.2,13.52,13.08,13.34,189804.06,253656.449
603219.SH,20250321,18.81,18.93,17.17,17.28,148779.8,264854.19
603220.SH,20250321,28.2,28.2,26.91,26.91,366127.72,1000345.658
603221.SH,20250321,9.96,9.99,9.82,9.84,30332.0,29995.154
603222.SH,20250321,6.77,6.8,6.62,6.64,87221.19,58230.263
603223.SH,20250321,8.86,8.95,8.73,8.77,39400.15,34765.114
603225.SH,20250321,11.99,12.13,11.74,11.79,89251.52,106428.698
603226.SH,20250321,6.9,6.9,6.55,6.66,59915.82,40120.307
603227.SH,20250321,8.93,9.05,8.9,8.95,100750.0,90452.418
603228.SH,20250321,34.73,35.85,34.66,35.69,270610.63,959242.41
603229.SH,20250321,8.59,8.64,8.47,8.51,79680.08,68066.77
603230.SH,20250321,12.26,12.3,12.11,12.14,22415.0,27321.768
603231.SH,20250321,16.16,16.85,16.06,16.65,71097.76,117287.23
603232.SH,20250321,15.38,15.79,15.03,15.23,92434.91,141544.625
603233.SH,20250321,15.4,15.48,14.99,15.2,68743.26,104306.358
603235.SH,20250321,26.9,26.96,26.6,26.74,7920.0,21182.35
603236.SH,20250321,89.97,90.2,83.83,83.85,171193.37,1476086.792
603237.SH,20250321,18.3,18.42,18.1,18.16,11368.41,20756.049
603238.SH,20250321,15.94,16.06,14.6,14.6,177939.94,266602.623
603239.SH,20250321,14.95,15.05,14.33,14.38,64689.75,94130.024
603255.SH,20250321,30.9,31.69,30.8,31.01,9675.0,30165.58
603256.SH,20250321,9.38,9.38,9.02,9.08,67751.0,61932.882
603258.SH,20250321,23.73,24.01,23.35,23.41,44846.8,105803.683
603259.SH,20250321,69.16,69.57,66.72,66.98,470392.64,3177821.204
603260.SH,20250321,55.81,56.45,55.01,55.2,25241.0,140395.254
603261.SH,20250321,26.71,26.71,25.71,25.93,21709.0,56655.771
603266.SH,20250321,18.92,19.15,18.26,18.51,127999.51,237813.122
603267.SH,20250321,53.6,54.8,52.37,53.97,98798.54,527509.923
603268.SH,20250321,39.46,40.4,39.46,39.99,19603.9,78220.721
603269.SH,20250321,12.36,12.4,11.86,11.88,132198.97,158859.314
603270.SH,20250321,31.1,31.59,29.21,29.3,135831.5,409112.646
603271.SH,20250321,40.8,40.8,39.39,39.4,65627.25,261135.176
603272.SH,20250321,16.33,16.33,15.8,16.03,12596.0,20167.96
603273.SH,20250321,19.1,19.89,19.1,19.6,99328.83,195076.142
603275.SH,20250321,44.06,44.56,43.09,43.97,25903.0,113155.754
603276.SH,20250321,15.66,15.83,15.54,15.72,22086.43,34562.607
603277.SH,20250321,27.04,27.35,26.61,26.85,16867.72,45539.17
603278.SH,20250321,12.8,12.8,11.79,11.93,489900.55,592044.88
603279.SH,20250321,17.8,17.99,17.58,17.68,26147.6,46359.618
603280.SH,20250321,24.96,28.0,24.72,28.0,92156.56,249020.109
603281.SH,20250321,24.8,24.88,24.39,24.5,9499.39,23376.325
603282.SH,20250321,16.26,16.48,15.92,16.2,23808.0,38437.766
603283.SH,20250321,62.31,62.67,61.04,61.19,36811.66,226940.88
603285.SH,20250321,23.86,24.06,23.22,23.27,29717.22,70116.936
603286.SH,20250321,35.9,35.9,32.27,32.27,140441.1,464268.083
603288.SH,20250321,40.71,40.98,40.08,40.08,145835.93,588574.734
603289.SH,20250321,9.63,9.83,9.52,9.69,70630.0,68458.793
603290.SH,20250321,93.3,93.66,90.86,91.0,41095.2,377942.419
603291.SH,20250321,15.19,15.3,14.28,14.46,46335.0,69154.728
603296.SH,20250321,80.0,80.43,78.5,78.95,63434.04,502755.515
603297.SH,20250321,97.51,97.51,92.7,93.39,21217.31,200215.561
603298.SH,20250321,21.37,21.73,21.27,21.3,55961.96,119801.138
603299.SH,20250321,11.0,11.11,10.98,11.08,75869.26,83873.002
603300.SH,20250321,11.5,11.5,10.7,10.7,2812461.17,3094122.517
603301.SH,20250321,21.72,21.81,21.4,21.54,19711.91,42562.764
603303.SH,20250321,12.83,12.88,12.61,12.68,16499.0,20996.773
603305.SH,20250321,15.22,15.27,14.4,14.53,335274.06,493235.384
603306.SH,20250321,37.9,37.92,36.51,37.03,57865.91,214091.448
603307.SH,20250321,36.11,36.79,35.08,35.35,13306.0,47871.025
603308.SH,20250321,20.05,20.41,19.68,19.79,80389.2,160533.073
603309.SH,20250321,12.4,12.45,12.16,12.21,31500.0,38647.823
603310.SH,20250321,18.8,19.12,18.58,18.59,26510.86,49847.479
603311.SH,20250321,10.6,10.64,10.41,10.44,33530.51,35211.861
603312.SH,20250321,38.35,38.65,37.68,37.75,22304.21,84931.078
603313.SH,20250321,6.44,6.45,6.33,6.36,48251.96,30817.484
603315.SH,20250321,17.79,18.29,17.43,17.43,550718.68,968496.783
603316.SH,20250321,6.78,6.85,6.37,6.37,114827.0,74451.778
603317.SH,20250321,13.52,13.87,13.52,13.66,44923.68,61574.668
603318.SH,20250321,6.71,6.82,6.66,6.8,107473.5,72724.127
603319.SH,20250321,41.0,41.31,37.53,37.69,275654.84,1072406.581
603320.SH,20250321,19.6,19.6,18.51,18.63,76775.33,145362.22
603321.SH,20250321,7.94,7.97,7.74,7.79,37172.0,29108.674
603322.SH,20250321,47.0,48.01,45.8,46.5,84475.0,394325.57
603323.SH,20250321,5.3,5.35,5.23,5.26,266322.95,140810.434
603324.SH,20250321,27.5,27.79,26.95,27.11,26255.02,71702.138
603325.SH,20250321,92.4,93.87,90.8,91.4,5190.87,47831.343
603326.SH,20250321,7.67,7.73,7.47,7.5,89227.0,67365.993
603327.SH,20250321,13.39,13.39,12.93,12.95,113200.15,147952.168
603328.SH,20250321,10.82,10.92,10.58,10.63,159196.25,170716.886
603329.SH,20250321,13.81,13.86,13.58,13.7,22938.0,31419.988
603330.SH,20250321,8.29,8.38,8.01,8.05,108046.0,87967.137
603331.SH,20250321,10.29,10.5,10.12,10.35,66749.5,68836.635
603332.SH,20250321,9.91,9.99,9.65,9.69,65999.84,64377.522
603333.SH,20250321,5.32,5.49,5.24,5.42,281695.2,151457.192
603335.SH,20250321,4.63,4.65,4.48,4.49,113053.69,51217.161
603336.SH,20250321,4.93,5.06,4.85,4.88,477433.79,236925.074
603337.SH,20250321,30.44,31.88,30.44,31.49,44547.88,139246.5
603338.SH,20250321,58.85,60.27,58.25,59.25,58735.54,348225.471
603339.SH,20250321,13.33,13.34,13.01,13.11,52274.8,68727.615
603341.SH,20250321,45.67,46.41,44.62,45.5,42895.0,195432.575
603344.SH,20250321,28.0,28.97,27.53,27.64,115542.55,327342.847
603345.SH,20250321,81.4,82.34,80.47,80.89,31612.98,257178.922
603348.SH,20250321,26.25,26.25,25.2,25.46,101691.66,260453.573
603350.SH,20250321,39.26,39.82,38.27,38.64,36653.72,142795.534
603351.SH,20250321,26.88,27.06,25.99,26.4,7191.0,18952.574
603353.SH,20250321,15.3,15.4,15.07,15.12,28787.0,43859.31
603355.SH,20250321,30.0,31.0,28.72,28.8,179923.66,535918.353
603356.SH,20250321,14.19,14.61,13.81,13.81,68572.0,96482.929
603357.SH,20250321,9.41,9.54,9.31,9.33,96242.8,90605.25
603358.SH,20250321,40.0,40.2,38.25,38.79,48911.4,191042.944
603359.SH,20250321,7.18,7.18,7.18,7.18,111709.94,80207.737
603360.SH,20250321,34.3,34.3,32.7,33.01,95670.79,317531.371
603363.SH,20250321,3.6,3.69,3.49,3.52,281143.62,100045.831
603365.SH,20250321,15.78,15.82,15.49,15.49,7621.0,11902.323
603366.SH,20250321,11.08,11.09,10.73,10.75,207100.0,225149.075
603367.SH,20250321,13.8,13.91,13.65,13.7,26090.66,35922.197
603368.SH,20250321,18.66,18.85,18.19,18.22,113906.01,209875.51
603369.SH,20250321,52.01,52.76,51.82,52.15,46200.79,241062.878
603373.SH,20250321,31.04,31.28,30.55,30.62,9630.0,29704.295
603375.SH,20250321,40.71,41.19,39.36,40.3,43442.11,174916.192
603377.SH,20250321,2.83,2.95,2.83,2.88,91237.66,26200.458
603378.SH,20250321,6.84,6.85,6.68,6.71,42909.49,28874.001
603379.SH,20250321,41.37,41.97,40.64,40.88,59302.2,244016.97
603380.SH,20250321,25.7,25.7,24.85,25.1,21352.0,53663.593
603381.SH,20250321,22.37,22.9,22.3,22.65,50901.89,115443.126
603383.SH,20250321,37.99,38.2,36.71,36.88,52909.37,197107.566
603385.SH,20250321,6.82,6.88,6.73,6.79,27968.95,19000.31
603386.SH,20250321,12.09,12.21,11.76,11.8,92256.0,110264.5
603387.SH,20250321,8.8,8.83,8.64,8.68,50574.6,44171.745
603388.SH,20250321,3.36,3.37,3.21,3.33,74277.0,24567.253
603389.SH,20250321,5.61,5.63,5.48,5.5,56011.2,31032.764
603390.SH,20250321,11.6,11.75,11.24,11.25,186405.02,212273.644
603391.SH,20250321,42.79,43.0,42.08,42.11,13208.5,56129.905
603392.SH,20250321,66.87,67.16,66.1,66.43,22854.35,152118.833
603393.SH,20250321,29.85,30.17,29.59,29.79,29698.0,88724.085
603395.SH,20250321,45.88,45.9,45.25,45.27,18977.18,86204.485
603396.SH,20250321,27.76,28.45,27.6,28.06,35771.66,100263.258
603398.SH,20250321,16.85,16.98,16.07,16.07,192521.35,315566.157
603399.SH,20250321,9.7,9.7,9.36,9.41,121178.0,114976.751
603408.SH,20250321,13.64,13.91,13.45,13.54,33856.0,46208.38
603409.SH,20250321,39.4,39.4,38.38,38.55,43413.75,168405.893
603416.SH,20250321,57.75,57.8,54.61,54.67,45712.13,254763.886
603421.SH,20250321,7.66,7.72,7.53,7.67,170329.92,129620.851
603429.SH,20250321,7.8,7.85,7.65,7.78,51459.2,39778.79
603439.SH,20250321,14.0,14.15,13.12,13.24,142135.1,190856.595
603444.SH,20250321,222.0,224.58,219.78,220.35,10205.32,226264.654
603456.SH,20250321,13.74,13.85,13.56,13.59,119874.96,163883.075
603458.SH,20250321,6.92,6.97,6.79,6.84,146141.6,100306.966
603466.SH,20250321,10.78,11.38,10.73,10.9,564422.88,622810.801
603477.SH,20250321,18.5,18.86,18.33,18.81,147969.79,275480.918
603486.SH,20250321,63.95,68.39,63.65,65.11,99792.71,663286.012
603488.SH,20250321,8.33,8.43,8.16,8.27,56856.0,46993.03
603489.SH,20250321,29.8,32.0,28.33,31.38,128711.49,382755.068
603496.SH,20250321,32.0,32.0,30.0,30.1,475599.27,1463614.982
603499.SH,20250321,24.9,24.91,23.83,24.06,35584.2,86099.418
603500.SH,20250321,8.29,8.39,7.99,8.06,119329.2,96979.755
603501.SH,20250321,138.3,138.66,134.68,136.0,134740.68,1832940.852
603505.SH,20250321,24.52,24.64,24.18,24.33,32322.81,78749.086
603506.SH,20250321,11.59,11.89,11.2,11.34,119282.44,136893.545
603507.SH,20250321,26.01,26.59,25.15,25.5,106499.5,275369.59
603508.SH,20250321,24.17,24.36,23.74,23.77,40125.91,96297.88
603511.SH,20250321,14.45,14.62,14.24,14.35,24254.0,34910.806
603515.SH,20250321,17.41,17.56,17.28,17.4,13853.9,24126.55
603516.SH,20250321,49.43,51.86,47.6,50.17,120167.07,594085.796
603517.SH,20250321,15.72,16.04,15.66,15.86,121078.04,191698.029
603518.SH,20250321,9.22,9.25,9.09,9.12,79301.0,72738.73
603519.SH,20250321,12.63,12.75,12.41,12.45,27409.72,34436.702
603520.SH,20250321,8.52,8.55,8.34,8.38,75840.6,63990.78
603527.SH,20250321,10.22,10.25,9.91,9.94,106344.0,106809.601
603528.SH,20250321,9.2,9.75,9.01,9.04,314975.17,293012.704
603529.SH,20250321,45.72,45.99,43.65,45.99,80842.97,362463.004
603530.SH,20250321,27.18,28.65,27.08,27.8,42594.26,118252.838
603533.SH,20250321,19.85,19.92,19.38,19.44,73223.64,143488.412
603535.SH,20250321,13.22,13.28,12.96,13.01,37170.7,48726.034
603536.SH,20250321,9.97,10.1,9.83,9.87,52893.0,52367.434
603538.SH,20250321,13.87,13.98,13.66,13.76,31978.14,44113.049
603551.SH,20250321,10.78,10.94,10.65,10.66,23195.03,24994.008
603556.SH,20250321,32.86,33.52,32.78,32.91,42683.0,141219.686
603557.SH,20250321,2.32,2.33,2.28,2.29,51876.42,11907.12
603558.SH,20250321,10.4,10.46,10.21,10.32,45677.0,47165.253
603559.SH,20250321,8.39,8.53,8.11,8.27,14284.0,11854.467
603565.SH,20250321,9.25,9.42,9.21,9.25,94540.54,88108.06
603566.SH,20250321,12.27,12.27,12.03,12.08,36159.0,43872.12
603567.SH,20250321,11.55,11.56,11.14,11.18,115594.29,130797.647
603568.SH,20250321,21.85,22.03,21.35,21.61,76529.73,165492.067
603569.SH,20250321,7.6,7.7,7.57,7.61,72876.55,55541.78
603577.SH,20250321,9.31,9.46,9.14,9.36,127747.0,118885.23
603578.SH,20250321,13.33,13.33,13.09,13.12,16360.27,21582.012
603579.SH,20250321,18.29,19.35,18.29,18.77,75170.08,142005.349
603580.SH,20250321,19.45,19.99,19.11,19.16,51599.0,100480.311
603583.SH,20250321,44.18,44.6,41.95,42.48,255478.59,1090922.546
603585.SH,20250321,13.55,13.55,13.2,13.26,21936.0,29222.479
603586.SH,20250321,15.6,16.1,15.35,15.5,67439.0,105180.214
603587.SH,20250321,12.4,12.47,12.32,12.4,24728.0,30660.582
603588.SH,20250321,6.25,6.32,6.05,6.22,990680.87,612120.759
603589.SH,20250321,36.7,37.13,36.41,36.6,56952.0,208953.268
603590.SH,20250321,24.0,24.16,23.62,23.8,9595.0,22882.832
603595.SH,20250321,21.74,21.82,20.7,20.78,62264.92,131526.431
603596.SH,20250321,65.21,65.5,61.68,62.52,88294.92,555010.417
603598.SH,20250321,18.04,18.25,17.81,17.88,79755.0,143595.926
603599.SH,20250321,11.81,12.35,11.81,11.99,141324.12,170817.407
603600.SH,20250321,12.09,12.19,11.91,12.0,35327.0,42573.966
603601.SH,20250321,3.71,3.75,3.66,3.67,217134.0,80288.763
603602.SH,20250321,18.05,18.1,17.31,17.47,99769.08,175528.174
603605.SH,20250321,85.3,85.36,84.06,84.83,39532.39,334721.31
603606.SH,20250321,48.99,51.51,48.99,50.79,278690.63,1406488.707
603607.SH,20250321,18.05,18.21,17.92,17.97,35381.0,63831.259
603608.SH,20250321,4.47,4.57,4.4,4.49,59916.6,26804.476
603609.SH,20250321,7.64,7.69,7.56,7.6,39678.0,30236.232
603610.SH,20250321,12.94,13.26,12.57,12.57,118121.28,151880.621
603611.SH,20250321,20.08,20.08,19.5,19.62,62857.0,124204.524
603612.SH,20250321,16.54,17.16,16.4,16.49,145601.35,243204.381
603613.SH,20250321,28.51,28.84,27.88,28.15,131119.95,371124.118
603615.SH,20250321,27.2,27.47,25.58,26.4,49181.7,129496.515
603616.SH,20250321,3.73,3.76,3.66,3.69,99758.0,36942.293
603617.SH,20250321,8.21,8.3,7.95,8.01,280285.97,226865.183
603618.SH,20250321,7.8,7.96,7.49,7.55,531746.15,405873.691
603619.SH,20250321,18.79,19.05,18.47,18.55,220792.74,415216.873
603626.SH,20250321,9.31,9.34,8.81,8.83,612401.75,551226.551
603628.SH,20250321,13.26,13.36,13.05,13.07,63859.06,84174.162
603629.SH,20250321,30.13,31.26,29.61,30.15,295035.71,891570.324
603630.SH,20250321,14.9,14.9,14.17,14.23,50435.2,72342.266
603633.SH,20250321,8.96,8.99,8.58,8.59,186005.35,162100.012
603636.SH,20250321,14.15,14.21,13.73,13.76,199585.12,278095.673
603637.SH,20250321,9.87,10.3,9.68,10.02,130484.01,129964.046
603638.SH,20250321,22.05,24.58,22.05,22.56,194102.06,448042.805
603639.SH,20250321,12.48,12.62,12.42,12.47,12417.5,15548.246
603648.SH,20250321,10.11,10.27,9.96,10.04,56271.0,56778.496
603650.SH,20250321,33.04,33.1,32.24,32.39,58542.37,190902.014
603655.SH,20250321,24.34,24.67,23.88,24.0,18958.0,45812.227
603656.SH,20250321,20.0,20.06,19.72,19.83,35382.0,70275.225
603657.SH,20250321,17.31,18.04,17.12,17.18,75084.6,130912.786
603658.SH,20250321,41.88,42.19,41.5,41.88,23752.96,99475.201
603659.SH,20250321,18.56,18.74,17.83,17.92,297258.11,542690.512
603660.SH,20250321,7.87,7.87,7.61,7.61,231907.04,178731.038
603661.SH,20250321,30.63,30.69,30.15,30.33,8685.2,26387.554
603662.SH,20250321,73.39,73.8,70.4,71.45,123813.37,885073.846
603663.SH,20250321,24.12,24.3,23.09,23.18,206724.78,487177.087
603665.SH,20250321,18.3,18.47,17.9,18.03,22095.48,40003.227
603666.SH,20250321,35.05,35.3,32.99,33.38,130519.6,441817.296
603667.SH,20250321,44.31,45.5,42.29,43.04,317716.36,1380477.682
603668.SH,20250321,12.53,12.77,12.3,12.51,97480.45,122128.584
603669.SH,20250321,4.82,4.82,4.7,4.7,110009.0,52202.66
603676.SH,20250321,10.19,10.28,9.94,10.03,29704.0,29950.509
603677.SH,20250321,28.79,29.75,27.91,27.91,264536.24,751804.171
603678.SH,20250321,39.0,40.09,37.38,38.2,197505.52,756245.007
603679.SH,20250321,13.69,13.82,13.26,13.3,62638.8,84428.59
603680.SH,20250321,8.71,8.83,8.61,8.67,21698.66,18907.677
603681.SH,20250321,14.86,14.99,14.61,14.65,31667.0,46672.379
603682.SH,20250321,5.52,5.54,5.42,5.44,98627.0,53937.132
603683.SH,20250321,11.97,12.02,11.26,11.28,157682.44,182202.099
603685.SH,20250321,12.86,13.66,12.53,13.63,67607.4,89256.091
603686.SH,20250321,12.6,13.97,12.6,13.97,460403.4,606243.665
603687.SH,20250321,7.36,7.39,7.21,7.24,116567.0,85010.601
603688.SH,20250321,29.84,30.48,28.48,28.6,110635.0,324741.763
603689.SH,20250321,8.69,8.79,8.66,8.72,35088.66,30624.283
603690.SH,20250321,25.9,25.9,25.13,25.21,87460.2,222734.828
603693.SH,20250321,10.68,11.2,10.68,10.97,174315.32,191422.337
603696.SH,20250321,8.73,8.77,8.4,8.44,57559.99,49065.92
603697.SH,20250321,10.14,10.18,9.74,9.83,87016.65,86152.532
603698.SH,20250321,18.0,18.19,17.58,17.7,42605.4,76319.532
603699.SH,20250321,26.19,27.08,26.03,26.47,51108.51,135847.028
603700.SH,20250321,12.36,12.39,12.01,12.02,87408.66,106158.275
603701.SH,20250321,17.08,17.34,16.68,16.94,30989.14,52453.642
603703.SH,20250321,12.41,12.43,12.12,12.16,59984.6,73379.206
603706.SH,20250321,18.42,18.58,18.23,18.33,10357.0,19044.897
603707.SH,20250321,14.21,14.7,14.18,14.38,110542.49,159242.999
603708.SH,20250321,10.06,10.16,9.92,9.97,46859.0,46894.98
603709.SH,20250321,12.09,12.16,11.83,11.91,15305.72,18308.881
603711.SH,20250321,14.2,14.28,13.95,14.05,57771.0,81457.096
603712.SH,20250321,19.92,20.4,19.8,19.84,125976.0,252795.292
603713.SH,20250321,49.9,50.39,48.91,49.05,13337.67,66002.001
603716.SH,20250321,12.66,12.72,11.63,11.78,325527.48,386822.181
603717.SH,20250321,9.0,9.32,8.55,8.55,379904.63,336089.396
603718.SH,20250321,7.26,7.27,7.1,7.14,52290.0,37551.648
603719.SH,20250321,12.81,12.89,12.65,12.76,59786.24,76330.773
603721.SH,20250321,27.02,27.12,26.55,26.55,32906.0,88319.162
603722.SH,20250321,43.22,43.22,42.22,42.3,5771.0,24600.13
603725.SH,20250321,6.84,6.85,6.69,6.78,38811.04,26281.447
603726.SH,20250321,16.99,17.1,16.6,16.68,26730.0,44829.121
603727.SH,20250321,15.6,16.28,15.12,15.55,242611.06,378325.92
603728.SH,20250321,74.33,74.9,71.01,71.23,97114.55,698815.36
603729.SH,20250321,16.52,16.63,16.15,16.3,36565.0,59817.816
603730.SH,20250321,8.78,8.81,8.56,8.61,71620.79,62011.184
603733.SH,20250321,22.3,22.43,22.0,22.24,39999.0,88883.596
603737.SH,20250321,51.25,51.88,49.7,50.48,23479.45,118769.526
603738.SH,20250321,17.16,17.16,16.38,16.48,166227.08,277237.821
603739.SH,20250321,13.28,13.28,12.89,12.96,43649.4,56867.447
603755.SH,20250321,27.32,27.66,27.17,27.35,7197.0,19718.482
603757.SH,20250321,25.13,25.96,24.81,25.4,61297.82,155100.147
603758.SH,20250321,14.2,14.2,13.07,13.15,183756.45,246163.974
603759.SH,20250321,9.08,9.08,8.86,8.97,103587.28,92631.96
603766.SH,20250321,11.06,11.06,10.61,10.67,279122.52,301206.216
603767.SH,20250321,19.98,20.43,19.11,20.43,652797.22,1301152.153
603768.SH,20250321,13.96,14.05,13.57,13.6,57096.38,78537.702
603773.SH,20250321,26.4,26.42,24.88,24.94,95076.4,241641.181
603776.SH,20250321,24.61,24.61,24.61,24.61,148742.68,366055.735
603777.SH,20250321,14.6,14.67,14.2,14.26,115104.07,165327.715
603778.SH,20250321,3.34,3.37,3.29,3.31,106070.0,35218.745
603779.SH,20250321,8.45,8.46,8.06,8.06,162822.06,133143.421
603786.SH,20250321,62.3,62.47,60.77,61.2,11586.21,71083.299
603787.SH,20250321,11.5,11.55,11.18,11.33,57775.0,65466.713
603788.SH,20250321,20.17,20.28,18.19,18.19,272449.18,513969.789
603789.SH,20250321,8.55,8.67,8.25,8.25,300902.51,252109.361
603790.SH,20250321,15.81,15.93,14.91,15.93,91508.1,141362.296
603797.SH,20250321,4.13,4.2,4.12,4.17,65949.63,27428.649
603798.SH,20250321,9.65,9.71,9.53,9.57,37939.8,36449.56
603799.SH,20250321,36.2,36.74,34.92,35.11,572284.88,2044819.548
603800.SH,20250321,32.9,33.3,31.72,31.8,42473.0,136991.289
603801.SH,20250321,12.44,12.7,12.24,12.3,35163.5,43537.047
603803.SH,20250321,11.19,11.24,10.88,10.92,151375.0,166899.458
603806.SH,20250321,14.67,14.87,14.52,14.54,172084.25,252408.694
603808.SH,20250321,7.35,7.36,7.21,7.26,45485.95,33137.039
603809.SH,20250321,18.49,18.49,17.48,17.67,323140.79,578056.397
603810.SH,20250321,12.45,13.1,12.42,12.62,65712.64,84057.33
603811.SH,20250321,8.62,9.2,8.57,8.77,216559.42,192843.447
603813.SH,20250321,15.87,15.88,14.91,15.23,21561.0,32928.496
603815.SH,20250321,6.83,7.07,6.83,6.96,156241.72,108851.609
603816.SH,20250321,28.2,28.3,27.8,27.99,33375.53,93476.747
603817.SH,20250321,5.77,5.81,5.72,5.74,65312.82,37630.325
603818.SH,20250321,3.1,3.14,3.04,3.08,180232.94,55670.385
603819.SH,20250321,15.37,15.37,14.69,15.02,89670.0,134297.359
603822.SH,20250321,62.09,62.09,58.88,60.09,15270.6,91474.931
603823.SH,20250321,10.18,10.2,9.97,10.01,70965.52,71491.469
603825.SH,20250321,13.99,14.02,13.58,13.58,117711.0,162019.698
603826.SH,20250321,20.34,20.45,20.1,20.18,27206.6,55127.292
603828.SH,20250321,4.64,4.68,4.6,4.68,61833.14,28831.553
603829.SH,20250321,14.89,14.98,14.6,14.75,15873.0,23426.706
603833.SH,20250321,65.66,66.07,64.52,65.1,15764.71,102719.784
603836.SH,20250321,12.89,12.9,12.68,12.73,16347.68,20892.593
603838.SH,20250321,5.61,5.67,5.46,5.51,43631.0,24059.917
603839.SH,20250321,6.0,6.03,5.88,5.91,39553.4,23489.503
603843.SH,20250321,3.81,3.84,3.66,3.81,524529.06,197826.22
603848.SH,20250321,14.34,14.34,14.07,14.14,18209.0,25818.55
603855.SH,20250321,23.62,23.94,23.38,23.56,52366.77,123674.795
603856.SH,20250321,11.35,11.86,11.3,11.45,58134.53,67447.335
603858.SH,20250321,15.41,15.53,15.15,15.23,85309.4,130694.628
603859.SH,20250321,34.7,34.8,33.24,33.58,123344.04,418034.135
603860.SH,20250321,31.52,31.61,30.94,31.12,13035.0,40707.283
603861.SH,20250321,10.0,10.12,9.85,9.87,137804.27,137394.478
603863.SH,20250321,14.89,14.94,14.7,14.76,45697.0,67626.622
603866.SH,20250321,6.0,6.07,5.88,5.94,271326.44,161712.722
603867.SH,20250321,26.28,26.56,25.96,26.05,30593.13,80043.509
603868.SH,20250321,37.97,38.19,37.28,37.47,13219.0,49698.458
603869.SH,20250321,6.18,6.23,6.0,6.1,23130.0,14155.414
603871.SH,20250321,16.29,16.44,16.12,16.16,78697.4,127959.898
603876.SH,20250321,9.45,9.51,9.22,9.23,198922.45,185940.0
603877.SH,20250321,15.18,15.5,15.18,15.22,14997.56,23014.594
603878.SH,20250321,5.76,6.0,5.75,5.85,147499.0,86953.756
603879.SH,20250321,4.05,4.11,3.96,4.07,97703.76,39403.723
603880.SH,20250321,5.37,5.42,5.18,5.21,54941.17,28804.669
603881.SH,20250321,39.5,40.07,36.74,37.35,791607.81,3048668.724
603882.SH,20250321,33.83,34.19,33.0,33.09,90928.41,303576.264
603883.SH,20250321,19.51,19.7,19.24,19.34,238990.31,463827.452
603885.SH,20250321,12.76,12.84,12.61,12.65,119350.65,151590.109
603886.SH,20250321,14.03,14.13,13.9,13.98,15184.52,21267.807
603887.SH,20250321,21.01,21.37,20.15,20.2,478291.67,990010.709
603888.SH,20250321,23.71,23.87,23.25,23.36,72299.19,170082.325
603889.SH,20250321,6.54,6.62,6.52,6.54,41857.38,27482.052
603890.SH,20250321,13.25,13.25,12.48,12.53,297451.0,379495.994
603893.SH,20250321,167.0,168.98,159.3,160.5,121331.21,1963460.953
603895.SH,20250321,27.01,27.3,26.12,26.29,15267.0,40481.028
603896.SH,20250321,21.57,21.89,20.76,20.89,51779.79,109775.667
603897.SH,20250321,25.72,25.75,25.07,25.31,46408.92,117872.41
603898.SH,20250321,10.35,10.44,9.89,10.0,31501.0,31734.448
603899.SH,20250321,29.26,30.26,29.2,29.33,57318.72,169452.533
603900.SH,20250321,7.46,7.48,6.91,6.91,389064.55,271919.761
603901.SH,20250321,11.2,11.35,10.53,10.59,473748.21,515988.639
603903.SH,20250321,7.24,7.28,7.15,7.18,36143.72,26032.934
603906.SH,20250321,11.6,11.7,11.35,11.35,123653.97,141897.68
603908.SH,20250321,25.1,25.37,24.53,24.84,23714.2,59034.916
603909.SH,20250321,9.5,9.59,9.36,9.45,17964.43,17011.155
603912.SH,20250321,10.65,11.16,10.57,10.92,671923.54,728482.848
603915.SH,20250321,21.0,21.0,19.45,19.63,389059.25,776418.987
603916.SH,20250321,7.97,7.98,7.84,7.88,38357.38,30325.618
603917.SH,20250321,14.21,14.21,13.5,13.56,92251.67,126610.318
603918.SH,20250321,16.88,16.96,16.43,16.44,188495.51,313073.199
603919.SH,20250321,19.1,19.37,18.9,19.02,35637.35,67998.749
603920.SH,20250321,31.26,31.57,30.28,30.61,162042.27,498997.862
603922.SH,20250321,24.86,24.9,23.9,23.91,33512.6,81159.213
603926.SH,20250321,11.7,11.77,11.1,11.36,84222.32,95548.72
603927.SH,20250321,22.58,22.62,21.88,22.0,135452.78,300617.634
603928.SH,20250321,10.68,10.72,10.47,10.52,56494.5,59743.505
603929.SH,20250321,34.59,34.68,33.44,33.53,34593.0,117209.472
603931.SH,20250321,30.75,30.88,28.96,29.03,76723.4,227597.748
603933.SH,20250321,17.35,17.35,16.5,16.57,74263.96,125365.379
603936.SH,20250321,8.63,8.66,8.37,8.4,190832.32,162209.723
603937.SH,20250321,9.48,9.48,9.25,9.32,28628.0,26752.364
603938.SH,20250321,11.55,11.71,11.42,11.47,23639.6,27333.85
603939.SH,20250321,25.42,25.49,24.73,24.75,44454.1,110873.503
603948.SH,20250321,18.99,19.09,18.58,18.63,9817.0,18405.693
603949.SH,20250321,21.31,21.31,19.48,21.31,303167.04,626047.286
603950.SH,20250321,26.0,26.33,24.43,24.44,83633.15,209102.844
603955.SH,20250321,20.9,21.09,20.28,20.75,60631.0,125507.862
603956.SH,20250321,7.71,7.71,7.37,7.37,334890.07,250675.648
603958.SH,20250321,18.01,18.88,17.88,18.21,140820.9,259701.111
603959.SH,20250321,3.83,3.95,3.71,3.88,114346.35,43816.67
603960.SH,20250321,25.2,25.32,23.52,23.58,376993.97,912383.67
603966.SH,20250321,9.4,9.5,9.2,9.31,200498.88,186827.746
603967.SH,20250321,10.76,10.86,10.63,10.76,40757.2,43715.645
603968.SH,20250321,11.81,11.88,11.22,11.23,103423.47,118599.802
603969.SH,20250321,6.39,6.43,6.3,6.35,179123.76,114044.297
603970.SH,20250321,13.95,14.03,13.76,13.82,23272.2,32313.861
603976.SH,20250321,17.63,17.64,17.26,17.38,11616.0,20227.701
603977.SH,20250321,13.13,13.2,12.84,12.9,118123.76,153444.829
603978.SH,20250321,14.47,14.57,14.23,14.45,44035.0,63437.28
603979.SH,20250321,46.52,47.28,45.4,45.6,92594.24,427349.812
603980.SH,20250321,4.81,4.82,4.7,4.73,91667.2,43549.564
603982.SH,20250321,9.26,9.53,9.1,9.14,129965.84,120602.383
603983.SH,20250321,36.18,37.35,35.9,36.36,23755.55,86675.687
603985.SH,20250321,14.66,15.78,14.65,15.31,398199.56,610552.025
603986.SH,20250321,127.0,128.13,123.18,123.61,166105.66,2077608.093
603987.SH,20250321,7.6,7.67,7.48,7.51,45696.2,34576.807
603988.SH,20250321,22.69,22.77,21.2,21.26,108271.14,235155.031
603989.SH,20250321,16.2,16.35,15.92,15.98,50527.29,81277.601
603990.SH,20250321,14.55,14.57,14.0,14.05,193121.32,273495.184
603991.SH,20250321,58.92,58.94,57.25,57.35,17304.0,99766.227
603992.SH,20250321,24.76,24.96,24.4,24.66,25460.51,62853.633
603993.SH,20250321,7.87,7.93,7.58,7.64,2130491.9,1645574.656
603995.SH,20250321,21.2,21.5,21.02,21.15,39431.06,83683.983
603997.SH,20250321,11.56,11.73,11.35,11.47,92412.72,106367.115
603998.SH,20250321,11.03,11.41,10.05,10.18,423696.1,447463.957
603999.SH,20250321,6.31,6.37,6.25,6.26,95950.15,60484.31
605001.SH,20250321,7.26,7.32,7.17,7.2,80005.3,57907.989
605003.SH,20250321,19.3,19.42,18.91,18.98,15491.93,29610.485
605005.SH,20250321,18.45,18.45,17.66,17.74,49907.0,89549.209
605006.SH,20250321,6.67,6.77,6.59,6.62,146507.2,97760.327
605007.SH,20250321,12.8,12.88,12.52,12.55,25777.0,32703.933
605008.SH,20250321,16.45,16.59,15.75,15.84,74822.4,120307.336
605009.SH,20250321,43.1,43.77,42.61,42.78,23090.02,99487.783
605011.SH,20250321,24.7,25.7,24.7,24.91,111447.0,280744.301
605016.SH,20250321,19.0,19.2,18.65,18.92,28117.9,53079.795
605018.SH,20250321,13.67,13.78,12.9,12.98,134628.0,178591.056
605020.SH,20250321,22.9,23.14,22.62,22.72,46823.65,106794.771
605028.SH,20250321,17.56,17.7,17.31,17.32,22170.0,38803.692
605033.SH,20250321,18.8,18.9,18.1,18.18,39703.0,72875.947
605050.SH,20250321,11.04,11.17,10.93,10.99,30206.0,33300.967
605055.SH,20250321,6.26,6.26,5.89,5.9,288413.22,174751.047
605056.SH,20250321,14.31,14.43,13.9,14.04,48370.0,68320.916
605058.SH,20250321,25.82,26.98,25.5,25.52,76302.99,198416.205
605060.SH,20250321,21.8,21.97,21.0,21.06,24637.0,52691.053
605066.SH,20250321,8.05,8.09,7.88,7.88,367935.97,293131.131
605068.SH,20250321,17.33,17.67,16.42,16.49,74244.86,125263.14
605069.SH,20250321,9.51,9.85,9.33,9.7,161220.84,154580.673
605077.SH,20250321,15.29,15.39,14.96,15.08,33700.46,50952.62
605080.SH,20250321,31.7,31.7,30.4,30.71,13900.4,42849.002
605081.SH,20250321,10.57,10.59,10.32,10.35,19762.37,20637.302
605086.SH,20250321,28.35,28.5,27.6,27.68,21530.0,60094.397
605088.SH,20250321,41.59,41.59,39.3,40.99,58219.98,234707.529
605089.SH,20250321,24.73,25.0,24.44,24.5,7056.94,17408.541
605090.SH,20250321,26.13,26.33,25.97,26.08,37064.16,96980.273
605098.SH,20250321,42.22,42.55,41.7,41.97,8428.8,35443.152
605099.SH,20250321,21.34,21.52,21.12,21.24,7355.0,15695.526
605100.SH,20250321,25.54,25.68,23.87,23.91,201511.92,493038.111
605108.SH,20250321,22.13,22.57,22.02,22.31,25208.4,56152.486
605111.SH,20250321,35.39,35.74,34.72,34.75,119861.33,421691.717
605116.SH,20250321,21.53,21.57,20.35,20.54,42386.0,88026.335
605117.SH,20250321,92.82,93.96,90.11,90.3,45061.02,411084.646
605118.SH,20250321,24.13,24.76,22.86,22.86,171520.56,402529.96
605122.SH,20250321,11.6,11.63,11.31,11.46,18875.0,21658.624
605123.SH,20250321,60.33,64.97,60.0,61.79,66228.0,416785.689
605128.SH,20250321,43.52,43.52,41.33,41.5,30890.93,129988.61
605133.SH,20250321,34.0,36.5,33.89,34.89,123158.5,435305.161
605136.SH,20250321,7.72,7.74,7.56,7.59,69710.0,53234.404
605138.SH,20250321,6.21,6.29,6.07,6.1,30689.0,18886.096
605151.SH,20250321,17.55,17.63,17.09,17.25,17828.0,30845.957
605155.SH,20250321,12.41,12.42,12.11,12.24,75836.88,92792.852
605158.SH,20250321,9.37,9.8,9.37,9.46,92959.6,89186.877
605162.SH,20250321,7.82,7.97,7.8,7.91,90428.99,71525.34
605166.SH,20250321,13.18,13.24,12.86,12.92,50736.0,65989.489
605167.SH,20250321,9.87,10.18,9.85,10.05,95883.0,95936.463
605168.SH,20250321,30.76,30.84,30.15,30.38,24656.17,75171.325
605169.SH,20250321,10.41,10.45,10.25,10.32,20272.98,20947.97
605177.SH,20250321,20.04,20.04,19.54,19.77,17948.0,35455.914
605178.SH,20250321,18.38,18.49,17.95,18.03,29532.45,53596.097
605179.SH,20250321,20.18,20.59,20.0,20.25,113527.0,230248.951
605180.SH,20250321,13.88,14.0,13.67,13.77,20227.86,27905.002
605183.SH,20250321,17.84,17.98,17.65,17.74,20118.0,35843.341
605186.SH,20250321,22.35,22.35,21.73,21.78,20938.0,45944.672
605188.SH,20250321,7.7,7.71,7.54,7.56,23594.0,17902.196
605189.SH,20250321,13.42,13.45,13.13,13.2,15293.6,20256.471
605196.SH,20250321,14.22,14.62,13.71,13.86,166475.24,234195.335
605198.SH,20250321,36.64,37.27,36.51,36.89,7951.0,29367.449
605199.SH,20250321,17.51,18.3,16.84,16.99,296414.12,515707.486
605208.SH,20250321,15.99,16.32,15.35,15.35,250159.65,391537.195
605218.SH,20250321,23.01,23.01,22.41,22.41,36712.0,83096.75
605222.SH,20250321,16.04,16.79,16.01,16.39,91293.0,150112.096
605228.SH,20250321,12.48,12.49,11.79,11.82,107894.0,129538.223
605255.SH,20250321,16.18,16.25,15.51,15.62,43505.0,68523.108
605258.SH,20250321,33.29,33.4,32.24,32.41,23627.0,77276.562
605259.SH,20250321,17.7,18.95,17.62,17.82,83898.96,151703.988
605266.SH,20250321,22.29,22.47,21.72,21.83,28248.08,62148.563
605268.SH,20250321,8.78,8.83,8.63,8.64,43867.0,38185.476
605277.SH,20250321,17.0,17.0,16.4,16.41,118619.6,196755.128
605286.SH,20250321,43.9,44.36,41.0,41.5,43528.0,184221.142
605287.SH,20250321,14.25,14.74,14.25,14.43,21217.85,30708.674
605288.SH,20250321,40.6,40.79,39.3,39.72,9045.0,36184.812
605289.SH,20250321,25.5,25.73,24.98,25.19,18159.5,45964.557
605296.SH,20250321,28.32,29.06,28.13,28.36,35948.65,102272.172
605298.SH,20250321,15.34,15.88,14.91,15.05,36968.76,56563.141
605299.SH,20250321,9.0,9.05,8.85,8.91,56384.0,50403.382
605300.SH,20250321,14.05,14.08,13.66,13.66,41952.91,57940.831
605303.SH,20250321,10.13,10.17,9.94,10.02,85888.5,85999.375
605305.SH,20250321,28.24,28.67,27.94,28.06,36123.44,102310.645
605318.SH,20250321,27.35,29.49,26.25,28.83,39192.04,108568.809
605319.SH,20250321,36.0,36.26,33.54,33.9,64191.0,221508.355
605333.SH,20250321,35.24,35.9,34.04,34.13,52810.56,183431.703
605336.SH,20250321,20.45,22.33,20.0,22.33,148223.06,325880.867
605337.SH,20250321,12.29,12.87,12.28,12.49,147860.05,184174.867
605338.SH,20250321,17.96,17.96,17.64,17.71,19424.0,34540.589
605339.SH,20250321,17.22,17.24,16.82,16.82,15271.54,25961.584
605358.SH,20250321,24.66,24.79,24.18,24.26,79136.76,193197.032
605365.SH,20250321,16.16,16.18,15.78,15.85,22174.33,35398.486
605366.SH,20250321,6.02,6.05,5.95,5.98,54277.72,32537.103
605368.SH,20250321,10.62,10.68,10.6,10.65,41272.4,43950.923
605369.SH,20250321,28.79,28.97,28.39,28.5,8871.53,25407.339
605376.SH,20250321,41.58,42.82,39.88,40.06,57692.93,237140.832
605377.SH,20250321,12.91,13.32,12.83,12.99,63768.4,83914.252
605378.SH,20250321,25.2,25.57,24.47,24.73,51484.2,128042.014
605388.SH,20250321,6.68,6.83,6.55,6.55,134521.12,89475.885
605389.SH,20250321,31.47,31.9,30.58,30.77,14108.6,43747.02
605398.SH,20250321,34.62,35.45,33.0,33.11,77150.15,261368.046
605399.SH,20250321,12.27,12.51,12.24,12.29,37439.7,46208.522
605488.SH,20250321,50.03,50.44,47.77,47.9,77320.67,375536.637
605499.SH,20250321,237.1,237.1,231.21,234.45,27669.24,647397.518
605500.SH,20250321,7.28,7.29,7.15,7.19,19296.54,13906.367
605507.SH,20250321,19.98,20.01,19.7,19.78,23352.0,46328.024
605555.SH,20250321,27.3,27.3,25.64,25.95,84414.24,220934.922
605566.SH,20250321,18.9,18.95,18.55,18.57,7291.0,13662.515
605567.SH,20250321,9.06,9.07,8.9,8.98,38166.0,34236.668
605577.SH,20250321,13.63,14.1,13.51,13.93,97770.99,135589.394
605580.SH,20250321,11.72,11.85,11.63,11.68,34087.4,39943.042
605588.SH,20250321,46.5,46.6,44.46,44.88,31516.0,142704.056
605589.SH,20250321,28.29,28.65,28.0,28.18,84172.02,237994.573
605598.SH,20250321,21.79,23.04,21.7,22.87,76207.0,173012.475
605599.SH,20250321,11.8,11.95,11.56,11.69,47295.0,55268.19
688001.SH,20250321,34.05,34.05,31.7,32.15,65973.62,214584.025
688002.SH,20250321,60.5,61.7,59.98,60.37,53456.48,324363.475
688003.SH,20250321,57.2,57.8,53.52,53.6,72788.9,400542.628
688004.SH,20250321,17.38,17.38,16.78,16.89,15298.93,26001.471
688005.SH,20250321,24.08,24.44,23.45,23.46,90204.53,214484.946
688006.SH,20250321,19.19,19.4,18.82,18.82,41252.91,78554.364
688007.SH,20250321,17.8,17.84,17.22,17.26,84595.42,147487.834
688008.SH,20250321,75.5,76.45,73.72,74.02,250379.04,1872391.227
688009.SH,20250321,5.66,5.74,5.61,5.61,365166.23,207122.84
688010.SH,20250321,37.0,37.23,35.7,35.91,20106.32,73103.553
688011.SH,20250321,17.8,17.82,17.14,17.31,10055.32,17489.262
688012.SH,20250321,193.2,196.2,190.45,191.24,62439.3,1203966.432
688013.SH,20250321,19.59,19.64,18.95,19.04,11162.2,21467.477
688015.SH,20250321,20.76,20.88,20.3,20.43,14184.85,29174.175
688016.SH,20250321,93.08,93.52,92.08,92.12,12476.58,115489.336
688017.SH,20250321,165.06,166.39,155.0,155.17,84111.48,1328136.42
688018.SH,20250321,230.76,233.46,213.5,215.0,53056.89,1164157.25
688019.SH,20250321,151.09,154.5,151.09,153.8,20985.24,320351.376
688020.SH,20250321,35.93,35.93,34.88,35.38,9797.85,34611.616
688021.SH,20250321,12.36,12.49,11.91,11.98,18811.86,22665.636
688022.SH,20250321,17.5,17.99,16.8,17.05,119982.68,207551.964
688023.SH,20250321,60.63,60.63,58.2,58.26,30432.17,180527.296
688025.SH,20250321,56.77,56.83,54.1,54.66,38241.95,210170.869
688026.SH,20250321,15.25,15.32,14.83,14.87,24548.67,36908.829
688027.SH,20250321,282.12,283.0,272.01,272.93,19958.58,550389.813
688028.SH,20250321,26.0,26.39,24.56,24.83,78018.0,196208.329
688029.SH,20250321,66.98,67.14,65.95,66.01,16003.02,106611.765
688030.SH,20250321,18.74,18.74,18.11,18.2,17638.41,32384.261
688031.SH,20250321,55.61,55.72,53.5,53.57,33585.78,183068.578
688032.SH,20250321,117.55,122.86,117.51,121.15,30125.82,363619.512
688033.SH,20250321,6.03,6.04,5.87,5.89,97553.28,57954.79
688035.SH,20250321,39.67,40.28,38.9,39.06,31390.19,123817.403
688036.SH,20250321,94.53,94.99,92.72,93.29,50543.71,473883.993
688037.SH,20250321,97.94,102.08,95.01,98.56,101250.2,999963.742
688039.SH,20250321,36.16,36.43,34.79,34.94,31666.11,112290.818
688041.SH,20250321,151.5,152.63,144.0,145.8,213896.42,3156244.397
688045.SH,20250321,35.9,36.16,34.51,34.69,15188.18,53332.701
688046.SH,20250321,14.81,14.81,14.23,14.28,16384.7,23677.646
688047.SH,20250321,128.0,128.5,124.17,124.79,29242.47,368499.71
688048.SH,20250321,63.16,64.46,59.9,60.12,55159.9,338652.296
688049.SH,20250321,45.1,45.38,43.5,43.79,45642.79,201717.389
688050.SH,20250321,95.0,96.74,94.9,95.26,10973.76,105127.662
688051.SH,20250321,26.83,26.97,25.32,25.44,15072.68,38974.211
688052.SH,20250321,158.62,161.5,152.79,154.3,16752.84,259453.736
688053.SH,20250321,29.22,29.79,28.34,28.55,21141.08,60982.31
688055.SH,20250321,3.73,3.75,3.63,3.64,76138.18,28098.562
688056.SH,20250321,33.3,33.36,31.4,31.49,9572.68,30631.22
688057.SH,20250321,12.1,12.1,11.7,11.75,14058.15,16618.073
688058.SH,20250321,31.61,32.11,30.91,31.59,16805.95,52954.416
688059.SH,20250321,67.21,67.87,63.89,64.47,23641.88,153444.619
688060.SH,20250321,37.0,37.57,36.17,36.23,2852.54,10459.189
688061.SH,20250321,31.3,31.43,30.41,30.55,10674.17,32914.207
688062.SH,20250321,18.8,18.86,17.61,17.82,65647.61,118258.864
688063.SH,20250321,43.41,43.74,41.36,41.52,68915.72,291207.632
688065.SH,20250321,50.21,50.59,49.41,49.63,25921.83,129580.262
688066.SH,20250321,21.0,21.88,20.93,21.13,158924.04,339266.566
688067.SH,20250321,19.7,19.7,18.93,19.01,10456.45,20076.308
688068.SH,20250321,86.57,96.0,85.5,91.33,32660.33,296952.985
688069.SH,20250321,15.62,15.62,15.28,15.43,8718.14,13476.184
688070.SH,20250321,47.64,48.12,45.1,45.56,13784.81,63687.122
688071.SH,20250321,42.5,42.99,40.63,40.95,18532.48,77024.512
688072.SH,20250321,168.7,171.5,165.31,167.46,31058.68,522237.539
688073.SH,20250321,53.58,53.6,51.5,52.52,4974.65,26031.361
688075.SH,20250321,40.65,41.16,40.02,40.13,6668.23,26931.892
688076.SH,20250321,59.09,59.8,56.45,56.6,50447.38,292279.409
688077.SH,20250321,24.71,24.71,23.92,23.99,27362.98,66240.255
688078.SH,20250321,34.92,34.98,33.71,33.77,12560.88,42988.461
688079.SH,20250321,10.23,10.27,9.92,9.93,45531.63,45763.196
688080.SH,20250321,50.39,50.84,48.86,49.01,28262.08,140234.685
688081.SH,20250321,20.96,21.12,20.6,20.97,11474.51,23908.232
688082.SH,20250321,103.1,103.88,101.31,101.51,13208.6,134912.509
688083.SH,20250321,92.0,94.37,88.73,89.39,19502.02,177183.091
688084.SH,20250321,69.58,69.73,67.09,68.53,10388.73,71039.252
688085.SH,20250321,18.23,18.25,17.81,17.92,17180.89,30996.983
688087.SH,20250321,29.17,29.45,28.73,28.75,10806.29,31346.451
688088.SH,20250321,48.06,48.38,46.64,46.92,55445.26,262383.281
688089.SH,20250321,25.59,25.95,25.0,25.81,45965.55,117689.664
688090.SH,20250321,51.8,52.59,45.08,47.01,54624.08,260628.956
688091.SH,20250321,39.66,40.06,39.18,40.03,21483.16,85111.241
688092.SH,20250321,24.05,24.3,23.39,23.45,17200.93,40812.649
688093.SH,20250321,23.86,24.2,23.01,23.52,31275.12,73192.793
688095.SH,20250321,66.31,66.31,63.6,63.81,17724.83,114389.502
688096.SH,20250321,14.44,14.88,13.69,13.97,93118.63,130875.726
688097.SH,20250321,33.18,33.18,30.68,30.83,148135.64,466596.683
688098.SH,20250321,5.87,5.88,5.73,5.75,21481.01,12445.152
688099.SH,20250321,82.18,83.15,79.0,79.79,83983.18,674713.989
688100.SH,20250321,37.5,37.85,36.68,36.99,22658.06,84475.182
688101.SH,20250321,13.71,14.04,13.7,13.8,28183.15,39183.44
688102.SH,20250321,9.88,10.1,9.72,10.01,114294.03,113676.317
688103.SH,20250321,49.81,50.48,48.0,48.2,20970.56,102788.849
688105.SH,20250321,23.56,23.8,22.35,22.56,27072.5,62214.085
688106.SH,20250321,18.5,18.67,18.1,18.24,36345.75,66846.433
688107.SH,20250321,31.29,31.41,29.98,29.99,54930.78,166988.191
688108.SH,20250321,10.9,10.98,10.58,10.89,103031.59,110863.813
688109.SH,20250321,29.3,29.3,28.14,28.27,8898.0,25314.543
688110.SH,20250321,31.42,31.7,30.01,30.2,127593.59,389673.184
688111.SH,20250321,322.5,322.5,308.35,309.38,68872.43,2158322.913
688112.SH,20250321,30.24,30.42,29.55,29.58,8990.61,26866.046
688113.SH,20250321,32.75,32.81,31.8,32.0,5509.19,17713.515
688114.SH,20250321,83.6,84.19,80.53,81.79,71101.61,582631.997
688115.SH,20250321,40.27,40.46,37.58,37.92,13168.07,51071.144
688116.SH,20250321,44.81,45.11,42.96,43.04,118095.8,517667.254
688117.SH,20250321,23.91,24.0,23.33,23.51,18998.85,44835.341
688118.SH,20250321,24.99,27.2,24.6,26.6,76647.46,201063.671
688119.SH,20250321,3.95,3.97,3.87,3.89,53459.88,20962.91
688120.SH,20250321,160.85,165.23,160.51,163.86,42856.7,700330.864
688121.SH,20250321,12.05,12.27,11.88,11.95,32147.41,38769.088
688122.SH,20250321,47.65,48.63,47.21,47.8,82154.61,395138.886
688123.SH,20250321,82.5,83.2,81.0,81.5,52125.0,426864.292
688125.SH,20250321,40.13,40.4,38.84,39.13,10101.54,39883.069
688126.SH,20250321,19.33,19.4,18.9,19.14,194640.84,371899.112
688127.SH,20250321,28.3,28.45,27.0,27.15,74115.19,203944.403
688128.SH,20250321,23.14,23.42,22.81,22.86,33920.45,78359.146
688129.SH,20250321,19.5,19.6,18.96,18.99,10884.83,20835.932
688130.SH,20250321,28.43,28.53,27.09,27.09,18130.77,50151.776
688131.SH,20250321,42.14,42.5,41.1,41.1,18102.18,75577.166
688132.SH,20250321,20.62,20.78,19.75,19.87,33607.62,67721.276
688133.SH,20250321,23.92,24.07,22.98,23.03,36687.54,86407.281
688135.SH,20250321,20.01,20.01,19.15,19.23,42461.19,82894.633
688136.SH,20250321,24.99,24.99,23.03,23.23,44819.97,106554.399
688137.SH,20250321,35.32,35.67,34.74,35.51,9082.37,32193.659
688138.SH,20250321,27.71,28.6,26.55,26.68,50285.91,137407.509
688139.SH,20250321,33.81,33.94,33.13,33.34,27427.55,91962.997
688141.SH,20250321,31.76,31.76,29.88,30.26,131207.02,399659.313
688143.SH,20250321,35.85,37.46,34.96,35.58,47468.45,171546.919
688146.SH,20250321,29.5,29.9,29.18,29.24,27392.99,80820.747
688147.SH,20250321,30.84,31.33,29.98,30.72,53976.14,165449.198
688148.SH,20250321,5.13,5.14,4.99,5.01,68270.5,34438.15
688150.SH,20250321,20.67,20.69,20.12,20.23,34444.91,69932.243
688151.SH,20250321,19.79,19.8,18.55,18.56,58854.09,111884.56
688152.SH,20250321,65.0,65.21,62.4,62.7,15324.85,97281.311
688153.SH,20250321,35.7,35.7,34.25,34.48,34125.75,118824.774
688155.SH,20250321,46.49,46.65,44.52,44.71,39942.11,181337.974
688156.SH,20250321,13.72,13.88,13.12,13.14,20554.02,27522.14
688157.SH,20250321,44.5,44.64,43.86,44.3,4745.09,20955.471
688158.SH,20250321,27.86,28.68,27.23,27.47,409062.79,1140066.803
688159.SH,20250321,42.0,42.48,40.4,40.58,60527.69,248302.578
688160.SH,20250321,105.59,105.59,98.2,98.2,23662.48,238896.639
688161.SH,20250321,28.27,28.79,27.92,28.02,12937.67,36731.886
688162.SH,20250321,29.02,29.06,27.68,27.94,31421.9,89071.015
688163.SH,20250321,18.15,18.15,17.65,17.74,8124.51,14482.625
688165.SH,20250321,30.15,31.24,29.1,30.23,201433.15,600554.562
688166.SH,20250321,40.73,41.2,39.9,40.02,86084.52,348122.018
688167.SH,20250321,87.51,88.35,83.91,84.01,39272.97,336374.727
688168.SH,20250321,76.63,76.65,70.38,70.5,35702.23,258949.369
688169.SH,20250321,256.0,264.77,249.5,250.0,40099.12,1025831.309
688170.SH,20250321,24.5,24.66,23.8,23.8,12731.68,30737.705
688171.SH,20250321,19.5,19.64,19.0,19.16,9093.29,17472.836
688172.SH,20250321,20.31,20.68,20.1,20.41,50127.48,101942.749
688173.SH,20250321,12.65,13.55,12.38,12.92,142112.05,185304.981
688175.SH,20250321,18.25,18.39,17.85,17.92,9142.52,16507.172
688176.SH,20250321,8.35,8.47,8.32,8.38,66816.82,56206.634
688177.SH,20250321,20.23,20.39,19.64,19.69,14792.16,29396.126
688179.SH,20250321,15.02,15.19,14.8,14.95,29457.91,44147.112
688180.SH,20250321,30.14,30.28,29.16,29.32,55633.23,164643.277
688181.SH,20250321,29.7,30.14,29.3,29.34,19695.76,58236.307
688182.SH,20250321,32.4,33.88,30.7,30.97,110314.8,350177.579
688183.SH,20250321,32.02,32.68,31.05,31.69,148539.41,469012.42
688184.SH,20250321,14.05,14.1,13.87,13.87,5324.89,7435.505
688185.SH,20250321,60.73,60.9,58.8,59.1,13323.46,79378.483
688186.SH,20250321,23.6,24.5,23.3,23.7,62854.6,149840.559
688187.SH,20250321,49.71,52.5,49.71,50.76,206694.15,1063983.313
688188.SH,20250321,184.04,186.28,184.03,185.11,11693.33,216607.058
688189.SH,20250321,6.87,6.9,6.68,6.69,38404.79,25965.535
688190.SH,20250321,117.13,121.0,110.0,112.94,42324.17,488271.145
688191.SH,20250321,25.66,26.2,24.01,25.74,61728.09,154631.782
688192.SH,20250321,48.8,49.48,46.41,46.75,24759.79,117877.707
688193.SH,20250321,38.83,38.98,37.86,38.14,3205.33,12268.724
688195.SH,20250321,42.08,42.78,41.72,42.43,36677.74,154907.585
688196.SH,20250321,43.3,43.43,41.93,42.19,7739.43,32896.968
688197.SH,20250321,31.0,31.48,30.03,30.22,6529.5,19948.849
688198.SH,20250321,114.8,115.28,110.74,111.6,3970.23,44709.219
688199.SH,20250321,17.87,17.92,17.42,17.5,29259.05,51490.186
688200.SH,20250321,141.55,142.98,139.05,141.0,14003.31,196701.058
688201.SH,20250321,9.51,9.56,9.26,9.28,54286.91,50879.37
688202.SH,20250321,34.2,34.58,33.17,33.29,25410.7,85416.753
688203.SH,20250321,10.6,10.67,10.35,10.5,15031.34,15755.231
688205.SH,20250321,63.2,63.97,61.58,62.41,43973.2,274868.359
688206.SH,20250321,24.21,25.5,23.61,25.03,188348.75,465155.713
688207.SH,20250321,16.7,16.8,16.26,16.26,62444.74,102885.756
688208.SH,20250321,44.91,46.07,43.58,44.13,137928.19,613728.418
688209.SH,20250321,19.96,19.96,19.25,19.42,89459.14,175067.548
688210.SH,20250321,22.35,22.51,21.53,21.75,44785.02,98270.741
688211.SH,20250321,30.8,30.99,30.42,30.48,3192.0,9791.958
688212.SH,20250321,43.88,43.88,42.19,42.55,11313.32,48229.932
688213.SH,20250321,102.49,103.8,98.68,99.29,59142.59,594794.726
688215.SH,20250321,27.1,27.26,26.01,26.23,6581.9,17420.321
688216.SH,20250321,20.93,20.93,19.85,19.89,19761.03,39805.469
688217.SH,20250321,22.74,22.82,22.21,22.27,11098.62,24933.119
688218.SH,20250321,25.32,25.36,24.45,24.55,82005.18,202528.805
688219.SH,20250321,14.57,14.75,13.71,13.71,198098.85,279645.025
688220.SH,20250321,104.2,107.49,94.74,95.01,174420.92,1724110.545
688221.SH,20250321,9.62,9.62,9.35,9.35,18850.61,17801.523
688222.SH,20250321,15.8,15.96,15.3,15.36,72798.71,113096.504
688223.SH,20250321,6.88,7.0,6.86,6.94,499814.44,346055.786
688225.SH,20250321,27.3,27.3,25.45,25.93,104568.62,272079.044
688226.SH,20250321,42.65,42.65,39.5,40.06,44940.42,182383.899
688227.SH,20250321,36.0,37.87,35.41,35.52,32295.57,118091.606
688228.SH,20250321,60.8,62.59,59.59,60.18,19742.47,120467.624
688229.SH,20250321,55.12,55.54,52.58,53.07,9545.56,51222.094
688230.SH,20250321,47.11,47.48,46.25,46.31,7650.92,35703.736
688231.SH,20250321,16.07,17.08,16.02,16.33,56053.56,92694.801
688232.SH,20250321,33.72,33.8,32.51,32.7,23795.39,78716.719
688233.SH,20250321,24.89,24.89,24.06,24.19,28850.26,70148.214
688234.SH,20250321,66.5,67.1,64.46,64.81,59868.44,391798.963
688235.SH,20250321,226.03,227.98,219.5,224.0,21383.11,478480.159
688236.SH,20250321,13.69,13.74,13.25,13.29,20666.96,27775.219
688237.SH,20250321,26.64,26.68,25.69,26.5,15303.45,40141.576
688238.SH,20250321,5.43,5.45,5.34,5.39,80107.53,43202.706
688239.SH,20250321,42.85,43.87,42.68,42.87,34387.86,148800.174
688244.SH,20250321,57.22,58.8,55.0,55.9,26645.64,151314.106
688246.SH,20250321,36.5,36.65,34.12,34.43,32987.89,115031.903
688247.SH,20250321,10.57,10.68,10.42,10.44,26048.58,27382.93
688248.SH,20250321,32.28,32.78,31.8,31.91,20249.68,65298.299
688249.SH,20250321,22.4,22.61,22.0,22.15,128022.28,284611.214
688251.SH,20250321,24.38,24.67,22.88,22.88,56029.18,132847.823
688252.SH,20250321,25.44,25.7,24.53,24.57,52363.46,131175.087
688253.SH,20250321,38.2,38.8,36.46,36.84,51304.89,190948.852
688255.SH,20250321,41.75,41.76,38.88,39.34,56244.74,224258.931
688256.SH,20250321,710.19,710.19,661.36,685.05,96456.53,6546979.147
688257.SH,20250321,22.2,22.26,21.6,21.72,33101.82,72361.521
688258.SH,20250321,46.0,46.0,42.02,42.68,77228.85,334778.177
688259.SH,20250321,52.49,52.88,46.24,47.07,117805.21,567058.5
688260.SH,20250321,16.2,16.47,15.65,15.65,38129.31,60861.761
688261.SH,20250321,44.7,44.7,43.11,43.39,28219.01,123505.557
688262.SH,20250321,29.48,30.5,28.13,29.27,116093.16,336727.139
688265.SH,20250321,27.21,27.63,26.58,26.65,4178.12,11241.573
688266.SH,20250321,93.16,94.75,91.22,92.51,20315.66,188278.796
688267.SH,20250321,26.38,26.38,25.51,25.7,18492.51,47791.497
688268.SH,20250321,47.51,47.63,46.51,46.6,12502.09,58713.275
688269.SH,20250321,27.32,27.61,26.97,27.01,13505.18,36779.954
688270.SH,20250321,40.23,40.66,39.19,39.25,48171.5,191754.108
688271.SH,20250321,127.61,128.77,126.0,127.51,25068.04,319476.366
688272.SH,20250321,28.14,28.22,26.47,26.51,16714.42,45155.257
688273.SH,20250321,30.91,30.99,28.03,28.44,32179.96,93411.639
688275.SH,20250321,47.21,47.85,46.0,46.23,10055.15,47050.007
688276.SH,20250321,23.08,23.18,22.67,22.69,28280.89,64699.881
688277.SH,20250321,13.8,13.87,12.99,13.01,95756.58,126870.653
688278.SH,20250321,81.92,82.31,80.65,80.95,25697.82,208742.753
688279.SH,20250321,257.0,259.58,245.06,246.48,20107.51,501182.366
688280.SH,20250321,6.16,6.17,5.8,5.83,145209.45,85953.545
688281.SH,20250321,89.3,91.99,89.09,90.6,17971.19,162981.678
688282.SH,20250321,41.15,42.09,39.0,39.75,14973.57,60153.874
688283.SH,20250321,27.35,27.35,25.79,25.91,9357.65,24649.855
688285.SH,20250321,7.84,7.93,7.72,7.8,27053.58,21157.231
688286.SH,20250321,77.2,78.2,73.19,73.59,19841.21,148021.857
688287.SH,20250321,5.64,5.68,5.5,5.53,32198.18,17985.069
688288.SH,20250321,36.12,36.16,33.33,33.44,67778.07,233272.379
688289.SH,20250321,24.23,24.33,22.69,22.76,165491.49,385888.379
688290.SH,20250321,61.61,61.9,57.9,58.03,34015.85,201117.07
688291.SH,20250321,22.41,22.51,21.53,21.61,13792.49,30168.851
688292.SH,20250321,24.2,24.79,23.58,23.61,40188.4,96591.813
688293.SH,20250321,37.96,38.9,37.6,37.92,6800.09,26084.869
688295.SH,20250321,21.5,21.88,21.2,21.32,22593.21,48521.989
688296.SH,20250321,13.86,14.09,13.29,13.5,22955.72,31315.287
688297.SH,20250321,43.47,44.28,43.2,43.91,73682.89,322305.839
688298.SH,20250321,34.09,34.91,33.41,33.51,50367.67,171559.787
688299.SH,20250321,16.35,16.35,15.38,15.56,98377.31,154650.744
688300.SH,20250321,58.05,58.12,54.7,56.11,26566.22,150037.956
688301.SH,20250321,110.0,110.02,104.63,105.88,16994.27,181144.035
688302.SH,20250321,34.72,34.72,32.77,32.88,16419.2,54813.042
688303.SH,20250321,20.75,21.09,20.58,20.61,70363.62,146303.343
688305.SH,20250321,79.0,79.27,76.03,76.16,17652.85,136440.335
688306.SH,20250321,12.03,12.09,11.21,11.25,379239.0,435213.908
688307.SH,20250321,30.15,30.16,28.76,29.05,25205.89,73760.378
688308.SH,20250321,20.41,20.48,19.82,19.92,30295.3,60797.014
688309.SH,20250321,15.93,16.16,15.61,15.85,11112.19,17627.033
688310.SH,20250321,12.02,12.2,11.81,11.94,17571.39,20985.681
688311.SH,20250321,39.02,40.0,38.44,39.55,27576.91,108873.844
688312.SH,20250321,30.06,30.21,28.8,28.98,14916.58,43838.611
688313.SH,20250321,17.95,17.96,17.03,17.05,152500.85,265936.826
688314.SH,20250321,28.58,28.8,28.05,28.3,6781.35,19230.056
688315.SH,20250321,16.05,16.08,15.41,15.46,52076.05,81601.112
688316.SH,20250321,73.69,78.98,73.69,76.03,50825.1,391116.152
688317.SH,20250321,17.58,17.62,17.25,17.3,12926.19,22526.488
688318.SH,20250321,155.02,157.2,152.72,153.41,21886.19,339226.48
688319.SH,20250321,14.25,14.66,13.89,13.96,37543.27,53569.018
688320.SH,20250321,45.6,45.6,43.96,44.33,55998.44,248131.619
688321.SH,20250321,18.55,18.74,18.11,18.24,35102.3,64480.109
688322.SH,20250321,60.7,60.99,58.0,58.3,140866.79,832039.176
688323.SH,20250321,15.3,15.3,14.21,14.31,53934.23,78669.801
688325.SH,20250321,48.28,48.42,46.62,46.81,9298.56,43894.261
688326.SH,20250321,88.2,88.99,85.4,85.95,15982.99,138308.184
688327.SH,20250321,17.33,17.48,16.77,16.77,469109.8,798290.086
688328.SH,20250321,16.69,16.85,16.21,16.33,31186.11,51193.345
688329.SH,20250321,16.96,17.07,16.33,16.51,18172.18,30174.311
688330.SH,20250321,29.38,29.54,29.01,29.06,12806.52,37490.854
688331.SH,20250321,36.8,36.89,34.88,35.05,43506.56,155590.856
688332.SH,20250321,127.15,128.19,119.58,119.96,44332.24,546345.463
688333.SH,20250321,75.5,75.85,71.81,72.95,63199.02,463491.205
688334.SH,20250321,17.62,17.75,17.35,17.4,25633.78,44876.321
688335.SH,20250321,9.9,10.07,9.63,9.75,19145.28,18822.373
688336.SH,20250321,28.56,28.94,27.6,27.77,34558.89,97304.674
688337.SH,20250321,37.3,37.51,35.1,35.5,23428.36,84667.807
688338.SH,20250321,25.4,25.46,24.88,24.97,8817.32,22189.365
688339.SH,20250321,25.1,26.39,25.08,25.9,110427.38,284301.767
688343.SH,20250321,64.1,64.7,60.7,60.87,136569.4,845383.598
688345.SH,20250321,20.46,20.46,19.75,19.82,10071.62,20123.778
688347.SH,20250321,51.2,51.82,49.54,49.75,121206.65,611161.396
688348.SH,20250321,50.35,52.27,49.73,51.47,45978.44,234473.272
688349.SH,20250321,29.15,30.17,28.88,29.29,36338.35,107506.716
688350.SH,20250321,13.95,14.2,13.86,13.97,13323.74,18702.944
688351.SH,20250321,19.79,19.89,19.46,19.58,20847.87,40946.344
688352.SH,20250321,12.8,12.87,12.45,12.49,87884.91,110833.716
688353.SH,20250321,22.7,22.73,22.37,22.45,8041.24,18147.887
688355.SH,20250321,20.13,20.2,19.27,19.41,21673.38,42494.726
688356.SH,20250321,60.76,61.3,58.88,59.12,4714.4,28149.484
688357.SH,20250321,27.05,27.99,26.54,27.78,24965.8,68103.682
688358.SH,20250321,33.17,33.17,31.91,32.02,10995.09,35507.158
688359.SH,20250321,54.8,55.49,53.88,55.21,9996.61,54711.709
688360.SH,20250321,23.87,23.9,22.5,23.04,58115.36,133851.256
688361.SH,20250321,88.62,89.34,85.15,85.92,43432.62,376973.155
688362.SH,20250321,30.87,30.94,30.01,30.08,121515.89,368780.348
688363.SH,20250321,50.4,50.86,49.8,50.18,27292.37,137287.733
688365.SH,20250321,15.0,15.15,14.4,14.44,98754.71,144863.382
688366.SH,20250321,60.84,61.13,59.87,59.89,6036.19,36477.693
688367.SH,20250321,17.07,17.07,16.37,16.54,13430.57,22344.6
688368.SH,20250321,102.98,104.25,96.2,98.13,16406.48,162623.171
688369.SH,20250321,34.33,35.76,34.08,34.58,27047.33,93678.146
688370.SH,20250321,20.05,20.26,19.65,19.69,12863.0,25595.405
688371.SH,20250321,16.59,16.78,16.29,16.35,16004.91,26375.563
688372.SH,20250321,80.01,80.8,77.6,77.87,36150.93,284414.533
688373.SH,20250321,5.97,5.98,5.69,5.8,86762.41,50232.318
688375.SH,20250321,54.23,55.12,53.94,54.25,14744.09,80254.308
688376.SH,20250321,37.67,37.93,36.71,37.35,8017.71,29972.755
688377.SH,20250321,22.05,25.16,22.05,23.1,112211.59,266682.462
688378.SH,20250321,22.54,22.54,21.87,22.07,40524.82,89436.133
688379.SH,20250321,27.0,27.23,25.8,25.88,19567.67,51424.236
688380.SH,20250321,30.8,31.09,29.9,29.9,80381.85,244486.697
688381.SH,20250321,22.3,22.48,21.54,21.6,50164.82,109819.944
688382.SH,20250321,18.09,18.16,17.38,17.44,55414.99,98123.116
688383.SH,20250321,48.98,49.37,47.6,47.6,7387.02,35619.992
688385.SH,20250321,48.0,48.88,46.68,47.15,111465.36,528116.683
688386.SH,20250321,45.79,46.3,44.2,44.8,9654.23,43508.582
688387.SH,20250321,5.85,5.94,5.83,5.83,188894.6,110916.841
688388.SH,20250321,18.9,19.62,18.89,19.24,123026.18,237298.82
688389.SH,20250321,15.53,15.62,15.28,15.37,66615.28,102677.908
688390.SH,20250321,45.83,46.75,45.09,45.95,84787.79,388885.104
688391.SH,20250321,32.22,32.46,31.4,31.47,12976.59,41265.679
688392.SH,20250321,56.65,57.37,55.04,55.31,15390.09,86230.519
688393.SH,20250321,35.99,36.5,35.46,36.07,39327.79,141652.605
688395.SH,20250321,27.99,27.99,25.0,25.88,75284.05,197479.771
688396.SH,20250321,46.5,46.8,45.71,45.79,60870.07,280656.44
688398.SH,20250321,17.01,17.07,16.68,16.73,17305.8,29095.519
688399.SH,20250321,71.28,71.28,69.88,70.33,5137.38,36137.991
688400.SH,20250321,32.21,32.7,30.48,30.52,189698.96,591646.61
688401.SH,20250321,31.23,31.36,30.37,30.85,35594.19,109803.726
688403.SH,20250321,9.96,9.96,9.6,9.61,171897.03,167092.209
688408.SH,20250321,57.58,58.35,57.3,57.62,35188.2,203311.404
688409.SH,20250321,57.3,57.88,56.33,57.06,44807.84,255379.413
688410.SH,20250321,10.79,11.0,10.62,10.91,63359.3,68432.795
688411.SH,20250321,80.42,82.54,79.5,82.22,21903.3,178288.825
688416.SH,20250321,43.76,44.33,42.3,42.39,22747.55,97420.379
688418.SH,20250321,30.28,31.5,29.93,30.71,49356.09,152219.797
688419.SH,20250321,34.33,34.33,33.11,33.2,5728.87,19223.246
688420.SH,20250321,23.94,23.94,23.43,23.44,5011.66,11847.402
688425.SH,20250321,4.29,4.47,4.29,4.37,604774.43,265915.48
688426.SH,20250321,20.59,20.97,20.4,20.54,12419.73,25686.149
688428.SH,20250321,17.94,18.27,16.93,17.08,81799.33,142356.515
688429.SH,20250321,15.55,15.71,15.3,15.41,13894.95,21500.726
688432.SH,20250321,12.21,12.26,11.93,11.97,67736.02,81773.64
688433.SH,20250321,42.19,42.19,39.66,39.8,33369.77,135208.134
688435.SH,20250321,36.41,36.9,35.68,36.08,17108.88,61919.37
688439.SH,20250321,65.88,66.88,64.0,64.12,19580.86,127647.829
688443.SH,20250321,24.79,24.84,24.01,24.1,24116.62,58526.402
688448.SH,20250321,31.22,31.5,30.56,30.7,9592.89,29538.822
688449.SH,20250321,51.2,51.31,49.26,49.63,42270.87,211012.176
688450.SH,20250321,25.58,26.35,25.0,25.89,21487.76,55257.84
688455.SH,20250321,12.11,12.11,11.78,11.91,12719.58,15156.891
688456.SH,20250321,36.26,36.77,35.52,35.55,14486.02,52155.433
688458.SH,20250321,37.81,38.07,36.57,36.74,24967.7,92650.043
688459.SH,20250321,10.02,10.17,9.92,9.99,24247.01,24290.227
688466.SH,20250321,17.18,17.25,16.65,16.8,8350.76,14107.325
688468.SH,20250321,7.95,7.98,7.74,7.76,59672.98,46729.711
688469.SH,20250321,5.09,5.11,5.0,5.01,541721.15,273222.024
688472.SH,20250321,10.43,10.52,10.32,10.37,252388.54,262548.782
688475.SH,20250321,37.55,38.13,37.0,37.06,21909.68,81787.278
688478.SH,20250321,32.97,33.11,32.23,32.57,16298.25,53053.376
688479.SH,20250321,19.6,19.6,19.14,19.21,7414.25,14327.462
688480.SH,20250321,34.55,34.87,33.52,33.67,9763.96,33344.716
688484.SH,20250321,38.13,38.18,36.7,37.04,78356.73,291888.055
688485.SH,20250321,10.59,10.65,10.31,10.37,20005.19,20908.614
688486.SH,20250321,103.77,104.97,99.01,99.6,13684.02,138081.767
688488.SH,20250321,9.68,9.68,9.29,9.32,63959.9,60204.787
688489.SH,20250321,37.01,37.33,36.2,36.96,7984.87,29480.089
688496.SH,20250321,9.02,9.04,8.7,8.75,33606.31,29800.728
688498.SH,20250321,127.91,128.01,126.0,126.8,12151.03,154097.54
688499.SH,20250321,28.03,28.33,27.14,27.14,55086.91,151952.787
688500.SH,20250321,30.26,30.88,29.67,29.9,11337.22,34098.165
688501.SH,20250321,20.03,20.48,19.77,20.05,35682.92,71574.578
688502.SH,20250321,258.02,269.8,255.52,266.01,9482.15,250040.438
688503.SH,20250321,41.77,41.97,40.3,40.57,47984.3,197438.438
688505.SH,20250321,8.19,8.26,8.1,8.1,23932.4,19532.491
688506.SH,20250321,216.94,219.94,213.03,214.93,7880.58,170117.289
688507.SH,20250321,96.4,99.43,89.02,89.02,55757.98,520906.005
688508.SH,20250321,51.89,51.89,49.81,50.02,38668.0,195625.514
688509.SH,20250321,4.21,4.24,4.13,4.16,84103.88,35136.451
688510.SH,20250321,18.42,18.72,18.2,18.24,46688.89,85964.872
688511.SH,20250321,14.08,14.29,13.89,13.91,12432.55,17441.093
688512.SH,20250321,10.38,10.43,10.05,10.06,75482.88,77026.207
688513.SH,20250321,30.97,31.1,30.45,30.57,12530.91,38495.544
688515.SH,20250321,104.99,106.96,101.5,101.77,13955.87,145037.522
688516.SH,20250321,42.71,43.26,42.29,42.79,47099.99,201068.839
688517.SH,20250321,14.82,14.82,14.41,14.51,26155.73,38169.216
688518.SH,20250321,16.83,16.97,16.32,16.35,88791.41,147373.255
688519.SH,20250321,35.75,36.96,34.77,35.32,60092.87,214965.226
688520.SH,20250321,39.02,39.79,38.45,38.75,17042.82,66492.648
688521.SH,20250321,96.79,99.8,92.68,95.25,179270.37,1706600.332
688522.SH,20250321,63.76,63.92,61.1,62.99,32217.03,200646.892
688523.SH,20250321,21.0,21.59,20.81,21.29,30002.93,63839.719
688525.SH,20250321,75.2,77.0,72.76,72.8,200381.3,1496468.358
688526.SH,20250321,15.25,15.42,14.94,15.03,21513.31,32582.893
688528.SH,20250321,9.66,9.67,9.4,9.42,13952.65,13241.27
688529.SH,20250321,22.02,22.19,20.61,20.67,91200.41,191697.79
688530.SH,20250321,18.68,18.68,18.05,18.16,13445.81,24643.19
688531.SH,20250321,62.25,63.11,61.3,61.58,27906.89,173123.787
688533.SH,20250321,34.92,34.92,33.86,34.06,18263.17,62553.593
688535.SH,20250321,81.11,81.98,78.4,78.79,19317.0,153995.618
688536.SH,20250321,121.19,121.62,114.38,116.36,26612.87,311465.561
688538.SH,20250321,2.24,2.28,2.23,2.25,770948.88,173526.17
688539.SH,20250321,28.1,28.24,27.66,28.03,15417.97,42986.26
688543.SH,20250321,54.06,54.75,52.02,52.13,74031.29,395248.161
688545.SH,20250321,27.5,27.72,26.67,26.68,54167.62,146746.149
688548.SH,20250321,10.9,10.99,10.75,10.88,102880.98,112005.373
688549.SH,20250321,8.08,8.13,7.93,7.96,108486.38,86894.378
688550.SH,20250321,38.4,40.36,38.39,38.77,39622.44,154754.975
688551.SH,20250321,30.49,30.49,29.66,29.7,9106.18,27231.688
688552.SH,20250321,21.48,21.79,20.58,20.65,26520.09,55661.326
688553.SH,20250321,16.26,16.34,15.8,15.85,45111.72,72220.402
688556.SH,20250321,11.6,11.73,11.24,11.26,143338.45,163846.306
688557.SH,20250321,25.64,25.69,24.95,25.0,19041.32,48089.95
688558.SH,20250321,26.3,26.65,25.68,25.83,16442.2,42685.094
688559.SH,20250321,33.59,34.15,33.21,33.3,45161.58,151577.532
688560.SH,20250321,14.57,14.59,14.2,14.24,22373.96,32057.021
688561.SH,20250321,36.53,36.95,35.35,35.36,82156.23,295712.231
688562.SH,20250321,16.86,17.0,16.5,16.56,26195.99,43750.912
688563.SH,20250321,54.89,55.68,54.04,54.23,19194.71,105426.028
688565.SH,20250321,7.31,7.49,7.13,7.18,36423.67,26563.457
688566.SH,20250321,22.86,23.09,22.73,22.95,11274.6,25791.84
688567.SH,20250321,14.47,14.7,13.95,14.04,165964.55,235961.235
688568.SH,20250321,58.14,59.25,57.4,57.95,66903.27,390036.965
688569.SH,20250321,21.4,21.73,21.24,21.28,8272.69,17733.776
688570.SH,20250321,21.91,22.24,21.21,21.28,31785.45,68844.898
688571.SH,20250321,7.76,7.81,7.51,7.55,49366.39,37619.963
688573.SH,20250321,19.6,19.68,18.94,18.98,28081.44,53770.587
688575.SH,20250321,16.84,16.93,16.66,16.72,37802.09,63386.82
688576.SH,20250321,66.38,70.08,66.38,67.6,8659.26,59284.575
688577.SH,20250321,59.47,59.89,57.1,57.33,14293.03,82903.552
688578.SH,20250321,78.6,78.9,75.81,76.98,41440.89,319768.366
688579.SH,20250321,10.75,10.79,10.48,10.53,62954.9,66748.902
688580.SH,20250321,36.15,36.44,34.47,34.52,20019.95,70616.48
688581.SH,20250321,67.58,68.09,66.52,66.74,5133.13,34477.57
688582.SH,20250321,59.5,60.44,57.85,58.2,54990.79,322977.229
688583.SH,20250321,113.0,114.28,108.27,111.13,18133.98,200223.186
688584.SH,20250321,17.7,17.82,17.37,17.4,32489.32,57041.396
688585.SH,20250321,7.71,7.76,7.5,7.62,19537.9,14927.948
688586.SH,20250321,10.11,10.28,9.96,10.02,141586.49,143457.556
688588.SH,20250321,13.58,13.87,13.46,13.53,72118.3,98317.03
688589.SH,20250321,28.79,28.87,27.79,27.9,30589.91,86298.344
688590.SH,20250321,21.42,21.59,20.86,20.92,98496.13,208207.914
688591.SH,20250321,35.0,35.24,33.57,33.63,46237.55,158527.375
688592.SH,20250321,40.32,40.64,39.74,40.29,5282.45,21208.164
688593.SH,20250321,20.8,20.85,19.1,19.23,83725.15,165997.416
688595.SH,20250321,43.8,43.8,40.53,40.55,61951.67,256836.643
688596.SH,20250321,37.99,38.19,37.3,37.38,28292.78,106356.975
688597.SH,20250321,11.58,11.59,11.05,11.17,53518.6,60141.813
688598.SH,20250321,30.88,31.5,29.92,30.92,95120.41,290004.744
688599.SH,20250321,17.6,18.0,17.58,17.8,292183.13,520531.517
688600.SH,20250321,16.12,16.2,15.78,15.96,13588.23,21682.043
688601.SH,20250321,43.88,43.96,42.5,42.5,24628.13,106037.562
688602.SH,20250321,6.89,6.94,6.82,6.83,22984.0,15784.298
688603.SH,20250321,72.62,73.48,70.56,70.77,4844.81,34600.152
688605.SH,20250321,72.41,73.28,72.02,72.5,22454.31,162936.062
688606.SH,20250321,75.35,77.1,72.1,72.11,8765.18,64378.39
688607.SH,20250321,17.25,17.42,16.5,16.65,12889.2,21649.796
688608.SH,20250321,369.85,370.37,345.0,345.43,23293.82,822798.427
688609.SH,20250321,11.3,11.35,10.88,10.88,190089.84,209829.137
688610.SH,20250321,38.61,38.93,37.57,37.8,5040.36,19202.638
688611.SH,20250321,51.5,51.58,48.45,48.79,21711.84,107264.659
688612.SH,20250321,30.0,30.1,28.02,28.59,51883.58,148517.525
688613.SH,20250321,16.76,16.8,16.43,16.46,18507.5,30616.886
688615.SH,20250321,239.11,240.0,221.3,223.0,14909.45,341330.536
688616.SH,20250321,11.8,11.85,11.43,11.47,31212.48,36118.228
688617.SH,20250321,370.18,377.66,363.39,364.72,4923.14,181343.907
688618.SH,20250321,23.81,24.05,22.85,22.87,17031.11,39501.409
688619.SH,20250321,10.28,10.29,9.43,9.48,72499.7,69794.773
688620.SH,20250321,14.7,14.8,14.15,14.15,189676.45,273012.475
688621.SH,20250321,45.51,45.67,44.33,44.8,23365.28,105205.495
688622.SH,20250321,91.24,95.19,89.02,91.29,17744.04,164394.261
688623.SH,20250321,56.5,57.75,56.0,56.56,2604.59,14791.62
688625.SH,20250321,38.22,38.28,36.76,37.14,8143.41,30408.965
688626.SH,20250321,42.0,42.1,39.96,39.99,18458.58,74833.833
688627.SH,20250321,74.0,74.23,68.93,70.8,24975.33,177694.879
688628.SH,20250321,39.01,39.09,37.92,38.21,8395.74,32254.586
688629.SH,20250321,54.49,55.69,52.82,53.28,138312.47,744947.586
688630.SH,20250321,65.0,65.38,63.51,63.85,21186.49,136055.612
688631.SH,20250321,99.5,99.87,96.86,97.86,19931.64,194997.62
688633.SH,20250321,28.13,28.42,27.12,27.25,14956.97,41335.493
688636.SH,20250321,39.6,41.76,39.22,40.18,41297.26,167888.664
688638.SH,20250321,31.56,31.93,30.51,30.99,4739.26,14688.422
688639.SH,20250321,31.35,31.35,30.4,30.49,25964.0,79982.433
688646.SH,20250321,41.7,41.72,39.85,40.98,25562.56,103623.399
688648.SH,20250321,24.7,24.83,24.3,24.43,10161.77,24931.703
688651.SH,20250321,39.29,40.98,38.27,39.3,15369.11,60865.093
688652.SH,20250321,61.2,62.56,60.31,60.55,18785.61,115532.21
688653.SH,20250321,13.4,13.43,13.02,13.03,63417.38,83774.923
688655.SH,20250321,15.03,15.97,14.3,14.4,69731.17,103653.101
688656.SH,20250321,95.32,95.32,86.77,88.98,7215.67,65837.334
688657.SH,20250321,45.08,45.12,43.71,43.77,4397.5,19491.866
688658.SH,20250321,15.32,15.49,14.76,14.84,141860.77,212862.771
688659.SH,20250321,7.5,7.51,7.3,7.32,27899.27,20603.316
688660.SH,20250321,8.61,9.03,8.6,8.68,455949.95,402144.047
688661.SH,20250321,49.5,49.5,47.0,48.6,31507.72,151942.731
688662.SH,20250321,39.89,39.89,37.89,38.11,22608.14,87170.531
688663.SH,20250321,26.4,26.77,25.9,25.98,24749.79,64910.326
688665.SH,20250321,39.3,39.95,38.2,38.49,11474.26,44637.79
688667.SH,20250321,51.4,52.3,50.42,52.26,11491.4,59176.413
688668.SH,20250321,47.7,47.99,45.99,46.19,45494.91,212067.226
688669.SH,20250321,16.14,16.14,15.57,15.87,13646.86,21587.824
688670.SH,20250321,12.49,12.51,12.14,12.2,11032.39,13565.113
688671.SH,20250321,20.43,20.43,19.52,19.72,8898.23,17596.047
688676.SH,20250321,42.4,43.09,41.8,42.78,105864.88,449009.57
688677.SH,20250321,38.9,39.32,38.09,38.19,5405.34,20860.68
688678.SH,20250321,28.9,28.9,26.61,28.16,129339.67,355595.266
688679.SH,20250321,12.12,12.12,11.61,11.68,15687.25,18484.121
688680.SH,20250321,44.84,45.46,43.46,43.68,18832.13,83369.91
688681.SH,20250321,13.49,13.5,12.9,13.0,23104.7,30255.775
688682.SH,20250321,36.3,36.78,35.48,35.6,9420.03,33875.992
688683.SH,20250321,21.45,21.6,20.91,21.17,9378.61,19866.213
688685.SH,20250321,60.01,60.42,57.4,58.39,42958.94,250518.191
688686.SH,20250321,91.2,91.97,87.39,87.45,15002.47,134112.503
688687.SH,20250321,23.82,24.2,23.4,23.65,32852.47,77826.441
688689.SH,20250321,24.22,24.45,23.78,23.88,10188.77,24548.735
688690.SH,20250321,21.77,21.89,21.26,21.3,32194.66,69241.227
688691.SH,20250321,81.0,81.0,76.32,76.33,20103.16,156726.214
688692.SH,20250321,332.01,334.84,319.0,320.5,6772.2,218811.098
688693.SH,20250321,35.62,36.02,34.63,35.03,17636.84,62166.386
688695.SH,20250321,32.42,32.45,31.66,31.88,11961.86,38239.075
688696.SH,20250321,131.47,134.33,129.17,129.17,5503.78,72308.077
688697.SH,20250321,19.82,19.96,19.21,19.33,46589.05,90793.945
688698.SH,20250321,58.73,58.98,55.8,56.31,46326.8,263064.474
688699.SH,20250321,36.68,36.87,34.82,34.95,16399.36,58189.869
688700.SH,20250321,41.37,41.61,39.44,39.88,62975.99,254011.721
688701.SH,20250321,6.66,6.67,6.3,6.33,25269.81,16297.728
688702.SH,20250321,65.9,66.46,63.8,63.88,29296.86,189947.495
688707.SH,20250321,12.79,13.0,12.44,12.52,106917.88,134992.672
688708.SH,20250321,59.5,60.38,57.33,57.57,30407.82,177769.19
688709.SH,20250321,36.2,36.93,35.55,35.55,57877.52,209312.353
688710.SH,20250321,37.74,38.38,36.84,37.03,8490.62,31820.412
688711.SH,20250321,17.71,17.77,17.12,17.17,42743.23,74300.652
688716.SH,20250321,37.76,37.77,35.79,36.27,39381.37,144396.732
688717.SH,20250321,54.0,54.85,52.6,54.07,35247.97,188715.572
688718.SH,20250321,11.61,11.61,11.4,11.42,7750.46,8896.619
688719.SH,20250321,31.9,32.35,31.23,31.48,17356.88,55118.126
688720.SH,20250321,40.25,41.13,39.78,40.24,13687.86,55320.697
688721.SH,20250321,51.6,51.6,50.0,50.01,9524.19,48156.753
688722.SH,20250321,18.8,18.95,17.82,18.2,128872.43,237269.553
688726.SH,20250321,47.27,47.45,45.78,45.82,15713.6,72968.957
688728.SH,20250321,15.27,15.34,15.04,15.06,85520.72,129585.11
688733.SH,20250321,19.21,19.4,18.7,18.73,24731.6,46839.2
688737.SH,20250321,21.24,21.6,19.91,20.05,42997.22,87589.784
688739.SH,20250321,27.18,27.39,26.85,26.88,24133.32,65438.521
688750.SH,20250321,24.1,25.1,23.7,23.7,136861.81,335887.266
688758.SH,20250321,17.99,18.36,17.53,17.75,59426.38,106405.593
688766.SH,20250321,116.48,118.0,110.19,110.51,49877.71,562418.729
688767.SH,20250321,39.2,39.35,37.9,37.96,12558.53,48585.273
688768.SH,20250321,51.99,52.5,50.51,51.45,10753.13,55464.134
688772.SH,20250321,16.99,16.99,16.47,16.55,112204.25,187207.853
688776.SH,20250321,68.29,74.18,68.24,72.8,41949.32,303597.273
688777.SH,20250321,55.21,55.33,53.42,53.64,136765.76,741018.571
688778.SH,20250321,49.0,49.23,46.91,47.06,43610.18,208837.068
688779.SH,20250321,5.29,5.32,5.21,5.22,151311.81,79569.066
688786.SH,20250321,27.38,27.42,26.5,26.6,15156.27,40650.461
688787.SH,20250321,111.3,117.88,109.41,111.4,46774.25,528852.875
688788.SH,20250321,67.02,71.87,66.75,70.64,30999.65,216670.918
688789.SH,20250321,77.35,78.76,77.16,77.62,8778.6,68330.049
688793.SH,20250321,33.88,38.57,33.88,35.9,68980.75,250984.417
688798.SH,20250321,77.98,78.12,73.89,76.0,38993.55,295660.855
688799.SH,20250321,40.48,40.75,40.01,40.25,13783.5,55585.542
688800.SH,20250321,53.0,53.39,51.33,51.66,57928.02,302424.651
688819.SH,20250321,30.03,30.28,29.4,29.46,29379.32,87489.529
688981.SH,20250321,92.98,92.98,90.9,91.2,365399.14,3348039.981
689009.SH,20250321,63.58,63.81,60.71,61.7,84117.11,520104.775
920779.BJ,20250321,58.91,61.0,56.66,57.5,17826.43,104173.818
920799.BJ,20250321,60.06,62.32,58.02,58.12,56526.25,337190.419
920809.BJ,20250321,6.3,6.45,6.0,6.05,123781.21,76377.867
920832.BJ,20250321,7.63,7.75,7.42,7.62,51850.44,39431.636
920839.BJ,20250321,36.86,40.0,33.58,33.64,103416.54,383047.749
920879.BJ,20250321,16.32,16.64,15.7,15.82,22749.19,36788.053
920896.BJ,20250321,23.18,23.3,19.8,20.03,56606.2,119052.004
920946.BJ,20250321,10.72,11.05,10.26,10.64,91680.21,98228.559
920964.BJ,20250321,8.02,8.15,7.65,7.68,87758.61,69088.208
920974.BJ,20250321,8.99,9.0,8.35,8.44,61777.67,53241.555
920010.BJ,20250321,14.15,15.16,14.04,14.55,183403.09,268227.63
920039.BJ,20250321,9.71,9.93,9.18,9.18,21706.92,20471.885
920087.BJ,20250321,12.48,12.54,11.89,11.95,50359.77,61062.425
920152.BJ,20250321,22.8,22.9,21.25,21.69,57489.59,126191.139
920267.BJ,20250321,27.02,27.58,26.0,26.04,16623.0,44181.353
920375.BJ,20250321,23.62,23.78,22.27,22.6,43526.7,99918.499
920195.BJ,20250321,14.51,14.6,13.86,14.21,33817.2,47882.264
920378.BJ,20250321,17.85,18.1,15.15,15.55,164169.34,273728.169
920304.BJ,20250321,13.9,13.9,13.27,13.6,51598.85,69956.908
920405.BJ,20250321,22.0,22.6,20.5,20.67,76506.01,162721.588
920370.BJ,20250321,4.66,4.74,4.32,4.43,170427.13,76934.872
920496.BJ,20250321,12.63,12.85,11.92,11.92,107103.47,131082.794
920445.BJ,20250321,9.01,9.07,8.58,8.68,62944.13,55328.259
920526.BJ,20250321,30.73,31.0,29.19,29.3,20164.58,60194.387
920627.BJ,20250321,28.33,29.2,26.9,27.7,36229.2,101238.632
920641.BJ,20250321,16.0,16.05,14.96,15.1,20368.97,31359.946
920689.BJ,20250321,40.37,52.85,40.28,49.29,148111.87,709566.126
920726.BJ,20250321,22.89,23.08,21.5,22.44,34942.29,77994.631
920768.BJ,20250321,9.96,10.03,9.24,9.26,46990.49,44942.358
920932.BJ,20250321,31.69,31.69,29.04,29.76,28895.0,87477.808
920834.BJ,20250321,9.98,10.45,9.83,10.22,22357.96,22540.031
920855.BJ,20250321,19.69,19.97,18.66,18.67,22884.7,43810.283
920856.BJ,20250321,24.0,24.07,22.46,22.71,41463.28,96552.647
920906.BJ,20250321,29.04,29.29,26.85,27.03,69870.77,193753.804
920961.BJ,20250321,19.0,19.26,18.5,18.72,56386.53,106224.184
920000.BJ,20250321,25.94,25.95,23.75,23.82,42641.81,104768.832
920023.BJ,20250321,5.69,5.73,5.43,5.48,160313.06,89152.011
920089.BJ,20250321,15.71,15.83,15.06,15.11,85924.95,132425.595
920110.BJ,20250321,39.89,40.46,37.84,37.85,18255.91,70961.425
920145.BJ,20250321,20.1,21.18,19.57,21.02,33531.06,67646.504
920249.BJ,20250321,15.51,15.66,14.2,14.32,149884.24,220377.284
920171.BJ,20250321,30.8,33.1,30.69,31.9,79762.82,257374.891
920175.BJ,20250321,12.43,12.49,11.66,11.74,62542.62,74545.939
920225.BJ,20250321,14.72,16.39,14.7,15.53,89273.39,139579.242
920278.BJ,20250321,9.63,9.76,9.06,9.13,39007.92,36314.778
920419.BJ,20250321,17.13,18.02,16.69,17.51,39741.3,69417.325
920469.BJ,20250321,14.31,14.5,13.71,13.88,59174.68,82758.3
920471.BJ,20250321,16.78,17.35,16.31,16.88,33440.65,56403.079
920491.BJ,20250321,32.43,32.9,30.34,30.38,76447.86,238102.24
920522.BJ,20250321,60.01,62.42,56.6,57.24,49187.54,290155.776
920566.BJ,20250321,12.2,12.4,11.37,11.45,112891.98,134080.802
920651.BJ,20250321,28.59,28.7,27.01,28.03,20370.52,56541.86
920662.BJ,20250321,26.22,27.19,25.35,25.44,24509.68,63925.26
920735.BJ,20250321,37.52,37.97,35.95,36.28,21800.79,80119.453
920786.BJ,20250321,9.52,9.82,9.27,9.31,238462.0,226067.883
920802.BJ,20250321,19.34,19.4,18.2,18.3,19530.83,36583.651
920876.BJ,20250321,29.51,29.99,27.81,28.06,31438.81,89863.811
920885.BJ,20250321,15.5,16.1,15.21,15.61,47154.94,73736.351
920978.BJ,20250321,24.03,24.38,22.38,22.38,70055.75,162456.797
920982.BJ,20250321,265.48,271.11,259.0,264.8,6856.55,181205.687
920130.BJ,20250321,37.21,37.81,35.0,35.5,99724.95,362963.32
920075.BJ,20250321,32.76,32.76,30.22,30.22,32466.39,102063.318
920571.BJ,20250321,8.3,9.38,8.2,8.5,691983.63,604715.884
920230.BJ,20250321,19.49,19.73,17.71,17.76,26754.73,50187.666
920266.BJ,20250321,12.4,12.59,10.75,10.75,100539.21,119684.762
920284.BJ,20250321,22.45,23.8,22.42,23.13,78463.73,181597.235
920346.BJ,20250321,27.2,28.21,26.5,26.75,18683.96,50638.212
920394.BJ,20250321,27.03,27.98,26.86,27.4,42700.24,117048.487
920427.BJ,20250321,15.88,16.18,15.33,16.18,83337.08,131962.053
920429.BJ,20250321,18.25,18.31,17.49,17.94,29657.19,53082.528
920454.BJ,20250321,16.88,17.0,15.75,15.75,67709.57,109857.293
920455.BJ,20250321,10.82,10.82,10.12,10.24,27661.98,28686.093
920509.BJ,20250321,20.9,21.38,19.18,19.2,101996.09,206671.324
920523.BJ,20250321,26.35,26.69,25.52,25.57,28185.34,73169.064
920533.BJ,20250321,53.5,54.03,50.01,50.48,41678.11,213679.02
920575.BJ,20250321,17.31,17.74,17.3,17.43,21553.05,37727.152
920580.BJ,20250321,12.7,12.7,11.9,12.0,36401.77,44383.316
920751.BJ,20250321,15.1,15.19,14.43,14.73,37107.96,54811.901
920781.BJ,20250321,10.54,11.14,10.36,11.05,119621.49,128830.125
920819.BJ,20250321,3.86,4.06,3.84,4.04,261037.86,103735.537
920873.BJ,20250321,6.04,6.04,5.57,5.76,117943.42,67931.476
920914.BJ,20250321,18.58,18.6,17.67,17.8,37964.12,68510.007
920943.BJ,20250321,20.75,22.96,20.59,21.68,49698.85,108922.63
920014.BJ,20250321,12.94,13.08,12.32,12.43,28015.94,35279.276
920021.BJ,20250321,7.05,7.19,6.78,6.88,165717.5,115305.662
920033.BJ,20250321,22.38,22.47,21.34,21.34,18273.89,39894.251
920058.BJ,20250321,31.6,32.39,30.6,30.65,12564.36,39207.107
920062.BJ,20250321,9.69,10.0,9.48,9.77,114795.2,111999.987
920261.BJ,20250321,12.0,12.15,11.58,11.71,35559.56,42082.17
920407.BJ,20250321,27.69,27.9,24.89,25.0,24816.49,64294.429
920415.BJ,20250321,18.23,18.55,17.03,17.14,65787.01,116529.498
920475.BJ,20250321,21.84,21.98,20.68,20.8,30619.92,64606.611
920599.BJ,20250321,17.8,18.23,17.45,18.06,98441.12,175959.966
920639.BJ,20250321,7.48,9.56,7.41,8.39,332822.29,286054.002
920682.BJ,20250321,10.01,11.48,10.01,10.87,209603.03,227980.557
920765.BJ,20250321,24.01,24.13,21.98,21.98,38474.72,87206.437
920770.BJ,20250321,20.6,20.94,19.31,19.36,79573.83,158866.138
920950.BJ,20250321,21.5,21.58,20.38,20.49,9875.1,20601.798
920174.BJ,20250321,30.62,31.1,29.23,29.53,24392.41,73240.108
920179.BJ,20250321,31.92,32.41,30.22,30.48,30281.89,93619.057
920184.BJ,20250321,14.91,15.0,14.05,14.05,46688.21,67335.421
920185.BJ,20250321,23.22,23.72,22.1,22.3,77704.17,176818.842
920207.BJ,20250321,28.26,28.48,26.51,26.73,51217.61,140013.817
920237.BJ,20250321,32.49,32.92,30.85,31.22,17730.05,56227.571
920305.BJ,20250321,35.6,35.74,33.0,33.0,61709.97,211939.266
920368.BJ,20250321,35.15,35.15,33.34,33.44,79940.81,273182.774
920438.BJ,20250321,19.56,21.5,19.51,19.93,78919.99,161882.792
920508.BJ,20250321,35.33,35.39,34.05,34.44,13186.01,45590.997
920579.BJ,20250321,32.0,33.86,30.65,33.06,80737.8,262989.235
920640.BJ,20250321,28.54,28.54,27.0,27.0,74091.75,203887.483
920670.BJ,20250321,18.39,18.43,17.47,17.6,41603.57,74135.24
920057.BJ,20250321,7.0,7.09,6.71,6.82,64359.18,44500.991
920992.BJ,20250321,19.0,19.1,17.67,18.68,42349.47,76956.756
920985.BJ,20250321,12.53,12.66,11.9,12.03,103362.97,126350.301
920077.BJ,20250321,14.2,14.79,13.1,13.2,136722.88,190367.939
920149.BJ,20250321,14.67,14.72,13.52,13.76,42189.05,58788.183
920208.BJ,20250321,36.6,36.98,34.88,35.01,20603.87,73357.984
920221.BJ,20250321,20.7,20.7,19.5,19.65,38774.04,77494.725
920239.BJ,20250321,44.55,45.25,41.69,41.93,44398.71,190804.176
920247.BJ,20250321,25.0,25.68,23.43,23.6,32694.95,79481.199
920260.BJ,20250321,13.06,13.1,12.13,12.48,30378.29,38062.765
920263.BJ,20250321,13.3,13.43,12.45,12.58,62951.13,80338.814
920270.BJ,20250321,18.02,18.2,17.0,17.21,20774.44,36308.691
920395.BJ,20250321,17.5,17.92,16.7,16.78,62084.21,106640.203
920414.BJ,20250321,14.65,14.65,13.31,13.31,48933.57,67508.189
920519.BJ,20250321,12.49,12.52,11.76,11.92,43773.14,52997.518
920422.BJ,20250321,13.16,13.28,12.28,12.52,43778.87,55723.116
920433.BJ,20250321,8.84,9.46,7.81,7.84,350325.31,305301.4
920504.BJ,20250321,22.63,23.08,21.31,21.7,16623.69,36539.587
920547.BJ,20250321,21.62,21.88,20.8,21.0,24455.05,52073.691
920675.BJ,20250321,10.62,10.64,10.13,10.32,21298.26,22067.159
920699.BJ,20250321,49.56,49.99,46.78,47.07,12851.05,61611.001
920717.BJ,20250321,11.13,11.34,10.45,10.58,33486.57,35933.544
920720.BJ,20250321,22.28,22.29,20.15,20.24,76556.4,159791.206
920807.BJ,20250321,10.5,10.54,9.98,10.0,57144.74,58100.568
920826.BJ,20250321,12.2,12.33,11.6,11.86,64189.8,76224.067
920871.BJ,20250321,16.04,16.43,15.18,15.47,26756.93,42008.974
920892.BJ,20250321,13.49,13.49,12.95,13.03,14576.68,19169.464
920942.BJ,20250321,18.24,18.43,17.0,17.0,25180.37,44791.394
920957.BJ,20250321,13.8,13.99,13.0,13.01,24173.76,32231.389
920061.BJ,20250321,35.48,35.48,33.2,33.24,26382.61,90003.436
920006.BJ,20250321,29.1,29.64,26.63,26.72,57769.01,160675.59
920123.BJ,20250321,17.8,17.98,16.85,16.96,31257.01,53910.665
920046.BJ,20250321,16.4,16.94,16.02,16.2,53941.55,88780.171
920092.BJ,20250321,47.4,47.4,44.1,44.86,22582.48,102622.553
920274.BJ,20250321,14.77,15.55,14.01,14.39,28494.03,42006.981
920212.BJ,20250321,18.33,18.35,17.16,17.49,36445.77,64359.229
920242.BJ,20250321,34.0,34.3,32.08,32.48,18645.63,61782.754
920344.BJ,20250321,22.0,22.77,21.38,21.84,15230.86,33324.051
920403.BJ,20250321,25.23,26.18,24.31,24.31,19400.71,48262.349
920592.BJ,20250321,65.61,67.56,62.33,62.59,20737.89,134290.586
920663.BJ,20250321,27.41,27.41,24.25,24.67,44913.21,114998.173
920748.BJ,20250321,26.32,26.83,25.07,25.38,19200.49,49351.128
920821.BJ,20250321,41.98,42.49,40.18,40.18,28520.69,117039.109
920030.BJ,20250321,7.41,7.45,6.94,7.05,76700.3,54683.684
920163.BJ,20250321,15.37,15.37,14.47,14.67,19350.84,28754.554
920271.BJ,20250321,18.4,18.41,17.32,17.56,32304.86,57398.97
920227.BJ,20250321,62.49,63.6,59.0,59.89,6133.13,37510.025
920262.BJ,20250321,25.1,25.28,23.91,24.02,19066.4,46513.602
920275.BJ,20250321,9.31,9.45,8.75,8.8,60986.62,55410.035
920402.BJ,20250321,10.2,10.34,9.94,9.98,62032.84,62639.446
920870.BJ,20250321,19.7,19.7,18.3,18.6,50199.55,94513.083
920701.BJ,20250321,35.66,35.91,33.77,34.31,24414.48,84891.83
920810.BJ,20250321,20.4,20.7,18.91,19.11,74212.49,147573.517
920837.BJ,20250321,17.88,18.26,17.17,17.31,53949.66,94648.062
920924.BJ,20250321,32.21,32.97,30.79,30.79,63170.89,200024.789
920971.BJ,20250321,31.77,33.99,31.06,33.05,49031.47,158962.508
920167.BJ,20250321,23.4,23.65,22.38,22.57,32493.5,74489.998
920273.BJ,20250321,27.5,28.2,26.33,26.87,16518.51,44734.318
920371.BJ,20250321,8.93,9.07,8.5,8.59,73271.19,64154.35
920493.BJ,20250321,188.0,189.58,182.0,182.19,47592.0,879033.545
920680.BJ,20250321,19.69,19.88,18.76,18.9,47112.03,90597.586
920719.BJ,20250321,12.03,12.16,11.39,11.39,55734.61,65258.742
920725.BJ,20250321,34.0,34.34,32.03,32.61,30262.17,99747.793
920729.BJ,20250321,8.19,8.19,7.77,7.78,23957.42,19036.475
920790.BJ,20250321,39.5,40.88,37.71,38.1,21427.62,83504.455
920792.BJ,20250321,10.97,11.09,10.3,10.5,45623.66,48379.382
920146.BJ,20250321,8.83,9.13,8.4,8.4,78998.66,68768.252
920199.BJ,20250321,27.8,28.18,25.9,26.03,23199.85,61967.842
920204.BJ,20250321,22.36,22.78,21.11,21.77,35866.37,78185.91
920299.BJ,20250321,16.25,16.68,15.78,16.43,38327.19,62402.451
920357.BJ,20250321,23.81,24.1,22.57,22.69,24121.9,55934.214
920436.BJ,20250321,21.58,22.8,20.85,21.25,41417.76,89534.974
920608.BJ,20250321,18.5,19.25,17.14,17.14,45572.31,82614.797
920656.BJ,20250321,19.98,19.98,18.0,18.88,13501.98,25810.513
920926.BJ,20250321,25.6,25.6,24.12,24.5,22945.31,56782.855
920866.BJ,20250321,8.82,8.9,8.5,8.58,34886.23,30271.03
920976.BJ,20250321,26.26,26.47,24.94,25.18,23600.91,60425.595
920245.BJ,20250321,43.3,43.66,42.5,43.38,31865.96,137592.573
920363.BJ,20250321,19.56,20.0,19.0,19.49,28161.18,54690.272
920396.BJ,20250321,21.75,22.86,21.59,21.67,20268.43,44805.477
920578.BJ,20250321,34.5,35.33,32.3,32.6,35694.33,118721.846
920553.BJ,20250321,10.65,11.42,10.49,11.14,97444.24,107686.445
920634.BJ,20250321,27.69,28.47,26.54,26.72,40772.78,111274.267
920642.BJ,20250321,13.55,13.66,12.73,12.8,57318.24,75472.095
920694.BJ,20250321,19.84,20.67,19.32,20.12,24093.34,48283.309
920753.BJ,20250321,30.4,31.66,30.37,30.73,18947.2,58812.738
920857.BJ,20250321,18.81,18.81,17.89,17.9,11343.38,20712.438
920970.BJ,20250321,7.8,7.88,7.07,7.08,111317.92,81753.945
920981.BJ,20250321,39.99,39.99,37.5,38.01,37908.93,145711.691
920190.BJ,20250321,37.95,38.31,34.59,34.97,76412.62,275446.396
920351.BJ,20250321,14.76,15.4,14.21,14.3,39517.54,58191.504
920374.BJ,20250321,35.73,36.49,34.1,34.1,24327.46,84769.625
920392.BJ,20250321,21.82,22.22,20.72,21.81,17627.0,38065.124
920541.BJ,20250321,15.44,15.44,14.26,14.63,40700.5,59919.431
920808.BJ,20250321,66.6,67.01,63.25,63.3,39505.87,255168.85
920895.BJ,20250321,17.2,17.46,15.5,15.97,21088.99,34758.165
920925.BJ,20250321,16.0,16.2,14.04,14.22,64159.16,94688.386
920931.BJ,20250321,14.57,14.98,14.03,14.15,25213.66,35760.142
920953.BJ,20250321,52.5,52.88,49.17,49.49,34481.02,174483.106
920001.BJ,20250321,23.0,23.2,21.0,21.77,68798.11,151700.355
920122.BJ,20250321,49.39,50.49,49.11,49.13,11159.61,55374.138
920132.BJ,20250321,16.08,16.44,15.16,15.35,30471.1,47484.481
920252.BJ,20250321,18.92,18.92,17.81,17.92,39965.28,72994.989
920367.BJ,20250321,27.63,28.99,26.05,26.26,30495.63,84072.304
920169.BJ,20250321,16.57,17.0,15.96,16.39,38600.21,63574.802
920223.BJ,20250321,12.69,12.69,11.72,11.85,59622.4,71948.984
920505.BJ,20250321,27.02,27.03,25.5,25.5,20060.15,52392.346
920339.BJ,20250321,11.74,12.35,11.52,11.95,26127.28,31005.784
920527.BJ,20250321,16.82,17.2,15.9,15.93,26833.22,43896.445
920570.BJ,20250321,48.89,57.79,48.81,52.46,71706.29,381573.082
920576.BJ,20250321,26.39,31.44,26.39,29.6,52692.62,157397.978
920593.BJ,20250321,53.88,54.74,50.1,50.18,52695.03,271610.059
920665.BJ,20250321,13.58,13.88,12.72,12.95,27932.65,36625.301
920679.BJ,20250321,20.15,20.17,18.73,18.86,18790.41,36370.155
920690.BJ,20250321,24.95,24.95,23.01,23.07,22188.88,52888.805
920693.BJ,20250321,47.5,49.5,45.45,46.09,23450.97,110177.533
920703.BJ,20250321,26.2,26.48,25.1,25.28,18343.24,47053.738
920706.BJ,20250321,17.97,18.96,17.63,18.1,35271.7,64190.522
920026.BJ,20250321,29.4,30.01,28.7,29.6,25198.2,74213.882
920806.BJ,20250321,16.01,16.11,15.17,15.36,81405.1,126460.848
920833.BJ,20250321,22.58,23.38,21.9,22.1,72425.92,164186.851
920002.BJ,20250321,226.12,228.76,210.0,210.0,13991.36,306537.112
920008.BJ,20250321,43.28,44.4,41.6,43.67,30528.37,133015.63
920016.BJ,20250321,27.32,27.49,25.9,26.05,25163.92,67350.501
920019.BJ,20250321,23.79,24.73,23.23,23.79,43430.04,104163.096
920060.BJ,20250321,36.03,37.17,35.7,35.9,52865.49,192318.197
920066.BJ,20250321,41.98,42.48,40.72,41.11,10286.36,42558.035
920082.BJ,20250321,24.06,28.0,24.06,25.84,163265.43,423460.03
920088.BJ,20250321,27.51,30.5,27.51,28.8,50544.94,147392.593
920098.BJ,20250321,33.6,34.68,33.18,34.22,25109.08,85403.899
920099.BJ,20250321,33.8,39.0,33.08,34.7,41828.31,148647.048
920106.BJ,20250321,90.1,90.6,84.58,85.43,13148.76,115281.524
920108.BJ,20250321,25.87,27.33,25.87,26.8,41033.38,109492.187
920111.BJ,20250321,30.24,31.77,30.21,31.09,33742.48,104638.816
920116.BJ,20250321,101.02,106.57,98.03,103.5,45366.57,466650.622
920118.BJ,20250321,29.28,31.45,28.82,29.75,13727.86,41566.402
920128.BJ,20250321,36.14,36.14,34.05,35.28,22731.26,79530.169
