ts_code,trade_date,open,high,low,close,vol,amount
601208.SH,20161122,8.21,8.25,8.17,8.25,80027.73,65761.895
600121.SH,20161122,5.89,6.0,5.85,5.94,230399.26,136636.098
601668.SH,20161122,8.54,9.16,8.49,9.05,17850706.09,15898844.896
002288.SZ,20161122,11.76,11.87,11.68,11.74,140599.67,165371.197
600456.SH,20161122,19.95,20.12,19.81,20.07,51296.35,102476.913
000557.SZ,20161122,5.85,5.92,5.82,5.87,76299.54,44761.329
002321.SZ,20161122,11.03,11.1,10.93,11.04,95663.08,105233.173
002313.SZ,20161122,24.18,24.31,24.0,24.21,63775.0,153831.427
002096.SZ,20161122,16.65,17.35,16.65,17.28,87199.74,149213.853
600978.SH,20161122,11.76,11.87,11.69,11.79,206800.62,243499.742
600885.SH,20161122,32.47,32.8,32.2,32.54,29664.06,96427.33
000728.SZ,20161122,24.25,24.57,24.11,24.4,432106.33,1052851.537
000572.SZ,20161122,5.35,5.4,5.34,5.4,163001.32,87624.241
300124.SZ,20161122,20.67,21.22,20.67,21.09,126437.42,265581.082
300036.SZ,20161122,19.36,19.85,19.34,19.78,70236.45,137352.454
601098.SH,20161122,18.23,18.33,18.0,18.3,53097.18,96791.012
600187.SH,20161122,6.49,7.0,6.41,6.71,1953050.58,1324945.364
002760.SZ,20161122,49.38,49.65,48.56,48.96,37864.75,185555.979
002145.SZ,20161122,6.56,6.66,6.54,6.63,516065.66,340127.969
601555.SH,20161122,14.85,15.1,14.81,14.99,367144.56,550604.363
603977.SH,20161122,18.11,18.11,18.11,18.11,410.0,742.51
603669.SH,20161122,36.32,36.48,35.53,35.81,72090.72,258258.826
002113.SZ,20161122,20.55,20.85,19.84,20.24,462282.69,929923.489
002791.SZ,20161122,64.5,68.46,63.95,65.2,142642.26,938969.759
002193.SZ,20161122,25.89,26.39,25.51,26.15,104300.21,269722.486
600723.SH,20161122,10.22,10.22,10.12,10.18,29531.22,30018.075
000677.SZ,20161122,7.22,7.94,7.22,7.86,473205.42,360147.892
000603.SZ,20161122,19.17,19.66,19.06,19.63,140788.39,272995.298
603160.SH,20161122,137.7,141.83,137.7,139.24,56917.76,794686.503
002247.SZ,20161122,18.29,19.05,18.22,18.65,83313.75,155614.765
300255.SZ,20161122,9.08,9.3,8.93,9.24,164431.56,148852.218
002311.SZ,20161122,15.09,15.1,14.78,14.9,142276.29,212090.019
002060.SZ,20161122,8.27,8.3,8.21,8.28,105538.01,87193.728
300182.SZ,20161122,11.16,11.16,10.99,11.13,98179.4,108622.871
000766.SZ,20161122,18.71,18.89,18.58,18.8,42092.82,78706.449
300087.SZ,20161122,13.16,13.33,13.13,13.3,30500.78,40300.049
300327.SZ,20161122,41.09,41.38,40.69,41.17,35954.15,147600.461
002485.SZ,20161122,18.55,19.01,18.5,18.9,40572.26,76186.704
002328.SZ,20161122,11.78,12.08,11.73,11.99,148605.61,177270.23
002361.SZ,20161122,7.54,7.57,7.5,7.56,93434.6,70372.954
600872.SH,20161122,16.32,16.6,16.32,16.49,75649.74,124429.907
600981.SH,20161122,9.26,9.35,9.26,9.33,52394.12,48750.279
300137.SZ,20161122,15.87,15.98,15.8,15.98,64753.45,102819.69
603738.SH,20161122,91.29,98.33,91.29,95.02,39930.49,378670.745
002363.SZ,20161122,13.55,13.81,13.48,13.81,81772.71,111458.802
603858.SH,20161122,97.37,97.37,97.37,97.37,67.35,655.787
603899.SH,20161122,19.63,19.9,19.46,19.79,46439.14,91443.461
002534.SZ,20161122,12.5,12.58,12.33,12.58,39350.24,49042.242
601595.SH,20161122,49.49,49.87,48.58,49.14,83016.23,408132.156
000952.SZ,20161122,21.11,21.12,20.84,20.97,52466.6,109801.015
600685.SH,20161122,28.02,28.59,27.95,28.29,50983.25,144002.86
603398.SH,20161122,43.06,43.35,42.05,42.86,36594.96,155529.957
600537.SH,20161122,7.8,7.91,7.73,7.88,277423.68,216586.444
300442.SZ,20161122,54.3,54.37,53.03,53.93,32226.09,173093.934
002430.SZ,20161122,8.73,8.82,8.68,8.8,62088.92,54393.173
000010.SZ,20161122,7.9,7.96,7.89,7.96,90763.72,71938.889
603066.SH,20161122,60.08,60.78,59.11,60.23,43709.51,261738.352
601908.SH,20161122,7.8,8.5,7.8,8.23,584291.49,473797.323
601137.SH,20161122,13.91,14.04,13.71,14.03,47860.76,66509.865
300261.SZ,20161122,11.59,11.68,11.54,11.66,29927.5,34780.973
000892.SZ,20161122,15.45,15.59,15.17,15.44,50063.49,76842.809
600499.SH,20161122,9.12,9.22,9.01,9.11,354177.93,322170.723
002279.SZ,20161122,19.31,19.48,19.23,19.48,44003.43,85113.416
000990.SZ,20161122,17.37,17.76,17.37,17.76,44149.1,77876.912
600999.SH,20161122,18.96,19.3,18.88,19.13,296489.58,567624.681
000796.SZ,20161122,17.15,17.31,17.08,17.27,31507.74,54193.254
600820.SH,20161122,10.53,10.61,10.48,10.56,421442.67,444219.645
603808.SH,20161122,32.8,33.65,32.53,33.5,16401.75,54577.721
300114.SZ,20161122,27.3,27.7,27.21,27.7,20748.63,56788.437
300357.SZ,20161122,40.35,44.43,40.2,41.15,47894.86,198633.114
600529.SH,20161122,21.71,21.8,21.1,21.28,51863.98,111222.183
002644.SZ,20161122,12.64,12.77,12.6,12.69,54704.78,69458.687
300332.SZ,20161122,10.11,10.2,9.97,10.19,78497.14,79088.513
002312.SZ,20161122,10.54,10.59,10.45,10.57,351735.2,369180.903
300081.SZ,20161122,18.4,19.7,18.35,19.2,171058.45,325550.059
603667.SH,20161122,46.27,47.73,45.88,46.87,102661.27,480181.902
601519.SH,20161122,8.43,8.61,8.41,8.59,207072.25,175909.408
000923.SZ,20161122,26.13,26.78,25.99,26.25,172008.01,452278.356
000709.SZ,20161122,3.19,3.24,3.18,3.23,1483876.53,477028.157
601800.SH,20161122,15.65,15.96,15.58,15.72,333765.46,524943.022
300430.SZ,20161122,54.6,55.99,54.34,54.59,19231.64,105726.526
002301.SZ,20161122,23.28,23.28,22.86,22.98,29418.77,67672.975
300412.SZ,20161122,40.32,42.01,39.71,41.08,47042.32,191901.304
601811.SH,20161122,29.28,29.7,29.0,29.17,92621.29,270908.702
000962.SZ,20161122,11.48,11.74,11.45,11.7,46607.52,54072.376
600246.SH,20161122,6.06,6.13,6.06,6.12,75341.1,45938.941
600146.SH,20161122,35.99,35.99,35.05,35.34,35911.02,127045.069
002655.SZ,20161122,17.02,17.37,16.87,17.33,156586.53,267852.984
300026.SZ,20161122,6.33,6.38,6.3,6.36,295992.44,187365.001
600410.SH,20161122,12.95,12.95,12.74,12.85,113772.98,145963.383
603716.SH,20161122,142.0,150.79,141.52,146.44,45878.86,672403.167
300360.SZ,20161122,21.46,21.55,21.29,21.54,25232.51,54040.368
600831.SH,20161122,14.31,14.35,14.21,14.35,49146.64,70229.36
300425.SZ,20161122,34.25,34.83,34.04,34.35,32941.72,113394.659
000632.SZ,20161122,9.68,9.73,9.43,9.69,100668.58,96465.078
000821.SZ,20161122,15.95,16.12,15.86,16.0,45909.43,73258.113
600360.SH,20161122,10.27,10.27,10.1,10.2,176515.32,179907.18
002537.SZ,20161122,31.32,31.7,31.06,31.45,27586.5,86360.58
600502.SH,20161122,9.72,9.98,9.67,9.85,264529.87,260642.156
603568.SH,20161122,26.7,27.2,26.68,27.04,40301.09,108625.284
600234.SH,20161122,17.95,18.22,17.87,17.91,13583.0,24409.883
300245.SZ,20161122,20.8,21.35,20.77,21.34,82921.87,174678.343
002658.SZ,20161122,16.95,17.2,16.9,17.1,106878.54,182557.29
601328.SH,20161122,5.74,5.83,5.74,5.8,1555740.59,900781.341
002564.SZ,20161122,10.47,10.67,10.22,10.65,506653.59,531080.823
300552.SZ,20161122,77.68,83.0,77.51,80.31,73649.48,586504.737
600599.SH,20161122,28.42,31.26,28.33,31.26,147089.22,450080.648
600532.SH,20161122,17.3,17.65,17.29,17.46,45214.06,78844.145
300489.SZ,20161122,44.41,46.37,44.01,45.65,55411.12,251704.231
300382.SZ,20161122,58.15,58.32,56.12,57.1,17892.92,101836.822
000058.SZ,20161122,12.18,12.38,12.1,12.37,118027.19,144711.586
300201.SZ,20161122,8.83,9.04,8.81,8.98,147370.61,131805.994
002626.SZ,20161122,15.51,15.59,15.49,15.58,46310.46,71918.802
601225.SH,20161122,6.31,6.39,6.27,6.33,509072.23,321714.817
600093.SH,20161122,15.94,16.05,15.81,16.02,28863.62,45985.503
300101.SZ,20161122,22.42,22.66,22.2,22.66,65656.61,146812.511
603017.SH,20161122,25.0,26.5,24.4,25.1,160997.56,407691.089
603111.SH,20161122,14.98,15.58,14.98,15.48,110402.89,170179.303
601699.SH,20161122,9.36,9.93,9.36,9.85,1015801.26,983928.558
002448.SZ,20161122,12.21,12.29,12.2,12.28,61114.2,74787.857
601020.SH,20161122,41.3,45.0,40.78,43.8,203499.56,873233.496
002317.SZ,20161122,13.26,13.37,13.23,13.29,66649.49,88495.112
000795.SZ,20161122,7.6,7.65,7.55,7.64,141423.19,107514.887
000581.SZ,20161122,24.28,24.36,24.03,24.2,57792.37,139475.665
002399.SZ,20161122,18.81,18.88,18.66,18.7,42360.1,79381.959
002613.SZ,20161122,8.69,9.18,8.55,8.98,407820.6,362556.306
600309.SH,20161122,20.44,20.78,20.35,20.44,100649.41,206479.072
300086.SZ,20161122,13.19,13.47,13.08,13.34,162277.59,216254.966
002123.SZ,20161122,16.3,16.44,16.22,16.44,83356.93,136144.521
002183.SZ,20161122,12.55,12.71,12.45,12.67,370065.32,465539.689
002693.SZ,20161122,12.19,12.35,12.04,12.17,40939.94,49766.689
600623.SH,20161122,19.41,19.8,19.31,19.65,45256.91,88828.784
600281.SH,20161122,7.52,7.64,7.49,7.6,69694.47,52712.462
000797.SZ,20161122,18.45,18.73,18.3,18.35,77400.63,142897.422
002125.SZ,20161122,16.31,16.6,16.0,16.17,146060.16,236523.045
000403.SZ,20161122,32.49,32.75,32.45,32.56,14164.98,46075.736
002557.SZ,20161122,17.52,17.6,17.45,17.56,30519.39,53473.626
603606.SH,20161122,15.68,16.3,15.6,16.16,100145.76,160208.268
600199.SH,20161122,10.17,10.2,10.11,10.18,116883.59,118681.811
600588.SH,20161122,23.42,23.83,23.24,23.69,97999.4,230581.401
000659.SZ,20161122,5.35,5.47,5.2,5.39,647877.34,344087.206
000759.SZ,20161122,8.68,9.09,8.6,9.05,98317.68,86946.88
002815.SZ,20161122,61.0,63.92,61.0,63.88,99736.8,626024.414
002596.SZ,20161122,30.6,31.49,30.23,30.7,57100.52,176288.792
002730.SZ,20161122,24.5,26.95,24.49,26.95,184534.99,481592.338
002530.SZ,20161122,37.29,37.8,37.05,37.64,9628.83,36092.521
300151.SZ,20161122,13.3,13.42,13.23,13.41,64075.39,85380.845
600619.SH,20161122,13.18,13.37,13.1,13.18,59584.96,78702.677
600288.SH,20161122,17.0,17.38,16.9,17.34,365913.76,629287.559
002291.SZ,20161122,15.95,16.08,15.75,15.84,56764.46,90058.85
300523.SZ,20161122,148.38,151.28,147.6,149.8,27021.29,404396.301
002805.SZ,20161122,62.99,68.4,62.66,66.18,78736.32,516212.574
601678.SH,20161122,6.71,6.75,6.62,6.67,253453.94,169254.341
600549.SH,20161122,27.85,28.28,27.78,28.18,88655.45,248975.259
600438.SH,20161122,6.22,6.25,6.2,6.24,82751.28,51548.792
002318.SZ,20161122,10.97,11.18,10.96,11.18,174603.78,194477.266
600426.SH,20161122,11.74,12.12,11.73,11.8,139329.21,165806.618
000582.SZ,20161122,18.25,18.28,18.04,18.28,73247.28,133021.354
600423.SH,20161122,10.63,10.84,10.45,10.47,312209.86,332421.015
601989.SH,20161122,6.98,7.18,6.94,7.02,2220199.91,1563681.273
600639.SH,20161122,20.0,21.36,20.0,21.08,335105.68,696223.035
002471.SZ,20161122,6.64,6.68,6.61,6.67,120485.51,80052.597
002356.SZ,20161122,24.87,25.16,24.87,25.07,13336.23,33344.266
000503.SZ,20161122,56.76,58.29,56.63,57.5,87207.49,501749.987
300436.SZ,20161122,64.23,64.69,63.82,64.5,10585.81,67912.917
600531.SH,20161122,9.76,10.07,9.7,9.94,460563.09,455691.317
000738.SZ,20161122,26.65,26.71,26.47,26.62,56827.45,150874.538
601628.SH,20161122,24.69,26.47,24.52,26.09,656510.35,1675803.002
002036.SZ,20161122,22.95,23.1,22.66,22.92,52990.07,121095.802
300238.SZ,20161122,43.17,43.79,42.83,43.6,22536.24,97424.727
000421.SZ,20161122,10.01,10.08,9.98,10.06,39341.05,39436.547
002002.SZ,20161122,7.38,7.45,7.36,7.44,149216.95,110481.468
300455.SZ,20161122,24.2,24.2,23.58,24.05,74657.62,178072.037
600565.SH,20161122,7.19,7.22,7.11,7.19,254048.61,181762.988
300095.SZ,20161122,15.09,15.52,14.71,14.8,115671.72,172837.187
002242.SZ,20161122,20.21,20.36,20.08,20.18,40188.77,81159.895
002017.SZ,20161122,15.65,15.79,15.53,15.78,60496.03,94756.985
000949.SZ,20161122,5.55,5.9,5.5,5.81,637926.45,366995.171
002336.SZ,20161122,12.41,12.85,12.37,12.51,39883.0,50388.087
300227.SZ,20161122,27.04,27.83,27.04,27.83,72331.53,198592.912
603117.SH,20161122,17.3,18.96,17.25,18.96,221566.03,407167.793
600526.SH,20161122,13.5,13.54,13.4,13.53,120089.08,161645.957
002306.SZ,20161122,8.94,9.05,8.85,8.93,200690.46,179807.825
002088.SZ,20161122,19.79,20.37,19.79,20.24,45469.79,91641.567
300560.SZ,20161122,61.74,61.74,61.74,61.74,288.0,1778.112
300310.SZ,20161122,29.54,29.68,29.02,29.32,104110.47,304526.262
600416.SH,20161122,13.65,13.77,13.58,13.68,82890.23,113149.397
601588.SH,20161122,4.3,4.32,4.28,4.32,122627.09,52787.022
300294.SZ,20161122,61.7,62.49,61.58,62.32,14926.52,92747.575
002180.SZ,20161122,32.12,32.44,31.51,31.6,23664.3,75478.021
300011.SZ,20161122,22.7,23.2,22.69,22.91,136639.21,313738.865
002708.SZ,20161122,14.66,15.0,14.58,14.93,104205.34,154261.196
603366.SH,20161122,10.46,10.49,10.25,10.39,54190.22,56136.173
603727.SH,20161122,29.97,29.97,29.97,29.97,236.45,708.641
002003.SZ,20161122,15.28,15.44,15.21,15.44,33374.99,51172.542
600168.SH,20161122,11.06,11.19,11.02,11.17,77859.8,86668.515
600156.SH,20161122,11.77,11.8,11.6,11.73,61124.94,71550.297
002042.SZ,20161122,11.74,11.83,11.7,11.83,99535.04,116974.027
300161.SZ,20161122,27.38,28.2,27.09,27.99,51043.94,141274.339
600307.SH,20161122,2.86,2.98,2.85,2.94,1482264.31,433459.717
300054.SZ,20161122,24.12,24.28,24.03,24.2,20993.24,50770.256
000970.SZ,20161122,16.4,16.52,16.33,16.48,199843.08,328214.467
600400.SH,20161122,8.54,8.59,8.53,8.58,54580.44,46722.21
002592.SZ,20161122,33.85,34.76,33.72,34.5,23876.49,82000.445
002579.SZ,20161122,14.07,14.21,14.05,14.21,52350.46,74032.061
600149.SH,20161122,30.31,31.33,30.31,30.95,256315.9,789492.715
300555.SZ,20161122,85.45,91.75,85.28,89.2,51424.42,455769.619
600841.SH,20161122,14.83,14.97,14.69,14.91,41074.2,60945.998
300363.SZ,20161122,23.29,23.39,23.08,23.32,28958.4,67369.217
600618.SH,20161122,14.24,14.37,14.1,14.21,77055.84,109356.661
002402.SZ,20161122,11.18,11.27,11.11,11.19,136393.92,152082.627
600113.SH,20161122,20.5,21.16,20.28,20.93,134948.0,279834.118
002191.SZ,20161122,10.78,10.85,10.77,10.85,87402.59,94439.174
300068.SZ,20161122,20.43,20.64,20.38,20.63,52626.02,107918.011
002742.SZ,20161122,24.95,25.43,24.89,25.16,55584.43,140242.725
000901.SZ,20161122,34.7,34.89,34.62,34.85,28495.21,99025.658
601808.SH,20161122,12.9,13.26,12.78,13.17,216482.98,282737.963
600265.SH,20161122,30.35,31.01,30.17,30.99,8823.56,27030.838
002089.SZ,20161122,15.65,15.88,15.6,15.88,85712.84,135034.025
600391.SH,20161122,38.31,38.5,38.0,38.37,28182.98,107713.367
300122.SZ,20161122,18.58,18.59,18.37,18.55,26411.02,48772.844
600248.SH,20161122,7.79,7.79,7.57,7.62,215769.07,164716.143
600738.SH,20161122,9.91,10.01,9.85,9.98,65537.54,65255.293
600135.SH,20161122,15.6,15.74,15.55,15.7,70954.63,110967.144
600260.SH,20161122,15.01,15.25,15.01,15.09,55466.33,83723.228
300520.SZ,20161122,117.2,124.19,117.2,122.98,37264.7,450426.462
000878.SZ,20161122,13.84,14.35,13.73,14.03,959491.39,1345745.642
603885.SH,20161122,25.65,25.71,25.4,25.6,49438.88,126178.334
002029.SZ,20161122,11.04,11.2,11.02,11.17,179702.72,199538.848
300411.SZ,20161122,42.43,43.88,41.8,43.8,86023.01,370848.313
002457.SZ,20161122,12.16,12.45,12.13,12.4,95135.43,117275.968
002260.SZ,20161122,24.77,24.84,24.65,24.76,28908.83,71476.521
002460.SZ,20161122,29.66,30.26,29.61,30.25,151119.56,453667.035
600111.SH,20161122,13.23,13.43,13.21,13.36,302904.71,403846.696
300503.SZ,20161122,96.1,101.26,95.0,97.36,58068.86,566251.024
002582.SZ,20161122,42.98,44.45,42.98,43.19,64886.84,283415.931
002298.SZ,20161122,15.08,15.14,15.01,15.12,45108.66,67980.155
002210.SZ,20161122,16.83,16.89,16.67,16.82,18437.4,30896.288
300389.SZ,20161122,24.86,25.1,24.66,25.1,18872.43,47047.18
600881.SH,20161122,5.47,5.8,5.44,5.62,710619.52,401105.495
002617.SZ,20161122,15.4,15.41,15.3,15.37,20004.51,30677.923
600425.SH,20161122,4.72,4.76,4.66,4.75,184278.08,86937.026
002589.SZ,20161122,34.55,34.75,34.2,34.28,16128.94,55374.825
002511.SZ,20161122,19.75,19.85,19.5,19.66,35275.74,69172.269
002450.SZ,20161122,18.36,18.62,18.14,18.35,460240.81,845277.99
600197.SH,20161122,15.02,15.07,14.9,15.06,81139.59,121594.461
600353.SH,20161122,10.13,10.35,10.05,10.33,155314.87,158828.053
600803.SH,20161122,12.26,12.36,12.2,12.26,32741.77,40149.133
601177.SH,20161122,11.63,11.71,11.48,11.67,90177.72,104623.908
601116.SH,20161122,15.38,15.38,15.38,15.38,3765.0,5790.57
000791.SZ,20161122,14.25,14.8,13.88,14.69,171249.79,246783.826
002461.SZ,20161122,13.31,13.42,13.23,13.38,45659.76,60862.501
002187.SZ,20161122,14.18,14.52,14.18,14.4,52291.61,75144.617
002101.SZ,20161122,25.12,26.16,25.12,25.42,91660.96,234723.878
603328.SH,20161122,36.5,36.58,35.95,36.55,47726.75,173135.739
000835.SZ,20161122,14.9,15.1,14.8,15.0,63796.67,95612.256
002341.SZ,20161122,19.68,19.72,19.3,19.44,56021.13,108903.742
000090.SZ,20161122,10.16,10.2,10.08,10.19,58749.42,59644.507
300244.SZ,20161122,33.16,33.36,32.64,33.36,39025.13,128589.391
300128.SZ,20161122,16.18,16.85,16.18,16.85,151964.71,251802.248
601226.SH,20161122,9.18,9.35,9.13,9.29,125011.57,115775.302
002131.SZ,20161122,17.7,18.09,17.68,17.94,391977.5,702175.334
600715.SH,20161122,23.02,23.12,22.81,22.94,49078.0,112601.77
600060.SH,20161122,17.44,17.89,17.42,17.69,239386.27,424231.948
603996.SH,20161122,26.52,27.58,26.36,27.47,161738.0,435275.415
002146.SZ,20161122,8.55,8.59,8.45,8.5,113024.6,96166.098
002590.SZ,20161122,23.6,23.84,23.38,23.79,47269.66,111611.392
600682.SH,20161122,32.0,33.39,31.8,33.12,111615.89,367140.98
600573.SH,20161122,15.8,16.16,15.63,15.89,65112.74,103516.425
000948.SZ,20161122,19.78,20.03,19.7,20.01,43780.98,86903.189
002401.SZ,20161122,17.59,18.04,17.5,17.97,91541.25,163158.122
000524.SZ,20161122,17.53,17.8,17.48,17.71,43776.92,76964.236
000678.SZ,20161122,13.02,13.39,13.0,13.35,134813.18,178772.103
002449.SZ,20161122,15.38,15.53,15.32,15.47,117029.02,180689.773
000732.SZ,20161122,20.0,20.6,19.91,20.31,116729.65,237482.082
600579.SH,20161122,14.93,14.97,14.79,14.93,23652.46,35222.495
002695.SZ,20161122,29.42,29.85,28.6,29.45,272813.69,798334.745
300506.SZ,20161122,53.0,55.59,52.55,54.6,139966.39,761394.026
000976.SZ,20161122,11.01,11.38,10.8,11.2,405604.79,450117.457
601229.SH,20161122,28.25,28.77,28.13,28.43,915678.86,2596461.484
000686.SZ,20161122,14.05,14.27,13.99,14.19,517676.5,732417.582
600117.SH,20161122,6.0,6.16,5.98,6.14,134781.57,82247.325
600339.SH,20161122,7.01,7.05,6.98,7.0,74425.4,52162.872
002362.SZ,20161122,26.8,26.95,26.47,26.8,94409.15,252009.522
600256.SH,20161122,4.48,4.57,4.47,4.54,574590.91,259900.1
002447.SZ,20161122,10.06,10.11,9.99,10.05,157827.15,158470.794
001896.SZ,20161122,9.81,9.99,9.78,9.99,151566.23,150140.024
603355.SH,20161122,47.5,47.98,46.76,46.9,31427.03,148455.539
000008.SZ,20161122,10.05,10.38,10.01,10.23,251308.15,255951.241
000568.SZ,20161122,33.35,33.66,33.16,33.4,83429.89,277985.382
600363.SH,20161122,18.35,18.39,18.18,18.33,63552.66,116208.87
002802.SZ,20161122,79.3,83.2,77.7,78.15,78479.92,626924.331
002143.SZ,20161122,30.45,31.5,30.45,31.0,142393.49,441609.153
300512.SZ,20161122,43.8,44.5,43.45,44.04,58679.85,258123.847
300388.SZ,20161122,25.79,26.35,25.5,26.35,60755.44,157977.485
603798.SH,20161122,76.0,76.88,73.98,74.84,42531.57,320492.437
000683.SZ,20161122,3.09,3.1,3.08,3.1,452283.4,139712.74
600057.SH,20161122,11.61,11.71,11.48,11.52,70930.68,82028.122
600354.SH,20161122,8.78,9.01,8.75,8.91,205995.89,183326.455
600184.SH,20161122,22.31,22.34,22.14,22.3,12807.69,28497.13
000005.SZ,20161122,7.55,7.62,7.52,7.59,190996.88,144731.803
000089.SZ,20161122,8.74,8.79,8.73,8.78,47317.1,41458.625
000828.SZ,20161122,11.36,11.52,11.35,11.5,56485.96,64772.108
002605.SZ,20161122,19.12,19.67,18.93,19.44,81764.61,158231.224
300355.SZ,20161122,11.32,11.55,11.22,11.48,409024.95,464866.382
300529.SZ,20161122,61.68,62.6,61.5,62.4,42157.92,261888.335
002051.SZ,20161122,26.45,26.45,25.77,26.12,127890.65,333788.801
002762.SZ,20161122,36.48,37.38,36.08,36.86,58042.76,212750.359
603322.SH,20161122,77.48,78.96,76.6,77.19,30425.74,236557.837
300191.SZ,20161122,41.2,41.42,40.61,41.08,76100.73,311728.163
600193.SH,20161122,11.74,11.94,11.66,11.9,131518.6,156001.612
600033.SH,20161122,3.6,3.61,3.57,3.61,178997.23,64255.025
000950.SZ,20161122,9.36,9.38,9.29,9.35,36665.18,34230.863
002795.SZ,20161122,84.77,84.77,84.77,84.77,17147.45,145358.933
000573.SZ,20161122,9.78,10.15,9.78,9.99,490769.86,490529.632
002355.SZ,20161122,16.7,16.78,16.58,16.69,68422.08,113967.111
300132.SZ,20161122,11.42,11.79,11.4,11.63,104116.12,121378.409
300021.SZ,20161122,18.81,18.93,18.69,18.89,30487.02,57352.133
600791.SH,20161122,8.77,8.81,8.61,8.76,99179.48,86503.844
600798.SH,20161122,5.96,6.01,5.92,6.01,174325.58,104042.999
000590.SZ,20161122,21.99,22.2,21.89,22.0,16039.54,35272.353
603315.SH,20161122,24.18,24.56,24.07,24.37,25277.06,61596.585
601608.SH,20161122,5.55,5.65,5.52,5.62,359221.95,201019.88
600028.SH,20161122,5.07,5.11,5.03,5.09,1813573.33,920641.589
300545.SZ,20161122,99.9,109.02,99.9,109.02,41591.14,441507.841
600062.SH,20161122,22.99,23.28,22.99,23.13,18544.17,42915.513
600868.SH,20161122,7.06,7.46,6.96,7.26,2564863.58,1850564.761
600118.SH,20161122,32.1,32.3,31.93,32.21,67841.38,217909.128
300272.SZ,20161122,16.29,16.37,16.17,16.37,27590.33,44864.911
600596.SH,20161122,9.85,10.32,9.78,10.03,368342.8,368708.908
300488.SZ,20161122,97.5,107.2,97.5,101.16,40762.59,413553.491
300050.SZ,20161122,15.25,15.26,15.05,15.25,87992.83,133213.352
600984.SH,20161122,9.13,9.15,9.05,9.13,76959.1,69988.185
600163.SH,20161122,5.76,5.81,5.74,5.81,95841.92,55324.188
000922.SZ,20161122,11.68,11.88,11.51,11.83,132301.34,155282.333
002072.SZ,20161122,26.28,26.66,26.19,26.38,65954.52,174032.891
002585.SZ,20161122,10.96,11.18,10.96,11.18,131609.23,146182.248
000739.SZ,20161122,8.05,8.25,8.05,8.23,107837.23,88158.559
603567.SH,20161122,22.82,23.49,22.75,23.13,83148.43,193090.551
600830.SH,20161122,12.18,12.34,12.05,12.27,179667.62,219076.183
601968.SH,20161122,10.53,11.64,10.5,10.99,626465.62,703048.471
300502.SZ,20161122,149.76,159.21,148.0,153.0,54767.54,840715.474
300365.SZ,20161122,46.0,46.5,45.51,46.5,11056.18,51037.032
002241.SZ,20161122,28.98,29.22,28.78,29.18,65681.92,190442.727
600516.SH,20161122,10.77,10.92,10.73,10.9,402855.14,436516.068
600455.SH,20161122,62.01,62.74,62.01,62.37,4854.79,30206.567
000777.SZ,20161122,23.52,24.0,23.52,23.92,127412.02,303892.687
002144.SZ,20161122,26.5,26.63,25.96,26.31,73542.61,192830.521
300532.SZ,20161122,98.9,103.16,98.11,100.48,57288.8,582197.199
603528.SH,20161122,87.88,88.85,85.97,87.11,38855.35,338484.434
000520.SZ,20161122,7.44,7.51,7.42,7.48,237468.39,177382.194
000782.SZ,20161122,10.74,10.75,10.51,10.62,213607.25,226415.77
300354.SZ,20161122,28.19,28.6,27.94,28.59,21610.83,60984.563
002157.SZ,20161122,7.58,7.59,7.52,7.58,191211.81,144266.988
600325.SH,20161122,13.16,13.27,13.03,13.12,115405.97,151310.684
002368.SZ,20161122,35.32,35.8,35.15,35.71,31072.94,110289.854
600084.SH,20161122,10.46,10.59,10.42,10.54,188612.95,198124.182
000150.SZ,20161122,33.27,33.57,33.15,33.37,37056.95,123507.311
300530.SZ,20161122,94.82,94.82,94.82,94.82,12277.66,116416.772
002711.SZ,20161122,14.82,14.85,14.65,14.81,74849.26,110414.764
300536.SZ,20161122,63.5,66.18,63.31,64.75,48444.45,313084.072
600780.SH,20161122,5.9,5.92,5.83,5.9,62159.6,36510.047
603898.SH,20161122,33.77,34.36,33.73,34.32,19368.69,66112.885
600900.SH,20161122,13.09,13.14,13.04,13.08,249521.0,326489.895
600720.SH,20161122,7.72,7.78,7.7,7.78,120142.13,93050.677
603519.SH,20161122,32.99,34.46,32.99,33.95,38127.01,128283.512
600735.SH,20161122,17.41,17.54,17.16,17.51,73180.83,127014.455
600756.SH,20161122,27.39,27.57,27.15,27.53,87032.02,237589.781
002138.SZ,20161122,18.3,18.62,18.29,18.37,63407.29,116929.604
600192.SH,20161122,10.12,10.24,10.0,10.17,163519.4,165289.748
600692.SH,20161122,16.69,17.22,16.62,16.98,142398.21,240976.774
600165.SH,20161122,12.68,12.81,12.6,12.74,47868.18,60787.984
600702.SH,20161122,23.0,23.14,22.8,23.03,76798.74,176138.645
000958.SZ,20161122,15.76,15.96,15.7,15.87,59443.37,94164.153
002776.SZ,20161122,37.44,37.59,36.79,37.11,37756.84,140287.745
001696.SZ,20161122,10.17,10.5,10.13,10.46,271523.15,281115.233
300214.SZ,20161122,8.93,9.18,8.93,9.12,87581.75,79335.14
002577.SZ,20161122,37.01,37.42,36.81,37.4,60957.16,226231.322
600676.SH,20161122,9.6,9.77,9.6,9.77,91963.44,89245.324
002348.SZ,20161122,8.09,8.19,8.03,8.14,93861.91,76092.933
002332.SZ,20161122,13.51,13.64,13.48,13.54,27481.52,37222.455
300494.SZ,20161122,42.43,45.15,42.04,44.23,96272.92,416766.332
300413.SZ,20161122,26.81,27.25,26.8,27.06,90622.7,244627.401
600258.SH,20161122,24.91,25.31,24.8,24.96,17817.47,44553.453
300277.SZ,20161122,14.42,14.68,14.28,14.66,74095.33,107318.724
601233.SH,20161122,13.6,14.02,13.45,13.93,192333.52,265829.197
002623.SZ,20161122,58.0,58.0,52.99,53.55,243295.14,1355373.815
603167.SH,20161122,11.33,11.42,11.29,11.4,86854.26,98509.156
601188.SH,20161122,5.6,5.66,5.58,5.62,90494.11,50794.902
300407.SZ,20161122,21.9,22.1,21.35,21.55,64894.22,140604.923
300001.SZ,20161122,20.11,20.27,20.03,20.26,42952.17,86476.122
300464.SZ,20161122,20.92,21.16,20.76,21.15,51363.53,107826.317
300034.SZ,20161122,20.82,21.12,20.78,21.12,31968.48,67159.807
002729.SZ,20161122,89.7,92.99,88.4,90.3,13744.5,124651.874
600262.SH,20161122,30.5,30.66,29.97,30.36,8150.61,24706.815
000564.SZ,20161122,9.45,9.47,9.39,9.46,74520.76,70304.647
002246.SZ,20161122,13.06,13.16,12.89,13.05,55149.53,71757.892
600110.SH,20161122,11.47,11.54,11.22,11.37,324705.09,367880.505
603888.SH,20161122,119.0,122.18,118.03,119.79,96027.08,1153543.351
002184.SZ,20161122,23.99,24.31,23.86,24.24,24973.04,60285.184
300181.SZ,20161122,11.33,11.51,11.23,11.36,184253.49,209340.41
002544.SZ,20161122,30.95,31.04,30.76,30.99,19066.83,58968.681
603001.SH,20161122,23.28,23.28,22.85,23.01,52639.97,121205.536
002531.SZ,20161122,7.48,7.66,7.39,7.61,182169.2,137432.579
002229.SZ,20161122,23.88,26.36,23.88,26.36,236209.01,603093.51
300469.SZ,20161122,99.0,102.5,98.72,100.0,20343.45,204021.169
000729.SZ,20161122,7.61,7.65,7.59,7.65,100311.08,76413.483
600127.SH,20161122,7.03,7.06,6.97,7.03,87507.29,61352.676
300295.SZ,20161122,31.51,31.96,31.37,31.95,49085.3,155338.465
600781.SH,20161122,19.58,20.05,19.45,19.96,64436.6,127694.173
300381.SZ,20161122,29.28,30.0,29.25,29.74,46514.58,137408.749
600919.SH,20161122,10.46,10.6,10.44,10.59,748731.85,787959.192
002770.SZ,20161122,12.5,12.68,12.42,12.63,70919.18,89089.657
002235.SZ,20161122,18.58,19.53,18.47,19.03,88599.0,168815.064
600664.SH,20161122,9.41,9.49,9.36,9.41,52156.03,48997.065
000096.SZ,20161122,14.8,14.95,14.66,14.81,54347.6,80568.693
601567.SH,20161122,12.94,13.06,12.92,13.05,29929.33,38859.996
002467.SZ,20161122,12.64,12.79,12.59,12.78,97391.37,123578.486
002114.SZ,20161122,26.85,27.58,26.69,27.25,104350.42,283047.376
002434.SZ,20161122,16.0,16.35,15.79,16.01,50429.24,80830.686
002334.SZ,20161122,8.66,8.9,8.65,8.87,143612.27,126540.182
601015.SH,20161122,10.14,10.55,10.1,10.42,407861.42,420014.498
002097.SZ,20161122,10.29,10.35,10.15,10.31,244086.98,249551.985
600708.SH,20161122,9.71,9.73,9.59,9.65,142612.65,137546.049
002636.SZ,20161122,18.92,19.02,18.8,18.9,72208.51,136266.238
600373.SH,20161122,23.0,23.07,22.85,22.98,62528.18,143362.295
002285.SZ,20161122,8.08,8.1,8.02,8.1,128726.44,103837.012
002487.SZ,20161122,9.2,9.38,9.18,9.34,74456.05,69187.538
002043.SZ,20161122,13.45,13.75,13.4,13.59,160150.24,216403.46
600083.SH,20161122,24.46,24.83,24.0,24.3,19609.56,47733.669
600678.SH,20161122,16.4,16.41,15.8,16.14,277100.7,445143.829
603918.SH,20161122,34.4,36.2,34.4,36.18,102413.67,363968.98
603026.SH,20161122,44.46,47.22,44.3,47.15,153498.3,704325.5
600654.SH,20161122,20.08,20.15,19.9,20.14,151047.63,301725.091
002037.SZ,20161122,20.09,20.68,19.92,20.44,62562.22,127421.903
002425.SZ,20161122,23.17,23.39,22.9,23.07,40929.37,94255.311
000031.SZ,20161122,9.32,9.39,9.29,9.34,146817.56,137007.987
600475.SH,20161122,19.42,19.54,19.32,19.47,25706.66,49996.429
300204.SZ,20161122,19.72,20.08,19.65,20.08,30536.35,60505.979
300218.SZ,20161122,19.27,20.56,19.27,20.56,311505.26,621131.277
601009.SH,20161122,10.69,10.98,10.66,10.96,793706.4,863094.179
600305.SH,20161122,12.03,12.09,11.98,12.05,39049.81,46959.978
300362.SZ,20161122,23.48,23.69,23.03,23.65,80911.96,189170.808
000898.SZ,20161122,4.82,4.97,4.82,4.94,234330.28,115406.622
600836.SH,20161122,9.51,10.13,9.46,9.81,439601.64,433362.107
002615.SZ,20161122,19.08,19.13,18.9,18.98,22243.57,42224.211
600213.SH,20161122,16.28,16.59,16.2,16.45,30270.56,49646.729
000703.SZ,20161122,13.36,13.51,13.06,13.35,90606.92,120626.994
600594.SH,20161122,16.71,16.85,16.71,16.8,44784.56,75185.626
002634.SZ,20161122,11.63,11.94,11.52,11.74,195078.31,229036.244
300159.SZ,20161122,15.9,16.0,15.38,15.65,95328.69,149122.193
002013.SZ,20161122,17.61,17.75,17.54,17.67,122341.44,216028.055
000890.SZ,20161122,12.24,12.39,12.15,12.28,94086.84,115422.151
000811.SZ,20161122,15.29,15.61,15.22,15.57,82549.33,127743.423
002237.SZ,20161122,12.68,12.7,12.53,12.64,169339.35,213775.386
002789.SZ,20161122,93.24,96.18,92.32,93.88,50242.49,473248.093
002200.SZ,20161122,24.02,25.17,23.91,24.94,88772.67,219311.77
300066.SZ,20161122,7.55,7.63,7.46,7.63,214971.77,161799.252
002109.SZ,20161122,8.03,8.1,7.98,8.06,44433.91,35758.758
600726.SH,20161122,5.31,5.32,5.24,5.29,195810.75,103432.551
002666.SZ,20161122,8.83,8.98,8.79,8.93,114465.52,101707.193
603988.SH,20161122,74.5,83.38,74.45,83.24,65096.23,517492.906
601158.SH,20161122,7.85,7.99,7.85,7.94,72488.46,57541.482
300116.SZ,20161122,19.71,19.91,19.71,19.88,52990.53,104912.907
002403.SZ,20161122,16.35,16.4,16.23,16.39,41503.79,67756.056
300152.SZ,20161122,8.56,8.75,8.51,8.74,186524.23,160964.274
002618.SZ,20161122,29.69,29.8,29.21,29.7,24169.58,71365.844
300546.SZ,20161122,144.31,158.2,144.31,152.36,40172.56,614242.047
000960.SZ,20161122,15.76,16.19,15.68,15.96,600194.45,956347.779
300548.SZ,20161122,106.1,114.6,106.1,109.0,76724.61,853802.221
600886.SH,20161122,6.83,6.85,6.77,6.82,585103.25,398693.229
600059.SH,20161122,10.23,10.26,10.18,10.25,69298.73,70766.957
600975.SH,20161122,9.36,9.38,9.28,9.37,123836.69,115465.821
601113.SH,20161122,10.75,11.0,10.66,10.84,67061.82,72935.231
600128.SH,20161122,16.3,16.55,16.23,16.5,54845.08,90148.54
000592.SZ,20161122,7.59,7.72,7.59,7.71,205935.97,157860.162
300490.SZ,20161122,28.21,28.29,27.71,27.99,46253.18,129222.913
002339.SZ,20161122,19.19,19.27,18.98,19.17,80306.99,153148.27
300269.SZ,20161122,24.25,24.84,24.15,24.69,67987.05,167325.066
002327.SZ,20161122,9.22,9.32,9.2,9.3,60438.54,56013.003
300018.SZ,20161122,14.04,14.04,13.7,13.96,115875.64,160013.908
000968.SZ,20161122,11.08,11.32,11.03,11.27,56036.57,62859.462
300090.SZ,20161122,12.1,12.3,12.05,12.18,184946.18,225236.159
002624.SZ,20161122,34.9,34.97,34.22,34.49,17646.04,60765.524
601336.SH,20161122,46.45,48.56,46.45,47.74,192460.01,914660.954
600186.SH,20161122,5.65,5.7,5.62,5.67,178244.46,100770.314
300112.SZ,20161122,15.91,15.99,15.75,15.95,28178.91,44786.073
000701.SZ,20161122,16.85,18.39,16.7,17.8,426124.1,750729.163
600857.SH,20161122,18.93,18.99,18.58,18.94,39656.99,74473.104
002771.SZ,20161122,93.02,93.98,91.9,92.57,16956.4,157144.285
601007.SH,20161122,14.12,14.24,14.04,14.24,72471.82,102602.912
600009.SH,20161122,26.66,26.89,26.6,26.7,41030.4,109625.342
600837.SH,20161122,16.95,17.04,16.86,16.92,232485.74,393667.694
600481.SH,20161122,6.77,6.84,6.74,6.82,99665.06,67735.557
600962.SH,20161122,17.21,17.36,17.1,17.27,37788.23,65087.773
600031.SH,20161122,6.69,6.77,6.62,6.74,404688.2,271357.072
600198.SH,20161122,18.45,18.48,18.16,18.44,141632.63,258979.192
002559.SZ,20161122,14.76,14.83,14.68,14.8,74859.29,110408.241
600976.SH,20161122,34.7,34.87,33.96,34.39,29497.07,101039.44
600668.SH,20161122,17.16,17.28,17.06,17.17,66032.53,113174.081
300009.SZ,20161122,24.65,24.91,24.54,24.9,41650.78,102834.951
300133.SZ,20161122,13.66,13.8,13.57,13.77,125014.13,171135.457
603311.SH,20161122,27.54,28.05,27.31,27.49,50333.71,138816.613
002393.SZ,20161122,52.14,53.1,51.48,52.57,137540.96,718222.988
000915.SZ,20161122,50.04,50.85,49.65,49.72,41269.01,206865.627
600536.SH,20161122,29.7,30.09,29.5,29.84,66357.45,197364.139
002431.SZ,20161122,10.33,10.43,10.28,10.4,209787.92,217117.947
300249.SZ,20161122,15.63,15.87,15.63,15.69,17046.46,26833.88
002786.SZ,20161122,31.38,32.2,30.85,30.92,201983.81,633541.428
600401.SH,20161122,2.43,2.46,2.43,2.45,1048905.29,256250.52
300237.SZ,20161122,15.65,15.96,15.32,15.77,165872.93,259592.567
600312.SH,20161122,16.66,16.73,16.59,16.68,100745.07,167646.754
603698.SH,20161122,30.28,30.75,30.27,30.5,26212.75,79947.833
300290.SZ,20161122,15.87,16.08,15.85,16.08,65330.28,104254.527
000501.SZ,20161122,19.4,19.85,19.33,19.8,98717.7,193298.375
300147.SZ,20161122,14.66,14.82,14.62,14.81,121860.9,179262.95
300079.SZ,20161122,8.14,8.24,8.14,8.24,208067.5,170331.281
002612.SZ,20161122,21.77,22.1,21.66,22.05,66083.38,144835.252
000668.SZ,20161122,25.75,26.7,25.52,26.65,40192.55,106199.932
601601.SH,20161122,30.61,31.38,30.54,30.89,157454.17,487728.724
300390.SZ,20161122,14.93,14.97,14.65,14.88,72182.46,107065.968
002170.SZ,20161122,9.94,9.97,9.9,9.97,80570.5,80088.018
000019.SZ,20161122,18.41,18.8,18.4,18.59,180652.0,335519.601
600470.SH,20161122,8.56,8.73,8.55,8.68,206086.83,177813.627
300058.SZ,20161122,10.46,10.49,10.38,10.48,114738.02,119766.453
002323.SZ,20161122,15.38,15.95,15.25,15.82,202549.4,317960.915
002468.SZ,20161122,32.49,33.29,32.35,32.93,95189.28,311937.343
300014.SZ,20161122,33.53,34.15,33.32,34.15,109926.19,370692.945
600219.SH,20161122,3.53,3.62,3.5,3.56,2168355.31,770712.345
002475.SZ,20161122,20.75,20.95,20.37,20.6,149863.23,308256.058
600785.SH,20161122,31.04,32.17,30.3,31.26,174511.46,545014.228
601163.SH,20161122,42.39,43.18,42.11,42.43,155997.78,663808.009
002308.SZ,20161122,16.23,16.29,16.01,16.29,79698.59,128544.659
600377.SH,20161122,8.93,8.95,8.91,8.94,24300.65,21689.741
300082.SZ,20161122,8.46,8.67,8.43,8.64,129524.48,110810.068
600563.SH,20161122,42.1,42.98,42.03,42.33,59396.34,252231.39
601368.SH,20161122,13.21,13.83,13.18,13.46,180774.39,243721.759
002524.SZ,20161122,11.32,11.36,11.0,11.36,119020.56,133156.52
000037.SZ,20161122,11.28,11.82,11.28,11.79,244807.06,279630.546
601919.SH,20161122,5.76,5.87,5.74,5.85,547063.64,317420.943
002115.SZ,20161122,11.7,11.93,11.7,11.87,79925.66,94621.494
002005.SZ,20161122,6.26,6.33,6.24,6.33,229189.25,144048.434
600350.SH,20161122,6.7,6.77,6.65,6.73,115973.44,77864.944
600096.SH,20161122,9.24,9.4,9.24,9.36,107075.26,99805.756
000806.SZ,20161122,18.2,18.3,18.02,18.18,394123.48,716213.302
600610.SH,20161122,12.11,12.32,12.05,12.24,131959.89,161256.962
600643.SH,20161122,12.58,12.82,12.57,12.79,221788.89,281615.475
002400.SZ,20161122,13.41,13.66,13.35,13.66,143369.38,194359.628
600409.SH,20161122,8.25,8.37,8.2,8.28,196029.93,162131.783
000977.SZ,20161122,23.49,23.67,23.39,23.65,102378.13,240807.997
002067.SZ,20161122,7.44,7.5,7.41,7.47,184308.79,137169.531
600091.SH,20161122,11.4,11.45,11.36,11.42,25054.73,28538.597
000957.SZ,20161122,17.39,17.6,17.38,17.52,66242.51,115668.79
002816.SZ,20161122,58.0,64.25,57.55,61.78,119444.88,726522.62
601677.SH,20161122,17.08,17.32,17.0,17.21,27133.55,46641.476
002507.SZ,20161122,14.01,14.25,14.0,14.13,59270.41,83731.6
002619.SZ,20161122,21.39,23.09,21.39,22.75,289692.3,651981.073
300343.SZ,20161122,23.06,24.36,22.7,24.28,127991.42,305038.46
600528.SH,20161122,14.99,15.32,14.83,15.22,804576.82,1214084.805
000032.SZ,20161122,15.7,15.85,15.6,15.72,41869.63,65718.088
002780.SZ,20161122,93.35,95.67,93.35,94.29,30365.98,287125.861
603968.SH,20161122,27.56,27.98,27.25,27.4,62362.7,172363.211
603258.SH,20161122,81.2,84.5,80.88,82.08,129244.25,1066916.532
603701.SH,20161122,76.53,79.72,75.51,76.89,42148.84,326889.798
002392.SZ,20161122,6.04,6.07,5.99,6.05,137495.83,82888.207
601008.SH,20161122,5.65,5.7,5.63,5.68,270784.43,153558.217
002799.SZ,20161122,65.03,66.14,63.02,63.53,38699.56,248026.963
603318.SH,20161122,17.23,17.57,17.0,17.19,92204.17,158635.444
600776.SH,20161122,9.4,9.48,9.33,9.46,68437.94,64334.337
600122.SH,20161122,11.69,11.76,11.66,11.75,131306.22,153722.393
300350.SZ,20161122,30.6,31.15,30.15,30.53,100266.42,307074.407
002743.SZ,20161122,17.53,17.7,17.45,17.65,49321.88,86663.365
600766.SH,20161122,18.15,18.3,17.96,18.15,61636.81,111691.026
600688.SH,20161122,6.07,6.27,6.02,6.22,1154095.01,712472.421
300316.SZ,20161122,12.58,12.62,12.38,12.55,81296.81,101503.013
002319.SZ,20161122,24.54,25.1,24.17,24.9,151622.42,373044.003
300313.SZ,20161122,18.6,19.0,18.25,19.0,94340.5,176169.614
600320.SH,20161122,5.12,5.18,5.1,5.18,164838.5,84872.927
002646.SZ,20161122,20.0,20.12,19.95,20.12,33920.48,67974.947
002715.SZ,20161122,39.88,39.88,39.1,39.24,23323.73,91886.257
002738.SZ,20161122,29.7,30.52,29.4,30.45,36452.72,109242.892
300121.SZ,20161122,18.69,18.69,18.33,18.53,24033.72,44446.248
300457.SZ,20161122,70.6,71.78,70.35,70.96,22692.87,161036.254
002642.SZ,20161122,23.4,25.85,23.22,25.29,289759.32,724652.09
000597.SZ,20161122,11.9,12.12,11.7,11.91,407916.46,485426.731
300171.SZ,20161122,17.1,17.27,17.05,17.23,53733.87,92165.499
002706.SZ,20161122,29.94,30.55,29.73,30.36,36389.69,110158.238
300418.SZ,20161122,26.24,26.55,26.08,26.5,112240.46,295145.107
300426.SZ,20161122,31.31,31.85,31.13,31.55,37631.52,118356.159
000780.SZ,20161122,6.78,6.93,6.65,6.82,423631.37,287396.767
601939.SH,20161122,5.32,5.36,5.3,5.36,953146.3,508476.215
002243.SZ,20161122,15.23,15.34,15.03,15.19,47872.42,72715.253
600683.SH,20161122,9.84,9.9,9.71,9.84,44638.8,43824.72
300291.SZ,20161122,23.05,23.33,22.98,23.32,43341.11,100228.0
002256.SZ,20161122,7.37,7.41,7.3,7.37,251701.91,184672.677
600538.SH,20161122,13.01,13.22,12.88,13.0,94806.16,123313.494
600661.SH,20161122,31.67,32.1,31.53,31.95,15122.71,48250.602
002035.SZ,20161122,27.33,27.66,26.81,27.44,24455.71,66735.61
002046.SZ,20161122,12.49,12.54,12.4,12.52,40380.49,50394.728
002039.SZ,20161122,17.02,17.19,17.02,17.15,33193.23,56830.411
002351.SZ,20161122,13.7,13.84,13.5,13.67,167664.25,228557.796
300509.SZ,20161122,79.96,81.58,78.01,78.64,46116.05,365741.635
300312.SZ,20161122,16.0,16.29,15.93,16.24,50859.66,81678.331
002484.SZ,20161122,14.41,14.63,14.36,14.5,40608.21,58852.462
002093.SZ,20161122,11.27,11.55,11.24,11.53,111966.58,127793.968
000635.SZ,20161122,21.51,22.6,21.0,22.49,158689.48,348701.736
000027.SZ,20161122,6.94,7.11,6.94,7.1,310576.67,218755.197
600477.SH,20161122,10.23,10.38,10.18,10.27,146239.28,149757.39
002465.SZ,20161122,12.4,12.45,12.24,12.43,252425.51,311417.464
600161.SH,20161122,39.23,39.34,38.81,39.01,32278.95,126032.649
603016.SH,20161122,65.0,66.13,59.11,59.11,245820.93,1478217.915
002727.SZ,20161122,22.49,22.62,22.38,22.61,42909.89,96540.981
002158.SZ,20161122,11.91,11.95,11.76,11.9,51655.44,61197.982
002470.SZ,20161122,7.57,7.73,7.57,7.72,231454.62,177980.503
600015.SH,20161122,11.1,11.55,11.09,11.45,733210.93,833105.917
002453.SZ,20161122,10.21,10.32,10.19,10.29,84228.0,86312.235
300492.SZ,20161122,68.76,71.5,67.0,68.3,54835.43,375177.984
000605.SZ,20161122,24.34,25.19,24.34,24.88,87717.54,217747.895
000910.SZ,20161122,18.8,18.85,18.6,18.8,20825.54,38999.4
600751.SH,20161122,10.3,10.37,10.23,10.31,167009.83,172073.449
601997.SH,20161122,16.33,16.41,16.2,16.35,187433.72,305914.284
000809.SZ,20161122,5.55,5.58,5.39,5.44,225683.39,123611.204
002753.SZ,20161122,33.0,33.3,32.61,32.79,25917.7,85193.424
600614.SH,20161122,11.57,11.58,11.37,11.47,138853.36,159180.406
002095.SZ,20161122,49.31,50.0,49.12,49.8,33302.88,164891.479
000151.SZ,20161122,19.21,19.64,19.16,19.42,78342.74,152263.154
000807.SZ,20161122,8.25,8.6,8.11,8.42,1067947.11,892429.159
600053.SH,20161122,44.8,45.25,44.63,44.99,19274.33,86570.826
600617.SH,20161122,12.1,12.17,12.06,12.11,39400.67,47706.809
300347.SZ,20161122,30.2,30.35,30.1,30.3,17675.34,53402.678
002801.SZ,20161122,186.11,198.0,186.11,193.55,40621.08,779933.533
002300.SZ,20161122,9.01,9.14,9.0,9.13,72745.32,66032.962
300373.SZ,20161122,22.13,22.3,22.03,22.26,21837.05,48393.493
600861.SH,20161122,16.16,16.59,16.16,16.42,54740.53,90015.445
000679.SZ,20161122,14.26,15.28,14.26,15.28,268240.47,401436.431
600250.SH,20161122,17.17,17.35,16.87,17.22,35672.55,61027.992
002736.SZ,20161122,17.7,18.06,17.66,17.99,185995.82,332805.03
300234.SZ,20161122,22.85,23.7,22.78,23.13,61657.82,143372.959
000905.SZ,20161122,11.33,11.42,11.25,11.41,74416.93,84529.904
002221.SZ,20161122,13.28,13.62,13.28,13.53,128156.99,173164.686
600969.SH,20161122,19.73,19.76,19.13,19.45,69026.21,133740.538
603028.SH,20161122,38.5,38.5,35.59,36.53,286755.82,1053882.742
600559.SH,20161122,24.65,24.65,24.41,24.61,30800.78,75491.078
002220.SZ,20161122,13.23,13.23,12.93,13.07,66459.52,86544.766
600745.SH,20161122,21.2,21.4,21.2,21.39,48387.82,102939.098
600602.SH,20161122,10.75,10.83,10.71,10.81,76241.02,82185.707
000607.SZ,20161122,15.98,16.22,15.83,16.12,110088.72,176505.379
600633.SH,20161122,15.72,15.95,15.7,15.86,58969.5,93471.67
000823.SZ,20161122,12.73,12.84,12.56,12.75,137016.85,173569.486
603333.SH,20161122,10.03,10.3,9.93,10.22,127123.26,128143.502
603006.SH,20161122,28.6,29.18,28.51,28.8,26355.01,76084.652
600980.SH,20161122,26.87,27.1,26.61,26.95,30169.58,80936.66
000721.SZ,20161122,10.33,10.35,10.11,10.28,141589.77,144353.981
000586.SZ,20161122,22.23,22.9,22.09,22.65,64064.5,143919.213
002304.SZ,20161122,67.85,68.07,67.68,67.77,16818.38,114041.92
000536.SZ,20161122,14.18,14.48,14.14,14.39,70180.01,100480.408
000040.SZ,20161122,12.68,12.95,12.62,12.95,50200.39,63889.888
600112.SH,20161122,13.4,13.48,12.85,13.18,571123.5,751563.567
600109.SH,20161122,14.33,14.55,14.27,14.44,473750.58,682948.501
002609.SZ,20161122,17.75,17.91,17.69,17.9,36599.78,65062.106
600628.SH,20161122,15.1,16.05,15.1,15.86,166660.25,263026.886
600433.SH,20161122,8.57,8.65,8.57,8.65,110057.26,94737.817
000651.SZ,20161122,22.79,23.78,22.66,23.23,2269031.16,5277780.068
002132.SZ,20161122,6.08,6.21,6.08,6.13,124725.96,76879.316
002428.SZ,20161122,15.4,15.55,15.24,15.47,132704.39,204585.841
300183.SZ,20161122,25.5,25.83,25.48,25.75,40970.78,105146.223
000629.SZ,20161122,2.68,2.75,2.68,2.71,791544.31,214643.535
600159.SH,20161122,5.56,5.65,5.53,5.64,129619.14,72769.18
600739.SH,20161122,19.81,21.3,19.81,20.7,766105.54,1577172.038
300178.SZ,20161122,18.43,18.75,18.43,18.72,56879.87,105786.92
002775.SZ,20161122,26.95,27.17,26.7,27.12,78981.04,212986.679
600422.SH,20161122,13.55,13.75,13.51,13.74,119068.39,162735.43
002755.SZ,20161122,49.99,52.76,49.75,51.93,95082.45,491612.632
002149.SZ,20161122,32.52,32.9,32.41,32.62,24829.92,81056.408
600139.SH,20161122,12.86,13.55,12.48,13.09,195625.14,254304.819
000626.SZ,20161122,30.49,30.69,30.22,30.44,52051.52,158247.031
300099.SZ,20161122,9.53,9.57,9.49,9.55,57814.05,55069.754
002703.SZ,20161122,44.49,47.5,44.18,45.51,131141.07,602648.029
600311.SH,20161122,7.34,7.41,7.3,7.39,131720.84,96803.157
300392.SZ,20161122,20.76,20.96,20.62,20.94,81769.05,169864.335
002292.SZ,20161122,27.1,27.33,27.02,27.27,73714.44,200135.02
000525.SZ,20161122,16.76,17.35,16.76,17.24,53821.39,92142.333
000959.SZ,20161122,6.77,6.92,6.7,6.76,298537.53,202098.817
300485.SZ,20161122,49.72,49.77,49.25,49.74,28766.53,142596.882
600624.SH,20161122,9.11,9.19,9.08,9.18,98647.31,90134.007
002140.SZ,20161122,15.76,16.28,15.7,16.21,76219.5,121879.452
002598.SZ,20161122,13.66,14.19,13.5,13.83,122801.13,170384.657
603088.SH,20161122,58.0,63.0,57.11,61.93,33079.17,198676.961
002439.SZ,20161122,23.22,23.47,22.96,23.45,78070.22,181112.439
600926.SH,20161122,25.38,25.6,25.33,25.53,181148.35,461331.302
000062.SZ,20161122,28.9,30.88,28.6,29.61,243071.62,717790.551
000020.SZ,20161122,25.34,26.03,25.34,25.68,44832.03,115556.071
300511.SZ,20161122,64.3,64.48,63.04,63.75,57426.7,365825.754
002310.SZ,20161122,14.56,14.65,14.44,14.57,198867.23,288386.865
600000.SH,20161122,16.67,16.72,16.63,16.68,210809.68,351666.631
002682.SZ,20161122,16.18,16.2,15.71,16.04,109156.36,173317.792
000059.SZ,20161122,9.13,9.61,9.13,9.47,571014.03,537305.205
000695.SZ,20161122,17.96,18.18,17.83,18.04,25042.41,45011.647
600638.SH,20161122,15.05,16.0,14.94,15.81,247380.6,382905.996
600495.SH,20161122,8.08,8.17,7.95,8.1,400996.2,323001.292
600090.SH,20161122,13.28,13.32,13.16,13.25,43727.28,57888.478
000587.SZ,20161122,16.46,16.93,16.35,16.8,299714.54,499961.857
601890.SH,20161122,8.93,9.02,8.9,8.97,89655.74,80261.906
300433.SZ,20161122,28.05,28.78,28.02,28.27,40929.17,115914.401
601377.SH,20161122,8.6,8.85,8.59,8.81,1330337.29,1164320.808
601398.SH,20161122,4.41,4.44,4.41,4.43,2402788.89,1061212.372
300462.SZ,20161122,40.74,40.8,39.45,40.46,28477.9,113756.703
600722.SH,20161122,8.79,8.98,8.72,8.94,74812.84,66245.101
002722.SZ,20161122,69.0,72.88,68.51,70.14,91072.7,646129.519
600860.SH,20161122,10.62,11.65,10.59,11.65,146469.55,164564.121
600888.SH,20161122,8.37,8.48,8.35,8.48,135638.27,114331.328
300446.SZ,20161122,43.5,43.64,42.8,43.5,23790.75,102801.333
600299.SH,20161122,14.27,14.35,14.22,14.3,35752.59,51095.459
601689.SH,20161122,29.99,30.17,29.73,30.12,31989.99,96106.902
600327.SH,20161122,9.75,9.96,9.7,9.75,126215.34,123799.536
600284.SH,20161122,11.68,11.8,11.6,11.72,85207.51,99674.899
000998.SZ,20161122,19.99,19.99,19.7,19.89,58442.66,115748.693
603168.SH,20161122,46.0,46.2,45.46,45.74,29071.93,132834.098
300180.SZ,20161122,22.4,22.75,22.12,22.75,75882.34,170894.102
600557.SH,20161122,18.58,18.85,18.51,18.83,42884.09,80173.259
600175.SH,20161122,5.45,5.64,5.44,5.6,535622.37,298694.73
002324.SZ,20161122,32.4,32.74,32.2,32.46,21131.42,68406.71
000722.SZ,20161122,14.15,14.23,14.07,14.21,69072.32,97857.464
603005.SH,20161122,35.16,35.33,34.61,34.95,37989.36,132802.753
600376.SH,20161122,12.28,12.38,12.25,12.34,96130.26,118351.381
603368.SH,20161122,95.6,97.0,93.6,95.06,76675.94,729165.668
000801.SZ,20161122,11.25,11.33,11.23,11.29,43753.02,49349.697
600247.SH,20161122,15.87,15.97,15.7,15.77,24151.0,38206.388
300415.SZ,20161122,20.07,20.75,19.93,20.7,30557.47,62523.471
000815.SZ,20161122,23.07,23.15,22.96,23.08,15484.95,35696.686
300138.SZ,20161122,19.53,19.89,19.4,19.56,27981.26,54865.154
601155.SH,20161122,11.45,11.52,11.42,11.51,126856.49,145425.247
002435.SZ,20161122,23.66,24.39,23.4,24.29,41501.51,98785.34
601333.SH,20161122,4.49,4.52,4.48,4.5,220861.77,99376.545
002469.SZ,20161122,10.01,10.16,9.79,9.87,297622.31,294160.153
002481.SZ,20161122,7.96,8.04,7.91,7.96,144023.67,114803.791
300207.SZ,20161122,14.43,14.47,14.06,14.28,222136.48,315513.825
002445.SZ,20161122,18.99,19.15,18.82,19.03,65565.46,124357.191
002293.SZ,20161122,14.67,14.88,14.62,14.77,46123.61,68018.405
300467.SZ,20161122,53.0,53.84,52.6,53.7,21547.1,114609.069
600054.SH,20161122,16.63,16.68,16.47,16.67,49652.76,82256.669
300472.SZ,20161122,40.17,40.99,39.75,40.94,29651.35,120014.219
600863.SH,20161122,3.3,3.36,3.29,3.33,507081.31,168637.648
600718.SH,20161122,17.74,17.95,17.67,17.94,171890.26,305974.016
002325.SZ,20161122,9.61,9.65,9.52,9.63,166331.9,159378.636
600917.SH,20161122,15.75,15.76,15.51,15.71,190239.62,297541.731
002126.SZ,20161122,9.6,9.91,9.57,9.85,223710.1,219075.626
002092.SZ,20161122,13.28,13.38,13.1,13.31,519355.79,687724.79
002342.SZ,20161122,6.81,6.92,6.79,6.87,155604.31,106382.928
002788.SZ,20161122,78.8,80.84,77.28,78.95,101814.29,801310.923
300005.SZ,20161122,16.86,17.3,16.82,17.26,127016.68,216790.811
000672.SZ,20161122,7.16,7.25,7.14,7.24,130120.59,93526.639
600460.SH,20161122,6.83,6.87,6.79,6.86,146374.0,99846.739
600621.SH,20161122,13.12,13.12,13.12,13.12,3408.04,4471.348
002501.SZ,20161122,12.41,12.62,12.38,12.55,166421.19,207792.399
000930.SZ,20161122,11.7,11.77,11.64,11.72,196916.69,230523.607
603588.SH,20161122,32.86,33.24,32.77,33.14,19060.72,62766.424
300144.SZ,20161122,24.18,24.35,24.13,24.3,65566.29,158748.454
002432.SZ,20161122,18.21,18.26,18.03,18.17,61561.68,111572.677
600835.SH,20161122,20.66,21.09,20.66,21.07,66087.51,138269.067
300111.SZ,20161122,5.93,5.93,5.93,5.93,58013.56,34402.041
600622.SH,20161122,17.07,17.14,16.8,16.89,45528.0,76960.566
600081.SH,20161122,16.3,17.1,16.3,16.81,111602.7,187533.491
300263.SZ,20161122,8.33,8.42,8.24,8.35,72089.78,59917.379
300303.SZ,20161122,9.95,10.1,9.91,10.1,76680.35,76762.746
600188.SH,20161122,13.16,13.44,13.07,13.29,187201.07,247683.015
600743.SH,20161122,4.78,4.79,4.75,4.79,131905.43,62951.871
002698.SZ,20161122,17.76,17.81,17.44,17.68,49688.82,87280.076
300239.SZ,20161122,8.67,8.81,8.61,8.79,106573.76,92846.55
002133.SZ,20161122,9.16,9.18,9.03,9.06,178157.19,161841.149
002656.SZ,20161122,22.25,22.99,21.62,22.45,223895.0,501039.112
600115.SH,20161122,6.49,6.57,6.42,6.54,796193.57,518621.429
002296.SZ,20161122,17.29,17.47,17.26,17.4,47004.04,81632.853
600200.SH,20161122,19.1,19.28,18.91,19.02,69476.65,132233.211
000776.SZ,20161122,18.9,19.49,18.85,19.0,1107394.57,2120376.141
600795.SH,20161122,3.22,3.28,3.19,3.22,4408788.4,1422463.102
002122.SZ,20161122,12.65,12.8,12.51,12.71,347215.92,440016.328
000888.SZ,20161122,12.78,13.04,12.7,13.03,60483.48,77940.739
603377.SH,20161122,44.13,46.6,43.13,45.74,70994.42,318508.074
603889.SH,20161122,16.44,17.45,16.36,17.43,178182.86,302591.66
300358.SZ,20161122,20.14,20.22,19.92,20.19,35158.02,70509.7
300437.SZ,20161122,28.29,28.77,28.2,28.68,30045.47,85583.819
000928.SZ,20161122,18.6,18.79,18.25,18.37,107034.76,197382.94
600011.SH,20161122,7.31,7.35,7.25,7.3,160888.04,117481.469
300369.SZ,20161122,41.26,42.94,41.01,42.5,54574.3,228602.217
000018.SZ,20161122,10.58,10.67,10.25,10.28,500367.72,520497.286
000761.SZ,20161122,5.88,5.96,5.83,5.91,176369.29,104175.025
000402.SZ,20161122,11.62,11.88,11.56,11.61,381982.43,446685.42
600482.SH,20161122,32.86,32.94,32.5,32.74,25969.7,84963.607
000609.SZ,20161122,15.74,15.74,15.74,15.74,53473.01,84166.517
002264.SZ,20161122,10.7,11.19,10.7,11.07,245107.19,269670.476
603599.SH,20161122,19.16,19.78,19.03,19.76,108357.38,211038.768
601666.SH,20161122,5.6,5.84,5.6,5.79,379287.52,217588.308
300280.SZ,20161122,34.0,34.35,33.68,34.32,34985.28,119398.828
002340.SZ,20161122,7.25,7.38,7.21,7.32,421731.89,307272.209
600076.SH,20161122,11.78,12.14,11.64,11.94,572073.09,680032.5
600871.SH,20161122,4.06,4.45,4.05,4.25,2216035.49,934169.156
002444.SZ,20161122,17.53,17.82,17.53,17.79,82480.57,145890.009
300140.SZ,20161122,19.13,19.34,19.02,19.27,34927.48,66969.268
601616.SH,20161122,7.07,7.08,6.94,7.01,102097.03,71342.065
600647.SH,20161122,47.1,51.15,45.51,46.68,123409.97,595757.607
601857.SH,20161122,7.51,7.73,7.48,7.67,1286715.0,979351.2
600645.SH,20161122,30.22,30.4,30.14,30.35,49967.62,151241.923
603118.SH,20161122,46.0,47.38,45.01,45.21,166381.62,766513.827
002344.SZ,20161122,12.72,13.08,12.67,12.83,183009.35,234584.577
601788.SH,20161122,17.51,17.75,17.49,17.66,307547.9,541879.36
002441.SZ,20161122,14.49,14.55,14.41,14.52,41444.35,59991.806
002446.SZ,20161122,26.6,26.76,26.36,26.6,45427.63,120506.713
600020.SH,20161122,4.63,4.67,4.61,4.66,231273.91,107392.054
300308.SZ,20161122,27.28,27.5,27.05,27.37,35442.71,96696.184
002772.SZ,20161122,22.59,23.01,22.51,22.84,77772.35,177310.77
600300.SH,20161122,7.06,7.25,7.06,7.17,196614.85,140924.39
600508.SH,20161122,11.47,11.6,11.47,11.52,92717.28,106847.93
002370.SZ,20161122,32.8,32.98,32.56,32.72,9702.35,31736.161
600671.SH,20161122,36.8,38.7,36.41,36.81,76753.27,286640.132
300197.SZ,20161122,11.57,11.63,11.46,11.6,121014.75,139942.928
002196.SZ,20161122,29.95,29.98,29.31,29.62,89318.9,264503.164
600070.SH,20161122,13.59,13.75,13.53,13.6,50607.04,68863.285
000401.SZ,20161122,11.27,11.7,11.2,11.58,233125.69,267360.633
000617.SZ,20161122,17.56,17.83,17.51,17.63,38909.46,68908.209
300225.SZ,20161122,10.46,10.56,10.34,10.47,156396.25,163157.924
300007.SZ,20161122,22.7,22.88,22.56,22.82,43866.86,99589.731
603508.SH,20161122,94.5,96.79,93.51,94.89,45902.32,434929.817
002150.SZ,20161122,18.13,18.71,18.11,18.68,40072.92,73953.051
300300.SZ,20161122,27.91,31.41,27.91,31.41,370911.47,1130753.342
000955.SZ,20161122,8.56,8.6,8.47,8.56,90787.28,77448.411
603025.SH,20161122,40.8,41.89,39.9,40.49,94719.07,384316.978
002275.SZ,20161122,20.32,20.77,20.23,20.31,57709.97,118185.669
002603.SZ,20161122,17.57,17.57,17.35,17.38,98778.54,172272.722
600513.SH,20161122,17.87,18.1,17.8,17.99,33518.01,60161.272
300224.SZ,20161122,21.61,21.78,21.42,21.73,36093.25,77836.302
600289.SH,20161122,14.82,14.91,14.76,14.91,88895.82,131850.993
601069.SH,20161122,24.78,24.83,24.6,24.75,97374.15,240588.911
000567.SZ,20161122,42.18,42.75,41.98,42.6,73282.13,310020.372
300077.SZ,20161122,19.73,19.85,19.4,19.81,325842.46,638410.133
600889.SH,20161122,12.71,12.88,12.69,12.85,59178.19,75921.858
600699.SH,20161122,33.87,34.0,33.71,33.96,35543.57,120318.48
002442.SZ,20161122,15.27,15.38,15.11,15.24,25632.71,39063.906
002105.SZ,20161122,11.58,11.7,11.11,11.66,167194.37,191745.011
600696.SH,20161122,12.72,12.98,12.65,12.91,136664.99,175102.428
000056.SZ,20161122,12.78,12.8,12.63,12.7,26418.85,33571.743
600390.SH,20161122,14.4,14.67,14.4,14.57,62176.52,90435.794
000667.SZ,20161122,4.0,4.0,3.97,4.0,218916.95,87253.704
600345.SH,20161122,24.99,25.07,24.68,24.95,33830.8,84004.515
600375.SH,20161122,7.02,7.09,6.95,7.0,108015.0,75613.342
600566.SH,20161122,32.36,35.66,32.26,33.66,74237.11,250025.18
600908.SH,20161122,13.59,13.9,13.5,13.84,191303.76,262344.402
300195.SZ,20161122,18.81,19.12,18.81,19.1,52706.45,99902.092
600854.SH,20161122,8.11,8.24,8.08,8.22,73966.86,60483.282
002205.SZ,20161122,30.92,32.3,30.92,31.74,48985.47,155490.408
300302.SZ,20161122,28.61,29.18,28.44,29.07,47156.14,135603.763
002522.SZ,20161122,21.05,21.36,20.87,21.02,84100.98,177410.501
002012.SZ,20161122,11.1,11.37,11.04,11.16,213474.46,238837.772
002717.SZ,20161122,28.41,28.9,28.41,28.89,36709.64,105352.929
002787.SZ,20161122,57.19,58.58,56.33,57.34,74537.78,426375.762
600136.SH,20161122,20.82,21.47,20.6,21.21,70956.78,149284.773
600217.SH,20161122,8.63,8.73,8.55,8.71,75570.55,65063.727
002803.SZ,20161122,51.28,52.5,50.81,52.15,35982.07,186289.565
002135.SZ,20161122,8.13,8.14,8.02,8.12,118821.67,95942.97
002028.SZ,20161122,11.65,11.83,11.65,11.8,71315.26,83982.846
600667.SH,20161122,9.95,9.95,9.3,9.59,1004085.74,955084.057
600882.SH,20161122,12.24,12.65,12.1,12.59,60009.37,74507.091
002701.SZ,20161122,9.39,9.46,9.37,9.37,127073.2,119539.17
600221.SH,20161122,3.32,3.34,3.31,3.34,962135.6,320190.749
600366.SH,20161122,22.13,22.31,22.1,22.3,77076.5,171062.519
000899.SZ,20161122,10.52,10.64,10.3,10.53,158791.91,166691.679
002563.SZ,20161122,10.86,10.95,10.73,10.8,77664.54,83909.399
000852.SZ,20161122,12.18,12.55,12.16,12.4,79633.6,98546.618
300331.SZ,20161122,31.44,32.08,31.28,31.92,61478.36,194643.436
600143.SH,20161122,7.5,7.73,7.45,7.55,449461.99,341270.122
300475.SZ,20161122,29.5,29.79,29.1,29.47,41506.06,121899.525
600444.SH,20161122,23.38,23.62,23.38,23.61,18256.07,42883.124
300400.SZ,20161122,42.2,43.58,42.01,42.46,45651.36,194867.144
002594.SZ,20161122,55.11,55.31,54.99,55.24,33004.78,181922.926
600740.SH,20161122,8.83,9.06,8.75,8.99,419271.96,374406.921
300091.SZ,20161122,14.43,14.46,14.32,14.43,25665.91,36892.567
603766.SH,20161122,22.84,22.98,21.87,22.81,207727.12,465054.777
002086.SZ,20161122,11.56,12.22,11.53,12.19,221293.91,262709.259
002493.SZ,20161122,15.08,15.13,14.84,14.95,44898.47,67032.267
600004.SH,20161122,14.98,15.01,14.92,15.01,32040.64,47951.758
300423.SZ,20161122,38.89,39.49,38.41,39.38,36196.89,141235.565
002069.SZ,20161122,11.4,11.43,11.32,11.39,44187.58,50255.776
300341.SZ,20161122,12.65,12.83,12.65,12.83,33885.13,43128.983
000929.SZ,20161122,20.53,20.94,20.4,20.55,39692.71,82030.836
603800.SH,20161122,34.88,35.64,34.69,35.1,64582.27,227159.578
000938.SZ,20161122,61.25,63.74,61.25,63.25,59972.5,375931.57
002781.SZ,20161122,47.8,49.0,46.98,48.3,84177.52,403362.295
002452.SZ,20161122,10.65,10.73,10.38,10.42,184495.87,193096.533
300527.SZ,20161122,35.85,36.3,35.48,35.99,89407.39,320748.77
600137.SH,20161122,44.95,46.78,44.4,46.35,30611.59,140200.198
603618.SH,20161122,13.93,14.34,13.86,14.18,179205.25,253842.697
300023.SZ,20161122,22.31,23.1,22.3,23.05,111783.5,254022.266
300387.SZ,20161122,36.6,37.39,35.91,37.18,35242.92,129838.009
300172.SZ,20161122,10.6,10.9,10.59,10.9,120691.02,129935.733
000565.SZ,20161122,12.86,13.08,12.86,13.05,65952.13,85621.393
600488.SH,20161122,6.59,6.62,6.55,6.61,104046.66,68538.802
600873.SH,20161122,7.06,7.23,6.89,6.95,1293811.8,912900.887
300064.SZ,20161122,11.86,11.92,11.75,11.88,57629.51,68140.73
000413.SZ,20161122,13.68,13.94,13.65,13.79,883893.05,1218883.5
601600.SH,20161122,4.31,4.42,4.3,4.37,1802659.9,784379.426
002731.SZ,20161122,32.18,32.53,31.35,31.64,39443.4,125580.354
601998.SH,20161122,6.43,6.74,6.41,6.61,601883.15,396332.991
600318.SH,20161122,33.3,33.52,32.19,32.81,66797.81,218547.507
600597.SH,20161122,14.02,14.11,13.97,14.09,54295.81,76362.8
002456.SZ,20161122,37.7,38.15,37.47,38.09,122553.54,463356.161
002283.SZ,20161122,9.69,10.02,9.55,9.95,533079.56,524472.452
600833.SH,20161122,21.64,21.95,21.49,21.85,42153.65,91284.837
600270.SH,20161122,18.41,18.45,18.29,18.41,58092.78,106658.29
000691.SZ,20161122,11.4,11.93,11.01,11.89,79398.08,90673.592
002166.SZ,20161122,12.06,12.43,11.96,12.33,213226.38,259617.84
300287.SZ,20161122,13.46,13.66,13.34,13.66,185748.21,250316.05
000919.SZ,20161122,14.15,14.22,14.1,14.21,50802.37,71996.021
300342.SZ,20161122,24.65,24.73,24.43,24.72,12974.27,31973.81
000026.SZ,20161122,14.55,14.75,14.49,14.67,49049.32,71908.572
000153.SZ,20161122,13.69,13.75,13.41,13.53,95404.19,129147.551
002696.SZ,20161122,25.7,26.99,25.42,26.9,68065.86,177601.803
000751.SZ,20161122,6.4,6.65,6.38,6.53,932993.89,605378.722
600887.SH,20161122,17.79,17.93,17.74,17.82,240387.15,428338.226
002413.SZ,20161122,13.15,13.35,13.15,13.25,64272.04,85177.004
603919.SH,20161122,35.83,35.92,35.4,35.6,53870.93,191676.103
600340.SH,20161122,26.52,26.67,26.37,26.52,105704.95,280652.14
000913.SZ,20161122,18.75,18.85,18.51,18.83,21089.63,39460.182
000623.SZ,20161122,28.68,30.09,28.51,30.09,565816.05,1690960.428
002737.SZ,20161122,37.29,37.69,36.93,37.6,41844.58,156736.046
300173.SZ,20161122,20.6,20.83,20.25,20.74,30684.58,63291.349
002014.SZ,20161122,17.24,17.37,17.21,17.3,21969.37,38015.862
300279.SZ,20161122,52.45,54.5,52.36,53.42,38262.27,204010.95
000972.SZ,20161122,7.59,7.92,7.52,7.71,338044.76,261955.412
000912.SZ,20161122,13.9,14.22,13.7,14.15,461722.16,645241.042
600615.SH,20161122,21.5,22.21,21.41,22.19,58966.3,129376.731
600259.SH,20161122,58.06,59.74,58.04,59.34,45084.49,265789.08
002116.SZ,20161122,14.35,14.43,14.2,14.39,29987.51,43029.438
300246.SZ,20161122,38.19,38.97,38.05,38.93,20832.49,80120.651
300379.SZ,20161122,79.52,82.25,78.5,82.25,100004.16,802358.813
600985.SH,20161122,14.65,14.97,14.65,14.9,30425.43,45243.113
600891.SH,20161122,10.68,10.8,10.66,10.77,85294.39,91674.123
002142.SZ,20161122,17.38,17.81,17.31,17.57,332694.97,586650.377
300452.SZ,20161122,49.91,51.6,49.91,51.46,30803.42,157161.613
000552.SZ,20161122,4.18,4.26,4.17,4.24,428445.3,180533.134
000099.SZ,20161122,12.8,12.87,12.75,12.87,63257.34,81128.384
600779.SH,20161122,17.0,17.07,16.88,17.06,29301.5,49807.901
300501.SZ,20161122,139.0,149.14,137.81,144.0,28876.16,413335.229
002302.SZ,20161122,8.29,8.31,8.22,8.29,58438.38,48233.636
300226.SZ,20161122,49.45,50.95,49.27,50.85,41593.41,207808.393
002681.SZ,20161122,14.06,14.15,14.0,14.11,50584.44,71145.525
002335.SZ,20161122,47.0,48.4,46.87,47.92,53658.56,255978.452
300267.SZ,20161122,14.59,14.68,14.4,14.55,63649.5,92220.852
000400.SZ,20161122,17.7,18.0,17.6,17.84,63334.64,112401.331
002082.SZ,20161122,22.28,22.64,22.07,22.59,120628.83,269806.154
000550.SZ,20161122,31.9,32.14,31.45,31.6,7859.79,24833.766
600555.SH,20161122,7.02,7.05,6.9,7.0,92051.91,64144.783
600990.SH,20161122,76.55,77.47,76.31,76.58,17444.3,133872.008
000687.SZ,20161122,18.41,18.45,18.2,18.3,71660.73,131180.307
002295.SZ,20161122,17.65,18.09,17.65,18.0,50483.48,90611.245
600655.SH,20161122,11.27,11.35,11.25,11.34,85631.26,96873.048
601818.SH,20161122,3.9,3.99,3.89,3.98,1869506.87,739354.47
300324.SZ,20161122,22.1,22.32,22.06,22.3,46376.23,102869.189
601566.SH,20161122,17.34,17.66,17.34,17.59,21266.76,37348.614
600585.SH,20161122,18.22,18.45,18.02,18.08,139640.96,253845.472
300292.SZ,20161122,11.01,11.26,10.96,11.2,502063.11,556795.541
300470.SZ,20161122,47.8,48.47,47.51,48.2,25928.19,124519.094
002504.SZ,20161122,9.29,9.33,9.21,9.31,117796.63,109051.372
300315.SZ,20161122,9.75,10.04,9.72,9.95,833529.89,823147.244
600805.SH,20161122,9.02,9.09,9.0,9.08,86125.07,77883.512
600037.SH,20161122,17.19,17.39,17.1,17.33,112129.28,193321.582
600705.SH,20161122,6.65,6.74,6.62,6.7,869379.82,580407.469
600576.SH,20161122,19.04,19.09,18.75,19.03,93626.57,176988.007
601688.SH,20161122,20.28,20.57,20.16,20.25,879887.47,1786847.356
300163.SZ,20161122,13.4,13.41,13.11,13.3,52280.13,68970.539
002230.SZ,20161122,30.4,30.48,30.08,30.48,122045.43,369348.087
000822.SZ,20161122,6.32,6.69,6.32,6.6,247902.45,161811.357
002575.SZ,20161122,14.61,15.18,14.6,14.94,100279.83,149254.166
300422.SZ,20161122,42.8,44.6,42.66,43.3,65013.45,284018.423
601011.SH,20161122,7.76,7.98,7.74,7.87,360208.22,282796.726
002433.SZ,20161122,11.17,11.24,11.11,11.22,151563.04,169379.7
600635.SH,20161122,6.45,6.51,6.42,6.48,257807.52,166755.82
300142.SZ,20161122,11.49,11.65,11.4,11.59,112891.21,130102.348
002765.SZ,20161122,31.25,31.43,30.82,31.43,62288.32,193786.995
002278.SZ,20161122,18.18,18.77,17.66,18.7,200871.29,368607.024
600285.SH,20161122,13.21,13.65,13.17,13.6,142572.33,192476.008
600719.SH,20161122,8.25,8.45,8.23,8.43,117858.11,98425.497
600039.SH,20161122,4.57,4.6,4.53,4.57,238973.91,108892.82
300487.SZ,20161122,67.94,68.37,66.36,68.15,40025.05,269405.029
601106.SH,20161122,5.93,6.05,5.9,5.97,781587.81,466714.825
002081.SZ,20161122,11.22,11.24,11.16,11.21,151917.02,170038.63
000792.SZ,20161122,20.81,21.3,20.71,21.0,177747.99,374511.171
002700.SZ,20161122,14.01,14.18,13.99,14.16,55877.44,78640.627
300463.SZ,20161122,26.95,26.97,26.6,26.9,56448.48,151021.071
000685.SZ,20161122,11.33,11.96,11.32,11.69,379252.9,442362.55
002408.SZ,20161122,10.51,10.75,10.35,10.39,1405241.73,1474270.164
000918.SZ,20161122,9.82,9.96,9.6,9.91,363666.66,356094.852
002194.SZ,20161122,17.29,17.5,17.22,17.46,158797.61,275461.038
002049.SZ,20161122,35.57,36.1,35.5,36.0,45033.26,161209.855
000036.SZ,20161122,9.23,9.25,9.18,9.23,114756.77,105620.104
000655.SZ,20161122,8.96,9.74,8.96,9.74,215395.66,204164.899
600865.SH,20161122,13.42,13.87,13.38,13.64,106274.66,145070.093
002040.SZ,20161122,15.5,15.74,15.49,15.72,74986.91,117233.087
002407.SZ,20161122,31.97,32.21,31.84,32.12,156560.12,501280.233
603678.SH,20161122,88.2,90.0,86.6,87.59,26281.9,230682.43
603166.SH,20161122,21.9,22.2,21.65,22.01,50894.52,111664.649
002747.SZ,20161122,37.29,39.95,37.21,39.14,67972.36,264381.822
002352.SZ,20161122,48.87,49.99,48.81,49.31,28596.77,141247.903
000789.SZ,20161122,7.83,7.91,7.82,7.9,78233.47,61504.423
603288.SH,20161122,31.15,31.17,30.92,31.14,15043.46,46748.415
002516.SZ,20161122,7.02,7.2,7.02,7.12,175084.65,124762.821
002173.SZ,20161122,21.2,21.25,21.0,21.16,11170.99,23624.363
600358.SH,20161122,11.19,11.4,11.11,11.4,141956.55,159816.888
000637.SZ,20161122,8.17,8.27,8.06,8.14,167085.98,136385.645
000673.SZ,20161122,13.75,13.9,13.55,13.68,134030.73,183717.379
000156.SZ,20161122,18.99,19.2,18.84,19.2,94265.49,179072.674
002070.SZ,20161122,17.75,18.03,17.75,17.97,123610.09,220780.326
600119.SH,20161122,23.29,23.9,23.07,23.82,132664.24,312550.38
300196.SZ,20161122,40.97,41.93,40.38,41.18,44252.32,182296.713
002767.SZ,20161122,38.75,39.6,38.57,39.58,20210.31,79335.586
601607.SH,20161122,20.11,20.19,19.96,20.05,152302.64,305654.079
601010.SH,20161122,5.64,5.8,5.64,5.76,261898.88,150405.852
601888.SH,20161122,44.06,45.09,43.97,45.02,57843.08,257895.363
600061.SH,20161122,16.97,17.16,16.96,17.04,208093.99,354911.656
002108.SZ,20161122,22.63,22.82,22.45,22.82,99728.62,225124.251
600713.SH,20161122,8.87,8.9,8.83,8.89,73467.6,65167.534
000017.SZ,20161122,11.9,12.43,11.85,12.12,134726.71,163284.998
300199.SZ,20161122,20.33,20.56,20.29,20.53,45628.47,93286.403
300006.SZ,20161122,9.24,9.32,9.11,9.27,164837.63,151725.787
600487.SH,20161122,18.88,18.96,18.45,18.64,346003.66,643408.189
300519.SZ,20161122,109.1,115.97,109.1,113.25,39650.49,449295.327
600405.SH,20161122,12.26,12.48,12.24,12.34,78951.67,97193.865
601016.SH,20161122,10.06,10.11,10.02,10.11,73831.71,74280.02
300499.SZ,20161122,61.9,64.69,60.8,62.59,133879.16,841235.658
002423.SZ,20161122,11.32,11.62,10.97,11.48,125176.66,140989.157
600958.SH,20161122,16.56,16.75,16.53,16.68,311402.87,518432.958
002272.SZ,20161122,10.53,10.56,10.39,10.51,103658.11,108446.862
002808.SZ,20161122,55.09,57.68,55.09,57.34,48792.79,276105.775
002214.SZ,20161122,12.76,12.76,12.54,12.69,59043.38,74468.77
002807.SZ,20161122,13.37,13.55,13.32,13.48,156725.4,210512.792
002800.SZ,20161122,85.75,89.3,84.51,87.49,40907.55,359128.014
600755.SH,20161122,8.81,8.85,8.78,8.83,190736.72,168131.266
000545.SZ,20161122,6.3,6.39,6.27,6.36,198593.95,125694.996
000698.SZ,20161122,7.5,7.63,7.5,7.59,157091.27,118989.417
601100.SH,20161122,15.63,15.83,15.53,15.78,30459.65,47801.991
002417.SZ,20161122,18.61,18.82,18.46,18.76,48364.5,90296.367
002169.SZ,20161122,19.95,20.06,19.77,19.95,34667.55,68960.61
600269.SH,20161122,5.05,5.07,5.03,5.06,166507.13,84015.483
603818.SH,20161122,19.64,19.78,19.5,19.61,24243.06,47571.515
600088.SH,20161122,23.89,24.4,23.81,24.39,34104.88,82271.584
600511.SH,20161122,30.96,31.04,30.81,30.97,26596.49,82240.72
600533.SH,20161122,5.87,6.01,5.83,5.99,313733.22,186475.909
603636.SH,20161122,86.4,90.64,86.35,89.12,17782.94,157586.561
000767.SZ,20161122,4.04,4.06,4.01,4.06,188527.54,76201.105
002538.SZ,20161122,11.28,11.53,11.23,11.42,234103.4,266801.266
603031.SH,20161122,77.03,80.25,77.03,78.47,40892.14,321458.39
603608.SH,20161122,30.0,31.04,29.68,31.02,394290.32,1210490.674
002662.SZ,20161122,16.69,17.06,16.61,16.79,62290.35,105244.44
002215.SZ,20161122,11.24,11.3,11.09,11.14,158701.34,176987.166
002164.SZ,20161122,10.06,10.14,9.95,10.05,66235.29,66344.26
600252.SH,20161122,4.96,5.04,4.93,5.01,538274.8,268638.252
300394.SZ,20161122,37.97,39.18,37.96,39.09,33981.71,131000.698
300230.SZ,20161122,34.75,35.15,34.34,34.89,45415.85,157268.618
000613.SZ,20161122,14.06,14.37,13.96,14.37,92643.5,131649.979
600016.SH,20161122,9.28,9.32,9.28,9.31,700359.85,651065.978
600689.SH,20161122,21.19,21.48,20.68,20.91,94102.9,197903.673
600010.SH,20161122,2.96,3.01,2.96,3.0,1679438.32,502591.471
300045.SZ,20161122,15.75,15.9,15.6,15.9,43993.21,69237.551
603598.SH,20161122,25.99,27.44,25.81,26.55,161180.34,430162.381
300211.SZ,20161122,13.93,14.06,13.77,14.02,52524.89,73174.504
600717.SH,20161122,10.63,10.78,10.6,10.71,110858.0,118647.198
603816.SH,20161122,59.8,60.6,59.53,60.2,71091.88,427150.498
000989.SZ,20161122,25.05,25.26,24.84,24.97,30526.08,76470.595
300500.SZ,20161122,115.21,119.1,114.6,114.85,31620.41,368250.577
603010.SH,20161122,31.18,34.22,31.0,34.05,84123.24,281869.806
300309.SZ,20161122,20.88,21.74,20.68,21.59,64516.82,137984.464
600530.SH,20161122,8.72,8.75,8.68,8.74,71964.38,62656.055
000953.SZ,20161122,18.4,18.64,18.3,18.63,134536.49,248587.333
000906.SZ,20161122,14.48,14.55,14.38,14.55,32044.4,46383.964
002496.SZ,20161122,5.33,5.36,5.31,5.36,159942.28,85382.34
603199.SH,20161122,45.9,45.9,45.15,45.46,20610.47,93668.937
600491.SH,20161122,11.82,11.97,11.75,11.93,195916.72,233143.03
300040.SZ,20161122,12.75,13.05,12.6,12.77,115229.71,147758.405
002697.SZ,20161122,6.42,6.57,6.42,6.52,219411.26,142979.817
000881.SZ,20161122,23.79,23.98,23.6,23.8,26855.02,64010.845
000850.SZ,20161122,6.36,6.58,6.35,6.48,163403.56,105519.922
000608.SZ,20161122,7.56,7.88,7.56,7.62,124809.41,96368.569
002412.SZ,20161122,20.93,21.85,20.58,21.63,160171.72,340362.169
300549.SZ,20161122,94.2,100.41,94.18,98.65,45963.38,448071.376
300260.SZ,20161122,39.23,39.24,37.3,38.2,14886.09,56589.901
002307.SZ,20161122,9.35,9.48,9.3,9.45,157761.65,148269.095
600052.SH,20161122,7.47,7.65,7.47,7.63,142932.99,108048.457
600378.SH,20161122,17.04,17.17,16.87,17.09,51539.4,87639.219
002354.SZ,20161122,83.8,86.68,83.53,85.97,73772.07,628421.322
600388.SH,20161122,13.25,13.31,13.21,13.3,125270.48,166053.864
300160.SZ,20161122,13.71,14.44,13.38,14.32,290523.37,404910.862
000021.SZ,20161122,10.63,10.68,10.59,10.64,119295.18,126851.274
001979.SZ,20161122,17.15,17.3,16.92,16.96,240633.08,410743.171
603566.SH,20161122,26.67,27.15,26.66,26.99,16394.32,44027.121
002551.SZ,20161122,22.72,22.89,22.66,22.89,44838.49,102075.149
600316.SH,20161122,19.18,19.3,19.11,19.29,44872.25,86126.246
300118.SZ,20161122,16.12,16.19,16.06,16.18,70343.13,113451.722
000966.SZ,20161122,6.42,6.45,6.4,6.44,97434.87,62574.567
002066.SZ,20161122,17.58,18.37,17.56,17.88,140591.15,252762.482
300184.SZ,20161122,16.6,16.85,16.37,16.82,68177.62,113639.337
603729.SH,20161122,88.6,89.06,86.77,88.27,26918.76,236528.523
600510.SH,20161122,9.3,9.31,9.22,9.27,51596.67,47772.511
002539.SZ,20161122,12.9,12.94,12.8,12.92,48974.73,63122.598
600500.SH,20161122,11.7,11.76,11.25,11.31,288204.65,329385.767
600716.SH,20161122,8.22,8.31,8.19,8.27,56628.82,46804.683
601886.SH,20161122,11.7,11.87,11.62,11.76,170182.78,199924.683
000902.SZ,20161122,11.24,11.32,11.2,11.32,109479.66,123171.109
002627.SZ,20161122,27.39,27.4,27.1,27.31,31579.13,85979.595
000995.SZ,20161122,17.55,17.8,17.28,17.53,32385.32,56775.275
002136.SZ,20161122,17.13,17.27,16.8,17.2,65211.54,110882.259
002027.SZ,20161122,18.4,18.68,18.16,18.4,179999.47,331659.438
600275.SH,20161122,17.7,18.09,17.56,17.81,359090.04,640435.956
600754.SH,20161122,30.89,31.35,30.81,31.3,47057.5,146813.025
300235.SZ,20161122,26.37,27.03,26.15,27.02,32706.4,86694.382
002464.SZ,20161122,77.0,77.28,73.28,74.6,22145.12,165924.592
000599.SZ,20161122,9.02,9.09,8.81,8.85,303528.28,269944.913
002645.SZ,20161122,35.85,39.82,35.05,38.9,135519.04,493815.147
002782.SZ,20161122,33.2,33.6,32.8,32.97,103293.0,341971.651
000631.SZ,20161122,5.37,5.39,5.33,5.36,72426.62,38843.081
000046.SZ,20161122,10.12,10.15,10.09,10.15,44684.01,45236.617
600268.SH,20161122,8.59,8.66,8.53,8.63,44871.24,38611.26
300534.SZ,20161122,83.29,83.29,83.29,83.29,12224.68,101819.359
300557.SZ,20161122,83.63,83.63,83.63,83.63,555.29,4643.89
603011.SH,20161122,13.11,13.26,13.11,13.24,27778.76,36663.0
300264.SZ,20161122,12.65,12.69,12.48,12.68,78555.82,98905.126
600995.SH,20161122,12.3,12.59,12.23,12.42,140667.3,174790.888
600729.SH,20161122,24.65,25.06,24.6,24.98,48274.24,120505.808
600694.SH,20161122,47.4,47.4,46.46,46.75,74464.12,348701.725
600580.SH,20161122,9.93,9.94,9.85,9.94,71368.05,70657.941
300231.SZ,20161122,20.94,21.33,20.81,21.31,71022.01,149674.543
300104.SZ,20161122,37.5,38.18,37.1,38.16,319848.14,1204219.595
300553.SZ,20161122,117.1,124.5,117.1,119.98,43967.14,529130.694
000875.SZ,20161122,6.27,6.32,6.23,6.29,296427.77,185497.13
603015.SH,20161122,13.78,15.11,13.75,14.47,247753.38,362816.407
002056.SZ,20161122,14.62,14.93,14.6,14.9,119873.77,176960.583
601985.SH,20161122,7.06,7.15,7.05,7.11,1066098.65,757148.201
002079.SZ,20161122,10.57,10.62,10.48,10.58,96146.9,101233.402
603788.SH,20161122,49.28,49.95,48.23,49.18,44143.99,216063.841
603012.SH,20161122,12.3,12.54,12.28,12.48,65642.63,81639.422
002068.SZ,20161122,9.27,9.35,9.01,9.08,402430.98,367610.609
300008.SZ,20161122,25.28,25.7,25.25,25.69,46117.17,117308.304
002305.SZ,20161122,5.67,5.73,5.61,5.71,308640.3,174163.181
600794.SH,20161122,6.3,6.38,6.25,6.31,203711.71,128350.905
600658.SH,20161122,13.54,13.64,13.34,13.47,30708.15,41301.957
601669.SH,20161122,7.51,7.75,7.46,7.61,1458770.42,1111328.941
600077.SH,20161122,6.22,6.25,6.17,6.21,121034.21,75084.262
600191.SH,20161122,14.73,14.93,14.69,14.84,45829.84,67813.589
600519.SH,20161122,310.3,310.45,308.37,308.87,26424.27,816561.74
002489.SZ,20161122,7.26,7.35,7.23,7.3,275856.42,201440.785
002006.SZ,20161122,12.65,12.85,12.65,12.78,44559.47,56636.364
603022.SH,20161122,28.35,29.07,27.68,28.7,158852.46,450758.558
000035.SZ,20161122,8.1,8.13,7.98,8.08,231131.56,186610.279
600421.SH,20161122,23.95,24.65,23.61,23.74,57333.37,139140.245
000967.SZ,20161122,14.76,14.89,14.7,14.77,29074.37,42928.842
600660.SH,20161122,17.99,18.1,17.76,17.88,163245.01,291727.491
601199.SH,20161122,8.62,8.7,8.6,8.67,98442.82,85311.258
002171.SZ,20161122,18.84,18.94,18.56,18.79,80894.86,151335.154
000561.SZ,20161122,13.54,13.55,13.36,13.51,87133.19,117024.775
300145.SZ,20161122,26.46,27.4,26.38,27.37,42007.89,111944.975
300115.SZ,20161122,25.6,25.97,25.4,25.74,62809.12,161610.023
600073.SH,20161122,12.04,12.15,12.04,12.1,110241.87,133327.095
600238.SH,20161122,14.38,14.39,14.18,14.28,38335.59,54640.863
002500.SZ,20161122,14.47,14.65,14.47,14.59,298205.64,434174.296
002591.SZ,20161122,15.92,16.05,15.75,15.91,29357.47,46564.359
600419.SH,20161122,60.6,60.6,59.4,59.97,13180.96,78926.088
300518.SZ,20161122,144.0,147.68,142.1,142.35,29952.68,433843.721
600338.SH,20161122,33.92,35.32,33.6,34.98,83177.3,288163.506
601111.SH,20161122,7.62,7.66,7.53,7.64,382962.26,290998.156
000848.SZ,20161122,11.68,11.93,11.65,11.91,154204.45,182348.447
000690.SZ,20161122,8.59,8.65,8.57,8.6,91687.54,78831.791
600801.SH,20161122,7.87,8.16,7.85,8.14,170162.91,136416.12
000553.SZ,20161122,17.0,17.09,16.7,16.75,106267.76,178995.723
300059.SZ,20161122,20.11,21.2,19.96,21.2,1337675.97,2754256.232
002343.SZ,20161122,45.7,46.68,44.9,46.55,36570.06,167800.175
002188.SZ,20161122,28.48,28.78,28.47,28.77,20724.33,59343.967
603556.SH,20161122,58.0,65.6,57.98,64.63,351285.04,2187952.563
600613.SH,20161122,17.5,18.75,17.42,18.07,286533.95,516227.284
600278.SH,20161122,20.6,20.65,20.42,20.56,61321.49,125915.59
002497.SZ,20161122,7.18,7.24,7.18,7.22,95293.95,68689.188
300508.SZ,20161122,160.89,166.67,160.89,166.38,21746.09,357759.724
600129.SH,20161122,19.82,19.97,19.78,19.94,72441.43,144214.012
600116.SH,20161122,9.37,9.45,9.33,9.4,159631.55,149666.806
002733.SZ,20161122,24.27,24.85,24.27,24.8,40401.03,99649.45
300478.SZ,20161122,68.3,70.5,67.6,68.45,27115.66,186510.437
600367.SH,20161122,14.7,14.93,14.32,14.88,147736.63,215444.844
600662.SH,20161122,12.3,12.43,12.24,12.36,198563.36,244548.969
300033.SZ,20161122,71.1,73.6,70.7,73.21,61719.38,445174.262
603456.SH,20161122,25.41,25.85,25.23,25.8,24867.13,63589.94
600793.SH,20161122,30.03,30.31,29.8,30.23,19768.0,59538.059
600853.SH,20161122,7.09,7.14,7.03,7.13,116989.54,83001.519
000004.SZ,20161122,45.85,46.56,45.51,46.55,18129.93,83506.076
300113.SZ,20161122,32.27,32.77,32.08,32.72,65605.94,212187.73
300445.SZ,20161122,33.55,36.75,32.55,35.98,89205.98,311717.773
300192.SZ,20161122,15.75,15.95,15.42,15.58,90371.97,140781.542
000606.SZ,20161122,11.24,11.43,11.15,11.42,52985.12,59607.243
603000.SH,20161122,19.1,19.87,18.99,19.54,180779.66,350080.759
000030.SZ,20161122,9.07,9.16,9.04,9.12,68448.39,62281.131
600229.SH,20161122,12.66,12.75,12.61,12.73,66564.69,84376.146
600829.SH,20161122,16.0,16.35,16.0,16.22,48507.22,78516.884
002163.SZ,20161122,8.53,8.61,8.5,8.56,127896.91,109219.688
000620.SZ,20161122,8.95,9.06,8.93,9.0,55497.63,49930.632
002561.SZ,20161122,13.9,14.22,13.88,14.08,50237.61,70724.676
603569.SH,20161122,53.8,55.35,53.4,55.05,65244.42,355813.851
300189.SZ,20161122,5.26,5.29,5.22,5.29,132202.14,69541.511
002793.SZ,20161122,86.18,92.69,83.56,89.18,121140.08,1062236.916
600006.SH,20161122,7.54,7.57,7.5,7.55,128150.25,96590.424
601933.SH,20161122,4.55,4.62,4.54,4.62,392223.76,179987.427
300010.SZ,20161122,19.54,19.99,19.45,19.94,90008.04,177520.552
002052.SZ,20161122,12.54,12.56,12.4,12.45,115935.29,144312.741
603999.SH,20161122,38.91,39.2,38.6,39.18,72506.42,281967.457
300085.SZ,20161122,24.85,25.71,24.61,25.59,157106.87,395481.65
600160.SH,20161122,11.09,11.18,11.04,11.16,145328.16,161370.466
000537.SZ,20161122,9.65,9.74,9.6,9.74,92273.57,89325.769
002415.SZ,20161122,24.48,24.48,24.16,24.2,111016.95,268820.71
000596.SZ,20161122,47.8,48.15,47.52,48.03,22379.74,107268.17
000616.SZ,20161122,5.82,5.82,5.75,5.82,188852.9,109324.082
002213.SZ,20161122,27.64,27.65,27.17,27.42,22822.8,62374.346
002553.SZ,20161122,13.91,13.96,13.8,13.91,32947.96,45681.211
603883.SH,20161122,54.2,54.79,53.4,53.94,56465.98,304267.521
600961.SH,20161122,12.03,12.26,11.88,12.17,61335.36,74075.814
000506.SZ,20161122,8.81,9.12,8.74,8.9,407700.54,365523.339
000663.SZ,20161122,14.92,15.18,14.74,14.84,65365.68,97543.915
600452.SH,20161122,42.5,45.5,42.11,44.49,25436.22,111769.034
603188.SH,20161122,19.5,19.88,19.39,19.82,99604.13,195349.573
002633.SZ,20161122,25.61,26.16,25.48,26.11,32526.33,83951.799
300107.SZ,20161122,7.8,7.9,7.69,7.8,81256.1,63122.139
000762.SZ,20161122,20.07,20.59,20.03,20.51,192167.17,390824.137
300482.SZ,20161122,63.26,67.0,62.4,67.0,23732.79,152800.264
000016.SZ,20161122,4.95,4.98,4.93,4.97,182987.21,90669.498
600208.SH,20161122,4.78,4.83,4.7,4.77,575632.96,273743.928
000595.SZ,20161122,17.39,19.03,17.11,19.02,767840.62,1404588.136
600894.SH,20161122,14.59,14.61,14.47,14.59,63904.07,92930.852
300125.SZ,20161122,32.8,33.38,32.52,33.0,13193.94,43577.328
600172.SH,20161122,19.3,19.65,19.3,19.54,162332.87,317068.156
002653.SZ,20161122,18.0,18.05,17.88,17.94,23727.97,42580.526
000526.SZ,20161122,42.16,42.52,42.06,42.41,9993.12,42279.045
300206.SZ,20161122,10.62,10.69,10.56,10.65,72200.7,76659.113
603158.SH,20161122,27.35,27.82,27.01,27.66,17153.18,47378.151
000001.SZ,20161122,9.24,9.36,9.23,9.36,1180256.94,1097408.714
002329.SZ,20161122,15.96,16.88,15.9,16.22,403883.04,660142.695
000760.SZ,20161122,12.53,12.93,12.49,12.85,115517.29,147237.553
300071.SZ,20161122,11.89,11.91,11.66,11.88,76933.99,90360.382
000813.SZ,20161122,16.1,16.2,15.93,16.06,45390.89,72993.337
300258.SZ,20161122,15.38,15.62,15.34,15.53,28532.66,44292.299
000793.SZ,20161122,11.36,11.51,11.28,11.39,269183.27,306249.452
000933.SZ,20161122,6.31,6.45,6.3,6.42,448895.0,286448.239
300306.SZ,20161122,26.23,27.1,26.2,27.05,35325.35,94910.461
600155.SH,20161122,16.53,16.86,16.53,16.81,78453.74,131150.584
600600.SH,20161122,30.99,31.14,30.8,30.91,45174.49,139636.082
603108.SH,20161122,31.56,31.85,30.76,30.94,30363.19,94445.881
002622.SZ,20161122,12.81,13.21,12.68,12.74,372145.1,479125.126
002262.SZ,20161122,19.24,19.55,19.16,19.29,78464.45,152119.734
002604.SZ,20161122,12.8,13.89,12.66,13.5,618068.16,824686.943
002330.SZ,20161122,12.07,12.25,12.07,12.18,47479.96,57782.466
300283.SZ,20161122,11.42,11.7,11.16,11.43,56831.34,64679.2
300129.SZ,20161122,8.7,8.77,8.62,8.7,75332.0,65505.353
600101.SH,20161122,13.25,13.58,13.22,13.39,166494.96,223513.18
000825.SZ,20161122,4.2,4.37,4.2,4.32,559062.1,240353.037
601128.SH,20161122,12.81,13.15,12.73,13.04,305085.87,394859.062
600348.SH,20161122,7.99,8.17,7.95,8.13,569907.94,459676.51
300325.SZ,20161122,8.1,8.31,7.87,8.0,560122.52,448753.431
300135.SZ,20161122,5.72,5.79,5.65,5.75,272020.16,155709.518
002227.SZ,20161122,28.18,28.68,28.02,28.6,38336.67,108982.407
300288.SZ,20161122,30.5,31.51,30.26,31.51,40235.7,123725.84
000839.SZ,20161122,10.63,10.77,10.57,10.7,592137.67,630511.615
300344.SZ,20161122,16.85,17.29,16.67,17.08,33481.98,57257.001
300146.SZ,20161122,12.88,12.97,12.81,12.97,103861.49,133854.424
002139.SZ,20161122,16.0,16.45,15.72,16.06,333644.01,534601.714
601018.SH,20161122,5.32,5.34,5.28,5.32,401683.68,213321.056
603616.SH,20161122,16.89,18.29,16.7,17.76,285020.23,509502.14
300043.SZ,20161122,12.39,12.47,12.29,12.45,80161.41,99198.252
600387.SH,20161122,13.74,13.79,13.61,13.69,54217.63,74151.442
002821.SZ,20161122,53.2,53.2,53.2,53.2,20.0,106.4
300404.SZ,20161122,39.5,39.67,38.8,39.25,15615.59,61104.776
600620.SH,20161122,18.36,18.65,18.34,18.64,77727.61,144088.729
000931.SZ,20161122,9.07,9.08,8.93,9.03,100299.2,90163.461
000712.SZ,20161122,21.18,21.81,21.15,21.74,232976.0,501877.992
600298.SH,20161122,16.78,17.0,16.72,16.99,73098.39,123616.248
002181.SZ,20161122,7.75,7.97,7.73,7.87,237750.8,186709.299
000755.SZ,20161122,9.9,9.98,9.76,9.95,156990.74,154723.865
002182.SZ,20161122,20.36,20.64,20.28,20.63,56113.71,114878.599
002251.SZ,20161122,15.25,16.18,15.12,15.8,285796.68,447017.774
002398.SZ,20161122,14.98,15.02,14.71,14.81,45895.84,68121.442
600987.SH,20161122,12.43,12.57,12.4,12.56,86732.88,108467.125
603861.SH,20161122,40.8,40.98,39.82,40.2,71736.33,288836.725
300055.SZ,20161122,17.96,18.1,17.83,18.1,69954.42,125734.899
300416.SZ,20161122,38.95,40.52,38.82,40.38,23322.57,93152.921
002820.SZ,20161122,28.92,28.92,28.92,28.92,42.0,121.464
600986.SH,20161122,17.93,18.14,17.78,17.92,106222.5,190422.721
300078.SZ,20161122,28.58,28.9,28.38,28.84,33910.85,96870.44
300540.SZ,20161122,74.99,77.78,74.81,75.99,46003.4,350024.157
002383.SZ,20161122,49.9,52.49,49.72,50.01,81349.88,415017.605
600550.SH,20161122,6.63,6.7,6.63,6.66,72424.07,48288.729
300242.SZ,20161122,16.43,16.65,16.26,16.64,110165.33,180886.444
002265.SZ,20161122,21.6,21.87,21.4,21.8,95372.1,206499.8
600243.SH,20161122,11.61,11.72,11.53,11.64,55871.54,64862.564
600750.SH,20161122,32.78,32.92,32.45,32.74,46169.79,151012.037
002337.SZ,20161122,8.59,8.66,8.56,8.63,62089.16,53532.664
600486.SH,20161122,35.95,37.55,35.95,36.43,30403.58,110999.225
603959.SH,20161122,38.66,39.7,37.21,38.06,196119.63,750331.556
300198.SZ,20161122,6.8,6.81,6.71,6.77,118484.19,79926.268
002529.SZ,20161122,23.61,23.75,22.77,23.22,41513.25,96060.378
600895.SH,20161122,19.0,19.28,18.99,19.19,127781.55,244814.916
002397.SZ,20161122,8.79,8.97,8.79,8.96,55299.81,49343.758
000895.SZ,20161122,21.96,22.07,21.6,21.77,153701.66,334995.468
002406.SZ,20161122,9.27,9.36,9.26,9.35,70580.73,65694.977
000939.SZ,20161122,10.65,10.97,10.51,10.57,348322.85,374317.541
300065.SZ,20161122,37.05,37.72,36.97,37.65,29383.46,109940.284
002741.SZ,20161122,22.11,22.43,22.11,22.41,49169.78,109546.717
300561.SZ,20161122,50.05,50.05,50.05,50.05,17.0,85.085
600190.SH,20161122,4.41,4.42,4.37,4.41,85749.11,37710.663
002558.SZ,20161122,65.11,65.6,64.5,65.2,35365.29,230044.583
300042.SZ,20161122,38.48,38.78,37.91,38.6,27521.93,105497.023
002380.SZ,20161122,32.9,33.13,32.35,32.8,48976.47,159934.798
600227.SH,20161122,6.83,6.85,6.78,6.84,56045.13,38236.992
600815.SH,20161122,7.38,7.41,7.33,7.4,95318.0,70164.075
600551.SH,20161122,20.45,20.65,20.44,20.64,31288.42,64295.896
300029.SZ,20161122,14.83,15.07,14.7,15.04,49478.4,74087.685
000523.SZ,20161122,12.47,12.59,12.4,12.58,42930.1,53634.119
300507.SZ,20161122,145.5,152.15,144.02,145.03,38361.65,564926.17
300305.SZ,20161122,13.7,13.79,13.68,13.78,46523.94,63953.567
600130.SH,20161122,9.98,10.23,9.96,10.15,304909.09,308738.657
601058.SH,20161122,4.39,4.44,4.37,4.41,254342.01,111949.807
600097.SH,20161122,19.9,21.3,19.9,21.12,76057.97,156843.598
300371.SZ,20161122,43.98,44.23,42.59,43.15,33692.53,145715.67
002303.SZ,20161122,12.13,12.15,11.91,12.12,169675.64,204128.179
300386.SZ,20161122,30.0,31.0,29.52,30.58,182030.11,549531.995
300348.SZ,20161122,30.4,31.0,29.9,31.0,78801.74,239446.672
600183.SH,20161122,12.17,12.26,12.04,12.25,156096.35,189973.791
601518.SH,20161122,4.63,4.65,4.54,4.61,434821.64,199463.202
600527.SH,20161122,7.06,7.17,6.98,7.14,210396.46,148937.52
000836.SZ,20161122,7.89,7.91,7.73,7.82,162551.81,127394.921
000726.SZ,20161122,12.55,12.61,12.45,12.6,76227.0,95382.893
603126.SH,20161122,12.76,13.06,12.65,12.96,142914.65,184039.449
002189.SZ,20161122,24.33,24.64,24.27,24.63,40294.55,98591.464
000498.SZ,20161122,7.81,7.87,7.7,7.82,77871.96,60551.765
000978.SZ,20161122,12.0,12.12,11.97,12.11,84108.42,101301.493
600714.SH,20161122,18.21,18.47,17.9,18.45,119313.96,216910.529
000790.SZ,20161122,14.56,14.71,14.48,14.63,93211.77,135960.136
000014.SZ,20161122,23.14,23.53,23.02,23.29,30127.87,70070.944
000718.SZ,20161122,9.7,9.96,9.69,9.91,360427.54,354578.775
300395.SZ,20161122,26.25,26.54,26.07,26.52,27868.92,73364.267
603958.SH,20161122,39.63,41.36,39.51,40.81,104598.44,423025.449
002120.SZ,20161122,52.11,52.5,51.68,52.21,18431.26,96257.174
603658.SH,20161122,63.88,65.8,63.63,65.51,45440.76,296164.856
300217.SZ,20161122,5.1,5.35,5.09,5.22,311160.69,162885.781
600295.SH,20161122,10.37,10.87,10.37,10.82,135039.9,145070.275
601999.SH,20161122,13.23,13.28,13.11,13.27,103178.4,136038.608
600844.SH,20161122,9.24,9.29,9.14,9.2,61957.34,57110.519
002547.SZ,20161122,10.23,10.31,10.21,10.31,104324.97,107022.357
603737.SH,20161122,87.11,90.98,87.02,88.19,29765.33,264342.57
600249.SH,20161122,8.36,8.44,8.33,8.39,103861.91,87009.762
600802.SH,20161122,10.01,10.39,10.0,10.2,108609.16,110664.451
600593.SH,20161122,41.85,42.7,41.48,42.54,10346.47,43671.014
600572.SH,20161122,7.27,7.32,7.24,7.28,110203.92,80131.325
300567.SZ,20161122,23.9,28.68,23.9,28.68,65.0,184.747
600370.SH,20161122,7.54,7.68,7.44,7.57,165137.01,124201.163
603019.SH,20161122,31.58,31.8,31.38,31.78,61542.79,194163.968
002514.SZ,20161122,10.36,10.47,10.36,10.47,48939.41,51006.289
300566.SZ,20161122,34.64,34.64,34.64,34.64,10.0,34.64
603223.SH,20161122,42.55,42.65,41.06,41.88,58269.78,242177.66
002106.SZ,20161122,13.28,13.63,13.24,13.6,176491.26,238397.577
300563.SZ,20161122,22.54,22.54,22.54,22.54,37.0,83.398
002018.SZ,20161122,9.2,9.33,9.14,9.25,228717.88,211074.686
600280.SH,20161122,9.1,9.24,8.95,9.19,479836.07,437865.144
600866.SH,20161122,7.19,7.39,7.15,7.24,62831.27,45460.451
600292.SH,20161122,13.22,13.31,13.18,13.29,97836.77,129536.225
603663.SH,20161122,48.32,49.26,47.7,48.62,60031.62,291596.06
002274.SZ,20161122,10.19,10.36,10.15,10.34,96182.98,98950.824
002766.SZ,20161122,43.22,43.5,42.33,43.04,79834.34,341166.621
000921.SZ,20161122,10.61,10.71,10.53,10.62,89504.29,94975.128
002600.SZ,20161122,10.6,10.66,10.53,10.65,125885.59,133533.721
601339.SH,20161122,6.6,6.62,6.55,6.6,84052.65,55357.634
300419.SZ,20161122,38.23,39.18,37.95,38.4,49214.46,189749.353
603633.SH,20161122,12.94,12.94,12.94,12.94,48.0,62.112
002495.SZ,20161122,7.35,7.38,7.28,7.34,367664.9,269090.171
300471.SZ,20161122,50.5,51.8,50.3,51.0,79485.6,405429.519
600089.SH,20161122,9.4,9.49,9.31,9.44,531415.51,499865.95
002041.SZ,20161122,17.44,17.56,17.4,17.49,12876.16,22498.376
002078.SZ,20161122,6.7,6.72,6.61,6.65,224580.51,149450.356
601198.SH,20161122,23.5,23.86,23.47,23.68,227393.1,538539.057
300069.SZ,20161122,47.4,47.4,45.62,46.07,12661.12,58422.957
000856.SZ,20161122,15.67,15.83,15.56,15.8,19180.6,30148.261
601218.SH,20161122,5.81,5.94,5.8,5.91,181219.17,106540.667
002333.SZ,20161122,14.76,15.17,14.76,15.02,108198.05,162147.775
600691.SH,20161122,3.58,3.65,3.53,3.56,276313.27,98992.64
600737.SH,20161122,12.25,12.4,12.17,12.23,291800.82,358192.641
002709.SZ,20161122,52.51,53.58,52.05,53.56,102403.65,543511.555
002148.SZ,20161122,21.94,22.64,21.89,22.59,117287.21,262601.052
603868.SH,20161122,53.26,53.26,52.59,53.08,37726.44,199427.162
600429.SH,20161122,8.49,8.51,8.4,8.5,52830.91,44739.552
002387.SZ,20161122,20.15,20.2,19.9,20.11,40784.97,81678.165
600521.SH,20161122,23.95,24.0,23.78,23.9,43119.13,102871.986
300377.SZ,20161122,42.53,44.26,42.1,44.26,128556.83,555222.387
600698.SH,20161122,6.7,6.76,6.68,6.73,103402.65,69427.356
002345.SZ,20161122,10.74,10.77,10.68,10.74,54912.94,58909.913
002228.SZ,20161122,5.62,5.72,5.62,5.69,102935.06,58403.408
300037.SZ,20161122,64.56,65.08,63.8,64.83,76030.14,489398.21
300039.SZ,20161122,11.27,11.42,11.25,11.4,127434.86,144451.279
002168.SZ,20161122,15.16,15.35,15.15,15.32,149144.12,227431.73
000927.SZ,20161122,5.6,5.81,5.58,5.68,388240.83,221843.27
002632.SZ,20161122,12.38,12.52,12.23,12.34,107351.02,132318.4
000540.SZ,20161122,6.73,6.76,6.72,6.76,296580.47,199936.337
300032.SZ,20161122,17.5,17.54,17.33,17.53,45367.96,79050.364
002572.SZ,20161122,56.29,57.2,55.81,57.14,14682.47,83466.09
300096.SZ,20161122,19.65,19.65,19.2,19.41,124453.76,240587.511
002280.SZ,20161122,17.81,18.05,17.74,18.0,160589.99,286999.294
002505.SZ,20161122,3.63,3.64,3.61,3.64,201366.42,72997.758
002162.SZ,20161122,7.23,7.25,7.17,7.21,140488.61,101142.911
600310.SH,20161122,11.39,11.58,11.25,11.45,175918.67,200916.8
600418.SH,20161122,12.93,13.26,12.93,13.2,281281.15,368196.03
300521.SZ,20161122,80.3,83.74,79.28,80.13,32907.69,266892.782
000861.SZ,20161122,5.31,5.4,5.2,5.24,424399.4,223650.813
603789.SH,20161122,31.45,32.15,31.3,31.6,56192.96,177557.756
002261.SZ,20161122,13.16,13.36,13.11,13.31,108101.92,142919.002
000756.SZ,20161122,13.6,13.93,13.59,13.77,67437.86,92788.033
600681.SH,20161122,14.97,15.44,14.83,15.27,84059.45,127995.223
600590.SH,20161122,19.53,19.63,19.36,19.58,36556.66,71166.663
600515.SH,20161122,13.02,13.13,12.98,13.02,39939.87,52080.424
600825.SH,20161122,9.35,9.58,9.3,9.53,94792.41,89713.786
300334.SZ,20161122,20.5,21.21,20.48,21.16,63147.17,131419.54
600104.SH,20161122,23.59,23.69,23.4,23.46,214556.58,503894.534
601127.SH,20161122,31.35,32.18,31.2,31.4,123367.72,391346.349
000999.SZ,20161122,26.3,26.62,26.23,26.57,46092.13,121837.661
600651.SH,20161122,13.04,13.18,12.68,12.81,246634.32,317536.88
601390.SH,20161122,9.3,9.41,9.23,9.3,1009905.15,940130.931
002437.SZ,20161122,8.72,8.77,8.67,8.73,104276.8,90891.185
300376.SZ,20161122,26.48,26.73,26.41,26.66,22186.44,58850.149
300254.SZ,20161122,20.95,21.24,20.91,21.21,32255.53,68107.99
002177.SZ,20161122,8.44,8.53,8.43,8.52,136873.09,115991.69
000505.SZ,20161122,11.93,13.11,11.87,12.87,278737.38,343105.442
600381.SH,20161122,14.33,14.67,14.01,14.08,122045.18,173975.937
600695.SH,20161122,9.94,9.94,9.8,9.87,49657.56,48921.36
300209.SZ,20161122,34.9,34.9,33.0,34.06,128098.88,433826.953
002625.SZ,20161122,45.46,46.2,45.2,45.5,27681.26,126164.829
000750.SZ,20161122,7.8,7.95,7.78,7.88,965736.35,759233.755
600936.SH,20161122,15.88,15.99,15.68,15.8,224990.17,355605.536
002033.SZ,20161122,15.41,15.95,15.41,15.92,168826.69,266378.006
600782.SH,20161122,3.18,3.33,3.16,3.3,982772.96,322602.105
600850.SH,20161122,27.29,27.45,27.17,27.42,17586.14,48059.989
600777.SH,20161122,18.93,19.64,18.42,18.84,716978.64,1357048.633
000065.SZ,20161122,28.68,28.77,27.65,27.91,60529.47,170104.768
000428.SZ,20161122,7.14,7.19,7.1,7.18,60032.49,42908.506
603726.SH,20161122,65.63,66.3,64.01,64.62,42292.67,274492.237
300175.SZ,20161122,14.19,14.37,13.89,14.16,69153.89,98033.654
601799.SH,20161122,41.69,41.75,40.8,41.22,28160.11,116008.25
300193.SZ,20161122,11.16,11.22,11.07,11.22,113664.55,126833.38
300097.SZ,20161122,60.4,63.3,59.69,63.3,32278.97,197575.584
300321.SZ,20161122,41.07,43.19,41.07,42.89,20949.49,88074.719
600821.SH,20161122,12.3,13.16,12.2,13.03,251818.91,322815.263
601988.SH,20161122,3.39,3.43,3.39,3.43,2675463.85,913003.174
002498.SZ,20161122,4.53,4.58,4.5,4.58,253785.62,114998.264
000810.SZ,20161122,16.48,16.63,16.33,16.6,61160.51,100779.938
300131.SZ,20161122,10.1,10.14,10.03,10.13,90720.44,91419.417
300380.SZ,20161122,45.16,46.15,44.81,46.04,34093.74,154980.482
600771.SH,20161122,35.1,35.38,34.48,34.85,30049.04,104461.653
600157.SH,20161122,5.08,5.11,4.73,4.84,1406773.87,687159.226
600206.SH,20161122,11.24,11.35,11.18,11.34,128210.08,144673.769
600570.SH,20161122,58.46,59.75,58.0,59.33,157027.97,924336.983
600435.SH,20161122,14.73,14.77,14.65,14.77,126514.89,185982.973
002651.SZ,20161122,12.19,12.31,12.06,12.3,281325.36,342348.863
002207.SZ,20161122,22.41,25.09,22.17,25.09,381597.43,919460.53
002785.SZ,20161122,48.0,48.0,44.0,44.43,338036.84,1559914.606
000897.SZ,20161122,4.57,4.62,4.56,4.61,156667.62,71962.563
000006.SZ,20161122,9.59,9.71,9.59,9.65,152708.65,147309.426
002476.SZ,20161122,11.62,11.78,11.55,11.7,198278.04,231454.775
603067.SH,20161122,37.31,38.41,37.31,37.88,109677.0,415345.758
002077.SZ,20161122,18.5,19.63,18.5,19.4,100519.28,193075.23
600960.SH,20161122,9.87,9.96,9.78,9.96,66721.94,65964.323
002062.SZ,20161122,7.32,7.35,7.28,7.34,43168.79,31561.639
000510.SZ,20161122,13.78,14.11,13.44,13.69,764202.53,1050419.718
600592.SH,20161122,13.66,14.37,13.58,14.04,148678.1,208205.772
002756.SZ,20161122,28.79,30.05,28.73,28.89,54709.91,160484.105
002740.SZ,20161122,17.37,17.52,17.2,17.37,47157.49,81711.143
300403.SZ,20161122,74.1,74.98,73.22,73.85,30470.27,225589.065
002477.SZ,20161122,5.28,5.31,5.27,5.3,216570.24,114529.998
600230.SH,20161122,18.38,18.42,17.89,18.07,80079.29,145071.941
603600.SH,20161122,61.75,62.04,60.4,60.9,34895.69,213251.642
600399.SH,20161122,7.46,7.67,7.43,7.58,322529.95,244122.668
002382.SZ,20161122,12.98,13.39,12.94,13.31,96841.48,127737.656
002365.SZ,20161122,26.68,27.66,26.44,27.66,62431.49,169151.197
300117.SZ,20161122,6.94,7.12,6.91,7.05,151904.74,106830.327
000692.SZ,20161122,6.64,6.76,6.63,6.73,161008.56,107753.388
002597.SZ,20161122,15.64,15.96,15.56,15.7,101046.9,159491.96
600335.SH,20161122,13.39,13.47,13.29,13.35,33382.63,44569.745
600575.SH,20161122,5.58,5.69,5.32,5.5,325870.5,179128.715
002702.SZ,20161122,18.96,19.14,18.81,19.06,72395.89,137480.204
002768.SZ,20161122,27.58,27.95,27.55,27.93,37318.13,103620.828
600867.SH,20161122,23.22,23.4,23.18,23.34,24513.01,57069.954
600644.SH,20161122,9.28,9.44,9.25,9.38,76131.99,71292.765
000022.SZ,20161122,17.26,17.45,17.26,17.38,18542.02,32227.116
601088.SH,20161122,17.11,17.72,17.11,17.68,485154.49,849096.719
002020.SZ,20161122,12.37,12.58,12.34,12.55,107788.83,134737.208
600449.SH,20161122,10.52,10.73,10.52,10.71,125998.23,134456.003
600784.SH,20161122,10.71,11.05,10.63,10.72,201104.61,217304.113
600769.SH,20161122,12.93,13.35,12.58,12.77,110249.98,140099.57
002416.SZ,20161122,16.75,17.96,16.74,17.5,342568.01,595101.656
600029.SH,20161122,7.46,7.55,7.4,7.52,1167084.83,872318.655
603718.SH,20161122,19.2,19.65,19.16,19.4,65283.66,126745.097
000612.SZ,20161122,9.16,9.61,9.13,9.59,695363.92,658240.413
002294.SZ,20161122,29.88,30.08,29.82,29.89,34096.12,102044.152
002185.SZ,20161122,13.46,13.57,13.3,13.45,312647.32,419879.971
300203.SZ,20161122,30.85,31.18,30.61,31.15,39815.04,123173.924
300106.SZ,20161122,18.7,18.8,18.55,18.78,21034.96,39272.831
600007.SH,20161122,19.88,19.88,19.51,19.71,16757.65,33044.042
300270.SZ,20161122,17.49,17.7,17.26,17.54,26426.72,46183.492
300476.SZ,20161122,23.95,24.44,23.92,24.37,52988.35,128609.812
000088.SZ,20161122,7.7,7.77,7.7,7.75,72070.99,55789.512
601169.SH,20161122,9.75,9.86,9.73,9.85,464853.3,456256.451
002424.SZ,20161122,22.02,22.19,22.01,22.11,38782.81,85673.23
002611.SZ,20161122,16.33,16.45,16.0,16.33,50732.33,82340.291
600523.SH,20161122,23.6,24.53,23.42,24.33,97527.36,234409.302
002761.SZ,20161122,45.0,45.5,44.72,45.45,17209.06,77540.039
300317.SZ,20161122,40.09,40.96,39.8,40.79,33812.34,136428.74
300424.SZ,20161122,59.9,62.57,59.55,61.89,28007.59,172393.574
002638.SZ,20161122,11.33,11.33,10.92,11.14,128427.08,142067.294
002104.SZ,20161122,13.86,14.18,13.84,14.15,231705.89,324440.409
002809.SZ,20161122,92.2,97.33,92.2,94.4,68564.77,650404.502
000012.SZ,20161122,14.7,15.06,14.35,14.59,2055776.61,3020167.226
601258.SH,20161122,2.84,2.88,2.84,2.87,1211612.31,346634.801
600834.SH,20161122,14.97,15.11,14.87,15.1,53698.24,80765.264
000628.SZ,20161122,15.28,15.6,15.18,15.49,52076.26,79977.213
600826.SH,20161122,30.05,30.37,29.86,30.22,58456.35,176283.919
000555.SZ,20161122,27.6,27.98,27.38,27.51,90675.31,250728.253
000779.SZ,20161122,20.23,20.49,20.06,20.48,59049.49,119935.618
002523.SZ,20161122,7.5,7.73,7.5,7.63,209185.38,160245.463
000799.SZ,20161122,21.66,21.78,21.3,21.58,102916.0,221230.803
002331.SZ,20161122,17.03,17.19,16.84,16.92,108245.02,183372.762
000070.SZ,20161122,28.95,29.19,28.28,28.5,67261.72,192411.632
603299.SH,20161122,22.88,22.88,21.78,22.25,149546.01,336558.97
603203.SH,20161122,61.63,61.63,61.63,61.63,466.65,2875.964
002552.SZ,20161122,17.8,18.49,17.68,18.24,129858.56,235424.177
600167.SH,20161122,16.94,17.09,16.9,17.03,13354.02,22699.631
300356.SZ,20161122,44.0,44.99,43.9,44.16,64517.98,285891.807
601028.SH,20161122,11.25,11.35,11.22,11.29,62590.45,70557.697
300352.SZ,20161122,23.71,23.71,23.71,23.71,185189.03,439083.19
300399.SZ,20161122,36.98,37.72,36.68,37.72,39153.48,145773.742
603008.SH,20161122,20.86,21.05,20.76,20.93,24313.85,50768.269
600022.SH,20161122,2.58,2.65,2.57,2.63,1457529.9,381574.185
002121.SZ,20161122,9.62,9.63,9.56,9.62,63426.72,60808.795
000068.SZ,20161122,9.32,9.38,9.28,9.38,58772.41,54826.803
603027.SH,20161122,44.21,45.67,43.7,44.47,68903.83,306681.163
300340.SZ,20161122,60.39,61.49,59.61,60.96,40099.94,242510.019
000681.SZ,20161122,23.1,23.4,23.0,23.4,31736.07,73513.606
600571.SH,20161122,22.82,23.24,22.81,23.19,86409.19,198947.366
600223.SH,20161122,5.93,5.98,5.89,5.98,103469.62,61311.21
002565.SZ,20161122,8.14,8.17,8.04,8.14,65243.04,52875.751
600809.SH,20161122,22.2,22.5,22.05,22.47,48036.93,106775.954
300533.SZ,20161122,171.0,176.0,167.55,168.08,50067.58,853123.803
002100.SZ,20161122,9.66,9.68,9.61,9.68,57122.97,55081.945
600493.SH,20161122,15.88,16.3,15.78,16.29,72471.78,117216.732
300228.SZ,20161122,16.02,16.17,15.9,16.16,98912.62,158453.987
002752.SZ,20161122,20.72,22.35,20.5,21.95,214632.96,461748.885
002287.SZ,20161122,63.33,65.3,54.95,54.95,218790.26,1239410.954
600856.SH,20161122,12.5,12.72,12.5,12.55,114485.03,144424.046
601618.SH,20161122,5.05,5.22,5.02,5.11,2395967.19,1226055.776
600218.SH,20161122,11.5,11.89,11.45,11.72,117691.57,136827.818
600800.SH,20161122,10.6,10.7,10.35,10.5,252796.1,265056.032
002790.SZ,20161122,54.84,56.8,54.3,55.21,85261.64,473003.015
600099.SH,20161122,14.2,14.38,14.1,14.23,41294.45,58785.454
300241.SZ,20161122,18.11,18.28,17.99,18.27,31779.34,57722.963
600368.SH,20161122,5.97,6.03,5.96,6.02,119705.32,71813.359
300335.SZ,20161122,20.0,20.13,19.4,19.64,41745.05,82315.383
600601.SH,20161122,5.09,5.11,5.04,5.1,255275.2,129750.263
300158.SZ,20161122,22.58,22.8,22.26,22.51,41420.11,93314.756
002677.SZ,20161122,12.65,12.68,12.5,12.6,21876.98,27470.758
002631.SZ,20161122,22.21,22.47,22.13,22.44,59863.09,133438.726
000820.SZ,20161122,25.42,26.1,25.09,26.02,52473.37,134051.062
300481.SZ,20161122,41.35,41.8,40.71,41.69,67288.93,277362.564
002112.SZ,20161122,22.33,22.68,22.23,22.39,52226.31,117289.863
600843.SH,20161122,18.18,18.4,17.92,18.18,194062.06,351900.537
600383.SH,20161122,12.14,12.27,12.11,12.21,68384.56,83372.433
002542.SZ,20161122,8.25,8.31,8.21,8.27,49545.67,40884.955
601801.SH,20161122,16.8,17.01,16.28,16.56,472117.47,789332.283
002153.SZ,20161122,25.7,25.89,25.53,25.86,42618.18,109436.6
600497.SH,20161122,7.79,8.5,7.7,8.26,3370052.62,2719771.294
600778.SH,20161122,11.5,11.96,11.4,11.81,99660.71,117165.144
300285.SZ,20161122,37.76,38.7,37.76,38.63,21660.37,83279.564
601579.SH,20161122,14.78,14.97,14.74,14.9,34914.13,51847.176
300188.SZ,20161122,23.94,24.32,23.94,24.3,63023.88,151985.256
601360.SH,20161122,13.2,13.23,13.11,13.2,51755.26,68164.231
300440.SZ,20161122,33.89,34.35,33.77,34.35,33727.33,114954.429
002359.SZ,20161122,27.11,27.54,26.86,27.21,23086.83,62606.42
002084.SZ,20161122,12.5,12.55,12.34,12.45,121519.34,150699.728
601789.SH,20161122,7.64,7.88,7.63,7.78,386967.43,301189.33
002684.SZ,20161122,32.47,32.8,32.03,32.8,55878.53,181156.41
000868.SZ,20161122,7.12,7.22,7.1,7.21,109795.67,78625.437
300543.SZ,20161122,145.5,155.65,145.5,149.5,46118.48,700776.157
600216.SH,20161122,14.02,14.09,13.99,14.05,94296.42,132397.295
601958.SH,20161122,8.55,8.69,8.52,8.64,203941.12,175564.217
300491.SZ,20161122,108.0,118.89,106.62,110.3,63497.86,708079.034
300498.SZ,20161122,32.83,33.36,32.74,33.27,88805.42,293506.008
000600.SZ,20161122,9.28,9.37,9.25,9.36,107196.03,99856.934
600095.SH,20161122,11.77,12.25,11.77,12.14,136015.72,164291.844
603085.SH,20161122,55.97,58.16,55.93,56.25,35437.99,201639.796
600207.SH,20161122,10.48,10.65,10.37,10.47,68001.67,71256.426
601003.SH,20161122,4.33,4.55,4.2,4.55,625517.27,274716.906
002414.SZ,20161122,25.53,25.65,25.38,25.51,18399.86,46906.392
002778.SZ,20161122,61.46,63.8,61.02,62.94,55443.06,346020.491
000650.SZ,20161122,7.66,7.74,7.64,7.71,157139.4,120889.834
600232.SH,20161122,12.24,12.35,12.1,12.34,61203.63,75069.749
002160.SZ,20161122,9.84,9.93,9.75,9.87,79142.49,77719.893
601777.SH,20161122,10.03,10.07,9.95,10.05,127645.15,127714.552
600992.SH,20161122,15.5,15.75,15.49,15.66,64352.62,100420.931
000936.SZ,20161122,10.47,10.65,10.46,10.65,89083.74,94096.431
002395.SZ,20161122,25.05,26.58,24.91,25.9,106845.55,277075.43
600058.SH,20161122,17.58,17.95,17.5,17.93,152288.09,270994.074
603869.SH,20161122,32.4,32.89,32.08,32.8,28789.3,93841.779
000720.SZ,20161122,7.21,7.3,7.2,7.3,168269.02,121800.38
000544.SZ,20161122,18.63,18.75,18.44,18.67,23425.57,43565.135
002255.SZ,20161122,8.4,8.79,8.4,8.79,203852.36,175773.555
300253.SZ,20161122,22.25,22.48,22.14,22.45,107100.88,238771.447
000833.SZ,20161122,11.54,11.89,11.5,11.8,263813.75,309039.779
300053.SZ,20161122,16.32,16.58,16.1,16.54,143050.15,233019.296
002680.SZ,20161122,20.67,20.87,20.53,20.63,25400.93,52498.318
002224.SZ,20161122,17.26,17.29,17.09,17.19,73000.93,125221.852
002593.SZ,20161122,7.83,7.89,7.79,7.87,66511.54,52194.104
002371.SZ,20161122,33.93,34.55,33.51,33.9,56204.19,191820.916
000837.SZ,20161122,9.04,9.1,8.97,9.06,130834.58,118307.581
603589.SH,20161122,34.19,34.48,34.15,34.46,33229.22,113995.753
600679.SH,20161122,30.03,31.32,29.56,31.32,156807.64,479852.774
601222.SH,20161122,9.07,9.09,8.99,9.05,181425.55,163713.614
002152.SZ,20161122,14.88,14.98,14.77,14.98,105388.9,156642.172
002716.SZ,20161122,25.7,26.12,25.41,25.75,351921.94,905776.808
300516.SZ,20161122,131.28,133.5,130.93,132.38,27421.6,363071.394
600796.SH,20161122,12.78,13.23,12.76,13.16,184049.85,239234.308
002269.SZ,20161122,4.65,5.01,4.6,5.01,516362.71,250389.744
600420.SH,20161122,31.95,32.42,31.3,31.69,39112.83,123884.048
600792.SH,20161122,6.31,6.4,6.21,6.32,129559.76,81815.978
002277.SZ,20161122,14.51,14.77,14.46,14.5,96808.06,141312.092
000409.SZ,20161122,15.19,15.98,15.11,15.94,234888.32,366597.197
600827.SH,20161122,13.08,13.46,13.04,13.42,235364.21,313205.831
002021.SZ,20161122,9.82,9.91,9.76,9.87,59920.45,58912.873
002689.SZ,20161122,7.94,7.94,7.85,7.93,68412.72,54035.985
600385.SH,20161122,24.0,24.72,23.83,24.54,33668.86,82302.96
000049.SZ,20161122,44.5,44.7,43.83,44.69,38056.16,168520.94
000002.SZ,20161122,27.04,27.42,26.9,27.3,530389.88,1441172.538
603688.SH,20161122,24.68,24.89,24.17,24.42,79336.11,193916.807
600333.SH,20161122,9.05,9.07,8.95,9.03,115591.03,104035.246
300094.SZ,20161122,7.82,8.13,7.79,8.04,210165.12,168084.135
300364.SZ,20161122,55.99,56.18,52.23,52.56,92615.54,493894.188
601166.SH,20161122,16.32,16.47,16.32,16.42,793680.58,1302991.84
002263.SZ,20161122,3.72,3.74,3.68,3.73,338428.98,125496.333
002186.SZ,20161122,22.03,22.25,21.95,22.24,30264.82,66959.532
603116.SH,20161122,24.08,24.54,23.96,24.4,80399.33,195384.304
601872.SH,20161122,5.65,5.7,5.61,5.68,422737.66,238881.273
000333.SZ,20161122,27.61,27.78,27.4,27.44,170657.89,470056.101
600005.SH,20161122,3.24,3.32,3.23,3.29,916069.56,301272.929
002588.SZ,20161122,11.57,11.69,11.57,11.68,106830.68,124255.27
600303.SH,20161122,10.42,10.46,10.37,10.46,106157.96,110524.161
002058.SZ,20161122,28.29,30.97,27.65,30.97,101829.36,298778.77
002233.SZ,20161122,10.44,10.44,10.2,10.26,180659.5,185990.837
002678.SZ,20161122,16.68,18.33,16.48,18.33,306421.93,539386.576
300479.SZ,20161122,30.95,31.49,30.73,31.49,37464.26,116333.889
002443.SZ,20161122,13.47,13.6,13.36,13.55,111670.38,150580.489
300370.SZ,20161122,10.23,10.48,10.21,10.46,66154.74,68488.051
300497.SZ,20161122,79.55,81.1,78.8,79.9,28368.86,226318.05
600811.SH,20161122,7.31,7.39,7.29,7.38,171660.53,126207.882
300251.SZ,20161122,11.23,11.34,11.19,11.33,171356.7,192990.719
603020.SH,20161122,22.82,23.6,22.71,23.55,81438.15,189045.837
600970.SH,20161122,8.0,8.05,7.83,7.94,283687.55,224922.91
002240.SZ,20161122,12.91,13.2,12.77,13.18,125872.17,163264.232
002420.SZ,20161122,10.7,10.83,10.68,10.79,40708.72,43734.685
000768.SZ,20161122,22.23,22.28,21.95,22.19,155592.03,343348.837
600251.SH,20161122,8.52,8.63,8.47,8.55,96402.15,82444.792
002421.SZ,20161122,7.33,7.46,7.29,7.4,180461.45,133318.588
002360.SZ,20161122,13.8,13.93,13.6,13.76,106276.61,146264.387
600993.SH,20161122,21.0,21.07,20.83,20.99,60652.22,126939.762
600393.SH,20161122,14.33,14.6,14.18,14.51,40159.6,57903.787
002819.SZ,20161122,13.92,13.92,13.92,13.92,26.0,36.192
300551.SZ,20161122,91.88,96.1,91.54,94.18,36747.2,344930.041
002606.SZ,20161122,41.8,42.51,39.74,41.75,115028.85,477719.428
600371.SH,20161122,18.07,18.19,17.95,18.15,23894.88,43247.059
300070.SZ,20161122,17.65,17.69,17.45,17.62,147560.35,259188.194
300156.SZ,20161122,25.38,25.65,25.1,25.3,87988.11,221916.767
002490.SZ,20161122,11.85,12.35,11.81,12.18,192578.4,233850.061
600690.SH,20161122,9.93,10.05,9.92,10.0,238545.83,238502.166
002128.SZ,20161122,9.29,9.48,9.29,9.42,199040.92,186803.626
300385.SZ,20161122,42.88,42.88,41.88,42.47,27339.93,115735.02
002127.SZ,20161122,11.63,11.77,11.58,11.72,82852.9,96445.75
601633.SH,20161122,10.47,10.56,10.47,10.52,105966.74,111387.068
600783.SH,20161122,25.56,25.59,25.08,25.29,122428.15,309831.012
600100.SH,20161122,14.2,14.3,14.19,14.29,287438.33,409736.175
600267.SH,20161122,13.84,14.18,13.81,14.01,115670.53,162129.768
600051.SH,20161122,13.19,13.45,13.02,13.28,103594.52,137160.6
300565.SZ,20161122,10.54,12.64,10.54,12.64,118.03,147.469
600503.SH,20161122,9.72,9.74,9.68,9.74,301059.56,292390.0
000023.SZ,20161122,34.62,34.95,34.25,34.82,13563.3,46841.626
300409.SZ,20161122,43.35,43.95,43.11,43.95,24855.49,108695.425
600019.SH,20161122,5.95,6.18,5.94,6.16,983568.8,601095.413
300431.SZ,20161122,57.51,58.58,57.3,58.2,84434.41,488350.869
600103.SH,20161122,6.53,6.58,6.5,6.55,87940.06,57445.976
600761.SH,20161122,12.37,12.51,12.32,12.46,54134.38,67259.125
000880.SZ,20161122,16.0,16.14,15.91,16.08,39594.74,63537.277
002211.SZ,20161122,15.57,15.85,15.57,15.72,117743.03,185105.896
002573.SZ,20161122,18.45,18.47,18.3,18.46,76177.73,140065.072
002714.SZ,20161122,24.92,25.06,24.74,24.93,55331.86,137494.93
000509.SZ,20161122,8.6,8.84,8.5,8.7,263732.39,228459.672
300220.SZ,20161122,34.08,34.96,34.08,34.73,30758.09,106397.022
000516.SZ,20161122,7.52,7.59,7.36,7.5,405949.93,302967.202
002694.SZ,20161122,34.21,34.96,34.21,34.6,19314.36,66863.059
600767.SH,20161122,17.35,17.65,17.24,17.5,127340.52,222389.897
300003.SZ,20161122,18.4,18.57,18.33,18.56,68448.97,126191.007
000917.SZ,20161122,15.97,16.11,15.97,16.1,163379.99,262116.035
603421.SH,20161122,53.86,55.15,53.5,54.52,71138.7,386362.717
000860.SZ,20161122,20.7,20.9,20.68,20.82,62581.77,130022.269
000819.SZ,20161122,30.76,31.02,30.6,30.78,30509.12,93919.994
600395.SH,20161122,10.02,10.28,9.99,10.19,429665.06,436251.038
300089.SZ,20161122,17.8,18.14,17.71,17.97,40003.03,71718.281
300401.SZ,20161122,35.75,35.75,34.7,35.18,33247.84,116605.006
002346.SZ,20161122,25.84,28.71,25.05,28.71,316822.7,852342.488
002669.SZ,20161122,27.77,30.8,27.77,28.89,99193.41,288631.045
300063.SZ,20161122,41.25,42.33,39.5,40.18,521564.68,2118136.7
603060.SH,20161122,34.11,34.11,34.11,34.11,877.98,2994.79
002076.SZ,20161122,15.64,15.88,15.08,15.54,196833.65,302986.064
600336.SH,20161122,7.88,8.02,7.84,8.02,133840.87,106253.478
600657.SH,20161122,6.55,6.69,6.52,6.68,334749.33,220891.041
000652.SZ,20161122,6.01,6.25,6.01,6.14,327727.04,201212.726
000869.SZ,20161122,37.78,38.3,37.7,38.3,16363.74,62308.962
002223.SZ,20161122,34.65,34.75,34.47,34.62,60594.35,209375.982
600581.SH,20161122,5.73,5.85,5.73,5.78,106837.26,61771.73
600845.SH,20161122,20.77,21.24,20.71,21.04,23019.24,48334.448
603611.SH,20161122,39.79,40.2,39.25,39.75,36529.86,144573.329
600775.SH,20161122,14.84,15.2,14.83,15.1,78132.72,117860.763
002749.SZ,20161122,102.9,104.42,101.61,102.77,20007.4,206110.656
300236.SZ,20161122,43.85,46.78,43.0,43.3,112095.53,498283.6
002019.SZ,20161122,15.98,15.98,15.8,15.93,93662.06,148798.334
000518.SZ,20161122,8.05,8.11,8.03,8.1,93234.34,75264.067
300148.SZ,20161122,21.39,21.93,21.08,21.49,80735.65,174030.983
002661.SZ,20161122,17.94,18.23,17.86,18.23,19980.88,36135.017
600287.SH,20161122,12.0,12.03,11.93,12.0,62676.7,75109.851
600522.SH,20161122,11.13,11.17,11.06,11.14,240392.55,266721.015
600626.SH,20161122,13.43,13.97,13.3,13.59,493613.46,671670.748
000723.SZ,20161122,18.9,18.94,18.67,18.82,25208.11,47374.055
600291.SH,20161122,21.49,22.0,21.47,21.95,65871.19,143364.464
002521.SZ,20161122,11.01,11.24,10.94,11.19,221044.49,245402.328
300176.SZ,20161122,32.86,33.58,32.52,33.37,54660.33,180367.64
000788.SZ,20161122,13.89,13.9,13.77,13.87,29898.2,41405.886
000969.SZ,20161122,13.19,13.39,13.18,13.28,113555.57,150710.256
300155.SZ,20161122,13.4,13.46,13.28,13.42,41656.66,55692.568
600649.SH,20161122,20.42,20.6,20.3,20.47,157730.4,322574.367
600468.SH,20161122,14.19,14.24,14.03,14.18,40885.64,57707.843
002179.SZ,20161122,37.33,37.33,36.86,37.08,59601.41,220873.49
002451.SZ,20161122,17.77,18.45,16.98,17.65,497424.48,875832.086
300414.SZ,20161122,39.2,39.24,38.53,39.01,22884.19,89011.782
300105.SZ,20161122,9.96,10.01,9.86,9.99,79575.39,78974.191
300157.SZ,20161122,9.93,10.09,9.85,10.02,288117.24,286477.536
000338.SZ,20161122,10.11,10.29,10.06,10.24,234215.64,238343.065
000818.SZ,20161122,13.14,13.4,13.14,13.27,90509.46,119876.985
600741.SH,20161122,16.13,16.34,16.11,16.28,108316.81,176091.314
600744.SH,20161122,5.84,5.87,5.82,5.86,124952.83,73107.945
300538.SZ,20161122,99.5,103.88,99.44,100.0,34382.94,347146.323
000543.SZ,20161122,8.49,8.53,8.45,8.5,247987.35,210412.769
300038.SZ,20161122,47.2,47.39,46.6,47.06,85668.21,402285.806
600603.SH,20161122,14.81,15.0,14.81,14.91,28318.11,42147.081
600329.SH,20161122,17.69,18.46,17.6,18.18,187698.43,340834.51
300016.SZ,20161122,20.68,20.79,20.47,20.76,57995.22,119689.931
600965.SH,20161122,15.32,15.42,14.9,15.22,45152.41,67978.07
600819.SH,20161122,7.9,7.97,7.85,7.97,63936.65,50688.827
600666.SH,20161122,29.77,29.8,29.21,29.59,369065.78,1086921.919
002195.SZ,20161122,12.9,12.94,12.5,12.62,324882.39,411069.034
002061.SZ,20161122,7.97,8.3,7.94,8.3,218166.67,178273.663
002045.SZ,20161122,13.85,13.95,13.65,13.85,72045.72,99409.858
002726.SZ,20161122,17.94,18.09,17.81,17.97,38469.86,69083.903
002073.SZ,20161122,12.26,12.4,12.16,12.36,64601.37,79607.336
000708.SZ,20161122,12.58,12.93,12.52,12.88,84649.4,108518.341
600072.SH,20161122,15.19,15.65,15.13,15.64,123148.86,190266.207
002374.SZ,20161122,8.72,9.06,8.69,9.03,369792.62,329794.254
603609.SH,20161122,14.36,14.49,14.35,14.47,33258.67,47963.126
600822.SH,20161122,18.15,19.15,17.92,18.08,238570.81,437121.104
600179.SH,20161122,15.53,15.69,15.36,15.59,64308.07,99899.179
300336.SZ,20161122,21.08,21.25,20.9,21.25,64440.63,135765.447
002670.SZ,20161122,33.05,35.7,33.05,35.7,100669.11,346099.779
600653.SH,20161122,4.37,4.41,4.36,4.4,169107.13,74017.924
002048.SZ,20161122,23.8,24.05,23.65,23.82,68389.61,163301.824
002376.SZ,20161122,13.36,13.59,13.29,13.59,106930.82,143347.127
603131.SH,20161122,72.1,73.0,71.15,72.53,28496.44,205961.82
002156.SZ,20161122,12.17,12.18,12.1,12.14,136655.18,165760.626
002366.SZ,20161122,56.67,57.4,56.08,56.08,53402.01,302183.121
300024.SZ,20161122,23.7,24.11,23.42,24.1,305939.27,724595.784
002532.SZ,20161122,16.36,16.7,16.31,16.46,41220.4,67990.257
000717.SZ,20161122,4.34,4.41,4.34,4.38,190928.57,83513.489
002586.SZ,20161122,10.58,10.58,10.36,10.5,59554.37,62293.105
300435.SZ,20161122,22.06,22.14,21.78,22.11,45475.01,99758.916
600235.SH,20161122,12.45,12.48,12.32,12.42,51230.27,63395.686
300240.SZ,20161122,12.52,12.76,12.46,12.75,116239.85,146448.897
601002.SH,20161122,10.57,10.69,10.49,10.63,235342.13,249074.086
002008.SZ,20161122,23.07,23.39,22.94,23.27,103215.94,239612.776
300483.SZ,20161122,62.03,62.99,61.51,62.18,27279.6,169576.23
600589.SH,20161122,9.62,9.65,9.56,9.64,72912.53,69992.264
002454.SZ,20161122,15.27,15.35,15.22,15.29,33635.11,51364.094
002409.SZ,20161122,24.55,25.55,24.47,24.92,16535.52,41378.781
002515.SZ,20161122,19.51,19.8,19.18,19.52,187610.89,363813.391
600746.SH,20161122,15.05,15.37,14.82,15.15,95546.65,143849.287
300556.SZ,20161122,25.07,25.07,25.07,25.07,91.26,228.788
300375.SZ,20161122,27.45,27.47,26.92,27.29,35273.19,95873.558
600131.SH,20161122,12.24,12.48,12.13,12.36,60266.99,74249.099
002528.SZ,20161122,8.35,8.42,8.29,8.37,102435.75,85443.268
000903.SZ,20161122,8.38,8.46,8.29,8.35,101990.67,85416.018
002641.SZ,20161122,8.97,9.05,8.94,9.02,33368.28,30041.919
000661.SZ,20161122,117.67,119.68,116.88,117.87,32183.63,379496.545
002391.SZ,20161122,17.3,17.82,17.26,17.4,39453.41,68992.404
300359.SZ,20161122,24.8,25.2,24.73,25.1,70661.01,175992.908
002491.SZ,20161122,16.98,17.19,16.94,17.05,77160.27,131671.101
002518.SZ,20161122,21.73,21.77,21.53,21.68,24300.11,52618.409
000025.SZ,20161122,67.4,67.69,66.8,67.49,52982.14,355908.138
600711.SH,20161122,7.85,8.09,7.85,8.04,466971.19,373203.648
600236.SH,20161122,6.67,6.69,6.62,6.67,85679.21,56897.537
000514.SZ,20161122,8.16,8.19,8.11,8.17,77573.42,63257.117
002494.SZ,20161122,18.17,18.48,17.75,18.0,152773.58,273753.56
002268.SZ,20161122,33.56,33.88,33.39,33.85,43577.41,146235.958
300015.SZ,20161122,33.14,33.27,33.0,33.2,17958.28,59478.406
002044.SZ,20161122,13.67,13.76,13.6,13.71,85910.45,117519.53
600758.SH,20161122,13.93,14.17,13.87,14.05,289147.32,405155.343
002580.SZ,20161122,19.92,20.88,19.92,20.3,115027.08,235384.179
000521.SZ,20161122,6.84,6.9,6.82,6.9,76368.59,52396.472
300187.SZ,20161122,14.16,14.24,14.07,14.23,33708.91,47676.373
300017.SZ,20161122,58.8,59.68,58.62,59.68,79960.76,472196.979
600048.SH,20161122,9.5,9.6,9.44,9.55,485794.47,462457.427
600321.SH,20161122,8.09,8.28,7.99,8.24,703973.42,573695.483
002506.SZ,20161122,6.09,6.1,6.06,6.1,245661.18,149341.031
300289.SZ,20161122,13.9,13.98,13.82,13.96,49352.87,68516.837
300134.SZ,20161122,29.73,29.73,29.2,29.55,83853.58,246825.084
000566.SZ,20161122,14.5,14.58,14.33,14.4,87727.1,126393.518
600982.SH,20161122,5.76,5.91,5.76,5.88,163169.78,95553.442
000669.SZ,20161122,18.97,19.18,18.63,19.0,123481.57,233023.187
300393.SZ,20161122,50.2,50.6,49.45,50.28,15956.96,79675.222
000157.SZ,20161122,4.81,4.86,4.78,4.85,469782.91,226650.471
002546.SZ,20161122,10.11,10.23,10.04,10.18,60552.77,61350.42
002015.SZ,20161122,9.64,9.66,9.56,9.63,44769.22,42959.775
600094.SH,20161122,9.11,9.12,9.06,9.1,115277.8,104789.936
002796.SZ,20161122,84.5,87.5,83.0,84.21,78337.75,663870.021
300153.SZ,20161122,22.19,23.89,22.04,23.02,162827.12,372604.533
600323.SH,20161122,15.31,15.42,15.29,15.38,53973.92,82864.298
603101.SH,20161122,31.58,32.1,30.61,30.83,88135.2,274642.097
002091.SZ,20161122,14.1,14.21,14.06,14.2,64349.32,90911.868
002687.SZ,20161122,14.5,14.97,14.26,14.93,145607.41,212804.034
300275.SZ,20161122,21.06,21.5,21.0,21.31,46312.22,98207.804
002381.SZ,20161122,12.9,13.05,12.83,12.95,64615.79,83669.083
000858.SZ,20161122,34.45,34.55,34.3,34.42,154708.25,531809.593
600896.SH,20161122,13.4,13.52,13.28,13.4,50955.08,68284.291
300266.SZ,20161122,48.06,48.44,47.92,48.35,14882.7,71855.521
002190.SZ,20161122,35.21,35.53,35.13,35.46,27359.63,96630.484
600712.SH,20161122,11.17,11.75,11.11,11.51,189647.73,216960.748
601877.SH,20161122,21.95,22.05,21.81,21.95,39518.92,86656.652
600483.SH,20161122,12.21,12.26,12.06,12.12,99004.55,120137.15
600169.SH,20161122,4.48,4.52,4.43,4.45,549122.39,245419.131
000585.SZ,20161122,8.15,8.29,8.11,8.17,123307.51,100963.211
002208.SZ,20161122,18.18,18.44,18.18,18.29,50897.47,93270.772
002556.SZ,20161122,9.55,9.66,9.52,9.59,181970.83,174344.515
600067.SH,20161122,7.6,7.67,7.57,7.65,168734.16,128485.665
600239.SH,20161122,6.01,6.03,5.95,6.01,84886.47,50780.144
600677.SH,20161122,18.81,19.0,18.78,18.87,59289.86,111746.426
002630.SZ,20161122,14.3,14.46,14.13,14.28,142627.84,203154.834
000069.SZ,20161122,7.09,7.14,7.06,7.11,394321.08,279884.282
600697.SH,20161122,36.45,37.0,36.1,36.59,69651.52,253970.865
600210.SH,20161122,5.74,5.78,5.69,5.75,251479.41,144257.607
600609.SH,20161122,7.16,7.22,7.02,7.18,135836.33,96853.99
603069.SH,20161122,23.4,24.5,23.11,23.35,163811.7,388703.874
002548.SZ,20161122,16.47,17.2,16.43,16.69,135071.12,226314.778
000882.SZ,20161122,4.15,4.26,4.14,4.24,459057.06,192078.774
300126.SZ,20161122,11.65,11.85,11.55,11.77,69961.04,81840.774
000965.SZ,20161122,6.69,6.76,6.67,6.73,71528.39,48092.043
600650.SH,20161122,26.32,26.75,26.22,26.54,69934.96,185452.222
601006.SH,20161122,7.1,7.13,7.07,7.09,305874.59,217114.71
000541.SZ,20161122,10.43,10.5,10.38,10.5,117685.23,122857.563
300127.SZ,20161122,22.13,22.27,21.81,22.27,74766.92,164471.578
002023.SZ,20161122,15.91,16.03,15.8,15.89,71413.63,113461.992
600086.SH,20161122,10.9,10.98,10.73,10.98,152312.99,165699.005
002763.SZ,20161122,38.73,39.45,38.4,39.25,69680.68,270463.676
000619.SZ,20161122,12.25,12.39,12.24,12.37,65925.0,81282.636
300304.SZ,20161122,34.4,34.4,33.26,33.95,25816.58,86845.844
600082.SH,20161122,7.06,7.17,7.05,7.13,78423.13,55822.042
002639.SZ,20161122,13.55,13.75,13.34,13.6,419862.13,569461.129
603306.SH,20161122,38.07,39.2,37.99,39.11,31062.43,120684.085
600313.SH,20161122,6.48,6.57,6.42,6.49,113395.14,73659.282
600642.SH,20161122,6.12,6.15,6.1,6.13,216367.02,132579.448
002679.SZ,20161122,55.5,55.99,52.47,52.47,83231.75,444225.882
600396.SH,20161122,5.58,5.64,5.55,5.63,135170.01,75696.547
300384.SZ,20161122,51.34,51.35,50.5,51.08,20067.54,102210.439
002536.SZ,20161122,15.16,15.25,15.14,15.22,47882.53,72734.835
002064.SZ,20161122,4.85,5.34,4.85,5.15,746124.31,381736.464
601898.SH,20161122,6.67,6.74,6.63,6.71,312814.02,209318.369
002690.SZ,20161122,22.36,22.53,22.15,22.45,34238.63,76387.505
300461.SZ,20161122,77.2,79.8,77.2,79.45,15197.17,119622.415
002474.SZ,20161122,16.77,17.2,16.66,17.07,283286.64,479403.66
002063.SZ,20161122,14.64,14.95,14.59,14.78,252158.26,373185.235
000731.SZ,20161122,11.14,11.29,10.9,10.92,374981.35,413357.973
600884.SH,20161122,15.27,15.58,15.19,15.47,160147.91,247110.223
603939.SH,20161122,32.75,33.22,32.7,33.19,14519.46,48017.926
300474.SZ,20161122,64.6,64.85,63.4,64.17,48720.94,311390.043
603828.SH,20161122,26.78,27.1,26.38,26.93,45075.98,120041.126
600728.SH,20161122,9.68,9.7,9.42,9.53,291594.78,277145.475
300351.SZ,20161122,28.7,29.49,28.68,28.83,60248.6,174816.891
002602.SZ,20161122,37.34,38.1,36.82,37.39,81780.36,306261.588
600126.SH,20161122,8.94,9.05,8.94,9.03,86477.75,77840.138
600763.SH,20161122,33.86,34.3,33.75,34.06,23912.94,81461.242
600293.SH,20161122,19.02,19.8,18.76,18.77,122324.92,233791.717
002004.SZ,20161122,9.87,9.88,9.78,9.87,132303.86,130037.387
000591.SZ,20161122,14.94,14.98,14.84,14.88,33802.92,50315.143
300056.SZ,20161122,20.72,21.12,20.55,20.94,68668.55,143161.957
300061.SZ,20161122,28.99,29.06,28.4,28.81,14946.55,42894.927
300318.SZ,20161122,9.92,10.56,9.92,10.23,264029.29,270972.458
601038.SH,20161122,11.85,11.9,11.73,11.85,79727.04,94138.289
000838.SZ,20161122,10.09,10.12,10.0,10.07,213462.49,214249.52
000798.SZ,20161122,12.0,12.21,11.9,12.12,72829.45,87960.069
600332.SH,20161122,25.67,25.69,25.49,25.63,66441.75,169950.191
002643.SZ,20161122,42.39,42.44,41.48,41.74,59499.6,248536.632
300329.SZ,20161122,18.47,19.19,18.3,19.02,99394.69,185650.781
300405.SZ,20161122,59.9,59.9,58.0,59.18,28413.07,167491.652
600176.SH,20161122,11.32,11.38,11.16,11.32,188367.98,211593.421
002555.SZ,20161122,18.9,19.05,18.75,19.05,64951.95,122606.168
600637.SH,20161122,24.15,24.62,24.15,24.61,135009.63,330167.462
601969.SH,20161122,13.07,14.06,13.07,13.69,212209.86,287067.011
000410.SZ,20161122,15.15,15.55,15.11,15.37,212197.66,326090.163
600153.SH,20161122,11.17,11.18,11.12,11.17,279394.07,311504.4
300019.SZ,20161122,15.63,17.18,15.41,17.18,262530.46,430112.945
600466.SH,20161122,8.17,8.37,8.12,8.22,250789.93,207236.278
002050.SZ,20161122,10.35,10.38,10.15,10.27,168688.81,173013.948
002054.SZ,20161122,11.78,12.05,11.78,12.02,75325.55,89921.709
002686.SZ,20161122,17.1,17.34,17.04,17.16,35063.9,60114.065
603799.SH,20161122,33.5,35.22,33.06,35.17,232390.35,796276.084
300022.SZ,20161122,9.52,9.74,9.45,9.56,111938.29,107095.55
000063.SZ,20161122,16.45,16.83,16.35,16.73,335591.85,558158.389
002688.SZ,20161122,10.99,11.0,10.85,10.94,52342.57,57069.987
002364.SZ,20161122,23.81,23.85,23.48,23.76,34032.07,80340.964
000548.SZ,20161122,8.63,8.79,8.59,8.79,147470.62,128273.953
300252.SZ,20161122,34.6,35.0,34.3,35.0,15839.67,54756.176
002545.SZ,20161122,11.23,11.35,11.16,11.29,49747.13,55958.526
002258.SZ,20161122,11.76,12.28,11.76,12.11,156174.6,189424.941
603696.SH,20161122,50.48,50.86,49.48,50.02,41264.13,206409.902
300522.SZ,20161122,131.0,138.0,131.0,133.63,35037.51,471584.623
300284.SZ,20161122,22.4,23.11,22.35,22.98,72469.03,166122.195
000625.SZ,20161122,15.46,15.52,15.4,15.49,191132.55,295447.163
600727.SH,20161122,10.47,10.64,10.43,10.58,58479.33,61776.378
600150.SH,20161122,23.68,24.25,23.53,24.04,276420.18,662401.944
002141.SZ,20161122,11.95,12.24,11.82,12.05,665801.94,798508.086
601718.SH,20161122,8.56,8.73,8.48,8.68,619199.89,534739.981
603997.SH,20161122,22.05,22.4,21.76,22.01,94419.33,207474.206
600665.SH,20161122,5.72,5.91,5.67,5.85,207890.71,120167.035
002718.SZ,20161122,91.6,94.48,89.0,92.17,25024.0,230582.886
002676.SZ,20161122,30.87,31.33,29.95,30.11,33458.74,100666.367
300154.SZ,20161122,11.41,11.46,11.27,11.46,40982.4,46555.247
600701.SH,20161122,13.95,14.12,13.87,14.07,47282.73,66183.896
300346.SZ,20161122,37.89,39.18,37.55,37.56,89662.56,344266.29
300164.SZ,20161122,9.22,9.47,9.13,9.39,251309.24,234103.239
600222.SH,20161122,9.7,10.5,9.7,10.41,490498.64,492580.5
600148.SH,20161122,26.96,27.7,26.96,27.48,25956.16,71035.134
300296.SZ,20161122,33.25,33.54,32.66,33.17,42779.48,141350.054
002503.SZ,20161122,13.8,13.92,13.72,13.81,43920.94,60733.029
600674.SH,20161122,9.08,9.09,9.03,9.05,128362.45,116237.047
300286.SZ,20161122,32.45,32.89,31.71,31.95,51043.79,164376.524
600898.SH,20161122,19.38,19.48,18.85,19.08,53060.26,101007.371
002347.SZ,20161122,11.08,11.1,10.83,10.95,105790.13,115656.082
300448.SZ,20161122,30.56,31.2,30.55,31.12,26266.92,80993.192
603169.SH,20161122,13.54,13.8,13.38,13.44,123725.42,167409.249
002773.SZ,20161122,56.63,56.8,56.2,56.47,6475.77,36521.106
600023.SH,20161122,5.61,5.63,5.57,5.59,596949.66,334123.775
002253.SZ,20161122,30.99,31.33,30.87,31.33,31385.92,97615.888
002707.SZ,20161122,18.15,18.23,18.08,18.2,41433.51,75173.671
300020.SZ,20161122,17.78,18.23,17.75,18.23,147740.68,265314.845
300170.SZ,20161122,13.29,13.48,13.23,13.44,145038.75,193640.35
002022.SZ,20161122,23.07,23.55,22.96,23.04,123315.17,286443.693
002527.SZ,20161122,15.16,15.17,15.03,15.15,36744.0,55457.134
603002.SH,20161122,7.01,7.04,6.97,7.03,99077.36,69399.135
002284.SZ,20161122,16.66,16.72,16.49,16.62,58982.58,97754.091
600877.SH,20161122,9.03,9.28,8.9,9.24,307159.76,279215.637
300320.SZ,20161122,18.54,18.56,17.9,18.35,66959.1,121854.989
002030.SZ,20161122,26.42,26.68,26.29,26.56,84770.79,224352.618
300447.SZ,20161122,44.68,45.47,44.4,45.45,22158.05,99351.973
000639.SZ,20161122,24.38,24.55,23.6,23.88,56683.78,136477.338
000657.SZ,20161122,16.69,17.08,16.65,16.99,98820.46,166659.646
601211.SH,20161122,18.71,19.03,18.7,18.99,620865.2,1173573.683
300169.SZ,20161122,11.87,12.26,11.87,12.19,87932.62,106512.272
600598.SH,20161122,11.28,11.37,11.16,11.29,137836.28,155109.623
600966.SH,20161122,3.77,3.81,3.75,3.81,235813.29,89357.031
300493.SZ,20161122,65.7,67.16,64.58,66.55,45932.35,302182.203
600959.SH,20161122,10.58,10.8,10.58,10.75,169803.05,182086.407
601766.SH,20161122,10.57,10.78,10.36,10.42,2635017.06,2779255.047
600742.SH,20161122,15.5,15.78,15.5,15.74,78248.67,122516.481
002390.SZ,20161122,10.04,10.07,9.93,10.03,124173.25,124282.18
002175.SZ,20161122,18.31,20.94,18.18,20.94,1059316.68,2093927.076
601231.SH,20161122,11.64,11.71,11.57,11.7,52910.95,61566.064
600461.SH,20161122,8.05,8.15,8.05,8.13,89669.78,72731.427
600963.SH,20161122,8.12,8.15,8.07,8.12,77099.28,62453.394
600684.SH,20161122,8.57,8.64,8.48,8.57,161120.73,137614.129
600535.SH,20161122,40.3,40.55,40.05,40.27,48531.69,195788.889
300229.SZ,20161122,20.01,20.6,19.85,20.54,68858.01,138788.982
000408.SZ,20161122,16.13,16.25,16.01,16.15,24146.37,38891.02
600489.SH,20161122,13.13,13.16,13.02,13.13,683004.64,895029.564
600875.SH,20161122,10.1,10.32,10.09,10.27,219744.69,223960.803
002103.SZ,20161122,17.83,17.97,17.78,17.94,17143.9,30626.646
600403.SH,20161122,6.17,6.2,6.11,6.2,85955.85,52928.226
002273.SZ,20161122,23.01,23.28,22.99,23.28,117294.83,271043.662
000778.SZ,20161122,5.12,5.18,5.11,5.15,633718.18,326786.321
603393.SH,20161122,69.97,71.5,69.06,69.99,62677.18,439270.492
600971.SH,20161122,7.39,7.54,7.35,7.49,266472.42,198279.043
002206.SZ,20161122,18.39,18.39,17.24,17.3,154605.54,272069.485
002231.SZ,20161122,14.77,15.26,14.69,15.23,157543.63,236228.582
002375.SZ,20161122,11.7,11.79,11.7,11.78,119382.24,140284.867
600870.SH,20161122,10.3,10.39,10.24,10.34,59717.14,61566.235
601179.SH,20161122,5.95,6.25,5.91,6.07,479209.92,291931.513
600612.SH,20161122,40.53,40.64,40.35,40.51,14007.6,56662.823
000983.SZ,20161122,10.53,11.12,10.53,10.96,858641.41,933418.608
600180.SH,20161122,15.15,15.23,15.09,15.19,48649.24,73673.07
000963.SZ,20161122,74.51,74.57,73.88,74.1,21529.16,159811.773
300028.SZ,20161122,14.16,14.36,14.02,14.13,191653.59,271378.975
300257.SZ,20161122,16.93,17.08,16.75,16.89,49784.26,83999.169
600203.SH,20161122,12.72,12.78,12.55,12.65,93778.09,118528.925
300367.SZ,20161122,24.13,24.27,23.9,24.22,52778.28,126931.56
300432.SZ,20161122,30.75,32.1,30.51,32.0,115808.06,363725.284
300108.SZ,20161122,9.87,10.05,9.87,9.94,66485.72,66100.859
002225.SZ,20161122,6.92,6.95,6.88,6.91,61434.32,42459.111
600036.SH,20161122,18.37,18.49,18.28,18.37,524920.06,964268.066
603993.SH,20161122,4.15,4.26,4.15,4.22,1085298.38,456687.107
600476.SH,20161122,32.9,33.16,32.6,32.93,23348.14,76698.745
300349.SZ,20161122,37.27,37.27,36.09,36.69,47637.55,174069.754
600080.SH,20161122,13.58,13.66,13.33,13.43,50546.79,67765.802
300528.SZ,20161122,44.47,44.88,43.91,44.48,98368.19,436501.205
300139.SZ,20161122,15.31,15.59,15.23,15.59,55791.12,86135.961
603779.SH,20161122,37.9,38.23,37.09,37.33,47329.41,178085.801
002236.SZ,20161122,14.12,14.15,14.01,14.1,183704.51,258571.192
600707.SH,20161122,10.22,10.37,10.21,10.35,137028.75,141306.177
002581.SZ,20161122,26.7,26.97,26.66,26.9,19982.04,53630.822
603901.SH,20161122,16.16,16.32,16.03,16.31,91712.27,148524.462
600085.SH,20161122,32.9,33.18,32.57,32.73,107642.55,352852.513
600587.SH,20161122,24.85,24.9,24.71,24.86,25278.15,62686.649
300002.SZ,20161122,10.4,10.52,10.35,10.5,118004.23,123084.838
300141.SZ,20161122,28.4,28.56,27.95,28.3,37917.84,107003.148
002167.SZ,20161122,13.02,13.2,12.8,13.04,166689.71,216540.446
300468.SZ,20161122,70.39,71.3,69.41,70.5,34120.59,239988.221
600355.SH,20161122,11.27,11.49,11.16,11.3,139128.17,157037.148
002732.SZ,20161122,50.64,50.99,46.8,48.05,174164.72,858940.403
000909.SZ,20161122,17.25,17.29,17.06,17.28,44688.78,76716.256
000753.SZ,20161122,5.29,5.34,5.27,5.34,160408.54,85300.609
600277.SH,20161122,7.1,7.13,7.04,7.07,185870.8,131669.579
002660.SZ,20161122,16.41,16.65,16.36,16.52,49519.63,81627.984
300130.SZ,20161122,28.0,28.45,27.81,28.45,29125.8,81920.197
002540.SZ,20161122,8.69,8.71,8.59,8.7,63532.11,55120.946
000598.SZ,20161122,6.28,6.37,6.26,6.34,459281.48,290517.726
300174.SZ,20161122,52.48,53.2,51.99,52.1,8203.29,42798.422
002038.SZ,20161122,29.93,30.06,29.5,29.65,50054.47,148536.857
002248.SZ,20161122,14.07,14.14,13.88,14.08,64699.45,90339.477
000636.SZ,20161122,11.05,11.1,10.88,10.97,160044.64,175486.421
000504.SZ,20161122,16.36,16.46,16.03,16.14,34358.33,55518.557
002266.SZ,20161122,6.42,6.45,6.38,6.44,205190.01,131694.439
600864.SH,20161122,12.0,12.31,11.94,12.16,177621.4,215825.946
600027.SH,20161122,5.08,5.13,5.08,5.13,372529.44,190207.594
002674.SZ,20161122,19.75,19.82,19.36,19.6,35492.13,69352.655
000851.SZ,20161122,13.35,13.79,13.23,13.58,296443.7,401456.091
601882.SH,20161122,6.17,6.17,6.17,6.17,143.03,88.25
002667.SZ,20161122,32.95,34.99,32.9,34.73,56296.06,192954.732
002427.SZ,20161122,21.4,21.6,21.31,21.46,74892.52,160506.013
300438.SZ,20161122,34.01,35.29,33.86,35.18,59256.14,206236.684
000786.SZ,20161122,11.17,11.2,11.07,11.16,110435.45,122989.382
002024.SZ,20161122,11.23,11.3,11.18,11.24,461633.8,518499.262
300420.SZ,20161122,23.9,24.1,23.85,24.07,16077.82,38565.733
600616.SH,20161122,11.22,11.29,11.17,11.28,70121.8,78814.707
002032.SZ,20161122,35.65,36.7,35.32,36.45,9216.93,33106.422
300293.SZ,20161122,20.39,20.7,19.9,20.4,145605.27,294939.895
000988.SZ,20161122,16.93,16.97,16.85,16.97,96443.47,162947.013
600178.SH,20161122,11.95,12.07,11.85,11.94,38162.11,45650.25
000671.SZ,20161122,6.53,6.61,6.47,6.5,295234.81,192480.967
600415.SH,20161122,8.42,8.42,8.31,8.34,330607.04,276346.281
603090.SH,20161122,59.68,61.09,59.2,60.23,36799.81,221494.123
002080.SZ,20161122,18.09,18.18,17.98,18.18,36839.53,66650.149
600201.SH,20161122,33.33,33.52,33.02,33.44,60128.14,200021.583
300495.SZ,20161122,48.9,49.28,47.94,48.98,59590.27,289752.135
002249.SZ,20161122,9.83,9.84,9.75,9.8,118191.98,115598.286
002758.SZ,20161122,35.25,35.87,35.0,35.18,15263.83,53811.931
600308.SH,20161122,5.75,5.85,5.62,5.65,212998.71,121560.204
600459.SH,20161122,27.6,28.15,27.51,27.95,75997.38,211448.416
600507.SH,20161122,6.47,6.62,6.47,6.57,120456.65,79147.887
600808.SH,20161122,2.95,3.02,2.94,3.0,638064.19,191290.877
600038.SH,20161122,44.96,45.69,44.67,45.54,71825.34,323946.028
000900.SZ,20161122,8.28,8.33,8.25,8.32,77353.89,64218.615
000889.SZ,20161122,15.96,16.68,15.96,16.21,89317.86,146529.615
600439.SH,20161122,8.21,8.28,8.14,8.26,68345.26,56032.842
000551.SZ,20161122,11.04,11.17,11.03,11.16,73072.34,81111.337
002422.SZ,20161122,17.56,17.85,17.5,17.64,75648.69,133704.412
600297.SH,20161122,8.71,8.77,8.67,8.76,157839.66,137693.815
601012.SH,20161122,13.9,13.97,13.84,13.93,122906.23,170626.839
600068.SH,20161122,8.86,9.2,8.83,8.9,1588103.95,1424289.41
600686.SH,20161122,12.89,13.74,12.88,13.6,231271.09,310239.056
000893.SZ,20161122,13.16,13.2,12.9,13.07,137332.34,179379.14
603099.SH,20161122,20.63,22.4,20.63,21.95,76713.2,166802.577
300396.SZ,20161122,48.45,49.11,48.1,48.49,21222.93,102981.86
603009.SH,20161122,51.8,54.2,50.51,52.76,69979.57,370343.976
002483.SZ,20161122,13.0,13.1,12.93,13.07,45775.43,59541.033
002535.SZ,20161122,7.48,7.57,7.48,7.57,124563.13,93728.164
300208.SZ,20161122,17.98,18.45,17.81,18.4,155082.47,281177.106
300451.SZ,20161122,41.48,42.02,41.3,41.9,27903.79,116322.178
600973.SH,20161122,8.18,8.24,8.15,8.23,72338.02,59297.37
002372.SZ,20161122,16.35,16.47,16.21,16.3,32220.49,52581.826
000034.SZ,20161122,28.3,28.4,28.09,28.2,28858.46,81391.563
600512.SH,20161122,5.17,5.22,5.17,5.2,230916.68,119816.368
000417.SZ,20161122,9.5,9.95,9.38,9.52,320334.19,309394.738
000159.SZ,20161122,8.5,8.64,8.48,8.57,122438.01,105019.311
600828.SH,20161122,9.23,9.43,9.13,9.34,253346.37,235241.073
600107.SH,20161122,19.51,20.57,19.3,20.29,143354.76,285719.463
601107.SH,20161122,5.08,5.14,5.06,5.1,158873.29,80957.729
300149.SZ,20161122,17.41,17.65,17.38,17.59,46033.12,80628.364
600997.SH,20161122,7.96,8.07,7.88,7.99,394851.67,314839.334
300202.SZ,20161122,28.09,28.25,27.65,28.23,49622.17,138333.877
600812.SH,20161122,6.73,6.81,6.72,6.78,238521.34,161128.125
300073.SZ,20161122,51.93,54.25,51.6,53.7,89924.86,476327.258
300322.SZ,20161122,18.06,18.27,18.02,18.23,47302.62,85865.883
601599.SH,20161122,10.37,10.56,10.3,10.51,132710.19,138008.684
002209.SZ,20161122,22.99,23.63,22.65,23.6,40313.62,93210.555
000423.SZ,20161122,57.85,57.85,57.4,57.77,82901.56,476962.028
300429.SZ,20161122,39.66,40.77,39.4,40.7,28197.5,113902.739
002405.SZ,20161122,21.03,21.15,20.88,21.14,112936.62,237419.662
600282.SH,20161122,2.71,2.94,2.7,2.85,1206951.78,340765.388
002616.SZ,20161122,20.34,20.39,20.18,20.27,22078.12,44715.707
300205.SZ,20161122,15.2,15.57,15.15,15.53,117542.93,180660.463
002192.SZ,20161122,26.58,26.86,26.5,26.8,28340.31,75677.265
600506.SH,20161122,30.5,33.54,30.41,33.15,153523.08,504634.188
603699.SH,20161122,18.53,18.75,18.52,18.69,25062.91,46725.051
603520.SH,20161122,56.5,58.8,55.8,57.52,55190.75,316087.501
600257.SH,20161122,11.86,11.98,11.8,11.97,109208.71,130096.924
601318.SH,20161122,35.81,36.44,35.81,36.12,737021.79,2668070.771
300465.SZ,20161122,22.89,22.93,22.45,22.84,125625.38,284330.799
600337.SH,20161122,13.43,13.55,13.43,13.51,22515.45,30369.458
600171.SH,20161122,15.53,15.68,15.5,15.61,103787.86,161777.134
002614.SZ,20161122,16.08,16.11,15.81,15.97,122541.19,195402.037
300074.SZ,20161122,10.38,10.59,10.31,10.58,239440.97,250500.892
601118.SH,20161122,7.87,7.97,7.46,7.57,985755.31,754971.041
600567.SH,20161122,3.5,3.53,3.49,3.51,216174.31,75714.626
600273.SH,20161122,10.14,10.19,9.96,10.09,159391.66,160138.08
002234.SZ,20161122,26.5,26.62,26.01,26.62,96520.17,252967.299
600141.SH,20161122,15.6,16.19,15.46,15.85,396513.69,626264.268
300110.SZ,20161122,16.14,16.14,15.9,16.01,90428.07,144499.732
300547.SZ,20161122,116.71,125.72,116.71,120.91,45840.09,556479.065
300542.SZ,20161122,71.51,78.86,71.51,76.88,63471.63,483720.128
601965.SH,20161122,10.61,10.61,10.39,10.44,42361.1,44251.955
002812.SZ,20161122,87.99,91.66,87.24,90.1,73850.36,660048.185
002757.SZ,20161122,49.8,50.05,49.07,49.9,39908.84,198008.459
300484.SZ,20161122,98.5,100.3,98.0,100.21,18491.04,184009.822
002290.SZ,20161122,25.25,25.48,25.18,25.43,35761.08,90537.171
002550.SZ,20161122,8.23,8.25,8.21,8.23,53930.94,44350.063
601515.SH,20161122,12.54,12.63,12.48,12.58,30152.53,37858.336
300535.SZ,20161122,109.0,114.98,107.51,107.98,33985.63,375194.476
002769.SZ,20161122,27.82,28.08,27.38,27.45,104456.71,288016.83
600266.SH,20161122,13.39,13.65,13.38,13.51,188439.88,254707.914
600704.SH,20161122,10.34,10.53,10.31,10.53,235220.55,245614.051
000507.SZ,20161122,6.46,6.55,6.46,6.53,105998.65,69096.847
600017.SH,20161122,4.24,4.27,4.2,4.26,395070.94,167410.849
600406.SH,20161122,15.85,16.01,15.76,15.8,171677.57,272499.813
600271.SH,20161122,22.6,22.69,22.46,22.66,106294.16,240200.201
601866.SH,20161122,4.51,4.58,4.49,4.55,920613.25,416924.829
600276.SH,20161122,45.9,46.38,45.8,46.3,61092.51,281644.13
300216.SZ,20161122,34.0,34.97,34.0,34.5,57624.2,199224.599
002806.SZ,20161122,68.5,71.55,68.5,70.56,38150.36,268385.945
300194.SZ,20161122,28.5,28.76,27.88,28.75,54672.1,154385.568
600478.SH,20161122,10.84,10.95,10.84,10.93,84797.05,92381.542
600392.SH,20161122,14.74,14.93,14.67,14.87,154485.8,228783.807
000060.SZ,20161122,12.55,13.3,12.5,13.05,1081040.2,1392639.996
603989.SH,20161122,38.78,38.97,38.37,38.53,22703.47,87645.628
002649.SZ,20161122,48.63,48.93,47.78,48.29,102891.34,496582.386
002673.SZ,20161122,25.3,25.61,25.3,25.49,526397.83,1339339.465
002315.SZ,20161122,73.4,74.4,72.3,73.3,35942.07,262756.794
002238.SZ,20161122,15.42,15.75,15.41,15.75,53508.67,83850.631
000725.SZ,20161122,2.74,2.8,2.73,2.79,4169587.25,1158147.573
000532.SZ,20161122,23.8,24.1,23.52,23.78,91599.51,217436.221
000038.SZ,20161122,59.0,59.3,58.05,58.62,36619.72,214165.15
300210.SZ,20161122,23.3,23.96,23.3,23.62,20864.76,49430.235
000061.SZ,20161122,12.87,12.95,12.74,12.82,131314.18,168612.744
002512.SZ,20161122,18.91,18.99,18.74,18.92,67393.96,127072.074
600977.SH,20161122,29.19,29.2,28.87,28.98,145714.13,422215.371
300330.SZ,20161122,19.86,20.13,19.72,20.09,41483.72,82563.615
002320.SZ,20161122,18.01,18.24,17.98,18.15,65173.24,117905.306
600351.SH,20161122,10.26,10.47,10.26,10.33,153607.16,159363.759
000420.SZ,20161122,4.14,4.2,4.13,4.18,173626.86,72390.663
300559.SZ,20161122,90.89,99.11,90.19,96.95,94093.33,890655.221
600634.SH,20161122,18.95,19.0,18.66,18.82,105045.86,197378.741
603555.SH,20161122,28.02,28.6,27.9,28.33,21775.63,61632.4
600586.SH,20161122,4.75,4.78,4.73,4.78,187810.08,89316.361
600652.SH,20161122,13.86,14.13,13.8,14.11,136809.7,191254.413
300297.SZ,20161122,14.36,14.58,14.34,14.57,68698.54,99187.571
000935.SZ,20161122,32.43,33.3,32.01,33.15,264461.7,865967.782
002459.SZ,20161122,17.89,18.19,17.85,18.01,77999.43,140969.646
002648.SZ,20161122,11.67,12.07,11.62,11.98,63817.85,76099.576
600322.SH,20161122,6.01,6.4,6.01,6.36,419674.92,262824.37
600226.SH,20161122,10.81,11.07,10.8,10.9,133870.1,146442.111
002735.SZ,20161122,59.79,60.94,59.3,60.43,34597.33,207688.752
601139.SH,20161122,9.72,9.73,9.62,9.7,26364.95,25490.487
600195.SH,20161122,21.18,21.2,20.86,20.94,46947.99,98462.763
600505.SH,20161122,10.79,10.9,10.76,10.87,59145.22,63965.741
300093.SZ,20161122,26.58,26.8,26.12,26.48,65601.17,173206.007
300102.SZ,20161122,8.95,9.09,8.95,9.09,109411.23,98698.558
600361.SH,20161122,7.01,7.38,6.98,7.25,129621.85,93275.412
002513.SZ,20161122,16.81,17.01,16.79,17.01,16764.05,28358.677
000554.SZ,20161122,10.6,11.1,10.45,10.85,734562.91,788606.862
600132.SH,20161122,17.33,17.5,17.33,17.47,41053.48,71621.271
600220.SH,20161122,4.66,4.77,4.65,4.72,279975.34,131676.483
300402.SZ,20161122,32.5,35.37,32.2,35.37,138663.49,479069.85
002699.SZ,20161122,33.57,33.62,33.01,33.4,37520.83,124698.845
600879.SH,20161122,16.06,16.08,15.84,16.04,121232.26,193249.363
603227.SH,20161122,9.45,9.95,9.41,9.93,285985.95,278328.795
000011.SZ,20161122,17.47,17.77,17.38,17.72,75387.95,133077.59
300281.SZ,20161122,20.99,21.3,20.8,20.97,37839.76,79495.147
600063.SH,20161122,4.89,4.97,4.85,4.96,344679.94,168916.511
000488.SZ,20161122,9.59,9.63,9.51,9.62,207610.36,198351.664
601021.SH,20161122,42.21,42.23,41.73,42.22,30661.27,128700.623
600237.SH,20161122,9.46,9.48,9.39,9.46,127941.58,120882.023
000539.SZ,20161122,5.44,5.47,5.41,5.47,110166.33,60009.081
000048.SZ,20161122,35.9,35.9,35.35,35.52,23147.26,82345.557
600138.SH,20161122,23.31,23.7,23.24,23.53,78966.76,185103.338
002665.SZ,20161122,9.33,9.39,9.3,9.39,47386.78,44318.158
600560.SH,20161122,17.07,17.31,16.95,17.23,46374.74,79594.006
300314.SZ,20161122,23.6,23.94,23.5,23.94,27463.72,65128.295
002675.SZ,20161122,15.7,15.95,15.66,15.88,79944.71,126369.617
000009.SZ,20161122,10.59,10.64,10.52,10.62,362052.8,383442.934
601117.SH,20161122,6.47,6.63,6.43,6.55,487416.76,319458.276
600703.SH,20161122,12.35,12.61,12.28,12.56,295963.71,369956.618
600774.SH,20161122,21.04,23.21,21.04,23.21,50127.66,113293.747
002668.SZ,20161122,77.25,78.7,76.62,77.81,22580.65,175730.265
000735.SZ,20161122,6.83,6.91,6.78,6.86,166509.67,113778.835
600790.SH,20161122,6.94,6.98,6.92,6.97,165933.19,115406.641
000831.SZ,20161122,12.53,12.65,12.5,12.57,97947.97,123026.971
000830.SZ,20161122,5.46,5.53,5.46,5.5,252257.26,138359.836
603998.SH,20161122,17.22,18.32,17.13,17.95,218735.16,390591.454
002567.SZ,20161122,12.97,13.08,12.92,13.03,38190.06,49632.266
600026.SH,20161122,7.49,7.53,7.38,7.5,383382.78,285929.746
300517.SZ,20161122,60.25,64.11,60.25,64.1,66363.79,414065.721
000816.SZ,20161122,6.06,6.15,6.05,6.12,182058.35,111116.804
002134.SZ,20161122,15.9,16.07,15.88,16.0,36934.63,58956.419
000656.SZ,20161122,5.09,5.18,5.06,5.14,731573.39,374338.187
000826.SZ,20161122,34.39,34.48,33.87,34.15,60345.56,206419.281
002107.SZ,20161122,16.18,16.31,16.0,16.29,43210.25,69860.855
601216.SH,20161122,5.2,5.3,5.17,5.23,685536.72,359147.037
002692.SZ,20161122,13.35,13.8,13.2,13.65,96308.02,129756.021
002652.SZ,20161122,16.81,17.1,16.79,17.03,34275.3,58136.146
600736.SH,20161122,9.18,9.22,9.14,9.19,66909.18,61383.908
002628.SZ,20161122,9.65,9.74,9.56,9.65,138419.22,133397.123
002047.SZ,20161122,12.04,12.3,12.01,12.21,170240.52,207634.77
002486.SZ,20161122,11.45,11.74,11.33,11.58,759318.93,872426.21
002723.SZ,20161122,33.4,35.28,33.34,35.0,193391.93,670826.339
002172.SZ,20161122,10.9,11.0,10.83,10.92,68663.64,74899.379
002244.SZ,20161122,6.8,6.83,6.8,6.83,137034.05,93417.397
002818.SZ,20161122,73.99,79.75,71.3,79.75,158850.15,1211194.53
002463.SZ,20161122,5.23,5.26,5.21,5.26,185274.68,97056.172
000430.SZ,20161122,12.76,13.03,12.73,13.02,69088.84,89115.816
300162.SZ,20161122,17.24,17.36,17.12,17.36,34313.89,59247.284
300338.SZ,20161122,22.75,22.88,22.0,22.5,22083.0,49401.225
300443.SZ,20161122,69.85,71.0,69.2,70.2,37053.34,259648.186
002130.SZ,20161122,15.15,15.46,15.12,15.42,208156.87,318612.599
600182.SH,20161122,31.44,32.98,31.41,32.98,44388.0,144009.729
603308.SH,20161122,22.11,22.34,22.01,22.3,69655.36,155059.292
603003.SH,20161122,22.88,23.37,22.52,23.26,41373.54,95563.704
002569.SZ,20161122,49.12,51.8,49.11,51.4,23226.43,117312.168
300259.SZ,20161122,12.0,12.0,11.84,11.96,43016.04,51233.476
002009.SZ,20161122,17.11,17.35,17.02,17.34,60018.42,103088.214
300048.SZ,20161122,9.43,9.48,9.36,9.48,70530.3,66368.129
601901.SH,20161122,8.7,9.06,8.66,8.94,2269348.87,2012438.701
600196.SH,20161122,23.8,24.09,23.71,23.92,88369.49,211352.73
600818.SH,20161122,30.6,30.95,30.01,30.75,106293.85,324582.726
002102.SZ,20161122,5.67,5.75,5.62,5.72,764675.3,433755.141
600359.SH,20161122,10.0,10.06,9.93,10.03,86067.8,86030.412
603979.SH,20161122,19.57,21.49,19.54,20.7,223047.53,460197.122
002118.SZ,20161122,8.19,8.47,8.19,8.42,292821.22,245375.374
000886.SZ,20161122,5.7,5.73,5.68,5.72,107988.25,61629.503
600108.SH,20161122,5.82,5.85,5.76,5.82,299895.93,173769.134
600133.SH,20161122,9.19,9.26,9.07,9.22,137070.78,125450.014
603339.SH,20161122,49.73,49.83,48.31,48.92,61967.46,302811.453
300212.SZ,20161122,33.38,34.18,33.27,34.15,45815.52,154086.506
600498.SH,20161122,28.55,28.67,26.63,27.33,291684.65,794861.032
600397.SH,20161122,5.57,5.66,5.57,5.62,127643.52,71731.728
002724.SZ,20161122,27.46,28.87,26.85,28.42,89768.69,248165.416
300049.SZ,20161122,23.6,23.78,23.54,23.75,35739.49,84569.754
002751.SZ,20161122,60.87,61.67,60.3,61.54,52177.02,318081.574
002734.SZ,20161122,38.99,39.43,38.3,39.35,47909.83,186631.384
600823.SH,20161122,7.64,7.68,7.63,7.68,98113.0,75110.1
002159.SZ,20161122,28.38,28.71,28.05,28.56,18901.12,53637.982
002394.SZ,20161122,18.26,18.94,18.25,18.89,99612.01,184896.398
601700.SH,20161122,8.73,8.89,8.7,8.79,127005.99,111573.479
600545.SH,20161122,9.14,9.14,9.14,9.14,12985.24,11868.509
603969.SH,20161122,15.3,15.43,15.27,15.35,46609.06,71448.242
002713.SZ,20161122,30.23,31.65,29.46,30.02,52603.07,160938.323
600517.SH,20161122,10.76,10.82,10.69,10.81,96260.51,103347.522
300051.SZ,20161122,16.68,16.99,16.57,16.99,103806.1,174294.357
600546.SH,20161122,4.21,4.26,4.19,4.24,84272.0,35669.634
300057.SZ,20161122,15.81,16.09,15.61,15.87,69364.84,109550.902
002094.SZ,20161122,29.9,29.98,29.51,29.6,39139.39,116357.105
600448.SH,20161122,8.14,8.23,8.1,8.2,118510.76,96980.44
600753.SH,20161122,34.19,36.9,34.13,36.05,67402.38,238386.413
002161.SZ,20161122,12.88,13.07,12.81,13.07,106743.13,138286.112
600056.SH,20161122,19.42,19.65,19.3,19.41,72991.84,141713.11
002357.SZ,20161122,16.9,17.03,16.56,16.65,64131.91,107343.398
002543.SZ,20161122,19.05,19.35,18.94,19.06,30822.39,58943.982
002222.SZ,20161122,15.85,15.95,15.7,15.78,92225.92,145810.382
300025.SZ,20161122,12.11,12.22,12.06,12.18,60843.94,73824.137
300456.SZ,20161122,63.8,64.65,63.7,64.39,9753.55,62553.347
002010.SZ,20161122,19.43,19.52,19.27,19.5,17529.51,34003.718
300278.SZ,20161122,20.3,20.57,19.95,20.43,47633.83,96446.68
002554.SZ,20161122,7.1,7.33,7.1,7.3,301550.72,218246.794
000043.SZ,20161122,10.94,10.95,10.71,10.79,109920.26,119173.422
601168.SH,20161122,8.21,8.43,8.18,8.36,940270.17,779885.841
600012.SH,20161122,17.9,19.2,16.89,18.64,155172.57,281363.308
000702.SZ,20161122,14.69,14.89,14.62,14.74,42727.1,63038.081
002353.SZ,20161122,18.82,19.15,18.72,19.0,213615.98,404799.424
601238.SH,20161122,25.3,25.3,24.96,25.17,22652.38,56909.027
600485.SH,20161122,17.32,17.44,17.3,17.42,297285.86,516601.684
300282.SZ,20161122,33.5,34.67,33.41,34.54,38450.17,131634.381
000971.SZ,20161122,25.22,25.33,25.11,25.28,15391.88,38851.191
002685.SZ,20161122,11.17,11.22,11.03,11.11,99161.85,110055.593
600967.SH,20161122,13.21,13.38,13.07,13.23,132354.71,174872.975
000911.SZ,20161122,21.55,21.57,21.37,21.47,29938.97,64306.508
600428.SH,20161122,6.9,7.08,6.79,7.03,659156.44,458129.476
002664.SZ,20161122,25.5,26.06,25.48,25.96,55605.16,144060.844
002350.SZ,20161122,23.46,23.46,22.92,23.2,36305.32,83877.417
000530.SZ,20161122,11.43,11.43,11.26,11.36,74207.91,84040.804
600693.SH,20161122,9.42,9.43,9.2,9.25,59020.09,54692.804
002683.SZ,20161122,10.54,10.83,10.49,10.57,108443.1,115110.866
002429.SZ,20161122,10.77,11.07,10.68,10.85,250823.47,273486.872
300030.SZ,20161122,16.38,16.6,16.21,16.6,78175.66,127760.144
600583.SH,20161122,7.47,7.57,7.39,7.49,587853.55,440225.088
002650.SZ,20161122,8.2,8.22,8.0,8.11,224148.81,180926.551
002637.SZ,20161122,15.38,15.6,15.19,15.49,47327.82,72874.591
002671.SZ,20161122,12.83,12.84,12.58,12.83,64695.56,82339.68
002508.SZ,20161122,37.46,37.54,37.16,37.26,25164.73,93760.091
600330.SH,20161122,13.25,13.25,13.0,13.15,250473.04,327687.187
000937.SZ,20161122,8.2,8.79,8.17,8.59,1091736.22,924130.052
600988.SH,20161122,17.31,17.34,17.14,17.23,153285.05,263768.436
000981.SZ,20161122,11.48,11.68,11.32,11.47,138975.16,158863.941
600362.SH,20161122,21.14,22.31,20.62,21.0,1657871.51,3527881.107
300453.SZ,20161122,27.58,28.88,27.5,28.67,74106.7,209905.277
600883.SH,20161122,17.24,17.88,17.06,17.8,46229.43,81155.234
300190.SZ,20161122,18.59,19.26,18.21,19.1,148183.86,276386.154
002502.SZ,20161122,13.75,14.75,13.71,14.39,338767.54,486454.114
000601.SZ,20161122,10.31,10.46,10.31,10.37,136274.53,141587.566
300185.SZ,20161122,3.36,3.39,3.35,3.39,739253.56,248894.7
600386.SH,20161122,15.25,15.35,15.15,15.29,46228.63,70365.721
002299.SZ,20161122,24.53,24.9,24.34,24.65,130110.84,319371.697
000627.SZ,20161122,8.35,8.46,8.3,8.38,355683.34,297731.725
600382.SH,20161122,20.8,21.0,20.56,20.67,123432.03,256813.606
603601.SH,20161122,18.73,19.07,18.7,18.99,38183.33,72252.942
300075.SZ,20161122,21.74,22.24,21.68,22.23,72723.39,159737.056
000301.SZ,20161122,5.5,5.68,5.45,5.55,636247.52,353653.341
600847.SH,20161122,31.72,31.96,31.11,31.63,15688.07,49493.413
000980.SZ,20161122,13.4,14.74,13.3,14.74,1119153.99,1605224.584
000758.SZ,20161122,9.21,9.56,9.14,9.47,1010923.36,947224.553
600816.SH,20161122,22.71,22.75,22.3,22.5,161117.06,362161.995
000961.SZ,20161122,9.21,9.21,9.12,9.12,235364.53,215430.18
600578.SH,20161122,4.44,4.48,4.44,4.47,165678.52,73890.362
600862.SH,20161122,12.96,13.11,12.93,13.04,56532.14,73588.899
600408.SH,20161122,5.67,5.84,5.67,5.77,318102.3,183305.871
600680.SH,20161122,35.33,36.35,35.33,35.77,27610.82,98775.764
300428.SZ,20161122,29.1,31.48,28.4,31.21,118538.79,352762.437
600078.SH,20161122,7.62,7.8,7.62,7.7,218675.56,168556.001
600075.SH,20161122,13.21,13.78,13.18,13.58,210852.78,285645.582
600261.SH,20161122,8.01,8.05,7.95,8.03,109244.2,87370.681
600648.SH,20161122,20.9,21.8,20.79,21.31,115222.4,245510.984
002026.SZ,20161122,12.48,12.72,12.48,12.7,67110.6,84807.595
600272.SH,20161122,21.77,22.38,21.62,22.12,42377.23,93643.526
601311.SH,20161122,18.6,18.79,18.31,18.79,61984.93,115024.196
300408.SZ,20161122,17.57,17.69,17.32,17.46,162254.45,283385.985
000519.SZ,20161122,13.51,13.54,13.45,13.54,85790.79,115768.013
000513.SZ,20161122,58.15,59.24,57.35,57.85,28481.03,165397.419
000529.SZ,20161122,12.01,12.12,11.77,11.88,78180.11,92951.901
002349.SZ,20161122,23.64,23.9,23.35,23.76,43201.57,101939.236
601996.SH,20161122,9.73,9.74,9.57,9.63,86327.1,83139.18
002607.SZ,20161122,12.32,12.56,12.23,12.53,97192.9,120686.629
000078.SZ,20161122,6.9,6.91,6.85,6.88,254275.81,174681.269
002085.SZ,20161122,21.49,21.67,21.05,21.09,52964.71,112141.093
603778.SH,20161122,30.0,30.57,29.6,29.85,71775.73,215689.731
600749.SH,20161122,25.5,25.94,25.0,25.62,54461.13,138392.727
002245.SZ,20161122,10.3,10.34,10.13,10.3,193631.75,197872.949
000416.SZ,20161122,10.57,10.74,10.51,10.6,121638.43,128767.396
600757.SH,20161122,9.0,9.06,8.94,9.05,131570.09,118432.331
300558.SZ,20161122,72.16,72.16,72.16,72.16,865.03,6242.056
002813.SZ,20161122,67.6,72.0,67.53,69.75,70886.64,496436.042
002499.SZ,20161122,30.59,30.6,30.13,30.42,56381.35,171279.813
002083.SZ,20161122,7.34,7.39,7.26,7.36,86631.48,63473.14
600568.SH,20161122,24.95,25.08,24.7,24.76,50847.19,126496.066
000736.SZ,20161122,19.01,19.28,18.81,19.24,25721.0,49104.644
600352.SH,20161122,9.27,9.37,9.25,9.36,225071.08,209718.551
002817.SZ,20161122,72.89,76.3,72.71,75.39,53083.16,396864.527
300505.SZ,20161122,88.0,93.88,87.39,90.8,74033.47,670307.502
600231.SH,20161122,2.8,2.94,2.78,2.89,529330.61,152421.149
002270.SZ,20161122,16.8,16.88,16.61,16.84,43909.42,73678.404
002373.SZ,20161122,16.27,16.3,16.02,16.23,112354.06,181076.155
600893.SH,20161122,34.73,34.75,34.47,34.65,63319.35,219000.269
002218.SZ,20161122,10.07,10.14,10.0,10.14,94263.05,94964.608
600759.SH,20161122,8.43,8.96,8.43,8.78,566113.07,493305.171
002533.SZ,20161122,11.55,11.57,11.47,11.56,60369.0,69523.964
300397.SZ,20161122,30.64,31.02,30.44,31.02,26928.36,82794.103
600730.SH,20161122,13.58,13.9,13.52,13.77,199538.91,273528.88
600547.SH,20161122,39.66,39.84,39.32,39.45,278502.57,1100112.204
600123.SH,20161122,8.2,8.36,8.16,8.31,346528.68,286424.393
002154.SZ,20161122,6.01,6.31,6.0,6.1,661687.38,407806.216
000979.SZ,20161122,2.8,2.84,2.8,2.83,872942.02,245880.596
601186.SH,20161122,11.8,12.0,11.72,11.84,1069114.25,1269315.482
600839.SH,20161122,4.34,4.43,4.33,4.39,939769.88,411454.41
300247.SZ,20161122,9.58,9.65,9.46,9.59,150280.16,143335.343
601899.SH,20161122,3.51,3.55,3.47,3.54,1768911.29,621818.669
300262.SZ,20161122,18.34,18.58,18.25,18.58,37208.2,68472.441
600562.SH,20161122,33.25,33.54,33.05,33.4,20525.18,68225.403
000713.SZ,20161122,12.16,12.36,12.12,12.28,44068.79,53947.046
603300.SH,20161122,16.75,17.9,16.01,16.85,743075.75,1251115.706
000615.SZ,20161122,11.67,12.16,11.67,11.86,128838.83,153453.232
002479.SZ,20161122,16.3,16.68,15.91,16.6,256028.31,417592.477
000932.SZ,20161122,6.1,6.1,5.98,6.06,268181.56,161668.225
000700.SZ,20161122,9.2,9.29,9.2,9.28,76469.65,70702.015
002748.SZ,20161122,21.75,22.72,21.75,22.7,150733.04,337752.848
600398.SH,20161122,11.07,11.17,11.05,11.14,50659.74,56328.797
600436.SH,20161122,46.9,47.2,46.9,47.05,16586.36,77998.009
002250.SZ,20161122,16.55,16.68,16.44,16.47,48048.3,79501.957
002560.SZ,20161122,12.32,12.5,12.25,12.39,105432.54,130181.431
002147.SZ,20161122,17.3,17.49,17.14,17.19,85213.69,147009.127
002217.SZ,20161122,16.79,17.1,16.71,16.98,69955.93,118459.582
600611.SH,20161122,6.97,7.02,6.95,7.02,169029.74,118248.178
000630.SZ,20161122,3.24,3.39,3.22,3.32,4058259.51,1337850.978
300044.SZ,20161122,17.57,17.61,17.2,17.51,109923.5,191431.668
600166.SH,20161122,3.14,3.22,3.1,3.2,1823457.72,576812.272
300368.SZ,20161122,25.73,26.98,25.4,26.62,182419.84,477393.32
002746.SZ,20161122,68.7,71.0,67.3,68.4,115784.49,794708.332
002252.SZ,20161122,21.25,21.54,21.25,21.39,69949.69,149596.065
600315.SH,20161122,27.66,27.88,27.61,27.84,37854.84,105191.622
000716.SZ,20161122,7.74,7.79,7.66,7.77,124724.43,96351.173
300458.SZ,20161122,105.0,107.79,103.7,104.4,59676.71,630132.096
600458.SH,20161122,15.75,15.89,15.71,15.88,39381.05,62213.624
000007.SZ,20161122,26.55,26.65,26.25,26.38,22416.02,59247.322
600630.SH,20161122,16.9,17.26,16.8,17.02,182107.07,310593.298
002438.SZ,20161122,22.84,22.98,22.56,22.73,32840.97,74603.357
000862.SZ,20161122,9.25,9.32,9.22,9.23,35218.43,32687.268
002410.SZ,20161122,15.54,15.75,15.47,15.74,55903.98,87417.068
600283.SH,20161122,13.15,13.18,13.0,13.12,107304.08,140206.675
600317.SH,20161122,3.73,3.74,3.71,3.74,160329.83,59738.571
000680.SZ,20161122,6.52,6.56,6.4,6.53,580369.85,375666.871
002739.SZ,20161122,66.9,67.35,66.6,67.11,42020.78,281518.158
000733.SZ,20161122,19.24,19.49,19.23,19.43,61448.4,118754.724
002610.SZ,20161122,3.78,3.8,3.76,3.8,421086.5,158843.538
002031.SZ,20161122,3.79,3.82,3.78,3.82,265944.58,100985.871
002418.SZ,20161122,10.67,10.82,10.58,10.62,132829.69,141353.28
002322.SZ,20161122,22.81,23.08,22.59,22.83,47501.73,108327.831
002426.SZ,20161122,9.9,9.93,9.7,9.84,239931.55,234595.881
600302.SH,20161122,11.32,11.44,11.25,11.36,61950.33,70266.378
000570.SZ,20161122,9.67,9.74,9.63,9.69,68779.47,66579.563
002728.SZ,20161122,29.4,30.4,29.4,29.89,28388.79,85117.365
002232.SZ,20161122,14.12,14.44,14.1,14.23,57365.02,81711.842
002369.SZ,20161122,12.03,12.06,11.84,11.96,84640.71,100888.124
300439.SZ,20161122,34.22,35.15,34.22,35.0,26904.45,93264.913
603866.SH,20161122,47.57,48.6,47.0,47.18,30526.9,145283.908
000783.SZ,20161122,12.17,12.4,12.11,12.17,949532.61,1162122.303
002065.SZ,20161122,23.67,23.8,23.33,23.56,123565.35,291339.104
002314.SZ,20161122,9.4,9.87,9.3,9.75,269233.18,256207.758
002212.SZ,20161122,18.5,18.65,18.25,18.55,67570.52,124319.171
601636.SH,20161122,4.33,4.39,4.23,4.34,845739.48,362740.907
601000.SH,20161122,4.28,4.34,4.27,4.32,242136.72,104371.446
600858.SH,20161122,9.38,9.61,9.38,9.57,62192.56,59396.114
601388.SH,20161122,4.24,4.25,4.18,4.22,387824.06,163268.324
002574.SZ,20161122,13.72,13.95,13.66,13.91,137371.39,190188.068
300391.SZ,20161122,26.0,27.39,25.9,27.25,63240.36,168738.651
000752.SZ,20161122,18.88,19.12,18.82,19.0,49887.77,94825.113
002155.SZ,20161122,12.78,12.82,12.67,12.79,248684.24,317114.469
600018.SH,20161122,5.27,5.36,5.25,5.32,489511.37,259726.208
600838.SH,20161122,17.78,18.5,17.59,17.8,342267.2,618003.145
601929.SH,20161122,4.7,4.71,4.64,4.7,332295.2,155121.088
600561.SH,20161122,15.23,15.55,15.06,15.47,53477.77,81737.166
600446.SH,20161122,30.19,30.94,29.98,30.76,214806.56,654907.57
600582.SH,20161122,4.84,4.91,4.83,4.9,195372.24,95225.742
300084.SZ,20161122,12.47,12.98,12.41,12.83,134596.02,171027.184
002783.SZ,20161122,111.6,113.58,108.45,113.02,44147.93,490769.548
002520.SZ,20161122,14.3,14.44,14.15,14.29,39359.43,56092.909
600814.SH,20161122,10.06,10.34,10.02,10.33,91094.98,93078.996
601611.SH,20161122,16.42,16.57,16.36,16.51,199154.08,328212.34
600804.SH,20161122,23.53,23.79,23.0,23.1,273623.9,638087.756
002620.SZ,20161122,71.75,71.75,71.65,71.75,212409.99,1524039.611
603338.SH,20161122,53.32,54.77,53.0,53.6,26327.2,141991.162
300301.SZ,20161122,10.0,10.03,9.85,9.96,241200.47,239506.87
600074.SH,20161122,15.41,15.53,15.41,15.52,110051.54,170233.366
002750.SZ,20161122,17.84,18.4,17.76,18.18,40252.83,73304.806
000517.SZ,20161122,4.55,4.56,4.52,4.56,90166.26,41002.472
603123.SH,20161122,11.6,11.74,11.5,11.69,43358.42,50440.38
300328.SZ,20161122,13.67,13.82,13.62,13.8,54688.9,74908.69
000997.SZ,20161122,18.79,19.16,18.76,19.08,150495.22,286366.958
000877.SZ,20161122,7.15,7.29,7.15,7.29,227577.18,165067.647
603198.SH,20161122,23.58,24.03,23.58,23.99,92985.14,222006.821
000885.SZ,20161122,17.25,17.66,16.95,17.15,74832.46,128188.183
600008.SH,20161122,4.29,4.39,4.28,4.35,454384.6,197078.707
002566.SZ,20161122,14.27,14.36,14.0,14.28,47015.05,67011.845
300271.SZ,20161122,19.95,20.07,19.61,19.97,62626.8,124013.299
002488.SZ,20161122,17.18,17.29,17.14,17.28,49929.35,85905.553
002777.SZ,20161122,112.8,113.8,110.2,110.55,11962.83,133453.761
300319.SZ,20161122,35.7,35.73,34.92,35.6,40237.56,142253.27
300421.SZ,20161122,48.24,48.4,46.5,47.95,145478.34,689044.004
300434.SZ,20161122,43.0,43.22,42.1,43.1,22435.44,96267.548
000511.SZ,20161122,8.47,8.47,8.47,8.47,23872.0,20219.584
300541.SZ,20161122,69.38,76.1,69.38,76.0,119328.42,888449.725
000638.SZ,20161122,18.21,18.56,18.11,18.45,67833.5,124614.059
002811.SZ,20161122,49.89,51.65,49.89,51.0,81464.34,414643.824
000996.SZ,20161122,25.39,25.7,25.1,25.28,141770.73,360185.902
600328.SH,20161122,13.65,13.92,13.62,13.88,83638.41,115433.184
300109.SZ,20161122,57.42,58.5,56.0,57.09,24708.72,141110.479
300072.SZ,20161122,49.98,50.1,48.09,49.03,164411.73,804551.008
000802.SZ,20161122,22.13,22.24,21.85,21.93,27477.03,60285.067
000419.SZ,20161122,8.4,8.82,8.39,8.64,144676.44,124307.603
600106.SH,20161122,7.31,7.35,7.28,7.33,103224.64,75459.133
603077.SH,20161122,5.23,5.27,5.22,5.25,162591.94,85235.114
600569.SH,20161122,3.09,3.17,3.07,3.15,362892.63,113910.393
002810.SZ,20161122,62.1,64.88,62.1,64.48,53091.45,337619.396
000920.SZ,20161122,16.35,16.6,16.21,16.52,68657.21,113090.165
002216.SZ,20161122,10.09,10.13,9.96,10.05,50312.6,50396.643
300337.SZ,20161122,11.14,11.17,10.95,11.06,59984.68,66347.853
601558.SH,20161122,2.78,2.8,2.77,2.8,412217.09,115019.549
600604.SH,20161122,20.35,21.23,20.35,20.78,88011.28,183544.961
000737.SZ,20161122,7.01,7.04,6.86,6.97,195576.38,135860.271
600641.SH,20161122,14.07,14.5,14.02,14.24,91474.87,130433.891
600365.SH,20161122,12.55,12.59,12.35,12.56,109611.76,136553.01
300345.SZ,20161122,13.9,14.18,13.79,13.95,156960.23,219531.292
000589.SZ,20161122,6.22,6.27,6.19,6.23,149930.38,93425.509
002174.SZ,20161122,28.05,29.5,28.05,29.35,175722.19,506898.214
300092.SZ,20161122,15.46,15.53,15.22,15.5,48302.49,74216.592
601928.SH,20161122,11.46,11.63,11.41,11.54,146725.21,169315.37
300460.SZ,20161122,29.7,30.15,29.26,29.48,41208.29,121993.914
600389.SH,20161122,20.09,20.9,20.09,20.48,88413.99,180510.555
000166.SZ,20161122,6.94,7.06,6.94,7.02,906272.31,634494.876
000418.SZ,20161122,33.2,33.37,33.11,33.23,15447.68,51328.148
002286.SZ,20161122,15.93,16.18,15.86,16.13,65084.04,104216.744
300177.SZ,20161122,14.66,14.92,14.65,14.91,45644.0,67488.597
300378.SZ,20161122,27.66,28.12,27.6,28.11,44882.14,124919.337
002057.SZ,20161122,16.16,16.26,16.05,16.24,53204.34,86115.953
600880.SH,20161122,8.65,8.79,8.65,8.77,136811.96,119350.758
002595.SZ,20161122,21.08,21.17,20.98,21.16,13604.5,28654.449
000812.SZ,20161122,11.9,12.66,11.8,12.02,856326.08,1039914.257
300046.SZ,20161122,27.19,27.68,27.0,27.4,32630.11,89138.436
300326.SZ,20161122,13.21,13.28,13.12,13.28,71215.21,93848.598
000502.SZ,20161122,23.5,23.6,23.24,23.3,18037.85,42174.988
600846.SH,20161122,10.12,10.21,10.08,10.2,170768.18,173495.972
603268.SH,20161122,56.08,61.0,55.66,57.99,71288.04,415154.625
002657.SZ,20161122,49.8,50.82,49.71,50.73,65144.16,328105.214
603309.SH,20161122,29.95,30.0,29.52,29.61,41150.27,122050.959
600290.SH,20161122,13.79,14.0,13.5,13.77,89639.5,123558.444
300083.SZ,20161122,8.43,8.49,8.31,8.41,127153.02,106441.615
600787.SH,20161122,8.47,8.62,8.44,8.58,290088.56,247959.231
000908.SZ,20161122,11.58,11.77,11.54,11.67,36498.33,42299.478
000039.SZ,20161122,15.8,15.96,15.71,15.83,115123.77,182233.632
600050.SH,20161122,5.93,6.19,5.9,5.98,3152514.59,1901135.163
600595.SH,20161122,6.47,6.7,6.43,6.58,502459.02,328702.532
002541.SZ,20161122,22.35,22.78,22.12,22.66,63249.9,141889.424
600343.SH,20161122,24.62,25.19,24.62,25.14,124045.64,309375.237
000429.SZ,20161122,7.24,7.24,7.13,7.15,73344.44,52661.033
601992.SH,20161122,4.72,4.72,4.64,4.67,143430.76,66829.004
600748.SH,20161122,8.52,8.69,8.52,8.6,133578.52,114702.542
002219.SZ,20161122,12.78,13.01,12.73,12.9,62814.71,80929.915
300013.SZ,20161122,15.78,15.95,15.74,15.95,57118.77,90507.329
600518.SH,20161122,17.43,17.59,17.16,17.27,299164.29,519090.36
600479.SH,20161122,16.8,16.87,16.7,16.86,38170.06,64110.754
002124.SZ,20161122,15.6,15.61,15.19,15.33,794476.76,1220787.222
000863.SZ,20161122,9.17,9.24,9.14,9.19,92321.07,84731.137
000546.SZ,20161122,12.15,12.25,12.14,12.25,20606.66,25131.047
000055.SZ,20161122,14.11,14.15,13.99,14.12,97714.19,137357.567
300166.SZ,20161122,24.69,25.29,24.28,25.29,95573.27,236581.221
601288.SH,20161122,3.18,3.2,3.17,3.19,2051529.56,653396.458
002001.SZ,20161122,21.6,21.73,21.46,21.7,90581.55,195508.892
600463.SH,20161122,15.92,16.4,15.88,16.33,64499.06,104385.032
002267.SZ,20161122,10.17,10.21,10.16,10.2,58822.04,59931.667
300550.SZ,20161122,93.93,99.5,93.88,97.04,44574.95,432171.15
600721.SH,20161122,18.9,18.95,18.82,18.91,6868.0,12973.065
002276.SZ,20161122,17.26,17.48,17.23,17.4,106203.74,184382.869
600202.SH,20161122,12.46,12.59,12.36,12.52,51379.64,64266.419
600055.SH,20161122,19.37,19.53,19.3,19.48,28194.25,54811.405
002587.SZ,20161122,14.52,14.65,14.4,14.55,127246.03,184794.091
300383.SZ,20161122,32.42,32.76,32.24,32.75,62010.64,201328.079
002519.SZ,20161122,23.03,23.38,22.86,23.3,33694.68,78309.159
000883.SZ,20161122,4.84,4.89,4.83,4.87,212361.69,103282.923
002271.SZ,20161122,22.38,22.38,22.05,22.31,43874.91,97568.975
600326.SH,20161122,9.19,9.28,9.17,9.24,157075.95,144962.813
300167.SZ,20161122,15.86,15.87,15.65,15.83,55074.81,86795.383
002419.SZ,20161122,13.95,13.98,13.68,13.83,72908.89,100538.375
300299.SZ,20161122,26.3,26.87,26.18,26.85,109033.25,288304.752
002601.SZ,20161122,13.74,13.97,13.73,13.94,106253.92,146938.285
600215.SH,20161122,9.44,9.93,9.4,9.47,240600.22,232840.217
600279.SH,20161122,7.56,7.58,7.51,7.57,110406.24,83318.241
600851.SH,20161122,13.52,13.58,13.48,13.57,39665.38,53665.936
002388.SZ,20161122,12.09,12.37,12.08,12.32,80994.92,98709.613
603909.SH,20161122,64.14,65.88,63.68,64.28,22159.79,143440.299
600170.SH,20161122,4.9,5.0,4.86,4.89,1327100.11,654925.577
002074.SZ,20161122,33.48,33.92,33.44,33.91,75353.95,254101.601
002570.SZ,20161122,12.07,12.15,12.02,12.15,69624.86,84060.322
600640.SH,20161122,20.65,20.89,20.43,20.81,36758.9,76040.916
002110.SZ,20161122,9.58,10.09,9.39,10.09,343233.47,338806.899
600079.SH,20161122,20.13,20.32,19.91,20.11,90162.48,181518.047
002289.SZ,20161122,27.41,28.09,26.8,26.9,61771.59,169527.931
000528.SZ,20161122,8.03,8.19,8.01,8.15,157891.31,127617.724
300221.SZ,20161122,21.42,21.73,21.4,21.65,84535.14,182099.915
000925.SZ,20161122,25.16,25.68,25.13,25.52,40259.41,102593.733
300041.SZ,20161122,13.11,13.13,12.92,13.09,44974.81,58474.9
002549.SZ,20161122,11.63,11.65,11.37,11.48,73503.15,84323.831
600120.SH,20161122,31.39,31.72,31.3,31.49,140319.52,440825.516
603686.SH,20161122,34.65,35.0,34.32,34.95,26623.25,92573.588
300265.SZ,20161122,17.46,17.57,17.19,17.46,25480.77,44166.91
000425.SZ,20161122,3.54,3.57,3.51,3.55,941536.13,333646.859
300168.SZ,20161122,22.04,22.42,22.03,22.42,143441.47,318811.774
300444.SZ,20161122,26.96,27.17,26.58,27.15,31829.87,85396.708
603018.SH,20161122,38.7,38.88,37.4,37.68,32669.5,123604.51
002254.SZ,20161122,13.42,13.48,13.33,13.43,106419.98,142718.552
002326.SZ,20161122,17.37,17.48,17.2,17.35,75136.12,129876.082
000158.SZ,20161122,13.02,13.74,12.95,13.74,171313.62,230289.019
300333.SZ,20161122,19.65,20.09,19.64,20.03,69351.0,137766.706
002016.SZ,20161122,11.11,11.15,10.95,10.98,49670.0,54674.59
300067.SZ,20161122,9.16,9.28,9.15,9.28,57331.93,52826.675
600548.SH,20161122,9.15,9.23,9.13,9.23,20491.32,18815.424
300307.SZ,20161122,12.19,12.3,12.12,12.3,71935.7,87761.339
002480.SZ,20161122,12.27,12.36,12.12,12.27,82156.84,100182.664
002705.SZ,20161122,18.29,18.69,18.15,18.62,46873.19,86341.261
603515.SH,20161122,48.0,48.92,47.6,47.85,67066.03,323045.73
000666.SZ,20161122,21.81,22.16,21.63,22.04,77815.22,170765.832
601369.SH,20161122,7.44,7.46,7.36,7.45,71959.82,53311.864
600824.SH,20161122,6.92,7.06,6.9,6.99,142625.77,99821.239
300012.SZ,20161122,12.77,12.88,12.7,12.88,39807.95,50970.478
000785.SZ,20161122,14.98,15.83,14.89,15.61,186314.42,287549.936
603100.SH,20161122,15.99,16.19,15.98,16.14,34928.5,56306.774
002309.SZ,20161122,15.16,15.59,15.12,15.55,62382.37,96023.115
600606.SH,20161122,9.15,9.18,9.12,9.17,583072.98,533732.186
600240.SH,20161122,11.74,12.22,11.7,12.13,298903.02,361085.462
600817.SH,20161122,22.11,22.3,22.0,22.14,21332.19,47124.04
600162.SH,20161122,4.48,4.51,4.46,4.47,113602.09,50958.35
600724.SH,20161122,5.86,6.05,5.83,5.99,152353.48,90631.389
002201.SZ,20161122,22.05,23.18,22.05,22.8,160256.05,363403.527
002672.SZ,20161122,19.02,19.14,18.95,19.09,59451.89,113084.427
002691.SZ,20161122,28.0,29.28,27.7,29.24,25379.6,72597.242
002202.SZ,20161122,17.66,17.67,17.4,17.61,211460.54,370580.951
603029.SH,20161122,68.0,68.84,63.55,64.43,103927.48,679827.394
600177.SH,20161122,14.35,14.56,14.32,14.55,268190.7,388124.233
002176.SZ,20161122,12.33,12.34,12.19,12.34,169665.59,208279.418
600356.SH,20161122,13.04,13.12,12.91,13.07,36961.83,48077.24
600372.SH,20161122,19.39,19.45,19.15,19.31,75270.52,144944.385
000593.SZ,20161122,12.99,13.09,12.95,13.05,53723.98,69858.762
000688.SZ,20161122,10.5,11.52,10.4,11.52,451153.06,501305.724
000951.SZ,20161122,15.0,15.58,15.0,15.52,60914.69,93343.465
000707.SZ,20161122,9.69,9.88,9.56,9.72,147786.61,143750.281
601099.SH,20161122,5.86,5.89,5.83,5.88,1867135.96,1094257.188
600369.SH,20161122,7.67,7.84,7.65,7.8,554353.35,430909.184
002404.SZ,20161122,9.4,9.74,9.32,9.68,279667.26,267064.436
000633.SZ,20161122,12.02,12.23,11.85,12.2,96200.53,115623.395
600706.SH,20161122,20.93,21.61,20.93,21.39,54294.21,116032.123
600874.SH,20161122,8.96,9.12,8.93,9.06,129321.06,116992.232
600064.SH,20161122,16.89,17.11,16.89,17.1,83707.57,142564.083
600114.SH,20161122,17.43,17.51,17.14,17.25,106942.38,185205.751
300052.SZ,20161122,24.2,26.59,23.98,26.59,432109.58,1100195.011
002378.SZ,20161122,11.15,11.35,11.13,11.32,117692.1,132531.682
002011.SZ,20161122,10.99,11.09,10.92,11.05,96386.33,105984.744
601918.SH,20161122,4.95,5.08,4.95,5.06,288908.62,145220.402
603128.SH,20161122,11.62,11.81,11.46,11.61,250334.52,289788.374
000028.SZ,20161122,73.31,74.51,73.11,73.6,14552.62,107193.343
600765.SH,20161122,15.08,15.2,15.03,15.19,70278.76,106099.903
600105.SH,20161122,11.47,11.54,11.41,11.5,53919.76,61940.675
600501.SH,20161122,18.36,18.68,18.31,18.47,59122.89,109074.807
002137.SZ,20161122,15.9,15.94,15.66,15.82,92629.91,146324.299
300274.SZ,20161122,11.6,11.69,11.54,11.69,104787.68,121660.066
600584.SH,20161122,18.56,18.63,18.2,18.54,185128.12,341155.529
600520.SH,20161122,22.26,22.61,21.8,22.27,24497.55,54607.688
600030.SH,20161122,17.43,17.66,17.38,17.64,1678082.92,2943142.933
002385.SZ,20161122,7.33,7.37,7.32,7.36,134876.1,98961.496
000411.SZ,20161122,24.31,24.59,23.99,24.0,21423.97,51794.841
600467.SH,20161122,4.5,4.53,4.49,4.53,217440.38,98117.987
300222.SZ,20161122,22.18,22.69,22.02,22.68,73359.43,163708.004
002759.SZ,20161122,30.35,30.75,30.22,30.4,38773.42,117809.436
002384.SZ,20161122,19.41,19.45,19.14,19.25,67045.88,129119.113
000757.SZ,20161122,11.72,11.93,11.57,11.9,165269.64,194674.346
000559.SZ,20161122,14.66,14.7,14.6,14.69,117416.26,171881.242
600770.SH,20161122,11.37,11.56,11.36,11.51,140379.4,160778.329
600806.SH,20161122,8.56,8.65,8.48,8.54,49500.81,42312.535
603806.SH,20161122,52.39,53.18,52.08,52.56,51161.42,269277.348
300562.SZ,20161122,32.96,32.96,32.96,32.96,26.0,85.696
600496.SH,20161122,4.58,4.65,4.56,4.61,336479.61,154760.083
300233.SZ,20161122,26.53,27.23,26.24,27.21,26716.61,71224.578
300339.SZ,20161122,34.01,35.02,33.86,34.88,73811.74,253372.845
002647.SZ,20161122,61.5,65.2,58.33,62.9,62233.76,382131.189
300406.SZ,20161122,24.02,24.17,23.91,24.0,22055.67,52926.844
600098.SH,20161122,9.39,9.56,9.22,9.36,267259.41,250279.079
603369.SH,20161122,13.29,13.3,13.22,13.3,44757.54,59333.828
002007.SZ,20161122,35.39,35.44,34.99,35.17,85582.84,301237.28
002455.SZ,20161122,11.54,11.88,11.42,11.61,102748.51,120240.486
000705.SZ,20161122,14.1,14.28,14.09,14.26,51769.19,73343.512
000800.SZ,20161122,11.68,12.15,11.59,11.85,323126.69,383493.484
000993.SZ,20161122,11.05,11.2,11.01,11.15,106271.0,118211.069
002087.SZ,20161122,7.35,7.46,7.15,7.2,209968.83,153280.068
002111.SZ,20161122,24.34,24.48,24.27,24.44,22129.98,54014.379
603023.SH,20161122,17.96,17.97,17.63,17.75,59140.62,105129.595
000404.SZ,20161122,11.6,11.69,11.51,11.56,53525.39,61999.162
601001.SH,20161122,7.16,7.28,7.14,7.2,610546.31,438745.189
601126.SH,20161122,10.26,10.55,10.25,10.51,164943.08,171545.199
300232.SZ,20161122,16.7,17.35,16.7,17.16,84317.13,144538.584
600066.SH,20161122,20.48,20.5,20.4,20.48,86991.57,177819.355
300215.SZ,20161122,16.76,17.0,16.6,16.99,129941.11,217824.801
300119.SZ,20161122,19.78,19.87,19.48,19.68,38613.77,75847.297
002719.SZ,20161122,62.9,69.95,62.42,68.55,135137.57,882542.33
002119.SZ,20161122,22.1,22.32,21.77,22.29,41781.99,91939.273
000610.SZ,20161122,15.52,15.63,15.44,15.56,80123.62,124411.866
000926.SZ,20161122,12.88,12.95,12.83,12.88,103036.6,132639.736
600869.SH,20161122,8.46,8.51,8.43,8.51,106177.98,89874.931
600211.SH,20161122,57.37,57.37,55.59,56.38,23166.08,130112.092
600241.SH,20161122,17.63,17.73,17.4,17.61,29603.13,51919.817
300515.SZ,20161122,67.5,68.96,67.21,68.04,32142.71,219216.403
300526.SZ,20161122,105.0,113.49,104.0,106.0,47197.57,511100.776
300539.SZ,20161122,55.92,58.48,55.92,57.99,53783.5,308692.611
002358.SZ,20161122,21.83,21.9,21.42,21.83,83148.72,180415.798
002436.SZ,20161122,8.91,8.91,8.65,8.76,713201.65,621895.766
002517.SZ,20161122,39.75,39.8,38.0,39.6,35931.46,140147.569
002568.SZ,20161122,23.39,23.4,23.1,23.37,38135.66,88561.815
300062.SZ,20161122,37.61,38.92,37.46,37.86,34938.83,133352.934
000973.SZ,20161122,8.59,8.66,8.56,8.66,125428.56,108160.104
002197.SZ,20161122,18.3,18.56,18.25,18.53,56944.31,104728.138
603222.SH,20161122,15.94,16.24,15.93,16.19,56337.37,90496.081
603777.SH,20161122,63.18,65.3,63.18,63.81,149155.82,953638.746
000407.SZ,20161122,6.68,6.74,6.61,6.7,130044.11,86858.439
000426.SZ,20161122,10.52,11.15,10.51,11.02,433027.54,468906.198
600469.SH,20161122,10.78,10.95,10.7,10.89,78297.46,85056.335
300525.SZ,20161122,106.0,107.98,104.3,105.5,24144.07,255559.452
600125.SH,20161122,7.92,8.04,7.91,7.99,170156.11,135639.502
300136.SZ,20161122,25.51,25.97,25.03,25.94,105971.75,270044.6
002663.SZ,20161122,6.42,6.43,6.36,6.41,209056.76,133537.1
002792.SZ,20161122,62.78,67.5,62.04,63.7,142996.51,919488.72
002281.SZ,20161122,83.37,87.51,83.21,85.8,91577.91,780218.227
002472.SZ,20161122,13.09,13.12,12.9,12.99,42784.95,55477.39
002053.SZ,20161122,16.52,17.97,16.52,17.65,232601.96,406922.239
600983.SH,20161122,11.55,11.67,11.5,11.63,81270.87,94177.021
601880.SH,20161122,3.08,3.13,3.03,3.11,2638816.75,813021.567
600605.SH,20161122,25.25,25.29,24.85,25.08,27241.31,68114.3
600731.SH,20161122,10.96,11.08,10.87,11.05,100124.43,110164.373
300298.SZ,20161122,22.72,22.72,22.26,22.45,44073.74,98863.139
002473.SZ,20161122,29.15,29.38,28.82,29.0,16511.92,48022.013
000534.SZ,20161122,16.4,16.5,16.3,16.4,28763.17,47093.708
300250.SZ,20161122,29.28,30.2,29.11,30.2,55624.48,164811.384
002797.SZ,20161122,41.62,42.8,41.2,42.3,305807.83,1286588.315
000715.SZ,20161122,19.25,21.48,19.25,21.48,267396.14,568263.358
300531.SZ,20161122,138.57,138.57,138.57,138.57,1370.0,18984.09
600556.SH,20161122,12.7,12.75,12.57,12.73,98951.6,125155.938
300417.SZ,20161122,49.05,49.8,48.6,49.55,10154.43,49981.347
002466.SZ,20161122,38.1,38.66,37.95,38.51,173854.82,667890.097
600897.SH,20161122,23.7,23.85,23.58,23.67,14821.41,35195.779
300035.SZ,20161122,16.21,16.52,16.06,16.51,87028.42,141889.88
002117.SZ,20161122,29.47,29.86,29.31,29.75,27101.5,79966.279
002204.SZ,20161122,4.72,4.75,4.66,4.7,417471.01,196103.461
002367.SZ,20161122,14.67,14.74,14.64,14.73,52740.77,77543.099
300256.SZ,20161122,14.74,14.75,14.53,14.73,126950.72,185820.794
300103.SZ,20161122,26.58,27.79,25.92,26.8,296467.98,792866.419
000985.SZ,20161122,30.5,30.97,30.02,30.82,32945.7,100556.047
002203.SZ,20161122,8.7,8.76,8.56,8.67,90798.23,78715.172
300486.SZ,20161122,33.05,33.7,32.71,33.62,69327.88,231253.55
603987.SH,20161122,15.05,15.05,15.05,15.05,28.0,42.14
603007.SH,20161122,65.35,69.8,64.86,66.3,107776.32,724854.941
002090.SZ,20161122,27.49,27.65,27.27,27.65,19735.82,54152.577
603189.SH,20161122,48.32,50.85,48.32,50.31,99668.64,495927.913
600540.SH,20161122,8.17,8.24,8.15,8.23,95853.95,78503.958
603887.SH,20161122,68.05,71.0,68.05,70.77,55581.18,387969.797
603843.SH,20161122,27.5,28.62,27.35,27.81,185884.72,521585.104
603313.SH,20161122,51.49,52.48,51.12,51.7,89903.61,465420.25
603859.SH,20161122,53.88,57.36,53.72,56.27,78004.15,435381.669
603159.SH,20161122,57.54,59.0,57.02,58.4,40438.78,235049.841
000665.SZ,20161122,15.25,15.33,15.19,15.26,39801.51,60692.843
601500.SH,20161122,26.9,27.39,26.5,26.58,331594.98,886715.366
001872.SZ,20161122,17.26,17.45,17.26,17.38,18542.02,32227.116
001914.SZ,20161122,10.94,10.95,10.71,10.79,109920.26,119173.422
920039.BJ,20161122,4.1,4.11,4.05,4.11,90.0,36.85
920566.BJ,20161122,9.9,10.0,9.9,10.0,250.0,248.05
920799.BJ,20161122,12.2,12.3,12.2,12.25,690.0,847.1
920489.BJ,20161122,7.12,7.26,6.68,7.1,2290.0,1611.11
920964.BJ,20161122,8.02,8.15,8.02,8.13,3400.0,2746.12
920225.BJ,20161122,2.8,2.8,2.8,2.8,10.0,2.8
920418.BJ,20161122,6.81,6.99,6.81,6.99,60.0,41.22
920278.BJ,20161122,7.08,7.08,7.0,7.0,250.0,176.09
920090.BJ,20161122,1.95,1.95,1.86,1.93,100.0,18.91
832317.BJ,20161122,9.88,10.17,9.77,10.17,40.0,39.68
920961.BJ,20161122,7.4,7.4,7.25,7.25,80.0,58.34
920021.BJ,20161122,20.43,20.43,20.43,20.43,10.0,20.43
920445.BJ,20161122,4.95,5.05,4.95,5.05,140.0,70.0
920010.BJ,20161122,1.53,1.54,1.45,1.48,300.0,44.94
920266.BJ,20161122,16.52,16.55,16.52,16.52,80.0,132.23
920419.BJ,20161122,1.65,1.65,1.64,1.64,30.0,4.93
833874.BJ,20161122,12.63,12.63,12.3,12.3,60.0,74.63
920765.BJ,20161122,6.9,6.99,6.9,6.9,230.0,159.17
920185.BJ,20161122,27.8,28.18,27.8,28.18,240.0,671.43
920639.BJ,20161122,5.33,5.33,5.0,5.16,1370.0,706.45
833994.BJ,20161122,14.4,14.98,14.35,14.7,250.0,365.29
920735.BJ,20161122,12.2,12.2,12.2,12.2,30.0,36.6
920682.BJ,20161122,5.0,5.09,5.0,5.09,80.0,40.27
920476.BJ,20161122,5.0,5.07,5.0,5.07,20.0,10.07
920405.BJ,20161122,5.66,5.68,5.65,5.66,310.0,175.5
920670.BJ,20161122,1.8,1.8,1.8,1.8,3600.0,648.0
920207.BJ,20161122,2.0,6.0,2.0,6.0,9500.0,2500.0
920819.BJ,20161122,6.0,6.04,5.98,6.04,380.0,228.52
920184.BJ,20161122,11.2,11.2,11.2,11.2,40.0,44.8
920689.BJ,20161122,4.52,4.64,4.52,4.64,100.0,45.73
920174.BJ,20161122,9.66,9.68,9.66,9.68,70.0,67.7
920491.BJ,20161122,14.3,14.6,14.3,14.4,2850.0,4101.6
920139.BJ,20161122,4.98,5.0,4.82,4.86,900.0,442.62
920300.BJ,20161122,7.95,8.05,7.75,8.0,310.0,245.65
920087.BJ,20161122,3.01,3.01,3.01,3.01,10.0,3.01
920110.BJ,20161122,12.66,13.31,12.66,13.31,110.0,139.91
920879.BJ,20161122,5.16,5.25,5.12,5.23,3610.0,1860.15
920249.BJ,20161122,6.28,6.38,6.28,6.38,30.0,18.94
920478.BJ,20161122,10.15,10.15,10.15,10.15,10.0,10.15
920809.BJ,20161122,25.1,25.1,24.25,24.9,9390.0,23342.47
920023.BJ,20161122,4.56,4.79,4.56,4.69,16770.0,7841.72
920057.BJ,20161122,5.2,5.2,5.2,5.2,45000.0,23400.0
920974.BJ,20161122,4.77,4.85,4.56,4.75,250.0,118.45
920556.BJ,20161122,4.71,4.72,4.58,4.65,550.0,256.24
920779.BJ,20161122,6.3,6.35,6.3,6.35,70.0,44.2
920471.BJ,20161122,8.89,8.89,8.89,8.89,50.0,44.45
920017.BJ,20161122,17.1,17.1,17.0,17.0,350.0,595.16
920982.BJ,20161122,28.47,28.49,28.0,28.06,1090.0,3079.64
920175.BJ,20161122,2.44,2.5,2.39,2.5,1550.0,380.06
920198.BJ,20161122,10.5,10.5,10.15,10.3,210.0,215.0
920978.BJ,20161122,3.3,3.41,3.26,3.38,1140.0,382.54
920786.BJ,20161122,8.92,9.12,8.9,9.05,4350.0,3950.35
920579.BJ,20161122,4.45,4.8,4.45,4.8,70.0,32.46
920522.BJ,20161122,4.14,4.15,4.14,4.15,80.0,33.14
920496.BJ,20161122,4.21,4.27,4.2,4.27,250.0,105.45
302132.SZ,20161122,27.3,27.7,27.21,27.7,20748.63,56788.437
