ts_code,trade_date,open,high,low,close,vol,amount
600094.SH,20230822,3.52,3.55,3.46,3.5,294001.84,102954.253
600095.SH,20230822,8.7,8.89,8.58,8.8,571291.57,498825.32
600096.SH,20230822,16.9,16.95,16.42,16.73,158301.61,263883.443
600097.SH,20230822,9.72,9.88,9.57,9.67,18849.0,18230.764
600098.SH,20230822,6.06,6.11,5.99,6.06,147316.0,88919.354
600099.SH,20230822,9.12,9.25,8.84,8.95,23548.02,21189.782
600100.SH,20230822,6.95,7.2,6.95,7.17,660603.94,466885.094
600101.SH,20230822,8.7,8.78,8.52,8.66,49940.96,43071.411
600103.SH,20230822,2.86,2.87,2.61,2.68,1258005.01,339402.211
600104.SH,20230822,14.02,14.15,13.91,14.04,191232.81,268161.627
600105.SH,20230822,6.68,6.75,6.28,6.56,898097.96,580147.767
600106.SH,20230822,4.78,4.8,4.73,4.8,77915.23,37112.531
600107.SH,20230822,5.97,6.03,5.73,5.86,314859.12,183917.192
600108.SH,20230822,3.13,3.16,3.09,3.13,183921.97,57348.849
600109.SH,20230822,9.61,9.79,9.54,9.72,497960.14,480800.895
600110.SH,20230822,6.35,6.38,6.16,6.28,167182.2,104540.476
600111.SH,20230822,23.06,23.24,22.22,22.74,290128.23,657664.114
600112.SH,20230822,3.28,3.32,3.17,3.21,39209.0,12705.041
600113.SH,20230822,7.42,7.57,7.34,7.45,32089.5,23824.6
600114.SH,20230822,9.06,9.65,9.01,9.64,494041.25,463868.071
600115.SH,20230822,4.42,4.45,4.37,4.42,447965.66,197078.212
600116.SH,20230822,8.21,8.25,7.97,8.1,89656.0,72474.845
600117.SH,20230822,2.98,3.02,2.94,2.99,37432.0,11165.836
600118.SH,20230822,26.29,26.76,26.18,26.66,98927.3,262271.346
600119.SH,20230822,6.28,6.36,6.17,6.2,23650.13,14739.51
600120.SH,20230822,4.01,4.04,3.96,4.02,220422.71,88179.316
600121.SH,20230822,4.35,4.37,4.27,4.36,90722.69,39187.923
600123.SH,20230822,8.53,8.58,8.43,8.53,80690.38,68604.656
600125.SH,20230822,5.93,5.97,5.82,5.91,171989.4,100998.086
600126.SH,20230822,4.41,4.45,4.36,4.42,112009.03,49218.231
600127.SH,20230822,8.37,8.75,8.15,8.51,506437.11,423235.033
600128.SH,20230822,8.55,8.6,8.36,8.45,31593.0,26705.349
600129.SH,20230822,46.06,46.53,45.23,46.25,54911.5,252412.004
600130.SH,20230822,4.05,4.09,3.97,4.08,114985.06,46358.818
600131.SH,20230822,15.31,15.62,15.17,15.6,108899.77,167796.182
600132.SH,20230822,90.84,91.12,88.36,89.76,66615.8,596209.358
600133.SH,20230822,6.91,7.0,6.87,6.99,167675.0,116346.191
600135.SH,20230822,7.22,7.25,7.12,7.23,50983.0,36629.52
600136.SH,20230822,2.82,2.87,2.73,2.83,46899.0,13194.643
600137.SH,20230822,17.1,17.27,16.41,16.59,19688.0,32957.637
600138.SH,20230822,12.45,12.5,11.98,12.28,206577.87,251260.181
600903.SH,20230822,9.08,9.18,8.8,9.03,296931.87,266801.747
600905.SH,20230822,5.08,5.1,5.0,5.04,869965.91,438405.888
600906.SH,20230822,8.68,8.84,8.51,8.7,1010669.52,873731.248
600908.SH,20230822,5.4,5.52,5.4,5.49,157734.36,86429.766
600909.SH,20230822,5.29,5.32,5.2,5.28,780066.45,410646.426
600916.SH,20230822,11.22,11.26,11.03,11.21,101295.0,112809.739
600917.SH,20230822,6.97,7.04,6.81,6.9,35538.5,24517.47
600918.SH,20230822,7.65,7.76,7.55,7.68,439459.87,335798.204
600919.SH,20230822,7.05,7.08,7.03,7.06,705165.55,497618.208
600925.SH,20230822,5.86,5.87,5.8,5.84,95427.58,55573.683
600926.SH,20230822,11.59,11.68,11.46,11.6,180175.26,208689.917
600927.SH,20230822,17.55,17.66,17.3,17.6,46565.23,81425.958
600928.SH,20230822,3.71,3.75,3.69,3.73,175744.46,65337.394
600929.SH,20230822,7.07,7.64,7.07,7.43,267679.04,197505.941
600933.SH,20230822,22.3,22.75,21.79,22.24,28093.08,62299.034
600935.SH,20230822,3.67,3.7,3.57,3.62,119931.03,43484.981
600936.SH,20230822,4.3,4.39,4.29,4.38,174324.69,75712.503
600938.SH,20230822,18.38,18.86,18.37,18.81,376428.09,705222.929
600939.SH,20230822,3.65,3.67,3.59,3.66,102176.49,37097.606
600941.SH,20230822,98.01,100.98,97.13,100.45,159235.18,1587695.857
600955.SH,20230822,20.12,20.23,19.12,19.34,27066.72,52849.969
600956.SH,20230822,8.48,8.59,8.3,8.39,37705.36,31651.977
600958.SH,20230822,10.36,10.49,10.23,10.41,684048.77,710329.821
600959.SH,20230822,3.35,3.39,3.32,3.38,290050.24,97388.734
600960.SH,20230822,3.61,3.67,3.56,3.63,57790.0,20876.245
600961.SH,20230822,8.63,8.78,8.47,8.6,61909.0,53255.92
600962.SH,20230822,11.29,11.32,10.97,11.19,20350.0,22647.915
600963.SH,20230822,6.55,6.61,6.44,6.55,108072.51,70426.175
600965.SH,20230822,6.51,6.51,6.3,6.39,42923.25,27456.013
600966.SH,20230822,6.48,6.48,6.27,6.33,62030.75,39349.834
600967.SH,20230822,9.24,9.37,9.17,9.3,82307.58,76435.366
600968.SH,20230822,2.86,2.9,2.85,2.87,319552.38,91707.957
600969.SH,20230822,6.9,6.94,6.71,6.79,40894.33,27775.548
600970.SH,20230822,12.41,12.58,12.08,12.36,204214.48,251401.873
600971.SH,20230822,7.89,7.96,7.85,7.94,92151.82,72798.093
600973.SH,20230822,4.79,4.83,4.66,4.78,171458.56,81365.418
600975.SH,20230822,8.47,8.63,8.47,8.6,168810.23,144573.106
600976.SH,20230822,66.8,67.2,65.59,66.8,8488.15,56306.441
600977.SH,20230822,14.59,14.85,14.43,14.83,168252.65,246194.153
600979.SH,20230822,3.39,3.42,3.3,3.35,210166.6,70375.385
600980.SH,20230822,15.29,15.39,14.8,15.11,25893.0,39060.484
603660.SH,20230822,6.12,6.33,6.12,6.31,74601.0,46465.723
603661.SH,20230822,31.66,32.35,31.1,31.51,4300.6,13553.58
603662.SH,20230822,27.46,27.65,26.38,27.43,155803.61,421102.028
603663.SH,20230822,9.7,9.83,9.53,9.71,32986.92,31800.259
603665.SH,20230822,29.03,29.1,28.3,28.81,19178.0,55140.621
603666.SH,20230822,32.55,32.88,31.6,32.5,21931.36,70384.492
603667.SH,20230822,14.57,14.78,14.17,14.55,134017.8,193648.582
603668.SH,20230822,16.23,16.46,15.76,15.96,54712.4,87734.918
603669.SH,20230822,4.87,4.89,4.68,4.77,21460.78,10228.392
603676.SH,20230822,10.51,10.62,10.24,10.41,40630.0,42252.978
603677.SH,20230822,12.96,13.1,12.75,13.04,14251.0,18420.86
603678.SH,20230822,33.87,34.34,32.47,33.18,43647.45,145600.667
603679.SH,20230822,14.05,14.21,13.86,14.16,19098.0,26819.235
603680.SH,20230822,9.1,9.17,8.96,9.11,15300.96,13844.855
603681.SH,20230822,13.27,13.3,12.77,13.0,32431.45,42079.642
603682.SH,20230822,6.4,6.4,6.25,6.38,114328.0,72397.457
603683.SH,20230822,10.42,10.56,10.22,10.47,18601.32,19280.892
603685.SH,20230822,15.3,15.3,14.88,15.24,9597.89,14470.354
603686.SH,20230822,10.23,10.3,9.95,10.12,48880.6,49320.801
603687.SH,20230822,9.65,9.72,9.46,9.57,37454.0,35834.235
603688.SH,20230822,89.89,90.5,87.21,88.82,43596.31,386224.127
603689.SH,20230822,8.53,8.59,8.28,8.4,36036.0,30316.421
603690.SH,20230822,26.12,26.6,25.76,26.49,58135.03,152171.688
603693.SH,20230822,12.35,12.39,12.1,12.27,24807.83,30361.426
603696.SH,20230822,9.44,9.61,9.12,9.31,36833.47,34206.409
603697.SH,20230822,8.96,9.02,8.66,8.79,28924.77,25439.563
603698.SH,20230822,14.55,14.68,14.36,14.65,16508.41,23988.963
603699.SH,20230822,14.31,14.4,14.09,14.4,86617.26,123643.294
603700.SH,20230822,13.63,13.8,13.22,13.52,20623.46,27676.707
603701.SH,20230822,13.62,13.67,13.0,13.21,85178.9,113168.485
603703.SH,20230822,10.66,10.67,10.2,10.46,53770.5,55840.438
603706.SH,20230822,15.72,15.75,15.0,15.26,23901.0,36639.663
603707.SH,20230822,12.83,12.96,12.54,12.72,47771.88,60516.419
603708.SH,20230822,12.14,12.25,11.96,12.16,27720.85,33438.25
603709.SH,20230822,16.14,16.38,15.69,16.0,13722.6,21948.574
603711.SH,20230822,17.35,18.79,16.93,17.39,30508.02,53936.726
603712.SH,20230822,26.5,26.94,26.09,26.7,35938.77,95411.457
603713.SH,20230822,87.3,87.99,86.3,86.84,4598.05,40055.441
603716.SH,20230822,12.11,12.23,11.4,11.74,379217.79,444673.655
603717.SH,20230822,7.22,7.23,7.05,7.15,105002.0,74701.712
603718.SH,20230822,9.51,9.61,9.3,9.42,32035.0,30123.276
688410.SH,20230822,40.76,41.69,40.31,41.51,8517.04,35086.744
688416.SH,20230822,55.68,56.39,54.0,55.71,9463.85,52222.102
688418.SH,20230822,14.16,14.76,14.16,14.49,122646.94,177126.188
688419.SH,20230822,36.85,37.69,35.65,37.0,9987.18,36468.572
688420.SH,20230822,31.36,32.0,30.15,31.18,6195.04,19228.501
688425.SH,20230822,4.52,4.55,4.44,4.53,170201.71,76445.222
688426.SH,20230822,29.48,30.03,28.8,29.54,2380.85,6967.629
688428.SH,20230822,10.17,10.19,9.85,10.11,49472.68,49335.145
688429.SH,20230822,25.23,25.72,24.2,24.93,22553.87,56122.525
688432.SH,20230822,13.78,14.14,13.41,14.07,35954.24,49278.561
688433.SH,20230822,31.37,31.58,30.34,31.16,6128.06,18946.145
688435.SH,20230822,70.55,71.96,67.99,71.7,17253.74,121126.156
688439.SH,20230822,91.65,93.98,90.2,92.42,7050.71,65142.86
688443.SH,20230822,27.9,28.2,27.1,27.65,22292.68,61590.009
688448.SH,20230822,31.54,31.75,29.71,30.54,13425.32,41124.153
688450.SH,20230822,49.22,49.85,46.55,47.59,35631.3,170844.766
688455.SH,20230822,13.52,13.6,13.17,13.42,16801.25,22295.495
688456.SH,20230822,36.0,37.01,35.4,36.79,6199.93,22498.182
688458.SH,20230822,80.66,83.18,77.87,80.2,7999.87,64148.962
688459.SH,20230822,9.63,9.7,9.48,9.58,47780.3,45718.247
688466.SH,20230822,18.02,18.22,17.73,18.19,13125.88,23637.216
688468.SH,20230822,9.18,9.23,8.7,9.01,42940.86,38301.062
688469.SH,20230822,5.45,5.48,5.23,5.35,261984.94,140342.356
688472.SH,20230822,14.95,15.19,14.2,14.58,266508.17,388234.255
688475.SH,20230822,43.43,45.52,42.7,45.31,20504.2,90862.051
688478.SH,20230822,47.89,48.7,46.0,47.8,45228.1,215166.944
688479.SH,20230822,29.68,30.51,29.09,29.78,22226.92,66175.134
688480.SH,20230822,28.76,28.99,28.12,28.7,8647.5,24676.962
688484.SH,20230822,37.98,39.29,37.66,39.11,28367.9,109976.729
688485.SH,20230822,16.8,16.8,15.25,15.84,86357.96,137346.846
688486.SH,20230822,89.35,98.7,89.35,95.68,18894.15,179555.037
688488.SH,20230822,10.43,10.43,10.06,10.24,28552.12,29165.594
688489.SH,20230822,57.43,59.01,55.19,58.0,19692.58,113207.695
688496.SH,20230822,13.95,14.22,13.76,14.19,18494.18,26021.657
688498.SH,20230822,178.5,180.99,171.9,179.8,13567.62,239582.447
688499.SH,20230822,47.61,48.06,45.35,46.3,16152.8,74911.091
688500.SH,20230822,17.69,17.8,17.29,17.78,2287.42,4035.44
688501.SH,20230822,18.25,18.84,17.81,18.2,14754.87,26826.665
688502.SH,20230822,178.0,184.0,171.2,176.67,5631.44,99209.476
688503.SH,20230822,74.09,74.79,71.74,73.47,7586.13,55372.535
688505.SH,20230822,9.45,9.54,9.15,9.4,40908.62,38090.396
688506.SH,20230822,86.99,87.77,83.57,87.5,5617.34,47963.852
001222.SZ,20230822,16.23,16.3,14.79,14.88,92515.08,141518.878
001223.SZ,20230822,75.52,81.61,75.18,79.19,9751.87,76477.835
001225.SZ,20230822,46.25,46.51,43.87,44.22,13670.0,61329.588
001226.SZ,20230822,31.98,32.24,31.08,31.35,22120.0,70006.685
001227.SZ,20230822,2.98,3.09,2.98,3.08,861797.04,261614.063
001228.SZ,20230822,37.17,37.83,36.9,37.5,6307.4,23436.404
001229.SZ,20230822,29.55,30.39,29.3,30.18,9549.76,28576.251
001230.SZ,20230822,26.09,26.18,24.53,25.2,32174.65,80779.526
001231.SZ,20230822,21.73,21.8,20.53,21.0,41520.0,87453.933
001234.SZ,20230822,39.9,40.4,38.05,38.49,26850.2,104887.958
001236.SZ,20230822,14.01,14.3,13.99,14.24,82155.0,115992.12
001238.SZ,20230822,23.76,24.0,22.84,23.2,17552.22,40920.296
001255.SZ,20230822,35.26,35.64,33.88,34.76,11511.95,39719.023
001256.SZ,20230822,18.59,18.67,18.0,18.3,20289.02,37162.213
001258.SZ,20230822,8.59,8.59,8.35,8.44,44066.0,37141.28
001259.SZ,20230822,29.49,29.86,28.34,29.08,13050.0,37861.557
001260.SZ,20230822,22.0,22.07,21.28,21.77,29560.84,64091.152
001266.SZ,20230822,25.72,26.09,25.17,25.82,12271.61,31434.802
001267.SZ,20230822,6.02,6.07,5.8,5.93,115920.12,68566.836
001268.SZ,20230822,21.96,22.2,21.09,21.52,6643.34,14255.538
001269.SZ,20230822,52.05,52.49,50.11,51.29,30814.3,157203.467
001270.SZ,20230822,79.74,81.26,78.2,80.71,11891.92,94993.058
001278.SZ,20230822,22.12,22.54,21.41,21.93,20602.19,45168.145
001282.SZ,20230822,31.3,31.96,30.0,30.72,48680.1,150601.119
001283.SZ,20230822,46.3,46.65,44.82,45.51,5101.0,23116.486
001286.SZ,20230822,9.68,9.72,9.43,9.63,223712.23,213984.781
001287.SZ,20230822,26.39,26.95,25.86,26.51,156032.3,410561.161
001288.SZ,20230822,17.76,17.81,17.24,17.63,17329.0,30267.48
001289.SZ,20230822,19.18,19.36,18.72,19.08,19579.42,37158.461
001296.SZ,20230822,21.85,22.17,21.4,22.02,29335.7,64008.873
001298.SZ,20230822,23.36,23.4,21.71,22.44,29830.99,66732.101
001299.SZ,20230822,21.0,23.05,20.8,21.34,297666.23,652675.484
001300.SZ,20230822,13.22,13.24,12.66,12.94,57554.05,74750.482
001301.SZ,20230822,55.2,55.2,53.15,53.9,8522.0,45990.527
001308.SZ,20230822,24.56,24.9,24.45,24.87,11501.19,28373.854
001309.SZ,20230822,64.28,66.7,63.0,65.86,23446.6,153080.448
001311.SZ,20230822,51.4,51.6,49.36,51.18,23345.4,118197.206
001313.SZ,20230822,8.28,8.5,8.2,8.38,23852.0,19867.75
001314.SZ,20230822,39.07,39.4,37.58,38.68,30607.0,117913.82
001316.SZ,20230822,36.9,37.46,36.6,37.23,13672.0,50727.478
001317.SZ,20230822,39.36,39.58,37.95,38.55,47868.7,184502.868
002615.SZ,20230822,6.54,6.55,6.29,6.42,74792.31,47779.258
002616.SZ,20230822,5.88,5.88,5.75,5.86,126299.71,73405.322
002617.SZ,20230822,6.88,6.95,6.71,6.87,216394.39,147665.943
002620.SZ,20230822,5.37,5.37,5.18,5.27,48281.0,25419.972
002621.SZ,20230822,3.61,3.63,3.53,3.61,84744.55,30267.656
002622.SZ,20230822,3.28,3.31,3.16,3.19,110105.0,35330.071
002623.SZ,20230822,25.8,26.1,25.11,25.54,13602.11,34662.98
002624.SZ,20230822,13.58,13.73,13.36,13.67,280305.42,380080.953
002625.SZ,20230822,14.33,14.75,14.07,14.29,140063.73,200898.957
002626.SZ,20230822,17.59,17.6,16.96,17.25,39032.36,67093.817
002627.SZ,20230822,5.42,5.46,5.3,5.37,58224.0,31182.929
002628.SZ,20230822,3.43,3.47,3.37,3.42,145191.01,49471.782
002629.SZ,20230822,4.05,4.09,3.97,4.02,51805.0,20817.471
002630.SZ,20230822,2.6,2.63,2.55,2.6,348115.27,89857.655
002631.SZ,20230822,5.57,5.66,5.42,5.54,29103.0,16021.869
002632.SZ,20230822,6.75,6.79,6.53,6.68,52550.0,34843.916
002633.SZ,20230822,10.2,10.34,9.89,10.07,11140.01,11221.037
002634.SZ,20230822,8.65,8.68,8.35,8.49,79518.07,67449.901
002635.SZ,20230822,12.58,12.62,12.29,12.58,40778.95,50683.63
002636.SZ,20230822,8.85,8.94,8.7,8.9,39500.21,34919.792
002637.SZ,20230822,10.52,10.61,10.22,10.38,17867.0,18500.985
002638.SZ,20230822,2.95,3.0,2.92,2.99,143476.5,42488.408
002639.SZ,20230822,7.77,7.85,7.6,7.71,100656.81,77333.165
002640.SZ,20230822,3.9,4.29,3.86,4.14,1704266.23,701356.101
002641.SZ,20230822,5.73,5.77,5.58,5.69,110712.48,62572.233
002642.SZ,20230822,6.72,6.94,6.72,6.9,192524.73,131819.866
002643.SZ,20230822,17.11,17.19,16.92,17.15,35804.0,61047.198
002644.SZ,20230822,10.89,10.97,10.63,10.79,31167.5,33536.61
002645.SZ,20230822,9.84,9.96,9.5,9.66,54327.14,52375.289
002646.SZ,20230822,14.4,14.44,14.07,14.26,30963.0,44049.679
002647.SZ,20230822,5.94,6.07,5.84,6.0,174506.6,103817.078
002648.SZ,20230822,14.44,14.87,14.44,14.76,159460.61,234498.46
002649.SZ,20230822,13.08,13.65,13.08,13.65,252340.87,337389.527
002650.SZ,20230822,4.06,4.15,4.02,4.08,107444.0,43842.17
002651.SZ,20230822,7.45,7.49,7.23,7.43,58812.97,43294.852
002652.SZ,20230822,3.09,3.11,2.94,3.07,532082.84,160813.124
002653.SZ,20230822,21.06,21.34,20.82,21.22,21269.0,44747.161
002654.SZ,20230822,9.28,9.28,8.88,9.18,460763.88,417137.596
002655.SZ,20230822,11.3,11.48,11.11,11.45,53419.5,60388.657
002656.SZ,20230822,2.07,2.15,2.02,2.06,67851.52,14118.558
002657.SZ,20230822,16.38,16.61,16.12,16.59,87223.8,143433.411
300276.SZ,20230822,3.6,3.63,3.54,3.61,183958.6,65967.115
300277.SZ,20230822,7.95,8.07,7.85,8.06,51075.0,40729.434
300278.SZ,20230822,3.91,3.95,3.83,3.92,136579.45,53111.772
300279.SZ,20230822,5.19,5.25,5.06,5.21,46010.36,23752.104
300280.SZ,20230822,31.95,33.08,31.8,32.9,45892.01,148728.154
300281.SZ,20230822,5.34,5.4,5.14,5.26,39184.0,20592.66
300282.SZ,20230822,3.06,3.14,2.89,2.97,111524.0,33344.562
300283.SZ,20230822,5.99,6.18,5.99,6.18,165339.71,100901.936
300284.SZ,20230822,6.28,6.35,6.21,6.33,150715.48,94542.619
300285.SZ,20230822,29.4,29.49,28.28,28.78,43352.74,124287.784
300286.SZ,20230822,28.6,28.94,27.38,28.12,24355.0,68094.689
300287.SZ,20230822,4.06,4.21,4.06,4.21,719801.36,298260.994
300288.SZ,20230822,16.06,16.58,16.03,16.57,99781.0,162856.886
300289.SZ,20230822,5.74,5.8,5.58,5.68,47827.0,27057.913
300290.SZ,20230822,4.77,4.92,4.76,4.91,247854.5,120308.621
300291.SZ,20230822,6.15,6.3,6.12,6.28,103072.0,64244.546
300292.SZ,20230822,3.53,3.61,3.5,3.6,239900.36,85314.123
300293.SZ,20230822,9.84,10.05,9.74,10.0,25624.0,25371.589
300294.SZ,20230822,31.01,31.36,30.02,30.5,40123.39,121931.821
300295.SZ,20230822,13.14,14.05,13.1,14.05,175474.44,239236.323
300296.SZ,20230822,6.14,6.21,6.02,6.16,156381.28,95642.339
300298.SZ,20230822,23.5,23.57,22.92,23.2,24038.66,55773.53
300299.SZ,20230822,6.4,6.59,6.39,6.58,162835.08,105657.173
300300.SZ,20230822,4.16,4.28,4.14,4.27,201496.51,85068.203
300301.SZ,20230822,1.68,1.7,1.64,1.67,60376.0,10059.842
300302.SZ,20230822,12.8,12.84,12.2,12.65,201769.28,252299.334
300303.SZ,20230822,5.03,5.06,4.94,5.06,167312.02,83771.246
300304.SZ,20230822,5.35,5.38,5.2,5.35,146432.76,77617.63
300305.SZ,20230822,10.49,10.55,9.98,10.17,32496.0,33069.43
300306.SZ,20230822,11.0,11.25,10.98,11.24,27169.0,30312.125
300307.SZ,20230822,6.9,7.22,6.77,7.11,431696.0,303098.174
300308.SZ,20230822,122.1,126.55,118.15,126.0,465006.29,5683967.305
300310.SZ,20230822,4.02,4.1,3.99,4.09,147668.9,59896.705
300311.SZ,20230822,6.12,6.16,6.0,6.14,144840.76,88336.33
300313.SZ,20230822,5.67,5.72,5.31,5.48,51644.0,28303.538
300314.SZ,20230822,15.97,16.24,15.3,15.89,49733.0,78192.546
300315.SZ,20230822,5.13,5.24,5.11,5.24,814010.73,421635.85
300316.SZ,20230822,55.98,56.09,53.63,55.0,84996.25,464399.264
300317.SZ,20230822,5.08,5.13,4.94,5.06,112946.0,56719.072
300318.SZ,20230822,5.35,5.35,5.1,5.19,80935.04,42007.104
300319.SZ,20230822,7.94,8.08,7.83,8.05,93373.52,74332.772
300965.SZ,20230822,49.85,54.56,49.6,51.95,30573.58,160439.976
300966.SZ,20230822,22.19,22.29,20.36,20.92,30193.4,63388.05
300967.SZ,20230822,14.84,15.0,14.5,14.78,13808.0,20291.667
300968.SZ,20230822,7.89,8.01,7.76,7.96,22886.87,18014.049
300969.SZ,20230822,70.64,72.2,69.3,71.34,5812.44,41156.598
300970.SZ,20230822,20.54,20.75,19.74,20.05,70501.28,141816.289
300971.SZ,20230822,24.15,24.23,23.52,24.16,16821.0,40125.858
300972.SZ,20230822,36.72,37.53,35.86,36.6,46535.0,170485.91
300973.SZ,20230822,61.55,62.52,59.29,60.33,17783.0,106926.05
300975.SZ,20230822,7.42,7.51,7.27,7.5,100084.26,74191.456
300976.SZ,20230822,44.23,44.53,43.04,43.96,5490.78,24001.392
300977.SZ,20230822,23.39,26.26,22.1,25.2,196241.98,482163.963
300978.SZ,20230822,11.91,12.03,11.7,11.97,21829.86,25876.834
300979.SZ,20230822,52.51,53.01,51.2,52.61,11783.0,61228.473
300980.SZ,20230822,19.02,19.35,18.46,19.35,9488.5,17989.407
300981.SZ,20230822,14.91,15.04,14.47,14.69,50573.68,74142.056
300982.SZ,20230822,41.87,42.19,40.7,41.81,20923.1,86596.915
300983.SZ,20230822,33.37,34.49,33.17,34.49,25332.91,86074.168
300984.SZ,20230822,25.03,25.04,24.0,24.36,8982.84,21898.122
300985.SZ,20230822,28.0,28.39,27.15,28.08,55992.34,155302.719
300986.SZ,20230822,17.5,18.05,16.96,17.2,25924.0,45134.779
300987.SZ,20230822,17.22,17.95,17.22,17.94,43815.7,77286.969
300988.SZ,20230822,19.97,19.97,18.72,19.08,13498.2,25840.395
300989.SZ,20230822,23.35,24.39,23.08,24.13,103641.34,246411.666
300990.SZ,20230822,41.2,41.58,39.66,41.32,10409.58,42257.319
300991.SZ,20230822,15.01,15.18,14.58,15.1,31555.0,47001.38
300992.SZ,20230822,20.15,20.45,19.73,20.28,14891.44,29769.462
300993.SZ,20230822,10.8,10.97,10.58,10.84,40178.56,43217.484
300994.SZ,20230822,14.67,14.79,14.01,14.22,22542.76,32165.129
300995.SZ,20230822,23.65,23.71,22.76,23.5,31452.22,73145.09
300996.SZ,20230822,28.04,28.55,26.62,28.04,40688.24,112358.549
300997.SZ,20230822,13.07,13.26,12.85,13.08,26004.19,33928.625
300998.SZ,20230822,29.87,30.08,29.32,29.75,7879.0,23299.918
300999.SZ,20230822,35.23,35.41,34.4,35.14,85294.64,297695.735
301000.SZ,20230822,16.94,16.94,16.36,16.7,8911.16,14861.029
301001.SZ,20230822,26.2,26.82,25.98,26.77,22401.73,59115.365
301002.SZ,20230822,19.18,19.56,18.66,19.13,10215.89,19378.768
301003.SZ,20230822,23.75,23.86,22.9,23.31,8832.4,20540.282
301004.SZ,20230822,41.28,42.83,41.2,42.22,26361.4,110520.195
301005.SZ,20230822,26.74,26.87,26.15,26.74,8061.77,21301.418
301006.SZ,20230822,20.1,20.29,19.35,19.93,12402.51,24520.774
600141.SH,20230822,21.61,21.86,21.23,21.56,71506.07,154102.865
600143.SH,20230822,8.38,8.48,8.22,8.31,122403.55,101755.122
600148.SH,20230822,15.2,15.34,15.0,15.26,19135.0,29016.59
600149.SH,20230822,5.7,5.75,5.56,5.67,41524.0,23434.556
600150.SH,20230822,28.05,29.0,28.05,28.98,626663.1,1798592.983
600151.SH,20230822,8.04,8.16,8.02,8.15,67960.99,55002.648
600152.SH,20230822,7.56,7.8,7.48,7.75,163456.57,125595.973
600153.SH,20230822,10.99,11.15,10.87,11.09,171455.58,189251.351
600155.SH,20230822,7.46,7.58,7.36,7.5,685875.64,510482.852
600156.SH,20230822,4.75,4.83,4.51,4.6,253332.87,117296.629
600157.SH,20230822,1.45,1.45,1.43,1.44,1759282.52,253521.783
600158.SH,20230822,9.18,9.3,9.08,9.29,100783.88,92812.198
600159.SH,20230822,3.45,3.6,3.4,3.52,650533.0,227166.624
600160.SH,20230822,15.9,16.01,15.55,15.86,172606.68,271974.612
600161.SH,20230822,23.85,23.96,23.45,23.68,58161.58,137545.9
600162.SH,20230822,2.18,2.2,2.15,2.18,308907.56,67205.498
600163.SH,20230822,5.04,5.07,4.92,4.99,104551.06,52126.085
600165.SH,20230822,4.13,4.13,4.0,4.1,79832.24,32390.907
600166.SH,20230822,3.42,3.47,3.37,3.43,506678.09,173160.145
600167.SH,20230822,6.67,6.69,6.56,6.62,45713.3,30295.5
600168.SH,20230822,6.53,6.54,6.35,6.44,83358.01,53463.285
600169.SH,20230822,2.49,2.5,2.44,2.48,179914.87,44420.797
600170.SH,20230822,2.83,2.84,2.8,2.83,427913.42,120622.867
600171.SH,20230822,15.95,16.06,15.28,15.61,101110.24,157273.358
600172.SH,20230822,3.72,3.73,3.63,3.71,186813.0,68617.259
600173.SH,20230822,5.44,5.6,5.44,5.59,65955.0,36577.382
600176.SH,20230822,14.22,14.3,14.02,14.18,105279.38,148753.618
600177.SH,20230822,6.93,6.96,6.87,6.92,91406.72,63194.843
600178.SH,20230822,6.37,6.41,6.22,6.32,25491.2,16075.434
600179.SH,20230822,2.86,2.87,2.8,2.83,107282.68,30316.004
600180.SH,20230822,5.9,6.47,5.78,6.47,230021.43,142644.173
600182.SH,20230822,15.73,15.83,15.2,15.55,13084.71,20305.148
600183.SH,20230822,14.41,14.8,14.31,14.77,143118.49,207920.473
600184.SH,20230822,12.39,12.5,12.14,12.49,38471.0,47517.933
600185.SH,20230822,6.1,6.28,6.05,6.16,200033.94,122942.317
600186.SH,20230822,3.24,3.27,3.18,3.25,242371.0,78128.302
600187.SH,20230822,2.82,2.83,2.75,2.8,309160.86,86121.102
600188.SH,20230822,16.52,16.89,16.49,16.86,159176.53,265212.245
600189.SH,20230822,6.91,7.03,6.87,6.95,83107.4,57820.844
600190.SH,20230822,3.18,3.18,3.1,3.15,252189.52,78995.312
600191.SH,20230822,6.12,6.2,6.08,6.18,122388.25,75276.315
600981.SH,20230822,3.09,3.12,3.05,3.1,102775.01,31656.882
600982.SH,20230822,4.38,4.42,4.26,4.33,132320.03,57081.348
600983.SH,20230822,8.12,8.23,8.05,8.13,24674.01,20031.43
600984.SH,20230822,4.61,4.64,4.47,4.59,94614.81,43045.501
600985.SH,20230822,11.66,11.83,11.65,11.78,91566.34,107490.524
600986.SH,20230822,5.58,5.73,5.55,5.72,286341.05,161704.461
600987.SH,20230822,7.74,7.8,7.49,7.6,54358.3,41299.416
600988.SH,20230822,14.79,15.16,14.78,15.11,267514.23,401580.535
600989.SH,20230822,13.58,13.73,13.47,13.61,141458.99,192012.429
600990.SH,20230822,21.72,22.0,21.58,21.91,19343.03,42187.458
600992.SH,20230822,17.55,17.68,17.25,17.56,58785.99,102643.866
600993.SH,20230822,24.48,24.54,23.99,24.44,39902.21,96814.229
600995.SH,20230822,10.1,10.13,9.87,10.04,76960.0,76782.718
600996.SH,20230822,11.3,11.63,11.17,11.58,339363.45,389134.309
600997.SH,20230822,6.04,6.09,5.98,6.04,54274.48,32691.054
600998.SH,20230822,9.3,9.35,9.1,9.25,83202.81,76706.894
600999.SH,20230822,14.7,14.71,14.4,14.57,218764.62,318053.14
601000.SH,20230822,3.86,3.86,3.75,3.84,604740.0,230040.953
601001.SH,20230822,8.73,8.8,8.61,8.77,131629.23,114569.577
601002.SH,20230822,4.87,4.9,4.75,4.85,77046.8,37126.599
601003.SH,20230822,4.16,4.2,4.11,4.17,108580.26,45027.937
601005.SH,20230822,1.59,1.63,1.57,1.61,1404817.37,224779.594
601006.SH,20230822,7.3,7.41,7.25,7.37,821592.23,603209.22
601007.SH,20230822,8.84,8.87,8.64,8.82,82424.0,72022.142
601008.SH,20230822,4.59,4.61,4.36,4.44,486838.44,217083.623
601009.SH,20230822,8.34,8.42,8.29,8.34,116351.11,97065.183
601010.SH,20230822,2.67,2.68,2.6,2.63,136043.03,35831.97
601011.SH,20230822,3.55,3.58,3.5,3.54,127560.28,45037.247
601012.SH,20230822,27.15,27.25,25.39,25.84,2449604.34,6357169.944
601015.SH,20230822,4.08,4.11,4.02,4.07,79553.27,32283.864
601016.SH,20230822,3.43,3.44,3.34,3.38,343156.4,116338.203
601018.SH,20230822,3.43,3.45,3.38,3.42,159394.75,54415.822
601019.SH,20230822,8.63,9.08,8.63,9.05,105427.74,93777.858
601020.SH,20230822,8.76,8.93,8.73,8.92,144514.02,127644.964
601021.SH,20230822,57.8,58.0,56.05,57.0,32775.63,185423.219
601022.SH,20230822,11.8,12.21,11.51,12.18,433473.0,514326.377
601028.SH,20230822,10.12,10.18,9.95,10.15,83333.0,83906.397
601038.SH,20230822,11.14,11.26,10.95,11.12,27194.53,30089.989
601058.SH,20230822,11.5,11.59,11.37,11.54,260687.82,299613.888
601059.SH,20230822,19.73,22.02,19.21,21.75,1558307.99,3239544.818
601061.SH,20230822,8.77,8.94,8.77,8.94,206297.39,182906.806
603719.SH,20230822,23.81,23.97,23.08,23.47,32549.34,76379.08
603721.SH,20230822,16.81,17.4,16.61,17.38,43252.3,73741.47
603722.SH,20230822,44.86,45.18,43.73,44.59,7866.79,34908.885
603725.SH,20230822,8.83,8.87,8.44,8.56,69196.2,59411.009
603726.SH,20230822,12.49,12.61,12.16,12.33,10618.96,13092.175
603727.SH,20230822,12.65,12.96,12.47,12.73,25988.0,32909.717
603728.SH,20230822,54.8,55.2,53.35,54.67,49848.69,270613.667
603729.SH,20230822,16.02,16.17,15.59,15.84,26876.8,42573.934
603730.SH,20230822,18.38,18.79,18.08,18.29,34274.39,63062.479
603733.SH,20230822,19.25,19.25,18.63,18.9,29716.61,56079.684
603737.SH,20230822,76.95,78.77,76.8,77.2,26667.56,207003.464
603738.SH,20230822,13.69,13.84,13.38,13.77,52344.12,71271.851
603739.SH,20230822,13.4,13.4,12.9,13.18,17701.5,23182.074
603755.SH,20230822,31.97,32.18,29.94,30.58,12572.0,38669.084
603757.SH,20230822,25.23,25.35,24.77,25.23,11938.2,29988.684
603758.SH,20230822,9.66,9.74,9.49,9.68,27867.0,26841.148
603759.SH,20230822,8.81,8.82,8.57,8.72,29903.88,25960.308
603766.SH,20230822,5.21,5.29,5.14,5.22,116089.5,60521.779
603767.SH,20230822,13.89,15.27,13.68,15.27,491200.91,716109.722
603768.SH,20230822,15.57,15.63,15.09,15.49,17745.89,27271.947
603773.SH,20230822,27.68,28.41,26.88,28.29,24502.13,67490.188
603776.SH,20230822,13.82,13.97,13.45,13.78,19979.0,27345.645
603777.SH,20230822,13.92,13.96,13.56,13.84,42208.97,57844.454
603778.SH,20230822,5.75,5.84,5.61,5.79,366400.0,209898.747
603779.SH,20230822,9.17,9.29,9.03,9.24,95701.35,87743.029
603786.SH,20230822,76.29,78.19,75.2,77.49,12355.07,94784.345
603787.SH,20230822,15.4,15.7,15.02,15.31,13601.0,20755.42
603788.SH,20230822,12.27,12.4,11.97,12.16,19994.6,24242.092
603789.SH,20230822,9.14,9.22,8.89,9.03,25776.03,23273.734
603790.SH,20230822,13.3,13.42,13.03,13.21,12139.0,15963.697
603797.SH,20230822,5.85,5.89,5.66,5.78,59299.0,34148.102
603798.SH,20230822,9.72,9.85,9.6,9.77,29570.6,28748.143
603799.SH,20230822,47.85,48.2,46.26,47.11,144369.67,677104.784
603800.SH,20230822,30.3,30.88,29.58,30.52,18558.09,56010.144
603801.SH,20230822,23.54,23.73,22.78,23.17,58809.2,135946.512
603803.SH,20230822,7.6,7.7,7.49,7.66,44543.04,33844.847
603806.SH,20230822,29.95,30.11,28.5,29.18,142069.28,413506.926
603808.SH,20230822,12.34,12.4,12.05,12.18,15538.0,18942.99
603809.SH,20230822,9.96,10.11,9.85,10.03,19402.9,19361.408
603810.SH,20230822,13.36,13.36,12.78,13.0,13869.2,18027.949
603811.SH,20230822,11.13,11.18,11.0,11.14,19331.0,21415.013
688507.SH,20230822,114.8,119.0,112.15,116.65,3581.75,41400.948
688508.SH,20230822,56.99,57.64,55.0,56.69,8109.86,45710.102
688509.SH,20230822,4.89,5.0,4.83,4.97,191805.56,94549.469
688510.SH,20230822,17.63,17.94,17.27,17.71,18093.14,32006.798
688511.SH,20230822,30.71,30.9,29.31,30.23,4677.86,14018.641
688512.SH,20230822,18.1,18.53,17.81,18.53,18556.17,33816.606
688513.SH,20230822,48.4,49.3,48.13,49.11,2519.53,12265.406
688515.SH,20230822,125.11,128.5,122.02,126.05,5730.42,71683.131
688516.SH,20230822,155.92,157.4,150.06,154.0,9662.89,147975.309
688517.SH,20230822,17.27,17.5,16.76,17.12,21048.05,35863.547
688518.SH,20230822,23.85,23.92,22.58,23.28,65696.66,151193.168
688519.SH,20230822,22.36,22.95,21.95,22.81,15697.7,35142.11
688520.SH,20230822,52.88,53.78,51.39,51.63,9551.3,49725.367
688521.SH,20230822,58.87,60.68,58.7,60.3,54087.67,322182.973
688522.SH,20230822,56.97,58.45,55.5,57.11,15153.79,85747.253
688523.SH,20230822,25.98,26.8,25.4,26.25,23909.76,62424.839
688525.SH,20230822,62.99,64.5,61.4,64.5,42532.06,268492.614
688526.SH,20230822,20.82,21.1,20.62,20.87,9705.97,20189.814
688528.SH,20230822,10.28,10.39,9.95,10.1,8790.33,8925.957
688529.SH,20230822,26.13,26.13,25.1,25.61,7757.54,19782.848
688531.SH,20230822,125.85,128.85,122.65,127.97,5219.35,65865.578
688533.SH,20230822,42.48,43.5,41.0,41.41,9527.18,39805.665
688535.SH,20230822,81.06,81.99,74.89,77.6,28879.4,222960.76
688536.SH,20230822,168.61,169.23,162.44,167.5,11600.8,192299.326
688538.SH,20230822,2.61,2.63,2.6,2.62,209560.59,54859.35
688539.SH,20230822,38.79,39.26,38.0,39.21,6573.13,25347.587
688543.SH,20230822,52.41,55.36,52.03,53.23,56986.81,304709.282
688548.SH,20230822,12.21,12.35,11.19,11.44,545307.32,635449.362
688550.SH,20230822,34.19,34.58,33.31,34.19,6411.31,21735.725
688551.SH,20230822,57.37,59.5,55.37,59.25,4845.44,27845.765
688552.SH,20230822,23.53,23.84,23.08,23.5,27971.58,65499.824
688553.SH,20230822,14.0,14.07,13.6,13.85,19235.7,26458.141
688556.SH,20230822,46.53,47.06,44.23,45.5,58694.58,266066.273
688557.SH,20230822,33.28,33.28,32.01,33.16,4943.53,16141.603
688558.SH,20230822,29.72,29.95,28.65,29.44,3510.77,10265.062
688559.SH,20230822,42.79,43.09,41.01,42.35,16230.49,68032.445
688560.SH,20230822,21.0,21.18,20.35,20.78,21257.9,44056.321
688561.SH,20230822,49.94,51.25,49.3,50.9,26124.79,131047.471
688562.SH,20230822,29.07,30.44,28.62,29.7,71277.06,209950.397
688563.SH,20230822,59.4,60.17,58.0,59.39,33041.58,196101.721
688565.SH,20230822,8.64,8.64,8.25,8.38,23711.27,19930.779
001318.SZ,20230822,13.85,14.02,13.34,13.58,32260.0,43786.904
001319.SZ,20230822,20.1,20.1,19.5,19.92,6938.01,13685.376
001322.SZ,20230822,17.2,17.35,15.78,15.91,134895.86,217811.681
001323.SZ,20230822,35.03,35.27,33.92,34.54,11630.59,39952.542
001324.SZ,20230822,38.65,41.87,36.9,37.0,273157.77,1075245.337
001328.SZ,20230822,36.52,36.52,33.54,34.22,80809.84,284547.382
001330.SZ,20230822,8.35,8.41,8.1,8.32,64930.54,53584.707
001331.SZ,20230822,19.28,19.92,18.93,19.25,85616.03,165637.811
001332.SZ,20230822,38.29,38.74,36.41,37.51,11509.34,42915.755
001333.SZ,20230822,27.98,27.98,25.99,26.6,102884.95,275367.289
001336.SZ,20230822,27.5,27.55,25.7,26.25,18607.04,49064.133
001337.SZ,20230822,31.69,32.51,31.25,32.33,80166.0,256630.553
001338.SZ,20230822,16.04,16.18,15.78,16.11,39193.0,62613.461
001339.SZ,20230822,25.81,26.24,25.34,26.2,28582.94,73966.614
001360.SZ,20230822,20.54,23.09,19.8,23.09,233025.3,494659.069
001366.SZ,20230822,16.57,17.35,16.28,17.27,136044.74,231648.537
001367.SZ,20230822,50.25,50.5,46.23,47.02,32053.91,154730.693
001368.SZ,20230822,26.98,27.21,25.71,26.02,66710.15,175844.792
001373.SZ,20230822,46.68,47.77,43.8,45.26,47544.34,217163.371
001380.SZ,20230822,34.71,34.99,33.68,34.37,38993.51,133437.939
001696.SZ,20230822,6.7,6.8,6.62,6.74,65233.0,43697.886
001872.SZ,20230822,16.0,16.12,15.87,15.99,19973.44,31940.68
001896.SZ,20230822,4.5,4.51,4.37,4.43,96550.83,42744.624
001914.SZ,20230822,15.51,15.61,15.35,15.5,36443.0,56317.119
001965.SZ,20230822,9.65,9.73,9.54,9.65,136592.27,131680.701
001979.SZ,20230822,13.6,13.66,13.35,13.56,205205.55,277113.01
002001.SZ,20230822,15.93,16.04,15.5,15.78,102158.22,160628.635
002002.SZ,20230822,2.31,2.32,2.24,2.28,356224.0,81125.85
002003.SZ,20230822,10.09,10.15,9.93,9.98,25331.76,25396.379
002004.SZ,20230822,4.94,4.96,4.87,4.91,94775.65,46512.621
002005.SZ,20230822,1.38,1.39,1.33,1.35,78714.0,10652.193
002006.SZ,20230822,18.49,18.55,17.56,18.01,136258.18,245433.26
002007.SZ,20230822,21.67,21.86,21.4,21.69,59781.11,129195.54
002008.SZ,20230822,22.54,22.9,22.08,22.53,181292.69,406754.099
002009.SZ,20230822,12.44,12.52,11.88,12.2,37834.84,45957.683
002010.SZ,20230822,5.31,5.34,5.23,5.29,112772.38,59456.452
002011.SZ,20230822,12.26,12.49,12.21,12.39,53471.43,65976.406
002012.SZ,20230822,5.83,5.84,5.44,5.53,243818.54,134911.904
002014.SZ,20230822,8.49,8.49,8.18,8.27,40501.32,33523.12
002015.SZ,20230822,12.27,12.49,12.19,12.42,166749.09,205579.232
002016.SZ,20230822,6.83,6.88,6.75,6.84,40204.0,27405.575
002658.SZ,20230822,8.53,8.53,7.69,7.84,161345.85,127571.297
002659.SZ,20230822,4.46,4.49,4.4,4.48,77209.0,34280.719
002660.SZ,20230822,8.7,8.82,8.57,8.81,35783.0,31124.549
002661.SZ,20230822,10.39,10.44,10.18,10.29,32361.0,33175.028
002662.SZ,20230822,3.24,3.26,3.18,3.24,146816.0,47198.69
002663.SZ,20230822,2.15,2.15,2.0,2.09,1079647.13,223059.389
002664.SZ,20230822,14.0,14.09,13.38,13.62,58876.64,80379.304
002665.SZ,20230822,2.97,2.99,2.9,2.96,448576.05,131947.381
002666.SZ,20230822,4.85,4.87,4.73,4.81,52736.42,25259.873
002667.SZ,20230822,13.42,13.56,13.01,13.34,35525.7,46889.899
002668.SZ,20230822,7.51,7.58,7.4,7.52,61741.56,46236.284
002669.SZ,20230822,13.26,13.45,13.0,13.44,64097.97,84902.433
002670.SZ,20230822,10.09,10.85,9.89,10.52,1011697.07,1041152.026
002671.SZ,20230822,4.73,4.79,4.63,4.72,122062.88,57321.169
002672.SZ,20230822,6.27,6.28,6.02,6.15,93808.06,57600.608
002673.SZ,20230822,6.99,7.04,6.89,7.0,384357.54,267789.197
002674.SZ,20230822,12.5,12.58,12.0,12.18,27969.01,34293.923
002675.SZ,20230822,13.26,13.41,13.1,13.26,33670.0,44582.997
002676.SZ,20230822,3.99,4.02,3.9,3.98,76001.0,30012.236
002677.SZ,20230822,10.6,10.61,10.26,10.35,25369.4,26305.648
002678.SZ,20230822,5.73,5.77,5.65,5.73,25172.51,14359.679
002679.SZ,20230822,12.67,12.74,12.43,12.71,21019.52,26456.593
002681.SZ,20230822,4.75,4.75,4.64,4.72,161061.71,75491.114
002682.SZ,20230822,4.14,4.2,4.05,4.11,100459.02,41201.387
002683.SZ,20230822,22.83,22.99,22.29,22.83,60683.58,137197.353
002685.SZ,20230822,3.58,3.61,3.5,3.55,87940.13,31113.573
002686.SZ,20230822,6.35,6.38,6.16,6.28,55921.0,34907.3
002687.SZ,20230822,4.97,5.04,4.82,4.89,124856.75,61202.976
002688.SZ,20230822,4.73,4.73,4.6,4.67,37580.0,17501.278
002689.SZ,20230822,4.2,4.23,4.11,4.22,119270.2,49719.252
002690.SZ,20230822,23.33,23.59,22.8,23.3,19105.55,44183.483
002691.SZ,20230822,6.17,6.27,6.12,6.25,46405.0,28787.158
002692.SZ,20230822,3.72,3.75,3.66,3.75,26071.56,9637.453
002693.SZ,20230822,6.5,6.6,6.27,6.43,143357.01,91362.071
002694.SZ,20230822,7.85,7.91,7.44,7.69,129590.8,98969.012
002695.SZ,20230822,10.98,11.07,10.78,10.92,27684.44,30136.195
002696.SZ,20230822,6.43,6.65,6.33,6.4,76352.4,49357.692
002697.SZ,20230822,5.23,5.31,5.19,5.3,196080.9,102865.486
002698.SZ,20230822,19.0,19.09,18.5,18.87,87682.28,164537.09
002699.SZ,20230822,1.62,1.64,1.54,1.57,505781.58,79829.708
002700.SZ,20230822,4.5,4.51,4.38,4.42,16477.0,7306.785
300320.SZ,20230822,7.37,7.48,7.07,7.21,89803.0,64766.891
300321.SZ,20230822,17.39,17.56,16.7,16.97,9376.0,15983.698
300322.SZ,20230822,7.4,7.49,7.16,7.42,48304.0,35318.425
300323.SZ,20230822,6.48,6.52,6.31,6.44,68099.12,43653.819
300324.SZ,20230822,2.99,3.05,2.93,3.02,292744.75,87678.069
300326.SZ,20230822,6.42,6.48,6.28,6.4,61653.69,39195.096
300327.SZ,20230822,25.98,26.18,25.37,26.02,42493.32,109217.282
300328.SZ,20230822,6.13,6.18,6.03,6.16,59443.09,36333.383
300329.SZ,20230822,7.13,7.13,6.8,6.88,40461.0,27942.145
300331.SZ,20230822,20.12,20.57,19.9,20.56,28146.0,57192.893
300332.SZ,20230822,10.64,10.7,10.29,10.49,51411.39,53769.599
300333.SZ,20230822,7.22,7.36,7.17,7.35,164910.27,120046.099
300334.SZ,20230822,7.78,7.95,7.64,7.88,94607.64,73987.658
300335.SZ,20230822,5.45,5.52,5.21,5.34,226191.18,121166.845
300337.SZ,20230822,6.09,6.15,5.94,6.09,85222.89,51427.893
300338.SZ,20230822,5.5,5.51,5.37,5.45,72940.0,39693.196
300339.SZ,20230822,20.27,20.56,19.97,20.56,203809.06,413474.977
300340.SZ,20230822,12.24,12.31,11.66,12.01,40227.8,47961.915
300341.SZ,20230822,10.06,10.17,9.86,10.17,35009.0,35154.165
300342.SZ,20230822,10.34,10.49,10.29,10.47,86309.67,89814.47
300343.SZ,20230822,7.49,7.56,7.36,7.52,240765.86,179567.875
300344.SZ,20230822,5.37,5.52,5.34,5.5,145645.0,79145.13
300345.SZ,20230822,9.6,9.68,9.42,9.6,40128.91,38250.184
300346.SZ,20230822,28.6,28.84,27.91,28.71,65452.85,185809.169
300347.SZ,20230822,62.02,62.52,60.48,61.8,60085.71,368273.353
300348.SZ,20230822,10.5,10.87,10.46,10.86,190541.51,203565.385
300349.SZ,20230822,12.6,12.76,12.42,12.75,40320.0,50889.886
300350.SZ,20230822,4.76,5.0,4.67,4.99,309823.0,150646.418
300351.SZ,20230822,13.46,13.6,13.16,13.51,43857.03,58557.721
300352.SZ,20230822,4.76,4.93,4.75,4.92,216680.51,104861.93
300353.SZ,20230822,10.73,11.04,10.62,11.0,76170.96,82672.54
300354.SZ,20230822,40.61,40.99,40.04,40.6,3400.21,13768.365
300355.SZ,20230822,3.75,3.76,3.55,3.61,1035527.41,374458.012
300357.SZ,20230822,32.89,33.3,31.13,31.82,50752.29,161674.662
300358.SZ,20230822,13.35,13.39,12.94,13.16,47019.92,61489.09
300359.SZ,20230822,5.83,5.94,5.82,5.94,87848.0,51758.856
300360.SZ,20230822,14.9,15.22,14.7,15.22,62484.95,93941.742
300363.SZ,20230822,25.11,25.35,24.36,24.93,100882.97,249570.325
300364.SZ,20230822,14.72,15.58,14.38,15.58,668273.4,1001562.03
300365.SZ,20230822,6.82,7.07,6.82,7.06,113346.9,78915.668
300366.SZ,20230822,11.2,11.49,11.13,11.49,203711.96,230183.864
301007.SZ,20230822,17.01,17.24,16.01,16.78,125596.1,208624.431
301008.SZ,20230822,27.9,28.09,26.91,27.27,16494.53,45131.196
301009.SZ,20230822,12.4,12.6,12.0,12.21,28049.0,34342.56
301010.SZ,20230822,20.47,20.47,19.54,19.78,12593.0,25057.556
301011.SZ,20230822,20.66,21.02,20.13,20.79,12564.25,25901.197
301012.SZ,20230822,21.48,21.63,20.91,21.47,13567.0,28799.396
301013.SZ,20230822,13.06,14.67,12.75,14.27,235924.95,327820.21
301015.SZ,20230822,21.85,22.19,21.4,21.85,27852.04,60406.733
301016.SZ,20230822,25.65,25.98,24.38,25.01,74950.65,187309.503
301017.SZ,20230822,19.06,19.09,17.8,18.71,78644.43,144285.789
301018.SZ,20230822,27.39,27.92,26.56,27.48,26439.64,71835.432
301019.SZ,20230822,20.93,21.4,20.07,20.28,11303.5,23322.085
301020.SZ,20230822,20.35,20.69,20.1,20.58,9822.59,20030.656
301021.SZ,20230822,23.62,23.99,22.77,23.33,10895.0,25211.648
301022.SZ,20230822,29.78,31.21,29.72,31.07,62485.74,193173.135
301023.SZ,20230822,40.2,40.78,38.66,39.66,9121.48,35904.859
301024.SZ,20230822,30.86,34.78,30.86,34.7,61995.86,205070.307
301025.SZ,20230822,10.99,11.38,10.99,11.37,57333.61,64315.381
301026.SZ,20230822,32.68,33.34,31.99,32.72,6488.0,21109.194
301027.SZ,20230822,13.22,13.22,12.8,13.11,30580.43,39820.012
301028.SZ,20230822,10.3,10.36,10.0,10.2,13933.32,14140.141
301029.SZ,20230822,34.81,35.05,33.9,34.65,15859.44,54473.718
301030.SZ,20230822,51.14,51.64,50.16,51.35,15863.72,80732.159
301031.SZ,20230822,126.35,128.8,124.51,126.77,2262.0,28504.111
301032.SZ,20230822,9.24,9.31,8.99,9.15,20087.0,18332.029
301033.SZ,20230822,37.19,37.22,35.23,36.02,7342.35,26429.835
301035.SZ,20230822,76.0,78.19,75.07,75.39,7452.35,56675.828
301036.SZ,20230822,19.38,19.59,18.65,19.27,13409.86,25588.394
301037.SZ,20230822,19.69,20.08,19.17,19.6,19050.53,37172.187
301038.SZ,20230822,19.8,20.15,19.45,19.89,69005.04,136543.545
301039.SZ,20230822,12.79,12.98,12.58,12.85,116621.78,149175.505
301040.SZ,20230822,19.3,19.51,18.8,19.42,19329.72,36981.603
301041.SZ,20230822,27.88,28.12,26.15,27.16,51421.22,138341.093
301042.SZ,20230822,32.03,32.52,31.03,31.93,6699.3,21235.697
301043.SZ,20230822,30.51,30.97,29.38,30.5,9623.0,28944.524
301045.SZ,20230822,23.16,23.48,22.6,23.22,12286.91,28241.121
301046.SZ,20230822,28.29,28.47,26.43,27.22,28151.0,76308.122
301047.SZ,20230822,87.35,87.35,85.0,85.99,6164.52,52886.283
301048.SZ,20230822,12.31,12.43,11.79,12.1,177240.48,214496.888
301049.SZ,20230822,29.15,33.0,27.15,29.28,145463.13,420026.16
301050.SZ,20230822,57.71,58.25,55.78,57.36,27173.09,154485.366
600192.SH,20230822,5.39,5.42,5.25,5.36,45180.0,24057.214
600193.SH,20230822,5.29,5.35,5.13,5.24,27583.0,14426.481
600195.SH,20230822,11.5,11.54,11.29,11.44,64740.11,73853.082
600196.SH,20230822,28.25,28.52,27.62,28.16,155391.13,434944.704
600197.SH,20230822,24.4,24.68,23.9,24.3,51813.53,125540.771
600198.SH,20230822,6.18,6.27,6.12,6.25,63185.33,39204.984
600199.SH,20230822,25.25,25.42,24.68,25.19,98111.33,245287.284
600200.SH,20230822,7.34,7.38,7.15,7.27,79219.66,57269.196
600201.SH,20230822,9.44,9.56,9.21,9.31,87982.62,81984.811
600202.SH,20230822,5.66,5.71,5.5,5.6,83012.0,46358.199
600203.SH,20230822,5.76,5.87,5.73,5.86,73297.12,42549.576
600206.SH,20230822,12.44,12.55,12.2,12.41,59783.37,73732.992
600207.SH,20230822,5.05,5.08,4.9,5.03,71350.72,35578.758
600208.SH,20230822,2.57,2.59,2.55,2.58,564495.0,144789.029
600210.SH,20230822,5.0,5.05,4.96,4.99,99501.14,49708.573
600211.SH,20230822,48.15,48.48,47.02,48.42,26963.66,129090.219
600212.SH,20230822,8.72,8.81,8.51,8.73,155303.57,134569.647
600213.SH,20230822,9.5,9.6,9.26,9.47,51605.48,48524.339
600215.SH,20230822,9.61,9.81,9.53,9.69,93945.0,90759.525
600216.SH,20230822,10.47,10.52,10.2,10.36,83034.59,85597.324
600217.SH,20230822,4.86,4.88,4.69,4.78,73577.0,35020.046
600218.SH,20230822,8.47,8.56,8.33,8.46,37990.0,31939.344
600219.SH,20230822,3.11,3.18,3.1,3.16,567077.61,177953.611
600220.SH,20230822,2.32,2.34,2.25,2.29,143816.1,32718.63
600221.SH,20230822,1.6,1.6,1.57,1.58,804608.6,127663.784
600222.SH,20230822,5.12,5.15,4.94,5.04,154670.0,77738.686
600223.SH,20230822,9.62,9.72,9.47,9.63,72720.47,69731.434
600225.SH,20230822,5.21,5.38,5.21,5.36,125179.98,66383.352
600226.SH,20230822,2.85,2.87,2.73,2.76,335834.2,93474.213
600227.SH,20230822,2.78,2.79,2.7,2.74,83552.5,22797.365
600228.SH,20230822,8.22,8.39,8.18,8.39,117108.0,97127.527
600229.SH,20230822,7.88,8.08,7.84,8.07,63912.43,51113.087
600230.SH,20230822,14.44,14.56,14.26,14.47,18269.31,26273.524
600231.SH,20230822,2.33,2.34,2.29,2.33,142633.1,33056.329
600232.SH,20230822,5.77,5.82,5.59,5.63,47263.31,26838.082
600233.SH,20230822,14.62,14.72,14.18,14.35,139942.38,200806.1
600234.SH,20230822,7.17,7.27,6.97,7.1,15309.01,10836.674
600235.SH,20230822,5.78,5.8,5.6,5.66,60954.0,34606.509
600236.SH,20230822,5.46,5.49,5.42,5.47,81579.13,44536.512
600237.SH,20230822,7.4,7.51,7.3,7.5,121814.0,90078.332
600238.SH,20230822,10.7,10.79,10.42,10.65,66223.64,69951.193
601065.SH,20230822,13.25,14.26,12.87,14.26,611329.21,857784.832
601066.SH,20230822,26.08,26.47,25.65,26.05,186552.32,485935.366
601068.SH,20230822,5.17,5.26,5.12,5.21,82804.74,42880.212
601069.SH,20230822,13.69,14.0,13.68,13.98,46679.0,64838.298
601077.SH,20230822,3.82,3.83,3.8,3.82,353301.2,134692.149
601086.SH,20230822,6.1,6.24,6.07,6.19,186074.0,114396.504
601088.SH,20230822,27.02,27.63,27.0,27.52,144915.77,396568.961
601089.SH,20230822,15.69,15.86,15.44,15.79,31469.22,49246.384
601098.SH,20230822,11.15,11.73,11.08,11.69,136610.47,156818.715
601099.SH,20230822,4.58,4.85,4.53,4.71,13688209.78,6390466.749
601100.SH,20230822,65.03,65.25,63.75,64.96,20658.05,133340.548
601101.SH,20230822,5.62,5.69,5.39,5.44,229145.89,125376.645
601106.SH,20230822,3.21,3.24,3.19,3.23,244650.1,78555.386
601107.SH,20230822,4.27,4.27,4.18,4.24,75421.49,31821.236
601108.SH,20230822,8.27,8.43,8.27,8.37,782672.53,653715.45
601111.SH,20230822,8.7,8.72,8.44,8.65,580014.81,496087.325
601113.SH,20230822,3.55,3.56,3.48,3.56,67938.0,23904.622
601116.SH,20230822,11.9,12.1,11.76,12.1,81478.16,97223.872
601117.SH,20230822,7.98,8.11,7.98,8.09,319836.6,256938.342
601118.SH,20230822,4.41,4.44,4.37,4.43,178276.65,78533.678
601121.SH,20230822,7.85,8.05,7.71,7.98,280232.85,222353.226
601126.SH,20230822,13.87,14.13,13.65,13.89,62358.91,86273.734
601127.SH,20230822,34.84,34.94,33.7,34.5,273365.15,936186.294
601128.SH,20230822,7.16,7.22,7.12,7.19,176980.24,126878.593
601133.SH,20230822,15.39,15.46,14.86,15.27,125909.19,191479.387
601136.SH,20230822,27.5,30.37,26.5,30.12,1370953.98,3955602.586
601137.SH,20230822,13.84,14.02,13.61,13.88,56143.0,77555.126
601138.SH,20230822,21.2,22.45,20.73,22.45,1997065.51,4278439.693
601139.SH,20230822,7.09,7.12,6.94,7.04,108641.11,76179.961
601155.SH,20230822,14.38,14.59,14.08,14.4,182875.35,260968.703
601156.SH,20230822,12.76,12.8,12.29,12.46,121958.44,152352.425
601158.SH,20230822,5.51,5.68,5.49,5.63,274289.54,153766.413
601162.SH,20230822,3.63,3.73,3.56,3.67,5765489.21,2090264.685
601163.SH,20230822,15.48,15.58,15.26,15.53,41280.24,63662.312
601166.SH,20230822,15.71,15.97,15.71,15.92,534633.83,848125.181
601168.SH,20230822,11.82,12.05,11.82,12.01,228834.76,273490.04
601169.SH,20230822,4.47,4.53,4.47,4.52,497487.33,224184.877
601177.SH,20230822,9.39,9.52,9.29,9.5,40723.56,38349.632
601179.SH,20230822,5.08,5.12,5.0,5.08,222478.65,112663.683
601186.SH,20230822,9.99,10.28,9.97,10.25,703901.65,713358.261
601187.SH,20230822,5.52,5.62,5.51,5.57,98264.53,54664.911
603813.SH,20230822,15.13,15.2,14.5,14.7,12392.0,18297.653
603815.SH,20230822,7.18,7.24,7.1,7.24,50659.03,36375.553
603816.SH,20230822,40.61,40.95,39.59,40.55,33205.39,133848.975
603817.SH,20230822,6.64,6.69,6.48,6.59,155316.0,102202.574
603818.SH,20230822,5.51,5.55,5.35,5.43,49594.0,26868.092
603819.SH,20230822,13.51,13.6,13.14,13.32,16265.0,21677.759
603822.SH,20230822,32.09,32.17,30.13,30.6,8216.0,25314.746
603823.SH,20230822,10.25,10.25,9.94,10.23,15100.36,15241.334
603825.SH,20230822,12.18,12.31,11.91,12.3,42318.0,51465.743
603826.SH,20230822,50.24,50.86,50.03,50.3,6388.13,32183.442
603828.SH,20230822,3.65,3.7,3.6,3.69,293248.28,107067.788
603829.SH,20230822,14.53,14.77,14.19,14.46,16861.0,24279.262
603833.SH,20230822,93.96,94.98,91.7,93.37,26522.47,246208.028
603836.SH,20230822,15.1,15.18,14.76,14.91,11673.0,17410.999
603838.SH,20230822,6.58,6.64,6.32,6.48,18003.0,11570.767
603839.SH,20230822,7.61,7.66,7.29,7.33,51762.4,38486.166
603843.SH,20230822,4.01,4.06,3.89,3.93,159555.8,63160.538
603848.SH,20230822,14.88,14.95,14.47,14.94,21270.74,31270.78
603855.SH,20230822,22.44,23.43,22.44,23.25,13032.0,29839.086
603856.SH,20230822,12.66,12.79,12.37,12.57,19266.87,24148.034
603858.SH,20230822,18.66,18.77,18.16,18.33,59226.85,108645.077
603859.SH,20230822,40.62,42.1,40.06,42.06,20760.51,85491.289
603860.SH,20230822,27.66,28.37,27.33,28.15,17869.0,49832.122
603861.SH,20230822,8.92,8.93,8.51,8.66,33561.0,29097.3
603863.SH,20230822,20.46,20.67,20.17,20.5,12617.0,25764.576
603866.SH,20230822,9.73,9.8,9.43,9.54,99577.23,95034.347
603867.SH,20230822,33.88,34.0,32.44,33.67,19857.67,65571.508
603868.SH,20230822,70.18,70.94,68.81,69.3,8805.0,61317.873
603869.SH,20230822,10.5,10.55,9.98,10.31,130103.35,132904.449
603871.SH,20230822,17.96,18.05,17.44,17.86,46484.29,82197.162
603876.SH,20230822,16.84,16.94,16.28,16.47,36162.03,59683.888
603877.SH,20230822,18.98,19.09,18.42,18.55,23304.0,43454.922
603878.SH,20230822,7.91,8.0,7.68,7.81,81877.14,63707.634
603879.SH,20230822,9.88,10.04,9.71,9.95,108065.96,106996.487
603880.SH,20230822,4.45,4.45,4.3,4.35,29262.9,12792.333
603881.SH,20230822,21.95,22.82,21.77,22.73,137074.36,304925.628
603882.SH,20230822,62.18,63.6,61.32,61.91,17342.06,107922.622
603883.SH,20230822,26.51,26.67,25.53,26.16,64535.48,167417.093
603885.SH,20230822,16.5,16.56,15.78,16.16,163056.61,261429.855
603886.SH,20230822,19.31,19.48,19.15,19.39,7508.0,14511.647
603887.SH,20230822,8.0,8.47,8.0,8.26,216695.28,177879.29
688566.SH,20230822,26.51,26.86,25.89,26.69,11894.65,31329.506
688567.SH,20230822,20.68,20.75,19.18,19.4,94945.09,187256.51
688568.SH,20230822,46.86,47.3,45.8,47.24,15058.3,70261.476
688569.SH,20230822,36.54,37.1,35.85,36.63,21495.33,78297.617
688570.SH,20230822,27.65,28.11,26.42,27.48,60174.78,164082.622
688571.SH,20230822,6.61,6.7,6.42,6.52,20298.54,13254.769
688573.SH,20230822,50.0,50.85,42.62,43.85,113964.83,535606.81
688575.SH,20230822,16.05,16.1,15.55,16.0,31945.16,50405.762
688576.SH,20230822,102.93,104.47,97.17,99.75,7265.77,72487.505
688577.SH,20230822,41.07,41.07,39.36,40.52,2745.16,10977.256
688578.SH,20230822,23.24,23.24,22.6,23.0,16531.76,37863.873
688579.SH,20230822,14.69,16.14,14.31,15.56,273010.53,410588.531
688580.SH,20230822,56.36,58.21,55.25,57.02,4725.8,26583.064
688581.SH,20230822,98.23,100.8,96.3,98.27,3475.68,34054.32
688582.SH,20230822,39.5,39.74,37.8,38.84,38700.75,149579.345
688585.SH,20230822,8.07,8.07,7.61,7.79,19571.71,15179.936
688586.SH,20230822,12.42,12.5,12.13,12.45,45186.78,55734.176
688588.SH,20230822,15.3,15.59,14.64,15.3,190988.77,290330.232
688589.SH,20230822,39.4,40.06,38.42,39.51,19787.27,77906.277
688590.SH,20230822,20.78,21.09,20.12,20.99,74982.1,154870.795
688592.SH,20230822,72.51,78.4,67.46,68.49,68406.54,491657.495
688593.SH,20230822,16.15,16.15,15.5,15.97,21876.51,34568.506
688595.SH,20230822,28.27,28.53,27.09,27.88,19784.25,54830.251
688596.SH,20230822,32.31,33.18,31.61,32.65,42708.72,138618.267
688597.SH,20230822,8.59,8.71,8.42,8.62,16753.62,14349.854
688598.SH,20230822,89.56,90.2,85.33,87.0,16169.41,140952.616
688599.SH,20230822,34.02,34.19,33.09,33.94,103500.33,348184.813
688600.SH,20230822,20.38,20.51,19.5,20.18,8092.3,16107.225
688601.SH,20230822,42.9,44.16,41.8,43.55,24637.6,106291.727
688602.SH,20230822,11.64,11.69,10.87,11.13,150237.05,168074.974
688603.SH,20230822,86.3,87.1,81.78,83.14,4255.22,35588.511
688606.SH,20230822,48.78,49.38,47.3,47.8,3355.78,16084.403
688607.SH,20230822,18.97,18.97,17.86,18.49,11246.99,20474.655
688608.SH,20230822,110.6,113.48,108.81,113.11,11755.66,130713.161
688609.SH,20230822,8.57,8.69,8.38,8.69,82588.4,70609.539
688610.SH,20230822,62.0,62.8,58.62,60.99,8736.73,52756.283
688611.SH,20230822,35.2,35.8,34.5,35.25,1854.99,6488.96
688612.SH,20230822,48.1,49.29,45.13,46.43,29478.24,137593.047
688613.SH,20230822,22.68,22.85,21.75,22.37,17491.39,38855.192
688616.SH,20230822,11.82,11.95,11.46,11.74,10780.19,12603.645
688617.SH,20230822,309.9,311.02,296.58,303.82,4816.6,145689.63
002017.SZ,20230822,10.86,11.04,10.73,11.03,92778.53,101077.459
002019.SZ,20230822,12.62,12.7,12.44,12.59,39144.84,49219.605
002020.SZ,20230822,11.05,11.11,10.81,11.07,103183.26,113075.289
002021.SZ,20230822,2.09,2.11,2.06,2.08,97949.0,20393.062
002022.SZ,20230822,8.95,9.02,8.63,8.85,42607.38,37399.959
002023.SZ,20230822,9.0,9.09,8.88,9.04,56788.0,51082.227
002024.SZ,20230822,1.98,1.99,1.94,1.97,177085.69,34793.864
002025.SZ,20230822,57.57,60.79,57.57,60.72,51178.82,306016.954
002026.SZ,20230822,8.77,8.97,8.68,8.9,81674.0,71933.451
002027.SZ,20230822,7.26,7.3,7.17,7.27,747368.9,540985.131
002028.SZ,20230822,49.55,49.55,48.4,49.14,38440.65,188112.636
002029.SZ,20230822,6.37,6.4,6.16,6.27,65495.0,41021.052
002030.SZ,20230822,9.89,9.92,9.69,9.76,117237.39,114507.623
002031.SZ,20230822,3.74,3.78,3.68,3.77,1050249.8,391454.178
002032.SZ,20230822,47.69,47.87,47.02,47.04,12513.52,59248.689
002033.SZ,20230822,10.0,10.05,9.77,10.03,110744.92,109383.847
002034.SZ,20230822,15.92,16.08,15.36,15.59,42174.91,65582.021
002035.SZ,20230822,5.85,5.9,5.7,5.83,87834.0,50787.207
002036.SZ,20230822,9.8,10.08,9.71,10.03,257026.76,254055.046
002037.SZ,20230822,9.39,9.43,8.99,9.13,79949.02,72950.916
002038.SZ,20230822,9.1,9.21,8.94,9.04,93191.61,84380.981
002039.SZ,20230822,13.75,13.78,13.54,13.71,18437.6,25149.88
002040.SZ,20230822,7.03,7.05,6.74,6.79,65397.2,44572.134
002041.SZ,20230822,15.28,15.35,14.9,15.07,38151.53,57477.246
002042.SZ,20230822,3.18,3.19,3.09,3.14,132065.89,41386.515
002043.SZ,20230822,10.45,10.53,10.0,10.23,310597.59,315699.163
002044.SZ,20230822,6.55,6.58,6.43,6.45,308057.78,199581.416
002045.SZ,20230822,13.33,13.6,12.3,12.73,262723.65,335765.571
002046.SZ,20230822,10.83,10.87,10.55,10.81,46129.0,49444.955
002047.SZ,20230822,3.1,3.12,2.98,3.06,183808.5,55793.382
002048.SZ,20230822,13.0,13.16,12.83,12.98,37903.89,49193.638
002049.SZ,20230822,87.1,87.87,84.79,87.08,70420.57,608165.644
002050.SZ,20230822,26.84,27.6,26.7,27.53,306599.85,833041.837
002051.SZ,20230822,11.2,11.54,11.14,11.41,167610.34,190123.74
002052.SZ,20230822,1.92,1.94,1.88,1.92,71430.22,13690.965
002053.SZ,20230822,11.08,11.25,10.91,11.06,69916.8,77399.055
002054.SZ,20230822,6.78,6.84,6.6,6.69,22273.0,14875.964
002055.SZ,20230822,8.88,8.95,8.74,8.94,65247.0,57738.178
002056.SZ,20230822,16.5,16.56,15.94,16.26,153789.72,249409.225
002057.SZ,20230822,9.16,9.28,8.78,8.98,102526.96,91805.269
002058.SZ,20230822,10.53,10.68,10.27,10.48,13646.0,14234.293
002701.SZ,20230822,4.45,4.56,4.38,4.42,159246.4,70800.708
002702.SZ,20230822,5.39,5.44,5.29,5.4,94266.12,50551.323
002703.SZ,20230822,17.65,17.98,17.08,17.74,987847.08,1735011.448
002705.SZ,20230822,17.18,17.21,16.78,17.0,41054.74,69560.002
002706.SZ,20230822,10.99,11.12,10.71,10.98,86897.86,94810.205
002707.SZ,20230822,8.1,8.15,7.84,8.06,199754.53,159338.937
002708.SZ,20230822,7.22,7.36,7.11,7.26,339674.0,245469.299
002709.SZ,20230822,34.25,34.78,33.2,33.8,106305.89,358997.674
002712.SZ,20230822,5.89,6.0,5.81,6.0,105312.24,62151.622
002713.SZ,20230822,8.33,8.4,8.13,8.26,31336.0,25777.909
002714.SZ,20230822,40.2,40.47,39.66,40.08,128793.19,515852.216
002715.SZ,20230822,14.12,14.12,13.6,13.82,10137.0,13993.583
002716.SZ,20230822,2.87,2.94,2.84,2.88,243608.31,70359.712
002717.SZ,20230822,3.26,3.37,3.18,3.37,908628.25,297218.907
002718.SZ,20230822,16.35,16.6,15.54,15.85,9503.5,15103.695
002719.SZ,20230822,11.92,12.16,11.2,11.59,296199.4,341044.173
002721.SZ,20230822,3.37,3.4,3.33,3.37,24244.0,8139.965
002722.SZ,20230822,13.44,13.93,13.39,13.63,36514.7,49686.988
002723.SZ,20230822,11.0,11.1,10.66,10.91,81273.0,88140.192
002724.SZ,20230822,8.27,8.3,7.91,8.13,194247.13,156576.599
002725.SZ,20230822,9.19,9.28,8.93,9.18,46574.6,42237.287
002726.SZ,20230822,7.71,7.75,7.51,7.59,41965.24,31908.607
002727.SZ,20230822,23.64,23.64,22.65,23.07,90018.66,206565.792
002728.SZ,20230822,15.39,15.58,14.95,15.4,146232.07,221878.69
002729.SZ,20230822,19.03,19.16,18.25,18.52,35591.9,66049.076
002730.SZ,20230822,8.72,8.83,8.52,8.69,35853.0,30971.482
002731.SZ,20230822,13.19,13.27,12.93,13.18,17923.0,23491.108
002732.SZ,20230822,22.67,23.0,22.19,22.58,13285.0,29825.381
002733.SZ,20230822,14.6,14.69,14.05,14.3,77306.7,110372.841
002734.SZ,20230822,8.34,8.42,8.16,8.27,27147.82,22418.096
002735.SZ,20230822,11.69,11.8,11.31,11.6,30403.73,35043.675
002736.SZ,20230822,9.63,9.68,9.49,9.6,295788.78,284125.294
002737.SZ,20230822,22.47,22.63,21.96,22.39,41837.7,93091.955
002738.SZ,20230822,39.75,40.15,38.3,39.02,190095.97,741022.086
002739.SZ,20230822,13.51,13.68,13.22,13.62,242939.48,326978.573
002740.SZ,20230822,2.72,2.76,2.58,2.72,74990.0,20272.698
002741.SZ,20230822,15.62,15.62,14.16,14.57,49302.51,72510.406
002742.SZ,20230822,3.9,3.95,3.69,3.77,64205.0,24239.311
002743.SZ,20230822,5.87,5.92,5.72,5.82,45880.0,26575.995
002745.SZ,20230822,8.58,8.67,8.47,8.63,72905.9,62527.811
002746.SZ,20230822,8.21,8.29,8.04,8.12,72637.33,59173.103
300368.SZ,20230822,8.73,8.92,8.4,8.79,897010.53,772977.372
300369.SZ,20230822,11.09,11.43,11.06,11.4,135147.45,152272.839
300370.SZ,20230822,2.75,2.78,2.69,2.77,156428.43,42777.243
300371.SZ,20230822,14.32,14.45,13.93,14.16,28332.47,40006.856
300373.SZ,20230822,34.06,34.5,33.21,33.96,92514.96,312706.847
300374.SZ,20230822,15.31,15.69,14.8,15.13,110260.9,166586.094
300375.SZ,20230822,4.21,4.23,4.09,4.19,210669.74,87589.456
300376.SZ,20230822,6.16,6.21,6.02,6.17,129514.23,79190.931
300377.SZ,20230822,9.55,10.35,9.52,10.13,858078.69,846248.075
300378.SZ,20230822,26.51,26.96,25.81,26.93,111115.17,292882.61
300379.SZ,20230822,18.38,18.61,17.89,18.57,59820.46,109419.647
300380.SZ,20230822,33.6,40.0,33.55,37.5,353181.7,1278712.209
300381.SZ,20230822,7.04,7.05,6.8,6.97,37478.17,25915.238
300382.SZ,20230822,10.51,10.68,10.22,10.48,59586.61,62061.475
300383.SZ,20230822,9.95,10.11,9.79,10.08,219339.59,218568.922
300384.SZ,20230822,16.44,16.61,16.12,16.52,24574.08,40267.661
300385.SZ,20230822,6.54,6.6,6.3,6.46,65708.56,42333.59
300386.SZ,20230822,10.8,11.1,10.72,11.09,76090.0,83441.545
300387.SZ,20230822,7.24,7.3,6.92,7.07,64909.0,45910.252
300388.SZ,20230822,7.15,7.17,6.9,7.04,81380.61,57171.526
300389.SZ,20230822,15.05,15.22,14.7,15.18,25608.48,38373.93
300390.SZ,20230822,28.0,28.35,27.21,27.78,104830.45,290144.399
300391.SZ,20230822,5.96,6.0,5.7,5.81,144185.29,83802.994
300393.SZ,20230822,11.3,11.45,10.98,11.25,127016.6,141855.788
300394.SZ,20230822,87.53,92.11,85.6,91.68,196064.79,1727903.82
300395.SZ,20230822,44.2,45.09,43.83,44.63,34724.0,154172.651
300396.SZ,20230822,22.68,22.95,21.81,22.41,49860.27,111004.025
300397.SZ,20230822,10.49,10.78,10.3,10.62,80186.79,84582.027
300398.SZ,20230822,16.04,16.19,14.57,15.13,175483.28,266570.969
300399.SZ,20230822,14.69,15.63,14.64,15.61,234234.42,355655.97
300400.SZ,20230822,14.9,15.13,14.8,15.1,20632.0,30848.078
300401.SZ,20230822,11.3,11.42,10.91,11.18,69214.65,76929.91
300402.SZ,20230822,19.09,19.09,18.31,18.68,15830.0,29406.16
300403.SZ,20230822,7.66,7.75,7.49,7.74,179966.18,137310.695
300404.SZ,20230822,8.85,8.91,8.55,8.79,62817.21,54589.732
300405.SZ,20230822,5.79,5.79,5.54,5.64,28174.4,15896.666
300406.SZ,20230822,17.98,18.18,17.56,17.83,27782.0,49571.432
300407.SZ,20230822,8.36,8.38,8.13,8.31,41275.07,34084.834
300408.SZ,20230822,30.76,31.08,30.31,30.94,47692.3,146631.325
300409.SZ,20230822,11.5,11.56,11.14,11.31,51534.08,58134.097
300410.SZ,20230822,7.99,8.04,7.77,7.95,56855.51,44908.153
301051.SZ,20230822,55.99,56.68,54.87,56.01,7575.98,42229.203
301052.SZ,20230822,41.39,42.8,40.8,42.62,49429.5,207024.426
301053.SZ,20230822,27.39,28.0,26.0,26.56,45674.34,121224.998
301055.SZ,20230822,15.09,15.22,14.6,14.84,16220.0,24076.908
301056.SZ,20230822,10.21,10.34,9.83,10.07,141832.66,141412.192
301057.SZ,20230822,17.47,17.57,16.46,17.1,21150.83,35702.466
301058.SZ,20230822,13.42,13.5,12.81,13.16,49695.91,65030.685
301059.SZ,20230822,13.13,13.14,11.81,12.16,49659.52,60341.268
301060.SZ,20230822,15.38,15.38,14.46,14.79,47465.87,70242.483
301061.SZ,20230822,39.17,39.25,36.58,37.35,9886.6,37035.109
301062.SZ,20230822,9.95,10.08,9.66,9.91,29201.51,28741.311
301063.SZ,20230822,25.39,25.73,24.81,25.65,16076.48,40565.177
301065.SZ,20230822,21.5,21.86,20.85,21.29,19732.5,41738.864
301066.SZ,20230822,15.96,16.19,15.58,15.81,16903.98,26770.036
301067.SZ,20230822,22.73,22.96,21.71,22.44,19169.63,42619.144
301068.SZ,20230822,36.1,36.1,34.3,35.05,3384.0,11857.02
301069.SZ,20230822,22.29,22.42,21.26,21.55,24327.23,52750.294
301070.SZ,20230822,39.13,39.98,38.38,39.59,5174.43,20121.809
301071.SZ,20230822,34.65,35.2,33.67,34.32,38679.76,132305.427
301072.SZ,20230822,24.6,24.78,23.65,24.21,19325.1,46646.671
301073.SZ,20230822,33.78,34.1,33.25,34.1,24781.1,83438.258
301075.SZ,20230822,26.15,26.3,24.57,25.14,49856.89,126315.09
301076.SZ,20230822,23.0,23.45,21.68,22.35,41743.76,93120.869
301077.SZ,20230822,21.73,21.96,20.63,20.9,10942.19,22952.688
301078.SZ,20230822,9.94,10.01,9.69,9.93,93844.0,92314.36
301079.SZ,20230822,17.33,17.64,16.92,17.49,19790.84,34123.819
301080.SZ,20230822,63.47,64.09,61.76,63.2,6972.56,43637.59
301081.SZ,20230822,11.11,11.11,10.44,10.57,40763.27,43444.91
301082.SZ,20230822,16.86,17.29,16.58,17.18,31695.0,53670.675
301083.SZ,20230822,17.49,18.28,17.28,18.16,125191.22,223453.501
301085.SZ,20230822,81.0,83.39,75.88,80.5,136274.88,1077864.484
301086.SZ,20230822,44.48,44.87,42.93,44.14,4408.61,19267.274
301087.SZ,20230822,40.02,40.69,39.37,40.1,8752.09,34911.575
301088.SZ,20230822,18.5,18.6,17.95,18.23,30533.53,55529.106
301089.SZ,20230822,60.0,60.65,57.44,59.27,41423.94,243589.88
301090.SZ,20230822,10.56,10.58,10.31,10.43,23771.02,24757.312
301091.SZ,20230822,17.77,18.3,17.58,18.22,68110.84,122622.072
301092.SZ,20230822,27.39,29.8,26.88,29.19,63643.51,182961.481
301093.SZ,20230822,31.68,31.98,30.46,30.97,15722.51,48605.418
301095.SZ,20230822,64.45,65.09,62.89,64.8,14847.54,95121.399
301096.SZ,20230822,61.55,61.8,59.18,60.28,15089.44,90591.143
600239.SH,20230822,2.83,2.91,2.76,2.87,950448.65,269567.71
600241.SH,20230822,7.8,7.91,7.62,7.7,18165.0,14015.784
600243.SH,20230822,4.31,4.36,4.18,4.28,55505.0,23581.909
600246.SH,20230822,5.74,6.07,5.72,5.92,329061.11,194345.27
600248.SH,20230822,4.81,4.89,4.78,4.87,268431.52,129666.133
600249.SH,20230822,5.26,5.29,5.14,5.22,74411.9,38700.45
600250.SH,20230822,6.74,6.77,6.61,6.71,66174.48,44237.312
600251.SH,20230822,9.14,9.31,9.1,9.24,94158.0,86462.038
600252.SH,20230822,2.49,2.5,2.44,2.46,165967.89,40878.664
600255.SH,20230822,2.08,2.09,2.03,2.07,185690.3,38201.388
600256.SH,20230822,6.52,6.55,6.4,6.53,521445.59,337729.992
600257.SH,20230822,6.75,7.18,6.62,6.92,1091978.92,762571.167
600258.SH,20230822,18.54,18.6,18.08,18.55,127712.95,234303.442
600259.SH,20230822,33.94,34.47,33.65,34.33,25188.88,85801.868
600261.SH,20230822,3.59,3.61,3.51,3.56,60417.0,21423.34
600262.SH,20230822,19.87,19.9,18.8,19.15,31639.01,60547.518
600265.SH,20230822,17.08,17.28,16.78,17.04,2820.0,4780.393
600266.SH,20230822,6.99,7.53,6.98,7.46,1048520.94,759769.338
600267.SH,20230822,10.53,10.57,10.26,10.38,142993.45,148081.79
600268.SH,20230822,6.97,7.05,6.86,6.99,77955.45,54082.495
600269.SH,20230822,3.84,3.84,3.75,3.8,196392.55,74396.95
600271.SH,20230822,12.71,13.1,12.7,13.05,105032.12,135323.908
600272.SH,20230822,15.62,15.85,14.88,14.88,468319.69,716389.189
600273.SH,20230822,9.22,9.26,9.02,9.14,90144.95,82240.195
600276.SH,20230822,39.15,39.4,38.33,39.15,435385.59,1693144.201
600277.SH,20230822,3.12,3.14,3.07,3.1,184033.01,56963.586
600278.SH,20230822,7.62,7.64,7.36,7.52,88396.6,65898.183
600279.SH,20230822,4.34,4.37,4.24,4.29,59978.93,25683.881
600280.SH,20230822,4.47,4.51,4.29,4.42,887310.95,386873.098
600281.SH,20230822,4.27,4.27,4.05,4.16,33118.05,13724.591
600282.SH,20230822,3.63,3.65,3.58,3.62,181745.41,65774.923
600283.SH,20230822,13.69,13.77,13.29,13.54,84365.16,113607.352
600284.SH,20230822,6.65,6.89,6.63,6.84,283276.0,193308.05
600285.SH,20230822,15.84,15.96,15.6,15.88,55068.2,86976.039
600287.SH,20230822,5.46,5.53,5.36,5.44,61154.0,33123.281
600288.SH,20230822,10.1,10.17,9.98,10.15,25333.79,25504.499
600289.SH,20230822,2.67,2.68,2.54,2.63,22382.0,5834.262
600290.SH,20230822,1.45,1.46,1.38,1.39,187619.0,26304.611
600292.SH,20230822,7.07,7.5,6.53,6.76,933742.47,639232.037
600293.SH,20230822,2.87,2.89,2.72,2.76,227180.98,63045.767
600295.SH,20230822,9.04,9.14,8.9,8.99,47266.72,42495.029
601188.SH,20230822,3.38,3.4,3.33,3.39,42996.0,14452.22
601198.SH,20230822,8.61,8.72,8.51,8.67,331740.81,285844.421
601199.SH,20230822,6.17,6.2,5.97,6.15,152927.0,92772.9
601200.SH,20230822,10.04,10.06,9.67,9.84,136676.59,134321.024
601208.SH,20230822,11.81,11.93,11.67,11.89,79435.5,93832.446
601211.SH,20230822,14.98,15.08,14.8,15.03,362947.35,542923.033
601212.SH,20230822,2.84,2.88,2.82,2.85,206017.0,58720.589
601216.SH,20230822,4.32,4.34,4.25,4.29,243637.58,104373.588
601218.SH,20230822,3.74,3.76,3.63,3.67,71248.0,26144.615
601222.SH,20230822,7.02,7.06,6.86,6.97,152440.0,105854.287
601225.SH,20230822,15.89,16.24,15.85,16.2,211395.44,340035.163
601226.SH,20230822,6.67,6.72,6.55,6.71,57929.0,38471.228
601228.SH,20230822,3.34,3.36,3.3,3.34,171473.16,57016.383
601229.SH,20230822,5.99,6.04,5.98,6.01,206624.36,124200.102
601231.SH,20230822,14.14,14.34,13.9,14.23,61990.3,87371.872
601233.SH,20230822,13.95,14.35,13.95,14.23,200986.7,284512.842
601236.SH,20230822,8.31,8.45,8.15,8.38,629974.82,523307.321
601238.SH,20230822,10.37,10.41,10.15,10.32,267095.47,273896.536
601279.SH,20230822,5.48,5.54,5.32,5.39,42511.67,22971.938
601288.SH,20230822,3.43,3.49,3.43,3.48,3163270.01,1093284.617
601298.SH,20230822,6.34,6.36,6.23,6.33,101326.88,63785.392
601311.SH,20230822,8.23,8.28,8.09,8.23,82300.43,67399.507
601318.SH,20230822,46.9,47.3,46.47,47.0,518495.48,2430766.795
601319.SH,20230822,5.88,6.01,5.87,5.99,573698.15,340435.204
601326.SH,20230822,3.3,3.31,3.23,3.28,242344.42,79127.237
601328.SH,20230822,5.47,5.56,5.46,5.56,879505.83,485841.413
601330.SH,20230822,7.42,7.43,7.15,7.23,60858.04,44154.414
601333.SH,20230822,3.15,3.22,3.15,3.22,335129.8,106747.497
601336.SH,20230822,41.32,42.37,41.32,42.18,115326.55,483342.073
601339.SH,20230822,5.71,5.72,5.62,5.68,44792.92,25417.354
601360.SH,20230822,11.0,11.2,10.85,11.2,1058969.0,1167585.1
601366.SH,20230822,5.79,5.81,5.66,5.71,21439.0,12229.099
601368.SH,20230822,5.53,5.55,5.39,5.49,83718.0,45734.363
601369.SH,20230822,8.02,8.08,7.81,7.96,113102.48,89709.044
601375.SH,20230822,4.27,4.34,4.2,4.29,1242394.62,530184.284
601377.SH,20230822,6.79,6.86,6.71,6.82,768098.46,521710.851
601388.SH,20230822,2.87,2.91,2.82,2.87,137525.04,39340.044
601390.SH,20230822,7.61,7.83,7.6,7.8,954871.89,738656.447
601398.SH,20230822,4.57,4.64,4.55,4.62,2591200.96,1189461.33
601399.SH,20230822,3.15,3.19,3.13,3.16,199294.9,62873.441
601456.SH,20230822,11.19,11.3,10.87,11.13,758267.77,839939.625
603888.SH,20230822,28.41,30.83,28.37,30.83,363338.09,1080341.072
603889.SH,20230822,8.05,8.19,7.85,7.97,36321.3,28815.697
603890.SH,20230822,7.72,7.82,7.5,7.67,35331.57,26934.668
603893.SH,20230822,65.54,66.29,64.1,66.16,21975.5,143503.631
603895.SH,20230822,23.78,24.11,23.07,23.41,6182.0,14545.925
603896.SH,20230822,38.5,39.1,37.82,38.53,15346.88,58825.77
603897.SH,20230822,18.09,18.1,17.43,17.77,16012.46,28381.761
603898.SH,20230822,10.33,10.49,10.03,10.21,13903.0,14199.425
603899.SH,20230822,42.86,43.34,42.1,42.71,29756.12,126647.866
603900.SH,20230822,6.63,6.64,6.38,6.44,28498.24,18430.31
603901.SH,20230822,13.05,13.08,12.66,12.9,28134.0,36055.805
603903.SH,20230822,9.46,9.5,9.17,9.3,23017.28,21412.476
603906.SH,20230822,14.3,14.38,14.04,14.27,71185.83,100918.9
603908.SH,20230822,42.31,42.7,40.9,41.58,6911.38,28700.186
603909.SH,20230822,12.98,13.08,12.55,12.74,22950.34,29365.363
603912.SH,20230822,8.92,9.07,8.78,9.07,66793.16,59777.915
603915.SH,20230822,17.16,17.3,16.72,17.17,27560.2,46821.644
603916.SH,20230822,12.84,12.97,12.49,12.65,44769.66,56604.712
603917.SH,20230822,19.9,20.1,19.37,19.9,15384.0,30269.108
603918.SH,20230822,24.7,26.6,24.39,26.6,661236.39,1708646.555
603919.SH,20230822,25.66,25.84,25.1,25.56,37567.12,95367.664
603920.SH,20230822,16.23,16.63,16.23,16.58,39106.5,64315.327
603922.SH,20230822,20.55,21.39,20.04,20.9,13256.0,27422.955
603926.SH,20230822,9.91,10.16,9.79,9.92,17662.47,17563.225
603927.SH,20230822,33.05,33.7,32.7,33.66,39070.17,129973.577
603928.SH,20230822,12.03,12.03,11.43,11.63,17852.0,20832.316
603929.SH,20230822,15.76,15.88,15.47,15.87,17558.0,27572.658
603931.SH,20230822,25.46,25.7,24.93,25.57,6032.84,15268.884
603933.SH,20230822,16.13,16.51,15.92,16.46,44988.0,73185.379
603936.SH,20230822,10.68,10.79,10.51,10.77,69007.95,73589.316
603937.SH,20230822,12.22,12.22,11.85,12.09,19648.0,23589.89
603938.SH,20230822,18.94,19.21,18.61,18.89,19314.4,36316.534
603939.SH,20230822,37.41,37.82,36.9,37.32,34912.06,130363.896
603948.SH,20230822,24.12,24.27,23.45,23.72,11464.0,27302.412
603949.SH,20230822,17.99,18.03,17.45,17.87,38702.6,68599.817
603950.SH,20230822,12.79,13.1,12.63,12.91,27164.0,34911.264
603955.SH,20230822,16.66,16.84,15.71,16.13,18960.0,30740.828
603956.SH,20230822,7.44,7.5,7.2,7.37,30347.74,22269.195
603958.SH,20230822,7.99,8.04,7.81,7.97,21078.04,16734.133
603959.SH,20230822,9.58,9.68,9.48,9.64,52559.35,50342.021
603960.SH,20230822,16.54,16.77,16.01,16.42,29129.0,47642.16
688618.SH,20230822,58.2,58.2,55.2,57.16,808.42,4567.077
688619.SH,20230822,12.7,13.06,12.45,12.94,18655.65,23842.0
688620.SH,20230822,13.55,13.74,12.76,13.32,87806.3,116044.92
688621.SH,20230822,58.1,58.11,54.83,56.8,4321.75,24277.425
688622.SH,20230822,31.12,31.97,30.95,31.91,3314.66,10409.508
688623.SH,20230822,86.85,87.46,84.77,86.6,5864.98,50378.709
688625.SH,20230822,39.62,39.63,37.8,38.23,6431.9,24639.089
688626.SH,20230822,39.5,39.5,38.15,39.07,7285.08,28189.777
688627.SH,20230822,83.04,85.3,80.02,85.1,14238.21,118375.013
688628.SH,20230822,43.47,44.41,42.18,44.09,15479.75,66971.05
688629.SH,20230822,22.5,22.7,20.89,21.94,91869.22,199320.257
688630.SH,20230822,67.95,68.63,64.9,67.87,12919.4,86143.291
688631.SH,20230822,36.42,36.76,35.21,36.32,13176.45,47410.304
688633.SH,20230822,29.58,29.67,28.3,28.74,4470.53,12878.606
688636.SH,20230822,48.98,50.25,47.69,49.0,17948.29,87914.604
688638.SH,20230822,70.92,71.66,67.4,68.77,14392.89,99165.676
688639.SH,20230822,87.5,92.59,86.25,91.83,9793.91,87502.573
688646.SH,20230822,46.39,46.65,43.48,44.35,27957.83,124746.784
688651.SH,20230822,53.5,53.87,49.63,51.52,36997.84,190706.165
688655.SH,20230822,14.4,14.54,13.96,14.36,17047.95,24238.356
688656.SH,20230822,33.05,33.37,32.06,33.24,2844.54,9331.357
688658.SH,20230822,16.18,16.33,15.91,16.19,36582.58,58785.107
688659.SH,20230822,12.56,12.71,12.25,12.61,27194.81,33878.805
688660.SH,20230822,5.32,5.32,5.13,5.2,82710.02,42990.893
688661.SH,20230822,51.02,51.67,49.1,50.66,12912.03,64812.63
688662.SH,20230822,35.02,35.65,34.45,35.46,20416.03,71479.858
688663.SH,20230822,27.55,27.77,26.66,27.36,14176.27,38384.998
688665.SH,20230822,73.69,73.99,69.5,71.45,7605.27,53920.898
688667.SH,20230822,74.12,75.36,72.8,74.73,1570.17,11586.779
688668.SH,20230822,58.1,58.4,55.84,57.7,15636.63,89480.729
688669.SH,20230822,17.83,18.07,17.31,17.55,9361.03,16457.933
688670.SH,20230822,30.41,30.92,29.6,30.05,11253.07,33754.058
688671.SH,20230822,61.87,69.9,58.5,59.35,142237.52,910581.356
688676.SH,20230822,33.63,33.63,31.6,32.56,26579.5,86158.967
688677.SH,20230822,47.6,47.8,46.09,47.11,11493.63,53628.256
688678.SH,20230822,18.09,18.31,17.7,18.19,14162.91,25524.13
688679.SH,20230822,15.75,16.8,15.75,16.08,28773.77,46811.9
688680.SH,20230822,83.73,84.5,81.0,83.29,12152.79,100432.921
688681.SH,20230822,14.28,14.46,13.94,14.25,18962.87,26925.624
688682.SH,20230822,51.7,52.48,50.0,51.62,3039.95,15582.79
688683.SH,20230822,23.26,23.43,22.31,23.0,10943.55,24929.963
002059.SZ,20230822,6.11,6.16,6.01,6.15,75500.0,45840.929
002060.SZ,20230822,6.09,6.11,5.95,6.03,95536.02,57537.419
002061.SZ,20230822,4.2,4.24,4.16,4.2,165449.46,69381.819
002062.SZ,20230822,5.35,5.44,5.3,5.38,86416.01,46225.387
002063.SZ,20230822,6.4,6.63,6.36,6.61,227388.98,147645.268
002064.SZ,20230822,6.99,7.08,6.94,7.03,86145.06,60360.388
002065.SZ,20230822,6.6,6.8,6.58,6.78,289640.04,193594.685
002066.SZ,20230822,11.47,11.47,11.06,11.23,22736.01,25517.887
002067.SZ,20230822,3.48,3.5,3.41,3.45,80323.01,27637.856
002068.SZ,20230822,11.78,12.04,11.48,11.8,153058.06,180124.13
002069.SZ,20230822,4.45,4.63,4.41,4.53,129300.0,58185.802
002072.SZ,20230822,6.39,6.43,6.19,6.29,26831.0,16853.877
002073.SZ,20230822,6.52,6.6,6.42,6.58,76857.0,50000.925
002074.SZ,20230822,24.46,24.65,23.76,24.12,149720.5,360550.603
002075.SZ,20230822,4.07,4.1,4.02,4.09,119345.4,48482.941
002076.SZ,20230822,2.5,2.51,2.42,2.48,88005.16,21643.356
002077.SZ,20230822,14.48,14.7,14.18,14.56,116874.92,168889.761
002078.SZ,20230822,11.52,11.62,11.32,11.34,100679.23,114920.59
002079.SZ,20230822,11.81,11.94,11.55,11.89,110966.1,130368.459
002080.SZ,20230822,22.25,22.49,21.73,21.95,105756.88,233000.737
002081.SZ,20230822,4.62,4.68,4.57,4.62,134043.76,61818.249
002082.SZ,20230822,6.78,6.83,6.6,6.72,46494.01,31103.503
002083.SZ,20230822,4.71,4.75,4.61,4.65,104026.19,48485.931
002084.SZ,20230822,4.11,4.13,3.99,4.08,194141.98,78574.601
002085.SZ,20230822,6.0,6.02,5.86,5.99,137688.65,81954.437
002086.SZ,20230822,2.73,2.73,2.68,2.69,25879.0,6975.809
002087.SZ,20230822,2.51,2.51,2.48,2.51,287690.89,72177.91
002088.SZ,20230822,17.97,18.04,16.56,16.57,59788.68,102107.835
002089.SZ,20230822,1.17,1.18,1.11,1.14,470651.0,53494.105
002090.SZ,20230822,10.78,10.85,10.52,10.85,45645.2,48771.968
002091.SZ,20230822,7.33,7.34,7.17,7.28,79078.87,57342.908
002092.SZ,20230822,7.03,7.19,6.96,7.14,249015.59,176632.933
002093.SZ,20230822,7.22,7.4,7.21,7.4,147214.65,107801.061
002094.SZ,20230822,3.74,3.77,3.58,3.65,473915.97,172363.364
002095.SZ,20230822,20.68,22.25,20.5,22.25,127902.48,279836.833
002096.SZ,20230822,11.26,11.27,10.97,11.2,18648.0,20729.415
002097.SZ,20230822,6.34,6.45,6.25,6.35,69190.01,43819.192
002098.SZ,20230822,6.24,6.28,6.06,6.12,24359.0,14954.206
002099.SZ,20230822,7.68,7.74,7.4,7.43,86864.0,65096.927
002100.SZ,20230822,7.49,7.53,7.14,7.19,301115.62,218825.777
002101.SZ,20230822,17.86,17.93,17.27,17.68,73579.13,129387.972
002747.SZ,20230822,22.8,23.25,22.4,23.17,173030.26,395311.493
002748.SZ,20230822,8.97,9.04,8.65,8.78,20927.0,18402.712
002749.SZ,20230822,10.41,10.52,10.2,10.34,16275.86,16821.081
002750.SZ,20230822,9.51,9.56,9.2,9.39,64328.0,60027.294
002752.SZ,20230822,4.77,4.78,4.63,4.69,41823.65,19634.163
002753.SZ,20230822,7.06,7.09,6.81,6.92,28516.0,19712.523
002755.SZ,20230822,7.79,7.81,7.55,7.68,32247.0,24653.975
002756.SZ,20230822,48.76,49.43,47.68,48.75,49856.5,241082.007
002757.SZ,20230822,13.87,14.08,13.67,14.05,58788.0,81603.935
002758.SZ,20230822,11.89,11.96,11.62,11.75,76166.8,89334.701
002759.SZ,20230822,12.63,12.63,12.07,12.31,41688.0,51194.741
002760.SZ,20230822,23.43,23.54,21.28,22.75,31707.0,70104.203
002761.SZ,20230822,14.78,14.94,14.44,14.66,198981.22,291112.91
002762.SZ,20230822,9.64,9.73,9.33,9.52,138923.06,131691.977
002763.SZ,20230822,8.52,8.57,8.3,8.4,26014.0,21876.544
002765.SZ,20230822,6.59,6.73,6.44,6.59,178668.86,116702.458
002766.SZ,20230822,5.2,5.24,5.11,5.24,62060.0,32165.734
002767.SZ,20230822,13.37,13.56,12.68,13.42,55257.0,72934.749
002768.SZ,20230822,22.52,22.52,21.58,21.99,23568.0,51736.498
002769.SZ,20230822,8.11,8.11,7.77,7.89,27858.95,21953.077
002771.SZ,20230822,15.65,16.7,15.65,16.49,115280.2,188080.877
002772.SZ,20230822,8.85,8.94,8.66,8.82,76691.92,67118.133
002773.SZ,20230822,15.0,15.12,14.73,14.97,35417.84,52734.891
002774.SZ,20230822,7.83,7.88,7.65,7.82,33284.0,25901.365
002775.SZ,20230822,4.32,4.36,4.19,4.27,92508.0,39383.392
002776.SZ,20230822,1.82,1.82,1.74,1.74,276210.68,48455.156
002777.SZ,20230822,34.0,36.48,33.4,36.48,436790.01,1525037.523
002778.SZ,20230822,14.46,14.58,14.13,14.45,15028.37,21525.182
002779.SZ,20230822,21.85,22.19,21.33,21.71,6316.5,13673.844
002780.SZ,20230822,12.67,12.85,12.49,12.62,33669.05,42610.482
002782.SZ,20230822,11.98,12.19,11.73,12.05,66844.37,80022.084
002783.SZ,20230822,8.14,8.17,7.89,8.04,32008.17,25597.049
002785.SZ,20230822,22.06,22.23,21.42,21.62,33315.0,72349.64
002786.SZ,20230822,6.59,6.72,6.46,6.68,383172.75,252655.473
002787.SZ,20230822,9.11,9.33,8.96,9.1,120152.92,109290.158
002788.SZ,20230822,9.28,9.3,8.97,9.12,80188.89,72965.374
002789.SZ,20230822,15.47,15.75,15.27,15.53,20470.0,31642.609
002790.SZ,20230822,10.72,10.76,10.46,10.71,26046.8,27594.047
002791.SZ,20230822,61.19,61.99,59.42,60.3,19441.83,117058.542
002792.SZ,20230822,14.11,14.56,14.09,14.53,81798.24,117479.961
002793.SZ,20230822,5.31,5.35,5.16,5.29,76017.1,39762.564
300411.SZ,20230822,6.65,6.69,6.48,6.62,39863.0,26182.877
300412.SZ,20230822,5.23,5.28,5.05,5.17,107078.2,54944.26
300413.SZ,20230822,29.18,29.5,28.44,29.32,149214.83,431676.832
300414.SZ,20230822,10.45,10.64,10.27,10.48,138115.57,144318.704
300415.SZ,20230822,17.79,17.95,17.4,17.85,56255.83,99315.338
300416.SZ,20230822,16.75,16.79,16.27,16.64,66140.7,109252.094
300417.SZ,20230822,11.87,11.94,11.24,11.63,58241.2,67138.227
300418.SZ,20230822,36.9,37.27,35.38,37.09,794680.38,2887993.912
300419.SZ,20230822,6.9,7.3,6.9,7.3,510013.04,362058.336
300420.SZ,20230822,3.05,3.06,2.98,3.06,135791.9,41089.732
300421.SZ,20230822,9.5,9.6,9.28,9.5,51929.4,49056.584
300422.SZ,20230822,6.72,6.73,6.43,6.52,65651.0,42950.611
300423.SZ,20230822,9.66,9.7,9.43,9.62,45742.0,43730.454
300424.SZ,20230822,13.3,13.43,13.02,13.32,33579.94,44521.756
300425.SZ,20230822,5.2,5.24,5.01,5.13,175527.93,89636.277
300426.SZ,20230822,10.67,11.13,10.51,11.0,116318.0,125984.008
300427.SZ,20230822,7.8,7.89,7.39,7.62,89721.0,68262.704
300428.SZ,20230822,23.44,23.64,22.04,22.68,76018.91,171786.69
300429.SZ,20230822,8.9,9.02,8.64,8.91,41104.9,36189.441
300430.SZ,20230822,14.28,14.28,13.85,14.17,31098.4,43705.74
300432.SZ,20230822,9.7,9.77,9.21,9.47,118396.51,112024.942
300433.SZ,20230822,11.68,11.76,11.32,11.64,357358.45,412619.592
300434.SZ,20230822,12.69,12.73,11.7,12.09,151141.61,183021.744
300435.SZ,20230822,14.55,14.74,14.01,14.47,117245.0,168011.6
300436.SZ,20230822,23.94,24.1,23.0,23.42,23243.88,54421.585
300437.SZ,20230822,14.05,14.1,13.54,13.8,50139.0,68913.734
300438.SZ,20230822,38.81,39.13,37.96,38.8,82887.13,318927.059
300439.SZ,20230822,11.56,11.65,11.13,11.34,103209.86,116413.007
300440.SZ,20230822,6.69,6.76,6.55,6.72,30113.08,20014.601
300441.SZ,20230822,5.71,5.78,5.58,5.74,52657.0,29824.417
300442.SZ,20230822,22.95,24.08,22.95,23.61,127494.58,299060.037
300443.SZ,20230822,28.91,29.39,27.88,28.51,38390.83,109036.538
300444.SZ,20230822,6.08,6.15,5.99,6.13,170095.84,103117.025
300445.SZ,20230822,15.27,15.55,15.01,15.4,34259.84,52496.793
300446.SZ,20230822,12.34,12.6,12.11,12.42,35313.75,43701.496
300447.SZ,20230822,15.9,16.0,15.3,15.86,93505.4,146170.67
300448.SZ,20230822,5.82,6.13,5.82,6.11,238735.0,143764.606
300449.SZ,20230822,6.13,6.28,6.07,6.21,53223.3,32798.925
300450.SZ,20230822,30.28,30.52,29.23,29.78,145674.62,432213.083
300451.SZ,20230822,6.5,6.6,6.42,6.59,237499.74,154652.064
300452.SZ,20230822,14.45,14.57,14.04,14.25,29916.2,42532.382
301097.SZ,20230822,46.59,47.14,44.45,46.45,7372.45,33754.876
301098.SZ,20230822,13.22,13.26,12.52,12.78,81240.11,103764.686
301099.SZ,20230822,44.8,45.07,43.1,45.0,15016.0,66259.197
301100.SZ,20230822,20.05,20.2,19.45,19.79,11412.0,22535.537
301101.SZ,20230822,36.64,37.11,36.18,36.73,14813.01,54135.905
301102.SZ,20230822,22.09,23.43,22.09,23.4,24587.7,56060.96
301103.SZ,20230822,36.8,37.27,36.11,36.8,10875.73,39762.53
301105.SZ,20230822,38.99,39.39,37.27,37.85,7328.59,27895.805
301106.SZ,20230822,38.2,39.22,37.78,38.97,6197.0,23945.32
301107.SZ,20230822,31.2,31.39,30.12,31.05,13335.0,40999.125
301108.SZ,20230822,35.99,36.2,33.87,34.48,9291.0,32191.171
301109.SZ,20230822,16.81,17.05,16.56,16.87,49567.65,83292.167
301110.SZ,20230822,46.9,47.95,46.2,47.51,10329.42,48753.045
301111.SZ,20230822,19.35,19.44,18.42,18.81,28857.0,54250.686
301112.SZ,20230822,29.97,30.18,29.01,29.96,11499.0,34080.753
301113.SZ,20230822,32.05,32.46,29.98,30.7,44268.19,137603.145
301115.SZ,20230822,24.81,25.05,24.03,24.8,47377.18,116390.462
301116.SZ,20230822,15.72,15.95,15.32,15.63,38437.28,59819.344
301117.SZ,20230822,50.6,51.98,49.61,51.73,13252.27,67574.758
301118.SZ,20230822,26.4,26.52,24.78,25.23,18039.4,45788.424
301119.SZ,20230822,26.43,26.55,25.38,25.99,18623.2,48295.145
301120.SZ,20230822,12.36,12.43,12.03,12.41,47737.29,58426.378
301121.SZ,20230822,41.79,42.0,39.87,41.09,8253.77,33556.364
301122.SZ,20230822,34.07,34.39,32.5,33.0,6895.81,22850.301
301123.SZ,20230822,22.9,23.38,22.52,23.22,16264.95,37334.652
301125.SZ,20230822,19.55,19.68,19.0,19.43,16974.56,32773.503
301126.SZ,20230822,13.11,13.26,12.16,12.57,114096.03,144464.277
301127.SZ,20230822,10.78,10.78,10.35,10.56,99393.92,104499.118
301128.SZ,20230822,32.81,32.81,30.83,31.81,7569.0,23940.058
301129.SZ,20230822,36.38,36.56,35.22,36.39,9276.52,33411.856
301130.SZ,20230822,28.58,28.58,27.6,28.05,29040.12,81361.703
301131.SZ,20230822,39.3,39.74,37.7,38.5,11145.97,43057.255
301132.SZ,20230822,29.91,30.22,28.38,29.51,59280.79,173492.132
301133.SZ,20230822,25.35,26.18,24.73,25.56,15725.0,39916.209
301135.SZ,20230822,23.3,23.4,22.47,23.13,12658.0,28962.404
301136.SZ,20230822,14.84,15.24,14.6,15.23,60351.69,90619.738
301137.SZ,20230822,21.71,22.74,20.63,22.3,286583.38,627342.256
301138.SZ,20230822,31.95,32.51,31.33,32.51,14338.1,45812.199
301139.SZ,20230822,26.02,27.99,26.02,27.59,58937.05,160229.081
301141.SZ,20230822,69.31,69.9,62.11,63.4,68892.85,445969.318
301148.SZ,20230822,24.71,28.39,24.55,27.01,94313.9,246795.76
600297.SH,20230822,2.06,2.07,2.04,2.06,954281.15,196038.872
600298.SH,20230822,35.3,35.44,33.5,34.3,121179.2,414772.387
600299.SH,20230822,8.07,8.11,7.95,8.04,30014.85,24012.611
600300.SH,20230822,3.12,3.14,3.05,3.1,164906.1,50858.249
600301.SH,20230822,16.49,16.58,16.22,16.43,16567.0,27208.324
600302.SH,20230822,5.32,5.37,5.18,5.32,42737.0,22475.428
600303.SH,20230822,5.3,5.31,5.07,5.12,113092.0,58268.351
600305.SH,20230822,10.72,10.77,10.42,10.55,65891.73,69541.381
600306.SH,20230822,7.77,7.84,7.6,7.66,4157.0,3193.822
600307.SH,20230822,1.65,1.66,1.62,1.65,532183.9,87571.049
600308.SH,20230822,3.82,3.84,3.77,3.82,84411.44,32127.612
600309.SH,20230822,92.0,93.68,91.61,93.04,83046.76,770596.295
600310.SH,20230822,4.07,4.12,3.98,4.05,235024.2,94773.006
600312.SH,20230822,10.6,10.82,10.54,10.77,119378.82,127612.975
600313.SH,20230822,8.72,8.8,8.56,8.77,167012.64,145445.947
600315.SH,20230822,27.2,27.3,26.22,26.53,66930.77,177649.897
600316.SH,20230822,20.95,21.57,20.88,21.57,62235.15,132024.664
600318.SH,20230822,7.11,7.19,7.01,7.16,194924.02,138539.92
600319.SH,20230822,5.22,5.24,5.03,5.12,33624.0,17201.973
600320.SH,20230822,3.67,3.71,3.64,3.69,180091.67,66100.412
600321.SH,20230822,1.86,1.87,1.8,1.84,158053.0,28951.213
600322.SH,20230822,2.85,3.27,2.85,3.27,1730019.28,549577.106
600323.SH,20230822,19.12,19.2,18.43,18.78,69224.21,129797.337
600325.SH,20230822,10.5,10.56,10.29,10.4,141126.09,147066.2
600326.SH,20230822,4.43,4.52,4.34,4.49,245011.95,108340.248
600327.SH,20230822,4.53,4.54,4.46,4.54,63555.6,28558.053
600328.SH,20230822,8.84,9.35,8.73,9.09,383226.02,347627.976
600329.SH,20230822,35.45,35.45,34.5,35.15,56162.37,196046.036
600330.SH,20230822,9.69,9.77,9.51,9.73,177598.97,171362.783
600331.SH,20230822,3.95,3.99,3.83,3.92,287515.0,112330.354
600332.SH,20230822,30.65,30.77,30.1,30.47,69920.61,212282.383
600333.SH,20230822,5.04,5.09,4.93,5.01,68168.0,34049.359
600335.SH,20230822,7.76,7.84,7.6,7.79,113582.5,87828.934
600336.SH,20230822,5.44,5.48,5.36,5.44,48715.52,26366.899
600337.SH,20230822,2.96,2.99,2.86,2.96,167305.0,48812.131
600338.SH,20230822,15.46,15.61,14.36,14.96,305602.1,453059.85
600339.SH,20230822,3.77,3.89,3.77,3.87,356709.72,137199.361
600340.SH,20230822,2.34,2.35,2.28,2.31,618140.18,142602.12
600343.SH,20230822,9.76,9.95,9.62,9.84,39145.64,38246.279
600345.SH,20230822,19.02,19.32,18.83,19.26,27052.19,51734.052
600346.SH,20230822,14.41,14.57,14.25,14.41,94875.83,136607.819
601500.SH,20230822,4.12,4.15,4.04,4.1,96119.82,39251.072
601512.SH,20230822,9.33,9.47,9.26,9.45,29718.98,27831.65
601515.SH,20230822,4.29,4.3,4.18,4.23,153464.64,64948.882
601518.SH,20230822,2.5,2.51,2.45,2.48,125543.0,31068.279
601519.SH,20230822,8.26,8.57,8.24,8.5,830206.0,696870.015
601528.SH,20230822,5.63,5.67,5.55,5.65,154860.83,86952.069
601555.SH,20230822,8.6,8.82,8.56,8.7,1013756.64,879238.24
601566.SH,20230822,10.22,10.49,10.13,10.27,18984.0,19496.683
601567.SH,20230822,15.21,15.49,15.04,15.29,95274.4,145275.529
601568.SH,20230822,5.23,5.25,5.12,5.15,130594.16,67730.239
601577.SH,20230822,8.19,8.34,8.19,8.28,88344.99,73097.693
601579.SH,20230822,11.48,11.52,11.29,11.48,45539.02,51892.971
601588.SH,20230822,2.35,2.38,2.32,2.36,258756.0,60747.851
601595.SH,20230822,22.15,22.73,21.82,22.71,120563.3,269309.311
601598.SH,20230822,4.81,4.95,4.78,4.93,508057.65,247541.9
601599.SH,20230822,3.58,3.63,3.54,3.63,114769.0,41181.48
601600.SH,20230822,5.87,5.98,5.86,5.97,867710.93,514262.184
601601.SH,20230822,27.4,28.0,27.26,27.82,253431.76,700510.549
601606.SH,20230822,14.42,15.22,14.32,14.69,574397.32,846990.398
601607.SH,20230822,18.97,19.06,18.6,18.8,128376.87,241336.012
601608.SH,20230822,3.89,3.93,3.83,3.9,192303.05,74728.382
601609.SH,20230822,6.49,6.64,6.46,6.57,119488.25,78313.762
601611.SH,20230822,7.67,7.75,7.64,7.72,118441.0,91032.747
601615.SH,20230822,16.34,16.49,15.64,15.83,244721.7,389668.605
601616.SH,20230822,3.34,3.37,3.26,3.33,94538.0,31291.978
601618.SH,20230822,3.81,3.89,3.81,3.86,571712.2,219912.78
601619.SH,20230822,4.1,4.15,4.04,4.1,191697.04,78316.118
601628.SH,20230822,34.82,35.75,34.76,35.45,148147.95,522206.274
601633.SH,20230822,25.58,25.88,25.03,25.72,133093.5,339561.403
601636.SH,20230822,8.16,8.24,8.06,8.19,335874.34,273302.632
601658.SH,20230822,4.85,4.92,4.82,4.92,958890.82,466803.282
601665.SH,20230822,4.07,4.1,4.04,4.07,128623.32,52303.38
601666.SH,20230822,7.55,7.73,7.47,7.69,261228.23,198307.885
601668.SH,20230822,5.84,5.95,5.83,5.93,1698611.72,1002163.528
601669.SH,20230822,5.57,5.66,5.54,5.62,747420.38,417957.466
601677.SH,20230822,13.93,14.32,13.86,14.24,180583.35,254568.625
601678.SH,20230822,4.62,4.65,4.52,4.57,110176.19,50319.083
601686.SH,20230822,7.14,7.21,6.98,7.04,51096.32,36069.25
601688.SH,20230822,16.36,16.87,16.26,16.7,1085191.45,1794467.694
601689.SH,20230822,67.67,69.0,65.87,68.56,112971.65,759905.094
601696.SH,20230822,11.82,12.05,11.5,11.89,1194313.27,1402191.477
603963.SH,20230822,11.35,11.36,10.81,11.01,76047.0,83819.162
603966.SH,20230822,9.24,9.41,8.98,9.23,27460.17,25123.766
603967.SH,20230822,9.5,9.5,9.15,9.3,28286.3,26220.804
603968.SH,20230822,16.41,16.53,16.08,16.32,7489.39,12155.924
603969.SH,20230822,4.8,4.83,4.62,4.7,108041.81,50856.469
603970.SH,20230822,17.1,17.27,16.7,17.14,8668.71,14716.548
603976.SH,20230822,19.29,19.57,18.59,18.9,11458.0,21689.423
603977.SH,20230822,8.62,8.62,8.32,8.48,64173.0,54102.018
603978.SH,20230822,17.1,17.17,16.69,17.0,6413.0,10814.287
603979.SH,20230822,33.55,34.97,33.55,34.55,41693.12,143805.963
603980.SH,20230822,4.51,4.55,4.42,4.47,38978.42,17464.809
603982.SH,20230822,13.89,14.19,13.58,13.92,41111.86,56840.15
603983.SH,20230822,27.54,27.8,26.84,27.44,14652.38,39850.32
603985.SH,20230822,25.37,26.87,25.28,26.2,234744.06,612270.928
603986.SH,20230822,92.5,92.93,89.53,92.14,131469.83,1201685.251
603987.SH,20230822,10.6,10.71,10.3,10.5,55539.2,57967.82
603988.SH,20230822,10.08,10.08,9.66,9.8,21971.0,21501.864
603989.SH,20230822,21.53,21.6,20.77,21.5,19926.04,42117.696
603990.SH,20230822,14.43,14.58,14.1,14.42,46047.63,65890.093
603991.SH,20230822,34.81,34.83,33.58,34.11,3304.0,11252.305
603992.SH,20230822,13.84,13.88,13.35,13.56,10587.0,14339.394
603993.SH,20230822,5.69,5.88,5.68,5.82,1136431.23,656414.829
603995.SH,20230822,20.39,20.68,20.22,20.54,20232.0,41345.575
603997.SH,20230822,14.45,14.74,14.25,14.63,63724.0,92132.998
603998.SH,20230822,9.08,9.08,8.76,8.96,124906.0,110964.539
603999.SH,20230822,5.96,6.13,5.96,6.12,96945.2,58822.239
605001.SH,20230822,7.38,7.4,6.91,7.07,241091.0,171573.204
605003.SH,20230822,19.35,19.54,18.65,18.91,9033.5,17191.735
605005.SH,20230822,16.4,16.57,16.09,16.4,10014.0,16330.282
605006.SH,20230822,7.43,7.53,7.25,7.33,22871.2,16772.576
605007.SH,20230822,14.1,14.18,13.69,13.81,21031.0,29177.772
605008.SH,20230822,14.95,15.05,14.63,14.76,8826.4,13046.325
605009.SH,20230822,42.33,42.63,41.03,41.55,9578.47,39856.73
605011.SH,20230822,28.5,28.97,27.81,28.78,40883.0,116102.322
605016.SH,20230822,22.08,22.74,21.79,22.58,13436.68,29849.935
605018.SH,20230822,10.33,10.56,10.13,10.37,17562.0,18005.48
605020.SH,20230822,28.84,29.29,27.9,28.55,44778.6,127387.289
605028.SH,20230822,19.45,19.68,18.96,19.39,23898.0,46096.232
605033.SH,20230822,18.8,18.8,18.23,18.66,9685.07,17924.016
605050.SH,20230822,11.04,11.13,10.81,11.02,29267.0,32118.368
605055.SH,20230822,6.45,6.59,6.21,6.37,39548.0,25354.014
688685.SH,20230822,19.7,19.95,19.2,19.78,17279.3,33800.405
688686.SH,20230822,111.51,113.2,108.16,111.3,6319.6,69637.755
688687.SH,20230822,19.7,20.02,19.1,19.96,24352.7,47531.064
688689.SH,20230822,23.41,23.81,22.86,23.65,9024.75,20944.094
688690.SH,20230822,34.48,35.0,32.68,33.55,42178.99,141186.08
688693.SH,20230822,72.81,74.71,65.09,65.89,73707.91,508850.578
688696.SH,20230822,129.72,130.98,125.4,127.5,5204.74,66334.627
688697.SH,20230822,21.2,21.6,20.9,21.52,15556.88,33152.672
688698.SH,20230822,31.87,32.25,30.86,31.85,18729.37,58949.117
688699.SH,20230822,38.38,38.74,37.42,38.58,12405.72,47332.295
688700.SH,20230822,59.75,60.88,58.88,60.8,25741.33,154260.451
688701.SH,20230822,9.89,9.91,9.38,9.62,30238.36,29000.503
688707.SH,20230822,26.05,26.34,25.26,25.7,19164.85,49297.823
688711.SH,20230822,52.82,53.59,52.12,53.37,16505.27,87175.812
688718.SH,20230822,16.08,16.39,15.34,15.75,10560.41,16570.365
688722.SH,20230822,15.7,15.9,15.41,15.87,15366.19,24073.173
688728.SH,20230822,15.54,15.56,14.97,15.17,50110.33,75798.419
688733.SH,20230822,27.61,27.73,27.04,27.56,19920.46,54389.595
688737.SH,20230822,28.91,28.92,27.39,27.88,7154.02,19872.805
688739.SH,20230822,32.15,32.33,31.56,31.95,13395.38,42753.684
688766.SH,20230822,96.99,98.89,92.97,96.15,7921.88,75574.135
688767.SH,20230822,28.75,29.09,25.8,26.57,25507.31,69356.597
688768.SH,20230822,50.81,52.8,50.07,51.62,9938.44,50639.804
688772.SH,20230822,20.78,21.38,20.37,20.94,98755.81,206124.556
688776.SH,20230822,76.3,77.44,70.19,70.33,15474.9,112005.1
688777.SH,20230822,50.73,51.87,49.17,50.33,106923.24,535282.106
688778.SH,20230822,41.17,41.17,39.98,41.01,10080.3,40760.007
688779.SH,20230822,9.69,9.76,9.43,9.55,90056.57,86052.293
688786.SH,20230822,42.49,42.49,41.06,42.3,1731.21,7226.18
688787.SH,20230822,79.0,83.54,78.66,82.46,32123.29,261427.777
688788.SH,20230822,36.22,36.77,35.01,36.1,4740.56,16980.54
688789.SH,20230822,84.77,93.0,84.77,91.13,18977.11,170457.253
688793.SH,20230822,35.78,35.78,34.21,35.16,4039.53,14067.634
688798.SH,20230822,63.68,63.99,61.06,63.24,6741.85,42094.593
688799.SH,20230822,37.68,37.8,36.31,37.1,9310.44,34359.504
688800.SH,20230822,44.19,44.57,42.56,43.46,12618.96,54788.786
688819.SH,20230822,35.33,35.8,34.65,35.38,17507.6,61682.966
688981.SH,20230822,47.87,48.97,47.6,48.82,202560.83,980415.331
689009.SH,20230822,31.55,31.9,30.73,31.41,33127.44,103761.154
920575.BJ,20230822,15.89,16.12,15.7,15.94,2000.71,3185.095
920262.BJ,20230822,8.58,8.96,8.58,8.86,1873.89,1663.027
002102.SZ,20230822,3.14,3.15,3.04,3.1,187714.06,57923.143
002103.SZ,20230822,5.89,6.02,5.81,6.0,117702.0,69709.9
002104.SZ,20230822,8.43,8.6,8.36,8.58,153536.15,130374.488
002105.SZ,20230822,6.2,6.2,5.94,6.05,33662.3,20361.75
002106.SZ,20230822,8.2,8.28,8.07,8.23,48895.0,39930.221
002107.SZ,20230822,5.87,5.9,5.68,5.77,51296.23,29520.619
002108.SZ,20230822,4.31,4.33,4.23,4.28,135918.78,58054.753
002109.SZ,20230822,4.35,4.39,4.23,4.28,28013.61,12011.935
002110.SZ,20230822,4.9,4.97,4.85,4.92,121557.0,59600.836
002111.SZ,20230822,9.27,9.3,9.06,9.26,31138.6,28652.878
002112.SZ,20230822,10.51,10.68,10.3,10.66,77600.3,81401.417
002114.SZ,20230822,7.18,7.26,6.98,7.1,63887.0,45314.716
002115.SZ,20230822,5.96,6.08,5.95,6.08,105571.56,63611.263
002116.SZ,20230822,12.38,12.6,12.1,12.53,98214.0,121460.213
002117.SZ,20230822,9.35,9.75,9.35,9.67,113781.88,108802.638
002119.SZ,20230822,12.1,12.25,11.88,12.25,110419.59,132945.56
002120.SZ,20230822,9.85,9.9,9.68,9.87,165804.0,162223.403
002121.SZ,20230822,5.81,5.87,5.66,5.81,219704.33,126349.71
002122.SZ,20230822,3.39,3.45,3.33,3.45,222310.0,75384.35
002123.SZ,20230822,14.24,15.66,14.24,15.66,521716.64,788494.579
002124.SZ,20230822,4.52,4.56,4.45,4.5,137677.0,61918.839
002125.SZ,20230822,11.22,11.32,10.7,11.02,98951.58,108912.749
002126.SZ,20230822,18.09,18.4,17.36,17.89,148082.27,263154.212
002127.SZ,20230822,3.72,3.74,3.65,3.69,225538.83,83145.931
002128.SZ,20230822,13.16,13.36,13.03,13.12,64653.49,84758.326
002129.SZ,20230822,25.52,25.58,24.33,25.06,584722.1,1452133.996
002130.SZ,20230822,6.81,6.88,6.67,6.87,169635.34,114802.996
002131.SZ,20230822,2.24,2.28,2.23,2.28,962084.54,216777.051
002132.SZ,20230822,3.4,3.42,3.31,3.38,122109.15,40940.058
002133.SZ,20230822,3.72,3.75,3.66,3.72,120396.0,44574.993
002134.SZ,20230822,9.66,9.78,9.31,9.63,55576.0,53041.463
002135.SZ,20230822,6.45,6.56,6.39,6.5,89621.0,57829.95
002136.SZ,20230822,11.17,11.27,10.81,11.02,24575.28,27006.403
002137.SZ,20230822,6.13,6.24,6.08,6.23,90265.32,55682.831
002138.SZ,20230822,25.4,25.8,25.0,25.63,58373.72,148554.655
002139.SZ,20230822,10.55,10.64,10.32,10.55,162929.03,170325.753
002140.SZ,20230822,8.91,8.99,8.74,8.87,30117.99,26671.682
002141.SZ,20230822,3.21,3.24,3.17,3.22,87401.04,28036.578
002142.SZ,20230822,26.93,27.28,26.62,27.11,242553.12,654906.158
002144.SZ,20230822,11.48,11.51,11.07,11.19,24199.0,27144.076
002145.SZ,20230822,5.45,5.46,5.27,5.36,186096.92,99496.214
002795.SZ,20230822,8.01,8.07,7.58,7.84,72715.84,56365.838
002796.SZ,20230822,10.34,10.51,10.21,10.5,51249.6,53191.086
002797.SZ,20230822,6.24,6.3,6.17,6.27,717256.4,447673.696
002798.SZ,20230822,6.83,6.9,6.64,6.72,46109.0,31040.018
002799.SZ,20230822,11.36,11.84,11.29,11.48,193326.85,223496.79
002800.SZ,20230822,15.79,15.81,15.17,15.47,18832.9,29040.165
002801.SZ,20230822,22.97,23.09,22.18,22.73,16857.95,37992.644
002802.SZ,20230822,11.26,11.45,10.9,11.12,16572.42,18307.657
002803.SZ,20230822,17.7,18.08,17.48,17.99,81394.65,144819.771
002805.SZ,20230822,16.79,16.95,16.34,16.82,52633.59,87414.619
002806.SZ,20230822,11.27,11.38,10.96,11.16,38839.0,43155.006
002807.SZ,20230822,3.87,3.9,3.85,3.89,195996.48,75990.613
002808.SZ,20230822,6.08,6.13,5.78,6.04,113676.47,67553.712
002809.SZ,20230822,10.79,10.91,10.31,10.54,37703.15,39633.276
002810.SZ,20230822,17.15,17.25,16.5,16.82,37314.17,62723.152
002811.SZ,20230822,9.03,9.09,8.8,8.87,13493.0,12032.536
002812.SZ,20230822,84.0,84.45,75.6,75.6,229402.98,1783834.159
002813.SZ,20230822,32.9,33.7,32.16,33.28,19537.0,64229.125
002815.SZ,20230822,10.94,10.98,10.58,10.84,70211.1,75514.595
002816.SZ,20230822,12.02,12.19,11.4,11.4,45150.0,52277.196
002817.SZ,20230822,8.34,8.38,7.93,8.16,103290.07,83652.185
002818.SZ,20230822,14.4,14.46,14.0,14.2,28247.9,40092.914
002819.SZ,20230822,25.72,25.98,25.0,25.81,21319.7,54378.653
002820.SZ,20230822,10.98,11.09,10.69,10.84,55994.16,60654.449
002821.SZ,20230822,121.8,123.0,119.0,120.69,25214.24,303704.294
002822.SZ,20230822,4.72,4.73,4.49,4.55,789102.87,360568.912
002823.SZ,20230822,9.8,9.83,9.5,9.73,20997.0,20259.671
002824.SZ,20230822,18.38,18.65,17.86,18.33,26673.73,48576.103
002825.SZ,20230822,8.15,8.25,7.88,8.03,24934.03,20002.216
002826.SZ,20230822,10.5,10.53,10.0,10.22,49244.0,50165.181
002827.SZ,20230822,10.94,10.94,10.58,10.89,28568.0,30616.684
002828.SZ,20230822,8.76,8.88,8.57,8.71,65469.8,56857.311
002829.SZ,20230822,29.22,29.27,28.24,29.08,40844.94,117556.365
002830.SZ,20230822,13.07,13.32,12.81,13.22,36707.0,48103.96
002831.SZ,20230822,23.21,23.51,23.0,23.27,19899.04,46241.633
002832.SZ,20230822,33.84,34.1,33.18,33.58,24698.25,82631.28
002833.SZ,20230822,17.31,17.39,16.72,17.23,30567.82,52223.529
002835.SZ,20230822,16.26,16.6,16.12,16.6,47623.94,78068.884
002836.SZ,20230822,8.2,8.2,7.82,7.92,19060.24,15176.251
002837.SZ,20230822,28.21,28.88,27.7,28.5,58537.27,165881.087
002838.SZ,20230822,14.33,14.37,13.72,13.93,35640.97,49755.377
300453.SZ,20230822,6.93,6.98,6.67,6.81,38943.75,26398.552
300454.SZ,20230822,109.75,112.57,107.0,111.38,22406.71,245377.083
300455.SZ,20230822,10.61,10.85,10.57,10.83,80911.25,86639.899
300456.SZ,20230822,19.87,20.53,19.64,20.41,255259.3,513491.867
300457.SZ,20230822,24.41,25.07,23.88,24.33,194305.51,471485.065
300458.SZ,20230822,23.7,23.84,22.97,23.75,105209.89,246235.091
300459.SZ,20230822,5.44,5.51,5.36,5.5,942226.1,511789.732
300460.SZ,20230822,10.2,10.44,10.13,10.42,45537.03,46949.95
300461.SZ,20230822,17.57,17.75,17.33,17.75,13793.0,24270.437
300462.SZ,20230822,10.82,10.91,10.49,10.78,37070.0,39531.212
300463.SZ,20230822,14.56,14.63,14.12,14.32,59283.84,84665.425
300464.SZ,20230822,6.19,6.2,5.99,6.1,57443.0,34880.064
300465.SZ,20230822,10.99,12.03,10.98,12.03,728570.65,837249.414
300466.SZ,20230822,6.05,6.16,5.95,6.16,69873.0,42356.515
300467.SZ,20230822,14.65,14.92,14.45,14.92,58785.23,86401.238
300468.SZ,20230822,11.25,11.3,10.87,11.3,308332.6,342582.45
300469.SZ,20230822,19.98,21.08,19.75,21.08,54674.16,111274.515
300470.SZ,20230822,41.33,41.43,40.15,40.6,9969.8,40505.289
300471.SZ,20230822,13.88,14.09,13.08,13.42,99342.71,133487.66
300472.SZ,20230822,8.88,8.98,8.53,8.74,37962.0,33013.91
300473.SZ,20230822,16.51,16.75,16.18,16.46,27377.47,45077.179
300474.SZ,20230822,70.01,70.68,68.38,70.52,56157.94,391848.781
300475.SZ,20230822,30.2,30.75,29.51,30.74,139803.08,421127.037
300476.SZ,20230822,20.82,21.43,20.21,21.2,324156.57,675680.282
300477.SZ,20230822,4.41,4.45,4.28,4.37,118252.44,51311.934
300478.SZ,20230822,10.8,10.87,10.5,10.67,18962.0,20194.644
300479.SZ,20230822,17.78,18.13,17.56,18.08,59530.3,106668.755
300480.SZ,20230822,20.27,20.53,19.57,20.0,15765.33,31441.536
300481.SZ,20230822,17.5,17.68,16.99,17.46,35504.63,61372.5
300482.SZ,20230822,25.02,25.29,24.46,24.79,45534.09,112577.263
300483.SZ,20230822,13.32,13.89,13.3,13.78,186669.05,252891.84
300484.SZ,20230822,11.87,12.03,11.66,11.9,19257.71,22772.011
300485.SZ,20230822,10.26,10.36,9.95,10.1,34506.0,34810.331
300486.SZ,20230822,8.23,8.38,8.05,8.28,32119.0,26289.669
300487.SZ,20230822,61.64,62.64,60.94,61.8,25319.6,156360.454
300488.SZ,20230822,21.6,21.85,21.09,21.51,7608.27,16279.97
300489.SZ,20230822,20.38,20.83,19.92,20.6,50996.0,104159.933
300490.SZ,20230822,13.58,13.7,13.21,13.53,36229.08,48619.541
300491.SZ,20230822,24.5,24.69,23.87,24.61,25855.0,62864.292
300492.SZ,20230822,62.0,62.0,59.68,60.47,2429.0,14692.508
300493.SZ,20230822,7.83,8.0,7.75,8.0,59740.0,47145.61
301149.SZ,20230822,10.66,10.7,10.29,10.52,30233.0,31605.056
301150.SZ,20230822,41.73,41.89,40.32,41.23,6745.0,27632.582
301151.SZ,20230822,17.65,17.77,17.05,17.34,17354.0,30046.46
301152.SZ,20230822,38.59,39.29,36.88,37.2,30885.33,116470.308
301153.SZ,20230822,68.5,72.72,68.23,72.21,42274.34,300259.038
301155.SZ,20230822,61.5,61.55,58.93,60.4,14507.69,87040.189
301156.SZ,20230822,18.13,18.43,17.0,17.55,59926.19,105905.847
301157.SZ,20230822,53.85,54.88,49.8,51.33,14865.56,76755.239
301158.SZ,20230822,17.92,18.27,17.61,18.06,44893.2,80471.272
301159.SZ,20230822,54.75,56.9,54.75,56.9,53555.37,303502.199
301160.SZ,20230822,36.22,36.32,34.96,35.68,24897.44,88469.411
301161.SZ,20230822,22.9,23.14,21.85,22.2,23120.42,51730.171
301162.SZ,20230822,66.41,67.38,64.14,66.25,6126.54,40320.445
301163.SZ,20230822,28.03,28.38,26.94,27.6,11779.78,32338.548
301165.SZ,20230822,47.63,48.66,46.92,48.63,32273.97,154212.657
301166.SZ,20230822,40.0,40.0,38.2,38.89,15127.13,58759.676
301167.SZ,20230822,18.82,18.82,18.3,18.7,26494.62,49286.723
301168.SZ,20230822,47.56,47.99,45.12,46.03,24848.11,114468.804
301169.SZ,20230822,47.5,53.88,46.21,53.88,77831.61,378435.845
301170.SZ,20230822,37.71,38.3,35.08,36.25,57313.69,207771.238
301171.SZ,20230822,17.24,17.36,16.57,17.21,169695.32,287505.907
301172.SZ,20230822,44.13,47.26,43.53,47.05,141711.43,641844.466
301175.SZ,20230822,6.1,6.1,5.83,5.96,319406.21,190103.023
301176.SZ,20230822,16.69,16.88,16.15,16.47,10657.0,17553.295
301177.SZ,20230822,34.89,34.96,33.24,33.85,16251.6,54968.284
301178.SZ,20230822,34.32,35.17,33.41,35.16,82133.82,281522.503
301179.SZ,20230822,27.0,27.68,26.46,27.51,23637.42,63886.744
301180.SZ,20230822,15.8,15.97,15.06,15.4,27429.99,42009.476
301181.SZ,20230822,31.08,31.98,30.33,31.27,32131.62,99867.419
301182.SZ,20230822,22.65,22.98,22.16,22.98,13244.02,29924.905
301183.SZ,20230822,48.5,49.5,47.33,49.32,40360.81,195903.178
301185.SZ,20230822,25.76,26.88,25.76,26.85,50778.11,134074.653
301186.SZ,20230822,35.7,36.49,34.85,36.13,12485.79,44537.546
301187.SZ,20230822,17.54,17.68,16.73,17.12,20091.51,34391.968
301188.SZ,20230822,14.58,14.58,14.23,14.37,78135.95,112270.689
301189.SZ,20230822,29.12,29.34,28.28,28.82,6573.0,18833.874
301190.SZ,20230822,20.18,20.4,19.6,19.93,26331.99,52338.851
301191.SZ,20230822,81.15,81.98,78.66,81.7,10966.8,88460.579
301192.SZ,20230822,24.34,24.74,23.68,24.3,25735.33,62206.043
301193.SZ,20230822,17.23,17.34,16.56,16.78,10948.23,18406.248
301195.SZ,20230822,45.78,46.65,44.05,45.16,24382.25,110344.946
600348.SH,20230822,7.52,7.55,7.35,7.47,241745.74,179500.445
600350.SH,20230822,6.73,6.79,6.63,6.77,180505.45,121579.475
600351.SH,20230822,7.46,7.51,7.33,7.46,228964.19,170164.054
600352.SH,20230822,9.46,9.51,9.34,9.41,117270.09,110363.469
600353.SH,20230822,7.11,7.2,6.86,7.06,90352.47,63324.625
600354.SH,20230822,6.45,6.52,6.38,6.5,95127.49,61446.216
600355.SH,20230822,3.4,3.45,3.31,3.4,143171.02,48315.12
600356.SH,20230822,7.9,7.91,7.65,7.77,23767.54,18412.201
600358.SH,20230822,4.92,4.95,4.73,4.83,83959.0,40261.622
600359.SH,20230822,7.72,7.78,7.57,7.7,36656.0,28077.008
600360.SH,20230822,6.6,6.64,6.5,6.63,79155.71,51991.453
600361.SH,20230822,6.06,6.23,5.94,6.16,315681.0,192295.35
600362.SH,20230822,18.7,18.98,18.68,18.9,77991.45,146904.261
600363.SH,20230822,31.96,32.5,31.4,32.38,58496.55,186920.324
600365.SH,20230822,4.04,4.05,3.84,3.84,82880.02,32267.604
600366.SH,20230822,7.66,7.73,7.59,7.69,53114.8,40630.87
600367.SH,20230822,14.9,14.98,13.85,14.55,176061.07,254017.782
600368.SH,20230822,3.82,3.83,3.76,3.81,116362.93,44092.498
600369.SH,20230822,4.44,4.5,4.37,4.46,1076724.22,477635.659
600370.SH,20230822,2.68,2.7,2.63,2.65,81498.0,21662.297
600371.SH,20230822,11.12,11.25,10.95,11.11,30921.0,34278.084
600372.SH,20230822,14.7,14.92,14.53,14.85,199384.48,293408.828
600373.SH,20230822,11.88,12.53,11.8,12.42,287232.49,349862.093
600375.SH,20230822,6.9,6.95,6.8,6.9,35493.0,24365.831
600376.SH,20230822,4.63,4.68,4.56,4.65,238626.0,110170.564
600377.SH,20230822,9.75,9.87,9.66,9.85,125686.01,123045.722
600378.SH,20230822,32.15,32.2,30.65,30.97,37581.93,116872.739
600379.SH,20230822,9.92,10.06,9.79,10.01,33372.8,33073.276
600380.SH,20230822,11.22,11.34,11.08,11.24,114732.13,128399.519
600381.SH,20230822,8.35,8.39,8.06,8.21,85781.6,70238.924
600382.SH,20230822,4.75,4.82,4.66,4.8,79189.2,37464.408
600383.SH,20230822,7.7,7.76,7.5,7.67,740186.24,564514.024
600386.SH,20230822,4.0,4.03,3.94,4.02,73176.0,29164.887
600387.SH,20230822,5.4,5.44,5.24,5.36,58459.05,31294.676
600388.SH,20230822,16.26,16.5,16.0,16.4,48872.56,79672.336
600389.SH,20230822,21.98,22.2,21.32,21.71,36113.96,78288.024
600390.SH,20230822,5.71,5.79,5.67,5.78,307197.97,175956.331
600391.SH,20230822,21.23,21.62,21.13,21.56,47273.37,101187.146
600392.SH,20230822,11.46,11.6,11.19,11.44,107440.44,122194.999
600395.SH,20230822,6.23,6.32,6.23,6.28,84167.34,52729.654
600396.SH,20230822,2.51,2.53,2.39,2.48,98503.98,24288.857
601698.SH,20230822,16.5,16.85,16.41,16.76,164399.06,273496.292
601699.SH,20230822,15.25,15.58,15.13,15.54,167703.21,257184.913
601700.SH,20230822,4.98,5.01,4.83,4.92,103199.05,50601.402
601702.SH,20230822,14.53,15.23,14.53,14.99,75847.92,113791.755
601717.SH,20230822,11.26,11.51,11.14,11.36,97412.69,110087.969
601718.SH,20230822,2.96,2.97,2.9,2.93,310133.13,90894.728
601727.SH,20230822,4.44,4.48,4.4,4.45,226913.36,100760.326
601728.SH,20230822,5.71,6.0,5.71,5.99,3998366.69,2364084.987
601766.SH,20230822,6.08,6.19,6.07,6.17,416232.61,255404.605
601777.SH,20230822,3.78,3.84,3.71,3.79,238093.59,89744.467
601778.SH,20230822,4.55,4.59,4.4,4.46,259099.32,115773.507
601788.SH,20230822,17.09,17.27,16.8,17.15,523297.67,892297.018
601789.SH,20230822,4.67,4.7,4.6,4.7,185208.43,86132.974
601798.SH,20230822,7.13,7.17,6.89,7.03,30044.0,20998.178
601799.SH,20230822,135.8,136.19,132.05,135.0,11972.51,160007.813
601800.SH,20230822,10.99,11.34,10.99,11.28,422299.57,472422.322
601801.SH,20230822,7.68,7.95,7.6,7.92,189845.04,147770.29
601808.SH,20230822,14.92,14.98,14.72,14.94,38594.77,57296.47
601811.SH,20230822,13.56,13.99,13.43,13.97,49460.17,68302.149
601816.SH,20230822,5.32,5.36,5.28,5.33,657512.18,349774.997
601818.SH,20230822,3.02,3.09,3.02,3.08,1382847.68,423021.06
601825.SH,20230822,5.77,5.81,5.73,5.78,145683.02,84096.613
601827.SH,20230822,7.5,7.6,7.23,7.35,87020.0,63882.226
601828.SH,20230822,4.83,4.87,4.77,4.84,137998.86,66400.865
601838.SH,20230822,13.83,14.05,13.82,14.0,222427.81,310599.517
601857.SH,20230822,7.56,7.78,7.5,7.73,1169790.27,897416.267
601858.SH,20230822,27.31,29.58,27.2,29.58,136099.8,391572.98
601860.SH,20230822,2.76,2.83,2.75,2.81,736327.2,205079.966
601865.SH,20230822,32.17,32.17,30.57,31.2,78614.1,244138.457
601866.SH,20230822,2.44,2.47,2.43,2.45,354719.54,86898.018
601868.SH,20230822,2.34,2.37,2.33,2.35,2110277.58,495185.022
601869.SH,20230822,31.71,31.97,31.23,31.96,13485.19,42567.156
601872.SH,20230822,6.04,6.18,5.94,6.1,276965.58,167252.444
601877.SH,20230822,25.49,25.58,24.99,25.31,96403.86,242947.758
601878.SH,20230822,10.5,10.67,10.38,10.61,408136.61,429657.656
601880.SH,20230822,1.6,1.61,1.59,1.6,734033.43,117393.28
601881.SH,20230822,12.13,12.35,11.99,12.23,839416.18,1020817.455
601882.SH,20230822,28.57,29.09,28.33,29.0,11831.0,33996.951
601886.SH,20230822,8.75,8.83,8.61,8.7,28661.0,24940.146
601888.SH,20230822,116.0,116.36,110.66,113.09,199448.53,2240015.976
601890.SH,20230822,9.86,10.09,9.83,10.07,200278.07,200685.513
605056.SH,20230822,12.23,12.49,12.13,12.46,9277.0,11376.288
605058.SH,20230822,20.37,20.69,19.86,20.36,12967.0,26243.911
605060.SH,20230822,26.19,26.19,24.72,25.66,24972.98,63150.721
605066.SH,20230822,8.42,8.53,8.23,8.43,42001.0,35101.931
605068.SH,20230822,22.41,22.74,22.06,22.64,6227.51,13927.413
605069.SH,20230822,12.38,12.55,11.3,12.55,384760.75,466475.208
605077.SH,20230822,24.97,25.23,24.55,24.95,9232.09,22922.743
605080.SH,20230822,28.86,28.9,28.13,28.61,4106.2,11712.225
605081.SH,20230822,15.7,16.46,14.84,16.06,221433.5,343072.021
605086.SH,20230822,21.43,21.62,20.82,21.15,13503.0,28489.284
605088.SH,20230822,18.82,18.83,18.5,18.83,36344.21,68385.505
605089.SH,20230822,42.2,42.6,41.2,42.06,10759.33,45114.956
605090.SH,20230822,22.8,23.0,22.4,23.0,39099.77,88780.487
605098.SH,20230822,40.22,41.67,39.83,41.67,20304.45,83022.131
605099.SH,20230822,23.68,23.76,23.12,23.46,7321.0,17124.828
605100.SH,20230822,15.31,15.49,14.87,15.11,16515.64,24894.335
605108.SH,20230822,32.58,33.56,32.3,33.51,21848.27,72217.395
605111.SH,20230822,35.56,35.98,34.59,35.51,49361.91,174270.811
605116.SH,20230822,20.52,20.65,20.11,20.63,8986.0,18299.545
605117.SH,20230822,92.4,92.73,86.77,89.49,115798.37,1028741.385
605118.SH,20230822,14.36,14.63,14.17,14.62,18494.0,26655.503
605122.SH,20230822,15.59,15.71,15.19,15.35,6963.56,10716.633
605123.SH,20230822,99.31,101.65,96.77,99.53,9875.33,97754.737
605128.SH,20230822,41.16,42.4,40.45,41.11,6230.0,25555.69
605133.SH,20230822,30.04,31.57,29.99,31.46,32967.39,102049.805
605136.SH,20230822,11.06,11.16,10.73,10.94,42566.0,46420.074
605138.SH,20230822,9.23,9.23,8.78,8.91,120361.12,108042.691
605151.SH,20230822,17.68,17.91,17.34,17.78,8635.0,15258.916
605155.SH,20230822,15.0,15.24,14.61,14.94,11835.8,17551.666
605158.SH,20230822,7.6,7.64,7.3,7.41,27900.3,20654.761
605162.SH,20230822,9.69,9.78,9.43,9.63,65674.0,62891.769
605166.SH,20230822,9.43,9.46,9.14,9.29,15641.0,14471.194
605167.SH,20230822,9.82,9.87,9.57,9.74,29615.0,28774.259
605168.SH,20230822,69.78,71.52,68.8,71.44,16255.69,113994.491
605169.SH,20230822,10.5,10.62,10.19,10.4,31113.87,32318.823
605177.SH,20230822,28.14,28.4,27.63,28.19,17781.0,49729.401
605178.SH,20230822,21.3,21.7,20.88,21.68,14023.39,29887.16
605179.SH,20230822,12.14,12.23,11.89,12.13,16539.0,19911.643
605180.SH,20230822,13.2,13.2,12.64,12.79,13081.64,16765.411
605183.SH,20230822,15.64,15.77,15.4,15.6,16968.5,26379.004
605186.SH,20230822,36.1,36.35,34.8,36.3,19288.0,68701.016
920634.BJ,20230822,7.11,7.13,7.05,7.13,321.97,228.14
000001.SZ,20230822,11.38,11.45,11.31,11.37,606808.09,689991.238
000002.SZ,20230822,13.99,14.11,13.88,14.02,458812.41,642001.394
000004.SZ,20230822,16.8,17.4,16.71,17.33,119690.46,204405.994
000005.SZ,20230822,1.46,1.46,1.39,1.39,184583.0,25910.137
000006.SZ,20230822,5.26,5.69,5.23,5.58,1104001.59,604923.009
000007.SZ,20230822,5.09,5.09,4.85,5.02,19688.0,9838.587
000008.SZ,20230822,2.45,2.47,2.38,2.43,586993.35,141901.354
000009.SZ,20230822,10.67,10.77,10.48,10.6,131149.49,138717.792
000010.SZ,20230822,3.5,3.81,3.13,3.5,2344662.75,796023.644
000011.SZ,20230822,9.84,10.15,9.83,9.94,61935.0,61584.578
000012.SZ,20230822,5.84,5.87,5.76,5.81,113389.72,65716.747
000014.SZ,20230822,13.48,13.68,13.4,13.59,98297.54,132846.132
000016.SZ,20230822,4.36,4.38,4.27,4.33,85154.45,36742.253
000017.SZ,20230822,4.52,4.56,4.38,4.44,43326.0,19249.022
000019.SZ,20230822,7.36,7.4,7.24,7.34,59763.7,43692.366
000020.SZ,20230822,11.58,11.65,11.31,11.54,25243.01,28926.298
000021.SZ,20230822,16.74,16.93,16.36,16.91,290581.44,483837.509
000023.SZ,20230822,6.69,6.74,6.39,6.59,13969.0,9157.39
000025.SZ,20230822,15.97,15.97,15.46,15.81,35773.5,56176.748
000026.SZ,20230822,11.33,11.33,11.03,11.22,32079.02,35781.923
000027.SZ,20230822,6.55,6.55,6.42,6.48,117253.86,76006.095
000028.SZ,20230822,32.36,32.76,32.05,32.69,44292.4,143164.93
000029.SZ,20230822,12.05,12.15,11.83,12.14,50891.19,60972.65
000030.SZ,20230822,5.2,5.28,5.17,5.26,74276.52,38847.531
000031.SZ,20230822,4.15,4.2,4.11,4.16,172260.01,71636.384
000032.SZ,20230822,30.4,32.29,29.41,32.0,502189.6,1555635.425
000034.SZ,20230822,30.03,30.8,29.05,30.33,434214.93,1294767.54
000035.SZ,20230822,5.4,5.43,5.27,5.4,161309.38,86379.308
000036.SZ,20230822,4.1,4.15,4.05,4.08,114249.2,46718.999
000037.SZ,20230822,9.73,9.84,9.53,9.75,83549.2,80750.528
000039.SZ,20230822,7.1,7.13,6.97,7.06,91179.85,64248.364
000040.SZ,20230822,4.1,4.11,3.99,4.06,175435.04,70906.259
000042.SZ,20230822,7.84,7.92,7.66,7.77,44777.25,34716.705
000045.SZ,20230822,9.75,9.87,9.58,9.78,25608.0,24914.591
000046.SZ,20230822,1.8,1.85,1.73,1.85,1615022.6,294179.617
000048.SZ,20230822,19.2,19.62,18.85,19.04,39043.08,74753.552
000049.SZ,20230822,30.93,31.42,29.63,30.36,42748.45,129183.343
000050.SZ,20230822,8.5,8.58,8.36,8.48,90965.02,76883.882
000055.SZ,20230822,4.96,4.96,4.86,4.94,89150.22,43720.623
000056.SZ,20230822,3.59,3.63,3.5,3.62,157153.0,56034.708
002146.SZ,20230822,2.41,2.49,2.36,2.44,2321391.42,559229.296
002148.SZ,20230822,5.75,5.99,5.74,5.92,165555.26,97156.428
002149.SZ,20230822,14.92,15.1,14.75,15.06,31218.89,46604.696
002150.SZ,20230822,13.83,13.95,13.54,13.94,46158.85,63531.44
002151.SZ,20230822,30.64,31.2,30.37,31.14,55387.13,170669.06
002152.SZ,20230822,11.5,11.8,11.4,11.78,233096.18,270885.301
002153.SZ,20230822,13.25,13.58,13.13,13.53,80229.54,107296.704
002154.SZ,20230822,6.2,6.2,6.03,6.11,246877.2,150568.019
002155.SZ,20230822,11.59,11.7,11.43,11.68,224207.94,259600.115
002156.SZ,20230822,18.96,19.21,18.61,19.16,284206.66,538610.94
002157.SZ,20230822,3.03,3.08,2.99,3.03,449937.84,136141.843
002158.SZ,20230822,25.5,25.6,23.6,24.27,102763.04,250557.999
002159.SZ,20230822,15.43,15.59,15.19,15.52,23030.0,35433.831
002160.SZ,20230822,4.01,4.06,3.94,4.01,79451.09,31729.46
002161.SZ,20230822,5.29,5.41,5.24,5.38,119226.12,63484.722
002162.SZ,20230822,4.5,4.53,4.29,4.37,188245.77,82566.566
002163.SZ,20230822,9.91,10.02,9.48,9.64,76235.35,73785.2
002164.SZ,20230822,5.62,5.64,5.46,5.59,66376.24,36774.126
002165.SZ,20230822,4.15,4.2,4.03,4.1,131505.0,53686.966
002166.SZ,20230822,7.21,7.27,7.08,7.21,54013.34,38622.018
002167.SZ,20230822,6.89,6.89,6.62,6.77,134159.0,90406.272
002168.SZ,20230822,4.4,4.45,4.33,4.45,95366.8,41932.258
002169.SZ,20230822,7.27,7.29,7.09,7.24,61269.66,44055.494
002170.SZ,20230822,5.79,5.79,5.66,5.72,73921.02,42208.949
002171.SZ,20230822,6.9,6.96,6.8,6.88,70771.58,48617.818
002172.SZ,20230822,3.83,3.85,3.68,3.76,218985.0,81749.785
002173.SZ,20230822,8.71,8.83,8.09,8.37,392131.55,328458.785
002174.SZ,20230822,12.6,13.1,12.46,13.04,417190.34,532056.629
002175.SZ,20230822,2.84,2.87,2.8,2.86,176424.6,49954.39
002176.SZ,20230822,9.74,9.85,9.34,9.58,421757.95,402535.185
002177.SZ,20230822,4.6,4.73,4.59,4.73,700662.0,327297.658
002178.SZ,20230822,3.8,4.19,3.8,4.19,398876.92,164802.934
002179.SZ,20230822,42.71,43.94,42.65,43.86,93948.63,408617.909
002180.SZ,20230822,29.89,30.37,29.0,30.21,127094.34,376126.94
002181.SZ,20230822,4.65,4.78,4.61,4.77,114708.19,54133.452
002182.SZ,20230822,20.36,20.68,19.59,20.34,78509.57,158243.358
002183.SZ,20230822,4.82,4.84,4.7,4.77,250903.46,119108.228
002184.SZ,20230822,13.68,13.93,13.44,13.93,48730.98,66666.802
002185.SZ,20230822,8.83,8.88,8.65,8.83,134700.2,118052.823
002186.SZ,20230822,12.46,12.55,12.08,12.41,82931.0,101730.055
002187.SZ,20230822,6.98,6.98,6.79,6.88,33371.0,22904.655
002839.SZ,20230822,4.59,4.67,4.56,4.6,185740.8,85640.052
002840.SZ,20230822,15.02,15.13,14.69,14.85,31553.0,47036.482
002841.SZ,20230822,53.75,54.8,52.98,54.58,26208.15,140907.487
002842.SZ,20230822,8.38,8.56,8.25,8.4,27326.84,22870.195
002843.SZ,20230822,17.18,17.57,17.01,17.42,19690.0,34092.925
002845.SZ,20230822,14.28,14.5,14.08,14.49,50352.8,72112.15
002846.SZ,20230822,10.94,11.11,10.7,10.94,52733.71,57378.743
002847.SZ,20230822,77.11,77.7,75.2,76.41,9007.05,68761.303
002848.SZ,20230822,9.7,9.78,9.51,9.72,45497.0,44084.556
002849.SZ,20230822,14.83,15.18,14.42,15.04,27716.3,40976.58
002850.SZ,20230822,118.52,119.87,115.58,118.16,14899.45,174859.622
002851.SZ,20230822,30.7,30.88,29.9,30.66,24027.49,72989.325
002852.SZ,20230822,11.34,11.51,11.18,11.43,58405.0,66189.103
002853.SZ,20230822,17.68,17.88,17.01,17.28,7996.0,13784.101
002855.SZ,20230822,9.66,9.73,9.39,9.55,16551.0,15793.965
002856.SZ,20230822,10.71,10.76,10.39,10.55,25335.0,26706.138
002857.SZ,20230822,19.51,19.79,18.73,18.93,10048.0,19120.532
002858.SZ,20230822,18.28,18.8,18.08,18.65,49404.0,91352.53
002859.SZ,20230822,26.83,27.5,25.99,26.54,30446.46,80512.189
002860.SZ,20230822,13.25,13.38,12.77,13.06,60862.88,79365.916
002861.SZ,20230822,11.51,11.59,11.18,11.36,24388.7,27717.303
002862.SZ,20230822,18.01,18.14,17.42,17.68,10518.0,18631.033
002863.SZ,20230822,5.79,5.88,5.68,5.78,52947.0,30550.974
002864.SZ,20230822,33.75,34.19,32.9,33.62,23882.27,79519.12
002865.SZ,20230822,92.88,93.38,90.45,92.96,55169.4,505866.386
002866.SZ,20230822,21.5,21.82,20.78,21.3,59020.46,125021.436
002867.SZ,20230822,15.51,15.85,15.3,15.51,36346.94,56212.458
002868.SZ,20230822,29.07,29.25,28.33,28.98,7507.0,21594.211
002869.SZ,20230822,16.54,16.96,16.41,16.89,45181.0,75176.796
002870.SZ,20230822,30.87,31.65,29.86,30.66,22457.0,68954.029
002871.SZ,20230822,11.69,11.9,11.32,11.51,13961.73,16051.369
002872.SZ,20230822,5.1,5.13,4.98,5.07,15011.0,7556.701
002873.SZ,20230822,11.71,11.8,11.38,11.56,24818.93,28577.372
002875.SZ,20230822,12.44,12.59,12.09,12.36,56014.59,68740.736
002876.SZ,20230822,30.38,31.1,29.8,30.89,23744.3,72291.437
002877.SZ,20230822,10.15,10.33,10.01,10.32,69361.62,70612.518
002878.SZ,20230822,15.72,15.93,15.4,15.7,22737.0,35525.204
002879.SZ,20230822,14.85,15.05,14.5,14.86,33142.87,49033.902
002880.SZ,20230822,34.42,34.74,33.29,33.93,14633.54,49411.262
002881.SZ,20230822,27.26,27.78,27.2,27.75,18328.31,50353.001
002882.SZ,20230822,13.33,13.6,13.1,13.6,39108.3,52172.325
300494.SZ,20230822,14.85,15.08,14.37,15.04,406651.42,597067.154
300495.SZ,20230822,2.31,2.4,2.2,2.24,219473.5,50503.798
300496.SZ,20230822,81.0,81.46,77.9,80.78,79807.63,635112.169
300497.SZ,20230822,12.59,12.82,10.88,11.3,262316.37,300367.328
300498.SZ,20230822,16.96,17.12,16.77,16.98,138721.88,235146.735
300499.SZ,20230822,13.56,13.9,13.36,13.88,128383.05,175836.477
300500.SZ,20230822,17.71,17.99,17.37,17.84,35493.34,62812.077
300501.SZ,20230822,14.8,14.92,14.43,14.64,19517.0,28544.688
300502.SZ,20230822,49.2,50.25,47.23,49.96,459066.18,2240787.777
300503.SZ,20230822,18.15,18.61,17.71,18.32,531578.12,964468.422
300504.SZ,20230822,16.75,17.15,16.6,17.15,23382.0,39522.324
300505.SZ,20230822,16.54,16.85,16.1,16.46,34760.2,56892.279
300506.SZ,20230822,6.88,6.93,6.62,6.79,82943.78,55855.427
300507.SZ,20230822,5.76,5.8,5.63,5.79,91550.03,52439.369
300508.SZ,20230822,28.63,29.43,28.45,29.32,16898.36,48991.291
300509.SZ,20230822,6.83,6.96,6.65,6.76,37745.6,25486.229
300510.SZ,20230822,6.76,6.86,6.48,6.72,420987.72,279616.518
300511.SZ,20230822,7.09,7.16,6.89,7.01,140733.2,98496.359
300512.SZ,20230822,8.02,8.05,7.8,7.96,25389.5,20137.609
300513.SZ,20230822,13.0,13.4,12.96,13.4,52887.4,69634.889
300514.SZ,20230822,12.25,12.39,12.02,12.37,37622.0,46112.769
300515.SZ,20230822,13.0,13.17,12.68,13.02,27336.0,35448.789
300516.SZ,20230822,29.39,30.25,29.36,30.15,20166.0,60255.921
300517.SZ,20230822,13.22,13.29,12.86,13.18,16476.0,21503.421
300518.SZ,20230822,19.09,19.46,18.76,19.24,14088.44,26850.671
300519.SZ,20230822,15.62,15.85,15.05,15.33,20552.88,31475.335
300520.SZ,20230822,19.46,19.98,19.2,19.94,60118.61,118126.967
300521.SZ,20230822,13.29,13.37,12.66,12.96,27376.4,35416.866
300522.SZ,20230822,10.74,10.78,10.4,10.63,31328.8,33102.032
300523.SZ,20230822,22.08,22.82,21.93,22.73,40489.86,91142.706
300525.SZ,20230822,15.96,16.54,15.9,16.47,74739.86,121336.029
300527.SZ,20230822,8.16,8.44,8.16,8.33,104637.72,86869.284
300528.SZ,20230822,11.93,12.6,11.61,12.55,327629.62,398084.185
300529.SZ,20230822,21.79,22.0,20.95,21.22,73740.51,156593.048
300530.SZ,20230822,19.97,20.27,19.3,19.6,5380.58,10551.066
300531.SZ,20230822,13.71,13.94,13.56,13.91,39733.0,54728.27
300532.SZ,20230822,18.78,19.28,18.67,19.24,166635.67,315454.719
300533.SZ,20230822,31.48,32.72,31.29,32.6,71683.6,229627.887
300534.SZ,20230822,9.49,9.57,9.15,9.34,94525.0,88070.57
300535.SZ,20230822,15.12,15.26,14.73,14.99,14681.4,21958.236
300536.SZ,20230822,15.0,15.14,14.33,14.5,71307.75,104302.371
301196.SZ,20230822,34.0,34.24,32.95,33.51,7063.27,23595.73
301197.SZ,20230822,21.65,21.95,21.32,21.91,15735.8,34118.766
301198.SZ,20230822,14.21,14.26,13.48,13.89,45564.94,62655.385
301199.SZ,20230822,26.73,26.8,25.68,26.4,20584.0,53942.915
301200.SZ,20230822,36.81,37.3,36.23,37.01,5761.0,21145.142
301201.SZ,20230822,25.35,25.53,23.9,24.43,38856.78,95290.017
301202.SZ,20230822,44.52,48.33,42.8,47.58,182113.86,828417.887
301203.SZ,20230822,63.17,67.98,55.49,58.58,149025.12,909605.686
301205.SZ,20230822,108.44,108.66,103.25,107.5,45662.75,482330.773
301206.SZ,20230822,29.87,30.09,29.26,29.61,6968.06,20649.483
301207.SZ,20230822,30.8,30.89,29.78,30.3,20709.47,62397.844
301208.SZ,20230822,57.54,59.7,52.65,55.7,161049.32,905952.64
301209.SZ,20230822,25.69,26.75,25.19,26.03,41461.0,107724.982
301210.SZ,20230822,50.0,50.79,47.72,48.72,57561.66,282360.094
301211.SZ,20230822,23.74,23.9,22.63,23.21,52913.98,122137.288
301212.SZ,20230822,34.38,34.38,31.96,32.42,21630.0,70862.138
301213.SZ,20230822,54.51,67.57,54.5,62.74,129912.03,812509.924
301215.SZ,20230822,6.09,6.2,5.99,6.19,88209.79,53827.494
301216.SZ,20230822,15.3,15.36,14.88,15.07,31586.55,47650.559
301217.SZ,20230822,12.8,12.9,12.5,12.74,40755.11,51611.692
301218.SZ,20230822,58.94,62.95,57.35,60.1,264309.43,1579596.861
301219.SZ,20230822,37.16,37.77,36.1,36.62,33005.66,121065.744
301220.SZ,20230822,34.27,35.36,33.9,34.35,5908.78,20357.435
301221.SZ,20230822,57.8,58.49,55.81,58.35,29112.96,166218.188
301222.SZ,20230822,28.15,28.66,27.43,28.01,9771.58,27384.089
301223.SZ,20230822,19.95,19.98,18.89,19.4,37020.89,71815.785
301225.SZ,20230822,37.32,37.57,34.54,35.5,53151.7,189608.152
301226.SZ,20230822,22.97,23.24,22.43,23.19,16750.24,38240.048
301227.SZ,20230822,31.85,32.0,30.86,31.12,15831.23,49528.171
301228.SZ,20230822,17.2,17.69,16.83,17.68,59924.8,103694.485
301229.SZ,20230822,34.0,34.76,32.92,33.88,22992.0,77587.424
301230.SZ,20230822,46.36,46.63,44.51,45.66,15634.15,71082.344
301231.SZ,20230822,30.96,33.51,30.9,32.64,49129.12,159520.288
301232.SZ,20230822,60.9,61.53,56.99,58.87,22777.79,135113.67
301233.SZ,20230822,39.81,42.88,39.81,41.8,29232.23,120904.773
301234.SZ,20230822,38.15,38.8,36.46,37.1,61171.5,228777.415
301235.SZ,20230822,23.11,23.34,22.38,22.85,35862.71,81356.509
301236.SZ,20230822,22.4,22.74,21.94,22.49,110764.41,247389.4
301237.SZ,20230822,28.76,28.83,27.72,28.27,6385.18,17966.621
301238.SZ,20230822,18.8,18.99,18.11,18.51,38610.36,71290.081
301239.SZ,20230822,93.68,94.78,90.69,93.65,10008.12,92843.928
600397.SH,20230822,3.06,3.08,3.01,3.04,98627.0,29981.258
600398.SH,20230822,7.06,7.11,6.97,7.05,121801.49,85588.058
600399.SH,20230822,9.34,9.48,8.93,9.06,346579.17,316214.746
600400.SH,20230822,3.23,3.25,3.14,3.19,132711.61,42257.834
600403.SH,20230822,4.16,4.17,4.07,4.12,43637.0,17979.516
600405.SH,20230822,5.52,5.53,5.27,5.41,80715.78,43404.133
600406.SH,20230822,22.85,23.33,22.85,23.11,170078.49,392566.942
600408.SH,20230822,2.35,2.39,2.31,2.34,81365.0,19010.569
600409.SH,20230822,5.92,6.08,5.9,5.99,203462.12,121486.498
600410.SH,20230822,6.93,7.06,6.84,7.06,253243.96,176140.318
600415.SH,20230822,8.4,8.74,8.28,8.7,1211899.9,1034242.849
600416.SH,20230822,16.4,16.55,16.21,16.53,56663.0,92808.438
600418.SH,20230822,12.27,12.35,11.93,12.27,420371.5,510990.682
600419.SH,20230822,14.84,14.94,14.38,14.58,47734.95,69303.591
600420.SH,20230822,10.0,10.07,9.86,10.0,86482.63,85965.556
600421.SH,20230822,9.7,9.72,9.39,9.57,12694.0,12082.894
600422.SH,20230822,16.1,16.19,15.63,16.0,83022.58,131505.816
600423.SH,20230822,3.31,3.32,3.17,3.23,48557.92,15611.88
600425.SH,20230822,4.68,4.95,4.68,4.9,532531.96,257665.508
600426.SH,20230822,32.5,32.77,32.24,32.62,93474.84,304764.086
600428.SH,20230822,5.97,5.98,5.76,5.86,290031.11,169624.864
600429.SH,20230822,5.26,5.33,5.23,5.3,74424.35,39250.43
600433.SH,20230822,3.54,3.54,3.43,3.49,84093.08,29277.38
600435.SH,20230822,10.55,10.75,10.34,10.66,196949.81,208335.736
600436.SH,20230822,281.1,282.46,276.0,279.68,14225.59,396932.34
600438.SH,20230822,31.92,32.18,30.62,31.5,382095.8,1193853.455
600439.SH,20230822,2.63,2.64,2.55,2.57,87092.4,22457.334
600444.SH,20230822,13.02,13.16,12.6,12.85,16857.1,21554.157
600446.SH,20230822,13.82,14.18,13.68,14.11,232015.61,323047.3
600448.SH,20230822,3.18,3.2,3.08,3.13,132032.8,41351.926
600449.SH,20230822,15.43,15.65,15.3,15.56,57303.84,88655.241
600452.SH,20230822,13.68,13.86,13.09,13.4,186555.09,249364.616
600455.SH,20230822,23.58,23.74,22.88,23.39,22148.26,51648.115
600456.SH,20230822,30.34,30.75,29.75,30.0,34953.74,105329.168
600458.SH,20230822,10.4,10.4,10.13,10.25,54036.16,55231.635
600459.SH,20230822,14.2,14.27,13.96,14.21,48704.57,68743.997
600460.SH,20230822,25.3,25.42,24.15,24.93,269977.47,665016.52
600461.SH,20230822,8.58,8.7,8.36,8.65,133821.33,114004.793
600462.SH,20230822,2.22,2.22,2.14,2.17,85787.0,18583.189
600463.SH,20230822,8.92,9.09,8.8,8.97,17850.01,15966.313
600467.SH,20230822,2.5,2.55,2.47,2.5,313532.88,78646.295
601898.SH,20230822,8.07,8.17,8.03,8.15,111185.96,90053.718
601899.SH,20230822,12.08,12.48,12.08,12.41,1657776.33,2045267.562
601900.SH,20230822,17.19,18.33,17.19,18.13,271233.97,481910.821
601901.SH,20230822,7.39,7.48,7.28,7.45,517464.18,382012.966
601908.SH,20230822,4.97,5.02,4.83,4.94,187556.59,91980.35
601916.SH,20230822,2.62,2.64,2.61,2.64,1085977.22,285041.415
601918.SH,20230822,4.18,4.22,4.15,4.19,144301.84,60351.665
601919.SH,20230822,9.35,9.42,9.3,9.38,343133.89,321136.702
601921.SH,20230822,7.95,8.25,7.93,8.23,163881.48,133070.739
601928.SH,20230822,10.02,10.63,10.02,10.6,237952.36,246746.751
601929.SH,20230822,1.93,1.98,1.91,1.97,582876.12,113458.342
601933.SH,20230822,3.35,3.36,3.29,3.36,668895.23,222431.815
601939.SH,20230822,5.95,6.0,5.92,5.99,672184.12,400975.435
601949.SH,20230822,9.73,10.53,9.7,10.42,622162.17,635050.492
601952.SH,20230822,12.0,12.12,11.87,12.07,67277.14,80590.708
601956.SH,20230822,5.71,5.74,5.6,5.68,41571.0,23550.724
601958.SH,20230822,10.87,10.98,10.6,10.81,233189.76,251077.906
601963.SH,20230822,8.03,8.2,7.98,8.04,49977.9,40335.2
601965.SH,20230822,21.31,21.53,20.67,21.25,25673.08,54138.008
601966.SH,20230822,21.83,22.19,21.43,21.98,88185.22,192556.661
601968.SH,20230822,6.54,6.76,6.51,6.66,65141.0,43136.565
601969.SH,20230822,6.54,6.6,6.45,6.55,63003.0,41084.639
601975.SH,20230822,3.36,3.37,3.23,3.34,2192253.05,724889.139
601985.SH,20230822,7.24,7.31,7.21,7.26,446852.1,324477.019
601988.SH,20230822,3.73,3.79,3.73,3.79,1361137.86,512302.74
601989.SH,20230822,4.32,4.4,4.31,4.39,666169.48,290362.486
601990.SH,20230822,8.63,8.7,8.47,8.67,429935.28,369177.971
601991.SH,20230822,2.9,2.92,2.86,2.89,473171.07,136651.394
601992.SH,20230822,2.3,2.32,2.28,2.31,437095.2,100524.715
601995.SH,20230822,40.05,42.68,40.05,41.8,495795.87,2063829.262
601996.SH,20230822,2.59,2.59,2.48,2.52,121880.0,30703.044
601997.SH,20230822,5.75,5.77,5.65,5.7,325012.18,185099.539
601998.SH,20230822,5.51,5.54,5.48,5.54,242941.27,133889.496
601999.SH,20230822,6.38,6.57,6.3,6.57,149079.26,96213.886
603000.SH,20230822,33.87,36.49,33.77,36.49,1223935.36,4299076.22
603001.SH,20230822,5.81,5.82,5.68,5.77,27709.0,15875.633
603002.SH,20230822,5.63,5.71,5.56,5.7,58918.0,33196.321
603003.SH,20230822,8.77,8.96,8.63,8.88,64693.0,56796.518
603005.SH,20230822,18.97,19.28,18.7,19.21,138908.26,263942.39
603006.SH,20230822,11.01,11.09,10.74,10.95,18078.0,19729.556
603007.SH,20230822,4.83,4.91,4.63,4.69,42527.5,20193.483
605188.SH,20230822,9.72,9.8,9.5,9.75,82038.0,79194.306
605189.SH,20230822,16.06,16.22,15.54,15.71,11631.8,18344.185
605196.SH,20230822,7.96,8.06,7.82,8.05,125595.3,99694.481
605198.SH,20230822,18.86,19.26,18.65,18.93,7928.7,14952.719
605199.SH,20230822,14.48,14.58,13.99,14.14,42534.67,60120.323
605208.SH,20230822,8.83,8.9,8.6,8.8,33604.63,29288.147
605218.SH,20230822,13.95,14.02,13.61,13.97,17063.9,23557.797
605222.SH,20230822,18.29,18.45,17.65,18.11,28978.98,52112.808
605228.SH,20230822,9.37,9.57,9.31,9.51,27249.0,25717.599
605255.SH,20230822,15.73,15.73,15.04,15.3,12173.0,18702.082
605258.SH,20230822,24.65,25.46,24.41,25.09,23945.0,59821.047
605259.SH,20230822,24.79,25.08,24.29,24.66,7592.2,18710.253
605266.SH,20230822,56.15,56.15,54.31,54.99,4488.84,24756.788
605268.SH,20230822,10.32,10.43,10.09,10.2,24405.42,24941.353
605277.SH,20230822,13.42,13.82,13.26,13.67,35317.05,47774.482
605286.SH,20230822,24.59,24.93,23.74,24.34,13876.0,33529.55
605287.SH,20230822,18.6,18.8,18.03,18.38,29579.47,54290.383
605288.SH,20230822,39.3,39.4,37.52,38.11,5830.6,22232.774
605289.SH,20230822,32.16,32.86,31.69,32.7,11009.99,35520.425
605296.SH,20230822,22.52,22.63,21.93,22.2,6823.9,15141.676
605298.SH,20230822,15.1,15.17,14.7,15.05,19043.6,28439.109
605299.SH,20230822,11.65,11.72,11.38,11.6,26218.0,30244.539
605300.SH,20230822,20.68,20.77,20.1,20.57,10645.08,21796.8
605303.SH,20230822,12.13,12.13,11.6,11.89,31269.0,36986.053
605305.SH,20230822,31.98,32.22,31.41,32.22,19805.57,63191.539
605318.SH,20230822,15.5,16.8,15.07,16.8,9870.41,15378.758
605319.SH,20230822,16.78,17.47,16.36,17.06,127353.33,219007.027
605333.SH,20230822,13.54,13.67,13.15,13.38,19583.72,26190.404
605336.SH,20230822,16.23,16.33,15.83,16.02,8810.2,14128.209
605337.SH,20230822,17.04,17.14,16.46,16.71,22564.72,37622.21
605338.SH,20230822,23.21,23.42,22.65,23.06,8819.0,20244.162
605339.SH,20230822,19.25,19.43,18.65,18.97,14702.0,27779.951
605358.SH,20230822,32.44,32.75,31.69,32.52,62920.32,202501.022
605365.SH,20230822,14.76,14.9,14.38,14.59,8150.0,11895.069
605366.SH,20230822,7.88,7.92,7.6,7.79,34968.61,27016.45
605368.SH,20230822,9.91,10.08,9.8,9.94,68682.76,68328.066
605369.SH,20230822,52.29,54.0,51.13,52.12,10316.71,53759.595
605376.SH,20230822,30.3,30.8,29.95,30.64,20025.92,60832.358
605377.SH,20230822,20.12,20.12,19.5,19.77,11784.8,23251.888
605378.SH,20230822,21.79,22.23,21.1,21.63,7365.0,15823.823
605388.SH,20230822,12.65,12.73,12.33,12.51,25156.21,31366.016
000058.SZ,20230822,6.45,6.54,6.38,6.5,51596.0,33313.082
000059.SZ,20230822,6.06,6.09,5.98,6.05,70675.52,42663.106
000060.SZ,20230822,5.3,5.38,5.23,5.36,448601.69,238266.482
000061.SZ,20230822,6.74,6.85,6.72,6.82,55313.04,37599.557
000062.SZ,20230822,11.2,11.25,11.01,11.19,29197.92,32481.648
000063.SZ,20230822,35.1,36.5,34.7,36.33,844791.75,3003804.317
000065.SZ,20230822,16.2,16.63,16.12,16.48,171973.72,281822.865
000066.SZ,20230822,11.22,11.47,11.1,11.44,358804.61,404640.358
000068.SZ,20230822,3.76,3.82,3.71,3.78,176090.01,66034.504
000069.SZ,20230822,4.47,4.51,4.42,4.46,245531.4,109354.904
000070.SZ,20230822,7.59,7.8,7.57,7.78,147605.92,113534.311
000078.SZ,20230822,3.11,3.13,3.05,3.09,174550.41,53801.786
000088.SZ,20230822,4.98,5.0,4.89,4.93,54075.56,26697.923
000089.SZ,20230822,7.07,7.07,6.85,6.94,167566.2,116158.416
000090.SZ,20230822,6.3,6.49,6.15,6.39,710143.69,448497.506
000096.SZ,20230822,8.45,8.48,8.24,8.28,10828.0,9020.394
000099.SZ,20230822,8.52,8.7,8.48,8.68,128045.4,110049.011
000100.SZ,20230822,3.85,3.99,3.85,3.96,2161708.67,847471.848
000151.SZ,20230822,12.74,12.92,12.26,12.68,107259.08,135155.584
000153.SZ,20230822,8.95,9.02,8.8,8.94,35707.0,31712.795
000155.SZ,20230822,13.27,13.39,12.63,12.94,147252.33,190234.635
000156.SZ,20230822,8.49,8.62,8.45,8.59,64906.29,55424.946
000157.SZ,20230822,6.3,6.36,6.22,6.31,232152.7,145781.546
000158.SZ,20230822,6.75,6.88,6.68,6.88,470592.19,319237.837
000159.SZ,20230822,6.46,6.55,6.27,6.35,41896.37,26593.889
000166.SZ,20230822,4.68,4.71,4.62,4.69,1044391.21,486839.3
000301.SZ,20230822,11.42,11.54,11.18,11.39,231288.96,261413.576
000333.SZ,20230822,54.3,54.68,53.41,54.37,230542.76,1249497.364
000338.SZ,20230822,11.98,12.1,11.82,11.96,258673.78,309144.77
000400.SZ,20230822,18.95,19.17,18.75,19.0,74719.61,141556.29
000401.SZ,20230822,7.92,8.0,7.85,7.94,88053.06,69700.129
000402.SZ,20230822,4.77,4.8,4.71,4.75,102848.64,48817.08
000403.SZ,20230822,17.79,17.95,17.53,17.8,22648.36,40194.356
000404.SZ,20230822,6.06,6.09,5.95,6.07,117151.93,70569.784
000407.SZ,20230822,3.75,3.77,3.61,3.67,150583.0,55282.688
000408.SZ,20230822,23.36,23.55,23.08,23.34,47215.94,110121.648
000409.SZ,20230822,8.19,8.31,8.09,8.28,60320.66,49526.803
000410.SZ,20230822,7.34,7.41,7.21,7.38,51568.0,37695.235
000411.SZ,20230822,11.98,12.06,11.44,11.66,193639.76,226234.307
000413.SZ,20230822,1.81,1.84,1.79,1.82,482228.42,87385.02
000415.SZ,20230822,2.64,2.69,2.63,2.67,388622.0,103289.304
002188.SZ,20230822,6.33,6.37,6.18,6.27,52387.0,32876.176
002189.SZ,20230822,15.1,15.27,14.86,15.21,22159.0,33334.382
002190.SZ,20230822,20.83,20.97,20.2,20.73,37777.3,77712.656
002191.SZ,20230822,6.5,6.55,6.38,6.47,96569.09,62224.699
002192.SZ,20230822,53.96,54.69,51.7,53.06,57414.69,303356.501
002193.SZ,20230822,7.04,7.1,6.74,6.8,307981.63,211145.284
002194.SZ,20230822,9.02,9.12,8.83,9.1,88750.4,79914.652
002195.SZ,20230822,2.94,2.99,2.92,2.99,740971.37,219615.164
002196.SZ,20230822,6.48,6.6,6.36,6.49,106779.0,68866.155
002197.SZ,20230822,9.8,10.07,9.79,10.06,226004.32,224769.69
002198.SZ,20230822,6.85,6.97,6.73,6.95,53857.58,36751.294
002199.SZ,20230822,8.04,8.08,7.8,7.96,62468.0,49373.043
002200.SZ,20230822,8.15,8.15,7.98,8.15,8095.0,6524.398
002201.SZ,20230822,9.18,9.18,8.88,9.04,51833.96,46865.737
002202.SZ,20230822,10.34,10.36,9.83,10.01,493914.55,493246.018
002203.SZ,20230822,11.66,11.69,11.43,11.51,40839.52,47180.969
002204.SZ,20230822,4.78,4.82,4.7,4.76,142088.0,67475.572
002205.SZ,20230822,10.6,10.71,10.39,10.55,51211.0,53924.862
002206.SZ,20230822,5.24,5.3,5.11,5.16,75919.61,39292.316
002207.SZ,20230822,7.02,7.15,6.84,6.93,38895.0,26933.854
002208.SZ,20230822,6.98,7.04,6.87,6.95,90017.69,62530.263
002209.SZ,20230822,9.01,9.18,8.76,8.92,30220.0,26827.027
002210.SZ,20230822,2.05,2.05,1.96,2.0,343246.29,68517.778
002211.SZ,20230822,3.82,3.84,3.69,3.81,87864.0,33099.275
002212.SZ,20230822,9.66,9.83,9.44,9.7,160899.66,154911.828
002213.SZ,20230822,13.8,13.99,13.49,13.88,32074.0,44037.835
002214.SZ,20230822,11.66,11.8,11.4,11.65,29293.97,33945.852
002215.SZ,20230822,6.46,6.57,6.37,6.49,124967.0,80654.593
002216.SZ,20230822,15.62,15.69,14.29,14.58,166383.74,244292.62
002217.SZ,20230822,2.92,2.97,2.88,2.97,251220.08,73691.237
002218.SZ,20230822,4.45,4.46,4.31,4.38,87604.03,38214.796
002219.SZ,20230822,3.74,3.76,3.59,3.65,266450.0,96978.137
002221.SZ,20230822,10.77,10.82,10.49,10.62,140716.64,149494.711
002222.SZ,20230822,24.2,24.6,23.92,24.5,85106.9,206645.821
002223.SZ,20230822,33.99,34.21,33.3,33.95,73617.79,248675.146
002224.SZ,20230822,4.97,5.02,4.9,5.02,36808.0,18221.79
002225.SZ,20230822,3.8,3.81,3.71,3.74,71375.47,26745.321
002226.SZ,20230822,5.01,5.08,4.95,4.99,78567.6,39239.216
002227.SZ,20230822,12.48,12.57,12.21,12.51,15070.0,18670.662
002228.SZ,20230822,3.31,3.31,3.2,3.23,68950.0,22345.496
002229.SZ,20230822,45.29,45.29,44.0,45.29,979338.95,4409430.582
002883.SZ,20230822,11.82,11.89,11.56,11.76,22928.8,26879.096
002884.SZ,20230822,15.78,15.81,15.33,15.67,6720.4,10435.542
002885.SZ,20230822,17.25,17.5,16.72,17.15,56295.99,95909.787
002886.SZ,20230822,17.12,17.32,16.65,17.1,27136.1,45944.73
002887.SZ,20230822,9.95,9.95,9.38,9.68,225231.41,215775.576
002888.SZ,20230822,13.64,13.84,13.24,13.66,16371.4,22149.455
002889.SZ,20230822,18.58,18.8,18.2,18.47,15451.8,28410.134
002890.SZ,20230822,14.23,14.39,12.9,13.53,49070.02,65519.148
002891.SZ,20230822,23.77,23.98,23.2,23.43,23169.02,54505.585
002892.SZ,20230822,11.43,11.55,11.16,11.54,135071.7,153597.965
002893.SZ,20230822,12.1,12.31,11.89,12.21,62925.47,75968.619
002895.SZ,20230822,17.68,17.92,16.92,17.32,97159.1,168180.687
002896.SZ,20230822,33.21,34.07,32.82,34.06,168536.0,565484.398
002897.SZ,20230822,34.07,34.57,33.27,34.16,26190.14,88617.144
002898.SZ,20230822,11.65,11.75,11.01,11.3,140927.21,159157.986
002899.SZ,20230822,15.41,15.59,15.12,15.32,27053.0,41481.853
002900.SZ,20230822,13.15,13.24,12.76,13.01,23906.5,30914.606
002901.SZ,20230822,29.45,29.99,29.0,29.76,11152.2,32917.972
002902.SZ,20230822,23.02,23.47,22.4,23.4,355818.18,814473.86
002903.SZ,20230822,19.15,19.45,18.73,19.42,27173.0,51839.087
002905.SZ,20230822,11.08,11.41,10.98,11.33,150544.0,168814.474
002906.SZ,20230822,29.45,29.65,28.48,29.4,70350.98,204346.496
002907.SZ,20230822,16.67,17.07,16.22,16.54,147563.78,244141.386
002908.SZ,20230822,13.03,14.1,12.95,14.1,267164.32,362501.954
002909.SZ,20230822,7.79,7.8,7.5,7.62,36992.0,28163.191
002910.SZ,20230822,11.13,11.21,10.82,11.01,32190.0,35306.502
002911.SZ,20230822,12.2,12.23,12.03,12.11,28569.52,34623.65
002912.SZ,20230822,36.33,39.2,36.32,38.8,70969.47,268950.336
002913.SZ,20230822,31.03,31.57,29.73,30.79,38458.39,116958.383
002915.SZ,20230822,14.43,14.46,13.8,14.2,33196.34,46655.41
002916.SZ,20230822,65.92,66.77,61.19,63.79,96596.87,610654.144
002917.SZ,20230822,10.02,10.08,9.67,9.9,51370.5,50633.918
002918.SZ,20230822,18.08,18.29,17.71,18.12,40845.0,73393.988
002919.SZ,20230822,34.3,34.3,32.71,33.87,50646.9,168346.353
002920.SZ,20230822,141.22,146.7,139.71,145.46,53384.41,765566.086
002921.SZ,20230822,14.25,14.53,13.91,14.22,20396.2,28907.909
002922.SZ,20230822,13.41,13.54,13.21,13.54,32440.15,43427.471
002923.SZ,20230822,11.88,12.02,11.65,11.89,28088.39,33248.618
002925.SZ,20230822,17.64,17.86,17.21,17.54,42238.04,73749.124
002926.SZ,20230822,9.05,9.6,8.98,9.22,935913.4,866921.335
002927.SZ,20230822,13.03,14.2,12.91,14.2,140013.16,192300.624
300537.SZ,20230822,13.93,14.06,13.57,13.95,32455.16,44758.874
300538.SZ,20230822,14.38,14.52,14.04,14.46,16715.0,23870.068
300539.SZ,20230822,11.66,11.72,11.28,11.55,21470.6,24633.013
300540.SZ,20230822,22.17,22.56,21.73,22.2,17294.0,38103.294
300541.SZ,20230822,14.41,14.98,14.36,14.98,324293.51,475047.572
300542.SZ,20230822,15.22,16.38,14.51,16.32,543919.29,849983.665
300543.SZ,20230822,9.03,9.11,8.73,8.91,17995.06,16000.627
300545.SZ,20230822,23.08,24.22,23.03,24.18,57745.01,136562.028
300546.SZ,20230822,18.0,18.25,17.66,18.23,45250.15,81557.96
300547.SZ,20230822,14.21,14.47,13.89,14.35,21226.44,30062.547
300548.SZ,20230822,30.22,30.8,29.4,30.8,260651.99,781714.951
300549.SZ,20230822,23.06,26.4,22.5,25.59,222393.83,548149.789
300550.SZ,20230822,14.48,14.66,14.17,14.54,13646.79,19618.745
300551.SZ,20230822,24.7,25.2,20.0,23.83,197010.11,454368.298
300552.SZ,20230822,18.63,18.69,18.0,18.6,25528.2,46774.798
300553.SZ,20230822,49.09,49.71,47.71,48.87,5626.21,27454.479
300554.SZ,20230822,18.07,18.29,17.4,18.14,31669.85,56295.918
300555.SZ,20230822,6.67,6.7,6.53,6.64,17476.88,11577.239
300556.SZ,20230822,22.51,23.17,22.4,23.11,62404.52,143051.987
300557.SZ,20230822,34.94,35.52,33.92,35.06,7430.0,25687.17
300558.SZ,20230822,44.95,45.48,44.16,45.07,20065.69,90050.111
300559.SZ,20230822,14.11,15.89,14.11,15.49,111452.98,167645.254
300560.SZ,20230822,16.66,18.29,16.66,17.92,207683.25,366545.854
300561.SZ,20230822,12.81,14.1,12.81,13.72,291416.77,394793.791
300562.SZ,20230822,10.09,10.49,9.73,10.02,110525.2,110128.804
300563.SZ,20230822,13.65,13.87,13.41,13.74,29805.0,40702.505
300564.SZ,20230822,13.25,13.46,13.08,13.39,29630.6,39339.122
300565.SZ,20230822,14.86,15.06,14.19,14.63,94951.08,137831.757
300566.SZ,20230822,15.4,15.62,15.18,15.56,31788.37,48982.621
300567.SZ,20230822,86.03,86.96,83.44,86.2,20459.5,174293.701
300568.SZ,20230822,14.85,14.93,14.29,14.51,189359.24,274285.231
300569.SZ,20230822,7.52,7.54,7.25,7.37,68697.11,50615.595
300570.SZ,20230822,37.2,37.48,34.95,37.1,209271.0,753793.367
300571.SZ,20230822,31.51,32.45,31.12,32.27,15883.0,50631.335
300572.SZ,20230822,15.89,16.04,15.41,15.79,47582.64,74608.195
300573.SZ,20230822,169.21,170.66,166.1,169.83,6799.67,114372.046
300575.SZ,20230822,10.12,10.27,9.96,10.18,16979.5,17129.116
300576.SZ,20230822,33.39,34.47,33.16,34.46,82769.77,280411.845
300577.SZ,20230822,15.34,15.34,14.71,14.98,11545.0,17316.478
300578.SZ,20230822,18.32,18.84,18.15,18.8,24281.0,44978.509
300579.SZ,20230822,31.51,32.46,31.14,32.42,92025.91,293382.991
301246.SZ,20230822,31.48,31.66,29.88,30.42,39921.2,122080.751
301248.SZ,20230822,20.8,21.86,20.8,21.83,87097.49,186735.873
301252.SZ,20230822,53.99,54.72,50.81,54.02,62743.27,333102.574
301255.SZ,20230822,54.09,59.2,53.51,57.5,145236.19,820099.509
301256.SZ,20230822,9.05,9.34,8.85,9.13,150820.76,137521.739
301257.SZ,20230822,53.1,53.97,51.15,52.78,10346.4,53954.827
301258.SZ,20230822,39.82,39.9,36.6,37.1,66598.84,250396.658
301259.SZ,20230822,16.08,16.12,15.21,15.7,100252.17,156719.395
301260.SZ,20230822,21.95,22.1,20.75,21.31,62918.15,134203.116
301261.SZ,20230822,45.68,45.96,41.8,43.26,59392.58,259087.767
301262.SZ,20230822,34.98,38.0,32.88,34.75,171590.72,604888.009
301263.SZ,20230822,18.44,18.54,17.99,18.47,18735.07,34179.325
301265.SZ,20230822,13.2,13.23,12.48,12.88,227208.64,291413.605
301266.SZ,20230822,53.3,53.92,51.85,53.7,8503.18,45022.626
301267.SZ,20230822,36.79,37.4,35.8,37.01,32780.35,119694.234
301268.SZ,20230822,31.05,31.09,29.8,30.75,18767.6,57022.917
301269.SZ,20230822,102.0,105.38,100.76,104.7,26227.26,271110.986
301270.SZ,20230822,44.05,46.93,43.73,46.87,41866.89,190791.012
301272.SZ,20230822,71.66,72.14,64.85,67.99,21428.84,146349.241
301273.SZ,20230822,33.49,33.9,31.03,31.96,39750.14,128310.964
301276.SZ,20230822,27.23,27.57,26.03,26.6,31475.02,83723.059
301277.SZ,20230822,22.95,22.98,21.6,22.02,133785.03,295875.129
301278.SZ,20230822,51.4,51.67,48.33,49.78,13420.36,66524.368
301279.SZ,20230822,24.96,25.51,24.58,25.06,9006.96,22417.468
301280.SZ,20230822,35.38,35.46,33.69,34.72,8602.61,29589.435
301281.SZ,20230822,54.0,54.42,47.0,48.9,99439.81,501114.568
301282.SZ,20230822,27.78,28.2,25.67,26.56,44756.17,118532.394
301283.SZ,20230822,37.83,37.95,34.0,36.0,33913.35,119643.31
301285.SZ,20230822,13.8,14.03,13.3,13.74,32958.07,44929.55
301286.SZ,20230822,28.01,28.28,27.41,28.28,4504.73,12562.437
301287.SZ,20230822,43.94,44.4,40.2,41.29,51967.58,218193.255
301288.SZ,20230822,26.0,29.9,24.35,26.55,176657.13,461590.533
301289.SZ,20230822,59.81,60.25,55.47,58.04,53338.67,307553.14
301290.SZ,20230822,32.32,32.48,29.91,30.85,30234.4,93489.718
301291.SZ,20230822,32.34,32.47,31.1,31.6,61404.02,193938.679
301292.SZ,20230822,24.99,25.34,23.38,23.95,95083.67,230501.015
301293.SZ,20230822,77.55,77.87,69.81,71.78,57230.4,415170.786
301295.SZ,20230822,39.5,39.5,37.06,37.5,48959.76,187084.458
301296.SZ,20230822,15.25,15.31,14.82,15.07,7128.99,10724.992
301297.SZ,20230822,19.96,20.33,19.6,20.28,45240.05,90865.956
301298.SZ,20230822,16.01,16.45,15.6,15.94,41265.9,65978.281
600468.SH,20230822,5.86,5.9,5.55,5.73,683726.93,389647.717
600469.SH,20230822,6.16,6.16,6.0,6.12,79423.0,48202.204
600470.SH,20230822,5.42,5.45,5.23,5.34,78271.0,41542.08
600475.SH,20230822,10.55,10.63,10.36,10.61,40931.36,42965.818
600476.SH,20230822,15.78,16.55,15.78,16.55,62713.5,101574.37
600477.SH,20230822,3.92,3.94,3.85,3.9,198021.63,76976.572
600478.SH,20230822,5.96,6.03,5.81,5.94,124624.59,73659.686
600479.SH,20230822,10.19,10.24,10.01,10.22,46832.21,47285.636
600480.SH,20230822,8.97,9.05,8.88,9.01,73327.18,65665.518
600481.SH,20230822,10.48,10.59,10.14,10.41,232191.43,239410.766
600482.SH,20230822,19.2,19.62,19.15,19.56,106783.45,207458.508
600483.SH,20230822,8.05,8.12,7.98,8.07,76355.62,61477.93
600486.SH,20230822,68.32,68.83,66.6,67.16,11566.26,77956.266
600487.SH,20230822,14.22,14.33,13.92,14.32,302316.86,427376.334
600488.SH,20230822,4.99,5.0,4.85,4.94,88562.0,43570.916
600489.SH,20230822,10.25,10.57,10.25,10.54,334053.88,349362.202
600490.SH,20230822,3.36,3.38,3.29,3.37,215778.98,72098.737
600491.SH,20230822,4.74,4.78,4.61,4.76,211610.16,99231.22
600493.SH,20230822,6.02,6.02,5.73,5.83,77749.6,45507.246
600495.SH,20230822,4.09,4.12,4.02,4.11,96271.38,39224.626
600496.SH,20230822,3.8,3.81,3.74,3.79,125328.71,47362.183
600497.SH,20230822,5.25,5.34,5.25,5.32,590044.6,312490.248
600498.SH,20230822,16.96,17.3,16.7,17.22,94723.91,160710.54
600499.SH,20230822,10.28,10.35,10.03,10.15,81477.78,82778.734
600500.SH,20230822,5.32,5.35,5.21,5.32,119311.4,63014.72
600501.SH,20230822,13.31,13.49,13.12,13.41,31098.12,41371.412
600502.SH,20230822,5.36,5.46,5.29,5.36,382287.65,204124.855
600503.SH,20230822,2.75,2.77,2.71,2.77,268399.27,73632.446
600505.SH,20230822,8.03,8.03,7.78,7.96,32084.0,25239.516
600506.SH,20230822,10.41,10.47,10.15,10.25,16197.0,16620.281
600507.SH,20230822,4.8,4.83,4.73,4.77,88658.25,42257.205
600508.SH,20230822,13.83,13.99,13.81,13.99,33255.28,46193.284
600509.SH,20230822,6.86,6.92,6.7,6.85,138049.97,93956.013
600510.SH,20230822,6.4,6.5,6.36,6.41,65446.0,42021.476
600511.SH,20230822,32.0,32.2,31.24,31.91,36116.05,114668.003
600512.SH,20230822,2.84,2.86,2.78,2.83,280565.0,78770.079
600513.SH,20230822,9.35,9.38,9.01,9.18,40543.87,37130.879
600515.SH,20230822,4.05,4.12,4.0,4.06,485246.77,197089.254
600516.SH,20230822,6.0,6.04,5.91,5.96,285692.62,170211.787
600517.SH,20230822,5.24,5.24,5.14,5.23,152005.48,78939.659
600518.SH,20230822,1.93,1.94,1.89,1.91,655094.61,125345.364
603008.SH,20230822,22.4,22.5,21.28,21.79,70308.59,152768.429
603009.SH,20230822,7.08,7.14,6.86,7.06,58585.5,41035.732
603010.SH,20230822,10.66,10.66,10.31,10.43,32722.26,34210.362
603011.SH,20230822,6.48,6.54,6.29,6.46,60364.97,38580.856
603012.SH,20230822,5.84,5.9,5.73,5.85,75276.0,43627.019
603013.SH,20230822,14.38,14.56,14.14,14.43,27208.0,38994.943
603015.SH,20230822,8.73,8.86,8.53,8.79,61465.0,53336.418
603016.SH,20230822,20.09,20.4,19.78,20.09,6813.0,13632.9
603017.SH,20230822,11.14,11.24,10.8,10.99,48126.0,52824.384
603018.SH,20230822,8.62,8.78,8.56,8.72,87601.69,75736.532
603019.SH,20230822,40.13,40.9,39.11,40.85,476566.52,1908881.281
603020.SH,20230822,9.07,9.18,8.83,8.96,29337.0,26188.045
603021.SH,20230822,5.51,5.51,5.25,5.31,33502.0,17864.497
603022.SH,20230822,9.9,9.99,9.45,9.56,35500.13,34159.992
603023.SH,20230822,4.25,4.29,4.15,4.21,99875.74,41965.411
603025.SH,20230822,12.35,12.53,12.11,12.38,23976.4,29474.868
603026.SH,20230822,51.88,51.9,49.15,50.92,32360.93,162833.978
603027.SH,20230822,17.97,18.08,17.43,17.7,92731.96,163551.447
603028.SH,20230822,11.38,11.49,11.21,11.35,41566.2,47108.921
603029.SH,20230822,21.51,21.79,20.79,21.39,95482.1,203125.118
603030.SH,20230822,2.97,2.98,2.83,2.93,98913.0,28784.234
603031.SH,20230822,46.99,47.08,46.34,46.9,1503.0,7014.616
603032.SH,20230822,24.88,24.88,24.03,24.69,36940.22,90166.296
603033.SH,20230822,14.15,14.29,13.69,13.8,32133.03,44643.181
603035.SH,20230822,19.36,19.65,18.88,19.54,36430.0,70029.572
603036.SH,20230822,10.83,10.93,10.57,10.81,23774.0,25555.025
603037.SH,20230822,14.15,14.67,14.1,14.45,47295.1,68029.482
603038.SH,20230822,9.97,10.12,9.72,9.9,53338.44,52553.236
603039.SH,20230822,64.39,65.34,63.27,65.17,8586.0,55341.774
603040.SH,20230822,24.49,25.02,23.75,24.34,17966.0,43725.147
603041.SH,20230822,11.93,12.1,11.61,11.85,22522.0,26569.733
603042.SH,20230822,16.79,17.9,16.55,17.68,376699.33,657521.456
603043.SH,20230822,24.58,24.77,24.09,24.4,19594.06,47683.23
603045.SH,20230822,15.83,15.99,15.62,15.86,30658.0,48420.27
603048.SH,20230822,16.71,16.9,16.24,16.62,12511.0,20712.101
603050.SH,20230822,14.6,14.76,14.43,14.71,31763.6,46326.444
603051.SH,20230822,34.05,34.27,32.94,33.79,17226.79,57656.979
603052.SH,20230822,29.21,29.97,28.16,29.4,13029.4,37722.475
603053.SH,20230822,9.95,10.07,9.78,9.89,59691.94,59140.423
603055.SH,20230822,10.82,10.85,10.59,10.71,39263.83,42037.623
603056.SH,20230822,16.19,16.35,15.63,15.72,87962.24,139125.872
605389.SH,20230822,26.26,26.44,25.51,26.39,10441.4,27122.194
605398.SH,20230822,31.02,31.02,31.02,31.02,10956.88,33988.242
605399.SH,20230822,15.02,15.1,14.4,14.73,26658.6,39012.949
605488.SH,20230822,15.4,15.4,14.9,15.22,22586.3,34030.529
605499.SH,20230822,183.43,185.0,182.22,183.99,8765.05,161277.696
605500.SH,20230822,7.56,7.61,7.39,7.51,11166.16,8364.645
605507.SH,20230822,20.35,20.48,19.96,20.2,17927.58,36046.797
605555.SH,20230822,17.5,17.87,16.88,17.09,32539.56,55799.86
605566.SH,20230822,21.71,21.73,20.5,20.92,15591.81,32709.163
605567.SH,20230822,12.66,12.74,12.33,12.47,21445.21,26715.574
605577.SH,20230822,10.74,10.99,10.68,10.96,32833.0,35625.766
605580.SH,20230822,11.87,12.0,11.49,11.79,38587.0,45206.256
605588.SH,20230822,37.56,38.11,36.97,38.09,9972.0,37479.508
605589.SH,20230822,21.1,21.72,20.86,21.38,97806.03,208241.667
605598.SH,20230822,34.27,36.59,33.65,35.74,72613.67,256254.908
605599.SH,20230822,13.69,13.83,13.55,13.8,27572.8,37708.532
688001.SH,20230822,30.39,30.89,29.61,30.46,11842.21,35735.143
688002.SH,20230822,46.46,48.03,46.0,47.49,36842.12,172945.533
688003.SH,20230822,38.57,39.58,37.6,38.6,11704.95,44789.876
688004.SH,20230822,29.81,31.4,29.81,31.26,20829.48,64136.267
688005.SH,20230822,50.35,50.89,48.08,49.33,46457.19,228390.866
688006.SH,20230822,26.08,26.38,25.48,25.97,21768.6,56347.417
688007.SH,20230822,22.19,22.46,21.46,21.93,53678.17,117831.751
688008.SH,20230822,47.97,49.36,46.85,49.16,126818.05,610636.807
688009.SH,20230822,5.95,6.0,5.85,5.96,232811.68,138145.575
688010.SH,20230822,19.65,19.98,19.23,19.75,9831.76,19257.898
688011.SH,20230822,22.61,22.94,21.94,22.6,7027.04,15683.84
688012.SH,20230822,136.77,139.0,132.16,138.14,60656.05,824699.178
688013.SH,20230822,21.62,21.79,21.0,21.4,9497.88,20218.918
688015.SH,20230822,16.67,16.82,16.14,16.52,9593.03,15738.45
688016.SH,20230822,160.08,160.08,153.88,156.78,6818.51,106436.763
688017.SH,20230822,110.85,113.0,107.91,111.01,17976.3,198237.7
688018.SH,20230822,110.51,112.85,108.41,112.18,7200.68,79471.214
688019.SH,20230822,137.6,139.99,133.58,139.42,7925.39,108537.614
688020.SH,20230822,43.63,44.44,42.82,43.85,3653.21,15911.744
688021.SH,20230822,23.46,24.3,23.31,24.15,7301.18,17347.027
688022.SH,20230822,31.31,31.31,30.34,31.21,12948.09,39904.429
688023.SH,20230822,153.05,157.8,151.56,156.65,4500.52,69450.906
688025.SH,20230822,71.6,74.91,71.46,74.61,14048.68,102816.796
688026.SH,20230822,16.59,16.69,15.7,16.05,18950.59,30341.347
000416.SZ,20230822,2.4,2.42,2.25,2.25,344874.0,79331.413
000417.SZ,20230822,5.7,5.7,5.58,5.65,124316.0,69979.873
000419.SZ,20230822,5.74,5.8,5.64,5.7,82223.0,46966.69
000420.SZ,20230822,3.42,3.44,3.34,3.38,173153.82,58503.381
000421.SZ,20230822,5.24,5.28,5.06,5.11,85043.0,43582.61
000422.SZ,20230822,11.35,11.48,11.09,11.24,75391.65,84859.114
000423.SZ,20230822,51.33,51.56,50.71,51.21,28197.14,144137.357
000425.SZ,20230822,6.23,6.3,6.18,6.26,275608.7,171868.414
000426.SZ,20230822,8.6,8.77,8.55,8.71,141881.7,123070.318
000428.SZ,20230822,4.68,4.72,4.52,4.62,300055.29,137901.823
000429.SZ,20230822,7.65,7.84,7.61,7.8,169430.39,131246.046
000430.SZ,20230822,7.48,7.5,7.28,7.43,75450.98,55611.203
000488.SZ,20230822,4.8,4.83,4.75,4.77,94111.0,44969.262
000498.SZ,20230822,6.59,6.63,6.49,6.57,78420.72,51409.426
000501.SZ,20230822,9.44,9.5,9.31,9.41,52773.0,49552.792
000503.SZ,20230822,11.23,11.78,11.21,11.73,149261.33,171726.414
000504.SZ,20230822,10.78,10.87,10.52,10.78,11523.0,12265.072
000505.SZ,20230822,7.61,7.7,7.5,7.62,65888.0,50028.352
000506.SZ,20230822,4.34,4.62,4.33,4.58,830688.61,374202.693
000507.SZ,20230822,5.55,5.57,5.41,5.48,81748.43,44778.974
000509.SZ,20230822,3.33,3.66,3.32,3.66,190690.81,69154.971
000510.SZ,20230822,5.35,5.38,5.18,5.29,67615.0,35559.131
000513.SZ,20230822,33.76,33.91,33.23,33.6,35566.41,119212.053
000514.SZ,20230822,5.04,5.36,4.94,5.21,1016665.78,527623.648
000516.SZ,20230822,8.08,8.13,7.8,7.99,179610.66,142702.501
000517.SZ,20230822,3.13,3.19,3.12,3.15,254042.99,80037.345
000518.SZ,20230822,2.88,2.89,2.77,2.82,146910.24,41361.289
000519.SZ,20230822,16.08,16.29,15.67,16.08,165328.58,264557.678
000520.SZ,20230822,3.09,3.12,3.0,3.02,147006.43,44667.233
000521.SZ,20230822,6.14,6.15,6.0,6.14,238829.0,145179.672
000523.SZ,20230822,3.32,3.35,3.21,3.27,148965.44,48573.857
000524.SZ,20230822,10.16,10.17,9.84,10.04,47757.02,47575.798
000525.SZ,20230822,8.79,9.05,8.63,9.04,54821.01,48291.866
000526.SZ,20230822,26.83,27.45,26.75,27.4,22827.0,61984.189
000528.SZ,20230822,7.35,7.4,7.26,7.37,76145.22,55905.1
000529.SZ,20230822,6.47,6.52,6.36,6.49,37134.0,23917.529
000530.SZ,20230822,5.43,5.43,5.2,5.38,149782.84,79510.509
000531.SZ,20230822,6.62,6.67,6.46,6.57,44018.46,28819.277
000532.SZ,20230822,11.01,11.12,10.89,11.1,28600.84,31457.486
000533.SZ,20230822,4.01,4.04,3.89,3.96,105161.96,41523.724
000534.SZ,20230822,12.5,12.5,11.6,12.03,125784.87,150395.384
002230.SZ,20230822,56.5,57.5,55.55,57.3,466756.63,2641823.648
002231.SZ,20230822,6.43,6.88,6.4,6.88,194855.0,129108.263
002232.SZ,20230822,14.98,15.44,14.86,15.42,102545.68,155372.35
002233.SZ,20230822,8.51,8.54,8.39,8.47,140703.22,118729.776
002234.SZ,20230822,15.46,15.64,15.0,15.32,53509.23,81619.365
002235.SZ,20230822,8.36,9.42,8.36,9.42,2128714.75,1890570.581
002236.SZ,20230822,20.05,20.71,19.65,20.7,510131.02,1029263.322
002237.SZ,20230822,11.41,11.59,11.29,11.5,82030.39,93817.274
002238.SZ,20230822,6.63,6.78,6.58,6.77,57827.2,38793.162
002239.SZ,20230822,2.56,2.58,2.52,2.56,265066.0,67625.864
002240.SZ,20230822,24.74,24.97,23.92,24.42,106406.38,258824.426
002241.SZ,20230822,15.93,16.08,15.4,15.75,593678.29,930816.609
002242.SZ,20230822,14.37,14.5,14.16,14.3,26816.28,38278.356
002243.SZ,20230822,8.75,8.84,8.6,8.73,62686.0,54634.987
002244.SZ,20230822,9.99,10.12,9.86,9.93,212791.26,212171.036
002245.SZ,20230822,10.11,10.19,9.88,10.08,117723.94,117789.188
002246.SZ,20230822,8.85,9.01,8.78,8.92,45737.88,40642.685
002247.SZ,20230822,2.2,2.21,2.13,2.19,220107.0,47584.748
002248.SZ,20230822,8.07,8.13,7.88,8.12,43413.0,34780.226
002249.SZ,20230822,5.27,5.31,5.18,5.25,148546.4,77753.314
002250.SZ,20230822,8.88,8.97,8.62,8.82,149760.94,131157.976
002251.SZ,20230822,4.88,4.92,4.75,4.86,310117.2,149495.892
002252.SZ,20230822,7.07,7.1,6.89,7.06,332734.38,232745.55
002253.SZ,20230822,13.32,13.55,13.13,13.53,32358.0,43342.525
002254.SZ,20230822,19.83,19.96,19.29,19.72,63289.51,123703.874
002255.SZ,20230822,5.48,5.5,5.33,5.44,92934.0,50163.478
002256.SZ,20230822,2.47,2.5,2.43,2.48,296603.95,73031.722
002258.SZ,20230822,13.35,13.41,13.05,13.24,37501.12,49551.888
002259.SZ,20230822,3.29,3.32,3.27,3.31,14613.01,4803.83
002261.SZ,20230822,15.92,16.5,15.48,16.42,1622264.88,2610738.822
002262.SZ,20230822,24.2,24.33,23.67,24.1,52772.0,126822.527
002263.SZ,20230822,2.64,2.65,2.58,2.61,97222.0,25291.772
002264.SZ,20230822,5.76,5.8,5.62,5.65,104502.36,59347.825
002265.SZ,20230822,12.99,13.05,12.71,12.98,28837.67,37195.258
002266.SZ,20230822,4.12,4.13,4.02,4.05,158122.27,64126.323
002267.SZ,20230822,7.78,7.83,7.6,7.69,66403.89,51181.835
002268.SZ,20230822,24.98,25.24,24.49,25.23,103815.91,258602.788
002269.SZ,20230822,1.86,1.88,1.82,1.84,625995.0,115162.461
002270.SZ,20230822,11.48,11.73,11.42,11.69,64529.58,74679.688
002271.SZ,20230822,28.48,28.83,28.21,28.73,237438.94,677554.736
002272.SZ,20230822,6.14,6.2,5.96,6.09,66375.0,40191.514
002928.SZ,20230822,8.19,8.23,7.86,7.97,252641.06,200853.488
002929.SZ,20230822,36.88,37.42,35.98,36.87,72510.1,266063.893
002930.SZ,20230822,22.63,23.18,22.4,23.16,15071.0,34369.179
002931.SZ,20230822,10.64,10.74,10.42,10.63,12845.0,13572.564
002932.SZ,20230822,23.22,23.35,22.39,22.75,24323.54,55253.766
002933.SZ,20230822,27.55,28.05,27.39,27.97,12344.0,34257.2
002935.SZ,20230822,17.88,18.25,17.76,18.19,23330.59,42141.528
002936.SZ,20230822,2.23,2.25,2.22,2.24,450463.63,100688.918
002937.SZ,20230822,23.06,23.41,22.72,23.26,10186.27,23452.904
002938.SZ,20230822,21.02,21.3,20.6,21.16,112951.44,235840.126
002939.SZ,20230822,8.79,8.88,8.67,8.85,450874.9,396489.709
002940.SZ,20230822,17.79,17.99,17.29,17.63,16804.33,29418.811
002941.SZ,20230822,16.76,18.48,16.69,17.68,376794.28,661256.215
002942.SZ,20230822,17.5,17.66,17.21,17.52,3372.8,5873.223
002943.SZ,20230822,29.25,29.61,28.8,29.26,16729.44,48621.99
002945.SZ,20230822,16.11,17.5,15.88,16.9,972801.35,1614924.01
002946.SZ,20230822,13.94,14.23,13.82,13.98,25081.22,35029.402
002947.SZ,20230822,18.31,18.42,17.85,18.26,14465.15,26193.364
002948.SZ,20230822,3.35,3.41,3.35,3.38,168475.79,56903.242
002949.SZ,20230822,15.03,15.56,14.83,15.17,37419.0,56907.794
002950.SZ,20230822,9.93,9.98,9.63,9.75,45457.91,44297.825
002951.SZ,20230822,7.4,7.45,7.14,7.28,27024.01,19700.547
002952.SZ,20230822,15.83,16.05,15.24,15.67,12266.27,19084.267
002953.SZ,20230822,11.26,11.32,11.01,11.25,30978.73,34559.654
002955.SZ,20230822,19.08,19.42,18.79,19.34,29787.12,56874.178
002956.SZ,20230822,13.93,14.02,13.58,13.85,33710.72,46368.108
002957.SZ,20230822,15.18,15.45,14.93,15.41,50780.84,77098.471
002958.SZ,20230822,2.88,2.9,2.85,2.88,274184.24,78952.214
002959.SZ,20230822,63.2,63.3,61.56,62.51,9183.0,57210.818
002960.SZ,20230822,17.22,17.6,16.86,17.47,42632.97,73379.356
002961.SZ,20230822,16.39,16.75,16.26,16.56,52272.0,86144.928
002962.SZ,20230822,11.95,12.12,11.84,12.11,49744.12,59676.733
002963.SZ,20230822,14.65,14.89,14.22,14.51,15879.07,22928.203
002965.SZ,20230822,39.22,40.48,38.88,40.48,57802.7,229407.349
002966.SZ,20230822,6.93,7.05,6.92,6.97,186689.6,130449.514
002967.SZ,20230822,15.32,15.49,14.89,15.23,45495.26,68714.463
002968.SZ,20230822,13.42,13.51,13.08,13.31,35315.0,46816.375
002969.SZ,20230822,3.96,3.99,3.83,3.88,73901.0,28743.763
002970.SZ,20230822,29.4,30.76,28.88,29.8,31023.0,91645.224
002971.SZ,20230822,24.11,24.25,23.03,23.41,31715.0,74474.908
002972.SZ,20230822,11.9,11.92,11.54,11.85,16717.8,19608.617
300580.SZ,20230822,21.8,22.06,21.26,22.0,39492.77,85594.147
300581.SZ,20230822,9.67,10.12,9.66,9.92,95455.33,94866.54
300582.SZ,20230822,12.38,12.4,12.0,12.31,28763.25,34950.702
300583.SZ,20230822,32.5,32.88,31.65,32.37,25267.4,81461.53
300584.SZ,20230822,21.38,21.55,20.51,21.02,25514.64,53466.525
300585.SZ,20230822,17.65,18.1,17.46,17.96,60397.0,107566.905
300586.SZ,20230822,10.91,11.02,10.44,10.65,59069.2,62959.124
300587.SZ,20230822,6.52,6.62,6.43,6.59,119699.38,78100.998
300588.SZ,20230822,12.88,13.18,12.63,13.09,254694.4,329502.271
300589.SZ,20230822,13.65,13.98,13.55,13.83,47209.71,65091.752
300590.SZ,20230822,10.5,10.87,10.48,10.8,58728.25,62487.523
300591.SZ,20230822,6.01,6.13,5.95,6.04,43703.0,26273.257
300592.SZ,20230822,24.88,26.47,24.6,26.3,77184.69,196935.883
300593.SZ,20230822,19.04,19.5,18.8,19.41,107810.11,206575.165
300594.SZ,20230822,23.97,24.08,23.0,23.35,20176.0,47059.95
300595.SZ,20230822,27.21,27.3,26.26,26.85,104927.71,279372.236
300596.SZ,20230822,35.63,35.92,33.7,33.77,33568.82,115085.366
300597.SZ,20230822,8.77,8.94,8.71,8.92,68043.14,60152.487
300598.SZ,20230822,45.98,46.62,45.34,46.6,28174.29,129621.949
300599.SZ,20230822,8.1,8.16,7.92,8.05,23837.0,19117.487
300600.SZ,20230822,10.76,11.2,10.76,11.04,106503.0,117053.66
300601.SZ,20230822,28.28,28.42,26.7,27.58,118942.1,324847.002
300602.SZ,20230822,16.35,16.55,15.8,16.11,66927.8,107940.496
300603.SZ,20230822,13.0,13.47,12.75,13.37,354200.55,466013.843
300604.SZ,20230822,34.76,35.24,33.81,34.8,85362.52,293526.526
300605.SZ,20230822,15.15,15.9,15.15,15.87,84078.63,131909.286
300606.SZ,20230822,20.4,20.95,19.8,20.59,36577.49,74047.746
300607.SZ,20230822,14.72,14.87,14.36,14.68,185097.54,270087.569
300608.SZ,20230822,9.75,10.49,9.75,10.38,255468.72,261183.781
300609.SZ,20230822,24.8,28.35,24.8,28.01,134625.79,360092.053
300610.SZ,20230822,11.07,11.08,10.6,10.84,21367.8,23036.017
300611.SZ,20230822,10.7,10.93,10.38,10.65,58495.58,61810.092
300612.SZ,20230822,19.65,19.96,19.3,19.96,52281.25,102968.866
300613.SZ,20230822,48.78,49.8,47.74,49.1,28689.18,140019.073
300614.SZ,20230822,23.53,23.54,22.75,23.35,16775.53,38762.532
300615.SZ,20230822,15.45,15.85,15.27,15.78,32153.36,50078.986
300616.SZ,20230822,19.31,19.56,18.73,19.11,29305.0,55760.252
300617.SZ,20230822,36.89,37.2,36.24,36.98,9467.0,34643.784
300618.SZ,20230822,31.85,32.5,30.9,31.48,38772.69,121696.422
300619.SZ,20230822,63.1,63.5,62.1,63.28,5174.0,32473.856
300620.SZ,20230822,44.68,44.98,42.8,44.73,119985.33,525007.347
301299.SZ,20230822,76.29,84.14,75.06,84.14,48748.89,395550.508
301300.SZ,20230822,32.19,32.48,30.21,30.7,12033.48,37405.589
301301.SZ,20230822,8.92,8.99,8.59,8.83,158039.06,139058.493
301302.SZ,20230822,32.29,34.08,32.06,33.84,54260.67,181427.789
301303.SZ,20230822,24.53,24.62,22.06,22.89,111076.2,261085.77
301305.SZ,20230822,24.24,24.58,22.4,23.43,202738.02,474213.212
301306.SZ,20230822,37.66,38.36,36.6,37.61,13002.53,48828.385
301307.SZ,20230822,33.74,34.85,33.16,34.35,50669.6,173529.891
301308.SZ,20230822,75.99,76.88,73.56,76.85,43853.51,329722.189
301309.SZ,20230822,29.1,29.35,28.51,28.98,9024.94,26115.566
301310.SZ,20230822,62.03,62.83,58.75,61.07,19613.02,118978.059
301311.SZ,20230822,25.87,26.58,25.0,25.8,120837.92,312556.067
301312.SZ,20230822,75.5,77.3,74.74,77.05,5769.5,44019.94
301313.SZ,20230822,42.7,45.59,42.7,45.49,71471.97,317683.391
301314.SZ,20230822,52.03,52.21,48.8,50.53,12776.8,64189.168
301315.SZ,20230822,88.0,98.56,86.22,91.01,113325.75,1022100.178
301316.SZ,20230822,36.58,43.22,36.58,43.22,258931.91,1023871.845
301317.SZ,20230822,23.59,23.94,23.0,23.69,10482.53,24557.429
301318.SZ,20230822,32.68,33.2,31.33,32.68,16692.22,54029.654
301319.SZ,20230822,51.99,52.7,50.72,52.29,4733.9,24489.31
301320.SZ,20230822,22.43,22.62,20.5,21.11,104016.84,220686.899
301321.SZ,20230822,13.19,13.19,12.51,12.89,30378.6,38742.117
301322.SZ,20230822,57.04,57.44,54.15,55.39,18581.18,103157.733
301323.SZ,20230822,44.01,46.84,43.62,45.57,60178.56,272610.998
301325.SZ,20230822,91.01,91.21,87.68,89.96,10476.29,93200.059
301326.SZ,20230822,36.55,36.73,34.93,35.59,11050.63,39459.672
301327.SZ,20230822,69.4,69.77,65.61,67.6,15428.15,103860.23
301328.SZ,20230822,48.12,49.37,46.67,47.9,5617.79,26765.808
301329.SZ,20230822,24.78,24.94,22.51,23.29,101100.48,237214.027
301330.SZ,20230822,31.05,32.18,30.87,32.05,22700.38,71593.05
301331.SZ,20230822,40.8,40.83,39.23,39.88,18648.0,74289.756
301332.SZ,20230822,14.7,14.92,13.98,14.43,110425.65,159070.978
301333.SZ,20230822,53.99,54.07,51.5,53.26,9366.02,49373.168
301335.SZ,20230822,25.1,25.29,22.58,23.28,31409.77,74116.611
301336.SZ,20230822,44.84,45.05,43.28,44.51,10549.45,46424.058
301337.SZ,20230822,42.9,42.9,37.96,41.31,97562.59,392732.976
301338.SZ,20230822,37.53,37.93,36.23,37.69,26056.92,96769.37
301339.SZ,20230822,24.7,26.17,24.1,25.63,94277.2,234543.06
301345.SZ,20230822,48.5,49.11,46.79,47.89,8892.0,42232.933
301348.SZ,20230822,50.5,52.28,47.22,47.48,144977.74,711329.467
301349.SZ,20230822,51.7,52.35,50.03,51.21,21489.71,109481.719
600519.SH,20230822,1800.99,1802.56,1771.02,1788.0,26650.36,4763131.152
600520.SH,20230822,13.23,13.39,13.01,13.29,32040.0,42205.479
600521.SH,20230822,17.34,17.46,16.81,17.06,100347.05,170833.873
600522.SH,20230822,14.26,14.3,13.7,14.11,425182.21,594853.715
600523.SH,20230822,12.83,13.05,12.65,12.9,26220.32,33680.87
600525.SH,20230822,4.92,4.94,4.8,4.91,80007.94,38912.978
600526.SH,20230822,5.16,5.23,5.0,5.11,142295.31,72553.525
600527.SH,20230822,2.05,2.05,2.0,2.03,119432.2,24119.954
600528.SH,20230822,9.2,9.33,9.14,9.3,107101.32,98833.182
600529.SH,20230822,25.0,25.0,24.25,24.54,31126.1,76338.192
600530.SH,20230822,2.14,2.16,2.03,2.13,161672.49,33884.82
600531.SH,20230822,6.85,6.98,6.82,6.92,248477.85,171088.668
600533.SH,20230822,3.48,3.52,3.41,3.46,164781.0,57058.166
600535.SH,20230822,13.49,13.57,13.17,13.42,91580.22,122018.199
600536.SH,20230822,50.8,51.5,49.11,51.47,170199.33,859410.745
600537.SH,20230822,6.17,6.2,6.05,6.16,194133.05,118886.841
600538.SH,20230822,4.37,4.37,4.22,4.31,58482.0,25087.022
600539.SH,20230822,7.0,7.05,6.77,6.89,54791.0,37652.351
600540.SH,20230822,5.06,5.12,5.0,5.08,50179.3,25375.334
600543.SH,20230822,5.57,5.63,5.4,5.48,37099.5,20308.674
600545.SH,20230822,2.43,2.47,2.38,2.42,74835.04,18060.469
600546.SH,20230822,15.18,15.51,15.02,15.44,177343.51,270976.346
600547.SH,20230822,23.91,24.4,23.8,24.38,167216.94,404417.99
600548.SH,20230822,9.71,9.78,9.51,9.77,41251.0,39996.754
600549.SH,20230822,17.62,17.78,17.38,17.64,65142.01,114480.475
600550.SH,20230822,4.85,4.89,4.75,4.82,74138.23,35687.811
600551.SH,20230822,10.8,11.23,10.8,11.21,53069.84,58519.517
600552.SH,20230822,9.9,9.97,9.66,9.93,90322.28,88809.084
600556.SH,20230822,6.84,6.88,6.23,6.68,424950.74,280386.006
600557.SH,20230822,18.24,18.3,17.81,18.15,62381.46,112452.425
600558.SH,20230822,3.82,3.86,3.74,3.8,106519.52,40310.565
600559.SH,20230822,25.65,25.83,25.15,25.61,153170.23,389913.673
600560.SH,20230822,12.98,13.03,12.57,12.94,28823.03,36902.442
600561.SH,20230822,5.73,5.78,5.54,5.66,34760.0,19582.782
600562.SH,20230822,15.3,15.48,15.05,15.36,47269.08,72143.112
600563.SH,20230822,122.72,123.24,113.29,115.22,23198.48,270192.867
600565.SH,20230822,1.82,1.84,1.79,1.83,380642.09,69202.753
600566.SH,20230822,26.51,26.6,26.06,26.38,60661.77,159636.832
600567.SH,20230822,2.23,2.24,2.17,2.21,431333.32,95004.121
600568.SH,20230822,1.69,1.71,1.68,1.69,46576.0,7883.545
600569.SH,20230822,2.2,2.22,2.17,2.21,208285.87,45754.403
603057.SH,20230822,24.11,24.32,23.37,23.61,13478.83,31984.963
603058.SH,20230822,8.4,8.47,8.21,8.36,39683.0,32956.43
603059.SH,20230822,22.55,24.16,22.55,23.1,19886.0,45802.211
603060.SH,20230822,10.77,10.88,10.55,10.7,18558.27,19795.065
603061.SH,20230822,90.58,92.2,87.63,91.29,10321.0,92778.774
603063.SH,20230822,26.84,26.89,25.78,26.3,65076.36,170666.438
603065.SH,20230822,15.04,15.55,14.73,15.1,54565.83,82062.211
603066.SH,20230822,10.42,10.47,10.18,10.44,34493.0,35539.463
603067.SH,20230822,10.51,10.81,10.42,10.61,30742.44,32367.957
603068.SH,20230822,25.42,25.74,24.94,25.74,17601.24,44638.56
603069.SH,20230822,17.45,17.51,16.91,17.27,38120.52,65485.534
603070.SH,20230822,16.75,16.91,16.38,16.81,19337.96,32171.43
603071.SH,20230822,16.36,16.36,15.5,15.73,72116.74,113464.986
603073.SH,20230822,21.08,21.08,20.13,20.62,90452.43,186332.82
603076.SH,20230822,37.09,37.5,35.77,36.65,16045.0,58264.797
603077.SH,20230822,2.42,2.43,2.37,2.4,480355.0,115108.143
603078.SH,20230822,16.3,16.38,15.72,16.0,212862.83,341968.785
603079.SH,20230822,12.93,12.99,12.45,12.56,12902.0,16242.207
603080.SH,20230822,14.58,14.63,14.17,14.44,24109.0,34648.812
603081.SH,20230822,15.3,15.45,15.01,15.33,19590.0,29675.937
603083.SH,20230822,50.89,51.2,48.48,50.64,377144.64,1873371.421
603085.SH,20230822,9.66,9.68,9.34,9.52,13538.0,12828.319
603086.SH,20230822,6.42,6.42,6.18,6.32,63253.18,39703.264
603087.SH,20230822,41.58,41.9,40.12,41.8,63084.58,258674.767
603088.SH,20230822,8.92,8.97,8.7,8.94,63389.69,56002.086
603089.SH,20230822,8.97,8.99,8.74,8.87,16042.0,14203.974
603090.SH,20230822,21.03,21.33,20.36,21.27,19694.0,41013.488
603093.SH,20230822,13.59,13.76,13.36,13.59,63535.9,85991.21
603095.SH,20230822,14.65,14.68,14.11,14.36,9896.2,14200.518
603096.SH,20230822,18.73,19.14,18.63,19.14,32464.8,61328.091
603097.SH,20230822,20.36,20.4,19.77,20.18,13887.45,27799.558
603098.SH,20230822,20.74,20.83,20.2,20.5,10284.66,21075.341
603099.SH,20230822,12.99,12.99,12.6,12.89,17829.0,22805.523
603100.SH,20230822,32.13,32.89,31.31,32.19,17380.48,55557.057
603101.SH,20230822,6.45,6.49,6.3,6.4,41092.48,26269.795
603102.SH,20230822,44.36,45.26,43.81,44.74,16440.35,73481.868
603103.SH,20230822,17.02,17.39,16.66,17.17,46557.05,78938.165
603105.SH,20230822,14.2,14.3,13.92,14.28,42307.6,59792.792
603106.SH,20230822,7.35,7.65,7.29,7.53,637426.32,477847.297
603108.SH,20230822,12.83,13.03,12.5,12.82,212175.33,269618.343
603109.SH,20230822,16.26,16.35,15.94,16.26,14080.52,22707.324
688027.SH,20230822,132.19,136.92,131.0,136.37,8846.16,119015.487
688028.SH,20230822,19.32,19.59,18.8,19.24,10383.2,19824.018
688029.SH,20230822,72.2,72.99,70.81,72.37,12791.44,91719.71
688030.SH,20230822,19.45,19.8,18.98,19.49,13412.05,25945.894
688031.SH,20230822,93.4,96.11,91.03,96.09,14408.09,135568.399
688032.SH,20230822,279.69,281.99,266.95,275.6,7683.25,210049.213
688033.SH,20230822,17.08,17.21,16.6,17.13,32451.59,54842.54
688035.SH,20230822,52.59,53.4,51.63,52.9,9584.41,50283.634
688036.SH,20230822,126.48,131.5,124.08,130.26,36005.35,460523.657
688037.SH,20230822,125.22,128.1,122.22,127.57,19635.96,245998.392
688038.SH,20230822,13.87,14.17,13.42,13.83,39362.32,54242.915
688039.SH,20230822,30.73,31.88,29.8,30.86,27290.71,83547.309
688041.SH,20230822,51.35,52.16,49.88,51.8,177671.58,909621.395
688045.SH,20230822,46.88,47.76,45.4,47.25,7171.36,33394.187
688046.SH,20230822,18.67,18.87,17.68,18.44,16596.47,30045.349
688047.SH,20230822,92.61,95.09,89.5,95.0,31695.06,293477.082
688048.SH,20230822,65.4,66.68,64.22,66.4,19489.8,127978.139
688049.SH,20230822,29.39,29.96,28.86,29.84,10750.04,31631.218
688050.SH,20230822,165.23,167.21,159.0,163.5,10999.66,178101.938
688051.SH,20230822,32.56,37.76,32.56,35.85,44546.27,161392.601
688052.SH,20230822,134.68,135.97,128.31,132.36,11307.93,148394.227
688053.SH,20230822,53.26,53.59,51.5,52.39,5460.59,28527.94
688055.SH,20230822,3.95,4.0,3.91,3.98,30322.49,11988.379
688056.SH,20230822,36.22,39.5,36.22,37.9,11396.67,43342.728
688057.SH,20230822,15.33,15.33,14.61,14.97,19052.14,28444.52
688058.SH,20230822,47.45,48.98,46.54,48.45,6002.18,28775.196
688059.SH,20230822,89.38,90.09,85.6,87.9,5145.48,44979.341
688060.SH,20230822,46.97,47.59,45.5,46.98,2684.77,12525.826
688061.SH,20230822,42.22,42.94,41.42,42.81,4608.22,19416.321
688062.SH,20230822,21.05,21.2,20.75,21.03,8817.09,18496.017
688063.SH,20230822,147.2,148.8,142.42,146.45,43174.53,624352.84
688065.SH,20230822,59.55,61.97,59.55,61.43,17043.3,103729.358
688066.SH,20230822,62.01,63.98,60.69,63.8,29053.99,182266.671
688067.SH,20230822,21.82,22.13,21.01,21.35,8367.27,17875.461
688068.SH,20230822,39.46,39.46,38.1,38.4,9056.25,34873.669
688069.SH,20230822,20.7,21.07,20.44,20.79,2971.26,6153.022
688070.SH,20230822,39.42,41.41,38.99,40.18,4117.16,16556.592
688071.SH,20230822,47.15,49.0,46.5,48.08,7453.29,35540.321
688072.SH,20230822,318.0,325.0,308.62,322.83,10295.01,325854.135
688073.SH,20230822,67.96,68.88,65.55,67.26,6539.59,43441.148
688075.SH,20230822,40.43,40.64,39.28,40.07,6938.45,27545.052
000536.SZ,20230822,1.84,1.86,1.81,1.84,155331.0,28434.747
000537.SZ,20230822,11.65,11.81,11.55,11.75,68433.9,79889.787
000538.SZ,20230822,52.5,52.67,51.5,52.17,59484.75,309077.568
000539.SZ,20230822,6.97,7.03,6.71,6.83,250522.16,170840.579
000541.SZ,20230822,5.34,5.45,5.25,5.33,48206.98,25641.525
000543.SZ,20230822,6.67,6.77,6.54,6.68,180411.48,119893.711
000544.SZ,20230822,8.4,8.41,7.63,7.72,415145.68,325415.303
000545.SZ,20230822,3.01,3.04,2.94,2.99,89851.12,26790.454
000546.SZ,20230822,6.74,6.76,6.39,6.52,151361.0,98954.763
000547.SZ,20230822,9.04,9.12,8.81,8.95,151324.25,135428.709
000548.SZ,20230822,5.19,5.22,5.08,5.18,69362.02,35711.198
000550.SZ,20230822,17.8,18.14,17.28,17.7,111523.41,196962.788
000551.SZ,20230822,9.67,9.75,9.49,9.69,44611.0,42828.274
000552.SZ,20230822,3.14,3.18,3.12,3.16,248701.36,78303.72
000553.SZ,20230822,8.05,8.07,7.89,7.96,30596.15,24385.974
000554.SZ,20230822,5.72,5.75,5.56,5.67,116086.0,65500.904
000555.SZ,20230822,11.6,11.92,11.58,11.9,127111.0,149614.045
000557.SZ,20230822,5.12,5.15,5.03,5.09,71893.58,36508.29
000558.SZ,20230822,2.93,2.96,2.87,2.91,206754.5,60033.384
000559.SZ,20230822,5.24,5.27,5.16,5.24,97775.56,51035.3
000560.SZ,20230822,2.86,2.89,2.8,2.85,461477.93,130910.639
000561.SZ,20230822,9.03,9.18,8.92,9.12,78371.29,71112.023
000563.SZ,20230822,3.18,3.21,3.14,3.19,445865.4,141372.733
000564.SZ,20230822,1.29,1.3,1.23,1.26,1692128.46,213252.634
000565.SZ,20230822,5.88,5.91,5.68,5.76,58873.52,33857.218
000566.SZ,20230822,4.55,4.6,4.48,4.55,95428.89,43242.552
000567.SZ,20230822,11.7,12.1,11.65,12.04,103421.03,122995.504
000568.SZ,20230822,230.24,230.87,225.8,228.83,47464.65,1083230.811
000570.SZ,20230822,5.77,5.81,5.66,5.77,91042.0,52147.495
000571.SZ,20230822,2.43,2.44,2.37,2.41,94329.38,22632.57
000572.SZ,20230822,4.63,4.66,4.49,4.58,451955.64,206154.189
000573.SZ,20230822,3.87,3.93,3.75,3.82,389581.0,149064.427
000576.SZ,20230822,9.99,10.05,9.6,9.83,54321.0,53127.825
000581.SZ,20230822,16.79,17.19,16.67,16.99,148008.75,250442.61
000582.SZ,20230822,7.95,7.97,7.82,7.91,66715.27,52680.877
000584.SZ,20230822,4.82,4.84,4.53,4.58,203524.0,94279.323
000586.SZ,20230822,13.84,14.39,13.84,14.33,46740.0,66083.833
000589.SZ,20230822,6.86,7.01,6.71,6.78,241843.47,164907.709
000590.SZ,20230822,8.27,8.32,7.78,8.03,188902.54,150921.614
000591.SZ,20230822,6.14,6.2,6.05,6.12,259478.0,158327.434
000592.SZ,20230822,2.42,2.43,2.35,2.37,329100.65,78304.265
002273.SZ,20230822,10.14,10.25,9.94,10.22,148149.26,149448.436
002274.SZ,20230822,7.33,7.39,7.17,7.25,49643.85,36023.596
002275.SZ,20230822,15.5,15.52,15.12,15.44,16626.07,25480.629
002276.SZ,20230822,10.35,10.43,10.2,10.39,91025.13,94089.07
002277.SZ,20230822,3.33,3.36,3.28,3.34,120404.44,40008.214
002278.SZ,20230822,5.61,5.65,5.45,5.55,68770.0,38033.427
002279.SZ,20230822,8.18,8.18,8.01,8.18,792899.33,648158.626
002280.SZ,20230822,3.06,3.1,3.03,3.1,271285.0,83230.252
002281.SZ,20230822,28.55,28.56,27.5,28.48,172038.32,482218.929
002282.SZ,20230822,7.54,7.64,7.13,7.28,81421.0,59407.46
002283.SZ,20230822,6.57,6.71,6.44,6.55,188798.1,124199.496
002284.SZ,20230822,9.49,9.59,9.3,9.53,83470.36,78866.409
002285.SZ,20230822,2.82,2.86,2.79,2.83,146517.6,41371.817
002286.SZ,20230822,8.15,8.19,7.91,8.06,38154.0,30573.896
002287.SZ,20230822,23.46,23.47,22.79,23.2,14229.0,32753.719
002288.SZ,20230822,4.26,4.29,4.15,4.24,73184.34,30850.574
002289.SZ,20230822,4.9,4.9,4.65,4.73,28058.58,13302.58
002290.SZ,20230822,11.7,11.74,11.35,11.47,15527.01,17852.147
002291.SZ,20230822,10.88,10.96,10.58,10.91,207242.78,222909.966
002292.SZ,20230822,9.19,9.38,9.13,9.37,705849.55,656112.663
002293.SZ,20230822,10.71,10.9,10.58,10.7,55749.71,59658.537
002294.SZ,20230822,27.8,27.81,27.03,27.35,43037.22,117452.6
002295.SZ,20230822,6.97,7.07,6.77,6.86,38677.5,26558.597
002296.SZ,20230822,7.75,7.91,7.71,7.9,52107.6,40749.29
002297.SZ,20230822,7.53,7.63,7.44,7.59,52788.5,39842.62
002298.SZ,20230822,5.86,5.94,5.78,5.92,102172.74,59938.129
002299.SZ,20230822,19.96,20.25,19.65,19.82,54252.56,107805.867
002300.SZ,20230822,7.88,7.93,7.7,7.88,49326.18,38615.733
002301.SZ,20230822,6.88,6.93,6.69,6.83,73385.0,49786.35
002302.SZ,20230822,7.54,7.73,7.46,7.58,111183.46,84226.28
002303.SZ,20230822,3.52,3.53,3.44,3.5,145476.0,50690.914
002304.SZ,20230822,134.02,135.7,132.9,134.3,32751.89,438543.58
002305.SZ,20230822,2.4,2.42,2.35,2.39,277823.0,66182.629
002306.SZ,20230822,3.88,3.92,3.8,3.9,61883.0,23877.507
002307.SZ,20230822,5.28,5.49,5.26,5.42,302788.95,163038.215
002308.SZ,20230822,4.71,4.85,4.7,4.85,168397.0,80697.582
002309.SZ,20230822,4.83,4.83,4.83,4.83,40827.66,19719.76
002310.SZ,20230822,2.8,2.97,2.56,2.82,5014900.49,1374428.648
002311.SZ,20230822,45.08,45.6,43.98,44.66,42658.03,190367.124
002312.SZ,20230822,8.21,8.26,8.0,8.1,113498.5,92012.96
002313.SZ,20230822,7.53,7.53,7.17,7.31,22008.0,16114.8
002973.SZ,20230822,12.5,12.62,12.03,12.37,30822.3,37822.843
002975.SZ,20230822,34.13,34.6,33.36,34.26,6109.0,20723.841
002976.SZ,20230822,30.58,31.07,30.13,30.79,16674.4,51084.599
002977.SZ,20230822,31.43,32.1,30.85,31.8,10741.28,33905.71
002978.SZ,20230822,30.75,31.2,30.36,30.89,7880.76,24221.446
002979.SZ,20230822,19.08,19.22,18.51,19.01,26192.35,49227.402
002980.SZ,20230822,30.76,31.23,30.31,31.08,10644.0,32806.37
002981.SZ,20230822,24.06,24.55,23.88,24.4,9421.0,22874.071
002982.SZ,20230822,33.31,33.59,30.81,31.24,20167.93,63978.504
002983.SZ,20230822,23.86,24.25,23.33,24.09,35602.0,84909.973
002984.SZ,20230822,33.37,33.51,32.32,32.88,42861.93,140103.868
002985.SZ,20230822,37.18,37.48,36.36,37.35,28885.26,106843.287
002986.SZ,20230822,17.81,17.9,17.45,17.82,9417.68,16640.114
002987.SZ,20230822,19.78,20.43,19.76,20.38,74804.5,150256.179
002988.SZ,20230822,17.9,18.27,17.49,17.75,26161.47,46667.869
002989.SZ,20230822,14.84,15.13,14.5,14.82,19883.8,29303.297
002990.SZ,20230822,30.75,31.28,30.27,31.22,14493.31,44598.278
002991.SZ,20230822,72.17,72.52,70.28,71.11,5255.0,37379.047
002992.SZ,20230822,58.59,59.3,56.75,59.14,20000.1,116078.555
002993.SZ,20230822,33.25,33.75,32.14,32.99,15277.03,50126.753
002995.SZ,20230822,24.9,25.63,24.5,25.61,148210.69,370741.397
002996.SZ,20230822,11.43,11.49,11.03,11.21,20732.65,23223.721
002997.SZ,20230822,36.17,37.13,34.69,36.15,49668.41,178492.571
002998.SZ,20230822,7.74,7.78,7.49,7.64,43686.0,33166.446
002999.SZ,20230822,8.57,8.68,8.34,8.48,512084.57,432884.811
003000.SZ,20230822,11.54,11.58,11.0,11.43,51136.04,57570.743
003001.SZ,20230822,17.62,17.84,17.2,17.51,20222.37,35286.567
003002.SZ,20230822,16.09,16.09,15.43,15.79,15240.0,23990.947
003003.SZ,20230822,11.01,11.08,10.7,10.9,23458.0,25455.125
003004.SZ,20230822,26.99,28.2,26.71,28.2,28649.29,79111.635
003005.SZ,20230822,35.51,38.83,35.51,38.83,143960.77,548351.151
003006.SZ,20230822,14.13,14.37,13.95,14.13,24732.0,34957.634
003007.SZ,20230822,26.5,27.3,26.01,27.3,81160.1,216214.439
003008.SZ,20230822,27.72,28.59,26.65,27.11,8359.0,22787.303
003009.SZ,20230822,46.71,51.54,46.71,50.7,60183.41,302075.431
003010.SZ,20230822,20.14,20.36,19.88,20.33,29308.0,59119.873
003011.SZ,20230822,25.38,25.78,24.87,25.21,19860.5,49984.363
003012.SZ,20230822,10.86,11.02,10.73,10.87,83660.16,90891.734
003013.SZ,20230822,19.15,19.56,18.87,19.2,19140.49,36654.65
003015.SZ,20230822,8.48,8.62,8.32,8.51,36176.0,30550.958
003016.SZ,20230822,9.79,9.79,9.4,9.56,15843.0,15119.496
300621.SZ,20230822,10.78,10.9,10.52,10.64,15786.14,16830.324
300622.SZ,20230822,20.79,21.13,20.14,20.59,13363.47,27409.841
300623.SZ,20230822,17.15,17.33,16.77,17.21,39137.13,66712.351
300624.SZ,20230822,90.53,94.3,88.85,93.68,77160.43,705514.16
300625.SZ,20230822,11.86,11.87,11.49,11.75,10317.0,12031.349
300626.SZ,20230822,9.27,9.34,8.96,9.14,16407.0,14966.711
300627.SZ,20230822,30.88,30.88,30.31,30.76,24447.18,74922.729
300628.SZ,20230822,35.5,36.03,35.08,35.95,37197.37,131953.543
300629.SZ,20230822,17.98,18.2,17.85,18.16,37326.73,67391.579
300630.SZ,20230822,18.81,18.84,17.79,18.14,200878.72,364904.543
300631.SZ,20230822,30.65,30.93,29.89,30.48,15675.0,47425.885
300632.SZ,20230822,11.14,11.23,10.83,11.15,21950.49,24154.626
300633.SZ,20230822,42.6,42.78,41.68,42.23,30293.81,127917.853
300634.SZ,20230822,22.21,22.98,21.8,22.88,136810.13,306343.665
300635.SZ,20230822,13.86,14.07,13.72,14.0,35654.0,49566.214
300636.SZ,20230822,10.83,10.88,10.4,10.63,37817.09,40000.688
300637.SZ,20230822,7.4,7.4,7.06,7.15,31851.0,22877.696
300638.SZ,20230822,19.27,19.6,18.91,19.58,100802.85,193884.642
300639.SZ,20230822,9.57,9.61,9.33,9.5,32080.74,30285.161
300640.SZ,20230822,6.08,6.14,5.86,5.95,44781.0,26690.793
300641.SZ,20230822,5.36,5.37,5.15,5.21,35287.05,18467.709
300642.SZ,20230822,18.13,18.36,17.66,17.91,22318.38,40035.757
300643.SZ,20230822,12.15,12.4,11.91,12.25,17002.0,20567.082
300644.SZ,20230822,17.02,17.08,16.25,16.52,17856.8,29569.927
300645.SZ,20230822,27.03,27.6,26.87,27.53,15081.27,41130.774
300647.SZ,20230822,6.7,6.75,6.58,6.73,72651.5,48395.72
300648.SZ,20230822,26.38,26.66,25.59,26.05,12338.0,31996.345
300649.SZ,20230822,22.0,22.0,21.17,21.59,71330.55,153506.213
300650.SZ,20230822,12.18,12.2,11.67,12.08,23002.71,27375.233
300651.SZ,20230822,22.8,23.06,22.15,22.6,20563.0,46303.937
300652.SZ,20230822,21.63,21.88,21.15,21.54,8951.0,19232.567
300653.SZ,20230822,30.6,30.96,29.52,30.01,25099.75,75130.813
300654.SZ,20230822,10.76,11.18,10.76,11.17,155286.11,170899.273
300655.SZ,20230822,9.89,9.98,9.67,9.94,122874.18,120835.112
300656.SZ,20230822,24.83,25.28,24.19,24.73,11102.57,27351.795
300657.SZ,20230822,15.89,16.35,15.56,16.34,162258.3,258691.809
300658.SZ,20230822,6.71,6.71,6.43,6.6,43746.87,28684.473
300659.SZ,20230822,25.06,25.68,24.45,25.65,165295.12,415503.562
300660.SZ,20230822,29.31,29.68,28.18,29.24,87613.36,253837.551
300661.SZ,20230822,71.81,72.3,68.8,70.88,45869.32,321803.37
300662.SZ,20230822,34.91,35.2,33.23,34.1,21225.0,72317.533
301353.SZ,20230822,38.77,38.99,35.71,36.98,43090.15,159466.913
301355.SZ,20230822,19.66,19.83,18.76,19.39,117003.97,224728.766
301356.SZ,20230822,22.46,22.59,21.05,21.5,24538.8,53092.397
301357.SZ,20230822,59.61,68.01,59.6,64.0,66373.25,423388.434
301358.SZ,20230822,40.95,41.27,39.05,40.18,38313.81,152855.639
301359.SZ,20230822,27.29,28.0,26.8,27.58,29595.47,80876.004
301360.SZ,20230822,79.51,80.75,75.91,78.84,7583.0,59053.783
301361.SZ,20230822,26.12,26.32,24.46,25.3,37160.63,93899.967
301362.SZ,20230822,49.5,50.15,45.8,47.19,66429.65,316414.73
301363.SZ,20230822,39.01,39.29,36.88,37.88,37888.08,141636.647
301365.SZ,20230822,18.35,19.13,18.1,19.13,116086.19,217957.99
301366.SZ,20230822,36.63,37.5,34.81,36.5,32425.53,117417.332
301367.SZ,20230822,133.99,134.28,126.81,128.96,11843.96,153514.11
301368.SZ,20230822,43.96,44.63,42.71,43.72,58589.7,254889.215
301369.SZ,20230822,69.99,71.31,68.05,71.31,12612.8,88099.441
301370.SZ,20230822,22.09,22.38,21.15,21.6,203739.51,443810.097
301371.SZ,20230822,56.27,56.35,51.6,52.9,74467.87,401082.895
301372.SZ,20230822,76.0,76.03,68.26,68.5,74659.13,540729.082
301373.SZ,20230822,33.83,33.88,30.66,31.4,41264.62,130547.804
301376.SZ,20230822,25.64,25.9,24.0,24.87,65533.13,162219.814
301377.SZ,20230822,21.17,21.18,19.75,20.38,39912.1,80630.24
301378.SZ,20230822,62.28,67.4,60.95,67.4,57397.78,370474.817
301379.SZ,20230822,33.3,33.73,32.04,33.18,35397.48,116335.646
301380.SZ,20230822,59.13,70.67,59.13,70.67,106833.8,702321.061
301381.SZ,20230822,40.85,41.0,38.0,39.31,94124.3,370800.182
301382.SZ,20230822,43.6,45.8,43.11,45.57,143689.65,641164.233
301383.SZ,20230822,40.75,40.75,37.9,39.42,40608.63,158890.153
301386.SZ,20230822,33.28,34.96,31.8,32.63,101062.15,335990.622
301387.SZ,20230822,50.19,50.19,45.62,46.9,24375.07,114945.611
301388.SZ,20230822,27.37,27.37,25.61,26.3,28211.92,74240.367
301389.SZ,20230822,17.24,17.34,16.73,17.17,21334.31,36273.279
301390.SZ,20230822,49.56,52.25,49.06,51.62,35857.14,182789.5
301391.SZ,20230822,93.6,94.28,90.0,92.4,3807.57,34875.085
301393.SZ,20230822,77.41,77.41,71.98,73.35,39255.49,290906.61
301395.SZ,20230822,24.6,24.6,22.21,23.01,94759.34,221015.329
301396.SZ,20230822,40.0,40.1,37.3,39.08,111327.51,427342.909
301397.SZ,20230822,46.04,46.88,44.07,45.72,20199.34,91692.76
301398.SZ,20230822,68.0,69.29,64.51,66.07,49953.96,333258.955
301399.SZ,20230822,53.95,54.08,49.51,52.14,37877.86,196875.575
301408.SZ,20230822,20.36,20.55,18.93,19.32,176073.62,344813.232
301418.SZ,20230822,92.0,102.89,88.88,89.09,95285.35,892017.869
600570.SH,20230822,36.88,37.25,35.89,36.71,250406.69,912477.111
600571.SH,20230822,10.09,10.35,10.09,10.35,253193.49,259297.965
600572.SH,20230822,5.16,5.18,5.03,5.13,343986.32,175173.433
600573.SH,20230822,10.68,10.71,10.39,10.66,41269.1,43434.515
600575.SH,20230822,2.66,2.68,2.62,2.66,211833.68,56068.343
600576.SH,20230822,7.7,7.89,7.68,7.87,90060.92,70342.556
600577.SH,20230822,4.42,4.45,4.32,4.39,400483.04,175338.673
600578.SH,20230822,3.08,3.13,3.05,3.09,246812.0,75997.704
600579.SH,20230822,6.92,6.99,6.7,6.83,30892.0,21012.252
600580.SH,20230822,11.81,11.88,11.58,11.82,113313.04,132886.1
600581.SH,20230822,4.21,4.29,4.2,4.27,154232.43,65589.019
600582.SH,20230822,5.51,5.52,5.37,5.45,187061.41,101609.021
600583.SH,20230822,5.75,5.85,5.69,5.83,347831.31,201089.939
600584.SH,20230822,30.36,31.0,30.04,30.91,156615.87,478308.515
600585.SH,20230822,25.7,26.28,25.62,26.08,296490.69,770456.64
600586.SH,20230822,7.2,7.26,7.05,7.14,141136.0,100693.819
600587.SH,20230822,26.09,26.88,25.82,26.64,51363.18,135413.451
600588.SH,20230822,17.24,17.84,17.11,17.75,286844.41,500788.933
600589.SH,20230822,2.97,2.99,2.85,2.98,137886.5,40182.279
600590.SH,20230822,6.4,6.47,6.32,6.46,58108.56,37225.994
600592.SH,20230822,9.24,9.35,9.1,9.3,47347.0,43716.557
600593.SH,20230822,15.1,15.24,14.8,15.18,15212.0,22913.242
600594.SH,20230822,5.45,5.46,5.28,5.35,101524.85,54284.91
600595.SH,20230822,2.98,3.0,2.91,2.97,378918.79,111826.98
600596.SH,20230822,10.54,10.6,10.17,10.29,108863.05,112399.364
600597.SH,20230822,10.48,10.54,10.29,10.41,83901.82,87101.072
600598.SH,20230822,13.81,13.91,13.61,13.78,98767.33,135811.331
600599.SH,20230822,9.9,9.96,9.64,9.81,11547.92,11324.798
600600.SH,20230822,93.15,93.6,91.7,93.08,37586.91,348142.515
600601.SH,20230822,3.49,3.64,3.47,3.6,373730.35,132490.087
600602.SH,20230822,16.02,17.08,15.68,17.08,1716128.45,2841388.367
600603.SH,20230822,6.06,6.1,5.9,6.02,110357.96,65874.421
600604.SH,20230822,5.11,5.16,5.06,5.1,65375.55,33364.864
600605.SH,20230822,19.05,19.21,18.17,18.31,61672.43,114302.753
600606.SH,20230822,2.95,2.96,2.9,2.95,581299.36,170332.754
600608.SH,20230822,4.58,4.64,4.33,4.35,50614.71,22381.895
600609.SH,20230822,4.93,5.11,4.91,5.1,187026.32,93891.714
600610.SH,20230822,12.32,12.45,11.99,12.43,95971.92,116871.204
600611.SH,20230822,3.17,3.19,3.13,3.17,119903.95,37900.995
600612.SH,20230822,60.52,60.83,59.72,60.23,8356.0,50369.824
603110.SH,20230822,25.82,26.18,24.81,25.37,31093.8,78643.582
603111.SH,20230822,4.68,4.72,4.6,4.69,32764.0,15259.746
603112.SH,20230822,11.25,11.33,11.0,11.27,13682.0,15244.463
603113.SH,20230822,8.08,8.14,7.92,8.02,30990.64,24819.758
603115.SH,20230822,13.54,13.54,13.18,13.42,9531.0,12710.966
603116.SH,20230822,6.14,6.21,6.05,6.15,78518.2,47991.112
603117.SH,20230822,3.35,3.35,3.28,3.33,6691.6,2216.418
603118.SH,20230822,10.69,11.41,10.69,11.32,262313.8,289408.534
603119.SH,20230822,28.3,28.65,26.03,26.85,154814.74,421184.975
603121.SH,20230822,8.1,8.18,7.88,8.09,45861.46,36786.89
603122.SH,20230822,9.32,9.44,8.66,8.89,311727.74,278987.744
603123.SH,20230822,9.9,9.92,9.69,9.91,74144.0,72799.699
603125.SH,20230822,33.38,33.75,31.77,32.05,71458.37,232776.632
603126.SH,20230822,7.48,7.53,7.23,7.38,54155.5,39695.935
603127.SH,20230822,25.0,25.3,24.3,24.93,71631.78,176687.222
603128.SH,20230822,9.13,9.26,9.08,9.21,72426.01,66404.754
603129.SH,20230822,143.0,148.27,142.71,145.98,7576.03,110018.777
603130.SH,20230822,24.69,26.49,24.25,25.06,80411.51,201523.779
603131.SH,20230822,12.43,12.55,12.18,12.49,31285.0,38748.337
603132.SH,20230822,12.66,12.86,12.52,12.72,33703.69,42686.907
603133.SH,20230822,7.34,7.37,7.06,7.16,16745.0,12012.872
603135.SH,20230822,20.09,20.3,19.23,19.69,94947.8,187627.41
603136.SH,20230822,22.96,23.03,22.46,22.91,12839.97,29161.291
603137.SH,20230822,22.44,24.55,22.43,24.55,132289.97,321001.581
603138.SH,20230822,20.88,21.65,20.42,21.62,165052.16,349001.826
603139.SH,20230822,16.82,17.09,16.0,16.3,71643.73,118270.238
603150.SH,20230822,26.84,27.0,25.63,26.2,8397.5,21997.885
603151.SH,20230822,16.39,16.44,15.8,16.19,16428.33,26497.418
603153.SH,20230822,19.72,19.98,19.3,19.6,91416.2,179517.422
603155.SH,20230822,24.46,24.7,23.52,23.99,7003.11,16701.574
603156.SH,20230822,26.5,26.77,25.71,25.84,30496.31,79214.322
603158.SH,20230822,7.11,7.17,6.98,7.14,55949.2,39480.013
603159.SH,20230822,14.28,14.28,13.67,13.93,11360.0,15812.45
603160.SH,20230822,52.7,53.5,51.77,53.14,34451.12,180874.431
603161.SH,20230822,15.09,15.5,14.96,15.29,33779.0,51596.364
603162.SH,20230822,23.7,24.96,23.1,23.45,350638.71,847414.745
603163.SH,20230822,37.06,37.43,36.03,37.15,5646.75,20728.839
603165.SH,20230822,15.15,15.15,14.34,14.43,50292.73,73360.554
603166.SH,20230822,6.42,6.46,6.26,6.38,36686.2,23285.916
603167.SH,20230822,7.14,7.17,6.99,7.06,47787.0,33706.009
603168.SH,20230822,8.57,8.69,8.3,8.46,63537.6,53538.325
688076.SH,20230822,29.6,29.69,28.5,29.34,31347.81,90630.905
688077.SH,20230822,24.53,24.86,23.97,24.53,6091.12,14802.129
688078.SH,20230822,43.57,45.21,43.08,45.08,12177.39,53647.701
688079.SH,20230822,9.52,9.58,9.21,9.47,20666.33,19405.818
688080.SH,20230822,39.03,39.73,38.12,39.36,9192.17,35734.215
688081.SH,20230822,16.09,16.24,15.56,16.06,10187.68,16202.964
688082.SH,20230822,105.8,106.79,97.25,101.18,23281.85,234734.877
688083.SH,20230822,132.7,134.35,129.0,133.82,6010.42,79293.494
688084.SH,20230822,72.66,74.0,70.58,73.01,3503.62,25353.831
688085.SH,20230822,21.9,22.47,21.26,22.41,15245.39,33369.755
688087.SH,20230822,23.49,23.52,22.51,23.49,11330.0,26117.496
688088.SH,20230822,34.8,36.5,34.62,36.14,52237.8,185224.306
688089.SH,20230822,19.37,20.77,19.04,20.52,47090.72,94446.776
688090.SH,20230822,29.99,30.52,29.23,30.4,11903.91,35573.439
688091.SH,20230822,59.2,60.26,56.89,58.46,13650.28,79256.745
688092.SH,20230822,29.5,29.97,28.83,29.7,13712.02,40393.198
688093.SH,20230822,18.7,19.04,18.03,18.6,10294.26,19052.88
688095.SH,20230822,89.91,91.96,87.73,91.6,11983.93,108025.996
688096.SH,20230822,9.81,9.96,9.58,9.75,21389.23,20883.203
688097.SH,20230822,26.28,26.8,25.4,26.54,18745.77,48869.998
688098.SH,20230822,7.42,7.46,7.24,7.36,16030.37,11745.356
688099.SH,20230822,82.84,87.49,82.2,85.62,38687.0,326867.445
688100.SH,20230822,25.26,25.67,24.91,25.61,12817.45,32445.242
688101.SH,20230822,13.54,13.67,13.22,13.49,15678.33,21110.871
688102.SH,20230822,10.79,11.25,10.73,11.22,30413.65,33450.532
688103.SH,20230822,58.37,58.99,56.32,58.0,9465.91,54663.05
688105.SH,20230822,28.4,28.4,26.8,27.44,12122.54,33105.149
688106.SH,20230822,25.01,25.28,24.32,24.76,37781.89,93711.078
688107.SH,20230822,44.2,44.65,42.8,44.38,10215.93,44667.137
688108.SH,20230822,8.41,8.81,8.34,8.73,79017.12,67641.839
688109.SH,20230822,24.04,24.97,23.7,24.91,15215.58,36983.68
688110.SH,20230822,30.31,30.7,29.35,30.22,73868.64,220829.144
688111.SH,20230822,372.98,384.46,368.75,381.35,28487.97,1072112.586
688112.SH,20230822,45.99,46.77,44.81,45.54,4288.84,19510.502
688113.SH,20230822,42.3,42.65,40.84,41.67,1541.44,6426.1
688114.SH,20230822,81.6,81.94,78.8,80.0,3530.23,28182.137
688115.SH,20230822,30.7,31.63,29.92,31.59,8332.82,25700.835
688116.SH,20230822,27.91,28.17,26.46,26.98,62814.27,170339.433
688117.SH,20230822,24.56,25.45,24.2,25.08,58627.85,145638.69
688118.SH,20230822,26.34,28.58,26.22,27.56,33688.84,92127.68
688119.SH,20230822,5.63,5.64,5.34,5.4,94521.05,51262.135
000593.SZ,20230822,7.32,7.33,7.08,7.23,93626.04,67229.826
000595.SZ,20230822,5.2,5.65,5.2,5.4,282857.68,153886.188
000596.SZ,20230822,269.37,271.63,265.0,268.23,12048.87,322459.151
000597.SZ,20230822,5.18,5.22,5.04,5.1,156637.45,79883.932
000598.SZ,20230822,5.57,5.64,5.52,5.62,186121.02,103751.196
000599.SZ,20230822,4.26,4.27,4.15,4.22,54555.01,22904.742
000600.SZ,20230822,6.29,6.35,6.18,6.32,130788.69,81961.753
000601.SZ,20230822,4.47,4.49,4.3,4.38,60751.87,26511.848
000603.SZ,20230822,13.66,14.5,13.63,14.31,279547.65,399049.079
000605.SZ,20230822,6.75,6.77,6.5,6.63,124896.95,82572.584
000607.SZ,20230822,4.83,4.96,4.82,4.96,162656.07,79602.548
000608.SZ,20230822,3.1,3.13,3.02,3.1,167559.73,51622.024
000609.SZ,20230822,5.69,5.75,5.48,5.62,166488.28,92816.52
000610.SZ,20230822,15.74,15.95,15.3,15.93,117192.5,182495.354
000612.SZ,20230822,5.05,5.11,4.99,5.06,74696.91,37736.618
000615.SZ,20230822,3.87,3.91,3.77,3.77,356357.39,135484.47
000617.SZ,20230822,6.9,7.05,6.87,7.03,684688.52,477174.31
000619.SZ,20230822,6.41,6.45,6.25,6.34,32366.05,20487.967
000620.SZ,20230822,1.67,1.73,1.64,1.72,473934.0,79876.785
000622.SZ,20230822,4.2,4.24,4.01,4.11,142663.0,58308.218
000623.SZ,20230822,16.61,16.75,16.46,16.67,91081.3,151294.445
000625.SZ,20230822,13.24,13.27,12.91,13.19,1267438.32,1662479.231
000626.SZ,20230822,7.4,7.4,7.15,7.25,35100.0,25342.166
000627.SZ,20230822,3.41,3.47,3.38,3.44,402732.14,137957.723
000628.SZ,20230822,15.5,15.63,15.25,15.55,20293.0,31290.717
000629.SZ,20230822,3.89,3.93,3.83,3.88,466543.07,180226.869
000630.SZ,20230822,3.14,3.18,3.11,3.16,970065.29,305200.662
000631.SZ,20230822,2.99,3.02,2.95,2.96,102407.33,30501.134
000632.SZ,20230822,4.46,4.47,4.36,4.45,79097.0,34919.153
000633.SZ,20230822,6.54,6.59,6.4,6.52,40015.52,25990.113
000635.SZ,20230822,8.72,8.79,8.45,8.62,27456.2,23539.393
000636.SZ,20230822,14.25,14.38,13.91,14.23,77352.15,109034.228
000637.SZ,20230822,3.43,3.43,3.31,3.36,53607.21,18031.969
000638.SZ,20230822,6.79,6.79,6.56,6.69,72609.02,48357.694
000639.SZ,20230822,4.55,4.6,4.4,4.48,56267.06,25160.469
000650.SZ,20230822,6.51,6.57,6.41,6.48,193349.87,125313.921
000651.SZ,20230822,34.76,34.99,34.34,34.5,317056.23,1098254.327
000652.SZ,20230822,4.35,4.38,4.25,4.3,146479.81,62934.884
000655.SZ,20230822,6.75,6.79,6.47,6.59,81350.0,53629.771
000656.SZ,20230822,1.9,1.94,1.85,1.94,6642814.77,1256469.959
002314.SZ,20230822,3.57,3.61,3.51,3.56,254903.11,90410.186
002315.SZ,20230822,31.59,33.8,31.21,33.51,103900.96,338005.553
002316.SZ,20230822,5.83,6.21,5.7,6.05,980642.52,579832.965
002317.SZ,20230822,15.27,15.37,14.33,14.8,361384.59,529801.071
002318.SZ,20230822,17.18,17.26,16.88,17.09,25790.47,44022.998
002319.SZ,20230822,16.37,16.44,15.97,16.0,21504.02,34727.287
002320.SZ,20230822,6.09,6.15,6.02,6.11,89805.32,54623.33
002321.SZ,20230822,2.52,2.54,2.46,2.5,126287.0,31500.307
002322.SZ,20230822,9.41,9.56,9.31,9.53,50491.0,47819.631
002323.SZ,20230822,2.65,2.66,2.57,2.63,135140.19,35229.299
002324.SZ,20230822,12.74,12.88,12.33,12.5,72249.94,90272.649
002325.SZ,20230822,1.72,1.74,1.66,1.7,655732.44,110518.273
002326.SZ,20230822,13.62,13.69,13.21,13.46,135771.52,181906.84
002327.SZ,20230822,8.91,8.94,8.72,8.84,44592.0,39396.263
002328.SZ,20230822,5.89,5.97,5.81,5.95,84300.97,49679.954
002329.SZ,20230822,6.01,6.09,5.91,6.02,121449.44,72890.208
002330.SZ,20230822,5.72,5.78,5.64,5.75,74154.0,42292.723
002331.SZ,20230822,6.64,6.95,6.64,6.92,115517.6,78534.676
002332.SZ,20230822,11.51,11.74,11.35,11.65,59832.0,69201.733
002333.SZ,20230822,6.31,6.49,5.96,6.3,210542.45,130125.694
002334.SZ,20230822,9.9,10.1,9.77,10.0,195671.05,194144.236
002335.SZ,20230822,31.94,32.07,31.13,31.8,76599.58,242499.44
002336.SZ,20230822,15.13,15.47,15.04,15.37,94188.4,143684.744
002337.SZ,20230822,5.58,5.63,5.42,5.53,79434.0,43714.603
002338.SZ,20230822,31.12,31.99,31.06,31.89,40660.0,128483.917
002339.SZ,20230822,6.85,6.85,6.63,6.79,103200.19,69416.088
002340.SZ,20230822,6.53,6.57,6.34,6.42,477785.89,306584.756
002341.SZ,20230822,3.1,3.12,3.01,3.08,98984.0,30201.198
002342.SZ,20230822,4.14,4.15,4.03,4.1,96076.0,39172.063
002343.SZ,20230822,6.75,6.9,6.7,6.9,115080.41,78317.563
002344.SZ,20230822,4.87,4.95,4.78,4.86,96508.0,46652.788
002345.SZ,20230822,5.94,6.01,5.85,5.96,70663.95,41877.358
002346.SZ,20230822,11.84,11.93,11.49,11.65,18534.0,21565.397
002347.SZ,20230822,5.06,5.1,4.95,5.08,97332.81,48855.623
002348.SZ,20230822,3.64,3.67,3.54,3.62,64279.0,23073.449
002349.SZ,20230822,9.38,9.45,9.05,9.23,267250.2,245866.947
002350.SZ,20230822,6.58,6.58,6.36,6.49,47472.64,30565.616
002351.SZ,20230822,16.35,16.8,16.17,16.71,130082.44,214217.562
002352.SZ,20230822,44.97,45.09,43.76,44.3,169200.23,748905.262
002353.SZ,20230822,27.56,28.59,27.41,28.48,166071.85,469184.022
002354.SZ,20230822,5.65,5.83,5.63,5.83,604242.08,346151.87
003017.SZ,20230822,32.64,32.77,31.4,32.03,8415.0,26837.919
003018.SZ,20230822,9.94,9.98,9.43,9.47,42442.47,40869.693
003019.SZ,20230822,18.42,18.51,17.8,18.24,20058.88,36225.037
003020.SZ,20230822,27.42,27.61,26.68,27.05,23741.62,64008.611
003021.SZ,20230822,63.23,69.07,63.23,69.07,57452.18,386790.239
003022.SZ,20230822,20.71,20.98,20.32,20.79,38329.09,79117.679
003023.SZ,20230822,21.79,21.96,21.39,21.58,75263.3,162805.928
003025.SZ,20230822,13.93,13.99,13.5,13.74,7875.95,10783.76
003026.SZ,20230822,35.79,35.98,34.3,35.5,9865.42,34486.49
003027.SZ,20230822,20.59,20.64,19.41,19.82,59781.0,119261.764
003028.SZ,20230822,36.95,38.07,36.6,38.07,17637.37,66382.283
003029.SZ,20230822,24.31,24.95,23.92,24.7,41850.0,102403.51
003030.SZ,20230822,23.48,23.57,22.9,23.14,6338.0,14661.809
003031.SZ,20230822,101.37,102.13,99.1,101.16,16292.63,163526.808
003032.SZ,20230822,12.78,12.95,12.56,12.92,39986.01,51047.339
003033.SZ,20230822,31.4,31.84,30.0,30.65,10363.0,31800.944
003035.SZ,20230822,6.02,6.11,5.9,6.09,211556.69,126780.297
003036.SZ,20230822,13.39,13.54,13.11,13.35,14998.0,19944.867
003037.SZ,20230822,13.14,13.35,13.01,13.34,52978.0,69963.747
003038.SZ,20230822,35.7,36.6,34.21,35.23,18586.0,65308.02
003039.SZ,20230822,17.31,17.44,16.54,16.97,52934.0,89617.841
003040.SZ,20230822,17.11,17.34,16.91,17.25,42162.49,72356.783
003041.SZ,20230822,16.15,16.15,15.6,15.74,8061.84,12722.989
003042.SZ,20230822,19.2,19.35,18.21,18.79,45444.5,84764.271
003043.SZ,20230822,46.35,47.06,45.21,46.43,6566.6,30246.042
003816.SZ,20230822,3.15,3.18,3.12,3.17,966832.27,304453.654
300001.SZ,20230822,18.57,18.82,18.32,18.76,62596.37,116332.64
300002.SZ,20230822,9.72,10.1,9.61,10.07,889550.21,878172.469
300003.SZ,20230822,18.74,18.87,18.43,18.76,99381.42,185462.232
300004.SZ,20230822,5.6,5.6,5.4,5.51,58913.0,32244.592
300005.SZ,20230822,7.52,7.6,7.31,7.48,112047.69,83229.101
300006.SZ,20230822,3.45,3.5,3.39,3.44,104722.62,35880.191
300007.SZ,20230822,15.55,15.88,15.35,15.71,66812.0,104075.204
300008.SZ,20230822,4.74,4.82,4.7,4.79,409568.52,195189.314
300009.SZ,20230822,9.36,9.43,9.13,9.29,112817.78,104280.506
300010.SZ,20230822,2.46,2.49,2.38,2.43,140351.52,33990.794
300011.SZ,20230822,6.92,7.06,6.69,6.81,59731.05,40807.355
300012.SZ,20230822,19.9,19.95,19.12,19.22,83233.25,160685.696
300013.SZ,20230822,4.13,4.15,3.96,4.06,237669.5,95577.535
300014.SZ,20230822,52.68,53.3,50.58,51.86,205692.72,1062325.465
300015.SZ,20230822,17.98,18.12,17.67,17.98,346077.75,617255.492
300663.SZ,20230822,14.35,14.82,14.34,14.82,214550.67,312899.996
300664.SZ,20230822,6.04,6.06,5.85,5.95,209660.5,124457.04
300665.SZ,20230822,8.64,8.64,8.21,8.4,69530.0,58280.838
300666.SZ,20230822,57.05,57.55,55.58,57.23,28146.89,159393.959
300667.SZ,20230822,16.32,16.74,16.04,16.54,21481.0,35078.384
300668.SZ,20230822,18.97,19.38,18.4,18.86,10255.0,19216.438
300669.SZ,20230822,13.49,13.95,13.31,13.58,16389.45,22121.22
300670.SZ,20230822,7.33,7.39,7.17,7.36,36402.5,26418.027
300671.SZ,20230822,33.4,33.87,32.48,33.44,27352.64,90819.335
300672.SZ,20230822,69.11,69.78,67.45,68.84,33297.25,227812.386
300673.SZ,20230822,13.17,13.3,12.44,12.63,39146.0,49804.67
300674.SZ,20230822,18.24,18.8,18.07,18.79,339648.75,626164.384
300675.SZ,20230822,16.4,16.67,16.2,16.62,54931.0,90404.667
300676.SZ,20230822,53.35,54.0,52.45,53.51,20850.07,110730.152
300677.SZ,20230822,20.88,20.96,20.11,20.43,52588.45,107395.191
300678.SZ,20230822,36.3,38.95,35.7,38.7,305778.1,1141143.907
300679.SZ,20230822,33.54,33.88,32.53,33.4,29671.5,98412.695
300680.SZ,20230822,18.54,18.54,17.86,18.19,40968.55,74207.04
300681.SZ,20230822,18.2,18.4,17.65,18.03,22233.11,39948.969
300682.SZ,20230822,20.3,20.65,20.07,20.65,64024.61,130669.759
300683.SZ,20230822,33.82,34.01,32.63,33.1,15514.48,51558.047
300684.SZ,20230822,17.7,18.22,17.61,18.2,53736.0,96291.443
300685.SZ,20230822,23.08,23.1,22.08,22.43,43088.47,96753.373
300686.SZ,20230822,9.88,9.99,9.63,9.92,19166.0,18802.967
300687.SZ,20230822,22.2,22.5,21.39,21.93,103938.02,226106.646
300688.SZ,20230822,31.73,32.88,31.0,32.7,185480.35,595388.497
300689.SZ,20230822,21.03,21.52,20.55,21.47,18289.8,38548.559
300690.SZ,20230822,15.51,15.79,15.08,15.47,36740.33,56409.646
300691.SZ,20230822,16.72,16.82,16.39,16.78,40536.02,67345.814
300692.SZ,20230822,6.98,7.05,6.62,6.81,108085.3,73109.765
300693.SZ,20230822,32.61,33.04,31.92,32.76,53685.29,174004.807
300694.SZ,20230822,10.48,10.54,10.13,10.32,21565.01,22184.256
300695.SZ,20230822,47.5,47.53,45.5,45.77,4063.0,18723.605
300696.SZ,20230822,22.34,22.54,21.81,22.32,22475.12,49983.063
300697.SZ,20230822,10.72,11.06,10.56,10.76,29612.91,31871.107
300698.SZ,20230822,23.28,23.94,23.05,23.86,11046.0,25911.597
300699.SZ,20230822,27.98,28.23,27.28,27.67,56688.4,157172.222
300700.SZ,20230822,19.49,19.68,18.39,19.17,81721.14,155613.258
300701.SZ,20230822,9.37,9.53,9.28,9.5,27946.34,26346.563
300702.SZ,20230822,21.86,22.05,21.26,21.53,23519.86,50639.401
300703.SZ,20230822,10.04,10.17,9.8,9.89,43119.0,42825.402
301419.SZ,20230822,39.48,41.34,39.48,40.99,44348.63,180231.426
301428.SZ,20230822,48.2,53.0,47.33,50.95,133554.16,668317.677
301429.SZ,20230822,29.55,29.8,28.2,29.65,84770.96,247533.146
301439.SZ,20230822,18.56,18.77,17.03,17.34,155829.89,276306.576
301446.SZ,20230822,36.33,36.6,34.17,35.02,43041.28,152133.132
301448.SZ,20230822,36.08,37.85,35.7,37.79,95782.9,353157.429
301456.SZ,20230822,41.2,41.65,37.88,39.08,73516.31,290889.568
301468.SZ,20230822,39.29,39.81,37.4,38.41,46229.71,177541.23
301469.SZ,20230822,65.0,71.0,62.0,62.48,164881.94,1070008.318
301486.SZ,20230822,58.0,58.58,53.63,56.07,82838.97,466221.08
301487.SZ,20230822,77.56,80.3,73.33,75.8,306280.37,2341470.589
301488.SZ,20230822,78.0,78.48,72.3,75.27,40106.9,301577.54
301498.SZ,20230822,51.29,52.59,46.72,48.33,120359.2,595602.497
301499.SZ,20230822,42.48,42.99,38.6,39.18,111702.95,451970.965
301503.SZ,20230822,38.2,38.75,35.01,35.87,71279.72,261684.752
301505.SZ,20230822,53.92,57.37,53.03,55.96,61483.56,338043.736
301509.SZ,20230822,88.5,89.4,77.77,79.95,80636.56,663133.885
301510.SZ,20230822,65.15,65.99,56.77,57.28,149245.87,907412.17
301511.SZ,20230822,43.18,45.62,40.33,40.83,256811.1,1108721.718
301512.SZ,20230822,68.02,68.73,61.86,62.8,37044.61,238563.54
301515.SZ,20230822,45.64,45.76,42.73,42.73,79055.29,348396.413
301518.SZ,20230822,30.8,30.84,28.28,29.15,76751.08,225232.74
301519.SZ,20230822,31.1,31.5,28.17,29.36,163966.61,489123.112
301533.SZ,20230822,73.01,74.45,65.0,65.15,113883.1,800067.291
920870.BJ,20230822,7.13,7.2,7.09,7.11,1435.07,1021.289
920718.BJ,20230822,5.44,5.44,5.36,5.4,2251.0,1215.982
920175.BJ,20230822,8.54,8.68,8.38,8.49,4918.99,4192.67
920885.BJ,20230822,4.31,4.31,3.97,4.07,15766.97,6432.98
920089.BJ,20230822,9.63,9.64,9.22,9.44,1857.58,1761.359
920227.BJ,20230822,18.11,18.22,18.06,18.19,268.32,487.323
920946.BJ,20230822,7.14,7.22,7.1,7.12,6151.57,4381.922
920149.BJ,20230822,3.83,3.89,3.8,3.83,408.05,156.534
920964.BJ,20230822,3.12,3.12,3.05,3.08,5518.39,1696.1
920010.BJ,20230822,3.45,3.47,3.4,3.43,5556.22,1895.004
920508.BJ,20230822,6.02,6.14,6.02,6.14,227.91,137.789
920768.BJ,20230822,4.39,4.39,4.29,4.34,898.79,389.292
920239.BJ,20230822,13.11,13.16,12.16,12.6,10703.14,13488.022
920982.BJ,20230822,122.3,123.5,119.8,122.56,2780.73,33698.839
920368.BJ,20230822,43.8,44.05,43.2,43.59,640.8,2793.488
920402.BJ,20230822,10.52,10.69,10.21,10.47,9981.26,10370.425
920299.BJ,20230822,3.95,3.98,3.94,3.95,423.04,166.991
920242.BJ,20230822,9.6,9.6,9.35,9.46,942.2,890.517
600613.SH,20230822,7.51,7.6,7.23,7.43,178038.0,131509.013
600615.SH,20230822,8.94,8.94,8.47,8.63,16405.0,14195.851
600616.SH,20230822,6.72,6.78,6.62,6.75,85246.56,57090.627
600617.SH,20230822,4.45,4.5,4.36,4.43,115853.96,51200.535
600618.SH,20230822,8.7,8.78,8.52,8.67,56617.36,48960.53
600619.SH,20230822,6.01,6.16,5.88,5.96,49219.9,29329.81
600620.SH,20230822,11.6,11.65,11.5,11.58,25496.84,29459.685
600621.SH,20230822,13.25,13.56,12.68,13.28,878967.74,1152422.791
600622.SH,20230822,3.26,3.27,3.05,3.2,660736.35,209684.946
600623.SH,20230822,6.37,6.41,6.26,6.35,67005.57,42375.824
600624.SH,20230822,6.04,6.04,5.88,5.96,46446.81,27611.282
600626.SH,20230822,3.63,3.66,3.54,3.6,59322.17,21312.219
600628.SH,20230822,7.55,7.6,7.37,7.48,44511.0,33155.77
600629.SH,20230822,6.47,6.81,6.39,6.79,319687.51,210719.734
600630.SH,20230822,6.01,6.08,5.78,5.89,109790.03,64769.596
600633.SH,20230822,15.0,16.14,14.9,16.14,837683.7,1306962.618
600635.SH,20230822,3.41,3.44,3.32,3.36,193591.91,65152.671
600636.SH,20230822,10.52,10.76,10.5,10.74,86826.36,92499.516
600637.SH,20230822,7.74,7.83,7.69,7.81,108019.39,83850.433
600638.SH,20230822,6.33,6.43,6.21,6.31,77076.72,48402.984
600639.SH,20230822,12.62,12.68,12.43,12.55,57025.4,71499.951
600640.SH,20230822,10.63,10.9,10.56,10.89,52213.47,56067.253
600641.SH,20230822,15.51,15.65,15.17,15.59,111957.38,172641.913
600642.SH,20230822,6.75,6.78,6.59,6.67,167903.23,111919.102
600643.SH,20230822,5.59,5.69,5.53,5.62,107358.13,60029.228
600644.SH,20230822,6.89,6.89,6.68,6.8,27854.0,18840.64
600645.SH,20230822,16.95,17.21,16.82,17.14,45272.47,76855.364
600647.SH,20230822,15.03,15.06,14.32,14.32,27605.5,39954.479
600648.SH,20230822,11.81,11.89,11.63,11.74,28111.69,32970.442
600649.SH,20230822,4.34,4.42,4.33,4.4,232553.94,101856.549
600650.SH,20230822,9.7,9.75,9.41,9.5,14476.0,13789.629
600651.SH,20230822,3.63,3.66,3.56,3.65,111410.36,40280.374
600653.SH,20230822,1.9,1.91,1.86,1.9,172962.92,32562.825
600654.SH,20230822,2.09,2.1,2.05,2.07,62414.19,12928.091
600655.SH,20230822,7.4,7.46,7.27,7.36,130495.09,95828.952
600657.SH,20230822,4.81,4.84,4.64,4.74,275318.56,129873.957
600658.SH,20230822,5.6,5.65,5.5,5.62,128994.8,71923.46
600660.SH,20230822,37.73,38.07,37.56,37.92,119381.03,452032.605
600661.SH,20230822,8.63,8.73,8.45,8.7,34184.12,29334.897
600662.SH,20230822,5.8,5.84,5.71,5.8,54480.0,31435.376
603169.SH,20230822,6.7,6.71,6.53,6.67,79160.73,52433.038
603170.SH,20230822,18.62,18.96,18.17,18.65,32896.32,60469.714
603171.SH,20230822,38.95,40.57,38.73,40.45,30489.07,121679.66
603172.SH,20230822,20.2,20.2,18.31,18.73,145422.33,274429.036
603173.SH,20230822,27.68,27.81,26.22,26.67,9616.0,25773.594
603176.SH,20230822,6.62,6.68,6.48,6.59,20426.4,13417.795
603177.SH,20230822,13.42,13.68,12.9,13.16,24042.0,31558.638
603178.SH,20230822,11.09,11.17,10.89,11.11,24379.0,26892.187
603179.SH,20230822,50.16,50.95,48.98,50.04,27185.76,134918.78
603180.SH,20230822,31.27,31.46,29.86,30.36,20568.76,62402.104
603181.SH,20230822,10.56,10.89,10.4,10.8,40057.93,42371.358
603182.SH,20230822,15.16,15.29,14.46,14.77,25284.31,37331.807
603183.SH,20230822,5.13,5.16,5.02,5.08,73089.16,37112.916
603185.SH,20230822,42.99,43.28,41.25,42.47,51125.94,215104.295
603186.SH,20230822,30.14,30.55,29.52,30.26,19962.0,59788.402
603187.SH,20230822,17.7,17.87,17.15,17.54,48350.4,84252.163
603188.SH,20230822,3.74,3.78,3.68,3.74,52780.0,19652.066
603189.SH,20230822,13.5,13.87,13.45,13.86,29456.73,40300.625
603190.SH,20230822,31.16,31.18,30.3,31.04,34294.33,105356.978
603191.SH,20230822,18.3,18.4,17.6,18.0,62820.25,112548.698
603192.SH,20230822,19.59,19.95,19.1,19.88,14589.7,28593.326
603195.SH,20230822,106.99,106.99,103.4,105.63,21335.24,224428.714
603196.SH,20230822,18.03,18.28,17.71,18.03,29415.0,52667.909
603197.SH,20230822,52.97,54.15,52.16,53.09,24783.8,131696.925
603198.SH,20230822,72.5,73.79,71.57,73.4,50762.89,370083.736
603199.SH,20230822,30.19,30.24,29.5,30.21,15915.0,47638.414
603200.SH,20230822,18.29,18.34,17.7,18.14,17767.02,31960.881
603201.SH,20230822,22.15,22.18,21.15,21.58,6733.8,14509.265
603203.SH,20230822,25.58,25.76,24.86,25.57,7065.2,17865.342
603206.SH,20230822,16.1,16.47,15.99,16.41,29989.68,48719.752
603208.SH,20230822,38.27,38.51,36.79,37.28,21414.93,80035.548
603209.SH,20230822,19.42,19.68,18.61,19.12,24574.09,46681.645
603211.SH,20230822,14.57,14.75,14.08,14.47,43049.0,61671.014
603212.SH,20230822,17.06,17.12,16.38,16.71,68624.52,114429.777
603213.SH,20230822,11.33,11.43,10.96,11.14,14051.0,15633.721
603214.SH,20230822,16.38,16.49,15.77,16.04,17614.8,28183.224
603215.SH,20230822,19.73,20.1,19.4,19.88,33564.0,66421.643
603216.SH,20230822,13.6,13.61,13.11,13.19,13095.0,17372.678
603217.SH,20230822,22.25,22.46,21.48,21.91,8679.71,18874.215
603218.SH,20230822,16.07,16.1,15.5,15.86,103219.39,162644.282
603219.SH,20230822,12.6,12.75,12.46,12.68,15789.8,19905.539
688120.SH,20230822,191.0,193.95,184.36,192.48,16116.84,304392.641
688121.SH,20230822,27.48,27.64,26.21,27.1,16978.98,45690.121
688122.SH,20230822,47.49,47.5,45.4,46.86,53380.59,247617.695
688123.SH,20230822,52.81,54.1,51.18,54.03,28083.53,147981.917
688125.SH,20230822,39.82,40.03,38.18,39.25,4585.98,17842.248
688126.SH,20230822,20.45,20.7,20.01,20.59,92644.1,189124.841
688127.SH,20230822,14.66,14.88,14.26,14.79,17838.06,26053.554
688128.SH,20230822,21.05,21.34,20.15,20.7,24044.42,49881.933
688129.SH,20230822,14.76,14.76,14.17,14.44,5227.15,7561.765
688130.SH,20230822,42.52,42.52,41.12,42.33,5151.21,21536.909
688131.SH,20230822,51.7,52.25,50.2,51.59,10247.14,52229.681
688132.SH,20230822,24.37,24.65,23.47,24.3,13119.13,31609.68
688133.SH,20230822,59.35,59.63,56.61,58.21,9050.84,52189.033
688135.SH,20230822,18.79,19.04,18.47,18.97,11421.58,21462.295
688136.SH,20230822,17.21,17.45,16.7,17.08,9533.71,16190.939
688137.SH,20230822,52.08,53.0,49.78,50.92,9601.66,48815.543
688138.SH,20230822,18.05,18.36,17.6,18.24,14165.73,25467.777
688139.SH,20230822,41.4,41.96,40.58,41.32,28679.93,117740.82
688141.SH,20230822,30.82,31.5,30.04,31.28,14097.23,43433.572
688143.SH,20230822,31.2,32.35,30.6,32.05,10494.24,33059.328
688146.SH,20230822,36.64,36.8,35.27,36.32,17238.71,62153.888
688147.SH,20230822,45.23,46.09,43.7,45.39,11494.26,51676.698
688148.SH,20230822,9.51,9.62,9.21,9.43,40325.93,37894.238
688150.SH,20230822,16.65,16.9,16.31,16.69,16124.71,26812.662
688151.SH,20230822,19.81,19.99,19.56,19.73,7177.61,14181.739
688152.SH,20230822,115.12,115.87,106.7,111.63,20979.11,233701.49
688153.SH,20230822,68.65,70.83,66.66,69.6,12744.03,88064.339
688155.SH,20230822,44.27,45.11,43.04,44.26,3880.62,17095.698
688156.SH,20230822,29.13,29.22,28.37,28.91,11446.52,32829.89
688157.SH,20230822,53.9,55.84,52.41,53.7,9717.07,52411.178
688158.SH,20230822,16.05,16.45,15.74,16.4,148875.7,240224.626
688159.SH,20230822,34.19,34.39,33.21,34.23,9903.01,33381.945
688160.SH,20230822,56.15,56.93,54.0,56.52,30366.38,168414.411
688161.SH,20230822,38.35,38.47,36.88,37.6,12670.38,47287.233
688162.SH,20230822,37.74,37.77,36.89,37.49,4537.62,16975.852
688163.SH,20230822,19.6,19.6,18.92,19.39,5337.02,10233.672
688165.SH,20230822,10.85,10.96,10.45,10.71,66050.39,70579.004
688166.SH,20230822,19.32,19.32,18.54,18.84,15235.44,28717.231
688167.SH,20230822,86.07,87.5,83.8,86.6,7435.07,63508.139
688168.SH,20230822,33.08,34.2,32.56,33.44,17877.37,59679.445
688169.SH,20230822,261.8,262.49,249.49,256.02,10147.47,258797.124
000657.SZ,20230822,9.58,9.59,9.26,9.43,75711.04,71105.931
000659.SZ,20230822,3.07,3.11,3.03,3.09,93436.5,28619.735
000661.SZ,20230822,136.58,136.88,124.0,131.23,71074.51,917339.711
000663.SZ,20230822,10.05,10.13,9.89,10.11,32974.0,32962.253
000665.SZ,20230822,5.46,5.54,5.43,5.52,84272.03,46248.439
000666.SZ,20230822,8.1,8.19,8.03,8.17,86753.46,70294.088
000668.SZ,20230822,11.76,11.76,11.31,11.44,15879.0,18159.322
000669.SZ,20230822,2.0,2.01,1.91,1.95,105218.06,20532.053
000670.SZ,20230822,5.99,6.04,5.91,6.04,122446.09,73139.996
000672.SZ,20230822,9.57,9.77,9.43,9.54,49149.8,46867.894
000676.SZ,20230822,6.0,6.12,5.96,6.11,222601.42,134605.014
000677.SZ,20230822,2.85,2.86,2.76,2.81,64617.5,18100.153
000678.SZ,20230822,6.62,6.73,6.51,6.67,126964.0,84140.244
000679.SZ,20230822,5.71,5.78,5.59,5.67,62833.81,35506.236
000680.SZ,20230822,4.95,5.02,4.9,4.99,128943.45,63909.243
000681.SZ,20230822,15.03,15.68,14.92,15.67,450346.55,690474.472
000682.SZ,20230822,8.55,8.59,8.4,8.57,65444.05,55679.752
000683.SZ,20230822,7.14,7.16,6.75,6.89,492960.6,340850.585
000685.SZ,20230822,7.66,7.7,7.53,7.62,113191.69,85993.065
000686.SZ,20230822,8.15,8.24,8.05,8.17,297117.28,241714.309
000688.SZ,20230822,13.25,13.43,12.9,13.22,47471.84,62353.203
000690.SZ,20230822,6.43,6.48,6.07,6.18,561251.96,347924.809
000691.SZ,20230822,4.93,5.01,4.84,4.92,91507.0,44825.998
000692.SZ,20230822,2.81,2.87,2.73,2.76,132573.22,37163.408
000695.SZ,20230822,12.47,12.47,12.15,12.3,11904.0,14600.963
000697.SZ,20230822,6.05,6.09,5.78,5.8,105381.0,61629.203
000698.SZ,20230822,4.2,4.21,4.06,4.13,70022.0,28828.79
000700.SZ,20230822,6.57,6.78,6.46,6.68,161787.93,106657.184
000701.SZ,20230822,6.45,7.16,6.45,7.16,607092.96,431421.462
000702.SZ,20230822,5.85,5.88,5.68,5.75,34541.01,19883.317
000703.SZ,20230822,7.21,7.3,7.11,7.3,145125.39,104606.905
000705.SZ,20230822,8.13,8.22,8.0,8.11,242928.7,196781.787
000707.SZ,20230822,8.31,8.31,7.85,8.04,179389.16,144013.405
000708.SZ,20230822,14.7,14.9,14.42,14.6,84402.78,123254.351
000709.SZ,20230822,2.29,2.32,2.29,2.31,592497.87,136517.658
000710.SZ,20230822,11.19,11.2,10.28,10.28,203078.44,211855.278
000711.SZ,20230822,1.96,1.97,1.86,1.92,301445.65,57449.372
000712.SZ,20230822,13.69,13.99,13.53,13.81,232433.34,318983.978
000713.SZ,20230822,8.86,8.94,8.8,8.91,55403.19,49114.782
000715.SZ,20230822,7.43,7.45,7.3,7.4,49018.3,36145.995
000716.SZ,20230822,7.13,7.17,6.81,7.08,426949.63,299030.718
002355.SZ,20230822,6.11,6.35,6.04,6.31,1209454.58,746310.727
002356.SZ,20230822,5.55,5.55,5.29,5.38,175588.0,94643.183
002357.SZ,20230822,7.12,7.15,6.8,6.96,88346.76,61560.702
002358.SZ,20230822,4.32,4.33,4.19,4.29,91605.0,38959.126
002360.SZ,20230822,7.34,7.36,7.1,7.2,34861.0,25048.27
002361.SZ,20230822,3.91,3.95,3.84,3.9,79949.0,31059.092
002362.SZ,20230822,22.53,23.13,22.43,23.08,106089.01,241593.639
002363.SZ,20230822,6.76,6.84,6.69,6.84,55720.4,37782.963
002364.SZ,20230822,7.36,7.47,7.26,7.46,51191.0,37712.205
002365.SZ,20230822,9.5,9.61,9.25,9.39,60270.5,56481.603
002366.SZ,20230822,6.1,6.18,6.01,6.16,110156.0,67096.331
002367.SZ,20230822,8.54,8.58,8.4,8.5,54183.17,45882.457
002368.SZ,20230822,42.04,44.19,40.6,44.16,205904.14,878911.373
002369.SZ,20230822,4.71,4.77,4.62,4.75,73860.0,34668.081
002370.SZ,20230822,4.4,4.45,4.14,4.26,486311.13,206297.839
002371.SZ,20230822,257.08,259.13,250.33,257.75,44983.56,1145840.894
002372.SZ,20230822,20.71,20.84,20.46,20.65,27676.94,57147.688
002373.SZ,20230822,12.37,12.65,12.21,12.61,120468.23,149735.21
002374.SZ,20230822,3.92,3.94,3.82,3.89,116564.8,45080.467
002375.SZ,20230822,4.81,4.83,4.71,4.8,106719.0,50792.714
002376.SZ,20230822,7.47,7.6,7.45,7.59,63866.87,48082.139
002377.SZ,20230822,3.1,3.11,3.01,3.06,615485.08,187820.959
002378.SZ,20230822,5.8,5.86,5.68,5.79,83798.7,48387.146
002379.SZ,20230822,4.51,4.56,4.43,4.51,94473.0,42459.38
002380.SZ,20230822,18.17,18.71,18.17,18.71,44900.03,83048.475
002381.SZ,20230822,7.23,7.28,7.01,7.11,54420.03,38639.574
002382.SZ,20230822,6.65,6.7,6.47,6.55,110122.95,72099.009
002383.SZ,20230822,6.62,6.75,6.57,6.73,63487.69,42340.262
002384.SZ,20230822,18.88,19.13,18.32,18.8,249887.56,466168.592
002385.SZ,20230822,6.61,6.65,6.45,6.54,259074.77,169291.734
002386.SZ,20230822,5.97,6.0,5.82,5.95,85820.25,50603.214
002387.SZ,20230822,7.6,7.72,7.47,7.69,60197.0,45713.918
002388.SZ,20230822,6.25,6.33,6.15,6.31,45909.0,28658.298
002389.SZ,20230822,21.0,21.29,20.68,21.11,83964.94,176428.508
002390.SZ,20230822,4.54,4.55,4.38,4.44,169131.45,75076.369
002391.SZ,20230822,6.87,6.93,6.75,6.84,48989.97,33364.335
002392.SZ,20230822,3.79,3.81,3.68,3.73,67553.0,25193.064
002393.SZ,20230822,23.43,23.65,22.72,23.14,17873.39,41180.158
002394.SZ,20230822,9.26,9.35,8.66,8.81,374906.17,332194.387
002395.SZ,20230822,10.85,11.0,10.52,10.71,48841.0,52402.758
002396.SZ,20230822,19.89,20.06,19.4,20.02,84559.95,167425.708
300016.SZ,20230822,6.34,6.39,6.19,6.28,72746.0,45545.491
300017.SZ,20230822,6.45,6.56,6.36,6.55,415940.96,268660.088
300018.SZ,20230822,6.25,6.3,6.12,6.27,79118.96,49171.501
300019.SZ,20230822,15.98,16.17,15.35,15.8,35386.65,55474.191
300020.SZ,20230822,8.65,8.9,8.59,8.88,152484.46,133270.783
300021.SZ,20230822,5.03,5.06,4.94,5.01,84033.0,41864.28
300022.SZ,20230822,4.9,4.93,4.72,4.8,71117.56,34049.956
300024.SZ,20230822,12.48,12.75,12.35,12.71,266144.57,334391.639
300025.SZ,20230822,12.89,13.53,12.89,13.52,122183.0,162233.823
300026.SZ,20230822,4.44,4.47,4.33,4.4,566201.0,247717.702
300027.SZ,20230822,2.94,3.0,2.9,2.98,604885.63,178843.007
300029.SZ,20230822,6.98,7.16,6.9,7.05,20504.0,14434.796
300030.SZ,20230822,7.26,7.32,6.75,6.93,133551.0,92547.47
300031.SZ,20230822,19.66,20.1,19.43,20.01,102978.69,203583.495
300032.SZ,20230822,6.19,6.36,6.19,6.35,116556.0,73320.846
300033.SZ,20230822,168.52,169.99,164.2,168.79,82189.47,1373032.392
300034.SZ,20230822,23.77,24.25,23.32,23.76,36864.22,87722.923
300035.SZ,20230822,11.27,11.56,11.01,11.29,134588.01,150593.243
300036.SZ,20230822,21.41,22.59,21.3,22.53,170550.47,375673.315
300037.SZ,20230822,48.13,49.0,47.66,48.47,30751.77,148511.353
300039.SZ,20230822,6.62,6.65,6.41,6.56,190379.94,123760.358
300040.SZ,20230822,5.75,5.77,5.57,5.69,58269.0,32951.225
300041.SZ,20230822,10.3,10.38,10.01,10.23,69100.61,70179.7
300042.SZ,20230822,29.02,29.79,28.41,29.41,58129.01,170046.954
300043.SZ,20230822,3.44,3.5,3.38,3.5,275473.0,95074.753
300044.SZ,20230822,4.2,4.28,4.14,4.28,235231.6,99206.014
300045.SZ,20230822,10.96,11.5,10.95,11.41,293768.91,329669.835
300046.SZ,20230822,15.72,15.96,15.42,15.92,29420.0,46254.148
300047.SZ,20230822,7.58,7.76,7.58,7.76,290551.81,222925.209
300048.SZ,20230822,5.21,5.26,5.08,5.16,82366.6,42356.256
300049.SZ,20230822,21.55,21.79,20.89,21.61,33810.64,72227.224
300050.SZ,20230822,3.95,4.03,3.91,4.02,98241.0,39047.882
300051.SZ,20230822,13.41,13.61,13.0,13.2,79254.01,104853.01
300052.SZ,20230822,17.45,17.52,17.06,17.5,45839.81,79547.643
300053.SZ,20230822,10.8,11.15,10.8,11.11,155913.46,171282.94
300054.SZ,20230822,21.81,21.81,21.13,21.55,25366.0,54565.929
300055.SZ,20230822,7.46,7.53,7.25,7.37,50152.11,36811.524
300056.SZ,20230822,6.8,6.87,6.5,6.61,79781.5,53043.877
300057.SZ,20230822,6.96,7.01,6.81,6.94,71375.1,49221.509
300058.SZ,20230822,8.23,8.44,8.14,8.4,851515.51,704968.859
300059.SZ,20230822,15.5,15.87,15.32,15.66,3267280.09,5084312.2
300705.SZ,20230822,20.65,20.78,20.06,20.64,46649.62,95205.014
300706.SZ,20230822,25.06,25.38,23.74,24.68,69989.0,170981.836
300707.SZ,20230822,14.65,14.88,14.25,14.7,31535.0,45882.202
300708.SZ,20230822,10.4,10.52,10.03,10.32,102786.2,105326.019
300709.SZ,20230822,22.11,22.3,21.35,22.16,38944.88,84971.136
300710.SZ,20230822,23.12,23.48,22.81,23.42,10544.0,24404.376
300711.SZ,20230822,13.92,13.92,13.69,13.92,40562.0,56073.32
300712.SZ,20230822,31.49,31.62,30.57,31.25,11043.22,34325.638
300713.SZ,20230822,17.88,17.93,17.14,17.68,67262.74,117775.964
300715.SZ,20230822,13.7,13.81,13.51,13.73,18417.0,25113.168
300716.SZ,20230822,12.42,12.51,11.94,12.2,19719.0,23938.803
300717.SZ,20230822,16.64,16.87,16.29,16.6,9630.5,15928.385
300718.SZ,20230822,18.71,18.88,18.35,18.88,17656.39,32859.762
300719.SZ,20230822,12.16,12.38,12.0,12.27,33245.5,40546.44
300720.SZ,20230822,12.18,12.29,11.84,12.03,16048.0,19342.723
300721.SZ,20230822,15.19,15.37,14.5,14.75,22995.34,34065.746
300722.SZ,20230822,26.46,27.76,26.3,26.92,93374.92,252387.939
300723.SZ,20230822,19.22,19.4,18.85,19.23,35339.35,67537.314
300724.SZ,20230822,87.0,88.17,84.25,86.28,44447.13,381112.203
300725.SZ,20230822,45.66,45.99,43.96,44.68,33767.18,150880.981
300726.SZ,20230822,36.67,37.45,36.03,37.26,27080.0,99594.592
300727.SZ,20230822,23.97,23.97,22.88,23.43,11448.7,26591.61
300729.SZ,20230822,15.46,15.52,14.47,14.73,119463.94,176030.529
300730.SZ,20230822,13.65,14.05,13.56,14.05,184831.29,255384.057
300731.SZ,20230822,18.02,18.35,17.72,18.22,44432.4,80260.638
300732.SZ,20230822,10.15,10.27,9.98,10.23,70912.85,71966.0
300733.SZ,20230822,11.43,11.51,11.14,11.41,19138.22,21660.153
300735.SZ,20230822,9.98,10.18,9.96,10.15,48986.78,49271.814
300736.SZ,20230822,12.01,12.2,11.7,11.99,22342.0,26682.371
300737.SZ,20230822,8.81,8.91,8.58,8.73,113931.11,99112.908
300738.SZ,20230822,9.42,9.9,9.36,9.9,304831.21,295002.34
300739.SZ,20230822,13.3,13.58,13.06,13.45,25862.25,34430.194
300740.SZ,20230822,19.78,19.86,19.11,19.48,94441.63,183309.826
300741.SZ,20230822,22.02,22.15,21.45,21.75,13073.51,28357.357
300742.SZ,20230822,6.1,6.2,5.59,5.77,103591.0,60311.317
300743.SZ,20230822,14.78,14.87,14.42,14.83,18248.0,26806.379
300745.SZ,20230822,37.11,37.47,36.16,37.28,18818.31,69385.25
300746.SZ,20230822,11.28,11.41,11.08,11.33,59533.0,66908.512
300747.SZ,20230822,26.17,26.35,25.63,26.32,48826.59,127219.993
300748.SZ,20230822,17.16,17.27,16.72,17.21,81353.45,138207.029
300749.SZ,20230822,8.81,8.91,8.5,8.58,29607.83,25598.554
920799.BJ,20230822,7.91,8.08,7.85,8.06,7668.43,6120.836
920394.BJ,20230822,14.86,14.95,13.94,14.27,6394.86,9155.376
920699.BJ,20230822,9.66,9.73,9.5,9.62,1339.27,1282.073
920087.BJ,20230822,6.72,6.81,6.61,6.76,10394.37,6976.26
920405.BJ,20230822,9.15,9.18,8.97,9.15,1141.87,1033.084
920223.BJ,20230822,2.87,2.87,2.81,2.84,951.1,268.675
920207.BJ,20230822,5.85,6.05,5.76,6.0,2500.47,1478.528
920237.BJ,20230822,11.0,11.0,10.48,10.55,1501.26,1600.897
920662.BJ,20230822,9.23,9.34,8.81,8.98,2636.51,2388.983
920680.BJ,20230822,12.65,14.5,12.65,14.1,17955.61,24665.182
920179.BJ,20230822,20.53,20.53,20.0,20.02,1510.11,3049.164
920475.BJ,20230822,6.6,6.6,6.33,6.38,1484.4,948.554
920866.BJ,20230822,5.81,5.81,5.71,5.8,599.24,347.32
920725.BJ,20230822,13.0,13.0,12.35,12.47,2038.59,2563.102
920527.BJ,20230822,6.41,6.44,6.3,6.4,569.67,362.644
920270.BJ,20230822,15.94,15.94,15.42,15.65,441.4,687.75
920396.BJ,20230822,6.5,6.55,6.44,6.47,136.14,88.14
920371.BJ,20230822,3.44,3.49,3.42,3.47,2410.59,831.095
920576.BJ,20230822,14.73,14.95,13.63,14.08,10719.52,15325.961
920807.BJ,20230822,5.15,5.16,5.1,5.13,1114.99,570.758
920808.BJ,20230822,51.62,52.96,49.89,52.96,35182.26,180676.054
920505.BJ,20230822,10.43,10.49,10.15,10.29,3416.29,3504.054
920476.BJ,20230822,12.1,12.25,12.1,12.1,576.97,698.936
920075.BJ,20230822,7.7,7.75,7.65,7.67,420.08,322.572
920855.BJ,20230822,6.46,6.54,6.43,6.46,791.74,511.446
920478.BJ,20230822,16.4,16.4,15.93,16.17,1006.36,1619.448
920275.BJ,20230822,2.98,2.99,2.92,2.99,524.61,153.906
920017.BJ,20230822,10.16,10.22,10.0,10.12,7950.15,8023.026
920857.BJ,20230822,8.12,8.17,8.11,8.13,121.76,98.93
920221.BJ,20230822,7.2,7.23,6.94,7.08,6452.72,4585.913
920212.BJ,20230822,4.9,4.9,4.78,4.84,1212.46,584.493
920719.BJ,20230822,11.48,11.57,11.21,11.3,5996.96,6808.893
920407.BJ,20230822,5.76,5.81,5.71,5.81,499.04,286.354
920564.BJ,20230822,5.88,6.04,5.87,6.04,282.0,166.791
920344.BJ,20230822,15.3,15.51,15.12,15.34,144.87,220.575
920670.BJ,20230822,8.93,8.93,8.54,8.85,3922.66,3409.174
920062.BJ,20230822,4.56,4.6,4.51,4.56,1898.28,863.167
920689.BJ,20230822,7.91,7.93,7.86,7.9,347.54,274.284
920701.BJ,20230822,6.97,6.98,6.68,6.69,14872.46,10065.252
920273.BJ,20230822,9.87,9.87,9.63,9.77,772.68,754.52
920425.BJ,20230822,12.15,12.45,12.04,12.43,999.77,1216.447
920395.BJ,20230822,6.08,6.1,6.02,6.08,244.53,148.244
600663.SH,20230822,10.19,10.28,10.11,10.19,41458.5,42159.073
600664.SH,20230822,3.28,3.3,3.2,3.25,207694.0,67250.203
600665.SH,20230822,4.33,4.4,4.27,4.33,90729.2,39250.723
600666.SH,20230822,2.11,2.12,2.07,2.08,60968.0,12738.666
600667.SH,20230822,6.63,6.67,6.5,6.65,269130.17,177505.93
600668.SH,20230822,11.44,11.55,11.24,11.36,22332.0,25329.858
600671.SH,20230822,11.0,11.0,9.96,9.96,51382.44,53625.04
600673.SH,20230822,6.69,6.73,6.42,6.67,181494.6,119614.057
600674.SH,20230822,14.93,14.97,14.81,14.89,70146.8,104433.924
600675.SH,20230822,3.92,3.95,3.87,3.94,146246.46,57101.225
600676.SH,20230822,4.25,4.29,4.19,4.25,72107.59,30510.096
600678.SH,20230822,5.58,5.6,5.42,5.53,33158.07,18238.134
600679.SH,20230822,8.63,8.69,8.23,8.38,73866.43,61892.587
600681.SH,20230822,4.41,4.5,4.39,4.45,103991.75,46089.271
600682.SH,20230822,8.06,8.13,7.91,8.0,59035.42,47178.524
600683.SH,20230822,7.06,7.6,6.88,7.37,580152.0,421508.413
600684.SH,20230822,4.02,4.13,4.0,4.05,186125.24,75364.587
600685.SH,20230822,24.7,25.08,24.5,25.0,90710.04,225007.677
600686.SH,20230822,7.02,7.09,6.95,7.06,98241.0,68970.304
600688.SH,20230822,3.11,3.13,3.08,3.11,185229.24,57527.469
600689.SH,20230822,10.55,10.55,9.89,10.1,224029.62,227284.609
600690.SH,20230822,22.72,22.97,22.53,22.88,212800.81,483770.916
600691.SH,20230822,3.12,3.14,3.06,3.09,90988.05,28162.428
600692.SH,20230822,6.07,6.13,5.96,6.02,44641.0,26879.581
600693.SH,20230822,4.06,4.12,4.02,4.07,62988.2,25562.439
600694.SH,20230822,18.68,18.83,18.4,18.65,13446.28,24946.523
600696.SH,20230822,26.01,26.28,24.71,25.04,21594.55,54438.297
600697.SH,20230822,13.12,13.2,12.82,12.94,16061.0,20845.932
600698.SH,20230822,4.52,4.58,4.46,4.57,51489.7,23285.472
600699.SH,20230822,18.29,18.55,17.8,18.4,254203.36,462655.638
600702.SH,20230822,134.39,134.95,131.5,134.0,57550.21,765601.512
600703.SH,20230822,16.68,16.87,16.56,16.85,272444.42,455144.227
600704.SH,20230822,4.8,4.83,4.73,4.8,287916.8,137563.204
600705.SH,20230822,3.78,3.83,3.76,3.81,721360.64,273349.402
600706.SH,20230822,15.4,15.51,14.85,15.26,101967.6,153904.747
600707.SH,20230822,5.96,6.06,5.89,6.01,128986.93,76956.991
600708.SH,20230822,2.64,2.66,2.57,2.62,460861.08,120389.848
600710.SH,20230822,7.68,7.88,7.66,7.81,118998.86,92467.762
600711.SH,20230822,4.7,4.74,4.6,4.66,304912.0,142124.458
600712.SH,20230822,4.17,4.21,4.08,4.14,80236.14,33102.03
600713.SH,20230822,5.06,5.11,4.97,5.04,187593.0,94169.794
603220.SH,20230822,19.93,20.9,19.75,20.9,233950.74,481977.111
603221.SH,20230822,9.19,9.27,8.5,8.6,58267.4,51002.539
603222.SH,20230822,9.3,9.4,9.11,9.39,89699.65,82816.153
603223.SH,20230822,13.38,13.38,12.8,13.05,23539.99,30787.456
603225.SH,20230822,11.91,12.45,11.88,12.27,91181.25,110755.71
603226.SH,20230822,5.72,5.72,5.47,5.52,26852.62,14942.277
603227.SH,20230822,8.22,8.29,7.98,8.17,106475.53,86193.607
603228.SH,20230822,22.05,22.23,21.61,22.17,41913.23,92150.174
603229.SH,20230822,13.23,13.37,12.88,13.12,39225.45,51170.059
603230.SH,20230822,12.37,12.59,12.29,12.58,36686.13,45761.889
603232.SH,20230822,14.06,14.5,14.01,14.39,55601.98,79456.396
603233.SH,20230822,27.88,28.09,26.87,27.26,80651.9,219931.404
603235.SH,20230822,29.39,29.47,28.38,28.51,8383.47,24010.016
603236.SH,20230822,44.99,45.81,44.06,45.33,57152.09,256452.793
603237.SH,20230822,28.95,29.22,28.18,28.59,6303.15,18001.754
603238.SH,20230822,13.11,13.17,12.19,12.25,29939.65,37359.225
603239.SH,20230822,13.86,14.11,13.7,13.85,19449.0,26942.994
603255.SH,20230822,37.32,37.37,36.04,37.22,7672.0,28127.883
603256.SH,20230822,7.48,7.53,7.28,7.43,12149.0,8961.869
603258.SH,20230822,31.57,32.47,31.18,32.12,60228.37,191965.554
603259.SH,20230822,77.8,78.81,75.91,77.59,214790.04,1666127.532
603260.SH,20230822,61.79,62.8,61.08,62.5,25402.33,157246.594
603261.SH,20230822,33.37,34.33,33.03,33.78,15633.0,52819.175
603266.SH,20230822,13.22,13.44,12.97,13.24,14774.56,19479.241
603267.SH,20230822,61.0,63.48,60.97,63.17,77727.84,487020.545
603268.SH,20230822,20.41,20.45,19.86,20.29,13291.2,26700.401
603269.SH,20230822,12.68,12.86,12.45,12.85,28846.2,36469.354
603272.SH,20230822,17.1,17.22,16.8,17.05,16094.0,27391.658
603277.SH,20230822,23.99,24.3,23.6,24.17,25051.0,59756.134
603278.SH,20230822,11.87,11.99,10.77,10.95,165656.49,181708.898
603279.SH,20230822,29.04,29.24,28.6,28.94,13916.98,40238.146
603280.SH,20230822,25.27,25.66,24.5,24.95,40144.98,100370.658
603281.SH,20230822,29.9,30.1,29.13,29.7,17489.66,51722.964
603282.SH,20230822,29.9,29.92,27.67,28.51,26798.61,76249.976
603283.SH,20230822,44.63,45.03,43.5,44.37,52610.11,231285.815
603286.SH,20230822,17.8,17.93,17.55,17.88,21494.0,38184.473
603288.SH,20230822,40.65,41.07,39.9,40.49,154216.43,622293.298
603289.SH,20230822,9.77,9.85,9.5,9.68,26640.6,25688.181
603290.SH,20230822,195.01,196.8,190.1,194.2,19728.61,381043.031
603291.SH,20230822,19.72,22.23,19.3,22.23,320367.91,661401.437
603296.SH,20230822,72.6,73.41,71.12,73.19,37507.65,271356.431
688170.SH,20230822,36.47,36.8,35.08,36.42,7498.52,26936.75
688171.SH,20230822,22.43,22.56,21.97,22.44,13765.33,30769.594
688172.SH,20230822,19.64,19.8,18.86,19.01,55437.35,106561.655
688173.SH,20230822,18.28,18.48,17.61,18.22,22356.83,40251.954
688175.SH,20230822,31.8,32.53,30.9,31.98,5093.96,16173.659
688176.SH,20230822,10.4,10.44,10.17,10.27,26711.04,27410.299
688177.SH,20230822,26.6,27.52,26.28,27.49,15863.16,42693.182
688178.SH,20230822,19.08,19.08,18.25,18.62,11691.95,21733.274
688179.SH,20230822,18.53,18.82,18.12,18.53,16918.26,31116.47
688180.SH,20230822,39.25,39.28,37.27,38.3,44008.61,167512.374
688181.SH,20230822,25.88,26.39,25.26,25.98,8193.51,21007.82
688182.SH,20230822,20.24,20.72,19.9,20.6,7674.27,15591.566
688183.SH,20230822,10.29,10.5,10.07,10.41,29032.23,29859.049
688184.SH,20230822,25.08,25.47,24.82,25.06,5255.84,13144.495
688185.SH,20230822,77.83,78.08,72.9,74.79,33455.84,249521.429
688186.SH,20230822,23.36,23.7,22.9,23.6,26774.31,62354.311
688187.SH,20230822,38.66,39.62,38.14,39.44,29211.32,113515.532
688188.SH,20230822,233.32,243.0,231.51,240.69,9056.73,214612.729
688189.SH,20230822,9.13,9.21,8.76,8.96,35348.0,31552.398
688190.SH,20230822,73.59,74.31,71.07,72.24,2312.84,16737.297
688191.SH,20230822,17.4,17.85,17.15,17.74,18600.27,32559.768
688192.SH,20230822,30.87,31.03,29.6,30.08,10560.51,31702.479
688193.SH,20230822,44.15,44.29,42.55,43.8,2700.75,11733.684
688195.SH,20230822,34.3,35.0,33.37,34.86,25091.53,86029.216
688196.SH,20230822,46.4,46.4,45.09,45.98,2335.6,10706.411
688197.SH,20230822,42.21,42.47,41.1,42.24,4317.36,18052.663
688198.SH,20230822,126.06,126.95,124.5,126.08,1179.1,14843.753
688199.SH,20230822,28.52,28.52,27.25,27.81,8531.16,23627.411
688200.SH,20230822,144.2,145.99,138.55,143.7,7017.59,99454.362
688201.SH,20230822,26.96,27.65,26.0,27.11,51630.04,138477.992
688202.SH,20230822,84.25,84.68,79.26,81.19,25630.04,207611.814
688203.SH,20230822,13.24,13.37,12.71,13.01,29153.43,37886.419
688205.SH,20230822,54.36,55.45,52.81,54.83,11811.85,63847.162
688206.SH,20230822,23.51,23.99,22.82,23.58,16320.88,38081.7
688207.SH,20230822,20.24,20.92,20.2,20.92,35815.78,73701.42
688208.SH,20230822,26.56,26.98,26.18,26.82,37907.05,101037.246
688209.SH,20230822,15.63,15.63,14.88,15.23,21691.69,32915.898
688210.SH,20230822,17.31,17.67,17.24,17.6,6363.99,11093.52
688211.SH,20230822,39.7,39.88,38.71,39.68,5663.11,22246.582
688212.SH,20230822,51.16,53.79,50.6,53.15,23096.67,121339.398
688213.SH,20230822,44.02,45.6,43.04,45.14,9300.05,41191.472
000717.SZ,20230822,3.0,3.02,2.93,2.99,190481.0,56604.873
000718.SZ,20230822,3.02,3.03,2.96,3.0,157629.34,47190.738
000719.SZ,20230822,11.62,12.62,11.62,12.62,642963.13,790936.619
000720.SZ,20230822,4.55,4.56,4.39,4.47,60157.83,26809.778
000721.SZ,20230822,12.73,12.83,12.37,12.8,255836.77,321734.622
000722.SZ,20230822,11.29,11.5,11.09,11.37,49236.81,55405.861
000723.SZ,20230822,7.67,7.7,7.28,7.51,413087.89,308080.414
000725.SZ,20230822,3.83,3.91,3.82,3.9,2861633.15,1107848.189
000726.SZ,20230822,6.82,6.85,6.68,6.74,75445.07,50762.287
000727.SZ,20230822,2.24,2.28,2.23,2.26,371113.0,83771.485
000728.SZ,20230822,7.27,7.3,7.17,7.27,648046.81,469409.835
000729.SZ,20230822,10.69,10.76,10.27,10.46,258019.81,268413.634
000731.SZ,20230822,7.87,7.88,7.34,7.47,303903.06,228638.613
000733.SZ,20230822,88.2,90.89,88.19,89.92,31099.8,277857.435
000735.SZ,20230822,6.27,6.34,6.2,6.27,108303.49,67835.502
000736.SZ,20230822,13.76,14.0,13.54,13.84,168893.01,232197.533
000737.SZ,20230822,5.56,5.63,5.48,5.54,58277.0,32279.886
000738.SZ,20230822,22.39,22.65,22.23,22.51,49262.7,110630.899
000739.SZ,20230822,16.68,16.79,15.92,16.45,163674.0,266107.606
000750.SZ,20230822,3.9,3.96,3.85,3.93,1091002.06,426037.603
000751.SZ,20230822,3.35,3.39,3.32,3.38,175379.99,58877.94
000752.SZ,20230822,9.12,9.5,9.12,9.12,251686.06,231852.984
000753.SZ,20230822,4.35,4.38,4.28,4.36,86543.83,37379.007
000755.SZ,20230822,5.0,5.02,4.87,4.93,79604.0,39147.895
000756.SZ,20230822,20.11,20.18,19.39,19.77,129061.89,254501.742
000757.SZ,20230822,4.1,4.13,3.99,4.06,50945.0,20603.573
000758.SZ,20230822,4.75,4.8,4.71,4.79,148832.63,70856.483
000759.SZ,20230822,4.8,4.81,4.7,4.76,90714.0,42999.251
000761.SZ,20230822,3.96,4.0,3.93,3.99,97814.53,38814.917
000762.SZ,20230822,26.77,27.1,25.83,26.41,98171.06,257914.2
000766.SZ,20230822,5.83,6.15,5.83,6.03,540652.61,321966.124
000767.SZ,20230822,3.2,3.21,3.13,3.17,217353.8,68651.166
000768.SZ,20230822,24.46,24.94,24.32,24.72,96934.0,239161.037
000776.SZ,20230822,15.36,15.55,15.21,15.41,617044.9,949514.853
000777.SZ,20230822,13.7,13.84,13.41,13.68,43241.0,58881.002
000778.SZ,20230822,4.07,4.15,4.05,4.1,426315.12,174642.672
000779.SZ,20230822,11.24,11.38,11.07,11.38,49686.0,55895.551
000782.SZ,20230822,5.2,5.21,5.03,5.11,65641.0,33388.239
000783.SZ,20230822,6.35,6.4,6.28,6.36,410919.74,260684.576
000785.SZ,20230822,3.99,4.01,3.9,3.97,155032.44,61254.069
000786.SZ,20230822,28.14,29.25,28.09,28.97,237061.38,680149.242
002397.SZ,20230822,3.56,3.57,3.45,3.51,82629.0,28849.714
002398.SZ,20230822,5.43,5.47,5.3,5.41,70624.01,37902.374
002399.SZ,20230822,11.4,11.48,11.19,11.28,19360.0,21835.142
002400.SZ,20230822,5.89,6.12,5.88,6.08,1679819.23,1011044.794
002401.SZ,20230822,22.1,23.43,22.09,23.43,406232.53,945099.285
002402.SZ,20230822,14.74,14.82,14.38,14.71,85261.89,124320.982
002403.SZ,20230822,8.35,8.46,8.13,8.26,46363.0,38157.957
002404.SZ,20230822,6.49,6.5,6.29,6.38,57171.5,36399.749
002405.SZ,20230822,10.7,10.82,10.56,10.76,233769.31,249994.142
002406.SZ,20230822,5.43,5.48,5.35,5.47,53831.0,29138.497
002407.SZ,20230822,17.0,17.12,16.49,16.72,120698.07,201776.553
002408.SZ,20230822,6.26,6.31,6.17,6.22,73385.05,45715.046
002409.SZ,20230822,62.33,62.9,60.5,62.56,63297.22,391309.341
002410.SZ,20230822,27.0,28.11,26.51,26.52,506984.9,1370577.223
002412.SZ,20230822,6.5,6.53,6.27,6.39,77392.1,49259.649
002413.SZ,20230822,5.29,5.34,5.06,5.15,438232.59,226598.585
002414.SZ,20230822,7.47,7.57,7.37,7.57,124333.12,93029.289
002415.SZ,20230822,34.7,35.34,34.26,35.19,262268.97,913261.255
002416.SZ,20230822,7.28,7.36,7.1,7.2,110256.2,79208.704
002418.SZ,20230822,2.86,2.91,2.8,2.86,206409.0,58688.367
002419.SZ,20230822,6.12,6.2,6.07,6.19,82525.0,50547.654
002420.SZ,20230822,5.88,5.88,5.63,5.73,64991.0,37268.312
002421.SZ,20230822,3.34,3.44,3.33,3.43,348682.83,118213.199
002422.SZ,20230822,26.51,26.99,26.39,26.69,118401.48,315864.599
002423.SZ,20230822,8.17,8.17,8.01,8.12,131169.16,106080.145
002424.SZ,20230822,7.83,7.87,7.64,7.8,197976.47,153186.835
002425.SZ,20230822,4.81,4.86,4.72,4.84,137384.51,65810.227
002426.SZ,20230822,2.19,2.2,2.13,2.2,313217.31,67951.538
002427.SZ,20230822,6.6,6.66,6.21,6.47,65793.62,42432.248
002428.SZ,20230822,13.65,13.96,13.3,13.66,307264.89,419430.122
002429.SZ,20230822,5.07,5.13,5.01,5.08,243060.37,123266.599
002430.SZ,20230822,31.4,31.63,30.81,31.18,28181.88,87700.497
002431.SZ,20230822,2.82,2.84,2.72,2.78,354654.14,98081.743
002432.SZ,20230822,34.16,34.32,33.65,33.96,63594.82,215782.523
002433.SZ,20230822,2.8,2.83,2.63,2.65,736581.0,198166.883
002434.SZ,20230822,8.83,8.89,8.59,8.75,104822.02,91473.817
002435.SZ,20230822,4.64,4.66,4.46,4.54,162223.05,73417.781
002436.SZ,20230822,11.88,12.04,11.53,11.96,277231.51,327712.637
002437.SZ,20230822,2.15,2.17,2.09,2.15,274062.0,58185.642
002438.SZ,20230822,11.07,11.19,10.82,11.0,49606.94,54479.208
002439.SZ,20230822,27.04,27.64,26.81,27.55,97352.86,264034.282
300061.SZ,20230822,6.29,6.52,6.18,6.49,192929.0,122762.915
300062.SZ,20230822,6.08,6.14,5.98,6.12,63026.4,38211.415
300063.SZ,20230822,4.05,4.1,3.98,4.08,124175.57,50233.755
300065.SZ,20230822,10.25,10.45,10.13,10.43,150445.49,154993.846
300066.SZ,20230822,5.12,5.21,5.04,5.12,167139.53,86058.239
300067.SZ,20230822,3.05,3.05,2.95,3.0,61798.86,18507.963
300068.SZ,20230822,15.98,16.09,15.37,15.66,198581.28,309823.675
300069.SZ,20230822,13.48,14.7,13.48,14.1,30025.0,42216.305
300070.SZ,20230822,5.59,5.6,5.34,5.39,588249.55,319926.321
300071.SZ,20230822,3.82,3.87,3.78,3.86,90280.0,34575.324
300072.SZ,20230822,3.44,3.47,3.32,3.38,219015.07,73845.47
300073.SZ,20230822,43.65,44.48,41.8,44.24,101217.13,434540.311
300074.SZ,20230822,4.23,4.4,4.21,4.35,328963.43,142061.726
300075.SZ,20230822,19.57,20.73,19.24,20.65,508659.96,1023885.338
300076.SZ,20230822,4.87,4.92,4.75,4.87,59730.0,28799.237
300077.SZ,20230822,12.5,12.57,12.0,12.3,90692.32,111049.612
300078.SZ,20230822,4.54,4.66,4.5,4.6,71549.42,32800.769
300079.SZ,20230822,5.4,5.51,5.36,5.5,177420.84,96487.745
300080.SZ,20230822,4.96,5.03,4.71,4.78,193768.0,93329.005
300081.SZ,20230822,8.25,8.38,8.11,8.37,210243.15,173915.612
300082.SZ,20230822,7.33,7.43,7.15,7.27,30082.0,21782.782
300083.SZ,20230822,6.14,6.21,6.01,6.13,148717.35,90712.797
300084.SZ,20230822,6.35,6.45,6.24,6.33,40090.0,25359.492
300085.SZ,20230822,13.9,14.85,13.83,14.85,550294.88,793167.402
300086.SZ,20230822,5.96,6.0,5.66,5.78,231025.8,133558.893
300087.SZ,20230822,10.45,10.53,10.23,10.5,95379.79,99170.83
300088.SZ,20230822,5.86,5.91,5.76,5.89,166035.0,96944.442
300091.SZ,20230822,2.89,2.93,2.85,2.9,121311.78,34924.264
300092.SZ,20230822,13.9,13.98,13.51,13.76,25993.27,35712.558
300093.SZ,20230822,17.63,17.96,16.95,17.49,70635.42,122356.305
300094.SZ,20230822,5.2,5.6,5.13,5.35,1438641.55,766580.381
300095.SZ,20230822,8.83,8.88,8.61,8.8,32722.0,28551.969
300096.SZ,20230822,6.17,6.57,6.15,6.41,307244.97,196302.897
300097.SZ,20230822,7.2,7.39,6.98,7.34,441312.64,319465.578
300098.SZ,20230822,3.38,3.48,3.37,3.47,239346.02,81974.409
300099.SZ,20230822,6.09,6.16,5.99,6.12,80353.0,48732.378
300100.SZ,20230822,8.25,8.37,7.94,8.11,75804.0,61378.707
300101.SZ,20230822,20.71,21.52,20.67,21.52,136966.7,290890.775
300102.SZ,20230822,6.32,6.4,6.25,6.38,64489.37,40866.614
300103.SZ,20230822,6.34,6.38,6.04,6.17,38952.0,23992.041
300105.SZ,20230822,6.21,6.26,5.96,6.1,77405.1,46896.397
300750.SZ,20230822,234.8,235.18,227.51,230.75,151889.41,3507619.5
300751.SZ,20230822,190.51,192.0,183.68,189.01,28567.34,534512.024
300752.SZ,20230822,14.62,14.62,14.09,14.54,18417.0,26448.258
300753.SZ,20230822,16.22,16.72,15.97,16.36,43829.02,70902.158
300755.SZ,20230822,22.98,23.45,22.49,22.87,34372.69,78374.878
300756.SZ,20230822,17.66,17.8,17.35,17.76,19484.6,34377.974
300758.SZ,20230822,9.18,9.26,8.84,9.06,29519.36,26523.086
300759.SZ,20230822,27.51,27.75,26.8,27.54,174113.53,474368.055
300760.SZ,20230822,273.0,273.27,267.39,269.75,43113.82,1162187.312
300761.SZ,20230822,17.6,17.87,17.2,17.33,20653.37,35948.2
300762.SZ,20230822,13.55,13.86,13.42,13.69,88174.23,120362.764
300763.SZ,20230822,78.95,79.23,75.75,77.69,86428.32,668495.174
300765.SZ,20230822,11.88,11.93,11.2,11.54,137746.84,158411.146
300766.SZ,20230822,15.65,17.48,15.36,17.25,561256.89,923494.559
300767.SZ,20230822,21.24,21.4,20.56,21.11,55065.58,114824.193
300768.SZ,20230822,15.25,15.82,15.25,15.76,48700.85,76077.654
300769.SZ,20230822,109.91,110.59,102.94,106.4,59841.69,631543.056
300770.SZ,20230822,38.76,39.39,38.29,39.26,33325.4,129461.82
300771.SZ,20230822,11.97,12.2,11.82,12.05,84993.73,102113.98
300772.SZ,20230822,12.26,12.3,11.79,11.96,59434.09,71053.23
300773.SZ,20230822,18.35,18.96,18.21,18.94,290682.45,540152.896
300774.SZ,20230822,11.87,11.89,11.27,11.48,34146.28,39255.602
300775.SZ,20230822,30.74,31.22,30.22,30.9,50384.27,155048.849
300776.SZ,20230822,53.4,53.44,51.02,51.9,26929.51,139564.448
300777.SZ,20230822,39.17,39.78,38.98,39.57,28955.33,114165.97
300778.SZ,20230822,17.31,17.87,17.2,17.62,105126.6,184351.878
300779.SZ,20230822,48.81,49.1,47.16,48.8,28708.04,138071.708
300780.SZ,20230822,15.33,15.45,14.95,15.31,53271.03,80982.527
300781.SZ,20230822,21.0,21.48,20.81,21.47,19835.3,42006.637
300782.SZ,20230822,113.87,115.28,111.6,114.18,39169.51,443153.259
300783.SZ,20230822,19.0,19.22,18.44,18.77,44505.0,83353.335
300785.SZ,20230822,22.98,23.5,22.75,23.45,37503.85,86941.017
300786.SZ,20230822,15.95,16.17,15.65,16.11,13651.4,21734.11
300787.SZ,20230822,17.21,17.6,16.69,17.07,15941.79,27175.168
300788.SZ,20230822,28.08,30.16,27.96,29.7,75024.35,219400.598
300789.SZ,20230822,20.63,20.96,19.96,20.49,15851.04,32431.881
300790.SZ,20230822,13.21,13.52,13.21,13.43,37954.86,50790.193
300791.SZ,20230822,27.83,27.96,26.88,27.39,7755.3,21155.706
300792.SZ,20230822,24.84,25.24,24.5,25.2,26911.33,67001.743
300793.SZ,20230822,17.33,17.64,16.99,17.64,49748.52,86023.728
920152.BJ,20230822,18.39,19.41,17.67,19.17,4786.01,8835.594
920046.BJ,20230822,5.02,5.02,4.88,4.97,2189.41,1078.402
920374.BJ,20230822,7.9,7.96,7.89,7.94,61.76,48.824
920802.BJ,20230822,6.27,6.27,6.16,6.27,1285.99,800.676
920925.BJ,20230822,8.36,8.48,8.33,8.48,992.05,834.888
920608.BJ,20230822,7.2,7.2,7.0,7.04,1971.64,1388.795
920871.BJ,20230822,4.34,4.37,4.31,4.33,583.52,252.302
920199.BJ,20230822,11.85,11.85,11.55,11.82,330.85,386.655
920950.BJ,20230822,11.05,11.17,10.95,11.1,512.43,566.216
920970.BJ,20230822,3.57,3.67,3.48,3.56,828.9,298.048
920837.BJ,20230822,4.12,4.3,4.12,4.29,4134.66,1748.22
920985.BJ,20230822,5.79,5.8,5.41,5.45,18914.45,10547.668
920225.BJ,20230822,12.11,12.24,11.9,11.9,7184.33,8666.786
920720.BJ,20230822,5.59,5.59,5.28,5.28,7612.15,4072.139
920553.BJ,20230822,3.09,3.13,3.03,3.11,2008.55,618.852
920924.BJ,20230822,5.74,5.83,5.74,5.83,468.8,271.201
920641.BJ,20230822,8.41,8.48,7.94,8.13,3052.76,2469.544
920819.BJ,20230822,4.43,4.47,4.4,4.44,8948.01,3963.218
920351.BJ,20230822,5.32,5.32,5.21,5.24,1833.65,959.81
920039.BJ,20230822,4.78,4.82,4.73,4.81,826.0,395.889
920047.BJ,20230822,9.9,9.9,9.31,9.54,7091.66,6726.837
920896.BJ,20230822,4.74,4.78,4.69,4.78,962.12,454.896
920832.BJ,20230822,4.28,4.28,4.11,4.24,74.5,31.429
920367.BJ,20230822,8.73,8.77,8.6,8.68,888.84,769.594
920305.BJ,20230822,14.11,15.55,14.11,15.4,25237.33,37146.833
920578.BJ,20230822,18.18,18.22,17.33,17.58,10990.7,19440.477
920357.BJ,20230822,8.17,8.21,7.95,8.09,1067.7,860.657
920790.BJ,20230822,5.44,5.52,5.43,5.5,1977.38,1078.449
920418.BJ,20230822,15.5,15.88,14.97,15.09,7178.25,10976.49
920533.BJ,20230822,15.02,15.67,15.02,15.45,3453.11,5317.294
920033.BJ,20230822,33.5,34.12,33.29,33.99,1503.3,5047.908
920278.BJ,20230822,4.95,4.96,4.9,4.96,373.1,183.364
920198.BJ,20230822,4.16,4.19,4.14,4.17,328.75,136.741
920961.BJ,20230822,9.14,9.14,8.68,8.93,2284.11,2020.679
920781.BJ,20230822,4.5,4.51,4.35,4.39,3589.04,1585.329
920726.BJ,20230822,9.2,9.25,9.18,9.25,216.5,199.064
920261.BJ,20230822,7.83,7.83,7.53,7.63,1707.67,1305.632
920491.BJ,20230822,9.61,9.64,9.41,9.59,1552.4,1478.572
920639.BJ,20230822,3.78,3.79,3.71,3.76,4948.57,1850.403
920682.BJ,20230822,5.18,5.19,5.1,5.16,1434.24,738.329
920892.BJ,20230822,8.28,8.32,8.09,8.26,3512.97,2896.687
600714.SH,20230822,8.85,8.92,8.59,8.74,7763.18,6784.332
600715.SH,20230822,2.2,2.22,2.16,2.22,212629.0,46598.094
600716.SH,20230822,4.08,4.11,3.99,4.04,103481.0,41717.704
600717.SH,20230822,4.58,4.6,4.51,4.56,136570.92,62097.013
600718.SH,20230822,9.89,10.0,9.71,10.0,141801.98,139875.46
600719.SH,20230822,7.76,7.96,7.52,7.63,188128.24,144481.551
600720.SH,20230822,11.17,11.32,11.08,11.19,84187.94,94297.416
600721.SH,20230822,7.08,7.14,6.84,6.9,58508.0,40861.038
600722.SH,20230822,4.89,4.91,4.77,4.84,36390.0,17568.209
600724.SH,20230822,4.11,4.17,4.08,4.14,69437.8,28594.404
600725.SH,20230822,2.76,2.77,2.68,2.74,64255.2,17497.868
600726.SH,20230822,2.4,2.42,2.34,2.39,211565.02,50265.835
600727.SH,20230822,5.99,5.99,5.78,5.89,35635.28,20855.43
600728.SH,20230822,5.72,5.83,5.68,5.83,312005.51,179488.303
600729.SH,20230822,33.87,34.1,33.4,33.88,11933.0,40206.099
600730.SH,20230822,5.72,5.76,5.64,5.74,50804.0,28982.782
600731.SH,20230822,6.96,7.0,6.76,6.91,100456.74,68971.762
600732.SH,20230822,22.06,22.21,21.16,21.73,225530.37,485571.31
600733.SH,20230822,5.24,5.28,5.11,5.24,358605.78,186045.103
600734.SH,20230822,3.85,3.87,3.78,3.81,53258.0,20280.873
600735.SH,20230822,6.0,6.03,5.83,5.89,39241.6,23136.447
600736.SH,20230822,5.1,5.12,5.03,5.1,125674.36,63751.174
600737.SH,20230822,7.94,7.98,7.73,7.83,196687.16,153837.193
600738.SH,20230822,5.55,5.65,5.43,5.49,61478.83,33798.022
600739.SH,20230822,13.56,13.66,13.39,13.5,55923.61,75525.799
600740.SH,20230822,5.03,5.05,4.98,5.03,144226.32,72299.516
600741.SH,20230822,18.51,18.66,18.18,18.52,68555.91,126413.418
600742.SH,20230822,8.27,8.35,8.18,8.29,59992.86,49636.986
600743.SH,20230822,1.99,2.04,1.97,2.02,760496.35,152448.201
600744.SH,20230822,3.4,3.42,3.31,3.36,156436.83,52371.663
600745.SH,20230822,43.33,43.5,42.1,43.25,142891.22,611700.202
600746.SH,20230822,6.74,6.8,6.45,6.55,39259.87,25790.185
600748.SH,20230822,4.47,4.56,4.45,4.52,212134.79,95527.091
600749.SH,20230822,12.37,12.46,12.12,12.36,32955.0,40446.195
600750.SH,20230822,18.55,18.68,18.14,18.51,54092.98,99440.119
600751.SH,20230822,2.64,2.66,2.58,2.62,219958.0,57484.255
600753.SH,20230822,10.05,10.66,9.91,10.33,93179.74,95896.933
600754.SH,20230822,44.4,44.5,42.97,43.88,50377.09,218861.782
600755.SH,20230822,7.58,7.65,7.48,7.55,108176.0,81560.962
600756.SH,20230822,14.5,15.12,14.5,15.09,93550.76,139288.904
600757.SH,20230822,8.11,8.49,8.11,8.47,267572.43,223429.351
603297.SH,20230822,84.59,86.48,83.63,85.94,4581.0,38922.879
603298.SH,20230822,23.1,23.26,22.6,23.19,53774.61,122948.418
603299.SH,20230822,9.57,10.32,9.57,10.04,295355.51,294967.814
603300.SH,20230822,5.9,5.9,5.72,5.81,94704.18,55017.057
603301.SH,20230822,26.91,27.09,25.9,26.27,21001.04,55159.579
603303.SH,20230822,12.85,12.92,12.47,12.75,16284.06,20595.046
603305.SH,20230822,23.25,23.54,22.73,23.28,50139.52,115981.467
603306.SH,20230822,27.88,28.0,26.7,27.34,34113.3,93465.448
603307.SH,20230822,49.19,49.53,45.8,46.48,17736.53,83326.49
603308.SH,20230822,15.18,15.18,14.79,15.0,35107.64,52519.057
603309.SH,20230822,12.28,12.36,12.02,12.27,48721.5,59188.437
603311.SH,20230822,10.85,10.9,10.65,10.88,12733.0,13734.34
603313.SH,20230822,11.75,11.78,11.53,11.66,68631.22,79980.863
603315.SH,20230822,11.0,11.18,10.69,10.9,27384.0,29749.778
603316.SH,20230822,6.97,7.07,6.87,7.01,34240.9,23856.661
603317.SH,20230822,14.13,14.2,12.75,12.97,164875.89,214373.429
603318.SH,20230822,8.88,9.32,8.83,8.95,427676.53,385767.594
603319.SH,20230822,16.49,16.7,16.05,16.42,35711.39,58608.619
603320.SH,20230822,13.96,14.07,13.4,13.68,8424.0,11541.03
603321.SH,20230822,7.76,7.79,7.49,7.63,26215.0,19992.603
603322.SH,20230822,22.7,23.15,22.23,23.15,61005.69,138732.642
603323.SH,20230822,4.44,4.46,4.4,4.45,144334.55,63915.18
603324.SH,20230822,32.69,32.79,31.3,32.0,5238.12,16674.378
603326.SH,20230822,8.04,8.14,7.78,7.99,12052.0,9593.508
603327.SH,20230822,11.38,11.58,11.29,11.53,21117.45,24142.612
603328.SH,20230822,7.4,7.52,7.3,7.5,97026.71,72107.92
603329.SH,20230822,13.2,13.25,12.52,12.98,48490.28,62105.674
603330.SH,20230822,8.18,8.3,8.01,8.18,56343.08,45875.679
603331.SH,20230822,13.46,13.54,13.13,13.37,10940.2,14541.617
603332.SH,20230822,8.56,8.61,8.29,8.43,17381.58,14636.894
603333.SH,20230822,4.74,4.76,4.63,4.73,57728.0,27092.071
603335.SH,20230822,5.98,6.04,5.83,5.93,34166.0,20217.904
603336.SH,20230822,5.16,5.2,4.98,5.09,238902.58,121492.616
603337.SH,20230822,19.55,19.64,19.01,19.28,15063.6,29054.128
603338.SH,20230822,52.66,52.78,49.98,50.73,83736.69,424254.128
603339.SH,20230822,12.45,12.55,12.28,12.5,41163.72,51062.097
603345.SH,20230822,135.64,137.08,132.62,136.59,23195.95,313659.576
603348.SH,20230822,40.16,40.45,38.93,39.6,29342.52,116006.235
603351.SH,20230822,26.01,26.53,25.75,26.11,5361.28,13916.795
603353.SH,20230822,19.78,19.99,19.48,19.8,5335.4,10488.067
603355.SH,20230822,26.27,26.29,25.7,26.14,11025.37,28643.438
688215.SH,20230822,36.15,37.16,35.51,36.3,5023.32,18181.812
688216.SH,20230822,22.93,23.2,22.0,22.72,4524.68,10150.581
688217.SH,20230822,37.28,38.2,36.2,37.94,5780.65,21448.192
688218.SH,20230822,17.03,17.36,16.66,17.28,30892.63,52735.146
688219.SH,20230822,10.28,10.33,10.04,10.2,12669.89,12887.117
688220.SH,20230822,70.52,70.98,69.13,70.2,15732.12,110425.282
688221.SH,20230822,10.55,10.68,10.07,10.24,39006.21,40030.894
688222.SH,20230822,14.22,14.44,13.76,14.19,22680.36,31806.618
688223.SH,20230822,10.42,10.44,9.92,10.24,482086.92,487950.578
688225.SH,20230822,17.94,18.25,17.61,18.19,11954.56,21467.568
688226.SH,20230822,16.25,16.44,15.86,16.2,18049.38,29034.803
688227.SH,20230822,21.44,22.63,21.18,22.35,33499.83,73387.27
688228.SH,20230822,44.67,46.7,44.45,46.68,31227.69,142683.581
688229.SH,20230822,42.5,46.39,42.1,44.27,12155.14,53057.442
688230.SH,20230822,39.19,39.99,38.11,39.49,4833.29,18816.207
688231.SH,20230822,24.96,24.96,24.0,24.5,6511.2,15866.308
688232.SH,20230822,42.34,42.93,41.0,42.33,12476.93,52404.324
688233.SH,20230822,29.78,30.04,28.65,29.85,23583.42,69376.865
688234.SH,20230822,53.49,54.0,51.63,52.45,22254.57,116378.909
688235.SH,20230822,119.7,120.4,116.4,119.0,12186.15,144376.568
688236.SH,20230822,20.78,20.96,19.83,20.66,20306.39,41240.237
688237.SH,20230822,43.88,45.66,43.54,45.4,7052.12,31178.375
688238.SH,20230822,10.01,10.2,9.72,9.97,51598.1,50998.156
688239.SH,20230822,58.47,60.0,57.78,59.5,11276.94,66629.067
688244.SH,20230822,64.48,66.31,62.21,65.8,5127.4,33206.323
688246.SH,20230822,32.49,32.85,31.28,32.56,7475.56,24011.744
688247.SH,20230822,12.05,12.07,11.36,11.6,32659.97,38148.828
688248.SH,20230822,30.09,30.5,29.52,30.39,22848.29,68542.771
688249.SH,20230822,18.58,18.93,18.11,18.8,76005.75,140264.286
688251.SH,20230822,30.08,30.08,28.15,29.08,10640.78,30750.906
688252.SH,20230822,17.17,17.58,16.8,17.5,16719.88,28752.644
688253.SH,20230822,20.68,20.68,19.96,20.4,11413.94,23082.461
688255.SH,20230822,27.6,28.18,27.2,28.0,7382.43,20466.418
688256.SH,20230822,155.8,158.5,151.17,157.61,54283.65,840207.856
688257.SH,20230822,25.83,25.95,24.98,25.69,13302.06,33965.425
688258.SH,20230822,65.7,66.48,60.69,63.63,22953.3,145754.364
688259.SH,20230822,58.7,61.51,57.1,60.9,8901.16,52820.05
688260.SH,20230822,16.01,16.17,15.7,16.1,8375.95,13367.041
688261.SH,20230822,125.9,132.28,124.11,131.91,10001.68,128406.601
688262.SH,20230822,32.11,32.88,31.68,32.67,41128.17,133029.242
688265.SH,20230822,38.98,39.36,37.17,37.77,1622.04,6136.489
000788.SZ,20230822,6.52,6.59,6.34,6.45,71106.41,45738.288
000789.SZ,20230822,8.31,8.37,8.23,8.3,44323.56,36718.33
000790.SZ,20230822,4.84,4.89,4.68,4.78,111347.79,52747.427
000791.SZ,20230822,5.59,5.62,5.48,5.54,77276.71,42758.125
000792.SZ,20230822,17.77,17.83,17.39,17.71,203951.08,358704.547
000793.SZ,20230822,2.19,2.24,2.17,2.23,309702.0,68269.484
000795.SZ,20230822,6.36,6.42,6.26,6.4,100490.44,63772.945
000796.SZ,20230822,4.7,4.73,4.46,4.46,206228.0,92999.588
000797.SZ,20230822,3.34,3.37,3.29,3.35,271922.29,90557.896
000798.SZ,20230822,10.04,10.35,9.96,10.15,78197.02,79483.102
000799.SZ,20230822,95.3,95.87,92.02,93.78,51289.76,479651.943
000800.SZ,20230822,8.52,8.7,8.44,8.58,109135.64,93351.929
000801.SZ,20230822,6.43,6.48,6.32,6.46,65008.0,41571.594
000802.SZ,20230822,6.53,6.66,6.45,6.64,179620.6,117818.479
000803.SZ,20230822,6.52,6.53,6.09,6.27,144906.36,90102.847
000807.SZ,20230822,14.4,14.52,14.16,14.32,352676.35,504671.066
000809.SZ,20230822,3.91,4.01,3.88,3.95,153938.0,60710.678
000810.SZ,20230822,13.51,13.85,13.26,13.82,143106.9,194427.507
000811.SZ,20230822,16.22,16.37,15.99,16.27,68933.53,111660.759
000812.SZ,20230822,5.7,5.72,5.55,5.67,479183.85,269757.871
000813.SZ,20230822,3.1,3.1,3.01,3.08,291922.0,89182.509
000815.SZ,20230822,11.29,12.29,11.25,11.88,592966.38,702637.04
000816.SZ,20230822,3.1,3.14,3.06,3.11,93703.94,29019.275
000818.SZ,20230822,29.18,30.05,28.76,29.98,76573.09,225433.339
000819.SZ,20230822,18.3,18.39,17.9,18.23,14629.17,26548.868
000820.SZ,20230822,3.94,4.0,3.85,3.92,142797.0,55751.432
000821.SZ,20230822,17.39,17.48,16.29,16.87,217778.16,365640.887
000822.SZ,20230822,6.99,6.99,6.62,6.73,220049.58,148545.121
000823.SZ,20230822,8.89,8.9,8.71,8.88,50368.1,44321.078
000825.SZ,20230822,4.06,4.11,4.03,4.08,192332.63,78238.72
000826.SZ,20230822,5.07,5.07,4.7,5.07,3695322.39,1834684.184
000828.SZ,20230822,9.55,9.58,9.41,9.47,49854.0,47222.962
000829.SZ,20230822,8.24,8.28,8.05,8.24,98242.76,80122.678
000830.SZ,20230822,10.26,10.33,9.96,10.07,206469.46,208356.741
000831.SZ,20230822,28.98,29.39,28.6,29.3,94530.82,274500.464
000833.SZ,20230822,6.29,6.29,6.08,6.16,44262.0,27306.186
000836.SZ,20230822,2.77,2.84,2.76,2.81,154638.0,43277.374
000837.SZ,20230822,12.21,12.44,12.08,12.42,194152.38,238276.107
000838.SZ,20230822,4.02,4.12,3.9,4.0,407370.27,162759.915
000839.SZ,20230822,2.31,2.35,2.28,2.35,128957.67,29714.234
000848.SZ,20230822,8.79,8.82,8.42,8.53,177725.95,151725.378
002440.SZ,20230822,6.97,7.02,6.87,6.92,42425.5,29394.641
002441.SZ,20230822,10.05,10.12,9.85,10.07,43657.42,43512.571
002442.SZ,20230822,5.02,5.05,4.85,4.93,112010.88,55273.254
002443.SZ,20230822,6.69,6.75,6.51,6.65,93719.96,61945.357
002444.SZ,20230822,21.2,21.43,20.74,21.29,59051.11,124118.95
002445.SZ,20230822,2.38,2.4,2.36,2.38,175692.3,41739.436
002446.SZ,20230822,7.94,8.05,7.86,8.04,96610.65,77124.414
002448.SZ,20230822,7.23,7.69,7.19,7.41,413253.54,309950.995
002449.SZ,20230822,8.1,8.18,7.96,8.12,63365.94,51004.422
002451.SZ,20230822,7.72,7.75,7.15,7.38,722973.62,533292.207
002452.SZ,20230822,6.74,6.79,6.56,6.72,67188.0,44716.886
002453.SZ,20230822,11.55,11.93,11.4,11.85,83301.42,96825.732
002454.SZ,20230822,7.51,7.55,7.27,7.42,78472.5,58026.072
002455.SZ,20230822,6.92,6.98,6.67,6.78,60842.7,41148.0
002456.SZ,20230822,5.27,5.37,5.24,5.35,210960.59,111833.005
002457.SZ,20230822,8.46,8.54,8.33,8.5,56300.0,47348.301
002458.SZ,20230822,11.95,12.02,11.78,11.98,78812.27,93884.797
002459.SZ,20230822,27.5,27.76,26.4,26.91,531723.37,1429686.871
002460.SZ,20230822,49.73,49.91,48.3,49.24,163389.86,801271.671
002461.SZ,20230822,8.8,8.89,8.67,8.77,49305.0,43127.314
002462.SZ,20230822,13.41,13.51,13.1,13.38,47566.0,63279.068
002463.SZ,20230822,21.01,22.66,20.78,22.09,859697.29,1846198.675
002465.SZ,20230822,10.05,10.18,9.94,10.14,114475.35,115328.993
002466.SZ,20230822,59.0,59.8,57.58,59.16,169425.68,993565.57
002467.SZ,20230822,4.47,4.54,4.43,4.54,197706.11,88689.388
002468.SZ,20230822,10.42,10.49,10.22,10.32,145984.19,150984.191
002469.SZ,20230822,5.84,5.87,5.74,5.85,64917.9,37690.411
002470.SZ,20230822,2.2,2.23,2.17,2.2,237708.0,52330.09
002471.SZ,20230822,2.88,2.96,2.87,2.95,545715.47,158913.262
002472.SZ,20230822,30.5,31.09,29.78,31.0,197571.11,601557.789
002474.SZ,20230822,7.59,7.95,7.59,7.89,566300.55,442256.263
002475.SZ,20230822,30.6,32.1,30.22,31.71,581936.94,1812296.292
002476.SZ,20230822,4.68,4.72,4.58,4.66,60985.0,28250.993
002478.SZ,20230822,6.91,6.98,6.82,6.94,102067.0,70535.673
002479.SZ,20230822,4.72,4.76,4.55,4.63,112866.27,52332.649
002480.SZ,20230822,5.21,5.33,5.1,5.28,289523.84,150772.619
002481.SZ,20230822,4.58,4.63,4.5,4.57,91300.0,41587.396
002482.SZ,20230822,2.06,2.21,2.06,2.17,124152.5,26340.14
002483.SZ,20230822,5.28,5.36,5.15,5.25,83012.68,43360.351
002484.SZ,20230822,16.78,17.01,16.35,16.72,100724.09,167475.193
002485.SZ,20230822,5.13,5.25,4.89,5.02,93572.1,47159.162
300106.SZ,20230822,8.65,8.74,8.39,8.52,52069.0,44328.443
300107.SZ,20230822,5.05,5.08,4.83,4.89,43138.0,21178.867
300108.SZ,20230822,2.73,2.75,2.61,2.68,255510.5,68123.658
300109.SZ,20230822,19.74,19.95,19.33,19.76,29270.26,57381.707
300110.SZ,20230822,4.0,4.03,3.94,4.0,111244.8,44175.034
300111.SZ,20230822,2.93,2.95,2.85,2.88,133100.0,38391.893
300112.SZ,20230822,9.92,10.13,9.9,10.12,78050.89,78377.811
300113.SZ,20230822,14.5,14.79,14.28,14.68,97733.55,142272.655
300114.SZ,20230822,47.04,47.84,46.8,47.6,86266.96,408417.315
300115.SZ,20230822,9.68,9.77,9.46,9.74,107437.66,103184.098
300116.SZ,20230822,1.63,1.65,1.57,1.61,1266882.6,202436.331
300117.SZ,20230822,3.04,3.06,2.92,2.98,152503.0,45332.421
300118.SZ,20230822,19.79,20.01,19.24,19.65,171778.87,335977.678
300119.SZ,20230822,17.58,17.75,17.2,17.36,18487.44,32139.742
300120.SZ,20230822,6.87,6.95,6.72,6.91,45667.6,31196.523
300121.SZ,20230822,9.08,9.08,8.88,9.01,27773.0,24860.495
300122.SZ,20230822,45.63,45.75,41.56,43.78,215609.12,926132.005
300123.SZ,20230822,6.73,6.86,6.72,6.84,94509.48,64324.609
300124.SZ,20230822,67.2,68.53,66.5,68.01,119395.01,804670.31
300125.SZ,20230822,16.14,16.28,15.57,16.06,31403.83,50063.588
300126.SZ,20230822,6.43,6.55,6.38,6.51,35102.0,22705.751
300127.SZ,20230822,18.29,18.52,17.88,18.36,61441.0,111577.081
300128.SZ,20230822,4.48,4.49,4.32,4.42,240601.2,105624.27
300129.SZ,20230822,8.25,8.33,7.98,8.19,153417.43,124541.526
300130.SZ,20230822,23.0,24.24,22.95,24.15,214495.32,504038.594
300131.SZ,20230822,5.14,5.17,4.96,5.09,172957.14,87581.307
300132.SZ,20230822,5.23,5.24,4.97,5.08,117870.0,59608.278
300133.SZ,20230822,6.09,6.23,6.03,6.22,349638.04,214293.685
300134.SZ,20230822,9.0,9.18,8.9,9.13,58531.0,52983.536
300135.SZ,20230822,2.83,2.88,2.76,2.82,143179.37,40006.075
300136.SZ,20230822,16.73,17.13,16.63,17.04,83825.96,141501.163
300137.SZ,20230822,5.79,5.83,5.54,5.68,81897.6,46404.189
300138.SZ,20230822,15.55,15.58,15.23,15.4,24477.23,37602.022
300139.SZ,20230822,9.69,9.93,9.52,9.82,138692.0,134839.272
300140.SZ,20230822,9.35,9.45,9.18,9.27,114420.04,106170.871
300141.SZ,20230822,9.4,9.5,8.9,9.11,77841.5,71201.239
300142.SZ,20230822,25.26,25.45,22.91,24.03,340561.89,809459.04
300143.SZ,20230822,9.97,10.07,9.67,9.8,50777.69,49679.429
300144.SZ,20230822,12.15,12.24,11.89,12.17,218235.88,262571.99
300145.SZ,20230822,3.02,3.08,2.92,2.97,1007302.81,302073.008
300146.SZ,20230822,19.14,19.3,18.84,19.09,86070.21,163731.608
300795.SZ,20230822,35.4,35.4,34.05,35.21,7206.36,24995.029
300796.SZ,20230822,11.53,11.78,11.36,11.75,56632.95,65960.295
300797.SZ,20230822,11.26,11.39,11.11,11.39,16508.5,18606.52
300798.SZ,20230822,6.7,6.76,6.49,6.55,22999.0,15145.513
300799.SZ,20230822,254.73,262.9,253.0,258.52,814.0,20848.3
300800.SZ,20230822,13.43,13.51,12.75,13.02,29407.0,38313.845
300801.SZ,20230822,15.94,15.98,15.35,15.61,17154.0,26715.853
300802.SZ,20230822,19.16,20.08,18.99,20.01,30717.72,59959.973
300803.SZ,20230822,67.1,72.51,66.74,70.95,427367.9,3003803.753
300804.SZ,20230822,37.83,38.09,35.32,36.09,47273.38,172600.208
300805.SZ,20230822,7.9,7.97,7.74,7.95,25037.0,19671.294
300806.SZ,20230822,19.0,19.17,16.19,17.18,85458.34,149435.545
300807.SZ,20230822,28.32,29.5,28.0,29.47,31262.19,90114.538
300808.SZ,20230822,12.61,12.83,12.28,12.57,16204.0,20319.306
300809.SZ,20230822,19.56,20.05,19.18,19.67,19201.95,37529.02
300810.SZ,20230822,19.97,20.48,19.7,20.2,20442.5,41161.395
300811.SZ,20230822,44.5,44.94,43.53,44.4,14987.6,66281.432
300812.SZ,20230822,20.63,21.03,20.3,20.97,41398.76,85771.425
300813.SZ,20230822,25.86,25.97,25.12,25.66,10083.4,25686.467
300814.SZ,20230822,26.1,26.43,25.17,26.0,55024.96,141432.9
300815.SZ,20230822,15.61,15.81,15.03,15.41,68398.92,105168.518
300816.SZ,20230822,25.58,25.86,24.7,25.78,13172.0,33287.362
300817.SZ,20230822,15.65,16.96,15.52,16.66,129744.05,212270.218
300818.SZ,20230822,27.37,27.81,27.09,27.69,9827.5,26974.383
300819.SZ,20230822,14.48,14.54,14.03,14.23,18160.0,25818.075
300820.SZ,20230822,62.68,63.6,60.0,61.63,33233.58,203337.12
300821.SZ,20230822,9.68,9.7,9.42,9.61,39234.0,37420.395
300822.SZ,20230822,12.08,12.2,11.78,12.07,11889.0,14253.628
300823.SZ,20230822,20.19,20.4,19.72,20.25,17352.0,34762.947
300824.SZ,20230822,10.08,10.09,9.67,9.86,26162.98,25679.49
300825.SZ,20230822,16.06,17.43,15.79,17.1,195577.84,327284.047
300826.SZ,20230822,15.0,15.27,14.86,15.27,37505.74,56598.032
300827.SZ,20230822,31.5,31.96,30.65,31.48,58736.85,183279.869
300828.SZ,20230822,14.55,14.58,14.0,14.34,14681.0,20890.649
300829.SZ,20230822,20.72,20.86,19.39,19.74,21482.2,42911.841
300830.SZ,20230822,8.55,8.83,8.55,8.82,106568.84,93019.501
300831.SZ,20230822,11.54,11.64,11.26,11.53,19281.98,22034.331
300832.SZ,20230822,53.95,54.56,53.4,53.88,20414.15,110119.063
300833.SZ,20230822,101.0,107.93,101.0,106.45,6595.0,69668.133
300834.SZ,20230822,23.8,23.93,23.1,23.34,9900.19,23162.235
300835.SZ,20230822,27.1,27.45,26.24,27.24,23050.2,61839.668
920163.BJ,20230822,5.63,5.66,5.41,5.48,775.03,429.477
920000.BJ,20230822,5.01,5.02,4.95,5.01,748.85,373.233
920541.BJ,20230822,3.22,3.22,3.15,3.21,3537.46,1124.258
920030.BJ,20230822,2.57,2.58,2.52,2.54,6589.95,1670.889
920419.BJ,20230822,8.18,8.18,7.86,8.06,7504.83,6033.514
920263.BJ,20230822,4.68,4.69,4.52,4.57,3187.92,1464.488
920346.BJ,20230822,6.77,6.82,6.74,6.76,556.94,377.511
920433.BJ,20230822,3.26,3.26,3.21,3.24,1540.62,496.798
920826.BJ,20230822,6.06,6.1,6.0,6.08,1516.21,916.223
920876.BJ,20230822,7.45,7.46,7.33,7.4,2043.92,1508.284
920957.BJ,20230822,4.85,4.89,4.85,4.89,223.0,108.233
920252.BJ,20230822,6.74,6.75,6.62,6.65,3614.42,2408.08
920942.BJ,20230822,9.17,9.17,9.02,9.11,309.95,280.626
920526.BJ,20230822,4.53,4.56,4.45,4.5,3465.67,1557.517
920895.BJ,20230822,5.77,5.79,5.62,5.69,732.42,418.025
920110.BJ,20230822,14.05,14.05,13.46,13.58,580.89,787.836
920146.BJ,20230822,2.52,2.52,2.48,2.51,995.86,248.646
920300.BJ,20230822,7.16,7.25,7.06,7.2,3567.69,2539.041
920023.BJ,20230822,2.83,2.86,2.82,2.84,4328.32,1227.728
920422.BJ,20230822,5.86,5.9,5.68,5.83,1000.48,574.25
920856.BJ,20230822,5.02,5.02,4.94,4.98,294.86,145.799
920006.BJ,20230822,12.07,12.19,11.77,12.12,5338.29,6390.184
920271.BJ,20230822,8.57,8.77,8.55,8.61,2842.77,2443.854
920873.BJ,20230822,3.02,3.03,2.99,3.02,4228.35,1271.651
920992.BJ,20230822,7.94,7.95,7.82,7.88,2016.61,1593.522
920267.BJ,20230822,9.66,9.66,9.57,9.63,142.1,136.659
920640.BJ,20230822,15.26,15.4,15.0,15.03,1982.76,2998.109
920171.BJ,20230822,3.88,3.89,3.82,3.84,921.55,353.515
920077.BJ,20230822,18.18,18.3,17.4,17.66,4535.11,8030.725
920274.BJ,20230822,7.71,7.8,7.2,7.32,52872.0,39387.368
920694.BJ,20230822,13.85,13.85,13.3,13.66,1238.8,1683.963
920471.BJ,20230822,7.71,7.76,7.66,7.76,574.38,441.761
920414.BJ,20230822,8.65,8.72,8.46,8.52,933.6,798.252
920663.BJ,20230822,12.69,12.95,12.42,12.72,2007.65,2559.027
920184.BJ,20230822,4.3,4.3,4.18,4.25,1709.26,725.151
920092.BJ,20230822,14.24,14.26,13.96,14.22,170.67,242.949
920001.BJ,20230822,6.4,6.54,6.4,6.53,856.98,553.741
920717.BJ,20230822,4.4,4.4,4.3,4.3,3981.39,1727.545
920014.BJ,20230822,8.23,8.23,7.98,8.07,473.52,380.819
920770.BJ,20230822,5.35,5.45,5.29,5.32,2595.69,1383.606
920751.BJ,20230822,5.95,6.03,5.8,6.01,13292.25,7853.546
920370.BJ,20230822,2.52,2.52,2.45,2.47,2965.2,729.2
600758.SH,20230822,4.35,4.39,4.29,4.37,112390.24,48765.679
600759.SH,20230822,2.68,2.7,2.63,2.64,104535.41,27778.95
600760.SH,20230822,43.71,45.8,43.71,44.59,196681.21,882786.479
600761.SH,20230822,19.88,20.23,19.69,20.2,71469.21,142783.449
600763.SH,20230822,107.48,107.48,101.3,103.95,43516.8,449758.215
600764.SH,20230822,23.67,24.07,23.6,23.95,24587.0,58741.849
600765.SH,20230822,24.95,25.6,24.93,25.4,83924.33,212774.93
600766.SH,20230822,12.6,12.84,12.25,12.59,13038.0,16231.671
600768.SH,20230822,10.9,10.9,10.42,10.59,20718.0,22023.121
600769.SH,20230822,8.17,8.29,8.05,8.24,49298.0,40217.21
600770.SH,20230822,5.27,5.28,5.14,5.25,108945.11,56638.832
600771.SH,20230822,29.75,30.11,29.22,29.73,39340.16,116551.892
600773.SH,20230822,12.5,12.63,12.36,12.54,63771.84,79505.039
600775.SH,20230822,8.8,8.9,8.65,8.87,45175.0,39654.061
600776.SH,20230822,11.27,11.58,11.25,11.58,126293.68,144211.087
600777.SH,20230822,2.53,2.56,2.52,2.55,977639.91,248418.252
600778.SH,20230822,6.93,7.28,6.84,7.16,75192.6,53330.817
600779.SH,20230822,68.37,69.1,66.65,67.88,30901.17,208592.962
600780.SH,20230822,8.94,9.02,8.73,9.0,62169.68,55134.626
600782.SH,20230822,4.25,4.29,4.2,4.27,225804.62,95885.83
600783.SH,20230822,12.93,12.99,12.74,12.92,26052.0,33529.931
600784.SH,20230822,6.55,6.72,6.51,6.65,80415.0,53076.686
600785.SH,20230822,14.0,14.1,13.64,13.9,31185.01,43083.979
600787.SH,20230822,5.45,5.51,5.42,5.5,101664.12,55558.485
600789.SH,20230822,6.53,6.53,6.32,6.43,155051.62,99245.065
600790.SH,20230822,4.3,4.31,4.23,4.28,48745.89,20774.061
600791.SH,20230822,5.07,5.17,4.97,5.04,139632.01,70608.144
600792.SH,20230822,3.45,3.46,3.34,3.4,53030.0,17950.795
600793.SH,20230822,11.97,12.12,11.65,11.88,17042.37,20113.317
600794.SH,20230822,3.86,3.87,3.78,3.83,141373.8,53949.514
600795.SH,20230822,3.5,3.52,3.42,3.51,873486.16,303297.553
600796.SH,20230822,5.87,5.87,5.51,5.63,483195.57,273475.162
600797.SH,20230822,6.58,6.73,6.53,6.72,184103.28,122214.231
600798.SH,20230822,3.67,3.67,3.5,3.54,302932.5,107525.899
600800.SH,20230822,3.64,3.65,3.54,3.61,40717.74,14609.611
600801.SH,20230822,13.42,13.68,13.42,13.53,63845.94,86531.119
600802.SH,20230822,5.47,5.53,5.33,5.41,59085.0,31855.566
600803.SH,20230822,18.72,18.96,18.3,18.37,105229.2,195566.369
600804.SH,20230822,4.22,4.27,4.01,4.19,216220.63,89298.358
600805.SH,20230822,4.52,4.53,4.41,4.48,55096.73,24624.22
603356.SH,20230822,13.17,13.18,12.53,12.88,20206.0,25851.017
603357.SH,20230822,9.62,9.83,9.6,9.82,71525.52,69560.669
603358.SH,20230822,16.46,16.63,15.9,16.21,23788.31,38502.196
603359.SH,20230822,10.6,10.61,10.11,10.26,61695.31,63335.402
603360.SH,20230822,10.46,10.55,10.11,10.29,26308.6,27046.646
603363.SH,20230822,8.72,8.82,8.54,8.74,79117.34,68585.307
603365.SH,20230822,14.77,14.95,14.64,14.81,20777.0,30721.957
603366.SH,20230822,6.01,6.06,5.87,6.04,103202.32,61473.368
603367.SH,20230822,13.56,13.68,13.36,13.55,26585.0,35821.606
603368.SH,20230822,20.4,20.81,20.07,20.37,50121.05,101712.806
603369.SH,20230822,60.05,60.3,58.87,59.36,54162.75,321454.571
603377.SH,20230822,7.25,7.44,7.17,7.42,62970.92,45971.539
603378.SH,20230822,10.08,10.38,9.9,10.26,59466.95,60035.66
603379.SH,20230822,29.75,29.84,29.0,29.71,54830.02,160893.298
603380.SH,20230822,21.87,22.06,21.44,21.97,9356.0,20357.909
603383.SH,20230822,63.1,65.59,63.1,65.4,41432.01,267082.715
603385.SH,20230822,8.02,8.13,7.85,7.99,22722.3,18071.356
603386.SH,20230822,10.48,10.57,10.24,10.53,16305.0,16978.094
603387.SH,20230822,11.64,11.72,11.4,11.56,32886.36,37855.971
603388.SH,20230822,8.83,9.03,8.72,8.93,70281.54,62424.587
603389.SH,20230822,5.73,5.77,5.48,5.58,43761.2,24427.322
603390.SH,20230822,7.93,8.02,7.75,7.85,37705.0,29585.05
603392.SH,20230822,59.09,59.86,55.99,56.91,77313.98,441157.677
603393.SH,20230822,25.37,25.59,24.71,25.01,33052.26,82505.651
603396.SH,20230822,52.9,53.6,50.79,51.74,21540.12,111302.173
603398.SH,20230822,21.34,22.27,21.34,22.16,28411.21,62182.522
603399.SH,20230822,10.51,10.63,10.3,10.57,50053.52,52483.492
603408.SH,20230822,11.05,11.12,10.68,11.06,23302.0,25265.683
603416.SH,20230822,34.8,35.69,34.14,35.4,18811.77,65629.645
603421.SH,20230822,10.01,10.13,9.91,10.1,17625.32,17714.954
603429.SH,20230822,8.09,8.39,7.89,8.04,278472.81,223858.842
603439.SH,20230822,15.3,15.57,15.0,15.48,38064.0,57931.096
603444.SH,20230822,387.56,393.67,376.06,391.32,11988.66,461764.738
603456.SH,20230822,26.31,26.55,25.45,25.84,72420.4,186516.392
603458.SH,20230822,10.07,10.1,9.88,10.04,28521.12,28426.31
603466.SH,20230822,12.08,12.38,11.99,12.36,108160.57,131911.142
603477.SH,20230822,28.23,28.54,27.72,28.24,36879.41,103673.155
603486.SH,20230822,70.3,70.61,67.31,69.81,24940.89,171566.041
603488.SH,20230822,7.8,7.89,7.6,7.74,35825.0,27655.983
603489.SH,20230822,56.2,56.87,54.44,56.1,6644.09,36870.381
603496.SH,20230822,19.06,20.36,18.9,20.21,201932.72,395334.286
688266.SH,20230822,41.26,41.76,40.64,41.46,9874.16,40639.499
688267.SH,20230822,21.38,21.48,20.29,20.54,14602.57,30215.543
688268.SH,20230822,59.77,60.8,58.18,60.5,8153.55,48533.974
688269.SH,20230822,56.58,58.3,55.01,56.65,4037.23,22842.477
688270.SH,20230822,48.0,48.95,47.0,48.5,14002.18,67087.517
688271.SH,20230822,115.3,120.3,105.0,109.0,171653.83,1892394.126
688272.SH,20230822,18.8,19.56,18.8,18.98,5437.07,10363.904
688273.SH,20230822,32.3,32.68,31.46,32.15,8700.89,27674.143
688275.SH,20230822,84.17,84.85,82.11,83.1,2945.82,24498.62
688276.SH,20230822,53.93,54.63,50.75,53.62,15237.47,79837.642
688277.SH,20230822,14.57,14.62,14.2,14.57,27321.81,39498.559
688278.SH,20230822,34.81,34.81,33.36,33.65,11310.55,38224.494
688279.SH,20230822,102.48,103.54,98.55,102.0,12228.81,122885.337
688280.SH,20230822,7.9,8.02,7.71,7.9,21352.18,16757.661
688281.SH,20230822,182.0,187.99,181.22,186.96,2829.94,52419.041
688282.SH,20230822,45.83,46.75,45.2,46.75,14921.67,68585.779
688283.SH,20230822,65.35,67.96,65.25,67.9,4295.74,28711.599
688285.SH,20230822,9.77,9.77,9.39,9.58,148618.93,142108.98
688286.SH,20230822,48.46,48.98,47.1,48.83,3905.56,18825.334
688287.SH,20230822,10.61,10.74,10.36,10.65,23223.45,24563.672
688288.SH,20230822,21.34,21.97,21.0,21.92,10888.68,23334.08
688289.SH,20230822,16.87,16.99,16.26,16.54,52058.93,85981.391
688290.SH,20230822,50.8,51.8,49.68,51.41,4276.79,21750.125
688291.SH,20230822,29.79,29.96,28.65,29.43,13248.61,38798.616
688292.SH,20230822,23.8,27.57,23.8,26.69,103083.26,264412.267
688293.SH,20230822,47.99,48.09,45.02,46.37,7282.21,33586.792
688295.SH,20230822,33.01,33.26,31.47,32.2,26926.53,86159.812
688296.SH,20230822,17.32,17.86,16.87,17.38,13187.3,22729.339
688297.SH,20230822,47.75,48.58,46.41,48.16,33215.58,158360.858
688298.SH,20230822,38.93,39.11,37.58,38.03,19124.35,72715.764
688299.SH,20230822,14.09,14.24,13.81,14.1,17779.21,24890.206
688300.SH,20230822,41.74,42.21,40.38,42.2,9794.69,40511.154
688301.SH,20230822,243.79,243.79,229.0,234.94,4056.07,95032.443
688302.SH,20230822,44.63,44.63,42.88,44.03,5281.01,22983.847
688303.SH,20230822,39.68,40.46,39.5,40.32,42629.72,170611.514
688305.SH,20230822,82.71,83.07,80.0,82.18,6923.8,56375.311
688306.SH,20230822,5.17,5.19,4.99,5.1,65004.59,32965.025
688307.SH,20230822,32.38,33.38,30.0,31.62,22992.48,72363.377
688308.SH,20230822,37.49,37.67,36.35,37.18,8695.3,32093.17
688309.SH,20230822,22.91,22.98,21.7,22.45,7085.69,15783.174
688310.SH,20230822,29.21,29.54,28.42,29.31,4633.96,13415.115
000850.SZ,20230822,4.04,4.05,3.93,4.01,131148.33,52282.406
000851.SZ,20230822,5.0,5.11,4.98,5.1,149257.5,75303.339
000852.SZ,20230822,7.15,7.23,7.03,7.19,55536.44,39500.731
000856.SZ,20230822,8.9,9.01,8.7,8.88,35436.0,31298.863
000858.SZ,20230822,162.62,163.5,160.48,162.15,156920.86,2538910.286
000859.SZ,20230822,5.06,5.11,4.96,5.06,37815.9,18964.148
000860.SZ,20230822,26.34,26.43,25.8,26.3,71429.68,186421.945
000861.SZ,20230822,2.06,2.12,2.05,2.1,366364.51,76304.974
000862.SZ,20230822,6.91,6.98,6.67,6.86,102227.6,69354.2
000863.SZ,20230822,3.8,3.9,3.68,3.71,780008.54,293234.686
000868.SZ,20230822,5.15,5.2,5.08,5.2,107837.93,55456.506
000869.SZ,20230822,31.1,31.58,30.97,31.37,13614.0,42530.774
000875.SZ,20230822,5.03,5.08,4.93,5.01,189052.5,94288.472
000876.SZ,20230822,11.39,11.49,11.25,11.41,118110.34,134199.766
000877.SZ,20230822,8.19,8.31,8.17,8.29,85638.72,70593.046
000878.SZ,20230822,11.04,11.18,10.97,11.14,161700.83,179336.309
000880.SZ,20230822,10.07,10.22,9.95,10.17,20550.0,20701.728
000882.SZ,20230822,1.88,1.9,1.86,1.9,399648.98,75216.406
000883.SZ,20230822,4.42,4.49,4.37,4.39,150416.0,66275.879
000885.SZ,20230822,12.71,12.75,12.5,12.72,63130.74,79629.428
000886.SZ,20230822,5.06,5.1,4.99,5.07,82144.0,41419.335
000887.SZ,20230822,12.0,12.03,11.68,11.95,113307.82,134014.165
000888.SZ,20230822,10.47,10.51,10.29,10.49,64254.02,66817.622
000889.SZ,20230822,1.92,1.94,1.87,1.93,129138.3,24626.156
000890.SZ,20230822,4.78,4.8,4.56,4.65,373104.17,172948.392
000892.SZ,20230822,3.98,4.04,3.95,4.03,124354.55,49660.137
000893.SZ,20230822,27.9,28.1,27.01,27.42,94197.44,257995.714
000895.SZ,20230822,25.26,25.49,24.88,25.09,103850.26,260879.604
000897.SZ,20230822,2.63,2.69,2.61,2.64,394875.0,104539.856
000898.SZ,20230822,2.88,2.9,2.85,2.87,284434.05,81740.725
000899.SZ,20230822,8.12,8.18,7.9,8.04,62700.95,50217.249
000900.SZ,20230822,4.27,4.28,4.21,4.25,82054.22,34822.388
000901.SZ,20230822,9.55,9.66,9.43,9.63,59973.37,57416.967
000902.SZ,20230822,11.12,11.21,10.99,11.02,65991.31,73047.772
000903.SZ,20230822,2.88,2.9,2.72,2.79,1218008.69,339160.43
000905.SZ,20230822,7.72,7.72,7.49,7.63,111833.0,84783.395
000906.SZ,20230822,8.46,8.48,8.21,8.37,51987.37,43323.742
000908.SZ,20230822,2.98,3.01,2.89,2.95,264562.0,77615.837
000909.SZ,20230822,6.17,6.21,5.86,6.0,103402.02,61909.481
000910.SZ,20230822,7.94,8.01,7.79,7.88,34528.0,27141.066
002486.SZ,20230822,3.0,3.01,2.91,2.95,108408.0,31979.989
002487.SZ,20230822,25.42,25.87,24.65,25.3,136833.59,344392.463
002488.SZ,20230822,6.67,6.74,6.52,6.63,80672.0,53401.712
002489.SZ,20230822,3.79,3.83,3.71,3.76,204360.5,76770.911
002490.SZ,20230822,4.38,4.43,4.32,4.39,58209.66,25360.475
002491.SZ,20230822,5.95,6.05,5.91,6.05,129835.7,77723.262
002492.SZ,20230822,5.91,5.93,5.7,5.79,60592.91,35014.551
002493.SZ,20230822,11.84,11.91,11.65,11.83,227093.67,267735.485
002494.SZ,20230822,5.03,5.03,4.82,4.9,52834.0,25854.626
002495.SZ,20230822,2.7,2.72,2.63,2.66,161252.0,42933.339
002496.SZ,20230822,2.24,2.25,2.18,2.21,310041.94,68375.491
002497.SZ,20230822,16.76,16.81,16.14,16.44,128993.13,211798.189
002498.SZ,20230822,3.89,3.9,3.81,3.85,109571.72,42141.609
002500.SZ,20230822,6.34,6.4,6.26,6.35,356765.86,226027.886
002501.SZ,20230822,1.6,1.62,1.57,1.58,255878.0,40588.113
002502.SZ,20230822,2.37,2.39,2.23,2.26,239815.0,54586.674
002505.SZ,20230822,1.85,1.88,1.8,1.81,1033408.52,189440.999
002506.SZ,20230822,2.9,2.92,2.83,2.87,480007.01,137433.104
002507.SZ,20230822,17.71,17.81,17.02,17.3,146125.76,252836.481
002508.SZ,20230822,26.88,26.95,26.23,26.71,65897.53,174938.986
002510.SZ,20230822,3.76,3.79,3.7,3.77,66218.0,24791.9
002511.SZ,20230822,10.41,10.48,10.07,10.22,98746.97,100688.77
002512.SZ,20230822,4.21,4.62,4.16,4.28,1686041.59,737165.304
002513.SZ,20230822,6.28,6.39,6.08,6.39,108504.8,67258.649
002514.SZ,20230822,8.35,8.38,8.14,8.33,97212.0,80233.946
002515.SZ,20230822,5.07,5.1,4.94,5.04,135341.8,67623.172
002516.SZ,20230822,4.54,4.58,4.42,4.48,70807.0,31694.667
002517.SZ,20230822,13.61,13.75,12.4,13.68,882677.92,1148397.987
002518.SZ,20230822,30.29,30.57,29.5,30.11,64537.31,193325.055
002519.SZ,20230822,5.4,5.48,5.34,5.48,151171.03,81934.554
002520.SZ,20230822,5.4,5.43,5.29,5.41,76703.43,41079.176
002521.SZ,20230822,6.67,6.67,6.49,6.58,44908.75,29406.126
002522.SZ,20230822,5.01,5.02,4.85,4.94,68105.82,33540.406
002523.SZ,20230822,2.84,2.85,2.77,2.83,120844.96,33892.047
002524.SZ,20230822,6.7,6.74,6.53,6.64,43636.0,28897.797
002526.SZ,20230822,2.66,2.67,2.6,2.66,414570.6,109134.779
002527.SZ,20230822,13.9,14.5,13.38,14.2,1673732.77,2325330.71
002528.SZ,20230822,9.74,10.32,9.52,10.04,2094888.6,2042736.022
002529.SZ,20230822,12.44,12.62,12.12,12.43,30536.0,37693.16
002530.SZ,20230822,8.26,8.44,8.22,8.39,182883.07,152151.305
002531.SZ,20230822,13.3,13.46,12.96,13.27,124310.97,163865.787
300147.SZ,20230822,5.2,5.24,5.06,5.15,97618.85,50024.834
300148.SZ,20230822,4.26,4.39,4.25,4.39,347483.31,150468.535
300149.SZ,20230822,7.73,7.84,7.43,7.6,108543.32,82097.903
300150.SZ,20230822,4.37,4.41,4.28,4.41,73886.0,32249.411
300151.SZ,20230822,15.49,15.61,14.95,15.24,50348.1,76324.98
300152.SZ,20230822,3.05,3.06,2.91,2.97,166646.66,49467.75
300153.SZ,20230822,7.68,7.81,7.55,7.76,33919.0,26044.062
300154.SZ,20230822,7.14,7.18,6.71,6.86,83370.51,57420.203
300155.SZ,20230822,5.33,5.42,5.28,5.41,103278.01,55389.507
300157.SZ,20230822,3.39,3.43,3.31,3.36,81092.0,27165.382
300158.SZ,20230822,5.47,5.49,5.3,5.38,118047.01,63310.473
300159.SZ,20230822,3.13,3.25,3.13,3.19,373476.04,118805.563
300160.SZ,20230822,5.98,6.0,5.82,5.91,64362.5,37861.951
300161.SZ,20230822,42.23,44.13,41.58,43.88,34148.39,146431.227
300162.SZ,20230822,6.73,6.8,6.59,6.76,36823.0,24655.793
300163.SZ,20230822,3.37,3.39,3.25,3.31,103538.0,34286.224
300164.SZ,20230822,4.6,4.65,4.55,4.64,146091.0,67181.438
300165.SZ,20230822,6.09,6.16,5.99,6.15,57317.2,34827.948
300166.SZ,20230822,9.54,9.78,9.38,9.76,382033.41,366416.853
300167.SZ,20230822,2.94,3.04,2.81,2.87,141797.0,41316.075
300168.SZ,20230822,9.66,10.2,9.66,10.13,294694.12,292570.576
300169.SZ,20230822,8.16,9.5,8.13,9.02,1297444.11,1140407.675
300170.SZ,20230822,9.33,9.5,9.24,9.5,262638.15,246464.755
300171.SZ,20230822,20.02,20.24,19.2,19.76,52584.44,103386.528
300172.SZ,20230822,5.05,5.23,5.02,5.13,414224.23,211697.003
300173.SZ,20230822,4.23,4.26,4.12,4.2,71116.0,29695.001
300174.SZ,20230822,17.28,17.65,16.96,17.63,38288.1,66137.689
300175.SZ,20230822,4.29,4.49,4.29,4.42,177247.0,78077.994
300176.SZ,20230822,6.55,6.63,6.37,6.5,73966.83,48039.667
300177.SZ,20230822,6.71,6.79,6.57,6.75,164888.44,110000.636
300179.SZ,20230822,8.86,8.96,8.65,8.88,24623.74,21604.663
300180.SZ,20230822,3.71,3.74,3.63,3.71,170232.0,62612.8
300181.SZ,20230822,9.86,9.88,9.59,9.84,100482.42,97684.231
300182.SZ,20230822,5.08,5.2,5.04,5.2,638212.43,327161.507
300183.SZ,20230822,14.58,14.71,14.27,14.63,27964.13,40492.785
300184.SZ,20230822,4.66,4.71,4.59,4.7,99851.35,46467.998
300185.SZ,20230822,2.53,2.55,2.48,2.51,365553.03,91664.883
300187.SZ,20230822,6.08,6.1,5.9,6.0,62099.0,37284.221
300188.SZ,20230822,16.63,17.38,16.6,17.34,160965.33,273276.755
300189.SZ,20230822,3.54,3.59,3.46,3.56,314546.0,110874.111
300190.SZ,20230822,4.59,4.59,4.25,4.43,507686.48,222192.595
300836.SZ,20230822,26.17,26.44,25.39,25.93,9967.11,25774.915
300837.SZ,20230822,34.59,34.68,33.69,34.37,5663.0,19322.897
300838.SZ,20230822,17.12,17.2,16.72,17.18,15743.0,26693.076
300839.SZ,20230822,10.7,10.84,10.47,10.66,33972.19,36010.043
300840.SZ,20230822,12.85,13.56,12.82,13.56,110085.72,146234.101
300841.SZ,20230822,60.4,60.56,57.13,60.3,30385.5,180410.711
300842.SZ,20230822,61.51,63.3,61.1,62.62,23918.88,148557.605
300843.SZ,20230822,18.68,18.72,18.02,18.51,11415.0,20922.632
300844.SZ,20230822,46.62,50.5,45.81,49.67,70054.36,341068.652
300845.SZ,20230822,19.49,19.86,19.11,19.76,19980.03,38921.084
300846.SZ,20230822,14.8,14.96,14.28,14.91,553178.86,809621.211
300847.SZ,20230822,17.68,19.16,17.68,18.56,191046.83,353085.359
300848.SZ,20230822,20.23,20.85,19.78,20.1,14368.0,28798.938
300849.SZ,20230822,11.65,11.72,11.21,11.37,21420.5,24411.189
300850.SZ,20230822,29.96,30.34,28.93,29.56,53400.51,157351.838
300851.SZ,20230822,30.03,30.34,28.94,30.03,41146.0,121952.301
300852.SZ,20230822,37.02,37.18,36.1,36.73,11216.0,41020.604
300853.SZ,20230822,27.2,27.73,26.62,27.44,22188.6,60329.093
300854.SZ,20230822,18.49,19.4,17.39,18.03,120039.56,218265.76
300855.SZ,20230822,33.19,33.6,32.31,32.96,24492.68,80559.32
300856.SZ,20230822,71.0,71.13,68.5,68.76,23887.8,166204.364
300857.SZ,20230822,24.38,25.25,24.02,25.2,63086.83,155802.646
300858.SZ,20230822,17.0,17.45,16.4,17.44,53471.71,90353.427
300859.SZ,20230822,24.13,24.33,23.82,24.3,21513.22,51914.432
300860.SZ,20230822,57.0,57.77,55.85,56.83,5550.42,31477.362
300861.SZ,20230822,43.56,43.76,41.35,41.61,27901.8,117265.232
300862.SZ,20230822,27.45,27.99,26.52,27.0,5469.0,14716.447
300863.SZ,20230822,50.95,51.74,49.66,50.73,10189.0,51316.914
300864.SZ,20230822,24.86,25.18,23.96,24.79,68875.07,168373.707
300865.SZ,20230822,24.13,24.8,22.66,23.67,94867.66,224472.183
300866.SZ,20230822,75.1,75.98,73.7,75.25,13972.15,104147.874
300867.SZ,20230822,17.3,17.34,15.95,16.39,49729.98,82013.216
300868.SZ,20230822,19.6,19.6,18.81,19.16,52495.87,100604.063
300869.SZ,20230822,21.78,21.88,21.05,21.49,42461.69,90742.66
300870.SZ,20230822,45.75,46.6,44.51,46.13,9925.74,45334.387
300871.SZ,20230822,15.85,15.93,15.33,15.6,20922.5,32530.924
300872.SZ,20230822,14.33,14.65,14.26,14.64,74089.82,107402.353
300873.SZ,20230822,19.35,19.45,18.48,19.04,26494.34,49774.895
300875.SZ,20230822,36.36,40.99,36.36,39.22,81693.82,319076.537
300876.SZ,20230822,26.5,26.79,26.1,26.77,12685.0,33680.215
300877.SZ,20230822,17.79,17.92,17.11,17.35,19923.26,34711.853
920599.BJ,20230822,7.0,7.17,7.0,7.15,17141.68,12138.488
920571.BJ,20230822,3.71,3.76,3.64,3.7,31928.56,11815.042
920510.BJ,20230822,7.71,7.76,7.3,7.56,3400.13,2544.766
920729.BJ,20230822,6.75,6.75,6.5,6.7,940.4,621.008
920809.BJ,20230822,6.62,6.62,6.23,6.39,25808.81,16534.138
920748.BJ,20230822,13.99,16.27,13.8,15.8,66224.51,100210.158
920642.BJ,20230822,6.9,7.12,6.9,7.06,410.41,287.428
920943.BJ,20230822,7.3,7.35,7.21,7.25,1247.27,907.551
920906.BJ,20230822,11.01,11.14,10.68,11.01,6456.35,6974.042
920427.BJ,20230822,5.62,5.64,5.51,5.57,376.09,210.412
920879.BJ,20230822,6.66,6.66,6.49,6.6,3934.15,2577.956
920455.BJ,20230822,3.17,3.17,3.09,3.12,10422.84,3236.98
920204.BJ,20230822,6.73,6.74,6.61,6.7,1025.08,682.14
920249.BJ,20230822,3.94,3.99,3.91,3.97,3660.8,1443.172
920057.BJ,20230822,3.12,3.12,3.06,3.09,7510.01,2311.487
920651.BJ,20230822,11.07,11.07,10.81,10.94,1236.92,1349.842
920489.BJ,20230822,4.61,4.62,4.53,4.6,1184.34,542.73
920208.BJ,20230822,30.08,30.08,29.55,29.78,693.58,2067.563
920593.BJ,20230822,81.68,81.7,75.12,79.69,10405.5,81152.365
920971.BJ,20230822,7.71,7.71,7.58,7.66,475.53,361.869
920169.BJ,20230822,5.16,5.21,5.12,5.21,626.72,321.587
920779.BJ,20230822,24.34,24.37,23.8,24.1,2325.93,5581.087
920167.BJ,20230822,10.73,10.73,10.04,10.29,4516.93,4651.667
920974.BJ,20230822,6.15,6.15,5.95,6.05,3233.77,1948.472
920504.BJ,20230822,11.29,11.29,10.34,10.48,28985.55,31190.976
920339.BJ,20230822,4.13,4.13,4.07,4.09,753.1,308.811
920139.BJ,20230822,10.51,10.6,10.18,10.39,2293.1,2374.322
920981.BJ,20230822,13.33,13.53,13.01,13.53,749.06,995.417
920839.BJ,20230822,7.57,7.57,7.27,7.41,713.15,527.377
920914.BJ,20230822,8.77,8.83,8.71,8.77,1631.33,1427.532
920245.BJ,20230822,8.75,8.93,8.64,8.72,486.95,424.658
920260.BJ,20230822,4.9,4.94,4.86,4.94,598.68,293.136
920415.BJ,20230822,3.8,3.83,3.75,3.8,586.01,221.257
920266.BJ,20230822,6.42,6.42,6.28,6.35,896.44,565.44
920195.BJ,20230822,7.96,7.99,7.59,7.91,3849.21,2972.743
920753.BJ,20230822,7.27,7.28,7.17,7.23,305.59,220.388
920122.BJ,20230822,10.82,11.33,10.81,10.98,411.25,450.964
920834.BJ,20230822,3.5,3.53,3.49,3.51,731.38,256.534
920675.BJ,20230822,4.4,4.44,4.36,4.42,731.2,321.341
920174.BJ,20230822,9.9,10.5,9.53,9.54,44091.27,43394.184
920090.BJ,20230822,2.53,2.54,2.48,2.49,12753.09,3200.465
920058.BJ,20230822,15.3,15.3,13.83,14.22,15230.43,21898.649
920378.BJ,20230822,3.01,3.03,2.92,2.98,9607.05,2859.971
920145.BJ,20230822,4.62,4.69,4.61,4.66,167.51,77.818
920792.BJ,20230822,5.77,5.77,5.6,5.67,1304.56,737.717
920021.BJ,20230822,2.79,2.79,2.72,2.78,4227.84,1167.923
920932.BJ,20230822,10.93,10.96,10.8,10.84,756.91,824.794
920592.BJ,20230822,11.93,12.47,11.92,12.22,18120.36,22094.256
920445.BJ,20230822,4.08,4.11,4.03,4.04,1842.68,749.308
920735.BJ,20230822,22.69,22.88,22.56,22.8,335.04,762.168
920190.BJ,20230822,10.15,10.15,9.98,10.04,2175.44,2183.562
920247.BJ,20230822,6.42,6.49,6.35,6.49,539.31,346.27
920821.BJ,20230822,8.29,8.3,8.12,8.28,392.56,321.051
920429.BJ,20230822,6.52,6.63,6.5,6.55,341.62,223.038
920454.BJ,20230822,5.18,5.24,5.1,5.16,738.33,379.477
920810.BJ,20230822,7.24,7.24,7.05,7.09,3483.04,2486.185
920230.BJ,20230822,8.63,8.76,8.6,8.72,210.17,181.795
600000.SH,20230822,6.98,7.04,6.97,7.01,329399.85,230491.37
600004.SH,20230822,12.28,12.36,11.81,12.06,604420.9,724476.709
600006.SH,20230822,5.6,5.62,5.51,5.61,136071.26,75718.044
600007.SH,20230822,19.42,19.69,19.35,19.55,12745.25,24831.434
600008.SH,20230822,2.99,3.01,2.94,2.97,670847.25,199279.181
600009.SH,20230822,40.86,40.87,39.3,40.08,431582.38,1720876.437
600010.SH,20230822,1.8,1.82,1.78,1.8,2482824.6,445819.54
600011.SH,20230822,8.81,8.93,8.69,8.87,291352.22,256506.665
600012.SH,20230822,11.13,11.22,10.76,11.19,93794.95,102775.454
600015.SH,20230822,5.53,5.59,5.52,5.58,184818.19,102681.48
600016.SH,20230822,3.93,4.0,3.92,3.99,928929.76,369040.406
600017.SH,20230822,3.01,3.02,2.97,3.0,290554.43,86990.517
600018.SH,20230822,5.16,5.21,5.14,5.18,157462.14,81390.232
600019.SH,20230822,6.16,6.27,6.14,6.22,542617.58,336769.225
600020.SH,20230822,3.67,3.68,3.61,3.68,117554.0,42827.198
600021.SH,20230822,9.59,9.67,9.36,9.53,287022.58,272549.307
600022.SH,20230822,1.5,1.5,1.47,1.48,683836.79,101431.155
600023.SH,20230822,4.66,4.67,4.55,4.62,306729.15,141139.653
600025.SH,20230822,7.24,7.27,7.19,7.25,162438.7,117393.222
600026.SH,20230822,13.45,13.67,13.27,13.57,150646.07,202092.722
600027.SH,20230822,5.46,5.51,5.34,5.45,403532.8,218700.608
600028.SH,20230822,6.05,6.23,6.03,6.2,1313242.56,807198.206
600029.SH,20230822,6.48,6.54,6.37,6.51,408992.68,263395.025
600030.SH,20230822,23.23,23.47,22.9,23.22,1277266.98,2960309.535
600031.SH,20230822,15.65,15.85,15.42,15.68,362958.25,565414.958
600807.SH,20230822,3.63,3.67,3.55,3.61,123118.67,44408.22
600808.SH,20230822,2.71,2.73,2.67,2.72,222921.48,60155.024
600809.SH,20230822,227.39,228.2,222.26,226.45,39724.74,892403.152
600810.SH,20230822,6.75,6.85,6.69,6.75,25242.0,17002.385
600811.SH,20230822,2.32,2.34,2.28,2.31,404064.97,93252.056
600812.SH,20230822,5.65,5.7,5.54,5.61,84787.85,47442.25
600814.SH,20230822,8.46,8.51,8.33,8.47,34336.56,28912.625
600815.SH,20230822,2.69,2.7,2.64,2.69,91393.0,24398.612
600816.SH,20230822,3.65,3.66,3.47,3.58,234407.0,83691.75
600817.SH,20230822,9.88,9.98,9.62,9.83,21503.41,20986.308
600818.SH,20230822,14.49,14.59,13.82,14.08,101298.05,142736.816
600819.SH,20230822,5.13,5.17,5.01,5.07,47566.66,24160.944
600820.SH,20230822,6.05,6.12,5.99,6.07,140120.08,84735.578
600821.SH,20230822,6.45,6.51,6.39,6.48,134553.01,86608.106
600822.SH,20230822,12.14,12.33,12.0,12.3,66989.0,81575.96
600823.SH,20230822,1.47,1.49,1.42,1.45,737460.56,107167.056
600824.SH,20230822,3.79,3.83,3.73,3.8,88765.16,33493.11
600825.SH,20230822,4.43,4.52,4.4,4.52,156282.79,69803.132
600826.SH,20230822,11.83,12.0,11.53,11.86,38873.32,45608.533
600827.SH,20230822,12.75,12.75,12.42,12.6,82614.43,103771.344
600828.SH,20230822,3.98,4.02,3.92,3.98,45745.79,18134.621
600829.SH,20230822,8.57,8.69,7.94,8.13,557126.43,456825.765
600830.SH,20230822,6.65,6.66,6.49,6.63,67353.08,44218.383
600831.SH,20230822,5.62,5.82,5.61,5.78,93725.37,53558.144
600833.SH,20230822,11.51,11.64,11.22,11.36,74710.42,85012.348
600834.SH,20230822,8.45,8.49,8.18,8.25,36423.0,30136.859
600835.SH,20230822,15.03,15.2,14.71,15.07,47921.4,71578.841
600836.SH,20230822,4.39,4.42,4.19,4.3,143753.0,61155.935
600837.SH,20230822,10.15,10.35,10.09,10.27,519726.22,530518.409
600838.SH,20230822,7.43,7.47,6.95,7.09,288371.46,204968.361
600839.SH,20230822,3.96,4.03,3.93,4.02,880325.71,350532.668
600841.SH,20230822,5.96,6.02,5.81,5.88,44955.56,26494.573
600843.SH,20230822,5.48,5.56,5.35,5.45,48298.0,26232.135
600844.SH,20230822,2.84,2.85,2.73,2.78,65134.0,18043.765
600845.SH,20230822,50.2,50.38,48.32,49.23,45552.61,223854.739
600846.SH,20230822,9.45,9.58,9.33,9.49,46417.43,43704.113
600847.SH,20230822,11.6,11.77,11.04,11.2,33632.0,37928.617
600848.SH,20230822,12.27,12.27,11.98,12.04,34851.8,42119.581
600850.SH,20230822,21.65,22.13,21.5,22.11,33252.67,72535.876
600851.SH,20230822,6.91,6.98,6.67,6.88,105937.04,71982.042
600853.SH,20230822,4.24,4.27,4.15,4.21,175249.24,73777.693
603499.SH,20230822,9.25,9.29,9.01,9.17,16868.0,15392.596
603500.SH,20230822,12.08,12.08,11.68,11.96,17080.8,20253.055
603501.SH,20230822,87.98,91.2,87.04,90.01,87864.6,779753.518
603505.SH,20230822,24.26,24.75,23.63,24.52,38824.92,93748.845
603506.SH,20230822,12.63,12.89,12.59,12.84,23813.76,30345.062
603507.SH,20230822,26.77,26.94,26.13,26.75,24487.69,64875.006
603508.SH,20230822,15.7,15.87,15.44,15.86,25183.36,39555.879
603511.SH,20230822,17.53,17.53,16.95,17.21,29651.37,50879.179
603515.SH,20230822,18.78,18.88,18.42,18.79,9404.46,17529.161
603516.SH,20230822,16.04,16.73,16.0,16.64,39010.8,63721.654
603517.SH,20230822,35.28,35.4,34.31,35.06,45333.18,157573.056
603518.SH,20230822,9.38,9.4,9.11,9.28,38189.0,35250.316
603519.SH,20230822,14.13,14.18,13.92,14.16,27836.82,39156.823
603520.SH,20230822,14.1,14.23,13.68,13.96,44705.99,61997.81
603527.SH,20230822,11.66,11.8,11.29,11.48,23308.0,26760.622
603528.SH,20230822,7.17,7.29,7.11,7.28,47715.0,34369.586
603529.SH,20230822,29.81,29.81,27.95,28.36,146216.61,413929.342
603530.SH,20230822,14.62,14.7,14.26,14.54,16257.0,23514.107
603533.SH,20230822,22.0,23.18,22.0,23.08,94461.0,212785.49
603535.SH,20230822,16.3,16.5,15.8,16.09,7703.35,12340.547
603536.SH,20230822,8.52,8.56,7.97,8.17,219420.2,179126.848
603538.SH,20230822,16.7,16.85,15.83,16.16,54477.0,87967.8
603551.SH,20230822,11.25,11.27,11.0,11.22,14523.39,16162.585
603555.SH,20230822,1.8,1.83,1.71,1.76,464783.01,81798.141
603556.SH,20230822,25.51,26.23,24.83,25.86,75562.6,193808.823
603557.SH,20230822,2.57,2.59,2.46,2.5,59976.73,15062.26
603558.SH,20230822,8.39,8.45,8.15,8.23,32535.08,26923.355
603559.SH,20230822,6.82,6.95,6.67,6.9,38393.5,26206.738
603565.SH,20230822,10.89,10.93,10.56,10.68,52375.31,56182.899
603566.SH,20230822,21.16,21.34,20.77,21.08,19956.05,41851.264
603567.SH,20230822,13.33,13.39,13.01,13.24,42115.74,55545.835
603568.SH,20230822,18.46,18.46,17.44,17.69,101850.99,180952.483
603569.SH,20230822,14.39,15.98,13.73,15.39,628137.78,926853.902
603577.SH,20230822,8.82,8.9,8.59,8.75,15747.0,13731.745
603578.SH,20230822,15.34,15.72,15.26,15.58,40239.14,62357.486
603579.SH,20230822,22.51,22.88,22.15,22.59,13580.0,30609.505
603580.SH,20230822,13.91,14.15,13.49,13.88,16631.0,22863.119
603583.SH,20230822,17.92,18.06,17.14,17.64,63654.71,111245.226
603585.SH,20230822,14.73,14.73,14.25,14.43,13032.03,18788.517
603586.SH,20230822,14.32,14.4,14.08,14.3,12755.0,18153.622
603587.SH,20230822,15.38,15.47,14.94,15.13,14522.0,21975.828
688311.SH,20230822,56.07,56.55,54.11,55.5,21733.57,120234.222
688312.SH,20230822,16.67,16.91,16.39,16.88,6793.77,11318.117
688313.SH,20230822,12.72,12.86,12.35,12.84,136223.39,172188.364
688314.SH,20230822,30.48,30.48,29.09,29.3,9716.71,28635.463
688315.SH,20230822,22.38,22.5,21.51,22.1,22763.86,49675.796
688316.SH,20230822,49.9,50.71,48.3,50.2,36127.56,179154.763
688317.SH,20230822,22.86,22.86,22.12,22.48,13563.51,30344.861
688318.SH,20230822,139.45,149.8,135.76,145.5,82990.54,1188261.195
688319.SH,20230822,15.74,16.16,15.16,15.65,27648.75,42978.479
688320.SH,20230822,34.22,35.9,34.0,34.69,16704.41,57579.97
688321.SH,20230822,22.01,22.06,21.26,21.75,52581.76,113668.905
688322.SH,20230822,31.25,31.64,30.0,31.18,37552.45,115534.527
688323.SH,20230822,21.72,22.67,21.72,22.59,13366.11,29665.696
688325.SH,20230822,37.51,38.28,36.78,37.51,4863.81,18187.891
688326.SH,20230822,130.3,133.58,127.0,132.12,8761.17,114046.635
688327.SH,20230822,15.63,16.57,15.35,16.41,322342.39,515217.493
688328.SH,20230822,22.27,22.7,21.75,22.41,16774.0,37300.388
688329.SH,20230822,25.38,25.54,24.59,25.25,11534.63,28865.123
688330.SH,20230822,30.98,31.28,30.13,30.79,8017.31,24508.829
688331.SH,20230822,57.1,58.51,55.25,58.05,29818.24,169066.419
688332.SH,20230822,65.72,66.8,64.11,65.9,5668.91,36980.763
688333.SH,20230822,113.97,118.0,113.13,116.21,13178.19,151447.0
688334.SH,20230822,17.77,17.88,16.95,17.47,70409.44,122531.482
688335.SH,20230822,22.3,22.54,21.57,22.11,23111.68,51053.761
688336.SH,20230822,18.52,18.81,18.14,18.62,16275.32,29928.841
688337.SH,20230822,47.92,48.44,46.85,47.78,10395.87,49450.536
688338.SH,20230822,31.79,32.14,31.07,31.91,6286.6,19870.794
688339.SH,20230822,55.65,56.23,54.47,55.77,11021.14,61014.963
688343.SH,20230822,52.78,53.49,50.48,52.88,36931.65,191195.908
688345.SH,20230822,32.34,32.7,31.23,32.3,4531.58,14400.172
688347.SH,20230822,47.89,47.89,45.37,46.48,157856.56,731123.377
688348.SH,20230822,144.44,146.61,141.01,146.03,11873.67,170876.066
688349.SH,20230822,31.33,31.69,31.06,31.15,15680.79,49078.476
688350.SH,20230822,16.62,16.62,15.68,16.3,19910.71,31987.769
688351.SH,20230822,16.72,16.9,15.56,16.0,44639.15,71406.067
688352.SH,20230822,12.34,12.67,12.15,12.62,42859.68,53238.077
688353.SH,20230822,34.53,34.9,33.94,34.73,4988.6,17096.99
688355.SH,20230822,21.91,22.21,21.24,21.97,12895.97,27944.296
688356.SH,20230822,96.77,97.43,91.26,93.9,6661.92,62341.083
688357.SH,20230822,51.92,53.8,48.76,49.97,30316.89,152469.349
688358.SH,20230822,38.8,39.4,37.48,38.67,10122.99,38807.93
000911.SZ,20230822,9.28,9.3,8.89,9.06,74660.08,67380.958
000912.SZ,20230822,4.52,4.54,4.39,4.46,130235.0,57895.229
000913.SZ,20230822,15.69,16.1,14.92,15.25,97266.97,147790.392
000915.SZ,20230822,31.78,32.88,30.74,31.86,46622.92,146003.279
000917.SZ,20230822,6.12,6.26,6.11,6.24,208516.8,129253.728
000919.SZ,20230822,7.71,7.8,7.55,7.7,57744.0,44133.835
000920.SZ,20230822,9.34,9.61,9.16,9.41,77176.0,72104.41
000921.SZ,20230822,22.63,23.38,22.53,23.16,64937.85,149715.621
000922.SZ,20230822,11.77,11.95,11.45,11.77,65675.51,76540.864
000923.SZ,20230822,14.0,14.23,13.98,14.18,41269.0,58194.166
000925.SZ,20230822,7.58,7.68,7.41,7.63,75032.8,56658.206
000926.SZ,20230822,4.83,4.88,4.78,4.82,183474.79,88611.414
000927.SZ,20230822,2.8,2.83,2.77,2.81,402053.54,112559.738
000928.SZ,20230822,9.35,9.83,9.32,9.6,310498.8,297452.179
000929.SZ,20230822,9.97,10.08,9.45,9.63,85934.5,83122.381
000930.SZ,20230822,7.09,7.14,6.98,7.06,76756.73,54051.148
000931.SZ,20230822,5.9,5.97,5.79,5.87,52386.52,30658.944
000932.SZ,20230822,5.8,5.96,5.79,5.92,680021.61,400418.677
000933.SZ,20230822,14.19,14.94,14.19,14.75,419101.23,614120.196
000935.SZ,20230822,16.95,17.23,16.7,17.04,27322.0,46164.454
000936.SZ,20230822,10.38,10.45,9.98,10.37,720626.28,736380.351
000937.SZ,20230822,6.24,6.3,6.23,6.27,118257.64,74001.303
000938.SZ,20230822,26.0,26.37,25.44,26.26,345898.01,896377.148
000948.SZ,20230822,20.47,21.29,20.14,21.18,789830.3,1641902.327
000949.SZ,20230822,3.29,3.32,3.21,3.27,102632.21,33388.38
000950.SZ,20230822,5.5,5.52,5.4,5.49,300689.15,164089.064
000951.SZ,20230822,16.19,16.44,16.02,16.29,84288.35,136443.897
000952.SZ,20230822,7.41,7.46,7.18,7.27,41895.0,30461.415
000953.SZ,20230822,5.24,5.36,5.18,5.26,81553.01,42892.735
000955.SZ,20230822,4.57,4.84,4.56,4.65,175842.77,82370.166
000957.SZ,20230822,10.35,10.52,10.15,10.38,161595.84,166714.966
000958.SZ,20230822,4.38,4.4,4.31,4.36,116607.0,50650.256
000959.SZ,20230822,3.86,3.91,3.84,3.87,202821.92,78568.465
000960.SZ,20230822,14.42,14.86,14.42,14.69,263427.47,385966.634
000961.SZ,20230822,1.81,1.84,1.77,1.82,1278219.39,230209.958
000962.SZ,20230822,12.12,12.44,11.86,12.18,126290.27,153515.072
000963.SZ,20230822,36.9,37.49,36.53,37.23,134286.12,495596.095
000965.SZ,20230822,4.32,4.36,4.2,4.29,220810.75,94153.721
000966.SZ,20230822,5.02,5.09,4.93,5.02,132953.07,66373.283
000967.SZ,20230822,4.97,5.01,4.8,4.87,119599.99,58230.543
000968.SZ,20230822,7.58,7.71,7.48,7.63,92373.45,70117.711
002532.SZ,20230822,6.39,6.45,6.29,6.37,226605.42,144235.18
002533.SZ,20230822,7.36,7.47,7.23,7.38,113508.81,83340.644
002534.SZ,20230822,13.82,13.91,13.35,13.5,57290.28,77483.085
002535.SZ,20230822,4.58,4.63,4.48,4.59,328785.4,149109.777
002536.SZ,20230822,12.75,12.88,12.47,12.87,140484.17,178437.342
002537.SZ,20230822,6.72,6.87,6.67,6.81,150426.63,101912.658
002538.SZ,20230822,6.64,6.64,6.17,6.32,181923.14,115290.188
002539.SZ,20230822,8.62,8.63,8.36,8.51,68358.1,57963.937
002540.SZ,20230822,5.61,5.76,5.57,5.67,133175.29,75492.318
002541.SZ,20230822,28.41,28.57,27.44,27.8,35704.24,99417.091
002542.SZ,20230822,2.72,2.75,2.69,2.73,271533.77,73843.502
002543.SZ,20230822,7.71,7.76,7.53,7.63,30685.0,23342.26
002544.SZ,20230822,21.87,21.98,21.1,21.89,65983.59,141929.946
002545.SZ,20230822,7.13,7.18,7.04,7.12,59894.97,42582.587
002546.SZ,20230822,5.04,5.09,4.93,5.05,182464.25,91280.169
002547.SZ,20230822,4.26,4.3,4.18,4.26,92699.6,39265.819
002548.SZ,20230822,6.37,6.42,6.1,6.38,214033.94,134610.614
002549.SZ,20230822,10.62,10.69,10.1,10.31,95649.87,98510.344
002550.SZ,20230822,5.09,5.11,5.01,5.05,80977.0,40804.591
002551.SZ,20230822,4.12,4.15,4.0,4.07,131201.41,53263.923
002552.SZ,20230822,18.12,18.44,17.88,18.34,27622.14,50013.454
002553.SZ,20230822,14.55,14.85,14.34,14.76,499890.0,729201.771
002554.SZ,20230822,3.64,3.67,3.56,3.63,108208.75,39019.678
002555.SZ,20230822,24.9,25.25,24.35,25.19,320207.08,793868.594
002556.SZ,20230822,7.47,7.49,7.35,7.44,57313.6,42540.835
002557.SZ,20230822,38.25,38.45,37.0,37.22,39270.85,146834.492
002558.SZ,20230822,13.26,13.67,13.0,13.63,457466.6,610674.592
002559.SZ,20230822,7.72,7.79,7.5,7.65,145717.0,110912.674
002560.SZ,20230822,7.98,8.15,7.86,8.06,196241.3,157370.877
002561.SZ,20230822,9.65,9.78,9.42,9.64,109227.46,104312.086
002562.SZ,20230822,4.17,4.2,4.05,4.12,75434.5,31000.682
002563.SZ,20230822,6.25,6.29,6.11,6.18,84476.21,52219.646
002564.SZ,20230822,3.53,3.53,3.35,3.35,338211.36,114474.986
002565.SZ,20230822,3.23,3.25,3.14,3.21,157020.42,49971.024
002566.SZ,20230822,8.35,8.37,8.04,8.16,64501.0,52487.48
002567.SZ,20230822,6.54,6.61,6.35,6.5,220902.22,142853.976
002568.SZ,20230822,33.67,33.9,32.94,33.44,53658.74,178693.847
002569.SZ,20230822,6.43,6.6,6.23,6.32,78806.72,50237.124
002570.SZ,20230822,4.26,4.29,4.16,4.22,118340.86,49857.195
002571.SZ,20230822,6.13,6.17,5.98,6.07,32784.0,19801.165
002572.SZ,20230822,18.05,18.19,17.52,17.75,83989.0,149051.652
300191.SZ,20230822,18.0,18.14,17.75,17.99,14831.0,26605.465
300192.SZ,20230822,10.37,10.85,10.37,10.72,134125.15,142366.007
300193.SZ,20230822,8.1,8.13,7.91,8.06,80078.45,64149.479
300194.SZ,20230822,3.82,3.85,3.72,3.79,164074.88,62040.142
300195.SZ,20230822,6.14,6.16,5.89,6.02,165458.0,99857.452
300196.SZ,20230822,13.9,13.9,13.45,13.58,14576.78,19769.536
300197.SZ,20230822,2.59,2.61,2.46,2.52,553127.74,139229.423
300198.SZ,20230822,2.85,2.87,2.74,2.79,172162.0,47951.033
300199.SZ,20230822,9.69,9.73,9.34,9.55,252287.35,239396.058
300200.SZ,20230822,8.09,8.1,7.88,8.01,52289.8,41716.433
300201.SZ,20230822,3.85,3.94,3.81,3.91,174809.81,67660.052
300203.SZ,20230822,16.38,16.61,16.0,16.47,48278.25,78710.47
300204.SZ,20230822,9.71,9.75,9.17,9.42,73487.88,68982.404
300205.SZ,20230822,12.65,13.19,12.65,13.1,59791.0,77307.395
300206.SZ,20230822,12.34,12.45,12.16,12.45,36372.73,44738.776
300207.SZ,20230822,14.51,14.62,14.05,14.36,157908.98,225718.815
300208.SZ,20230822,8.0,8.12,7.83,7.98,37455.0,29747.781
300209.SZ,20230822,3.33,3.4,3.09,3.16,263929.01,84731.945
300210.SZ,20230822,3.42,3.44,3.26,3.33,115930.6,38596.363
300211.SZ,20230822,8.7,8.94,8.67,8.91,33082.7,29168.501
300212.SZ,20230822,28.89,32.55,28.39,32.2,574224.96,1725375.356
300213.SZ,20230822,5.88,6.0,5.79,5.99,84396.0,49886.185
300214.SZ,20230822,6.09,6.12,5.92,6.0,28023.0,16793.059
300215.SZ,20230822,5.05,5.1,4.94,5.05,43352.0,21669.092
300217.SZ,20230822,5.44,5.44,5.3,5.4,91167.81,48852.18
300218.SZ,20230822,9.32,9.51,9.03,9.18,19844.0,18186.544
300219.SZ,20230822,6.65,6.76,6.59,6.75,77913.0,51915.844
300220.SZ,20230822,7.41,7.58,7.17,7.4,38783.17,28547.292
300221.SZ,20230822,5.37,5.43,5.21,5.32,89255.0,47299.154
300222.SZ,20230822,7.1,7.22,6.99,7.19,72794.0,51729.077
300223.SZ,20230822,73.0,73.58,70.88,73.26,60921.17,441093.446
300224.SZ,20230822,11.78,11.82,11.52,11.74,43741.0,51072.777
300225.SZ,20230822,9.16,9.16,8.77,9.05,109809.0,97587.684
300226.SZ,20230822,30.87,34.32,29.6,34.32,436629.8,1410959.989
300227.SZ,20230822,7.15,7.24,7.08,7.24,42299.0,30347.628
300228.SZ,20230822,5.7,5.77,5.55,5.65,67698.0,38116.153
300229.SZ,20230822,20.23,20.71,19.86,20.69,412680.78,835637.875
300230.SZ,20230822,3.68,3.7,3.55,3.62,66783.48,24098.804
300231.SZ,20230822,10.1,10.35,10.07,10.33,458606.6,468963.268
300232.SZ,20230822,7.58,7.7,7.42,7.66,130447.0,98754.547
300233.SZ,20230822,18.9,19.03,18.0,18.28,52350.8,96061.28
300878.SZ,20230822,22.2,22.33,21.02,21.4,13507.69,29069.044
300879.SZ,20230822,17.07,17.25,16.46,16.75,19614.66,32905.627
300880.SZ,20230822,20.78,21.11,20.3,20.99,57393.02,118721.044
300881.SZ,20230822,31.52,31.85,30.29,30.83,17997.77,55583.142
300882.SZ,20230822,22.53,22.87,22.0,22.87,29937.53,67238.639
300883.SZ,20230822,6.51,6.59,6.33,6.47,53466.58,34354.059
300884.SZ,20230822,11.04,11.12,10.76,11.08,40579.0,44536.227
300885.SZ,20230822,9.29,9.36,8.99,9.2,19780.72,18105.564
300886.SZ,20230822,24.79,25.01,23.9,24.36,11903.08,29000.095
300887.SZ,20230822,21.79,22.1,21.5,22.06,29597.25,64537.841
300888.SZ,20230822,41.39,41.39,40.1,40.44,14991.74,60624.072
300889.SZ,20230822,14.38,14.39,13.81,14.18,18557.0,26048.182
300890.SZ,20230822,37.15,37.23,35.41,36.1,20067.0,72301.626
300891.SZ,20230822,9.12,9.21,8.85,8.98,18392.24,16508.927
300892.SZ,20230822,26.83,26.88,25.5,26.03,41599.0,108148.164
300893.SZ,20230822,22.44,22.56,21.85,22.4,8373.0,18588.277
300894.SZ,20230822,20.87,20.87,19.97,20.44,40280.49,81777.238
300895.SZ,20230822,36.8,38.25,35.71,38.0,166613.62,613210.426
300896.SZ,20230822,429.38,432.0,416.0,423.05,15120.83,638999.43
300897.SZ,20230822,32.42,33.07,31.97,32.62,7956.1,25836.948
300898.SZ,20230822,25.9,26.1,24.68,25.28,83577.58,209876.171
300899.SZ,20230822,28.04,28.1,26.52,27.95,48361.82,132669.325
300900.SZ,20230822,26.2,26.6,25.75,26.22,24307.0,63737.283
300901.SZ,20230822,10.3,10.42,10.02,10.27,50053.18,50937.924
300902.SZ,20230822,31.8,32.57,31.27,31.9,6188.45,19674.014
300903.SZ,20230822,9.4,9.51,9.18,9.49,53332.47,49817.426
300904.SZ,20230822,103.0,105.0,90.2,92.0,87197.88,854367.705
300905.SZ,20230822,18.76,18.78,17.74,18.24,46589.52,84930.214
300906.SZ,20230822,25.78,26.2,24.84,25.26,40092.47,101540.475
300907.SZ,20230822,21.84,21.98,20.98,21.65,15687.0,33635.845
300908.SZ,20230822,40.99,41.32,39.5,40.21,7386.76,29652.866
300909.SZ,20230822,22.78,23.07,22.04,22.68,17063.83,38249.234
300910.SZ,20230822,48.47,48.95,47.38,48.56,11382.41,54847.011
300911.SZ,20230822,36.95,38.11,36.36,37.37,23361.5,86945.937
300912.SZ,20230822,19.29,19.54,18.6,19.05,29365.06,55692.471
300913.SZ,20230822,40.24,41.51,38.01,41.5,255949.27,1016021.785
300915.SZ,20230822,41.85,41.85,39.97,40.45,10143.19,41258.938
300916.SZ,20230822,26.8,26.83,25.75,26.37,10955.62,28721.28
300917.SZ,20230822,29.0,30.4,28.55,30.26,118936.01,353085.975
300918.SZ,20230822,13.65,13.67,12.99,13.21,32269.0,42722.12
300919.SZ,20230822,57.23,57.7,54.04,55.07,37806.68,209034.756
920436.BJ,20230822,5.92,5.92,5.78,5.79,607.05,354.872
920185.BJ,20230822,22.31,22.34,21.68,22.12,5847.65,12865.489
920926.BJ,20230822,10.28,10.29,9.99,10.03,3651.38,3673.443
920580.BJ,20230822,3.9,3.93,3.88,3.93,539.28,210.745
920509.BJ,20230822,8.9,8.9,8.5,8.71,685.22,596.882
920556.BJ,20230822,3.51,3.51,3.41,3.47,4673.69,1614.775
920304.BJ,20230822,4.31,4.36,4.26,4.29,8548.93,3669.502
920523.BJ,20230822,10.74,10.75,10.35,10.55,1547.52,1613.451
920765.BJ,20230822,5.85,5.85,5.71,5.75,8.0,4.587
920392.BJ,20230822,6.01,6.05,5.98,6.04,229.57,137.829
920566.BJ,20230822,5.84,5.84,5.76,5.82,1642.9,952.05
920685.BJ,20230822,10.47,10.71,10.32,10.71,2207.31,2324.468
600032.SH,20230822,10.87,10.92,10.45,10.62,45557.99,48353.546
600033.SH,20230822,3.25,3.27,3.21,3.25,90535.5,29266.221
600035.SH,20230822,4.06,4.09,4.02,4.08,114050.11,46118.808
600036.SH,20230822,31.21,31.47,31.0,31.32,601070.44,1877097.295
600037.SH,20230822,8.07,8.18,8.03,8.16,90702.61,73546.91
600038.SH,20230822,38.68,39.22,38.42,39.01,37003.96,143904.327
600039.SH,20230822,9.31,9.41,9.28,9.38,103950.67,97259.372
600048.SH,20230822,13.91,14.03,13.77,13.89,450614.26,625152.475
600050.SH,20230822,5.22,5.56,5.2,5.5,8684897.44,4705895.479
600051.SH,20230822,7.54,7.56,7.2,7.32,64881.0,47544.008
600052.SH,20230822,4.81,4.83,4.72,4.81,47746.61,22761.789
600053.SH,20230822,13.38,13.49,13.03,13.3,19423.04,25720.792
600054.SH,20230822,12.79,12.84,12.48,12.75,58544.0,73941.103
600055.SH,20230822,17.71,17.82,17.33,17.66,37556.32,65903.88
600056.SH,20230822,12.77,12.87,12.08,12.39,319832.09,395654.808
600057.SH,20230822,7.77,7.88,7.65,7.76,124261.31,96191.176
600058.SH,20230822,9.52,9.56,9.41,9.55,32984.36,31324.876
600059.SH,20230822,10.2,10.22,10.0,10.16,104249.38,105244.712
600060.SH,20230822,20.9,21.08,20.67,20.98,62730.62,130781.729
600061.SH,20230822,7.69,7.72,7.57,7.69,262752.56,201172.925
600062.SH,20230822,15.95,16.03,15.41,15.74,104446.92,163328.337
600063.SH,20230822,5.12,5.16,5.02,5.11,147319.79,74793.522
600064.SH,20230822,6.54,6.58,6.49,6.53,117440.49,76695.458
600066.SH,20230822,12.9,13.1,12.76,12.98,129659.21,167700.703
600067.SH,20230822,2.84,2.88,2.81,2.86,117975.16,33563.629
600070.SH,20230822,3.13,3.15,3.0,3.0,137293.38,41742.529
600071.SH,20230822,17.68,17.95,17.48,17.9,22695.0,40234.063
600072.SH,20230822,21.6,22.13,21.55,22.1,321257.34,702580.42
600073.SH,20230822,7.51,7.59,7.4,7.47,69830.18,52234.45
600075.SH,20230822,4.72,4.73,4.63,4.68,61196.19,28574.565
600076.SH,20230822,2.71,2.72,2.63,2.68,72724.0,19374.281
600078.SH,20230822,8.87,8.9,8.53,8.68,51485.01,44787.636
600079.SH,20230822,22.2,22.3,21.67,22.2,106106.91,233733.311
600080.SH,20230822,7.3,7.41,7.12,7.21,45575.0,32784.999
600081.SH,20230822,10.52,10.68,10.4,10.67,34210.27,36107.522
600082.SH,20230822,3.48,3.48,3.4,3.46,103016.0,35442.18
600083.SH,20230822,7.15,7.18,6.87,7.05,27716.0,19429.039
600084.SH,20230822,8.01,8.09,7.89,8.08,35297.11,28227.285
600085.SH,20230822,55.68,56.06,54.71,55.81,57618.12,319122.804
600088.SH,20230822,13.15,13.84,13.05,13.81,150671.49,203943.738
600089.SH,20230822,14.78,14.89,14.4,14.69,453662.51,661941.069
600854.SH,20230822,4.75,4.8,4.61,4.7,73380.0,34353.113
600855.SH,20230822,11.83,11.9,11.62,11.9,24145.19,28488.954
600857.SH,20230822,9.9,9.91,9.62,9.77,25184.0,24567.75
600858.SH,20230822,6.18,6.25,6.1,6.21,52771.0,32618.787
600859.SH,20230822,21.81,22.03,21.11,21.43,104311.77,222639.27
600860.SH,20230822,13.35,13.41,12.8,13.25,202161.15,264807.21
600861.SH,20230822,25.52,26.1,25.31,26.05,30933.47,79749.059
600862.SH,20230822,24.69,25.46,24.69,25.33,121357.29,305686.3
600863.SH,20230822,3.47,3.49,3.42,3.46,482623.55,166593.921
600864.SH,20230822,6.15,6.3,6.05,6.19,640057.53,393734.816
600865.SH,20230822,8.99,8.99,8.7,8.84,13969.4,12311.497
600866.SH,20230822,5.32,5.37,5.23,5.31,48985.2,25908.189
600867.SH,20230822,9.97,9.98,9.66,9.81,162372.74,158661.682
600868.SH,20230822,2.77,2.79,2.73,2.77,202689.2,55770.921
600869.SH,20230822,4.85,4.88,4.73,4.83,115178.65,55325.859
600871.SH,20230822,2.12,2.15,2.1,2.12,541113.25,114939.725
600872.SH,20230822,32.85,33.25,32.33,32.91,44132.09,144758.305
600873.SH,20230822,8.74,8.78,8.53,8.65,166469.2,143666.486
600874.SH,20230822,6.07,6.08,5.89,5.96,93406.36,55692.746
600875.SH,20230822,17.33,17.64,17.2,17.54,90743.42,157756.496
600876.SH,20230822,15.17,15.31,14.68,14.89,32606.25,48517.877
600877.SH,20230822,12.32,12.53,11.95,12.26,73754.22,89815.287
600879.SH,20230822,7.42,7.52,7.35,7.47,213597.23,158913.239
600880.SH,20230822,5.03,5.19,4.99,5.18,195409.43,100027.477
600881.SH,20230822,2.23,2.24,2.18,2.23,210400.52,46449.094
600882.SH,20230822,20.92,21.12,19.91,20.31,68176.0,137970.67
600883.SH,20230822,7.97,8.06,7.78,7.9,21641.0,17073.66
600884.SH,20230822,13.55,13.65,13.2,13.46,131913.66,176678.686
600885.SH,20230822,33.41,33.41,32.35,32.81,45832.03,149814.903
600886.SH,20230822,12.96,13.07,12.84,13.0,100960.38,130701.728
600887.SH,20230822,26.6,26.85,26.37,26.73,363267.16,965432.925
600888.SH,20230822,7.82,7.91,7.78,7.88,126172.12,98985.244
600889.SH,20230822,5.13,5.13,4.87,4.97,56132.0,27842.697
600892.SH,20230822,5.25,5.32,5.21,5.32,56042.0,29532.899
600893.SH,20230822,38.75,39.77,38.6,39.5,101233.92,396974.569
600894.SH,20230822,7.41,7.41,7.26,7.35,33529.19,24571.938
600895.SH,20230822,14.82,14.98,14.61,14.97,130436.67,193474.515
600897.SH,20230822,13.7,13.81,13.38,13.52,44513.45,60133.434
600898.SH,20230822,3.42,3.47,3.3,3.38,29919.0,10163.277
600900.SH,20230822,21.94,22.1,21.79,22.0,416033.69,914974.619
600901.SH,20230822,4.49,4.49,4.4,4.45,268465.93,119267.615
603588.SH,20230822,9.98,10.05,9.71,9.84,68403.21,67201.949
603589.SH,20230822,60.02,60.43,59.16,59.56,47732.8,285155.471
603590.SH,20230822,32.78,34.55,32.78,33.69,12805.0,42763.791
603595.SH,20230822,31.43,31.85,30.3,31.25,23552.42,72686.509
603596.SH,20230822,79.7,81.89,78.27,81.0,28900.07,230313.612
603598.SH,20230822,9.54,9.81,9.54,9.79,79065.0,76709.107
603599.SH,20230822,18.5,18.8,18.25,18.6,51013.96,94185.69
603600.SH,20230822,9.66,9.66,9.26,9.4,18124.0,17017.149
603601.SH,20230822,4.53,4.61,4.42,4.48,85668.77,38423.852
603602.SH,20230822,12.22,12.3,12.09,12.3,29745.37,36283.042
603603.SH,20230822,3.24,3.25,3.11,3.15,129281.0,40997.119
603605.SH,20230822,104.58,105.0,96.8,99.08,78164.62,778141.785
603606.SH,20230822,40.32,40.72,38.99,39.78,76270.42,302019.776
603607.SH,20230822,15.28,15.6,15.09,15.59,62154.22,95653.665
603608.SH,20230822,4.67,4.73,4.57,4.65,52273.2,24211.585
603609.SH,20230822,8.8,8.88,8.57,8.68,62112.43,53863.14
603610.SH,20230822,12.27,12.43,12.15,12.42,103332.2,127057.817
603611.SH,20230822,22.89,23.21,22.33,23.15,35721.1,81275.009
603612.SH,20230822,17.38,17.57,17.09,17.45,45391.83,78632.236
603613.SH,20230822,33.65,33.89,32.7,33.87,102423.17,340202.266
603615.SH,20230822,9.29,9.32,8.95,9.01,20601.0,18683.272
603616.SH,20230822,5.85,5.93,5.69,5.77,185436.0,106890.169
603617.SH,20230822,9.69,9.91,9.6,9.87,31448.36,30644.703
603618.SH,20230822,5.75,5.92,5.75,5.9,72062.9,42163.303
603619.SH,20230822,19.63,19.83,19.41,19.8,33903.0,66565.614
603626.SH,20230822,6.41,6.55,6.25,6.39,70999.44,44980.045
603628.SH,20230822,13.7,13.85,13.39,13.69,19932.0,27115.826
603629.SH,20230822,23.81,25.34,23.27,25.05,294986.17,719366.319
603630.SH,20230822,15.7,15.8,15.11,15.26,33384.9,51161.705
603633.SH,20230822,11.25,11.41,11.13,11.4,31213.22,35222.587
603636.SH,20230822,12.87,13.3,12.72,13.27,126122.94,164032.98
603637.SH,20230822,8.55,8.61,8.23,8.36,40291.46,33724.323
603638.SH,20230822,17.23,17.39,17.03,17.32,16244.96,27959.092
603639.SH,20230822,17.18,17.35,16.77,17.14,21608.6,36757.637
603648.SH,20230822,9.45,9.53,9.23,9.33,41054.0,38321.926
603650.SH,20230822,28.41,29.22,28.22,29.18,49800.82,143107.98
603655.SH,20230822,22.56,22.9,21.84,22.28,5338.0,11837.266
603656.SH,20230822,12.46,12.53,12.01,12.25,14125.0,17244.301
603657.SH,20230822,16.15,16.29,15.54,15.7,10528.0,16703.474
603658.SH,20230822,47.17,47.21,46.06,46.59,22368.93,104174.577
603659.SH,20230822,35.73,36.09,34.84,35.39,60199.37,212593.81
688359.SH,20230822,64.28,66.67,63.2,66.05,15432.82,100893.236
688360.SH,20230822,19.64,19.93,19.18,19.66,10646.68,20804.644
688361.SH,20230822,75.68,75.85,71.5,74.21,16229.06,119696.837
688362.SH,20230822,30.1,30.7,28.9,30.05,43883.77,130937.293
688363.SH,20230822,97.87,98.6,90.4,93.0,36813.57,343237.746
688365.SH,20230822,12.45,12.61,12.04,12.56,57032.39,70405.36
688366.SH,20230822,100.81,102.77,97.48,100.9,19448.54,195601.339
688367.SH,20230822,17.8,17.8,16.98,17.32,9979.61,17267.646
688368.SH,20230822,104.66,106.88,103.04,106.29,5496.02,57824.901
688369.SH,20230822,47.3,48.73,46.02,48.23,27945.63,132023.174
688370.SH,20230822,27.43,27.52,26.17,26.73,10885.17,29139.848
688371.SH,20230822,18.7,19.12,18.18,18.61,11876.57,22053.141
688372.SH,20230822,98.4,101.86,93.35,96.5,9921.76,96103.954
688373.SH,20230822,6.52,6.52,6.26,6.44,37310.89,23702.544
688375.SH,20230822,79.69,80.74,78.08,80.69,5838.73,46588.764
688376.SH,20230822,30.7,30.96,29.56,30.55,13188.04,39612.049
688377.SH,20230822,24.25,24.45,23.4,24.35,9581.05,22880.058
688378.SH,20230822,39.49,40.46,38.69,39.68,7278.49,28776.259
688379.SH,20230822,19.16,19.28,18.49,19.01,9656.21,18233.558
688380.SH,20230822,25.34,25.61,24.3,25.52,27837.23,69468.387
688381.SH,20230822,26.49,26.78,25.45,26.3,15486.36,40294.959
688382.SH,20230822,13.06,13.18,12.78,12.94,12588.08,16319.988
688383.SH,20230822,86.02,86.61,82.55,86.61,8969.85,75767.991
688385.SH,20230822,50.51,51.14,48.65,50.29,36891.45,184438.179
688386.SH,20230822,38.1,38.1,36.7,37.71,6134.22,22833.231
688387.SH,20230822,6.8,6.98,6.77,6.97,95206.03,65463.803
688388.SH,20230822,21.86,22.0,21.1,21.66,50355.49,108380.348
688389.SH,20230822,20.06,20.27,19.6,19.89,21703.85,43084.328
688390.SH,20230822,139.0,140.3,132.79,137.49,30017.11,406866.357
688391.SH,20230822,57.42,58.36,55.16,56.85,4335.54,24451.367
688392.SH,20230822,87.5,88.38,85.52,87.09,5456.38,47236.966
688393.SH,20230822,23.18,23.51,22.17,22.81,19057.91,43006.297
688395.SH,20230822,23.55,23.55,22.51,23.4,7752.52,17863.219
688396.SH,20230822,54.56,55.15,53.45,54.78,35149.75,190407.063
688398.SH,20230822,33.24,33.49,32.26,32.73,6128.94,20076.213
688399.SH,20230822,50.84,51.03,48.52,49.33,7626.99,37702.188
688400.SH,20230822,24.73,25.08,24.15,25.01,24299.18,59892.497
688401.SH,20230822,28.77,28.91,27.33,28.54,26898.12,75641.332
688403.SH,20230822,10.16,10.24,9.9,10.19,52871.83,53370.116
688408.SH,20230822,57.72,58.27,55.32,56.83,18338.77,103456.176
688409.SH,20230822,84.85,85.15,80.66,83.9,9202.69,76227.906
000969.SZ,20230822,8.87,8.91,8.7,8.89,111667.68,98547.061
000970.SZ,20230822,11.12,11.17,10.84,11.06,94523.25,104181.357
000971.SZ,20230822,2.03,2.12,2.02,2.12,132844.04,27950.153
000972.SZ,20230822,3.71,3.72,3.58,3.65,55417.0,20159.762
000973.SZ,20230822,4.55,4.58,4.45,4.54,86910.5,39227.919
000975.SZ,20230822,13.21,13.58,13.12,13.5,253437.64,338963.462
000976.SZ,20230822,2.07,2.1,1.99,2.06,284574.48,58240.102
000977.SZ,20230822,41.62,43.0,40.4,43.0,1031218.93,4289719.419
000978.SZ,20230822,7.65,7.71,7.39,7.57,214659.0,161187.586
000980.SZ,20230822,3.95,3.99,3.7,3.77,2666741.38,1015778.467
000981.SZ,20230822,1.57,1.58,1.52,1.56,721573.79,111727.194
000982.SZ,20230822,1.86,1.92,1.79,1.85,4161778.38,769523.876
000983.SZ,20230822,8.07,8.22,8.01,8.22,238347.7,193287.489
000985.SZ,20230822,15.97,16.0,15.33,15.54,7887.0,12258.137
000987.SZ,20230822,7.12,7.14,6.99,7.1,224282.38,158427.43
000988.SZ,20230822,31.39,31.88,30.48,31.57,581522.57,1805940.892
000989.SZ,20230822,10.84,10.94,10.7,10.94,87916.71,95351.125
000990.SZ,20230822,7.93,7.93,7.73,7.84,72397.62,56547.324
000993.SZ,20230822,10.06,10.11,9.81,9.99,64185.61,63759.188
000995.SZ,20230822,20.55,21.69,19.33,19.67,291201.89,596850.587
000996.SZ,20230822,4.34,4.34,4.07,4.15,54805.81,22786.654
000997.SZ,20230822,17.85,18.5,17.79,18.36,96508.17,174479.017
000998.SZ,20230822,15.28,15.43,15.0,15.3,87675.37,133554.068
000999.SZ,20230822,48.0,48.58,46.84,47.5,53108.5,251683.539
001201.SZ,20230822,23.32,23.53,22.88,23.4,7818.66,18074.839
001202.SZ,20230822,16.7,16.83,15.5,15.98,124697.22,199267.988
001203.SZ,20230822,10.86,10.97,10.63,10.85,85573.0,92029.161
001205.SZ,20230822,19.06,19.29,18.81,18.96,29508.68,56094.142
001206.SZ,20230822,15.15,15.15,14.46,14.72,16524.64,24296.344
001207.SZ,20230822,15.86,15.86,14.98,15.29,17369.0,26585.371
001208.SZ,20230822,9.33,9.37,9.12,9.3,24854.96,23006.09
001209.SZ,20230822,17.09,17.33,16.77,17.03,17525.0,29893.275
001210.SZ,20230822,20.68,20.99,20.35,20.75,15708.33,32418.743
001211.SZ,20230822,22.77,22.77,21.37,21.67,9667.0,21091.64
001212.SZ,20230822,24.6,24.76,23.71,24.15,10277.0,24786.422
001213.SZ,20230822,4.69,4.78,4.57,4.76,1316212.46,613237.581
001215.SZ,20230822,65.48,66.37,64.63,65.39,4206.6,27434.811
001216.SZ,20230822,13.06,13.15,12.45,12.63,21354.0,27064.786
001217.SZ,20230822,11.73,11.79,11.3,11.47,14509.0,16652.002
001218.SZ,20230822,21.95,22.08,21.45,21.74,8768.08,19021.485
001219.SZ,20230822,18.37,18.46,17.81,18.35,21491.32,39028.014
002573.SZ,20230822,5.67,5.7,5.49,5.58,94711.0,52785.801
002574.SZ,20230822,6.64,6.65,6.4,6.55,40212.0,26182.444
002575.SZ,20230822,5.73,5.73,5.54,5.61,47205.04,26461.362
002576.SZ,20230822,16.45,16.67,16.09,16.53,50224.0,82161.338
002577.SZ,20230822,13.91,14.24,13.81,14.24,26628.85,37436.507
002578.SZ,20230822,3.69,3.73,3.62,3.69,68346.0,25025.868
002579.SZ,20230822,8.66,8.8,8.53,8.75,83479.42,72378.794
002580.SZ,20230822,8.83,8.86,8.56,8.73,57472.3,49928.369
002581.SZ,20230822,17.6,17.6,17.29,17.47,25883.0,45081.485
002582.SZ,20230822,8.5,8.57,8.09,8.15,214408.0,177353.002
002583.SZ,20230822,5.71,5.85,5.66,5.82,188745.39,108485.051
002584.SZ,20230822,5.74,6.45,5.74,6.14,732000.02,444856.607
002585.SZ,20230822,9.76,9.85,9.56,9.75,101086.0,98024.057
002586.SZ,20230822,2.77,2.78,2.69,2.72,33409.0,9080.498
002587.SZ,20230822,6.38,6.48,6.33,6.47,151182.1,97149.937
002588.SZ,20230822,5.67,5.74,5.57,5.68,154273.0,87005.446
002589.SZ,20230822,3.47,3.5,3.38,3.43,230501.17,78701.365
002590.SZ,20230822,10.43,10.67,10.33,10.63,156724.0,165041.25
002591.SZ,20230822,6.47,6.52,6.27,6.37,60426.0,38417.964
002592.SZ,20230822,5.18,5.19,4.98,5.06,33157.0,16813.475
002593.SZ,20230822,3.76,3.76,3.63,3.7,68508.0,25240.673
002594.SZ,20230822,237.97,238.5,230.9,234.54,112115.89,2620973.083
002595.SZ,20230822,31.15,31.6,30.82,31.38,24755.0,77116.223
002596.SZ,20230822,2.91,2.95,2.86,2.92,152234.69,44054.984
002597.SZ,20230822,21.83,22.02,20.86,21.15,54319.96,115579.196
002598.SZ,20230822,10.26,10.39,10.05,10.32,30772.0,31405.041
002599.SZ,20230822,6.71,6.93,6.69,6.92,179537.86,122066.237
002600.SZ,20230822,5.8,5.84,5.69,5.82,438340.92,252903.834
002601.SZ,20230822,16.9,17.25,16.76,17.07,88688.16,150741.237
002602.SZ,20230822,5.31,5.53,5.31,5.51,1888771.11,1025604.993
002603.SZ,20230822,23.11,23.32,22.55,23.0,167342.15,383128.278
002605.SZ,20230822,30.19,30.98,29.55,30.8,123809.7,374670.887
002606.SZ,20230822,8.25,8.25,7.94,8.08,42017.53,33830.917
002607.SZ,20230822,4.28,4.39,4.15,4.37,1304650.93,554418.202
002608.SZ,20230822,7.0,7.08,6.92,7.04,56914.0,39888.522
002609.SZ,20230822,10.53,10.82,10.38,10.75,70152.66,74323.817
002610.SZ,20230822,2.5,2.51,2.43,2.47,529842.01,130343.195
002611.SZ,20230822,5.17,5.19,5.07,5.15,100264.0,51375.794
002612.SZ,20230822,21.6,21.82,20.89,21.37,57096.79,121223.776
002613.SZ,20230822,4.49,4.51,4.38,4.46,71417.0,31628.693
002614.SZ,20230822,8.03,8.08,7.68,7.82,105209.39,82022.203
300234.SZ,20230822,5.75,5.78,5.57,5.67,44187.0,24954.2
300235.SZ,20230822,10.47,10.78,10.41,10.75,70613.0,74917.684
300236.SZ,20230822,33.81,34.07,33.11,33.97,20900.0,70265.475
300237.SZ,20230822,2.2,2.2,2.08,2.14,489482.0,104327.306
300238.SZ,20230822,12.9,13.05,12.47,12.88,82663.69,105112.137
300239.SZ,20230822,6.23,6.3,5.98,6.1,75945.02,46189.116
300240.SZ,20230822,6.35,6.36,6.09,6.2,111282.0,68771.647
300241.SZ,20230822,4.72,4.74,4.62,4.72,61532.1,28767.929
300242.SZ,20230822,3.33,3.36,3.24,3.35,220268.0,72631.425
300243.SZ,20230822,9.34,9.34,8.96,9.13,24742.8,22464.44
300244.SZ,20230822,22.52,22.7,22.07,22.49,35038.74,78308.984
300245.SZ,20230822,10.92,11.7,10.91,11.36,652659.63,740013.222
300246.SZ,20230822,11.63,11.7,11.07,11.26,81628.51,92155.583
300247.SZ,20230822,3.45,3.45,3.33,3.39,65376.0,22051.817
300248.SZ,20230822,9.16,9.44,9.11,9.43,103959.86,96515.144
300249.SZ,20230822,9.25,9.59,9.24,9.55,190779.3,180378.797
300250.SZ,20230822,14.4,14.9,14.4,14.9,69292.0,101752.898
300251.SZ,20230822,8.55,8.75,8.45,8.71,320855.46,276157.843
300252.SZ,20230822,8.39,8.58,8.35,8.57,157382.0,133503.526
300253.SZ,20230822,7.2,7.28,7.11,7.25,406507.65,292682.089
300254.SZ,20230822,7.6,7.69,7.48,7.59,44068.0,33279.084
300255.SZ,20230822,4.99,5.01,4.84,4.91,66610.0,32648.72
300256.SZ,20230822,3.26,3.27,3.18,3.23,193297.92,62464.427
300257.SZ,20230822,13.33,13.69,13.09,13.36,39975.73,53350.589
300258.SZ,20230822,12.83,12.95,12.45,12.89,108606.97,137929.523
300259.SZ,20230822,3.7,3.74,3.6,3.68,138298.0,50656.556
300260.SZ,20230822,27.18,27.78,26.51,27.3,55054.47,149147.993
300261.SZ,20230822,8.35,8.4,8.02,8.16,114410.0,93201.207
300262.SZ,20230822,3.06,3.07,2.96,3.04,215875.5,64984.836
300263.SZ,20230822,7.38,7.43,7.22,7.36,74401.03,54360.616
300264.SZ,20230822,6.07,6.35,6.04,6.25,160909.8,100033.996
300265.SZ,20230822,9.02,9.02,8.75,8.96,33320.01,29569.808
300266.SZ,20230822,3.48,3.49,3.42,3.45,264929.6,91390.801
300267.SZ,20230822,3.2,3.21,3.13,3.17,133452.4,42210.262
300268.SZ,20230822,16.79,16.95,15.95,16.06,5916.0,9622.195
300269.SZ,20230822,3.32,3.35,3.2,3.3,100398.0,32790.018
300270.SZ,20230822,6.87,7.04,6.83,7.04,89559.25,62190.639
300271.SZ,20230822,9.06,9.1,8.76,9.01,107907.96,96254.051
300272.SZ,20230822,5.59,5.66,5.44,5.52,74554.69,41172.983
300274.SZ,20230822,100.2,100.79,97.13,99.1,195118.62,1926198.115
300275.SZ,20230822,11.77,12.52,11.66,12.14,97551.64,116816.209
300920.SZ,20230822,17.76,17.98,17.3,17.96,13023.13,22992.876
300921.SZ,20230822,31.29,31.8,28.97,30.69,194505.3,591032.848
300922.SZ,20230822,17.4,18.38,17.4,17.91,70359.95,126081.559
300923.SZ,20230822,25.01,25.76,24.3,25.27,33244.35,82766.389
300925.SZ,20230822,14.26,14.74,14.26,14.72,154664.55,224766.909
300926.SZ,20230822,23.68,24.69,23.39,24.18,51967.9,124895.773
300927.SZ,20230822,16.44,16.59,15.72,16.02,15189.24,24404.514
300928.SZ,20230822,42.68,43.2,41.52,42.78,12322.24,52332.585
300929.SZ,20230822,12.29,12.4,11.79,11.98,56091.57,67429.538
300930.SZ,20230822,24.48,24.48,23.36,23.96,6847.0,16256.852
300931.SZ,20230822,7.95,8.0,7.68,7.81,43776.0,34246.477
300932.SZ,20230822,14.94,15.21,14.48,14.76,16186.89,23889.809
300933.SZ,20230822,8.03,8.07,7.8,7.95,41614.95,32875.289
300935.SZ,20230822,29.52,30.38,29.13,30.07,13894.6,41345.599
300936.SZ,20230822,33.22,34.01,32.4,33.3,13874.0,45958.959
300937.SZ,20230822,34.07,34.39,32.51,33.07,58475.56,194470.366
300938.SZ,20230822,39.77,40.44,38.86,40.4,7677.5,30395.675
300939.SZ,20230822,33.36,33.98,32.74,33.84,22644.98,75608.805
300940.SZ,20230822,16.3,16.49,15.95,16.36,22555.38,36497.471
300941.SZ,20230822,21.1,22.54,21.1,22.23,84110.5,184356.419
300942.SZ,20230822,14.18,14.28,13.33,13.74,151076.5,208517.918
300943.SZ,20230822,14.29,14.49,13.85,14.35,33655.27,47490.383
300945.SZ,20230822,15.19,15.27,14.54,14.9,30687.41,45642.68
300946.SZ,20230822,34.23,34.57,33.28,34.47,11689.78,39465.282
300947.SZ,20230822,16.14,16.35,15.7,16.0,32082.74,51133.187
300948.SZ,20230822,15.61,15.66,14.9,15.48,74312.08,113299.354
300949.SZ,20230822,40.0,41.08,39.46,41.07,17050.0,68999.596
300950.SZ,20230822,19.69,19.69,18.99,19.43,17916.5,34579.965
300951.SZ,20230822,45.81,46.3,45.16,46.2,5489.97,25101.466
300952.SZ,20230822,19.74,19.84,19.17,19.59,13719.29,26646.414
300953.SZ,20230822,65.17,66.0,61.68,62.33,10797.47,67966.099
300955.SZ,20230822,21.45,21.52,20.46,21.01,11464.76,23895.231
300956.SZ,20230822,16.03,16.17,15.16,15.54,24416.0,37937.961
300957.SZ,20230822,98.53,99.55,92.91,94.2,33298.76,317069.013
300958.SZ,20230822,22.11,22.26,21.11,21.4,226654.11,488322.261
300959.SZ,20230822,36.56,38.95,36.5,38.76,40859.18,155305.07
300960.SZ,20230822,22.99,23.77,22.14,22.95,77138.71,175964.873
300961.SZ,20230822,11.61,11.65,11.2,11.53,62073.94,70877.021
300962.SZ,20230822,17.16,17.5,17.0,17.43,19883.66,34327.642
300963.SZ,20230822,12.6,12.71,12.22,12.54,25443.65,31640.34
300964.SZ,20230822,42.65,43.2,41.46,42.96,20739.34,88076.745
302132.SZ,20230822,47.04,47.84,46.8,47.6,86266.96,408417.315
